kind,variable,sigma,onset,seed,episode_id,sign,n_modified,detected,detected_onset,detected_persistent,row_rate,row_rate_persistent,mean_score,mean_thr,margin,clean_mean_score,score_delta
bias,temp_c,0.5,step,11,0,-1.0,16,True,False,True,0.125,0.13333333333333333,0.4706944032681902,0.5040568692368923,-0.03336246596870208,0.46908258884191023,0.001611814426279945
bias,temp_c,0.5,step,11,1,1.0,16,True,False,True,0.125,0.13333333333333333,0.4489802827377517,0.4779238974241704,-0.02894361468641869,0.44347886160902267,0.005501421128729034
bias,temp_c,0.5,step,11,2,-1.0,16,True,False,True,0.25,0.26666666666666666,0.45044186931129665,0.4736183223823299,-0.023176453071033234,0.4432288824703013,0.007212986840995361
bias,temp_c,0.5,step,11,3,-1.0,16,True,False,True,0.0625,0.06666666666666667,0.44234172055903886,0.47605285204005,-0.033711131481011083,0.4388890099024124,0.0034527106566264454
bias,temp_c,0.5,step,11,4,1.0,16,True,False,True,0.375,0.4,0.4909271678392388,0.4966244472536973,-0.00569727941445854,0.47498784291691387,0.015939324922324916
bias,temp_c,0.5,step,11,5,-1.0,16,True,False,True,0.0625,0.06666666666666667,0.4856554715141033,0.5383310374495586,-0.05267556593545529,0.47694015173830756,0.00871531977579576
bias,temp_c,0.5,step,11,6,1.0,16,False,False,False,0.0,0.0,0.4403596500081005,0.483719109366442,-0.04335945935834144,0.4316998265866496,0.008659823421450885
bias,temp_c,0.5,step,11,7,-1.0,16,True,False,True,0.1875,0.2,0.5099945950255984,0.5344219034572306,-0.024427308431632256,0.5007710435850634,0.009223551440534994
bias,temp_c,0.5,step,11,8,1.0,16,False,False,False,0.0,0.0,0.44388331183259233,0.5090758389490029,-0.06519252711641062,0.44324309376493426,0.0006402180676580715
bias,temp_c,0.5,step,11,9,1.0,16,True,True,True,0.25,0.2,0.4826684494152081,0.5293815861983152,-0.04671313678310712,0.468029067524055,0.014639381891153103
bias,temp_c,0.5,step,22,0,-1.0,16,True,True,True,0.3125,0.26666666666666666,0.49728265970734764,0.5088785421330473,-0.011595882425699654,0.48675992460065864,0.010522735106688996
bias,temp_c,0.5,step,22,1,-1.0,16,True,False,True,0.3125,0.3333333333333333,0.4895874995674117,0.5224584185924743,-0.0328709190250626,0.47855752527307793,0.011029974294333778
bias,temp_c,0.5,step,22,2,-1.0,16,True,False,True,0.0625,0.06666666666666667,0.4581050964594614,0.5038779165955081,-0.04577282013604671,0.4536465553984672,0.004458541060994192
bias,temp_c,0.5,step,22,3,1.0,16,False,False,False,0.0,0.0,0.43780250984313346,0.49099593146562176,-0.05319342162248829,0.4352853165528207,0.002517193290312747
bias,temp_c,0.5,step,22,4,-1.0,16,False,False,False,0.0,0.0,0.4558782405855099,0.5206900721197503,-0.0648118315342403,0.4556708787862386,0.0002073617992713328
bias,temp_c,0.5,step,22,5,1.0,16,True,False,True,0.0625,0.06666666666666667,0.4742755617690454,0.5087265132507486,-0.0344509514817032,0.4565483047573987,0.01772725701164668
bias,temp_c,0.5,step,22,6,-1.0,16,False,False,False,0.0,0.0,0.4288806854221645,0.4902741800861501,-0.06139349466398562,0.4229484560742219,0.00593222934794263
bias,temp_c,0.5,step,22,7,-1.0,16,True,False,True,0.0625,0.06666666666666667,0.47395055074498704,0.510678888106147,-0.036728337361160004,0.46203802078262435,0.011912529962362695
bias,temp_c,0.5,step,22,8,1.0,16,False,False,False,0.0,0.0,0.4229315694197583,0.48871030756825806,-0.06577873814849974,0.4201510020712498,0.0027805673485085114
bias,temp_c,0.5,step,22,9,-1.0,16,False,False,False,0.0,0.0,0.4524882400184663,0.48757886418933916,-0.03509062417087282,0.4515942913320037,0.0008939486864626423
bias,temp_c,0.5,step,33,0,-1.0,16,True,False,True,0.0625,0.06666666666666667,0.4905150050807103,0.539594948213722,-0.04907994313301176,0.47727802214991255,0.013236982930797725
bias,temp_c,0.5,step,33,1,1.0,16,True,True,True,0.4375,0.4,0.5247019040913792,0.5297567216183692,-0.0050548175269899374,0.5081715690938567,0.016530334997522433
bias,temp_c,0.5,step,33,2,1.0,16,False,False,False,0.0,0.0,0.4310039741587447,0.47799149837311017,-0.04698752421436543,0.4301689051955818,0.0008350689631628772
bias,temp_c,0.5,step,33,3,1.0,16,False,False,False,0.0,0.0,0.4745036571009815,0.5277049050863645,-0.05320124798538308,0.45783386089320444,0.016669796207777088
bias,temp_c,0.5,step,33,4,-1.0,16,True,False,True,0.25,0.26666666666666666,0.4693374191638495,0.4853949988725892,-0.01605757970873963,0.4623348145271013,0.007002604636748233
bias,temp_c,0.5,step,33,5,-1.0,16,True,False,True,0.0625,0.06666666666666667,0.45932929254579,0.49132441206707245,-0.03199511952128241,0.4516644549528264,0.0076648375929636026
bias,temp_c,0.5,step,33,6,-1.0,16,True,False,True,0.0625,0.06666666666666667,0.4664076248185795,0.5199613775314152,-0.05355375271283573,0.4696144774912747,-0.003206852672695215
bias,temp_c,0.5,step,33,7,-1.0,16,True,True,False,0.0625,0.0,0.46623456456983625,0.5135749484511052,-0.04734038388126888,0.45294550883961276,0.013289055730223487
bias,temp_c,0.5,step,33,8,1.0,16,True,False,True,0.25,0.26666666666666666,0.48786964446946024,0.5097253041502566,-0.021855659680796315,0.4670481135633145,0.020821530906145747
bias,temp_c,0.5,step,33,9,-1.0,16,True,True,True,0.1875,0.13333333333333333,0.46562973873412605,0.489604598222643,-0.023974859488516877,0.45982934425359745,0.005800394480528603
bias,temp_c,0.5,ramp,11,0,-1.0,16,True,False,True,0.125,0.16666666666666666,0.4708286432498311,0.5029580650006991,-0.032129421750868095,0.46908258884191023,0.0017460544079208606
bias,temp_c,0.5,ramp,11,1,1.0,16,True,True,True,0.125,0.08333333333333333,0.44797818577978554,0.4779238974241704,-0.029945711644384868,0.44347886160902267,0.004499324170762875
bias,temp_c,0.5,ramp,11,2,-1.0,16,True,True,True,0.25,0.25,0.45000185218367317,0.4732047570863738,-0.023202904902700543,0.4432288824703013,0.006772969713371879
bias,temp_c,0.5,ramp,11,3,-1.0,16,True,False,True,0.0625,0.08333333333333333,0.4428823346485169,0.4760783513141402,-0.033196016665623385,0.4388890099024124,0.003993324746104476
bias,temp_c,0.5,ramp,11,4,1.0,16,True,True,True,0.375,0.4166666666666667,0.4902117114463141,0.4966663272794298,-0.006454615833115653,0.47498784291691387,0.01522386852940022
bias,temp_c,0.5,ramp,11,5,-1.0,16,False,False,False,0.0,0.0,0.4851588433270989,0.5380582013202202,-0.05289935799312126,0.47694015173830756,0.00821869158879135
bias,temp_c,0.5,ramp,11,6,1.0,16,False,False,False,0.0,0.0,0.44047206344673495,0.483719109366442,-0.04324704591970705,0.4316998265866496,0.008772236860085325
bias,temp_c,0.5,ramp,11,7,-1.0,16,True,False,True,0.1875,0.25,0.5123433054826418,0.5344219034572306,-0.022078597974588842,0.5007710435850634,0.011572261897578429
bias,temp_c,0.5,ramp,11,8,1.0,16,False,False,False,0.0,0.0,0.4436747017250423,0.5090758389490029,-0.06540113722396065,0.44324309376493426,0.00043160796010804914
bias,temp_c,0.5,ramp,11,9,1.0,16,True,False,True,0.1875,0.25,0.47845641831030594,0.5279538999610438,-0.04949748165073793,0.468029067524055,0.010427350786250955
bias,temp_c,0.5,ramp,22,0,-1.0,16,True,True,True,0.25,0.16666666666666666,0.4944269620523791,0.5084735702942729,-0.014046608241893733,0.48675992460065864,0.007667037451720482
bias,temp_c,0.5,ramp,22,1,-1.0,16,True,False,True,0.3125,0.4166666666666667,0.4894560581296608,0.5222334674574438,-0.03277740932778306,0.47855752527307793,0.010898532856582877
bias,temp_c,0.5,ramp,22,2,-1.0,16,True,True,False,0.0625,0.0,0.45697612940513144,0.5038779165955081,-0.04690178719037659,0.4536465553984672,0.0033295740066642265
bias,temp_c,0.5,ramp,22,3,1.0,16,False,False,False,0.0,0.0,0.4379275672117502,0.49099593146562176,-0.05306836425387154,0.4352853165528207,0.002642250658929479
bias,temp_c,0.5,ramp,22,4,-1.0,16,False,False,False,0.0,0.0,0.4538223120805346,0.5206900721197503,-0.06686776003921557,0.4556708787862386,-0.0018485667057039912
bias,temp_c,0.5,ramp,22,5,1.0,16,True,False,True,0.0625,0.08333333333333333,0.47328535187401566,0.5087265132507486,-0.035441161376732935,0.4565483047573987,0.016737047116616943
bias,temp_c,0.5,ramp,22,6,-1.0,16,False,False,False,0.0,0.0,0.4258848295737969,0.4902741800861501,-0.06438935051235324,0.4229484560742219,0.00293637349957504
bias,temp_c,0.5,ramp,22,7,-1.0,16,True,True,False,0.0625,0.0,0.47298559772110904,0.510678888106147,-0.03769329038503805,0.46203802078262435,0.010947576938484693
bias,temp_c,0.5,ramp,22,8,1.0,16,False,False,False,0.0,0.0,0.4228721057144282,0.48871030756825806,-0.06583820185382983,0.4201510020712498,0.002721103643178402
bias,temp_c,0.5,ramp,22,9,-1.0,16,False,False,False,0.0,0.0,0.45161972966169606,0.48757886418933916,-0.03595913452764313,0.4515942913320037,2.543832969237325e-05
bias,temp_c,0.5,ramp,33,0,-1.0,16,True,False,True,0.0625,0.08333333333333333,0.4881989117989327,0.5392599946938816,-0.05106108289494894,0.47727802214991255,0.01092088964902016
bias,temp_c,0.5,ramp,33,1,1.0,16,True,False,True,0.375,0.5,0.5226618055707954,0.5292513271154391,-0.006589521544643574,0.5081715690938567,0.0144902364769387
bias,temp_c,0.5,ramp,33,2,1.0,16,False,False,False,0.0,0.0,0.4310802901202925,0.47799149837311017,-0.046911208252817665,0.4301689051955818,0.0009113849247106565
bias,temp_c,0.5,ramp,33,3,1.0,16,False,False,False,0.0,0.0,0.47218896730591137,0.5277049050863645,-0.05551593778045319,0.45783386089320444,0.01435510641270693
bias,temp_c,0.5,ramp,33,4,-1.0,16,True,False,True,0.25,0.3333333333333333,0.4663144557573951,0.4853949988725892,-0.019080543115194026,0.4623348145271013,0.003979641230293818
bias,temp_c,0.5,ramp,33,5,-1.0,16,True,False,True,0.0625,0.08333333333333333,0.4609340522449813,0.49132441206707245,-0.030390359822091116,0.4516644549528264,0.009269597292154874
bias,temp_c,0.5,ramp,33,6,-1.0,16,True,False,True,0.0625,0.08333333333333333,0.46839845044223194,0.5199613775314152,-0.05156292708918329,0.4696144774912747,-0.0012160270490427783
bias,temp_c,0.5,ramp,33,7,-1.0,16,False,False,False,0.0,0.0,0.4637894302277822,0.511825752844037,-0.04803632261625479,0.45294550883961276,0.01084392138816942
bias,temp_c,0.5,ramp,33,8,1.0,16,True,True,True,0.25,0.16666666666666666,0.48858415753099016,0.5091702083171626,-0.020586050786172427,0.4670481135633145,0.021536043967675667
bias,temp_c,0.5,ramp,33,9,-1.0,16,True,True,False,0.125,0.0,0.46418522211057484,0.48620126565097843,-0.02201604354040363,0.45982934425359745,0.004355877856977386
bias,temp_c,1.0,step,11,0,-1.0,16,True,True,True,0.3125,0.26666666666666666,0.486500765864993,0.5070135519224559,-0.020512786057462908,0.46908258884191023,0.017418177023082793
bias,temp_c,1.0,step,11,1,1.0,16,True,False,True,0.125,0.13333333333333333,0.4567897082120377,0.47956981308870095,-0.022780104876663303,0.44347886160902267,0.013310846603015014
bias,temp_c,1.0,step,11,2,-1.0,16,True,False,True,0.3125,0.3333333333333333,0.4603965404281255,0.4742156811758713,-0.013819140747745831,0.4432288824703013,0.01716765795782421
bias,temp_c,1.0,step,11,3,-1.0,16,True,False,True,0.125,0.13333333333333333,0.45031636968422784,0.4781758572565462,-0.02785948757231834,0.4388890099024124,0.011427359781815416
bias,temp_c,1.0,step,11,4,1.0,16,True,False,True,0.5625,0.6,0.5034634611716073,0.4982393511856051,0.005224109986002378,0.47498784291691387,0.02847561825469347
bias,temp_c,1.0,step,11,5,-1.0,16,False,False,False,0.0,0.0,0.497777729754085,0.5390077955422508,-0.04123006578816568,0.47694015173830756,0.020837578015777458
bias,temp_c,1.0,step,11,6,1.0,16,False,False,False,0.0,0.0,0.455575813068964,0.48378796047162564,-0.028212147402661668,0.4316998265866496,0.02387598648231437
bias,temp_c,1.0,step,11,7,-1.0,16,True,False,True,0.25,0.26666666666666666,0.5227826802414777,0.5350284302447709,-0.012245750003293143,0.5007710435850634,0.022011636656414257
bias,temp_c,1.0,step,11,8,1.0,16,False,False,False,0.0,0.0,0.4580777953954594,0.5090758389490029,-0.05099804355354355,0.44324309376493426,0.014834701630525138
bias,temp_c,1.0,step,11,9,1.0,16,True,True,True,0.25,0.2,0.49429896644130644,0.5294857761120564,-0.03518680967074999,0.468029067524055,0.026269898917251455
bias,temp_c,1.0,step,22,0,-1.0,16,True,True,True,0.5,0.4666666666666667,0.51052858370992,0.5132226398307715,-0.0026940561208514853,0.48675992460065864,0.023768659109261403
bias,temp_c,1.0,step,22,1,-1.0,16,True,True,True,0.375,0.3333333333333333,0.5038766582086774,0.5246404163668612,-0.02076375815818382,0.47855752527307793,0.02531913293559951
bias,temp_c,1.0,step,22,2,-1.0,16,True,False,True,0.125,0.13333333333333333,0.46768574031232635,0.5038779165955081,-0.03619217628318169,0.4536465553984672,0.014039184913859137
bias,temp_c,1.0,step,22,3,1.0,16,False,False,False,0.0,0.0,0.4438709242102069,0.49099593146562176,-0.04712500725541481,0.4352853165528207,0.008585607657386196
bias,temp_c,1.0,step,22,4,-1.0,16,False,False,False,0.0,0.0,0.4628750948499192,0.5206900721197503,-0.057814977269831036,0.4556708787862386,0.007204216063680602
bias,temp_c,1.0,step,22,5,1.0,16,True,True,True,0.125,0.06666666666666667,0.48635367271892604,0.5094534004691587,-0.023099727750232685,0.4565483047573987,0.02980536796152733
bias,temp_c,1.0,step,22,6,-1.0,16,False,False,False,0.0,0.0,0.44008339254212747,0.4902741800861501,-0.05019078754402266,0.4229484560742219,0.017134936467905593
bias,temp_c,1.0,step,22,7,-1.0,16,True,False,True,0.125,0.13333333333333333,0.48364376386920604,0.5111014604337869,-0.027457696564580917,0.46203802078262435,0.021605743086581697
bias,temp_c,1.0,step,22,8,1.0,16,False,False,False,0.0,0.0,0.4353713073982244,0.48952331524568954,-0.0541520078474652,0.4201510020712498,0.015220305326974604
bias,temp_c,1.0,step,22,9,-1.0,16,False,False,False,0.0,0.0,0.4615376940323721,0.4880942435286,-0.026556549496227853,0.4515942913320037,0.00994340270036842
bias,temp_c,1.0,step,33,0,-1.0,16,True,False,True,0.0625,0.06666666666666667,0.5055504630036164,0.5409328602235497,-0.03538239721993334,0.47727802214991255,0.02827244085370384
bias,temp_c,1.0,step,33,1,1.0,16,True,True,True,0.4375,0.4,0.5352573335207792,0.5291735463649747,0.006083787155804456,0.5081715690938567,0.027085764426922454
bias,temp_c,1.0,step,33,2,1.0,16,False,False,False,0.0,0.0,0.4366028062685565,0.47799149837311017,-0.04138869210455368,0.4301689051955818,0.0064339010729747015
bias,temp_c,1.0,step,33,3,1.0,16,False,False,False,0.0,0.0,0.4861795619474549,0.5279851138874924,-0.04180555194003749,0.45783386089320444,0.02834570105425044
bias,temp_c,1.0,step,33,4,-1.0,16,True,False,True,0.375,0.4,0.4818086174262286,0.4863938235970628,-0.004585206170834171,0.4623348145271013,0.019473802899127313
bias,temp_c,1.0,step,33,5,-1.0,16,True,False,True,0.0625,0.06666666666666667,0.46795409634243257,0.49132441206707245,-0.023370315724639854,0.4516644549528264,0.016289641389606146
bias,temp_c,1.0,step,33,6,-1.0,16,True,False,True,0.0625,0.06666666666666667,0.47115367283773746,0.5200350171761141,-0.04888134433837665,0.4696144774912747,0.0015391953464627406
bias,temp_c,1.0,step,33,7,-1.0,16,True,True,True,0.125,0.06666666666666667,0.4824686395346985,0.5146902233687658,-0.03222158383406731,0.45294550883961276,0.02952313069508572
bias,temp_c,1.0,step,33,8,1.0,16,True,False,True,0.25,0.26666666666666666,0.4990469322229064,0.511916153660207,-0.012869221437300609,0.4670481135633145,0.03199881865959192
bias,temp_c,1.0,step,33,9,-1.0,16,True,True,True,0.25,0.2,0.47299327467983077,0.48836597303007956,-0.015372698350248879,0.45982934425359745,0.013163930426233317
bias,temp_c,1.0,ramp,11,0,-1.0,16,True,False,True,0.25,0.3333333333333333,0.4839074298434959,0.5046596204799145,-0.02075219063641867,0.46908258884191023,0.014824841001585654
bias,temp_c,1.0,ramp,11,1,1.0,16,True,True,True,0.125,0.08333333333333333,0.45460967992172074,0.47956981308870095,-0.024960133166980203,0.44347886160902267,0.011130818312698076
bias,temp_c,1.0,ramp,11,2,-1.0,16,True,True,True,0.3125,0.3333333333333333,0.45817322184721704,0.4757825978446431,-0.01760937599742609,0.4432288824703013,0.01494433937691575
bias,temp_c,1.0,ramp,11,3,-1.0,16,True,False,True,0.125,0.16666666666666666,0.4499009329758778,0.4779617517451591,-0.02806081876928126,0.4388890099024124,0.01101192307346538
bias,temp_c,1.0,ramp,11,4,1.0,16,True,True,True,0.5625,0.5833333333333334,0.5029271807054331,0.49852767845265566,0.004399502252777462,0.47498784291691387,0.027939337788519203
bias,temp_c,1.0,ramp,11,5,-1.0,16,False,False,False,0.0,0.0,0.4960098212869746,0.5388367567854299,-0.04282693549845533,0.47694015173830756,0.019069669548667012
bias,temp_c,1.0,ramp,11,6,1.0,16,False,False,False,0.0,0.0,0.45405390615244934,0.4840063318804928,-0.02995242572804341,0.4316998265866496,0.02235407956579971
bias,temp_c,1.0,ramp,11,7,-1.0,16,True,True,True,0.25,0.25,0.5269741207613918,0.5350284302447709,-0.008054309483379027,0.5007710435850634,0.026203077176328415
bias,temp_c,1.0,ramp,11,8,1.0,16,False,False,False,0.0,0.0,0.4572724478991494,0.5090758389490029,-0.05180339104985353,0.44324309376493426,0.014029354134215133
bias,temp_c,1.0,ramp,11,9,1.0,16,True,False,True,0.1875,0.25,0.48831608239776536,0.5289631606233233,-0.040647078225557916,0.468029067524055,0.020287014873710374
bias,temp_c,1.0,ramp,22,0,-1.0,16,True,True,True,0.4375,0.3333333333333333,0.5076598797261256,0.5116057184271766,-0.003945838701050947,0.48675992460065864,0.02089995512546694
bias,temp_c,1.0,ramp,22,1,-1.0,16,True,False,True,0.3125,0.4166666666666667,0.503957557656638,0.5230229907961672,-0.019065433139529093,0.47855752527307793,0.025400032383560034
bias,temp_c,1.0,ramp,22,2,-1.0,16,True,True,True,0.125,0.08333333333333333,0.4639245262732764,0.5038779165955081,-0.03995339032223167,0.4536465553984672,0.010277970874809195
bias,temp_c,1.0,ramp,22,3,1.0,16,False,False,False,0.0,0.0,0.4436030819853458,0.49099593146562176,-0.04739284948027589,0.4352853165528207,0.008317765432525104
bias,temp_c,1.0,ramp,22,4,-1.0,16,False,False,False,0.0,0.0,0.4588509810066238,0.5206900721197503,-0.061839091113126354,0.4556708787862386,0.003180102220385228
bias,temp_c,1.0,ramp,22,5,1.0,16,True,False,True,0.0625,0.08333333333333333,0.4819245882564893,0.5087265132507486,-0.026801924994259256,0.4565483047573987,0.0253762834990906
bias,temp_c,1.0,ramp,22,6,-1.0,16,False,False,False,0.0,0.0,0.4348602450525556,0.4902741800861501,-0.055413935033594534,0.4229484560742219,0.011911788978333726
bias,temp_c,1.0,ramp,22,7,-1.0,16,True,True,True,0.125,0.08333333333333333,0.48274476612844425,0.510678888106147,-0.02793412197770285,0.46203802078262435,0.0207067453458199
bias,temp_c,1.0,ramp,22,8,1.0,16,False,False,False,0.0,0.0,0.433371927805027,0.48952331524568954,-0.05615138744066257,0.4201510020712498,0.0132209257337772
bias,temp_c,1.0,ramp,22,9,-1.0,16,False,False,False,0.0,0.0,0.45674837871695695,0.4880942435286,-0.03134586481164302,0.4515942913320037,0.005154087384953265
bias,temp_c,1.0,ramp,33,0,-1.0,16,True,False,True,0.0625,0.08333333333333333,0.5010528272329923,0.5409328602235497,-0.03988003299055751,0.47727802214991255,0.02377480508307972
bias,temp_c,1.0,ramp,33,1,1.0,16,True,False,True,0.375,0.5,0.5347559469773022,0.5291533605427363,0.005602586434565949,0.5081715690938567,0.026584377883445476
bias,temp_c,1.0,ramp,33,2,1.0,16,False,False,False,0.0,0.0,0.43691036165848196,0.47799149837311017,-0.04108113671462825,0.4301689051955818,0.006741456462900142
bias,temp_c,1.0,ramp,33,3,1.0,16,False,False,False,0.0,0.0,0.4828553160915252,0.5279851138874924,-0.045129797795967125,0.45783386089320444,0.025021455198320774
bias,temp_c,1.0,ramp,33,4,-1.0,16,True,False,True,0.375,0.5,0.47474601623743834,0.4862080356192957,-0.011462019381857359,0.4623348145271013,0.01241120171033705
bias,temp_c,1.0,ramp,33,5,-1.0,16,True,False,True,0.0625,0.08333333333333333,0.46964404676527355,0.4913806638175856,-0.021736617052312026,0.4516644549528264,0.017979591812447127
bias,temp_c,1.0,ramp,33,6,-1.0,16,True,False,True,0.0625,0.08333333333333333,0.47495885906584084,0.5200350171761141,-0.04507615811027326,0.4696144774912747,0.005344381574566126
bias,temp_c,1.0,ramp,33,7,-1.0,16,True,True,False,0.0625,0.0,0.47894802677069415,0.5146909386021248,-0.03574291183143054,0.45294550883961276,0.02600251793108138
bias,temp_c,1.0,ramp,33,8,1.0,16,True,True,True,0.25,0.16666666666666666,0.4977259423873303,0.511916153660207,-0.014190211272876816,0.4670481135633145,0.030677828824015818
bias,temp_c,1.0,ramp,33,9,-1.0,16,True,True,True,0.125,0.08333333333333333,0.47125090281128224,0.4857265820155817,-0.014475679204299527,0.45982934425359745,0.011421558557684786
bias,temp_c,1.5,step,11,0,-1.0,16,True,True,True,0.4375,0.4,0.5006630941425806,0.5075011134197824,-0.00683801927720179,0.46908258884191023,0.03158050530067036
bias,temp_c,1.5,step,11,1,1.0,16,True,False,True,0.125,0.13333333333333333,0.46451150233009847,0.4797701090654702,-0.015258606735371702,0.44347886160902267,0.0210326407210758
bias,temp_c,1.5,step,11,2,-1.0,16,True,True,True,0.375,0.3333333333333333,0.46804802377365684,0.4757837385956536,-0.007735714821996732,0.4432288824703013,0.024819141303355552
bias,temp_c,1.5,step,11,3,-1.0,16,True,False,True,0.1875,0.2,0.45823681762082213,0.47853079113294683,-0.02029397351212473,0.4388890099024124,0.019347807718409715
bias,temp_c,1.5,step,11,4,1.0,16,True,False,True,0.5625,0.6,0.5081251619464568,0.49865340513909046,0.009471756807366363,0.47498784291691387,0.03313731902954298
bias,temp_c,1.5,step,11,5,-1.0,16,True,False,True,0.0625,0.06666666666666667,0.5071018728823831,0.540140504623677,-0.033038631741293956,0.47694015173830756,0.030161721144075504
bias,temp_c,1.5,step,11,6,1.0,16,False,False,False,0.0,0.0,0.46451817133041706,0.4838802693842038,-0.019362098053786737,0.4316998265866496,0.032818344743767436
bias,temp_c,1.5,step,11,7,-1.0,16,True,False,True,0.3125,0.3333333333333333,0.5315171220027349,0.5352668578175976,-0.003749735814862612,0.5007710435850634,0.03074607841767152
bias,temp_c,1.5,step,11,8,1.0,16,True,False,True,0.0625,0.06666666666666667,0.47018624740186976,0.5090758389490029,-0.03888959154713316,0.44324309376493426,0.026943153636935502
bias,temp_c,1.5,step,11,9,1.0,16,True,True,True,0.25,0.2,0.4990349991230171,0.5315915891198811,-0.03255658999686409,0.468029067524055,0.03100593159896209
bias,temp_c,1.5,step,22,0,-1.0,16,True,True,True,0.5,0.4666666666666667,0.5207958557798997,0.5139645959357129,0.006831259844186949,0.48675992460065864,0.034035931179241086
bias,temp_c,1.5,step,22,1,-1.0,16,True,True,True,0.4375,0.4,0.5160286545785244,0.5248634334067511,-0.008834778828226753,0.47855752527307793,0.03747112930544649
bias,temp_c,1.5,step,22,2,-1.0,16,True,False,True,0.125,0.13333333333333333,0.479421182123094,0.5038779165955081,-0.024456734472414032,0.4536465553984672,0.02577462672462677
bias,temp_c,1.5,step,22,3,1.0,16,False,False,False,0.0,0.0,0.4526673086683602,0.49099593146562176,-0.03832862279726153,0.4352853165528207,0.01738199211553948
bias,temp_c,1.5,step,22,4,-1.0,16,True,False,True,0.0625,0.06666666666666667,0.4734564335256699,0.5223866336133831,-0.04893020008771323,0.4556708787862386,0.01778555473943133
bias,temp_c,1.5,step,22,5,1.0,16,True,True,True,0.1875,0.13333333333333333,0.4915728467525974,0.5096367273205137,-0.01806388056791629,0.4565483047573987,0.035024541995198666
bias,temp_c,1.5,step,22,6,-1.0,16,True,True,False,0.0625,0.0,0.4503460030531746,0.4919653896969222,-0.04161938664374752,0.4229484560742219,0.027397546978952747
bias,temp_c,1.5,step,22,7,-1.0,16,True,False,True,0.125,0.13333333333333333,0.493022867046226,0.5123142568410699,-0.019291389794843933,0.46203802078262435,0.03098484626360165
bias,temp_c,1.5,step,22,8,1.0,16,True,True,True,0.125,0.06666666666666667,0.4503518592890879,0.49213402666295175,-0.04178216737386387,0.4201510020712498,0.030200857217838106
bias,temp_c,1.5,step,22,9,-1.0,16,False,False,False,0.0,0.0,0.4749545385480115,0.4903024467583096,-0.015347908210298026,0.4515942913320037,0.023360247216007823
bias,temp_c,1.5,step,33,0,-1.0,16,True,False,True,0.1875,0.2,0.513949257672867,0.5425907283928529,-0.028641470719985917,0.47727802214991255,0.03667123552295448
bias,temp_c,1.5,step,33,1,1.0,16,True,True,True,0.4375,0.4,0.5393372031787096,0.5294086425297401,0.009928560648969478,0.5081715690938567,0.031165634084852845
bias,temp_c,1.5,step,33,2,1.0,16,False,False,False,0.0,0.0,0.44484881912289753,0.47799149837311017,-0.033142679250212664,0.4301689051955818,0.014679913927315713
bias,temp_c,1.5,step,33,3,1.0,16,True,False,True,0.0625,0.06666666666666667,0.49235131500192136,0.531804928241246,-0.039453613239324704,0.45783386089320444,0.03451745410871693
bias,temp_c,1.5,step,33,4,-1.0,16,True,True,True,0.5,0.4666666666666667,0.49255083435647723,0.4879552828157515,0.004595551540725724,0.4623348145271013,0.03021601982937594
bias,temp_c,1.5,step,33,5,-1.0,16,True,False,True,0.1875,0.2,0.475794450621125,0.4972915083767041,-0.02149705775557911,0.4516644549528264,0.0241299956682986
bias,temp_c,1.5,step,33,6,-1.0,16,True,False,True,0.125,0.13333333333333333,0.4817062350164558,0.5204360209057375,-0.03872978588928156,0.4696144774912747,0.012091757525181102
bias,temp_c,1.5,step,33,7,-1.0,16,True,True,True,0.125,0.06666666666666667,0.4917267104975202,0.5161742042936202,-0.024447493796099937,0.45294550883961276,0.03878120165790744
bias,temp_c,1.5,step,33,8,1.0,16,True,False,True,0.25,0.26666666666666666,0.5021675477489123,0.5145665907728962,-0.012399043023984008,0.4670481135633145,0.035119434185597764
bias,temp_c,1.5,step,33,9,-1.0,16,True,True,True,0.3125,0.26666666666666666,0.4806145814065622,0.4903105205950731,-0.009695939188510878,0.45982934425359745,0.020785237152964764
bias,temp_c,1.5,ramp,11,0,-1.0,16,True,False,True,0.375,0.5,0.49788675477777466,0.5056978766458667,-0.007811121868092141,0.46908258884191023,0.028804165935864434
bias,temp_c,1.5,ramp,11,1,1.0,16,True,True,True,0.125,0.08333333333333333,0.46206943231801323,0.4803555813203969,-0.018286149002383623,0.44347886160902267,0.01859057070899056
bias,temp_c,1.5,ramp,11,2,-1.0,16,True,True,True,0.3125,0.3333333333333333,0.464477622389689,0.47709369497636367,-0.012616072586674677,0.4432288824703013,0.021248739919387694
bias,temp_c,1.5,ramp,11,3,-1.0,16,True,False,True,0.1875,0.25,0.4563032928163708,0.4786956124781,-0.022392319661729224,0.4388890099024124,0.017414282913958357
bias,temp_c,1.5,ramp,11,4,1.0,16,True,True,True,0.5625,0.5833333333333334,0.5089534884235511,0.49918538786726907,0.009768100556281998,0.47498784291691387,0.033965645506637276
bias,temp_c,1.5,ramp,11,5,-1.0,16,False,False,False,0.0,0.0,0.5029243414852032,0.5388367567854299,-0.03591241530022673,0.47694015173830756,0.025984189746895592
bias,temp_c,1.5,ramp,11,6,1.0,16,True,True,False,0.0625,0.0,0.4650956301107183,0.484949219473177,-0.01985358936245869,0.4316998265866496,0.03339580352406868
bias,temp_c,1.5,ramp,11,7,-1.0,16,True,True,True,0.25,0.25,0.534874971443267,0.5358512768668588,-0.0009763054235917626,0.5007710435850634,0.0341039278582036
bias,temp_c,1.5,ramp,11,8,1.0,16,True,False,True,0.0625,0.08333333333333333,0.4681372984461173,0.5090758389490029,-0.04093854050288567,0.44324309376493426,0.02489420468118303
bias,temp_c,1.5,ramp,11,9,1.0,16,True,False,True,0.1875,0.25,0.4916318175448824,0.5305639820694292,-0.03893216452454673,0.468029067524055,0.0236027500208274
bias,temp_c,1.5,ramp,22,0,-1.0,16,True,True,True,0.4375,0.3333333333333333,0.5179562478131094,0.5116066105782784,0.006349637234831104,0.48675992460065864,0.031196323212450805
bias,temp_c,1.5,ramp,22,1,-1.0,16,True,False,True,0.4375,0.5833333333333334,0.5166403988133148,0.5237059444213936,-0.0070655456080788645,0.47855752527307793,0.03808287354023687
bias,temp_c,1.5,ramp,22,2,-1.0,16,True,True,True,0.125,0.08333333333333333,0.4739452388872861,0.5038779165955081,-0.02993267770822196,0.4536465553984672,0.020298683488818914
bias,temp_c,1.5,ramp,22,3,1.0,16,False,False,False,0.0,0.0,0.45229609944262733,0.49099593146562176,-0.03869983202299444,0.4352853165528207,0.01701078288980662
bias,temp_c,1.5,ramp,22,4,-1.0,16,True,False,True,0.0625,0.08333333333333333,0.4679796820102383,0.5223866336133831,-0.05440695160314478,0.4556708787862386,0.012308803223999742
bias,temp_c,1.5,ramp,22,5,1.0,16,True,False,True,0.1875,0.25,0.4892617039851752,0.5095922584130214,-0.0203305544278461,0.4565483047573987,0.032713399227776496
bias,temp_c,1.5,ramp,22,6,-1.0,16,False,False,False,0.0,0.0,0.4441179035299516,0.4902741800861501,-0.0461562765561985,0.4229484560742219,0.02116944745572974
bias,temp_c,1.5,ramp,22,7,-1.0,16,True,True,True,0.1875,0.08333333333333333,0.4918466167120048,0.5117638006824838,-0.01991718397047899,0.46203802078262435,0.029808595929380455
bias,temp_c,1.5,ramp,22,8,1.0,16,True,False,True,0.0625,0.08333333333333333,0.44513845085044024,0.4899980437197052,-0.04485959286926492,0.4201510020712498,0.024987448779190458
bias,temp_c,1.5,ramp,22,9,-1.0,16,False,False,False,0.0,0.0,0.4658194374791349,0.4882462223472678,-0.022426784868132897,0.4515942913320037,0.014225146147131218
bias,temp_c,1.5,ramp,33,0,-1.0,16,True,False,True,0.1875,0.25,0.5096141534750842,0.5416500338672234,-0.03203588039213943,0.47727802214991255,0.03233613132517166
bias,temp_c,1.5,ramp,33,1,1.0,16,True,True,True,0.5,0.5,0.5406076152084627,0.5304794887681701,0.010128126440292685,0.5081715690938567,0.03243604611460593
bias,temp_c,1.5,ramp,33,2,1.0,16,False,False,False,0.0,0.0,0.44362517513122224,0.47799149837311017,-0.0343663232418879,0.4301689051955818,0.01345626993564042
bias,temp_c,1.5,ramp,33,3,1.0,16,True,False,True,0.0625,0.08333333333333333,0.48910873319932185,0.5281137737135195,-0.03900504051419763,0.45783386089320444,0.03127487230611742
bias,temp_c,1.5,ramp,33,4,-1.0,16,True,False,True,0.4375,0.5833333333333334,0.48298360795353584,0.4865223499370819,-0.0035387419835459996,0.4623348145271013,0.020648793426434553
bias,temp_c,1.5,ramp,33,5,-1.0,16,True,True,True,0.25,0.25,0.47615670852036207,0.49619521474657247,-0.020038506226210433,0.4516644549528264,0.02449225356753565
bias,temp_c,1.5,ramp,33,6,-1.0,16,True,False,True,0.125,0.16666666666666666,0.4863524113424187,0.5204360209057375,-0.03408360956331874,0.4696144774912747,0.01673793385114397
bias,temp_c,1.5,ramp,33,7,-1.0,16,True,True,False,0.0625,0.0,0.4885895536513562,0.5160989192871139,-0.027509365635757777,0.45294550883961276,0.035644044811743436
bias,temp_c,1.5,ramp,33,8,1.0,16,True,True,True,0.1875,0.08333333333333333,0.5012653176632429,0.5147948461014352,-0.01352952843819235,0.4670481135633145,0.0342172040999284
bias,temp_c,1.5,ramp,33,9,-1.0,16,True,True,True,0.25,0.16666666666666666,0.4784618135599948,0.4900227787891797,-0.011560965229184941,0.45982934425359745,0.018632469306397337
bias,temp_c,2.0,step,11,0,-1.0,16,True,True,True,0.4375,0.4,0.5088937572788435,0.5082977451308917,0.0005960121479517203,0.46908258884191023,0.03981116843693322
bias,temp_c,2.0,step,11,1,1.0,16,True,False,True,0.125,0.13333333333333333,0.46905236082422586,0.4836786638225278,-0.014626302998301883,0.44347886160902267,0.025573499215203188
bias,temp_c,2.0,step,11,2,-1.0,16,True,True,True,0.375,0.3333333333333333,0.47525404639561214,0.48148647894878915,-0.006232432553177035,0.4432288824703013,0.03202516392531085
bias,temp_c,2.0,step,11,3,-1.0,16,True,False,True,0.1875,0.2,0.464665598819079,0.4826282257038492,-0.01796262688477022,0.4388890099024124,0.025776588916666565
bias,temp_c,2.0,step,11,4,1.0,16,True,False,True,0.625,0.6666666666666666,0.510722248995293,0.4989786284473084,0.01174362054798457,0.47498784291691387,0.03573440607837908
bias,temp_c,2.0,step,11,5,-1.0,16,False,False,False,0.0,0.0,0.5134246105491023,0.5432904008587286,-0.029865790309626338,0.47694015173830756,0.03648445881079471
bias,temp_c,2.0,step,11,6,1.0,16,True,False,True,0.1875,0.2,0.47110450332717274,0.48459247014963547,-0.013487966822462734,0.4316998265866496,0.039404676740523115
bias,temp_c,2.0,step,11,7,-1.0,16,True,True,True,0.5,0.4666666666666667,0.5385418730763558,0.536620319773751,0.0019215533026047497,0.5007710435850634,0.0377708294912924
bias,temp_c,2.0,step,11,8,1.0,16,True,False,True,0.0625,0.06666666666666667,0.475939135705378,0.5091759804247052,-0.03323684471932725,0.44324309376493426,0.03269604194044373
bias,temp_c,2.0,step,11,9,1.0,16,True,True,True,0.3125,0.26666666666666666,0.5019499129226123,0.5336955288840082,-0.03174561596139601,0.468029067524055,0.033920845398557276
bias,temp_c,2.0,step,22,0,-1.0,16,True,True,True,0.625,0.6,0.5257773168477409,0.5140811876930185,0.01169612915472228,0.48675992460065864,0.03901739224708223
bias,temp_c,2.0,step,22,1,-1.0,16,True,True,True,0.5,0.4666666666666667,0.5206732542392638,0.5251945356168748,-0.004521281377611076,0.47855752527307793,0.04211572896618587
bias,temp_c,2.0,step,22,2,-1.0,16,True,True,True,0.1875,0.13333333333333333,0.4876749369481352,0.5038779165955081,-0.016202979647372905,0.4536465553984672,0.034028381549667974
bias,temp_c,2.0,step,22,3,1.0,16,False,False,False,0.0,0.0,0.4603178041183704,0.4916055615610139,-0.031287757442643456,0.4352853165528207,0.02503248756554971
bias,temp_c,2.0,step,22,4,-1.0,16,True,False,True,0.0625,0.06666666666666667,0.4838273120346576,0.5223866336133831,-0.038559321578725526,0.4556708787862386,0.028156433248419044
bias,temp_c,2.0,step,22,5,1.0,16,True,True,True,0.25,0.2,0.494651474316973,0.5098407917191534,-0.015189317402180456,0.4565483047573987,0.03810316955957427
bias,temp_c,2.0,step,22,6,-1.0,16,True,True,True,0.25,0.2,0.4596995830588823,0.4926628513872322,-0.032963268328349844,0.4229484560742219,0.03675112698466043
bias,temp_c,2.0,step,22,7,-1.0,16,True,False,True,0.1875,0.2,0.4963677605511855,0.5146477156100517,-0.01827995505886624,0.46203802078262435,0.03432973976856113
bias,temp_c,2.0,step,22,8,1.0,16,True,True,True,0.125,0.06666666666666667,0.4601497791740006,0.5023059296348986,-0.042156150460898115,0.4201510020712498,0.03999877710275079
bias,temp_c,2.0,step,22,9,-1.0,16,True,True,True,0.25,0.2,0.4875788432165591,0.4956265886759975,-0.008047745459438451,0.4515942913320037,0.035984551884555405
bias,temp_c,2.0,step,33,0,-1.0,16,True,True,True,0.25,0.2,0.5188443197997826,0.543663431461193,-0.02481911166141035,0.47727802214991255,0.041566297649870076
bias,temp_c,2.0,step,33,1,1.0,16,True,True,True,0.4375,0.4,0.540447886960169,0.529681287884316,0.010766599075852923,0.5081715690938567,0.03227631786631224
bias,temp_c,2.0,step,33,2,1.0,16,False,False,False,0.0,0.0,0.4520090444743492,0.47799149837311017,-0.02598245389876095,0.4301689051955818,0.02184013927876738
bias,temp_c,2.0,step,33,3,1.0,16,True,True,True,0.1875,0.13333333333333333,0.49687914277432776,0.5358527747819679,-0.038973632007640216,0.45783386089320444,0.03904528188112333
bias,temp_c,2.0,step,33,4,-1.0,16,True,True,True,0.5,0.4666666666666667,0.5010700667833494,0.488277004202524,0.012793062580825479,0.4623348145271013,0.03873525225624813
bias,temp_c,2.0,step,33,5,-1.0,16,True,False,True,0.125,0.13333333333333333,0.4802127517125216,0.5010047673218598,-0.020792015609338205,0.4516644549528264,0.02854829675969517
bias,temp_c,2.0,step,33,6,-1.0,16,True,False,True,0.1875,0.2,0.4952125901612617,0.5204360209057375,-0.025223430744475767,0.4696144774912747,0.02559811266998696
bias,temp_c,2.0,step,33,7,-1.0,16,True,True,True,0.1875,0.13333333333333333,0.49657248497760587,0.5167262543135424,-0.02015376933593654,0.45294550883961276,0.0436269761379931
bias,temp_c,2.0,step,33,8,1.0,16,True,False,True,0.1875,0.2,0.5045069772932551,0.5163121688666501,-0.01180519157339479,0.4670481135633145,0.03745886372994062
bias,temp_c,2.0,step,33,9,-1.0,16,True,True,True,0.3125,0.26666666666666666,0.48767007159636033,0.49011589601947747,-0.0024458244231171516,0.45982934425359745,0.027840727342762883
bias,temp_c,2.0,ramp,11,0,-1.0,16,True,True,True,0.4375,0.5,0.5066064290795332,0.5070025802489555,-0.000396151169422182,0.46908258884191023,0.03752384023762301
bias,temp_c,2.0,ramp,11,1,1.0,16,True,True,True,0.125,0.08333333333333333,0.4673507655504215,0.48404050740744875,-0.016689741857027273,0.44347886160902267,0.02387190394139882
bias,temp_c,2.0,ramp,11,2,-1.0,16,True,True,True,0.3125,0.3333333333333333,0.47095161848254763,0.48317293796098637,-0.012221319478438773,0.4432288824703013,0.02772273601224634
bias,temp_c,2.0,ramp,11,3,-1.0,16,True,False,True,0.25,0.3333333333333333,0.4614011596439167,0.47977844592138574,-0.018377286277468992,0.4388890099024124,0.022512149741504284
bias,temp_c,2.0,ramp,11,4,1.0,16,True,True,True,0.625,0.5833333333333334,0.5146840324421451,0.5007598650955826,0.013924167346562617,0.47498784291691387,0.03969618952523124
bias,temp_c,2.0,ramp,11,5,-1.0,16,False,False,False,0.0,0.0,0.5076001176480629,0.543048324701805,-0.03544820705374216,0.47694015173830756,0.030659965909755338
bias,temp_c,2.0,ramp,11,6,1.0,16,True,True,True,0.3125,0.25,0.47293941026988834,0.4870283103927538,-0.014088900122865494,0.4316998265866496,0.04123958368323871
bias,temp_c,2.0,ramp,11,7,-1.0,16,True,True,True,0.375,0.4166666666666667,0.5402134678447758,0.536615692675922,0.003597775168853779,0.5007710435850634,0.03944242425971234
bias,temp_c,2.0,ramp,11,8,1.0,16,True,False,True,0.0625,0.08333333333333333,0.4723316759920919,0.5090758389490029,-0.03674416295691102,0.44324309376493426,0.029088582227157656
bias,temp_c,2.0,ramp,11,9,1.0,16,True,True,True,0.25,0.25,0.49432427853820315,0.5326164280500011,-0.03829214951179801,0.468029067524055,0.026295211014148168
bias,temp_c,2.0,ramp,22,0,-1.0,16,True,True,True,0.6875,0.5833333333333334,0.5239165598633915,0.512412893153305,0.011503666710086517,0.48675992460065864,0.03715663526273283
bias,temp_c,2.0,ramp,22,1,-1.0,16,True,True,True,0.5,0.5833333333333334,0.5231910587047948,0.5243659144518896,-0.0011748557470948572,0.47855752527307793,0.04463353343171683
bias,temp_c,2.0,ramp,22,2,-1.0,16,True,True,True,0.125,0.08333333333333333,0.48108759171719406,0.5038779165955081,-0.02279032487831406,0.4536465553984672,0.027441036318726852
bias,temp_c,2.0,ramp,22,3,1.0,16,False,False,False,0.0,0.0,0.45868266357735854,0.49099593146562176,-0.03231326788826319,0.4352853165528207,0.02339734702453783
bias,temp_c,2.0,ramp,22,4,-1.0,16,True,False,True,0.0625,0.08333333333333333,0.47656262527328236,0.5223866336133831,-0.04582400834010072,0.4556708787862386,0.020891746487043783
bias,temp_c,2.0,ramp,22,5,1.0,16,True,False,True,0.1875,0.25,0.4949896518756633,0.5095922584130214,-0.014602606537358072,0.4565483047573987,0.03844134711826458
bias,temp_c,2.0,ramp,22,6,-1.0,16,True,False,True,0.125,0.16666666666666666,0.45247325668352323,0.4904122017471304,-0.037938945063607156,0.4229484560742219,0.02952480060930135
bias,temp_c,2.0,ramp,22,7,-1.0,16,True,True,True,0.25,0.08333333333333333,0.49739328956869017,0.5160147478309489,-0.018621458262258844,0.46203802078262435,0.03535526878606582
bias,temp_c,2.0,ramp,22,8,1.0,16,True,False,True,0.0625,0.08333333333333333,0.4537442363179336,0.49660397941008,-0.04285974309214642,0.4201510020712498,0.03359323424668381
bias,temp_c,2.0,ramp,22,9,-1.0,16,True,False,True,0.125,0.16666666666666666,0.47608105116325516,0.4915196721053726,-0.015438620942117478,0.4515942913320037,0.02448675983125148
bias,temp_c,2.0,ramp,33,0,-1.0,16,True,False,True,0.1875,0.25,0.5153840432432386,0.5427202577965873,-0.02733621455334868,0.47727802214991255,0.03810602109332606
bias,temp_c,2.0,ramp,33,1,1.0,16,True,True,True,0.5625,0.5,0.5433892847084538,0.5310819195980567,0.012307365110397026,0.5081715690938567,0.03521771561459708
bias,temp_c,2.0,ramp,33,2,1.0,16,False,False,False,0.0,0.0,0.44957203923304356,0.47799149837311017,-0.02841945914006663,0.4301689051955818,0.019403134037461744
bias,temp_c,2.0,ramp,33,3,1.0,16,True,False,True,0.125,0.16666666666666666,0.49249886959384903,0.5300298661504681,-0.03753099655661915,0.45783386089320444,0.034665008700644595
bias,temp_c,2.0,ramp,33,4,-1.0,16,True,False,True,0.5,0.6666666666666666,0.48956929701659885,0.48713429533233454,0.002435001684264304,0.4623348145271013,0.027234482489497558
bias,temp_c,2.0,ramp,33,5,-1.0,16,True,True,True,0.1875,0.16666666666666666,0.47978769756528344,0.49970823294527217,-0.019920535379988773,0.4516644549528264,0.028123242612457022
bias,temp_c,2.0,ramp,33,6,-1.0,16,True,False,True,0.1875,0.25,0.4995114148368975,0.5204360209057375,-0.020924606068839977,0.4696144774912747,0.029896937345622765
bias,temp_c,2.0,ramp,33,7,-1.0,16,True,True,True,0.1875,0.08333333333333333,0.4939983306819498,0.5170598425837345,-0.0230615119017847,0.45294550883961276,0.04105282184233705
bias,temp_c,2.0,ramp,33,8,1.0,16,True,True,True,0.25,0.08333333333333333,0.504797025244999,0.5174684019972214,-0.012671376752222418,0.4670481135633145,0.03774891168168454
bias,temp_c,2.0,ramp,33,9,-1.0,16,True,True,True,0.25,0.08333333333333333,0.48539231353624723,0.49233132690176784,-0.006939013365520597,0.45982934425359745,0.025562969282649783
bias,temp_c,3.0,step,11,0,-1.0,16,True,True,True,0.5,0.4666666666666667,0.514036026314387,0.5082977451308917,0.005738281183495349,0.46908258884191023,0.04495343747247682
bias,temp_c,3.0,step,11,1,1.0,16,True,True,True,0.25,0.2,0.474267029047294,0.4861999294898407,-0.011932900442546652,0.44347886160902267,0.03078816743827134
bias,temp_c,3.0,step,11,2,-1.0,16,True,True,True,0.375,0.3333333333333333,0.48348545683383815,0.48968279634021433,-0.006197339506376187,0.4432288824703013,0.04025657436353686
bias,temp_c,3.0,step,11,3,-1.0,16,True,False,True,0.1875,0.2,0.47362098367776495,0.4863928811665323,-0.012771897488767295,0.4388890099024124,0.03473197377535253
bias,temp_c,3.0,step,11,4,1.0,16,True,True,True,0.75,0.7333333333333333,0.5133502781872997,0.5005423150229991,0.012807963164300752,0.47498784291691387,0.03836243527038585
bias,temp_c,3.0,step,11,5,-1.0,16,True,True,True,0.125,0.06666666666666667,0.5213252711399051,0.5451965374872836,-0.023871266347378572,0.47694015173830756,0.04438511940159756
bias,temp_c,3.0,step,11,6,1.0,16,True,True,True,0.3125,0.26666666666666666,0.47972351785074585,0.4872806983215354,-0.007557180470789571,0.4316998265866496,0.048023691264096224
bias,temp_c,3.0,step,11,7,-1.0,16,True,True,True,0.5625,0.5333333333333333,0.5427564399391277,0.5388698841991444,0.0038865557399832447,0.5007710435850634,0.041985396354064286
bias,temp_c,3.0,step,11,8,1.0,16,True,True,True,0.1875,0.13333333333333333,0.4824500742639576,0.5123277873952725,-0.029877713131315,0.44324309376493426,0.039206980499023325
bias,temp_c,3.0,step,11,9,1.0,16,True,True,True,0.25,0.2,0.5062566840428958,0.5381456397858684,-0.03188895574297251,0.468029067524055,0.03822761651884082
bias,temp_c,3.0,step,22,0,-1.0,16,True,True,True,0.75,0.7333333333333333,0.5313956823524799,0.5148207501111433,0.0165749322413367,0.48675992460065864,0.04463575775182127
bias,temp_c,3.0,step,22,1,-1.0,16,True,True,True,0.5,0.4666666666666667,0.5240897628145674,0.5251945356168748,-0.001104772802307464,0.47855752527307793,0.045532237541489495
bias,temp_c,3.0,step,22,2,-1.0,16,True,True,True,0.3125,0.26666666666666666,0.49953117860044993,0.5038779165955081,-0.00434673799505815,0.4536465553984672,0.04588462320198272
bias,temp_c,3.0,step,22,3,1.0,16,True,True,True,0.1875,0.13333333333333333,0.4732785372560112,0.49240565300158,-0.019127115745568822,0.4352853165528207,0.0379932207031905
bias,temp_c,3.0,step,22,4,-1.0,16,True,True,True,0.125,0.06666666666666667,0.4986003991551069,0.5313857608818621,-0.032785361726755266,0.4556708787862386,0.042929520368868324
bias,temp_c,3.0,step,22,5,1.0,16,True,True,True,0.25,0.2,0.49601241838732946,0.5102458198243331,-0.014233401437003704,0.4565483047573987,0.03946411362993074
bias,temp_c,3.0,step,22,6,-1.0,16,True,True,True,0.25,0.2,0.4706382515390124,0.49902902928314896,-0.02839077774413662,0.4229484560742219,0.04768979546479052
bias,temp_c,3.0,step,22,7,-1.0,16,True,True,True,0.3125,0.26666666666666666,0.5041039476802966,0.5201633400481214,-0.016059392367824776,0.46203802078262435,0.0420659268976723
bias,temp_c,3.0,step,22,8,1.0,16,True,True,True,0.125,0.06666666666666667,0.469056734728268,0.5116244611101672,-0.042567726381899255,0.4201510020712498,0.0489057326570182
bias,temp_c,3.0,step,22,9,-1.0,16,True,True,True,0.3125,0.26666666666666666,0.4998134623054331,0.5053831009592253,-0.005569638653792154,0.4515942913320037,0.048219170973429426
bias,temp_c,3.0,step,33,0,-1.0,16,True,True,True,0.25,0.2,0.5236481703888403,0.5446040838117381,-0.02095591342289787,0.47727802214991255,0.04637014823892771
bias,temp_c,3.0,step,33,1,1.0,16,True,True,True,0.4375,0.4,0.5414562034138531,0.532270359260711,0.009185844153142018,0.5081715690938567,0.0332846343199964
bias,temp_c,3.0,step,33,2,1.0,16,True,True,False,0.0625,0.0,0.4637348226551873,0.4795696590284173,-0.01583483637323004,0.4301689051955818,0.033565917459605465
bias,temp_c,3.0,step,33,3,1.0,16,True,True,True,0.1875,0.13333333333333333,0.5014137781384751,0.5377493188139923,-0.03633554067551719,0.45783386089320444,0.04357991724527066
bias,temp_c,3.0,step,33,4,-1.0,16,True,True,True,0.75,0.7333333333333333,0.5104603444780037,0.4905292031446694,0.01993114133333428,0.4623348145271013,0.04812552995090241
bias,temp_c,3.0,step,33,5,-1.0,16,True,True,True,0.3125,0.26666666666666666,0.48873971660142856,0.5048099737646807,-0.016070257163252166,0.4516644549528264,0.03707526164860214
bias,temp_c,3.0,step,33,6,-1.0,16,True,True,True,0.3125,0.26666666666666666,0.5108704642092855,0.5241601759468759,-0.01328971173759038,0.4696144774912747,0.041255986718010784
bias,temp_c,3.0,step,33,7,-1.0,16,True,True,True,0.125,0.06666666666666667,0.5010317737181811,0.5258157069971277,-0.024783933278946686,0.45294550883961276,0.04808626487856832
bias,temp_c,3.0,step,33,8,1.0,16,True,True,True,0.25,0.2,0.5066804799061688,0.5183748141485074,-0.011694334242338667,0.4670481135633145,0.03963236634285433
bias,temp_c,3.0,step,33,9,-1.0,16,True,True,True,0.4375,0.4,0.4963353220938041,0.4935016860791097,0.0028336360146943816,0.45982934425359745,0.03650597784020665
bias,temp_c,3.0,ramp,11,0,-1.0,16,True,True,True,0.5,0.5833333333333334,0.5150711341918749,0.5084109153924656,0.00666021879940927,0.46908258884191023,0.04598854534996466
bias,temp_c,3.0,ramp,11,1,1.0,16,True,True,True,0.1875,0.16666666666666666,0.4723159192292992,0.4856536512438645,-0.01333773201456527,0.44347886160902267,0.02883705762027655
bias,temp_c,3.0,ramp,11,2,-1.0,16,True,True,True,0.3125,0.25,0.4805755445099049,0.48955042636512247,-0.00897488185521755,0.4432288824703013,0.03734666203960363
bias,temp_c,3.0,ramp,11,3,-1.0,16,True,False,True,0.25,0.3333333333333333,0.4698698899264864,0.48383903548356455,-0.013969145557078094,0.4388890099024124,0.030980880024073953
bias,temp_c,3.0,ramp,11,4,1.0,16,True,True,True,0.6875,0.5833333333333334,0.5200825057921816,0.5010318204665652,0.019050685325616434,0.47498784291691387,0.045094662875267755
bias,temp_c,3.0,ramp,11,5,-1.0,16,True,True,False,0.125,0.0,0.5158737698461466,0.5445552971854469,-0.028681527339300256,0.47694015173830756,0.038933618107839074
bias,temp_c,3.0,ramp,11,6,1.0,16,True,True,True,0.4375,0.4166666666666667,0.4818309591699038,0.4888946022356707,-0.007063643065766928,0.4316998265866496,0.05013113258325419
bias,temp_c,3.0,ramp,11,7,-1.0,16,True,True,True,0.4375,0.5,0.5442782984420509,0.5369924678870918,0.007285830554959103,0.5007710435850634,0.043507254856987476
bias,temp_c,3.0,ramp,11,8,1.0,16,True,False,True,0.125,0.16666666666666666,0.4776970667829897,0.5090943735132113,-0.031397306730221564,0.44324309376493426,0.03445397301805542
bias,temp_c,3.0,ramp,11,9,1.0,16,True,True,True,0.25,0.25,0.49995066628271934,0.5358868792425091,-0.0359362129597898,0.468029067524055,0.03192159875866435
bias,temp_c,3.0,ramp,22,0,-1.0,16,True,True,True,0.8125,0.75,0.5298008823221082,0.5136311251619792,0.01616975716012905,0.48675992460065864,0.04304095772144956
bias,temp_c,3.0,ramp,22,1,-1.0,16,True,True,True,0.5,0.5,0.5294869600187967,0.5263010339954903,0.003185926023306279,0.47855752527307793,0.05092943474571876
bias,temp_c,3.0,ramp,22,2,-1.0,16,True,True,True,0.1875,0.16666666666666666,0.49055809328781536,0.5038779165955081,-0.013319823307692717,0.4536465553984672,0.036911537889348145
bias,temp_c,3.0,ramp,22,3,1.0,16,True,False,True,0.125,0.16666666666666666,0.4683093614568028,0.49114222563904564,-0.022832864182242875,0.4352853165528207,0.033024044903982086
bias,temp_c,3.0,ramp,22,4,-1.0,16,True,False,True,0.0625,0.08333333333333333,0.48766078710674754,0.5223866336133831,-0.034725846506635585,0.4556708787862386,0.031989908320508964
bias,temp_c,3.0,ramp,22,5,1.0,16,True,True,True,0.25,0.25,0.49821655118305497,0.5102458198243331,-0.012029268641278196,0.4565483047573987,0.04166824642565625
bias,temp_c,3.0,ramp,22,6,-1.0,16,True,False,True,0.125,0.16666666666666666,0.4631057510882405,0.4939281216282548,-0.03082237054001432,0.4229484560742219,0.0401572950140186
bias,temp_c,3.0,ramp,22,7,-1.0,16,True,True,True,0.25,0.08333333333333333,0.5052442538322298,0.5189319385456566,-0.013687684713426733,0.46203802078262435,0.04320623304960547
bias,temp_c,3.0,ramp,22,8,1.0,16,True,False,True,0.0625,0.08333333333333333,0.4635270414377205,0.5023466187573017,-0.03881957731958123,0.4201510020712498,0.04337603936647072
bias,temp_c,3.0,ramp,22,9,-1.0,16,True,False,True,0.1875,0.25,0.48799425076738856,0.49624664924404405,-0.008252398476655497,0.4515942913320037,0.03639995943538488
bias,temp_c,3.0,ramp,33,0,-1.0,16,True,False,True,0.1875,0.25,0.5217223362293398,0.5427574753483346,-0.02103513911899476,0.47727802214991255,0.04444431407942728
bias,temp_c,3.0,ramp,33,1,1.0,16,True,True,True,0.5625,0.5,0.5452024958346011,0.531589932037795,0.013612563796806025,0.5081715690938567,0.037030926740744374
bias,temp_c,3.0,ramp,33,2,1.0,16,True,False,True,0.0625,0.08333333333333333,0.460274098812567,0.47803843020613895,-0.017764331393571954,0.4301689051955818,0.03010519361698516
bias,temp_c,3.0,ramp,33,3,1.0,16,True,False,True,0.125,0.16666666666666666,0.4975287992318686,0.532205340692887,-0.03467654146101842,0.45783386089320444,0.039694938338664165
bias,temp_c,3.0,ramp,33,4,-1.0,16,True,False,True,0.625,0.8333333333333334,0.500907040340053,0.48774919588833854,0.013157844451714418,0.4623348145271013,0.038572225812951666
bias,temp_c,3.0,ramp,33,5,-1.0,16,True,True,True,0.375,0.4166666666666667,0.48716553652826255,0.5024861894285596,-0.015320652900297,0.4516644549528264,0.03550108157543613
bias,temp_c,3.0,ramp,33,6,-1.0,16,True,True,True,0.3125,0.3333333333333333,0.5135203758674811,0.522889449477557,-0.009369073610075856,0.4696144774912747,0.0439058983762064
bias,temp_c,3.0,ramp,33,7,-1.0,16,True,True,False,0.0625,0.0,0.49877993107251345,0.5224517411671051,-0.023671810094591628,0.45294550883961276,0.045834422232900685
bias,temp_c,3.0,ramp,33,8,1.0,16,True,True,True,0.25,0.08333333333333333,0.5074963062660502,0.5165121270989449,-0.009015820832894643,0.4670481135633145,0.04044819270273575
bias,temp_c,3.0,ramp,33,9,-1.0,16,True,True,True,0.5625,0.4166666666666667,0.4946484860692492,0.49384409353140973,0.0008043925378394857,0.45982934425359745,0.034819141815651766
bias,temp_c,4.0,step,11,0,-1.0,16,True,True,True,0.5,0.4666666666666667,0.5144889558340634,0.5082977451308917,0.006191210703171662,0.46908258884191023,0.04540636699215317
bias,temp_c,4.0,step,11,1,1.0,16,True,True,True,0.25,0.2,0.47820094575152206,0.4871726255547692,-0.00897167980324716,0.44347886160902267,0.03472208414249939
bias,temp_c,4.0,step,11,2,-1.0,16,True,True,True,0.4375,0.4,0.4884252023253758,0.4915287504483218,-0.0031035481229460676,0.4432288824703013,0.045196319855074496
bias,temp_c,4.0,step,11,3,-1.0,16,True,True,True,0.375,0.3333333333333333,0.48049906396797926,0.4876402479516839,-0.00714118398370471,0.4388890099024124,0.04161005406556684
bias,temp_c,4.0,step,11,4,1.0,16,True,True,True,0.6875,0.6666666666666666,0.5146906320465375,0.5023929118719466,0.01229772017459102,0.47498784291691387,0.03970278912962366
bias,temp_c,4.0,step,11,5,-1.0,16,True,True,True,0.125,0.06666666666666667,0.5250443072238872,0.5452388330594189,-0.020194525835531815,0.47694015173830756,0.048104155485579614
bias,temp_c,4.0,step,11,6,1.0,16,True,True,True,0.375,0.3333333333333333,0.48278962462518393,0.48827339211311604,-0.005483767487932049,0.4316998265866496,0.051089798038534306
bias,temp_c,4.0,step,11,7,-1.0,16,True,True,True,0.5625,0.5333333333333333,0.54401720760002,0.5392336914324117,0.004783516167608252,0.5007710435850634,0.04324616401495662
bias,temp_c,4.0,step,11,8,1.0,16,True,True,True,0.1875,0.13333333333333333,0.48579178049278726,0.5123277873952725,-0.02653600690248535,0.44324309376493426,0.042548686727853
bias,temp_c,4.0,step,11,9,1.0,16,True,True,True,0.25,0.2,0.5094775619394479,0.5407011015281568,-0.031223539588708885,0.468029067524055,0.041448494415392945
bias,temp_c,4.0,step,22,0,-1.0,16,True,True,True,0.75,0.7333333333333333,0.5343457766534381,0.5150932881111374,0.019252488542300675,0.48675992460065864,0.04758585205277943
bias,temp_c,4.0,step,22,1,-1.0,16,True,True,True,0.5,0.4666666666666667,0.5240822215564966,0.5251945356168748,-0.0011123140603782854,0.47855752527307793,0.04552469628341871
bias,temp_c,4.0,step,22,2,-1.0,16,True,True,True,0.375,0.3333333333333333,0.5066913232583076,0.5038779165955081,0.002813406662799455,0.4536465553984672,0.05304476785984036
bias,temp_c,4.0,step,22,3,1.0,16,True,True,True,0.25,0.2,0.479530192856283,0.49252833304765475,-0.01299814019137176,0.4352853165528207,0.0442448763034623
bias,temp_c,4.0,step,22,4,-1.0,16,True,True,True,0.125,0.06666666666666667,0.5057340035320411,0.5363895533370504,-0.030655549805009254,0.4556708787862386,0.050063124745802545
bias,temp_c,4.0,step,22,5,1.0,16,True,True,True,0.3125,0.26666666666666666,0.49854943913900357,0.5102458198243331,-0.011696380685329605,0.4565483047573987,0.042001134381604854
bias,temp_c,4.0,step,22,6,-1.0,16,True,True,True,0.3125,0.26666666666666666,0.47792274131968565,0.5010970319157633,-0.023174290596077556,0.4229484560742219,0.05497428524546377
bias,temp_c,4.0,step,22,7,-1.0,16,True,True,True,0.3125,0.26666666666666666,0.5081484194328003,0.5208976338860398,-0.012749214453239545,0.46203802078262435,0.046110398650175966
bias,temp_c,4.0,step,22,8,1.0,16,True,True,True,0.125,0.06666666666666667,0.47408144907214805,0.5140511240388634,-0.039969674966715336,0.4201510020712498,0.053930447000898274
bias,temp_c,4.0,step,22,9,-1.0,16,True,True,True,0.375,0.3333333333333333,0.5075426605341191,0.5109989860618607,-0.003456325527741621,0.4515942913320037,0.05594836920211543
bias,temp_c,4.0,step,33,0,-1.0,16,True,True,True,0.3125,0.26666666666666666,0.5274917407445968,0.5460204794528576,-0.018528738708260748,0.47727802214991255,0.050213718594684265
bias,temp_c,4.0,step,33,1,1.0,16,True,True,True,0.4375,0.4,0.542907387665204,0.5335455801738413,0.009361807491362638,0.5081715690938567,0.03473581857134722
bias,temp_c,4.0,step,33,2,1.0,16,True,True,True,0.1875,0.13333333333333333,0.46977235712002907,0.48297310186217907,-0.013200744742150012,0.4301689051955818,0.03960345192444725
bias,temp_c,4.0,step,33,3,1.0,16,True,True,True,0.1875,0.13333333333333333,0.5026310480697112,0.540774651721501,-0.0381436036517899,0.45783386089320444,0.044797187176506714
bias,temp_c,4.0,step,33,4,-1.0,16,True,True,True,0.75,0.7333333333333333,0.5151309520238181,0.4913211536910479,0.023809798332770197,0.4623348145271013,0.0527961374967168
bias,temp_c,4.0,step,33,5,-1.0,16,True,True,True,0.25,0.2,0.4906783455638918,0.5070926047547784,-0.01641425919088665,0.4516644549528264,0.03901389061106536
bias,temp_c,4.0,step,33,6,-1.0,16,True,True,True,0.3125,0.26666666666666666,0.5157173946059337,0.5266286048768749,-0.010911210270941222,0.4696144774912747,0.04610291711465897
bias,temp_c,4.0,step,33,7,-1.0,16,True,True,True,0.1875,0.13333333333333333,0.5053835436844714,0.5286391021305593,-0.02325555844608799,0.45294550883961276,0.052438034844858594
bias,temp_c,4.0,step,33,8,1.0,16,True,True,True,0.1875,0.13333333333333333,0.5069050243462321,0.5214526693689012,-0.014547645022669139,0.4670481135633145,0.03985691078291759
bias,temp_c,4.0,step,33,9,-1.0,16,True,True,True,0.5625,0.5333333333333333,0.505229194479614,0.4941231114457071,0.011106083033906946,0.45982934425359745,0.04539985022601656
bias,temp_c,4.0,ramp,11,0,-1.0,16,True,True,True,0.625,0.5833333333333334,0.5172182625773791,0.5094988399947022,0.0077194225826768305,0.46908258884191023,0.0481356737354689
bias,temp_c,4.0,ramp,11,1,1.0,16,True,True,True,0.25,0.16666666666666666,0.47642848339011773,0.4867432109911709,-0.010314727601053144,0.44347886160902267,0.03294962178109506
bias,temp_c,4.0,ramp,11,2,-1.0,16,True,True,True,0.375,0.25,0.48692756680972826,0.4918043944617043,-0.0048768276519760775,0.4432288824703013,0.043698684339426974
bias,temp_c,4.0,ramp,11,3,-1.0,16,True,False,True,0.3125,0.4166666666666667,0.47513790625485963,0.4853461621525354,-0.010208255897675728,0.4388890099024124,0.03624889635244721
bias,temp_c,4.0,ramp,11,4,1.0,16,True,True,True,0.6875,0.5833333333333334,0.5215680459224927,0.501152024684484,0.02041602123800873,0.47498784291691387,0.04658020300557886
bias,temp_c,4.0,ramp,11,5,-1.0,16,True,True,False,0.1875,0.0,0.5242444447047466,0.545107099954015,-0.020862655249268357,0.47694015173830756,0.047304292966439065
bias,temp_c,4.0,ramp,11,6,1.0,16,True,True,True,0.5625,0.5,0.48599494899822426,0.489507139732147,-0.00351219073392273,0.4316998265866496,0.05429512241157464
bias,temp_c,4.0,ramp,11,7,-1.0,16,True,True,True,0.5,0.5,0.5463817234597625,0.5380300480727653,0.008351675386997211,0.5007710435850634,0.045610679874699134
bias,temp_c,4.0,ramp,11,8,1.0,16,True,False,True,0.125,0.16666666666666666,0.4818642354449908,0.5099644944558334,-0.028100259010842545,0.44324309376493426,0.03862114168005654
bias,temp_c,4.0,ramp,11,9,1.0,16,True,True,True,0.25,0.25,0.5030697676885441,0.5389281692477216,-0.03585840155917745,0.468029067524055,0.03504070016448907
bias,temp_c,4.0,ramp,22,0,-1.0,16,True,True,True,0.8125,0.75,0.5345100157980645,0.5151625178383727,0.01934749795969168,0.48675992460065864,0.04775009119740581
bias,temp_c,4.0,ramp,22,1,-1.0,16,True,True,True,0.5625,0.5,0.5318174074004036,0.5278983228681344,0.003919084532269176,0.47855752527307793,0.053259882127325686
bias,temp_c,4.0,ramp,22,2,-1.0,16,True,True,True,0.1875,0.16666666666666666,0.49486970750981263,0.5038779165955081,-0.009008209085695457,0.4536465553984672,0.04122315211134542
bias,temp_c,4.0,ramp,22,3,1.0,16,True,False,True,0.1875,0.25,0.475122886218333,0.4913617650644365,-0.016238878846103547,0.4352853165528207,0.039837569665512274
bias,temp_c,4.0,ramp,22,4,-1.0,16,True,False,True,0.125,0.16666666666666666,0.49410244080221577,0.5243495611262987,-0.030247120324082995,0.4556708787862386,0.038431562015977194
bias,temp_c,4.0,ramp,22,5,1.0,16,True,False,True,0.25,0.3333333333333333,0.4992744317404375,0.5095922584130214,-0.010317826672583852,0.4565483047573987,0.04272612698303879
bias,temp_c,4.0,ramp,22,6,-1.0,16,True,True,True,0.1875,0.16666666666666666,0.4718733071120571,0.49593381886912374,-0.024060511757066614,0.4229484560742219,0.048924851037835226
bias,temp_c,4.0,ramp,22,7,-1.0,16,True,True,True,0.3125,0.08333333333333333,0.508228448382857,0.5190386744344531,-0.010810226051595949,0.46203802078262435,0.04619042760023262
bias,temp_c,4.0,ramp,22,8,1.0,16,True,False,True,0.125,0.16666666666666666,0.4709511648897171,0.5056994598826,-0.034748294992882886,0.4201510020712498,0.05080016281846733
bias,temp_c,4.0,ramp,22,9,-1.0,16,True,True,True,0.375,0.3333333333333333,0.49988481802627494,0.5026714899176502,-0.0027866718913752662,0.4515942913320037,0.04829052669427125
bias,temp_c,4.0,ramp,33,0,-1.0,16,True,False,True,0.25,0.3333333333333333,0.5268620299882585,0.5428619698575008,-0.01599993986924243,0.47727802214991255,0.049584007838345934
bias,temp_c,4.0,ramp,33,1,1.0,16,True,True,True,0.625,0.5,0.5461652553566432,0.5319451101612699,0.014220145195373249,0.5081715690938567,0.03799368626278643
bias,temp_c,4.0,ramp,33,2,1.0,16,True,True,True,0.25,0.25,0.4677255741263199,0.4793118879480358,-0.011586313821715946,0.4301689051955818,0.03755666893073806
bias,temp_c,4.0,ramp,33,3,1.0,16,True,True,True,0.1875,0.16666666666666666,0.4999477976075296,0.5332313261811337,-0.03328352857360414,0.45783386089320444,0.04211393671432517
bias,temp_c,4.0,ramp,33,4,-1.0,16,True,False,True,0.625,0.8333333333333334,0.5082170737867584,0.48815055858893425,0.02006651519782414,0.4623348145271013,0.04588225925965711
bias,temp_c,4.0,ramp,33,5,-1.0,16,True,True,True,0.4375,0.4166666666666667,0.49060002726265217,0.5032155624224698,-0.012615535159817708,0.4516644549528264,0.03893557230982575
bias,temp_c,4.0,ramp,33,6,-1.0,16,True,True,True,0.3125,0.3333333333333333,0.5186776053940766,0.5265007557334072,-0.007823150339330606,0.4696144774912747,0.04906312790280187
bias,temp_c,4.0,ramp,33,7,-1.0,16,True,True,False,0.1875,0.0,0.5050822035317039,0.5315245940780594,-0.02644239054635551,0.45294550883961276,0.05213669469209109
bias,temp_c,4.0,ramp,33,8,1.0,16,True,True,True,0.25,0.08333333333333333,0.5101495732639405,0.5221779257008743,-0.012028352436933756,0.4670481135633145,0.04310145970062601
bias,temp_c,4.0,ramp,33,9,-1.0,16,True,True,True,0.625,0.5,0.5042883451708727,0.4939724899564383,0.010315855214434434,0.45982934425359745,0.04445900091727528
bias,slp_hpa,0.5,step,11,0,-1.0,16,True,False,True,0.1875,0.2,0.4749784860563965,0.5040802629296468,-0.029101776873250412,0.46908258884191023,0.005895897214486245
bias,slp_hpa,0.5,step,11,1,1.0,16,False,False,False,0.0,0.0,0.44078561649292436,0.47770728715832317,-0.036921670665398774,0.44347886160902267,-0.0026932451160983084
bias,slp_hpa,0.5,step,11,2,-1.0,16,True,False,True,0.125,0.13333333333333333,0.4397201133178229,0.470871492079361,-0.031151378761538107,0.4432288824703013,-0.003508769152478386
bias,slp_hpa,0.5,step,11,3,-1.0,16,True,False,True,0.125,0.13333333333333333,0.4524133101312091,0.47622331091740255,-0.023810000786193507,0.4388890099024124,0.013524300228796693
bias,slp_hpa,0.5,step,11,4,1.0,16,True,False,True,0.125,0.13333333333333333,0.4734087015061176,0.4944164588312578,-0.021007757325140163,0.47498784291691387,-0.001579141410796292
bias,slp_hpa,0.5,step,11,5,-1.0,16,False,False,False,0.0,0.0,0.47642550823108154,0.5380582013202202,-0.0616326930891387,0.47694015173830756,-0.0005146435072260203
bias,slp_hpa,0.5,step,11,6,1.0,16,False,False,False,0.0,0.0,0.4303109113101792,0.483719109366442,-0.053408198056262804,0.4316998265866496,-0.0013889152764704482
bias,slp_hpa,0.5,step,11,7,-1.0,16,True,False,True,0.1875,0.2,0.5055783508046292,0.5342840085093077,-0.028705657704678547,0.5007710435850634,0.004807307219565793
bias,slp_hpa,0.5,step,11,8,1.0,16,False,False,False,0.0,0.0,0.445535083311858,0.5090758389490029,-0.06354075563714491,0.44324309376493426,0.002291989546923723
bias,slp_hpa,0.5,step,11,9,1.0,16,True,False,True,0.0625,0.06666666666666667,0.47128846467665786,0.5216097895952744,-0.0503213249186166,0.468029067524055,0.003259397152602872
bias,slp_hpa,0.5,step,22,0,-1.0,16,True,False,True,0.25,0.26666666666666666,0.4931597406034266,0.5095236585878802,-0.01636391798445355,0.48675992460065864,0.006399816002767955
bias,slp_hpa,0.5,step,22,1,-1.0,16,True,False,True,0.1875,0.2,0.48945779394357747,0.5217412949239465,-0.03228350098036903,0.47855752527307793,0.010900268670499536
bias,slp_hpa,0.5,step,22,2,-1.0,16,True,False,True,0.0625,0.06666666666666667,0.4579634430127376,0.5038779165955081,-0.0459144735827704,0.4536465553984672,0.004316887614270404
bias,slp_hpa,0.5,step,22,3,1.0,16,False,False,False,0.0,0.0,0.4360400688912096,0.49099593146562176,-0.05495586257441214,0.4352853165528207,0.0007547523383888977
bias,slp_hpa,0.5,step,22,4,-1.0,16,False,False,False,0.0,0.0,0.4614205117772717,0.5206900721197503,-0.05926956034247845,0.4556708787862386,0.005749632991033149
bias,slp_hpa,0.5,step,22,5,1.0,16,True,False,True,0.0625,0.06666666666666667,0.46381952986133085,0.5087265132507486,-0.04490698338941773,0.4565483047573987,0.007271225103932133
bias,slp_hpa,0.5,step,22,6,-1.0,16,False,False,False,0.0,0.0,0.42584005753727644,0.4902741800861501,-0.06443412254887368,0.4229484560742219,0.0028916014630545606
bias,slp_hpa,0.5,step,22,7,-1.0,16,True,False,True,0.0625,0.06666666666666667,0.469487151666104,0.510678888106147,-0.04119173644004306,0.46203802078262435,0.007449130883479649
bias,slp_hpa,0.5,step,22,8,1.0,16,False,False,False,0.0,0.0,0.4224553307558801,0.4900100521627483,-0.06755472140686825,0.4201510020712498,0.002304328684630319
bias,slp_hpa,0.5,step,22,9,-1.0,16,True,False,True,0.125,0.13333333333333333,0.46481117531298577,0.48820700234407705,-0.02339582703109127,0.4515942913320037,0.013216883980982086
bias,slp_hpa,0.5,step,33,0,-1.0,16,False,False,False,0.0,0.0,0.4782751648918935,0.5367475515458955,-0.05847238665400198,0.47727802214991255,0.0009971427419809276
bias,slp_hpa,0.5,step,33,1,1.0,16,True,True,True,0.3125,0.26666666666666666,0.5071776600399176,0.5314287457270448,-0.024251085687127187,0.5081715690938567,-0.000993909053939146
bias,slp_hpa,0.5,step,33,2,1.0,16,False,False,False,0.0,0.0,0.4368991253208331,0.47799149837311017,-0.04109237305227703,0.4301689051955818,0.006730220125251263
bias,slp_hpa,0.5,step,33,3,1.0,16,False,False,False,0.0,0.0,0.4689222700644263,0.524235964658696,-0.055313694594269686,0.45783386089320444,0.011088409171221891
bias,slp_hpa,0.5,step,33,4,-1.0,16,True,False,True,0.1875,0.2,0.45926348383353277,0.4853328391594069,-0.02606935532587408,0.4623348145271013,-0.003071330693568519
bias,slp_hpa,0.5,step,33,5,-1.0,16,False,False,False,0.0,0.0,0.45060675102810865,0.49029969025232845,-0.03969293922421976,0.4516644549528264,-0.0010577039247177678
bias,slp_hpa,0.5,step,33,6,-1.0,16,True,False,True,0.125,0.13333333333333333,0.47694514304284086,0.5204360209057375,-0.043490877862896606,0.4696144774912747,0.00733066555156614
bias,slp_hpa,0.5,step,33,7,-1.0,16,False,False,False,0.0,0.0,0.4550013673351604,0.5128628149049308,-0.057861447569770394,0.45294550883961276,0.0020558584955476245
bias,slp_hpa,0.5,step,33,8,1.0,16,True,False,True,0.125,0.13333333333333333,0.47291506473283446,0.5085787740721359,-0.035663709339301505,0.4670481135633145,0.005866951169519963
bias,slp_hpa,0.5,step,33,9,-1.0,16,True,True,True,0.25,0.2,0.4758628886046989,0.49104086778397177,-0.015177979179272886,0.45982934425359745,0.016033544351101436
bias,slp_hpa,0.5,ramp,11,0,-1.0,16,True,False,True,0.25,0.3333333333333333,0.47550724261477895,0.5026748383914226,-0.02716759577664372,0.46908258884191023,0.006424653772868716
bias,slp_hpa,0.5,ramp,11,1,1.0,16,False,False,False,0.0,0.0,0.4404332648426542,0.47770728715832317,-0.037274022315668925,0.44347886160902267,-0.0030455967663684524
bias,slp_hpa,0.5,ramp,11,2,-1.0,16,True,False,True,0.125,0.16666666666666666,0.43744322697052407,0.470871492079361,-0.03342826510883694,0.4432288824703013,-0.00578565549977722
bias,slp_hpa,0.5,ramp,11,3,-1.0,16,True,False,True,0.125,0.16666666666666666,0.4511865238174398,0.47622331091740255,-0.025036787099962786,0.4388890099024124,0.01229751391502737
bias,slp_hpa,0.5,ramp,11,4,1.0,16,True,True,True,0.125,0.08333333333333333,0.4721968511719008,0.49482440245052417,-0.02262755127862337,0.47498784291691387,-0.0027909917450130717
bias,slp_hpa,0.5,ramp,11,5,-1.0,16,False,False,False,0.0,0.0,0.4757331528467791,0.5380582013202202,-0.062325048473441086,0.47694015173830756,-0.0012069988915284768
bias,slp_hpa,0.5,ramp,11,6,1.0,16,False,False,False,0.0,0.0,0.43118853205212804,0.483719109366442,-0.05253057731431397,0.4316998265866496,-0.0005112945345215891
bias,slp_hpa,0.5,ramp,11,7,-1.0,16,True,False,True,0.1875,0.25,0.503125925168258,0.5342840085093077,-0.031158083341049716,0.5007710435850634,0.0023548815831946346
bias,slp_hpa,0.5,ramp,11,8,1.0,16,False,False,False,0.0,0.0,0.44732477708429774,0.5090758389490029,-0.06175106186470518,0.44324309376493426,0.004081683319363483
bias,slp_hpa,0.5,ramp,11,9,1.0,16,True,False,True,0.0625,0.08333333333333333,0.4720483536349549,0.522221899834343,-0.05017354619938809,0.468029067524055,0.004019286110899911
bias,slp_hpa,0.5,ramp,22,0,-1.0,16,True,True,True,0.25,0.08333333333333333,0.492570027132281,0.5095236585878802,-0.016953631455599173,0.48675992460065864,0.005810102531622341
bias,slp_hpa,0.5,ramp,22,1,-1.0,16,True,False,True,0.1875,0.25,0.48782212047948953,0.5217377769207346,-0.03391565644124514,0.47855752527307793,0.009264595206411597
bias,slp_hpa,0.5,ramp,22,2,-1.0,16,True,True,False,0.0625,0.0,0.4574644047220132,0.5038779165955081,-0.046413511873494864,0.4536465553984672,0.0038178493235460076
bias,slp_hpa,0.5,ramp,22,3,1.0,16,False,False,False,0.0,0.0,0.43587374642878196,0.49099593146562176,-0.05512218503683977,0.4352853165528207,0.0005884298759612494
bias,slp_hpa,0.5,ramp,22,4,-1.0,16,False,False,False,0.0,0.0,0.4613963259308954,0.5206900721197503,-0.0592937461888548,0.4556708787862386,0.005725447144656837
bias,slp_hpa,0.5,ramp,22,5,1.0,16,True,False,True,0.0625,0.08333333333333333,0.4625425122446194,0.5087265132507486,-0.046184001006129155,0.4565483047573987,0.005994207487220682
bias,slp_hpa,0.5,ramp,22,6,-1.0,16,False,False,False,0.0,0.0,0.42607244375214626,0.4902741800861501,-0.0642017363340039,0.4229484560742219,0.003123987677924378
bias,slp_hpa,0.5,ramp,22,7,-1.0,16,True,True,False,0.0625,0.0,0.4671280577434406,0.510678888106147,-0.04355083036270653,0.46203802078262435,0.005090036960816224
bias,slp_hpa,0.5,ramp,22,8,1.0,16,False,False,False,0.0,0.0,0.42103219524892177,0.48963566688026416,-0.06860347163134242,0.4201510020712498,0.0008811931776719906
bias,slp_hpa,0.5,ramp,22,9,-1.0,16,True,True,True,0.125,0.08333333333333333,0.4645369443740711,0.4880502343132602,-0.02351328993918909,0.4515942913320037,0.012942653042067431
bias,slp_hpa,0.5,ramp,33,0,-1.0,16,False,False,False,0.0,0.0,0.4782140686793585,0.536430726491977,-0.05821665781261852,0.47727802214991255,0.0009360465294459552
bias,slp_hpa,0.5,ramp,33,1,1.0,16,True,True,True,0.3125,0.3333333333333333,0.507262053957831,0.5313508786793135,-0.024088824721482605,0.5081715690938567,-0.0009095151360257736
bias,slp_hpa,0.5,ramp,33,2,1.0,16,False,False,False,0.0,0.0,0.4361892339142913,0.47799149837311017,-0.041802264458818864,0.4301689051955818,0.0060203287187095
bias,slp_hpa,0.5,ramp,33,3,1.0,16,False,False,False,0.0,0.0,0.46880737745234957,0.5229541814408092,-0.054146803988459606,0.45783386089320444,0.010973516559145136
bias,slp_hpa,0.5,ramp,33,4,-1.0,16,True,False,True,0.1875,0.25,0.4584517683717877,0.4853328391594069,-0.02688107078761917,0.4623348145271013,-0.0038830461553135964
bias,slp_hpa,0.5,ramp,33,5,-1.0,16,False,False,False,0.0,0.0,0.45043908366289703,0.49029969025232845,-0.03986060658943136,0.4516644549528264,-0.001225371289929389
bias,slp_hpa,0.5,ramp,33,6,-1.0,16,True,False,True,0.125,0.16666666666666666,0.4762463014186399,0.5204360209057375,-0.04418971948709753,0.4696144774912747,0.006631823927365166
bias,slp_hpa,0.5,ramp,33,7,-1.0,16,False,False,False,0.0,0.0,0.4576117292045629,0.5138739297998804,-0.05626220059531765,0.45294550883961276,0.004666220364950124
bias,slp_hpa,0.5,ramp,33,8,1.0,16,True,True,True,0.125,0.08333333333333333,0.4705854316851637,0.5089053103509472,-0.0383198786657835,0.4670481135633145,0.003537318121849209
bias,slp_hpa,0.5,ramp,33,9,-1.0,16,True,True,True,0.25,0.08333333333333333,0.4740122521664185,0.4909169658958218,-0.01690471372940329,0.45982934425359745,0.014182907912821063
bias,slp_hpa,1.0,step,11,0,-1.0,16,True,False,True,0.3125,0.3333333333333333,0.482028270974839,0.5041186758967857,-0.02209040492194684,0.46908258884191023,0.012945682132928793
bias,slp_hpa,1.0,step,11,1,1.0,16,False,False,False,0.0,0.0,0.4416687543672043,0.4815410828445146,-0.039872328477310294,0.44347886160902267,-0.0018101072418183484
bias,slp_hpa,1.0,step,11,2,-1.0,16,True,False,True,0.125,0.13333333333333333,0.44914312435691556,0.4739284569401306,-0.024785332583215004,0.4432288824703013,0.005914241886614269
bias,slp_hpa,1.0,step,11,3,-1.0,16,True,False,True,0.3125,0.3333333333333333,0.4660577781911731,0.47553580081153846,-0.009478022620365355,0.4388890099024124,0.027168768288760692
bias,slp_hpa,1.0,step,11,4,1.0,16,True,False,True,0.375,0.4,0.48577792140215403,0.4971703498977016,-0.011392428495547599,0.47498784291691387,0.010790078485240162
bias,slp_hpa,1.0,step,11,5,-1.0,16,False,False,False,0.0,0.0,0.47940896991775306,0.5388367567854299,-0.059427786867676774,0.47694015173830756,0.0024688181794454978
bias,slp_hpa,1.0,step,11,6,1.0,16,False,False,False,0.0,0.0,0.43385951311757,0.483719109366442,-0.04985959624887204,0.4316998265866496,0.0021596865309203572
bias,slp_hpa,1.0,step,11,7,-1.0,16,True,True,True,0.25,0.2,0.5138442751243949,0.5358722700899634,-0.022027994965568443,0.5007710435850634,0.013073231539331487
bias,slp_hpa,1.0,step,11,8,1.0,16,False,False,False,0.0,0.0,0.4510669342267122,0.5090758389490029,-0.0580089047222908,0.44324309376493426,0.00782384046177792
bias,slp_hpa,1.0,step,11,9,1.0,16,True,False,True,0.0625,0.06666666666666667,0.48100580049108843,0.5226062332124572,-0.04160043272136878,0.468029067524055,0.012976732967033444
bias,slp_hpa,1.0,step,22,0,-1.0,16,True,True,True,0.3125,0.26666666666666666,0.5039161898551668,0.5113216491535848,-0.007405459298418005,0.48675992460065864,0.017156265254508196
bias,slp_hpa,1.0,step,22,1,-1.0,16,True,False,True,0.3125,0.3333333333333333,0.502352851950091,0.522284127039327,-0.019931275089235985,0.47855752527307793,0.023795326677013118
bias,slp_hpa,1.0,step,22,2,-1.0,16,True,True,True,0.125,0.06666666666666667,0.4689970149721436,0.5038779165955081,-0.03488090162336446,0.4536465553984672,0.015350459573676367
bias,slp_hpa,1.0,step,22,3,1.0,16,False,False,False,0.0,0.0,0.4393296433623486,0.49099593146562176,-0.051666288103273166,0.4352853165528207,0.004044326809527876
bias,slp_hpa,1.0,step,22,4,-1.0,16,True,False,True,0.0625,0.06666666666666667,0.4767306043885524,0.521520537117417,-0.0447899327288645,0.4556708787862386,0.02105972560231384
bias,slp_hpa,1.0,step,22,5,1.0,16,True,False,True,0.0625,0.06666666666666667,0.470764598684725,0.5087265132507486,-0.03796191456602366,0.4565483047573987,0.014216293927326262
bias,slp_hpa,1.0,step,22,6,-1.0,16,False,False,False,0.0,0.0,0.43524346202825626,0.4902741800861501,-0.05503071805789386,0.4229484560742219,0.012295005954034377
bias,slp_hpa,1.0,step,22,7,-1.0,16,True,False,True,0.125,0.13333333333333333,0.47937051311420453,0.5109225760318319,-0.03155206291762728,0.46203802078262435,0.017332492331580185
bias,slp_hpa,1.0,step,22,8,1.0,16,False,False,False,0.0,0.0,0.428267247536336,0.4987182055952111,-0.07045095805887507,0.4201510020712498,0.008116245465086214
bias,slp_hpa,1.0,step,22,9,-1.0,16,True,False,True,0.25,0.26666666666666666,0.47434564183159944,0.48837310575539955,-0.014027463923800079,0.4515942913320037,0.022751350499595757
bias,slp_hpa,1.0,step,33,0,-1.0,16,False,False,False,0.0,0.0,0.4853247712250276,0.5406428429141668,-0.05531807168913913,0.47727802214991255,0.008046749075115045
bias,slp_hpa,1.0,step,33,1,1.0,16,True,True,True,0.3125,0.26666666666666666,0.5176934406560202,0.5318337697956634,-0.014140329139643207,0.5081715690938567,0.009521871562163442
bias,slp_hpa,1.0,step,33,2,1.0,16,True,True,False,0.0625,0.0,0.4479240709998581,0.4794971605130711,-0.03157308951321299,0.4301689051955818,0.017755165804276274
bias,slp_hpa,1.0,step,33,3,1.0,16,False,False,False,0.0,0.0,0.4737071923190408,0.5258874240864977,-0.05218023176745699,0.45783386089320444,0.015873331425836357
bias,slp_hpa,1.0,step,33,4,-1.0,16,True,False,True,0.1875,0.2,0.460440512699675,0.4853328391594069,-0.024892326459731898,0.4623348145271013,-0.0018943018274262813
bias,slp_hpa,1.0,step,33,5,-1.0,16,True,True,False,0.0625,0.0,0.4536370972241627,0.49075714954395067,-0.037120052319788,0.4516644549528264,0.0019726422713362557
bias,slp_hpa,1.0,step,33,6,-1.0,16,True,True,True,0.1875,0.13333333333333333,0.48688676310098855,0.5224318403445016,-0.035545077243513065,0.4696144774912747,0.017272285609713833
bias,slp_hpa,1.0,step,33,7,-1.0,16,False,False,False,0.0,0.0,0.46349638346210575,0.5156172461122277,-0.05212086265012189,0.45294550883961276,0.01055087462249299
bias,slp_hpa,1.0,step,33,8,1.0,16,True,True,True,0.1875,0.13333333333333333,0.4812749427059241,0.5111151476016793,-0.029840204895755253,0.4670481135633145,0.014226829142609587
bias,slp_hpa,1.0,step,33,9,-1.0,16,True,True,True,0.25,0.2,0.4842232603312725,0.4919668538717074,-0.00774359354043495,0.45982934425359745,0.02439391607767505
bias,slp_hpa,1.0,ramp,11,0,-1.0,16,True,False,True,0.3125,0.4166666666666667,0.48279880132588104,0.5041067176217469,-0.021307916295865856,0.46908258884191023,0.013716212483970813
bias,slp_hpa,1.0,ramp,11,1,1.0,16,False,False,False,0.0,0.0,0.4407393087161685,0.4815410828445146,-0.040801774128346076,0.44347886160902267,-0.002739552892854158
bias,slp_hpa,1.0,ramp,11,2,-1.0,16,True,False,True,0.1875,0.25,0.44447975970539383,0.47117784710528926,-0.026698087399895442,0.4432288824703013,0.0012508772350925401
bias,slp_hpa,1.0,ramp,11,3,-1.0,16,True,False,True,0.25,0.3333333333333333,0.4633420095311571,0.47560872676280586,-0.012266717231648749,0.4388890099024124,0.024452999628744698
bias,slp_hpa,1.0,ramp,11,4,1.0,16,True,True,True,0.3125,0.3333333333333333,0.4832631888380744,0.4957171529035428,-0.012453964065468386,0.47498784291691387,0.008275345921160526
bias,slp_hpa,1.0,ramp,11,5,-1.0,16,False,False,False,0.0,0.0,0.4771875190356455,0.5380582013202202,-0.060870682284574734,0.47694015173830756,0.0002473672973379304
bias,slp_hpa,1.0,ramp,11,6,1.0,16,False,False,False,0.0,0.0,0.43484846369258734,0.483719109366442,-0.04887064567385466,0.4316998265866496,0.0031486371059377127
bias,slp_hpa,1.0,ramp,11,7,-1.0,16,True,False,True,0.1875,0.25,0.5080100334770439,0.5342840085093077,-0.026273975032263842,0.5007710435850634,0.007238989891980463
bias,slp_hpa,1.0,ramp,11,8,1.0,16,False,False,False,0.0,0.0,0.4539150451022098,0.5090758389490029,-0.05516079384679311,0.44324309376493426,0.010671951337275554
bias,slp_hpa,1.0,ramp,11,9,1.0,16,True,False,True,0.0625,0.08333333333333333,0.48314999961737815,0.5231716604677064,-0.04002166085032814,0.468029067524055,0.015120932093323158
bias,slp_hpa,1.0,ramp,22,0,-1.0,16,True,True,True,0.3125,0.08333333333333333,0.5040116640859493,0.5104832323712323,-0.006471568285282853,0.48675992460065864,0.017251739485290685
bias,slp_hpa,1.0,ramp,22,1,-1.0,16,True,False,True,0.3125,0.4166666666666667,0.4995851729666585,0.5218928369834424,-0.022307664016783777,0.47855752527307793,0.021027647693580565
bias,slp_hpa,1.0,ramp,22,2,-1.0,16,True,True,False,0.0625,0.0,0.468474148888464,0.5038779165955081,-0.03540376770704405,0.4536465553984672,0.014827593489996793
bias,slp_hpa,1.0,ramp,22,3,1.0,16,False,False,False,0.0,0.0,0.43923990230063203,0.49099593146562176,-0.05175602916498974,0.4352853165528207,0.003954585747811323
bias,slp_hpa,1.0,ramp,22,4,-1.0,16,True,True,False,0.0625,0.0,0.47674422894365553,0.5220371001186337,-0.045292871174978176,0.4556708787862386,0.02107335015741696
bias,slp_hpa,1.0,ramp,22,5,1.0,16,True,False,True,0.0625,0.08333333333333333,0.4681876070989702,0.5087265132507486,-0.040538906151778346,0.4565483047573987,0.011639302341571511
bias,slp_hpa,1.0,ramp,22,6,-1.0,16,False,False,False,0.0,0.0,0.43554245459938784,0.4902741800861501,-0.054731725486762264,0.4229484560742219,0.012593998525165961
bias,slp_hpa,1.0,ramp,22,7,-1.0,16,True,True,False,0.0625,0.0,0.4760990641255426,0.510678888106147,-0.03457982398060451,0.46203802078262435,0.014061043342918245
bias,slp_hpa,1.0,ramp,22,8,1.0,16,False,False,False,0.0,0.0,0.4255756510272436,0.49704742036920957,-0.07147176934196596,0.4201510020712498,0.005424648955993816
bias,slp_hpa,1.0,ramp,22,9,-1.0,16,True,True,True,0.25,0.25,0.47280553673990755,0.48837310575539955,-0.01556756901549199,0.4515942913320037,0.021211245407903867
bias,slp_hpa,1.0,ramp,33,0,-1.0,16,False,False,False,0.0,0.0,0.48472841358538654,0.5397358239520236,-0.05500741036663698,0.47727802214991255,0.007450391435473991
bias,slp_hpa,1.0,ramp,33,1,1.0,16,True,True,True,0.3125,0.3333333333333333,0.5156151766615183,0.5318337697956634,-0.016218593134145105,0.5081715690938567,0.007443607567661603
bias,slp_hpa,1.0,ramp,33,2,1.0,16,False,False,False,0.0,0.0,0.4461368489846408,0.47799149837311017,-0.03185464938846938,0.4301689051955818,0.01596794378905897
bias,slp_hpa,1.0,ramp,33,3,1.0,16,False,False,False,0.0,0.0,0.4741027188576475,0.5229541814408092,-0.04885146258316162,0.45783386089320444,0.01626885796444305
bias,slp_hpa,1.0,ramp,33,4,-1.0,16,True,False,True,0.1875,0.25,0.458035052947012,0.4853328391594069,-0.02729778621239488,0.4623348145271013,-0.0042997615800892675
bias,slp_hpa,1.0,ramp,33,5,-1.0,16,False,False,False,0.0,0.0,0.45224774233886367,0.49029969025232845,-0.03805194791346475,0.4516644549528264,0.0005832873860372456
bias,slp_hpa,1.0,ramp,33,6,-1.0,16,True,False,True,0.125,0.16666666666666666,0.4834511042249613,0.5204360209057375,-0.03698491668077621,0.4696144774912747,0.013836626733686574
bias,slp_hpa,1.0,ramp,33,7,-1.0,16,True,True,False,0.0625,0.0,0.4675364506015481,0.5148580182594052,-0.047321567657857194,0.45294550883961276,0.014590941761935317
bias,slp_hpa,1.0,ramp,33,8,1.0,16,True,True,True,0.125,0.08333333333333333,0.47652369621689405,0.5089053103509472,-0.03238161413405312,0.4670481135633145,0.009475582653579562
bias,slp_hpa,1.0,ramp,33,9,-1.0,16,True,True,True,0.25,0.08333333333333333,0.48040227730575935,0.49156289157292377,-0.011160614267164387,0.45982934425359745,0.0205729330521619
bias,slp_hpa,1.5,step,11,0,-1.0,16,True,False,True,0.3125,0.3333333333333333,0.4919959709777136,0.5047009020633526,-0.012704931085639172,0.46908258884191023,0.02291338213580335
bias,slp_hpa,1.5,step,11,1,1.0,16,False,False,False,0.0,0.0,0.4469218742883849,0.48614884426107824,-0.03922696997269337,0.44347886160902267,0.003443012679362256
bias,slp_hpa,1.5,step,11,2,-1.0,16,True,True,True,0.4375,0.4,0.46663542610154146,0.4765850572535978,-0.009949631152056337,0.4432288824703013,0.023406543631240173
bias,slp_hpa,1.5,step,11,3,-1.0,16,True,False,True,0.375,0.4,0.478056594009062,0.48213476574090697,-0.004078171731844979,0.4388890099024124,0.039167584106649556
bias,slp_hpa,1.5,step,11,4,1.0,16,True,False,True,0.375,0.4,0.49173229153457604,0.4986307451941915,-0.006898453659615434,0.47498784291691387,0.016744448617662167
bias,slp_hpa,1.5,step,11,5,-1.0,16,True,True,False,0.0625,0.0,0.4882756606192014,0.5425709601528621,-0.05429529953366073,0.47694015173830756,0.011335508880893852
bias,slp_hpa,1.5,step,11,6,1.0,16,False,False,False,0.0,0.0,0.44052772495069037,0.48675562044686643,-0.04622789549617608,0.4316998265866496,0.008827898364040743
bias,slp_hpa,1.5,step,11,7,-1.0,16,True,True,True,0.3125,0.26666666666666666,0.5255258838304258,0.5371340685434278,-0.011608184713001991,0.5007710435850634,0.02475484024536234
bias,slp_hpa,1.5,step,11,8,1.0,16,False,False,False,0.0,0.0,0.4582306423239011,0.5097223313197121,-0.051491688995811004,0.44324309376493426,0.014987548558966834
bias,slp_hpa,1.5,step,11,9,1.0,16,True,False,True,0.125,0.13333333333333333,0.48889364154379455,0.5259768617491178,-0.03708322020532329,0.468029067524055,0.020864574019739568
bias,slp_hpa,1.5,step,22,0,-1.0,16,True,True,True,0.4375,0.4,0.515769450156863,0.5135115042614056,0.0022579458954575284,0.48675992460065864,0.029009525556204396
bias,slp_hpa,1.5,step,22,1,-1.0,16,True,True,True,0.375,0.3333333333333333,0.5123143173698537,0.5243007131201163,-0.011986395750262672,0.47855752527307793,0.033756792096775734
bias,slp_hpa,1.5,step,22,2,-1.0,16,True,True,True,0.1875,0.13333333333333333,0.4807067221345631,0.5038779165955081,-0.023171194460944938,0.4536465553984672,0.027060166736095903
bias,slp_hpa,1.5,step,22,3,1.0,16,True,False,True,0.0625,0.06666666666666667,0.44611490782920815,0.49099593146562176,-0.04488102363641361,0.4352853165528207,0.01082959127638744
bias,slp_hpa,1.5,step,22,4,-1.0,16,True,False,True,0.0625,0.06666666666666667,0.49222001308250857,0.5223866336133831,-0.03016662053087452,0.4556708787862386,0.03654913429626999
bias,slp_hpa,1.5,step,22,5,1.0,16,True,True,True,0.125,0.06666666666666667,0.4751935569840625,0.5094547959125684,-0.0342612389285059,0.4565483047573987,0.0186452522266638
bias,slp_hpa,1.5,step,22,6,-1.0,16,False,False,False,0.0,0.0,0.4475163433198566,0.49200863253191945,-0.044492289212062795,0.4229484560742219,0.024567887245634745
bias,slp_hpa,1.5,step,22,7,-1.0,16,True,True,True,0.25,0.2,0.48982652510330504,0.5162762411077888,-0.026449716004483842,0.46203802078262435,0.027788504320680696
bias,slp_hpa,1.5,step,22,8,1.0,16,False,False,False,0.0,0.0,0.43530444808223984,0.5013641901385602,-0.06605974205632027,0.4201510020712498,0.015153446010990057
bias,slp_hpa,1.5,step,22,9,-1.0,16,True,False,True,0.25,0.26666666666666666,0.4815673952752464,0.49172581898978307,-0.010158423714536634,0.4515942913320037,0.029973103943242707
bias,slp_hpa,1.5,step,33,0,-1.0,16,True,False,True,0.0625,0.06666666666666667,0.4999461792410728,0.5416140764002995,-0.04166789715922666,0.47727802214991255,0.022668157091160268
bias,slp_hpa,1.5,step,33,1,1.0,16,True,True,True,0.375,0.3333333333333333,0.5275358599260654,0.5331844478270131,-0.005648587900947702,0.5081715690938567,0.019364290832208697
bias,slp_hpa,1.5,step,33,2,1.0,16,True,True,False,0.0625,0.0,0.45270700871658015,0.48234634275625005,-0.02963933403966991,0.4301689051955818,0.02253810352099833
bias,slp_hpa,1.5,step,33,3,1.0,16,False,False,False,0.0,0.0,0.47717911833284676,0.5288107502483179,-0.05163163191547118,0.45783386089320444,0.019345257439642327
bias,slp_hpa,1.5,step,33,4,-1.0,16,True,False,True,0.25,0.26666666666666666,0.4670219285220055,0.4860641557853018,-0.0190422272632963,0.4623348145271013,0.004687113994904235
bias,slp_hpa,1.5,step,33,5,-1.0,16,True,True,True,0.125,0.06666666666666667,0.45841762540527686,0.4943920984427759,-0.035974473037499066,0.4516644549528264,0.006753170452450441
bias,slp_hpa,1.5,step,33,6,-1.0,16,True,True,True,0.1875,0.13333333333333333,0.4959427049403088,0.5246865491581163,-0.028743844217807544,0.4696144774912747,0.02632822744903407
bias,slp_hpa,1.5,step,33,7,-1.0,16,True,True,False,0.0625,0.0,0.4758069309653009,0.5201158796072796,-0.044308948641978624,0.45294550883961276,0.022861422125688147
bias,slp_hpa,1.5,step,33,8,1.0,16,True,True,True,0.25,0.2,0.49212626268104165,0.515744462447616,-0.023618199766574376,0.4670481135633145,0.025078149117727155
bias,slp_hpa,1.5,step,33,9,-1.0,16,True,True,True,0.375,0.3333333333333333,0.4952651072428789,0.4943776235703607,0.0008874836725182682,0.45982934425359745,0.03543576298928147
bias,slp_hpa,1.5,ramp,11,0,-1.0,16,True,False,True,0.3125,0.4166666666666667,0.4922031406667027,0.504697125199028,-0.012493984532325378,0.46908258884191023,0.023120551824792446
bias,slp_hpa,1.5,ramp,11,1,1.0,16,False,False,False,0.0,0.0,0.44327691846783956,0.48614884426107824,-0.04287192579323867,0.44347886160902267,-0.00020194314118310297
bias,slp_hpa,1.5,ramp,11,2,-1.0,16,True,False,True,0.3125,0.4166666666666667,0.45968163626101777,0.4721754696248027,-0.012493833363784956,0.4432288824703013,0.01645275379071648
bias,slp_hpa,1.5,ramp,11,3,-1.0,16,True,False,True,0.4375,0.5833333333333334,0.4752597449270396,0.47914852308482725,-0.0038887781577876153,0.4388890099024124,0.03637073502462718
bias,slp_hpa,1.5,ramp,11,4,1.0,16,True,True,True,0.4375,0.4166666666666667,0.49080887967994075,0.4967327873101261,-0.005923907630185379,0.47498784291691387,0.015821036763026874
bias,slp_hpa,1.5,ramp,11,5,-1.0,16,True,True,False,0.0625,0.0,0.4843966180416922,0.539604626948178,-0.055208008906485806,0.47694015173830756,0.007456466303384646
bias,slp_hpa,1.5,ramp,11,6,1.0,16,False,False,False,0.0,0.0,0.44128525685565345,0.483719109366442,-0.0424338525107885,0.4316998265866496,0.009585430269003825
bias,slp_hpa,1.5,ramp,11,7,-1.0,16,True,False,True,0.1875,0.25,0.5183815034876356,0.5349175597811471,-0.016536056293511407,0.5007710435850634,0.01761045990257215
bias,slp_hpa,1.5,ramp,11,8,1.0,16,False,False,False,0.0,0.0,0.46082733777344903,0.5096179824731728,-0.04879064469972373,0.44324309376493426,0.01758424400851477
bias,slp_hpa,1.5,ramp,11,9,1.0,16,True,False,True,0.125,0.16666666666666666,0.49259286488605414,0.525242885433155,-0.03265002054710074,0.468029067524055,0.02456379736199915
bias,slp_hpa,1.5,ramp,22,0,-1.0,16,True,True,True,0.4375,0.25,0.5160311301979812,0.5126240991164376,0.003407031081543662,0.48675992460065864,0.029271205597322547
bias,slp_hpa,1.5,ramp,22,1,-1.0,16,True,False,True,0.375,0.5,0.5077117434517869,0.5223549184561485,-0.014643175004361537,0.47855752527307793,0.029154218178709
bias,slp_hpa,1.5,ramp,22,2,-1.0,16,True,True,False,0.125,0.0,0.47950552069345553,0.5038779165955081,-0.02437239590205253,0.4536465553984672,0.025858965294988323
bias,slp_hpa,1.5,ramp,22,3,1.0,16,True,False,True,0.0625,0.08333333333333333,0.44534793950258433,0.49099593146562176,-0.045647991963037385,0.4352853165528207,0.010062622949763622
bias,slp_hpa,1.5,ramp,22,4,-1.0,16,True,True,True,0.1875,0.08333333333333333,0.4916086752297441,0.5236266729142014,-0.03201799768445737,0.4556708787862386,0.03593779644350553
bias,slp_hpa,1.5,ramp,22,5,1.0,16,True,False,True,0.0625,0.08333333333333333,0.47180472842448207,0.5087265132507486,-0.03692178482626654,0.4565483047573987,0.015256423667083352
bias,slp_hpa,1.5,ramp,22,6,-1.0,16,False,False,False,0.0,0.0,0.4476095924864761,0.49200863253191945,-0.04439904004544332,0.4229484560742219,0.024661136412254203
bias,slp_hpa,1.5,ramp,22,7,-1.0,16,True,True,False,0.0625,0.0,0.4848824526131833,0.510678888106147,-0.02579643549296376,0.46203802078262435,0.022844431830558953
bias,slp_hpa,1.5,ramp,22,8,1.0,16,False,False,False,0.0,0.0,0.43287236482102515,0.5013641901385602,-0.06849182531753495,0.4201510020712498,0.012721362749775367
bias,slp_hpa,1.5,ramp,22,9,-1.0,16,True,True,True,0.25,0.25,0.48010650123828774,0.49172581898978307,-0.011619317751495318,0.4515942913320037,0.02851220990628406
bias,slp_hpa,1.5,ramp,33,0,-1.0,16,True,False,True,0.0625,0.08333333333333333,0.49751626838928614,0.5407717867797077,-0.04325551839042156,0.47727802214991255,0.020238246239373592
bias,slp_hpa,1.5,ramp,33,1,1.0,16,True,True,True,0.375,0.4166666666666667,0.5257477793709726,0.5322663573508751,-0.0065185779799025595,0.5081715690938567,0.017576210277115867
bias,slp_hpa,1.5,ramp,33,2,1.0,16,False,False,False,0.0,0.0,0.45073384425743845,0.47799149837311017,-0.027257654115671704,0.4301689051955818,0.020564939061856635
bias,slp_hpa,1.5,ramp,33,3,1.0,16,False,False,False,0.0,0.0,0.4802270390158337,0.5288107502483179,-0.048583711232484283,0.45783386089320444,0.022393178122629254
bias,slp_hpa,1.5,ramp,33,4,-1.0,16,True,False,True,0.25,0.3333333333333333,0.463172525486678,0.4860641557853018,-0.022891630298623847,0.4623348145271013,0.0008377109595766874
bias,slp_hpa,1.5,ramp,33,5,-1.0,16,True,False,True,0.0625,0.08333333333333333,0.45663305711527363,0.490463716696411,-0.033830659581137276,0.4516644549528264,0.004968602162447211
bias,slp_hpa,1.5,ramp,33,6,-1.0,16,True,False,True,0.125,0.16666666666666666,0.49033281498306336,0.5204360209057375,-0.030103205922674073,0.4696144774912747,0.02071833749178864
bias,slp_hpa,1.5,ramp,33,7,-1.0,16,True,True,False,0.0625,0.0,0.478953705745853,0.5148697122581146,-0.035916006512261664,0.45294550883961276,0.026008196906240233
bias,slp_hpa,1.5,ramp,33,8,1.0,16,True,True,True,0.125,0.08333333333333333,0.4859865302242099,0.5102472794780761,-0.02426074925386621,0.4670481135633145,0.018938416660895407
bias,slp_hpa,1.5,ramp,33,9,-1.0,16,True,True,True,0.4375,0.25,0.48834323525111967,0.4935316536181682,-0.005188418367048569,0.45982934425359745,0.028513890997522218
bias,slp_hpa,2.0,step,11,0,-1.0,16,True,True,True,0.375,0.3333333333333333,0.5012755721951441,0.5052791802282666,-0.004003608033122559,0.46908258884191023,0.03219298335323384
bias,slp_hpa,2.0,step,11,1,1.0,16,False,False,False,0.0,0.0,0.45449904098397775,0.48648674836756395,-0.03198770738358618,0.44347886160902267,0.011020179374955086
bias,slp_hpa,2.0,step,11,2,-1.0,16,True,True,True,0.4375,0.4,0.4796054580560062,0.4792447610218653,0.0003606970341409263,0.4432288824703013,0.036376575585704896
bias,slp_hpa,2.0,step,11,3,-1.0,16,True,True,True,0.4375,0.4,0.49158322535642973,0.48678308709212115,0.004800138264308643,0.4388890099024124,0.05269421545401731
bias,slp_hpa,2.0,step,11,4,1.0,16,True,False,True,0.375,0.4,0.4939370762034947,0.49885862045729235,-0.004921544253797681,0.47498784291691387,0.018949233286580824
bias,slp_hpa,2.0,step,11,5,-1.0,16,True,True,False,0.0625,0.0,0.4988406883535337,0.5452788435068012,-0.04643815515326756,0.47694015173830756,0.02190053661522612
bias,slp_hpa,2.0,step,11,6,1.0,16,False,False,False,0.0,0.0,0.44770440714496057,0.4888779975169004,-0.04117359037193983,0.4316998265866496,0.016004580558310944
bias,slp_hpa,2.0,step,11,7,-1.0,16,True,True,True,0.4375,0.4,0.5355302818355376,0.5387774273063572,-0.0032471454708196124,0.5007710435850634,0.03475923825047422
bias,slp_hpa,2.0,step,11,8,1.0,16,False,False,False,0.0,0.0,0.4670700769185841,0.509973998528086,-0.04290392160950196,0.44324309376493426,0.02382698315364984
bias,slp_hpa,2.0,step,11,9,1.0,16,True,False,True,0.125,0.13333333333333333,0.4922193729117682,0.5306541962842525,-0.038434823372484245,0.468029067524055,0.024190305387713218
bias,slp_hpa,2.0,step,22,0,-1.0,16,True,True,True,0.6875,0.6666666666666666,0.5231125293255023,0.515439528702748,0.007673000622754257,0.48675992460065864,0.036352604724843696
bias,slp_hpa,2.0,step,22,1,-1.0,16,True,True,True,0.4375,0.4,0.519685641003993,0.5253885922652604,-0.0057029512612674985,0.47855752527307793,0.041128115730915016
bias,slp_hpa,2.0,step,22,2,-1.0,16,True,True,True,0.375,0.3333333333333333,0.4941640375941265,0.5038779165955081,-0.009713879001381518,0.4536465553984672,0.040517482195659316
bias,slp_hpa,2.0,step,22,3,1.0,16,True,False,True,0.125,0.13333333333333333,0.4575424718644068,0.49114222563904564,-0.03359975377463893,0.4352853165528207,0.022257155311586063
bias,slp_hpa,2.0,step,22,4,-1.0,16,True,True,True,0.1875,0.13333333333333333,0.500180996271179,0.527171787346981,-0.02699079107580206,0.4556708787862386,0.04451011748494038
bias,slp_hpa,2.0,step,22,5,1.0,16,True,True,True,0.125,0.06666666666666667,0.4780518036770489,0.510475528990991,-0.03242372531394208,0.4565483047573987,0.0215034989196502
bias,slp_hpa,2.0,step,22,6,-1.0,16,False,False,False,0.0,0.0,0.45917274170447986,0.49358338280941416,-0.03441064110493425,0.4229484560742219,0.03622428563025798
bias,slp_hpa,2.0,step,22,7,-1.0,16,True,True,True,0.25,0.2,0.49943655666478837,0.5212940356299327,-0.021857478965144304,0.46203802078262435,0.03739853588216402
bias,slp_hpa,2.0,step,22,8,1.0,16,True,True,False,0.0625,0.0,0.44318792733369883,0.5028388076262338,-0.059650880292534895,0.4201510020712498,0.02303692526244905
bias,slp_hpa,2.0,step,22,9,-1.0,16,True,True,True,0.3125,0.26666666666666666,0.4902943436641869,0.494538429374216,-0.00424408571002903,0.4515942913320037,0.03870005233218321
bias,slp_hpa,2.0,step,33,0,-1.0,16,True,False,True,0.1875,0.2,0.5129917075511852,0.5443468123668875,-0.03135510481570227,0.47727802214991255,0.03571368540127262
bias,slp_hpa,2.0,step,33,1,1.0,16,True,True,True,0.4375,0.4,0.5334146162986505,0.5334161920217249,-1.5757230743505823e-06,0.5081715690938567,0.025243047204793756
bias,slp_hpa,2.0,step,33,2,1.0,16,True,True,False,0.0625,0.0,0.4561660431219917,0.483979267986882,-0.02781322486489031,0.4301689051955818,0.025997137926409897
bias,slp_hpa,2.0,step,33,3,1.0,16,False,False,False,0.0,0.0,0.4793280954212002,0.5326261970504587,-0.05329810162925838,0.45783386089320444,0.02149423452799576
bias,slp_hpa,2.0,step,33,4,-1.0,16,True,False,True,0.25,0.26666666666666666,0.4774452631466851,0.48608125411505004,-0.008635990968364943,0.4623348145271013,0.015110448619583827
bias,slp_hpa,2.0,step,33,5,-1.0,16,True,True,True,0.1875,0.13333333333333333,0.4692076563144636,0.49703269318548826,-0.02782503687102463,0.4516644549528264,0.017543201361637173
bias,slp_hpa,2.0,step,33,6,-1.0,16,True,True,True,0.1875,0.13333333333333333,0.5035349728766924,0.5256535880816235,-0.022118615204931188,0.4696144774912747,0.03392049538541764
bias,slp_hpa,2.0,step,33,7,-1.0,16,True,True,True,0.125,0.06666666666666667,0.48662360563442975,0.5201472082209309,-0.03352360258650115,0.45294550883961276,0.03367809679481698
bias,slp_hpa,2.0,step,33,8,1.0,16,True,True,True,0.25,0.2,0.4998184373993919,0.5199168631282365,-0.020098425728844606,0.4670481135633145,0.03277032383607742
bias,slp_hpa,2.0,step,33,9,-1.0,16,True,True,True,0.5625,0.5333333333333333,0.5102749887308613,0.497375446582043,0.012899542148818353,0.45982934425359745,0.05044564447726385
bias,slp_hpa,2.0,ramp,11,0,-1.0,16,True,True,True,0.375,0.4166666666666667,0.500572649429855,0.5052397281739633,-0.0046670787441085194,0.46908258884191023,0.03149006058794479
bias,slp_hpa,2.0,ramp,11,1,1.0,16,False,False,False,0.0,0.0,0.44842394043120215,0.48648674836756395,-0.03806280793636182,0.44347886160902267,0.004945078822179483
bias,slp_hpa,2.0,ramp,11,2,-1.0,16,True,True,True,0.4375,0.5,0.4705901137534053,0.47516316621125687,-0.004573052457851608,0.4432288824703013,0.027361231283104026
bias,slp_hpa,2.0,ramp,11,3,-1.0,16,True,True,True,0.5,0.5833333333333334,0.4888061749820215,0.4835014633414963,0.0053047116405252025,0.4388890099024124,0.04991716507960908
bias,slp_hpa,2.0,ramp,11,4,1.0,16,True,True,True,0.5,0.5,0.4941850215454983,0.4981946397448764,-0.004009618199378059,0.47498784291691387,0.019197178628584444
bias,slp_hpa,2.0,ramp,11,5,-1.0,16,True,True,False,0.0625,0.0,0.4942568959412997,0.5424354798404637,-0.04817858389916408,0.47694015173830756,0.017316744202992118
bias,slp_hpa,2.0,ramp,11,6,1.0,16,False,False,False,0.0,0.0,0.44848755827318676,0.483719109366442,-0.03523155109325522,0.4316998265866496,0.016787731686537133
bias,slp_hpa,2.0,ramp,11,7,-1.0,16,True,True,True,0.3125,0.3333333333333333,0.5292202291812957,0.5365288325012101,-0.007308603319914311,0.5007710435850634,0.02844918559623233
bias,slp_hpa,2.0,ramp,11,8,1.0,16,False,False,False,0.0,0.0,0.46901548237893975,0.509973998528086,-0.04095851614914632,0.44324309376493426,0.025772388614005493
bias,slp_hpa,2.0,ramp,11,9,1.0,16,True,True,True,0.1875,0.16666666666666666,0.4979248683370861,0.529321126096282,-0.03139625775919584,0.468029067524055,0.029895800813031115
bias,slp_hpa,2.0,ramp,22,0,-1.0,16,True,True,True,0.6875,0.5833333333333334,0.5235315704631525,0.513757655621784,0.009773914841368393,0.48675992460065864,0.03677164586249382
bias,slp_hpa,2.0,ramp,22,1,-1.0,16,True,False,True,0.375,0.5,0.5152837768159336,0.5240718388755357,-0.008788062059601986,0.47855752527307793,0.03672625154285569
bias,slp_hpa,2.0,ramp,22,2,-1.0,16,True,True,True,0.3125,0.25,0.4927681548442914,0.5038779165955081,-0.011109761751216717,0.4536465553984672,0.03912159944582416
bias,slp_hpa,2.0,ramp,22,3,1.0,16,True,False,True,0.125,0.16666666666666666,0.456522070355712,0.49114222563904564,-0.034620155283333634,0.4352853165528207,0.021236753802891306
bias,slp_hpa,2.0,ramp,22,4,-1.0,16,True,True,True,0.1875,0.08333333333333333,0.4994101092945043,0.524189170722983,-0.024779061428478688,0.4556708787862386,0.043739230508265725
bias,slp_hpa,2.0,ramp,22,5,1.0,16,True,True,True,0.125,0.08333333333333333,0.47529604982275275,0.5093646791135382,-0.034068629290785385,0.4565483047573987,0.018747745065354038
bias,slp_hpa,2.0,ramp,22,6,-1.0,16,False,False,False,0.0,0.0,0.4580934423407247,0.49358338280941416,-0.03548994046868943,0.4229484560742219,0.03514498626650281
bias,slp_hpa,2.0,ramp,22,7,-1.0,16,True,True,False,0.1875,0.0,0.49384814784283976,0.5137008950024817,-0.01985274715964191,0.46203802078262435,0.03181012706021541
bias,slp_hpa,2.0,ramp,22,8,1.0,16,False,False,False,0.0,0.0,0.4405427834927401,0.50243134362896,-0.06188856013621998,0.4201510020712498,0.02039178142149034
bias,slp_hpa,2.0,ramp,22,9,-1.0,16,True,True,True,0.3125,0.25,0.4895252426915587,0.494398185489695,-0.004872942798136274,0.4515942913320037,0.03793095135955504
bias,slp_hpa,2.0,ramp,33,0,-1.0,16,True,False,True,0.125,0.16666666666666666,0.5085375773680085,0.5420588134250005,-0.033521236056991935,0.47727802214991255,0.03125955521809598
bias,slp_hpa,2.0,ramp,33,1,1.0,16,True,True,True,0.4375,0.5,0.5325016225265766,0.5322663573508751,0.00023526517570152464,0.5081715690938567,0.024330053432719878
bias,slp_hpa,2.0,ramp,33,2,1.0,16,True,False,True,0.0625,0.08333333333333333,0.45518115436259377,0.4780330105715567,-0.02285185620896296,0.4301689051955818,0.025012249167011946
bias,slp_hpa,2.0,ramp,33,3,1.0,16,False,False,False,0.0,0.0,0.4836719568410917,0.5326082111584164,-0.04893625431732469,0.45783386089320444,0.025838095947887274
bias,slp_hpa,2.0,ramp,33,4,-1.0,16,True,False,True,0.25,0.3333333333333333,0.4723507140024359,0.48608125411505004,-0.013730540112614126,0.4623348145271013,0.0100158994753346
bias,slp_hpa,2.0,ramp,33,5,-1.0,16,True,True,True,0.125,0.08333333333333333,0.4659564485980295,0.49362895284603614,-0.02767250424800662,0.4516644549528264,0.01429199364520306
bias,slp_hpa,2.0,ramp,33,6,-1.0,16,True,False,True,0.125,0.16666666666666666,0.498027330106951,0.5204360209057375,-0.02240869079878648,0.4696144774912747,0.028412852615676276
bias,slp_hpa,2.0,ramp,33,7,-1.0,16,True,True,True,0.125,0.08333333333333333,0.4893630071524453,0.5162413232089706,-0.026878316056525246,0.45294550883961276,0.03641749831283253
bias,slp_hpa,2.0,ramp,33,8,1.0,16,True,True,True,0.125,0.08333333333333333,0.4948521681462434,0.5162997560328255,-0.021447587886582138,0.4670481135633145,0.027804054582928894
bias,slp_hpa,2.0,ramp,33,9,-1.0,16,True,True,True,0.5625,0.4166666666666667,0.5016775193647949,0.4963932415430792,0.005284277821715706,0.45982934425359745,0.04184817511119743
bias,slp_hpa,3.0,step,11,0,-1.0,16,True,True,True,0.4375,0.4,0.5151220950531246,0.5070733796130309,0.008048715440093647,0.46908258884191023,0.04603950621121433
bias,slp_hpa,3.0,step,11,1,1.0,16,True,True,True,0.25,0.2,0.47152615780804535,0.49274411734427326,-0.021217959536227852,0.44347886160902267,0.028047296199022687
bias,slp_hpa,3.0,step,11,2,-1.0,16,True,True,True,0.8125,0.8,0.5094454745561328,0.4896712353465617,0.019774239209571033,0.4432288824703013,0.06621659208583147
bias,slp_hpa,3.0,step,11,3,-1.0,16,True,True,True,0.625,0.6,0.513572953048614,0.4999861171848764,0.01358683586373749,0.4388890099024124,0.07468394314620153
bias,slp_hpa,3.0,step,11,4,1.0,16,True,True,True,0.5625,0.5333333333333333,0.49799857186211094,0.4996813845940228,-0.0016828127319118077,0.47498784291691387,0.023010728945197068
bias,slp_hpa,3.0,step,11,5,-1.0,16,True,True,True,0.125,0.06666666666666667,0.517688564141358,0.5500910388940787,-0.03240247475272084,0.47694015173830756,0.04074841240305044
bias,slp_hpa,3.0,step,11,6,1.0,16,True,True,False,0.0625,0.0,0.4639671184487903,0.4898816857229257,-0.02591456727413535,0.4316998265866496,0.03226729186214067
bias,slp_hpa,3.0,step,11,7,-1.0,16,True,True,True,0.5625,0.5333333333333333,0.5458955369514183,0.5390004468339213,0.006895090117496928,0.5007710435850634,0.045124493366354934
bias,slp_hpa,3.0,step,11,8,1.0,16,True,True,True,0.1875,0.13333333333333333,0.47756862725853544,0.5122407522101948,-0.03467212495165933,0.44324309376493426,0.03432553349360118
bias,slp_hpa,3.0,step,11,9,1.0,16,True,True,True,0.125,0.06666666666666667,0.49841218470607196,0.5370896376856193,-0.03867745297954748,0.468029067524055,0.030383117182016972
bias,slp_hpa,3.0,step,22,0,-1.0,16,True,True,True,0.6875,0.6666666666666666,0.5336034357131416,0.5165350444163097,0.017068391296831888,0.48675992460065864,0.04684351111248297
bias,slp_hpa,3.0,step,22,1,-1.0,16,True,True,True,0.5,0.4666666666666667,0.5395246620044832,0.5268099321696506,0.012714729834832662,0.47855752527307793,0.0609671367314053
bias,slp_hpa,3.0,step,22,2,-1.0,16,True,True,True,0.4375,0.4,0.5101330822375802,0.5038779165955081,0.006255165642072125,0.4536465553984672,0.05648652683911304
bias,slp_hpa,3.0,step,22,3,1.0,16,True,True,True,0.1875,0.13333333333333333,0.4692677462946227,0.49240565300158,-0.023137906706957416,0.4352853165528207,0.03398242974180199
bias,slp_hpa,3.0,step,22,4,-1.0,16,True,True,False,0.0625,0.0,0.5130803669742733,0.5420973112349513,-0.029016944260678162,0.4556708787862386,0.05740948818803471
bias,slp_hpa,3.0,step,22,5,1.0,16,True,True,True,0.125,0.06666666666666667,0.4861351023233285,0.5110428214980551,-0.024907719174726624,0.4565483047573987,0.0295867975659298
bias,slp_hpa,3.0,step,22,6,-1.0,16,True,True,True,0.125,0.06666666666666667,0.47423861814426493,0.4981180987321271,-0.02387948058786206,0.4229484560742219,0.051290162070043055
bias,slp_hpa,3.0,step,22,7,-1.0,16,True,True,True,0.25,0.2,0.517521323996401,0.524982907732396,-0.007461583735994957,0.46203802078262435,0.0554833032137767
bias,slp_hpa,3.0,step,22,8,1.0,16,True,True,False,0.0625,0.0,0.45165546538381496,0.5141894634956015,-0.06253399811178642,0.4201510020712498,0.03150446331256518
bias,slp_hpa,3.0,step,22,9,-1.0,16,True,True,True,0.4375,0.4,0.5094092490834514,0.5040267216587355,0.005382527424715962,0.4515942913320037,0.05781495775144774
bias,slp_hpa,3.0,step,33,0,-1.0,16,True,False,True,0.25,0.26666666666666666,0.5286495895723282,0.5475401355288632,-0.018890545956534957,0.47727802214991255,0.051371567422415665
bias,slp_hpa,3.0,step,33,1,1.0,16,True,True,True,0.5625,0.5333333333333333,0.5379839505849697,0.5338639628696362,0.004119987715333489,0.5081715690938567,0.029812381491112983
bias,slp_hpa,3.0,step,33,2,1.0,16,True,True,True,0.1875,0.13333333333333333,0.46265335169682154,0.48442971404031787,-0.02177636234349628,0.4301689051955818,0.03248444650123972
bias,slp_hpa,3.0,step,33,3,1.0,16,True,False,True,0.0625,0.06666666666666667,0.48644772781170864,0.5378949142577043,-0.051447186445995746,0.45783386089320444,0.028613866918504205
bias,slp_hpa,3.0,step,33,4,-1.0,16,True,True,True,0.5,0.4666666666666667,0.4940918273903726,0.48870815640073595,0.005383670989636755,0.4623348145271013,0.03175701286327132
bias,slp_hpa,3.0,step,33,5,-1.0,16,True,True,True,0.3125,0.26666666666666666,0.48763354435882234,0.5028775017062739,-0.015243957347451549,0.4516644549528264,0.03596908940599591
bias,slp_hpa,3.0,step,33,6,-1.0,16,True,True,True,0.5,0.4666666666666667,0.5217737290791454,0.5281808869080324,-0.006407157828887004,0.4696144774912747,0.052159251587870714
bias,slp_hpa,3.0,step,33,7,-1.0,16,True,True,True,0.125,0.06666666666666667,0.5019812637223455,0.5284481742427833,-0.026466910520437925,0.45294550883961276,0.04903575488273276
bias,slp_hpa,3.0,step,33,8,1.0,16,True,True,True,0.25,0.2,0.5063866058776307,0.5272059989064999,-0.02081939302886908,0.4670481135633145,0.03933849231431624
bias,slp_hpa,3.0,step,33,9,-1.0,16,True,True,True,0.8125,0.8,0.5272045487272945,0.5020803078012892,0.025124240926005393,0.45982934425359745,0.06737520447369705
bias,slp_hpa,3.0,ramp,11,0,-1.0,16,True,True,True,0.5,0.5833333333333334,0.5149765869110496,0.50679287942793,0.008183707483119657,0.46908258884191023,0.04589399806913941
bias,slp_hpa,3.0,ramp,11,1,1.0,16,True,False,True,0.1875,0.25,0.46396349579533647,0.4894671151467961,-0.025503619351459565,0.44347886160902267,0.0204846341863138
bias,slp_hpa,3.0,ramp,11,2,-1.0,16,True,True,True,0.6875,0.75,0.49747199063104414,0.48260104612943633,0.014870944501607811,0.4432288824703013,0.05424310816074285
bias,slp_hpa,3.0,ramp,11,3,-1.0,16,True,True,True,0.6875,0.75,0.5098388024740872,0.49330096579430704,0.01653783667978016,0.4388890099024124,0.07094979257167477
bias,slp_hpa,3.0,ramp,11,4,1.0,16,True,True,True,0.5625,0.5,0.4999112366603671,0.5000437851028148,-0.00013254844244765113,0.47498784291691387,0.024923393743453204
bias,slp_hpa,3.0,ramp,11,5,-1.0,16,True,True,False,0.125,0.0,0.5142488501562357,0.5453820610484132,-0.031133210892177597,0.47694015173830756,0.03730869841792811
bias,slp_hpa,3.0,ramp,11,6,1.0,16,True,True,False,0.125,0.0,0.46572683478535115,0.4875321094658307,-0.021805274680479592,0.4316998265866496,0.034027008198701525
bias,slp_hpa,3.0,ramp,11,7,-1.0,16,True,True,True,0.5,0.5,0.5412255525024413,0.5381375196027649,0.0030880328996763275,0.5007710435850634,0.040454508917377896
bias,slp_hpa,3.0,ramp,11,8,1.0,16,True,True,True,0.1875,0.16666666666666666,0.48111627907461235,0.5120336574506396,-0.03091737837602723,0.44324309376493426,0.03787318530967809
bias,slp_hpa,3.0,ramp,11,9,1.0,16,True,True,True,0.125,0.08333333333333333,0.5042035590256204,0.5349650071217131,-0.030761448096092818,0.468029067524055,0.03617449150156543
bias,slp_hpa,3.0,ramp,22,0,-1.0,16,True,True,True,0.6875,0.5833333333333334,0.5325674775206362,0.514421248980532,0.018146228540104163,0.48675992460065864,0.04580755291997751
bias,slp_hpa,3.0,ramp,22,1,-1.0,16,True,True,True,0.5,0.5,0.5365066920104948,0.5257827246375194,0.010723967372975339,0.47855752527307793,0.0579491667374169
bias,slp_hpa,3.0,ramp,22,2,-1.0,16,True,True,True,0.5,0.3333333333333333,0.5097807526641851,0.5038779165955081,0.0059028360686770795,0.4536465553984672,0.05613419726571789
bias,slp_hpa,3.0,ramp,22,3,1.0,16,True,False,True,0.125,0.16666666666666666,0.4694153283234409,0.49114222563904564,-0.021726897315604763,0.4352853165528207,0.034130011770620194
bias,slp_hpa,3.0,ramp,22,4,-1.0,16,True,True,True,0.1875,0.08333333333333333,0.5135330581779847,0.5377489768334369,-0.024215918655452237,0.4556708787862386,0.057862179391746094
bias,slp_hpa,3.0,ramp,22,5,1.0,16,True,True,True,0.125,0.08333333333333333,0.48530887972660763,0.510475528990991,-0.02516664926438334,0.4565483047573987,0.02876057496920892
bias,slp_hpa,3.0,ramp,22,6,-1.0,16,True,True,True,0.125,0.08333333333333333,0.4707406000317671,0.4943953739162098,-0.02365477388444272,0.4229484560742219,0.04779214395754522
bias,slp_hpa,3.0,ramp,22,7,-1.0,16,True,True,True,0.3125,0.08333333333333333,0.5125363764300244,0.519971937963267,-0.0074355615332426205,0.46203802078262435,0.05049835564740002
bias,slp_hpa,3.0,ramp,22,8,1.0,16,False,False,False,0.0,0.0,0.45068375169230734,0.5129818834830762,-0.06229813179076879,0.4201510020712498,0.030532749621057564
bias,slp_hpa,3.0,ramp,22,9,-1.0,16,True,True,True,0.5,0.4166666666666667,0.5086816345805033,0.5019124032692879,0.006769231311215412,0.4515942913320037,0.05708734324849962
bias,slp_hpa,3.0,ramp,33,0,-1.0,16,True,False,True,0.25,0.3333333333333333,0.5237326497644326,0.5446428454324702,-0.02091019566803763,0.47727802214991255,0.04645462761452002
bias,slp_hpa,3.0,ramp,33,1,1.0,16,True,True,True,0.625,0.5,0.540179673692741,0.5343740870502354,0.005805586642505623,0.5081715690938567,0.03200810459888426
bias,slp_hpa,3.0,ramp,33,2,1.0,16,True,True,True,0.1875,0.16666666666666666,0.4627470809986268,0.4829760573548991,-0.020228976356272257,0.4301689051955818,0.032578175803045006
bias,slp_hpa,3.0,ramp,33,3,1.0,16,True,False,True,0.125,0.16666666666666666,0.4906761722927159,0.5341519340495346,-0.04347576175681883,0.45783386089320444,0.03284231139951144
bias,slp_hpa,3.0,ramp,33,4,-1.0,16,True,False,True,0.375,0.5,0.4904352457512616,0.48625405422101464,0.004181191530246969,0.4623348145271013,0.028100431224160283
bias,slp_hpa,3.0,ramp,33,5,-1.0,16,True,True,True,0.3125,0.25,0.482440384506705,0.499971255313053,-0.01753087080634798,0.4516644549528264,0.03077592955387859
bias,slp_hpa,3.0,ramp,33,6,-1.0,16,True,True,True,0.4375,0.4166666666666667,0.5187300698961984,0.526850499160799,-0.008120429264600628,0.4696144774912747,0.04911559240492369
bias,slp_hpa,3.0,ramp,33,7,-1.0,16,True,True,True,0.125,0.08333333333333333,0.5030858362471342,0.5280045836031922,-0.024918747356058018,0.45294550883961276,0.050140327407521446
bias,slp_hpa,3.0,ramp,33,8,1.0,16,True,True,True,0.1875,0.08333333333333333,0.5038423341754604,0.5259072796025785,-0.02206494542711825,0.4670481135633145,0.036794220612145934
bias,slp_hpa,3.0,ramp,33,9,-1.0,16,True,True,True,0.8125,0.75,0.5215583255263718,0.5001581547243186,0.021400170802053146,0.45982934425359745,0.061728981272774375
bias,slp_hpa,4.0,step,11,0,-1.0,16,True,True,True,0.5625,0.5333333333333333,0.5249737319905705,0.509071927875582,0.015901804114988604,0.46908258884191023,0.05589114314866028
bias,slp_hpa,4.0,step,11,1,1.0,16,True,True,True,0.25,0.2,0.47979769815850914,0.4962023498022718,-0.0164046516437626,0.44347886160902267,0.03631883654948648
bias,slp_hpa,4.0,step,11,2,-1.0,16,True,True,True,0.8125,0.8,0.5259632629150148,0.5010882133584229,0.02487504955659212,0.4432288824703013,0.08273438044471354
bias,slp_hpa,4.0,step,11,3,-1.0,16,True,True,True,0.5625,0.5333333333333333,0.5243583050888767,0.5140404390146678,0.010317866074208957,0.4388890099024124,0.08546929518646429
bias,slp_hpa,4.0,step,11,4,1.0,16,True,True,True,0.5625,0.5333333333333333,0.49896289820189266,0.5012836380759099,-0.0023207398740171664,0.47498784291691387,0.023975055284978786
bias,slp_hpa,4.0,step,11,5,-1.0,16,True,True,True,0.1875,0.13333333333333333,0.5285006455458267,0.5590564747565134,-0.03055582921068675,0.47694015173830756,0.05156049380751909
bias,slp_hpa,4.0,step,11,6,1.0,16,True,True,True,0.1875,0.13333333333333333,0.473048779550523,0.49284281365585314,-0.019794034105330108,0.4316998265866496,0.041348952963873364
bias,slp_hpa,4.0,step,11,7,-1.0,16,True,True,True,0.5625,0.5333333333333333,0.5572295038799429,0.5392908731636529,0.017938630716289962,0.5007710435850634,0.05645846029487944
bias,slp_hpa,4.0,step,11,8,1.0,16,True,True,True,0.1875,0.13333333333333333,0.4821651215164231,0.5123277873952725,-0.030162665878849408,0.44324309376493426,0.03892202775148884
bias,slp_hpa,4.0,step,11,9,1.0,16,True,True,True,0.125,0.06666666666666667,0.5015607713988964,0.5405789335369217,-0.03901816213802523,0.468029067524055,0.033531703874841445
bias,slp_hpa,4.0,step,22,0,-1.0,16,True,True,True,0.8125,0.8,0.5451276331154811,0.5180411554862884,0.02708647762919269,0.48675992460065864,0.058367708514822425
bias,slp_hpa,4.0,step,22,1,-1.0,16,True,True,True,0.75,0.7333333333333333,0.5520073337875047,0.5286500533005254,0.023357280486979236,0.47855752527307793,0.07344980851442673
bias,slp_hpa,4.0,step,22,2,-1.0,16,True,True,True,0.5625,0.5333333333333333,0.518465716785498,0.5038779165955081,0.014587800189990015,0.4536465553984672,0.06481916138703081
bias,slp_hpa,4.0,step,22,3,1.0,16,True,True,True,0.25,0.2,0.47504121852623077,0.4935458196366955,-0.01850460111046478,0.4352853165528207,0.03975590197341006
bias,slp_hpa,4.0,step,22,4,-1.0,16,True,True,True,0.1875,0.13333333333333333,0.5281874466287253,0.5496356083812661,-0.0214481617525408,0.4556708787862386,0.07251656784248672
bias,slp_hpa,4.0,step,22,5,1.0,16,True,True,True,0.125,0.06666666666666667,0.490841527658609,0.5117458981666214,-0.020904370508012315,0.4565483047573987,0.034293222901210285
bias,slp_hpa,4.0,step,22,6,-1.0,16,True,True,True,0.3125,0.26666666666666666,0.48810852780742686,0.5007546984074622,-0.012646170600035284,0.4229484560742219,0.06516007173320498
bias,slp_hpa,4.0,step,22,7,-1.0,16,True,True,True,0.375,0.3333333333333333,0.5300921481035381,0.526439382877765,0.003652765225772979,0.46203802078262435,0.06805412732091376
bias,slp_hpa,4.0,step,22,8,1.0,16,True,True,False,0.0625,0.0,0.45731533269421365,0.5218273631026852,-0.06451203040847148,0.4201510020712498,0.03716433062296387
bias,slp_hpa,4.0,step,22,9,-1.0,16,True,True,True,0.4375,0.4,0.521168659031048,0.5120088249285748,0.009159834102473213,0.4515942913320037,0.06957436769904435
bias,slp_hpa,4.0,step,33,0,-1.0,16,True,True,True,0.375,0.3333333333333333,0.542817591728471,0.5534360397784253,-0.010618448049954193,0.47727802214991255,0.06553956957855844
bias,slp_hpa,4.0,step,33,1,1.0,16,True,True,True,0.5625,0.5333333333333333,0.5407615010880585,0.5349707942361308,0.0057907068519277675,0.5081715690938567,0.03258993199420179
bias,slp_hpa,4.0,step,33,2,1.0,16,True,True,True,0.25,0.2,0.46701892009738233,0.4859257827367625,-0.01890686263938015,0.4301689051955818,0.03685001490180051
bias,slp_hpa,4.0,step,33,3,1.0,16,True,True,True,0.125,0.06666666666666667,0.4894913401498358,0.545465804778922,-0.05597446462908626,0.45783386089320444,0.03165747925663137
bias,slp_hpa,4.0,step,33,4,-1.0,16,True,True,True,0.75,0.7333333333333333,0.5131689372916095,0.49099195595762785,0.022176981333981764,0.4623348145271013,0.050834122764508216
bias,slp_hpa,4.0,step,33,5,-1.0,16,True,True,True,0.3125,0.26666666666666666,0.503262168952515,0.51129567573799,-0.008033506785474945,0.4516644549528264,0.051597713999688544
bias,slp_hpa,4.0,step,33,6,-1.0,16,True,True,True,0.5,0.4666666666666667,0.5349933690935594,0.5346789803887408,0.0003143887048185773,0.4696144774912747,0.06537889160228472
bias,slp_hpa,4.0,step,33,7,-1.0,16,True,True,True,0.1875,0.13333333333333333,0.512901982404004,0.5405358237130584,-0.027633841309054472,0.45294550883961276,0.05995647356439121
bias,slp_hpa,4.0,step,33,8,1.0,16,True,True,True,0.1875,0.13333333333333333,0.5101672838936451,0.5341400311814943,-0.023972747287849296,0.4670481135633145,0.04311917033033058
bias,slp_hpa,4.0,step,33,9,-1.0,16,True,True,True,0.875,0.8666666666666667,0.5350446789105785,0.5039782297558918,0.0310664491546867,0.45982934425359745,0.07521533465698105
bias,slp_hpa,4.0,ramp,11,0,-1.0,16,True,True,True,0.6875,0.6666666666666666,0.5262010938629881,0.5082536430195748,0.01794745084341335,0.46908258884191023,0.05711850502107785
bias,slp_hpa,4.0,ramp,11,1,1.0,16,True,True,True,0.3125,0.3333333333333333,0.4751944630883824,0.49432406222165204,-0.019129599133269642,0.44347886160902267,0.031715601479359756
bias,slp_hpa,4.0,ramp,11,2,-1.0,16,True,True,True,0.6875,0.75,0.5168028863473215,0.4937553575293135,0.02304752881800809,0.4432288824703013,0.07357400387702023
bias,slp_hpa,4.0,ramp,11,3,-1.0,16,True,True,True,0.625,0.5833333333333334,0.5224133889374544,0.5066236479282562,0.015789741009198197,0.4388890099024124,0.08352437903504195
bias,slp_hpa,4.0,ramp,11,4,1.0,16,True,True,True,0.5625,0.4166666666666667,0.5040626682613372,0.5034461925570857,0.0006164757042514957,0.47498784291691387,0.029074825344423294
bias,slp_hpa,4.0,ramp,11,5,-1.0,16,True,True,False,0.125,0.0,0.5267429474213089,0.5544307686543424,-0.02768782123303354,0.47694015173830756,0.04980279568300133
bias,slp_hpa,4.0,ramp,11,6,1.0,16,True,True,True,0.3125,0.16666666666666666,0.47679416795712937,0.49248703172349684,-0.015692863766367474,0.4316998265866496,0.04509434137047974
bias,slp_hpa,4.0,ramp,11,7,-1.0,16,True,True,True,0.5625,0.5,0.553464361746494,0.5392908731636529,0.014173488582841204,0.5007710435850634,0.052693318161430636
bias,slp_hpa,4.0,ramp,11,8,1.0,16,True,True,True,0.25,0.16666666666666666,0.48856390423259455,0.5144787486279043,-0.025914844395309795,0.44324309376493426,0.04532081046766029
bias,slp_hpa,4.0,ramp,11,9,1.0,16,True,True,True,0.1875,0.08333333333333333,0.5081301463964916,0.5402635365353655,-0.032133390138874104,0.468029067524055,0.04010107887243658
bias,slp_hpa,4.0,ramp,22,0,-1.0,16,True,True,True,0.75,0.6666666666666666,0.5450587339126924,0.516611211849785,0.028447522062907418,0.48675992460065864,0.058298809312033795
bias,slp_hpa,4.0,ramp,22,1,-1.0,16,True,True,True,0.8125,0.75,0.551062314893157,0.5301858885258284,0.020876426367328685,0.47855752527307793,0.07250478962007911
bias,slp_hpa,4.0,ramp,22,2,-1.0,16,True,True,True,0.625,0.5,0.5215463215425831,0.5038779165955081,0.01766840494707502,0.4536465553984672,0.06789976614411586
bias,slp_hpa,4.0,ramp,22,3,1.0,16,True,False,True,0.1875,0.25,0.47751773494113475,0.4913331258982935,-0.013815390957158703,0.4352853165528207,0.04223241838831404
bias,slp_hpa,4.0,ramp,22,4,-1.0,16,True,True,True,0.25,0.16666666666666666,0.5290522114260182,0.54774262352264,-0.018690412096621777,0.4556708787862386,0.07338133263977964
bias,slp_hpa,4.0,ramp,22,5,1.0,16,True,True,True,0.1875,0.08333333333333333,0.4924675031799671,0.5110049809860207,-0.018537477806053394,0.4565483047573987,0.03591919842256841
bias,slp_hpa,4.0,ramp,22,6,-1.0,16,True,True,True,0.3125,0.3333333333333333,0.48494496496253103,0.4984320150971173,-0.0134870501345863,0.4229484560742219,0.061996508888309154
bias,slp_hpa,4.0,ramp,22,7,-1.0,16,True,True,True,0.5,0.3333333333333333,0.5251784679430684,0.5244909534215562,0.0006875145215122988,0.46203802078262435,0.06314044716044409
bias,slp_hpa,4.0,ramp,22,8,1.0,16,True,False,True,0.0625,0.08333333333333333,0.4592063551533312,0.5183103698717935,-0.05910401471846238,0.4201510020712498,0.03905535308208141
bias,slp_hpa,4.0,ramp,22,9,-1.0,16,True,True,True,0.5,0.4166666666666667,0.5203142777510914,0.5107777067966153,0.009536570954476128,0.4515942913320037,0.06871998641908772
bias,slp_hpa,4.0,ramp,33,0,-1.0,16,True,False,True,0.375,0.5,0.5389268510079245,0.5505026345053232,-0.01157578349739877,0.47727802214991255,0.06164882885801193
bias,slp_hpa,4.0,ramp,33,1,1.0,16,True,True,True,0.5625,0.4166666666666667,0.5456078355348309,0.5359604932635468,0.0096473422712843,0.5081715690938567,0.0374362664409742
bias,slp_hpa,4.0,ramp,33,2,1.0,16,True,True,True,0.3125,0.25,0.4698668079223586,0.4857507445817992,-0.015883936659440562,0.4301689051955818,0.03969790272677676
bias,slp_hpa,4.0,ramp,33,3,1.0,16,True,False,True,0.125,0.16666666666666666,0.4945402189694901,0.5375534597888711,-0.04301324081938104,0.45783386089320444,0.03670635807628564
bias,slp_hpa,4.0,ramp,33,4,-1.0,16,True,True,True,0.8125,0.8333333333333334,0.5094486655098103,0.4909281757847234,0.0185204897250868,0.4623348145271013,0.04711385098270898
bias,slp_hpa,4.0,ramp,33,5,-1.0,16,True,True,True,0.375,0.25,0.4988754292231491,0.5073144749847123,-0.008439045761563149,0.4516644549528264,0.04721097427032267
bias,slp_hpa,4.0,ramp,33,6,-1.0,16,True,True,True,0.5,0.4166666666666667,0.5321916143537865,0.5316732646806234,0.0005183496731631376,0.4696144774912747,0.06257713686251176
bias,slp_hpa,4.0,ramp,33,7,-1.0,16,True,True,True,0.3125,0.08333333333333333,0.5142346363369759,0.5387121808129358,-0.024477544475959977,0.45294550883961276,0.061289127497363094
bias,slp_hpa,4.0,ramp,33,8,1.0,16,True,True,False,0.1875,0.0,0.5100590709181175,0.5345144513056791,-0.024455380387561565,0.4670481135633145,0.04301095735480304
bias,slp_hpa,4.0,ramp,33,9,-1.0,16,True,True,True,0.875,0.8333333333333334,0.5322975405655266,0.5028252234633288,0.029472317102197665,0.45982934425359745,0.07246819631192913
bias,rh_pct,0.5,step,11,0,-1.0,16,True,False,True,0.0625,0.06666666666666667,0.4650159390557608,0.501245186233563,-0.03622924717780226,0.46908258884191023,-0.004066649786149457
bias,rh_pct,0.5,step,11,1,1.0,15,False,False,False,0.0,0.0,0.4413341614189605,0.47685734714361,-0.03552318572464959,0.4430353174948285,-0.0017011560758680155
bias,rh_pct,0.5,step,11,2,-1.0,16,True,False,True,0.125,0.13333333333333333,0.44231945363755304,0.470871492079361,-0.02855203844180796,0.4432288824703013,-0.0009094288327482491
bias,rh_pct,0.5,step,11,3,-1.0,16,True,False,True,0.0625,0.06666666666666667,0.436512093581851,0.47579885353709067,-0.03928675995523963,0.4388890099024124,-0.0023769163205614174
bias,rh_pct,0.5,step,11,4,1.0,16,True,False,True,0.1875,0.2,0.4785365492730871,0.4951833532129346,-0.01664680393984755,0.47498784291691387,0.0035487063561732146
bias,rh_pct,0.5,step,11,5,-1.0,16,False,False,False,0.0,0.0,0.49107900556770334,0.5388367567854299,-0.047757751217726546,0.47694015173830756,0.014138853829395781
bias,rh_pct,0.5,step,11,6,1.0,16,False,False,False,0.0,0.0,0.42893736503276314,0.483719109366442,-0.05478174433367888,0.4316998265866496,-0.002762461553886486
bias,rh_pct,0.5,step,11,7,-1.0,16,True,True,True,0.3125,0.26666666666666666,0.5188341042943796,0.5346769862475066,-0.015842881953127056,0.5007710435850634,0.01806306070931618
bias,rh_pct,0.5,step,11,8,1.0,16,False,False,False,0.0,0.0,0.45409981377884717,0.5090758389490029,-0.054976025170155755,0.44324309376493426,0.010856720013912913
bias,rh_pct,0.5,step,11,9,1.0,14,True,True,False,0.07142857142857142,0.0,0.4775763181207789,0.523296622752128,-0.04572030463134915,0.4715880029403579,0.005988315180420978
bias,rh_pct,0.5,step,22,0,-1.0,16,True,True,True,0.3125,0.26666666666666666,0.4939403456652323,0.5113216491535848,-0.017381303488352474,0.48675992460065864,0.007180421064573672
bias,rh_pct,0.5,step,22,1,-1.0,16,True,False,True,0.25,0.26666666666666666,0.5006809769574041,0.5211237536427078,-0.02044277668530368,0.47855752527307793,0.022123451684326167
bias,rh_pct,0.5,step,22,2,-1.0,16,True,False,True,0.0625,0.06666666666666667,0.453998181476135,0.5038779165955081,-0.049879735119373034,0.4536465553984672,0.0003516260776678104
bias,rh_pct,0.5,step,22,3,1.0,16,False,False,False,0.0,0.0,0.4423068758564246,0.49099593146562176,-0.048689055609197146,0.4352853165528207,0.007021559303603875
bias,rh_pct,0.5,step,22,4,-1.0,16,False,False,False,0.0,0.0,0.46398328414370915,0.5206900721197503,-0.05670678797604105,0.4556708787862386,0.008312405357470576
bias,rh_pct,0.5,step,22,5,1.0,16,True,False,True,0.0625,0.06666666666666667,0.4713474064035141,0.5087265132507486,-0.03737910684723453,0.4565483047573987,0.014799101646115365
bias,rh_pct,0.5,step,22,6,-1.0,16,False,False,False,0.0,0.0,0.4250109789911852,0.4902741800861501,-0.06526320109496495,0.4229484560742219,0.002062522916963294
bias,rh_pct,0.5,step,22,7,-1.0,16,True,False,True,0.0625,0.06666666666666667,0.4559127249154553,0.510678888106147,-0.05476616319069175,0.46203802078262435,-0.006125295867169034
bias,rh_pct,0.5,step,22,8,1.0,16,False,False,False,0.0,0.0,0.422551865888684,0.48871030756825806,-0.06615844167957408,0.4201510020712498,0.0024008638174342067
bias,rh_pct,0.5,step,22,9,-1.0,16,False,False,False,0.0,0.0,0.4615235677713836,0.4877696491021013,-0.02624608133071772,0.4515942913320037,0.009929276439379908
bias,rh_pct,0.5,step,33,0,-1.0,16,True,False,True,0.0625,0.06666666666666667,0.4975715105898022,0.5356769260854175,-0.038105415495615275,0.47727802214991255,0.02029348843988965
bias,rh_pct,0.5,step,33,1,1.0,16,True,True,True,0.1875,0.13333333333333333,0.5140586945015708,0.5316677874588127,-0.017609092957241865,0.5081715690938567,0.005887125407714078
bias,rh_pct,0.5,step,33,2,1.0,15,False,False,False,0.0,0.0,0.4349811669808036,0.47799149837311017,-0.04301033139230652,0.4306391639247218,0.004342003056081789
bias,rh_pct,0.5,step,33,3,1.0,12,False,False,False,0.0,0.0,0.472890338150645,0.5258496201497439,-0.052959281999098856,0.4606107048340524,0.012279633316592597
bias,rh_pct,0.5,step,33,4,-1.0,16,True,False,True,0.1875,0.2,0.45979300777458715,0.4853328391594069,-0.025539831384819703,0.4623348145271013,-0.002541806752514142
bias,rh_pct,0.5,step,33,5,-1.0,16,False,False,False,0.0,0.0,0.4470583087053116,0.49029969025232845,-0.04324138154701679,0.4516644549528264,-0.00460614624751482
bias,rh_pct,0.5,step,33,6,-1.0,16,True,False,True,0.125,0.13333333333333333,0.47978223259624564,0.5204360209057375,-0.0406537883094918,0.4696144774912747,0.010167755104970921
bias,rh_pct,0.5,step,33,7,-1.0,16,True,True,False,0.0625,0.0,0.46958153985512646,0.5152298998143163,-0.04564835995918981,0.45294550883961276,0.016636031015513697
bias,rh_pct,0.5,step,33,8,1.0,16,True,False,True,0.0625,0.06666666666666667,0.46610737496336785,0.5090729643622391,-0.042965589398871365,0.4670481135633145,-0.0009407385999466444
bias,rh_pct,0.5,step,33,9,-1.0,16,True,True,False,0.0625,0.0,0.4569239013058607,0.48265940797064666,-0.025735506664785954,0.45982934425359745,-0.0029054429477367583
bias,rh_pct,0.5,ramp,11,0,-1.0,16,True,False,True,0.0625,0.08333333333333333,0.4650565188646303,0.501245186233563,-0.03618866736893271,0.46908258884191023,-0.004026069977279945
bias,rh_pct,0.5,ramp,11,1,1.0,15,False,False,False,0.0,0.0,0.44149208338832874,0.47685734714361,-0.035365263755281304,0.4430353174948285,-0.001543234106499758
bias,rh_pct,0.5,ramp,11,2,-1.0,16,True,False,True,0.1875,0.25,0.4412224824078816,0.4709915872664078,-0.0297691048585262,0.4432288824703013,-0.0020064000624197
bias,rh_pct,0.5,ramp,11,3,-1.0,16,True,False,True,0.0625,0.08333333333333333,0.4369045243568921,0.47579885353709067,-0.038894329180198556,0.4388890099024124,-0.0019844855455203314
bias,rh_pct,0.5,ramp,11,4,1.0,16,True,False,True,0.125,0.16666666666666666,0.47445049000319955,0.4946170892788247,-0.02016659927562513,0.47498784291691387,-0.0005373529137143174
bias,rh_pct,0.5,ramp,11,5,-1.0,16,False,False,False,0.0,0.0,0.4875022879253246,0.5388367567854299,-0.05133446886010534,0.47694015173830756,0.010562136187017013
bias,rh_pct,0.5,ramp,11,6,1.0,16,False,False,False,0.0,0.0,0.4305390818800316,0.483719109366442,-0.053180027486410375,0.4316998265866496,-0.0011607447066180332
bias,rh_pct,0.5,ramp,11,7,-1.0,16,True,False,True,0.25,0.3333333333333333,0.5158691002146513,0.5346104829559206,-0.018741382741269318,0.5007710435850634,0.015098056629587853
bias,rh_pct,0.5,ramp,11,8,1.0,16,False,False,False,0.0,0.0,0.4529572728619216,0.5090758389490029,-0.05611856608708131,0.44324309376493426,0.009714179096987352
bias,rh_pct,0.5,ramp,11,9,1.0,14,False,False,False,0.0,0.0,0.4759518132303922,0.5224330745411675,-0.04648126131077539,0.4715880029403579,0.004363810290034298
bias,rh_pct,0.5,ramp,22,0,-1.0,16,True,True,True,0.3125,0.08333333333333333,0.49256320504823714,0.5097252986363967,-0.017162093588159535,0.48675992460065864,0.005803280447578496
bias,rh_pct,0.5,ramp,22,1,-1.0,16,True,False,True,0.25,0.3333333333333333,0.4983207723746131,0.5211237536427078,-0.022802981268094703,0.47855752527307793,0.019763247101535153
bias,rh_pct,0.5,ramp,22,2,-1.0,16,True,True,False,0.0625,0.0,0.45419087023841986,0.5038779165955081,-0.04968704635708818,0.4536465553984672,0.0005443148399526532
bias,rh_pct,0.5,ramp,22,3,1.0,16,False,False,False,0.0,0.0,0.4416963332094961,0.49099593146562176,-0.049299598256125655,0.4352853165528207,0.006411016656675372
bias,rh_pct,0.5,ramp,22,4,-1.0,16,False,False,False,0.0,0.0,0.46343895342953834,0.5206900721197503,-0.057251118690211815,0.4556708787862386,0.0077680746432997605
bias,rh_pct,0.5,ramp,22,5,1.0,16,True,False,True,0.0625,0.08333333333333333,0.46874264785644293,0.5087265132507486,-0.03998386539430565,0.4565483047573987,0.012194343099044214
bias,rh_pct,0.5,ramp,22,6,-1.0,16,False,False,False,0.0,0.0,0.4258973531036255,0.4902741800861501,-0.06437682698252463,0.4229484560742219,0.0029488970294035965
bias,rh_pct,0.5,ramp,22,7,-1.0,16,True,True,False,0.0625,0.0,0.45358306633280054,0.510678888106147,-0.057095821773346565,0.46203802078262435,-0.008454954449823804
bias,rh_pct,0.5,ramp,22,8,1.0,16,False,False,False,0.0,0.0,0.42165326383699664,0.48871030756825806,-0.06705704373126138,0.4201510020712498,0.0015022617657468595
bias,rh_pct,0.5,ramp,22,9,-1.0,16,False,False,False,0.0,0.0,0.4596814125266701,0.4877696491021013,-0.028088236575431202,0.4515942913320037,0.008087121194666425
bias,rh_pct,0.5,ramp,33,0,-1.0,16,True,False,True,0.0625,0.08333333333333333,0.49632882460073136,0.5353779335055473,-0.03904910890481604,0.47727802214991255,0.019050802450818805
bias,rh_pct,0.5,ramp,33,1,1.0,16,True,True,True,0.25,0.25,0.5126617051937534,0.5304200664167328,-0.01775836122297935,0.5081715690938567,0.00449013609989668
bias,rh_pct,0.5,ramp,33,2,1.0,15,False,False,False,0.0,0.0,0.43485517011482394,0.47799149837311017,-0.043136328258286186,0.4306391639247218,0.004216006190102151
bias,rh_pct,0.5,ramp,33,3,1.0,12,False,False,False,0.0,0.0,0.47147991997755706,0.5258496201497439,-0.05436970017218681,0.4606107048340524,0.01086921514350464
bias,rh_pct,0.5,ramp,33,4,-1.0,16,True,False,True,0.1875,0.25,0.4584699828891612,0.4853328391594069,-0.026862856270245664,0.4623348145271013,-0.0038648316379401026
bias,rh_pct,0.5,ramp,33,5,-1.0,16,False,False,False,0.0,0.0,0.44483243855907195,0.49029969025232845,-0.04546725169325643,0.4516644549528264,-0.00683201639375447
bias,rh_pct,0.5,ramp,33,6,-1.0,16,True,False,True,0.125,0.16666666666666666,0.4757489842870646,0.5204360209057375,-0.04468703661867285,0.4696144774912747,0.0061345067957898625
bias,rh_pct,0.5,ramp,33,7,-1.0,16,True,True,False,0.0625,0.0,0.468665438914162,0.5147504393522427,-0.04608500043808074,0.45294550883961276,0.01571993007454925
bias,rh_pct,0.5,ramp,33,8,1.0,16,True,False,True,0.0625,0.08333333333333333,0.4657876762746875,0.5086124493074514,-0.042824773032763934,0.4670481135633145,-0.0012604372886270143
bias,rh_pct,0.5,ramp,33,9,-1.0,16,True,True,False,0.125,0.0,0.4574801813782049,0.48585185480531123,-0.02837167342710636,0.45982934425359745,-0.002349162875392552
bias,rh_pct,1.0,step,11,0,-1.0,16,True,False,True,0.25,0.26666666666666666,0.476349944177067,0.5027686536161609,-0.02641870943909386,0.46908258884191023,0.007267355335156767
bias,rh_pct,1.0,step,11,1,1.0,15,False,False,False,0.0,0.0,0.4410469525334323,0.47566827006787205,-0.03462131753443988,0.4430353174948285,-0.001988364961396205
bias,rh_pct,1.0,step,11,2,-1.0,16,True,False,True,0.125,0.13333333333333333,0.44659329887157373,0.470871492079361,-0.02427819320778724,0.4432288824703013,0.003364416401272441
bias,rh_pct,1.0,step,11,3,-1.0,16,False,False,False,0.0,0.0,0.4400923922536901,0.47556165071515977,-0.03546925846146963,0.4388890099024124,0.0012033823512777042
bias,rh_pct,1.0,step,11,4,1.0,16,True,True,True,0.4375,0.4,0.49180735569148915,0.4966539018717676,-0.004846546180278414,0.47498784291691387,0.016819512774575274
bias,rh_pct,1.0,step,11,5,-1.0,16,False,False,False,0.0,0.0,0.49640437293158635,0.5414568037168122,-0.04505243078522583,0.47694015173830756,0.019464221193278786
bias,rh_pct,1.0,step,11,6,1.0,16,False,False,False,0.0,0.0,0.43388931454225643,0.483719109366442,-0.04982979482418552,0.4316998265866496,0.002189487955606806
bias,rh_pct,1.0,step,11,7,-1.0,16,True,True,True,0.375,0.3333333333333333,0.5312808122474355,0.5363475679276699,-0.005066755680234368,0.5007710435850634,0.030509768662372094
bias,rh_pct,1.0,step,11,8,1.0,16,False,False,False,0.0,0.0,0.46117764078835577,0.5090758389490029,-0.047898198160647165,0.44324309376493426,0.01793454702342151
bias,rh_pct,1.0,step,11,9,1.0,14,True,True,True,0.14285714285714285,0.07692307692307693,0.48640171483552713,0.5260835310717035,-0.03968181623617624,0.4715880029403579,0.014813711895169224
bias,rh_pct,1.0,step,22,0,-1.0,16,True,True,True,0.375,0.3333333333333333,0.5120039737458871,0.5126383769962228,-0.0006344032503357057,0.48675992460065864,0.025244049145228487
bias,rh_pct,1.0,step,22,1,-1.0,16,True,False,True,0.3125,0.3333333333333333,0.5094259728272446,0.5213088453293189,-0.011882872502074277,0.47855752527307793,0.030868447554166623
bias,rh_pct,1.0,step,22,2,-1.0,16,True,False,True,0.0625,0.06666666666666667,0.4644065948736329,0.5038779165955081,-0.039471321721875174,0.4536465553984672,0.010760039475165684
bias,rh_pct,1.0,step,22,3,1.0,16,False,False,False,0.0,0.0,0.4479959981624294,0.49099593146562176,-0.042999933303192364,0.4352853165528207,0.012710681609608698
bias,rh_pct,1.0,step,22,4,-1.0,16,False,False,False,0.0,0.0,0.47978387848127235,0.5206900721197503,-0.04090619363847784,0.4556708787862386,0.024112999695033777
bias,rh_pct,1.0,step,22,5,1.0,16,True,True,True,0.125,0.06666666666666667,0.48285220159303777,0.5094725363456378,-0.026620334752600013,0.4565483047573987,0.02630389683563905
bias,rh_pct,1.0,step,22,6,-1.0,16,False,False,False,0.0,0.0,0.4390510612877456,0.48859664411981685,-0.04954558283207122,0.4229484560742219,0.016102605213523746
bias,rh_pct,1.0,step,22,7,-1.0,16,True,False,True,0.0625,0.06666666666666667,0.46277943033008007,0.5117547928834782,-0.04897536255339821,0.46203802078262435,0.0007414095474557181
bias,rh_pct,1.0,step,22,8,1.0,16,False,False,False,0.0,0.0,0.430405386363194,0.4899551158818651,-0.05954972951867114,0.4201510020712498,0.010254384291944196
bias,rh_pct,1.0,step,22,9,-1.0,16,True,False,True,0.0625,0.06666666666666667,0.47590500639559996,0.4875185776495651,-0.011613571253965154,0.4515942913320037,0.024310715063596278
bias,rh_pct,1.0,step,33,0,-1.0,16,True,False,True,0.125,0.13333333333333333,0.5078456439364848,0.5402640748163949,-0.03241843087991009,0.47727802214991255,0.03056762178657224
bias,rh_pct,1.0,step,33,1,1.0,16,True,True,True,0.25,0.2,0.516099210325596,0.5320727246067651,-0.015973514281169016,0.5081715690938567,0.00792764123173928
bias,rh_pct,1.0,step,33,2,1.0,15,False,False,False,0.0,0.0,0.4407474878176554,0.47799149837311017,-0.03724401055545483,0.4306391639247218,0.01010832389293359
bias,rh_pct,1.0,step,33,3,1.0,12,False,False,False,0.0,0.0,0.48580675810382973,0.5301233974111513,-0.04431663930732157,0.4606107048340524,0.025196053269777308
bias,rh_pct,1.0,step,33,4,-1.0,16,True,False,True,0.1875,0.2,0.46466431495140736,0.4853328391594069,-0.02066852420799956,0.4623348145271013,0.0023295004243060746
bias,rh_pct,1.0,step,33,5,-1.0,16,True,True,True,0.125,0.06666666666666667,0.44805855469728256,0.49079887522777277,-0.042740320530490275,0.4516644549528264,-0.003605900255543859
bias,rh_pct,1.0,step,33,6,-1.0,16,True,True,True,0.1875,0.13333333333333333,0.4942992976685666,0.5242139280915378,-0.029914630422971166,0.4696144774912747,0.0246848201772919
bias,rh_pct,1.0,step,33,7,-1.0,16,True,True,True,0.125,0.06666666666666667,0.4832115159407026,0.5218836647856069,-0.038672148844904254,0.45294550883961276,0.030266007101089842
bias,rh_pct,1.0,step,33,8,1.0,16,False,False,False,0.0,0.0,0.4680350290090533,0.5089254722722597,-0.04089044326320634,0.4670481135633145,0.0009869154457388118
bias,rh_pct,1.0,step,33,9,-1.0,16,True,True,False,0.0625,0.0,0.4596908571339737,0.482629304075738,-0.022938446941764373,0.45982934425359745,-0.0001384871196237758
bias,rh_pct,1.0,ramp,11,0,-1.0,16,True,False,True,0.25,0.3333333333333333,0.4755127890761926,0.5026181510233083,-0.027105361947115745,0.46908258884191023,0.006430200234282368
bias,rh_pct,1.0,ramp,11,1,1.0,15,False,False,False,0.0,0.0,0.43978976338200504,0.47575794073338734,-0.035968177351382316,0.4430353174948285,-0.0032455541128234566
bias,rh_pct,1.0,ramp,11,2,-1.0,16,True,False,True,0.125,0.16666666666666666,0.4445800127832532,0.470871492079361,-0.026291479296107794,0.4432288824703013,0.0013511303129519203
bias,rh_pct,1.0,ramp,11,3,-1.0,16,False,False,False,0.0,0.0,0.44007066870826284,0.4757450502117784,-0.03567438150351558,0.4388890099024124,0.0011816588058504163
bias,rh_pct,1.0,ramp,11,4,1.0,16,True,True,True,0.3125,0.25,0.48881061316270513,0.49590178316425243,-0.007091170001547319,0.47498784291691387,0.01382277024579126
bias,rh_pct,1.0,ramp,11,5,-1.0,16,False,False,False,0.0,0.0,0.4935876750947189,0.5405750872364261,-0.04698741214170726,0.47694015173830756,0.016647523356411342
bias,rh_pct,1.0,ramp,11,6,1.0,16,False,False,False,0.0,0.0,0.4348561616342643,0.483719109366442,-0.04886294773217766,0.4316998265866496,0.0031563350476147
bias,rh_pct,1.0,ramp,11,7,-1.0,16,True,False,True,0.25,0.3333333333333333,0.5256631959990704,0.5346983157036332,-0.009035119704562822,0.5007710435850634,0.024892152414006996
bias,rh_pct,1.0,ramp,11,8,1.0,16,False,False,False,0.0,0.0,0.4598694054061298,0.5090758389490029,-0.04920643354287315,0.44324309376493426,0.016626311641195546
bias,rh_pct,1.0,ramp,11,9,1.0,14,True,False,True,0.14285714285714285,0.2,0.48353440520453195,0.5245768191198777,-0.04104241391534584,0.4715880029403579,0.011946402264174039
bias,rh_pct,1.0,ramp,22,0,-1.0,16,True,True,True,0.375,0.16666666666666666,0.509828363554132,0.5122908890149904,-0.0024625254608583516,0.48675992460065864,0.023068438953473325
bias,rh_pct,1.0,ramp,22,1,-1.0,16,True,False,True,0.3125,0.4166666666666667,0.5087061889068294,0.5213088453293189,-0.012602656422489391,0.47855752527307793,0.03014866363375146
bias,rh_pct,1.0,ramp,22,2,-1.0,16,True,True,False,0.0625,0.0,0.4635049223500454,0.5038779165955081,-0.04037299424546268,0.4536465553984672,0.009858366951578212
bias,rh_pct,1.0,ramp,22,3,1.0,16,False,False,False,0.0,0.0,0.4474404494149133,0.49099593146562176,-0.04355548205070847,0.4352853165528207,0.012155132862092577
bias,rh_pct,1.0,ramp,22,4,-1.0,16,False,False,False,0.0,0.0,0.4779958930120334,0.5206900721197503,-0.04269417910771679,0.4556708787862386,0.022325014225794804
bias,rh_pct,1.0,ramp,22,5,1.0,16,True,False,True,0.0625,0.08333333333333333,0.48178828074793273,0.5087265132507486,-0.02693823250281586,0.4565483047573987,0.025239975990534014
bias,rh_pct,1.0,ramp,22,6,-1.0,16,False,False,False,0.0,0.0,0.44042948534347026,0.48859664411981685,-0.04816715877634659,0.4229484560742219,0.017481029269248383
bias,rh_pct,1.0,ramp,22,7,-1.0,16,False,False,False,0.0,0.0,0.4569002646277529,0.5097055246982917,-0.05280526007053878,0.46203802078262435,-0.005137756154871442
bias,rh_pct,1.0,ramp,22,8,1.0,16,False,False,False,0.0,0.0,0.4290985940585104,0.48871030756825806,-0.0596117135097476,0.4201510020712498,0.008947591987260639
bias,rh_pct,1.0,ramp,22,9,-1.0,16,False,False,False,0.0,0.0,0.4717866640466128,0.4871342653331183,-0.015347601286505582,0.4515942913320037,0.020192372714609108
bias,rh_pct,1.0,ramp,33,0,-1.0,16,True,False,True,0.1875,0.25,0.5086216745737147,0.5375228025328536,-0.028901127959139013,0.47727802214991255,0.031343652423802104
bias,rh_pct,1.0,ramp,33,1,1.0,16,True,True,True,0.25,0.25,0.5148695423492196,0.5307964776301175,-0.015926935280897864,0.5081715690938567,0.00669797325536281
bias,rh_pct,1.0,ramp,33,2,1.0,15,False,False,False,0.0,0.0,0.4408857351529799,0.47799149837311017,-0.03710576322013028,0.4306391639247218,0.010246571228258117
bias,rh_pct,1.0,ramp,33,3,1.0,12,False,False,False,0.0,0.0,0.48203000815578245,0.5301233974111513,-0.04809338925536888,0.4606107048340524,0.021419303321730032
bias,rh_pct,1.0,ramp,33,4,-1.0,16,True,False,True,0.1875,0.25,0.46179333698141706,0.4853328391594069,-0.023539502177989825,0.4623348145271013,-0.0005414775456842325
bias,rh_pct,1.0,ramp,33,5,-1.0,16,False,False,False,0.0,0.0,0.4436630573011241,0.48910537071517063,-0.04544231341404653,0.4516644549528264,-0.008001397651702324
bias,rh_pct,1.0,ramp,33,6,-1.0,16,True,False,True,0.125,0.16666666666666666,0.4874056742767072,0.5204360209057375,-0.03303034662903025,0.4696144774912747,0.017791196785432506
bias,rh_pct,1.0,ramp,33,7,-1.0,16,True,True,False,0.125,0.0,0.48141929523852456,0.5162345125264491,-0.034815217287924374,0.45294550883961276,0.028473786398911793
bias,rh_pct,1.0,ramp,33,8,1.0,16,False,False,False,0.0,0.0,0.4684456491435869,0.5089254722722597,-0.04047982312867274,0.4670481135633145,0.001397535580272391
bias,rh_pct,1.0,ramp,33,9,-1.0,16,True,True,False,0.0625,0.0,0.459351908146797,0.4825654019161475,-0.023213493769350495,0.45982934425359745,-0.0004774361068004551
bias,rh_pct,1.5,step,11,0,-1.0,16,True,False,True,0.375,0.4,0.495788663302848,0.5046501828093047,-0.008861519506456753,0.46908258884191023,0.026706074460937756
bias,rh_pct,1.5,step,11,1,1.0,15,False,False,False,0.0,0.0,0.44651724900810247,0.477122964424669,-0.030605715416566655,0.4430353174948285,0.0034819315132739725
bias,rh_pct,1.5,step,11,2,-1.0,16,True,False,True,0.125,0.13333333333333333,0.4550832112489289,0.4726283474617215,-0.017545136212792606,0.4432288824703013,0.011854328778627632
bias,rh_pct,1.5,step,11,3,-1.0,16,True,False,True,0.125,0.13333333333333333,0.448712968137695,0.47437329694663843,-0.025660328808943467,0.4388890099024124,0.009823958235282593
bias,rh_pct,1.5,step,11,4,1.0,16,True,False,True,0.4375,0.4666666666666667,0.49649328069484133,0.4953855479964152,0.0011077326984260706,0.47498784291691387,0.02150543777792746
bias,rh_pct,1.5,step,11,5,-1.0,16,False,False,False,0.0,0.0,0.5000164894125059,0.5433021376964218,-0.0432856482839159,0.47694015173830756,0.02307633767419831
bias,rh_pct,1.5,step,11,6,1.0,16,False,False,False,0.0,0.0,0.4429860491833977,0.483719109366442,-0.04073306018304425,0.4316998265866496,0.011286222596748052
bias,rh_pct,1.5,step,11,7,-1.0,16,True,True,True,0.5,0.4666666666666667,0.5358096645378729,0.5369084796080321,-0.0010988150701592148,0.5007710435850634,0.03503862095280952
bias,rh_pct,1.5,step,11,8,1.0,16,True,True,True,0.1875,0.13333333333333333,0.47200633115145385,0.5112660001067555,-0.03925966895530169,0.44324309376493426,0.02876323738651959
bias,rh_pct,1.5,step,11,9,1.0,14,True,True,True,0.21428571428571427,0.15384615384615385,0.4964139269005688,0.5285957834205487,-0.03218185651997981,0.4715880029403579,0.024825923960210883
bias,rh_pct,1.5,step,22,0,-1.0,16,True,True,True,0.375,0.3333333333333333,0.5206092935710657,0.5126814821756369,0.007927811395428877,0.48675992460065864,0.03384936897040702
bias,rh_pct,1.5,step,22,1,-1.0,16,True,True,True,0.375,0.3333333333333333,0.5130394723214096,0.5219774565882862,-0.008937984266876704,0.47855752527307793,0.03448194704833163
bias,rh_pct,1.5,step,22,2,-1.0,16,True,False,True,0.0625,0.06666666666666667,0.47597031380295496,0.5038779165955081,-0.027907602792553072,0.4536465553984672,0.022323758404487748
bias,rh_pct,1.5,step,22,3,1.0,16,False,False,False,0.0,0.0,0.46224677034285,0.49099593146562176,-0.028749161122771764,0.4352853165528207,0.02696145379002929
bias,rh_pct,1.5,step,22,4,-1.0,16,True,True,False,0.0625,0.0,0.4902296223554141,0.5221120559156485,-0.03188243356023429,0.4556708787862386,0.03455874356917554
bias,rh_pct,1.5,step,22,5,1.0,16,True,True,True,0.125,0.06666666666666667,0.4845963380652404,0.510475528990991,-0.025879190925750632,0.4565483047573987,0.02804803330784167
bias,rh_pct,1.5,step,22,6,-1.0,16,False,False,False,0.0,0.0,0.45761565233028223,0.48859664411981685,-0.030980991789534642,0.4229484560742219,0.03466719625606035
bias,rh_pct,1.5,step,22,7,-1.0,16,True,True,True,0.125,0.06666666666666667,0.47776003168374914,0.5151916383108056,-0.03743160662705644,0.46203802078262435,0.015722010901124794
bias,rh_pct,1.5,step,22,8,1.0,16,False,False,False,0.0,0.0,0.4376435600758032,0.4941732413560323,-0.056529681280229054,0.4201510020712498,0.017492558004553405
bias,rh_pct,1.5,step,22,9,-1.0,16,True,False,True,0.25,0.26666666666666666,0.4839521025232665,0.4906253600445927,-0.0066732575213261786,0.4515942913320037,0.0323578111912628
bias,rh_pct,1.5,step,33,0,-1.0,16,True,False,True,0.125,0.13333333333333333,0.5132237984492608,0.5413299717413338,-0.028106173292073027,0.47727802214991255,0.03594577629934825
bias,rh_pct,1.5,step,33,1,1.0,16,True,True,True,0.25,0.2,0.5138867839226811,0.5320727246067651,-0.01818594068408406,0.5081715690938567,0.005715214828824311
bias,rh_pct,1.5,step,33,2,1.0,15,False,False,False,0.0,0.0,0.4467249446936716,0.47799149837311017,-0.03126655367943859,0.4306391639247218,0.016085780768949787
bias,rh_pct,1.5,step,33,3,1.0,12,True,False,True,0.08333333333333333,0.09090909090909091,0.4986294954771971,0.5312932036605994,-0.0326637081834022,0.4606107048340524,0.03801879064314467
bias,rh_pct,1.5,step,33,4,-1.0,16,True,False,True,0.3125,0.3333333333333333,0.47551415683254994,0.4859942087629846,-0.010480051930434664,0.4623348145271013,0.01317934230544865
bias,rh_pct,1.5,step,33,5,-1.0,16,True,True,True,0.1875,0.13333333333333333,0.4555582115720023,0.4911538645908603,-0.03559565301885797,0.4516644549528264,0.003893756619175903
bias,rh_pct,1.5,step,33,6,-1.0,16,True,True,True,0.1875,0.13333333333333333,0.5015153054076167,0.5250262719469567,-0.023510966539340088,0.4696144774912747,0.03190082791634197
bias,rh_pct,1.5,step,33,7,-1.0,16,True,True,True,0.125,0.06666666666666667,0.48780310585597586,0.5218836647856069,-0.03408055892963097,0.45294550883961276,0.034857597016363095
bias,rh_pct,1.5,step,33,8,1.0,16,True,False,True,0.125,0.13333333333333333,0.4749682415072403,0.5104126349913951,-0.03544439348415476,0.4670481135633145,0.007920127943925825
bias,rh_pct,1.5,step,33,9,-1.0,16,True,True,True,0.1875,0.13333333333333333,0.4687022055951686,0.4840206764753471,-0.0153184708801784,0.45982934425359745,0.00887286134157117
bias,rh_pct,1.5,ramp,11,0,-1.0,16,True,True,True,0.4375,0.5,0.49196071169757366,0.5034265716458044,-0.011465859948230715,0.46908258884191023,0.02287812285566343
bias,rh_pct,1.5,ramp,11,1,1.0,15,False,False,False,0.0,0.0,0.4441441592066981,0.477122964424669,-0.0329788052179711,0.4430353174948285,0.0011088417118695904
bias,rh_pct,1.5,ramp,11,2,-1.0,16,True,False,True,0.0625,0.08333333333333333,0.4524353060170514,0.4737311213113532,-0.021295815294301797,0.4432288824703013,0.009206423546750109
bias,rh_pct,1.5,ramp,11,3,-1.0,16,True,False,True,0.0625,0.08333333333333333,0.44686134439568265,0.47516959613431414,-0.028308251738631503,0.4388890099024124,0.007972334493270228
bias,rh_pct,1.5,ramp,11,4,1.0,16,True,False,True,0.375,0.5,0.4945770143118961,0.4953245169865269,-0.0007475026746308483,0.47498784291691387,0.01958917139498223
bias,rh_pct,1.5,ramp,11,5,-1.0,16,False,False,False,0.0,0.0,0.4972362877714518,0.5414568037168122,-0.04422051594536035,0.47694015173830756,0.02029613603314423
bias,rh_pct,1.5,ramp,11,6,1.0,16,False,False,False,0.0,0.0,0.4428250409954123,0.4838511744181519,-0.041026133422739586,0.4316998265866496,0.011125214408762685
bias,rh_pct,1.5,ramp,11,7,-1.0,16,True,False,True,0.3125,0.4166666666666667,0.5281887660422064,0.5351963875513748,-0.007007621509168331,0.5007710435850634,0.027417722457143023
bias,rh_pct,1.5,ramp,11,8,1.0,16,True,False,True,0.1875,0.25,0.46993687023080943,0.5107163829417882,-0.0407795127109788,0.44324309376493426,0.026693776465875174
bias,rh_pct,1.5,ramp,11,9,1.0,14,True,False,True,0.14285714285714285,0.2,0.49326386204585937,0.5278858574367481,-0.0346219953908889,0.4715880029403579,0.02167585910550146
bias,rh_pct,1.5,ramp,22,0,-1.0,16,True,True,True,0.375,0.16666666666666666,0.5187553989887733,0.5122908890149904,0.006464509973782978,0.48675992460065864,0.031995474388114675
bias,rh_pct,1.5,ramp,22,1,-1.0,16,True,False,True,0.3125,0.4166666666666667,0.5117428555448895,0.5213088453293189,-0.009565989784429307,0.47855752527307793,0.033185330271811586
bias,rh_pct,1.5,ramp,22,2,-1.0,16,True,True,False,0.0625,0.0,0.4735505196662291,0.5038779165955081,-0.03032739692927902,0.4536465553984672,0.019903964267761864
bias,rh_pct,1.5,ramp,22,3,1.0,16,False,False,False,0.0,0.0,0.46079029994950615,0.49099593146562176,-0.030205631516115553,0.4352853165528207,0.025504983396685443
bias,rh_pct,1.5,ramp,22,4,-1.0,16,True,True,False,0.0625,0.0,0.48846454451361615,0.5220319924191121,-0.03356744790549587,0.4556708787862386,0.032793665727377574
bias,rh_pct,1.5,ramp,22,5,1.0,16,True,True,True,0.125,0.08333333333333333,0.4834725519078695,0.5093996962266732,-0.025927144318803802,0.4565483047573987,0.02692424715047076
bias,rh_pct,1.5,ramp,22,6,-1.0,16,True,True,False,0.0625,0.0,0.4567997755659398,0.48959498666791545,-0.032795211101975655,0.4229484560742219,0.033851319491717935
bias,rh_pct,1.5,ramp,22,7,-1.0,16,True,False,True,0.0625,0.08333333333333333,0.4691676528498653,0.5106160811212722,-0.04144842827140699,0.46203802078262435,0.007129632067240932
bias,rh_pct,1.5,ramp,22,8,1.0,16,False,False,False,0.0,0.0,0.4368616796951048,0.4908521301412871,-0.05399045044618233,0.4201510020712498,0.01671067762385503
bias,rh_pct,1.5,ramp,22,9,-1.0,16,True,True,False,0.0625,0.0,0.4799557212794572,0.489802314441671,-0.009846593162213837,0.4515942913320037,0.028361429947453498
bias,rh_pct,1.5,ramp,33,0,-1.0,16,True,False,True,0.125,0.16666666666666666,0.5151793231859044,0.5391289593691124,-0.02394963618320803,0.47727802214991255,0.037901301035991874
bias,rh_pct,1.5,ramp,33,1,1.0,16,True,True,True,0.25,0.25,0.512911145582921,0.5317000970257604,-0.018788951442839565,0.5081715690938567,0.004739576489064201
bias,rh_pct,1.5,ramp,33,2,1.0,15,False,False,False,0.0,0.0,0.4467249446936716,0.47799149837311017,-0.03126655367943859,0.4306391639247218,0.016085780768949787
bias,rh_pct,1.5,ramp,33,3,1.0,12,True,False,True,0.08333333333333333,0.125,0.4928423996872135,0.5312932036605994,-0.0384508039733859,0.4606107048340524,0.032231694853161075
bias,rh_pct,1.5,ramp,33,4,-1.0,16,True,False,True,0.3125,0.4166666666666667,0.4718799865235684,0.4859942087629846,-0.014114222239416191,0.4623348145271013,0.009545171996467094
bias,rh_pct,1.5,ramp,33,5,-1.0,16,True,False,True,0.0625,0.08333333333333333,0.4477227013813484,0.4896601824860607,-0.041937481104712286,0.4516644549528264,-0.003941753571478024
bias,rh_pct,1.5,ramp,33,6,-1.0,16,True,False,True,0.125,0.16666666666666666,0.4934411675366143,0.522554287988176,-0.02911312045156175,0.4696144774912747,0.023826690045339605
bias,rh_pct,1.5,ramp,33,7,-1.0,16,True,True,False,0.125,0.0,0.4882673754251332,0.5199264968693813,-0.03165912144424804,0.45294550883961276,0.035321866585520445
bias,rh_pct,1.5,ramp,33,8,1.0,16,True,True,True,0.125,0.08333333333333333,0.47416180828715904,0.511459900233354,-0.037298091946194885,0.4670481135633145,0.007113694723844544
bias,rh_pct,1.5,ramp,33,9,-1.0,16,True,True,True,0.1875,0.16666666666666666,0.4680145760179987,0.4822386647675375,-0.014224088749538833,0.45982934425359745,0.008185231764401224
bias,rh_pct,2.0,step,11,0,-1.0,16,True,True,True,0.5,0.4666666666666667,0.5059899563154322,0.5058469537098902,0.00014300260554184555,0.46908258884191023,0.03690736747352197
bias,rh_pct,2.0,step,11,1,1.0,15,True,False,True,0.06666666666666667,0.07142857142857142,0.4554661227117283,0.47869887920287113,-0.023232756491142793,0.4430353174948285,0.01243080521689982
bias,rh_pct,2.0,step,11,2,-1.0,16,True,True,True,0.25,0.2,0.4652622085412542,0.4746852146500266,-0.009423006108772322,0.4432288824703013,0.02203332607095293
bias,rh_pct,2.0,step,11,3,-1.0,16,True,False,True,0.1875,0.2,0.45935780847034846,0.47790528508580427,-0.0185474766154558,0.4388890099024124,0.020468798567936042
bias,rh_pct,2.0,step,11,4,1.0,16,True,False,True,0.4375,0.4666666666666667,0.49517975175897255,0.49615812886833327,-0.000978377109360641,0.47498784291691387,0.02019190884205868
bias,rh_pct,2.0,step,11,5,-1.0,16,False,False,False,0.0,0.0,0.5038060585073216,0.5433021376964218,-0.03949607918910019,0.47694015173830756,0.02686590676901407
bias,rh_pct,2.0,step,11,6,1.0,16,False,False,False,0.0,0.0,0.45156667773059755,0.4840843772379403,-0.03251769950734266,0.4316998265866496,0.019866851143947928
bias,rh_pct,2.0,step,11,7,-1.0,16,True,True,True,0.375,0.3333333333333333,0.5364945425567881,0.5369939034046658,-0.0004993608478777098,0.5007710435850634,0.035723498971724665
bias,rh_pct,2.0,step,11,8,1.0,16,True,True,True,0.25,0.2,0.4779964431973963,0.5130232130751469,-0.035026769877750524,0.44324309376493426,0.034753349432462055
bias,rh_pct,2.0,step,11,9,1.0,14,True,True,True,0.2857142857142857,0.23076923076923078,0.5003513037003635,0.5307380317177015,-0.03038672801733783,0.4715880029403579,0.028763300760005606
bias,rh_pct,2.0,step,22,0,-1.0,16,True,True,True,0.4375,0.4,0.524094956264506,0.5127173795854103,0.011377576679095756,0.48675992460065864,0.03733503166384733
bias,rh_pct,2.0,step,22,1,-1.0,16,True,True,True,0.375,0.3333333333333333,0.5145094877480743,0.5220115550138588,-0.0075020672657844754,0.47855752527307793,0.035951962474996324
bias,rh_pct,2.0,step,22,2,-1.0,16,True,True,True,0.1875,0.13333333333333333,0.48304744702415103,0.5038779165955081,-0.020830469571357,0.4536465553984672,0.029400891625683823
bias,rh_pct,2.0,step,22,3,1.0,16,True,False,True,0.0625,0.06666666666666667,0.4717633965518664,0.4920613489926231,-0.020297952440756727,0.4352853165528207,0.036478079999045676
bias,rh_pct,2.0,step,22,4,-1.0,16,True,True,False,0.0625,0.0,0.49653417875049144,0.5221120559156485,-0.025577877165156995,0.4556708787862386,0.040863299964252864
bias,rh_pct,2.0,step,22,5,1.0,16,True,True,True,0.125,0.06666666666666667,0.4845656944450546,0.510475528990991,-0.02590983454593644,0.4565483047573987,0.02801738968765588
bias,rh_pct,2.0,step,22,6,-1.0,16,True,True,True,0.125,0.06666666666666667,0.4678642576315599,0.49248984630269543,-0.024625588671135484,0.4229484560742219,0.04491580155733804
bias,rh_pct,2.0,step,22,7,-1.0,16,True,True,True,0.125,0.06666666666666667,0.48735404028161566,0.5151916383108056,-0.027837598029189916,0.46203802078262435,0.025316019498991316
bias,rh_pct,2.0,step,22,8,1.0,16,False,False,False,0.0,0.0,0.4477437968608258,0.5007320458575153,-0.05298824899668947,0.4201510020712498,0.027592794789576047
bias,rh_pct,2.0,step,22,9,-1.0,16,True,False,True,0.375,0.4,0.4896496323386877,0.4948407146404512,-0.005191082301763485,0.4515942913320037,0.03805534100668401
bias,rh_pct,2.0,step,33,0,-1.0,16,True,False,True,0.125,0.13333333333333333,0.5169847649653463,0.541068911466065,-0.02408414650071867,0.47727802214991255,0.03970674281543374
bias,rh_pct,2.0,step,33,1,1.0,16,True,True,True,0.3125,0.26666666666666666,0.5163689323817552,0.5320727246067651,-0.015703792225009887,0.5081715690938567,0.00819736328789844
bias,rh_pct,2.0,step,33,2,1.0,15,False,False,False,0.0,0.0,0.4512437890603874,0.47799149837311017,-0.026747709312722724,0.4306391639247218,0.020604625135665633
bias,rh_pct,2.0,step,33,3,1.0,12,True,False,True,0.25,0.2727272727272727,0.5084288636765933,0.5318952217136206,-0.023466358037027166,0.4606107048340524,0.047818158842540925
bias,rh_pct,2.0,step,33,4,-1.0,16,True,False,True,0.4375,0.4666666666666667,0.4859159109195327,0.48748203820978575,-0.0015661272902531553,0.4623348145271013,0.02358109639243139
bias,rh_pct,2.0,step,33,5,-1.0,16,True,True,True,0.1875,0.13333333333333333,0.46746343065592455,0.4973518346316368,-0.029888403975712192,0.4516644549528264,0.015798975703098128
bias,rh_pct,2.0,step,33,6,-1.0,16,True,True,True,0.1875,0.13333333333333333,0.5052122957737134,0.5257258099189998,-0.020513514145286384,0.4696144774912747,0.03559781828243869
bias,rh_pct,2.0,step,33,7,-1.0,16,True,True,True,0.125,0.06666666666666667,0.4889940549632924,0.5219832111590197,-0.03298915619572728,0.45294550883961276,0.03604854612367964
bias,rh_pct,2.0,step,33,8,1.0,16,True,False,True,0.1875,0.2,0.48051303857658134,0.5110794352719719,-0.030566396695390474,0.4670481135633145,0.013464925013266849
bias,rh_pct,2.0,step,33,9,-1.0,16,True,True,True,0.375,0.3333333333333333,0.4810739501407947,0.4878749923365332,-0.006801042195738523,0.45982934425359745,0.021244605887197232
bias,rh_pct,2.0,ramp,11,0,-1.0,16,True,True,True,0.5,0.5833333333333334,0.5009466770571458,0.5045425471686269,-0.0035958701114811656,0.46908258884191023,0.031864088215235564
bias,rh_pct,2.0,ramp,11,1,1.0,15,True,False,True,0.06666666666666667,0.09090909090909091,0.45032974484154004,0.47869887920287113,-0.028369134361331167,0.4430353174948285,0.007294427346711541
bias,rh_pct,2.0,ramp,11,2,-1.0,16,True,True,True,0.25,0.16666666666666666,0.46370378254055156,0.4751946498903119,-0.011490867349760379,0.4432288824703013,0.020474900070250268
bias,rh_pct,2.0,ramp,11,3,-1.0,16,True,False,True,0.1875,0.25,0.4563581409397998,0.47871142485055473,-0.022353283910754928,0.4388890099024124,0.017469131037387398
bias,rh_pct,2.0,ramp,11,4,1.0,16,True,True,True,0.4375,0.5,0.4949197099060497,0.49623126439975596,-0.0013115544937062004,0.47498784291691387,0.01993186698913585
bias,rh_pct,2.0,ramp,11,5,-1.0,16,False,False,False,0.0,0.0,0.5003475503671494,0.5405750872364261,-0.04022753686927671,0.47694015173830756,0.023407398628841836
bias,rh_pct,2.0,ramp,11,6,1.0,16,True,False,True,0.0625,0.08333333333333333,0.44931631024811686,0.4846278074783808,-0.035311497230263944,0.4316998265866496,0.01761648366146723
bias,rh_pct,2.0,ramp,11,7,-1.0,16,True,True,True,0.3125,0.3333333333333333,0.5295137372799619,0.5354077462816277,-0.005894009001665722,0.5007710435850634,0.028742693694898458
bias,rh_pct,2.0,ramp,11,8,1.0,16,True,False,True,0.1875,0.25,0.47489145292898216,0.5114941782703495,-0.03660272534136734,0.44324309376493426,0.0316483591640479
bias,rh_pct,2.0,ramp,11,9,1.0,14,True,False,True,0.21428571428571427,0.3,0.49691105731828555,0.5298530221882448,-0.03294196486995895,0.4715880029403579,0.025323054377927645
bias,rh_pct,2.0,ramp,22,0,-1.0,16,True,True,True,0.4375,0.25,0.5225504017044725,0.5122908890149904,0.010259512689482223,0.48675992460065864,0.03579047710381389
bias,rh_pct,2.0,ramp,22,1,-1.0,16,True,False,True,0.3125,0.4166666666666667,0.5137602079458988,0.5213088453293189,-0.007548637383420039,0.47855752527307793,0.035202682672820895
bias,rh_pct,2.0,ramp,22,2,-1.0,16,True,True,True,0.125,0.08333333333333333,0.48031891441225233,0.5038779165955081,-0.023559002183255743,0.4536465553984672,0.02667235901378512
bias,rh_pct,2.0,ramp,22,3,1.0,16,True,False,True,0.0625,0.08333333333333333,0.4684785357375525,0.4920613489926231,-0.02358281325507066,0.4352853165528207,0.03319321918473178
bias,rh_pct,2.0,ramp,22,4,-1.0,16,True,True,False,0.0625,0.0,0.49445793153538553,0.5220319924191121,-0.02757406088372652,0.4556708787862386,0.038787052749146955
bias,rh_pct,2.0,ramp,22,5,1.0,16,True,True,True,0.125,0.08333333333333333,0.48395348003500416,0.5094534004691587,-0.025499920434154555,0.4565483047573987,0.027405175277605442
bias,rh_pct,2.0,ramp,22,6,-1.0,16,True,True,False,0.0625,0.0,0.46489242718706625,0.49187513498300095,-0.026982707795934705,0.4229484560742219,0.04194397111284437
bias,rh_pct,2.0,ramp,22,7,-1.0,16,True,False,True,0.0625,0.08333333333333333,0.4775726261008053,0.5110033425754322,-0.033430716474626906,0.46203802078262435,0.01553460531818096
bias,rh_pct,2.0,ramp,22,8,1.0,16,False,False,False,0.0,0.0,0.4459892264273455,0.50003270920843,-0.05404348278108463,0.4201510020712498,0.02583822435609573
bias,rh_pct,2.0,ramp,22,9,-1.0,16,True,True,True,0.3125,0.25,0.48655138112062,0.49250730942771004,-0.005955928307090044,0.4515942913320037,0.034957089788616336
bias,rh_pct,2.0,ramp,33,0,-1.0,16,True,False,True,0.1875,0.25,0.5182495806525668,0.5394217284066982,-0.021172147754131482,0.47727802214991255,0.040971558502654215
bias,rh_pct,2.0,ramp,33,1,1.0,16,True,True,True,0.3125,0.3333333333333333,0.5151704367229697,0.5317280386017801,-0.016557601878810436,0.5081715690938567,0.006998867629112948
bias,rh_pct,2.0,ramp,33,2,1.0,15,False,False,False,0.0,0.0,0.4512437890603874,0.47799149837311017,-0.026747709312722724,0.4306391639247218,0.020604625135665633
bias,rh_pct,2.0,ramp,33,3,1.0,12,True,False,True,0.25,0.375,0.5016330013863444,0.5327184790099556,-0.031085477623611194,0.4606107048340524,0.04102229655229195
bias,rh_pct,2.0,ramp,33,4,-1.0,16,True,False,True,0.4375,0.5833333333333334,0.4823194547052227,0.48748203820978575,-0.005162583504563063,0.4623348145271013,0.019984640178121404
bias,rh_pct,2.0,ramp,33,5,-1.0,16,True,False,True,0.0625,0.08333333333333333,0.45777743921560526,0.4927301658145428,-0.0349527265989375,0.4516644549528264,0.006112984262778842
bias,rh_pct,2.0,ramp,33,6,-1.0,16,True,False,True,0.125,0.16666666666666666,0.4964876354330631,0.5225710460459341,-0.02608341061287095,0.4696144774912747,0.026873157941788406
bias,rh_pct,2.0,ramp,33,7,-1.0,16,True,True,False,0.125,0.0,0.4900579624636154,0.5204636576667965,-0.03040569520318117,0.45294550883961276,0.03711245362400262
bias,rh_pct,2.0,ramp,33,8,1.0,16,True,True,True,0.125,0.08333333333333333,0.4791373730370728,0.510165198405915,-0.03102782536884216,0.4670481135633145,0.01208925947375833
bias,rh_pct,2.0,ramp,33,9,-1.0,16,True,True,True,0.375,0.4166666666666667,0.4790453568993355,0.485302433505506,-0.006257076606170572,0.45982934425359745,0.019216012645738023
bias,rh_pct,3.0,step,11,0,-1.0,16,True,True,True,0.5625,0.5333333333333333,0.5055109847874866,0.5062997899236565,-0.0007888051361698879,0.46908258884191023,0.03642839594557634
bias,rh_pct,3.0,step,11,1,1.0,15,True,False,True,0.13333333333333333,0.14285714285714285,0.4676640701604349,0.48527141250182415,-0.017607342341389224,0.4430353174948285,0.02462875266560638
bias,rh_pct,3.0,step,11,2,-1.0,16,True,True,True,0.375,0.3333333333333333,0.4817629947187987,0.47871564184986914,0.00304735286892956,0.4432288824703013,0.0385341122484974
bias,rh_pct,3.0,step,11,3,-1.0,16,True,True,True,0.25,0.2,0.47479463137246936,0.4854409569053708,-0.010646325532901502,0.4388890099024124,0.035905621470056936
bias,rh_pct,3.0,step,11,4,1.0,16,True,False,True,0.5625,0.6,0.5088202324300757,0.5005191176654662,0.008301114764609284,0.47498784291691387,0.03383238951316181
bias,rh_pct,3.0,step,11,5,-1.0,16,True,True,False,0.0625,0.0,0.5132051970907285,0.5437800375522586,-0.030574840461530098,0.47694015173830756,0.03626504535242098
bias,rh_pct,3.0,step,11,6,1.0,16,True,True,True,0.125,0.06666666666666667,0.4655228009121993,0.4864012416558667,-0.020878440743667393,0.4316998265866496,0.03382297432554965
bias,rh_pct,3.0,step,11,7,-1.0,16,True,True,True,0.375,0.3333333333333333,0.5294624559461512,0.5380446101170117,-0.008582154170860466,0.5007710435850634,0.028691412361087743
bias,rh_pct,3.0,step,11,8,1.0,16,True,True,True,1.0,1.0,0.4794612053947931,0.5130232130751469,-0.03356200768035371,0.44324309376493426,0.03621811162985883
bias,rh_pct,3.0,step,11,9,1.0,14,True,True,True,1.0,1.0,0.502483891886437,0.5322665369893793,-0.029782645102942353,0.4715880029403579,0.030895888946079142
bias,rh_pct,3.0,step,22,0,-1.0,16,True,True,True,0.375,0.3333333333333333,0.5189540024288429,0.5127173795854103,0.00623662284343272,0.48675992460065864,0.03219407782818429
bias,rh_pct,3.0,step,22,1,-1.0,16,True,True,True,0.3125,0.26666666666666666,0.511688862669483,0.5233420234378703,-0.01165316076838736,0.47855752527307793,0.03313133739640506
bias,rh_pct,3.0,step,22,2,-1.0,16,True,True,True,0.25,0.2,0.4928018054895735,0.5038779165955081,-0.011076111105934577,0.4536465553984672,0.039155250091106264
bias,rh_pct,3.0,step,22,3,1.0,16,True,True,True,1.0,1.0,0.47754954909124625,0.49320383227027437,-0.015654283179028134,0.4352853165528207,0.04226423253842554
bias,rh_pct,3.0,step,22,4,-1.0,16,True,True,True,0.125,0.06666666666666667,0.49536707812959413,0.5240711284785255,-0.028704050348931417,0.4556708787862386,0.039696199343355554
bias,rh_pct,3.0,step,22,5,1.0,16,True,True,True,0.1875,0.13333333333333333,0.49672590070855804,0.5105914178013186,-0.013865517092760578,0.4565483047573987,0.04017759595115933
bias,rh_pct,3.0,step,22,6,-1.0,16,True,True,True,0.1875,0.13333333333333333,0.4786970859757438,0.4954110925905291,-0.0167140066147854,0.4229484560742219,0.05574862990152191
bias,rh_pct,3.0,step,22,7,-1.0,16,True,True,True,0.25,0.2,0.49467251470654605,0.5197276839674141,-0.025055169260868,0.46203802078262435,0.032634493923921704
bias,rh_pct,3.0,step,22,8,1.0,16,True,False,True,0.5,0.5333333333333333,0.4627491791375859,0.5078325443308263,-0.0450833651932403,0.4201510020712498,0.04259817706633612
bias,rh_pct,3.0,step,22,9,-1.0,16,True,True,True,0.5625,0.5333333333333333,0.5041818862225926,0.5021722974917366,0.0020095887308561287,0.4515942913320037,0.05258759489058895
bias,rh_pct,3.0,step,33,0,-1.0,16,True,True,True,0.125,0.06666666666666667,0.5138435445404896,0.5436832805044503,-0.02983973596396059,0.47727802214991255,0.03656552239057709
bias,rh_pct,3.0,step,33,1,1.0,16,True,True,True,0.375,0.3333333333333333,0.5300421282830969,0.5328138651539611,-0.0027717368708641936,0.5081715690938567,0.02187055918924019
bias,rh_pct,3.0,step,33,2,1.0,15,True,True,True,1.0,1.0,0.4547879266826506,0.47799149837311017,-0.023203571690459505,0.4306391639247218,0.02414876275792882
bias,rh_pct,3.0,step,33,3,1.0,12,True,True,True,1.0,1.0,0.5115475931896921,0.5347182057792595,-0.023170612589567485,0.4606107048340524,0.0509368883556397
bias,rh_pct,3.0,step,33,4,-1.0,16,True,True,True,0.8125,0.8,0.5006696699754289,0.4893490360571378,0.011320633918291186,0.4623348145271013,0.038334855448327654
bias,rh_pct,3.0,step,33,5,-1.0,16,True,True,True,0.25,0.2,0.4877134964240164,0.5028192005765861,-0.015105704152569642,0.4516644549528264,0.03604904147118998
bias,rh_pct,3.0,step,33,6,-1.0,16,True,True,True,0.1875,0.13333333333333333,0.5037069770372913,0.5264470954775169,-0.02274011844022559,0.4696144774912747,0.034092499546016564
bias,rh_pct,3.0,step,33,7,-1.0,16,True,True,True,0.125,0.06666666666666667,0.5013863673702853,0.5239456570693313,-0.02255928969904594,0.45294550883961276,0.04844085853067254
bias,rh_pct,3.0,step,33,8,1.0,16,True,False,True,0.25,0.26666666666666666,0.49842507056587726,0.5189539370204691,-0.020528866454591822,0.4670481135633145,0.031376957002562766
bias,rh_pct,3.0,step,33,9,-1.0,16,True,True,True,0.6875,0.6666666666666666,0.4986608706979564,0.4947422081465735,0.003918662551382911,0.45982934425359745,0.038831526444358944
bias,rh_pct,3.0,ramp,11,0,-1.0,16,True,True,True,0.5,0.5833333333333334,0.49936905557013966,0.5045292171743929,-0.0051601616042533105,0.46908258884191023,0.030286466728229433
bias,rh_pct,3.0,ramp,11,1,1.0,15,True,True,True,0.13333333333333333,0.09090909090909091,0.46004560158710056,0.4858023860746344,-0.025756784487533733,0.4430353174948285,0.017010284092272066
bias,rh_pct,3.0,ramp,11,2,-1.0,16,True,True,True,0.4375,0.4166666666666667,0.4811855337639232,0.47719003433702367,0.003995499426899512,0.4432288824703013,0.03795665129362191
bias,rh_pct,3.0,ramp,11,3,-1.0,16,True,True,True,0.25,0.25,0.4720403999620532,0.48583273744060074,-0.013792337478547523,0.4388890099024124,0.033151390059640795
bias,rh_pct,3.0,ramp,11,4,1.0,16,True,True,True,0.5625,0.5833333333333334,0.5088202324300757,0.5005191176654662,0.008301114764609284,0.47498784291691387,0.03383238951316181
bias,rh_pct,3.0,ramp,11,5,-1.0,16,True,True,False,0.0625,0.0,0.5104909608231409,0.5413465891567639,-0.03085562833362307,0.47694015173830756,0.03355080908483338
bias,rh_pct,3.0,ramp,11,6,1.0,16,True,False,True,0.0625,0.08333333333333333,0.4614192140819905,0.4846278074783808,-0.023208593396390295,0.4316998265866496,0.029719387495340865
bias,rh_pct,3.0,ramp,11,7,-1.0,16,True,True,True,0.375,0.3333333333333333,0.5242626258853025,0.5363949207301962,-0.012132294844893678,0.5007710435850634,0.023491582300239067
bias,rh_pct,3.0,ramp,11,8,1.0,16,True,True,True,0.9375,1.0,0.4765427163369992,0.5114941782703495,-0.034951461933350234,0.44324309376493426,0.033299622572064924
bias,rh_pct,3.0,ramp,11,9,1.0,14,True,True,True,1.0,1.0,0.49972036801460906,0.5320148156704297,-0.03229444765582068,0.4715880029403579,0.028132365074251153
bias,rh_pct,3.0,ramp,22,0,-1.0,16,True,True,True,0.375,0.16666666666666666,0.51910418466686,0.51238483114299,0.006719353523869997,0.48675992460065864,0.03234426006620139
bias,rh_pct,3.0,ramp,22,1,-1.0,16,True,False,True,0.25,0.3333333333333333,0.5080633759240855,0.5211237536427078,-0.013060377718622371,0.47855752527307793,0.029505850651007526
bias,rh_pct,3.0,ramp,22,2,-1.0,16,True,True,True,0.25,0.16666666666666666,0.4903964496274792,0.5038779165955081,-0.013481466968028856,0.4536465553984672,0.03674989422901198
bias,rh_pct,3.0,ramp,22,3,1.0,16,True,True,True,0.875,1.0,0.4721525094575103,0.49246501330037445,-0.020312503842864094,0.4352853165528207,0.036867192904689594
bias,rh_pct,3.0,ramp,22,4,-1.0,16,True,True,True,0.125,0.08333333333333333,0.494665449563774,0.5223064103502932,-0.02764096078651918,0.4556708787862386,0.03899457077753543
bias,rh_pct,3.0,ramp,22,5,1.0,16,True,True,True,0.1875,0.16666666666666666,0.49583979989808546,0.5101222419187041,-0.014282442020618725,0.4565483047573987,0.03929149514068675
bias,rh_pct,3.0,ramp,22,6,-1.0,16,True,True,False,0.125,0.0,0.47680277137587024,0.4932925294943404,-0.016489758118470102,0.4229484560742219,0.05385431530164836
bias,rh_pct,3.0,ramp,22,7,-1.0,16,True,True,False,0.125,0.0,0.48893198712902736,0.514919259300036,-0.025987272171008623,0.46203802078262435,0.02689396634640301
bias,rh_pct,3.0,ramp,22,8,1.0,16,True,False,True,0.5,0.6666666666666666,0.4583400218393909,0.5046025400441118,-0.04626251820472083,0.4201510020712498,0.0381890197681411
bias,rh_pct,3.0,ramp,22,9,-1.0,16,True,True,True,0.5625,0.5833333333333334,0.4974235534400825,0.49785930501679554,-0.0004357515767130296,0.4515942913320037,0.045829262108078805
bias,rh_pct,3.0,ramp,33,0,-1.0,16,True,False,True,0.125,0.16666666666666666,0.5151273893015761,0.5417771786678006,-0.026649789366224554,0.47727802214991255,0.03784936715166354
bias,rh_pct,3.0,ramp,33,1,1.0,16,True,True,True,0.375,0.4166666666666667,0.5293093439953793,0.5328138651539611,-0.003504521158581856,0.5081715690938567,0.021137774901522577
bias,rh_pct,3.0,ramp,33,2,1.0,15,True,True,True,1.0,1.0,0.4547879266826506,0.47799149837311017,-0.023203571690459505,0.4306391639247218,0.02414876275792882
bias,rh_pct,3.0,ramp,33,3,1.0,12,True,True,True,0.9166666666666666,1.0,0.5051564810803447,0.5320794871589257,-0.026923006078580933,0.4606107048340524,0.0445457762462923
bias,rh_pct,3.0,ramp,33,4,-1.0,16,True,True,True,0.75,0.9166666666666666,0.4965300961926477,0.4893552891958213,0.007174806996826478,0.4623348145271013,0.03419528166554642
bias,rh_pct,3.0,ramp,33,5,-1.0,16,True,False,True,0.1875,0.25,0.4778309585503334,0.5010149692378407,-0.023184010687507254,0.4516644549528264,0.026166503597506996
bias,rh_pct,3.0,ramp,33,6,-1.0,16,True,False,True,0.1875,0.25,0.5004102409193854,0.5228135368240598,-0.02240329590467447,0.4696144774912747,0.030795763428110634
bias,rh_pct,3.0,ramp,33,7,-1.0,16,True,True,False,0.125,0.0,0.5018724089648294,0.5226696785784601,-0.020797269613630764,0.45294550883961276,0.048926900125216666
bias,rh_pct,3.0,ramp,33,8,1.0,16,True,True,True,0.25,0.16666666666666666,0.4986955334133578,0.5189539370204691,-0.020258403607111345,0.4670481135633145,0.031647419850043323
bias,rh_pct,3.0,ramp,33,9,-1.0,16,True,True,True,0.625,0.5833333333333334,0.4948852689071608,0.4916567370511543,0.003228531856006453,0.45982934425359745,0.03505592465356333
bias,rh_pct,4.0,step,11,0,-1.0,16,True,True,True,0.75,0.7333333333333333,0.5221137418550412,0.5093793845369392,0.012734357318101918,0.46908258884191023,0.053031153013130994
bias,rh_pct,4.0,step,11,1,1.0,15,True,True,True,1.0,1.0,0.46928303828380513,0.4873703238636255,-0.01808728557982044,0.4430353174948285,0.026247720788976636
bias,rh_pct,4.0,step,11,2,-1.0,16,True,True,True,0.5,0.4666666666666667,0.4910763696557886,0.48637535391135944,0.004701015744429167,0.4432288824703013,0.047847487185487314
bias,rh_pct,4.0,step,11,3,-1.0,16,True,True,True,0.375,0.3333333333333333,0.48580047470279797,0.48817683514438764,-0.002376360441589693,0.4388890099024124,0.04691146480038555
bias,rh_pct,4.0,step,11,4,1.0,16,True,True,True,0.875,0.8666666666666667,0.5173247527280767,0.503392835031139,0.013931917696937711,0.47498784291691387,0.04233690981116278
bias,rh_pct,4.0,step,11,5,-1.0,16,True,True,True,0.125,0.06666666666666667,0.5157355530986518,0.5436752612934914,-0.02793970819483963,0.47694015173830756,0.03879540136034426
bias,rh_pct,4.0,step,11,6,1.0,16,True,True,True,0.3125,0.26666666666666666,0.4794895855733716,0.48961530063578984,-0.010125715062418196,0.4316998265866496,0.047789758986722
bias,rh_pct,4.0,step,11,7,-1.0,16,True,True,True,0.375,0.3333333333333333,0.5253131594407265,0.5371509110804182,-0.011837751639691804,0.5007710435850634,0.024542115855663127
bias,rh_pct,4.0,step,11,8,1.0,16,True,True,True,1.0,1.0,0.4794612053947931,0.5130232130751469,-0.03356200768035371,0.44324309376493426,0.03621811162985883
bias,rh_pct,4.0,step,11,9,1.0,14,True,True,True,1.0,1.0,0.502483891886437,0.5337881563303112,-0.03130426444387415,0.4715880029403579,0.030895888946079142
bias,rh_pct,4.0,step,22,0,-1.0,16,True,True,True,0.625,0.6,0.5232294956925148,0.5136318789089789,0.009597616783535979,0.48675992460065864,0.03646957109185611
bias,rh_pct,4.0,step,22,1,-1.0,16,True,True,True,0.3125,0.26666666666666666,0.5107630796639138,0.5229292646644028,-0.012166185000489063,0.47855752527307793,0.03220555439083583
bias,rh_pct,4.0,step,22,2,-1.0,16,True,True,True,0.3125,0.26666666666666666,0.49883326673434714,0.5038779165955081,-0.00504464986116095,0.4536465553984672,0.045186711335879925
bias,rh_pct,4.0,step,22,3,1.0,16,True,True,True,1.0,1.0,0.47754954909124625,0.49320383227027437,-0.015654283179028134,0.4352853165528207,0.04226423253842554
bias,rh_pct,4.0,step,22,4,-1.0,16,True,True,True,0.125,0.06666666666666667,0.5037961469559779,0.5267277628871099,-0.022931615931132056,0.4556708787862386,0.04812526816973928
bias,rh_pct,4.0,step,22,5,1.0,16,True,True,True,1.0,1.0,0.4995099761320812,0.5108613194371263,-0.011351343305045069,0.4565483047573987,0.042961671374682486
bias,rh_pct,4.0,step,22,6,-1.0,16,True,True,True,1.0,1.0,0.4923980221843575,0.49614205669232947,-0.003744034507971873,0.4229484560742219,0.06944956611013564
bias,rh_pct,4.0,step,22,7,-1.0,16,True,True,True,0.3125,0.26666666666666666,0.5014908042613541,0.5170946115161938,-0.015603807254839813,0.46203802078262435,0.039452783478729714
bias,rh_pct,4.0,step,22,8,1.0,16,True,True,True,1.0,1.0,0.4642589596590322,0.5111033349826412,-0.0468443753236089,0.4201510020712498,0.04410795758778241
bias,rh_pct,4.0,step,22,9,-1.0,16,True,True,True,1.0,1.0,0.5074723731753028,0.5051756414450271,0.002296731730275718,0.4515942913320037,0.05587808184329912
bias,rh_pct,4.0,step,33,0,-1.0,16,True,True,False,0.0625,0.0,0.5109998374811654,0.5432161396941501,-0.032216302212984695,0.47727802214991255,0.03372181533125285
bias,rh_pct,4.0,step,33,1,1.0,16,True,True,True,1.0,1.0,0.5319974346086755,0.5330194568542489,-0.0010220222455734028,0.5081715690938567,0.0238258655148188
bias,rh_pct,4.0,step,33,2,1.0,15,True,True,True,1.0,1.0,0.4547879266826506,0.47799149837311017,-0.023203571690459505,0.4306391639247218,0.02414876275792882
bias,rh_pct,4.0,step,33,3,1.0,12,True,True,True,1.0,1.0,0.5115475931896921,0.5333033477472996,-0.021755754557607577,0.4606107048340524,0.0509368883556397
bias,rh_pct,4.0,step,33,4,-1.0,16,True,True,True,0.875,0.8666666666666667,0.5075627642629297,0.4915313063252227,0.016031457937706977,0.4623348145271013,0.04522794973582839
bias,rh_pct,4.0,step,33,5,-1.0,16,True,True,True,0.3125,0.26666666666666666,0.48810159317892127,0.5061148594723452,-0.018013266293423858,0.4516644549528264,0.036437138226094845
bias,rh_pct,4.0,step,33,6,-1.0,16,True,True,True,0.25,0.2,0.5121904720498278,0.5266089022571768,-0.014418430207348988,0.4696144774912747,0.0425759945585531
bias,rh_pct,4.0,step,33,7,-1.0,16,True,True,True,0.9375,0.9333333333333333,0.5095489551767337,0.5271401963619284,-0.017591241185194634,0.45294550883961276,0.056603446337120944
bias,rh_pct,4.0,step,33,8,1.0,16,True,True,True,1.0,1.0,0.5006612860669564,0.5226789713839997,-0.022017685317043307,0.4670481135633145,0.033613172503641875
bias,rh_pct,4.0,step,33,9,-1.0,16,True,True,True,0.75,0.7333333333333333,0.5086345583597838,0.4970439020303766,0.011590656329407145,0.45982934425359745,0.04880521410618632
bias,rh_pct,4.0,ramp,11,0,-1.0,16,True,True,True,0.75,0.9166666666666666,0.5140525590188698,0.5066415879870794,0.007410971031790489,0.46908258884191023,0.044969970176959584
bias,rh_pct,4.0,ramp,11,1,1.0,15,True,True,True,0.8,1.0,0.46607372574163813,0.48746290658165786,-0.02138918084001975,0.4430353174948285,0.02303840824680964
bias,rh_pct,4.0,ramp,11,2,-1.0,16,True,True,True,0.625,0.6666666666666666,0.48696287530681537,0.4813498661190897,0.005613009187725677,0.4432288824703013,0.04373399283651408
bias,rh_pct,4.0,ramp,11,3,-1.0,16,True,True,True,0.5,0.5,0.48434267719920243,0.48793568244866975,-0.0035930052494672696,0.4388890099024124,0.04545366729679001
bias,rh_pct,4.0,ramp,11,4,1.0,16,True,True,True,0.875,0.8333333333333334,0.5173247527280767,0.503392835031139,0.013931917696937711,0.47498784291691387,0.04233690981116278
bias,rh_pct,4.0,ramp,11,5,-1.0,16,True,True,False,0.1875,0.0,0.5157680897865267,0.543518141636109,-0.02775005184958229,0.47694015173830756,0.0388279380482191
bias,rh_pct,4.0,ramp,11,6,1.0,16,True,False,True,0.125,0.16666666666666666,0.4733628221089987,0.48601356870084367,-0.012650746591844956,0.4316998265866496,0.04166299552234909
bias,rh_pct,4.0,ramp,11,7,-1.0,16,True,True,True,0.375,0.3333333333333333,0.5241403021733243,0.5370932155887215,-0.012952913415397161,0.5007710435850634,0.02336925858826089
bias,rh_pct,4.0,ramp,11,8,1.0,16,True,True,True,0.9375,1.0,0.4773375215255692,0.5114941782703495,-0.034156656744780224,0.44324309376493426,0.03409442776063493
bias,rh_pct,4.0,ramp,11,9,1.0,14,True,True,True,1.0,1.0,0.5007201185202119,0.535894100426411,-0.035173981906199046,0.4715880029403579,0.029132115579854012
bias,rh_pct,4.0,ramp,22,0,-1.0,16,True,True,True,0.625,0.5,0.5231273496524163,0.5135528763197915,0.009574473332624758,0.48675992460065864,0.03636742505175761
bias,rh_pct,4.0,ramp,22,1,-1.0,16,True,False,True,0.25,0.3333333333333333,0.5076334050594553,0.5217412949239465,-0.014107889864491175,0.47855752527307793,0.02907587978637738
bias,rh_pct,4.0,ramp,22,2,-1.0,16,True,True,True,0.3125,0.16666666666666666,0.4980999026453837,0.5038779165955081,-0.005778013950124408,0.4536465553984672,0.044453347246916464
bias,rh_pct,4.0,ramp,22,3,1.0,16,True,True,True,0.875,1.0,0.4726717970338613,0.49246501330037445,-0.01979321626651313,0.4352853165528207,0.037386480481040596
bias,rh_pct,4.0,ramp,22,4,-1.0,16,True,True,True,0.1875,0.08333333333333333,0.5026470854564613,0.5261396388100977,-0.02349255335363632,0.4556708787862386,0.04697620667022273
bias,rh_pct,4.0,ramp,22,5,1.0,16,True,True,True,1.0,1.0,0.4988566373593216,0.5101478173618299,-0.011291180002508241,0.4565483047573987,0.042308332601922904
bias,rh_pct,4.0,ramp,22,6,-1.0,16,True,True,True,0.9375,1.0,0.48716974635991683,0.4941882634924982,-0.0070185171325814685,0.4229484560742219,0.06422129028569495
bias,rh_pct,4.0,ramp,22,7,-1.0,16,True,True,True,0.1875,0.08333333333333333,0.5006114236061272,0.5162910111969967,-0.015679587590869626,0.46203802078262435,0.038573402823502856
bias,rh_pct,4.0,ramp,22,8,1.0,16,True,True,True,0.9375,1.0,0.4596631508993839,0.5088713819416149,-0.04920823104223085,0.4201510020712498,0.03951214882813414
bias,rh_pct,4.0,ramp,22,9,-1.0,16,True,True,True,0.875,1.0,0.5011987706101124,0.500705667925969,0.0004931026841432998,0.4515942913320037,0.04960447927810874
bias,rh_pct,4.0,ramp,33,0,-1.0,16,False,False,False,0.0,0.0,0.5118352062831671,0.5416838601426055,-0.029848653859438315,0.47727802214991255,0.03455718413325459
bias,rh_pct,4.0,ramp,33,1,1.0,16,True,True,True,1.0,1.0,0.5313864943089527,0.5330194568542489,-0.0016329625452962439,0.5081715690938567,0.02321492521509594
bias,rh_pct,4.0,ramp,33,2,1.0,15,True,True,True,1.0,1.0,0.4547879266826506,0.47799149837311017,-0.023203571690459505,0.4306391639247218,0.02414876275792882
bias,rh_pct,4.0,ramp,33,3,1.0,12,True,True,True,0.9166666666666666,1.0,0.5055145876115245,0.53096690782327,-0.025452320211745445,0.4606107048340524,0.04490388277747204
bias,rh_pct,4.0,ramp,33,4,-1.0,16,True,True,True,0.75,0.9166666666666666,0.5026209313690033,0.49008533961647016,0.012535591752533114,0.4623348145271013,0.04028611684190203
bias,rh_pct,4.0,ramp,33,5,-1.0,16,True,True,True,0.25,0.25,0.48388958717513264,0.5034394167783199,-0.019549829603187307,0.4516644549528264,0.03222513222230622
bias,rh_pct,4.0,ramp,33,6,-1.0,16,True,True,True,0.3125,0.3333333333333333,0.5117238071354673,0.5244085244955456,-0.012684717360078361,0.4696144774912747,0.04210932964419256
bias,rh_pct,4.0,ramp,33,7,-1.0,16,True,True,True,0.9375,0.9166666666666666,0.5083124667998207,0.5264258895654079,-0.018113422765587233,0.45294550883961276,0.05536695796020791
bias,rh_pct,4.0,ramp,33,8,1.0,16,True,True,True,1.0,1.0,0.5006612860669564,0.5226789713839997,-0.022017685317043307,0.4670481135633145,0.033613172503641875
bias,rh_pct,4.0,ramp,33,9,-1.0,16,True,True,True,0.75,0.6666666666666666,0.5069534821015759,0.4959891017379491,0.010964380363626736,0.45982934425359745,0.04712413784797842
