station,scenario,condition,seed,fault_type,detected,family,delay
Safdarjung (Delhi),in_domain,baseline16,71,spike,1.0,transient,0.0
Safdarjung (Delhi),in_domain,baseline16,71,spike,1.0,transient,0.0
Safdarjung (Delhi),in_domain,baseline16,71,spike,1.0,transient,0.0
Safdarjung (Delhi),in_domain,baseline16,71,spike,1.0,transient,0.0
Safdarjung (Delhi),in_domain,baseline16,71,spike,1.0,transient,0.0
Safdarjung (Delhi),in_domain,baseline16,71,spike,1.0,transient,0.0
Safdarjung (Delhi),in_domain,baseline16,71,spike,1.0,transient,0.0
Safdarjung (Delhi),in_domain,baseline16,71,spike,0.0,transient,
Safdarjung (Delhi),in_domain,baseline16,71,spike,1.0,transient,0.0
Safdarjung (Delhi),in_domain,baseline16,71,spike,1.0,transient,0.0
Safdarjung (Delhi),in_domain,baseline16,71,spike,0.0,transient,
Safdarjung (Delhi),in_domain,baseline16,71,spike,1.0,transient,0.0
Safdarjung (Delhi),in_domain,baseline16,71,spike,1.0,transient,0.0
Safdarjung (Delhi),in_domain,baseline16,71,spike,1.0,transient,0.0
Safdarjung (Delhi),in_domain,baseline16,71,spike,1.0,transient,0.0
Safdarjung (Delhi),in_domain,baseline16,71,spike,1.0,transient,0.0
Safdarjung (Delhi),in_domain,baseline16,71,spike,1.0,transient,0.0
Safdarjung (Delhi),in_domain,baseline16,71,spike,1.0,transient,0.0
Safdarjung (Delhi),in_domain,baseline16,71,spike,1.0,transient,0.0
Safdarjung (Delhi),in_domain,baseline16,71,spike,1.0,transient,0.0
Safdarjung (Delhi),in_domain,baseline16,71,spike,1.0,transient,0.0
Safdarjung (Delhi),in_domain,baseline16,71,spike,1.0,transient,0.0
Safdarjung (Delhi),in_domain,baseline16,71,spike,0.0,transient,
Safdarjung (Delhi),in_domain,baseline16,71,spike,1.0,transient,0.0
Safdarjung (Delhi),in_domain,baseline16,71,drift,1.0,persistent,9.0
Safdarjung (Delhi),in_domain,baseline16,71,drift,1.0,persistent,11.0
Safdarjung (Delhi),in_domain,baseline16,71,drift,0.0,persistent,
Safdarjung (Delhi),in_domain,baseline16,71,drift,1.0,persistent,8.0
Safdarjung (Delhi),in_domain,baseline16,71,drift,1.0,persistent,12.0
Safdarjung (Delhi),in_domain,baseline16,71,drift,0.0,persistent,
Safdarjung (Delhi),in_domain,baseline16,71,bias,1.0,persistent,7.0
Safdarjung (Delhi),in_domain,baseline16,71,bias,1.0,persistent,0.0
Safdarjung (Delhi),in_domain,baseline16,71,bias,0.0,persistent,
Safdarjung (Delhi),in_domain,baseline16,71,bias,1.0,persistent,8.0
Safdarjung (Delhi),in_domain,baseline16,71,bias,1.0,persistent,3.0
Safdarjung (Delhi),in_domain,baseline16,71,bias,1.0,persistent,3.0
Safdarjung (Delhi),in_domain,baseline16,71,stuck_at,1.0,persistent,0.0
Safdarjung (Delhi),in_domain,baseline16,71,stuck_at,0.0,persistent,
Safdarjung (Delhi),in_domain,baseline16,71,stuck_at,1.0,persistent,0.0
Safdarjung (Delhi),in_domain,baseline16,71,stuck_at,1.0,persistent,0.0
Safdarjung (Delhi),in_domain,baseline16,71,stuck_at,1.0,persistent,0.0
Safdarjung (Delhi),in_domain,baseline16,71,stuck_at,1.0,persistent,0.0
Safdarjung (Delhi),in_domain,baseline16,71,noise_burst,1.0,persistent,10.0
Safdarjung (Delhi),in_domain,baseline16,71,noise_burst,1.0,persistent,4.0
Safdarjung (Delhi),in_domain,baseline16,71,noise_burst,0.0,persistent,
Safdarjung (Delhi),in_domain,baseline16,71,noise_burst,1.0,persistent,0.0
Safdarjung (Delhi),in_domain,baseline16,71,noise_burst,1.0,persistent,0.0
Safdarjung (Delhi),in_domain,baseline16,71,noise_burst,1.0,persistent,0.0
Safdarjung (Delhi),in_domain,baseline16,71,intermittent_spikes,1.0,transient,3.0
Safdarjung (Delhi),in_domain,baseline16,71,intermittent_spikes,1.0,transient,0.0
Safdarjung (Delhi),in_domain,baseline16,71,intermittent_spikes,1.0,transient,0.0
Safdarjung (Delhi),in_domain,baseline16,71,intermittent_spikes,1.0,transient,0.0
Safdarjung (Delhi),in_domain,baseline16,71,intermittent_spikes,1.0,transient,14.0
Safdarjung (Delhi),in_domain,baseline16,71,intermittent_spikes,1.0,transient,0.0
Safdarjung (Delhi),in_domain,baseline16,71,drift_plus_noise,0.0,persistent,
Safdarjung (Delhi),in_domain,baseline16,71,drift_plus_noise,1.0,persistent,2.0
Safdarjung (Delhi),in_domain,baseline16,71,drift_plus_noise,0.0,persistent,
Safdarjung (Delhi),in_domain,baseline16,71,bias_plus_spikes,1.0,persistent,3.0
Safdarjung (Delhi),in_domain,baseline16,71,bias_plus_spikes,1.0,persistent,0.0
Safdarjung (Delhi),in_domain,baseline16,71,bias_plus_spikes,1.0,persistent,2.0
Safdarjung (Delhi),temporal,baseline16,71,spike,1.0,transient,0.0
Safdarjung (Delhi),temporal,baseline16,71,spike,1.0,transient,0.0
Safdarjung (Delhi),temporal,baseline16,71,spike,1.0,transient,0.0
Safdarjung (Delhi),temporal,baseline16,71,spike,1.0,transient,0.0
Safdarjung (Delhi),temporal,baseline16,71,spike,1.0,transient,0.0
Safdarjung (Delhi),temporal,baseline16,71,spike,1.0,transient,0.0
Safdarjung (Delhi),temporal,baseline16,71,spike,1.0,transient,0.0
Safdarjung (Delhi),temporal,baseline16,71,spike,0.0,transient,
Safdarjung (Delhi),temporal,baseline16,71,spike,0.0,transient,
Safdarjung (Delhi),temporal,baseline16,71,spike,1.0,transient,0.0
Safdarjung (Delhi),temporal,baseline16,71,spike,0.0,transient,
Safdarjung (Delhi),temporal,baseline16,71,spike,1.0,transient,0.0
Safdarjung (Delhi),temporal,baseline16,71,spike,1.0,transient,0.0
Safdarjung (Delhi),temporal,baseline16,71,spike,1.0,transient,0.0
Safdarjung (Delhi),temporal,baseline16,71,spike,1.0,transient,0.0
Safdarjung (Delhi),temporal,baseline16,71,spike,0.0,transient,
Safdarjung (Delhi),temporal,baseline16,71,spike,1.0,transient,0.0
Safdarjung (Delhi),temporal,baseline16,71,spike,1.0,transient,0.0
Safdarjung (Delhi),temporal,baseline16,71,spike,1.0,transient,0.0
Safdarjung (Delhi),temporal,baseline16,71,spike,1.0,transient,0.0
Safdarjung (Delhi),temporal,baseline16,71,spike,1.0,transient,0.0
Safdarjung (Delhi),temporal,baseline16,71,spike,1.0,transient,0.0
Safdarjung (Delhi),temporal,baseline16,71,spike,0.0,transient,
Safdarjung (Delhi),temporal,baseline16,71,spike,0.0,transient,
Safdarjung (Delhi),temporal,baseline16,71,drift,0.0,persistent,
Safdarjung (Delhi),temporal,baseline16,71,drift,0.0,persistent,
Safdarjung (Delhi),temporal,baseline16,71,drift,1.0,persistent,12.0
Safdarjung (Delhi),temporal,baseline16,71,drift,0.0,persistent,
Safdarjung (Delhi),temporal,baseline16,71,drift,1.0,persistent,4.0
Safdarjung (Delhi),temporal,baseline16,71,drift,1.0,persistent,0.0
Safdarjung (Delhi),temporal,baseline16,71,bias,0.0,persistent,
Safdarjung (Delhi),temporal,baseline16,71,bias,0.0,persistent,
Safdarjung (Delhi),temporal,baseline16,71,bias,0.0,persistent,
Safdarjung (Delhi),temporal,baseline16,71,bias,0.0,persistent,
Safdarjung (Delhi),temporal,baseline16,71,bias,0.0,persistent,
Safdarjung (Delhi),temporal,baseline16,71,bias,1.0,persistent,8.0
Safdarjung (Delhi),temporal,baseline16,71,stuck_at,1.0,persistent,0.0
Safdarjung (Delhi),temporal,baseline16,71,stuck_at,0.0,persistent,
Safdarjung (Delhi),temporal,baseline16,71,stuck_at,1.0,persistent,0.0
Safdarjung (Delhi),temporal,baseline16,71,stuck_at,1.0,persistent,0.0
Safdarjung (Delhi),temporal,baseline16,71,stuck_at,1.0,persistent,0.0
Safdarjung (Delhi),temporal,baseline16,71,stuck_at,1.0,persistent,0.0
Safdarjung (Delhi),temporal,baseline16,71,noise_burst,1.0,persistent,3.0
Safdarjung (Delhi),temporal,baseline16,71,noise_burst,1.0,persistent,7.0
Safdarjung (Delhi),temporal,baseline16,71,noise_burst,0.0,persistent,
Safdarjung (Delhi),temporal,baseline16,71,noise_burst,1.0,persistent,0.0
Safdarjung (Delhi),temporal,baseline16,71,noise_burst,1.0,persistent,0.0
Safdarjung (Delhi),temporal,baseline16,71,noise_burst,1.0,persistent,8.0
Safdarjung (Delhi),temporal,baseline16,71,intermittent_spikes,1.0,transient,0.0
Safdarjung (Delhi),temporal,baseline16,71,intermittent_spikes,1.0,transient,0.0
Safdarjung (Delhi),temporal,baseline16,71,intermittent_spikes,1.0,transient,0.0
Safdarjung (Delhi),temporal,baseline16,71,intermittent_spikes,1.0,transient,0.0
Safdarjung (Delhi),temporal,baseline16,71,intermittent_spikes,1.0,transient,0.0
Safdarjung (Delhi),temporal,baseline16,71,intermittent_spikes,1.0,transient,0.0
Safdarjung (Delhi),temporal,baseline16,71,drift_plus_noise,1.0,persistent,6.0
Safdarjung (Delhi),temporal,baseline16,71,drift_plus_noise,0.0,persistent,
Safdarjung (Delhi),temporal,baseline16,71,drift_plus_noise,1.0,persistent,2.0
Safdarjung (Delhi),temporal,baseline16,71,bias_plus_spikes,1.0,persistent,0.0
Safdarjung (Delhi),temporal,baseline16,71,bias_plus_spikes,1.0,persistent,7.0
Safdarjung (Delhi),temporal,baseline16,71,bias_plus_spikes,1.0,persistent,1.0
Safdarjung (Delhi),station,baseline16,71,spike,1.0,transient,0.0
Safdarjung (Delhi),station,baseline16,71,spike,1.0,transient,0.0
Safdarjung (Delhi),station,baseline16,71,spike,1.0,transient,0.0
Safdarjung (Delhi),station,baseline16,71,spike,1.0,transient,0.0
Safdarjung (Delhi),station,baseline16,71,spike,1.0,transient,0.0
Safdarjung (Delhi),station,baseline16,71,spike,1.0,transient,0.0
Safdarjung (Delhi),station,baseline16,71,spike,1.0,transient,0.0
Safdarjung (Delhi),station,baseline16,71,spike,1.0,transient,0.0
Safdarjung (Delhi),station,baseline16,71,spike,0.0,transient,
Safdarjung (Delhi),station,baseline16,71,spike,1.0,transient,0.0
Safdarjung (Delhi),station,baseline16,71,spike,0.0,transient,
Safdarjung (Delhi),station,baseline16,71,spike,1.0,transient,0.0
Safdarjung (Delhi),station,baseline16,71,spike,1.0,transient,0.0
Safdarjung (Delhi),station,baseline16,71,spike,1.0,transient,0.0
Safdarjung (Delhi),station,baseline16,71,spike,1.0,transient,0.0
Safdarjung (Delhi),station,baseline16,71,spike,0.0,transient,
Safdarjung (Delhi),station,baseline16,71,spike,1.0,transient,0.0
Safdarjung (Delhi),station,baseline16,71,spike,1.0,transient,0.0
Safdarjung (Delhi),station,baseline16,71,spike,1.0,transient,0.0
Safdarjung (Delhi),station,baseline16,71,spike,1.0,transient,0.0
Safdarjung (Delhi),station,baseline16,71,spike,1.0,transient,0.0
Safdarjung (Delhi),station,baseline16,71,spike,1.0,transient,0.0
Safdarjung (Delhi),station,baseline16,71,spike,0.0,transient,
Safdarjung (Delhi),station,baseline16,71,spike,0.0,transient,
Safdarjung (Delhi),station,baseline16,71,drift,1.0,persistent,5.0
Safdarjung (Delhi),station,baseline16,71,drift,0.0,persistent,
Safdarjung (Delhi),station,baseline16,71,drift,1.0,persistent,4.0
Safdarjung (Delhi),station,baseline16,71,drift,0.0,persistent,
Safdarjung (Delhi),station,baseline16,71,drift,1.0,persistent,4.0
Safdarjung (Delhi),station,baseline16,71,drift,1.0,persistent,0.0
Safdarjung (Delhi),station,baseline16,71,bias,1.0,persistent,0.0
Safdarjung (Delhi),station,baseline16,71,bias,0.0,persistent,
Safdarjung (Delhi),station,baseline16,71,bias,0.0,persistent,
Safdarjung (Delhi),station,baseline16,71,bias,0.0,persistent,
Safdarjung (Delhi),station,baseline16,71,bias,0.0,persistent,
Safdarjung (Delhi),station,baseline16,71,bias,0.0,persistent,
Safdarjung (Delhi),station,baseline16,71,stuck_at,1.0,persistent,0.0
Safdarjung (Delhi),station,baseline16,71,stuck_at,0.0,persistent,
Safdarjung (Delhi),station,baseline16,71,stuck_at,1.0,persistent,0.0
Safdarjung (Delhi),station,baseline16,71,stuck_at,1.0,persistent,0.0
Safdarjung (Delhi),station,baseline16,71,stuck_at,1.0,persistent,0.0
Safdarjung (Delhi),station,baseline16,71,stuck_at,1.0,persistent,0.0
Safdarjung (Delhi),station,baseline16,71,noise_burst,1.0,persistent,0.0
Safdarjung (Delhi),station,baseline16,71,noise_burst,1.0,persistent,7.0
Safdarjung (Delhi),station,baseline16,71,noise_burst,0.0,persistent,
Safdarjung (Delhi),station,baseline16,71,noise_burst,1.0,persistent,0.0
Safdarjung (Delhi),station,baseline16,71,noise_burst,1.0,persistent,0.0
Safdarjung (Delhi),station,baseline16,71,noise_burst,0.0,persistent,
Safdarjung (Delhi),station,baseline16,71,intermittent_spikes,1.0,transient,0.0
Safdarjung (Delhi),station,baseline16,71,intermittent_spikes,1.0,transient,0.0
Safdarjung (Delhi),station,baseline16,71,intermittent_spikes,1.0,transient,0.0
Safdarjung (Delhi),station,baseline16,71,intermittent_spikes,1.0,transient,5.0
Safdarjung (Delhi),station,baseline16,71,intermittent_spikes,1.0,transient,0.0
Safdarjung (Delhi),station,baseline16,71,intermittent_spikes,1.0,transient,0.0
Safdarjung (Delhi),station,baseline16,71,drift_plus_noise,1.0,persistent,1.0
Safdarjung (Delhi),station,baseline16,71,drift_plus_noise,1.0,persistent,12.0
Safdarjung (Delhi),station,baseline16,71,drift_plus_noise,1.0,persistent,1.0
Safdarjung (Delhi),station,baseline16,71,bias_plus_spikes,1.0,persistent,0.0
Safdarjung (Delhi),station,baseline16,71,bias_plus_spikes,1.0,persistent,7.0
Safdarjung (Delhi),station,baseline16,71,bias_plus_spikes,1.0,persistent,1.0
Safdarjung (Delhi),in_domain,baseline16,82,spike,1.0,transient,0.0
Safdarjung (Delhi),in_domain,baseline16,82,spike,0.0,transient,
Safdarjung (Delhi),in_domain,baseline16,82,spike,1.0,transient,0.0
Safdarjung (Delhi),in_domain,baseline16,82,spike,1.0,transient,0.0
Safdarjung (Delhi),in_domain,baseline16,82,spike,1.0,transient,0.0
Safdarjung (Delhi),in_domain,baseline16,82,spike,1.0,transient,0.0
Safdarjung (Delhi),in_domain,baseline16,82,spike,0.0,transient,
Safdarjung (Delhi),in_domain,baseline16,82,spike,0.0,transient,
Safdarjung (Delhi),in_domain,baseline16,82,spike,1.0,transient,0.0
Safdarjung (Delhi),in_domain,baseline16,82,spike,1.0,transient,0.0
Safdarjung (Delhi),in_domain,baseline16,82,spike,1.0,transient,0.0
Safdarjung (Delhi),in_domain,baseline16,82,spike,1.0,transient,0.0
Safdarjung (Delhi),in_domain,baseline16,82,spike,1.0,transient,0.0
Safdarjung (Delhi),in_domain,baseline16,82,spike,1.0,transient,0.0
Safdarjung (Delhi),in_domain,baseline16,82,spike,1.0,transient,0.0
Safdarjung (Delhi),in_domain,baseline16,82,spike,0.0,transient,
Safdarjung (Delhi),in_domain,baseline16,82,spike,1.0,transient,0.0
Safdarjung (Delhi),in_domain,baseline16,82,spike,1.0,transient,0.0
Safdarjung (Delhi),in_domain,baseline16,82,spike,0.0,transient,
Safdarjung (Delhi),in_domain,baseline16,82,spike,1.0,transient,0.0
Safdarjung (Delhi),in_domain,baseline16,82,spike,1.0,transient,0.0
Safdarjung (Delhi),in_domain,baseline16,82,spike,1.0,transient,0.0
Safdarjung (Delhi),in_domain,baseline16,82,spike,0.0,transient,
Safdarjung (Delhi),in_domain,baseline16,82,spike,0.0,transient,
Safdarjung (Delhi),in_domain,baseline16,82,drift,1.0,persistent,7.0
Safdarjung (Delhi),in_domain,baseline16,82,drift,1.0,persistent,1.0
Safdarjung (Delhi),in_domain,baseline16,82,drift,0.0,persistent,
Safdarjung (Delhi),in_domain,baseline16,82,drift,0.0,persistent,
Safdarjung (Delhi),in_domain,baseline16,82,drift,1.0,persistent,8.0
Safdarjung (Delhi),in_domain,baseline16,82,drift,1.0,persistent,4.0
Safdarjung (Delhi),in_domain,baseline16,82,bias,0.0,persistent,
Safdarjung (Delhi),in_domain,baseline16,82,bias,1.0,persistent,0.0
Safdarjung (Delhi),in_domain,baseline16,82,bias,1.0,persistent,0.0
Safdarjung (Delhi),in_domain,baseline16,82,bias,0.0,persistent,
Safdarjung (Delhi),in_domain,baseline16,82,bias,1.0,persistent,0.0
Safdarjung (Delhi),in_domain,baseline16,82,bias,0.0,persistent,
Safdarjung (Delhi),in_domain,baseline16,82,stuck_at,0.0,persistent,
Safdarjung (Delhi),in_domain,baseline16,82,stuck_at,1.0,persistent,0.0
Safdarjung (Delhi),in_domain,baseline16,82,stuck_at,1.0,persistent,0.0
Safdarjung (Delhi),in_domain,baseline16,82,stuck_at,1.0,persistent,0.0
Safdarjung (Delhi),in_domain,baseline16,82,stuck_at,1.0,persistent,0.0
Safdarjung (Delhi),in_domain,baseline16,82,stuck_at,1.0,persistent,0.0
Safdarjung (Delhi),in_domain,baseline16,82,noise_burst,1.0,persistent,9.0
Safdarjung (Delhi),in_domain,baseline16,82,noise_burst,1.0,persistent,1.0
Safdarjung (Delhi),in_domain,baseline16,82,noise_burst,1.0,persistent,10.0
Safdarjung (Delhi),in_domain,baseline16,82,noise_burst,1.0,persistent,3.0
Safdarjung (Delhi),in_domain,baseline16,82,noise_burst,1.0,persistent,0.0
Safdarjung (Delhi),in_domain,baseline16,82,noise_burst,1.0,persistent,0.0
Safdarjung (Delhi),in_domain,baseline16,82,intermittent_spikes,1.0,transient,0.0
Safdarjung (Delhi),in_domain,baseline16,82,intermittent_spikes,1.0,transient,0.0
Safdarjung (Delhi),in_domain,baseline16,82,intermittent_spikes,1.0,transient,0.0
Safdarjung (Delhi),in_domain,baseline16,82,intermittent_spikes,1.0,transient,0.0
Safdarjung (Delhi),in_domain,baseline16,82,intermittent_spikes,1.0,transient,0.0
Safdarjung (Delhi),in_domain,baseline16,82,intermittent_spikes,1.0,transient,0.0
Safdarjung (Delhi),in_domain,baseline16,82,drift_plus_noise,1.0,persistent,8.0
Safdarjung (Delhi),in_domain,baseline16,82,drift_plus_noise,1.0,persistent,3.0
Safdarjung (Delhi),in_domain,baseline16,82,drift_plus_noise,0.0,persistent,
Safdarjung (Delhi),in_domain,baseline16,82,bias_plus_spikes,1.0,persistent,4.0
Safdarjung (Delhi),in_domain,baseline16,82,bias_plus_spikes,1.0,persistent,0.0
Safdarjung (Delhi),in_domain,baseline16,82,bias_plus_spikes,1.0,persistent,0.0
Safdarjung (Delhi),temporal,baseline16,82,spike,1.0,transient,0.0
Safdarjung (Delhi),temporal,baseline16,82,spike,0.0,transient,
Safdarjung (Delhi),temporal,baseline16,82,spike,0.0,transient,
Safdarjung (Delhi),temporal,baseline16,82,spike,1.0,transient,0.0
Safdarjung (Delhi),temporal,baseline16,82,spike,1.0,transient,0.0
Safdarjung (Delhi),temporal,baseline16,82,spike,1.0,transient,0.0
Safdarjung (Delhi),temporal,baseline16,82,spike,0.0,transient,
Safdarjung (Delhi),temporal,baseline16,82,spike,0.0,transient,
Safdarjung (Delhi),temporal,baseline16,82,spike,1.0,transient,0.0
Safdarjung (Delhi),temporal,baseline16,82,spike,0.0,transient,
Safdarjung (Delhi),temporal,baseline16,82,spike,1.0,transient,0.0
Safdarjung (Delhi),temporal,baseline16,82,spike,0.0,transient,
Safdarjung (Delhi),temporal,baseline16,82,spike,1.0,transient,0.0
Safdarjung (Delhi),temporal,baseline16,82,spike,1.0,transient,0.0
Safdarjung (Delhi),temporal,baseline16,82,spike,1.0,transient,0.0
Safdarjung (Delhi),temporal,baseline16,82,spike,0.0,transient,
Safdarjung (Delhi),temporal,baseline16,82,spike,1.0,transient,0.0
Safdarjung (Delhi),temporal,baseline16,82,spike,1.0,transient,0.0
Safdarjung (Delhi),temporal,baseline16,82,spike,1.0,transient,0.0
Safdarjung (Delhi),temporal,baseline16,82,spike,0.0,transient,
Safdarjung (Delhi),temporal,baseline16,82,spike,1.0,transient,0.0
Safdarjung (Delhi),temporal,baseline16,82,spike,1.0,transient,0.0
Safdarjung (Delhi),temporal,baseline16,82,spike,1.0,transient,0.0
Safdarjung (Delhi),temporal,baseline16,82,spike,0.0,transient,
Safdarjung (Delhi),temporal,baseline16,82,drift,0.0,persistent,
Safdarjung (Delhi),temporal,baseline16,82,drift,1.0,persistent,9.0
Safdarjung (Delhi),temporal,baseline16,82,drift,0.0,persistent,
Safdarjung (Delhi),temporal,baseline16,82,drift,1.0,persistent,11.0
Safdarjung (Delhi),temporal,baseline16,82,drift,1.0,persistent,10.0
Safdarjung (Delhi),temporal,baseline16,82,drift,0.0,persistent,
Safdarjung (Delhi),temporal,baseline16,82,bias,0.0,persistent,
Safdarjung (Delhi),temporal,baseline16,82,bias,1.0,persistent,0.0
Safdarjung (Delhi),temporal,baseline16,82,bias,0.0,persistent,
Safdarjung (Delhi),temporal,baseline16,82,bias,0.0,persistent,
Safdarjung (Delhi),temporal,baseline16,82,bias,0.0,persistent,
Safdarjung (Delhi),temporal,baseline16,82,bias,0.0,persistent,
Safdarjung (Delhi),temporal,baseline16,82,stuck_at,0.0,persistent,
Safdarjung (Delhi),temporal,baseline16,82,stuck_at,1.0,persistent,0.0
Safdarjung (Delhi),temporal,baseline16,82,stuck_at,1.0,persistent,0.0
Safdarjung (Delhi),temporal,baseline16,82,stuck_at,1.0,persistent,0.0
Safdarjung (Delhi),temporal,baseline16,82,stuck_at,1.0,persistent,0.0
Safdarjung (Delhi),temporal,baseline16,82,stuck_at,1.0,persistent,0.0
Safdarjung (Delhi),temporal,baseline16,82,noise_burst,1.0,persistent,2.0
Safdarjung (Delhi),temporal,baseline16,82,noise_burst,1.0,persistent,0.0
Safdarjung (Delhi),temporal,baseline16,82,noise_burst,0.0,persistent,
Safdarjung (Delhi),temporal,baseline16,82,noise_burst,1.0,persistent,0.0
Safdarjung (Delhi),temporal,baseline16,82,noise_burst,1.0,persistent,1.0
Safdarjung (Delhi),temporal,baseline16,82,noise_burst,1.0,persistent,6.0
Safdarjung (Delhi),temporal,baseline16,82,intermittent_spikes,1.0,transient,0.0
Safdarjung (Delhi),temporal,baseline16,82,intermittent_spikes,1.0,transient,0.0
Safdarjung (Delhi),temporal,baseline16,82,intermittent_spikes,1.0,transient,0.0
Safdarjung (Delhi),temporal,baseline16,82,intermittent_spikes,1.0,transient,0.0
Safdarjung (Delhi),temporal,baseline16,82,intermittent_spikes,1.0,transient,0.0
Safdarjung (Delhi),temporal,baseline16,82,intermittent_spikes,1.0,transient,0.0
Safdarjung (Delhi),temporal,baseline16,82,drift_plus_noise,1.0,persistent,8.0
Safdarjung (Delhi),temporal,baseline16,82,drift_plus_noise,1.0,persistent,7.0
Safdarjung (Delhi),temporal,baseline16,82,drift_plus_noise,1.0,persistent,1.0
Safdarjung (Delhi),temporal,baseline16,82,bias_plus_spikes,1.0,persistent,2.0
Safdarjung (Delhi),temporal,baseline16,82,bias_plus_spikes,1.0,persistent,0.0
Safdarjung (Delhi),temporal,baseline16,82,bias_plus_spikes,1.0,persistent,1.0
Safdarjung (Delhi),station,baseline16,82,spike,1.0,transient,0.0
Safdarjung (Delhi),station,baseline16,82,spike,0.0,transient,
Safdarjung (Delhi),station,baseline16,82,spike,0.0,transient,
Safdarjung (Delhi),station,baseline16,82,spike,0.0,transient,
Safdarjung (Delhi),station,baseline16,82,spike,1.0,transient,0.0
Safdarjung (Delhi),station,baseline16,82,spike,1.0,transient,0.0
Safdarjung (Delhi),station,baseline16,82,spike,0.0,transient,
Safdarjung (Delhi),station,baseline16,82,spike,0.0,transient,
Safdarjung (Delhi),station,baseline16,82,spike,1.0,transient,0.0
Safdarjung (Delhi),station,baseline16,82,spike,0.0,transient,
Safdarjung (Delhi),station,baseline16,82,spike,1.0,transient,0.0
Safdarjung (Delhi),station,baseline16,82,spike,0.0,transient,
Safdarjung (Delhi),station,baseline16,82,spike,1.0,transient,0.0
Safdarjung (Delhi),station,baseline16,82,spike,1.0,transient,0.0
Safdarjung (Delhi),station,baseline16,82,spike,1.0,transient,0.0
Safdarjung (Delhi),station,baseline16,82,spike,0.0,transient,
Safdarjung (Delhi),station,baseline16,82,spike,1.0,transient,0.0
Safdarjung (Delhi),station,baseline16,82,spike,1.0,transient,0.0
Safdarjung (Delhi),station,baseline16,82,spike,1.0,transient,0.0
Safdarjung (Delhi),station,baseline16,82,spike,1.0,transient,0.0
Safdarjung (Delhi),station,baseline16,82,spike,1.0,transient,0.0
Safdarjung (Delhi),station,baseline16,82,spike,1.0,transient,0.0
Safdarjung (Delhi),station,baseline16,82,spike,1.0,transient,0.0
Safdarjung (Delhi),station,baseline16,82,spike,0.0,transient,
Safdarjung (Delhi),station,baseline16,82,drift,0.0,persistent,
Safdarjung (Delhi),station,baseline16,82,drift,1.0,persistent,9.0
Safdarjung (Delhi),station,baseline16,82,drift,1.0,persistent,8.0
Safdarjung (Delhi),station,baseline16,82,drift,1.0,persistent,11.0
Safdarjung (Delhi),station,baseline16,82,drift,1.0,persistent,11.0
Safdarjung (Delhi),station,baseline16,82,drift,0.0,persistent,
Safdarjung (Delhi),station,baseline16,82,bias,0.0,persistent,
Safdarjung (Delhi),station,baseline16,82,bias,1.0,persistent,0.0
Safdarjung (Delhi),station,baseline16,82,bias,0.0,persistent,
Safdarjung (Delhi),station,baseline16,82,bias,0.0,persistent,
Safdarjung (Delhi),station,baseline16,82,bias,0.0,persistent,
Safdarjung (Delhi),station,baseline16,82,bias,0.0,persistent,
Safdarjung (Delhi),station,baseline16,82,stuck_at,0.0,persistent,
Safdarjung (Delhi),station,baseline16,82,stuck_at,1.0,persistent,0.0
Safdarjung (Delhi),station,baseline16,82,stuck_at,1.0,persistent,0.0
Safdarjung (Delhi),station,baseline16,82,stuck_at,1.0,persistent,0.0
Safdarjung (Delhi),station,baseline16,82,stuck_at,1.0,persistent,0.0
Safdarjung (Delhi),station,baseline16,82,stuck_at,1.0,persistent,0.0
Safdarjung (Delhi),station,baseline16,82,noise_burst,1.0,persistent,0.0
Safdarjung (Delhi),station,baseline16,82,noise_burst,1.0,persistent,0.0
Safdarjung (Delhi),station,baseline16,82,noise_burst,0.0,persistent,
Safdarjung (Delhi),station,baseline16,82,noise_burst,1.0,persistent,0.0
Safdarjung (Delhi),station,baseline16,82,noise_burst,1.0,persistent,1.0
Safdarjung (Delhi),station,baseline16,82,noise_burst,1.0,persistent,6.0
Safdarjung (Delhi),station,baseline16,82,intermittent_spikes,1.0,transient,0.0
Safdarjung (Delhi),station,baseline16,82,intermittent_spikes,1.0,transient,0.0
Safdarjung (Delhi),station,baseline16,82,intermittent_spikes,1.0,transient,0.0
Safdarjung (Delhi),station,baseline16,82,intermittent_spikes,1.0,transient,0.0
Safdarjung (Delhi),station,baseline16,82,intermittent_spikes,1.0,transient,0.0
Safdarjung (Delhi),station,baseline16,82,intermittent_spikes,1.0,transient,0.0
Safdarjung (Delhi),station,baseline16,82,drift_plus_noise,1.0,persistent,6.0
Safdarjung (Delhi),station,baseline16,82,drift_plus_noise,1.0,persistent,10.0
Safdarjung (Delhi),station,baseline16,82,drift_plus_noise,1.0,persistent,1.0
Safdarjung (Delhi),station,baseline16,82,bias_plus_spikes,1.0,persistent,2.0
Safdarjung (Delhi),station,baseline16,82,bias_plus_spikes,1.0,persistent,0.0
Safdarjung (Delhi),station,baseline16,82,bias_plus_spikes,1.0,persistent,0.0
Safdarjung (Delhi),in_domain,baseline16,93,spike,1.0,transient,0.0
Safdarjung (Delhi),in_domain,baseline16,93,spike,0.0,transient,
Safdarjung (Delhi),in_domain,baseline16,93,spike,1.0,transient,0.0
Safdarjung (Delhi),in_domain,baseline16,93,spike,1.0,transient,0.0
Safdarjung (Delhi),in_domain,baseline16,93,spike,1.0,transient,0.0
Safdarjung (Delhi),in_domain,baseline16,93,spike,1.0,transient,0.0
Safdarjung (Delhi),in_domain,baseline16,93,spike,1.0,transient,0.0
Safdarjung (Delhi),in_domain,baseline16,93,spike,0.0,transient,
Safdarjung (Delhi),in_domain,baseline16,93,spike,0.0,transient,
Safdarjung (Delhi),in_domain,baseline16,93,spike,1.0,transient,0.0
Safdarjung (Delhi),in_domain,baseline16,93,spike,1.0,transient,0.0
Safdarjung (Delhi),in_domain,baseline16,93,spike,1.0,transient,0.0
Safdarjung (Delhi),in_domain,baseline16,93,spike,1.0,transient,0.0
Safdarjung (Delhi),in_domain,baseline16,93,spike,1.0,transient,0.0
Safdarjung (Delhi),in_domain,baseline16,93,spike,1.0,transient,0.0
Safdarjung (Delhi),in_domain,baseline16,93,spike,1.0,transient,0.0
Safdarjung (Delhi),in_domain,baseline16,93,spike,1.0,transient,0.0
Safdarjung (Delhi),in_domain,baseline16,93,spike,1.0,transient,0.0
Safdarjung (Delhi),in_domain,baseline16,93,spike,1.0,transient,0.0
Safdarjung (Delhi),in_domain,baseline16,93,spike,1.0,transient,0.0
Safdarjung (Delhi),in_domain,baseline16,93,spike,1.0,transient,0.0
Safdarjung (Delhi),in_domain,baseline16,93,spike,1.0,transient,0.0
Safdarjung (Delhi),in_domain,baseline16,93,spike,1.0,transient,0.0
Safdarjung (Delhi),in_domain,baseline16,93,spike,1.0,transient,2.0
Safdarjung (Delhi),in_domain,baseline16,93,drift,0.0,persistent,
Safdarjung (Delhi),in_domain,baseline16,93,drift,1.0,persistent,2.0
Safdarjung (Delhi),in_domain,baseline16,93,drift,1.0,persistent,9.0
Safdarjung (Delhi),in_domain,baseline16,93,drift,1.0,persistent,6.0
Safdarjung (Delhi),in_domain,baseline16,93,drift,1.0,persistent,11.0
Safdarjung (Delhi),in_domain,baseline16,93,drift,0.0,persistent,
Safdarjung (Delhi),in_domain,baseline16,93,bias,0.0,persistent,
Safdarjung (Delhi),in_domain,baseline16,93,bias,0.0,persistent,
Safdarjung (Delhi),in_domain,baseline16,93,bias,1.0,persistent,5.0
Safdarjung (Delhi),in_domain,baseline16,93,bias,0.0,persistent,
Safdarjung (Delhi),in_domain,baseline16,93,bias,1.0,persistent,6.0
Safdarjung (Delhi),in_domain,baseline16,93,bias,1.0,persistent,10.0
Safdarjung (Delhi),in_domain,baseline16,93,stuck_at,0.0,persistent,
Safdarjung (Delhi),in_domain,baseline16,93,stuck_at,1.0,persistent,0.0
Safdarjung (Delhi),in_domain,baseline16,93,stuck_at,1.0,persistent,0.0
Safdarjung (Delhi),in_domain,baseline16,93,stuck_at,1.0,persistent,0.0
Safdarjung (Delhi),in_domain,baseline16,93,stuck_at,1.0,persistent,0.0
Safdarjung (Delhi),in_domain,baseline16,93,stuck_at,1.0,persistent,0.0
Safdarjung (Delhi),in_domain,baseline16,93,noise_burst,1.0,persistent,5.0
Safdarjung (Delhi),in_domain,baseline16,93,noise_burst,0.0,persistent,
Safdarjung (Delhi),in_domain,baseline16,93,noise_burst,1.0,persistent,0.0
Safdarjung (Delhi),in_domain,baseline16,93,noise_burst,1.0,persistent,2.0
Safdarjung (Delhi),in_domain,baseline16,93,noise_burst,1.0,persistent,4.0
Safdarjung (Delhi),in_domain,baseline16,93,noise_burst,1.0,persistent,2.0
Safdarjung (Delhi),in_domain,baseline16,93,intermittent_spikes,1.0,transient,0.0
Safdarjung (Delhi),in_domain,baseline16,93,intermittent_spikes,1.0,transient,0.0
Safdarjung (Delhi),in_domain,baseline16,93,intermittent_spikes,1.0,transient,0.0
Safdarjung (Delhi),in_domain,baseline16,93,intermittent_spikes,1.0,transient,0.0
Safdarjung (Delhi),in_domain,baseline16,93,intermittent_spikes,1.0,transient,0.0
Safdarjung (Delhi),in_domain,baseline16,93,intermittent_spikes,1.0,transient,5.0
Safdarjung (Delhi),in_domain,baseline16,93,drift_plus_noise,1.0,persistent,13.0
Safdarjung (Delhi),in_domain,baseline16,93,drift_plus_noise,1.0,persistent,9.0
Safdarjung (Delhi),in_domain,baseline16,93,drift_plus_noise,1.0,persistent,9.0
Safdarjung (Delhi),in_domain,baseline16,93,bias_plus_spikes,1.0,persistent,1.0
Safdarjung (Delhi),in_domain,baseline16,93,bias_plus_spikes,1.0,persistent,0.0
Safdarjung (Delhi),in_domain,baseline16,93,bias_plus_spikes,1.0,persistent,3.0
Safdarjung (Delhi),temporal,baseline16,93,spike,1.0,transient,0.0
Safdarjung (Delhi),temporal,baseline16,93,spike,0.0,transient,
Safdarjung (Delhi),temporal,baseline16,93,spike,1.0,transient,0.0
Safdarjung (Delhi),temporal,baseline16,93,spike,1.0,transient,0.0
Safdarjung (Delhi),temporal,baseline16,93,spike,1.0,transient,0.0
Safdarjung (Delhi),temporal,baseline16,93,spike,1.0,transient,0.0
Safdarjung (Delhi),temporal,baseline16,93,spike,0.0,transient,
Safdarjung (Delhi),temporal,baseline16,93,spike,0.0,transient,
Safdarjung (Delhi),temporal,baseline16,93,spike,0.0,transient,
Safdarjung (Delhi),temporal,baseline16,93,spike,1.0,transient,0.0
Safdarjung (Delhi),temporal,baseline16,93,spike,0.0,transient,
Safdarjung (Delhi),temporal,baseline16,93,spike,1.0,transient,0.0
Safdarjung (Delhi),temporal,baseline16,93,spike,1.0,transient,0.0
Safdarjung (Delhi),temporal,baseline16,93,spike,1.0,transient,0.0
Safdarjung (Delhi),temporal,baseline16,93,spike,0.0,transient,
Safdarjung (Delhi),temporal,baseline16,93,spike,1.0,transient,0.0
Safdarjung (Delhi),temporal,baseline16,93,spike,1.0,transient,0.0
Safdarjung (Delhi),temporal,baseline16,93,spike,1.0,transient,0.0
Safdarjung (Delhi),temporal,baseline16,93,spike,1.0,transient,0.0
Safdarjung (Delhi),temporal,baseline16,93,spike,1.0,transient,0.0
Safdarjung (Delhi),temporal,baseline16,93,spike,1.0,transient,0.0
Safdarjung (Delhi),temporal,baseline16,93,spike,1.0,transient,0.0
Safdarjung (Delhi),temporal,baseline16,93,spike,1.0,transient,0.0
Safdarjung (Delhi),temporal,baseline16,93,spike,1.0,transient,0.0
Safdarjung (Delhi),temporal,baseline16,93,drift,1.0,persistent,2.0
Safdarjung (Delhi),temporal,baseline16,93,drift,1.0,persistent,3.0
Safdarjung (Delhi),temporal,baseline16,93,drift,0.0,persistent,
Safdarjung (Delhi),temporal,baseline16,93,drift,1.0,persistent,8.0
Safdarjung (Delhi),temporal,baseline16,93,drift,0.0,persistent,
Safdarjung (Delhi),temporal,baseline16,93,drift,1.0,persistent,6.0
Safdarjung (Delhi),temporal,baseline16,93,bias,0.0,persistent,
Safdarjung (Delhi),temporal,baseline16,93,bias,0.0,persistent,
Safdarjung (Delhi),temporal,baseline16,93,bias,0.0,persistent,
Safdarjung (Delhi),temporal,baseline16,93,bias,0.0,persistent,
Safdarjung (Delhi),temporal,baseline16,93,bias,0.0,persistent,
Safdarjung (Delhi),temporal,baseline16,93,bias,0.0,persistent,
Safdarjung (Delhi),temporal,baseline16,93,stuck_at,1.0,persistent,0.0
Safdarjung (Delhi),temporal,baseline16,93,stuck_at,1.0,persistent,0.0
Safdarjung (Delhi),temporal,baseline16,93,stuck_at,1.0,persistent,0.0
Safdarjung (Delhi),temporal,baseline16,93,stuck_at,1.0,persistent,0.0
Safdarjung (Delhi),temporal,baseline16,93,stuck_at,1.0,persistent,0.0
Safdarjung (Delhi),temporal,baseline16,93,stuck_at,1.0,persistent,0.0
Safdarjung (Delhi),temporal,baseline16,93,noise_burst,1.0,persistent,4.0
Safdarjung (Delhi),temporal,baseline16,93,noise_burst,1.0,persistent,5.0
Safdarjung (Delhi),temporal,baseline16,93,noise_burst,0.0,persistent,
Safdarjung (Delhi),temporal,baseline16,93,noise_burst,1.0,persistent,0.0
Safdarjung (Delhi),temporal,baseline16,93,noise_burst,1.0,persistent,3.0
Safdarjung (Delhi),temporal,baseline16,93,noise_burst,1.0,persistent,1.0
Safdarjung (Delhi),temporal,baseline16,93,intermittent_spikes,1.0,transient,0.0
Safdarjung (Delhi),temporal,baseline16,93,intermittent_spikes,0.0,transient,
Safdarjung (Delhi),temporal,baseline16,93,intermittent_spikes,1.0,transient,0.0
Safdarjung (Delhi),temporal,baseline16,93,intermittent_spikes,1.0,transient,2.0
Safdarjung (Delhi),temporal,baseline16,93,intermittent_spikes,1.0,transient,0.0
Safdarjung (Delhi),temporal,baseline16,93,intermittent_spikes,1.0,transient,4.0
Safdarjung (Delhi),temporal,baseline16,93,drift_plus_noise,1.0,persistent,15.0
Safdarjung (Delhi),temporal,baseline16,93,drift_plus_noise,1.0,persistent,10.0
Safdarjung (Delhi),temporal,baseline16,93,drift_plus_noise,0.0,persistent,
Safdarjung (Delhi),temporal,baseline16,93,bias_plus_spikes,1.0,persistent,2.0
Safdarjung (Delhi),temporal,baseline16,93,bias_plus_spikes,1.0,persistent,1.0
Safdarjung (Delhi),temporal,baseline16,93,bias_plus_spikes,1.0,persistent,3.0
Safdarjung (Delhi),station,baseline16,93,spike,1.0,transient,0.0
Safdarjung (Delhi),station,baseline16,93,spike,0.0,transient,
Safdarjung (Delhi),station,baseline16,93,spike,1.0,transient,0.0
Safdarjung (Delhi),station,baseline16,93,spike,1.0,transient,0.0
Safdarjung (Delhi),station,baseline16,93,spike,1.0,transient,0.0
Safdarjung (Delhi),station,baseline16,93,spike,1.0,transient,0.0
Safdarjung (Delhi),station,baseline16,93,spike,0.0,transient,
Safdarjung (Delhi),station,baseline16,93,spike,1.0,transient,0.0
Safdarjung (Delhi),station,baseline16,93,spike,0.0,transient,
Safdarjung (Delhi),station,baseline16,93,spike,1.0,transient,0.0
Safdarjung (Delhi),station,baseline16,93,spike,0.0,transient,
Safdarjung (Delhi),station,baseline16,93,spike,1.0,transient,0.0
Safdarjung (Delhi),station,baseline16,93,spike,1.0,transient,0.0
Safdarjung (Delhi),station,baseline16,93,spike,1.0,transient,0.0
Safdarjung (Delhi),station,baseline16,93,spike,1.0,transient,0.0
Safdarjung (Delhi),station,baseline16,93,spike,1.0,transient,0.0
Safdarjung (Delhi),station,baseline16,93,spike,1.0,transient,0.0
Safdarjung (Delhi),station,baseline16,93,spike,0.0,transient,
Safdarjung (Delhi),station,baseline16,93,spike,1.0,transient,1.0
Safdarjung (Delhi),station,baseline16,93,spike,1.0,transient,0.0
Safdarjung (Delhi),station,baseline16,93,spike,1.0,transient,0.0
Safdarjung (Delhi),station,baseline16,93,spike,1.0,transient,0.0
Safdarjung (Delhi),station,baseline16,93,spike,1.0,transient,0.0
Safdarjung (Delhi),station,baseline16,93,spike,1.0,transient,0.0
Safdarjung (Delhi),station,baseline16,93,drift,0.0,persistent,
Safdarjung (Delhi),station,baseline16,93,drift,1.0,persistent,2.0
Safdarjung (Delhi),station,baseline16,93,drift,0.0,persistent,
Safdarjung (Delhi),station,baseline16,93,drift,1.0,persistent,8.0
Safdarjung (Delhi),station,baseline16,93,drift,0.0,persistent,
Safdarjung (Delhi),station,baseline16,93,drift,1.0,persistent,6.0
Safdarjung (Delhi),station,baseline16,93,bias,0.0,persistent,
Safdarjung (Delhi),station,baseline16,93,bias,0.0,persistent,
Safdarjung (Delhi),station,baseline16,93,bias,0.0,persistent,
Safdarjung (Delhi),station,baseline16,93,bias,0.0,persistent,
Safdarjung (Delhi),station,baseline16,93,bias,0.0,persistent,
Safdarjung (Delhi),station,baseline16,93,bias,1.0,persistent,2.0
Safdarjung (Delhi),station,baseline16,93,stuck_at,1.0,persistent,0.0
Safdarjung (Delhi),station,baseline16,93,stuck_at,1.0,persistent,0.0
Safdarjung (Delhi),station,baseline16,93,stuck_at,1.0,persistent,0.0
Safdarjung (Delhi),station,baseline16,93,stuck_at,1.0,persistent,0.0
Safdarjung (Delhi),station,baseline16,93,stuck_at,1.0,persistent,0.0
Safdarjung (Delhi),station,baseline16,93,stuck_at,1.0,persistent,0.0
Safdarjung (Delhi),station,baseline16,93,noise_burst,1.0,persistent,4.0
Safdarjung (Delhi),station,baseline16,93,noise_burst,1.0,persistent,5.0
Safdarjung (Delhi),station,baseline16,93,noise_burst,0.0,persistent,
Safdarjung (Delhi),station,baseline16,93,noise_burst,1.0,persistent,1.0
Safdarjung (Delhi),station,baseline16,93,noise_burst,1.0,persistent,3.0
Safdarjung (Delhi),station,baseline16,93,noise_burst,1.0,persistent,0.0
Safdarjung (Delhi),station,baseline16,93,intermittent_spikes,1.0,transient,0.0
Safdarjung (Delhi),station,baseline16,93,intermittent_spikes,0.0,transient,
Safdarjung (Delhi),station,baseline16,93,intermittent_spikes,1.0,transient,0.0
Safdarjung (Delhi),station,baseline16,93,intermittent_spikes,1.0,transient,2.0
Safdarjung (Delhi),station,baseline16,93,intermittent_spikes,1.0,transient,0.0
Safdarjung (Delhi),station,baseline16,93,intermittent_spikes,1.0,transient,13.0
Safdarjung (Delhi),station,baseline16,93,drift_plus_noise,1.0,persistent,15.0
Safdarjung (Delhi),station,baseline16,93,drift_plus_noise,1.0,persistent,10.0
Safdarjung (Delhi),station,baseline16,93,drift_plus_noise,0.0,persistent,
Safdarjung (Delhi),station,baseline16,93,bias_plus_spikes,1.0,persistent,2.0
Safdarjung (Delhi),station,baseline16,93,bias_plus_spikes,1.0,persistent,1.0
Safdarjung (Delhi),station,baseline16,93,bias_plus_spikes,1.0,persistent,15.0
Safdarjung (Delhi),in_domain,dual18,71,spike,1.0,transient,0.0
Safdarjung (Delhi),in_domain,dual18,71,spike,1.0,transient,0.0
Safdarjung (Delhi),in_domain,dual18,71,spike,1.0,transient,0.0
Safdarjung (Delhi),in_domain,dual18,71,spike,1.0,transient,0.0
Safdarjung (Delhi),in_domain,dual18,71,spike,1.0,transient,0.0
Safdarjung (Delhi),in_domain,dual18,71,spike,1.0,transient,0.0
Safdarjung (Delhi),in_domain,dual18,71,spike,1.0,transient,0.0
Safdarjung (Delhi),in_domain,dual18,71,spike,0.0,transient,
Safdarjung (Delhi),in_domain,dual18,71,spike,0.0,transient,
Safdarjung (Delhi),in_domain,dual18,71,spike,1.0,transient,0.0
Safdarjung (Delhi),in_domain,dual18,71,spike,0.0,transient,
Safdarjung (Delhi),in_domain,dual18,71,spike,1.0,transient,0.0
Safdarjung (Delhi),in_domain,dual18,71,spike,1.0,transient,0.0
Safdarjung (Delhi),in_domain,dual18,71,spike,1.0,transient,0.0
Safdarjung (Delhi),in_domain,dual18,71,spike,1.0,transient,0.0
Safdarjung (Delhi),in_domain,dual18,71,spike,1.0,transient,0.0
Safdarjung (Delhi),in_domain,dual18,71,spike,1.0,transient,0.0
Safdarjung (Delhi),in_domain,dual18,71,spike,1.0,transient,0.0
Safdarjung (Delhi),in_domain,dual18,71,spike,1.0,transient,0.0
Safdarjung (Delhi),in_domain,dual18,71,spike,1.0,transient,0.0
Safdarjung (Delhi),in_domain,dual18,71,spike,1.0,transient,0.0
Safdarjung (Delhi),in_domain,dual18,71,spike,1.0,transient,0.0
Safdarjung (Delhi),in_domain,dual18,71,spike,0.0,transient,
Safdarjung (Delhi),in_domain,dual18,71,spike,1.0,transient,0.0
Safdarjung (Delhi),in_domain,dual18,71,drift,1.0,persistent,4.0
Safdarjung (Delhi),in_domain,dual18,71,drift,1.0,persistent,9.0
Safdarjung (Delhi),in_domain,dual18,71,drift,1.0,persistent,15.0
Safdarjung (Delhi),in_domain,dual18,71,drift,1.0,persistent,12.0
Safdarjung (Delhi),in_domain,dual18,71,drift,1.0,persistent,4.0
Safdarjung (Delhi),in_domain,dual18,71,drift,1.0,persistent,5.0
Safdarjung (Delhi),in_domain,dual18,71,bias,0.0,persistent,
Safdarjung (Delhi),in_domain,dual18,71,bias,1.0,persistent,9.0
Safdarjung (Delhi),in_domain,dual18,71,bias,0.0,persistent,
Safdarjung (Delhi),in_domain,dual18,71,bias,1.0,persistent,8.0
Safdarjung (Delhi),in_domain,dual18,71,bias,1.0,persistent,2.0
Safdarjung (Delhi),in_domain,dual18,71,bias,1.0,persistent,3.0
Safdarjung (Delhi),in_domain,dual18,71,stuck_at,1.0,persistent,0.0
Safdarjung (Delhi),in_domain,dual18,71,stuck_at,0.0,persistent,
Safdarjung (Delhi),in_domain,dual18,71,stuck_at,1.0,persistent,0.0
Safdarjung (Delhi),in_domain,dual18,71,stuck_at,1.0,persistent,0.0
Safdarjung (Delhi),in_domain,dual18,71,stuck_at,1.0,persistent,0.0
Safdarjung (Delhi),in_domain,dual18,71,stuck_at,1.0,persistent,0.0
Safdarjung (Delhi),in_domain,dual18,71,noise_burst,0.0,persistent,
Safdarjung (Delhi),in_domain,dual18,71,noise_burst,1.0,persistent,4.0
Safdarjung (Delhi),in_domain,dual18,71,noise_burst,0.0,persistent,
Safdarjung (Delhi),in_domain,dual18,71,noise_burst,1.0,persistent,0.0
Safdarjung (Delhi),in_domain,dual18,71,noise_burst,1.0,persistent,0.0
Safdarjung (Delhi),in_domain,dual18,71,noise_burst,1.0,persistent,1.0
Safdarjung (Delhi),in_domain,dual18,71,intermittent_spikes,1.0,transient,3.0
Safdarjung (Delhi),in_domain,dual18,71,intermittent_spikes,1.0,transient,0.0
Safdarjung (Delhi),in_domain,dual18,71,intermittent_spikes,1.0,transient,0.0
Safdarjung (Delhi),in_domain,dual18,71,intermittent_spikes,1.0,transient,0.0
Safdarjung (Delhi),in_domain,dual18,71,intermittent_spikes,1.0,transient,14.0
Safdarjung (Delhi),in_domain,dual18,71,intermittent_spikes,1.0,transient,0.0
Safdarjung (Delhi),in_domain,dual18,71,drift_plus_noise,1.0,persistent,3.0
Safdarjung (Delhi),in_domain,dual18,71,drift_plus_noise,1.0,persistent,4.0
Safdarjung (Delhi),in_domain,dual18,71,drift_plus_noise,0.0,persistent,
Safdarjung (Delhi),in_domain,dual18,71,bias_plus_spikes,1.0,persistent,3.0
Safdarjung (Delhi),in_domain,dual18,71,bias_plus_spikes,1.0,persistent,0.0
Safdarjung (Delhi),in_domain,dual18,71,bias_plus_spikes,1.0,persistent,2.0
Safdarjung (Delhi),temporal,dual18,71,spike,1.0,transient,0.0
Safdarjung (Delhi),temporal,dual18,71,spike,1.0,transient,0.0
Safdarjung (Delhi),temporal,dual18,71,spike,1.0,transient,0.0
Safdarjung (Delhi),temporal,dual18,71,spike,1.0,transient,0.0
Safdarjung (Delhi),temporal,dual18,71,spike,1.0,transient,0.0
Safdarjung (Delhi),temporal,dual18,71,spike,1.0,transient,0.0
Safdarjung (Delhi),temporal,dual18,71,spike,1.0,transient,0.0
Safdarjung (Delhi),temporal,dual18,71,spike,1.0,transient,0.0
Safdarjung (Delhi),temporal,dual18,71,spike,0.0,transient,
Safdarjung (Delhi),temporal,dual18,71,spike,1.0,transient,0.0
Safdarjung (Delhi),temporal,dual18,71,spike,0.0,transient,
Safdarjung (Delhi),temporal,dual18,71,spike,1.0,transient,0.0
Safdarjung (Delhi),temporal,dual18,71,spike,1.0,transient,0.0
Safdarjung (Delhi),temporal,dual18,71,spike,1.0,transient,0.0
Safdarjung (Delhi),temporal,dual18,71,spike,1.0,transient,0.0
Safdarjung (Delhi),temporal,dual18,71,spike,0.0,transient,
Safdarjung (Delhi),temporal,dual18,71,spike,1.0,transient,0.0
Safdarjung (Delhi),temporal,dual18,71,spike,1.0,transient,0.0
Safdarjung (Delhi),temporal,dual18,71,spike,1.0,transient,0.0
Safdarjung (Delhi),temporal,dual18,71,spike,1.0,transient,0.0
Safdarjung (Delhi),temporal,dual18,71,spike,1.0,transient,0.0
Safdarjung (Delhi),temporal,dual18,71,spike,1.0,transient,0.0
Safdarjung (Delhi),temporal,dual18,71,spike,0.0,transient,
Safdarjung (Delhi),temporal,dual18,71,spike,0.0,transient,
Safdarjung (Delhi),temporal,dual18,71,drift,1.0,persistent,6.0
Safdarjung (Delhi),temporal,dual18,71,drift,0.0,persistent,
Safdarjung (Delhi),temporal,dual18,71,drift,1.0,persistent,11.0
Safdarjung (Delhi),temporal,dual18,71,drift,1.0,persistent,14.0
Safdarjung (Delhi),temporal,dual18,71,drift,1.0,persistent,4.0
Safdarjung (Delhi),temporal,dual18,71,drift,1.0,persistent,0.0
Safdarjung (Delhi),temporal,dual18,71,bias,1.0,persistent,0.0
Safdarjung (Delhi),temporal,dual18,71,bias,0.0,persistent,
Safdarjung (Delhi),temporal,dual18,71,bias,0.0,persistent,
Safdarjung (Delhi),temporal,dual18,71,bias,0.0,persistent,
Safdarjung (Delhi),temporal,dual18,71,bias,0.0,persistent,
Safdarjung (Delhi),temporal,dual18,71,bias,1.0,persistent,7.0
Safdarjung (Delhi),temporal,dual18,71,stuck_at,1.0,persistent,0.0
Safdarjung (Delhi),temporal,dual18,71,stuck_at,0.0,persistent,
Safdarjung (Delhi),temporal,dual18,71,stuck_at,1.0,persistent,0.0
Safdarjung (Delhi),temporal,dual18,71,stuck_at,1.0,persistent,0.0
Safdarjung (Delhi),temporal,dual18,71,stuck_at,1.0,persistent,0.0
Safdarjung (Delhi),temporal,dual18,71,stuck_at,1.0,persistent,0.0
Safdarjung (Delhi),temporal,dual18,71,noise_burst,1.0,persistent,6.0
Safdarjung (Delhi),temporal,dual18,71,noise_burst,0.0,persistent,
Safdarjung (Delhi),temporal,dual18,71,noise_burst,0.0,persistent,
Safdarjung (Delhi),temporal,dual18,71,noise_burst,1.0,persistent,0.0
Safdarjung (Delhi),temporal,dual18,71,noise_burst,1.0,persistent,0.0
Safdarjung (Delhi),temporal,dual18,71,noise_burst,1.0,persistent,8.0
Safdarjung (Delhi),temporal,dual18,71,intermittent_spikes,1.0,transient,0.0
Safdarjung (Delhi),temporal,dual18,71,intermittent_spikes,1.0,transient,0.0
Safdarjung (Delhi),temporal,dual18,71,intermittent_spikes,1.0,transient,0.0
Safdarjung (Delhi),temporal,dual18,71,intermittent_spikes,1.0,transient,2.0
Safdarjung (Delhi),temporal,dual18,71,intermittent_spikes,1.0,transient,0.0
Safdarjung (Delhi),temporal,dual18,71,intermittent_spikes,1.0,transient,0.0
Safdarjung (Delhi),temporal,dual18,71,drift_plus_noise,1.0,persistent,6.0
Safdarjung (Delhi),temporal,dual18,71,drift_plus_noise,1.0,persistent,10.0
Safdarjung (Delhi),temporal,dual18,71,drift_plus_noise,1.0,persistent,1.0
Safdarjung (Delhi),temporal,dual18,71,bias_plus_spikes,1.0,persistent,0.0
Safdarjung (Delhi),temporal,dual18,71,bias_plus_spikes,1.0,persistent,7.0
Safdarjung (Delhi),temporal,dual18,71,bias_plus_spikes,1.0,persistent,8.0
Safdarjung (Delhi),station,dual18,71,spike,1.0,transient,0.0
Safdarjung (Delhi),station,dual18,71,spike,1.0,transient,0.0
Safdarjung (Delhi),station,dual18,71,spike,1.0,transient,0.0
Safdarjung (Delhi),station,dual18,71,spike,1.0,transient,0.0
Safdarjung (Delhi),station,dual18,71,spike,1.0,transient,0.0
Safdarjung (Delhi),station,dual18,71,spike,1.0,transient,0.0
Safdarjung (Delhi),station,dual18,71,spike,1.0,transient,0.0
Safdarjung (Delhi),station,dual18,71,spike,1.0,transient,0.0
Safdarjung (Delhi),station,dual18,71,spike,0.0,transient,
Safdarjung (Delhi),station,dual18,71,spike,1.0,transient,0.0
Safdarjung (Delhi),station,dual18,71,spike,0.0,transient,
Safdarjung (Delhi),station,dual18,71,spike,0.0,transient,
Safdarjung (Delhi),station,dual18,71,spike,1.0,transient,0.0
Safdarjung (Delhi),station,dual18,71,spike,0.0,transient,
Safdarjung (Delhi),station,dual18,71,spike,1.0,transient,0.0
Safdarjung (Delhi),station,dual18,71,spike,1.0,transient,0.0
Safdarjung (Delhi),station,dual18,71,spike,1.0,transient,0.0
Safdarjung (Delhi),station,dual18,71,spike,1.0,transient,0.0
Safdarjung (Delhi),station,dual18,71,spike,1.0,transient,0.0
Safdarjung (Delhi),station,dual18,71,spike,1.0,transient,0.0
Safdarjung (Delhi),station,dual18,71,spike,1.0,transient,0.0
Safdarjung (Delhi),station,dual18,71,spike,1.0,transient,0.0
Safdarjung (Delhi),station,dual18,71,spike,0.0,transient,
Safdarjung (Delhi),station,dual18,71,spike,0.0,transient,
Safdarjung (Delhi),station,dual18,71,drift,1.0,persistent,5.0
Safdarjung (Delhi),station,dual18,71,drift,0.0,persistent,
Safdarjung (Delhi),station,dual18,71,drift,1.0,persistent,4.0
Safdarjung (Delhi),station,dual18,71,drift,1.0,persistent,14.0
Safdarjung (Delhi),station,dual18,71,drift,1.0,persistent,4.0
Safdarjung (Delhi),station,dual18,71,drift,1.0,persistent,0.0
Safdarjung (Delhi),station,dual18,71,bias,1.0,persistent,8.0
Safdarjung (Delhi),station,dual18,71,bias,0.0,persistent,
Safdarjung (Delhi),station,dual18,71,bias,0.0,persistent,
Safdarjung (Delhi),station,dual18,71,bias,0.0,persistent,
Safdarjung (Delhi),station,dual18,71,bias,1.0,persistent,7.0
Safdarjung (Delhi),station,dual18,71,bias,1.0,persistent,7.0
Safdarjung (Delhi),station,dual18,71,stuck_at,1.0,persistent,0.0
Safdarjung (Delhi),station,dual18,71,stuck_at,0.0,persistent,
Safdarjung (Delhi),station,dual18,71,stuck_at,1.0,persistent,0.0
Safdarjung (Delhi),station,dual18,71,stuck_at,1.0,persistent,0.0
Safdarjung (Delhi),station,dual18,71,stuck_at,1.0,persistent,0.0
Safdarjung (Delhi),station,dual18,71,stuck_at,1.0,persistent,0.0
Safdarjung (Delhi),station,dual18,71,noise_burst,1.0,persistent,6.0
Safdarjung (Delhi),station,dual18,71,noise_burst,0.0,persistent,
Safdarjung (Delhi),station,dual18,71,noise_burst,0.0,persistent,
Safdarjung (Delhi),station,dual18,71,noise_burst,1.0,persistent,0.0
Safdarjung (Delhi),station,dual18,71,noise_burst,1.0,persistent,0.0
Safdarjung (Delhi),station,dual18,71,noise_burst,1.0,persistent,8.0
Safdarjung (Delhi),station,dual18,71,intermittent_spikes,1.0,transient,0.0
Safdarjung (Delhi),station,dual18,71,intermittent_spikes,1.0,transient,0.0
Safdarjung (Delhi),station,dual18,71,intermittent_spikes,1.0,transient,0.0
Safdarjung (Delhi),station,dual18,71,intermittent_spikes,1.0,transient,5.0
Safdarjung (Delhi),station,dual18,71,intermittent_spikes,1.0,transient,0.0
Safdarjung (Delhi),station,dual18,71,intermittent_spikes,1.0,transient,9.0
Safdarjung (Delhi),station,dual18,71,drift_plus_noise,1.0,persistent,5.0
Safdarjung (Delhi),station,dual18,71,drift_plus_noise,1.0,persistent,10.0
Safdarjung (Delhi),station,dual18,71,drift_plus_noise,1.0,persistent,0.0
Safdarjung (Delhi),station,dual18,71,bias_plus_spikes,1.0,persistent,0.0
Safdarjung (Delhi),station,dual18,71,bias_plus_spikes,1.0,persistent,7.0
Safdarjung (Delhi),station,dual18,71,bias_plus_spikes,1.0,persistent,8.0
Safdarjung (Delhi),in_domain,dual18,82,spike,1.0,transient,0.0
Safdarjung (Delhi),in_domain,dual18,82,spike,1.0,transient,0.0
Safdarjung (Delhi),in_domain,dual18,82,spike,1.0,transient,0.0
Safdarjung (Delhi),in_domain,dual18,82,spike,1.0,transient,0.0
Safdarjung (Delhi),in_domain,dual18,82,spike,1.0,transient,0.0
Safdarjung (Delhi),in_domain,dual18,82,spike,1.0,transient,0.0
Safdarjung (Delhi),in_domain,dual18,82,spike,0.0,transient,
Safdarjung (Delhi),in_domain,dual18,82,spike,0.0,transient,
Safdarjung (Delhi),in_domain,dual18,82,spike,1.0,transient,0.0
Safdarjung (Delhi),in_domain,dual18,82,spike,0.0,transient,
Safdarjung (Delhi),in_domain,dual18,82,spike,1.0,transient,0.0
Safdarjung (Delhi),in_domain,dual18,82,spike,1.0,transient,0.0
Safdarjung (Delhi),in_domain,dual18,82,spike,1.0,transient,0.0
Safdarjung (Delhi),in_domain,dual18,82,spike,1.0,transient,0.0
Safdarjung (Delhi),in_domain,dual18,82,spike,1.0,transient,0.0
Safdarjung (Delhi),in_domain,dual18,82,spike,1.0,transient,0.0
Safdarjung (Delhi),in_domain,dual18,82,spike,1.0,transient,0.0
Safdarjung (Delhi),in_domain,dual18,82,spike,1.0,transient,0.0
Safdarjung (Delhi),in_domain,dual18,82,spike,1.0,transient,0.0
Safdarjung (Delhi),in_domain,dual18,82,spike,1.0,transient,0.0
Safdarjung (Delhi),in_domain,dual18,82,spike,1.0,transient,0.0
Safdarjung (Delhi),in_domain,dual18,82,spike,1.0,transient,0.0
Safdarjung (Delhi),in_domain,dual18,82,spike,0.0,transient,
Safdarjung (Delhi),in_domain,dual18,82,spike,1.0,transient,0.0
Safdarjung (Delhi),in_domain,dual18,82,drift,1.0,persistent,7.0
Safdarjung (Delhi),in_domain,dual18,82,drift,1.0,persistent,1.0
Safdarjung (Delhi),in_domain,dual18,82,drift,1.0,persistent,15.0
Safdarjung (Delhi),in_domain,dual18,82,drift,1.0,persistent,10.0
Safdarjung (Delhi),in_domain,dual18,82,drift,1.0,persistent,7.0
Safdarjung (Delhi),in_domain,dual18,82,drift,1.0,persistent,4.0
Safdarjung (Delhi),in_domain,dual18,82,bias,0.0,persistent,
Safdarjung (Delhi),in_domain,dual18,82,bias,1.0,persistent,0.0
Safdarjung (Delhi),in_domain,dual18,82,bias,1.0,persistent,0.0
Safdarjung (Delhi),in_domain,dual18,82,bias,1.0,persistent,9.0
Safdarjung (Delhi),in_domain,dual18,82,bias,1.0,persistent,1.0
Safdarjung (Delhi),in_domain,dual18,82,bias,0.0,persistent,
Safdarjung (Delhi),in_domain,dual18,82,stuck_at,1.0,persistent,1.0
Safdarjung (Delhi),in_domain,dual18,82,stuck_at,1.0,persistent,0.0
Safdarjung (Delhi),in_domain,dual18,82,stuck_at,1.0,persistent,0.0
Safdarjung (Delhi),in_domain,dual18,82,stuck_at,1.0,persistent,0.0
Safdarjung (Delhi),in_domain,dual18,82,stuck_at,1.0,persistent,0.0
Safdarjung (Delhi),in_domain,dual18,82,stuck_at,1.0,persistent,0.0
Safdarjung (Delhi),in_domain,dual18,82,noise_burst,1.0,persistent,9.0
Safdarjung (Delhi),in_domain,dual18,82,noise_burst,1.0,persistent,3.0
Safdarjung (Delhi),in_domain,dual18,82,noise_burst,0.0,persistent,
Safdarjung (Delhi),in_domain,dual18,82,noise_burst,1.0,persistent,1.0
Safdarjung (Delhi),in_domain,dual18,82,noise_burst,1.0,persistent,0.0
Safdarjung (Delhi),in_domain,dual18,82,noise_burst,1.0,persistent,0.0
Safdarjung (Delhi),in_domain,dual18,82,intermittent_spikes,1.0,transient,0.0
Safdarjung (Delhi),in_domain,dual18,82,intermittent_spikes,1.0,transient,0.0
Safdarjung (Delhi),in_domain,dual18,82,intermittent_spikes,1.0,transient,0.0
Safdarjung (Delhi),in_domain,dual18,82,intermittent_spikes,1.0,transient,0.0
Safdarjung (Delhi),in_domain,dual18,82,intermittent_spikes,1.0,transient,0.0
Safdarjung (Delhi),in_domain,dual18,82,intermittent_spikes,1.0,transient,0.0
Safdarjung (Delhi),in_domain,dual18,82,drift_plus_noise,1.0,persistent,2.0
Safdarjung (Delhi),in_domain,dual18,82,drift_plus_noise,1.0,persistent,5.0
Safdarjung (Delhi),in_domain,dual18,82,drift_plus_noise,0.0,persistent,
Safdarjung (Delhi),in_domain,dual18,82,bias_plus_spikes,1.0,persistent,0.0
Safdarjung (Delhi),in_domain,dual18,82,bias_plus_spikes,1.0,persistent,0.0
Safdarjung (Delhi),in_domain,dual18,82,bias_plus_spikes,1.0,persistent,0.0
Safdarjung (Delhi),temporal,dual18,82,spike,1.0,transient,0.0
Safdarjung (Delhi),temporal,dual18,82,spike,0.0,transient,
Safdarjung (Delhi),temporal,dual18,82,spike,0.0,transient,
Safdarjung (Delhi),temporal,dual18,82,spike,0.0,transient,
Safdarjung (Delhi),temporal,dual18,82,spike,1.0,transient,0.0
Safdarjung (Delhi),temporal,dual18,82,spike,1.0,transient,0.0
Safdarjung (Delhi),temporal,dual18,82,spike,0.0,transient,
Safdarjung (Delhi),temporal,dual18,82,spike,0.0,transient,
Safdarjung (Delhi),temporal,dual18,82,spike,0.0,transient,
Safdarjung (Delhi),temporal,dual18,82,spike,0.0,transient,
Safdarjung (Delhi),temporal,dual18,82,spike,1.0,transient,0.0
Safdarjung (Delhi),temporal,dual18,82,spike,0.0,transient,
Safdarjung (Delhi),temporal,dual18,82,spike,1.0,transient,0.0
Safdarjung (Delhi),temporal,dual18,82,spike,1.0,transient,0.0
Safdarjung (Delhi),temporal,dual18,82,spike,1.0,transient,0.0
Safdarjung (Delhi),temporal,dual18,82,spike,0.0,transient,
Safdarjung (Delhi),temporal,dual18,82,spike,1.0,transient,0.0
Safdarjung (Delhi),temporal,dual18,82,spike,1.0,transient,0.0
Safdarjung (Delhi),temporal,dual18,82,spike,0.0,transient,
Safdarjung (Delhi),temporal,dual18,82,spike,1.0,transient,0.0
Safdarjung (Delhi),temporal,dual18,82,spike,1.0,transient,0.0
Safdarjung (Delhi),temporal,dual18,82,spike,1.0,transient,0.0
Safdarjung (Delhi),temporal,dual18,82,spike,1.0,transient,0.0
Safdarjung (Delhi),temporal,dual18,82,spike,0.0,transient,
Safdarjung (Delhi),temporal,dual18,82,drift,0.0,persistent,
Safdarjung (Delhi),temporal,dual18,82,drift,1.0,persistent,3.0
Safdarjung (Delhi),temporal,dual18,82,drift,1.0,persistent,9.0
Safdarjung (Delhi),temporal,dual18,82,drift,1.0,persistent,11.0
Safdarjung (Delhi),temporal,dual18,82,drift,1.0,persistent,10.0
Safdarjung (Delhi),temporal,dual18,82,drift,0.0,persistent,
Safdarjung (Delhi),temporal,dual18,82,bias,0.0,persistent,
Safdarjung (Delhi),temporal,dual18,82,bias,1.0,persistent,0.0
Safdarjung (Delhi),temporal,dual18,82,bias,0.0,persistent,
Safdarjung (Delhi),temporal,dual18,82,bias,0.0,persistent,
Safdarjung (Delhi),temporal,dual18,82,bias,0.0,persistent,
Safdarjung (Delhi),temporal,dual18,82,bias,0.0,persistent,
Safdarjung (Delhi),temporal,dual18,82,stuck_at,0.0,persistent,
Safdarjung (Delhi),temporal,dual18,82,stuck_at,1.0,persistent,0.0
Safdarjung (Delhi),temporal,dual18,82,stuck_at,1.0,persistent,0.0
Safdarjung (Delhi),temporal,dual18,82,stuck_at,1.0,persistent,0.0
Safdarjung (Delhi),temporal,dual18,82,stuck_at,1.0,persistent,0.0
Safdarjung (Delhi),temporal,dual18,82,stuck_at,1.0,persistent,0.0
Safdarjung (Delhi),temporal,dual18,82,noise_burst,1.0,persistent,1.0
Safdarjung (Delhi),temporal,dual18,82,noise_burst,1.0,persistent,4.0
Safdarjung (Delhi),temporal,dual18,82,noise_burst,0.0,persistent,
Safdarjung (Delhi),temporal,dual18,82,noise_burst,1.0,persistent,0.0
Safdarjung (Delhi),temporal,dual18,82,noise_burst,1.0,persistent,4.0
Safdarjung (Delhi),temporal,dual18,82,noise_burst,1.0,persistent,4.0
Safdarjung (Delhi),temporal,dual18,82,intermittent_spikes,1.0,transient,2.0
Safdarjung (Delhi),temporal,dual18,82,intermittent_spikes,1.0,transient,0.0
Safdarjung (Delhi),temporal,dual18,82,intermittent_spikes,1.0,transient,0.0
Safdarjung (Delhi),temporal,dual18,82,intermittent_spikes,1.0,transient,0.0
Safdarjung (Delhi),temporal,dual18,82,intermittent_spikes,1.0,transient,0.0
Safdarjung (Delhi),temporal,dual18,82,intermittent_spikes,1.0,transient,2.0
Safdarjung (Delhi),temporal,dual18,82,drift_plus_noise,1.0,persistent,2.0
Safdarjung (Delhi),temporal,dual18,82,drift_plus_noise,1.0,persistent,10.0
Safdarjung (Delhi),temporal,dual18,82,drift_plus_noise,1.0,persistent,1.0
Safdarjung (Delhi),temporal,dual18,82,bias_plus_spikes,1.0,persistent,2.0
Safdarjung (Delhi),temporal,dual18,82,bias_plus_spikes,1.0,persistent,0.0
Safdarjung (Delhi),temporal,dual18,82,bias_plus_spikes,1.0,persistent,0.0
Safdarjung (Delhi),station,dual18,82,spike,1.0,transient,0.0
Safdarjung (Delhi),station,dual18,82,spike,0.0,transient,
Safdarjung (Delhi),station,dual18,82,spike,0.0,transient,
Safdarjung (Delhi),station,dual18,82,spike,0.0,transient,
Safdarjung (Delhi),station,dual18,82,spike,1.0,transient,0.0
Safdarjung (Delhi),station,dual18,82,spike,1.0,transient,0.0
Safdarjung (Delhi),station,dual18,82,spike,0.0,transient,
Safdarjung (Delhi),station,dual18,82,spike,0.0,transient,
Safdarjung (Delhi),station,dual18,82,spike,1.0,transient,0.0
Safdarjung (Delhi),station,dual18,82,spike,0.0,transient,
Safdarjung (Delhi),station,dual18,82,spike,1.0,transient,0.0
Safdarjung (Delhi),station,dual18,82,spike,0.0,transient,
Safdarjung (Delhi),station,dual18,82,spike,1.0,transient,0.0
Safdarjung (Delhi),station,dual18,82,spike,1.0,transient,0.0
Safdarjung (Delhi),station,dual18,82,spike,1.0,transient,0.0
Safdarjung (Delhi),station,dual18,82,spike,0.0,transient,
Safdarjung (Delhi),station,dual18,82,spike,1.0,transient,0.0
Safdarjung (Delhi),station,dual18,82,spike,1.0,transient,0.0
Safdarjung (Delhi),station,dual18,82,spike,1.0,transient,0.0
Safdarjung (Delhi),station,dual18,82,spike,1.0,transient,1.0
Safdarjung (Delhi),station,dual18,82,spike,1.0,transient,0.0
Safdarjung (Delhi),station,dual18,82,spike,1.0,transient,0.0
Safdarjung (Delhi),station,dual18,82,spike,1.0,transient,0.0
Safdarjung (Delhi),station,dual18,82,spike,0.0,transient,
Safdarjung (Delhi),station,dual18,82,drift,0.0,persistent,
Safdarjung (Delhi),station,dual18,82,drift,1.0,persistent,3.0
Safdarjung (Delhi),station,dual18,82,drift,1.0,persistent,9.0
Safdarjung (Delhi),station,dual18,82,drift,1.0,persistent,11.0
Safdarjung (Delhi),station,dual18,82,drift,1.0,persistent,10.0
Safdarjung (Delhi),station,dual18,82,drift,0.0,persistent,
Safdarjung (Delhi),station,dual18,82,bias,0.0,persistent,
Safdarjung (Delhi),station,dual18,82,bias,1.0,persistent,0.0
Safdarjung (Delhi),station,dual18,82,bias,0.0,persistent,
Safdarjung (Delhi),station,dual18,82,bias,0.0,persistent,
Safdarjung (Delhi),station,dual18,82,bias,0.0,persistent,
Safdarjung (Delhi),station,dual18,82,bias,0.0,persistent,
Safdarjung (Delhi),station,dual18,82,stuck_at,0.0,persistent,
Safdarjung (Delhi),station,dual18,82,stuck_at,1.0,persistent,0.0
Safdarjung (Delhi),station,dual18,82,stuck_at,1.0,persistent,0.0
Safdarjung (Delhi),station,dual18,82,stuck_at,1.0,persistent,0.0
Safdarjung (Delhi),station,dual18,82,stuck_at,1.0,persistent,0.0
Safdarjung (Delhi),station,dual18,82,stuck_at,1.0,persistent,0.0
Safdarjung (Delhi),station,dual18,82,noise_burst,1.0,persistent,0.0
Safdarjung (Delhi),station,dual18,82,noise_burst,1.0,persistent,0.0
Safdarjung (Delhi),station,dual18,82,noise_burst,0.0,persistent,
Safdarjung (Delhi),station,dual18,82,noise_burst,1.0,persistent,0.0
Safdarjung (Delhi),station,dual18,82,noise_burst,1.0,persistent,4.0
Safdarjung (Delhi),station,dual18,82,noise_burst,1.0,persistent,1.0
Safdarjung (Delhi),station,dual18,82,intermittent_spikes,1.0,transient,2.0
Safdarjung (Delhi),station,dual18,82,intermittent_spikes,1.0,transient,0.0
Safdarjung (Delhi),station,dual18,82,intermittent_spikes,0.0,transient,
Safdarjung (Delhi),station,dual18,82,intermittent_spikes,1.0,transient,0.0
Safdarjung (Delhi),station,dual18,82,intermittent_spikes,1.0,transient,0.0
Safdarjung (Delhi),station,dual18,82,intermittent_spikes,1.0,transient,2.0
Safdarjung (Delhi),station,dual18,82,drift_plus_noise,1.0,persistent,1.0
Safdarjung (Delhi),station,dual18,82,drift_plus_noise,1.0,persistent,10.0
Safdarjung (Delhi),station,dual18,82,drift_plus_noise,1.0,persistent,1.0
Safdarjung (Delhi),station,dual18,82,bias_plus_spikes,1.0,persistent,2.0
Safdarjung (Delhi),station,dual18,82,bias_plus_spikes,1.0,persistent,0.0
Safdarjung (Delhi),station,dual18,82,bias_plus_spikes,1.0,persistent,0.0
Safdarjung (Delhi),in_domain,dual18,93,spike,1.0,transient,0.0
Safdarjung (Delhi),in_domain,dual18,93,spike,1.0,transient,0.0
Safdarjung (Delhi),in_domain,dual18,93,spike,1.0,transient,0.0
Safdarjung (Delhi),in_domain,dual18,93,spike,1.0,transient,0.0
Safdarjung (Delhi),in_domain,dual18,93,spike,1.0,transient,0.0
Safdarjung (Delhi),in_domain,dual18,93,spike,1.0,transient,0.0
Safdarjung (Delhi),in_domain,dual18,93,spike,1.0,transient,0.0
Safdarjung (Delhi),in_domain,dual18,93,spike,0.0,transient,
Safdarjung (Delhi),in_domain,dual18,93,spike,0.0,transient,
Safdarjung (Delhi),in_domain,dual18,93,spike,1.0,transient,0.0
Safdarjung (Delhi),in_domain,dual18,93,spike,1.0,transient,0.0
Safdarjung (Delhi),in_domain,dual18,93,spike,1.0,transient,0.0
Safdarjung (Delhi),in_domain,dual18,93,spike,1.0,transient,0.0
Safdarjung (Delhi),in_domain,dual18,93,spike,1.0,transient,0.0
Safdarjung (Delhi),in_domain,dual18,93,spike,1.0,transient,0.0
Safdarjung (Delhi),in_domain,dual18,93,spike,1.0,transient,0.0
Safdarjung (Delhi),in_domain,dual18,93,spike,1.0,transient,0.0
Safdarjung (Delhi),in_domain,dual18,93,spike,1.0,transient,0.0
Safdarjung (Delhi),in_domain,dual18,93,spike,1.0,transient,0.0
Safdarjung (Delhi),in_domain,dual18,93,spike,1.0,transient,0.0
Safdarjung (Delhi),in_domain,dual18,93,spike,1.0,transient,0.0
Safdarjung (Delhi),in_domain,dual18,93,spike,1.0,transient,0.0
Safdarjung (Delhi),in_domain,dual18,93,spike,0.0,transient,
Safdarjung (Delhi),in_domain,dual18,93,spike,1.0,transient,0.0
Safdarjung (Delhi),in_domain,dual18,93,drift,1.0,persistent,9.0
Safdarjung (Delhi),in_domain,dual18,93,drift,1.0,persistent,9.0
Safdarjung (Delhi),in_domain,dual18,93,drift,1.0,persistent,0.0
Safdarjung (Delhi),in_domain,dual18,93,drift,1.0,persistent,6.0
Safdarjung (Delhi),in_domain,dual18,93,drift,1.0,persistent,11.0
Safdarjung (Delhi),in_domain,dual18,93,drift,1.0,persistent,7.0
Safdarjung (Delhi),in_domain,dual18,93,bias,1.0,persistent,0.0
Safdarjung (Delhi),in_domain,dual18,93,bias,1.0,persistent,8.0
Safdarjung (Delhi),in_domain,dual18,93,bias,1.0,persistent,4.0
Safdarjung (Delhi),in_domain,dual18,93,bias,1.0,persistent,3.0
Safdarjung (Delhi),in_domain,dual18,93,bias,1.0,persistent,5.0
Safdarjung (Delhi),in_domain,dual18,93,bias,1.0,persistent,3.0
Safdarjung (Delhi),in_domain,dual18,93,stuck_at,0.0,persistent,
Safdarjung (Delhi),in_domain,dual18,93,stuck_at,1.0,persistent,0.0
Safdarjung (Delhi),in_domain,dual18,93,stuck_at,1.0,persistent,0.0
Safdarjung (Delhi),in_domain,dual18,93,stuck_at,1.0,persistent,0.0
Safdarjung (Delhi),in_domain,dual18,93,stuck_at,1.0,persistent,0.0
Safdarjung (Delhi),in_domain,dual18,93,stuck_at,1.0,persistent,0.0
Safdarjung (Delhi),in_domain,dual18,93,noise_burst,1.0,persistent,5.0
Safdarjung (Delhi),in_domain,dual18,93,noise_burst,0.0,persistent,
Safdarjung (Delhi),in_domain,dual18,93,noise_burst,1.0,persistent,0.0
Safdarjung (Delhi),in_domain,dual18,93,noise_burst,1.0,persistent,2.0
Safdarjung (Delhi),in_domain,dual18,93,noise_burst,1.0,persistent,0.0
Safdarjung (Delhi),in_domain,dual18,93,noise_burst,1.0,persistent,0.0
Safdarjung (Delhi),in_domain,dual18,93,intermittent_spikes,1.0,transient,0.0
Safdarjung (Delhi),in_domain,dual18,93,intermittent_spikes,1.0,transient,0.0
Safdarjung (Delhi),in_domain,dual18,93,intermittent_spikes,1.0,transient,0.0
Safdarjung (Delhi),in_domain,dual18,93,intermittent_spikes,1.0,transient,0.0
Safdarjung (Delhi),in_domain,dual18,93,intermittent_spikes,1.0,transient,0.0
Safdarjung (Delhi),in_domain,dual18,93,intermittent_spikes,1.0,transient,0.0
Safdarjung (Delhi),in_domain,dual18,93,drift_plus_noise,1.0,persistent,7.0
Safdarjung (Delhi),in_domain,dual18,93,drift_plus_noise,1.0,persistent,6.0
Safdarjung (Delhi),in_domain,dual18,93,drift_plus_noise,1.0,persistent,9.0
Safdarjung (Delhi),in_domain,dual18,93,bias_plus_spikes,0.0,persistent,
Safdarjung (Delhi),in_domain,dual18,93,bias_plus_spikes,1.0,persistent,0.0
Safdarjung (Delhi),in_domain,dual18,93,bias_plus_spikes,1.0,persistent,3.0
Safdarjung (Delhi),temporal,dual18,93,spike,1.0,transient,0.0
Safdarjung (Delhi),temporal,dual18,93,spike,0.0,transient,
Safdarjung (Delhi),temporal,dual18,93,spike,1.0,transient,0.0
Safdarjung (Delhi),temporal,dual18,93,spike,1.0,transient,0.0
Safdarjung (Delhi),temporal,dual18,93,spike,1.0,transient,0.0
Safdarjung (Delhi),temporal,dual18,93,spike,1.0,transient,0.0
Safdarjung (Delhi),temporal,dual18,93,spike,0.0,transient,
Safdarjung (Delhi),temporal,dual18,93,spike,0.0,transient,
Safdarjung (Delhi),temporal,dual18,93,spike,0.0,transient,
Safdarjung (Delhi),temporal,dual18,93,spike,1.0,transient,0.0
Safdarjung (Delhi),temporal,dual18,93,spike,1.0,transient,0.0
Safdarjung (Delhi),temporal,dual18,93,spike,1.0,transient,0.0
Safdarjung (Delhi),temporal,dual18,93,spike,1.0,transient,0.0
Safdarjung (Delhi),temporal,dual18,93,spike,1.0,transient,0.0
Safdarjung (Delhi),temporal,dual18,93,spike,1.0,transient,0.0
Safdarjung (Delhi),temporal,dual18,93,spike,1.0,transient,0.0
Safdarjung (Delhi),temporal,dual18,93,spike,1.0,transient,0.0
Safdarjung (Delhi),temporal,dual18,93,spike,1.0,transient,0.0
Safdarjung (Delhi),temporal,dual18,93,spike,1.0,transient,1.0
Safdarjung (Delhi),temporal,dual18,93,spike,1.0,transient,0.0
Safdarjung (Delhi),temporal,dual18,93,spike,1.0,transient,0.0
Safdarjung (Delhi),temporal,dual18,93,spike,1.0,transient,0.0
Safdarjung (Delhi),temporal,dual18,93,spike,1.0,transient,0.0
Safdarjung (Delhi),temporal,dual18,93,spike,1.0,transient,0.0
Safdarjung (Delhi),temporal,dual18,93,drift,0.0,persistent,
Safdarjung (Delhi),temporal,dual18,93,drift,1.0,persistent,2.0
Safdarjung (Delhi),temporal,dual18,93,drift,0.0,persistent,
Safdarjung (Delhi),temporal,dual18,93,drift,1.0,persistent,8.0
Safdarjung (Delhi),temporal,dual18,93,drift,1.0,persistent,15.0
Safdarjung (Delhi),temporal,dual18,93,drift,1.0,persistent,6.0
Safdarjung (Delhi),temporal,dual18,93,bias,1.0,persistent,4.0
Safdarjung (Delhi),temporal,dual18,93,bias,1.0,persistent,0.0
Safdarjung (Delhi),temporal,dual18,93,bias,0.0,persistent,
Safdarjung (Delhi),temporal,dual18,93,bias,0.0,persistent,
Safdarjung (Delhi),temporal,dual18,93,bias,0.0,persistent,
Safdarjung (Delhi),temporal,dual18,93,bias,1.0,persistent,2.0
Safdarjung (Delhi),temporal,dual18,93,stuck_at,1.0,persistent,0.0
Safdarjung (Delhi),temporal,dual18,93,stuck_at,1.0,persistent,0.0
Safdarjung (Delhi),temporal,dual18,93,stuck_at,1.0,persistent,0.0
Safdarjung (Delhi),temporal,dual18,93,stuck_at,1.0,persistent,0.0
Safdarjung (Delhi),temporal,dual18,93,stuck_at,1.0,persistent,0.0
Safdarjung (Delhi),temporal,dual18,93,stuck_at,1.0,persistent,0.0
Safdarjung (Delhi),temporal,dual18,93,noise_burst,1.0,persistent,4.0
Safdarjung (Delhi),temporal,dual18,93,noise_burst,1.0,persistent,5.0
Safdarjung (Delhi),temporal,dual18,93,noise_burst,0.0,persistent,
Safdarjung (Delhi),temporal,dual18,93,noise_burst,1.0,persistent,0.0
Safdarjung (Delhi),temporal,dual18,93,noise_burst,1.0,persistent,4.0
Safdarjung (Delhi),temporal,dual18,93,noise_burst,1.0,persistent,1.0
Safdarjung (Delhi),temporal,dual18,93,intermittent_spikes,1.0,transient,0.0
Safdarjung (Delhi),temporal,dual18,93,intermittent_spikes,1.0,transient,4.0
Safdarjung (Delhi),temporal,dual18,93,intermittent_spikes,1.0,transient,0.0
Safdarjung (Delhi),temporal,dual18,93,intermittent_spikes,1.0,transient,2.0
Safdarjung (Delhi),temporal,dual18,93,intermittent_spikes,1.0,transient,0.0
Safdarjung (Delhi),temporal,dual18,93,intermittent_spikes,1.0,transient,4.0
Safdarjung (Delhi),temporal,dual18,93,drift_plus_noise,1.0,persistent,15.0
Safdarjung (Delhi),temporal,dual18,93,drift_plus_noise,1.0,persistent,13.0
Safdarjung (Delhi),temporal,dual18,93,drift_plus_noise,1.0,persistent,7.0
Safdarjung (Delhi),temporal,dual18,93,bias_plus_spikes,1.0,persistent,2.0
Safdarjung (Delhi),temporal,dual18,93,bias_plus_spikes,1.0,persistent,1.0
Safdarjung (Delhi),temporal,dual18,93,bias_plus_spikes,0.0,persistent,
Safdarjung (Delhi),station,dual18,93,spike,1.0,transient,0.0
Safdarjung (Delhi),station,dual18,93,spike,0.0,transient,
Safdarjung (Delhi),station,dual18,93,spike,1.0,transient,0.0
Safdarjung (Delhi),station,dual18,93,spike,1.0,transient,0.0
Safdarjung (Delhi),station,dual18,93,spike,1.0,transient,0.0
Safdarjung (Delhi),station,dual18,93,spike,1.0,transient,0.0
Safdarjung (Delhi),station,dual18,93,spike,0.0,transient,
Safdarjung (Delhi),station,dual18,93,spike,1.0,transient,0.0
Safdarjung (Delhi),station,dual18,93,spike,0.0,transient,
Safdarjung (Delhi),station,dual18,93,spike,1.0,transient,0.0
Safdarjung (Delhi),station,dual18,93,spike,1.0,transient,0.0
Safdarjung (Delhi),station,dual18,93,spike,1.0,transient,0.0
Safdarjung (Delhi),station,dual18,93,spike,1.0,transient,0.0
Safdarjung (Delhi),station,dual18,93,spike,1.0,transient,0.0
Safdarjung (Delhi),station,dual18,93,spike,1.0,transient,0.0
Safdarjung (Delhi),station,dual18,93,spike,1.0,transient,0.0
Safdarjung (Delhi),station,dual18,93,spike,1.0,transient,0.0
Safdarjung (Delhi),station,dual18,93,spike,0.0,transient,
Safdarjung (Delhi),station,dual18,93,spike,1.0,transient,1.0
Safdarjung (Delhi),station,dual18,93,spike,1.0,transient,0.0
Safdarjung (Delhi),station,dual18,93,spike,1.0,transient,0.0
Safdarjung (Delhi),station,dual18,93,spike,1.0,transient,0.0
Safdarjung (Delhi),station,dual18,93,spike,1.0,transient,0.0
Safdarjung (Delhi),station,dual18,93,spike,1.0,transient,0.0
Safdarjung (Delhi),station,dual18,93,drift,0.0,persistent,
Safdarjung (Delhi),station,dual18,93,drift,1.0,persistent,2.0
Safdarjung (Delhi),station,dual18,93,drift,1.0,persistent,11.0
Safdarjung (Delhi),station,dual18,93,drift,1.0,persistent,10.0
Safdarjung (Delhi),station,dual18,93,drift,0.0,persistent,
Safdarjung (Delhi),station,dual18,93,drift,1.0,persistent,6.0
Safdarjung (Delhi),station,dual18,93,bias,1.0,persistent,4.0
Safdarjung (Delhi),station,dual18,93,bias,1.0,persistent,7.0
Safdarjung (Delhi),station,dual18,93,bias,0.0,persistent,
Safdarjung (Delhi),station,dual18,93,bias,0.0,persistent,
Safdarjung (Delhi),station,dual18,93,bias,0.0,persistent,
Safdarjung (Delhi),station,dual18,93,bias,1.0,persistent,2.0
Safdarjung (Delhi),station,dual18,93,stuck_at,1.0,persistent,0.0
Safdarjung (Delhi),station,dual18,93,stuck_at,1.0,persistent,0.0
Safdarjung (Delhi),station,dual18,93,stuck_at,1.0,persistent,0.0
Safdarjung (Delhi),station,dual18,93,stuck_at,1.0,persistent,0.0
Safdarjung (Delhi),station,dual18,93,stuck_at,1.0,persistent,0.0
Safdarjung (Delhi),station,dual18,93,stuck_at,1.0,persistent,0.0
Safdarjung (Delhi),station,dual18,93,noise_burst,1.0,persistent,4.0
Safdarjung (Delhi),station,dual18,93,noise_burst,0.0,persistent,
Safdarjung (Delhi),station,dual18,93,noise_burst,0.0,persistent,
Safdarjung (Delhi),station,dual18,93,noise_burst,1.0,persistent,0.0
Safdarjung (Delhi),station,dual18,93,noise_burst,1.0,persistent,6.0
Safdarjung (Delhi),station,dual18,93,noise_burst,1.0,persistent,1.0
Safdarjung (Delhi),station,dual18,93,intermittent_spikes,1.0,transient,0.0
Safdarjung (Delhi),station,dual18,93,intermittent_spikes,0.0,transient,
Safdarjung (Delhi),station,dual18,93,intermittent_spikes,1.0,transient,0.0
Safdarjung (Delhi),station,dual18,93,intermittent_spikes,1.0,transient,2.0
Safdarjung (Delhi),station,dual18,93,intermittent_spikes,1.0,transient,0.0
Safdarjung (Delhi),station,dual18,93,intermittent_spikes,1.0,transient,13.0
Safdarjung (Delhi),station,dual18,93,drift_plus_noise,1.0,persistent,7.0
Safdarjung (Delhi),station,dual18,93,drift_plus_noise,1.0,persistent,11.0
Safdarjung (Delhi),station,dual18,93,drift_plus_noise,1.0,persistent,7.0
Safdarjung (Delhi),station,dual18,93,bias_plus_spikes,1.0,persistent,0.0
Safdarjung (Delhi),station,dual18,93,bias_plus_spikes,1.0,persistent,1.0
Safdarjung (Delhi),station,dual18,93,bias_plus_spikes,1.0,persistent,15.0
Patiala,in_domain,baseline16,71,spike,1.0,transient,0.0
Patiala,in_domain,baseline16,71,spike,1.0,transient,0.0
Patiala,in_domain,baseline16,71,spike,0.0,transient,
Patiala,in_domain,baseline16,71,spike,1.0,transient,0.0
Patiala,in_domain,baseline16,71,spike,1.0,transient,0.0
Patiala,in_domain,baseline16,71,spike,1.0,transient,0.0
Patiala,in_domain,baseline16,71,spike,0.0,transient,
Patiala,in_domain,baseline16,71,spike,0.0,transient,
Patiala,in_domain,baseline16,71,spike,1.0,transient,0.0
Patiala,in_domain,baseline16,71,spike,1.0,transient,0.0
Patiala,in_domain,baseline16,71,spike,0.0,transient,
Patiala,in_domain,baseline16,71,spike,1.0,transient,0.0
Patiala,in_domain,baseline16,71,spike,1.0,transient,0.0
Patiala,in_domain,baseline16,71,spike,1.0,transient,0.0
Patiala,in_domain,baseline16,71,spike,1.0,transient,0.0
Patiala,in_domain,baseline16,71,spike,1.0,transient,0.0
Patiala,in_domain,baseline16,71,spike,1.0,transient,0.0
Patiala,in_domain,baseline16,71,spike,1.0,transient,0.0
Patiala,in_domain,baseline16,71,spike,1.0,transient,0.0
Patiala,in_domain,baseline16,71,spike,1.0,transient,0.0
Patiala,in_domain,baseline16,71,spike,1.0,transient,0.0
Patiala,in_domain,baseline16,71,spike,1.0,transient,0.0
Patiala,in_domain,baseline16,71,spike,1.0,transient,0.0
Patiala,in_domain,baseline16,71,spike,1.0,transient,0.0
Patiala,in_domain,baseline16,71,drift,0.0,persistent,
Patiala,in_domain,baseline16,71,drift,1.0,persistent,12.0
Patiala,in_domain,baseline16,71,drift,0.0,persistent,
Patiala,in_domain,baseline16,71,drift,1.0,persistent,13.0
Patiala,in_domain,baseline16,71,drift,1.0,persistent,10.0
Patiala,in_domain,baseline16,71,drift,1.0,persistent,10.0
Patiala,in_domain,baseline16,71,bias,0.0,persistent,
Patiala,in_domain,baseline16,71,bias,0.0,persistent,
Patiala,in_domain,baseline16,71,bias,0.0,persistent,
Patiala,in_domain,baseline16,71,bias,1.0,persistent,1.0
Patiala,in_domain,baseline16,71,bias,1.0,persistent,0.0
Patiala,in_domain,baseline16,71,bias,1.0,persistent,1.0
Patiala,in_domain,baseline16,71,stuck_at,1.0,persistent,0.0
Patiala,in_domain,baseline16,71,stuck_at,1.0,persistent,3.0
Patiala,in_domain,baseline16,71,stuck_at,1.0,persistent,0.0
Patiala,in_domain,baseline16,71,stuck_at,1.0,persistent,0.0
Patiala,in_domain,baseline16,71,stuck_at,1.0,persistent,0.0
Patiala,in_domain,baseline16,71,stuck_at,1.0,persistent,0.0
Patiala,in_domain,baseline16,71,noise_burst,1.0,persistent,1.0
Patiala,in_domain,baseline16,71,noise_burst,1.0,persistent,2.0
Patiala,in_domain,baseline16,71,noise_burst,0.0,persistent,
Patiala,in_domain,baseline16,71,noise_burst,1.0,persistent,0.0
Patiala,in_domain,baseline16,71,noise_burst,1.0,persistent,0.0
Patiala,in_domain,baseline16,71,noise_burst,1.0,persistent,0.0
Patiala,in_domain,baseline16,71,intermittent_spikes,1.0,transient,0.0
Patiala,in_domain,baseline16,71,intermittent_spikes,1.0,transient,2.0
Patiala,in_domain,baseline16,71,intermittent_spikes,1.0,transient,0.0
Patiala,in_domain,baseline16,71,intermittent_spikes,1.0,transient,0.0
Patiala,in_domain,baseline16,71,intermittent_spikes,1.0,transient,0.0
Patiala,in_domain,baseline16,71,intermittent_spikes,1.0,transient,13.0
Patiala,in_domain,baseline16,71,drift_plus_noise,1.0,persistent,1.0
Patiala,in_domain,baseline16,71,drift_plus_noise,1.0,persistent,7.0
Patiala,in_domain,baseline16,71,drift_plus_noise,1.0,persistent,8.0
Patiala,in_domain,baseline16,71,bias_plus_spikes,1.0,persistent,0.0
Patiala,in_domain,baseline16,71,bias_plus_spikes,1.0,persistent,3.0
Patiala,in_domain,baseline16,71,bias_plus_spikes,1.0,persistent,4.0
Patiala,temporal,baseline16,71,spike,1.0,transient,0.0
Patiala,temporal,baseline16,71,spike,1.0,transient,0.0
Patiala,temporal,baseline16,71,spike,1.0,transient,0.0
Patiala,temporal,baseline16,71,spike,1.0,transient,0.0
Patiala,temporal,baseline16,71,spike,0.0,transient,
Patiala,temporal,baseline16,71,spike,1.0,transient,0.0
Patiala,temporal,baseline16,71,spike,0.0,transient,
Patiala,temporal,baseline16,71,spike,0.0,transient,
Patiala,temporal,baseline16,71,spike,1.0,transient,0.0
Patiala,temporal,baseline16,71,spike,0.0,transient,
Patiala,temporal,baseline16,71,spike,1.0,transient,0.0
Patiala,temporal,baseline16,71,spike,1.0,transient,0.0
Patiala,temporal,baseline16,71,spike,1.0,transient,0.0
Patiala,temporal,baseline16,71,spike,1.0,transient,0.0
Patiala,temporal,baseline16,71,spike,0.0,transient,
Patiala,temporal,baseline16,71,spike,1.0,transient,0.0
Patiala,temporal,baseline16,71,spike,1.0,transient,0.0
Patiala,temporal,baseline16,71,spike,1.0,transient,0.0
Patiala,temporal,baseline16,71,spike,1.0,transient,0.0
Patiala,temporal,baseline16,71,spike,1.0,transient,0.0
Patiala,temporal,baseline16,71,spike,1.0,transient,0.0
Patiala,temporal,baseline16,71,spike,0.0,transient,
Patiala,temporal,baseline16,71,spike,0.0,transient,
Patiala,temporal,baseline16,71,drift,0.0,persistent,
Patiala,temporal,baseline16,71,drift,1.0,persistent,12.0
Patiala,temporal,baseline16,71,drift,1.0,persistent,12.0
Patiala,temporal,baseline16,71,drift,1.0,persistent,14.0
Patiala,temporal,baseline16,71,drift,1.0,persistent,12.0
Patiala,temporal,baseline16,71,drift,1.0,persistent,0.0
Patiala,temporal,baseline16,71,bias,1.0,persistent,0.0
Patiala,temporal,baseline16,71,bias,0.0,persistent,
Patiala,temporal,baseline16,71,bias,0.0,persistent,
Patiala,temporal,baseline16,71,bias,0.0,persistent,
Patiala,temporal,baseline16,71,bias,0.0,persistent,
Patiala,temporal,baseline16,71,bias,0.0,persistent,
Patiala,temporal,baseline16,71,stuck_at,1.0,persistent,0.0
Patiala,temporal,baseline16,71,stuck_at,0.0,persistent,
Patiala,temporal,baseline16,71,stuck_at,1.0,persistent,0.0
Patiala,temporal,baseline16,71,stuck_at,1.0,persistent,0.0
Patiala,temporal,baseline16,71,stuck_at,1.0,persistent,0.0
Patiala,temporal,baseline16,71,stuck_at,1.0,persistent,0.0
Patiala,temporal,baseline16,71,noise_burst,1.0,persistent,1.0
Patiala,temporal,baseline16,71,noise_burst,1.0,persistent,4.0
Patiala,temporal,baseline16,71,noise_burst,0.0,persistent,
Patiala,temporal,baseline16,71,noise_burst,1.0,persistent,0.0
Patiala,temporal,baseline16,71,noise_burst,1.0,persistent,0.0
Patiala,temporal,baseline16,71,noise_burst,1.0,persistent,1.0
Patiala,temporal,baseline16,71,intermittent_spikes,1.0,transient,0.0
Patiala,temporal,baseline16,71,intermittent_spikes,1.0,transient,0.0
Patiala,temporal,baseline16,71,intermittent_spikes,0.0,transient,
Patiala,temporal,baseline16,71,intermittent_spikes,1.0,transient,0.0
Patiala,temporal,baseline16,71,intermittent_spikes,1.0,transient,0.0
Patiala,temporal,baseline16,71,intermittent_spikes,1.0,transient,0.0
Patiala,temporal,baseline16,71,drift_plus_noise,1.0,persistent,7.0
Patiala,temporal,baseline16,71,drift_plus_noise,0.0,persistent,
Patiala,temporal,baseline16,71,drift_plus_noise,1.0,persistent,6.0
Patiala,temporal,baseline16,71,bias_plus_spikes,1.0,persistent,0.0
Patiala,temporal,baseline16,71,bias_plus_spikes,1.0,persistent,3.0
Patiala,temporal,baseline16,71,bias_plus_spikes,1.0,persistent,0.0
Patiala,station,baseline16,71,spike,1.0,transient,0.0
Patiala,station,baseline16,71,spike,1.0,transient,0.0
Patiala,station,baseline16,71,spike,1.0,transient,0.0
Patiala,station,baseline16,71,spike,1.0,transient,0.0
Patiala,station,baseline16,71,spike,0.0,transient,
Patiala,station,baseline16,71,spike,1.0,transient,0.0
Patiala,station,baseline16,71,spike,0.0,transient,
Patiala,station,baseline16,71,spike,0.0,transient,
Patiala,station,baseline16,71,spike,1.0,transient,0.0
Patiala,station,baseline16,71,spike,0.0,transient,
Patiala,station,baseline16,71,spike,1.0,transient,0.0
Patiala,station,baseline16,71,spike,1.0,transient,0.0
Patiala,station,baseline16,71,spike,1.0,transient,0.0
Patiala,station,baseline16,71,spike,1.0,transient,0.0
Patiala,station,baseline16,71,spike,0.0,transient,
Patiala,station,baseline16,71,spike,1.0,transient,0.0
Patiala,station,baseline16,71,spike,1.0,transient,0.0
Patiala,station,baseline16,71,spike,1.0,transient,0.0
Patiala,station,baseline16,71,spike,1.0,transient,0.0
Patiala,station,baseline16,71,spike,1.0,transient,0.0
Patiala,station,baseline16,71,spike,1.0,transient,0.0
Patiala,station,baseline16,71,spike,0.0,transient,
Patiala,station,baseline16,71,spike,0.0,transient,
Patiala,station,baseline16,71,drift,0.0,persistent,
Patiala,station,baseline16,71,drift,0.0,persistent,
Patiala,station,baseline16,71,drift,1.0,persistent,12.0
Patiala,station,baseline16,71,drift,1.0,persistent,14.0
Patiala,station,baseline16,71,drift,1.0,persistent,12.0
Patiala,station,baseline16,71,drift,1.0,persistent,0.0
Patiala,station,baseline16,71,bias,1.0,persistent,0.0
Patiala,station,baseline16,71,bias,0.0,persistent,
Patiala,station,baseline16,71,bias,0.0,persistent,
Patiala,station,baseline16,71,bias,0.0,persistent,
Patiala,station,baseline16,71,bias,0.0,persistent,
Patiala,station,baseline16,71,bias,0.0,persistent,
Patiala,station,baseline16,71,stuck_at,1.0,persistent,0.0
Patiala,station,baseline16,71,stuck_at,0.0,persistent,
Patiala,station,baseline16,71,stuck_at,1.0,persistent,0.0
Patiala,station,baseline16,71,stuck_at,1.0,persistent,0.0
Patiala,station,baseline16,71,stuck_at,1.0,persistent,0.0
Patiala,station,baseline16,71,stuck_at,1.0,persistent,0.0
Patiala,station,baseline16,71,noise_burst,1.0,persistent,1.0
Patiala,station,baseline16,71,noise_burst,1.0,persistent,7.0
Patiala,station,baseline16,71,noise_burst,1.0,persistent,2.0
Patiala,station,baseline16,71,noise_burst,1.0,persistent,0.0
Patiala,station,baseline16,71,noise_burst,1.0,persistent,0.0
Patiala,station,baseline16,71,noise_burst,1.0,persistent,2.0
Patiala,station,baseline16,71,intermittent_spikes,1.0,transient,0.0
Patiala,station,baseline16,71,intermittent_spikes,1.0,transient,0.0
Patiala,station,baseline16,71,intermittent_spikes,0.0,transient,
Patiala,station,baseline16,71,intermittent_spikes,1.0,transient,2.0
Patiala,station,baseline16,71,intermittent_spikes,1.0,transient,0.0
Patiala,station,baseline16,71,intermittent_spikes,1.0,transient,0.0
Patiala,station,baseline16,71,drift_plus_noise,1.0,persistent,6.0
Patiala,station,baseline16,71,drift_plus_noise,1.0,persistent,4.0
Patiala,station,baseline16,71,drift_plus_noise,1.0,persistent,6.0
Patiala,station,baseline16,71,bias_plus_spikes,1.0,persistent,0.0
Patiala,station,baseline16,71,bias_plus_spikes,1.0,persistent,3.0
Patiala,station,baseline16,71,bias_plus_spikes,1.0,persistent,0.0
Patiala,in_domain,baseline16,82,spike,1.0,transient,0.0
Patiala,in_domain,baseline16,82,spike,1.0,transient,0.0
Patiala,in_domain,baseline16,82,spike,1.0,transient,0.0
Patiala,in_domain,baseline16,82,spike,1.0,transient,0.0
Patiala,in_domain,baseline16,82,spike,1.0,transient,0.0
Patiala,in_domain,baseline16,82,spike,1.0,transient,0.0
Patiala,in_domain,baseline16,82,spike,0.0,transient,
Patiala,in_domain,baseline16,82,spike,0.0,transient,
Patiala,in_domain,baseline16,82,spike,0.0,transient,
Patiala,in_domain,baseline16,82,spike,0.0,transient,
Patiala,in_domain,baseline16,82,spike,1.0,transient,0.0
Patiala,in_domain,baseline16,82,spike,1.0,transient,0.0
Patiala,in_domain,baseline16,82,spike,1.0,transient,0.0
Patiala,in_domain,baseline16,82,spike,1.0,transient,0.0
Patiala,in_domain,baseline16,82,spike,1.0,transient,0.0
Patiala,in_domain,baseline16,82,spike,1.0,transient,0.0
Patiala,in_domain,baseline16,82,spike,1.0,transient,0.0
Patiala,in_domain,baseline16,82,spike,1.0,transient,0.0
Patiala,in_domain,baseline16,82,spike,1.0,transient,0.0
Patiala,in_domain,baseline16,82,spike,1.0,transient,0.0
Patiala,in_domain,baseline16,82,spike,1.0,transient,0.0
Patiala,in_domain,baseline16,82,spike,1.0,transient,0.0
Patiala,in_domain,baseline16,82,spike,1.0,transient,0.0
Patiala,in_domain,baseline16,82,spike,0.0,transient,
Patiala,in_domain,baseline16,82,drift,1.0,persistent,9.0
Patiala,in_domain,baseline16,82,drift,1.0,persistent,8.0
Patiala,in_domain,baseline16,82,drift,1.0,persistent,12.0
Patiala,in_domain,baseline16,82,drift,0.0,persistent,
Patiala,in_domain,baseline16,82,drift,1.0,persistent,10.0
Patiala,in_domain,baseline16,82,drift,1.0,persistent,9.0
Patiala,in_domain,baseline16,82,bias,0.0,persistent,
Patiala,in_domain,baseline16,82,bias,1.0,persistent,7.0
Patiala,in_domain,baseline16,82,bias,0.0,persistent,
Patiala,in_domain,baseline16,82,bias,1.0,persistent,1.0
Patiala,in_domain,baseline16,82,bias,1.0,persistent,0.0
Patiala,in_domain,baseline16,82,bias,1.0,persistent,0.0
Patiala,in_domain,baseline16,82,stuck_at,1.0,persistent,0.0
Patiala,in_domain,baseline16,82,stuck_at,1.0,persistent,0.0
Patiala,in_domain,baseline16,82,stuck_at,0.0,persistent,
Patiala,in_domain,baseline16,82,stuck_at,1.0,persistent,0.0
Patiala,in_domain,baseline16,82,stuck_at,1.0,persistent,0.0
Patiala,in_domain,baseline16,82,stuck_at,1.0,persistent,0.0
Patiala,in_domain,baseline16,82,noise_burst,0.0,persistent,
Patiala,in_domain,baseline16,82,noise_burst,1.0,persistent,2.0
Patiala,in_domain,baseline16,82,noise_burst,0.0,persistent,
Patiala,in_domain,baseline16,82,noise_burst,1.0,persistent,1.0
Patiala,in_domain,baseline16,82,noise_burst,1.0,persistent,0.0
Patiala,in_domain,baseline16,82,noise_burst,1.0,persistent,0.0
Patiala,in_domain,baseline16,82,intermittent_spikes,1.0,transient,0.0
Patiala,in_domain,baseline16,82,intermittent_spikes,1.0,transient,2.0
Patiala,in_domain,baseline16,82,intermittent_spikes,1.0,transient,0.0
Patiala,in_domain,baseline16,82,intermittent_spikes,1.0,transient,0.0
Patiala,in_domain,baseline16,82,intermittent_spikes,1.0,transient,0.0
Patiala,in_domain,baseline16,82,intermittent_spikes,1.0,transient,0.0
Patiala,in_domain,baseline16,82,drift_plus_noise,1.0,persistent,6.0
Patiala,in_domain,baseline16,82,drift_plus_noise,1.0,persistent,3.0
Patiala,in_domain,baseline16,82,drift_plus_noise,1.0,persistent,11.0
Patiala,in_domain,baseline16,82,bias_plus_spikes,1.0,persistent,0.0
Patiala,in_domain,baseline16,82,bias_plus_spikes,1.0,persistent,0.0
Patiala,in_domain,baseline16,82,bias_plus_spikes,1.0,persistent,4.0
Patiala,temporal,baseline16,82,spike,1.0,transient,0.0
Patiala,temporal,baseline16,82,spike,1.0,transient,0.0
Patiala,temporal,baseline16,82,spike,0.0,transient,
Patiala,temporal,baseline16,82,spike,1.0,transient,0.0
Patiala,temporal,baseline16,82,spike,1.0,transient,0.0
Patiala,temporal,baseline16,82,spike,1.0,transient,0.0
Patiala,temporal,baseline16,82,spike,0.0,transient,
Patiala,temporal,baseline16,82,spike,0.0,transient,
Patiala,temporal,baseline16,82,spike,1.0,transient,0.0
Patiala,temporal,baseline16,82,spike,0.0,transient,
Patiala,temporal,baseline16,82,spike,1.0,transient,0.0
Patiala,temporal,baseline16,82,spike,0.0,transient,
Patiala,temporal,baseline16,82,spike,1.0,transient,0.0
Patiala,temporal,baseline16,82,spike,1.0,transient,0.0
Patiala,temporal,baseline16,82,spike,1.0,transient,0.0
Patiala,temporal,baseline16,82,spike,1.0,transient,0.0
Patiala,temporal,baseline16,82,spike,1.0,transient,0.0
Patiala,temporal,baseline16,82,spike,1.0,transient,0.0
Patiala,temporal,baseline16,82,spike,1.0,transient,0.0
Patiala,temporal,baseline16,82,spike,1.0,transient,0.0
Patiala,temporal,baseline16,82,spike,1.0,transient,0.0
Patiala,temporal,baseline16,82,spike,1.0,transient,0.0
Patiala,temporal,baseline16,82,spike,1.0,transient,0.0
Patiala,temporal,baseline16,82,spike,0.0,transient,
Patiala,temporal,baseline16,82,drift,0.0,persistent,
Patiala,temporal,baseline16,82,drift,1.0,persistent,1.0
Patiala,temporal,baseline16,82,drift,1.0,persistent,13.0
Patiala,temporal,baseline16,82,drift,0.0,persistent,
Patiala,temporal,baseline16,82,drift,0.0,persistent,
Patiala,temporal,baseline16,82,drift,0.0,persistent,
Patiala,temporal,baseline16,82,bias,0.0,persistent,
Patiala,temporal,baseline16,82,bias,0.0,persistent,
Patiala,temporal,baseline16,82,bias,0.0,persistent,
Patiala,temporal,baseline16,82,bias,0.0,persistent,
Patiala,temporal,baseline16,82,bias,1.0,persistent,0.0
Patiala,temporal,baseline16,82,bias,0.0,persistent,
Patiala,temporal,baseline16,82,stuck_at,1.0,persistent,0.0
Patiala,temporal,baseline16,82,stuck_at,1.0,persistent,0.0
Patiala,temporal,baseline16,82,stuck_at,1.0,persistent,0.0
Patiala,temporal,baseline16,82,stuck_at,1.0,persistent,0.0
Patiala,temporal,baseline16,82,stuck_at,1.0,persistent,0.0
Patiala,temporal,baseline16,82,stuck_at,1.0,persistent,0.0
Patiala,temporal,baseline16,82,noise_burst,0.0,persistent,
Patiala,temporal,baseline16,82,noise_burst,1.0,persistent,0.0
Patiala,temporal,baseline16,82,noise_burst,0.0,persistent,
Patiala,temporal,baseline16,82,noise_burst,1.0,persistent,1.0
Patiala,temporal,baseline16,82,noise_burst,1.0,persistent,0.0
Patiala,temporal,baseline16,82,noise_burst,1.0,persistent,0.0
Patiala,temporal,baseline16,82,intermittent_spikes,1.0,transient,10.0
Patiala,temporal,baseline16,82,intermittent_spikes,1.0,transient,10.0
Patiala,temporal,baseline16,82,intermittent_spikes,1.0,transient,0.0
Patiala,temporal,baseline16,82,intermittent_spikes,1.0,transient,7.0
Patiala,temporal,baseline16,82,intermittent_spikes,1.0,transient,0.0
Patiala,temporal,baseline16,82,intermittent_spikes,1.0,transient,0.0
Patiala,temporal,baseline16,82,drift_plus_noise,1.0,persistent,6.0
Patiala,temporal,baseline16,82,drift_plus_noise,0.0,persistent,
Patiala,temporal,baseline16,82,drift_plus_noise,1.0,persistent,4.0
Patiala,temporal,baseline16,82,bias_plus_spikes,1.0,persistent,0.0
Patiala,temporal,baseline16,82,bias_plus_spikes,1.0,persistent,10.0
Patiala,temporal,baseline16,82,bias_plus_spikes,1.0,persistent,2.0
Patiala,station,baseline16,82,spike,1.0,transient,0.0
Patiala,station,baseline16,82,spike,0.0,transient,
Patiala,station,baseline16,82,spike,0.0,transient,
Patiala,station,baseline16,82,spike,0.0,transient,
Patiala,station,baseline16,82,spike,0.0,transient,
Patiala,station,baseline16,82,spike,1.0,transient,0.0
Patiala,station,baseline16,82,spike,1.0,transient,0.0
Patiala,station,baseline16,82,spike,1.0,transient,0.0
Patiala,station,baseline16,82,spike,1.0,transient,0.0
Patiala,station,baseline16,82,spike,0.0,transient,
Patiala,station,baseline16,82,spike,1.0,transient,0.0
Patiala,station,baseline16,82,spike,0.0,transient,
Patiala,station,baseline16,82,spike,1.0,transient,0.0
Patiala,station,baseline16,82,spike,1.0,transient,0.0
Patiala,station,baseline16,82,spike,1.0,transient,0.0
Patiala,station,baseline16,82,spike,1.0,transient,0.0
Patiala,station,baseline16,82,spike,1.0,transient,0.0
Patiala,station,baseline16,82,spike,1.0,transient,0.0
Patiala,station,baseline16,82,spike,1.0,transient,0.0
Patiala,station,baseline16,82,spike,1.0,transient,0.0
Patiala,station,baseline16,82,spike,1.0,transient,0.0
Patiala,station,baseline16,82,spike,1.0,transient,0.0
Patiala,station,baseline16,82,spike,1.0,transient,0.0
Patiala,station,baseline16,82,spike,0.0,transient,
Patiala,station,baseline16,82,drift,0.0,persistent,
Patiala,station,baseline16,82,drift,1.0,persistent,1.0
Patiala,station,baseline16,82,drift,1.0,persistent,5.0
Patiala,station,baseline16,82,drift,0.0,persistent,
Patiala,station,baseline16,82,drift,0.0,persistent,
Patiala,station,baseline16,82,drift,0.0,persistent,
Patiala,station,baseline16,82,bias,0.0,persistent,
Patiala,station,baseline16,82,bias,0.0,persistent,
Patiala,station,baseline16,82,bias,0.0,persistent,
Patiala,station,baseline16,82,bias,0.0,persistent,
Patiala,station,baseline16,82,bias,1.0,persistent,0.0
Patiala,station,baseline16,82,bias,0.0,persistent,
Patiala,station,baseline16,82,stuck_at,1.0,persistent,0.0
Patiala,station,baseline16,82,stuck_at,1.0,persistent,0.0
Patiala,station,baseline16,82,stuck_at,1.0,persistent,0.0
Patiala,station,baseline16,82,stuck_at,1.0,persistent,0.0
Patiala,station,baseline16,82,stuck_at,1.0,persistent,0.0
Patiala,station,baseline16,82,stuck_at,1.0,persistent,0.0
Patiala,station,baseline16,82,noise_burst,0.0,persistent,
Patiala,station,baseline16,82,noise_burst,1.0,persistent,0.0
Patiala,station,baseline16,82,noise_burst,0.0,persistent,
Patiala,station,baseline16,82,noise_burst,1.0,persistent,1.0
Patiala,station,baseline16,82,noise_burst,1.0,persistent,0.0
Patiala,station,baseline16,82,noise_burst,1.0,persistent,0.0
Patiala,station,baseline16,82,intermittent_spikes,1.0,transient,10.0
Patiala,station,baseline16,82,intermittent_spikes,1.0,transient,10.0
Patiala,station,baseline16,82,intermittent_spikes,1.0,transient,0.0
Patiala,station,baseline16,82,intermittent_spikes,1.0,transient,0.0
Patiala,station,baseline16,82,intermittent_spikes,1.0,transient,0.0
Patiala,station,baseline16,82,intermittent_spikes,1.0,transient,0.0
Patiala,station,baseline16,82,drift_plus_noise,1.0,persistent,6.0
Patiala,station,baseline16,82,drift_plus_noise,0.0,persistent,
Patiala,station,baseline16,82,drift_plus_noise,0.0,persistent,
Patiala,station,baseline16,82,bias_plus_spikes,1.0,persistent,0.0
Patiala,station,baseline16,82,bias_plus_spikes,1.0,persistent,10.0
Patiala,station,baseline16,82,bias_plus_spikes,1.0,persistent,2.0
Patiala,in_domain,baseline16,93,spike,1.0,transient,0.0
Patiala,in_domain,baseline16,93,spike,1.0,transient,0.0
Patiala,in_domain,baseline16,93,spike,1.0,transient,0.0
Patiala,in_domain,baseline16,93,spike,1.0,transient,0.0
Patiala,in_domain,baseline16,93,spike,1.0,transient,0.0
Patiala,in_domain,baseline16,93,spike,1.0,transient,0.0
Patiala,in_domain,baseline16,93,spike,0.0,transient,
Patiala,in_domain,baseline16,93,spike,0.0,transient,
Patiala,in_domain,baseline16,93,spike,0.0,transient,
Patiala,in_domain,baseline16,93,spike,1.0,transient,0.0
Patiala,in_domain,baseline16,93,spike,1.0,transient,0.0
Patiala,in_domain,baseline16,93,spike,1.0,transient,0.0
Patiala,in_domain,baseline16,93,spike,1.0,transient,0.0
Patiala,in_domain,baseline16,93,spike,1.0,transient,0.0
Patiala,in_domain,baseline16,93,spike,1.0,transient,0.0
Patiala,in_domain,baseline16,93,spike,1.0,transient,0.0
Patiala,in_domain,baseline16,93,spike,1.0,transient,0.0
Patiala,in_domain,baseline16,93,spike,1.0,transient,0.0
Patiala,in_domain,baseline16,93,spike,1.0,transient,0.0
Patiala,in_domain,baseline16,93,spike,1.0,transient,0.0
Patiala,in_domain,baseline16,93,spike,1.0,transient,0.0
Patiala,in_domain,baseline16,93,spike,1.0,transient,0.0
Patiala,in_domain,baseline16,93,spike,1.0,transient,0.0
Patiala,in_domain,baseline16,93,spike,0.0,transient,
Patiala,in_domain,baseline16,93,drift,1.0,persistent,5.0
Patiala,in_domain,baseline16,93,drift,0.0,persistent,
Patiala,in_domain,baseline16,93,drift,1.0,persistent,12.0
Patiala,in_domain,baseline16,93,drift,1.0,persistent,10.0
Patiala,in_domain,baseline16,93,drift,1.0,persistent,10.0
Patiala,in_domain,baseline16,93,drift,1.0,persistent,2.0
Patiala,in_domain,baseline16,93,bias,1.0,persistent,4.0
Patiala,in_domain,baseline16,93,bias,1.0,persistent,0.0
Patiala,in_domain,baseline16,93,bias,0.0,persistent,
Patiala,in_domain,baseline16,93,bias,0.0,persistent,
Patiala,in_domain,baseline16,93,bias,0.0,persistent,
Patiala,in_domain,baseline16,93,bias,0.0,persistent,
Patiala,in_domain,baseline16,93,stuck_at,1.0,persistent,0.0
Patiala,in_domain,baseline16,93,stuck_at,1.0,persistent,0.0
Patiala,in_domain,baseline16,93,stuck_at,1.0,persistent,0.0
Patiala,in_domain,baseline16,93,stuck_at,1.0,persistent,0.0
Patiala,in_domain,baseline16,93,stuck_at,1.0,persistent,0.0
Patiala,in_domain,baseline16,93,stuck_at,1.0,persistent,0.0
Patiala,in_domain,baseline16,93,noise_burst,1.0,persistent,6.0
Patiala,in_domain,baseline16,93,noise_burst,0.0,persistent,
Patiala,in_domain,baseline16,93,noise_burst,0.0,persistent,
Patiala,in_domain,baseline16,93,noise_burst,1.0,persistent,0.0
Patiala,in_domain,baseline16,93,noise_burst,1.0,persistent,3.0
Patiala,in_domain,baseline16,93,noise_burst,1.0,persistent,1.0
Patiala,in_domain,baseline16,93,intermittent_spikes,1.0,transient,10.0
Patiala,in_domain,baseline16,93,intermittent_spikes,1.0,transient,0.0
Patiala,in_domain,baseline16,93,intermittent_spikes,1.0,transient,0.0
Patiala,in_domain,baseline16,93,intermittent_spikes,1.0,transient,0.0
Patiala,in_domain,baseline16,93,intermittent_spikes,1.0,transient,0.0
Patiala,in_domain,baseline16,93,intermittent_spikes,0.0,transient,
Patiala,in_domain,baseline16,93,drift_plus_noise,1.0,persistent,10.0
Patiala,in_domain,baseline16,93,drift_plus_noise,1.0,persistent,0.0
Patiala,in_domain,baseline16,93,drift_plus_noise,0.0,persistent,
Patiala,in_domain,baseline16,93,bias_plus_spikes,1.0,persistent,0.0
Patiala,in_domain,baseline16,93,bias_plus_spikes,1.0,persistent,1.0
Patiala,in_domain,baseline16,93,bias_plus_spikes,1.0,persistent,0.0
Patiala,temporal,baseline16,93,spike,0.0,transient,
Patiala,temporal,baseline16,93,spike,0.0,transient,
Patiala,temporal,baseline16,93,spike,1.0,transient,0.0
Patiala,temporal,baseline16,93,spike,1.0,transient,0.0
Patiala,temporal,baseline16,93,spike,1.0,transient,0.0
Patiala,temporal,baseline16,93,spike,1.0,transient,0.0
Patiala,temporal,baseline16,93,spike,0.0,transient,
Patiala,temporal,baseline16,93,spike,0.0,transient,
Patiala,temporal,baseline16,93,spike,0.0,transient,
Patiala,temporal,baseline16,93,spike,1.0,transient,0.0
Patiala,temporal,baseline16,93,spike,1.0,transient,0.0
Patiala,temporal,baseline16,93,spike,1.0,transient,0.0
Patiala,temporal,baseline16,93,spike,1.0,transient,0.0
Patiala,temporal,baseline16,93,spike,1.0,transient,0.0
Patiala,temporal,baseline16,93,spike,0.0,transient,
Patiala,temporal,baseline16,93,spike,1.0,transient,0.0
Patiala,temporal,baseline16,93,spike,1.0,transient,0.0
Patiala,temporal,baseline16,93,spike,0.0,transient,
Patiala,temporal,baseline16,93,spike,1.0,transient,0.0
Patiala,temporal,baseline16,93,spike,1.0,transient,0.0
Patiala,temporal,baseline16,93,spike,1.0,transient,0.0
Patiala,temporal,baseline16,93,spike,1.0,transient,0.0
Patiala,temporal,baseline16,93,spike,1.0,transient,0.0
Patiala,temporal,baseline16,93,spike,1.0,transient,0.0
Patiala,temporal,baseline16,93,drift,1.0,persistent,5.0
Patiala,temporal,baseline16,93,drift,1.0,persistent,1.0
Patiala,temporal,baseline16,93,drift,0.0,persistent,
Patiala,temporal,baseline16,93,drift,1.0,persistent,9.0
Patiala,temporal,baseline16,93,drift,1.0,persistent,12.0
Patiala,temporal,baseline16,93,drift,1.0,persistent,1.0
Patiala,temporal,baseline16,93,bias,1.0,persistent,8.0
Patiala,temporal,baseline16,93,bias,0.0,persistent,
Patiala,temporal,baseline16,93,bias,0.0,persistent,
Patiala,temporal,baseline16,93,bias,0.0,persistent,
Patiala,temporal,baseline16,93,bias,0.0,persistent,
Patiala,temporal,baseline16,93,bias,0.0,persistent,
Patiala,temporal,baseline16,93,stuck_at,1.0,persistent,0.0
Patiala,temporal,baseline16,93,stuck_at,1.0,persistent,0.0
Patiala,temporal,baseline16,93,stuck_at,1.0,persistent,0.0
Patiala,temporal,baseline16,93,stuck_at,1.0,persistent,0.0
Patiala,temporal,baseline16,93,stuck_at,1.0,persistent,0.0
Patiala,temporal,baseline16,93,stuck_at,1.0,persistent,0.0
Patiala,temporal,baseline16,93,noise_burst,0.0,persistent,
Patiala,temporal,baseline16,93,noise_burst,0.0,persistent,
Patiala,temporal,baseline16,93,noise_burst,0.0,persistent,
Patiala,temporal,baseline16,93,noise_burst,1.0,persistent,3.0
Patiala,temporal,baseline16,93,noise_burst,1.0,persistent,1.0
Patiala,temporal,baseline16,93,noise_burst,1.0,persistent,1.0
Patiala,temporal,baseline16,93,intermittent_spikes,1.0,transient,0.0
Patiala,temporal,baseline16,93,intermittent_spikes,1.0,transient,0.0
Patiala,temporal,baseline16,93,intermittent_spikes,1.0,transient,0.0
Patiala,temporal,baseline16,93,intermittent_spikes,1.0,transient,0.0
Patiala,temporal,baseline16,93,intermittent_spikes,1.0,transient,0.0
Patiala,temporal,baseline16,93,intermittent_spikes,1.0,transient,13.0
Patiala,temporal,baseline16,93,drift_plus_noise,1.0,persistent,10.0
Patiala,temporal,baseline16,93,drift_plus_noise,1.0,persistent,3.0
Patiala,temporal,baseline16,93,drift_plus_noise,0.0,persistent,
Patiala,temporal,baseline16,93,bias_plus_spikes,1.0,persistent,0.0
Patiala,temporal,baseline16,93,bias_plus_spikes,1.0,persistent,1.0
Patiala,temporal,baseline16,93,bias_plus_spikes,1.0,persistent,3.0
Patiala,station,baseline16,93,spike,1.0,transient,0.0
Patiala,station,baseline16,93,spike,0.0,transient,
Patiala,station,baseline16,93,spike,1.0,transient,0.0
Patiala,station,baseline16,93,spike,1.0,transient,0.0
Patiala,station,baseline16,93,spike,1.0,transient,0.0
Patiala,station,baseline16,93,spike,1.0,transient,0.0
Patiala,station,baseline16,93,spike,0.0,transient,
Patiala,station,baseline16,93,spike,0.0,transient,
Patiala,station,baseline16,93,spike,0.0,transient,
Patiala,station,baseline16,93,spike,1.0,transient,0.0
Patiala,station,baseline16,93,spike,1.0,transient,0.0
Patiala,station,baseline16,93,spike,1.0,transient,0.0
Patiala,station,baseline16,93,spike,1.0,transient,0.0
Patiala,station,baseline16,93,spike,1.0,transient,0.0
Patiala,station,baseline16,93,spike,0.0,transient,
Patiala,station,baseline16,93,spike,1.0,transient,0.0
Patiala,station,baseline16,93,spike,1.0,transient,0.0
Patiala,station,baseline16,93,spike,0.0,transient,
Patiala,station,baseline16,93,spike,1.0,transient,0.0
Patiala,station,baseline16,93,spike,1.0,transient,0.0
Patiala,station,baseline16,93,spike,1.0,transient,0.0
Patiala,station,baseline16,93,spike,1.0,transient,0.0
Patiala,station,baseline16,93,spike,1.0,transient,0.0
Patiala,station,baseline16,93,spike,1.0,transient,0.0
Patiala,station,baseline16,93,drift,1.0,persistent,5.0
Patiala,station,baseline16,93,drift,1.0,persistent,1.0
Patiala,station,baseline16,93,drift,0.0,persistent,
Patiala,station,baseline16,93,drift,1.0,persistent,9.0
Patiala,station,baseline16,93,drift,1.0,persistent,12.0
Patiala,station,baseline16,93,drift,1.0,persistent,1.0
Patiala,station,baseline16,93,bias,0.0,persistent,
Patiala,station,baseline16,93,bias,0.0,persistent,
Patiala,station,baseline16,93,bias,0.0,persistent,
Patiala,station,baseline16,93,bias,0.0,persistent,
Patiala,station,baseline16,93,bias,0.0,persistent,
Patiala,station,baseline16,93,bias,1.0,persistent,4.0
Patiala,station,baseline16,93,stuck_at,1.0,persistent,0.0
Patiala,station,baseline16,93,stuck_at,1.0,persistent,0.0
Patiala,station,baseline16,93,stuck_at,1.0,persistent,0.0
Patiala,station,baseline16,93,stuck_at,1.0,persistent,0.0
Patiala,station,baseline16,93,stuck_at,1.0,persistent,0.0
Patiala,station,baseline16,93,stuck_at,1.0,persistent,0.0
Patiala,station,baseline16,93,noise_burst,1.0,persistent,3.0
Patiala,station,baseline16,93,noise_burst,0.0,persistent,
Patiala,station,baseline16,93,noise_burst,0.0,persistent,
Patiala,station,baseline16,93,noise_burst,1.0,persistent,3.0
Patiala,station,baseline16,93,noise_burst,1.0,persistent,1.0
Patiala,station,baseline16,93,noise_burst,1.0,persistent,1.0
Patiala,station,baseline16,93,intermittent_spikes,1.0,transient,2.0
Patiala,station,baseline16,93,intermittent_spikes,0.0,transient,
Patiala,station,baseline16,93,intermittent_spikes,1.0,transient,0.0
Patiala,station,baseline16,93,intermittent_spikes,1.0,transient,2.0
Patiala,station,baseline16,93,intermittent_spikes,1.0,transient,0.0
Patiala,station,baseline16,93,intermittent_spikes,0.0,transient,
Patiala,station,baseline16,93,drift_plus_noise,1.0,persistent,10.0
Patiala,station,baseline16,93,drift_plus_noise,1.0,persistent,0.0
Patiala,station,baseline16,93,drift_plus_noise,0.0,persistent,
Patiala,station,baseline16,93,bias_plus_spikes,1.0,persistent,0.0
Patiala,station,baseline16,93,bias_plus_spikes,1.0,persistent,1.0
Patiala,station,baseline16,93,bias_plus_spikes,1.0,persistent,10.0
Patiala,in_domain,dual18,71,spike,1.0,transient,0.0
Patiala,in_domain,dual18,71,spike,1.0,transient,0.0
Patiala,in_domain,dual18,71,spike,1.0,transient,0.0
Patiala,in_domain,dual18,71,spike,1.0,transient,0.0
Patiala,in_domain,dual18,71,spike,1.0,transient,0.0
Patiala,in_domain,dual18,71,spike,1.0,transient,0.0
Patiala,in_domain,dual18,71,spike,0.0,transient,
Patiala,in_domain,dual18,71,spike,0.0,transient,
Patiala,in_domain,dual18,71,spike,1.0,transient,0.0
Patiala,in_domain,dual18,71,spike,1.0,transient,0.0
Patiala,in_domain,dual18,71,spike,0.0,transient,
Patiala,in_domain,dual18,71,spike,1.0,transient,0.0
Patiala,in_domain,dual18,71,spike,0.0,transient,
Patiala,in_domain,dual18,71,spike,1.0,transient,0.0
Patiala,in_domain,dual18,71,spike,1.0,transient,0.0
Patiala,in_domain,dual18,71,spike,1.0,transient,0.0
Patiala,in_domain,dual18,71,spike,1.0,transient,0.0
Patiala,in_domain,dual18,71,spike,1.0,transient,0.0
Patiala,in_domain,dual18,71,spike,1.0,transient,0.0
Patiala,in_domain,dual18,71,spike,1.0,transient,0.0
Patiala,in_domain,dual18,71,spike,1.0,transient,0.0
Patiala,in_domain,dual18,71,spike,1.0,transient,0.0
Patiala,in_domain,dual18,71,spike,1.0,transient,0.0
Patiala,in_domain,dual18,71,spike,1.0,transient,0.0
Patiala,in_domain,dual18,71,drift,1.0,persistent,8.0
Patiala,in_domain,dual18,71,drift,1.0,persistent,11.0
Patiala,in_domain,dual18,71,drift,0.0,persistent,
Patiala,in_domain,dual18,71,drift,1.0,persistent,11.0
Patiala,in_domain,dual18,71,drift,1.0,persistent,9.0
Patiala,in_domain,dual18,71,drift,1.0,persistent,8.0
Patiala,in_domain,dual18,71,bias,1.0,persistent,2.0
Patiala,in_domain,dual18,71,bias,0.0,persistent,
Patiala,in_domain,dual18,71,bias,0.0,persistent,
Patiala,in_domain,dual18,71,bias,1.0,persistent,2.0
Patiala,in_domain,dual18,71,bias,1.0,persistent,2.0
Patiala,in_domain,dual18,71,bias,1.0,persistent,1.0
Patiala,in_domain,dual18,71,stuck_at,1.0,persistent,0.0
Patiala,in_domain,dual18,71,stuck_at,0.0,persistent,
Patiala,in_domain,dual18,71,stuck_at,1.0,persistent,0.0
Patiala,in_domain,dual18,71,stuck_at,1.0,persistent,0.0
Patiala,in_domain,dual18,71,stuck_at,1.0,persistent,0.0
Patiala,in_domain,dual18,71,stuck_at,1.0,persistent,0.0
Patiala,in_domain,dual18,71,noise_burst,1.0,persistent,1.0
Patiala,in_domain,dual18,71,noise_burst,0.0,persistent,
Patiala,in_domain,dual18,71,noise_burst,0.0,persistent,
Patiala,in_domain,dual18,71,noise_burst,1.0,persistent,0.0
Patiala,in_domain,dual18,71,noise_burst,1.0,persistent,0.0
Patiala,in_domain,dual18,71,noise_burst,1.0,persistent,1.0
Patiala,in_domain,dual18,71,intermittent_spikes,1.0,transient,0.0
Patiala,in_domain,dual18,71,intermittent_spikes,1.0,transient,0.0
Patiala,in_domain,dual18,71,intermittent_spikes,1.0,transient,0.0
Patiala,in_domain,dual18,71,intermittent_spikes,1.0,transient,0.0
Patiala,in_domain,dual18,71,intermittent_spikes,1.0,transient,0.0
Patiala,in_domain,dual18,71,intermittent_spikes,1.0,transient,9.0
Patiala,in_domain,dual18,71,drift_plus_noise,1.0,persistent,1.0
Patiala,in_domain,dual18,71,drift_plus_noise,1.0,persistent,7.0
Patiala,in_domain,dual18,71,drift_plus_noise,1.0,persistent,7.0
Patiala,in_domain,dual18,71,bias_plus_spikes,1.0,persistent,0.0
Patiala,in_domain,dual18,71,bias_plus_spikes,1.0,persistent,3.0
Patiala,in_domain,dual18,71,bias_plus_spikes,1.0,persistent,0.0
Patiala,temporal,dual18,71,spike,1.0,transient,0.0
Patiala,temporal,dual18,71,spike,1.0,transient,0.0
Patiala,temporal,dual18,71,spike,1.0,transient,0.0
Patiala,temporal,dual18,71,spike,1.0,transient,0.0
Patiala,temporal,dual18,71,spike,0.0,transient,
Patiala,temporal,dual18,71,spike,1.0,transient,0.0
Patiala,temporal,dual18,71,spike,0.0,transient,
Patiala,temporal,dual18,71,spike,0.0,transient,
Patiala,temporal,dual18,71,spike,1.0,transient,0.0
Patiala,temporal,dual18,71,spike,0.0,transient,
Patiala,temporal,dual18,71,spike,1.0,transient,0.0
Patiala,temporal,dual18,71,spike,0.0,transient,
Patiala,temporal,dual18,71,spike,1.0,transient,0.0
Patiala,temporal,dual18,71,spike,0.0,transient,
Patiala,temporal,dual18,71,spike,0.0,transient,
Patiala,temporal,dual18,71,spike,1.0,transient,0.0
Patiala,temporal,dual18,71,spike,1.0,transient,0.0
Patiala,temporal,dual18,71,spike,1.0,transient,0.0
Patiala,temporal,dual18,71,spike,1.0,transient,1.0
Patiala,temporal,dual18,71,spike,1.0,transient,0.0
Patiala,temporal,dual18,71,spike,1.0,transient,1.0
Patiala,temporal,dual18,71,spike,0.0,transient,
Patiala,temporal,dual18,71,spike,0.0,transient,
Patiala,temporal,dual18,71,drift,1.0,persistent,0.0
Patiala,temporal,dual18,71,drift,1.0,persistent,12.0
Patiala,temporal,dual18,71,drift,1.0,persistent,12.0
Patiala,temporal,dual18,71,drift,0.0,persistent,
Patiala,temporal,dual18,71,drift,1.0,persistent,7.0
Patiala,temporal,dual18,71,drift,1.0,persistent,0.0
Patiala,temporal,dual18,71,bias,1.0,persistent,0.0
Patiala,temporal,dual18,71,bias,0.0,persistent,
Patiala,temporal,dual18,71,bias,0.0,persistent,
Patiala,temporal,dual18,71,bias,0.0,persistent,
Patiala,temporal,dual18,71,bias,0.0,persistent,
Patiala,temporal,dual18,71,bias,0.0,persistent,
Patiala,temporal,dual18,71,stuck_at,1.0,persistent,0.0
Patiala,temporal,dual18,71,stuck_at,0.0,persistent,
Patiala,temporal,dual18,71,stuck_at,1.0,persistent,0.0
Patiala,temporal,dual18,71,stuck_at,1.0,persistent,0.0
Patiala,temporal,dual18,71,stuck_at,1.0,persistent,0.0
Patiala,temporal,dual18,71,stuck_at,1.0,persistent,0.0
Patiala,temporal,dual18,71,noise_burst,1.0,persistent,1.0
Patiala,temporal,dual18,71,noise_burst,0.0,persistent,
Patiala,temporal,dual18,71,noise_burst,0.0,persistent,
Patiala,temporal,dual18,71,noise_burst,1.0,persistent,0.0
Patiala,temporal,dual18,71,noise_burst,1.0,persistent,0.0
Patiala,temporal,dual18,71,noise_burst,1.0,persistent,1.0
Patiala,temporal,dual18,71,intermittent_spikes,1.0,transient,0.0
Patiala,temporal,dual18,71,intermittent_spikes,1.0,transient,0.0
Patiala,temporal,dual18,71,intermittent_spikes,1.0,transient,4.0
Patiala,temporal,dual18,71,intermittent_spikes,1.0,transient,5.0
Patiala,temporal,dual18,71,intermittent_spikes,1.0,transient,0.0
Patiala,temporal,dual18,71,intermittent_spikes,1.0,transient,0.0
Patiala,temporal,dual18,71,drift_plus_noise,1.0,persistent,7.0
Patiala,temporal,dual18,71,drift_plus_noise,1.0,persistent,11.0
Patiala,temporal,dual18,71,drift_plus_noise,1.0,persistent,0.0
Patiala,temporal,dual18,71,bias_plus_spikes,1.0,persistent,0.0
Patiala,temporal,dual18,71,bias_plus_spikes,1.0,persistent,6.0
Patiala,temporal,dual18,71,bias_plus_spikes,1.0,persistent,0.0
Patiala,station,dual18,71,spike,1.0,transient,0.0
Patiala,station,dual18,71,spike,1.0,transient,0.0
Patiala,station,dual18,71,spike,1.0,transient,0.0
Patiala,station,dual18,71,spike,1.0,transient,0.0
Patiala,station,dual18,71,spike,0.0,transient,
Patiala,station,dual18,71,spike,1.0,transient,0.0
Patiala,station,dual18,71,spike,0.0,transient,
Patiala,station,dual18,71,spike,0.0,transient,
Patiala,station,dual18,71,spike,1.0,transient,0.0
Patiala,station,dual18,71,spike,0.0,transient,
Patiala,station,dual18,71,spike,1.0,transient,0.0
Patiala,station,dual18,71,spike,0.0,transient,
Patiala,station,dual18,71,spike,1.0,transient,0.0
Patiala,station,dual18,71,spike,0.0,transient,
Patiala,station,dual18,71,spike,0.0,transient,
Patiala,station,dual18,71,spike,1.0,transient,0.0
Patiala,station,dual18,71,spike,1.0,transient,0.0
Patiala,station,dual18,71,spike,1.0,transient,0.0
Patiala,station,dual18,71,spike,1.0,transient,0.0
Patiala,station,dual18,71,spike,1.0,transient,0.0
Patiala,station,dual18,71,spike,0.0,transient,
Patiala,station,dual18,71,spike,0.0,transient,
Patiala,station,dual18,71,spike,0.0,transient,
Patiala,station,dual18,71,drift,0.0,persistent,
Patiala,station,dual18,71,drift,1.0,persistent,12.0
Patiala,station,dual18,71,drift,1.0,persistent,12.0
Patiala,station,dual18,71,drift,1.0,persistent,14.0
Patiala,station,dual18,71,drift,1.0,persistent,8.0
Patiala,station,dual18,71,drift,1.0,persistent,0.0
Patiala,station,dual18,71,bias,1.0,persistent,0.0
Patiala,station,dual18,71,bias,0.0,persistent,
Patiala,station,dual18,71,bias,0.0,persistent,
Patiala,station,dual18,71,bias,0.0,persistent,
Patiala,station,dual18,71,bias,0.0,persistent,
Patiala,station,dual18,71,bias,1.0,persistent,8.0
Patiala,station,dual18,71,stuck_at,1.0,persistent,0.0
Patiala,station,dual18,71,stuck_at,0.0,persistent,
Patiala,station,dual18,71,stuck_at,1.0,persistent,0.0
Patiala,station,dual18,71,stuck_at,1.0,persistent,0.0
Patiala,station,dual18,71,stuck_at,1.0,persistent,0.0
Patiala,station,dual18,71,stuck_at,1.0,persistent,0.0
Patiala,station,dual18,71,noise_burst,1.0,persistent,1.0
Patiala,station,dual18,71,noise_burst,0.0,persistent,
Patiala,station,dual18,71,noise_burst,0.0,persistent,
Patiala,station,dual18,71,noise_burst,1.0,persistent,0.0
Patiala,station,dual18,71,noise_burst,1.0,persistent,0.0
Patiala,station,dual18,71,noise_burst,1.0,persistent,1.0
Patiala,station,dual18,71,intermittent_spikes,1.0,transient,0.0
Patiala,station,dual18,71,intermittent_spikes,1.0,transient,0.0
Patiala,station,dual18,71,intermittent_spikes,1.0,transient,4.0
Patiala,station,dual18,71,intermittent_spikes,1.0,transient,5.0
Patiala,station,dual18,71,intermittent_spikes,1.0,transient,0.0
Patiala,station,dual18,71,intermittent_spikes,1.0,transient,0.0
Patiala,station,dual18,71,drift_plus_noise,1.0,persistent,7.0
Patiala,station,dual18,71,drift_plus_noise,0.0,persistent,
Patiala,station,dual18,71,drift_plus_noise,1.0,persistent,3.0
Patiala,station,dual18,71,bias_plus_spikes,1.0,persistent,0.0
Patiala,station,dual18,71,bias_plus_spikes,1.0,persistent,7.0
Patiala,station,dual18,71,bias_plus_spikes,1.0,persistent,0.0
Patiala,in_domain,dual18,82,spike,1.0,transient,0.0
Patiala,in_domain,dual18,82,spike,1.0,transient,0.0
Patiala,in_domain,dual18,82,spike,1.0,transient,0.0
Patiala,in_domain,dual18,82,spike,1.0,transient,0.0
Patiala,in_domain,dual18,82,spike,1.0,transient,0.0
Patiala,in_domain,dual18,82,spike,1.0,transient,0.0
Patiala,in_domain,dual18,82,spike,0.0,transient,
Patiala,in_domain,dual18,82,spike,0.0,transient,
Patiala,in_domain,dual18,82,spike,0.0,transient,
Patiala,in_domain,dual18,82,spike,0.0,transient,
Patiala,in_domain,dual18,82,spike,1.0,transient,0.0
Patiala,in_domain,dual18,82,spike,0.0,transient,
Patiala,in_domain,dual18,82,spike,1.0,transient,0.0
Patiala,in_domain,dual18,82,spike,1.0,transient,0.0
Patiala,in_domain,dual18,82,spike,1.0,transient,0.0
Patiala,in_domain,dual18,82,spike,1.0,transient,0.0
Patiala,in_domain,dual18,82,spike,1.0,transient,0.0
Patiala,in_domain,dual18,82,spike,1.0,transient,0.0
Patiala,in_domain,dual18,82,spike,1.0,transient,0.0
Patiala,in_domain,dual18,82,spike,1.0,transient,0.0
Patiala,in_domain,dual18,82,spike,1.0,transient,0.0
Patiala,in_domain,dual18,82,spike,1.0,transient,0.0
Patiala,in_domain,dual18,82,spike,1.0,transient,0.0
Patiala,in_domain,dual18,82,spike,0.0,transient,
Patiala,in_domain,dual18,82,drift,1.0,persistent,9.0
Patiala,in_domain,dual18,82,drift,1.0,persistent,3.0
Patiala,in_domain,dual18,82,drift,1.0,persistent,12.0
Patiala,in_domain,dual18,82,drift,1.0,persistent,13.0
Patiala,in_domain,dual18,82,drift,1.0,persistent,9.0
Patiala,in_domain,dual18,82,drift,1.0,persistent,6.0
Patiala,in_domain,dual18,82,bias,0.0,persistent,
Patiala,in_domain,dual18,82,bias,1.0,persistent,7.0
Patiala,in_domain,dual18,82,bias,1.0,persistent,7.0
Patiala,in_domain,dual18,82,bias,1.0,persistent,2.0
Patiala,in_domain,dual18,82,bias,1.0,persistent,3.0
Patiala,in_domain,dual18,82,bias,1.0,persistent,0.0
Patiala,in_domain,dual18,82,stuck_at,1.0,persistent,0.0
Patiala,in_domain,dual18,82,stuck_at,1.0,persistent,0.0
Patiala,in_domain,dual18,82,stuck_at,0.0,persistent,
Patiala,in_domain,dual18,82,stuck_at,1.0,persistent,0.0
Patiala,in_domain,dual18,82,stuck_at,1.0,persistent,0.0
Patiala,in_domain,dual18,82,stuck_at,1.0,persistent,0.0
Patiala,in_domain,dual18,82,noise_burst,0.0,persistent,
Patiala,in_domain,dual18,82,noise_burst,1.0,persistent,2.0
Patiala,in_domain,dual18,82,noise_burst,0.0,persistent,
Patiala,in_domain,dual18,82,noise_burst,1.0,persistent,0.0
Patiala,in_domain,dual18,82,noise_burst,1.0,persistent,0.0
Patiala,in_domain,dual18,82,noise_burst,1.0,persistent,0.0
Patiala,in_domain,dual18,82,intermittent_spikes,1.0,transient,0.0
Patiala,in_domain,dual18,82,intermittent_spikes,1.0,transient,0.0
Patiala,in_domain,dual18,82,intermittent_spikes,1.0,transient,0.0
Patiala,in_domain,dual18,82,intermittent_spikes,1.0,transient,0.0
Patiala,in_domain,dual18,82,intermittent_spikes,1.0,transient,0.0
Patiala,in_domain,dual18,82,intermittent_spikes,1.0,transient,0.0
Patiala,in_domain,dual18,82,drift_plus_noise,1.0,persistent,5.0
Patiala,in_domain,dual18,82,drift_plus_noise,1.0,persistent,3.0
Patiala,in_domain,dual18,82,drift_plus_noise,1.0,persistent,9.0
Patiala,in_domain,dual18,82,bias_plus_spikes,1.0,persistent,0.0
Patiala,in_domain,dual18,82,bias_plus_spikes,1.0,persistent,0.0
Patiala,in_domain,dual18,82,bias_plus_spikes,1.0,persistent,0.0
Patiala,temporal,dual18,82,spike,0.0,transient,
Patiala,temporal,dual18,82,spike,0.0,transient,
Patiala,temporal,dual18,82,spike,0.0,transient,
Patiala,temporal,dual18,82,spike,0.0,transient,
Patiala,temporal,dual18,82,spike,1.0,transient,0.0
Patiala,temporal,dual18,82,spike,1.0,transient,0.0
Patiala,temporal,dual18,82,spike,0.0,transient,
Patiala,temporal,dual18,82,spike,1.0,transient,0.0
Patiala,temporal,dual18,82,spike,1.0,transient,0.0
Patiala,temporal,dual18,82,spike,0.0,transient,
Patiala,temporal,dual18,82,spike,1.0,transient,0.0
Patiala,temporal,dual18,82,spike,0.0,transient,
Patiala,temporal,dual18,82,spike,1.0,transient,0.0
Patiala,temporal,dual18,82,spike,0.0,transient,
Patiala,temporal,dual18,82,spike,1.0,transient,0.0
Patiala,temporal,dual18,82,spike,1.0,transient,0.0
Patiala,temporal,dual18,82,spike,0.0,transient,
Patiala,temporal,dual18,82,spike,1.0,transient,0.0
Patiala,temporal,dual18,82,spike,1.0,transient,0.0
Patiala,temporal,dual18,82,spike,1.0,transient,0.0
Patiala,temporal,dual18,82,spike,1.0,transient,0.0
Patiala,temporal,dual18,82,spike,1.0,transient,0.0
Patiala,temporal,dual18,82,spike,1.0,transient,0.0
Patiala,temporal,dual18,82,spike,0.0,transient,
Patiala,temporal,dual18,82,drift,0.0,persistent,
Patiala,temporal,dual18,82,drift,1.0,persistent,1.0
Patiala,temporal,dual18,82,drift,1.0,persistent,12.0
Patiala,temporal,dual18,82,drift,1.0,persistent,13.0
Patiala,temporal,dual18,82,drift,1.0,persistent,12.0
Patiala,temporal,dual18,82,drift,0.0,persistent,
Patiala,temporal,dual18,82,bias,0.0,persistent,
Patiala,temporal,dual18,82,bias,0.0,persistent,
Patiala,temporal,dual18,82,bias,0.0,persistent,
Patiala,temporal,dual18,82,bias,0.0,persistent,
Patiala,temporal,dual18,82,bias,0.0,persistent,
Patiala,temporal,dual18,82,bias,1.0,persistent,1.0
Patiala,temporal,dual18,82,stuck_at,1.0,persistent,0.0
Patiala,temporal,dual18,82,stuck_at,1.0,persistent,0.0
Patiala,temporal,dual18,82,stuck_at,1.0,persistent,0.0
Patiala,temporal,dual18,82,stuck_at,1.0,persistent,0.0
Patiala,temporal,dual18,82,stuck_at,1.0,persistent,0.0
Patiala,temporal,dual18,82,stuck_at,1.0,persistent,0.0
Patiala,temporal,dual18,82,noise_burst,0.0,persistent,
Patiala,temporal,dual18,82,noise_burst,1.0,persistent,2.0
Patiala,temporal,dual18,82,noise_burst,0.0,persistent,
Patiala,temporal,dual18,82,noise_burst,1.0,persistent,1.0
Patiala,temporal,dual18,82,noise_burst,1.0,persistent,0.0
Patiala,temporal,dual18,82,noise_burst,1.0,persistent,0.0
Patiala,temporal,dual18,82,intermittent_spikes,1.0,transient,10.0
Patiala,temporal,dual18,82,intermittent_spikes,0.0,transient,
Patiala,temporal,dual18,82,intermittent_spikes,1.0,transient,8.0
Patiala,temporal,dual18,82,intermittent_spikes,1.0,transient,7.0
Patiala,temporal,dual18,82,intermittent_spikes,1.0,transient,0.0
Patiala,temporal,dual18,82,intermittent_spikes,1.0,transient,0.0
Patiala,temporal,dual18,82,drift_plus_noise,1.0,persistent,7.0
Patiala,temporal,dual18,82,drift_plus_noise,0.0,persistent,
Patiala,temporal,dual18,82,drift_plus_noise,1.0,persistent,4.0
Patiala,temporal,dual18,82,bias_plus_spikes,1.0,persistent,0.0
Patiala,temporal,dual18,82,bias_plus_spikes,1.0,persistent,10.0
Patiala,temporal,dual18,82,bias_plus_spikes,1.0,persistent,2.0
Patiala,station,dual18,82,spike,1.0,transient,0.0
Patiala,station,dual18,82,spike,0.0,transient,
Patiala,station,dual18,82,spike,0.0,transient,
Patiala,station,dual18,82,spike,0.0,transient,
Patiala,station,dual18,82,spike,0.0,transient,
Patiala,station,dual18,82,spike,1.0,transient,0.0
Patiala,station,dual18,82,spike,0.0,transient,
Patiala,station,dual18,82,spike,1.0,transient,0.0
Patiala,station,dual18,82,spike,0.0,transient,
Patiala,station,dual18,82,spike,0.0,transient,
Patiala,station,dual18,82,spike,1.0,transient,0.0
Patiala,station,dual18,82,spike,1.0,transient,0.0
Patiala,station,dual18,82,spike,1.0,transient,0.0
Patiala,station,dual18,82,spike,0.0,transient,
Patiala,station,dual18,82,spike,1.0,transient,0.0
Patiala,station,dual18,82,spike,1.0,transient,0.0
Patiala,station,dual18,82,spike,1.0,transient,0.0
Patiala,station,dual18,82,spike,1.0,transient,0.0
Patiala,station,dual18,82,spike,1.0,transient,0.0
Patiala,station,dual18,82,spike,1.0,transient,0.0
Patiala,station,dual18,82,spike,1.0,transient,0.0
Patiala,station,dual18,82,spike,1.0,transient,0.0
Patiala,station,dual18,82,spike,1.0,transient,0.0
Patiala,station,dual18,82,spike,0.0,transient,
Patiala,station,dual18,82,drift,0.0,persistent,
Patiala,station,dual18,82,drift,1.0,persistent,1.0
Patiala,station,dual18,82,drift,1.0,persistent,12.0
Patiala,station,dual18,82,drift,1.0,persistent,12.0
Patiala,station,dual18,82,drift,0.0,persistent,
Patiala,station,dual18,82,drift,0.0,persistent,
Patiala,station,dual18,82,bias,0.0,persistent,
Patiala,station,dual18,82,bias,0.0,persistent,
Patiala,station,dual18,82,bias,0.0,persistent,
Patiala,station,dual18,82,bias,0.0,persistent,
Patiala,station,dual18,82,bias,0.0,persistent,
Patiala,station,dual18,82,bias,1.0,persistent,1.0
Patiala,station,dual18,82,stuck_at,1.0,persistent,0.0
Patiala,station,dual18,82,stuck_at,1.0,persistent,0.0
Patiala,station,dual18,82,stuck_at,1.0,persistent,0.0
Patiala,station,dual18,82,stuck_at,1.0,persistent,0.0
Patiala,station,dual18,82,stuck_at,1.0,persistent,0.0
Patiala,station,dual18,82,stuck_at,1.0,persistent,0.0
Patiala,station,dual18,82,noise_burst,0.0,persistent,
Patiala,station,dual18,82,noise_burst,1.0,persistent,5.0
Patiala,station,dual18,82,noise_burst,0.0,persistent,
Patiala,station,dual18,82,noise_burst,1.0,persistent,1.0
Patiala,station,dual18,82,noise_burst,1.0,persistent,0.0
Patiala,station,dual18,82,noise_burst,1.0,persistent,0.0
Patiala,station,dual18,82,intermittent_spikes,1.0,transient,10.0
Patiala,station,dual18,82,intermittent_spikes,1.0,transient,10.0
Patiala,station,dual18,82,intermittent_spikes,1.0,transient,8.0
Patiala,station,dual18,82,intermittent_spikes,1.0,transient,0.0
Patiala,station,dual18,82,intermittent_spikes,1.0,transient,0.0
Patiala,station,dual18,82,intermittent_spikes,1.0,transient,0.0
Patiala,station,dual18,82,drift_plus_noise,1.0,persistent,6.0
Patiala,station,dual18,82,drift_plus_noise,0.0,persistent,
Patiala,station,dual18,82,drift_plus_noise,1.0,persistent,4.0
Patiala,station,dual18,82,bias_plus_spikes,1.0,persistent,0.0
Patiala,station,dual18,82,bias_plus_spikes,1.0,persistent,10.0
Patiala,station,dual18,82,bias_plus_spikes,1.0,persistent,2.0
Patiala,in_domain,dual18,93,spike,1.0,transient,0.0
Patiala,in_domain,dual18,93,spike,1.0,transient,0.0
Patiala,in_domain,dual18,93,spike,1.0,transient,0.0
Patiala,in_domain,dual18,93,spike,1.0,transient,0.0
Patiala,in_domain,dual18,93,spike,1.0,transient,0.0
Patiala,in_domain,dual18,93,spike,1.0,transient,0.0
Patiala,in_domain,dual18,93,spike,1.0,transient,0.0
Patiala,in_domain,dual18,93,spike,0.0,transient,
Patiala,in_domain,dual18,93,spike,0.0,transient,
Patiala,in_domain,dual18,93,spike,1.0,transient,0.0
Patiala,in_domain,dual18,93,spike,1.0,transient,0.0
Patiala,in_domain,dual18,93,spike,1.0,transient,0.0
Patiala,in_domain,dual18,93,spike,1.0,transient,0.0
Patiala,in_domain,dual18,93,spike,1.0,transient,0.0
Patiala,in_domain,dual18,93,spike,1.0,transient,0.0
Patiala,in_domain,dual18,93,spike,1.0,transient,0.0
Patiala,in_domain,dual18,93,spike,1.0,transient,0.0
Patiala,in_domain,dual18,93,spike,1.0,transient,0.0
Patiala,in_domain,dual18,93,spike,1.0,transient,0.0
Patiala,in_domain,dual18,93,spike,1.0,transient,0.0
Patiala,in_domain,dual18,93,spike,1.0,transient,0.0
Patiala,in_domain,dual18,93,spike,1.0,transient,0.0
Patiala,in_domain,dual18,93,spike,1.0,transient,0.0
Patiala,in_domain,dual18,93,spike,1.0,transient,0.0
Patiala,in_domain,dual18,93,drift,1.0,persistent,5.0
Patiala,in_domain,dual18,93,drift,1.0,persistent,9.0
Patiala,in_domain,dual18,93,drift,1.0,persistent,12.0
Patiala,in_domain,dual18,93,drift,1.0,persistent,9.0
Patiala,in_domain,dual18,93,drift,1.0,persistent,12.0
Patiala,in_domain,dual18,93,drift,1.0,persistent,5.0
Patiala,in_domain,dual18,93,bias,1.0,persistent,3.0
Patiala,in_domain,dual18,93,bias,1.0,persistent,0.0
Patiala,in_domain,dual18,93,bias,1.0,persistent,3.0
Patiala,in_domain,dual18,93,bias,1.0,persistent,3.0
Patiala,in_domain,dual18,93,bias,0.0,persistent,
Patiala,in_domain,dual18,93,bias,0.0,persistent,
Patiala,in_domain,dual18,93,stuck_at,1.0,persistent,0.0
Patiala,in_domain,dual18,93,stuck_at,1.0,persistent,0.0
Patiala,in_domain,dual18,93,stuck_at,1.0,persistent,0.0
Patiala,in_domain,dual18,93,stuck_at,1.0,persistent,0.0
Patiala,in_domain,dual18,93,stuck_at,1.0,persistent,0.0
Patiala,in_domain,dual18,93,stuck_at,1.0,persistent,0.0
Patiala,in_domain,dual18,93,noise_burst,0.0,persistent,
Patiala,in_domain,dual18,93,noise_burst,0.0,persistent,
Patiala,in_domain,dual18,93,noise_burst,0.0,persistent,
Patiala,in_domain,dual18,93,noise_burst,1.0,persistent,0.0
Patiala,in_domain,dual18,93,noise_burst,1.0,persistent,3.0
Patiala,in_domain,dual18,93,noise_burst,1.0,persistent,1.0
Patiala,in_domain,dual18,93,intermittent_spikes,1.0,transient,0.0
Patiala,in_domain,dual18,93,intermittent_spikes,1.0,transient,0.0
Patiala,in_domain,dual18,93,intermittent_spikes,1.0,transient,0.0
Patiala,in_domain,dual18,93,intermittent_spikes,1.0,transient,0.0
Patiala,in_domain,dual18,93,intermittent_spikes,1.0,transient,0.0
Patiala,in_domain,dual18,93,intermittent_spikes,1.0,transient,4.0
Patiala,in_domain,dual18,93,drift_plus_noise,1.0,persistent,1.0
Patiala,in_domain,dual18,93,drift_plus_noise,1.0,persistent,0.0
Patiala,in_domain,dual18,93,drift_plus_noise,0.0,persistent,
Patiala,in_domain,dual18,93,bias_plus_spikes,1.0,persistent,0.0
Patiala,in_domain,dual18,93,bias_plus_spikes,1.0,persistent,2.0
Patiala,in_domain,dual18,93,bias_plus_spikes,1.0,persistent,0.0
Patiala,temporal,dual18,93,spike,1.0,transient,0.0
Patiala,temporal,dual18,93,spike,0.0,transient,
Patiala,temporal,dual18,93,spike,1.0,transient,0.0
Patiala,temporal,dual18,93,spike,1.0,transient,0.0
Patiala,temporal,dual18,93,spike,1.0,transient,0.0
Patiala,temporal,dual18,93,spike,1.0,transient,0.0
Patiala,temporal,dual18,93,spike,0.0,transient,
Patiala,temporal,dual18,93,spike,0.0,transient,
Patiala,temporal,dual18,93,spike,0.0,transient,
Patiala,temporal,dual18,93,spike,1.0,transient,0.0
Patiala,temporal,dual18,93,spike,1.0,transient,0.0
Patiala,temporal,dual18,93,spike,1.0,transient,0.0
Patiala,temporal,dual18,93,spike,1.0,transient,0.0
Patiala,temporal,dual18,93,spike,1.0,transient,0.0
Patiala,temporal,dual18,93,spike,1.0,transient,0.0
Patiala,temporal,dual18,93,spike,1.0,transient,0.0
Patiala,temporal,dual18,93,spike,1.0,transient,0.0
Patiala,temporal,dual18,93,spike,0.0,transient,
Patiala,temporal,dual18,93,spike,1.0,transient,0.0
Patiala,temporal,dual18,93,spike,1.0,transient,0.0
Patiala,temporal,dual18,93,spike,1.0,transient,0.0
Patiala,temporal,dual18,93,spike,1.0,transient,0.0
Patiala,temporal,dual18,93,spike,1.0,transient,0.0
Patiala,temporal,dual18,93,spike,1.0,transient,0.0
Patiala,temporal,dual18,93,drift,1.0,persistent,5.0
Patiala,temporal,dual18,93,drift,1.0,persistent,1.0
Patiala,temporal,dual18,93,drift,0.0,persistent,
Patiala,temporal,dual18,93,drift,1.0,persistent,9.0
Patiala,temporal,dual18,93,drift,1.0,persistent,12.0
Patiala,temporal,dual18,93,drift,1.0,persistent,11.0
Patiala,temporal,dual18,93,bias,0.0,persistent,
Patiala,temporal,dual18,93,bias,0.0,persistent,
Patiala,temporal,dual18,93,bias,0.0,persistent,
Patiala,temporal,dual18,93,bias,0.0,persistent,
Patiala,temporal,dual18,93,bias,0.0,persistent,
Patiala,temporal,dual18,93,bias,1.0,persistent,4.0
Patiala,temporal,dual18,93,stuck_at,1.0,persistent,0.0
Patiala,temporal,dual18,93,stuck_at,1.0,persistent,0.0
Patiala,temporal,dual18,93,stuck_at,1.0,persistent,0.0
Patiala,temporal,dual18,93,stuck_at,1.0,persistent,0.0
Patiala,temporal,dual18,93,stuck_at,1.0,persistent,0.0
Patiala,temporal,dual18,93,stuck_at,1.0,persistent,0.0
Patiala,temporal,dual18,93,noise_burst,0.0,persistent,
Patiala,temporal,dual18,93,noise_burst,0.0,persistent,
Patiala,temporal,dual18,93,noise_burst,0.0,persistent,
Patiala,temporal,dual18,93,noise_burst,1.0,persistent,4.0
Patiala,temporal,dual18,93,noise_burst,1.0,persistent,3.0
Patiala,temporal,dual18,93,noise_burst,1.0,persistent,0.0
Patiala,temporal,dual18,93,intermittent_spikes,1.0,transient,0.0
Patiala,temporal,dual18,93,intermittent_spikes,1.0,transient,0.0
Patiala,temporal,dual18,93,intermittent_spikes,1.0,transient,0.0
Patiala,temporal,dual18,93,intermittent_spikes,1.0,transient,2.0
Patiala,temporal,dual18,93,intermittent_spikes,1.0,transient,0.0
Patiala,temporal,dual18,93,intermittent_spikes,0.0,transient,
Patiala,temporal,dual18,93,drift_plus_noise,1.0,persistent,10.0
Patiala,temporal,dual18,93,drift_plus_noise,1.0,persistent,5.0
Patiala,temporal,dual18,93,drift_plus_noise,0.0,persistent,
Patiala,temporal,dual18,93,bias_plus_spikes,0.0,persistent,
Patiala,temporal,dual18,93,bias_plus_spikes,1.0,persistent,1.0
Patiala,temporal,dual18,93,bias_plus_spikes,1.0,persistent,3.0
Patiala,station,dual18,93,spike,0.0,transient,
Patiala,station,dual18,93,spike,0.0,transient,
Patiala,station,dual18,93,spike,1.0,transient,0.0
Patiala,station,dual18,93,spike,0.0,transient,
Patiala,station,dual18,93,spike,1.0,transient,0.0
Patiala,station,dual18,93,spike,1.0,transient,0.0
Patiala,station,dual18,93,spike,0.0,transient,
Patiala,station,dual18,93,spike,0.0,transient,
Patiala,station,dual18,93,spike,0.0,transient,
Patiala,station,dual18,93,spike,1.0,transient,0.0
Patiala,station,dual18,93,spike,1.0,transient,0.0
Patiala,station,dual18,93,spike,1.0,transient,0.0
Patiala,station,dual18,93,spike,1.0,transient,0.0
Patiala,station,dual18,93,spike,1.0,transient,0.0
Patiala,station,dual18,93,spike,0.0,transient,
Patiala,station,dual18,93,spike,1.0,transient,0.0
Patiala,station,dual18,93,spike,1.0,transient,0.0
Patiala,station,dual18,93,spike,0.0,transient,
Patiala,station,dual18,93,spike,1.0,transient,0.0
Patiala,station,dual18,93,spike,1.0,transient,0.0
Patiala,station,dual18,93,spike,1.0,transient,0.0
Patiala,station,dual18,93,spike,1.0,transient,0.0
Patiala,station,dual18,93,spike,1.0,transient,0.0
Patiala,station,dual18,93,spike,1.0,transient,0.0
Patiala,station,dual18,93,drift,1.0,persistent,5.0
Patiala,station,dual18,93,drift,1.0,persistent,0.0
Patiala,station,dual18,93,drift,0.0,persistent,
Patiala,station,dual18,93,drift,1.0,persistent,0.0
Patiala,station,dual18,93,drift,0.0,persistent,
Patiala,station,dual18,93,drift,1.0,persistent,9.0
Patiala,station,dual18,93,bias,0.0,persistent,
Patiala,station,dual18,93,bias,0.0,persistent,
Patiala,station,dual18,93,bias,0.0,persistent,
Patiala,station,dual18,93,bias,0.0,persistent,
Patiala,station,dual18,93,bias,0.0,persistent,
Patiala,station,dual18,93,bias,1.0,persistent,4.0
Patiala,station,dual18,93,stuck_at,1.0,persistent,0.0
Patiala,station,dual18,93,stuck_at,1.0,persistent,0.0
Patiala,station,dual18,93,stuck_at,1.0,persistent,0.0
Patiala,station,dual18,93,stuck_at,1.0,persistent,0.0
Patiala,station,dual18,93,stuck_at,1.0,persistent,0.0
Patiala,station,dual18,93,stuck_at,1.0,persistent,0.0
Patiala,station,dual18,93,noise_burst,1.0,persistent,4.0
Patiala,station,dual18,93,noise_burst,0.0,persistent,
Patiala,station,dual18,93,noise_burst,1.0,persistent,2.0
Patiala,station,dual18,93,noise_burst,1.0,persistent,1.0
Patiala,station,dual18,93,noise_burst,1.0,persistent,4.0
Patiala,station,dual18,93,noise_burst,1.0,persistent,1.0
Patiala,station,dual18,93,intermittent_spikes,1.0,transient,0.0
Patiala,station,dual18,93,intermittent_spikes,0.0,transient,
Patiala,station,dual18,93,intermittent_spikes,1.0,transient,0.0
Patiala,station,dual18,93,intermittent_spikes,1.0,transient,2.0
Patiala,station,dual18,93,intermittent_spikes,1.0,transient,0.0
Patiala,station,dual18,93,intermittent_spikes,1.0,transient,13.0
Patiala,station,dual18,93,drift_plus_noise,1.0,persistent,10.0
Patiala,station,dual18,93,drift_plus_noise,1.0,persistent,3.0
Patiala,station,dual18,93,drift_plus_noise,0.0,persistent,
Patiala,station,dual18,93,bias_plus_spikes,0.0,persistent,
Patiala,station,dual18,93,bias_plus_spikes,1.0,persistent,1.0
Patiala,station,dual18,93,bias_plus_spikes,1.0,persistent,3.0
Guwahati,in_domain,baseline16,71,spike,1.0,transient,0.0
Guwahati,in_domain,baseline16,71,spike,1.0,transient,0.0
Guwahati,in_domain,baseline16,71,spike,1.0,transient,0.0
Guwahati,in_domain,baseline16,71,spike,1.0,transient,0.0
Guwahati,in_domain,baseline16,71,spike,1.0,transient,0.0
Guwahati,in_domain,baseline16,71,spike,1.0,transient,0.0
Guwahati,in_domain,baseline16,71,spike,1.0,transient,0.0
Guwahati,in_domain,baseline16,71,spike,0.0,transient,
Guwahati,in_domain,baseline16,71,spike,0.0,transient,
Guwahati,in_domain,baseline16,71,spike,1.0,transient,0.0
Guwahati,in_domain,baseline16,71,spike,1.0,transient,0.0
Guwahati,in_domain,baseline16,71,spike,1.0,transient,0.0
Guwahati,in_domain,baseline16,71,spike,1.0,transient,0.0
Guwahati,in_domain,baseline16,71,spike,1.0,transient,0.0
Guwahati,in_domain,baseline16,71,spike,1.0,transient,0.0
Guwahati,in_domain,baseline16,71,spike,1.0,transient,0.0
Guwahati,in_domain,baseline16,71,spike,1.0,transient,0.0
Guwahati,in_domain,baseline16,71,spike,1.0,transient,0.0
Guwahati,in_domain,baseline16,71,spike,1.0,transient,0.0
Guwahati,in_domain,baseline16,71,spike,1.0,transient,0.0
Guwahati,in_domain,baseline16,71,spike,1.0,transient,0.0
Guwahati,in_domain,baseline16,71,spike,0.0,transient,
Guwahati,in_domain,baseline16,71,spike,1.0,transient,0.0
Guwahati,in_domain,baseline16,71,drift,1.0,persistent,6.0
Guwahati,in_domain,baseline16,71,drift,1.0,persistent,1.0
Guwahati,in_domain,baseline16,71,drift,0.0,persistent,
Guwahati,in_domain,baseline16,71,drift,1.0,persistent,11.0
Guwahati,in_domain,baseline16,71,drift,1.0,persistent,10.0
Guwahati,in_domain,baseline16,71,drift,0.0,persistent,
Guwahati,in_domain,baseline16,71,bias,0.0,persistent,
Guwahati,in_domain,baseline16,71,bias,1.0,persistent,5.0
Guwahati,in_domain,baseline16,71,bias,0.0,persistent,
Guwahati,in_domain,baseline16,71,bias,0.0,persistent,
Guwahati,in_domain,baseline16,71,bias,1.0,persistent,4.0
Guwahati,in_domain,baseline16,71,bias,0.0,persistent,
Guwahati,in_domain,baseline16,71,stuck_at,1.0,persistent,0.0
Guwahati,in_domain,baseline16,71,stuck_at,0.0,persistent,
Guwahati,in_domain,baseline16,71,stuck_at,1.0,persistent,0.0
Guwahati,in_domain,baseline16,71,stuck_at,1.0,persistent,0.0
Guwahati,in_domain,baseline16,71,stuck_at,1.0,persistent,0.0
Guwahati,in_domain,baseline16,71,stuck_at,1.0,persistent,0.0
Guwahati,in_domain,baseline16,71,noise_burst,1.0,persistent,3.0
Guwahati,in_domain,baseline16,71,noise_burst,1.0,persistent,6.0
Guwahati,in_domain,baseline16,71,noise_burst,1.0,persistent,0.0
Guwahati,in_domain,baseline16,71,noise_burst,1.0,persistent,0.0
Guwahati,in_domain,baseline16,71,noise_burst,1.0,persistent,0.0
Guwahati,in_domain,baseline16,71,noise_burst,1.0,persistent,1.0
Guwahati,in_domain,baseline16,71,intermittent_spikes,1.0,transient,0.0
Guwahati,in_domain,baseline16,71,intermittent_spikes,1.0,transient,0.0
Guwahati,in_domain,baseline16,71,intermittent_spikes,1.0,transient,0.0
Guwahati,in_domain,baseline16,71,intermittent_spikes,1.0,transient,0.0
Guwahati,in_domain,baseline16,71,intermittent_spikes,1.0,transient,0.0
Guwahati,in_domain,baseline16,71,intermittent_spikes,1.0,transient,0.0
Guwahati,in_domain,baseline16,71,drift_plus_noise,1.0,persistent,8.0
Guwahati,in_domain,baseline16,71,drift_plus_noise,1.0,persistent,1.0
Guwahati,in_domain,baseline16,71,drift_plus_noise,1.0,persistent,9.0
Guwahati,in_domain,baseline16,71,bias_plus_spikes,1.0,persistent,6.0
Guwahati,in_domain,baseline16,71,bias_plus_spikes,1.0,persistent,0.0
Guwahati,in_domain,baseline16,71,bias_plus_spikes,1.0,persistent,2.0
Guwahati,temporal,baseline16,71,spike,1.0,transient,0.0
Guwahati,temporal,baseline16,71,spike,1.0,transient,0.0
Guwahati,temporal,baseline16,71,spike,1.0,transient,0.0
Guwahati,temporal,baseline16,71,spike,1.0,transient,0.0
Guwahati,temporal,baseline16,71,spike,1.0,transient,0.0
Guwahati,temporal,baseline16,71,spike,1.0,transient,0.0
Guwahati,temporal,baseline16,71,spike,0.0,transient,
Guwahati,temporal,baseline16,71,spike,1.0,transient,0.0
Guwahati,temporal,baseline16,71,spike,0.0,transient,
Guwahati,temporal,baseline16,71,spike,1.0,transient,0.0
Guwahati,temporal,baseline16,71,spike,0.0,transient,
Guwahati,temporal,baseline16,71,spike,0.0,transient,
Guwahati,temporal,baseline16,71,spike,1.0,transient,0.0
Guwahati,temporal,baseline16,71,spike,1.0,transient,0.0
Guwahati,temporal,baseline16,71,spike,1.0,transient,0.0
Guwahati,temporal,baseline16,71,spike,1.0,transient,0.0
Guwahati,temporal,baseline16,71,spike,1.0,transient,0.0
Guwahati,temporal,baseline16,71,spike,1.0,transient,0.0
Guwahati,temporal,baseline16,71,spike,0.0,transient,
Guwahati,temporal,baseline16,71,spike,1.0,transient,0.0
Guwahati,temporal,baseline16,71,spike,1.0,transient,0.0
Guwahati,temporal,baseline16,71,spike,1.0,transient,0.0
Guwahati,temporal,baseline16,71,spike,0.0,transient,
Guwahati,temporal,baseline16,71,spike,0.0,transient,
Guwahati,temporal,baseline16,71,drift,0.0,persistent,
Guwahati,temporal,baseline16,71,drift,1.0,persistent,11.0
Guwahati,temporal,baseline16,71,drift,1.0,persistent,4.0
Guwahati,temporal,baseline16,71,drift,1.0,persistent,12.0
Guwahati,temporal,baseline16,71,drift,1.0,persistent,6.0
Guwahati,temporal,baseline16,71,drift,1.0,persistent,0.0
Guwahati,temporal,baseline16,71,bias,0.0,persistent,
Guwahati,temporal,baseline16,71,bias,0.0,persistent,
Guwahati,temporal,baseline16,71,bias,1.0,persistent,10.0
Guwahati,temporal,baseline16,71,bias,0.0,persistent,
Guwahati,temporal,baseline16,71,bias,1.0,persistent,3.0
Guwahati,temporal,baseline16,71,bias,0.0,persistent,
Guwahati,temporal,baseline16,71,stuck_at,1.0,persistent,0.0
Guwahati,temporal,baseline16,71,stuck_at,0.0,persistent,
Guwahati,temporal,baseline16,71,stuck_at,1.0,persistent,0.0
Guwahati,temporal,baseline16,71,stuck_at,1.0,persistent,0.0
Guwahati,temporal,baseline16,71,stuck_at,1.0,persistent,0.0
Guwahati,temporal,baseline16,71,stuck_at,1.0,persistent,0.0
Guwahati,temporal,baseline16,71,noise_burst,1.0,persistent,1.0
Guwahati,temporal,baseline16,71,noise_burst,1.0,persistent,5.0
Guwahati,temporal,baseline16,71,noise_burst,0.0,persistent,
Guwahati,temporal,baseline16,71,noise_burst,1.0,persistent,0.0
Guwahati,temporal,baseline16,71,noise_burst,1.0,persistent,0.0
Guwahati,temporal,baseline16,71,noise_burst,1.0,persistent,0.0
Guwahati,temporal,baseline16,71,intermittent_spikes,1.0,transient,0.0
Guwahati,temporal,baseline16,71,intermittent_spikes,0.0,transient,
Guwahati,temporal,baseline16,71,intermittent_spikes,1.0,transient,0.0
Guwahati,temporal,baseline16,71,intermittent_spikes,1.0,transient,0.0
Guwahati,temporal,baseline16,71,intermittent_spikes,1.0,transient,0.0
Guwahati,temporal,baseline16,71,intermittent_spikes,1.0,transient,0.0
Guwahati,temporal,baseline16,71,drift_plus_noise,1.0,persistent,8.0
Guwahati,temporal,baseline16,71,drift_plus_noise,0.0,persistent,
Guwahati,temporal,baseline16,71,drift_plus_noise,1.0,persistent,7.0
Guwahati,temporal,baseline16,71,bias_plus_spikes,1.0,persistent,0.0
Guwahati,temporal,baseline16,71,bias_plus_spikes,1.0,persistent,7.0
Guwahati,temporal,baseline16,71,bias_plus_spikes,1.0,persistent,0.0
Guwahati,station,baseline16,71,spike,1.0,transient,0.0
Guwahati,station,baseline16,71,spike,0.0,transient,
Guwahati,station,baseline16,71,spike,1.0,transient,0.0
Guwahati,station,baseline16,71,spike,1.0,transient,0.0
Guwahati,station,baseline16,71,spike,1.0,transient,0.0
Guwahati,station,baseline16,71,spike,1.0,transient,0.0
Guwahati,station,baseline16,71,spike,0.0,transient,
Guwahati,station,baseline16,71,spike,1.0,transient,0.0
Guwahati,station,baseline16,71,spike,0.0,transient,
Guwahati,station,baseline16,71,spike,1.0,transient,0.0
Guwahati,station,baseline16,71,spike,0.0,transient,
Guwahati,station,baseline16,71,spike,1.0,transient,0.0
Guwahati,station,baseline16,71,spike,1.0,transient,0.0
Guwahati,station,baseline16,71,spike,1.0,transient,0.0
Guwahati,station,baseline16,71,spike,1.0,transient,0.0
Guwahati,station,baseline16,71,spike,1.0,transient,0.0
Guwahati,station,baseline16,71,spike,1.0,transient,0.0
Guwahati,station,baseline16,71,spike,1.0,transient,0.0
Guwahati,station,baseline16,71,spike,1.0,transient,0.0
Guwahati,station,baseline16,71,spike,1.0,transient,0.0
Guwahati,station,baseline16,71,spike,1.0,transient,0.0
Guwahati,station,baseline16,71,spike,1.0,transient,0.0
Guwahati,station,baseline16,71,spike,0.0,transient,
Guwahati,station,baseline16,71,spike,0.0,transient,
Guwahati,station,baseline16,71,drift,0.0,persistent,
Guwahati,station,baseline16,71,drift,1.0,persistent,9.0
Guwahati,station,baseline16,71,drift,1.0,persistent,4.0
Guwahati,station,baseline16,71,drift,1.0,persistent,12.0
Guwahati,station,baseline16,71,drift,1.0,persistent,6.0
Guwahati,station,baseline16,71,drift,1.0,persistent,0.0
Guwahati,station,baseline16,71,bias,0.0,persistent,
Guwahati,station,baseline16,71,bias,0.0,persistent,
Guwahati,station,baseline16,71,bias,0.0,persistent,
Guwahati,station,baseline16,71,bias,0.0,persistent,
Guwahati,station,baseline16,71,bias,1.0,persistent,3.0
Guwahati,station,baseline16,71,bias,0.0,persistent,
Guwahati,station,baseline16,71,stuck_at,1.0,persistent,0.0
Guwahati,station,baseline16,71,stuck_at,0.0,persistent,
Guwahati,station,baseline16,71,stuck_at,1.0,persistent,0.0
Guwahati,station,baseline16,71,stuck_at,1.0,persistent,0.0
Guwahati,station,baseline16,71,stuck_at,1.0,persistent,0.0
Guwahati,station,baseline16,71,stuck_at,1.0,persistent,0.0
Guwahati,station,baseline16,71,noise_burst,0.0,persistent,
Guwahati,station,baseline16,71,noise_burst,1.0,persistent,5.0
Guwahati,station,baseline16,71,noise_burst,0.0,persistent,
Guwahati,station,baseline16,71,noise_burst,1.0,persistent,0.0
Guwahati,station,baseline16,71,noise_burst,1.0,persistent,0.0
Guwahati,station,baseline16,71,noise_burst,1.0,persistent,0.0
Guwahati,station,baseline16,71,intermittent_spikes,1.0,transient,0.0
Guwahati,station,baseline16,71,intermittent_spikes,0.0,transient,
Guwahati,station,baseline16,71,intermittent_spikes,1.0,transient,0.0
Guwahati,station,baseline16,71,intermittent_spikes,1.0,transient,0.0
Guwahati,station,baseline16,71,intermittent_spikes,1.0,transient,0.0
Guwahati,station,baseline16,71,intermittent_spikes,1.0,transient,13.0
Guwahati,station,baseline16,71,drift_plus_noise,1.0,persistent,8.0
Guwahati,station,baseline16,71,drift_plus_noise,0.0,persistent,
Guwahati,station,baseline16,71,drift_plus_noise,1.0,persistent,7.0
Guwahati,station,baseline16,71,bias_plus_spikes,1.0,persistent,0.0
Guwahati,station,baseline16,71,bias_plus_spikes,1.0,persistent,12.0
Guwahati,station,baseline16,71,bias_plus_spikes,1.0,persistent,0.0
Guwahati,in_domain,baseline16,82,spike,1.0,transient,0.0
Guwahati,in_domain,baseline16,82,spike,1.0,transient,0.0
Guwahati,in_domain,baseline16,82,spike,1.0,transient,0.0
Guwahati,in_domain,baseline16,82,spike,1.0,transient,0.0
Guwahati,in_domain,baseline16,82,spike,1.0,transient,0.0
Guwahati,in_domain,baseline16,82,spike,0.0,transient,
Guwahati,in_domain,baseline16,82,spike,1.0,transient,0.0
Guwahati,in_domain,baseline16,82,spike,0.0,transient,
Guwahati,in_domain,baseline16,82,spike,0.0,transient,
Guwahati,in_domain,baseline16,82,spike,1.0,transient,0.0
Guwahati,in_domain,baseline16,82,spike,1.0,transient,0.0
Guwahati,in_domain,baseline16,82,spike,1.0,transient,0.0
Guwahati,in_domain,baseline16,82,spike,1.0,transient,0.0
Guwahati,in_domain,baseline16,82,spike,1.0,transient,0.0
Guwahati,in_domain,baseline16,82,spike,1.0,transient,0.0
Guwahati,in_domain,baseline16,82,spike,1.0,transient,0.0
Guwahati,in_domain,baseline16,82,spike,0.0,transient,
Guwahati,in_domain,baseline16,82,spike,1.0,transient,0.0
Guwahati,in_domain,baseline16,82,spike,1.0,transient,0.0
Guwahati,in_domain,baseline16,82,spike,1.0,transient,0.0
Guwahati,in_domain,baseline16,82,spike,1.0,transient,0.0
Guwahati,in_domain,baseline16,82,spike,1.0,transient,0.0
Guwahati,in_domain,baseline16,82,spike,1.0,transient,0.0
Guwahati,in_domain,baseline16,82,spike,1.0,transient,0.0
Guwahati,in_domain,baseline16,82,drift,1.0,persistent,8.0
Guwahati,in_domain,baseline16,82,drift,1.0,persistent,5.0
Guwahati,in_domain,baseline16,82,drift,1.0,persistent,6.0
Guwahati,in_domain,baseline16,82,drift,1.0,persistent,10.0
Guwahati,in_domain,baseline16,82,drift,1.0,persistent,10.0
Guwahati,in_domain,baseline16,82,drift,0.0,persistent,
Guwahati,in_domain,baseline16,82,bias,0.0,persistent,
Guwahati,in_domain,baseline16,82,bias,1.0,persistent,6.0
Guwahati,in_domain,baseline16,82,bias,0.0,persistent,
Guwahati,in_domain,baseline16,82,bias,0.0,persistent,
Guwahati,in_domain,baseline16,82,bias,0.0,persistent,
Guwahati,in_domain,baseline16,82,bias,0.0,persistent,
Guwahati,in_domain,baseline16,82,stuck_at,1.0,persistent,0.0
Guwahati,in_domain,baseline16,82,stuck_at,1.0,persistent,0.0
Guwahati,in_domain,baseline16,82,stuck_at,1.0,persistent,0.0
Guwahati,in_domain,baseline16,82,stuck_at,1.0,persistent,0.0
Guwahati,in_domain,baseline16,82,stuck_at,1.0,persistent,0.0
Guwahati,in_domain,baseline16,82,stuck_at,1.0,persistent,0.0
Guwahati,in_domain,baseline16,82,noise_burst,1.0,persistent,2.0
Guwahati,in_domain,baseline16,82,noise_burst,1.0,persistent,0.0
Guwahati,in_domain,baseline16,82,noise_burst,1.0,persistent,7.0
Guwahati,in_domain,baseline16,82,noise_burst,1.0,persistent,1.0
Guwahati,in_domain,baseline16,82,noise_burst,1.0,persistent,0.0
Guwahati,in_domain,baseline16,82,noise_burst,1.0,persistent,1.0
Guwahati,in_domain,baseline16,82,intermittent_spikes,1.0,transient,0.0
Guwahati,in_domain,baseline16,82,intermittent_spikes,1.0,transient,5.0
Guwahati,in_domain,baseline16,82,intermittent_spikes,1.0,transient,0.0
Guwahati,in_domain,baseline16,82,intermittent_spikes,1.0,transient,0.0
Guwahati,in_domain,baseline16,82,intermittent_spikes,1.0,transient,0.0
Guwahati,in_domain,baseline16,82,intermittent_spikes,1.0,transient,0.0
Guwahati,in_domain,baseline16,82,drift_plus_noise,0.0,persistent,
Guwahati,in_domain,baseline16,82,drift_plus_noise,1.0,persistent,0.0
Guwahati,in_domain,baseline16,82,drift_plus_noise,1.0,persistent,8.0
Guwahati,in_domain,baseline16,82,bias_plus_spikes,1.0,persistent,0.0
Guwahati,in_domain,baseline16,82,bias_plus_spikes,1.0,persistent,0.0
Guwahati,in_domain,baseline16,82,bias_plus_spikes,1.0,persistent,0.0
Guwahati,temporal,baseline16,82,spike,1.0,transient,0.0
Guwahati,temporal,baseline16,82,spike,1.0,transient,0.0
Guwahati,temporal,baseline16,82,spike,1.0,transient,0.0
Guwahati,temporal,baseline16,82,spike,1.0,transient,0.0
Guwahati,temporal,baseline16,82,spike,0.0,transient,
Guwahati,temporal,baseline16,82,spike,1.0,transient,0.0
Guwahati,temporal,baseline16,82,spike,1.0,transient,0.0
Guwahati,temporal,baseline16,82,spike,0.0,transient,
Guwahati,temporal,baseline16,82,spike,0.0,transient,
Guwahati,temporal,baseline16,82,spike,1.0,transient,0.0
Guwahati,temporal,baseline16,82,spike,1.0,transient,0.0
Guwahati,temporal,baseline16,82,spike,0.0,transient,
Guwahati,temporal,baseline16,82,spike,1.0,transient,0.0
Guwahati,temporal,baseline16,82,spike,1.0,transient,0.0
Guwahati,temporal,baseline16,82,spike,1.0,transient,0.0
Guwahati,temporal,baseline16,82,spike,1.0,transient,0.0
Guwahati,temporal,baseline16,82,spike,1.0,transient,0.0
Guwahati,temporal,baseline16,82,spike,1.0,transient,0.0
Guwahati,temporal,baseline16,82,spike,1.0,transient,0.0
Guwahati,temporal,baseline16,82,spike,1.0,transient,0.0
Guwahati,temporal,baseline16,82,spike,1.0,transient,0.0
Guwahati,temporal,baseline16,82,spike,1.0,transient,0.0
Guwahati,temporal,baseline16,82,spike,0.0,transient,
Guwahati,temporal,baseline16,82,drift,1.0,persistent,7.0
Guwahati,temporal,baseline16,82,drift,1.0,persistent,7.0
Guwahati,temporal,baseline16,82,drift,1.0,persistent,5.0
Guwahati,temporal,baseline16,82,drift,1.0,persistent,0.0
Guwahati,temporal,baseline16,82,drift,0.0,persistent,
Guwahati,temporal,baseline16,82,drift,0.0,persistent,
Guwahati,temporal,baseline16,82,bias,0.0,persistent,
Guwahati,temporal,baseline16,82,bias,0.0,persistent,
Guwahati,temporal,baseline16,82,bias,0.0,persistent,
Guwahati,temporal,baseline16,82,bias,1.0,persistent,3.0
Guwahati,temporal,baseline16,82,bias,1.0,persistent,6.0
Guwahati,temporal,baseline16,82,bias,1.0,persistent,2.0
Guwahati,temporal,baseline16,82,stuck_at,1.0,persistent,0.0
Guwahati,temporal,baseline16,82,stuck_at,1.0,persistent,0.0
Guwahati,temporal,baseline16,82,stuck_at,0.0,persistent,
Guwahati,temporal,baseline16,82,stuck_at,1.0,persistent,0.0
Guwahati,temporal,baseline16,82,stuck_at,1.0,persistent,0.0
Guwahati,temporal,baseline16,82,stuck_at,1.0,persistent,0.0
Guwahati,temporal,baseline16,82,noise_burst,0.0,persistent,
Guwahati,temporal,baseline16,82,noise_burst,1.0,persistent,0.0
Guwahati,temporal,baseline16,82,noise_burst,0.0,persistent,
Guwahati,temporal,baseline16,82,noise_burst,1.0,persistent,1.0
Guwahati,temporal,baseline16,82,noise_burst,1.0,persistent,0.0
Guwahati,temporal,baseline16,82,noise_burst,1.0,persistent,0.0
Guwahati,temporal,baseline16,82,intermittent_spikes,1.0,transient,3.0
Guwahati,temporal,baseline16,82,intermittent_spikes,1.0,transient,2.0
Guwahati,temporal,baseline16,82,intermittent_spikes,1.0,transient,0.0
Guwahati,temporal,baseline16,82,intermittent_spikes,1.0,transient,0.0
Guwahati,temporal,baseline16,82,intermittent_spikes,1.0,transient,0.0
Guwahati,temporal,baseline16,82,intermittent_spikes,1.0,transient,10.0
Guwahati,temporal,baseline16,82,drift_plus_noise,1.0,persistent,1.0
Guwahati,temporal,baseline16,82,drift_plus_noise,1.0,persistent,2.0
Guwahati,temporal,baseline16,82,drift_plus_noise,0.0,persistent,
Guwahati,temporal,baseline16,82,bias_plus_spikes,1.0,persistent,0.0
Guwahati,temporal,baseline16,82,bias_plus_spikes,1.0,persistent,0.0
Guwahati,temporal,baseline16,82,bias_plus_spikes,1.0,persistent,6.0
Guwahati,station,baseline16,82,spike,1.0,transient,0.0
Guwahati,station,baseline16,82,spike,1.0,transient,0.0
Guwahati,station,baseline16,82,spike,1.0,transient,0.0
Guwahati,station,baseline16,82,spike,1.0,transient,0.0
Guwahati,station,baseline16,82,spike,0.0,transient,
Guwahati,station,baseline16,82,spike,1.0,transient,0.0
Guwahati,station,baseline16,82,spike,1.0,transient,0.0
Guwahati,station,baseline16,82,spike,0.0,transient,
Guwahati,station,baseline16,82,spike,0.0,transient,
Guwahati,station,baseline16,82,spike,1.0,transient,0.0
Guwahati,station,baseline16,82,spike,1.0,transient,0.0
Guwahati,station,baseline16,82,spike,0.0,transient,
Guwahati,station,baseline16,82,spike,1.0,transient,0.0
Guwahati,station,baseline16,82,spike,1.0,transient,0.0
Guwahati,station,baseline16,82,spike,0.0,transient,
Guwahati,station,baseline16,82,spike,1.0,transient,0.0
Guwahati,station,baseline16,82,spike,1.0,transient,0.0
Guwahati,station,baseline16,82,spike,1.0,transient,0.0
Guwahati,station,baseline16,82,spike,1.0,transient,0.0
Guwahati,station,baseline16,82,spike,1.0,transient,0.0
Guwahati,station,baseline16,82,spike,1.0,transient,0.0
Guwahati,station,baseline16,82,spike,0.0,transient,
Guwahati,station,baseline16,82,spike,0.0,transient,
Guwahati,station,baseline16,82,drift,1.0,persistent,6.0
Guwahati,station,baseline16,82,drift,1.0,persistent,7.0
Guwahati,station,baseline16,82,drift,1.0,persistent,5.0
Guwahati,station,baseline16,82,drift,1.0,persistent,0.0
Guwahati,station,baseline16,82,drift,1.0,persistent,12.0
Guwahati,station,baseline16,82,drift,0.0,persistent,
Guwahati,station,baseline16,82,bias,0.0,persistent,
Guwahati,station,baseline16,82,bias,0.0,persistent,
Guwahati,station,baseline16,82,bias,0.0,persistent,
Guwahati,station,baseline16,82,bias,1.0,persistent,10.0
Guwahati,station,baseline16,82,bias,1.0,persistent,6.0
Guwahati,station,baseline16,82,bias,1.0,persistent,2.0
Guwahati,station,baseline16,82,stuck_at,1.0,persistent,0.0
Guwahati,station,baseline16,82,stuck_at,1.0,persistent,0.0
Guwahati,station,baseline16,82,stuck_at,0.0,persistent,
Guwahati,station,baseline16,82,stuck_at,1.0,persistent,0.0
Guwahati,station,baseline16,82,stuck_at,1.0,persistent,0.0
Guwahati,station,baseline16,82,stuck_at,1.0,persistent,0.0
Guwahati,station,baseline16,82,noise_burst,0.0,persistent,
Guwahati,station,baseline16,82,noise_burst,1.0,persistent,0.0
Guwahati,station,baseline16,82,noise_burst,0.0,persistent,
Guwahati,station,baseline16,82,noise_burst,1.0,persistent,1.0
Guwahati,station,baseline16,82,noise_burst,1.0,persistent,0.0
Guwahati,station,baseline16,82,noise_burst,1.0,persistent,0.0
Guwahati,station,baseline16,82,intermittent_spikes,1.0,transient,0.0
Guwahati,station,baseline16,82,intermittent_spikes,1.0,transient,0.0
Guwahati,station,baseline16,82,intermittent_spikes,1.0,transient,0.0
Guwahati,station,baseline16,82,intermittent_spikes,1.0,transient,7.0
Guwahati,station,baseline16,82,intermittent_spikes,1.0,transient,0.0
Guwahati,station,baseline16,82,intermittent_spikes,1.0,transient,10.0
Guwahati,station,baseline16,82,drift_plus_noise,1.0,persistent,1.0
Guwahati,station,baseline16,82,drift_plus_noise,1.0,persistent,2.0
Guwahati,station,baseline16,82,drift_plus_noise,0.0,persistent,
Guwahati,station,baseline16,82,bias_plus_spikes,1.0,persistent,0.0
Guwahati,station,baseline16,82,bias_plus_spikes,1.0,persistent,0.0
Guwahati,station,baseline16,82,bias_plus_spikes,0.0,persistent,
Guwahati,in_domain,baseline16,93,spike,1.0,transient,0.0
Guwahati,in_domain,baseline16,93,spike,1.0,transient,0.0
Guwahati,in_domain,baseline16,93,spike,1.0,transient,0.0
Guwahati,in_domain,baseline16,93,spike,1.0,transient,0.0
Guwahati,in_domain,baseline16,93,spike,1.0,transient,0.0
Guwahati,in_domain,baseline16,93,spike,1.0,transient,0.0
Guwahati,in_domain,baseline16,93,spike,0.0,transient,
Guwahati,in_domain,baseline16,93,spike,0.0,transient,
Guwahati,in_domain,baseline16,93,spike,0.0,transient,
Guwahati,in_domain,baseline16,93,spike,1.0,transient,0.0
Guwahati,in_domain,baseline16,93,spike,1.0,transient,0.0
Guwahati,in_domain,baseline16,93,spike,1.0,transient,0.0
Guwahati,in_domain,baseline16,93,spike,1.0,transient,0.0
Guwahati,in_domain,baseline16,93,spike,1.0,transient,0.0
Guwahati,in_domain,baseline16,93,spike,1.0,transient,0.0
Guwahati,in_domain,baseline16,93,spike,1.0,transient,0.0
Guwahati,in_domain,baseline16,93,spike,1.0,transient,0.0
Guwahati,in_domain,baseline16,93,spike,1.0,transient,0.0
Guwahati,in_domain,baseline16,93,spike,1.0,transient,1.0
Guwahati,in_domain,baseline16,93,spike,1.0,transient,0.0
Guwahati,in_domain,baseline16,93,spike,1.0,transient,0.0
Guwahati,in_domain,baseline16,93,spike,1.0,transient,0.0
Guwahati,in_domain,baseline16,93,spike,1.0,transient,0.0
Guwahati,in_domain,baseline16,93,spike,1.0,transient,0.0
Guwahati,in_domain,baseline16,93,drift,1.0,persistent,3.0
Guwahati,in_domain,baseline16,93,drift,1.0,persistent,5.0
Guwahati,in_domain,baseline16,93,drift,1.0,persistent,10.0
Guwahati,in_domain,baseline16,93,drift,1.0,persistent,5.0
Guwahati,in_domain,baseline16,93,drift,0.0,persistent,
Guwahati,in_domain,baseline16,93,drift,1.0,persistent,9.0
Guwahati,in_domain,baseline16,93,bias,1.0,persistent,6.0
Guwahati,in_domain,baseline16,93,bias,1.0,persistent,7.0
Guwahati,in_domain,baseline16,93,bias,0.0,persistent,
Guwahati,in_domain,baseline16,93,bias,0.0,persistent,
Guwahati,in_domain,baseline16,93,bias,0.0,persistent,
Guwahati,in_domain,baseline16,93,bias,0.0,persistent,
Guwahati,in_domain,baseline16,93,stuck_at,1.0,persistent,0.0
Guwahati,in_domain,baseline16,93,stuck_at,1.0,persistent,0.0
Guwahati,in_domain,baseline16,93,stuck_at,1.0,persistent,0.0
Guwahati,in_domain,baseline16,93,stuck_at,1.0,persistent,0.0
Guwahati,in_domain,baseline16,93,stuck_at,1.0,persistent,0.0
Guwahati,in_domain,baseline16,93,stuck_at,1.0,persistent,0.0
Guwahati,in_domain,baseline16,93,noise_burst,0.0,persistent,
Guwahati,in_domain,baseline16,93,noise_burst,1.0,persistent,7.0
Guwahati,in_domain,baseline16,93,noise_burst,0.0,persistent,
Guwahati,in_domain,baseline16,93,noise_burst,1.0,persistent,3.0
Guwahati,in_domain,baseline16,93,noise_burst,1.0,persistent,0.0
Guwahati,in_domain,baseline16,93,noise_burst,1.0,persistent,2.0
Guwahati,in_domain,baseline16,93,intermittent_spikes,1.0,transient,0.0
Guwahati,in_domain,baseline16,93,intermittent_spikes,1.0,transient,0.0
Guwahati,in_domain,baseline16,93,intermittent_spikes,1.0,transient,0.0
Guwahati,in_domain,baseline16,93,intermittent_spikes,1.0,transient,0.0
Guwahati,in_domain,baseline16,93,intermittent_spikes,1.0,transient,0.0
Guwahati,in_domain,baseline16,93,intermittent_spikes,1.0,transient,13.0
Guwahati,in_domain,baseline16,93,drift_plus_noise,1.0,persistent,4.0
Guwahati,in_domain,baseline16,93,drift_plus_noise,1.0,persistent,3.0
Guwahati,in_domain,baseline16,93,drift_plus_noise,0.0,persistent,
Guwahati,in_domain,baseline16,93,bias_plus_spikes,1.0,persistent,0.0
Guwahati,in_domain,baseline16,93,bias_plus_spikes,1.0,persistent,1.0
Guwahati,in_domain,baseline16,93,bias_plus_spikes,1.0,persistent,0.0
Guwahati,temporal,baseline16,93,spike,1.0,transient,0.0
Guwahati,temporal,baseline16,93,spike,1.0,transient,0.0
Guwahati,temporal,baseline16,93,spike,1.0,transient,0.0
Guwahati,temporal,baseline16,93,spike,1.0,transient,0.0
Guwahati,temporal,baseline16,93,spike,1.0,transient,0.0
Guwahati,temporal,baseline16,93,spike,1.0,transient,0.0
Guwahati,temporal,baseline16,93,spike,0.0,transient,
Guwahati,temporal,baseline16,93,spike,1.0,transient,0.0
Guwahati,temporal,baseline16,93,spike,0.0,transient,
Guwahati,temporal,baseline16,93,spike,0.0,transient,
Guwahati,temporal,baseline16,93,spike,1.0,transient,0.0
Guwahati,temporal,baseline16,93,spike,1.0,transient,0.0
Guwahati,temporal,baseline16,93,spike,1.0,transient,0.0
Guwahati,temporal,baseline16,93,spike,1.0,transient,0.0
Guwahati,temporal,baseline16,93,spike,1.0,transient,0.0
Guwahati,temporal,baseline16,93,spike,1.0,transient,0.0
Guwahati,temporal,baseline16,93,spike,1.0,transient,0.0
Guwahati,temporal,baseline16,93,spike,1.0,transient,0.0
Guwahati,temporal,baseline16,93,spike,1.0,transient,0.0
Guwahati,temporal,baseline16,93,spike,1.0,transient,0.0
Guwahati,temporal,baseline16,93,spike,1.0,transient,0.0
Guwahati,temporal,baseline16,93,spike,1.0,transient,0.0
Guwahati,temporal,baseline16,93,spike,1.0,transient,0.0
Guwahati,temporal,baseline16,93,spike,0.0,transient,
Guwahati,temporal,baseline16,93,drift,1.0,persistent,2.0
Guwahati,temporal,baseline16,93,drift,1.0,persistent,0.0
Guwahati,temporal,baseline16,93,drift,0.0,persistent,
Guwahati,temporal,baseline16,93,drift,0.0,persistent,
Guwahati,temporal,baseline16,93,drift,1.0,persistent,3.0
Guwahati,temporal,baseline16,93,drift,1.0,persistent,10.0
Guwahati,temporal,baseline16,93,bias,1.0,persistent,7.0
Guwahati,temporal,baseline16,93,bias,1.0,persistent,1.0
Guwahati,temporal,baseline16,93,bias,1.0,persistent,0.0
Guwahati,temporal,baseline16,93,bias,0.0,persistent,
Guwahati,temporal,baseline16,93,bias,0.0,persistent,
Guwahati,temporal,baseline16,93,bias,0.0,persistent,
Guwahati,temporal,baseline16,93,stuck_at,1.0,persistent,0.0
Guwahati,temporal,baseline16,93,stuck_at,1.0,persistent,0.0
Guwahati,temporal,baseline16,93,stuck_at,1.0,persistent,0.0
Guwahati,temporal,baseline16,93,stuck_at,1.0,persistent,0.0
Guwahati,temporal,baseline16,93,stuck_at,1.0,persistent,0.0
Guwahati,temporal,baseline16,93,stuck_at,1.0,persistent,0.0
Guwahati,temporal,baseline16,93,noise_burst,0.0,persistent,
Guwahati,temporal,baseline16,93,noise_burst,1.0,persistent,4.0
Guwahati,temporal,baseline16,93,noise_burst,0.0,persistent,
Guwahati,temporal,baseline16,93,noise_burst,1.0,persistent,0.0
Guwahati,temporal,baseline16,93,noise_burst,1.0,persistent,0.0
Guwahati,temporal,baseline16,93,noise_burst,1.0,persistent,1.0
Guwahati,temporal,baseline16,93,intermittent_spikes,1.0,transient,2.0
Guwahati,temporal,baseline16,93,intermittent_spikes,1.0,transient,0.0
Guwahati,temporal,baseline16,93,intermittent_spikes,1.0,transient,0.0
Guwahati,temporal,baseline16,93,intermittent_spikes,1.0,transient,2.0
Guwahati,temporal,baseline16,93,intermittent_spikes,1.0,transient,0.0
Guwahati,temporal,baseline16,93,intermittent_spikes,1.0,transient,13.0
Guwahati,temporal,baseline16,93,drift_plus_noise,1.0,persistent,5.0
Guwahati,temporal,baseline16,93,drift_plus_noise,1.0,persistent,0.0
Guwahati,temporal,baseline16,93,drift_plus_noise,1.0,persistent,1.0
Guwahati,temporal,baseline16,93,bias_plus_spikes,1.0,persistent,2.0
Guwahati,temporal,baseline16,93,bias_plus_spikes,1.0,persistent,1.0
Guwahati,temporal,baseline16,93,bias_plus_spikes,1.0,persistent,1.0
Guwahati,station,baseline16,93,spike,1.0,transient,0.0
Guwahati,station,baseline16,93,spike,1.0,transient,0.0
Guwahati,station,baseline16,93,spike,1.0,transient,0.0
Guwahati,station,baseline16,93,spike,0.0,transient,
Guwahati,station,baseline16,93,spike,1.0,transient,0.0
Guwahati,station,baseline16,93,spike,1.0,transient,0.0
Guwahati,station,baseline16,93,spike,0.0,transient,
Guwahati,station,baseline16,93,spike,0.0,transient,
Guwahati,station,baseline16,93,spike,0.0,transient,
Guwahati,station,baseline16,93,spike,1.0,transient,0.0
Guwahati,station,baseline16,93,spike,1.0,transient,0.0
Guwahati,station,baseline16,93,spike,0.0,transient,
Guwahati,station,baseline16,93,spike,1.0,transient,0.0
Guwahati,station,baseline16,93,spike,1.0,transient,0.0
Guwahati,station,baseline16,93,spike,1.0,transient,0.0
Guwahati,station,baseline16,93,spike,1.0,transient,0.0
Guwahati,station,baseline16,93,spike,1.0,transient,0.0
Guwahati,station,baseline16,93,spike,1.0,transient,0.0
Guwahati,station,baseline16,93,spike,1.0,transient,0.0
Guwahati,station,baseline16,93,spike,1.0,transient,0.0
Guwahati,station,baseline16,93,spike,1.0,transient,0.0
Guwahati,station,baseline16,93,spike,1.0,transient,0.0
Guwahati,station,baseline16,93,spike,1.0,transient,0.0
Guwahati,station,baseline16,93,spike,0.0,transient,
Guwahati,station,baseline16,93,drift,0.0,persistent,
Guwahati,station,baseline16,93,drift,1.0,persistent,7.0
Guwahati,station,baseline16,93,drift,0.0,persistent,
Guwahati,station,baseline16,93,drift,0.0,persistent,
Guwahati,station,baseline16,93,drift,1.0,persistent,3.0
Guwahati,station,baseline16,93,drift,1.0,persistent,10.0
Guwahati,station,baseline16,93,bias,1.0,persistent,6.0
Guwahati,station,baseline16,93,bias,1.0,persistent,1.0
Guwahati,station,baseline16,93,bias,1.0,persistent,12.0
Guwahati,station,baseline16,93,bias,0.0,persistent,
Guwahati,station,baseline16,93,bias,0.0,persistent,
Guwahati,station,baseline16,93,bias,0.0,persistent,
Guwahati,station,baseline16,93,stuck_at,1.0,persistent,0.0
Guwahati,station,baseline16,93,stuck_at,1.0,persistent,0.0
Guwahati,station,baseline16,93,stuck_at,1.0,persistent,0.0
Guwahati,station,baseline16,93,stuck_at,1.0,persistent,0.0
Guwahati,station,baseline16,93,stuck_at,1.0,persistent,0.0
Guwahati,station,baseline16,93,stuck_at,1.0,persistent,0.0
Guwahati,station,baseline16,93,noise_burst,0.0,persistent,
Guwahati,station,baseline16,93,noise_burst,1.0,persistent,1.0
Guwahati,station,baseline16,93,noise_burst,0.0,persistent,
Guwahati,station,baseline16,93,noise_burst,1.0,persistent,0.0
Guwahati,station,baseline16,93,noise_burst,1.0,persistent,2.0
Guwahati,station,baseline16,93,noise_burst,1.0,persistent,1.0
Guwahati,station,baseline16,93,intermittent_spikes,1.0,transient,0.0
Guwahati,station,baseline16,93,intermittent_spikes,1.0,transient,0.0
Guwahati,station,baseline16,93,intermittent_spikes,1.0,transient,0.0
Guwahati,station,baseline16,93,intermittent_spikes,1.0,transient,2.0
Guwahati,station,baseline16,93,intermittent_spikes,1.0,transient,0.0
Guwahati,station,baseline16,93,intermittent_spikes,1.0,transient,13.0
Guwahati,station,baseline16,93,drift_plus_noise,1.0,persistent,5.0
Guwahati,station,baseline16,93,drift_plus_noise,1.0,persistent,0.0
Guwahati,station,baseline16,93,drift_plus_noise,1.0,persistent,1.0
Guwahati,station,baseline16,93,bias_plus_spikes,1.0,persistent,2.0
Guwahati,station,baseline16,93,bias_plus_spikes,1.0,persistent,1.0
Guwahati,station,baseline16,93,bias_plus_spikes,0.0,persistent,
Guwahati,in_domain,dual18,71,spike,1.0,transient,0.0
Guwahati,in_domain,dual18,71,spike,1.0,transient,0.0
Guwahati,in_domain,dual18,71,spike,1.0,transient,0.0
Guwahati,in_domain,dual18,71,spike,1.0,transient,0.0
Guwahati,in_domain,dual18,71,spike,1.0,transient,0.0
Guwahati,in_domain,dual18,71,spike,1.0,transient,0.0
Guwahati,in_domain,dual18,71,spike,0.0,transient,
Guwahati,in_domain,dual18,71,spike,0.0,transient,
Guwahati,in_domain,dual18,71,spike,1.0,transient,0.0
Guwahati,in_domain,dual18,71,spike,1.0,transient,0.0
Guwahati,in_domain,dual18,71,spike,1.0,transient,0.0
Guwahati,in_domain,dual18,71,spike,1.0,transient,0.0
Guwahati,in_domain,dual18,71,spike,1.0,transient,0.0
Guwahati,in_domain,dual18,71,spike,1.0,transient,0.0
Guwahati,in_domain,dual18,71,spike,1.0,transient,0.0
Guwahati,in_domain,dual18,71,spike,1.0,transient,0.0
Guwahati,in_domain,dual18,71,spike,1.0,transient,0.0
Guwahati,in_domain,dual18,71,spike,1.0,transient,0.0
Guwahati,in_domain,dual18,71,spike,1.0,transient,0.0
Guwahati,in_domain,dual18,71,spike,1.0,transient,0.0
Guwahati,in_domain,dual18,71,spike,1.0,transient,0.0
Guwahati,in_domain,dual18,71,spike,0.0,transient,
Guwahati,in_domain,dual18,71,spike,1.0,transient,0.0
Guwahati,in_domain,dual18,71,drift,1.0,persistent,4.0
Guwahati,in_domain,dual18,71,drift,1.0,persistent,4.0
Guwahati,in_domain,dual18,71,drift,0.0,persistent,
Guwahati,in_domain,dual18,71,drift,1.0,persistent,7.0
Guwahati,in_domain,dual18,71,drift,1.0,persistent,10.0
Guwahati,in_domain,dual18,71,drift,1.0,persistent,5.0
Guwahati,in_domain,dual18,71,bias,1.0,persistent,5.0
Guwahati,in_domain,dual18,71,bias,1.0,persistent,0.0
Guwahati,in_domain,dual18,71,bias,1.0,persistent,9.0
Guwahati,in_domain,dual18,71,bias,0.0,persistent,
Guwahati,in_domain,dual18,71,bias,1.0,persistent,3.0
Guwahati,in_domain,dual18,71,bias,0.0,persistent,
Guwahati,in_domain,dual18,71,stuck_at,1.0,persistent,0.0
Guwahati,in_domain,dual18,71,stuck_at,0.0,persistent,
Guwahati,in_domain,dual18,71,stuck_at,1.0,persistent,0.0
Guwahati,in_domain,dual18,71,stuck_at,1.0,persistent,0.0
Guwahati,in_domain,dual18,71,stuck_at,1.0,persistent,0.0
Guwahati,in_domain,dual18,71,stuck_at,1.0,persistent,0.0
Guwahati,in_domain,dual18,71,noise_burst,1.0,persistent,3.0
Guwahati,in_domain,dual18,71,noise_burst,1.0,persistent,6.0
Guwahati,in_domain,dual18,71,noise_burst,1.0,persistent,0.0
Guwahati,in_domain,dual18,71,noise_burst,1.0,persistent,0.0
Guwahati,in_domain,dual18,71,noise_burst,1.0,persistent,0.0
Guwahati,in_domain,dual18,71,noise_burst,1.0,persistent,1.0
Guwahati,in_domain,dual18,71,intermittent_spikes,1.0,transient,0.0
Guwahati,in_domain,dual18,71,intermittent_spikes,1.0,transient,0.0
Guwahati,in_domain,dual18,71,intermittent_spikes,1.0,transient,0.0
Guwahati,in_domain,dual18,71,intermittent_spikes,1.0,transient,0.0
Guwahati,in_domain,dual18,71,intermittent_spikes,1.0,transient,0.0
Guwahati,in_domain,dual18,71,intermittent_spikes,1.0,transient,0.0
Guwahati,in_domain,dual18,71,drift_plus_noise,1.0,persistent,8.0
Guwahati,in_domain,dual18,71,drift_plus_noise,1.0,persistent,9.0
Guwahati,in_domain,dual18,71,drift_plus_noise,1.0,persistent,9.0
Guwahati,in_domain,dual18,71,bias_plus_spikes,1.0,persistent,6.0
Guwahati,in_domain,dual18,71,bias_plus_spikes,1.0,persistent,0.0
Guwahati,in_domain,dual18,71,bias_plus_spikes,1.0,persistent,2.0
Guwahati,temporal,dual18,71,spike,1.0,transient,0.0
Guwahati,temporal,dual18,71,spike,1.0,transient,0.0
Guwahati,temporal,dual18,71,spike,1.0,transient,0.0
Guwahati,temporal,dual18,71,spike,1.0,transient,0.0
Guwahati,temporal,dual18,71,spike,1.0,transient,0.0
Guwahati,temporal,dual18,71,spike,1.0,transient,0.0
Guwahati,temporal,dual18,71,spike,1.0,transient,0.0
Guwahati,temporal,dual18,71,spike,1.0,transient,0.0
Guwahati,temporal,dual18,71,spike,0.0,transient,
Guwahati,temporal,dual18,71,spike,1.0,transient,0.0
Guwahati,temporal,dual18,71,spike,0.0,transient,
Guwahati,temporal,dual18,71,spike,1.0,transient,0.0
Guwahati,temporal,dual18,71,spike,0.0,transient,
Guwahati,temporal,dual18,71,spike,1.0,transient,0.0
Guwahati,temporal,dual18,71,spike,1.0,transient,0.0
Guwahati,temporal,dual18,71,spike,1.0,transient,0.0
Guwahati,temporal,dual18,71,spike,1.0,transient,0.0
Guwahati,temporal,dual18,71,spike,1.0,transient,0.0
Guwahati,temporal,dual18,71,spike,1.0,transient,0.0
Guwahati,temporal,dual18,71,spike,1.0,transient,0.0
Guwahati,temporal,dual18,71,spike,1.0,transient,0.0
Guwahati,temporal,dual18,71,spike,1.0,transient,0.0
Guwahati,temporal,dual18,71,spike,0.0,transient,
Guwahati,temporal,dual18,71,spike,0.0,transient,
Guwahati,temporal,dual18,71,drift,1.0,persistent,14.0
Guwahati,temporal,dual18,71,drift,1.0,persistent,11.0
Guwahati,temporal,dual18,71,drift,1.0,persistent,4.0
Guwahati,temporal,dual18,71,drift,1.0,persistent,12.0
Guwahati,temporal,dual18,71,drift,1.0,persistent,10.0
Guwahati,temporal,dual18,71,drift,1.0,persistent,0.0
Guwahati,temporal,dual18,71,bias,0.0,persistent,
Guwahati,temporal,dual18,71,bias,0.0,persistent,
Guwahati,temporal,dual18,71,bias,1.0,persistent,8.0
Guwahati,temporal,dual18,71,bias,0.0,persistent,
Guwahati,temporal,dual18,71,bias,1.0,persistent,3.0
Guwahati,temporal,dual18,71,bias,0.0,persistent,
Guwahati,temporal,dual18,71,stuck_at,1.0,persistent,0.0
Guwahati,temporal,dual18,71,stuck_at,0.0,persistent,
Guwahati,temporal,dual18,71,stuck_at,1.0,persistent,0.0
Guwahati,temporal,dual18,71,stuck_at,1.0,persistent,0.0
Guwahati,temporal,dual18,71,stuck_at,1.0,persistent,0.0
Guwahati,temporal,dual18,71,stuck_at,1.0,persistent,0.0
Guwahati,temporal,dual18,71,noise_burst,0.0,persistent,
Guwahati,temporal,dual18,71,noise_burst,1.0,persistent,4.0
Guwahati,temporal,dual18,71,noise_burst,0.0,persistent,
Guwahati,temporal,dual18,71,noise_burst,1.0,persistent,0.0
Guwahati,temporal,dual18,71,noise_burst,1.0,persistent,0.0
Guwahati,temporal,dual18,71,noise_burst,1.0,persistent,0.0
Guwahati,temporal,dual18,71,intermittent_spikes,1.0,transient,0.0
Guwahati,temporal,dual18,71,intermittent_spikes,1.0,transient,2.0
Guwahati,temporal,dual18,71,intermittent_spikes,1.0,transient,0.0
Guwahati,temporal,dual18,71,intermittent_spikes,1.0,transient,0.0
Guwahati,temporal,dual18,71,intermittent_spikes,1.0,transient,0.0
Guwahati,temporal,dual18,71,intermittent_spikes,1.0,transient,13.0
Guwahati,temporal,dual18,71,drift_plus_noise,1.0,persistent,8.0
Guwahati,temporal,dual18,71,drift_plus_noise,0.0,persistent,
Guwahati,temporal,dual18,71,drift_plus_noise,1.0,persistent,0.0
Guwahati,temporal,dual18,71,bias_plus_spikes,1.0,persistent,0.0
Guwahati,temporal,dual18,71,bias_plus_spikes,1.0,persistent,7.0
Guwahati,temporal,dual18,71,bias_plus_spikes,1.0,persistent,0.0
Guwahati,station,dual18,71,spike,1.0,transient,0.0
Guwahati,station,dual18,71,spike,1.0,transient,0.0
Guwahati,station,dual18,71,spike,1.0,transient,0.0
Guwahati,station,dual18,71,spike,1.0,transient,0.0
Guwahati,station,dual18,71,spike,1.0,transient,0.0
Guwahati,station,dual18,71,spike,1.0,transient,0.0
Guwahati,station,dual18,71,spike,0.0,transient,
Guwahati,station,dual18,71,spike,1.0,transient,0.0
Guwahati,station,dual18,71,spike,0.0,transient,
Guwahati,station,dual18,71,spike,1.0,transient,0.0
Guwahati,station,dual18,71,spike,0.0,transient,
Guwahati,station,dual18,71,spike,1.0,transient,0.0
Guwahati,station,dual18,71,spike,0.0,transient,
Guwahati,station,dual18,71,spike,0.0,transient,
Guwahati,station,dual18,71,spike,1.0,transient,0.0
Guwahati,station,dual18,71,spike,1.0,transient,0.0
Guwahati,station,dual18,71,spike,1.0,transient,0.0
Guwahati,station,dual18,71,spike,1.0,transient,0.0
Guwahati,station,dual18,71,spike,1.0,transient,0.0
Guwahati,station,dual18,71,spike,1.0,transient,0.0
Guwahati,station,dual18,71,spike,1.0,transient,0.0
Guwahati,station,dual18,71,spike,1.0,transient,0.0
Guwahati,station,dual18,71,spike,0.0,transient,
Guwahati,station,dual18,71,spike,0.0,transient,
Guwahati,station,dual18,71,drift,1.0,persistent,11.0
Guwahati,station,dual18,71,drift,1.0,persistent,9.0
Guwahati,station,dual18,71,drift,1.0,persistent,4.0
Guwahati,station,dual18,71,drift,1.0,persistent,11.0
Guwahati,station,dual18,71,drift,1.0,persistent,12.0
Guwahati,station,dual18,71,drift,1.0,persistent,0.0
Guwahati,station,dual18,71,bias,0.0,persistent,
Guwahati,station,dual18,71,bias,0.0,persistent,
Guwahati,station,dual18,71,bias,1.0,persistent,10.0
Guwahati,station,dual18,71,bias,0.0,persistent,
Guwahati,station,dual18,71,bias,1.0,persistent,3.0
Guwahati,station,dual18,71,bias,0.0,persistent,
Guwahati,station,dual18,71,stuck_at,1.0,persistent,0.0
Guwahati,station,dual18,71,stuck_at,0.0,persistent,
Guwahati,station,dual18,71,stuck_at,1.0,persistent,0.0
Guwahati,station,dual18,71,stuck_at,1.0,persistent,0.0
Guwahati,station,dual18,71,stuck_at,1.0,persistent,0.0
Guwahati,station,dual18,71,stuck_at,1.0,persistent,0.0
Guwahati,station,dual18,71,noise_burst,0.0,persistent,
Guwahati,station,dual18,71,noise_burst,1.0,persistent,4.0
Guwahati,station,dual18,71,noise_burst,0.0,persistent,
Guwahati,station,dual18,71,noise_burst,1.0,persistent,0.0
Guwahati,station,dual18,71,noise_burst,1.0,persistent,1.0
Guwahati,station,dual18,71,noise_burst,1.0,persistent,0.0
Guwahati,station,dual18,71,intermittent_spikes,1.0,transient,0.0
Guwahati,station,dual18,71,intermittent_spikes,1.0,transient,0.0
Guwahati,station,dual18,71,intermittent_spikes,1.0,transient,0.0
Guwahati,station,dual18,71,intermittent_spikes,1.0,transient,0.0
Guwahati,station,dual18,71,intermittent_spikes,1.0,transient,0.0
Guwahati,station,dual18,71,intermittent_spikes,1.0,transient,13.0
Guwahati,station,dual18,71,drift_plus_noise,1.0,persistent,8.0
Guwahati,station,dual18,71,drift_plus_noise,0.0,persistent,
Guwahati,station,dual18,71,drift_plus_noise,1.0,persistent,0.0
Guwahati,station,dual18,71,bias_plus_spikes,1.0,persistent,0.0
Guwahati,station,dual18,71,bias_plus_spikes,0.0,persistent,
Guwahati,station,dual18,71,bias_plus_spikes,1.0,persistent,2.0
Guwahati,in_domain,dual18,82,spike,1.0,transient,0.0
Guwahati,in_domain,dual18,82,spike,1.0,transient,0.0
Guwahati,in_domain,dual18,82,spike,1.0,transient,0.0
Guwahati,in_domain,dual18,82,spike,1.0,transient,0.0
Guwahati,in_domain,dual18,82,spike,1.0,transient,0.0
Guwahati,in_domain,dual18,82,spike,1.0,transient,0.0
Guwahati,in_domain,dual18,82,spike,1.0,transient,0.0
Guwahati,in_domain,dual18,82,spike,0.0,transient,
Guwahati,in_domain,dual18,82,spike,0.0,transient,
Guwahati,in_domain,dual18,82,spike,1.0,transient,0.0
Guwahati,in_domain,dual18,82,spike,1.0,transient,0.0
Guwahati,in_domain,dual18,82,spike,1.0,transient,0.0
Guwahati,in_domain,dual18,82,spike,1.0,transient,0.0
Guwahati,in_domain,dual18,82,spike,1.0,transient,0.0
Guwahati,in_domain,dual18,82,spike,0.0,transient,
Guwahati,in_domain,dual18,82,spike,1.0,transient,0.0
Guwahati,in_domain,dual18,82,spike,0.0,transient,
Guwahati,in_domain,dual18,82,spike,1.0,transient,0.0
Guwahati,in_domain,dual18,82,spike,1.0,transient,0.0
Guwahati,in_domain,dual18,82,spike,1.0,transient,0.0
Guwahati,in_domain,dual18,82,spike,1.0,transient,0.0
Guwahati,in_domain,dual18,82,spike,1.0,transient,0.0
Guwahati,in_domain,dual18,82,spike,1.0,transient,0.0
Guwahati,in_domain,dual18,82,spike,1.0,transient,0.0
Guwahati,in_domain,dual18,82,drift,1.0,persistent,9.0
Guwahati,in_domain,dual18,82,drift,1.0,persistent,5.0
Guwahati,in_domain,dual18,82,drift,1.0,persistent,4.0
Guwahati,in_domain,dual18,82,drift,1.0,persistent,10.0
Guwahati,in_domain,dual18,82,drift,1.0,persistent,12.0
Guwahati,in_domain,dual18,82,drift,0.0,persistent,
Guwahati,in_domain,dual18,82,bias,1.0,persistent,0.0
Guwahati,in_domain,dual18,82,bias,1.0,persistent,6.0
Guwahati,in_domain,dual18,82,bias,0.0,persistent,
Guwahati,in_domain,dual18,82,bias,0.0,persistent,
Guwahati,in_domain,dual18,82,bias,0.0,persistent,
Guwahati,in_domain,dual18,82,bias,1.0,persistent,2.0
Guwahati,in_domain,dual18,82,stuck_at,1.0,persistent,0.0
Guwahati,in_domain,dual18,82,stuck_at,1.0,persistent,0.0
Guwahati,in_domain,dual18,82,stuck_at,1.0,persistent,0.0
Guwahati,in_domain,dual18,82,stuck_at,1.0,persistent,0.0
Guwahati,in_domain,dual18,82,stuck_at,1.0,persistent,0.0
Guwahati,in_domain,dual18,82,stuck_at,1.0,persistent,0.0
Guwahati,in_domain,dual18,82,noise_burst,1.0,persistent,2.0
Guwahati,in_domain,dual18,82,noise_burst,1.0,persistent,3.0
Guwahati,in_domain,dual18,82,noise_burst,1.0,persistent,7.0
Guwahati,in_domain,dual18,82,noise_burst,1.0,persistent,1.0
Guwahati,in_domain,dual18,82,noise_burst,1.0,persistent,3.0
Guwahati,in_domain,dual18,82,noise_burst,1.0,persistent,1.0
Guwahati,in_domain,dual18,82,intermittent_spikes,1.0,transient,0.0
Guwahati,in_domain,dual18,82,intermittent_spikes,1.0,transient,0.0
Guwahati,in_domain,dual18,82,intermittent_spikes,1.0,transient,0.0
Guwahati,in_domain,dual18,82,intermittent_spikes,1.0,transient,0.0
Guwahati,in_domain,dual18,82,intermittent_spikes,1.0,transient,0.0
Guwahati,in_domain,dual18,82,intermittent_spikes,1.0,transient,0.0
Guwahati,in_domain,dual18,82,drift_plus_noise,1.0,persistent,8.0
Guwahati,in_domain,dual18,82,drift_plus_noise,1.0,persistent,0.0
Guwahati,in_domain,dual18,82,drift_plus_noise,1.0,persistent,6.0
Guwahati,in_domain,dual18,82,bias_plus_spikes,1.0,persistent,0.0
Guwahati,in_domain,dual18,82,bias_plus_spikes,1.0,persistent,0.0
Guwahati,in_domain,dual18,82,bias_plus_spikes,1.0,persistent,3.0
Guwahati,temporal,dual18,82,spike,1.0,transient,0.0
Guwahati,temporal,dual18,82,spike,1.0,transient,0.0
Guwahati,temporal,dual18,82,spike,1.0,transient,0.0
Guwahati,temporal,dual18,82,spike,1.0,transient,0.0
Guwahati,temporal,dual18,82,spike,0.0,transient,
Guwahati,temporal,dual18,82,spike,1.0,transient,0.0
Guwahati,temporal,dual18,82,spike,1.0,transient,0.0
Guwahati,temporal,dual18,82,spike,0.0,transient,
Guwahati,temporal,dual18,82,spike,0.0,transient,
Guwahati,temporal,dual18,82,spike,1.0,transient,0.0
Guwahati,temporal,dual18,82,spike,1.0,transient,0.0
Guwahati,temporal,dual18,82,spike,0.0,transient,
Guwahati,temporal,dual18,82,spike,1.0,transient,0.0
Guwahati,temporal,dual18,82,spike,1.0,transient,0.0
Guwahati,temporal,dual18,82,spike,1.0,transient,0.0
Guwahati,temporal,dual18,82,spike,1.0,transient,0.0
Guwahati,temporal,dual18,82,spike,1.0,transient,0.0
Guwahati,temporal,dual18,82,spike,1.0,transient,0.0
Guwahati,temporal,dual18,82,spike,1.0,transient,0.0
Guwahati,temporal,dual18,82,spike,1.0,transient,0.0
Guwahati,temporal,dual18,82,spike,1.0,transient,0.0
Guwahati,temporal,dual18,82,spike,1.0,transient,0.0
Guwahati,temporal,dual18,82,spike,0.0,transient,
Guwahati,temporal,dual18,82,drift,0.0,persistent,
Guwahati,temporal,dual18,82,drift,1.0,persistent,7.0
Guwahati,temporal,dual18,82,drift,1.0,persistent,6.0
Guwahati,temporal,dual18,82,drift,1.0,persistent,0.0
Guwahati,temporal,dual18,82,drift,1.0,persistent,12.0
Guwahati,temporal,dual18,82,drift,0.0,persistent,
Guwahati,temporal,dual18,82,bias,0.0,persistent,
Guwahati,temporal,dual18,82,bias,0.0,persistent,
Guwahati,temporal,dual18,82,bias,0.0,persistent,
Guwahati,temporal,dual18,82,bias,1.0,persistent,10.0
Guwahati,temporal,dual18,82,bias,1.0,persistent,6.0
Guwahati,temporal,dual18,82,bias,1.0,persistent,2.0
Guwahati,temporal,dual18,82,stuck_at,1.0,persistent,0.0
Guwahati,temporal,dual18,82,stuck_at,1.0,persistent,0.0
Guwahati,temporal,dual18,82,stuck_at,0.0,persistent,
Guwahati,temporal,dual18,82,stuck_at,1.0,persistent,0.0
Guwahati,temporal,dual18,82,stuck_at,1.0,persistent,0.0
Guwahati,temporal,dual18,82,stuck_at,1.0,persistent,0.0
Guwahati,temporal,dual18,82,noise_burst,0.0,persistent,
Guwahati,temporal,dual18,82,noise_burst,1.0,persistent,1.0
Guwahati,temporal,dual18,82,noise_burst,0.0,persistent,
Guwahati,temporal,dual18,82,noise_burst,1.0,persistent,0.0
Guwahati,temporal,dual18,82,noise_burst,1.0,persistent,0.0
Guwahati,temporal,dual18,82,noise_burst,1.0,persistent,0.0
Guwahati,temporal,dual18,82,intermittent_spikes,1.0,transient,0.0
Guwahati,temporal,dual18,82,intermittent_spikes,1.0,transient,0.0
Guwahati,temporal,dual18,82,intermittent_spikes,1.0,transient,0.0
Guwahati,temporal,dual18,82,intermittent_spikes,1.0,transient,7.0
Guwahati,temporal,dual18,82,intermittent_spikes,1.0,transient,0.0
Guwahati,temporal,dual18,82,intermittent_spikes,1.0,transient,10.0
Guwahati,temporal,dual18,82,drift_plus_noise,1.0,persistent,1.0
Guwahati,temporal,dual18,82,drift_plus_noise,1.0,persistent,2.0
Guwahati,temporal,dual18,82,drift_plus_noise,0.0,persistent,
Guwahati,temporal,dual18,82,bias_plus_spikes,1.0,persistent,0.0
Guwahati,temporal,dual18,82,bias_plus_spikes,1.0,persistent,0.0
Guwahati,temporal,dual18,82,bias_plus_spikes,1.0,persistent,2.0
Guwahati,station,dual18,82,spike,1.0,transient,0.0
Guwahati,station,dual18,82,spike,1.0,transient,0.0
Guwahati,station,dual18,82,spike,1.0,transient,0.0
Guwahati,station,dual18,82,spike,1.0,transient,0.0
Guwahati,station,dual18,82,spike,0.0,transient,
Guwahati,station,dual18,82,spike,1.0,transient,0.0
Guwahati,station,dual18,82,spike,1.0,transient,0.0
Guwahati,station,dual18,82,spike,0.0,transient,
Guwahati,station,dual18,82,spike,0.0,transient,
Guwahati,station,dual18,82,spike,1.0,transient,0.0
Guwahati,station,dual18,82,spike,1.0,transient,0.0
Guwahati,station,dual18,82,spike,1.0,transient,0.0
Guwahati,station,dual18,82,spike,1.0,transient,0.0
Guwahati,station,dual18,82,spike,1.0,transient,0.0
Guwahati,station,dual18,82,spike,1.0,transient,0.0
Guwahati,station,dual18,82,spike,1.0,transient,0.0
Guwahati,station,dual18,82,spike,1.0,transient,0.0
Guwahati,station,dual18,82,spike,1.0,transient,0.0
Guwahati,station,dual18,82,spike,1.0,transient,1.0
Guwahati,station,dual18,82,spike,1.0,transient,0.0
Guwahati,station,dual18,82,spike,1.0,transient,0.0
Guwahati,station,dual18,82,spike,1.0,transient,0.0
Guwahati,station,dual18,82,spike,0.0,transient,
Guwahati,station,dual18,82,drift,1.0,persistent,10.0
Guwahati,station,dual18,82,drift,1.0,persistent,7.0
Guwahati,station,dual18,82,drift,1.0,persistent,5.0
Guwahati,station,dual18,82,drift,1.0,persistent,0.0
Guwahati,station,dual18,82,drift,1.0,persistent,12.0
Guwahati,station,dual18,82,drift,1.0,persistent,8.0
Guwahati,station,dual18,82,bias,0.0,persistent,
Guwahati,station,dual18,82,bias,0.0,persistent,
Guwahati,station,dual18,82,bias,0.0,persistent,
Guwahati,station,dual18,82,bias,1.0,persistent,3.0
Guwahati,station,dual18,82,bias,1.0,persistent,6.0
Guwahati,station,dual18,82,bias,1.0,persistent,2.0
Guwahati,station,dual18,82,stuck_at,1.0,persistent,0.0
Guwahati,station,dual18,82,stuck_at,1.0,persistent,0.0
Guwahati,station,dual18,82,stuck_at,0.0,persistent,
Guwahati,station,dual18,82,stuck_at,1.0,persistent,0.0
Guwahati,station,dual18,82,stuck_at,1.0,persistent,0.0
Guwahati,station,dual18,82,stuck_at,1.0,persistent,0.0
Guwahati,station,dual18,82,noise_burst,0.0,persistent,
Guwahati,station,dual18,82,noise_burst,1.0,persistent,2.0
Guwahati,station,dual18,82,noise_burst,0.0,persistent,
Guwahati,station,dual18,82,noise_burst,1.0,persistent,1.0
Guwahati,station,dual18,82,noise_burst,1.0,persistent,0.0
Guwahati,station,dual18,82,noise_burst,1.0,persistent,0.0
Guwahati,station,dual18,82,intermittent_spikes,1.0,transient,0.0
Guwahati,station,dual18,82,intermittent_spikes,1.0,transient,2.0
Guwahati,station,dual18,82,intermittent_spikes,1.0,transient,0.0
Guwahati,station,dual18,82,intermittent_spikes,1.0,transient,7.0
Guwahati,station,dual18,82,intermittent_spikes,1.0,transient,0.0
Guwahati,station,dual18,82,intermittent_spikes,1.0,transient,10.0
Guwahati,station,dual18,82,drift_plus_noise,1.0,persistent,1.0
Guwahati,station,dual18,82,drift_plus_noise,1.0,persistent,2.0
Guwahati,station,dual18,82,drift_plus_noise,0.0,persistent,
Guwahati,station,dual18,82,bias_plus_spikes,1.0,persistent,0.0
Guwahati,station,dual18,82,bias_plus_spikes,1.0,persistent,0.0
Guwahati,station,dual18,82,bias_plus_spikes,1.0,persistent,4.0
Guwahati,in_domain,dual18,93,spike,1.0,transient,0.0
Guwahati,in_domain,dual18,93,spike,1.0,transient,0.0
Guwahati,in_domain,dual18,93,spike,1.0,transient,0.0
Guwahati,in_domain,dual18,93,spike,1.0,transient,0.0
Guwahati,in_domain,dual18,93,spike,1.0,transient,0.0
Guwahati,in_domain,dual18,93,spike,1.0,transient,0.0
Guwahati,in_domain,dual18,93,spike,0.0,transient,
Guwahati,in_domain,dual18,93,spike,0.0,transient,
Guwahati,in_domain,dual18,93,spike,0.0,transient,
Guwahati,in_domain,dual18,93,spike,1.0,transient,0.0
Guwahati,in_domain,dual18,93,spike,1.0,transient,0.0
Guwahati,in_domain,dual18,93,spike,1.0,transient,0.0
Guwahati,in_domain,dual18,93,spike,1.0,transient,0.0
Guwahati,in_domain,dual18,93,spike,1.0,transient,0.0
Guwahati,in_domain,dual18,93,spike,1.0,transient,0.0
Guwahati,in_domain,dual18,93,spike,1.0,transient,0.0
Guwahati,in_domain,dual18,93,spike,1.0,transient,0.0
Guwahati,in_domain,dual18,93,spike,1.0,transient,0.0
Guwahati,in_domain,dual18,93,spike,1.0,transient,0.0
Guwahati,in_domain,dual18,93,spike,1.0,transient,0.0
Guwahati,in_domain,dual18,93,spike,1.0,transient,0.0
Guwahati,in_domain,dual18,93,spike,1.0,transient,0.0
Guwahati,in_domain,dual18,93,spike,1.0,transient,0.0
Guwahati,in_domain,dual18,93,spike,1.0,transient,0.0
Guwahati,in_domain,dual18,93,drift,1.0,persistent,3.0
Guwahati,in_domain,dual18,93,drift,1.0,persistent,8.0
Guwahati,in_domain,dual18,93,drift,1.0,persistent,5.0
Guwahati,in_domain,dual18,93,drift,1.0,persistent,4.0
Guwahati,in_domain,dual18,93,drift,1.0,persistent,9.0
Guwahati,in_domain,dual18,93,drift,1.0,persistent,5.0
Guwahati,in_domain,dual18,93,bias,1.0,persistent,1.0
Guwahati,in_domain,dual18,93,bias,1.0,persistent,0.0
Guwahati,in_domain,dual18,93,bias,1.0,persistent,4.0
Guwahati,in_domain,dual18,93,bias,1.0,persistent,2.0
Guwahati,in_domain,dual18,93,bias,0.0,persistent,
Guwahati,in_domain,dual18,93,bias,1.0,persistent,5.0
Guwahati,in_domain,dual18,93,stuck_at,1.0,persistent,0.0
Guwahati,in_domain,dual18,93,stuck_at,1.0,persistent,0.0
Guwahati,in_domain,dual18,93,stuck_at,1.0,persistent,0.0
Guwahati,in_domain,dual18,93,stuck_at,1.0,persistent,0.0
Guwahati,in_domain,dual18,93,stuck_at,1.0,persistent,0.0
Guwahati,in_domain,dual18,93,stuck_at,1.0,persistent,0.0
Guwahati,in_domain,dual18,93,noise_burst,0.0,persistent,
Guwahati,in_domain,dual18,93,noise_burst,1.0,persistent,7.0
Guwahati,in_domain,dual18,93,noise_burst,1.0,persistent,1.0
Guwahati,in_domain,dual18,93,noise_burst,1.0,persistent,0.0
Guwahati,in_domain,dual18,93,noise_burst,1.0,persistent,0.0
Guwahati,in_domain,dual18,93,noise_burst,1.0,persistent,1.0
Guwahati,in_domain,dual18,93,intermittent_spikes,1.0,transient,0.0
Guwahati,in_domain,dual18,93,intermittent_spikes,1.0,transient,0.0
Guwahati,in_domain,dual18,93,intermittent_spikes,1.0,transient,0.0
Guwahati,in_domain,dual18,93,intermittent_spikes,1.0,transient,0.0
Guwahati,in_domain,dual18,93,intermittent_spikes,1.0,transient,0.0
Guwahati,in_domain,dual18,93,intermittent_spikes,1.0,transient,4.0
Guwahati,in_domain,dual18,93,drift_plus_noise,1.0,persistent,4.0
Guwahati,in_domain,dual18,93,drift_plus_noise,1.0,persistent,11.0
Guwahati,in_domain,dual18,93,drift_plus_noise,0.0,persistent,
Guwahati,in_domain,dual18,93,bias_plus_spikes,1.0,persistent,0.0
Guwahati,in_domain,dual18,93,bias_plus_spikes,1.0,persistent,1.0
Guwahati,in_domain,dual18,93,bias_plus_spikes,1.0,persistent,0.0
Guwahati,temporal,dual18,93,spike,1.0,transient,0.0
Guwahati,temporal,dual18,93,spike,1.0,transient,0.0
Guwahati,temporal,dual18,93,spike,1.0,transient,0.0
Guwahati,temporal,dual18,93,spike,1.0,transient,0.0
Guwahati,temporal,dual18,93,spike,1.0,transient,0.0
Guwahati,temporal,dual18,93,spike,1.0,transient,0.0
Guwahati,temporal,dual18,93,spike,0.0,transient,
Guwahati,temporal,dual18,93,spike,1.0,transient,0.0
Guwahati,temporal,dual18,93,spike,0.0,transient,
Guwahati,temporal,dual18,93,spike,0.0,transient,
Guwahati,temporal,dual18,93,spike,1.0,transient,0.0
Guwahati,temporal,dual18,93,spike,1.0,transient,0.0
Guwahati,temporal,dual18,93,spike,1.0,transient,0.0
Guwahati,temporal,dual18,93,spike,1.0,transient,0.0
Guwahati,temporal,dual18,93,spike,1.0,transient,0.0
Guwahati,temporal,dual18,93,spike,1.0,transient,0.0
Guwahati,temporal,dual18,93,spike,1.0,transient,0.0
Guwahati,temporal,dual18,93,spike,1.0,transient,0.0
Guwahati,temporal,dual18,93,spike,1.0,transient,0.0
Guwahati,temporal,dual18,93,spike,1.0,transient,0.0
Guwahati,temporal,dual18,93,spike,1.0,transient,0.0
Guwahati,temporal,dual18,93,spike,1.0,transient,0.0
Guwahati,temporal,dual18,93,spike,1.0,transient,0.0
Guwahati,temporal,dual18,93,spike,0.0,transient,
Guwahati,temporal,dual18,93,drift,1.0,persistent,8.0
Guwahati,temporal,dual18,93,drift,1.0,persistent,1.0
Guwahati,temporal,dual18,93,drift,0.0,persistent,
Guwahati,temporal,dual18,93,drift,0.0,persistent,
Guwahati,temporal,dual18,93,drift,1.0,persistent,3.0
Guwahati,temporal,dual18,93,drift,1.0,persistent,8.0
Guwahati,temporal,dual18,93,bias,1.0,persistent,3.0
Guwahati,temporal,dual18,93,bias,0.0,persistent,
Guwahati,temporal,dual18,93,bias,0.0,persistent,
Guwahati,temporal,dual18,93,bias,0.0,persistent,
Guwahati,temporal,dual18,93,bias,0.0,persistent,
Guwahati,temporal,dual18,93,bias,0.0,persistent,
Guwahati,temporal,dual18,93,stuck_at,1.0,persistent,0.0
Guwahati,temporal,dual18,93,stuck_at,1.0,persistent,0.0
Guwahati,temporal,dual18,93,stuck_at,1.0,persistent,0.0
Guwahati,temporal,dual18,93,stuck_at,1.0,persistent,0.0
Guwahati,temporal,dual18,93,stuck_at,1.0,persistent,0.0
Guwahati,temporal,dual18,93,stuck_at,1.0,persistent,0.0
Guwahati,temporal,dual18,93,noise_burst,0.0,persistent,
Guwahati,temporal,dual18,93,noise_burst,1.0,persistent,4.0
Guwahati,temporal,dual18,93,noise_burst,0.0,persistent,
Guwahati,temporal,dual18,93,noise_burst,1.0,persistent,0.0
Guwahati,temporal,dual18,93,noise_burst,1.0,persistent,3.0
Guwahati,temporal,dual18,93,noise_burst,1.0,persistent,1.0
Guwahati,temporal,dual18,93,intermittent_spikes,1.0,transient,2.0
Guwahati,temporal,dual18,93,intermittent_spikes,1.0,transient,0.0
Guwahati,temporal,dual18,93,intermittent_spikes,1.0,transient,0.0
Guwahati,temporal,dual18,93,intermittent_spikes,1.0,transient,2.0
Guwahati,temporal,dual18,93,intermittent_spikes,1.0,transient,0.0
Guwahati,temporal,dual18,93,intermittent_spikes,1.0,transient,0.0
Guwahati,temporal,dual18,93,drift_plus_noise,1.0,persistent,5.0
Guwahati,temporal,dual18,93,drift_plus_noise,0.0,persistent,
Guwahati,temporal,dual18,93,drift_plus_noise,1.0,persistent,1.0
Guwahati,temporal,dual18,93,bias_plus_spikes,1.0,persistent,5.0
Guwahati,temporal,dual18,93,bias_plus_spikes,1.0,persistent,1.0
Guwahati,temporal,dual18,93,bias_plus_spikes,1.0,persistent,11.0
Guwahati,station,dual18,93,spike,1.0,transient,0.0
Guwahati,station,dual18,93,spike,1.0,transient,0.0
Guwahati,station,dual18,93,spike,1.0,transient,0.0
Guwahati,station,dual18,93,spike,1.0,transient,0.0
Guwahati,station,dual18,93,spike,1.0,transient,0.0
Guwahati,station,dual18,93,spike,1.0,transient,0.0
Guwahati,station,dual18,93,spike,1.0,transient,0.0
Guwahati,station,dual18,93,spike,1.0,transient,0.0
Guwahati,station,dual18,93,spike,0.0,transient,
Guwahati,station,dual18,93,spike,1.0,transient,0.0
Guwahati,station,dual18,93,spike,1.0,transient,0.0
Guwahati,station,dual18,93,spike,1.0,transient,0.0
Guwahati,station,dual18,93,spike,1.0,transient,0.0
Guwahati,station,dual18,93,spike,1.0,transient,0.0
Guwahati,station,dual18,93,spike,0.0,transient,
Guwahati,station,dual18,93,spike,1.0,transient,0.0
Guwahati,station,dual18,93,spike,1.0,transient,0.0
Guwahati,station,dual18,93,spike,1.0,transient,0.0
Guwahati,station,dual18,93,spike,1.0,transient,0.0
Guwahati,station,dual18,93,spike,1.0,transient,0.0
Guwahati,station,dual18,93,spike,1.0,transient,0.0
Guwahati,station,dual18,93,spike,1.0,transient,0.0
Guwahati,station,dual18,93,spike,1.0,transient,0.0
Guwahati,station,dual18,93,spike,0.0,transient,
Guwahati,station,dual18,93,drift,0.0,persistent,
Guwahati,station,dual18,93,drift,1.0,persistent,0.0
Guwahati,station,dual18,93,drift,0.0,persistent,
Guwahati,station,dual18,93,drift,1.0,persistent,10.0
Guwahati,station,dual18,93,drift,1.0,persistent,15.0
Guwahati,station,dual18,93,drift,1.0,persistent,7.0
Guwahati,station,dual18,93,bias,1.0,persistent,3.0
Guwahati,station,dual18,93,bias,0.0,persistent,
Guwahati,station,dual18,93,bias,1.0,persistent,8.0
Guwahati,station,dual18,93,bias,0.0,persistent,
Guwahati,station,dual18,93,bias,0.0,persistent,
Guwahati,station,dual18,93,bias,0.0,persistent,
Guwahati,station,dual18,93,stuck_at,1.0,persistent,0.0
Guwahati,station,dual18,93,stuck_at,1.0,persistent,0.0
Guwahati,station,dual18,93,stuck_at,1.0,persistent,0.0
Guwahati,station,dual18,93,stuck_at,1.0,persistent,0.0
Guwahati,station,dual18,93,stuck_at,1.0,persistent,0.0
Guwahati,station,dual18,93,stuck_at,1.0,persistent,0.0
Guwahati,station,dual18,93,noise_burst,0.0,persistent,
Guwahati,station,dual18,93,noise_burst,1.0,persistent,5.0
Guwahati,station,dual18,93,noise_burst,0.0,persistent,
Guwahati,station,dual18,93,noise_burst,1.0,persistent,0.0
Guwahati,station,dual18,93,noise_burst,1.0,persistent,3.0
Guwahati,station,dual18,93,noise_burst,1.0,persistent,1.0
Guwahati,station,dual18,93,intermittent_spikes,1.0,transient,0.0
Guwahati,station,dual18,93,intermittent_spikes,1.0,transient,0.0
Guwahati,station,dual18,93,intermittent_spikes,1.0,transient,0.0
Guwahati,station,dual18,93,intermittent_spikes,1.0,transient,5.0
Guwahati,station,dual18,93,intermittent_spikes,1.0,transient,0.0
Guwahati,station,dual18,93,intermittent_spikes,1.0,transient,13.0
Guwahati,station,dual18,93,drift_plus_noise,1.0,persistent,5.0
Guwahati,station,dual18,93,drift_plus_noise,0.0,persistent,
Guwahati,station,dual18,93,drift_plus_noise,1.0,persistent,1.0
Guwahati,station,dual18,93,bias_plus_spikes,1.0,persistent,0.0
Guwahati,station,dual18,93,bias_plus_spikes,1.0,persistent,2.0
Guwahati,station,dual18,93,bias_plus_spikes,1.0,persistent,3.0
Ahmedabad,in_domain,baseline16,71,spike,1.0,transient,0.0
Ahmedabad,in_domain,baseline16,71,spike,1.0,transient,0.0
Ahmedabad,in_domain,baseline16,71,spike,1.0,transient,0.0
Ahmedabad,in_domain,baseline16,71,spike,1.0,transient,0.0
Ahmedabad,in_domain,baseline16,71,spike,1.0,transient,0.0
Ahmedabad,in_domain,baseline16,71,spike,1.0,transient,0.0
Ahmedabad,in_domain,baseline16,71,spike,1.0,transient,0.0
Ahmedabad,in_domain,baseline16,71,spike,1.0,transient,0.0
Ahmedabad,in_domain,baseline16,71,spike,1.0,transient,0.0
Ahmedabad,in_domain,baseline16,71,spike,1.0,transient,0.0
Ahmedabad,in_domain,baseline16,71,spike,0.0,transient,
Ahmedabad,in_domain,baseline16,71,spike,1.0,transient,0.0
Ahmedabad,in_domain,baseline16,71,spike,1.0,transient,0.0
Ahmedabad,in_domain,baseline16,71,spike,1.0,transient,0.0
Ahmedabad,in_domain,baseline16,71,spike,1.0,transient,0.0
Ahmedabad,in_domain,baseline16,71,spike,1.0,transient,0.0
Ahmedabad,in_domain,baseline16,71,spike,1.0,transient,0.0
Ahmedabad,in_domain,baseline16,71,spike,1.0,transient,0.0
Ahmedabad,in_domain,baseline16,71,spike,1.0,transient,0.0
Ahmedabad,in_domain,baseline16,71,spike,1.0,transient,0.0
Ahmedabad,in_domain,baseline16,71,spike,1.0,transient,0.0
Ahmedabad,in_domain,baseline16,71,spike,1.0,transient,0.0
Ahmedabad,in_domain,baseline16,71,spike,0.0,transient,
Ahmedabad,in_domain,baseline16,71,spike,0.0,transient,
Ahmedabad,in_domain,baseline16,71,drift,1.0,persistent,0.0
Ahmedabad,in_domain,baseline16,71,drift,1.0,persistent,12.0
Ahmedabad,in_domain,baseline16,71,drift,1.0,persistent,8.0
Ahmedabad,in_domain,baseline16,71,drift,1.0,persistent,0.0
Ahmedabad,in_domain,baseline16,71,drift,1.0,persistent,4.0
Ahmedabad,in_domain,baseline16,71,drift,1.0,persistent,12.0
Ahmedabad,in_domain,baseline16,71,bias,1.0,persistent,4.0
Ahmedabad,in_domain,baseline16,71,bias,0.0,persistent,
Ahmedabad,in_domain,baseline16,71,bias,0.0,persistent,
Ahmedabad,in_domain,baseline16,71,bias,0.0,persistent,
Ahmedabad,in_domain,baseline16,71,bias,0.0,persistent,
Ahmedabad,in_domain,baseline16,71,bias,0.0,persistent,
Ahmedabad,in_domain,baseline16,71,stuck_at,1.0,persistent,0.0
Ahmedabad,in_domain,baseline16,71,stuck_at,0.0,persistent,
Ahmedabad,in_domain,baseline16,71,stuck_at,1.0,persistent,0.0
Ahmedabad,in_domain,baseline16,71,stuck_at,1.0,persistent,0.0
Ahmedabad,in_domain,baseline16,71,stuck_at,1.0,persistent,0.0
Ahmedabad,in_domain,baseline16,71,stuck_at,1.0,persistent,0.0
Ahmedabad,in_domain,baseline16,71,noise_burst,0.0,persistent,
Ahmedabad,in_domain,baseline16,71,noise_burst,0.0,persistent,
Ahmedabad,in_domain,baseline16,71,noise_burst,0.0,persistent,
Ahmedabad,in_domain,baseline16,71,noise_burst,1.0,persistent,0.0
Ahmedabad,in_domain,baseline16,71,noise_burst,1.0,persistent,0.0
Ahmedabad,in_domain,baseline16,71,noise_burst,1.0,persistent,0.0
Ahmedabad,in_domain,baseline16,71,intermittent_spikes,1.0,transient,0.0
Ahmedabad,in_domain,baseline16,71,intermittent_spikes,1.0,transient,0.0
Ahmedabad,in_domain,baseline16,71,intermittent_spikes,1.0,transient,0.0
Ahmedabad,in_domain,baseline16,71,intermittent_spikes,1.0,transient,0.0
Ahmedabad,in_domain,baseline16,71,intermittent_spikes,0.0,transient,
Ahmedabad,in_domain,baseline16,71,intermittent_spikes,1.0,transient,0.0
Ahmedabad,in_domain,baseline16,71,drift_plus_noise,0.0,persistent,
Ahmedabad,in_domain,baseline16,71,drift_plus_noise,1.0,persistent,4.0
Ahmedabad,in_domain,baseline16,71,drift_plus_noise,1.0,persistent,12.0
Ahmedabad,in_domain,baseline16,71,bias_plus_spikes,1.0,persistent,6.0
Ahmedabad,in_domain,baseline16,71,bias_plus_spikes,1.0,persistent,0.0
Ahmedabad,in_domain,baseline16,71,bias_plus_spikes,1.0,persistent,2.0
Ahmedabad,temporal,baseline16,71,spike,1.0,transient,0.0
Ahmedabad,temporal,baseline16,71,spike,1.0,transient,0.0
Ahmedabad,temporal,baseline16,71,spike,1.0,transient,0.0
Ahmedabad,temporal,baseline16,71,spike,1.0,transient,0.0
Ahmedabad,temporal,baseline16,71,spike,1.0,transient,0.0
Ahmedabad,temporal,baseline16,71,spike,0.0,transient,
Ahmedabad,temporal,baseline16,71,spike,1.0,transient,0.0
Ahmedabad,temporal,baseline16,71,spike,1.0,transient,0.0
Ahmedabad,temporal,baseline16,71,spike,1.0,transient,0.0
Ahmedabad,temporal,baseline16,71,spike,1.0,transient,0.0
Ahmedabad,temporal,baseline16,71,spike,0.0,transient,
Ahmedabad,temporal,baseline16,71,spike,1.0,transient,0.0
Ahmedabad,temporal,baseline16,71,spike,1.0,transient,0.0
Ahmedabad,temporal,baseline16,71,spike,1.0,transient,0.0
Ahmedabad,temporal,baseline16,71,spike,1.0,transient,0.0
Ahmedabad,temporal,baseline16,71,spike,1.0,transient,0.0
Ahmedabad,temporal,baseline16,71,spike,1.0,transient,0.0
Ahmedabad,temporal,baseline16,71,spike,1.0,transient,0.0
Ahmedabad,temporal,baseline16,71,spike,1.0,transient,0.0
Ahmedabad,temporal,baseline16,71,spike,1.0,transient,0.0
Ahmedabad,temporal,baseline16,71,spike,1.0,transient,0.0
Ahmedabad,temporal,baseline16,71,spike,1.0,transient,0.0
Ahmedabad,temporal,baseline16,71,spike,1.0,transient,0.0
Ahmedabad,temporal,baseline16,71,spike,0.0,transient,
Ahmedabad,temporal,baseline16,71,drift,0.0,persistent,
Ahmedabad,temporal,baseline16,71,drift,0.0,persistent,
Ahmedabad,temporal,baseline16,71,drift,0.0,persistent,
Ahmedabad,temporal,baseline16,71,drift,0.0,persistent,
Ahmedabad,temporal,baseline16,71,drift,1.0,persistent,0.0
Ahmedabad,temporal,baseline16,71,drift,0.0,persistent,
Ahmedabad,temporal,baseline16,71,bias,0.0,persistent,
Ahmedabad,temporal,baseline16,71,bias,0.0,persistent,
Ahmedabad,temporal,baseline16,71,bias,1.0,persistent,0.0
Ahmedabad,temporal,baseline16,71,bias,0.0,persistent,
Ahmedabad,temporal,baseline16,71,bias,1.0,persistent,5.0
Ahmedabad,temporal,baseline16,71,bias,0.0,persistent,
Ahmedabad,temporal,baseline16,71,stuck_at,1.0,persistent,0.0
Ahmedabad,temporal,baseline16,71,stuck_at,0.0,persistent,
Ahmedabad,temporal,baseline16,71,stuck_at,1.0,persistent,0.0
Ahmedabad,temporal,baseline16,71,stuck_at,1.0,persistent,0.0
Ahmedabad,temporal,baseline16,71,stuck_at,1.0,persistent,0.0
Ahmedabad,temporal,baseline16,71,stuck_at,1.0,persistent,0.0
Ahmedabad,temporal,baseline16,71,noise_burst,0.0,persistent,
Ahmedabad,temporal,baseline16,71,noise_burst,0.0,persistent,
Ahmedabad,temporal,baseline16,71,noise_burst,0.0,persistent,
Ahmedabad,temporal,baseline16,71,noise_burst,1.0,persistent,0.0
Ahmedabad,temporal,baseline16,71,noise_burst,1.0,persistent,0.0
Ahmedabad,temporal,baseline16,71,noise_burst,0.0,persistent,
Ahmedabad,temporal,baseline16,71,intermittent_spikes,1.0,transient,0.0
Ahmedabad,temporal,baseline16,71,intermittent_spikes,1.0,transient,0.0
Ahmedabad,temporal,baseline16,71,intermittent_spikes,1.0,transient,0.0
Ahmedabad,temporal,baseline16,71,intermittent_spikes,1.0,transient,0.0
Ahmedabad,temporal,baseline16,71,intermittent_spikes,1.0,transient,0.0
Ahmedabad,temporal,baseline16,71,intermittent_spikes,1.0,transient,0.0
Ahmedabad,temporal,baseline16,71,drift_plus_noise,0.0,persistent,
Ahmedabad,temporal,baseline16,71,drift_plus_noise,0.0,persistent,
Ahmedabad,temporal,baseline16,71,drift_plus_noise,1.0,persistent,1.0
Ahmedabad,temporal,baseline16,71,bias_plus_spikes,1.0,persistent,0.0
Ahmedabad,temporal,baseline16,71,bias_plus_spikes,1.0,persistent,7.0
Ahmedabad,temporal,baseline16,71,bias_plus_spikes,1.0,persistent,8.0
Ahmedabad,station,baseline16,71,spike,1.0,transient,0.0
Ahmedabad,station,baseline16,71,spike,1.0,transient,0.0
Ahmedabad,station,baseline16,71,spike,1.0,transient,0.0
Ahmedabad,station,baseline16,71,spike,1.0,transient,0.0
Ahmedabad,station,baseline16,71,spike,1.0,transient,0.0
Ahmedabad,station,baseline16,71,spike,0.0,transient,
Ahmedabad,station,baseline16,71,spike,1.0,transient,0.0
Ahmedabad,station,baseline16,71,spike,1.0,transient,0.0
Ahmedabad,station,baseline16,71,spike,1.0,transient,0.0
Ahmedabad,station,baseline16,71,spike,1.0,transient,0.0
Ahmedabad,station,baseline16,71,spike,0.0,transient,
Ahmedabad,station,baseline16,71,spike,0.0,transient,
Ahmedabad,station,baseline16,71,spike,1.0,transient,0.0
Ahmedabad,station,baseline16,71,spike,1.0,transient,0.0
Ahmedabad,station,baseline16,71,spike,1.0,transient,0.0
Ahmedabad,station,baseline16,71,spike,1.0,transient,0.0
Ahmedabad,station,baseline16,71,spike,1.0,transient,0.0
Ahmedabad,station,baseline16,71,spike,1.0,transient,0.0
Ahmedabad,station,baseline16,71,spike,1.0,transient,0.0
Ahmedabad,station,baseline16,71,spike,1.0,transient,0.0
Ahmedabad,station,baseline16,71,spike,1.0,transient,1.0
Ahmedabad,station,baseline16,71,spike,1.0,transient,0.0
Ahmedabad,station,baseline16,71,spike,1.0,transient,0.0
Ahmedabad,station,baseline16,71,spike,1.0,transient,0.0
Ahmedabad,station,baseline16,71,drift,0.0,persistent,
Ahmedabad,station,baseline16,71,drift,0.0,persistent,
Ahmedabad,station,baseline16,71,drift,1.0,persistent,13.0
Ahmedabad,station,baseline16,71,drift,0.0,persistent,
Ahmedabad,station,baseline16,71,drift,1.0,persistent,0.0
Ahmedabad,station,baseline16,71,drift,1.0,persistent,8.0
Ahmedabad,station,baseline16,71,bias,0.0,persistent,
Ahmedabad,station,baseline16,71,bias,0.0,persistent,
Ahmedabad,station,baseline16,71,bias,1.0,persistent,0.0
Ahmedabad,station,baseline16,71,bias,1.0,persistent,7.0
Ahmedabad,station,baseline16,71,bias,1.0,persistent,5.0
Ahmedabad,station,baseline16,71,bias,0.0,persistent,
Ahmedabad,station,baseline16,71,stuck_at,1.0,persistent,0.0
Ahmedabad,station,baseline16,71,stuck_at,0.0,persistent,
Ahmedabad,station,baseline16,71,stuck_at,1.0,persistent,0.0
Ahmedabad,station,baseline16,71,stuck_at,1.0,persistent,0.0
Ahmedabad,station,baseline16,71,stuck_at,1.0,persistent,0.0
Ahmedabad,station,baseline16,71,stuck_at,1.0,persistent,0.0
Ahmedabad,station,baseline16,71,noise_burst,0.0,persistent,
Ahmedabad,station,baseline16,71,noise_burst,0.0,persistent,
Ahmedabad,station,baseline16,71,noise_burst,0.0,persistent,
Ahmedabad,station,baseline16,71,noise_burst,1.0,persistent,0.0
Ahmedabad,station,baseline16,71,noise_burst,1.0,persistent,1.0
Ahmedabad,station,baseline16,71,noise_burst,0.0,persistent,
Ahmedabad,station,baseline16,71,intermittent_spikes,1.0,transient,0.0
Ahmedabad,station,baseline16,71,intermittent_spikes,1.0,transient,0.0
Ahmedabad,station,baseline16,71,intermittent_spikes,1.0,transient,0.0
Ahmedabad,station,baseline16,71,intermittent_spikes,1.0,transient,0.0
Ahmedabad,station,baseline16,71,intermittent_spikes,1.0,transient,0.0
Ahmedabad,station,baseline16,71,intermittent_spikes,1.0,transient,0.0
Ahmedabad,station,baseline16,71,drift_plus_noise,1.0,persistent,1.0
Ahmedabad,station,baseline16,71,drift_plus_noise,0.0,persistent,
Ahmedabad,station,baseline16,71,drift_plus_noise,1.0,persistent,1.0
Ahmedabad,station,baseline16,71,bias_plus_spikes,1.0,persistent,0.0
Ahmedabad,station,baseline16,71,bias_plus_spikes,1.0,persistent,7.0
Ahmedabad,station,baseline16,71,bias_plus_spikes,1.0,persistent,8.0
Ahmedabad,in_domain,baseline16,82,spike,1.0,transient,0.0
Ahmedabad,in_domain,baseline16,82,spike,1.0,transient,0.0
Ahmedabad,in_domain,baseline16,82,spike,1.0,transient,0.0
Ahmedabad,in_domain,baseline16,82,spike,1.0,transient,0.0
Ahmedabad,in_domain,baseline16,82,spike,1.0,transient,0.0
Ahmedabad,in_domain,baseline16,82,spike,1.0,transient,0.0
Ahmedabad,in_domain,baseline16,82,spike,0.0,transient,
Ahmedabad,in_domain,baseline16,82,spike,1.0,transient,0.0
Ahmedabad,in_domain,baseline16,82,spike,0.0,transient,
Ahmedabad,in_domain,baseline16,82,spike,1.0,transient,0.0
Ahmedabad,in_domain,baseline16,82,spike,1.0,transient,0.0
Ahmedabad,in_domain,baseline16,82,spike,0.0,transient,
Ahmedabad,in_domain,baseline16,82,spike,1.0,transient,0.0
Ahmedabad,in_domain,baseline16,82,spike,1.0,transient,0.0
Ahmedabad,in_domain,baseline16,82,spike,1.0,transient,0.0
Ahmedabad,in_domain,baseline16,82,spike,1.0,transient,0.0
Ahmedabad,in_domain,baseline16,82,spike,1.0,transient,0.0
Ahmedabad,in_domain,baseline16,82,spike,1.0,transient,0.0
Ahmedabad,in_domain,baseline16,82,spike,1.0,transient,0.0
Ahmedabad,in_domain,baseline16,82,spike,0.0,transient,
Ahmedabad,in_domain,baseline16,82,spike,1.0,transient,0.0
Ahmedabad,in_domain,baseline16,82,spike,1.0,transient,0.0
Ahmedabad,in_domain,baseline16,82,spike,1.0,transient,0.0
Ahmedabad,in_domain,baseline16,82,spike,0.0,transient,
Ahmedabad,in_domain,baseline16,82,drift,0.0,persistent,
Ahmedabad,in_domain,baseline16,82,drift,1.0,persistent,7.0
Ahmedabad,in_domain,baseline16,82,drift,1.0,persistent,3.0
Ahmedabad,in_domain,baseline16,82,drift,1.0,persistent,1.0
Ahmedabad,in_domain,baseline16,82,drift,1.0,persistent,4.0
Ahmedabad,in_domain,baseline16,82,drift,0.0,persistent,
Ahmedabad,in_domain,baseline16,82,bias,0.0,persistent,
Ahmedabad,in_domain,baseline16,82,bias,1.0,persistent,0.0
Ahmedabad,in_domain,baseline16,82,bias,0.0,persistent,
Ahmedabad,in_domain,baseline16,82,bias,1.0,persistent,1.0
Ahmedabad,in_domain,baseline16,82,bias,0.0,persistent,
Ahmedabad,in_domain,baseline16,82,bias,1.0,persistent,2.0
Ahmedabad,in_domain,baseline16,82,stuck_at,0.0,persistent,
Ahmedabad,in_domain,baseline16,82,stuck_at,1.0,persistent,0.0
Ahmedabad,in_domain,baseline16,82,stuck_at,1.0,persistent,0.0
Ahmedabad,in_domain,baseline16,82,stuck_at,1.0,persistent,0.0
Ahmedabad,in_domain,baseline16,82,stuck_at,1.0,persistent,0.0
Ahmedabad,in_domain,baseline16,82,stuck_at,1.0,persistent,0.0
Ahmedabad,in_domain,baseline16,82,noise_burst,1.0,persistent,2.0
Ahmedabad,in_domain,baseline16,82,noise_burst,1.0,persistent,2.0
Ahmedabad,in_domain,baseline16,82,noise_burst,0.0,persistent,
Ahmedabad,in_domain,baseline16,82,noise_burst,1.0,persistent,0.0
Ahmedabad,in_domain,baseline16,82,noise_burst,1.0,persistent,1.0
Ahmedabad,in_domain,baseline16,82,noise_burst,1.0,persistent,0.0
Ahmedabad,in_domain,baseline16,82,intermittent_spikes,1.0,transient,0.0
Ahmedabad,in_domain,baseline16,82,intermittent_spikes,1.0,transient,0.0
Ahmedabad,in_domain,baseline16,82,intermittent_spikes,1.0,transient,0.0
Ahmedabad,in_domain,baseline16,82,intermittent_spikes,1.0,transient,0.0
Ahmedabad,in_domain,baseline16,82,intermittent_spikes,1.0,transient,0.0
Ahmedabad,in_domain,baseline16,82,intermittent_spikes,1.0,transient,0.0
Ahmedabad,in_domain,baseline16,82,drift_plus_noise,1.0,persistent,8.0
Ahmedabad,in_domain,baseline16,82,drift_plus_noise,1.0,persistent,7.0
Ahmedabad,in_domain,baseline16,82,drift_plus_noise,1.0,persistent,4.0
Ahmedabad,in_domain,baseline16,82,bias_plus_spikes,1.0,persistent,0.0
Ahmedabad,in_domain,baseline16,82,bias_plus_spikes,1.0,persistent,0.0
Ahmedabad,in_domain,baseline16,82,bias_plus_spikes,1.0,persistent,1.0
Ahmedabad,temporal,baseline16,82,spike,1.0,transient,0.0
Ahmedabad,temporal,baseline16,82,spike,0.0,transient,
Ahmedabad,temporal,baseline16,82,spike,1.0,transient,0.0
Ahmedabad,temporal,baseline16,82,spike,1.0,transient,0.0
Ahmedabad,temporal,baseline16,82,spike,1.0,transient,0.0
Ahmedabad,temporal,baseline16,82,spike,1.0,transient,0.0
Ahmedabad,temporal,baseline16,82,spike,0.0,transient,
Ahmedabad,temporal,baseline16,82,spike,1.0,transient,0.0
Ahmedabad,temporal,baseline16,82,spike,0.0,transient,
Ahmedabad,temporal,baseline16,82,spike,1.0,transient,0.0
Ahmedabad,temporal,baseline16,82,spike,1.0,transient,0.0
Ahmedabad,temporal,baseline16,82,spike,0.0,transient,
Ahmedabad,temporal,baseline16,82,spike,1.0,transient,0.0
Ahmedabad,temporal,baseline16,82,spike,1.0,transient,0.0
Ahmedabad,temporal,baseline16,82,spike,1.0,transient,0.0
Ahmedabad,temporal,baseline16,82,spike,1.0,transient,0.0
Ahmedabad,temporal,baseline16,82,spike,1.0,transient,0.0
Ahmedabad,temporal,baseline16,82,spike,1.0,transient,0.0
Ahmedabad,temporal,baseline16,82,spike,0.0,transient,
Ahmedabad,temporal,baseline16,82,spike,1.0,transient,0.0
Ahmedabad,temporal,baseline16,82,spike,1.0,transient,0.0
Ahmedabad,temporal,baseline16,82,spike,1.0,transient,0.0
Ahmedabad,temporal,baseline16,82,spike,0.0,transient,
Ahmedabad,temporal,baseline16,82,spike,1.0,transient,0.0
Ahmedabad,temporal,baseline16,82,drift,1.0,persistent,12.0
Ahmedabad,temporal,baseline16,82,drift,1.0,persistent,4.0
Ahmedabad,temporal,baseline16,82,drift,0.0,persistent,
Ahmedabad,temporal,baseline16,82,drift,1.0,persistent,1.0
Ahmedabad,temporal,baseline16,82,drift,1.0,persistent,9.0
Ahmedabad,temporal,baseline16,82,drift,1.0,persistent,0.0
Ahmedabad,temporal,baseline16,82,bias,0.0,persistent,
Ahmedabad,temporal,baseline16,82,bias,1.0,persistent,2.0
Ahmedabad,temporal,baseline16,82,bias,1.0,persistent,9.0
Ahmedabad,temporal,baseline16,82,bias,0.0,persistent,
Ahmedabad,temporal,baseline16,82,bias,0.0,persistent,
Ahmedabad,temporal,baseline16,82,bias,0.0,persistent,
Ahmedabad,temporal,baseline16,82,stuck_at,0.0,persistent,
Ahmedabad,temporal,baseline16,82,stuck_at,1.0,persistent,0.0
Ahmedabad,temporal,baseline16,82,stuck_at,1.0,persistent,0.0
Ahmedabad,temporal,baseline16,82,stuck_at,1.0,persistent,0.0
Ahmedabad,temporal,baseline16,82,stuck_at,1.0,persistent,0.0
Ahmedabad,temporal,baseline16,82,stuck_at,1.0,persistent,0.0
Ahmedabad,temporal,baseline16,82,noise_burst,1.0,persistent,2.0
Ahmedabad,temporal,baseline16,82,noise_burst,0.0,persistent,
Ahmedabad,temporal,baseline16,82,noise_burst,0.0,persistent,
Ahmedabad,temporal,baseline16,82,noise_burst,1.0,persistent,1.0
Ahmedabad,temporal,baseline16,82,noise_burst,1.0,persistent,1.0
Ahmedabad,temporal,baseline16,82,noise_burst,1.0,persistent,0.0
Ahmedabad,temporal,baseline16,82,intermittent_spikes,1.0,transient,0.0
Ahmedabad,temporal,baseline16,82,intermittent_spikes,1.0,transient,12.0
Ahmedabad,temporal,baseline16,82,intermittent_spikes,1.0,transient,0.0
Ahmedabad,temporal,baseline16,82,intermittent_spikes,1.0,transient,0.0
Ahmedabad,temporal,baseline16,82,intermittent_spikes,1.0,transient,0.0
Ahmedabad,temporal,baseline16,82,intermittent_spikes,1.0,transient,0.0
Ahmedabad,temporal,baseline16,82,drift_plus_noise,1.0,persistent,9.0
Ahmedabad,temporal,baseline16,82,drift_plus_noise,1.0,persistent,3.0
Ahmedabad,temporal,baseline16,82,drift_plus_noise,0.0,persistent,
Ahmedabad,temporal,baseline16,82,bias_plus_spikes,1.0,persistent,0.0
Ahmedabad,temporal,baseline16,82,bias_plus_spikes,1.0,persistent,0.0
Ahmedabad,temporal,baseline16,82,bias_plus_spikes,1.0,persistent,3.0
Ahmedabad,station,baseline16,82,spike,1.0,transient,0.0
Ahmedabad,station,baseline16,82,spike,0.0,transient,
Ahmedabad,station,baseline16,82,spike,1.0,transient,0.0
Ahmedabad,station,baseline16,82,spike,1.0,transient,0.0
Ahmedabad,station,baseline16,82,spike,1.0,transient,0.0
Ahmedabad,station,baseline16,82,spike,1.0,transient,0.0
Ahmedabad,station,baseline16,82,spike,1.0,transient,0.0
Ahmedabad,station,baseline16,82,spike,1.0,transient,0.0
Ahmedabad,station,baseline16,82,spike,0.0,transient,
Ahmedabad,station,baseline16,82,spike,1.0,transient,0.0
Ahmedabad,station,baseline16,82,spike,1.0,transient,0.0
Ahmedabad,station,baseline16,82,spike,0.0,transient,
Ahmedabad,station,baseline16,82,spike,1.0,transient,0.0
Ahmedabad,station,baseline16,82,spike,1.0,transient,0.0
Ahmedabad,station,baseline16,82,spike,1.0,transient,0.0
Ahmedabad,station,baseline16,82,spike,1.0,transient,0.0
Ahmedabad,station,baseline16,82,spike,1.0,transient,0.0
Ahmedabad,station,baseline16,82,spike,1.0,transient,0.0
Ahmedabad,station,baseline16,82,spike,1.0,transient,0.0
Ahmedabad,station,baseline16,82,spike,1.0,transient,0.0
Ahmedabad,station,baseline16,82,spike,1.0,transient,0.0
Ahmedabad,station,baseline16,82,spike,1.0,transient,0.0
Ahmedabad,station,baseline16,82,spike,0.0,transient,
Ahmedabad,station,baseline16,82,spike,1.0,transient,0.0
Ahmedabad,station,baseline16,82,drift,0.0,persistent,
Ahmedabad,station,baseline16,82,drift,1.0,persistent,4.0
Ahmedabad,station,baseline16,82,drift,0.0,persistent,
Ahmedabad,station,baseline16,82,drift,1.0,persistent,4.0
Ahmedabad,station,baseline16,82,drift,1.0,persistent,3.0
Ahmedabad,station,baseline16,82,drift,1.0,persistent,0.0
Ahmedabad,station,baseline16,82,bias,0.0,persistent,
Ahmedabad,station,baseline16,82,bias,1.0,persistent,2.0
Ahmedabad,station,baseline16,82,bias,1.0,persistent,0.0
Ahmedabad,station,baseline16,82,bias,0.0,persistent,
Ahmedabad,station,baseline16,82,bias,0.0,persistent,
Ahmedabad,station,baseline16,82,bias,0.0,persistent,
Ahmedabad,station,baseline16,82,stuck_at,0.0,persistent,
Ahmedabad,station,baseline16,82,stuck_at,1.0,persistent,0.0
Ahmedabad,station,baseline16,82,stuck_at,1.0,persistent,0.0
Ahmedabad,station,baseline16,82,stuck_at,1.0,persistent,0.0
Ahmedabad,station,baseline16,82,stuck_at,1.0,persistent,0.0
Ahmedabad,station,baseline16,82,stuck_at,1.0,persistent,0.0
Ahmedabad,station,baseline16,82,noise_burst,1.0,persistent,2.0
Ahmedabad,station,baseline16,82,noise_burst,0.0,persistent,
Ahmedabad,station,baseline16,82,noise_burst,0.0,persistent,
Ahmedabad,station,baseline16,82,noise_burst,1.0,persistent,1.0
Ahmedabad,station,baseline16,82,noise_burst,1.0,persistent,1.0
Ahmedabad,station,baseline16,82,noise_burst,1.0,persistent,0.0
Ahmedabad,station,baseline16,82,intermittent_spikes,1.0,transient,0.0
Ahmedabad,station,baseline16,82,intermittent_spikes,1.0,transient,12.0
Ahmedabad,station,baseline16,82,intermittent_spikes,1.0,transient,0.0
Ahmedabad,station,baseline16,82,intermittent_spikes,1.0,transient,0.0
Ahmedabad,station,baseline16,82,intermittent_spikes,1.0,transient,0.0
Ahmedabad,station,baseline16,82,intermittent_spikes,1.0,transient,0.0
Ahmedabad,station,baseline16,82,drift_plus_noise,1.0,persistent,4.0
Ahmedabad,station,baseline16,82,drift_plus_noise,1.0,persistent,7.0
Ahmedabad,station,baseline16,82,drift_plus_noise,0.0,persistent,
Ahmedabad,station,baseline16,82,bias_plus_spikes,1.0,persistent,0.0
Ahmedabad,station,baseline16,82,bias_plus_spikes,1.0,persistent,0.0
Ahmedabad,station,baseline16,82,bias_plus_spikes,1.0,persistent,3.0
Ahmedabad,in_domain,baseline16,93,spike,1.0,transient,0.0
Ahmedabad,in_domain,baseline16,93,spike,1.0,transient,0.0
Ahmedabad,in_domain,baseline16,93,spike,1.0,transient,0.0
Ahmedabad,in_domain,baseline16,93,spike,0.0,transient,
Ahmedabad,in_domain,baseline16,93,spike,1.0,transient,0.0
Ahmedabad,in_domain,baseline16,93,spike,1.0,transient,0.0
Ahmedabad,in_domain,baseline16,93,spike,1.0,transient,0.0
Ahmedabad,in_domain,baseline16,93,spike,1.0,transient,0.0
Ahmedabad,in_domain,baseline16,93,spike,1.0,transient,0.0
Ahmedabad,in_domain,baseline16,93,spike,0.0,transient,
Ahmedabad,in_domain,baseline16,93,spike,1.0,transient,0.0
Ahmedabad,in_domain,baseline16,93,spike,1.0,transient,0.0
Ahmedabad,in_domain,baseline16,93,spike,1.0,transient,0.0
Ahmedabad,in_domain,baseline16,93,spike,1.0,transient,0.0
Ahmedabad,in_domain,baseline16,93,spike,1.0,transient,0.0
Ahmedabad,in_domain,baseline16,93,spike,1.0,transient,0.0
Ahmedabad,in_domain,baseline16,93,spike,1.0,transient,0.0
Ahmedabad,in_domain,baseline16,93,spike,1.0,transient,0.0
Ahmedabad,in_domain,baseline16,93,spike,0.0,transient,
Ahmedabad,in_domain,baseline16,93,spike,1.0,transient,0.0
Ahmedabad,in_domain,baseline16,93,spike,1.0,transient,0.0
Ahmedabad,in_domain,baseline16,93,spike,1.0,transient,0.0
Ahmedabad,in_domain,baseline16,93,spike,1.0,transient,0.0
Ahmedabad,in_domain,baseline16,93,spike,1.0,transient,0.0
Ahmedabad,in_domain,baseline16,93,drift,1.0,persistent,5.0
Ahmedabad,in_domain,baseline16,93,drift,1.0,persistent,5.0
Ahmedabad,in_domain,baseline16,93,drift,0.0,persistent,
Ahmedabad,in_domain,baseline16,93,drift,1.0,persistent,3.0
Ahmedabad,in_domain,baseline16,93,drift,0.0,persistent,
Ahmedabad,in_domain,baseline16,93,drift,1.0,persistent,8.0
Ahmedabad,in_domain,baseline16,93,bias,0.0,persistent,
Ahmedabad,in_domain,baseline16,93,bias,1.0,persistent,0.0
Ahmedabad,in_domain,baseline16,93,bias,0.0,persistent,
Ahmedabad,in_domain,baseline16,93,bias,0.0,persistent,
Ahmedabad,in_domain,baseline16,93,bias,1.0,persistent,1.0
Ahmedabad,in_domain,baseline16,93,bias,1.0,persistent,9.0
Ahmedabad,in_domain,baseline16,93,stuck_at,1.0,persistent,0.0
Ahmedabad,in_domain,baseline16,93,stuck_at,1.0,persistent,0.0
Ahmedabad,in_domain,baseline16,93,stuck_at,1.0,persistent,0.0
Ahmedabad,in_domain,baseline16,93,stuck_at,1.0,persistent,0.0
Ahmedabad,in_domain,baseline16,93,stuck_at,1.0,persistent,0.0
Ahmedabad,in_domain,baseline16,93,stuck_at,1.0,persistent,0.0
Ahmedabad,in_domain,baseline16,93,noise_burst,1.0,persistent,4.0
Ahmedabad,in_domain,baseline16,93,noise_burst,0.0,persistent,
Ahmedabad,in_domain,baseline16,93,noise_burst,1.0,persistent,3.0
Ahmedabad,in_domain,baseline16,93,noise_burst,1.0,persistent,0.0
Ahmedabad,in_domain,baseline16,93,noise_burst,1.0,persistent,3.0
Ahmedabad,in_domain,baseline16,93,noise_burst,1.0,persistent,1.0
Ahmedabad,in_domain,baseline16,93,intermittent_spikes,1.0,transient,0.0
Ahmedabad,in_domain,baseline16,93,intermittent_spikes,1.0,transient,0.0
Ahmedabad,in_domain,baseline16,93,intermittent_spikes,1.0,transient,0.0
Ahmedabad,in_domain,baseline16,93,intermittent_spikes,1.0,transient,0.0
Ahmedabad,in_domain,baseline16,93,intermittent_spikes,1.0,transient,0.0
Ahmedabad,in_domain,baseline16,93,intermittent_spikes,1.0,transient,13.0
Ahmedabad,in_domain,baseline16,93,drift_plus_noise,1.0,persistent,2.0
Ahmedabad,in_domain,baseline16,93,drift_plus_noise,1.0,persistent,13.0
Ahmedabad,in_domain,baseline16,93,drift_plus_noise,1.0,persistent,3.0
Ahmedabad,in_domain,baseline16,93,bias_plus_spikes,1.0,persistent,0.0
Ahmedabad,in_domain,baseline16,93,bias_plus_spikes,1.0,persistent,0.0
Ahmedabad,in_domain,baseline16,93,bias_plus_spikes,1.0,persistent,1.0
Ahmedabad,temporal,baseline16,93,spike,1.0,transient,0.0
Ahmedabad,temporal,baseline16,93,spike,0.0,transient,
Ahmedabad,temporal,baseline16,93,spike,1.0,transient,0.0
Ahmedabad,temporal,baseline16,93,spike,1.0,transient,0.0
Ahmedabad,temporal,baseline16,93,spike,1.0,transient,0.0
Ahmedabad,temporal,baseline16,93,spike,1.0,transient,0.0
Ahmedabad,temporal,baseline16,93,spike,1.0,transient,0.0
Ahmedabad,temporal,baseline16,93,spike,1.0,transient,0.0
Ahmedabad,temporal,baseline16,93,spike,0.0,transient,
Ahmedabad,temporal,baseline16,93,spike,1.0,transient,0.0
Ahmedabad,temporal,baseline16,93,spike,1.0,transient,0.0
Ahmedabad,temporal,baseline16,93,spike,1.0,transient,0.0
Ahmedabad,temporal,baseline16,93,spike,1.0,transient,0.0
Ahmedabad,temporal,baseline16,93,spike,1.0,transient,0.0
Ahmedabad,temporal,baseline16,93,spike,1.0,transient,0.0
Ahmedabad,temporal,baseline16,93,spike,1.0,transient,0.0
Ahmedabad,temporal,baseline16,93,spike,0.0,transient,
Ahmedabad,temporal,baseline16,93,spike,1.0,transient,0.0
Ahmedabad,temporal,baseline16,93,spike,1.0,transient,0.0
Ahmedabad,temporal,baseline16,93,spike,1.0,transient,0.0
Ahmedabad,temporal,baseline16,93,spike,1.0,transient,0.0
Ahmedabad,temporal,baseline16,93,spike,1.0,transient,0.0
Ahmedabad,temporal,baseline16,93,spike,0.0,transient,
Ahmedabad,temporal,baseline16,93,spike,1.0,transient,0.0
Ahmedabad,temporal,baseline16,93,drift,1.0,persistent,12.0
Ahmedabad,temporal,baseline16,93,drift,1.0,persistent,4.0
Ahmedabad,temporal,baseline16,93,drift,0.0,persistent,
Ahmedabad,temporal,baseline16,93,drift,1.0,persistent,7.0
Ahmedabad,temporal,baseline16,93,drift,1.0,persistent,5.0
Ahmedabad,temporal,baseline16,93,drift,1.0,persistent,10.0
Ahmedabad,temporal,baseline16,93,bias,0.0,persistent,
Ahmedabad,temporal,baseline16,93,bias,0.0,persistent,
Ahmedabad,temporal,baseline16,93,bias,1.0,persistent,12.0
Ahmedabad,temporal,baseline16,93,bias,0.0,persistent,
Ahmedabad,temporal,baseline16,93,bias,1.0,persistent,7.0
Ahmedabad,temporal,baseline16,93,bias,1.0,persistent,3.0
Ahmedabad,temporal,baseline16,93,stuck_at,1.0,persistent,0.0
Ahmedabad,temporal,baseline16,93,stuck_at,1.0,persistent,0.0
Ahmedabad,temporal,baseline16,93,stuck_at,1.0,persistent,0.0
Ahmedabad,temporal,baseline16,93,stuck_at,1.0,persistent,0.0
Ahmedabad,temporal,baseline16,93,stuck_at,1.0,persistent,0.0
Ahmedabad,temporal,baseline16,93,stuck_at,1.0,persistent,0.0
Ahmedabad,temporal,baseline16,93,noise_burst,0.0,persistent,
Ahmedabad,temporal,baseline16,93,noise_burst,1.0,persistent,8.0
Ahmedabad,temporal,baseline16,93,noise_burst,0.0,persistent,
Ahmedabad,temporal,baseline16,93,noise_burst,1.0,persistent,3.0
Ahmedabad,temporal,baseline16,93,noise_burst,1.0,persistent,4.0
Ahmedabad,temporal,baseline16,93,noise_burst,1.0,persistent,1.0
Ahmedabad,temporal,baseline16,93,intermittent_spikes,1.0,transient,0.0
Ahmedabad,temporal,baseline16,93,intermittent_spikes,1.0,transient,0.0
Ahmedabad,temporal,baseline16,93,intermittent_spikes,1.0,transient,0.0
Ahmedabad,temporal,baseline16,93,intermittent_spikes,1.0,transient,2.0
Ahmedabad,temporal,baseline16,93,intermittent_spikes,1.0,transient,0.0
Ahmedabad,temporal,baseline16,93,intermittent_spikes,1.0,transient,13.0
Ahmedabad,temporal,baseline16,93,drift_plus_noise,1.0,persistent,4.0
Ahmedabad,temporal,baseline16,93,drift_plus_noise,1.0,persistent,4.0
Ahmedabad,temporal,baseline16,93,drift_plus_noise,1.0,persistent,0.0
Ahmedabad,temporal,baseline16,93,bias_plus_spikes,1.0,persistent,0.0
Ahmedabad,temporal,baseline16,93,bias_plus_spikes,1.0,persistent,1.0
Ahmedabad,temporal,baseline16,93,bias_plus_spikes,1.0,persistent,2.0
Ahmedabad,station,baseline16,93,spike,1.0,transient,0.0
Ahmedabad,station,baseline16,93,spike,0.0,transient,
Ahmedabad,station,baseline16,93,spike,1.0,transient,0.0
Ahmedabad,station,baseline16,93,spike,1.0,transient,0.0
Ahmedabad,station,baseline16,93,spike,1.0,transient,0.0
Ahmedabad,station,baseline16,93,spike,0.0,transient,
Ahmedabad,station,baseline16,93,spike,1.0,transient,0.0
Ahmedabad,station,baseline16,93,spike,1.0,transient,0.0
Ahmedabad,station,baseline16,93,spike,1.0,transient,0.0
Ahmedabad,station,baseline16,93,spike,1.0,transient,0.0
Ahmedabad,station,baseline16,93,spike,1.0,transient,0.0
Ahmedabad,station,baseline16,93,spike,1.0,transient,0.0
Ahmedabad,station,baseline16,93,spike,1.0,transient,0.0
Ahmedabad,station,baseline16,93,spike,1.0,transient,0.0
Ahmedabad,station,baseline16,93,spike,1.0,transient,0.0
Ahmedabad,station,baseline16,93,spike,1.0,transient,0.0
Ahmedabad,station,baseline16,93,spike,0.0,transient,
Ahmedabad,station,baseline16,93,spike,1.0,transient,0.0
Ahmedabad,station,baseline16,93,spike,1.0,transient,0.0
Ahmedabad,station,baseline16,93,spike,1.0,transient,0.0
Ahmedabad,station,baseline16,93,spike,1.0,transient,0.0
Ahmedabad,station,baseline16,93,spike,1.0,transient,0.0
Ahmedabad,station,baseline16,93,spike,1.0,transient,0.0
Ahmedabad,station,baseline16,93,spike,1.0,transient,0.0
Ahmedabad,station,baseline16,93,drift,1.0,persistent,14.0
Ahmedabad,station,baseline16,93,drift,1.0,persistent,7.0
Ahmedabad,station,baseline16,93,drift,0.0,persistent,
Ahmedabad,station,baseline16,93,drift,1.0,persistent,7.0
Ahmedabad,station,baseline16,93,drift,1.0,persistent,5.0
Ahmedabad,station,baseline16,93,drift,1.0,persistent,9.0
Ahmedabad,station,baseline16,93,bias,0.0,persistent,
Ahmedabad,station,baseline16,93,bias,0.0,persistent,
Ahmedabad,station,baseline16,93,bias,1.0,persistent,11.0
Ahmedabad,station,baseline16,93,bias,0.0,persistent,
Ahmedabad,station,baseline16,93,bias,1.0,persistent,7.0
Ahmedabad,station,baseline16,93,bias,1.0,persistent,3.0
Ahmedabad,station,baseline16,93,stuck_at,1.0,persistent,0.0
Ahmedabad,station,baseline16,93,stuck_at,1.0,persistent,0.0
Ahmedabad,station,baseline16,93,stuck_at,1.0,persistent,0.0
Ahmedabad,station,baseline16,93,stuck_at,1.0,persistent,0.0
Ahmedabad,station,baseline16,93,stuck_at,1.0,persistent,0.0
Ahmedabad,station,baseline16,93,stuck_at,1.0,persistent,0.0
Ahmedabad,station,baseline16,93,noise_burst,0.0,persistent,
Ahmedabad,station,baseline16,93,noise_burst,1.0,persistent,8.0
Ahmedabad,station,baseline16,93,noise_burst,0.0,persistent,
Ahmedabad,station,baseline16,93,noise_burst,1.0,persistent,2.0
Ahmedabad,station,baseline16,93,noise_burst,1.0,persistent,5.0
Ahmedabad,station,baseline16,93,noise_burst,1.0,persistent,1.0
Ahmedabad,station,baseline16,93,intermittent_spikes,1.0,transient,0.0
Ahmedabad,station,baseline16,93,intermittent_spikes,1.0,transient,0.0
Ahmedabad,station,baseline16,93,intermittent_spikes,1.0,transient,0.0
Ahmedabad,station,baseline16,93,intermittent_spikes,1.0,transient,2.0
Ahmedabad,station,baseline16,93,intermittent_spikes,1.0,transient,0.0
Ahmedabad,station,baseline16,93,intermittent_spikes,1.0,transient,13.0
Ahmedabad,station,baseline16,93,drift_plus_noise,1.0,persistent,15.0
Ahmedabad,station,baseline16,93,drift_plus_noise,1.0,persistent,4.0
Ahmedabad,station,baseline16,93,drift_plus_noise,1.0,persistent,0.0
Ahmedabad,station,baseline16,93,bias_plus_spikes,1.0,persistent,0.0
Ahmedabad,station,baseline16,93,bias_plus_spikes,1.0,persistent,1.0
Ahmedabad,station,baseline16,93,bias_plus_spikes,1.0,persistent,0.0
Ahmedabad,in_domain,dual18,71,spike,1.0,transient,0.0
Ahmedabad,in_domain,dual18,71,spike,1.0,transient,0.0
Ahmedabad,in_domain,dual18,71,spike,1.0,transient,0.0
Ahmedabad,in_domain,dual18,71,spike,1.0,transient,0.0
Ahmedabad,in_domain,dual18,71,spike,0.0,transient,
Ahmedabad,in_domain,dual18,71,spike,1.0,transient,0.0
Ahmedabad,in_domain,dual18,71,spike,1.0,transient,0.0
Ahmedabad,in_domain,dual18,71,spike,1.0,transient,0.0
Ahmedabad,in_domain,dual18,71,spike,1.0,transient,0.0
Ahmedabad,in_domain,dual18,71,spike,1.0,transient,0.0
Ahmedabad,in_domain,dual18,71,spike,0.0,transient,
Ahmedabad,in_domain,dual18,71,spike,1.0,transient,0.0
Ahmedabad,in_domain,dual18,71,spike,1.0,transient,0.0
Ahmedabad,in_domain,dual18,71,spike,1.0,transient,0.0
Ahmedabad,in_domain,dual18,71,spike,1.0,transient,0.0
Ahmedabad,in_domain,dual18,71,spike,1.0,transient,0.0
Ahmedabad,in_domain,dual18,71,spike,1.0,transient,0.0
Ahmedabad,in_domain,dual18,71,spike,1.0,transient,0.0
Ahmedabad,in_domain,dual18,71,spike,1.0,transient,0.0
Ahmedabad,in_domain,dual18,71,spike,1.0,transient,0.0
Ahmedabad,in_domain,dual18,71,spike,1.0,transient,0.0
Ahmedabad,in_domain,dual18,71,spike,1.0,transient,0.0
Ahmedabad,in_domain,dual18,71,spike,1.0,transient,1.0
Ahmedabad,in_domain,dual18,71,spike,1.0,transient,0.0
Ahmedabad,in_domain,dual18,71,drift,1.0,persistent,6.0
Ahmedabad,in_domain,dual18,71,drift,0.0,persistent,
Ahmedabad,in_domain,dual18,71,drift,1.0,persistent,14.0
Ahmedabad,in_domain,dual18,71,drift,1.0,persistent,14.0
Ahmedabad,in_domain,dual18,71,drift,1.0,persistent,10.0
Ahmedabad,in_domain,dual18,71,drift,1.0,persistent,4.0
Ahmedabad,in_domain,dual18,71,bias,1.0,persistent,4.0
Ahmedabad,in_domain,dual18,71,bias,0.0,persistent,
Ahmedabad,in_domain,dual18,71,bias,1.0,persistent,4.0
Ahmedabad,in_domain,dual18,71,bias,1.0,persistent,0.0
Ahmedabad,in_domain,dual18,71,bias,1.0,persistent,4.0
Ahmedabad,in_domain,dual18,71,bias,0.0,persistent,
Ahmedabad,in_domain,dual18,71,stuck_at,1.0,persistent,0.0
Ahmedabad,in_domain,dual18,71,stuck_at,0.0,persistent,
Ahmedabad,in_domain,dual18,71,stuck_at,1.0,persistent,0.0
Ahmedabad,in_domain,dual18,71,stuck_at,1.0,persistent,0.0
Ahmedabad,in_domain,dual18,71,stuck_at,1.0,persistent,0.0
Ahmedabad,in_domain,dual18,71,stuck_at,1.0,persistent,0.0
Ahmedabad,in_domain,dual18,71,noise_burst,1.0,persistent,1.0
Ahmedabad,in_domain,dual18,71,noise_burst,0.0,persistent,
Ahmedabad,in_domain,dual18,71,noise_burst,0.0,persistent,
Ahmedabad,in_domain,dual18,71,noise_burst,1.0,persistent,0.0
Ahmedabad,in_domain,dual18,71,noise_burst,1.0,persistent,0.0
Ahmedabad,in_domain,dual18,71,noise_burst,1.0,persistent,5.0
Ahmedabad,in_domain,dual18,71,intermittent_spikes,1.0,transient,0.0
Ahmedabad,in_domain,dual18,71,intermittent_spikes,1.0,transient,0.0
Ahmedabad,in_domain,dual18,71,intermittent_spikes,1.0,transient,0.0
Ahmedabad,in_domain,dual18,71,intermittent_spikes,1.0,transient,0.0
Ahmedabad,in_domain,dual18,71,intermittent_spikes,1.0,transient,0.0
Ahmedabad,in_domain,dual18,71,intermittent_spikes,1.0,transient,0.0
Ahmedabad,in_domain,dual18,71,drift_plus_noise,1.0,persistent,5.0
Ahmedabad,in_domain,dual18,71,drift_plus_noise,1.0,persistent,4.0
Ahmedabad,in_domain,dual18,71,drift_plus_noise,1.0,persistent,12.0
Ahmedabad,in_domain,dual18,71,bias_plus_spikes,1.0,persistent,3.0
Ahmedabad,in_domain,dual18,71,bias_plus_spikes,1.0,persistent,0.0
Ahmedabad,in_domain,dual18,71,bias_plus_spikes,1.0,persistent,7.0
Ahmedabad,temporal,dual18,71,spike,1.0,transient,0.0
Ahmedabad,temporal,dual18,71,spike,1.0,transient,0.0
Ahmedabad,temporal,dual18,71,spike,1.0,transient,0.0
Ahmedabad,temporal,dual18,71,spike,1.0,transient,0.0
Ahmedabad,temporal,dual18,71,spike,1.0,transient,0.0
Ahmedabad,temporal,dual18,71,spike,0.0,transient,
Ahmedabad,temporal,dual18,71,spike,1.0,transient,0.0
Ahmedabad,temporal,dual18,71,spike,1.0,transient,0.0
Ahmedabad,temporal,dual18,71,spike,0.0,transient,
Ahmedabad,temporal,dual18,71,spike,1.0,transient,0.0
Ahmedabad,temporal,dual18,71,spike,1.0,transient,0.0
Ahmedabad,temporal,dual18,71,spike,1.0,transient,0.0
Ahmedabad,temporal,dual18,71,spike,1.0,transient,0.0
Ahmedabad,temporal,dual18,71,spike,1.0,transient,0.0
Ahmedabad,temporal,dual18,71,spike,1.0,transient,0.0
Ahmedabad,temporal,dual18,71,spike,1.0,transient,0.0
Ahmedabad,temporal,dual18,71,spike,1.0,transient,0.0
Ahmedabad,temporal,dual18,71,spike,1.0,transient,0.0
Ahmedabad,temporal,dual18,71,spike,1.0,transient,0.0
Ahmedabad,temporal,dual18,71,spike,1.0,transient,0.0
Ahmedabad,temporal,dual18,71,spike,0.0,transient,
Ahmedabad,temporal,dual18,71,spike,1.0,transient,0.0
Ahmedabad,temporal,dual18,71,spike,1.0,transient,0.0
Ahmedabad,temporal,dual18,71,spike,0.0,transient,
Ahmedabad,temporal,dual18,71,drift,0.0,persistent,
Ahmedabad,temporal,dual18,71,drift,0.0,persistent,
Ahmedabad,temporal,dual18,71,drift,1.0,persistent,13.0
Ahmedabad,temporal,dual18,71,drift,0.0,persistent,
Ahmedabad,temporal,dual18,71,drift,1.0,persistent,0.0
Ahmedabad,temporal,dual18,71,drift,1.0,persistent,8.0
Ahmedabad,temporal,dual18,71,bias,0.0,persistent,
Ahmedabad,temporal,dual18,71,bias,0.0,persistent,
Ahmedabad,temporal,dual18,71,bias,1.0,persistent,0.0
Ahmedabad,temporal,dual18,71,bias,0.0,persistent,
Ahmedabad,temporal,dual18,71,bias,0.0,persistent,
Ahmedabad,temporal,dual18,71,bias,0.0,persistent,
Ahmedabad,temporal,dual18,71,stuck_at,1.0,persistent,0.0
Ahmedabad,temporal,dual18,71,stuck_at,0.0,persistent,
Ahmedabad,temporal,dual18,71,stuck_at,1.0,persistent,0.0
Ahmedabad,temporal,dual18,71,stuck_at,1.0,persistent,0.0
Ahmedabad,temporal,dual18,71,stuck_at,1.0,persistent,0.0
Ahmedabad,temporal,dual18,71,stuck_at,1.0,persistent,0.0
Ahmedabad,temporal,dual18,71,noise_burst,0.0,persistent,
Ahmedabad,temporal,dual18,71,noise_burst,0.0,persistent,
Ahmedabad,temporal,dual18,71,noise_burst,1.0,persistent,10.0
Ahmedabad,temporal,dual18,71,noise_burst,1.0,persistent,0.0
Ahmedabad,temporal,dual18,71,noise_burst,1.0,persistent,1.0
Ahmedabad,temporal,dual18,71,noise_burst,0.0,persistent,
Ahmedabad,temporal,dual18,71,intermittent_spikes,1.0,transient,0.0
Ahmedabad,temporal,dual18,71,intermittent_spikes,1.0,transient,0.0
Ahmedabad,temporal,dual18,71,intermittent_spikes,1.0,transient,0.0
Ahmedabad,temporal,dual18,71,intermittent_spikes,1.0,transient,0.0
Ahmedabad,temporal,dual18,71,intermittent_spikes,1.0,transient,0.0
Ahmedabad,temporal,dual18,71,intermittent_spikes,1.0,transient,0.0
Ahmedabad,temporal,dual18,71,drift_plus_noise,1.0,persistent,1.0
Ahmedabad,temporal,dual18,71,drift_plus_noise,0.0,persistent,
Ahmedabad,temporal,dual18,71,drift_plus_noise,1.0,persistent,1.0
Ahmedabad,temporal,dual18,71,bias_plus_spikes,1.0,persistent,0.0
Ahmedabad,temporal,dual18,71,bias_plus_spikes,1.0,persistent,7.0
Ahmedabad,temporal,dual18,71,bias_plus_spikes,1.0,persistent,8.0
Ahmedabad,station,dual18,71,spike,1.0,transient,0.0
Ahmedabad,station,dual18,71,spike,1.0,transient,0.0
Ahmedabad,station,dual18,71,spike,1.0,transient,0.0
Ahmedabad,station,dual18,71,spike,1.0,transient,0.0
Ahmedabad,station,dual18,71,spike,1.0,transient,0.0
Ahmedabad,station,dual18,71,spike,0.0,transient,
Ahmedabad,station,dual18,71,spike,1.0,transient,0.0
Ahmedabad,station,dual18,71,spike,1.0,transient,0.0
Ahmedabad,station,dual18,71,spike,0.0,transient,
Ahmedabad,station,dual18,71,spike,1.0,transient,0.0
Ahmedabad,station,dual18,71,spike,0.0,transient,
Ahmedabad,station,dual18,71,spike,1.0,transient,0.0
Ahmedabad,station,dual18,71,spike,1.0,transient,0.0
Ahmedabad,station,dual18,71,spike,1.0,transient,0.0
Ahmedabad,station,dual18,71,spike,0.0,transient,
Ahmedabad,station,dual18,71,spike,1.0,transient,0.0
Ahmedabad,station,dual18,71,spike,1.0,transient,0.0
Ahmedabad,station,dual18,71,spike,1.0,transient,0.0
Ahmedabad,station,dual18,71,spike,1.0,transient,0.0
Ahmedabad,station,dual18,71,spike,1.0,transient,0.0
Ahmedabad,station,dual18,71,spike,0.0,transient,
Ahmedabad,station,dual18,71,spike,1.0,transient,0.0
Ahmedabad,station,dual18,71,spike,1.0,transient,0.0
Ahmedabad,station,dual18,71,spike,0.0,transient,
Ahmedabad,station,dual18,71,drift,0.0,persistent,
Ahmedabad,station,dual18,71,drift,0.0,persistent,
Ahmedabad,station,dual18,71,drift,1.0,persistent,5.0
Ahmedabad,station,dual18,71,drift,0.0,persistent,
Ahmedabad,station,dual18,71,drift,1.0,persistent,0.0
Ahmedabad,station,dual18,71,drift,1.0,persistent,7.0
Ahmedabad,station,dual18,71,bias,1.0,persistent,0.0
Ahmedabad,station,dual18,71,bias,0.0,persistent,
Ahmedabad,station,dual18,71,bias,1.0,persistent,0.0
Ahmedabad,station,dual18,71,bias,1.0,persistent,7.0
Ahmedabad,station,dual18,71,bias,1.0,persistent,5.0
Ahmedabad,station,dual18,71,bias,0.0,persistent,
Ahmedabad,station,dual18,71,stuck_at,1.0,persistent,0.0
Ahmedabad,station,dual18,71,stuck_at,0.0,persistent,
Ahmedabad,station,dual18,71,stuck_at,1.0,persistent,0.0
Ahmedabad,station,dual18,71,stuck_at,1.0,persistent,0.0
Ahmedabad,station,dual18,71,stuck_at,1.0,persistent,0.0
Ahmedabad,station,dual18,71,stuck_at,1.0,persistent,0.0
Ahmedabad,station,dual18,71,noise_burst,0.0,persistent,
Ahmedabad,station,dual18,71,noise_burst,0.0,persistent,
Ahmedabad,station,dual18,71,noise_burst,1.0,persistent,11.0
Ahmedabad,station,dual18,71,noise_burst,1.0,persistent,0.0
Ahmedabad,station,dual18,71,noise_burst,1.0,persistent,0.0
Ahmedabad,station,dual18,71,noise_burst,0.0,persistent,
Ahmedabad,station,dual18,71,intermittent_spikes,1.0,transient,3.0
Ahmedabad,station,dual18,71,intermittent_spikes,0.0,transient,
Ahmedabad,station,dual18,71,intermittent_spikes,1.0,transient,0.0
Ahmedabad,station,dual18,71,intermittent_spikes,1.0,transient,0.0
Ahmedabad,station,dual18,71,intermittent_spikes,1.0,transient,0.0
Ahmedabad,station,dual18,71,intermittent_spikes,1.0,transient,0.0
Ahmedabad,station,dual18,71,drift_plus_noise,1.0,persistent,1.0
Ahmedabad,station,dual18,71,drift_plus_noise,0.0,persistent,
Ahmedabad,station,dual18,71,drift_plus_noise,1.0,persistent,1.0
Ahmedabad,station,dual18,71,bias_plus_spikes,1.0,persistent,0.0
Ahmedabad,station,dual18,71,bias_plus_spikes,1.0,persistent,7.0
Ahmedabad,station,dual18,71,bias_plus_spikes,1.0,persistent,8.0
Ahmedabad,in_domain,dual18,82,spike,1.0,transient,0.0
Ahmedabad,in_domain,dual18,82,spike,1.0,transient,0.0
Ahmedabad,in_domain,dual18,82,spike,1.0,transient,0.0
Ahmedabad,in_domain,dual18,82,spike,1.0,transient,0.0
Ahmedabad,in_domain,dual18,82,spike,1.0,transient,0.0
Ahmedabad,in_domain,dual18,82,spike,0.0,transient,
Ahmedabad,in_domain,dual18,82,spike,0.0,transient,
Ahmedabad,in_domain,dual18,82,spike,1.0,transient,0.0
Ahmedabad,in_domain,dual18,82,spike,1.0,transient,0.0
Ahmedabad,in_domain,dual18,82,spike,1.0,transient,0.0
Ahmedabad,in_domain,dual18,82,spike,1.0,transient,0.0
Ahmedabad,in_domain,dual18,82,spike,1.0,transient,0.0
Ahmedabad,in_domain,dual18,82,spike,1.0,transient,0.0
Ahmedabad,in_domain,dual18,82,spike,1.0,transient,0.0
Ahmedabad,in_domain,dual18,82,spike,1.0,transient,0.0
Ahmedabad,in_domain,dual18,82,spike,1.0,transient,0.0
Ahmedabad,in_domain,dual18,82,spike,1.0,transient,0.0
Ahmedabad,in_domain,dual18,82,spike,1.0,transient,0.0
Ahmedabad,in_domain,dual18,82,spike,1.0,transient,0.0
Ahmedabad,in_domain,dual18,82,spike,1.0,transient,0.0
Ahmedabad,in_domain,dual18,82,spike,1.0,transient,0.0
Ahmedabad,in_domain,dual18,82,spike,1.0,transient,0.0
Ahmedabad,in_domain,dual18,82,spike,1.0,transient,0.0
Ahmedabad,in_domain,dual18,82,spike,0.0,transient,
Ahmedabad,in_domain,dual18,82,drift,0.0,persistent,
Ahmedabad,in_domain,dual18,82,drift,1.0,persistent,10.0
Ahmedabad,in_domain,dual18,82,drift,1.0,persistent,3.0
Ahmedabad,in_domain,dual18,82,drift,1.0,persistent,1.0
Ahmedabad,in_domain,dual18,82,drift,1.0,persistent,8.0
Ahmedabad,in_domain,dual18,82,drift,1.0,persistent,2.0
Ahmedabad,in_domain,dual18,82,bias,1.0,persistent,4.0
Ahmedabad,in_domain,dual18,82,bias,1.0,persistent,0.0
Ahmedabad,in_domain,dual18,82,bias,0.0,persistent,
Ahmedabad,in_domain,dual18,82,bias,1.0,persistent,1.0
Ahmedabad,in_domain,dual18,82,bias,0.0,persistent,
Ahmedabad,in_domain,dual18,82,bias,1.0,persistent,1.0
Ahmedabad,in_domain,dual18,82,stuck_at,1.0,persistent,2.0
Ahmedabad,in_domain,dual18,82,stuck_at,1.0,persistent,0.0
Ahmedabad,in_domain,dual18,82,stuck_at,1.0,persistent,0.0
Ahmedabad,in_domain,dual18,82,stuck_at,1.0,persistent,0.0
Ahmedabad,in_domain,dual18,82,stuck_at,1.0,persistent,0.0
Ahmedabad,in_domain,dual18,82,stuck_at,1.0,persistent,0.0
Ahmedabad,in_domain,dual18,82,noise_burst,1.0,persistent,1.0
Ahmedabad,in_domain,dual18,82,noise_burst,1.0,persistent,2.0
Ahmedabad,in_domain,dual18,82,noise_burst,1.0,persistent,0.0
Ahmedabad,in_domain,dual18,82,noise_burst,1.0,persistent,3.0
Ahmedabad,in_domain,dual18,82,noise_burst,1.0,persistent,1.0
Ahmedabad,in_domain,dual18,82,noise_burst,1.0,persistent,0.0
Ahmedabad,in_domain,dual18,82,intermittent_spikes,1.0,transient,0.0
Ahmedabad,in_domain,dual18,82,intermittent_spikes,1.0,transient,0.0
Ahmedabad,in_domain,dual18,82,intermittent_spikes,1.0,transient,0.0
Ahmedabad,in_domain,dual18,82,intermittent_spikes,1.0,transient,0.0
Ahmedabad,in_domain,dual18,82,intermittent_spikes,1.0,transient,0.0
Ahmedabad,in_domain,dual18,82,intermittent_spikes,1.0,transient,0.0
Ahmedabad,in_domain,dual18,82,drift_plus_noise,1.0,persistent,14.0
Ahmedabad,in_domain,dual18,82,drift_plus_noise,1.0,persistent,2.0
Ahmedabad,in_domain,dual18,82,drift_plus_noise,1.0,persistent,4.0
Ahmedabad,in_domain,dual18,82,bias_plus_spikes,1.0,persistent,0.0
Ahmedabad,in_domain,dual18,82,bias_plus_spikes,1.0,persistent,0.0
Ahmedabad,in_domain,dual18,82,bias_plus_spikes,1.0,persistent,5.0
Ahmedabad,temporal,dual18,82,spike,1.0,transient,0.0
Ahmedabad,temporal,dual18,82,spike,0.0,transient,
Ahmedabad,temporal,dual18,82,spike,1.0,transient,0.0
Ahmedabad,temporal,dual18,82,spike,1.0,transient,0.0
Ahmedabad,temporal,dual18,82,spike,0.0,transient,
Ahmedabad,temporal,dual18,82,spike,1.0,transient,0.0
Ahmedabad,temporal,dual18,82,spike,1.0,transient,0.0
Ahmedabad,temporal,dual18,82,spike,1.0,transient,0.0
Ahmedabad,temporal,dual18,82,spike,0.0,transient,
Ahmedabad,temporal,dual18,82,spike,1.0,transient,0.0
Ahmedabad,temporal,dual18,82,spike,1.0,transient,0.0
Ahmedabad,temporal,dual18,82,spike,1.0,transient,0.0
Ahmedabad,temporal,dual18,82,spike,1.0,transient,0.0
Ahmedabad,temporal,dual18,82,spike,1.0,transient,0.0
Ahmedabad,temporal,dual18,82,spike,1.0,transient,0.0
Ahmedabad,temporal,dual18,82,spike,1.0,transient,0.0
Ahmedabad,temporal,dual18,82,spike,1.0,transient,0.0
Ahmedabad,temporal,dual18,82,spike,1.0,transient,0.0
Ahmedabad,temporal,dual18,82,spike,1.0,transient,0.0
Ahmedabad,temporal,dual18,82,spike,1.0,transient,0.0
Ahmedabad,temporal,dual18,82,spike,1.0,transient,0.0
Ahmedabad,temporal,dual18,82,spike,1.0,transient,0.0
Ahmedabad,temporal,dual18,82,spike,0.0,transient,
Ahmedabad,temporal,dual18,82,spike,1.0,transient,0.0
Ahmedabad,temporal,dual18,82,drift,1.0,persistent,12.0
Ahmedabad,temporal,dual18,82,drift,1.0,persistent,4.0
Ahmedabad,temporal,dual18,82,drift,0.0,persistent,
Ahmedabad,temporal,dual18,82,drift,1.0,persistent,4.0
Ahmedabad,temporal,dual18,82,drift,1.0,persistent,9.0
Ahmedabad,temporal,dual18,82,drift,1.0,persistent,0.0
Ahmedabad,temporal,dual18,82,bias,0.0,persistent,
Ahmedabad,temporal,dual18,82,bias,1.0,persistent,2.0
Ahmedabad,temporal,dual18,82,bias,1.0,persistent,2.0
Ahmedabad,temporal,dual18,82,bias,0.0,persistent,
Ahmedabad,temporal,dual18,82,bias,0.0,persistent,
Ahmedabad,temporal,dual18,82,bias,0.0,persistent,
Ahmedabad,temporal,dual18,82,stuck_at,1.0,persistent,3.0
Ahmedabad,temporal,dual18,82,stuck_at,1.0,persistent,0.0
Ahmedabad,temporal,dual18,82,stuck_at,1.0,persistent,0.0
Ahmedabad,temporal,dual18,82,stuck_at,1.0,persistent,0.0
Ahmedabad,temporal,dual18,82,stuck_at,1.0,persistent,0.0
Ahmedabad,temporal,dual18,82,stuck_at,1.0,persistent,0.0
Ahmedabad,temporal,dual18,82,noise_burst,1.0,persistent,2.0
Ahmedabad,temporal,dual18,82,noise_burst,1.0,persistent,2.0
Ahmedabad,temporal,dual18,82,noise_burst,0.0,persistent,
Ahmedabad,temporal,dual18,82,noise_burst,1.0,persistent,1.0
Ahmedabad,temporal,dual18,82,noise_burst,1.0,persistent,4.0
Ahmedabad,temporal,dual18,82,noise_burst,1.0,persistent,0.0
Ahmedabad,temporal,dual18,82,intermittent_spikes,1.0,transient,0.0
Ahmedabad,temporal,dual18,82,intermittent_spikes,1.0,transient,12.0
Ahmedabad,temporal,dual18,82,intermittent_spikes,1.0,transient,0.0
Ahmedabad,temporal,dual18,82,intermittent_spikes,1.0,transient,5.0
Ahmedabad,temporal,dual18,82,intermittent_spikes,1.0,transient,0.0
Ahmedabad,temporal,dual18,82,intermittent_spikes,1.0,transient,0.0
Ahmedabad,temporal,dual18,82,drift_plus_noise,1.0,persistent,8.0
Ahmedabad,temporal,dual18,82,drift_plus_noise,1.0,persistent,5.0
Ahmedabad,temporal,dual18,82,drift_plus_noise,1.0,persistent,5.0
Ahmedabad,temporal,dual18,82,bias_plus_spikes,1.0,persistent,0.0
Ahmedabad,temporal,dual18,82,bias_plus_spikes,1.0,persistent,0.0
Ahmedabad,temporal,dual18,82,bias_plus_spikes,1.0,persistent,0.0
Ahmedabad,station,dual18,82,spike,1.0,transient,0.0
Ahmedabad,station,dual18,82,spike,0.0,transient,
Ahmedabad,station,dual18,82,spike,1.0,transient,0.0
Ahmedabad,station,dual18,82,spike,1.0,transient,0.0
Ahmedabad,station,dual18,82,spike,0.0,transient,
Ahmedabad,station,dual18,82,spike,1.0,transient,0.0
Ahmedabad,station,dual18,82,spike,0.0,transient,
Ahmedabad,station,dual18,82,spike,1.0,transient,0.0
Ahmedabad,station,dual18,82,spike,1.0,transient,0.0
Ahmedabad,station,dual18,82,spike,0.0,transient,
Ahmedabad,station,dual18,82,spike,1.0,transient,0.0
Ahmedabad,station,dual18,82,spike,1.0,transient,0.0
Ahmedabad,station,dual18,82,spike,1.0,transient,0.0
Ahmedabad,station,dual18,82,spike,1.0,transient,0.0
Ahmedabad,station,dual18,82,spike,1.0,transient,0.0
Ahmedabad,station,dual18,82,spike,1.0,transient,0.0
Ahmedabad,station,dual18,82,spike,1.0,transient,0.0
Ahmedabad,station,dual18,82,spike,1.0,transient,0.0
Ahmedabad,station,dual18,82,spike,1.0,transient,0.0
Ahmedabad,station,dual18,82,spike,1.0,transient,0.0
Ahmedabad,station,dual18,82,spike,1.0,transient,0.0
Ahmedabad,station,dual18,82,spike,1.0,transient,0.0
Ahmedabad,station,dual18,82,spike,0.0,transient,
Ahmedabad,station,dual18,82,spike,1.0,transient,0.0
Ahmedabad,station,dual18,82,drift,1.0,persistent,12.0
Ahmedabad,station,dual18,82,drift,1.0,persistent,4.0
Ahmedabad,station,dual18,82,drift,0.0,persistent,
Ahmedabad,station,dual18,82,drift,1.0,persistent,1.0
Ahmedabad,station,dual18,82,drift,0.0,persistent,
Ahmedabad,station,dual18,82,drift,1.0,persistent,0.0
Ahmedabad,station,dual18,82,bias,0.0,persistent,
Ahmedabad,station,dual18,82,bias,1.0,persistent,2.0
Ahmedabad,station,dual18,82,bias,1.0,persistent,2.0
Ahmedabad,station,dual18,82,bias,0.0,persistent,
Ahmedabad,station,dual18,82,bias,0.0,persistent,
Ahmedabad,station,dual18,82,bias,0.0,persistent,
Ahmedabad,station,dual18,82,stuck_at,1.0,persistent,3.0
Ahmedabad,station,dual18,82,stuck_at,1.0,persistent,0.0
Ahmedabad,station,dual18,82,stuck_at,1.0,persistent,0.0
Ahmedabad,station,dual18,82,stuck_at,1.0,persistent,0.0
Ahmedabad,station,dual18,82,stuck_at,1.0,persistent,0.0
Ahmedabad,station,dual18,82,stuck_at,1.0,persistent,0.0
Ahmedabad,station,dual18,82,noise_burst,1.0,persistent,2.0
Ahmedabad,station,dual18,82,noise_burst,1.0,persistent,1.0
Ahmedabad,station,dual18,82,noise_burst,0.0,persistent,
Ahmedabad,station,dual18,82,noise_burst,1.0,persistent,1.0
Ahmedabad,station,dual18,82,noise_burst,1.0,persistent,1.0
Ahmedabad,station,dual18,82,noise_burst,1.0,persistent,0.0
Ahmedabad,station,dual18,82,intermittent_spikes,1.0,transient,0.0
Ahmedabad,station,dual18,82,intermittent_spikes,1.0,transient,0.0
Ahmedabad,station,dual18,82,intermittent_spikes,1.0,transient,0.0
Ahmedabad,station,dual18,82,intermittent_spikes,1.0,transient,5.0
Ahmedabad,station,dual18,82,intermittent_spikes,1.0,transient,0.0
Ahmedabad,station,dual18,82,intermittent_spikes,1.0,transient,0.0
Ahmedabad,station,dual18,82,drift_plus_noise,1.0,persistent,4.0
Ahmedabad,station,dual18,82,drift_plus_noise,1.0,persistent,7.0
Ahmedabad,station,dual18,82,drift_plus_noise,1.0,persistent,12.0
Ahmedabad,station,dual18,82,bias_plus_spikes,1.0,persistent,0.0
Ahmedabad,station,dual18,82,bias_plus_spikes,1.0,persistent,0.0
Ahmedabad,station,dual18,82,bias_plus_spikes,1.0,persistent,0.0
Ahmedabad,in_domain,dual18,93,spike,1.0,transient,0.0
Ahmedabad,in_domain,dual18,93,spike,1.0,transient,0.0
Ahmedabad,in_domain,dual18,93,spike,1.0,transient,0.0
Ahmedabad,in_domain,dual18,93,spike,0.0,transient,
Ahmedabad,in_domain,dual18,93,spike,1.0,transient,0.0
Ahmedabad,in_domain,dual18,93,spike,1.0,transient,0.0
Ahmedabad,in_domain,dual18,93,spike,1.0,transient,0.0
Ahmedabad,in_domain,dual18,93,spike,1.0,transient,0.0
Ahmedabad,in_domain,dual18,93,spike,1.0,transient,0.0
Ahmedabad,in_domain,dual18,93,spike,1.0,transient,0.0
Ahmedabad,in_domain,dual18,93,spike,1.0,transient,0.0
Ahmedabad,in_domain,dual18,93,spike,1.0,transient,0.0
Ahmedabad,in_domain,dual18,93,spike,1.0,transient,0.0
Ahmedabad,in_domain,dual18,93,spike,1.0,transient,0.0
Ahmedabad,in_domain,dual18,93,spike,1.0,transient,0.0
Ahmedabad,in_domain,dual18,93,spike,1.0,transient,0.0
Ahmedabad,in_domain,dual18,93,spike,1.0,transient,0.0
Ahmedabad,in_domain,dual18,93,spike,1.0,transient,0.0
Ahmedabad,in_domain,dual18,93,spike,1.0,transient,0.0
Ahmedabad,in_domain,dual18,93,spike,1.0,transient,0.0
Ahmedabad,in_domain,dual18,93,spike,1.0,transient,0.0
Ahmedabad,in_domain,dual18,93,spike,1.0,transient,0.0
Ahmedabad,in_domain,dual18,93,spike,1.0,transient,0.0
Ahmedabad,in_domain,dual18,93,spike,1.0,transient,0.0
Ahmedabad,in_domain,dual18,93,drift,1.0,persistent,5.0
Ahmedabad,in_domain,dual18,93,drift,1.0,persistent,5.0
Ahmedabad,in_domain,dual18,93,drift,1.0,persistent,15.0
Ahmedabad,in_domain,dual18,93,drift,1.0,persistent,3.0
Ahmedabad,in_domain,dual18,93,drift,1.0,persistent,10.0
Ahmedabad,in_domain,dual18,93,drift,1.0,persistent,8.0
Ahmedabad,in_domain,dual18,93,bias,0.0,persistent,
Ahmedabad,in_domain,dual18,93,bias,0.0,persistent,
Ahmedabad,in_domain,dual18,93,bias,1.0,persistent,5.0
Ahmedabad,in_domain,dual18,93,bias,1.0,persistent,3.0
Ahmedabad,in_domain,dual18,93,bias,1.0,persistent,1.0
Ahmedabad,in_domain,dual18,93,bias,1.0,persistent,9.0
Ahmedabad,in_domain,dual18,93,stuck_at,1.0,persistent,0.0
Ahmedabad,in_domain,dual18,93,stuck_at,1.0,persistent,0.0
Ahmedabad,in_domain,dual18,93,stuck_at,1.0,persistent,0.0
Ahmedabad,in_domain,dual18,93,stuck_at,1.0,persistent,0.0
Ahmedabad,in_domain,dual18,93,stuck_at,1.0,persistent,0.0
Ahmedabad,in_domain,dual18,93,stuck_at,1.0,persistent,0.0
Ahmedabad,in_domain,dual18,93,noise_burst,1.0,persistent,1.0
Ahmedabad,in_domain,dual18,93,noise_burst,0.0,persistent,
Ahmedabad,in_domain,dual18,93,noise_burst,1.0,persistent,1.0
Ahmedabad,in_domain,dual18,93,noise_burst,1.0,persistent,0.0
Ahmedabad,in_domain,dual18,93,noise_burst,1.0,persistent,4.0
Ahmedabad,in_domain,dual18,93,noise_burst,1.0,persistent,1.0
Ahmedabad,in_domain,dual18,93,intermittent_spikes,1.0,transient,0.0
Ahmedabad,in_domain,dual18,93,intermittent_spikes,1.0,transient,0.0
Ahmedabad,in_domain,dual18,93,intermittent_spikes,1.0,transient,0.0
Ahmedabad,in_domain,dual18,93,intermittent_spikes,1.0,transient,0.0
Ahmedabad,in_domain,dual18,93,intermittent_spikes,1.0,transient,0.0
Ahmedabad,in_domain,dual18,93,intermittent_spikes,1.0,transient,13.0
Ahmedabad,in_domain,dual18,93,drift_plus_noise,1.0,persistent,13.0
Ahmedabad,in_domain,dual18,93,drift_plus_noise,1.0,persistent,9.0
Ahmedabad,in_domain,dual18,93,drift_plus_noise,1.0,persistent,8.0
Ahmedabad,in_domain,dual18,93,bias_plus_spikes,1.0,persistent,2.0
Ahmedabad,in_domain,dual18,93,bias_plus_spikes,1.0,persistent,1.0
Ahmedabad,in_domain,dual18,93,bias_plus_spikes,1.0,persistent,0.0
Ahmedabad,temporal,dual18,93,spike,1.0,transient,0.0
Ahmedabad,temporal,dual18,93,spike,0.0,transient,
Ahmedabad,temporal,dual18,93,spike,1.0,transient,0.0
Ahmedabad,temporal,dual18,93,spike,1.0,transient,0.0
Ahmedabad,temporal,dual18,93,spike,1.0,transient,0.0
Ahmedabad,temporal,dual18,93,spike,0.0,transient,
Ahmedabad,temporal,dual18,93,spike,1.0,transient,0.0
Ahmedabad,temporal,dual18,93,spike,1.0,transient,0.0
Ahmedabad,temporal,dual18,93,spike,0.0,transient,
Ahmedabad,temporal,dual18,93,spike,1.0,transient,0.0
Ahmedabad,temporal,dual18,93,spike,1.0,transient,0.0
Ahmedabad,temporal,dual18,93,spike,1.0,transient,0.0
Ahmedabad,temporal,dual18,93,spike,1.0,transient,0.0
Ahmedabad,temporal,dual18,93,spike,1.0,transient,0.0
Ahmedabad,temporal,dual18,93,spike,1.0,transient,0.0
Ahmedabad,temporal,dual18,93,spike,1.0,transient,0.0
Ahmedabad,temporal,dual18,93,spike,1.0,transient,0.0
Ahmedabad,temporal,dual18,93,spike,1.0,transient,0.0
Ahmedabad,temporal,dual18,93,spike,1.0,transient,0.0
Ahmedabad,temporal,dual18,93,spike,1.0,transient,0.0
Ahmedabad,temporal,dual18,93,spike,1.0,transient,1.0
Ahmedabad,temporal,dual18,93,spike,1.0,transient,0.0
Ahmedabad,temporal,dual18,93,spike,1.0,transient,0.0
Ahmedabad,temporal,dual18,93,spike,1.0,transient,0.0
Ahmedabad,temporal,dual18,93,drift,1.0,persistent,4.0
Ahmedabad,temporal,dual18,93,drift,1.0,persistent,3.0
Ahmedabad,temporal,dual18,93,drift,0.0,persistent,
Ahmedabad,temporal,dual18,93,drift,1.0,persistent,6.0
Ahmedabad,temporal,dual18,93,drift,1.0,persistent,5.0
Ahmedabad,temporal,dual18,93,drift,1.0,persistent,9.0
Ahmedabad,temporal,dual18,93,bias,0.0,persistent,
Ahmedabad,temporal,dual18,93,bias,0.0,persistent,
Ahmedabad,temporal,dual18,93,bias,1.0,persistent,11.0
Ahmedabad,temporal,dual18,93,bias,0.0,persistent,
Ahmedabad,temporal,dual18,93,bias,1.0,persistent,8.0
Ahmedabad,temporal,dual18,93,bias,1.0,persistent,3.0
Ahmedabad,temporal,dual18,93,stuck_at,1.0,persistent,0.0
Ahmedabad,temporal,dual18,93,stuck_at,1.0,persistent,0.0
Ahmedabad,temporal,dual18,93,stuck_at,1.0,persistent,0.0
Ahmedabad,temporal,dual18,93,stuck_at,1.0,persistent,0.0
Ahmedabad,temporal,dual18,93,stuck_at,1.0,persistent,0.0
Ahmedabad,temporal,dual18,93,stuck_at,1.0,persistent,0.0
Ahmedabad,temporal,dual18,93,noise_burst,0.0,persistent,
Ahmedabad,temporal,dual18,93,noise_burst,0.0,persistent,
Ahmedabad,temporal,dual18,93,noise_burst,0.0,persistent,
Ahmedabad,temporal,dual18,93,noise_burst,1.0,persistent,3.0
Ahmedabad,temporal,dual18,93,noise_burst,1.0,persistent,4.0
Ahmedabad,temporal,dual18,93,noise_burst,1.0,persistent,1.0
Ahmedabad,temporal,dual18,93,intermittent_spikes,1.0,transient,0.0
Ahmedabad,temporal,dual18,93,intermittent_spikes,1.0,transient,0.0
Ahmedabad,temporal,dual18,93,intermittent_spikes,1.0,transient,0.0
Ahmedabad,temporal,dual18,93,intermittent_spikes,1.0,transient,2.0
Ahmedabad,temporal,dual18,93,intermittent_spikes,1.0,transient,0.0
Ahmedabad,temporal,dual18,93,intermittent_spikes,1.0,transient,13.0
Ahmedabad,temporal,dual18,93,drift_plus_noise,1.0,persistent,4.0
Ahmedabad,temporal,dual18,93,drift_plus_noise,0.0,persistent,
Ahmedabad,temporal,dual18,93,drift_plus_noise,1.0,persistent,1.0
Ahmedabad,temporal,dual18,93,bias_plus_spikes,1.0,persistent,0.0
Ahmedabad,temporal,dual18,93,bias_plus_spikes,1.0,persistent,8.0
Ahmedabad,temporal,dual18,93,bias_plus_spikes,1.0,persistent,2.0
Ahmedabad,station,dual18,93,spike,1.0,transient,0.0
Ahmedabad,station,dual18,93,spike,0.0,transient,
Ahmedabad,station,dual18,93,spike,1.0,transient,0.0
Ahmedabad,station,dual18,93,spike,1.0,transient,0.0
Ahmedabad,station,dual18,93,spike,1.0,transient,0.0
Ahmedabad,station,dual18,93,spike,0.0,transient,
Ahmedabad,station,dual18,93,spike,1.0,transient,0.0
Ahmedabad,station,dual18,93,spike,1.0,transient,0.0
Ahmedabad,station,dual18,93,spike,0.0,transient,
Ahmedabad,station,dual18,93,spike,1.0,transient,0.0
Ahmedabad,station,dual18,93,spike,1.0,transient,0.0
Ahmedabad,station,dual18,93,spike,1.0,transient,0.0
Ahmedabad,station,dual18,93,spike,1.0,transient,0.0
Ahmedabad,station,dual18,93,spike,1.0,transient,0.0
Ahmedabad,station,dual18,93,spike,0.0,transient,
Ahmedabad,station,dual18,93,spike,1.0,transient,0.0
Ahmedabad,station,dual18,93,spike,1.0,transient,0.0
Ahmedabad,station,dual18,93,spike,0.0,transient,
Ahmedabad,station,dual18,93,spike,1.0,transient,0.0
Ahmedabad,station,dual18,93,spike,1.0,transient,0.0
Ahmedabad,station,dual18,93,spike,1.0,transient,1.0
Ahmedabad,station,dual18,93,spike,1.0,transient,0.0
Ahmedabad,station,dual18,93,spike,1.0,transient,0.0
Ahmedabad,station,dual18,93,spike,1.0,transient,0.0
Ahmedabad,station,dual18,93,drift,1.0,persistent,3.0
Ahmedabad,station,dual18,93,drift,1.0,persistent,3.0
Ahmedabad,station,dual18,93,drift,0.0,persistent,
Ahmedabad,station,dual18,93,drift,1.0,persistent,7.0
Ahmedabad,station,dual18,93,drift,1.0,persistent,0.0
Ahmedabad,station,dual18,93,drift,1.0,persistent,9.0
Ahmedabad,station,dual18,93,bias,0.0,persistent,
Ahmedabad,station,dual18,93,bias,0.0,persistent,
Ahmedabad,station,dual18,93,bias,1.0,persistent,1.0
Ahmedabad,station,dual18,93,bias,0.0,persistent,
Ahmedabad,station,dual18,93,bias,1.0,persistent,7.0
Ahmedabad,station,dual18,93,bias,1.0,persistent,3.0
Ahmedabad,station,dual18,93,stuck_at,1.0,persistent,0.0
Ahmedabad,station,dual18,93,stuck_at,1.0,persistent,0.0
Ahmedabad,station,dual18,93,stuck_at,1.0,persistent,0.0
Ahmedabad,station,dual18,93,stuck_at,1.0,persistent,0.0
Ahmedabad,station,dual18,93,stuck_at,1.0,persistent,0.0
Ahmedabad,station,dual18,93,stuck_at,1.0,persistent,0.0
Ahmedabad,station,dual18,93,noise_burst,0.0,persistent,
Ahmedabad,station,dual18,93,noise_burst,0.0,persistent,
Ahmedabad,station,dual18,93,noise_burst,0.0,persistent,
Ahmedabad,station,dual18,93,noise_burst,1.0,persistent,2.0
Ahmedabad,station,dual18,93,noise_burst,1.0,persistent,5.0
Ahmedabad,station,dual18,93,noise_burst,1.0,persistent,1.0
Ahmedabad,station,dual18,93,intermittent_spikes,1.0,transient,0.0
Ahmedabad,station,dual18,93,intermittent_spikes,1.0,transient,0.0
Ahmedabad,station,dual18,93,intermittent_spikes,1.0,transient,0.0
Ahmedabad,station,dual18,93,intermittent_spikes,1.0,transient,2.0
Ahmedabad,station,dual18,93,intermittent_spikes,1.0,transient,0.0
Ahmedabad,station,dual18,93,intermittent_spikes,1.0,transient,13.0
Ahmedabad,station,dual18,93,drift_plus_noise,1.0,persistent,7.0
Ahmedabad,station,dual18,93,drift_plus_noise,0.0,persistent,
Ahmedabad,station,dual18,93,drift_plus_noise,1.0,persistent,0.0
Ahmedabad,station,dual18,93,bias_plus_spikes,1.0,persistent,0.0
Ahmedabad,station,dual18,93,bias_plus_spikes,1.0,persistent,1.0
Ahmedabad,station,dual18,93,bias_plus_spikes,1.0,persistent,0.0
Kolkata,in_domain,baseline16,71,spike,1.0,transient,0.0
Kolkata,in_domain,baseline16,71,spike,1.0,transient,0.0
Kolkata,in_domain,baseline16,71,spike,1.0,transient,0.0
Kolkata,in_domain,baseline16,71,spike,0.0,transient,
Kolkata,in_domain,baseline16,71,spike,1.0,transient,0.0
Kolkata,in_domain,baseline16,71,spike,1.0,transient,0.0
Kolkata,in_domain,baseline16,71,spike,1.0,transient,0.0
Kolkata,in_domain,baseline16,71,spike,0.0,transient,
Kolkata,in_domain,baseline16,71,spike,1.0,transient,0.0
Kolkata,in_domain,baseline16,71,spike,1.0,transient,0.0
Kolkata,in_domain,baseline16,71,spike,1.0,transient,0.0
Kolkata,in_domain,baseline16,71,spike,1.0,transient,0.0
Kolkata,in_domain,baseline16,71,spike,1.0,transient,0.0
Kolkata,in_domain,baseline16,71,spike,1.0,transient,0.0
Kolkata,in_domain,baseline16,71,spike,1.0,transient,0.0
Kolkata,in_domain,baseline16,71,spike,1.0,transient,0.0
Kolkata,in_domain,baseline16,71,spike,1.0,transient,0.0
Kolkata,in_domain,baseline16,71,spike,1.0,transient,0.0
Kolkata,in_domain,baseline16,71,spike,1.0,transient,0.0
Kolkata,in_domain,baseline16,71,spike,1.0,transient,0.0
Kolkata,in_domain,baseline16,71,spike,1.0,transient,0.0
Kolkata,in_domain,baseline16,71,spike,1.0,transient,0.0
Kolkata,in_domain,baseline16,71,spike,1.0,transient,2.0
Kolkata,in_domain,baseline16,71,spike,0.0,transient,
Kolkata,in_domain,baseline16,71,drift,0.0,persistent,
Kolkata,in_domain,baseline16,71,drift,1.0,persistent,10.0
Kolkata,in_domain,baseline16,71,drift,0.0,persistent,
Kolkata,in_domain,baseline16,71,drift,1.0,persistent,14.0
Kolkata,in_domain,baseline16,71,drift,1.0,persistent,3.0
Kolkata,in_domain,baseline16,71,drift,1.0,persistent,11.0
Kolkata,in_domain,baseline16,71,bias,1.0,persistent,5.0
Kolkata,in_domain,baseline16,71,bias,0.0,persistent,
Kolkata,in_domain,baseline16,71,bias,1.0,persistent,0.0
Kolkata,in_domain,baseline16,71,bias,0.0,persistent,
Kolkata,in_domain,baseline16,71,bias,1.0,persistent,1.0
Kolkata,in_domain,baseline16,71,bias,0.0,persistent,
Kolkata,in_domain,baseline16,71,stuck_at,1.0,persistent,0.0
Kolkata,in_domain,baseline16,71,stuck_at,0.0,persistent,
Kolkata,in_domain,baseline16,71,stuck_at,1.0,persistent,0.0
Kolkata,in_domain,baseline16,71,stuck_at,1.0,persistent,0.0
Kolkata,in_domain,baseline16,71,stuck_at,1.0,persistent,0.0
Kolkata,in_domain,baseline16,71,stuck_at,1.0,persistent,0.0
Kolkata,in_domain,baseline16,71,noise_burst,1.0,persistent,1.0
Kolkata,in_domain,baseline16,71,noise_burst,1.0,persistent,7.0
Kolkata,in_domain,baseline16,71,noise_burst,0.0,persistent,
Kolkata,in_domain,baseline16,71,noise_burst,1.0,persistent,1.0
Kolkata,in_domain,baseline16,71,noise_burst,1.0,persistent,1.0
Kolkata,in_domain,baseline16,71,noise_burst,1.0,persistent,1.0
Kolkata,in_domain,baseline16,71,intermittent_spikes,1.0,transient,3.0
Kolkata,in_domain,baseline16,71,intermittent_spikes,1.0,transient,2.0
Kolkata,in_domain,baseline16,71,intermittent_spikes,1.0,transient,0.0
Kolkata,in_domain,baseline16,71,intermittent_spikes,1.0,transient,0.0
Kolkata,in_domain,baseline16,71,intermittent_spikes,1.0,transient,0.0
Kolkata,in_domain,baseline16,71,intermittent_spikes,1.0,transient,0.0
Kolkata,in_domain,baseline16,71,drift_plus_noise,0.0,persistent,
Kolkata,in_domain,baseline16,71,drift_plus_noise,1.0,persistent,0.0
Kolkata,in_domain,baseline16,71,drift_plus_noise,1.0,persistent,4.0
Kolkata,in_domain,baseline16,71,bias_plus_spikes,1.0,persistent,0.0
Kolkata,in_domain,baseline16,71,bias_plus_spikes,0.0,persistent,
Kolkata,in_domain,baseline16,71,bias_plus_spikes,1.0,persistent,3.0
Kolkata,temporal,baseline16,71,spike,1.0,transient,0.0
Kolkata,temporal,baseline16,71,spike,1.0,transient,0.0
Kolkata,temporal,baseline16,71,spike,1.0,transient,0.0
Kolkata,temporal,baseline16,71,spike,1.0,transient,0.0
Kolkata,temporal,baseline16,71,spike,1.0,transient,0.0
Kolkata,temporal,baseline16,71,spike,1.0,transient,0.0
Kolkata,temporal,baseline16,71,spike,1.0,transient,0.0
Kolkata,temporal,baseline16,71,spike,0.0,transient,
Kolkata,temporal,baseline16,71,spike,0.0,transient,
Kolkata,temporal,baseline16,71,spike,1.0,transient,0.0
Kolkata,temporal,baseline16,71,spike,1.0,transient,0.0
Kolkata,temporal,baseline16,71,spike,1.0,transient,0.0
Kolkata,temporal,baseline16,71,spike,1.0,transient,0.0
Kolkata,temporal,baseline16,71,spike,1.0,transient,0.0
Kolkata,temporal,baseline16,71,spike,1.0,transient,0.0
Kolkata,temporal,baseline16,71,spike,1.0,transient,0.0
Kolkata,temporal,baseline16,71,spike,1.0,transient,0.0
Kolkata,temporal,baseline16,71,spike,1.0,transient,0.0
Kolkata,temporal,baseline16,71,spike,1.0,transient,0.0
Kolkata,temporal,baseline16,71,spike,0.0,transient,
Kolkata,temporal,baseline16,71,spike,1.0,transient,0.0
Kolkata,temporal,baseline16,71,spike,1.0,transient,0.0
Kolkata,temporal,baseline16,71,spike,0.0,transient,
Kolkata,temporal,baseline16,71,spike,0.0,transient,
Kolkata,temporal,baseline16,71,drift,1.0,persistent,8.0
Kolkata,temporal,baseline16,71,drift,1.0,persistent,10.0
Kolkata,temporal,baseline16,71,drift,0.0,persistent,
Kolkata,temporal,baseline16,71,drift,1.0,persistent,9.0
Kolkata,temporal,baseline16,71,drift,1.0,persistent,7.0
Kolkata,temporal,baseline16,71,drift,1.0,persistent,0.0
Kolkata,temporal,baseline16,71,bias,0.0,persistent,
Kolkata,temporal,baseline16,71,bias,1.0,persistent,2.0
Kolkata,temporal,baseline16,71,bias,0.0,persistent,
Kolkata,temporal,baseline16,71,bias,0.0,persistent,
Kolkata,temporal,baseline16,71,bias,0.0,persistent,
Kolkata,temporal,baseline16,71,bias,1.0,persistent,6.0
Kolkata,temporal,baseline16,71,stuck_at,1.0,persistent,0.0
Kolkata,temporal,baseline16,71,stuck_at,1.0,persistent,0.0
Kolkata,temporal,baseline16,71,stuck_at,1.0,persistent,0.0
Kolkata,temporal,baseline16,71,stuck_at,1.0,persistent,0.0
Kolkata,temporal,baseline16,71,stuck_at,1.0,persistent,0.0
Kolkata,temporal,baseline16,71,stuck_at,1.0,persistent,0.0
Kolkata,temporal,baseline16,71,noise_burst,1.0,persistent,3.0
Kolkata,temporal,baseline16,71,noise_burst,1.0,persistent,3.0
Kolkata,temporal,baseline16,71,noise_burst,0.0,persistent,
Kolkata,temporal,baseline16,71,noise_burst,1.0,persistent,0.0
Kolkata,temporal,baseline16,71,noise_burst,1.0,persistent,0.0
Kolkata,temporal,baseline16,71,noise_burst,1.0,persistent,0.0
Kolkata,temporal,baseline16,71,intermittent_spikes,1.0,transient,0.0
Kolkata,temporal,baseline16,71,intermittent_spikes,1.0,transient,2.0
Kolkata,temporal,baseline16,71,intermittent_spikes,1.0,transient,0.0
Kolkata,temporal,baseline16,71,intermittent_spikes,1.0,transient,0.0
Kolkata,temporal,baseline16,71,intermittent_spikes,1.0,transient,0.0
Kolkata,temporal,baseline16,71,intermittent_spikes,1.0,transient,0.0
Kolkata,temporal,baseline16,71,drift_plus_noise,0.0,persistent,
Kolkata,temporal,baseline16,71,drift_plus_noise,1.0,persistent,0.0
Kolkata,temporal,baseline16,71,drift_plus_noise,1.0,persistent,2.0
Kolkata,temporal,baseline16,71,bias_plus_spikes,1.0,persistent,0.0
Kolkata,temporal,baseline16,71,bias_plus_spikes,1.0,persistent,7.0
Kolkata,temporal,baseline16,71,bias_plus_spikes,1.0,persistent,3.0
Kolkata,station,baseline16,71,spike,1.0,transient,0.0
Kolkata,station,baseline16,71,spike,1.0,transient,0.0
Kolkata,station,baseline16,71,spike,1.0,transient,0.0
Kolkata,station,baseline16,71,spike,1.0,transient,0.0
Kolkata,station,baseline16,71,spike,1.0,transient,0.0
Kolkata,station,baseline16,71,spike,1.0,transient,0.0
Kolkata,station,baseline16,71,spike,1.0,transient,0.0
Kolkata,station,baseline16,71,spike,0.0,transient,
Kolkata,station,baseline16,71,spike,1.0,transient,0.0
Kolkata,station,baseline16,71,spike,1.0,transient,0.0
Kolkata,station,baseline16,71,spike,1.0,transient,0.0
Kolkata,station,baseline16,71,spike,1.0,transient,0.0
Kolkata,station,baseline16,71,spike,1.0,transient,0.0
Kolkata,station,baseline16,71,spike,1.0,transient,0.0
Kolkata,station,baseline16,71,spike,1.0,transient,0.0
Kolkata,station,baseline16,71,spike,1.0,transient,0.0
Kolkata,station,baseline16,71,spike,1.0,transient,0.0
Kolkata,station,baseline16,71,spike,1.0,transient,0.0
Kolkata,station,baseline16,71,spike,1.0,transient,0.0
Kolkata,station,baseline16,71,spike,0.0,transient,
Kolkata,station,baseline16,71,spike,1.0,transient,0.0
Kolkata,station,baseline16,71,spike,1.0,transient,0.0
Kolkata,station,baseline16,71,spike,0.0,transient,
Kolkata,station,baseline16,71,spike,0.0,transient,
Kolkata,station,baseline16,71,drift,0.0,persistent,
Kolkata,station,baseline16,71,drift,1.0,persistent,10.0
Kolkata,station,baseline16,71,drift,0.0,persistent,
Kolkata,station,baseline16,71,drift,1.0,persistent,9.0
Kolkata,station,baseline16,71,drift,1.0,persistent,7.0
Kolkata,station,baseline16,71,drift,1.0,persistent,0.0
Kolkata,station,baseline16,71,bias,0.0,persistent,
Kolkata,station,baseline16,71,bias,0.0,persistent,
Kolkata,station,baseline16,71,bias,0.0,persistent,
Kolkata,station,baseline16,71,bias,0.0,persistent,
Kolkata,station,baseline16,71,bias,0.0,persistent,
Kolkata,station,baseline16,71,bias,1.0,persistent,6.0
Kolkata,station,baseline16,71,stuck_at,1.0,persistent,0.0
Kolkata,station,baseline16,71,stuck_at,1.0,persistent,0.0
Kolkata,station,baseline16,71,stuck_at,1.0,persistent,0.0
Kolkata,station,baseline16,71,stuck_at,1.0,persistent,0.0
Kolkata,station,baseline16,71,stuck_at,1.0,persistent,0.0
Kolkata,station,baseline16,71,stuck_at,1.0,persistent,0.0
Kolkata,station,baseline16,71,noise_burst,1.0,persistent,3.0
Kolkata,station,baseline16,71,noise_burst,1.0,persistent,0.0
Kolkata,station,baseline16,71,noise_burst,0.0,persistent,
Kolkata,station,baseline16,71,noise_burst,1.0,persistent,0.0
Kolkata,station,baseline16,71,noise_burst,1.0,persistent,0.0
Kolkata,station,baseline16,71,noise_burst,0.0,persistent,
Kolkata,station,baseline16,71,intermittent_spikes,1.0,transient,0.0
Kolkata,station,baseline16,71,intermittent_spikes,1.0,transient,4.0
Kolkata,station,baseline16,71,intermittent_spikes,1.0,transient,0.0
Kolkata,station,baseline16,71,intermittent_spikes,1.0,transient,0.0
Kolkata,station,baseline16,71,intermittent_spikes,1.0,transient,0.0
Kolkata,station,baseline16,71,intermittent_spikes,1.0,transient,0.0
Kolkata,station,baseline16,71,drift_plus_noise,0.0,persistent,
Kolkata,station,baseline16,71,drift_plus_noise,1.0,persistent,0.0
Kolkata,station,baseline16,71,drift_plus_noise,1.0,persistent,2.0
Kolkata,station,baseline16,71,bias_plus_spikes,1.0,persistent,0.0
Kolkata,station,baseline16,71,bias_plus_spikes,0.0,persistent,
Kolkata,station,baseline16,71,bias_plus_spikes,1.0,persistent,3.0
Kolkata,in_domain,baseline16,82,spike,1.0,transient,0.0
Kolkata,in_domain,baseline16,82,spike,0.0,transient,
Kolkata,in_domain,baseline16,82,spike,1.0,transient,0.0
Kolkata,in_domain,baseline16,82,spike,1.0,transient,0.0
Kolkata,in_domain,baseline16,82,spike,1.0,transient,0.0
Kolkata,in_domain,baseline16,82,spike,1.0,transient,0.0
Kolkata,in_domain,baseline16,82,spike,0.0,transient,
Kolkata,in_domain,baseline16,82,spike,0.0,transient,
Kolkata,in_domain,baseline16,82,spike,0.0,transient,
Kolkata,in_domain,baseline16,82,spike,1.0,transient,0.0
Kolkata,in_domain,baseline16,82,spike,1.0,transient,0.0
Kolkata,in_domain,baseline16,82,spike,1.0,transient,0.0
Kolkata,in_domain,baseline16,82,spike,1.0,transient,0.0
Kolkata,in_domain,baseline16,82,spike,1.0,transient,0.0
Kolkata,in_domain,baseline16,82,spike,1.0,transient,0.0
Kolkata,in_domain,baseline16,82,spike,0.0,transient,
Kolkata,in_domain,baseline16,82,spike,1.0,transient,0.0
Kolkata,in_domain,baseline16,82,spike,1.0,transient,0.0
Kolkata,in_domain,baseline16,82,spike,1.0,transient,0.0
Kolkata,in_domain,baseline16,82,spike,1.0,transient,0.0
Kolkata,in_domain,baseline16,82,spike,1.0,transient,0.0
Kolkata,in_domain,baseline16,82,spike,1.0,transient,0.0
Kolkata,in_domain,baseline16,82,spike,1.0,transient,0.0
Kolkata,in_domain,baseline16,82,spike,0.0,transient,
Kolkata,in_domain,baseline16,82,drift,0.0,persistent,
Kolkata,in_domain,baseline16,82,drift,1.0,persistent,10.0
Kolkata,in_domain,baseline16,82,drift,1.0,persistent,3.0
Kolkata,in_domain,baseline16,82,drift,1.0,persistent,0.0
Kolkata,in_domain,baseline16,82,drift,1.0,persistent,6.0
Kolkata,in_domain,baseline16,82,drift,0.0,persistent,
Kolkata,in_domain,baseline16,82,bias,0.0,persistent,
Kolkata,in_domain,baseline16,82,bias,1.0,persistent,0.0
Kolkata,in_domain,baseline16,82,bias,1.0,persistent,7.0
Kolkata,in_domain,baseline16,82,bias,1.0,persistent,0.0
Kolkata,in_domain,baseline16,82,bias,0.0,persistent,
Kolkata,in_domain,baseline16,82,bias,1.0,persistent,2.0
Kolkata,in_domain,baseline16,82,stuck_at,1.0,persistent,0.0
Kolkata,in_domain,baseline16,82,stuck_at,1.0,persistent,0.0
Kolkata,in_domain,baseline16,82,stuck_at,1.0,persistent,0.0
Kolkata,in_domain,baseline16,82,stuck_at,1.0,persistent,0.0
Kolkata,in_domain,baseline16,82,stuck_at,1.0,persistent,0.0
Kolkata,in_domain,baseline16,82,stuck_at,1.0,persistent,0.0
Kolkata,in_domain,baseline16,82,noise_burst,1.0,persistent,8.0
Kolkata,in_domain,baseline16,82,noise_burst,1.0,persistent,0.0
Kolkata,in_domain,baseline16,82,noise_burst,1.0,persistent,5.0
Kolkata,in_domain,baseline16,82,noise_burst,1.0,persistent,0.0
Kolkata,in_domain,baseline16,82,noise_burst,1.0,persistent,2.0
Kolkata,in_domain,baseline16,82,noise_burst,1.0,persistent,0.0
Kolkata,in_domain,baseline16,82,intermittent_spikes,1.0,transient,0.0
Kolkata,in_domain,baseline16,82,intermittent_spikes,1.0,transient,0.0
Kolkata,in_domain,baseline16,82,intermittent_spikes,1.0,transient,0.0
Kolkata,in_domain,baseline16,82,intermittent_spikes,1.0,transient,0.0
Kolkata,in_domain,baseline16,82,intermittent_spikes,1.0,transient,0.0
Kolkata,in_domain,baseline16,82,intermittent_spikes,1.0,transient,2.0
Kolkata,in_domain,baseline16,82,drift_plus_noise,1.0,persistent,15.0
Kolkata,in_domain,baseline16,82,drift_plus_noise,1.0,persistent,12.0
Kolkata,in_domain,baseline16,82,drift_plus_noise,1.0,persistent,4.0
Kolkata,in_domain,baseline16,82,bias_plus_spikes,1.0,persistent,2.0
Kolkata,in_domain,baseline16,82,bias_plus_spikes,1.0,persistent,5.0
Kolkata,in_domain,baseline16,82,bias_plus_spikes,1.0,persistent,0.0
Kolkata,temporal,baseline16,82,spike,1.0,transient,0.0
Kolkata,temporal,baseline16,82,spike,1.0,transient,0.0
Kolkata,temporal,baseline16,82,spike,1.0,transient,0.0
Kolkata,temporal,baseline16,82,spike,1.0,transient,0.0
Kolkata,temporal,baseline16,82,spike,1.0,transient,0.0
Kolkata,temporal,baseline16,82,spike,1.0,transient,0.0
Kolkata,temporal,baseline16,82,spike,0.0,transient,
Kolkata,temporal,baseline16,82,spike,0.0,transient,
Kolkata,temporal,baseline16,82,spike,0.0,transient,
Kolkata,temporal,baseline16,82,spike,0.0,transient,
Kolkata,temporal,baseline16,82,spike,1.0,transient,0.0
Kolkata,temporal,baseline16,82,spike,1.0,transient,0.0
Kolkata,temporal,baseline16,82,spike,1.0,transient,0.0
Kolkata,temporal,baseline16,82,spike,1.0,transient,0.0
Kolkata,temporal,baseline16,82,spike,1.0,transient,0.0
Kolkata,temporal,baseline16,82,spike,1.0,transient,0.0
Kolkata,temporal,baseline16,82,spike,1.0,transient,0.0
Kolkata,temporal,baseline16,82,spike,1.0,transient,0.0
Kolkata,temporal,baseline16,82,spike,0.0,transient,
Kolkata,temporal,baseline16,82,spike,1.0,transient,0.0
Kolkata,temporal,baseline16,82,spike,1.0,transient,0.0
Kolkata,temporal,baseline16,82,spike,1.0,transient,0.0
Kolkata,temporal,baseline16,82,spike,0.0,transient,
Kolkata,temporal,baseline16,82,spike,1.0,transient,0.0
Kolkata,temporal,baseline16,82,drift,1.0,persistent,10.0
Kolkata,temporal,baseline16,82,drift,0.0,persistent,
Kolkata,temporal,baseline16,82,drift,0.0,persistent,
Kolkata,temporal,baseline16,82,drift,1.0,persistent,3.0
Kolkata,temporal,baseline16,82,drift,1.0,persistent,9.0
Kolkata,temporal,baseline16,82,drift,0.0,persistent,
Kolkata,temporal,baseline16,82,bias,1.0,persistent,6.0
Kolkata,temporal,baseline16,82,bias,1.0,persistent,0.0
Kolkata,temporal,baseline16,82,bias,0.0,persistent,
Kolkata,temporal,baseline16,82,bias,1.0,persistent,6.0
Kolkata,temporal,baseline16,82,bias,1.0,persistent,1.0
Kolkata,temporal,baseline16,82,bias,0.0,persistent,
Kolkata,temporal,baseline16,82,stuck_at,1.0,persistent,0.0
Kolkata,temporal,baseline16,82,stuck_at,1.0,persistent,0.0
Kolkata,temporal,baseline16,82,stuck_at,1.0,persistent,0.0
Kolkata,temporal,baseline16,82,stuck_at,1.0,persistent,0.0
Kolkata,temporal,baseline16,82,stuck_at,1.0,persistent,0.0
Kolkata,temporal,baseline16,82,stuck_at,1.0,persistent,0.0
Kolkata,temporal,baseline16,82,noise_burst,0.0,persistent,
Kolkata,temporal,baseline16,82,noise_burst,1.0,persistent,1.0
Kolkata,temporal,baseline16,82,noise_burst,1.0,persistent,9.0
Kolkata,temporal,baseline16,82,noise_burst,1.0,persistent,1.0
Kolkata,temporal,baseline16,82,noise_burst,1.0,persistent,0.0
Kolkata,temporal,baseline16,82,noise_burst,1.0,persistent,0.0
Kolkata,temporal,baseline16,82,intermittent_spikes,1.0,transient,0.0
Kolkata,temporal,baseline16,82,intermittent_spikes,1.0,transient,0.0
Kolkata,temporal,baseline16,82,intermittent_spikes,1.0,transient,0.0
Kolkata,temporal,baseline16,82,intermittent_spikes,1.0,transient,0.0
Kolkata,temporal,baseline16,82,intermittent_spikes,1.0,transient,0.0
Kolkata,temporal,baseline16,82,intermittent_spikes,1.0,transient,0.0
Kolkata,temporal,baseline16,82,drift_plus_noise,1.0,persistent,8.0
Kolkata,temporal,baseline16,82,drift_plus_noise,1.0,persistent,3.0
Kolkata,temporal,baseline16,82,drift_plus_noise,0.0,persistent,
Kolkata,temporal,baseline16,82,bias_plus_spikes,1.0,persistent,0.0
Kolkata,temporal,baseline16,82,bias_plus_spikes,1.0,persistent,0.0
Kolkata,temporal,baseline16,82,bias_plus_spikes,1.0,persistent,7.0
Kolkata,station,baseline16,82,spike,1.0,transient,0.0
Kolkata,station,baseline16,82,spike,1.0,transient,0.0
Kolkata,station,baseline16,82,spike,1.0,transient,0.0
Kolkata,station,baseline16,82,spike,1.0,transient,0.0
Kolkata,station,baseline16,82,spike,1.0,transient,0.0
Kolkata,station,baseline16,82,spike,1.0,transient,0.0
Kolkata,station,baseline16,82,spike,0.0,transient,
Kolkata,station,baseline16,82,spike,0.0,transient,
Kolkata,station,baseline16,82,spike,0.0,transient,
Kolkata,station,baseline16,82,spike,0.0,transient,
Kolkata,station,baseline16,82,spike,1.0,transient,0.0
Kolkata,station,baseline16,82,spike,1.0,transient,0.0
Kolkata,station,baseline16,82,spike,1.0,transient,0.0
Kolkata,station,baseline16,82,spike,1.0,transient,0.0
Kolkata,station,baseline16,82,spike,0.0,transient,
Kolkata,station,baseline16,82,spike,1.0,transient,0.0
Kolkata,station,baseline16,82,spike,1.0,transient,0.0
Kolkata,station,baseline16,82,spike,1.0,transient,0.0
Kolkata,station,baseline16,82,spike,0.0,transient,
Kolkata,station,baseline16,82,spike,1.0,transient,0.0
Kolkata,station,baseline16,82,spike,1.0,transient,0.0
Kolkata,station,baseline16,82,spike,1.0,transient,0.0
Kolkata,station,baseline16,82,spike,0.0,transient,
Kolkata,station,baseline16,82,spike,1.0,transient,0.0
Kolkata,station,baseline16,82,drift,1.0,persistent,12.0
Kolkata,station,baseline16,82,drift,0.0,persistent,
Kolkata,station,baseline16,82,drift,0.0,persistent,
Kolkata,station,baseline16,82,drift,1.0,persistent,4.0
Kolkata,station,baseline16,82,drift,1.0,persistent,0.0
Kolkata,station,baseline16,82,drift,0.0,persistent,
Kolkata,station,baseline16,82,bias,1.0,persistent,6.0
Kolkata,station,baseline16,82,bias,1.0,persistent,0.0
Kolkata,station,baseline16,82,bias,0.0,persistent,
Kolkata,station,baseline16,82,bias,1.0,persistent,6.0
Kolkata,station,baseline16,82,bias,1.0,persistent,0.0
Kolkata,station,baseline16,82,bias,0.0,persistent,
Kolkata,station,baseline16,82,stuck_at,1.0,persistent,0.0
Kolkata,station,baseline16,82,stuck_at,1.0,persistent,0.0
Kolkata,station,baseline16,82,stuck_at,1.0,persistent,0.0
Kolkata,station,baseline16,82,stuck_at,1.0,persistent,0.0
Kolkata,station,baseline16,82,stuck_at,1.0,persistent,0.0
Kolkata,station,baseline16,82,stuck_at,1.0,persistent,0.0
Kolkata,station,baseline16,82,noise_burst,1.0,persistent,7.0
Kolkata,station,baseline16,82,noise_burst,1.0,persistent,1.0
Kolkata,station,baseline16,82,noise_burst,1.0,persistent,9.0
Kolkata,station,baseline16,82,noise_burst,1.0,persistent,1.0
Kolkata,station,baseline16,82,noise_burst,1.0,persistent,0.0
Kolkata,station,baseline16,82,noise_burst,1.0,persistent,0.0
Kolkata,station,baseline16,82,intermittent_spikes,1.0,transient,0.0
Kolkata,station,baseline16,82,intermittent_spikes,1.0,transient,0.0
Kolkata,station,baseline16,82,intermittent_spikes,1.0,transient,0.0
Kolkata,station,baseline16,82,intermittent_spikes,1.0,transient,5.0
Kolkata,station,baseline16,82,intermittent_spikes,1.0,transient,11.0
Kolkata,station,baseline16,82,intermittent_spikes,1.0,transient,0.0
Kolkata,station,baseline16,82,drift_plus_noise,0.0,persistent,
Kolkata,station,baseline16,82,drift_plus_noise,1.0,persistent,3.0
Kolkata,station,baseline16,82,drift_plus_noise,0.0,persistent,
Kolkata,station,baseline16,82,bias_plus_spikes,1.0,persistent,0.0
Kolkata,station,baseline16,82,bias_plus_spikes,1.0,persistent,0.0
Kolkata,station,baseline16,82,bias_plus_spikes,1.0,persistent,7.0
Kolkata,in_domain,baseline16,93,spike,1.0,transient,0.0
Kolkata,in_domain,baseline16,93,spike,1.0,transient,0.0
Kolkata,in_domain,baseline16,93,spike,1.0,transient,0.0
Kolkata,in_domain,baseline16,93,spike,1.0,transient,0.0
Kolkata,in_domain,baseline16,93,spike,1.0,transient,0.0
Kolkata,in_domain,baseline16,93,spike,1.0,transient,0.0
Kolkata,in_domain,baseline16,93,spike,1.0,transient,0.0
Kolkata,in_domain,baseline16,93,spike,0.0,transient,
Kolkata,in_domain,baseline16,93,spike,1.0,transient,0.0
Kolkata,in_domain,baseline16,93,spike,1.0,transient,0.0
Kolkata,in_domain,baseline16,93,spike,1.0,transient,0.0
Kolkata,in_domain,baseline16,93,spike,1.0,transient,0.0
Kolkata,in_domain,baseline16,93,spike,1.0,transient,0.0
Kolkata,in_domain,baseline16,93,spike,1.0,transient,0.0
Kolkata,in_domain,baseline16,93,spike,1.0,transient,0.0
Kolkata,in_domain,baseline16,93,spike,1.0,transient,0.0
Kolkata,in_domain,baseline16,93,spike,1.0,transient,0.0
Kolkata,in_domain,baseline16,93,spike,1.0,transient,0.0
Kolkata,in_domain,baseline16,93,spike,1.0,transient,0.0
Kolkata,in_domain,baseline16,93,spike,1.0,transient,0.0
Kolkata,in_domain,baseline16,93,spike,1.0,transient,0.0
Kolkata,in_domain,baseline16,93,spike,1.0,transient,0.0
Kolkata,in_domain,baseline16,93,spike,1.0,transient,0.0
Kolkata,in_domain,baseline16,93,spike,1.0,transient,0.0
Kolkata,in_domain,baseline16,93,drift,1.0,persistent,5.0
Kolkata,in_domain,baseline16,93,drift,1.0,persistent,7.0
Kolkata,in_domain,baseline16,93,drift,0.0,persistent,
Kolkata,in_domain,baseline16,93,drift,1.0,persistent,10.0
Kolkata,in_domain,baseline16,93,drift,1.0,persistent,14.0
Kolkata,in_domain,baseline16,93,drift,1.0,persistent,5.0
Kolkata,in_domain,baseline16,93,bias,0.0,persistent,
Kolkata,in_domain,baseline16,93,bias,1.0,persistent,0.0
Kolkata,in_domain,baseline16,93,bias,0.0,persistent,
Kolkata,in_domain,baseline16,93,bias,1.0,persistent,9.0
Kolkata,in_domain,baseline16,93,bias,0.0,persistent,
Kolkata,in_domain,baseline16,93,bias,0.0,persistent,
Kolkata,in_domain,baseline16,93,stuck_at,1.0,persistent,0.0
Kolkata,in_domain,baseline16,93,stuck_at,1.0,persistent,0.0
Kolkata,in_domain,baseline16,93,stuck_at,1.0,persistent,0.0
Kolkata,in_domain,baseline16,93,stuck_at,1.0,persistent,0.0
Kolkata,in_domain,baseline16,93,stuck_at,1.0,persistent,0.0
Kolkata,in_domain,baseline16,93,stuck_at,1.0,persistent,0.0
Kolkata,in_domain,baseline16,93,noise_burst,0.0,persistent,
Kolkata,in_domain,baseline16,93,noise_burst,1.0,persistent,0.0
Kolkata,in_domain,baseline16,93,noise_burst,0.0,persistent,
Kolkata,in_domain,baseline16,93,noise_burst,1.0,persistent,4.0
Kolkata,in_domain,baseline16,93,noise_burst,1.0,persistent,4.0
Kolkata,in_domain,baseline16,93,noise_burst,1.0,persistent,1.0
Kolkata,in_domain,baseline16,93,intermittent_spikes,1.0,transient,0.0
Kolkata,in_domain,baseline16,93,intermittent_spikes,1.0,transient,0.0
Kolkata,in_domain,baseline16,93,intermittent_spikes,1.0,transient,0.0
Kolkata,in_domain,baseline16,93,intermittent_spikes,1.0,transient,0.0
Kolkata,in_domain,baseline16,93,intermittent_spikes,1.0,transient,0.0
Kolkata,in_domain,baseline16,93,intermittent_spikes,1.0,transient,13.0
Kolkata,in_domain,baseline16,93,drift_plus_noise,1.0,persistent,7.0
Kolkata,in_domain,baseline16,93,drift_plus_noise,1.0,persistent,7.0
Kolkata,in_domain,baseline16,93,drift_plus_noise,0.0,persistent,
Kolkata,in_domain,baseline16,93,bias_plus_spikes,1.0,persistent,0.0
Kolkata,in_domain,baseline16,93,bias_plus_spikes,1.0,persistent,1.0
Kolkata,in_domain,baseline16,93,bias_plus_spikes,1.0,persistent,1.0
Kolkata,temporal,baseline16,93,spike,1.0,transient,0.0
Kolkata,temporal,baseline16,93,spike,0.0,transient,
Kolkata,temporal,baseline16,93,spike,1.0,transient,0.0
Kolkata,temporal,baseline16,93,spike,0.0,transient,
Kolkata,temporal,baseline16,93,spike,1.0,transient,0.0
Kolkata,temporal,baseline16,93,spike,1.0,transient,0.0
Kolkata,temporal,baseline16,93,spike,0.0,transient,
Kolkata,temporal,baseline16,93,spike,1.0,transient,0.0
Kolkata,temporal,baseline16,93,spike,1.0,transient,0.0
Kolkata,temporal,baseline16,93,spike,1.0,transient,0.0
Kolkata,temporal,baseline16,93,spike,1.0,transient,0.0
Kolkata,temporal,baseline16,93,spike,1.0,transient,0.0
Kolkata,temporal,baseline16,93,spike,1.0,transient,0.0
Kolkata,temporal,baseline16,93,spike,1.0,transient,0.0
Kolkata,temporal,baseline16,93,spike,1.0,transient,0.0
Kolkata,temporal,baseline16,93,spike,1.0,transient,0.0
Kolkata,temporal,baseline16,93,spike,1.0,transient,0.0
Kolkata,temporal,baseline16,93,spike,0.0,transient,
Kolkata,temporal,baseline16,93,spike,1.0,transient,0.0
Kolkata,temporal,baseline16,93,spike,1.0,transient,0.0
Kolkata,temporal,baseline16,93,spike,1.0,transient,0.0
Kolkata,temporal,baseline16,93,spike,1.0,transient,0.0
Kolkata,temporal,baseline16,93,spike,1.0,transient,0.0
Kolkata,temporal,baseline16,93,spike,1.0,transient,2.0
Kolkata,temporal,baseline16,93,drift,1.0,persistent,12.0
Kolkata,temporal,baseline16,93,drift,0.0,persistent,
Kolkata,temporal,baseline16,93,drift,0.0,persistent,
Kolkata,temporal,baseline16,93,drift,0.0,persistent,
Kolkata,temporal,baseline16,93,drift,0.0,persistent,
Kolkata,temporal,baseline16,93,drift,1.0,persistent,10.0
Kolkata,temporal,baseline16,93,bias,1.0,persistent,6.0
Kolkata,temporal,baseline16,93,bias,1.0,persistent,4.0
Kolkata,temporal,baseline16,93,bias,1.0,persistent,0.0
Kolkata,temporal,baseline16,93,bias,0.0,persistent,
Kolkata,temporal,baseline16,93,bias,0.0,persistent,
Kolkata,temporal,baseline16,93,bias,0.0,persistent,
Kolkata,temporal,baseline16,93,stuck_at,1.0,persistent,0.0
Kolkata,temporal,baseline16,93,stuck_at,1.0,persistent,0.0
Kolkata,temporal,baseline16,93,stuck_at,1.0,persistent,0.0
Kolkata,temporal,baseline16,93,stuck_at,1.0,persistent,0.0
Kolkata,temporal,baseline16,93,stuck_at,1.0,persistent,0.0
Kolkata,temporal,baseline16,93,stuck_at,1.0,persistent,0.0
Kolkata,temporal,baseline16,93,noise_burst,0.0,persistent,
Kolkata,temporal,baseline16,93,noise_burst,1.0,persistent,1.0
Kolkata,temporal,baseline16,93,noise_burst,0.0,persistent,
Kolkata,temporal,baseline16,93,noise_burst,1.0,persistent,3.0
Kolkata,temporal,baseline16,93,noise_burst,1.0,persistent,2.0
Kolkata,temporal,baseline16,93,noise_burst,1.0,persistent,1.0
Kolkata,temporal,baseline16,93,intermittent_spikes,1.0,transient,0.0
Kolkata,temporal,baseline16,93,intermittent_spikes,1.0,transient,4.0
Kolkata,temporal,baseline16,93,intermittent_spikes,1.0,transient,0.0
Kolkata,temporal,baseline16,93,intermittent_spikes,1.0,transient,0.0
Kolkata,temporal,baseline16,93,intermittent_spikes,1.0,transient,0.0
Kolkata,temporal,baseline16,93,intermittent_spikes,1.0,transient,13.0
Kolkata,temporal,baseline16,93,drift_plus_noise,1.0,persistent,2.0
Kolkata,temporal,baseline16,93,drift_plus_noise,1.0,persistent,0.0
Kolkata,temporal,baseline16,93,drift_plus_noise,1.0,persistent,6.0
Kolkata,temporal,baseline16,93,bias_plus_spikes,1.0,persistent,0.0
Kolkata,temporal,baseline16,93,bias_plus_spikes,1.0,persistent,1.0
Kolkata,temporal,baseline16,93,bias_plus_spikes,1.0,persistent,0.0
Kolkata,station,baseline16,93,spike,1.0,transient,0.0
Kolkata,station,baseline16,93,spike,0.0,transient,
Kolkata,station,baseline16,93,spike,1.0,transient,0.0
Kolkata,station,baseline16,93,spike,0.0,transient,
Kolkata,station,baseline16,93,spike,1.0,transient,0.0
Kolkata,station,baseline16,93,spike,1.0,transient,0.0
Kolkata,station,baseline16,93,spike,1.0,transient,0.0
Kolkata,station,baseline16,93,spike,0.0,transient,
Kolkata,station,baseline16,93,spike,1.0,transient,0.0
Kolkata,station,baseline16,93,spike,1.0,transient,0.0
Kolkata,station,baseline16,93,spike,1.0,transient,0.0
Kolkata,station,baseline16,93,spike,1.0,transient,0.0
Kolkata,station,baseline16,93,spike,1.0,transient,0.0
Kolkata,station,baseline16,93,spike,1.0,transient,0.0
Kolkata,station,baseline16,93,spike,1.0,transient,0.0
Kolkata,station,baseline16,93,spike,1.0,transient,0.0
Kolkata,station,baseline16,93,spike,1.0,transient,0.0
Kolkata,station,baseline16,93,spike,0.0,transient,
Kolkata,station,baseline16,93,spike,1.0,transient,0.0
Kolkata,station,baseline16,93,spike,1.0,transient,0.0
Kolkata,station,baseline16,93,spike,1.0,transient,0.0
Kolkata,station,baseline16,93,spike,1.0,transient,0.0
Kolkata,station,baseline16,93,spike,1.0,transient,0.0
Kolkata,station,baseline16,93,spike,1.0,transient,2.0
Kolkata,station,baseline16,93,drift,0.0,persistent,
Kolkata,station,baseline16,93,drift,0.0,persistent,
Kolkata,station,baseline16,93,drift,0.0,persistent,
Kolkata,station,baseline16,93,drift,0.0,persistent,
Kolkata,station,baseline16,93,drift,0.0,persistent,
Kolkata,station,baseline16,93,drift,1.0,persistent,4.0
Kolkata,station,baseline16,93,bias,1.0,persistent,6.0
Kolkata,station,baseline16,93,bias,1.0,persistent,4.0
Kolkata,station,baseline16,93,bias,1.0,persistent,0.0
Kolkata,station,baseline16,93,bias,0.0,persistent,
Kolkata,station,baseline16,93,bias,0.0,persistent,
Kolkata,station,baseline16,93,bias,0.0,persistent,
Kolkata,station,baseline16,93,stuck_at,1.0,persistent,0.0
Kolkata,station,baseline16,93,stuck_at,1.0,persistent,0.0
Kolkata,station,baseline16,93,stuck_at,1.0,persistent,0.0
Kolkata,station,baseline16,93,stuck_at,1.0,persistent,0.0
Kolkata,station,baseline16,93,stuck_at,1.0,persistent,0.0
Kolkata,station,baseline16,93,stuck_at,1.0,persistent,0.0
Kolkata,station,baseline16,93,noise_burst,0.0,persistent,
Kolkata,station,baseline16,93,noise_burst,1.0,persistent,1.0
Kolkata,station,baseline16,93,noise_burst,0.0,persistent,
Kolkata,station,baseline16,93,noise_burst,1.0,persistent,3.0
Kolkata,station,baseline16,93,noise_burst,1.0,persistent,4.0
Kolkata,station,baseline16,93,noise_burst,1.0,persistent,1.0
Kolkata,station,baseline16,93,intermittent_spikes,1.0,transient,0.0
Kolkata,station,baseline16,93,intermittent_spikes,1.0,transient,4.0
Kolkata,station,baseline16,93,intermittent_spikes,1.0,transient,0.0
Kolkata,station,baseline16,93,intermittent_spikes,1.0,transient,0.0
Kolkata,station,baseline16,93,intermittent_spikes,1.0,transient,0.0
Kolkata,station,baseline16,93,intermittent_spikes,1.0,transient,13.0
Kolkata,station,baseline16,93,drift_plus_noise,1.0,persistent,10.0
Kolkata,station,baseline16,93,drift_plus_noise,1.0,persistent,0.0
Kolkata,station,baseline16,93,drift_plus_noise,0.0,persistent,
Kolkata,station,baseline16,93,bias_plus_spikes,1.0,persistent,0.0
Kolkata,station,baseline16,93,bias_plus_spikes,1.0,persistent,12.0
Kolkata,station,baseline16,93,bias_plus_spikes,1.0,persistent,0.0
Kolkata,in_domain,dual18,71,spike,1.0,transient,0.0
Kolkata,in_domain,dual18,71,spike,1.0,transient,0.0
Kolkata,in_domain,dual18,71,spike,1.0,transient,0.0
Kolkata,in_domain,dual18,71,spike,1.0,transient,0.0
Kolkata,in_domain,dual18,71,spike,1.0,transient,0.0
Kolkata,in_domain,dual18,71,spike,1.0,transient,0.0
Kolkata,in_domain,dual18,71,spike,1.0,transient,0.0
Kolkata,in_domain,dual18,71,spike,1.0,transient,0.0
Kolkata,in_domain,dual18,71,spike,0.0,transient,
Kolkata,in_domain,dual18,71,spike,1.0,transient,0.0
Kolkata,in_domain,dual18,71,spike,1.0,transient,0.0
Kolkata,in_domain,dual18,71,spike,1.0,transient,0.0
Kolkata,in_domain,dual18,71,spike,1.0,transient,0.0
Kolkata,in_domain,dual18,71,spike,1.0,transient,0.0
Kolkata,in_domain,dual18,71,spike,1.0,transient,0.0
Kolkata,in_domain,dual18,71,spike,1.0,transient,0.0
Kolkata,in_domain,dual18,71,spike,1.0,transient,0.0
Kolkata,in_domain,dual18,71,spike,1.0,transient,0.0
Kolkata,in_domain,dual18,71,spike,1.0,transient,0.0
Kolkata,in_domain,dual18,71,spike,1.0,transient,0.0
Kolkata,in_domain,dual18,71,spike,1.0,transient,0.0
Kolkata,in_domain,dual18,71,spike,1.0,transient,0.0
Kolkata,in_domain,dual18,71,spike,1.0,transient,0.0
Kolkata,in_domain,dual18,71,spike,0.0,transient,
Kolkata,in_domain,dual18,71,drift,1.0,persistent,8.0
Kolkata,in_domain,dual18,71,drift,1.0,persistent,10.0
Kolkata,in_domain,dual18,71,drift,0.0,persistent,
Kolkata,in_domain,dual18,71,drift,1.0,persistent,12.0
Kolkata,in_domain,dual18,71,drift,1.0,persistent,3.0
Kolkata,in_domain,dual18,71,drift,1.0,persistent,8.0
Kolkata,in_domain,dual18,71,bias,1.0,persistent,10.0
Kolkata,in_domain,dual18,71,bias,0.0,persistent,
Kolkata,in_domain,dual18,71,bias,1.0,persistent,0.0
Kolkata,in_domain,dual18,71,bias,1.0,persistent,7.0
Kolkata,in_domain,dual18,71,bias,1.0,persistent,4.0
Kolkata,in_domain,dual18,71,bias,1.0,persistent,3.0
Kolkata,in_domain,dual18,71,stuck_at,1.0,persistent,0.0
Kolkata,in_domain,dual18,71,stuck_at,0.0,persistent,
Kolkata,in_domain,dual18,71,stuck_at,1.0,persistent,0.0
Kolkata,in_domain,dual18,71,stuck_at,1.0,persistent,0.0
Kolkata,in_domain,dual18,71,stuck_at,1.0,persistent,0.0
Kolkata,in_domain,dual18,71,stuck_at,1.0,persistent,0.0
Kolkata,in_domain,dual18,71,noise_burst,1.0,persistent,0.0
Kolkata,in_domain,dual18,71,noise_burst,0.0,persistent,
Kolkata,in_domain,dual18,71,noise_burst,0.0,persistent,
Kolkata,in_domain,dual18,71,noise_burst,1.0,persistent,0.0
Kolkata,in_domain,dual18,71,noise_burst,1.0,persistent,0.0
Kolkata,in_domain,dual18,71,noise_burst,1.0,persistent,0.0
Kolkata,in_domain,dual18,71,intermittent_spikes,1.0,transient,0.0
Kolkata,in_domain,dual18,71,intermittent_spikes,1.0,transient,0.0
Kolkata,in_domain,dual18,71,intermittent_spikes,1.0,transient,0.0
Kolkata,in_domain,dual18,71,intermittent_spikes,1.0,transient,0.0
Kolkata,in_domain,dual18,71,intermittent_spikes,1.0,transient,0.0
Kolkata,in_domain,dual18,71,intermittent_spikes,1.0,transient,0.0
Kolkata,in_domain,dual18,71,drift_plus_noise,1.0,persistent,9.0
Kolkata,in_domain,dual18,71,drift_plus_noise,1.0,persistent,2.0
Kolkata,in_domain,dual18,71,drift_plus_noise,1.0,persistent,4.0
Kolkata,in_domain,dual18,71,bias_plus_spikes,1.0,persistent,0.0
Kolkata,in_domain,dual18,71,bias_plus_spikes,1.0,persistent,7.0
Kolkata,in_domain,dual18,71,bias_plus_spikes,1.0,persistent,3.0
Kolkata,temporal,dual18,71,spike,1.0,transient,0.0
Kolkata,temporal,dual18,71,spike,1.0,transient,0.0
Kolkata,temporal,dual18,71,spike,1.0,transient,0.0
Kolkata,temporal,dual18,71,spike,1.0,transient,0.0
Kolkata,temporal,dual18,71,spike,1.0,transient,0.0
Kolkata,temporal,dual18,71,spike,1.0,transient,0.0
Kolkata,temporal,dual18,71,spike,0.0,transient,
Kolkata,temporal,dual18,71,spike,1.0,transient,0.0
Kolkata,temporal,dual18,71,spike,0.0,transient,
Kolkata,temporal,dual18,71,spike,1.0,transient,0.0
Kolkata,temporal,dual18,71,spike,1.0,transient,0.0
Kolkata,temporal,dual18,71,spike,0.0,transient,
Kolkata,temporal,dual18,71,spike,1.0,transient,0.0
Kolkata,temporal,dual18,71,spike,1.0,transient,0.0
Kolkata,temporal,dual18,71,spike,1.0,transient,0.0
Kolkata,temporal,dual18,71,spike,1.0,transient,0.0
Kolkata,temporal,dual18,71,spike,1.0,transient,0.0
Kolkata,temporal,dual18,71,spike,1.0,transient,0.0
Kolkata,temporal,dual18,71,spike,1.0,transient,0.0
Kolkata,temporal,dual18,71,spike,1.0,transient,1.0
Kolkata,temporal,dual18,71,spike,1.0,transient,0.0
Kolkata,temporal,dual18,71,spike,1.0,transient,0.0
Kolkata,temporal,dual18,71,spike,0.0,transient,
Kolkata,temporal,dual18,71,spike,0.0,transient,
Kolkata,temporal,dual18,71,drift,1.0,persistent,6.0
Kolkata,temporal,dual18,71,drift,1.0,persistent,10.0
Kolkata,temporal,dual18,71,drift,0.0,persistent,
Kolkata,temporal,dual18,71,drift,1.0,persistent,7.0
Kolkata,temporal,dual18,71,drift,1.0,persistent,7.0
Kolkata,temporal,dual18,71,drift,1.0,persistent,0.0
Kolkata,temporal,dual18,71,bias,0.0,persistent,
Kolkata,temporal,dual18,71,bias,0.0,persistent,
Kolkata,temporal,dual18,71,bias,0.0,persistent,
Kolkata,temporal,dual18,71,bias,0.0,persistent,
Kolkata,temporal,dual18,71,bias,0.0,persistent,
Kolkata,temporal,dual18,71,bias,1.0,persistent,4.0
Kolkata,temporal,dual18,71,stuck_at,1.0,persistent,0.0
Kolkata,temporal,dual18,71,stuck_at,1.0,persistent,0.0
Kolkata,temporal,dual18,71,stuck_at,1.0,persistent,0.0
Kolkata,temporal,dual18,71,stuck_at,1.0,persistent,0.0
Kolkata,temporal,dual18,71,stuck_at,1.0,persistent,0.0
Kolkata,temporal,dual18,71,stuck_at,1.0,persistent,0.0
Kolkata,temporal,dual18,71,noise_burst,1.0,persistent,2.0
Kolkata,temporal,dual18,71,noise_burst,1.0,persistent,7.0
Kolkata,temporal,dual18,71,noise_burst,0.0,persistent,
Kolkata,temporal,dual18,71,noise_burst,1.0,persistent,0.0
Kolkata,temporal,dual18,71,noise_burst,1.0,persistent,0.0
Kolkata,temporal,dual18,71,noise_burst,1.0,persistent,0.0
Kolkata,temporal,dual18,71,intermittent_spikes,1.0,transient,0.0
Kolkata,temporal,dual18,71,intermittent_spikes,1.0,transient,2.0
Kolkata,temporal,dual18,71,intermittent_spikes,1.0,transient,0.0
Kolkata,temporal,dual18,71,intermittent_spikes,1.0,transient,0.0
Kolkata,temporal,dual18,71,intermittent_spikes,1.0,transient,0.0
Kolkata,temporal,dual18,71,intermittent_spikes,1.0,transient,0.0
Kolkata,temporal,dual18,71,drift_plus_noise,0.0,persistent,
Kolkata,temporal,dual18,71,drift_plus_noise,1.0,persistent,0.0
Kolkata,temporal,dual18,71,drift_plus_noise,1.0,persistent,2.0
Kolkata,temporal,dual18,71,bias_plus_spikes,1.0,persistent,0.0
Kolkata,temporal,dual18,71,bias_plus_spikes,0.0,persistent,
Kolkata,temporal,dual18,71,bias_plus_spikes,1.0,persistent,0.0
Kolkata,station,dual18,71,spike,1.0,transient,0.0
Kolkata,station,dual18,71,spike,1.0,transient,0.0
Kolkata,station,dual18,71,spike,1.0,transient,0.0
Kolkata,station,dual18,71,spike,1.0,transient,0.0
Kolkata,station,dual18,71,spike,0.0,transient,
Kolkata,station,dual18,71,spike,1.0,transient,0.0
Kolkata,station,dual18,71,spike,0.0,transient,
Kolkata,station,dual18,71,spike,1.0,transient,0.0
Kolkata,station,dual18,71,spike,0.0,transient,
Kolkata,station,dual18,71,spike,1.0,transient,0.0
Kolkata,station,dual18,71,spike,1.0,transient,0.0
Kolkata,station,dual18,71,spike,1.0,transient,0.0
Kolkata,station,dual18,71,spike,1.0,transient,0.0
Kolkata,station,dual18,71,spike,1.0,transient,0.0
Kolkata,station,dual18,71,spike,1.0,transient,0.0
Kolkata,station,dual18,71,spike,1.0,transient,0.0
Kolkata,station,dual18,71,spike,1.0,transient,0.0
Kolkata,station,dual18,71,spike,1.0,transient,0.0
Kolkata,station,dual18,71,spike,1.0,transient,0.0
Kolkata,station,dual18,71,spike,0.0,transient,
Kolkata,station,dual18,71,spike,1.0,transient,0.0
Kolkata,station,dual18,71,spike,1.0,transient,0.0
Kolkata,station,dual18,71,spike,0.0,transient,
Kolkata,station,dual18,71,spike,0.0,transient,
Kolkata,station,dual18,71,drift,1.0,persistent,13.0
Kolkata,station,dual18,71,drift,1.0,persistent,10.0
Kolkata,station,dual18,71,drift,0.0,persistent,
Kolkata,station,dual18,71,drift,1.0,persistent,9.0
Kolkata,station,dual18,71,drift,1.0,persistent,7.0
Kolkata,station,dual18,71,drift,1.0,persistent,0.0
Kolkata,station,dual18,71,bias,0.0,persistent,
Kolkata,station,dual18,71,bias,0.0,persistent,
Kolkata,station,dual18,71,bias,1.0,persistent,3.0
Kolkata,station,dual18,71,bias,1.0,persistent,5.0
Kolkata,station,dual18,71,bias,0.0,persistent,
Kolkata,station,dual18,71,bias,1.0,persistent,4.0
Kolkata,station,dual18,71,stuck_at,1.0,persistent,0.0
Kolkata,station,dual18,71,stuck_at,1.0,persistent,0.0
Kolkata,station,dual18,71,stuck_at,1.0,persistent,0.0
Kolkata,station,dual18,71,stuck_at,1.0,persistent,0.0
Kolkata,station,dual18,71,stuck_at,1.0,persistent,0.0
Kolkata,station,dual18,71,stuck_at,1.0,persistent,0.0
Kolkata,station,dual18,71,noise_burst,1.0,persistent,3.0
Kolkata,station,dual18,71,noise_burst,1.0,persistent,1.0
Kolkata,station,dual18,71,noise_burst,0.0,persistent,
Kolkata,station,dual18,71,noise_burst,1.0,persistent,0.0
Kolkata,station,dual18,71,noise_burst,1.0,persistent,0.0
Kolkata,station,dual18,71,noise_burst,1.0,persistent,1.0
Kolkata,station,dual18,71,intermittent_spikes,1.0,transient,0.0
Kolkata,station,dual18,71,intermittent_spikes,1.0,transient,2.0
Kolkata,station,dual18,71,intermittent_spikes,1.0,transient,0.0
Kolkata,station,dual18,71,intermittent_spikes,1.0,transient,0.0
Kolkata,station,dual18,71,intermittent_spikes,1.0,transient,0.0
Kolkata,station,dual18,71,intermittent_spikes,1.0,transient,0.0
Kolkata,station,dual18,71,drift_plus_noise,0.0,persistent,
Kolkata,station,dual18,71,drift_plus_noise,1.0,persistent,0.0
Kolkata,station,dual18,71,drift_plus_noise,1.0,persistent,1.0
Kolkata,station,dual18,71,bias_plus_spikes,1.0,persistent,0.0
Kolkata,station,dual18,71,bias_plus_spikes,0.0,persistent,
Kolkata,station,dual18,71,bias_plus_spikes,1.0,persistent,3.0
Kolkata,in_domain,dual18,82,spike,1.0,transient,0.0
Kolkata,in_domain,dual18,82,spike,1.0,transient,0.0
Kolkata,in_domain,dual18,82,spike,1.0,transient,0.0
Kolkata,in_domain,dual18,82,spike,1.0,transient,0.0
Kolkata,in_domain,dual18,82,spike,1.0,transient,0.0
Kolkata,in_domain,dual18,82,spike,0.0,transient,
Kolkata,in_domain,dual18,82,spike,0.0,transient,
Kolkata,in_domain,dual18,82,spike,0.0,transient,
Kolkata,in_domain,dual18,82,spike,0.0,transient,
Kolkata,in_domain,dual18,82,spike,1.0,transient,0.0
Kolkata,in_domain,dual18,82,spike,1.0,transient,0.0
Kolkata,in_domain,dual18,82,spike,1.0,transient,0.0
Kolkata,in_domain,dual18,82,spike,1.0,transient,0.0
Kolkata,in_domain,dual18,82,spike,1.0,transient,0.0
Kolkata,in_domain,dual18,82,spike,1.0,transient,0.0
Kolkata,in_domain,dual18,82,spike,1.0,transient,0.0
Kolkata,in_domain,dual18,82,spike,1.0,transient,0.0
Kolkata,in_domain,dual18,82,spike,1.0,transient,0.0
Kolkata,in_domain,dual18,82,spike,1.0,transient,0.0
Kolkata,in_domain,dual18,82,spike,1.0,transient,0.0
Kolkata,in_domain,dual18,82,spike,1.0,transient,0.0
Kolkata,in_domain,dual18,82,spike,1.0,transient,0.0
Kolkata,in_domain,dual18,82,spike,1.0,transient,0.0
Kolkata,in_domain,dual18,82,spike,0.0,transient,
Kolkata,in_domain,dual18,82,drift,0.0,persistent,
Kolkata,in_domain,dual18,82,drift,1.0,persistent,6.0
Kolkata,in_domain,dual18,82,drift,1.0,persistent,4.0
Kolkata,in_domain,dual18,82,drift,1.0,persistent,0.0
Kolkata,in_domain,dual18,82,drift,1.0,persistent,11.0
Kolkata,in_domain,dual18,82,drift,0.0,persistent,
Kolkata,in_domain,dual18,82,bias,1.0,persistent,4.0
Kolkata,in_domain,dual18,82,bias,1.0,persistent,0.0
Kolkata,in_domain,dual18,82,bias,1.0,persistent,7.0
Kolkata,in_domain,dual18,82,bias,1.0,persistent,0.0
Kolkata,in_domain,dual18,82,bias,0.0,persistent,
Kolkata,in_domain,dual18,82,bias,1.0,persistent,0.0
Kolkata,in_domain,dual18,82,stuck_at,1.0,persistent,0.0
Kolkata,in_domain,dual18,82,stuck_at,1.0,persistent,0.0
Kolkata,in_domain,dual18,82,stuck_at,1.0,persistent,0.0
Kolkata,in_domain,dual18,82,stuck_at,1.0,persistent,0.0
Kolkata,in_domain,dual18,82,stuck_at,1.0,persistent,0.0
Kolkata,in_domain,dual18,82,stuck_at,1.0,persistent,0.0
Kolkata,in_domain,dual18,82,noise_burst,1.0,persistent,1.0
Kolkata,in_domain,dual18,82,noise_burst,1.0,persistent,5.0
Kolkata,in_domain,dual18,82,noise_burst,1.0,persistent,5.0
Kolkata,in_domain,dual18,82,noise_burst,1.0,persistent,0.0
Kolkata,in_domain,dual18,82,noise_burst,1.0,persistent,2.0
Kolkata,in_domain,dual18,82,noise_burst,1.0,persistent,0.0
Kolkata,in_domain,dual18,82,intermittent_spikes,1.0,transient,0.0
Kolkata,in_domain,dual18,82,intermittent_spikes,1.0,transient,0.0
Kolkata,in_domain,dual18,82,intermittent_spikes,1.0,transient,0.0
Kolkata,in_domain,dual18,82,intermittent_spikes,1.0,transient,0.0
Kolkata,in_domain,dual18,82,intermittent_spikes,1.0,transient,0.0
Kolkata,in_domain,dual18,82,intermittent_spikes,1.0,transient,2.0
Kolkata,in_domain,dual18,82,drift_plus_noise,1.0,persistent,7.0
Kolkata,in_domain,dual18,82,drift_plus_noise,1.0,persistent,10.0
Kolkata,in_domain,dual18,82,drift_plus_noise,1.0,persistent,3.0
Kolkata,in_domain,dual18,82,bias_plus_spikes,1.0,persistent,0.0
Kolkata,in_domain,dual18,82,bias_plus_spikes,1.0,persistent,0.0
Kolkata,in_domain,dual18,82,bias_plus_spikes,1.0,persistent,5.0
Kolkata,temporal,dual18,82,spike,1.0,transient,0.0
Kolkata,temporal,dual18,82,spike,1.0,transient,0.0
Kolkata,temporal,dual18,82,spike,1.0,transient,0.0
Kolkata,temporal,dual18,82,spike,1.0,transient,0.0
Kolkata,temporal,dual18,82,spike,1.0,transient,0.0
Kolkata,temporal,dual18,82,spike,1.0,transient,0.0
Kolkata,temporal,dual18,82,spike,0.0,transient,
Kolkata,temporal,dual18,82,spike,0.0,transient,
Kolkata,temporal,dual18,82,spike,0.0,transient,
Kolkata,temporal,dual18,82,spike,0.0,transient,
Kolkata,temporal,dual18,82,spike,1.0,transient,0.0
Kolkata,temporal,dual18,82,spike,1.0,transient,0.0
Kolkata,temporal,dual18,82,spike,1.0,transient,0.0
Kolkata,temporal,dual18,82,spike,1.0,transient,0.0
Kolkata,temporal,dual18,82,spike,0.0,transient,
Kolkata,temporal,dual18,82,spike,1.0,transient,0.0
Kolkata,temporal,dual18,82,spike,1.0,transient,0.0
Kolkata,temporal,dual18,82,spike,1.0,transient,0.0
Kolkata,temporal,dual18,82,spike,1.0,transient,0.0
Kolkata,temporal,dual18,82,spike,1.0,transient,0.0
Kolkata,temporal,dual18,82,spike,1.0,transient,0.0
Kolkata,temporal,dual18,82,spike,1.0,transient,0.0
Kolkata,temporal,dual18,82,spike,0.0,transient,
Kolkata,temporal,dual18,82,spike,1.0,transient,0.0
Kolkata,temporal,dual18,82,drift,1.0,persistent,10.0
Kolkata,temporal,dual18,82,drift,0.0,persistent,
Kolkata,temporal,dual18,82,drift,1.0,persistent,15.0
Kolkata,temporal,dual18,82,drift,1.0,persistent,3.0
Kolkata,temporal,dual18,82,drift,0.0,persistent,
Kolkata,temporal,dual18,82,drift,1.0,persistent,7.0
Kolkata,temporal,dual18,82,bias,1.0,persistent,6.0
Kolkata,temporal,dual18,82,bias,1.0,persistent,0.0
Kolkata,temporal,dual18,82,bias,0.0,persistent,
Kolkata,temporal,dual18,82,bias,1.0,persistent,6.0
Kolkata,temporal,dual18,82,bias,1.0,persistent,1.0
Kolkata,temporal,dual18,82,bias,0.0,persistent,
Kolkata,temporal,dual18,82,stuck_at,1.0,persistent,0.0
Kolkata,temporal,dual18,82,stuck_at,1.0,persistent,0.0
Kolkata,temporal,dual18,82,stuck_at,1.0,persistent,0.0
Kolkata,temporal,dual18,82,stuck_at,1.0,persistent,0.0
Kolkata,temporal,dual18,82,stuck_at,1.0,persistent,0.0
Kolkata,temporal,dual18,82,stuck_at,1.0,persistent,0.0
Kolkata,temporal,dual18,82,noise_burst,0.0,persistent,
Kolkata,temporal,dual18,82,noise_burst,1.0,persistent,1.0
Kolkata,temporal,dual18,82,noise_burst,0.0,persistent,
Kolkata,temporal,dual18,82,noise_burst,1.0,persistent,1.0
Kolkata,temporal,dual18,82,noise_burst,1.0,persistent,0.0
Kolkata,temporal,dual18,82,noise_burst,1.0,persistent,0.0
Kolkata,temporal,dual18,82,intermittent_spikes,1.0,transient,0.0
Kolkata,temporal,dual18,82,intermittent_spikes,1.0,transient,0.0
Kolkata,temporal,dual18,82,intermittent_spikes,1.0,transient,0.0
Kolkata,temporal,dual18,82,intermittent_spikes,1.0,transient,5.0
Kolkata,temporal,dual18,82,intermittent_spikes,1.0,transient,0.0
Kolkata,temporal,dual18,82,intermittent_spikes,1.0,transient,0.0
Kolkata,temporal,dual18,82,drift_plus_noise,1.0,persistent,6.0
Kolkata,temporal,dual18,82,drift_plus_noise,1.0,persistent,6.0
Kolkata,temporal,dual18,82,drift_plus_noise,1.0,persistent,2.0
Kolkata,temporal,dual18,82,bias_plus_spikes,1.0,persistent,0.0
Kolkata,temporal,dual18,82,bias_plus_spikes,1.0,persistent,0.0
Kolkata,temporal,dual18,82,bias_plus_spikes,1.0,persistent,3.0
Kolkata,station,dual18,82,spike,1.0,transient,0.0
Kolkata,station,dual18,82,spike,1.0,transient,0.0
Kolkata,station,dual18,82,spike,1.0,transient,0.0
Kolkata,station,dual18,82,spike,1.0,transient,0.0
Kolkata,station,dual18,82,spike,1.0,transient,0.0
Kolkata,station,dual18,82,spike,1.0,transient,0.0
Kolkata,station,dual18,82,spike,0.0,transient,
Kolkata,station,dual18,82,spike,0.0,transient,
Kolkata,station,dual18,82,spike,0.0,transient,
Kolkata,station,dual18,82,spike,0.0,transient,
Kolkata,station,dual18,82,spike,1.0,transient,0.0
Kolkata,station,dual18,82,spike,1.0,transient,0.0
Kolkata,station,dual18,82,spike,1.0,transient,0.0
Kolkata,station,dual18,82,spike,1.0,transient,0.0
Kolkata,station,dual18,82,spike,0.0,transient,
Kolkata,station,dual18,82,spike,1.0,transient,0.0
Kolkata,station,dual18,82,spike,1.0,transient,0.0
Kolkata,station,dual18,82,spike,1.0,transient,0.0
Kolkata,station,dual18,82,spike,1.0,transient,0.0
Kolkata,station,dual18,82,spike,1.0,transient,0.0
Kolkata,station,dual18,82,spike,1.0,transient,0.0
Kolkata,station,dual18,82,spike,1.0,transient,0.0
Kolkata,station,dual18,82,spike,0.0,transient,
Kolkata,station,dual18,82,spike,1.0,transient,0.0
Kolkata,station,dual18,82,drift,0.0,persistent,
Kolkata,station,dual18,82,drift,1.0,persistent,9.0
Kolkata,station,dual18,82,drift,1.0,persistent,9.0
Kolkata,station,dual18,82,drift,1.0,persistent,3.0
Kolkata,station,dual18,82,drift,1.0,persistent,9.0
Kolkata,station,dual18,82,drift,0.0,persistent,
Kolkata,station,dual18,82,bias,1.0,persistent,6.0
Kolkata,station,dual18,82,bias,1.0,persistent,0.0
Kolkata,station,dual18,82,bias,0.0,persistent,
Kolkata,station,dual18,82,bias,1.0,persistent,6.0
Kolkata,station,dual18,82,bias,1.0,persistent,1.0
Kolkata,station,dual18,82,bias,0.0,persistent,
Kolkata,station,dual18,82,stuck_at,1.0,persistent,0.0
Kolkata,station,dual18,82,stuck_at,1.0,persistent,0.0
Kolkata,station,dual18,82,stuck_at,1.0,persistent,0.0
Kolkata,station,dual18,82,stuck_at,1.0,persistent,0.0
Kolkata,station,dual18,82,stuck_at,1.0,persistent,0.0
Kolkata,station,dual18,82,stuck_at,1.0,persistent,0.0
Kolkata,station,dual18,82,noise_burst,1.0,persistent,7.0
Kolkata,station,dual18,82,noise_burst,1.0,persistent,1.0
Kolkata,station,dual18,82,noise_burst,0.0,persistent,
Kolkata,station,dual18,82,noise_burst,1.0,persistent,1.0
Kolkata,station,dual18,82,noise_burst,1.0,persistent,0.0
Kolkata,station,dual18,82,noise_burst,1.0,persistent,0.0
Kolkata,station,dual18,82,intermittent_spikes,1.0,transient,0.0
Kolkata,station,dual18,82,intermittent_spikes,1.0,transient,0.0
Kolkata,station,dual18,82,intermittent_spikes,1.0,transient,0.0
Kolkata,station,dual18,82,intermittent_spikes,1.0,transient,5.0
Kolkata,station,dual18,82,intermittent_spikes,1.0,transient,0.0
Kolkata,station,dual18,82,intermittent_spikes,1.0,transient,0.0
Kolkata,station,dual18,82,drift_plus_noise,0.0,persistent,
Kolkata,station,dual18,82,drift_plus_noise,1.0,persistent,6.0
Kolkata,station,dual18,82,drift_plus_noise,1.0,persistent,2.0
Kolkata,station,dual18,82,bias_plus_spikes,1.0,persistent,0.0
Kolkata,station,dual18,82,bias_plus_spikes,1.0,persistent,0.0
Kolkata,station,dual18,82,bias_plus_spikes,1.0,persistent,7.0
Kolkata,in_domain,dual18,93,spike,1.0,transient,0.0
Kolkata,in_domain,dual18,93,spike,1.0,transient,0.0
Kolkata,in_domain,dual18,93,spike,1.0,transient,0.0
Kolkata,in_domain,dual18,93,spike,1.0,transient,0.0
Kolkata,in_domain,dual18,93,spike,1.0,transient,0.0
Kolkata,in_domain,dual18,93,spike,1.0,transient,0.0
Kolkata,in_domain,dual18,93,spike,1.0,transient,0.0
Kolkata,in_domain,dual18,93,spike,1.0,transient,0.0
Kolkata,in_domain,dual18,93,spike,1.0,transient,0.0
Kolkata,in_domain,dual18,93,spike,1.0,transient,0.0
Kolkata,in_domain,dual18,93,spike,1.0,transient,0.0
Kolkata,in_domain,dual18,93,spike,1.0,transient,0.0
Kolkata,in_domain,dual18,93,spike,1.0,transient,0.0
Kolkata,in_domain,dual18,93,spike,1.0,transient,0.0
Kolkata,in_domain,dual18,93,spike,1.0,transient,0.0
Kolkata,in_domain,dual18,93,spike,1.0,transient,0.0
Kolkata,in_domain,dual18,93,spike,1.0,transient,0.0
Kolkata,in_domain,dual18,93,spike,1.0,transient,0.0
Kolkata,in_domain,dual18,93,spike,1.0,transient,0.0
Kolkata,in_domain,dual18,93,spike,1.0,transient,0.0
Kolkata,in_domain,dual18,93,spike,1.0,transient,0.0
Kolkata,in_domain,dual18,93,spike,1.0,transient,0.0
Kolkata,in_domain,dual18,93,spike,1.0,transient,0.0
Kolkata,in_domain,dual18,93,spike,1.0,transient,0.0
Kolkata,in_domain,dual18,93,drift,1.0,persistent,5.0
Kolkata,in_domain,dual18,93,drift,1.0,persistent,6.0
Kolkata,in_domain,dual18,93,drift,1.0,persistent,13.0
Kolkata,in_domain,dual18,93,drift,1.0,persistent,7.0
Kolkata,in_domain,dual18,93,drift,1.0,persistent,13.0
Kolkata,in_domain,dual18,93,drift,1.0,persistent,4.0
Kolkata,in_domain,dual18,93,bias,1.0,persistent,6.0
Kolkata,in_domain,dual18,93,bias,1.0,persistent,0.0
Kolkata,in_domain,dual18,93,bias,1.0,persistent,0.0
Kolkata,in_domain,dual18,93,bias,1.0,persistent,2.0
Kolkata,in_domain,dual18,93,bias,0.0,persistent,
Kolkata,in_domain,dual18,93,bias,0.0,persistent,
Kolkata,in_domain,dual18,93,stuck_at,1.0,persistent,0.0
Kolkata,in_domain,dual18,93,stuck_at,1.0,persistent,0.0
Kolkata,in_domain,dual18,93,stuck_at,1.0,persistent,0.0
Kolkata,in_domain,dual18,93,stuck_at,1.0,persistent,0.0
Kolkata,in_domain,dual18,93,stuck_at,1.0,persistent,0.0
Kolkata,in_domain,dual18,93,stuck_at,1.0,persistent,0.0
Kolkata,in_domain,dual18,93,noise_burst,0.0,persistent,
Kolkata,in_domain,dual18,93,noise_burst,1.0,persistent,0.0
Kolkata,in_domain,dual18,93,noise_burst,0.0,persistent,
Kolkata,in_domain,dual18,93,noise_burst,1.0,persistent,4.0
Kolkata,in_domain,dual18,93,noise_burst,1.0,persistent,4.0
Kolkata,in_domain,dual18,93,noise_burst,1.0,persistent,1.0
Kolkata,in_domain,dual18,93,intermittent_spikes,1.0,transient,0.0
Kolkata,in_domain,dual18,93,intermittent_spikes,1.0,transient,0.0
Kolkata,in_domain,dual18,93,intermittent_spikes,1.0,transient,0.0
Kolkata,in_domain,dual18,93,intermittent_spikes,1.0,transient,0.0
Kolkata,in_domain,dual18,93,intermittent_spikes,1.0,transient,0.0
Kolkata,in_domain,dual18,93,intermittent_spikes,1.0,transient,0.0
Kolkata,in_domain,dual18,93,drift_plus_noise,1.0,persistent,4.0
Kolkata,in_domain,dual18,93,drift_plus_noise,1.0,persistent,13.0
Kolkata,in_domain,dual18,93,drift_plus_noise,0.0,persistent,
Kolkata,in_domain,dual18,93,bias_plus_spikes,1.0,persistent,0.0
Kolkata,in_domain,dual18,93,bias_plus_spikes,1.0,persistent,2.0
Kolkata,in_domain,dual18,93,bias_plus_spikes,1.0,persistent,1.0
Kolkata,temporal,dual18,93,spike,1.0,transient,0.0
Kolkata,temporal,dual18,93,spike,1.0,transient,0.0
Kolkata,temporal,dual18,93,spike,1.0,transient,0.0
Kolkata,temporal,dual18,93,spike,0.0,transient,
Kolkata,temporal,dual18,93,spike,1.0,transient,0.0
Kolkata,temporal,dual18,93,spike,1.0,transient,0.0
Kolkata,temporal,dual18,93,spike,0.0,transient,
Kolkata,temporal,dual18,93,spike,1.0,transient,0.0
Kolkata,temporal,dual18,93,spike,1.0,transient,0.0
Kolkata,temporal,dual18,93,spike,1.0,transient,0.0
Kolkata,temporal,dual18,93,spike,1.0,transient,0.0
Kolkata,temporal,dual18,93,spike,1.0,transient,0.0
Kolkata,temporal,dual18,93,spike,1.0,transient,0.0
Kolkata,temporal,dual18,93,spike,1.0,transient,0.0
Kolkata,temporal,dual18,93,spike,1.0,transient,0.0
Kolkata,temporal,dual18,93,spike,1.0,transient,0.0
Kolkata,temporal,dual18,93,spike,1.0,transient,0.0
Kolkata,temporal,dual18,93,spike,1.0,transient,0.0
Kolkata,temporal,dual18,93,spike,1.0,transient,0.0
Kolkata,temporal,dual18,93,spike,1.0,transient,0.0
Kolkata,temporal,dual18,93,spike,1.0,transient,0.0
Kolkata,temporal,dual18,93,spike,1.0,transient,0.0
Kolkata,temporal,dual18,93,spike,1.0,transient,0.0
Kolkata,temporal,dual18,93,spike,1.0,transient,2.0
Kolkata,temporal,dual18,93,drift,1.0,persistent,10.0
Kolkata,temporal,dual18,93,drift,0.0,persistent,
Kolkata,temporal,dual18,93,drift,0.0,persistent,
Kolkata,temporal,dual18,93,drift,0.0,persistent,
Kolkata,temporal,dual18,93,drift,1.0,persistent,14.0
Kolkata,temporal,dual18,93,drift,1.0,persistent,10.0
Kolkata,temporal,dual18,93,bias,1.0,persistent,0.0
Kolkata,temporal,dual18,93,bias,1.0,persistent,3.0
Kolkata,temporal,dual18,93,bias,1.0,persistent,0.0
Kolkata,temporal,dual18,93,bias,0.0,persistent,
Kolkata,temporal,dual18,93,bias,0.0,persistent,
Kolkata,temporal,dual18,93,bias,0.0,persistent,
Kolkata,temporal,dual18,93,stuck_at,1.0,persistent,0.0
Kolkata,temporal,dual18,93,stuck_at,1.0,persistent,0.0
Kolkata,temporal,dual18,93,stuck_at,1.0,persistent,0.0
Kolkata,temporal,dual18,93,stuck_at,1.0,persistent,0.0
Kolkata,temporal,dual18,93,stuck_at,1.0,persistent,0.0
Kolkata,temporal,dual18,93,stuck_at,1.0,persistent,0.0
Kolkata,temporal,dual18,93,noise_burst,0.0,persistent,
Kolkata,temporal,dual18,93,noise_burst,1.0,persistent,1.0
Kolkata,temporal,dual18,93,noise_burst,0.0,persistent,
Kolkata,temporal,dual18,93,noise_burst,1.0,persistent,3.0
Kolkata,temporal,dual18,93,noise_burst,1.0,persistent,4.0
Kolkata,temporal,dual18,93,noise_burst,1.0,persistent,1.0
Kolkata,temporal,dual18,93,intermittent_spikes,1.0,transient,0.0
Kolkata,temporal,dual18,93,intermittent_spikes,1.0,transient,4.0
Kolkata,temporal,dual18,93,intermittent_spikes,1.0,transient,0.0
Kolkata,temporal,dual18,93,intermittent_spikes,1.0,transient,0.0
Kolkata,temporal,dual18,93,intermittent_spikes,1.0,transient,0.0
Kolkata,temporal,dual18,93,intermittent_spikes,1.0,transient,13.0
Kolkata,temporal,dual18,93,drift_plus_noise,1.0,persistent,1.0
Kolkata,temporal,dual18,93,drift_plus_noise,1.0,persistent,5.0
Kolkata,temporal,dual18,93,drift_plus_noise,1.0,persistent,7.0
Kolkata,temporal,dual18,93,bias_plus_spikes,1.0,persistent,0.0
Kolkata,temporal,dual18,93,bias_plus_spikes,0.0,persistent,
Kolkata,temporal,dual18,93,bias_plus_spikes,1.0,persistent,0.0
Kolkata,station,dual18,93,spike,1.0,transient,0.0
Kolkata,station,dual18,93,spike,0.0,transient,
Kolkata,station,dual18,93,spike,1.0,transient,0.0
Kolkata,station,dual18,93,spike,0.0,transient,
Kolkata,station,dual18,93,spike,1.0,transient,0.0
Kolkata,station,dual18,93,spike,1.0,transient,0.0
Kolkata,station,dual18,93,spike,1.0,transient,0.0
Kolkata,station,dual18,93,spike,1.0,transient,0.0
Kolkata,station,dual18,93,spike,1.0,transient,0.0
Kolkata,station,dual18,93,spike,1.0,transient,0.0
Kolkata,station,dual18,93,spike,1.0,transient,0.0
Kolkata,station,dual18,93,spike,1.0,transient,0.0
Kolkata,station,dual18,93,spike,1.0,transient,0.0
Kolkata,station,dual18,93,spike,1.0,transient,0.0
Kolkata,station,dual18,93,spike,1.0,transient,0.0
Kolkata,station,dual18,93,spike,1.0,transient,0.0
Kolkata,station,dual18,93,spike,1.0,transient,0.0
Kolkata,station,dual18,93,spike,1.0,transient,0.0
Kolkata,station,dual18,93,spike,1.0,transient,0.0
Kolkata,station,dual18,93,spike,1.0,transient,0.0
Kolkata,station,dual18,93,spike,1.0,transient,0.0
Kolkata,station,dual18,93,spike,1.0,transient,0.0
Kolkata,station,dual18,93,spike,1.0,transient,0.0
Kolkata,station,dual18,93,spike,1.0,transient,2.0
Kolkata,station,dual18,93,drift,1.0,persistent,10.0
Kolkata,station,dual18,93,drift,0.0,persistent,
Kolkata,station,dual18,93,drift,0.0,persistent,
Kolkata,station,dual18,93,drift,0.0,persistent,
Kolkata,station,dual18,93,drift,1.0,persistent,14.0
Kolkata,station,dual18,93,drift,1.0,persistent,6.0
Kolkata,station,dual18,93,bias,1.0,persistent,1.0
Kolkata,station,dual18,93,bias,0.0,persistent,
Kolkata,station,dual18,93,bias,1.0,persistent,0.0
Kolkata,station,dual18,93,bias,0.0,persistent,
Kolkata,station,dual18,93,bias,0.0,persistent,
Kolkata,station,dual18,93,bias,0.0,persistent,
Kolkata,station,dual18,93,stuck_at,1.0,persistent,0.0
Kolkata,station,dual18,93,stuck_at,1.0,persistent,0.0
Kolkata,station,dual18,93,stuck_at,1.0,persistent,0.0
Kolkata,station,dual18,93,stuck_at,1.0,persistent,0.0
Kolkata,station,dual18,93,stuck_at,1.0,persistent,0.0
Kolkata,station,dual18,93,stuck_at,1.0,persistent,0.0
Kolkata,station,dual18,93,noise_burst,0.0,persistent,
Kolkata,station,dual18,93,noise_burst,0.0,persistent,
Kolkata,station,dual18,93,noise_burst,0.0,persistent,
Kolkata,station,dual18,93,noise_burst,1.0,persistent,3.0
Kolkata,station,dual18,93,noise_burst,1.0,persistent,4.0
Kolkata,station,dual18,93,noise_burst,1.0,persistent,1.0
Kolkata,station,dual18,93,intermittent_spikes,1.0,transient,0.0
Kolkata,station,dual18,93,intermittent_spikes,1.0,transient,4.0
Kolkata,station,dual18,93,intermittent_spikes,1.0,transient,0.0
Kolkata,station,dual18,93,intermittent_spikes,1.0,transient,2.0
Kolkata,station,dual18,93,intermittent_spikes,1.0,transient,0.0
Kolkata,station,dual18,93,intermittent_spikes,1.0,transient,13.0
Kolkata,station,dual18,93,drift_plus_noise,1.0,persistent,2.0
Kolkata,station,dual18,93,drift_plus_noise,1.0,persistent,2.0
Kolkata,station,dual18,93,drift_plus_noise,1.0,persistent,7.0
Kolkata,station,dual18,93,bias_plus_spikes,1.0,persistent,0.0
Kolkata,station,dual18,93,bias_plus_spikes,1.0,persistent,12.0
Kolkata,station,dual18,93,bias_plus_spikes,1.0,persistent,0.0
Mumbai,in_domain,baseline16,71,spike,1.0,transient,0.0
Mumbai,in_domain,baseline16,71,spike,1.0,transient,0.0
Mumbai,in_domain,baseline16,71,spike,1.0,transient,0.0
Mumbai,in_domain,baseline16,71,spike,1.0,transient,0.0
Mumbai,in_domain,baseline16,71,spike,1.0,transient,0.0
Mumbai,in_domain,baseline16,71,spike,1.0,transient,0.0
Mumbai,in_domain,baseline16,71,spike,0.0,transient,
Mumbai,in_domain,baseline16,71,spike,0.0,transient,
Mumbai,in_domain,baseline16,71,spike,1.0,transient,0.0
Mumbai,in_domain,baseline16,71,spike,1.0,transient,0.0
Mumbai,in_domain,baseline16,71,spike,1.0,transient,0.0
Mumbai,in_domain,baseline16,71,spike,1.0,transient,0.0
Mumbai,in_domain,baseline16,71,spike,1.0,transient,0.0
Mumbai,in_domain,baseline16,71,spike,1.0,transient,0.0
Mumbai,in_domain,baseline16,71,spike,1.0,transient,0.0
Mumbai,in_domain,baseline16,71,spike,1.0,transient,0.0
Mumbai,in_domain,baseline16,71,spike,1.0,transient,0.0
Mumbai,in_domain,baseline16,71,spike,1.0,transient,0.0
Mumbai,in_domain,baseline16,71,spike,1.0,transient,0.0
Mumbai,in_domain,baseline16,71,spike,1.0,transient,0.0
Mumbai,in_domain,baseline16,71,spike,1.0,transient,0.0
Mumbai,in_domain,baseline16,71,spike,1.0,transient,0.0
Mumbai,in_domain,baseline16,71,spike,0.0,transient,
Mumbai,in_domain,baseline16,71,spike,1.0,transient,0.0
Mumbai,in_domain,baseline16,71,drift,1.0,persistent,5.0
Mumbai,in_domain,baseline16,71,drift,1.0,persistent,12.0
Mumbai,in_domain,baseline16,71,drift,0.0,persistent,
Mumbai,in_domain,baseline16,71,drift,1.0,persistent,1.0
Mumbai,in_domain,baseline16,71,drift,1.0,persistent,12.0
Mumbai,in_domain,baseline16,71,drift,1.0,persistent,4.0
Mumbai,in_domain,baseline16,71,bias,1.0,persistent,4.0
Mumbai,in_domain,baseline16,71,bias,0.0,persistent,
Mumbai,in_domain,baseline16,71,bias,0.0,persistent,
Mumbai,in_domain,baseline16,71,bias,0.0,persistent,
Mumbai,in_domain,baseline16,71,bias,1.0,persistent,5.0
Mumbai,in_domain,baseline16,71,bias,0.0,persistent,
Mumbai,in_domain,baseline16,71,stuck_at,1.0,persistent,0.0
Mumbai,in_domain,baseline16,71,stuck_at,0.0,persistent,
Mumbai,in_domain,baseline16,71,stuck_at,1.0,persistent,0.0
Mumbai,in_domain,baseline16,71,stuck_at,1.0,persistent,0.0
Mumbai,in_domain,baseline16,71,stuck_at,1.0,persistent,0.0
Mumbai,in_domain,baseline16,71,stuck_at,1.0,persistent,0.0
Mumbai,in_domain,baseline16,71,noise_burst,0.0,persistent,
Mumbai,in_domain,baseline16,71,noise_burst,1.0,persistent,1.0
Mumbai,in_domain,baseline16,71,noise_burst,0.0,persistent,
Mumbai,in_domain,baseline16,71,noise_burst,1.0,persistent,0.0
Mumbai,in_domain,baseline16,71,noise_burst,1.0,persistent,3.0
Mumbai,in_domain,baseline16,71,noise_burst,1.0,persistent,0.0
Mumbai,in_domain,baseline16,71,intermittent_spikes,1.0,transient,0.0
Mumbai,in_domain,baseline16,71,intermittent_spikes,1.0,transient,0.0
Mumbai,in_domain,baseline16,71,intermittent_spikes,1.0,transient,0.0
Mumbai,in_domain,baseline16,71,intermittent_spikes,1.0,transient,0.0
Mumbai,in_domain,baseline16,71,intermittent_spikes,1.0,transient,0.0
Mumbai,in_domain,baseline16,71,intermittent_spikes,1.0,transient,0.0
Mumbai,in_domain,baseline16,71,drift_plus_noise,0.0,persistent,
Mumbai,in_domain,baseline16,71,drift_plus_noise,1.0,persistent,3.0
Mumbai,in_domain,baseline16,71,drift_plus_noise,0.0,persistent,
Mumbai,in_domain,baseline16,71,bias_plus_spikes,1.0,persistent,3.0
Mumbai,in_domain,baseline16,71,bias_plus_spikes,1.0,persistent,0.0
Mumbai,in_domain,baseline16,71,bias_plus_spikes,1.0,persistent,2.0
Mumbai,temporal,baseline16,71,spike,1.0,transient,0.0
Mumbai,temporal,baseline16,71,spike,1.0,transient,0.0
Mumbai,temporal,baseline16,71,spike,0.0,transient,
Mumbai,temporal,baseline16,71,spike,0.0,transient,
Mumbai,temporal,baseline16,71,spike,1.0,transient,0.0
Mumbai,temporal,baseline16,71,spike,1.0,transient,0.0
Mumbai,temporal,baseline16,71,spike,1.0,transient,0.0
Mumbai,temporal,baseline16,71,spike,0.0,transient,
Mumbai,temporal,baseline16,71,spike,0.0,transient,
Mumbai,temporal,baseline16,71,spike,1.0,transient,0.0
Mumbai,temporal,baseline16,71,spike,1.0,transient,0.0
Mumbai,temporal,baseline16,71,spike,1.0,transient,0.0
Mumbai,temporal,baseline16,71,spike,1.0,transient,0.0
Mumbai,temporal,baseline16,71,spike,1.0,transient,0.0
Mumbai,temporal,baseline16,71,spike,1.0,transient,0.0
Mumbai,temporal,baseline16,71,spike,1.0,transient,0.0
Mumbai,temporal,baseline16,71,spike,1.0,transient,0.0
Mumbai,temporal,baseline16,71,spike,1.0,transient,0.0
Mumbai,temporal,baseline16,71,spike,1.0,transient,0.0
Mumbai,temporal,baseline16,71,spike,1.0,transient,0.0
Mumbai,temporal,baseline16,71,spike,1.0,transient,0.0
Mumbai,temporal,baseline16,71,spike,1.0,transient,1.0
Mumbai,temporal,baseline16,71,spike,0.0,transient,
Mumbai,temporal,baseline16,71,spike,1.0,transient,0.0
Mumbai,temporal,baseline16,71,drift,0.0,persistent,
Mumbai,temporal,baseline16,71,drift,1.0,persistent,1.0
Mumbai,temporal,baseline16,71,drift,1.0,persistent,14.0
Mumbai,temporal,baseline16,71,drift,1.0,persistent,11.0
Mumbai,temporal,baseline16,71,drift,1.0,persistent,3.0
Mumbai,temporal,baseline16,71,drift,1.0,persistent,10.0
Mumbai,temporal,baseline16,71,bias,0.0,persistent,
Mumbai,temporal,baseline16,71,bias,1.0,persistent,0.0
Mumbai,temporal,baseline16,71,bias,0.0,persistent,
Mumbai,temporal,baseline16,71,bias,0.0,persistent,
Mumbai,temporal,baseline16,71,bias,1.0,persistent,4.0
Mumbai,temporal,baseline16,71,bias,0.0,persistent,
Mumbai,temporal,baseline16,71,stuck_at,1.0,persistent,0.0
Mumbai,temporal,baseline16,71,stuck_at,0.0,persistent,
Mumbai,temporal,baseline16,71,stuck_at,1.0,persistent,0.0
Mumbai,temporal,baseline16,71,stuck_at,1.0,persistent,0.0
Mumbai,temporal,baseline16,71,stuck_at,1.0,persistent,0.0
Mumbai,temporal,baseline16,71,stuck_at,1.0,persistent,0.0
Mumbai,temporal,baseline16,71,noise_burst,1.0,persistent,3.0
Mumbai,temporal,baseline16,71,noise_burst,1.0,persistent,8.0
Mumbai,temporal,baseline16,71,noise_burst,0.0,persistent,
Mumbai,temporal,baseline16,71,noise_burst,0.0,persistent,
Mumbai,temporal,baseline16,71,noise_burst,1.0,persistent,4.0
Mumbai,temporal,baseline16,71,noise_burst,1.0,persistent,0.0
Mumbai,temporal,baseline16,71,intermittent_spikes,1.0,transient,0.0
Mumbai,temporal,baseline16,71,intermittent_spikes,1.0,transient,0.0
Mumbai,temporal,baseline16,71,intermittent_spikes,1.0,transient,0.0
Mumbai,temporal,baseline16,71,intermittent_spikes,1.0,transient,0.0
Mumbai,temporal,baseline16,71,intermittent_spikes,1.0,transient,0.0
Mumbai,temporal,baseline16,71,intermittent_spikes,1.0,transient,0.0
Mumbai,temporal,baseline16,71,drift_plus_noise,1.0,persistent,6.0
Mumbai,temporal,baseline16,71,drift_plus_noise,1.0,persistent,1.0
Mumbai,temporal,baseline16,71,drift_plus_noise,0.0,persistent,
Mumbai,temporal,baseline16,71,bias_plus_spikes,1.0,persistent,3.0
Mumbai,temporal,baseline16,71,bias_plus_spikes,1.0,persistent,1.0
Mumbai,temporal,baseline16,71,bias_plus_spikes,1.0,persistent,4.0
Mumbai,station,baseline16,71,spike,1.0,transient,0.0
Mumbai,station,baseline16,71,spike,1.0,transient,0.0
Mumbai,station,baseline16,71,spike,1.0,transient,0.0
Mumbai,station,baseline16,71,spike,0.0,transient,
Mumbai,station,baseline16,71,spike,1.0,transient,0.0
Mumbai,station,baseline16,71,spike,1.0,transient,0.0
Mumbai,station,baseline16,71,spike,0.0,transient,
Mumbai,station,baseline16,71,spike,1.0,transient,0.0
Mumbai,station,baseline16,71,spike,0.0,transient,
Mumbai,station,baseline16,71,spike,1.0,transient,0.0
Mumbai,station,baseline16,71,spike,1.0,transient,0.0
Mumbai,station,baseline16,71,spike,1.0,transient,0.0
Mumbai,station,baseline16,71,spike,1.0,transient,0.0
Mumbai,station,baseline16,71,spike,1.0,transient,0.0
Mumbai,station,baseline16,71,spike,1.0,transient,0.0
Mumbai,station,baseline16,71,spike,1.0,transient,0.0
Mumbai,station,baseline16,71,spike,1.0,transient,0.0
Mumbai,station,baseline16,71,spike,1.0,transient,0.0
Mumbai,station,baseline16,71,spike,1.0,transient,0.0
Mumbai,station,baseline16,71,spike,1.0,transient,0.0
Mumbai,station,baseline16,71,spike,1.0,transient,0.0
Mumbai,station,baseline16,71,spike,1.0,transient,0.0
Mumbai,station,baseline16,71,spike,1.0,transient,2.0
Mumbai,station,baseline16,71,spike,1.0,transient,0.0
Mumbai,station,baseline16,71,drift,1.0,persistent,7.0
Mumbai,station,baseline16,71,drift,1.0,persistent,11.0
Mumbai,station,baseline16,71,drift,1.0,persistent,14.0
Mumbai,station,baseline16,71,drift,1.0,persistent,13.0
Mumbai,station,baseline16,71,drift,1.0,persistent,3.0
Mumbai,station,baseline16,71,drift,1.0,persistent,10.0
Mumbai,station,baseline16,71,bias,0.0,persistent,
Mumbai,station,baseline16,71,bias,0.0,persistent,
Mumbai,station,baseline16,71,bias,1.0,persistent,1.0
Mumbai,station,baseline16,71,bias,1.0,persistent,0.0
Mumbai,station,baseline16,71,bias,0.0,persistent,
Mumbai,station,baseline16,71,bias,0.0,persistent,
Mumbai,station,baseline16,71,stuck_at,1.0,persistent,0.0
Mumbai,station,baseline16,71,stuck_at,0.0,persistent,
Mumbai,station,baseline16,71,stuck_at,1.0,persistent,0.0
Mumbai,station,baseline16,71,stuck_at,1.0,persistent,0.0
Mumbai,station,baseline16,71,stuck_at,1.0,persistent,0.0
Mumbai,station,baseline16,71,stuck_at,1.0,persistent,0.0
Mumbai,station,baseline16,71,noise_burst,1.0,persistent,10.0
Mumbai,station,baseline16,71,noise_burst,0.0,persistent,
Mumbai,station,baseline16,71,noise_burst,0.0,persistent,
Mumbai,station,baseline16,71,noise_burst,0.0,persistent,
Mumbai,station,baseline16,71,noise_burst,1.0,persistent,4.0
Mumbai,station,baseline16,71,noise_burst,1.0,persistent,0.0
Mumbai,station,baseline16,71,intermittent_spikes,1.0,transient,0.0
Mumbai,station,baseline16,71,intermittent_spikes,1.0,transient,0.0
Mumbai,station,baseline16,71,intermittent_spikes,1.0,transient,0.0
Mumbai,station,baseline16,71,intermittent_spikes,1.0,transient,0.0
Mumbai,station,baseline16,71,intermittent_spikes,1.0,transient,0.0
Mumbai,station,baseline16,71,intermittent_spikes,1.0,transient,0.0
Mumbai,station,baseline16,71,drift_plus_noise,1.0,persistent,6.0
Mumbai,station,baseline16,71,drift_plus_noise,1.0,persistent,8.0
Mumbai,station,baseline16,71,drift_plus_noise,0.0,persistent,
Mumbai,station,baseline16,71,bias_plus_spikes,1.0,persistent,3.0
Mumbai,station,baseline16,71,bias_plus_spikes,1.0,persistent,1.0
Mumbai,station,baseline16,71,bias_plus_spikes,1.0,persistent,4.0
Mumbai,in_domain,baseline16,82,spike,1.0,transient,0.0
Mumbai,in_domain,baseline16,82,spike,1.0,transient,0.0
Mumbai,in_domain,baseline16,82,spike,1.0,transient,0.0
Mumbai,in_domain,baseline16,82,spike,1.0,transient,0.0
Mumbai,in_domain,baseline16,82,spike,1.0,transient,0.0
Mumbai,in_domain,baseline16,82,spike,1.0,transient,0.0
Mumbai,in_domain,baseline16,82,spike,0.0,transient,
Mumbai,in_domain,baseline16,82,spike,0.0,transient,
Mumbai,in_domain,baseline16,82,spike,0.0,transient,
Mumbai,in_domain,baseline16,82,spike,1.0,transient,0.0
Mumbai,in_domain,baseline16,82,spike,1.0,transient,0.0
Mumbai,in_domain,baseline16,82,spike,1.0,transient,0.0
Mumbai,in_domain,baseline16,82,spike,1.0,transient,0.0
Mumbai,in_domain,baseline16,82,spike,1.0,transient,0.0
Mumbai,in_domain,baseline16,82,spike,1.0,transient,0.0
Mumbai,in_domain,baseline16,82,spike,1.0,transient,0.0
Mumbai,in_domain,baseline16,82,spike,1.0,transient,0.0
Mumbai,in_domain,baseline16,82,spike,1.0,transient,0.0
Mumbai,in_domain,baseline16,82,spike,1.0,transient,0.0
Mumbai,in_domain,baseline16,82,spike,0.0,transient,
Mumbai,in_domain,baseline16,82,spike,1.0,transient,0.0
Mumbai,in_domain,baseline16,82,spike,0.0,transient,
Mumbai,in_domain,baseline16,82,spike,1.0,transient,0.0
Mumbai,in_domain,baseline16,82,spike,1.0,transient,0.0
Mumbai,in_domain,baseline16,82,drift,1.0,persistent,4.0
Mumbai,in_domain,baseline16,82,drift,1.0,persistent,9.0
Mumbai,in_domain,baseline16,82,drift,1.0,persistent,1.0
Mumbai,in_domain,baseline16,82,drift,1.0,persistent,7.0
Mumbai,in_domain,baseline16,82,drift,1.0,persistent,4.0
Mumbai,in_domain,baseline16,82,drift,0.0,persistent,
Mumbai,in_domain,baseline16,82,bias,0.0,persistent,
Mumbai,in_domain,baseline16,82,bias,0.0,persistent,
Mumbai,in_domain,baseline16,82,bias,1.0,persistent,7.0
Mumbai,in_domain,baseline16,82,bias,0.0,persistent,
Mumbai,in_domain,baseline16,82,bias,0.0,persistent,
Mumbai,in_domain,baseline16,82,bias,1.0,persistent,2.0
Mumbai,in_domain,baseline16,82,stuck_at,0.0,persistent,
Mumbai,in_domain,baseline16,82,stuck_at,1.0,persistent,0.0
Mumbai,in_domain,baseline16,82,stuck_at,1.0,persistent,0.0
Mumbai,in_domain,baseline16,82,stuck_at,1.0,persistent,0.0
Mumbai,in_domain,baseline16,82,stuck_at,1.0,persistent,0.0
Mumbai,in_domain,baseline16,82,stuck_at,1.0,persistent,0.0
Mumbai,in_domain,baseline16,82,noise_burst,1.0,persistent,2.0
Mumbai,in_domain,baseline16,82,noise_burst,1.0,persistent,2.0
Mumbai,in_domain,baseline16,82,noise_burst,0.0,persistent,
Mumbai,in_domain,baseline16,82,noise_burst,1.0,persistent,3.0
Mumbai,in_domain,baseline16,82,noise_burst,1.0,persistent,2.0
Mumbai,in_domain,baseline16,82,noise_burst,1.0,persistent,0.0
Mumbai,in_domain,baseline16,82,intermittent_spikes,1.0,transient,0.0
Mumbai,in_domain,baseline16,82,intermittent_spikes,1.0,transient,0.0
Mumbai,in_domain,baseline16,82,intermittent_spikes,1.0,transient,4.0
Mumbai,in_domain,baseline16,82,intermittent_spikes,1.0,transient,0.0
Mumbai,in_domain,baseline16,82,intermittent_spikes,1.0,transient,0.0
Mumbai,in_domain,baseline16,82,intermittent_spikes,1.0,transient,0.0
Mumbai,in_domain,baseline16,82,drift_plus_noise,1.0,persistent,14.0
Mumbai,in_domain,baseline16,82,drift_plus_noise,0.0,persistent,
Mumbai,in_domain,baseline16,82,drift_plus_noise,1.0,persistent,11.0
Mumbai,in_domain,baseline16,82,bias_plus_spikes,1.0,persistent,1.0
Mumbai,in_domain,baseline16,82,bias_plus_spikes,1.0,persistent,1.0
Mumbai,in_domain,baseline16,82,bias_plus_spikes,1.0,persistent,0.0
Mumbai,temporal,baseline16,82,spike,1.0,transient,0.0
Mumbai,temporal,baseline16,82,spike,0.0,transient,
Mumbai,temporal,baseline16,82,spike,0.0,transient,
Mumbai,temporal,baseline16,82,spike,0.0,transient,
Mumbai,temporal,baseline16,82,spike,1.0,transient,0.0
Mumbai,temporal,baseline16,82,spike,1.0,transient,0.0
Mumbai,temporal,baseline16,82,spike,0.0,transient,
Mumbai,temporal,baseline16,82,spike,0.0,transient,
Mumbai,temporal,baseline16,82,spike,0.0,transient,
Mumbai,temporal,baseline16,82,spike,0.0,transient,
Mumbai,temporal,baseline16,82,spike,1.0,transient,0.0
Mumbai,temporal,baseline16,82,spike,1.0,transient,0.0
Mumbai,temporal,baseline16,82,spike,1.0,transient,0.0
Mumbai,temporal,baseline16,82,spike,1.0,transient,0.0
Mumbai,temporal,baseline16,82,spike,1.0,transient,0.0
Mumbai,temporal,baseline16,82,spike,1.0,transient,0.0
Mumbai,temporal,baseline16,82,spike,1.0,transient,0.0
Mumbai,temporal,baseline16,82,spike,1.0,transient,0.0
Mumbai,temporal,baseline16,82,spike,1.0,transient,0.0
Mumbai,temporal,baseline16,82,spike,1.0,transient,0.0
Mumbai,temporal,baseline16,82,spike,1.0,transient,0.0
Mumbai,temporal,baseline16,82,spike,1.0,transient,0.0
Mumbai,temporal,baseline16,82,spike,0.0,transient,
Mumbai,temporal,baseline16,82,spike,0.0,transient,
Mumbai,temporal,baseline16,82,drift,0.0,persistent,
Mumbai,temporal,baseline16,82,drift,0.0,persistent,
Mumbai,temporal,baseline16,82,drift,0.0,persistent,
Mumbai,temporal,baseline16,82,drift,1.0,persistent,2.0
Mumbai,temporal,baseline16,82,drift,0.0,persistent,
Mumbai,temporal,baseline16,82,drift,1.0,persistent,0.0
Mumbai,temporal,baseline16,82,bias,0.0,persistent,
Mumbai,temporal,baseline16,82,bias,0.0,persistent,
Mumbai,temporal,baseline16,82,bias,1.0,persistent,10.0
Mumbai,temporal,baseline16,82,bias,0.0,persistent,
Mumbai,temporal,baseline16,82,bias,0.0,persistent,
Mumbai,temporal,baseline16,82,bias,1.0,persistent,4.0
Mumbai,temporal,baseline16,82,stuck_at,1.0,persistent,0.0
Mumbai,temporal,baseline16,82,stuck_at,1.0,persistent,0.0
Mumbai,temporal,baseline16,82,stuck_at,1.0,persistent,0.0
Mumbai,temporal,baseline16,82,stuck_at,1.0,persistent,0.0
Mumbai,temporal,baseline16,82,stuck_at,1.0,persistent,0.0
Mumbai,temporal,baseline16,82,stuck_at,1.0,persistent,0.0
Mumbai,temporal,baseline16,82,noise_burst,1.0,persistent,2.0
Mumbai,temporal,baseline16,82,noise_burst,0.0,persistent,
Mumbai,temporal,baseline16,82,noise_burst,1.0,persistent,1.0
Mumbai,temporal,baseline16,82,noise_burst,1.0,persistent,4.0
Mumbai,temporal,baseline16,82,noise_burst,1.0,persistent,0.0
Mumbai,temporal,baseline16,82,noise_burst,1.0,persistent,0.0
Mumbai,temporal,baseline16,82,intermittent_spikes,1.0,transient,4.0
Mumbai,temporal,baseline16,82,intermittent_spikes,1.0,transient,0.0
Mumbai,temporal,baseline16,82,intermittent_spikes,1.0,transient,0.0
Mumbai,temporal,baseline16,82,intermittent_spikes,1.0,transient,0.0
Mumbai,temporal,baseline16,82,intermittent_spikes,1.0,transient,0.0
Mumbai,temporal,baseline16,82,intermittent_spikes,1.0,transient,0.0
Mumbai,temporal,baseline16,82,drift_plus_noise,1.0,persistent,2.0
Mumbai,temporal,baseline16,82,drift_plus_noise,1.0,persistent,7.0
Mumbai,temporal,baseline16,82,drift_plus_noise,1.0,persistent,1.0
Mumbai,temporal,baseline16,82,bias_plus_spikes,1.0,persistent,0.0
Mumbai,temporal,baseline16,82,bias_plus_spikes,1.0,persistent,0.0
Mumbai,temporal,baseline16,82,bias_plus_spikes,0.0,persistent,
Mumbai,station,baseline16,82,spike,1.0,transient,0.0
Mumbai,station,baseline16,82,spike,0.0,transient,
Mumbai,station,baseline16,82,spike,0.0,transient,
Mumbai,station,baseline16,82,spike,1.0,transient,0.0
Mumbai,station,baseline16,82,spike,1.0,transient,0.0
Mumbai,station,baseline16,82,spike,1.0,transient,0.0
Mumbai,station,baseline16,82,spike,0.0,transient,
Mumbai,station,baseline16,82,spike,0.0,transient,
Mumbai,station,baseline16,82,spike,0.0,transient,
Mumbai,station,baseline16,82,spike,0.0,transient,
Mumbai,station,baseline16,82,spike,1.0,transient,0.0
Mumbai,station,baseline16,82,spike,1.0,transient,0.0
Mumbai,station,baseline16,82,spike,1.0,transient,0.0
Mumbai,station,baseline16,82,spike,1.0,transient,0.0
Mumbai,station,baseline16,82,spike,1.0,transient,0.0
Mumbai,station,baseline16,82,spike,1.0,transient,0.0
Mumbai,station,baseline16,82,spike,1.0,transient,0.0
Mumbai,station,baseline16,82,spike,1.0,transient,0.0
Mumbai,station,baseline16,82,spike,1.0,transient,0.0
Mumbai,station,baseline16,82,spike,1.0,transient,0.0
Mumbai,station,baseline16,82,spike,1.0,transient,0.0
Mumbai,station,baseline16,82,spike,1.0,transient,0.0
Mumbai,station,baseline16,82,spike,0.0,transient,
Mumbai,station,baseline16,82,spike,0.0,transient,
Mumbai,station,baseline16,82,drift,0.0,persistent,
Mumbai,station,baseline16,82,drift,0.0,persistent,
Mumbai,station,baseline16,82,drift,0.0,persistent,
Mumbai,station,baseline16,82,drift,1.0,persistent,2.0
Mumbai,station,baseline16,82,drift,0.0,persistent,
Mumbai,station,baseline16,82,drift,1.0,persistent,0.0
Mumbai,station,baseline16,82,bias,0.0,persistent,
Mumbai,station,baseline16,82,bias,0.0,persistent,
Mumbai,station,baseline16,82,bias,1.0,persistent,10.0
Mumbai,station,baseline16,82,bias,0.0,persistent,
Mumbai,station,baseline16,82,bias,1.0,persistent,5.0
Mumbai,station,baseline16,82,bias,1.0,persistent,4.0
Mumbai,station,baseline16,82,stuck_at,1.0,persistent,0.0
Mumbai,station,baseline16,82,stuck_at,1.0,persistent,0.0
Mumbai,station,baseline16,82,stuck_at,1.0,persistent,0.0
Mumbai,station,baseline16,82,stuck_at,1.0,persistent,0.0
Mumbai,station,baseline16,82,stuck_at,1.0,persistent,0.0
Mumbai,station,baseline16,82,stuck_at,1.0,persistent,0.0
Mumbai,station,baseline16,82,noise_burst,1.0,persistent,0.0
Mumbai,station,baseline16,82,noise_burst,0.0,persistent,
Mumbai,station,baseline16,82,noise_burst,1.0,persistent,1.0
Mumbai,station,baseline16,82,noise_burst,1.0,persistent,4.0
Mumbai,station,baseline16,82,noise_burst,1.0,persistent,1.0
Mumbai,station,baseline16,82,noise_burst,1.0,persistent,0.0
Mumbai,station,baseline16,82,intermittent_spikes,0.0,transient,
Mumbai,station,baseline16,82,intermittent_spikes,1.0,transient,0.0
Mumbai,station,baseline16,82,intermittent_spikes,1.0,transient,0.0
Mumbai,station,baseline16,82,intermittent_spikes,1.0,transient,3.0
Mumbai,station,baseline16,82,intermittent_spikes,1.0,transient,0.0
Mumbai,station,baseline16,82,intermittent_spikes,1.0,transient,0.0
Mumbai,station,baseline16,82,drift_plus_noise,1.0,persistent,2.0
Mumbai,station,baseline16,82,drift_plus_noise,1.0,persistent,7.0
Mumbai,station,baseline16,82,drift_plus_noise,1.0,persistent,7.0
Mumbai,station,baseline16,82,bias_plus_spikes,1.0,persistent,0.0
Mumbai,station,baseline16,82,bias_plus_spikes,1.0,persistent,0.0
Mumbai,station,baseline16,82,bias_plus_spikes,1.0,persistent,0.0
Mumbai,in_domain,baseline16,93,spike,1.0,transient,0.0
Mumbai,in_domain,baseline16,93,spike,1.0,transient,0.0
Mumbai,in_domain,baseline16,93,spike,1.0,transient,0.0
Mumbai,in_domain,baseline16,93,spike,1.0,transient,0.0
Mumbai,in_domain,baseline16,93,spike,1.0,transient,0.0
Mumbai,in_domain,baseline16,93,spike,1.0,transient,0.0
Mumbai,in_domain,baseline16,93,spike,0.0,transient,
Mumbai,in_domain,baseline16,93,spike,0.0,transient,
Mumbai,in_domain,baseline16,93,spike,1.0,transient,0.0
Mumbai,in_domain,baseline16,93,spike,1.0,transient,0.0
Mumbai,in_domain,baseline16,93,spike,1.0,transient,0.0
Mumbai,in_domain,baseline16,93,spike,1.0,transient,0.0
Mumbai,in_domain,baseline16,93,spike,0.0,transient,
Mumbai,in_domain,baseline16,93,spike,1.0,transient,0.0
Mumbai,in_domain,baseline16,93,spike,1.0,transient,0.0
Mumbai,in_domain,baseline16,93,spike,1.0,transient,0.0
Mumbai,in_domain,baseline16,93,spike,1.0,transient,0.0
Mumbai,in_domain,baseline16,93,spike,1.0,transient,0.0
Mumbai,in_domain,baseline16,93,spike,0.0,transient,
Mumbai,in_domain,baseline16,93,spike,1.0,transient,0.0
Mumbai,in_domain,baseline16,93,spike,1.0,transient,0.0
Mumbai,in_domain,baseline16,93,spike,1.0,transient,0.0
Mumbai,in_domain,baseline16,93,spike,1.0,transient,0.0
Mumbai,in_domain,baseline16,93,spike,1.0,transient,0.0
Mumbai,in_domain,baseline16,93,drift,1.0,persistent,13.0
Mumbai,in_domain,baseline16,93,drift,1.0,persistent,3.0
Mumbai,in_domain,baseline16,93,drift,0.0,persistent,
Mumbai,in_domain,baseline16,93,drift,0.0,persistent,
Mumbai,in_domain,baseline16,93,drift,1.0,persistent,15.0
Mumbai,in_domain,baseline16,93,drift,1.0,persistent,9.0
Mumbai,in_domain,baseline16,93,bias,0.0,persistent,
Mumbai,in_domain,baseline16,93,bias,1.0,persistent,7.0
Mumbai,in_domain,baseline16,93,bias,1.0,persistent,3.0
Mumbai,in_domain,baseline16,93,bias,0.0,persistent,
Mumbai,in_domain,baseline16,93,bias,0.0,persistent,
Mumbai,in_domain,baseline16,93,bias,0.0,persistent,
Mumbai,in_domain,baseline16,93,stuck_at,1.0,persistent,0.0
Mumbai,in_domain,baseline16,93,stuck_at,1.0,persistent,0.0
Mumbai,in_domain,baseline16,93,stuck_at,1.0,persistent,0.0
Mumbai,in_domain,baseline16,93,stuck_at,1.0,persistent,0.0
Mumbai,in_domain,baseline16,93,stuck_at,1.0,persistent,0.0
Mumbai,in_domain,baseline16,93,stuck_at,1.0,persistent,0.0
Mumbai,in_domain,baseline16,93,noise_burst,1.0,persistent,4.0
Mumbai,in_domain,baseline16,93,noise_burst,0.0,persistent,
Mumbai,in_domain,baseline16,93,noise_burst,0.0,persistent,
Mumbai,in_domain,baseline16,93,noise_burst,1.0,persistent,0.0
Mumbai,in_domain,baseline16,93,noise_burst,1.0,persistent,4.0
Mumbai,in_domain,baseline16,93,noise_burst,1.0,persistent,1.0
Mumbai,in_domain,baseline16,93,intermittent_spikes,1.0,transient,0.0
Mumbai,in_domain,baseline16,93,intermittent_spikes,1.0,transient,0.0
Mumbai,in_domain,baseline16,93,intermittent_spikes,1.0,transient,0.0
Mumbai,in_domain,baseline16,93,intermittent_spikes,1.0,transient,0.0
Mumbai,in_domain,baseline16,93,intermittent_spikes,1.0,transient,0.0
Mumbai,in_domain,baseline16,93,intermittent_spikes,1.0,transient,13.0
Mumbai,in_domain,baseline16,93,drift_plus_noise,1.0,persistent,15.0
Mumbai,in_domain,baseline16,93,drift_plus_noise,0.0,persistent,
Mumbai,in_domain,baseline16,93,drift_plus_noise,1.0,persistent,0.0
Mumbai,in_domain,baseline16,93,bias_plus_spikes,1.0,persistent,0.0
Mumbai,in_domain,baseline16,93,bias_plus_spikes,1.0,persistent,1.0
Mumbai,in_domain,baseline16,93,bias_plus_spikes,1.0,persistent,0.0
Mumbai,temporal,baseline16,93,spike,1.0,transient,0.0
Mumbai,temporal,baseline16,93,spike,0.0,transient,
Mumbai,temporal,baseline16,93,spike,1.0,transient,0.0
Mumbai,temporal,baseline16,93,spike,1.0,transient,0.0
Mumbai,temporal,baseline16,93,spike,0.0,transient,
Mumbai,temporal,baseline16,93,spike,1.0,transient,0.0
Mumbai,temporal,baseline16,93,spike,0.0,transient,
Mumbai,temporal,baseline16,93,spike,0.0,transient,
Mumbai,temporal,baseline16,93,spike,0.0,transient,
Mumbai,temporal,baseline16,93,spike,1.0,transient,0.0
Mumbai,temporal,baseline16,93,spike,0.0,transient,
Mumbai,temporal,baseline16,93,spike,0.0,transient,
Mumbai,temporal,baseline16,93,spike,0.0,transient,
Mumbai,temporal,baseline16,93,spike,1.0,transient,0.0
Mumbai,temporal,baseline16,93,spike,1.0,transient,0.0
Mumbai,temporal,baseline16,93,spike,1.0,transient,0.0
Mumbai,temporal,baseline16,93,spike,1.0,transient,0.0
Mumbai,temporal,baseline16,93,spike,1.0,transient,0.0
Mumbai,temporal,baseline16,93,spike,1.0,transient,1.0
Mumbai,temporal,baseline16,93,spike,1.0,transient,0.0
Mumbai,temporal,baseline16,93,spike,1.0,transient,0.0
Mumbai,temporal,baseline16,93,spike,0.0,transient,
Mumbai,temporal,baseline16,93,spike,0.0,transient,
Mumbai,temporal,baseline16,93,spike,0.0,transient,
Mumbai,temporal,baseline16,93,drift,0.0,persistent,
Mumbai,temporal,baseline16,93,drift,1.0,persistent,1.0
Mumbai,temporal,baseline16,93,drift,0.0,persistent,
Mumbai,temporal,baseline16,93,drift,0.0,persistent,
Mumbai,temporal,baseline16,93,drift,0.0,persistent,
Mumbai,temporal,baseline16,93,drift,0.0,persistent,
Mumbai,temporal,baseline16,93,bias,0.0,persistent,
Mumbai,temporal,baseline16,93,bias,1.0,persistent,6.0
Mumbai,temporal,baseline16,93,bias,0.0,persistent,
Mumbai,temporal,baseline16,93,bias,0.0,persistent,
Mumbai,temporal,baseline16,93,bias,1.0,persistent,2.0
Mumbai,temporal,baseline16,93,bias,0.0,persistent,
Mumbai,temporal,baseline16,93,stuck_at,0.0,persistent,
Mumbai,temporal,baseline16,93,stuck_at,1.0,persistent,0.0
Mumbai,temporal,baseline16,93,stuck_at,1.0,persistent,0.0
Mumbai,temporal,baseline16,93,stuck_at,1.0,persistent,0.0
Mumbai,temporal,baseline16,93,stuck_at,1.0,persistent,0.0
Mumbai,temporal,baseline16,93,stuck_at,1.0,persistent,0.0
Mumbai,temporal,baseline16,93,noise_burst,1.0,persistent,5.0
Mumbai,temporal,baseline16,93,noise_burst,1.0,persistent,1.0
Mumbai,temporal,baseline16,93,noise_burst,0.0,persistent,
Mumbai,temporal,baseline16,93,noise_burst,1.0,persistent,1.0
Mumbai,temporal,baseline16,93,noise_burst,1.0,persistent,0.0
Mumbai,temporal,baseline16,93,noise_burst,1.0,persistent,3.0
Mumbai,temporal,baseline16,93,intermittent_spikes,1.0,transient,0.0
Mumbai,temporal,baseline16,93,intermittent_spikes,1.0,transient,0.0
Mumbai,temporal,baseline16,93,intermittent_spikes,1.0,transient,0.0
Mumbai,temporal,baseline16,93,intermittent_spikes,1.0,transient,0.0
Mumbai,temporal,baseline16,93,intermittent_spikes,1.0,transient,0.0
Mumbai,temporal,baseline16,93,intermittent_spikes,1.0,transient,0.0
Mumbai,temporal,baseline16,93,drift_plus_noise,1.0,persistent,8.0
Mumbai,temporal,baseline16,93,drift_plus_noise,1.0,persistent,11.0
Mumbai,temporal,baseline16,93,drift_plus_noise,1.0,persistent,6.0
Mumbai,temporal,baseline16,93,bias_plus_spikes,1.0,persistent,1.0
Mumbai,temporal,baseline16,93,bias_plus_spikes,1.0,persistent,0.0
Mumbai,temporal,baseline16,93,bias_plus_spikes,1.0,persistent,0.0
Mumbai,station,baseline16,93,spike,1.0,transient,0.0
Mumbai,station,baseline16,93,spike,0.0,transient,
Mumbai,station,baseline16,93,spike,1.0,transient,0.0
Mumbai,station,baseline16,93,spike,1.0,transient,0.0
Mumbai,station,baseline16,93,spike,0.0,transient,
Mumbai,station,baseline16,93,spike,1.0,transient,0.0
Mumbai,station,baseline16,93,spike,0.0,transient,
Mumbai,station,baseline16,93,spike,0.0,transient,
Mumbai,station,baseline16,93,spike,0.0,transient,
Mumbai,station,baseline16,93,spike,1.0,transient,0.0
Mumbai,station,baseline16,93,spike,0.0,transient,
Mumbai,station,baseline16,93,spike,1.0,transient,0.0
Mumbai,station,baseline16,93,spike,0.0,transient,
Mumbai,station,baseline16,93,spike,1.0,transient,0.0
Mumbai,station,baseline16,93,spike,1.0,transient,0.0
Mumbai,station,baseline16,93,spike,1.0,transient,0.0
Mumbai,station,baseline16,93,spike,1.0,transient,0.0
Mumbai,station,baseline16,93,spike,1.0,transient,0.0
Mumbai,station,baseline16,93,spike,1.0,transient,1.0
Mumbai,station,baseline16,93,spike,1.0,transient,0.0
Mumbai,station,baseline16,93,spike,1.0,transient,0.0
Mumbai,station,baseline16,93,spike,1.0,transient,0.0
Mumbai,station,baseline16,93,spike,1.0,transient,0.0
Mumbai,station,baseline16,93,spike,0.0,transient,
Mumbai,station,baseline16,93,drift,0.0,persistent,
Mumbai,station,baseline16,93,drift,1.0,persistent,1.0
Mumbai,station,baseline16,93,drift,0.0,persistent,
Mumbai,station,baseline16,93,drift,0.0,persistent,
Mumbai,station,baseline16,93,drift,0.0,persistent,
Mumbai,station,baseline16,93,drift,0.0,persistent,
Mumbai,station,baseline16,93,bias,0.0,persistent,
Mumbai,station,baseline16,93,bias,0.0,persistent,
Mumbai,station,baseline16,93,bias,0.0,persistent,
Mumbai,station,baseline16,93,bias,0.0,persistent,
Mumbai,station,baseline16,93,bias,1.0,persistent,2.0
Mumbai,station,baseline16,93,bias,0.0,persistent,
Mumbai,station,baseline16,93,stuck_at,0.0,persistent,
Mumbai,station,baseline16,93,stuck_at,1.0,persistent,0.0
Mumbai,station,baseline16,93,stuck_at,1.0,persistent,0.0
Mumbai,station,baseline16,93,stuck_at,1.0,persistent,0.0
Mumbai,station,baseline16,93,stuck_at,1.0,persistent,0.0
Mumbai,station,baseline16,93,stuck_at,1.0,persistent,0.0
Mumbai,station,baseline16,93,noise_burst,0.0,persistent,
Mumbai,station,baseline16,93,noise_burst,1.0,persistent,2.0
Mumbai,station,baseline16,93,noise_burst,0.0,persistent,
Mumbai,station,baseline16,93,noise_burst,1.0,persistent,2.0
Mumbai,station,baseline16,93,noise_burst,1.0,persistent,0.0
Mumbai,station,baseline16,93,noise_burst,1.0,persistent,3.0
Mumbai,station,baseline16,93,intermittent_spikes,1.0,transient,0.0
Mumbai,station,baseline16,93,intermittent_spikes,1.0,transient,0.0
Mumbai,station,baseline16,93,intermittent_spikes,1.0,transient,0.0
Mumbai,station,baseline16,93,intermittent_spikes,1.0,transient,0.0
Mumbai,station,baseline16,93,intermittent_spikes,1.0,transient,0.0
Mumbai,station,baseline16,93,intermittent_spikes,1.0,transient,0.0
Mumbai,station,baseline16,93,drift_plus_noise,1.0,persistent,10.0
Mumbai,station,baseline16,93,drift_plus_noise,1.0,persistent,11.0
Mumbai,station,baseline16,93,drift_plus_noise,1.0,persistent,6.0
Mumbai,station,baseline16,93,bias_plus_spikes,1.0,persistent,1.0
Mumbai,station,baseline16,93,bias_plus_spikes,1.0,persistent,0.0
Mumbai,station,baseline16,93,bias_plus_spikes,1.0,persistent,2.0
Mumbai,in_domain,dual18,71,spike,1.0,transient,0.0
Mumbai,in_domain,dual18,71,spike,1.0,transient,0.0
Mumbai,in_domain,dual18,71,spike,1.0,transient,0.0
Mumbai,in_domain,dual18,71,spike,1.0,transient,0.0
Mumbai,in_domain,dual18,71,spike,1.0,transient,0.0
Mumbai,in_domain,dual18,71,spike,1.0,transient,0.0
Mumbai,in_domain,dual18,71,spike,0.0,transient,
Mumbai,in_domain,dual18,71,spike,0.0,transient,
Mumbai,in_domain,dual18,71,spike,1.0,transient,0.0
Mumbai,in_domain,dual18,71,spike,1.0,transient,0.0
Mumbai,in_domain,dual18,71,spike,1.0,transient,0.0
Mumbai,in_domain,dual18,71,spike,1.0,transient,0.0
Mumbai,in_domain,dual18,71,spike,0.0,transient,
Mumbai,in_domain,dual18,71,spike,1.0,transient,0.0
Mumbai,in_domain,dual18,71,spike,1.0,transient,0.0
Mumbai,in_domain,dual18,71,spike,1.0,transient,0.0
Mumbai,in_domain,dual18,71,spike,1.0,transient,0.0
Mumbai,in_domain,dual18,71,spike,1.0,transient,0.0
Mumbai,in_domain,dual18,71,spike,1.0,transient,0.0
Mumbai,in_domain,dual18,71,spike,1.0,transient,0.0
Mumbai,in_domain,dual18,71,spike,1.0,transient,0.0
Mumbai,in_domain,dual18,71,spike,1.0,transient,0.0
Mumbai,in_domain,dual18,71,spike,1.0,transient,2.0
Mumbai,in_domain,dual18,71,spike,1.0,transient,0.0
Mumbai,in_domain,dual18,71,drift,1.0,persistent,4.0
Mumbai,in_domain,dual18,71,drift,0.0,persistent,
Mumbai,in_domain,dual18,71,drift,0.0,persistent,
Mumbai,in_domain,dual18,71,drift,1.0,persistent,6.0
Mumbai,in_domain,dual18,71,drift,1.0,persistent,11.0
Mumbai,in_domain,dual18,71,drift,1.0,persistent,4.0
Mumbai,in_domain,dual18,71,bias,1.0,persistent,4.0
Mumbai,in_domain,dual18,71,bias,0.0,persistent,
Mumbai,in_domain,dual18,71,bias,0.0,persistent,
Mumbai,in_domain,dual18,71,bias,0.0,persistent,
Mumbai,in_domain,dual18,71,bias,1.0,persistent,5.0
Mumbai,in_domain,dual18,71,bias,0.0,persistent,
Mumbai,in_domain,dual18,71,stuck_at,1.0,persistent,0.0
Mumbai,in_domain,dual18,71,stuck_at,1.0,persistent,4.0
Mumbai,in_domain,dual18,71,stuck_at,1.0,persistent,0.0
Mumbai,in_domain,dual18,71,stuck_at,1.0,persistent,0.0
Mumbai,in_domain,dual18,71,stuck_at,1.0,persistent,0.0
Mumbai,in_domain,dual18,71,stuck_at,1.0,persistent,0.0
Mumbai,in_domain,dual18,71,noise_burst,0.0,persistent,
Mumbai,in_domain,dual18,71,noise_burst,1.0,persistent,9.0
Mumbai,in_domain,dual18,71,noise_burst,0.0,persistent,
Mumbai,in_domain,dual18,71,noise_burst,1.0,persistent,0.0
Mumbai,in_domain,dual18,71,noise_burst,1.0,persistent,0.0
Mumbai,in_domain,dual18,71,noise_burst,1.0,persistent,1.0
Mumbai,in_domain,dual18,71,intermittent_spikes,1.0,transient,0.0
Mumbai,in_domain,dual18,71,intermittent_spikes,1.0,transient,0.0
Mumbai,in_domain,dual18,71,intermittent_spikes,1.0,transient,0.0
Mumbai,in_domain,dual18,71,intermittent_spikes,1.0,transient,0.0
Mumbai,in_domain,dual18,71,intermittent_spikes,1.0,transient,0.0
Mumbai,in_domain,dual18,71,intermittent_spikes,1.0,transient,0.0
Mumbai,in_domain,dual18,71,drift_plus_noise,1.0,persistent,5.0
Mumbai,in_domain,dual18,71,drift_plus_noise,1.0,persistent,3.0
Mumbai,in_domain,dual18,71,drift_plus_noise,1.0,persistent,13.0
Mumbai,in_domain,dual18,71,bias_plus_spikes,1.0,persistent,3.0
Mumbai,in_domain,dual18,71,bias_plus_spikes,1.0,persistent,0.0
Mumbai,in_domain,dual18,71,bias_plus_spikes,1.0,persistent,2.0
Mumbai,temporal,dual18,71,spike,1.0,transient,0.0
Mumbai,temporal,dual18,71,spike,1.0,transient,0.0
Mumbai,temporal,dual18,71,spike,0.0,transient,
Mumbai,temporal,dual18,71,spike,0.0,transient,
Mumbai,temporal,dual18,71,spike,1.0,transient,0.0
Mumbai,temporal,dual18,71,spike,1.0,transient,0.0
Mumbai,temporal,dual18,71,spike,0.0,transient,
Mumbai,temporal,dual18,71,spike,0.0,transient,
Mumbai,temporal,dual18,71,spike,1.0,transient,0.0
Mumbai,temporal,dual18,71,spike,1.0,transient,0.0
Mumbai,temporal,dual18,71,spike,1.0,transient,0.0
Mumbai,temporal,dual18,71,spike,1.0,transient,0.0
Mumbai,temporal,dual18,71,spike,0.0,transient,
Mumbai,temporal,dual18,71,spike,1.0,transient,0.0
Mumbai,temporal,dual18,71,spike,1.0,transient,0.0
Mumbai,temporal,dual18,71,spike,1.0,transient,0.0
Mumbai,temporal,dual18,71,spike,1.0,transient,0.0
Mumbai,temporal,dual18,71,spike,1.0,transient,0.0
Mumbai,temporal,dual18,71,spike,1.0,transient,0.0
Mumbai,temporal,dual18,71,spike,1.0,transient,0.0
Mumbai,temporal,dual18,71,spike,1.0,transient,0.0
Mumbai,temporal,dual18,71,spike,1.0,transient,1.0
Mumbai,temporal,dual18,71,spike,1.0,transient,2.0
Mumbai,temporal,dual18,71,spike,1.0,transient,0.0
Mumbai,temporal,dual18,71,drift,1.0,persistent,4.0
Mumbai,temporal,dual18,71,drift,0.0,persistent,
Mumbai,temporal,dual18,71,drift,1.0,persistent,14.0
Mumbai,temporal,dual18,71,drift,1.0,persistent,11.0
Mumbai,temporal,dual18,71,drift,1.0,persistent,10.0
Mumbai,temporal,dual18,71,drift,1.0,persistent,10.0
Mumbai,temporal,dual18,71,bias,0.0,persistent,
Mumbai,temporal,dual18,71,bias,1.0,persistent,0.0
Mumbai,temporal,dual18,71,bias,1.0,persistent,1.0
Mumbai,temporal,dual18,71,bias,0.0,persistent,
Mumbai,temporal,dual18,71,bias,1.0,persistent,2.0
Mumbai,temporal,dual18,71,bias,1.0,persistent,2.0
Mumbai,temporal,dual18,71,stuck_at,1.0,persistent,0.0
Mumbai,temporal,dual18,71,stuck_at,0.0,persistent,
Mumbai,temporal,dual18,71,stuck_at,1.0,persistent,0.0
Mumbai,temporal,dual18,71,stuck_at,1.0,persistent,0.0
Mumbai,temporal,dual18,71,stuck_at,1.0,persistent,0.0
Mumbai,temporal,dual18,71,stuck_at,1.0,persistent,0.0
Mumbai,temporal,dual18,71,noise_burst,0.0,persistent,
Mumbai,temporal,dual18,71,noise_burst,0.0,persistent,
Mumbai,temporal,dual18,71,noise_burst,0.0,persistent,
Mumbai,temporal,dual18,71,noise_burst,1.0,persistent,4.0
Mumbai,temporal,dual18,71,noise_burst,1.0,persistent,4.0
Mumbai,temporal,dual18,71,noise_burst,1.0,persistent,0.0
Mumbai,temporal,dual18,71,intermittent_spikes,1.0,transient,0.0
Mumbai,temporal,dual18,71,intermittent_spikes,1.0,transient,0.0
Mumbai,temporal,dual18,71,intermittent_spikes,1.0,transient,0.0
Mumbai,temporal,dual18,71,intermittent_spikes,1.0,transient,0.0
Mumbai,temporal,dual18,71,intermittent_spikes,1.0,transient,0.0
Mumbai,temporal,dual18,71,intermittent_spikes,1.0,transient,0.0
Mumbai,temporal,dual18,71,drift_plus_noise,1.0,persistent,6.0
Mumbai,temporal,dual18,71,drift_plus_noise,1.0,persistent,1.0
Mumbai,temporal,dual18,71,drift_plus_noise,0.0,persistent,
Mumbai,temporal,dual18,71,bias_plus_spikes,1.0,persistent,3.0
Mumbai,temporal,dual18,71,bias_plus_spikes,1.0,persistent,0.0
Mumbai,temporal,dual18,71,bias_plus_spikes,1.0,persistent,3.0
Mumbai,station,dual18,71,spike,1.0,transient,0.0
Mumbai,station,dual18,71,spike,1.0,transient,0.0
Mumbai,station,dual18,71,spike,0.0,transient,
Mumbai,station,dual18,71,spike,0.0,transient,
Mumbai,station,dual18,71,spike,1.0,transient,0.0
Mumbai,station,dual18,71,spike,1.0,transient,0.0
Mumbai,station,dual18,71,spike,0.0,transient,
Mumbai,station,dual18,71,spike,1.0,transient,0.0
Mumbai,station,dual18,71,spike,0.0,transient,
Mumbai,station,dual18,71,spike,1.0,transient,0.0
Mumbai,station,dual18,71,spike,1.0,transient,0.0
Mumbai,station,dual18,71,spike,1.0,transient,0.0
Mumbai,station,dual18,71,spike,0.0,transient,
Mumbai,station,dual18,71,spike,1.0,transient,0.0
Mumbai,station,dual18,71,spike,0.0,transient,
Mumbai,station,dual18,71,spike,1.0,transient,0.0
Mumbai,station,dual18,71,spike,1.0,transient,0.0
Mumbai,station,dual18,71,spike,1.0,transient,0.0
Mumbai,station,dual18,71,spike,1.0,transient,0.0
Mumbai,station,dual18,71,spike,1.0,transient,0.0
Mumbai,station,dual18,71,spike,1.0,transient,0.0
Mumbai,station,dual18,71,spike,1.0,transient,0.0
Mumbai,station,dual18,71,spike,1.0,transient,2.0
Mumbai,station,dual18,71,spike,1.0,transient,1.0
Mumbai,station,dual18,71,drift,1.0,persistent,7.0
Mumbai,station,dual18,71,drift,0.0,persistent,
Mumbai,station,dual18,71,drift,1.0,persistent,14.0
Mumbai,station,dual18,71,drift,1.0,persistent,13.0
Mumbai,station,dual18,71,drift,1.0,persistent,11.0
Mumbai,station,dual18,71,drift,1.0,persistent,10.0
Mumbai,station,dual18,71,bias,0.0,persistent,
Mumbai,station,dual18,71,bias,1.0,persistent,0.0
Mumbai,station,dual18,71,bias,1.0,persistent,1.0
Mumbai,station,dual18,71,bias,0.0,persistent,
Mumbai,station,dual18,71,bias,1.0,persistent,4.0
Mumbai,station,dual18,71,bias,0.0,persistent,
Mumbai,station,dual18,71,stuck_at,1.0,persistent,0.0
Mumbai,station,dual18,71,stuck_at,0.0,persistent,
Mumbai,station,dual18,71,stuck_at,1.0,persistent,0.0
Mumbai,station,dual18,71,stuck_at,1.0,persistent,0.0
Mumbai,station,dual18,71,stuck_at,1.0,persistent,0.0
Mumbai,station,dual18,71,stuck_at,1.0,persistent,0.0
Mumbai,station,dual18,71,noise_burst,0.0,persistent,
Mumbai,station,dual18,71,noise_burst,0.0,persistent,
Mumbai,station,dual18,71,noise_burst,0.0,persistent,
Mumbai,station,dual18,71,noise_burst,1.0,persistent,4.0
Mumbai,station,dual18,71,noise_burst,1.0,persistent,1.0
Mumbai,station,dual18,71,noise_burst,1.0,persistent,0.0
Mumbai,station,dual18,71,intermittent_spikes,1.0,transient,0.0
Mumbai,station,dual18,71,intermittent_spikes,1.0,transient,0.0
Mumbai,station,dual18,71,intermittent_spikes,1.0,transient,0.0
Mumbai,station,dual18,71,intermittent_spikes,1.0,transient,2.0
Mumbai,station,dual18,71,intermittent_spikes,1.0,transient,0.0
Mumbai,station,dual18,71,intermittent_spikes,1.0,transient,0.0
Mumbai,station,dual18,71,drift_plus_noise,1.0,persistent,6.0
Mumbai,station,dual18,71,drift_plus_noise,1.0,persistent,8.0
Mumbai,station,dual18,71,drift_plus_noise,0.0,persistent,
Mumbai,station,dual18,71,bias_plus_spikes,1.0,persistent,3.0
Mumbai,station,dual18,71,bias_plus_spikes,1.0,persistent,0.0
Mumbai,station,dual18,71,bias_plus_spikes,1.0,persistent,3.0
Mumbai,in_domain,dual18,82,spike,1.0,transient,0.0
Mumbai,in_domain,dual18,82,spike,1.0,transient,0.0
Mumbai,in_domain,dual18,82,spike,1.0,transient,0.0
Mumbai,in_domain,dual18,82,spike,1.0,transient,0.0
Mumbai,in_domain,dual18,82,spike,1.0,transient,0.0
Mumbai,in_domain,dual18,82,spike,1.0,transient,0.0
Mumbai,in_domain,dual18,82,spike,1.0,transient,0.0
Mumbai,in_domain,dual18,82,spike,1.0,transient,0.0
Mumbai,in_domain,dual18,82,spike,0.0,transient,
Mumbai,in_domain,dual18,82,spike,1.0,transient,0.0
Mumbai,in_domain,dual18,82,spike,1.0,transient,0.0
Mumbai,in_domain,dual18,82,spike,0.0,transient,
Mumbai,in_domain,dual18,82,spike,1.0,transient,0.0
Mumbai,in_domain,dual18,82,spike,1.0,transient,0.0
Mumbai,in_domain,dual18,82,spike,1.0,transient,0.0
Mumbai,in_domain,dual18,82,spike,1.0,transient,0.0
Mumbai,in_domain,dual18,82,spike,1.0,transient,0.0
Mumbai,in_domain,dual18,82,spike,1.0,transient,0.0
Mumbai,in_domain,dual18,82,spike,1.0,transient,0.0
Mumbai,in_domain,dual18,82,spike,1.0,transient,1.0
Mumbai,in_domain,dual18,82,spike,1.0,transient,0.0
Mumbai,in_domain,dual18,82,spike,1.0,transient,0.0
Mumbai,in_domain,dual18,82,spike,1.0,transient,0.0
Mumbai,in_domain,dual18,82,spike,1.0,transient,0.0
Mumbai,in_domain,dual18,82,drift,1.0,persistent,4.0
Mumbai,in_domain,dual18,82,drift,1.0,persistent,9.0
Mumbai,in_domain,dual18,82,drift,1.0,persistent,1.0
Mumbai,in_domain,dual18,82,drift,1.0,persistent,7.0
Mumbai,in_domain,dual18,82,drift,1.0,persistent,4.0
Mumbai,in_domain,dual18,82,drift,1.0,persistent,3.0
Mumbai,in_domain,dual18,82,bias,0.0,persistent,
Mumbai,in_domain,dual18,82,bias,1.0,persistent,0.0
Mumbai,in_domain,dual18,82,bias,1.0,persistent,0.0
Mumbai,in_domain,dual18,82,bias,0.0,persistent,
Mumbai,in_domain,dual18,82,bias,0.0,persistent,
Mumbai,in_domain,dual18,82,bias,1.0,persistent,2.0
Mumbai,in_domain,dual18,82,stuck_at,0.0,persistent,
Mumbai,in_domain,dual18,82,stuck_at,1.0,persistent,0.0
Mumbai,in_domain,dual18,82,stuck_at,1.0,persistent,0.0
Mumbai,in_domain,dual18,82,stuck_at,1.0,persistent,0.0
Mumbai,in_domain,dual18,82,stuck_at,1.0,persistent,0.0
Mumbai,in_domain,dual18,82,stuck_at,1.0,persistent,0.0
Mumbai,in_domain,dual18,82,noise_burst,1.0,persistent,1.0
Mumbai,in_domain,dual18,82,noise_burst,1.0,persistent,2.0
Mumbai,in_domain,dual18,82,noise_burst,0.0,persistent,
Mumbai,in_domain,dual18,82,noise_burst,1.0,persistent,3.0
Mumbai,in_domain,dual18,82,noise_burst,1.0,persistent,2.0
Mumbai,in_domain,dual18,82,noise_burst,1.0,persistent,0.0
Mumbai,in_domain,dual18,82,intermittent_spikes,1.0,transient,0.0
Mumbai,in_domain,dual18,82,intermittent_spikes,1.0,transient,0.0
Mumbai,in_domain,dual18,82,intermittent_spikes,1.0,transient,4.0
Mumbai,in_domain,dual18,82,intermittent_spikes,1.0,transient,0.0
Mumbai,in_domain,dual18,82,intermittent_spikes,1.0,transient,0.0
Mumbai,in_domain,dual18,82,intermittent_spikes,1.0,transient,0.0
Mumbai,in_domain,dual18,82,drift_plus_noise,1.0,persistent,14.0
Mumbai,in_domain,dual18,82,drift_plus_noise,1.0,persistent,7.0
Mumbai,in_domain,dual18,82,drift_plus_noise,1.0,persistent,12.0
Mumbai,in_domain,dual18,82,bias_plus_spikes,1.0,persistent,1.0
Mumbai,in_domain,dual18,82,bias_plus_spikes,1.0,persistent,0.0
Mumbai,in_domain,dual18,82,bias_plus_spikes,1.0,persistent,0.0
Mumbai,temporal,dual18,82,spike,1.0,transient,0.0
Mumbai,temporal,dual18,82,spike,0.0,transient,
Mumbai,temporal,dual18,82,spike,0.0,transient,
Mumbai,temporal,dual18,82,spike,0.0,transient,
Mumbai,temporal,dual18,82,spike,0.0,transient,
Mumbai,temporal,dual18,82,spike,1.0,transient,0.0
Mumbai,temporal,dual18,82,spike,0.0,transient,
Mumbai,temporal,dual18,82,spike,0.0,transient,
Mumbai,temporal,dual18,82,spike,0.0,transient,
Mumbai,temporal,dual18,82,spike,1.0,transient,0.0
Mumbai,temporal,dual18,82,spike,1.0,transient,0.0
Mumbai,temporal,dual18,82,spike,0.0,transient,
Mumbai,temporal,dual18,82,spike,1.0,transient,0.0
Mumbai,temporal,dual18,82,spike,1.0,transient,0.0
Mumbai,temporal,dual18,82,spike,1.0,transient,0.0
Mumbai,temporal,dual18,82,spike,1.0,transient,0.0
Mumbai,temporal,dual18,82,spike,1.0,transient,0.0
Mumbai,temporal,dual18,82,spike,1.0,transient,0.0
Mumbai,temporal,dual18,82,spike,0.0,transient,
Mumbai,temporal,dual18,82,spike,0.0,transient,
Mumbai,temporal,dual18,82,spike,1.0,transient,0.0
Mumbai,temporal,dual18,82,spike,1.0,transient,0.0
Mumbai,temporal,dual18,82,spike,0.0,transient,
Mumbai,temporal,dual18,82,spike,1.0,transient,0.0
Mumbai,temporal,dual18,82,drift,0.0,persistent,
Mumbai,temporal,dual18,82,drift,0.0,persistent,
Mumbai,temporal,dual18,82,drift,1.0,persistent,14.0
Mumbai,temporal,dual18,82,drift,1.0,persistent,2.0
Mumbai,temporal,dual18,82,drift,1.0,persistent,3.0
Mumbai,temporal,dual18,82,drift,1.0,persistent,0.0
Mumbai,temporal,dual18,82,bias,0.0,persistent,
Mumbai,temporal,dual18,82,bias,0.0,persistent,
Mumbai,temporal,dual18,82,bias,1.0,persistent,10.0
Mumbai,temporal,dual18,82,bias,0.0,persistent,
Mumbai,temporal,dual18,82,bias,1.0,persistent,4.0
Mumbai,temporal,dual18,82,bias,1.0,persistent,4.0
Mumbai,temporal,dual18,82,stuck_at,1.0,persistent,0.0
Mumbai,temporal,dual18,82,stuck_at,1.0,persistent,0.0
Mumbai,temporal,dual18,82,stuck_at,1.0,persistent,0.0
Mumbai,temporal,dual18,82,stuck_at,1.0,persistent,0.0
Mumbai,temporal,dual18,82,stuck_at,1.0,persistent,0.0
Mumbai,temporal,dual18,82,stuck_at,1.0,persistent,0.0
Mumbai,temporal,dual18,82,noise_burst,1.0,persistent,0.0
Mumbai,temporal,dual18,82,noise_burst,0.0,persistent,
Mumbai,temporal,dual18,82,noise_burst,1.0,persistent,1.0
Mumbai,temporal,dual18,82,noise_burst,1.0,persistent,1.0
Mumbai,temporal,dual18,82,noise_burst,1.0,persistent,1.0
Mumbai,temporal,dual18,82,noise_burst,1.0,persistent,1.0
Mumbai,temporal,dual18,82,intermittent_spikes,1.0,transient,9.0
Mumbai,temporal,dual18,82,intermittent_spikes,1.0,transient,0.0
Mumbai,temporal,dual18,82,intermittent_spikes,1.0,transient,0.0
Mumbai,temporal,dual18,82,intermittent_spikes,1.0,transient,3.0
Mumbai,temporal,dual18,82,intermittent_spikes,1.0,transient,0.0
Mumbai,temporal,dual18,82,intermittent_spikes,1.0,transient,0.0
Mumbai,temporal,dual18,82,drift_plus_noise,1.0,persistent,2.0
Mumbai,temporal,dual18,82,drift_plus_noise,1.0,persistent,8.0
Mumbai,temporal,dual18,82,drift_plus_noise,1.0,persistent,0.0
Mumbai,temporal,dual18,82,bias_plus_spikes,1.0,persistent,0.0
Mumbai,temporal,dual18,82,bias_plus_spikes,1.0,persistent,0.0
Mumbai,temporal,dual18,82,bias_plus_spikes,1.0,persistent,0.0
Mumbai,station,dual18,82,spike,1.0,transient,0.0
Mumbai,station,dual18,82,spike,0.0,transient,
Mumbai,station,dual18,82,spike,0.0,transient,
Mumbai,station,dual18,82,spike,1.0,transient,0.0
Mumbai,station,dual18,82,spike,1.0,transient,0.0
Mumbai,station,dual18,82,spike,1.0,transient,0.0
Mumbai,station,dual18,82,spike,0.0,transient,
Mumbai,station,dual18,82,spike,0.0,transient,
Mumbai,station,dual18,82,spike,0.0,transient,
Mumbai,station,dual18,82,spike,1.0,transient,0.0
Mumbai,station,dual18,82,spike,1.0,transient,0.0
Mumbai,station,dual18,82,spike,0.0,transient,
Mumbai,station,dual18,82,spike,1.0,transient,0.0
Mumbai,station,dual18,82,spike,1.0,transient,0.0
Mumbai,station,dual18,82,spike,1.0,transient,0.0
Mumbai,station,dual18,82,spike,1.0,transient,0.0
Mumbai,station,dual18,82,spike,1.0,transient,0.0
Mumbai,station,dual18,82,spike,1.0,transient,0.0
Mumbai,station,dual18,82,spike,0.0,transient,
Mumbai,station,dual18,82,spike,1.0,transient,0.0
Mumbai,station,dual18,82,spike,1.0,transient,0.0
Mumbai,station,dual18,82,spike,1.0,transient,0.0
Mumbai,station,dual18,82,spike,0.0,transient,
Mumbai,station,dual18,82,spike,1.0,transient,0.0
Mumbai,station,dual18,82,drift,1.0,persistent,9.0
Mumbai,station,dual18,82,drift,0.0,persistent,
Mumbai,station,dual18,82,drift,1.0,persistent,15.0
Mumbai,station,dual18,82,drift,1.0,persistent,2.0
Mumbai,station,dual18,82,drift,1.0,persistent,3.0
Mumbai,station,dual18,82,drift,1.0,persistent,1.0
Mumbai,station,dual18,82,bias,0.0,persistent,
Mumbai,station,dual18,82,bias,0.0,persistent,
Mumbai,station,dual18,82,bias,1.0,persistent,10.0
Mumbai,station,dual18,82,bias,0.0,persistent,
Mumbai,station,dual18,82,bias,1.0,persistent,1.0
Mumbai,station,dual18,82,bias,1.0,persistent,4.0
Mumbai,station,dual18,82,stuck_at,1.0,persistent,0.0
Mumbai,station,dual18,82,stuck_at,1.0,persistent,0.0
Mumbai,station,dual18,82,stuck_at,1.0,persistent,0.0
Mumbai,station,dual18,82,stuck_at,1.0,persistent,0.0
Mumbai,station,dual18,82,stuck_at,1.0,persistent,0.0
Mumbai,station,dual18,82,stuck_at,1.0,persistent,0.0
Mumbai,station,dual18,82,noise_burst,1.0,persistent,0.0
Mumbai,station,dual18,82,noise_burst,0.0,persistent,
Mumbai,station,dual18,82,noise_burst,0.0,persistent,
Mumbai,station,dual18,82,noise_burst,1.0,persistent,1.0
Mumbai,station,dual18,82,noise_burst,1.0,persistent,1.0
Mumbai,station,dual18,82,noise_burst,1.0,persistent,1.0
Mumbai,station,dual18,82,intermittent_spikes,1.0,transient,9.0
Mumbai,station,dual18,82,intermittent_spikes,1.0,transient,0.0
Mumbai,station,dual18,82,intermittent_spikes,1.0,transient,0.0
Mumbai,station,dual18,82,intermittent_spikes,1.0,transient,3.0
Mumbai,station,dual18,82,intermittent_spikes,1.0,transient,0.0
Mumbai,station,dual18,82,intermittent_spikes,1.0,transient,0.0
Mumbai,station,dual18,82,drift_plus_noise,1.0,persistent,2.0
Mumbai,station,dual18,82,drift_plus_noise,0.0,persistent,
Mumbai,station,dual18,82,drift_plus_noise,1.0,persistent,0.0
Mumbai,station,dual18,82,bias_plus_spikes,1.0,persistent,0.0
Mumbai,station,dual18,82,bias_plus_spikes,1.0,persistent,0.0
Mumbai,station,dual18,82,bias_plus_spikes,1.0,persistent,0.0
Mumbai,in_domain,dual18,93,spike,1.0,transient,0.0
Mumbai,in_domain,dual18,93,spike,1.0,transient,0.0
Mumbai,in_domain,dual18,93,spike,1.0,transient,0.0
Mumbai,in_domain,dual18,93,spike,1.0,transient,0.0
Mumbai,in_domain,dual18,93,spike,1.0,transient,0.0
Mumbai,in_domain,dual18,93,spike,1.0,transient,0.0
Mumbai,in_domain,dual18,93,spike,0.0,transient,
Mumbai,in_domain,dual18,93,spike,0.0,transient,
Mumbai,in_domain,dual18,93,spike,1.0,transient,0.0
Mumbai,in_domain,dual18,93,spike,1.0,transient,0.0
Mumbai,in_domain,dual18,93,spike,1.0,transient,0.0
Mumbai,in_domain,dual18,93,spike,1.0,transient,0.0
Mumbai,in_domain,dual18,93,spike,1.0,transient,0.0
Mumbai,in_domain,dual18,93,spike,1.0,transient,0.0
Mumbai,in_domain,dual18,93,spike,1.0,transient,0.0
Mumbai,in_domain,dual18,93,spike,1.0,transient,0.0
Mumbai,in_domain,dual18,93,spike,1.0,transient,0.0
Mumbai,in_domain,dual18,93,spike,1.0,transient,0.0
Mumbai,in_domain,dual18,93,spike,1.0,transient,0.0
Mumbai,in_domain,dual18,93,spike,1.0,transient,0.0
Mumbai,in_domain,dual18,93,spike,1.0,transient,0.0
Mumbai,in_domain,dual18,93,spike,1.0,transient,0.0
Mumbai,in_domain,dual18,93,spike,1.0,transient,0.0
Mumbai,in_domain,dual18,93,spike,1.0,transient,0.0
Mumbai,in_domain,dual18,93,drift,1.0,persistent,13.0
Mumbai,in_domain,dual18,93,drift,1.0,persistent,3.0
Mumbai,in_domain,dual18,93,drift,1.0,persistent,13.0
Mumbai,in_domain,dual18,93,drift,0.0,persistent,
Mumbai,in_domain,dual18,93,drift,1.0,persistent,11.0
Mumbai,in_domain,dual18,93,drift,1.0,persistent,7.0
Mumbai,in_domain,dual18,93,bias,1.0,persistent,2.0
Mumbai,in_domain,dual18,93,bias,0.0,persistent,
Mumbai,in_domain,dual18,93,bias,0.0,persistent,
Mumbai,in_domain,dual18,93,bias,1.0,persistent,1.0
Mumbai,in_domain,dual18,93,bias,0.0,persistent,
Mumbai,in_domain,dual18,93,bias,0.0,persistent,
Mumbai,in_domain,dual18,93,stuck_at,1.0,persistent,0.0
Mumbai,in_domain,dual18,93,stuck_at,1.0,persistent,0.0
Mumbai,in_domain,dual18,93,stuck_at,1.0,persistent,0.0
Mumbai,in_domain,dual18,93,stuck_at,1.0,persistent,0.0
Mumbai,in_domain,dual18,93,stuck_at,1.0,persistent,0.0
Mumbai,in_domain,dual18,93,stuck_at,1.0,persistent,0.0
Mumbai,in_domain,dual18,93,noise_burst,1.0,persistent,6.0
Mumbai,in_domain,dual18,93,noise_burst,0.0,persistent,
Mumbai,in_domain,dual18,93,noise_burst,0.0,persistent,
Mumbai,in_domain,dual18,93,noise_burst,1.0,persistent,0.0
Mumbai,in_domain,dual18,93,noise_burst,1.0,persistent,4.0
Mumbai,in_domain,dual18,93,noise_burst,1.0,persistent,1.0
Mumbai,in_domain,dual18,93,intermittent_spikes,1.0,transient,0.0
Mumbai,in_domain,dual18,93,intermittent_spikes,1.0,transient,0.0
Mumbai,in_domain,dual18,93,intermittent_spikes,1.0,transient,0.0
Mumbai,in_domain,dual18,93,intermittent_spikes,1.0,transient,0.0
Mumbai,in_domain,dual18,93,intermittent_spikes,1.0,transient,0.0
Mumbai,in_domain,dual18,93,intermittent_spikes,1.0,transient,13.0
Mumbai,in_domain,dual18,93,drift_plus_noise,1.0,persistent,4.0
Mumbai,in_domain,dual18,93,drift_plus_noise,1.0,persistent,9.0
Mumbai,in_domain,dual18,93,drift_plus_noise,1.0,persistent,0.0
Mumbai,in_domain,dual18,93,bias_plus_spikes,1.0,persistent,0.0
Mumbai,in_domain,dual18,93,bias_plus_spikes,1.0,persistent,1.0
Mumbai,in_domain,dual18,93,bias_plus_spikes,1.0,persistent,0.0
Mumbai,temporal,dual18,93,spike,1.0,transient,0.0
Mumbai,temporal,dual18,93,spike,0.0,transient,
Mumbai,temporal,dual18,93,spike,1.0,transient,0.0
Mumbai,temporal,dual18,93,spike,1.0,transient,0.0
Mumbai,temporal,dual18,93,spike,0.0,transient,
Mumbai,temporal,dual18,93,spike,1.0,transient,0.0
Mumbai,temporal,dual18,93,spike,0.0,transient,
Mumbai,temporal,dual18,93,spike,0.0,transient,
Mumbai,temporal,dual18,93,spike,0.0,transient,
Mumbai,temporal,dual18,93,spike,1.0,transient,0.0
Mumbai,temporal,dual18,93,spike,1.0,transient,0.0
Mumbai,temporal,dual18,93,spike,0.0,transient,
Mumbai,temporal,dual18,93,spike,0.0,transient,
Mumbai,temporal,dual18,93,spike,1.0,transient,0.0
Mumbai,temporal,dual18,93,spike,1.0,transient,0.0
Mumbai,temporal,dual18,93,spike,1.0,transient,0.0
Mumbai,temporal,dual18,93,spike,1.0,transient,0.0
Mumbai,temporal,dual18,93,spike,1.0,transient,0.0
Mumbai,temporal,dual18,93,spike,1.0,transient,1.0
Mumbai,temporal,dual18,93,spike,1.0,transient,0.0
Mumbai,temporal,dual18,93,spike,1.0,transient,0.0
Mumbai,temporal,dual18,93,spike,1.0,transient,0.0
Mumbai,temporal,dual18,93,spike,1.0,transient,0.0
Mumbai,temporal,dual18,93,spike,0.0,transient,
Mumbai,temporal,dual18,93,drift,0.0,persistent,
Mumbai,temporal,dual18,93,drift,1.0,persistent,1.0
Mumbai,temporal,dual18,93,drift,0.0,persistent,
Mumbai,temporal,dual18,93,drift,0.0,persistent,
Mumbai,temporal,dual18,93,drift,1.0,persistent,13.0
Mumbai,temporal,dual18,93,drift,1.0,persistent,13.0
Mumbai,temporal,dual18,93,bias,0.0,persistent,
Mumbai,temporal,dual18,93,bias,1.0,persistent,6.0
Mumbai,temporal,dual18,93,bias,0.0,persistent,
Mumbai,temporal,dual18,93,bias,0.0,persistent,
Mumbai,temporal,dual18,93,bias,1.0,persistent,2.0
Mumbai,temporal,dual18,93,bias,0.0,persistent,
Mumbai,temporal,dual18,93,stuck_at,0.0,persistent,
Mumbai,temporal,dual18,93,stuck_at,1.0,persistent,0.0
Mumbai,temporal,dual18,93,stuck_at,1.0,persistent,0.0
Mumbai,temporal,dual18,93,stuck_at,1.0,persistent,0.0
Mumbai,temporal,dual18,93,stuck_at,1.0,persistent,0.0
Mumbai,temporal,dual18,93,stuck_at,1.0,persistent,0.0
Mumbai,temporal,dual18,93,noise_burst,0.0,persistent,
Mumbai,temporal,dual18,93,noise_burst,1.0,persistent,2.0
Mumbai,temporal,dual18,93,noise_burst,0.0,persistent,
Mumbai,temporal,dual18,93,noise_burst,1.0,persistent,3.0
Mumbai,temporal,dual18,93,noise_burst,1.0,persistent,0.0
Mumbai,temporal,dual18,93,noise_burst,0.0,persistent,
Mumbai,temporal,dual18,93,intermittent_spikes,1.0,transient,0.0
Mumbai,temporal,dual18,93,intermittent_spikes,1.0,transient,0.0
Mumbai,temporal,dual18,93,intermittent_spikes,1.0,transient,0.0
Mumbai,temporal,dual18,93,intermittent_spikes,1.0,transient,0.0
Mumbai,temporal,dual18,93,intermittent_spikes,1.0,transient,0.0
Mumbai,temporal,dual18,93,intermittent_spikes,1.0,transient,0.0
Mumbai,temporal,dual18,93,drift_plus_noise,1.0,persistent,10.0
Mumbai,temporal,dual18,93,drift_plus_noise,1.0,persistent,11.0
Mumbai,temporal,dual18,93,drift_plus_noise,1.0,persistent,6.0
Mumbai,temporal,dual18,93,bias_plus_spikes,1.0,persistent,1.0
Mumbai,temporal,dual18,93,bias_plus_spikes,1.0,persistent,0.0
Mumbai,temporal,dual18,93,bias_plus_spikes,1.0,persistent,2.0
Mumbai,station,dual18,93,spike,1.0,transient,0.0
Mumbai,station,dual18,93,spike,0.0,transient,
Mumbai,station,dual18,93,spike,1.0,transient,0.0
Mumbai,station,dual18,93,spike,1.0,transient,0.0
Mumbai,station,dual18,93,spike,0.0,transient,
Mumbai,station,dual18,93,spike,0.0,transient,
Mumbai,station,dual18,93,spike,0.0,transient,
Mumbai,station,dual18,93,spike,0.0,transient,
Mumbai,station,dual18,93,spike,0.0,transient,
Mumbai,station,dual18,93,spike,1.0,transient,0.0
Mumbai,station,dual18,93,spike,1.0,transient,0.0
Mumbai,station,dual18,93,spike,0.0,transient,
Mumbai,station,dual18,93,spike,0.0,transient,
Mumbai,station,dual18,93,spike,1.0,transient,0.0
Mumbai,station,dual18,93,spike,0.0,transient,
Mumbai,station,dual18,93,spike,1.0,transient,0.0
Mumbai,station,dual18,93,spike,1.0,transient,0.0
Mumbai,station,dual18,93,spike,1.0,transient,0.0
Mumbai,station,dual18,93,spike,1.0,transient,0.0
Mumbai,station,dual18,93,spike,1.0,transient,0.0
Mumbai,station,dual18,93,spike,1.0,transient,0.0
Mumbai,station,dual18,93,spike,1.0,transient,0.0
Mumbai,station,dual18,93,spike,1.0,transient,0.0
Mumbai,station,dual18,93,spike,0.0,transient,
Mumbai,station,dual18,93,drift,0.0,persistent,
Mumbai,station,dual18,93,drift,1.0,persistent,1.0
Mumbai,station,dual18,93,drift,1.0,persistent,13.0
Mumbai,station,dual18,93,drift,0.0,persistent,
Mumbai,station,dual18,93,drift,1.0,persistent,13.0
Mumbai,station,dual18,93,drift,0.0,persistent,
Mumbai,station,dual18,93,bias,0.0,persistent,
Mumbai,station,dual18,93,bias,1.0,persistent,6.0
Mumbai,station,dual18,93,bias,0.0,persistent,
Mumbai,station,dual18,93,bias,0.0,persistent,
Mumbai,station,dual18,93,bias,1.0,persistent,2.0
Mumbai,station,dual18,93,bias,0.0,persistent,
Mumbai,station,dual18,93,stuck_at,0.0,persistent,
Mumbai,station,dual18,93,stuck_at,1.0,persistent,0.0
Mumbai,station,dual18,93,stuck_at,1.0,persistent,0.0
Mumbai,station,dual18,93,stuck_at,1.0,persistent,0.0
Mumbai,station,dual18,93,stuck_at,1.0,persistent,0.0
Mumbai,station,dual18,93,stuck_at,1.0,persistent,0.0
Mumbai,station,dual18,93,noise_burst,0.0,persistent,
Mumbai,station,dual18,93,noise_burst,1.0,persistent,2.0
Mumbai,station,dual18,93,noise_burst,1.0,persistent,4.0
Mumbai,station,dual18,93,noise_burst,1.0,persistent,2.0
Mumbai,station,dual18,93,noise_burst,1.0,persistent,0.0
Mumbai,station,dual18,93,noise_burst,1.0,persistent,3.0
Mumbai,station,dual18,93,intermittent_spikes,1.0,transient,0.0
Mumbai,station,dual18,93,intermittent_spikes,1.0,transient,0.0
Mumbai,station,dual18,93,intermittent_spikes,1.0,transient,0.0
Mumbai,station,dual18,93,intermittent_spikes,1.0,transient,0.0
Mumbai,station,dual18,93,intermittent_spikes,1.0,transient,0.0
Mumbai,station,dual18,93,intermittent_spikes,1.0,transient,0.0
Mumbai,station,dual18,93,drift_plus_noise,1.0,persistent,10.0
Mumbai,station,dual18,93,drift_plus_noise,1.0,persistent,11.0
Mumbai,station,dual18,93,drift_plus_noise,1.0,persistent,6.0
Mumbai,station,dual18,93,bias_plus_spikes,1.0,persistent,1.0
Mumbai,station,dual18,93,bias_plus_spikes,1.0,persistent,0.0
Mumbai,station,dual18,93,bias_plus_spikes,1.0,persistent,2.0
Chennai,in_domain,baseline16,71,spike,1.0,transient,0.0
Chennai,in_domain,baseline16,71,spike,1.0,transient,0.0
Chennai,in_domain,baseline16,71,spike,1.0,transient,0.0
Chennai,in_domain,baseline16,71,spike,1.0,transient,0.0
Chennai,in_domain,baseline16,71,spike,1.0,transient,0.0
Chennai,in_domain,baseline16,71,spike,1.0,transient,0.0
Chennai,in_domain,baseline16,71,spike,0.0,transient,
Chennai,in_domain,baseline16,71,spike,1.0,transient,0.0
Chennai,in_domain,baseline16,71,spike,0.0,transient,
Chennai,in_domain,baseline16,71,spike,1.0,transient,0.0
Chennai,in_domain,baseline16,71,spike,1.0,transient,0.0
Chennai,in_domain,baseline16,71,spike,1.0,transient,0.0
Chennai,in_domain,baseline16,71,spike,1.0,transient,0.0
Chennai,in_domain,baseline16,71,spike,1.0,transient,0.0
Chennai,in_domain,baseline16,71,spike,1.0,transient,0.0
Chennai,in_domain,baseline16,71,spike,1.0,transient,0.0
Chennai,in_domain,baseline16,71,spike,1.0,transient,0.0
Chennai,in_domain,baseline16,71,spike,1.0,transient,0.0
Chennai,in_domain,baseline16,71,spike,1.0,transient,0.0
Chennai,in_domain,baseline16,71,spike,1.0,transient,0.0
Chennai,in_domain,baseline16,71,spike,1.0,transient,0.0
Chennai,in_domain,baseline16,71,spike,1.0,transient,0.0
Chennai,in_domain,baseline16,71,spike,0.0,transient,
Chennai,in_domain,baseline16,71,spike,1.0,transient,1.0
Chennai,in_domain,baseline16,71,drift,1.0,persistent,11.0
Chennai,in_domain,baseline16,71,drift,0.0,persistent,
Chennai,in_domain,baseline16,71,drift,0.0,persistent,
Chennai,in_domain,baseline16,71,drift,0.0,persistent,
Chennai,in_domain,baseline16,71,drift,1.0,persistent,11.0
Chennai,in_domain,baseline16,71,drift,1.0,persistent,13.0
Chennai,in_domain,baseline16,71,bias,1.0,persistent,4.0
Chennai,in_domain,baseline16,71,bias,0.0,persistent,
Chennai,in_domain,baseline16,71,bias,0.0,persistent,
Chennai,in_domain,baseline16,71,bias,0.0,persistent,
Chennai,in_domain,baseline16,71,bias,1.0,persistent,1.0
Chennai,in_domain,baseline16,71,bias,1.0,persistent,1.0
Chennai,in_domain,baseline16,71,stuck_at,1.0,persistent,0.0
Chennai,in_domain,baseline16,71,stuck_at,0.0,persistent,
Chennai,in_domain,baseline16,71,stuck_at,1.0,persistent,0.0
Chennai,in_domain,baseline16,71,stuck_at,1.0,persistent,0.0
Chennai,in_domain,baseline16,71,stuck_at,1.0,persistent,0.0
Chennai,in_domain,baseline16,71,stuck_at,1.0,persistent,0.0
Chennai,in_domain,baseline16,71,noise_burst,1.0,persistent,3.0
Chennai,in_domain,baseline16,71,noise_burst,1.0,persistent,0.0
Chennai,in_domain,baseline16,71,noise_burst,0.0,persistent,
Chennai,in_domain,baseline16,71,noise_burst,1.0,persistent,0.0
Chennai,in_domain,baseline16,71,noise_burst,1.0,persistent,2.0
Chennai,in_domain,baseline16,71,noise_burst,1.0,persistent,3.0
Chennai,in_domain,baseline16,71,intermittent_spikes,1.0,transient,0.0
Chennai,in_domain,baseline16,71,intermittent_spikes,1.0,transient,4.0
Chennai,in_domain,baseline16,71,intermittent_spikes,1.0,transient,0.0
Chennai,in_domain,baseline16,71,intermittent_spikes,1.0,transient,0.0
Chennai,in_domain,baseline16,71,intermittent_spikes,1.0,transient,0.0
Chennai,in_domain,baseline16,71,intermittent_spikes,0.0,transient,
Chennai,in_domain,baseline16,71,drift_plus_noise,1.0,persistent,8.0
Chennai,in_domain,baseline16,71,drift_plus_noise,0.0,persistent,
Chennai,in_domain,baseline16,71,drift_plus_noise,1.0,persistent,8.0
Chennai,in_domain,baseline16,71,bias_plus_spikes,1.0,persistent,0.0
Chennai,in_domain,baseline16,71,bias_plus_spikes,1.0,persistent,3.0
Chennai,in_domain,baseline16,71,bias_plus_spikes,1.0,persistent,0.0
Chennai,temporal,baseline16,71,spike,0.0,transient,
Chennai,temporal,baseline16,71,spike,1.0,transient,0.0
Chennai,temporal,baseline16,71,spike,1.0,transient,0.0
Chennai,temporal,baseline16,71,spike,1.0,transient,0.0
Chennai,temporal,baseline16,71,spike,1.0,transient,0.0
Chennai,temporal,baseline16,71,spike,1.0,transient,0.0
Chennai,temporal,baseline16,71,spike,0.0,transient,
Chennai,temporal,baseline16,71,spike,0.0,transient,
Chennai,temporal,baseline16,71,spike,1.0,transient,0.0
Chennai,temporal,baseline16,71,spike,1.0,transient,0.0
Chennai,temporal,baseline16,71,spike,1.0,transient,0.0
Chennai,temporal,baseline16,71,spike,1.0,transient,0.0
Chennai,temporal,baseline16,71,spike,1.0,transient,0.0
Chennai,temporal,baseline16,71,spike,1.0,transient,0.0
Chennai,temporal,baseline16,71,spike,1.0,transient,0.0
Chennai,temporal,baseline16,71,spike,1.0,transient,0.0
Chennai,temporal,baseline16,71,spike,1.0,transient,0.0
Chennai,temporal,baseline16,71,spike,1.0,transient,0.0
Chennai,temporal,baseline16,71,spike,1.0,transient,0.0
Chennai,temporal,baseline16,71,spike,1.0,transient,0.0
Chennai,temporal,baseline16,71,spike,1.0,transient,1.0
Chennai,temporal,baseline16,71,spike,1.0,transient,0.0
Chennai,temporal,baseline16,71,spike,0.0,transient,
Chennai,temporal,baseline16,71,spike,1.0,transient,0.0
Chennai,temporal,baseline16,71,drift,1.0,persistent,10.0
Chennai,temporal,baseline16,71,drift,1.0,persistent,0.0
Chennai,temporal,baseline16,71,drift,0.0,persistent,
Chennai,temporal,baseline16,71,drift,0.0,persistent,
Chennai,temporal,baseline16,71,drift,1.0,persistent,7.0
Chennai,temporal,baseline16,71,drift,1.0,persistent,6.0
Chennai,temporal,baseline16,71,bias,0.0,persistent,
Chennai,temporal,baseline16,71,bias,0.0,persistent,
Chennai,temporal,baseline16,71,bias,0.0,persistent,
Chennai,temporal,baseline16,71,bias,1.0,persistent,8.0
Chennai,temporal,baseline16,71,bias,1.0,persistent,2.0
Chennai,temporal,baseline16,71,bias,1.0,persistent,3.0
Chennai,temporal,baseline16,71,stuck_at,1.0,persistent,0.0
Chennai,temporal,baseline16,71,stuck_at,0.0,persistent,
Chennai,temporal,baseline16,71,stuck_at,1.0,persistent,0.0
Chennai,temporal,baseline16,71,stuck_at,1.0,persistent,0.0
Chennai,temporal,baseline16,71,stuck_at,1.0,persistent,0.0
Chennai,temporal,baseline16,71,stuck_at,1.0,persistent,0.0
Chennai,temporal,baseline16,71,noise_burst,0.0,persistent,
Chennai,temporal,baseline16,71,noise_burst,1.0,persistent,0.0
Chennai,temporal,baseline16,71,noise_burst,1.0,persistent,5.0
Chennai,temporal,baseline16,71,noise_burst,1.0,persistent,0.0
Chennai,temporal,baseline16,71,noise_burst,1.0,persistent,1.0
Chennai,temporal,baseline16,71,noise_burst,1.0,persistent,0.0
Chennai,temporal,baseline16,71,intermittent_spikes,1.0,transient,0.0
Chennai,temporal,baseline16,71,intermittent_spikes,1.0,transient,5.0
Chennai,temporal,baseline16,71,intermittent_spikes,0.0,transient,
Chennai,temporal,baseline16,71,intermittent_spikes,0.0,transient,
Chennai,temporal,baseline16,71,intermittent_spikes,1.0,transient,0.0
Chennai,temporal,baseline16,71,intermittent_spikes,1.0,transient,0.0
Chennai,temporal,baseline16,71,drift_plus_noise,1.0,persistent,8.0
Chennai,temporal,baseline16,71,drift_plus_noise,1.0,persistent,10.0
Chennai,temporal,baseline16,71,drift_plus_noise,1.0,persistent,13.0
Chennai,temporal,baseline16,71,bias_plus_spikes,1.0,persistent,6.0
Chennai,temporal,baseline16,71,bias_plus_spikes,1.0,persistent,0.0
Chennai,temporal,baseline16,71,bias_plus_spikes,1.0,persistent,0.0
Chennai,station,baseline16,71,spike,0.0,transient,
Chennai,station,baseline16,71,spike,1.0,transient,0.0
Chennai,station,baseline16,71,spike,1.0,transient,0.0
Chennai,station,baseline16,71,spike,1.0,transient,0.0
Chennai,station,baseline16,71,spike,1.0,transient,0.0
Chennai,station,baseline16,71,spike,1.0,transient,0.0
Chennai,station,baseline16,71,spike,1.0,transient,0.0
Chennai,station,baseline16,71,spike,0.0,transient,
Chennai,station,baseline16,71,spike,1.0,transient,0.0
Chennai,station,baseline16,71,spike,1.0,transient,0.0
Chennai,station,baseline16,71,spike,0.0,transient,
Chennai,station,baseline16,71,spike,1.0,transient,0.0
Chennai,station,baseline16,71,spike,1.0,transient,0.0
Chennai,station,baseline16,71,spike,1.0,transient,0.0
Chennai,station,baseline16,71,spike,1.0,transient,0.0
Chennai,station,baseline16,71,spike,1.0,transient,0.0
Chennai,station,baseline16,71,spike,1.0,transient,0.0
Chennai,station,baseline16,71,spike,1.0,transient,0.0
Chennai,station,baseline16,71,spike,1.0,transient,0.0
Chennai,station,baseline16,71,spike,1.0,transient,0.0
Chennai,station,baseline16,71,spike,1.0,transient,1.0
Chennai,station,baseline16,71,spike,1.0,transient,0.0
Chennai,station,baseline16,71,spike,0.0,transient,
Chennai,station,baseline16,71,spike,1.0,transient,0.0
Chennai,station,baseline16,71,drift,1.0,persistent,10.0
Chennai,station,baseline16,71,drift,1.0,persistent,0.0
Chennai,station,baseline16,71,drift,0.0,persistent,
Chennai,station,baseline16,71,drift,1.0,persistent,13.0
Chennai,station,baseline16,71,drift,1.0,persistent,7.0
Chennai,station,baseline16,71,drift,1.0,persistent,6.0
Chennai,station,baseline16,71,bias,0.0,persistent,
Chennai,station,baseline16,71,bias,0.0,persistent,
Chennai,station,baseline16,71,bias,0.0,persistent,
Chennai,station,baseline16,71,bias,1.0,persistent,9.0
Chennai,station,baseline16,71,bias,1.0,persistent,5.0
Chennai,station,baseline16,71,bias,1.0,persistent,3.0
Chennai,station,baseline16,71,stuck_at,1.0,persistent,0.0
Chennai,station,baseline16,71,stuck_at,0.0,persistent,
Chennai,station,baseline16,71,stuck_at,1.0,persistent,0.0
Chennai,station,baseline16,71,stuck_at,1.0,persistent,0.0
Chennai,station,baseline16,71,stuck_at,1.0,persistent,0.0
Chennai,station,baseline16,71,stuck_at,1.0,persistent,0.0
Chennai,station,baseline16,71,noise_burst,0.0,persistent,
Chennai,station,baseline16,71,noise_burst,1.0,persistent,0.0
Chennai,station,baseline16,71,noise_burst,1.0,persistent,5.0
Chennai,station,baseline16,71,noise_burst,1.0,persistent,0.0
Chennai,station,baseline16,71,noise_burst,1.0,persistent,3.0
Chennai,station,baseline16,71,noise_burst,1.0,persistent,0.0
Chennai,station,baseline16,71,intermittent_spikes,1.0,transient,0.0
Chennai,station,baseline16,71,intermittent_spikes,1.0,transient,5.0
Chennai,station,baseline16,71,intermittent_spikes,0.0,transient,
Chennai,station,baseline16,71,intermittent_spikes,1.0,transient,0.0
Chennai,station,baseline16,71,intermittent_spikes,1.0,transient,0.0
Chennai,station,baseline16,71,intermittent_spikes,1.0,transient,0.0
Chennai,station,baseline16,71,drift_plus_noise,1.0,persistent,8.0
Chennai,station,baseline16,71,drift_plus_noise,1.0,persistent,10.0
Chennai,station,baseline16,71,drift_plus_noise,1.0,persistent,13.0
Chennai,station,baseline16,71,bias_plus_spikes,1.0,persistent,6.0
Chennai,station,baseline16,71,bias_plus_spikes,1.0,persistent,0.0
Chennai,station,baseline16,71,bias_plus_spikes,1.0,persistent,4.0
Chennai,in_domain,baseline16,82,spike,1.0,transient,0.0
Chennai,in_domain,baseline16,82,spike,0.0,transient,
Chennai,in_domain,baseline16,82,spike,1.0,transient,0.0
Chennai,in_domain,baseline16,82,spike,1.0,transient,0.0
Chennai,in_domain,baseline16,82,spike,1.0,transient,0.0
Chennai,in_domain,baseline16,82,spike,1.0,transient,0.0
Chennai,in_domain,baseline16,82,spike,1.0,transient,0.0
Chennai,in_domain,baseline16,82,spike,0.0,transient,
Chennai,in_domain,baseline16,82,spike,0.0,transient,
Chennai,in_domain,baseline16,82,spike,1.0,transient,0.0
Chennai,in_domain,baseline16,82,spike,1.0,transient,0.0
Chennai,in_domain,baseline16,82,spike,0.0,transient,
Chennai,in_domain,baseline16,82,spike,1.0,transient,0.0
Chennai,in_domain,baseline16,82,spike,1.0,transient,0.0
Chennai,in_domain,baseline16,82,spike,1.0,transient,0.0
Chennai,in_domain,baseline16,82,spike,1.0,transient,0.0
Chennai,in_domain,baseline16,82,spike,1.0,transient,0.0
Chennai,in_domain,baseline16,82,spike,1.0,transient,0.0
Chennai,in_domain,baseline16,82,spike,1.0,transient,0.0
Chennai,in_domain,baseline16,82,spike,0.0,transient,
Chennai,in_domain,baseline16,82,spike,1.0,transient,0.0
Chennai,in_domain,baseline16,82,spike,1.0,transient,1.0
Chennai,in_domain,baseline16,82,spike,1.0,transient,0.0
Chennai,in_domain,baseline16,82,spike,0.0,transient,
Chennai,in_domain,baseline16,82,drift,1.0,persistent,9.0
Chennai,in_domain,baseline16,82,drift,1.0,persistent,6.0
Chennai,in_domain,baseline16,82,drift,1.0,persistent,5.0
Chennai,in_domain,baseline16,82,drift,0.0,persistent,
Chennai,in_domain,baseline16,82,drift,0.0,persistent,
Chennai,in_domain,baseline16,82,drift,0.0,persistent,
Chennai,in_domain,baseline16,82,bias,0.0,persistent,
Chennai,in_domain,baseline16,82,bias,0.0,persistent,
Chennai,in_domain,baseline16,82,bias,1.0,persistent,0.0
Chennai,in_domain,baseline16,82,bias,1.0,persistent,3.0
Chennai,in_domain,baseline16,82,bias,0.0,persistent,
Chennai,in_domain,baseline16,82,bias,1.0,persistent,2.0
Chennai,in_domain,baseline16,82,stuck_at,1.0,persistent,0.0
Chennai,in_domain,baseline16,82,stuck_at,1.0,persistent,0.0
Chennai,in_domain,baseline16,82,stuck_at,0.0,persistent,
Chennai,in_domain,baseline16,82,stuck_at,1.0,persistent,0.0
Chennai,in_domain,baseline16,82,stuck_at,1.0,persistent,0.0
Chennai,in_domain,baseline16,82,stuck_at,1.0,persistent,0.0
Chennai,in_domain,baseline16,82,noise_burst,1.0,persistent,1.0
Chennai,in_domain,baseline16,82,noise_burst,1.0,persistent,2.0
Chennai,in_domain,baseline16,82,noise_burst,0.0,persistent,
Chennai,in_domain,baseline16,82,noise_burst,1.0,persistent,0.0
Chennai,in_domain,baseline16,82,noise_burst,1.0,persistent,0.0
Chennai,in_domain,baseline16,82,noise_burst,1.0,persistent,0.0
Chennai,in_domain,baseline16,82,intermittent_spikes,0.0,transient,
Chennai,in_domain,baseline16,82,intermittent_spikes,1.0,transient,0.0
Chennai,in_domain,baseline16,82,intermittent_spikes,1.0,transient,0.0
Chennai,in_domain,baseline16,82,intermittent_spikes,1.0,transient,0.0
Chennai,in_domain,baseline16,82,intermittent_spikes,1.0,transient,0.0
Chennai,in_domain,baseline16,82,intermittent_spikes,1.0,transient,0.0
Chennai,in_domain,baseline16,82,drift_plus_noise,1.0,persistent,8.0
Chennai,in_domain,baseline16,82,drift_plus_noise,1.0,persistent,3.0
Chennai,in_domain,baseline16,82,drift_plus_noise,0.0,persistent,
Chennai,in_domain,baseline16,82,bias_plus_spikes,1.0,persistent,0.0
Chennai,in_domain,baseline16,82,bias_plus_spikes,1.0,persistent,0.0
Chennai,in_domain,baseline16,82,bias_plus_spikes,1.0,persistent,6.0
Chennai,temporal,baseline16,82,spike,1.0,transient,0.0
Chennai,temporal,baseline16,82,spike,0.0,transient,
Chennai,temporal,baseline16,82,spike,1.0,transient,0.0
Chennai,temporal,baseline16,82,spike,1.0,transient,0.0
Chennai,temporal,baseline16,82,spike,1.0,transient,0.0
Chennai,temporal,baseline16,82,spike,0.0,transient,
Chennai,temporal,baseline16,82,spike,0.0,transient,
Chennai,temporal,baseline16,82,spike,0.0,transient,
Chennai,temporal,baseline16,82,spike,0.0,transient,
Chennai,temporal,baseline16,82,spike,0.0,transient,
Chennai,temporal,baseline16,82,spike,1.0,transient,0.0
Chennai,temporal,baseline16,82,spike,1.0,transient,0.0
Chennai,temporal,baseline16,82,spike,1.0,transient,0.0
Chennai,temporal,baseline16,82,spike,1.0,transient,0.0
Chennai,temporal,baseline16,82,spike,0.0,transient,
Chennai,temporal,baseline16,82,spike,1.0,transient,0.0
Chennai,temporal,baseline16,82,spike,1.0,transient,0.0
Chennai,temporal,baseline16,82,spike,1.0,transient,0.0
Chennai,temporal,baseline16,82,spike,1.0,transient,0.0
Chennai,temporal,baseline16,82,spike,1.0,transient,0.0
Chennai,temporal,baseline16,82,spike,1.0,transient,0.0
Chennai,temporal,baseline16,82,spike,1.0,transient,0.0
Chennai,temporal,baseline16,82,spike,1.0,transient,0.0
Chennai,temporal,baseline16,82,spike,0.0,transient,
Chennai,temporal,baseline16,82,drift,0.0,persistent,
Chennai,temporal,baseline16,82,drift,1.0,persistent,8.0
Chennai,temporal,baseline16,82,drift,1.0,persistent,8.0
Chennai,temporal,baseline16,82,drift,1.0,persistent,2.0
Chennai,temporal,baseline16,82,drift,1.0,persistent,2.0
Chennai,temporal,baseline16,82,drift,0.0,persistent,
Chennai,temporal,baseline16,82,bias,0.0,persistent,
Chennai,temporal,baseline16,82,bias,1.0,persistent,10.0
Chennai,temporal,baseline16,82,bias,0.0,persistent,
Chennai,temporal,baseline16,82,bias,1.0,persistent,10.0
Chennai,temporal,baseline16,82,bias,1.0,persistent,2.0
Chennai,temporal,baseline16,82,bias,0.0,persistent,
Chennai,temporal,baseline16,82,stuck_at,1.0,persistent,0.0
Chennai,temporal,baseline16,82,stuck_at,1.0,persistent,0.0
Chennai,temporal,baseline16,82,stuck_at,0.0,persistent,
Chennai,temporal,baseline16,82,stuck_at,1.0,persistent,0.0
Chennai,temporal,baseline16,82,stuck_at,1.0,persistent,0.0
Chennai,temporal,baseline16,82,stuck_at,1.0,persistent,0.0
Chennai,temporal,baseline16,82,noise_burst,0.0,persistent,
Chennai,temporal,baseline16,82,noise_burst,0.0,persistent,
Chennai,temporal,baseline16,82,noise_burst,1.0,persistent,4.0
Chennai,temporal,baseline16,82,noise_burst,1.0,persistent,0.0
Chennai,temporal,baseline16,82,noise_burst,1.0,persistent,0.0
Chennai,temporal,baseline16,82,noise_burst,1.0,persistent,0.0
Chennai,temporal,baseline16,82,intermittent_spikes,1.0,transient,0.0
Chennai,temporal,baseline16,82,intermittent_spikes,1.0,transient,0.0
Chennai,temporal,baseline16,82,intermittent_spikes,1.0,transient,0.0
Chennai,temporal,baseline16,82,intermittent_spikes,1.0,transient,0.0
Chennai,temporal,baseline16,82,intermittent_spikes,1.0,transient,0.0
Chennai,temporal,baseline16,82,intermittent_spikes,1.0,transient,0.0
Chennai,temporal,baseline16,82,drift_plus_noise,1.0,persistent,4.0
Chennai,temporal,baseline16,82,drift_plus_noise,1.0,persistent,1.0
Chennai,temporal,baseline16,82,drift_plus_noise,0.0,persistent,
Chennai,temporal,baseline16,82,bias_plus_spikes,1.0,persistent,4.0
Chennai,temporal,baseline16,82,bias_plus_spikes,1.0,persistent,0.0
Chennai,temporal,baseline16,82,bias_plus_spikes,1.0,persistent,0.0
Chennai,station,baseline16,82,spike,1.0,transient,0.0
Chennai,station,baseline16,82,spike,0.0,transient,
Chennai,station,baseline16,82,spike,1.0,transient,0.0
Chennai,station,baseline16,82,spike,1.0,transient,0.0
Chennai,station,baseline16,82,spike,0.0,transient,
Chennai,station,baseline16,82,spike,1.0,transient,0.0
Chennai,station,baseline16,82,spike,0.0,transient,
Chennai,station,baseline16,82,spike,0.0,transient,
Chennai,station,baseline16,82,spike,0.0,transient,
Chennai,station,baseline16,82,spike,0.0,transient,
Chennai,station,baseline16,82,spike,1.0,transient,0.0
Chennai,station,baseline16,82,spike,1.0,transient,0.0
Chennai,station,baseline16,82,spike,1.0,transient,0.0
Chennai,station,baseline16,82,spike,1.0,transient,0.0
Chennai,station,baseline16,82,spike,0.0,transient,
Chennai,station,baseline16,82,spike,1.0,transient,0.0
Chennai,station,baseline16,82,spike,1.0,transient,0.0
Chennai,station,baseline16,82,spike,1.0,transient,0.0
Chennai,station,baseline16,82,spike,1.0,transient,0.0
Chennai,station,baseline16,82,spike,1.0,transient,0.0
Chennai,station,baseline16,82,spike,1.0,transient,0.0
Chennai,station,baseline16,82,spike,1.0,transient,0.0
Chennai,station,baseline16,82,spike,1.0,transient,0.0
Chennai,station,baseline16,82,spike,0.0,transient,
Chennai,station,baseline16,82,drift,0.0,persistent,
Chennai,station,baseline16,82,drift,1.0,persistent,4.0
Chennai,station,baseline16,82,drift,1.0,persistent,8.0
Chennai,station,baseline16,82,drift,1.0,persistent,2.0
Chennai,station,baseline16,82,drift,1.0,persistent,12.0
Chennai,station,baseline16,82,drift,0.0,persistent,
Chennai,station,baseline16,82,bias,0.0,persistent,
Chennai,station,baseline16,82,bias,0.0,persistent,
Chennai,station,baseline16,82,bias,0.0,persistent,
Chennai,station,baseline16,82,bias,1.0,persistent,5.0
Chennai,station,baseline16,82,bias,1.0,persistent,2.0
Chennai,station,baseline16,82,bias,0.0,persistent,
Chennai,station,baseline16,82,stuck_at,1.0,persistent,0.0
Chennai,station,baseline16,82,stuck_at,1.0,persistent,0.0
Chennai,station,baseline16,82,stuck_at,0.0,persistent,
Chennai,station,baseline16,82,stuck_at,1.0,persistent,0.0
Chennai,station,baseline16,82,stuck_at,1.0,persistent,0.0
Chennai,station,baseline16,82,stuck_at,1.0,persistent,0.0
Chennai,station,baseline16,82,noise_burst,0.0,persistent,
Chennai,station,baseline16,82,noise_burst,0.0,persistent,
Chennai,station,baseline16,82,noise_burst,1.0,persistent,4.0
Chennai,station,baseline16,82,noise_burst,1.0,persistent,0.0
Chennai,station,baseline16,82,noise_burst,1.0,persistent,0.0
Chennai,station,baseline16,82,noise_burst,1.0,persistent,0.0
Chennai,station,baseline16,82,intermittent_spikes,1.0,transient,0.0
Chennai,station,baseline16,82,intermittent_spikes,1.0,transient,0.0
Chennai,station,baseline16,82,intermittent_spikes,1.0,transient,0.0
Chennai,station,baseline16,82,intermittent_spikes,1.0,transient,0.0
Chennai,station,baseline16,82,intermittent_spikes,1.0,transient,0.0
Chennai,station,baseline16,82,intermittent_spikes,1.0,transient,0.0
Chennai,station,baseline16,82,drift_plus_noise,1.0,persistent,3.0
Chennai,station,baseline16,82,drift_plus_noise,1.0,persistent,1.0
Chennai,station,baseline16,82,drift_plus_noise,0.0,persistent,
Chennai,station,baseline16,82,bias_plus_spikes,1.0,persistent,0.0
Chennai,station,baseline16,82,bias_plus_spikes,1.0,persistent,0.0
Chennai,station,baseline16,82,bias_plus_spikes,1.0,persistent,0.0
Chennai,in_domain,baseline16,93,spike,1.0,transient,0.0
Chennai,in_domain,baseline16,93,spike,1.0,transient,0.0
Chennai,in_domain,baseline16,93,spike,1.0,transient,0.0
Chennai,in_domain,baseline16,93,spike,1.0,transient,0.0
Chennai,in_domain,baseline16,93,spike,1.0,transient,0.0
Chennai,in_domain,baseline16,93,spike,1.0,transient,0.0
Chennai,in_domain,baseline16,93,spike,0.0,transient,
Chennai,in_domain,baseline16,93,spike,1.0,transient,0.0
Chennai,in_domain,baseline16,93,spike,0.0,transient,
Chennai,in_domain,baseline16,93,spike,1.0,transient,0.0
Chennai,in_domain,baseline16,93,spike,1.0,transient,0.0
Chennai,in_domain,baseline16,93,spike,0.0,transient,
Chennai,in_domain,baseline16,93,spike,1.0,transient,0.0
Chennai,in_domain,baseline16,93,spike,1.0,transient,0.0
Chennai,in_domain,baseline16,93,spike,1.0,transient,0.0
Chennai,in_domain,baseline16,93,spike,1.0,transient,0.0
Chennai,in_domain,baseline16,93,spike,1.0,transient,0.0
Chennai,in_domain,baseline16,93,spike,0.0,transient,
Chennai,in_domain,baseline16,93,spike,1.0,transient,0.0
Chennai,in_domain,baseline16,93,spike,1.0,transient,0.0
Chennai,in_domain,baseline16,93,spike,1.0,transient,0.0
Chennai,in_domain,baseline16,93,spike,1.0,transient,0.0
Chennai,in_domain,baseline16,93,spike,1.0,transient,0.0
Chennai,in_domain,baseline16,93,spike,1.0,transient,0.0
Chennai,in_domain,baseline16,93,drift,0.0,persistent,
Chennai,in_domain,baseline16,93,drift,1.0,persistent,7.0
Chennai,in_domain,baseline16,93,drift,0.0,persistent,
Chennai,in_domain,baseline16,93,drift,1.0,persistent,0.0
Chennai,in_domain,baseline16,93,drift,1.0,persistent,15.0
Chennai,in_domain,baseline16,93,drift,0.0,persistent,
Chennai,in_domain,baseline16,93,bias,0.0,persistent,
Chennai,in_domain,baseline16,93,bias,1.0,persistent,0.0
Chennai,in_domain,baseline16,93,bias,0.0,persistent,
Chennai,in_domain,baseline16,93,bias,0.0,persistent,
Chennai,in_domain,baseline16,93,bias,1.0,persistent,4.0
Chennai,in_domain,baseline16,93,bias,0.0,persistent,
Chennai,in_domain,baseline16,93,stuck_at,1.0,persistent,0.0
Chennai,in_domain,baseline16,93,stuck_at,1.0,persistent,0.0
Chennai,in_domain,baseline16,93,stuck_at,1.0,persistent,0.0
Chennai,in_domain,baseline16,93,stuck_at,1.0,persistent,0.0
Chennai,in_domain,baseline16,93,stuck_at,1.0,persistent,0.0
Chennai,in_domain,baseline16,93,stuck_at,1.0,persistent,0.0
Chennai,in_domain,baseline16,93,noise_burst,0.0,persistent,
Chennai,in_domain,baseline16,93,noise_burst,1.0,persistent,7.0
Chennai,in_domain,baseline16,93,noise_burst,1.0,persistent,1.0
Chennai,in_domain,baseline16,93,noise_burst,1.0,persistent,4.0
Chennai,in_domain,baseline16,93,noise_burst,0.0,persistent,
Chennai,in_domain,baseline16,93,noise_burst,1.0,persistent,1.0
Chennai,in_domain,baseline16,93,intermittent_spikes,1.0,transient,0.0
Chennai,in_domain,baseline16,93,intermittent_spikes,1.0,transient,0.0
Chennai,in_domain,baseline16,93,intermittent_spikes,1.0,transient,0.0
Chennai,in_domain,baseline16,93,intermittent_spikes,1.0,transient,0.0
Chennai,in_domain,baseline16,93,intermittent_spikes,1.0,transient,0.0
Chennai,in_domain,baseline16,93,intermittent_spikes,1.0,transient,0.0
Chennai,in_domain,baseline16,93,drift_plus_noise,1.0,persistent,2.0
Chennai,in_domain,baseline16,93,drift_plus_noise,1.0,persistent,0.0
Chennai,in_domain,baseline16,93,drift_plus_noise,1.0,persistent,8.0
Chennai,in_domain,baseline16,93,bias_plus_spikes,1.0,persistent,0.0
Chennai,in_domain,baseline16,93,bias_plus_spikes,1.0,persistent,0.0
Chennai,in_domain,baseline16,93,bias_plus_spikes,1.0,persistent,0.0
Chennai,temporal,baseline16,93,spike,0.0,transient,
Chennai,temporal,baseline16,93,spike,1.0,transient,0.0
Chennai,temporal,baseline16,93,spike,1.0,transient,0.0
Chennai,temporal,baseline16,93,spike,0.0,transient,
Chennai,temporal,baseline16,93,spike,1.0,transient,0.0
Chennai,temporal,baseline16,93,spike,1.0,transient,0.0
Chennai,temporal,baseline16,93,spike,0.0,transient,
Chennai,temporal,baseline16,93,spike,0.0,transient,
Chennai,temporal,baseline16,93,spike,0.0,transient,
Chennai,temporal,baseline16,93,spike,1.0,transient,0.0
Chennai,temporal,baseline16,93,spike,1.0,transient,0.0
Chennai,temporal,baseline16,93,spike,0.0,transient,
Chennai,temporal,baseline16,93,spike,1.0,transient,0.0
Chennai,temporal,baseline16,93,spike,0.0,transient,
Chennai,temporal,baseline16,93,spike,1.0,transient,0.0
Chennai,temporal,baseline16,93,spike,1.0,transient,0.0
Chennai,temporal,baseline16,93,spike,1.0,transient,0.0
Chennai,temporal,baseline16,93,spike,0.0,transient,
Chennai,temporal,baseline16,93,spike,1.0,transient,0.0
Chennai,temporal,baseline16,93,spike,1.0,transient,0.0
Chennai,temporal,baseline16,93,spike,1.0,transient,0.0
Chennai,temporal,baseline16,93,spike,1.0,transient,0.0
Chennai,temporal,baseline16,93,spike,1.0,transient,0.0
Chennai,temporal,baseline16,93,spike,0.0,transient,
Chennai,temporal,baseline16,93,drift,1.0,persistent,12.0
Chennai,temporal,baseline16,93,drift,1.0,persistent,6.0
Chennai,temporal,baseline16,93,drift,0.0,persistent,
Chennai,temporal,baseline16,93,drift,1.0,persistent,0.0
Chennai,temporal,baseline16,93,drift,0.0,persistent,
Chennai,temporal,baseline16,93,drift,1.0,persistent,0.0
Chennai,temporal,baseline16,93,bias,1.0,persistent,3.0
Chennai,temporal,baseline16,93,bias,0.0,persistent,
Chennai,temporal,baseline16,93,bias,0.0,persistent,
Chennai,temporal,baseline16,93,bias,0.0,persistent,
Chennai,temporal,baseline16,93,bias,0.0,persistent,
Chennai,temporal,baseline16,93,bias,1.0,persistent,2.0
Chennai,temporal,baseline16,93,stuck_at,1.0,persistent,0.0
Chennai,temporal,baseline16,93,stuck_at,1.0,persistent,0.0
Chennai,temporal,baseline16,93,stuck_at,1.0,persistent,0.0
Chennai,temporal,baseline16,93,stuck_at,1.0,persistent,0.0
Chennai,temporal,baseline16,93,stuck_at,1.0,persistent,0.0
Chennai,temporal,baseline16,93,stuck_at,1.0,persistent,0.0
Chennai,temporal,baseline16,93,noise_burst,0.0,persistent,
Chennai,temporal,baseline16,93,noise_burst,1.0,persistent,6.0
Chennai,temporal,baseline16,93,noise_burst,0.0,persistent,
Chennai,temporal,baseline16,93,noise_burst,1.0,persistent,3.0
Chennai,temporal,baseline16,93,noise_burst,1.0,persistent,4.0
Chennai,temporal,baseline16,93,noise_burst,1.0,persistent,1.0
Chennai,temporal,baseline16,93,intermittent_spikes,0.0,transient,
Chennai,temporal,baseline16,93,intermittent_spikes,1.0,transient,0.0
Chennai,temporal,baseline16,93,intermittent_spikes,1.0,transient,0.0
Chennai,temporal,baseline16,93,intermittent_spikes,1.0,transient,2.0
Chennai,temporal,baseline16,93,intermittent_spikes,1.0,transient,0.0
Chennai,temporal,baseline16,93,intermittent_spikes,1.0,transient,13.0
Chennai,temporal,baseline16,93,drift_plus_noise,1.0,persistent,10.0
Chennai,temporal,baseline16,93,drift_plus_noise,0.0,persistent,
Chennai,temporal,baseline16,93,drift_plus_noise,1.0,persistent,13.0
Chennai,temporal,baseline16,93,bias_plus_spikes,1.0,persistent,0.0
Chennai,temporal,baseline16,93,bias_plus_spikes,1.0,persistent,1.0
Chennai,temporal,baseline16,93,bias_plus_spikes,1.0,persistent,0.0
Chennai,station,baseline16,93,spike,1.0,transient,0.0
Chennai,station,baseline16,93,spike,1.0,transient,0.0
Chennai,station,baseline16,93,spike,1.0,transient,0.0
Chennai,station,baseline16,93,spike,0.0,transient,
Chennai,station,baseline16,93,spike,1.0,transient,0.0
Chennai,station,baseline16,93,spike,1.0,transient,0.0
Chennai,station,baseline16,93,spike,0.0,transient,
Chennai,station,baseline16,93,spike,0.0,transient,
Chennai,station,baseline16,93,spike,0.0,transient,
Chennai,station,baseline16,93,spike,1.0,transient,0.0
Chennai,station,baseline16,93,spike,1.0,transient,0.0
Chennai,station,baseline16,93,spike,0.0,transient,
Chennai,station,baseline16,93,spike,1.0,transient,0.0
Chennai,station,baseline16,93,spike,0.0,transient,
Chennai,station,baseline16,93,spike,1.0,transient,0.0
Chennai,station,baseline16,93,spike,1.0,transient,0.0
Chennai,station,baseline16,93,spike,1.0,transient,0.0
Chennai,station,baseline16,93,spike,1.0,transient,0.0
Chennai,station,baseline16,93,spike,1.0,transient,0.0
Chennai,station,baseline16,93,spike,1.0,transient,0.0
Chennai,station,baseline16,93,spike,1.0,transient,0.0
Chennai,station,baseline16,93,spike,1.0,transient,0.0
Chennai,station,baseline16,93,spike,1.0,transient,0.0
Chennai,station,baseline16,93,spike,0.0,transient,
Chennai,station,baseline16,93,drift,0.0,persistent,
Chennai,station,baseline16,93,drift,1.0,persistent,6.0
Chennai,station,baseline16,93,drift,0.0,persistent,
Chennai,station,baseline16,93,drift,0.0,persistent,
Chennai,station,baseline16,93,drift,0.0,persistent,
Chennai,station,baseline16,93,drift,1.0,persistent,5.0
Chennai,station,baseline16,93,bias,1.0,persistent,3.0
Chennai,station,baseline16,93,bias,0.0,persistent,
Chennai,station,baseline16,93,bias,0.0,persistent,
Chennai,station,baseline16,93,bias,0.0,persistent,
Chennai,station,baseline16,93,bias,0.0,persistent,
Chennai,station,baseline16,93,bias,1.0,persistent,2.0
Chennai,station,baseline16,93,stuck_at,1.0,persistent,0.0
Chennai,station,baseline16,93,stuck_at,1.0,persistent,0.0
Chennai,station,baseline16,93,stuck_at,1.0,persistent,0.0
Chennai,station,baseline16,93,stuck_at,1.0,persistent,0.0
Chennai,station,baseline16,93,stuck_at,1.0,persistent,0.0
Chennai,station,baseline16,93,stuck_at,1.0,persistent,0.0
Chennai,station,baseline16,93,noise_burst,0.0,persistent,
Chennai,station,baseline16,93,noise_burst,1.0,persistent,6.0
Chennai,station,baseline16,93,noise_burst,0.0,persistent,
Chennai,station,baseline16,93,noise_burst,1.0,persistent,3.0
Chennai,station,baseline16,93,noise_burst,1.0,persistent,4.0
Chennai,station,baseline16,93,noise_burst,1.0,persistent,1.0
Chennai,station,baseline16,93,intermittent_spikes,1.0,transient,0.0
Chennai,station,baseline16,93,intermittent_spikes,1.0,transient,0.0
Chennai,station,baseline16,93,intermittent_spikes,1.0,transient,0.0
Chennai,station,baseline16,93,intermittent_spikes,1.0,transient,2.0
Chennai,station,baseline16,93,intermittent_spikes,1.0,transient,0.0
Chennai,station,baseline16,93,intermittent_spikes,1.0,transient,13.0
Chennai,station,baseline16,93,drift_plus_noise,1.0,persistent,12.0
Chennai,station,baseline16,93,drift_plus_noise,0.0,persistent,
Chennai,station,baseline16,93,drift_plus_noise,0.0,persistent,
Chennai,station,baseline16,93,bias_plus_spikes,1.0,persistent,0.0
Chennai,station,baseline16,93,bias_plus_spikes,1.0,persistent,1.0
Chennai,station,baseline16,93,bias_plus_spikes,1.0,persistent,0.0
Chennai,in_domain,dual18,71,spike,1.0,transient,0.0
Chennai,in_domain,dual18,71,spike,1.0,transient,0.0
Chennai,in_domain,dual18,71,spike,1.0,transient,0.0
Chennai,in_domain,dual18,71,spike,1.0,transient,0.0
Chennai,in_domain,dual18,71,spike,1.0,transient,0.0
Chennai,in_domain,dual18,71,spike,1.0,transient,0.0
Chennai,in_domain,dual18,71,spike,1.0,transient,0.0
Chennai,in_domain,dual18,71,spike,1.0,transient,0.0
Chennai,in_domain,dual18,71,spike,0.0,transient,
Chennai,in_domain,dual18,71,spike,1.0,transient,0.0
Chennai,in_domain,dual18,71,spike,1.0,transient,0.0
Chennai,in_domain,dual18,71,spike,1.0,transient,0.0
Chennai,in_domain,dual18,71,spike,0.0,transient,
Chennai,in_domain,dual18,71,spike,1.0,transient,0.0
Chennai,in_domain,dual18,71,spike,1.0,transient,0.0
Chennai,in_domain,dual18,71,spike,1.0,transient,0.0
Chennai,in_domain,dual18,71,spike,1.0,transient,0.0
Chennai,in_domain,dual18,71,spike,1.0,transient,0.0
Chennai,in_domain,dual18,71,spike,1.0,transient,0.0
Chennai,in_domain,dual18,71,spike,1.0,transient,0.0
Chennai,in_domain,dual18,71,spike,1.0,transient,0.0
Chennai,in_domain,dual18,71,spike,1.0,transient,0.0
Chennai,in_domain,dual18,71,spike,0.0,transient,
Chennai,in_domain,dual18,71,spike,1.0,transient,0.0
Chennai,in_domain,dual18,71,drift,1.0,persistent,8.0
Chennai,in_domain,dual18,71,drift,0.0,persistent,
Chennai,in_domain,dual18,71,drift,1.0,persistent,11.0
Chennai,in_domain,dual18,71,drift,1.0,persistent,13.0
Chennai,in_domain,dual18,71,drift,1.0,persistent,11.0
Chennai,in_domain,dual18,71,drift,1.0,persistent,9.0
Chennai,in_domain,dual18,71,bias,0.0,persistent,
Chennai,in_domain,dual18,71,bias,0.0,persistent,
Chennai,in_domain,dual18,71,bias,0.0,persistent,
Chennai,in_domain,dual18,71,bias,0.0,persistent,
Chennai,in_domain,dual18,71,bias,0.0,persistent,
Chennai,in_domain,dual18,71,bias,1.0,persistent,1.0
Chennai,in_domain,dual18,71,stuck_at,1.0,persistent,0.0
Chennai,in_domain,dual18,71,stuck_at,0.0,persistent,
Chennai,in_domain,dual18,71,stuck_at,1.0,persistent,0.0
Chennai,in_domain,dual18,71,stuck_at,1.0,persistent,0.0
Chennai,in_domain,dual18,71,stuck_at,1.0,persistent,0.0
Chennai,in_domain,dual18,71,stuck_at,1.0,persistent,0.0
Chennai,in_domain,dual18,71,noise_burst,1.0,persistent,3.0
Chennai,in_domain,dual18,71,noise_burst,1.0,persistent,6.0
Chennai,in_domain,dual18,71,noise_burst,0.0,persistent,
Chennai,in_domain,dual18,71,noise_burst,1.0,persistent,0.0
Chennai,in_domain,dual18,71,noise_burst,1.0,persistent,0.0
Chennai,in_domain,dual18,71,noise_burst,1.0,persistent,1.0
Chennai,in_domain,dual18,71,intermittent_spikes,1.0,transient,0.0
Chennai,in_domain,dual18,71,intermittent_spikes,1.0,transient,0.0
Chennai,in_domain,dual18,71,intermittent_spikes,1.0,transient,0.0
Chennai,in_domain,dual18,71,intermittent_spikes,1.0,transient,0.0
Chennai,in_domain,dual18,71,intermittent_spikes,1.0,transient,0.0
Chennai,in_domain,dual18,71,intermittent_spikes,1.0,transient,0.0
Chennai,in_domain,dual18,71,drift_plus_noise,1.0,persistent,6.0
Chennai,in_domain,dual18,71,drift_plus_noise,0.0,persistent,
Chennai,in_domain,dual18,71,drift_plus_noise,1.0,persistent,3.0
Chennai,in_domain,dual18,71,bias_plus_spikes,1.0,persistent,0.0
Chennai,in_domain,dual18,71,bias_plus_spikes,1.0,persistent,7.0
Chennai,in_domain,dual18,71,bias_plus_spikes,1.0,persistent,1.0
Chennai,temporal,dual18,71,spike,0.0,transient,
Chennai,temporal,dual18,71,spike,1.0,transient,0.0
Chennai,temporal,dual18,71,spike,1.0,transient,0.0
Chennai,temporal,dual18,71,spike,0.0,transient,
Chennai,temporal,dual18,71,spike,0.0,transient,
Chennai,temporal,dual18,71,spike,1.0,transient,0.0
Chennai,temporal,dual18,71,spike,0.0,transient,
Chennai,temporal,dual18,71,spike,0.0,transient,
Chennai,temporal,dual18,71,spike,1.0,transient,0.0
Chennai,temporal,dual18,71,spike,1.0,transient,0.0
Chennai,temporal,dual18,71,spike,1.0,transient,0.0
Chennai,temporal,dual18,71,spike,1.0,transient,0.0
Chennai,temporal,dual18,71,spike,0.0,transient,
Chennai,temporal,dual18,71,spike,1.0,transient,0.0
Chennai,temporal,dual18,71,spike,1.0,transient,0.0
Chennai,temporal,dual18,71,spike,1.0,transient,0.0
Chennai,temporal,dual18,71,spike,1.0,transient,0.0
Chennai,temporal,dual18,71,spike,1.0,transient,0.0
Chennai,temporal,dual18,71,spike,1.0,transient,0.0
Chennai,temporal,dual18,71,spike,1.0,transient,0.0
Chennai,temporal,dual18,71,spike,1.0,transient,0.0
Chennai,temporal,dual18,71,spike,1.0,transient,0.0
Chennai,temporal,dual18,71,spike,0.0,transient,
Chennai,temporal,dual18,71,spike,1.0,transient,0.0
Chennai,temporal,dual18,71,drift,1.0,persistent,9.0
Chennai,temporal,dual18,71,drift,1.0,persistent,0.0
Chennai,temporal,dual18,71,drift,1.0,persistent,7.0
Chennai,temporal,dual18,71,drift,1.0,persistent,11.0
Chennai,temporal,dual18,71,drift,1.0,persistent,5.0
Chennai,temporal,dual18,71,drift,1.0,persistent,6.0
Chennai,temporal,dual18,71,bias,0.0,persistent,
Chennai,temporal,dual18,71,bias,0.0,persistent,
Chennai,temporal,dual18,71,bias,0.0,persistent,
Chennai,temporal,dual18,71,bias,1.0,persistent,0.0
Chennai,temporal,dual18,71,bias,1.0,persistent,1.0
Chennai,temporal,dual18,71,bias,1.0,persistent,2.0
Chennai,temporal,dual18,71,stuck_at,1.0,persistent,0.0
Chennai,temporal,dual18,71,stuck_at,0.0,persistent,
Chennai,temporal,dual18,71,stuck_at,1.0,persistent,0.0
Chennai,temporal,dual18,71,stuck_at,1.0,persistent,0.0
Chennai,temporal,dual18,71,stuck_at,1.0,persistent,0.0
Chennai,temporal,dual18,71,stuck_at,1.0,persistent,0.0
Chennai,temporal,dual18,71,noise_burst,0.0,persistent,
Chennai,temporal,dual18,71,noise_burst,1.0,persistent,0.0
Chennai,temporal,dual18,71,noise_burst,1.0,persistent,5.0
Chennai,temporal,dual18,71,noise_burst,1.0,persistent,0.0
Chennai,temporal,dual18,71,noise_burst,0.0,persistent,
Chennai,temporal,dual18,71,noise_burst,1.0,persistent,0.0
Chennai,temporal,dual18,71,intermittent_spikes,1.0,transient,0.0
Chennai,temporal,dual18,71,intermittent_spikes,1.0,transient,5.0
Chennai,temporal,dual18,71,intermittent_spikes,0.0,transient,
Chennai,temporal,dual18,71,intermittent_spikes,1.0,transient,2.0
Chennai,temporal,dual18,71,intermittent_spikes,1.0,transient,0.0
Chennai,temporal,dual18,71,intermittent_spikes,1.0,transient,0.0
Chennai,temporal,dual18,71,drift_plus_noise,1.0,persistent,7.0
Chennai,temporal,dual18,71,drift_plus_noise,1.0,persistent,10.0
Chennai,temporal,dual18,71,drift_plus_noise,1.0,persistent,10.0
Chennai,temporal,dual18,71,bias_plus_spikes,1.0,persistent,0.0
Chennai,temporal,dual18,71,bias_plus_spikes,1.0,persistent,0.0
Chennai,temporal,dual18,71,bias_plus_spikes,1.0,persistent,4.0
Chennai,station,dual18,71,spike,0.0,transient,
Chennai,station,dual18,71,spike,1.0,transient,0.0
Chennai,station,dual18,71,spike,1.0,transient,0.0
Chennai,station,dual18,71,spike,1.0,transient,0.0
Chennai,station,dual18,71,spike,0.0,transient,
Chennai,station,dual18,71,spike,1.0,transient,0.0
Chennai,station,dual18,71,spike,0.0,transient,
Chennai,station,dual18,71,spike,0.0,transient,
Chennai,station,dual18,71,spike,1.0,transient,0.0
Chennai,station,dual18,71,spike,1.0,transient,0.0
Chennai,station,dual18,71,spike,1.0,transient,0.0
Chennai,station,dual18,71,spike,1.0,transient,0.0
Chennai,station,dual18,71,spike,1.0,transient,0.0
Chennai,station,dual18,71,spike,1.0,transient,0.0
Chennai,station,dual18,71,spike,1.0,transient,0.0
Chennai,station,dual18,71,spike,1.0,transient,0.0
Chennai,station,dual18,71,spike,1.0,transient,0.0
Chennai,station,dual18,71,spike,1.0,transient,0.0
Chennai,station,dual18,71,spike,1.0,transient,0.0
Chennai,station,dual18,71,spike,1.0,transient,0.0
Chennai,station,dual18,71,spike,1.0,transient,0.0
Chennai,station,dual18,71,spike,1.0,transient,0.0
Chennai,station,dual18,71,spike,0.0,transient,
Chennai,station,dual18,71,spike,1.0,transient,0.0
Chennai,station,dual18,71,drift,1.0,persistent,11.0
Chennai,station,dual18,71,drift,1.0,persistent,0.0
Chennai,station,dual18,71,drift,1.0,persistent,7.0
Chennai,station,dual18,71,drift,1.0,persistent,11.0
Chennai,station,dual18,71,drift,1.0,persistent,6.0
Chennai,station,dual18,71,drift,1.0,persistent,4.0
Chennai,station,dual18,71,bias,0.0,persistent,
Chennai,station,dual18,71,bias,0.0,persistent,
Chennai,station,dual18,71,bias,0.0,persistent,
Chennai,station,dual18,71,bias,1.0,persistent,9.0
Chennai,station,dual18,71,bias,1.0,persistent,2.0
Chennai,station,dual18,71,bias,1.0,persistent,1.0
Chennai,station,dual18,71,stuck_at,1.0,persistent,0.0
Chennai,station,dual18,71,stuck_at,0.0,persistent,
Chennai,station,dual18,71,stuck_at,1.0,persistent,0.0
Chennai,station,dual18,71,stuck_at,1.0,persistent,0.0
Chennai,station,dual18,71,stuck_at,1.0,persistent,0.0
Chennai,station,dual18,71,stuck_at,1.0,persistent,0.0
Chennai,station,dual18,71,noise_burst,0.0,persistent,
Chennai,station,dual18,71,noise_burst,1.0,persistent,0.0
Chennai,station,dual18,71,noise_burst,1.0,persistent,5.0
Chennai,station,dual18,71,noise_burst,1.0,persistent,0.0
Chennai,station,dual18,71,noise_burst,0.0,persistent,
Chennai,station,dual18,71,noise_burst,1.0,persistent,0.0
Chennai,station,dual18,71,intermittent_spikes,1.0,transient,0.0
Chennai,station,dual18,71,intermittent_spikes,1.0,transient,0.0
Chennai,station,dual18,71,intermittent_spikes,1.0,transient,6.0
Chennai,station,dual18,71,intermittent_spikes,1.0,transient,2.0
Chennai,station,dual18,71,intermittent_spikes,1.0,transient,0.0
Chennai,station,dual18,71,intermittent_spikes,1.0,transient,0.0
Chennai,station,dual18,71,drift_plus_noise,1.0,persistent,8.0
Chennai,station,dual18,71,drift_plus_noise,1.0,persistent,12.0
Chennai,station,dual18,71,drift_plus_noise,1.0,persistent,13.0
Chennai,station,dual18,71,bias_plus_spikes,1.0,persistent,6.0
Chennai,station,dual18,71,bias_plus_spikes,1.0,persistent,0.0
Chennai,station,dual18,71,bias_plus_spikes,1.0,persistent,0.0
Chennai,in_domain,dual18,82,spike,1.0,transient,0.0
Chennai,in_domain,dual18,82,spike,1.0,transient,0.0
Chennai,in_domain,dual18,82,spike,1.0,transient,0.0
Chennai,in_domain,dual18,82,spike,1.0,transient,0.0
Chennai,in_domain,dual18,82,spike,1.0,transient,0.0
Chennai,in_domain,dual18,82,spike,1.0,transient,0.0
Chennai,in_domain,dual18,82,spike,1.0,transient,0.0
Chennai,in_domain,dual18,82,spike,0.0,transient,
Chennai,in_domain,dual18,82,spike,0.0,transient,
Chennai,in_domain,dual18,82,spike,1.0,transient,0.0
Chennai,in_domain,dual18,82,spike,1.0,transient,0.0
Chennai,in_domain,dual18,82,spike,1.0,transient,0.0
Chennai,in_domain,dual18,82,spike,1.0,transient,0.0
Chennai,in_domain,dual18,82,spike,1.0,transient,0.0
Chennai,in_domain,dual18,82,spike,1.0,transient,0.0
Chennai,in_domain,dual18,82,spike,1.0,transient,0.0
Chennai,in_domain,dual18,82,spike,1.0,transient,0.0
Chennai,in_domain,dual18,82,spike,1.0,transient,0.0
Chennai,in_domain,dual18,82,spike,1.0,transient,0.0
Chennai,in_domain,dual18,82,spike,1.0,transient,0.0
Chennai,in_domain,dual18,82,spike,1.0,transient,0.0
Chennai,in_domain,dual18,82,spike,1.0,transient,1.0
Chennai,in_domain,dual18,82,spike,1.0,transient,0.0
Chennai,in_domain,dual18,82,spike,0.0,transient,
Chennai,in_domain,dual18,82,drift,1.0,persistent,9.0
Chennai,in_domain,dual18,82,drift,1.0,persistent,6.0
Chennai,in_domain,dual18,82,drift,1.0,persistent,5.0
Chennai,in_domain,dual18,82,drift,1.0,persistent,13.0
Chennai,in_domain,dual18,82,drift,0.0,persistent,
Chennai,in_domain,dual18,82,drift,1.0,persistent,11.0
Chennai,in_domain,dual18,82,bias,0.0,persistent,
Chennai,in_domain,dual18,82,bias,0.0,persistent,
Chennai,in_domain,dual18,82,bias,1.0,persistent,0.0
Chennai,in_domain,dual18,82,bias,1.0,persistent,3.0
Chennai,in_domain,dual18,82,bias,0.0,persistent,
Chennai,in_domain,dual18,82,bias,1.0,persistent,1.0
Chennai,in_domain,dual18,82,stuck_at,1.0,persistent,0.0
Chennai,in_domain,dual18,82,stuck_at,1.0,persistent,0.0
Chennai,in_domain,dual18,82,stuck_at,0.0,persistent,
Chennai,in_domain,dual18,82,stuck_at,1.0,persistent,0.0
Chennai,in_domain,dual18,82,stuck_at,1.0,persistent,0.0
Chennai,in_domain,dual18,82,stuck_at,1.0,persistent,0.0
Chennai,in_domain,dual18,82,noise_burst,1.0,persistent,1.0
Chennai,in_domain,dual18,82,noise_burst,1.0,persistent,2.0
Chennai,in_domain,dual18,82,noise_burst,1.0,persistent,7.0
Chennai,in_domain,dual18,82,noise_burst,1.0,persistent,0.0
Chennai,in_domain,dual18,82,noise_burst,1.0,persistent,0.0
Chennai,in_domain,dual18,82,noise_burst,1.0,persistent,0.0
Chennai,in_domain,dual18,82,intermittent_spikes,1.0,transient,0.0
Chennai,in_domain,dual18,82,intermittent_spikes,1.0,transient,0.0
Chennai,in_domain,dual18,82,intermittent_spikes,1.0,transient,0.0
Chennai,in_domain,dual18,82,intermittent_spikes,1.0,transient,0.0
Chennai,in_domain,dual18,82,intermittent_spikes,1.0,transient,0.0
Chennai,in_domain,dual18,82,intermittent_spikes,1.0,transient,0.0
Chennai,in_domain,dual18,82,drift_plus_noise,1.0,persistent,6.0
Chennai,in_domain,dual18,82,drift_plus_noise,1.0,persistent,3.0
Chennai,in_domain,dual18,82,drift_plus_noise,0.0,persistent,
Chennai,in_domain,dual18,82,bias_plus_spikes,1.0,persistent,0.0
Chennai,in_domain,dual18,82,bias_plus_spikes,1.0,persistent,0.0
Chennai,in_domain,dual18,82,bias_plus_spikes,1.0,persistent,2.0
Chennai,temporal,dual18,82,spike,1.0,transient,0.0
Chennai,temporal,dual18,82,spike,0.0,transient,
Chennai,temporal,dual18,82,spike,1.0,transient,0.0
Chennai,temporal,dual18,82,spike,1.0,transient,0.0
Chennai,temporal,dual18,82,spike,0.0,transient,
Chennai,temporal,dual18,82,spike,1.0,transient,0.0
Chennai,temporal,dual18,82,spike,0.0,transient,
Chennai,temporal,dual18,82,spike,0.0,transient,
Chennai,temporal,dual18,82,spike,0.0,transient,
Chennai,temporal,dual18,82,spike,0.0,transient,
Chennai,temporal,dual18,82,spike,1.0,transient,0.0
Chennai,temporal,dual18,82,spike,0.0,transient,
Chennai,temporal,dual18,82,spike,1.0,transient,0.0
Chennai,temporal,dual18,82,spike,0.0,transient,
Chennai,temporal,dual18,82,spike,0.0,transient,
Chennai,temporal,dual18,82,spike,1.0,transient,0.0
Chennai,temporal,dual18,82,spike,1.0,transient,0.0
Chennai,temporal,dual18,82,spike,1.0,transient,0.0
Chennai,temporal,dual18,82,spike,1.0,transient,0.0
Chennai,temporal,dual18,82,spike,1.0,transient,0.0
Chennai,temporal,dual18,82,spike,0.0,transient,
Chennai,temporal,dual18,82,spike,1.0,transient,0.0
Chennai,temporal,dual18,82,spike,1.0,transient,0.0
Chennai,temporal,dual18,82,spike,0.0,transient,
Chennai,temporal,dual18,82,drift,0.0,persistent,
Chennai,temporal,dual18,82,drift,1.0,persistent,8.0
Chennai,temporal,dual18,82,drift,1.0,persistent,8.0
Chennai,temporal,dual18,82,drift,1.0,persistent,2.0
Chennai,temporal,dual18,82,drift,1.0,persistent,3.0
Chennai,temporal,dual18,82,drift,0.0,persistent,
Chennai,temporal,dual18,82,bias,0.0,persistent,
Chennai,temporal,dual18,82,bias,0.0,persistent,
Chennai,temporal,dual18,82,bias,0.0,persistent,
Chennai,temporal,dual18,82,bias,1.0,persistent,5.0
Chennai,temporal,dual18,82,bias,0.0,persistent,
Chennai,temporal,dual18,82,bias,1.0,persistent,6.0
Chennai,temporal,dual18,82,stuck_at,1.0,persistent,0.0
Chennai,temporal,dual18,82,stuck_at,1.0,persistent,0.0
Chennai,temporal,dual18,82,stuck_at,0.0,persistent,
Chennai,temporal,dual18,82,stuck_at,1.0,persistent,0.0
Chennai,temporal,dual18,82,stuck_at,1.0,persistent,0.0
Chennai,temporal,dual18,82,stuck_at,1.0,persistent,0.0
Chennai,temporal,dual18,82,noise_burst,0.0,persistent,
Chennai,temporal,dual18,82,noise_burst,0.0,persistent,
Chennai,temporal,dual18,82,noise_burst,0.0,persistent,
Chennai,temporal,dual18,82,noise_burst,1.0,persistent,0.0
Chennai,temporal,dual18,82,noise_burst,1.0,persistent,2.0
Chennai,temporal,dual18,82,noise_burst,1.0,persistent,0.0
Chennai,temporal,dual18,82,intermittent_spikes,1.0,transient,10.0
Chennai,temporal,dual18,82,intermittent_spikes,1.0,transient,0.0
Chennai,temporal,dual18,82,intermittent_spikes,1.0,transient,0.0
Chennai,temporal,dual18,82,intermittent_spikes,1.0,transient,0.0
Chennai,temporal,dual18,82,intermittent_spikes,1.0,transient,0.0
Chennai,temporal,dual18,82,intermittent_spikes,1.0,transient,0.0
Chennai,temporal,dual18,82,drift_plus_noise,1.0,persistent,4.0
Chennai,temporal,dual18,82,drift_plus_noise,1.0,persistent,0.0
Chennai,temporal,dual18,82,drift_plus_noise,1.0,persistent,8.0
Chennai,temporal,dual18,82,bias_plus_spikes,1.0,persistent,0.0
Chennai,temporal,dual18,82,bias_plus_spikes,1.0,persistent,0.0
Chennai,temporal,dual18,82,bias_plus_spikes,1.0,persistent,0.0
Chennai,station,dual18,82,spike,1.0,transient,0.0
Chennai,station,dual18,82,spike,0.0,transient,
Chennai,station,dual18,82,spike,1.0,transient,0.0
Chennai,station,dual18,82,spike,1.0,transient,0.0
Chennai,station,dual18,82,spike,1.0,transient,0.0
Chennai,station,dual18,82,spike,1.0,transient,0.0
Chennai,station,dual18,82,spike,0.0,transient,
Chennai,station,dual18,82,spike,0.0,transient,
Chennai,station,dual18,82,spike,0.0,transient,
Chennai,station,dual18,82,spike,0.0,transient,
Chennai,station,dual18,82,spike,1.0,transient,0.0
Chennai,station,dual18,82,spike,0.0,transient,
Chennai,station,dual18,82,spike,1.0,transient,0.0
Chennai,station,dual18,82,spike,1.0,transient,0.0
Chennai,station,dual18,82,spike,0.0,transient,
Chennai,station,dual18,82,spike,0.0,transient,
Chennai,station,dual18,82,spike,1.0,transient,0.0
Chennai,station,dual18,82,spike,1.0,transient,0.0
Chennai,station,dual18,82,spike,1.0,transient,0.0
Chennai,station,dual18,82,spike,1.0,transient,0.0
Chennai,station,dual18,82,spike,1.0,transient,0.0
Chennai,station,dual18,82,spike,1.0,transient,0.0
Chennai,station,dual18,82,spike,1.0,transient,0.0
Chennai,station,dual18,82,spike,0.0,transient,
Chennai,station,dual18,82,drift,0.0,persistent,
Chennai,station,dual18,82,drift,1.0,persistent,9.0
Chennai,station,dual18,82,drift,1.0,persistent,2.0
Chennai,station,dual18,82,drift,1.0,persistent,2.0
Chennai,station,dual18,82,drift,1.0,persistent,3.0
Chennai,station,dual18,82,drift,0.0,persistent,
Chennai,station,dual18,82,bias,0.0,persistent,
Chennai,station,dual18,82,bias,0.0,persistent,
Chennai,station,dual18,82,bias,0.0,persistent,
Chennai,station,dual18,82,bias,1.0,persistent,5.0
Chennai,station,dual18,82,bias,1.0,persistent,2.0
Chennai,station,dual18,82,bias,1.0,persistent,6.0
Chennai,station,dual18,82,stuck_at,1.0,persistent,0.0
Chennai,station,dual18,82,stuck_at,1.0,persistent,0.0
Chennai,station,dual18,82,stuck_at,0.0,persistent,
Chennai,station,dual18,82,stuck_at,1.0,persistent,0.0
Chennai,station,dual18,82,stuck_at,1.0,persistent,0.0
Chennai,station,dual18,82,stuck_at,1.0,persistent,0.0
Chennai,station,dual18,82,noise_burst,0.0,persistent,
Chennai,station,dual18,82,noise_burst,0.0,persistent,
Chennai,station,dual18,82,noise_burst,0.0,persistent,
Chennai,station,dual18,82,noise_burst,1.0,persistent,0.0
Chennai,station,dual18,82,noise_burst,1.0,persistent,0.0
Chennai,station,dual18,82,noise_burst,1.0,persistent,0.0
Chennai,station,dual18,82,intermittent_spikes,1.0,transient,10.0
Chennai,station,dual18,82,intermittent_spikes,1.0,transient,0.0
Chennai,station,dual18,82,intermittent_spikes,1.0,transient,0.0
Chennai,station,dual18,82,intermittent_spikes,1.0,transient,0.0
Chennai,station,dual18,82,intermittent_spikes,1.0,transient,0.0
Chennai,station,dual18,82,intermittent_spikes,1.0,transient,0.0
Chennai,station,dual18,82,drift_plus_noise,1.0,persistent,3.0
Chennai,station,dual18,82,drift_plus_noise,1.0,persistent,1.0
Chennai,station,dual18,82,drift_plus_noise,1.0,persistent,8.0
Chennai,station,dual18,82,bias_plus_spikes,1.0,persistent,0.0
Chennai,station,dual18,82,bias_plus_spikes,1.0,persistent,0.0
Chennai,station,dual18,82,bias_plus_spikes,1.0,persistent,0.0
Chennai,in_domain,dual18,93,spike,1.0,transient,0.0
Chennai,in_domain,dual18,93,spike,1.0,transient,0.0
Chennai,in_domain,dual18,93,spike,1.0,transient,0.0
Chennai,in_domain,dual18,93,spike,1.0,transient,0.0
Chennai,in_domain,dual18,93,spike,1.0,transient,0.0
Chennai,in_domain,dual18,93,spike,1.0,transient,0.0
Chennai,in_domain,dual18,93,spike,0.0,transient,
Chennai,in_domain,dual18,93,spike,1.0,transient,0.0
Chennai,in_domain,dual18,93,spike,0.0,transient,
Chennai,in_domain,dual18,93,spike,1.0,transient,0.0
Chennai,in_domain,dual18,93,spike,1.0,transient,0.0
Chennai,in_domain,dual18,93,spike,1.0,transient,0.0
Chennai,in_domain,dual18,93,spike,1.0,transient,0.0
Chennai,in_domain,dual18,93,spike,1.0,transient,0.0
Chennai,in_domain,dual18,93,spike,1.0,transient,0.0
Chennai,in_domain,dual18,93,spike,1.0,transient,0.0
Chennai,in_domain,dual18,93,spike,1.0,transient,0.0
Chennai,in_domain,dual18,93,spike,1.0,transient,0.0
Chennai,in_domain,dual18,93,spike,1.0,transient,0.0
Chennai,in_domain,dual18,93,spike,1.0,transient,0.0
Chennai,in_domain,dual18,93,spike,1.0,transient,0.0
Chennai,in_domain,dual18,93,spike,1.0,transient,0.0
Chennai,in_domain,dual18,93,spike,1.0,transient,0.0
Chennai,in_domain,dual18,93,spike,0.0,transient,
Chennai,in_domain,dual18,93,drift,1.0,persistent,6.0
Chennai,in_domain,dual18,93,drift,1.0,persistent,7.0
Chennai,in_domain,dual18,93,drift,0.0,persistent,
Chennai,in_domain,dual18,93,drift,1.0,persistent,0.0
Chennai,in_domain,dual18,93,drift,1.0,persistent,9.0
Chennai,in_domain,dual18,93,drift,1.0,persistent,4.0
Chennai,in_domain,dual18,93,bias,1.0,persistent,1.0
Chennai,in_domain,dual18,93,bias,1.0,persistent,0.0
Chennai,in_domain,dual18,93,bias,0.0,persistent,
Chennai,in_domain,dual18,93,bias,0.0,persistent,
Chennai,in_domain,dual18,93,bias,1.0,persistent,11.0
Chennai,in_domain,dual18,93,bias,0.0,persistent,
Chennai,in_domain,dual18,93,stuck_at,1.0,persistent,0.0
Chennai,in_domain,dual18,93,stuck_at,1.0,persistent,0.0
Chennai,in_domain,dual18,93,stuck_at,1.0,persistent,0.0
Chennai,in_domain,dual18,93,stuck_at,1.0,persistent,0.0
Chennai,in_domain,dual18,93,stuck_at,1.0,persistent,0.0
Chennai,in_domain,dual18,93,stuck_at,1.0,persistent,0.0
Chennai,in_domain,dual18,93,noise_burst,0.0,persistent,
Chennai,in_domain,dual18,93,noise_burst,1.0,persistent,7.0
Chennai,in_domain,dual18,93,noise_burst,0.0,persistent,
Chennai,in_domain,dual18,93,noise_burst,1.0,persistent,4.0
Chennai,in_domain,dual18,93,noise_burst,0.0,persistent,
Chennai,in_domain,dual18,93,noise_burst,1.0,persistent,1.0
Chennai,in_domain,dual18,93,intermittent_spikes,1.0,transient,0.0
Chennai,in_domain,dual18,93,intermittent_spikes,1.0,transient,0.0
Chennai,in_domain,dual18,93,intermittent_spikes,1.0,transient,0.0
Chennai,in_domain,dual18,93,intermittent_spikes,1.0,transient,0.0
Chennai,in_domain,dual18,93,intermittent_spikes,1.0,transient,0.0
Chennai,in_domain,dual18,93,intermittent_spikes,1.0,transient,0.0
Chennai,in_domain,dual18,93,drift_plus_noise,1.0,persistent,3.0
Chennai,in_domain,dual18,93,drift_plus_noise,1.0,persistent,3.0
Chennai,in_domain,dual18,93,drift_plus_noise,1.0,persistent,8.0
Chennai,in_domain,dual18,93,bias_plus_spikes,1.0,persistent,0.0
Chennai,in_domain,dual18,93,bias_plus_spikes,1.0,persistent,2.0
Chennai,in_domain,dual18,93,bias_plus_spikes,1.0,persistent,4.0
Chennai,temporal,dual18,93,spike,0.0,transient,
Chennai,temporal,dual18,93,spike,1.0,transient,0.0
Chennai,temporal,dual18,93,spike,1.0,transient,0.0
Chennai,temporal,dual18,93,spike,0.0,transient,
Chennai,temporal,dual18,93,spike,1.0,transient,0.0
Chennai,temporal,dual18,93,spike,1.0,transient,0.0
Chennai,temporal,dual18,93,spike,0.0,transient,
Chennai,temporal,dual18,93,spike,0.0,transient,
Chennai,temporal,dual18,93,spike,0.0,transient,
Chennai,temporal,dual18,93,spike,1.0,transient,0.0
Chennai,temporal,dual18,93,spike,1.0,transient,0.0
Chennai,temporal,dual18,93,spike,0.0,transient,
Chennai,temporal,dual18,93,spike,0.0,transient,
Chennai,temporal,dual18,93,spike,0.0,transient,
Chennai,temporal,dual18,93,spike,0.0,transient,
Chennai,temporal,dual18,93,spike,1.0,transient,0.0
Chennai,temporal,dual18,93,spike,1.0,transient,0.0
Chennai,temporal,dual18,93,spike,0.0,transient,
Chennai,temporal,dual18,93,spike,1.0,transient,0.0
Chennai,temporal,dual18,93,spike,1.0,transient,0.0
Chennai,temporal,dual18,93,spike,1.0,transient,0.0
Chennai,temporal,dual18,93,spike,1.0,transient,0.0
Chennai,temporal,dual18,93,spike,1.0,transient,0.0
Chennai,temporal,dual18,93,spike,0.0,transient,
Chennai,temporal,dual18,93,drift,1.0,persistent,4.0
Chennai,temporal,dual18,93,drift,1.0,persistent,5.0
Chennai,temporal,dual18,93,drift,1.0,persistent,15.0
Chennai,temporal,dual18,93,drift,1.0,persistent,0.0
Chennai,temporal,dual18,93,drift,0.0,persistent,
Chennai,temporal,dual18,93,drift,1.0,persistent,1.0
Chennai,temporal,dual18,93,bias,1.0,persistent,3.0
Chennai,temporal,dual18,93,bias,1.0,persistent,4.0
Chennai,temporal,dual18,93,bias,1.0,persistent,9.0
Chennai,temporal,dual18,93,bias,0.0,persistent,
Chennai,temporal,dual18,93,bias,1.0,persistent,7.0
Chennai,temporal,dual18,93,bias,1.0,persistent,2.0
Chennai,temporal,dual18,93,stuck_at,1.0,persistent,0.0
Chennai,temporal,dual18,93,stuck_at,1.0,persistent,0.0
Chennai,temporal,dual18,93,stuck_at,1.0,persistent,0.0
Chennai,temporal,dual18,93,stuck_at,1.0,persistent,0.0
Chennai,temporal,dual18,93,stuck_at,1.0,persistent,0.0
Chennai,temporal,dual18,93,stuck_at,1.0,persistent,0.0
Chennai,temporal,dual18,93,noise_burst,0.0,persistent,
Chennai,temporal,dual18,93,noise_burst,0.0,persistent,
Chennai,temporal,dual18,93,noise_burst,0.0,persistent,
Chennai,temporal,dual18,93,noise_burst,1.0,persistent,3.0
Chennai,temporal,dual18,93,noise_burst,1.0,persistent,4.0
Chennai,temporal,dual18,93,noise_burst,1.0,persistent,1.0
Chennai,temporal,dual18,93,intermittent_spikes,1.0,transient,0.0
Chennai,temporal,dual18,93,intermittent_spikes,1.0,transient,0.0
Chennai,temporal,dual18,93,intermittent_spikes,1.0,transient,0.0
Chennai,temporal,dual18,93,intermittent_spikes,1.0,transient,0.0
Chennai,temporal,dual18,93,intermittent_spikes,1.0,transient,0.0
Chennai,temporal,dual18,93,intermittent_spikes,1.0,transient,13.0
Chennai,temporal,dual18,93,drift_plus_noise,1.0,persistent,11.0
Chennai,temporal,dual18,93,drift_plus_noise,0.0,persistent,
Chennai,temporal,dual18,93,drift_plus_noise,1.0,persistent,0.0
Chennai,temporal,dual18,93,bias_plus_spikes,1.0,persistent,2.0
Chennai,temporal,dual18,93,bias_plus_spikes,1.0,persistent,1.0
Chennai,temporal,dual18,93,bias_plus_spikes,1.0,persistent,0.0
Chennai,station,dual18,93,spike,0.0,transient,
Chennai,station,dual18,93,spike,1.0,transient,0.0
Chennai,station,dual18,93,spike,1.0,transient,0.0
Chennai,station,dual18,93,spike,0.0,transient,
Chennai,station,dual18,93,spike,1.0,transient,0.0
Chennai,station,dual18,93,spike,1.0,transient,0.0
Chennai,station,dual18,93,spike,0.0,transient,
Chennai,station,dual18,93,spike,0.0,transient,
Chennai,station,dual18,93,spike,0.0,transient,
Chennai,station,dual18,93,spike,1.0,transient,0.0
Chennai,station,dual18,93,spike,1.0,transient,0.0
Chennai,station,dual18,93,spike,0.0,transient,
Chennai,station,dual18,93,spike,1.0,transient,0.0
Chennai,station,dual18,93,spike,0.0,transient,
Chennai,station,dual18,93,spike,1.0,transient,0.0
Chennai,station,dual18,93,spike,1.0,transient,0.0
Chennai,station,dual18,93,spike,1.0,transient,0.0
Chennai,station,dual18,93,spike,0.0,transient,
Chennai,station,dual18,93,spike,1.0,transient,0.0
Chennai,station,dual18,93,spike,1.0,transient,0.0
Chennai,station,dual18,93,spike,1.0,transient,0.0
Chennai,station,dual18,93,spike,1.0,transient,0.0
Chennai,station,dual18,93,spike,1.0,transient,0.0
Chennai,station,dual18,93,spike,0.0,transient,
Chennai,station,dual18,93,drift,1.0,persistent,4.0
Chennai,station,dual18,93,drift,1.0,persistent,6.0
Chennai,station,dual18,93,drift,1.0,persistent,15.0
Chennai,station,dual18,93,drift,1.0,persistent,0.0
Chennai,station,dual18,93,drift,0.0,persistent,
Chennai,station,dual18,93,drift,1.0,persistent,1.0
Chennai,station,dual18,93,bias,1.0,persistent,3.0
Chennai,station,dual18,93,bias,1.0,persistent,4.0
Chennai,station,dual18,93,bias,1.0,persistent,9.0
Chennai,station,dual18,93,bias,0.0,persistent,
Chennai,station,dual18,93,bias,1.0,persistent,7.0
Chennai,station,dual18,93,bias,1.0,persistent,2.0
Chennai,station,dual18,93,stuck_at,1.0,persistent,0.0
Chennai,station,dual18,93,stuck_at,1.0,persistent,0.0
Chennai,station,dual18,93,stuck_at,1.0,persistent,0.0
Chennai,station,dual18,93,stuck_at,1.0,persistent,0.0
Chennai,station,dual18,93,stuck_at,1.0,persistent,0.0
Chennai,station,dual18,93,stuck_at,1.0,persistent,0.0
Chennai,station,dual18,93,noise_burst,0.0,persistent,
Chennai,station,dual18,93,noise_burst,0.0,persistent,
Chennai,station,dual18,93,noise_burst,0.0,persistent,
Chennai,station,dual18,93,noise_burst,1.0,persistent,7.0
Chennai,station,dual18,93,noise_burst,1.0,persistent,4.0
Chennai,station,dual18,93,noise_burst,1.0,persistent,1.0
Chennai,station,dual18,93,intermittent_spikes,1.0,transient,0.0
Chennai,station,dual18,93,intermittent_spikes,1.0,transient,0.0
Chennai,station,dual18,93,intermittent_spikes,1.0,transient,0.0
Chennai,station,dual18,93,intermittent_spikes,1.0,transient,0.0
Chennai,station,dual18,93,intermittent_spikes,1.0,transient,0.0
Chennai,station,dual18,93,intermittent_spikes,1.0,transient,13.0
Chennai,station,dual18,93,drift_plus_noise,1.0,persistent,2.0
Chennai,station,dual18,93,drift_plus_noise,0.0,persistent,
Chennai,station,dual18,93,drift_plus_noise,1.0,persistent,0.0
Chennai,station,dual18,93,bias_plus_spikes,1.0,persistent,6.0
Chennai,station,dual18,93,bias_plus_spikes,1.0,persistent,1.0
Chennai,station,dual18,93,bias_plus_spikes,1.0,persistent,1.0
Thiruvananthapuram,in_domain,baseline16,71,spike,1.0,transient,0.0
Thiruvananthapuram,in_domain,baseline16,71,spike,1.0,transient,0.0
Thiruvananthapuram,in_domain,baseline16,71,spike,1.0,transient,0.0
Thiruvananthapuram,in_domain,baseline16,71,spike,1.0,transient,0.0
Thiruvananthapuram,in_domain,baseline16,71,spike,1.0,transient,0.0
Thiruvananthapuram,in_domain,baseline16,71,spike,1.0,transient,0.0
Thiruvananthapuram,in_domain,baseline16,71,spike,1.0,transient,0.0
Thiruvananthapuram,in_domain,baseline16,71,spike,0.0,transient,
Thiruvananthapuram,in_domain,baseline16,71,spike,1.0,transient,0.0
Thiruvananthapuram,in_domain,baseline16,71,spike,1.0,transient,0.0
Thiruvananthapuram,in_domain,baseline16,71,spike,1.0,transient,0.0
Thiruvananthapuram,in_domain,baseline16,71,spike,1.0,transient,0.0
Thiruvananthapuram,in_domain,baseline16,71,spike,1.0,transient,0.0
Thiruvananthapuram,in_domain,baseline16,71,spike,1.0,transient,0.0
Thiruvananthapuram,in_domain,baseline16,71,spike,1.0,transient,0.0
Thiruvananthapuram,in_domain,baseline16,71,spike,1.0,transient,0.0
Thiruvananthapuram,in_domain,baseline16,71,spike,1.0,transient,0.0
Thiruvananthapuram,in_domain,baseline16,71,spike,1.0,transient,0.0
Thiruvananthapuram,in_domain,baseline16,71,spike,1.0,transient,0.0
Thiruvananthapuram,in_domain,baseline16,71,spike,1.0,transient,0.0
Thiruvananthapuram,in_domain,baseline16,71,spike,1.0,transient,0.0
Thiruvananthapuram,in_domain,baseline16,71,spike,1.0,transient,0.0
Thiruvananthapuram,in_domain,baseline16,71,spike,0.0,transient,
Thiruvananthapuram,in_domain,baseline16,71,spike,0.0,transient,
Thiruvananthapuram,in_domain,baseline16,71,drift,1.0,persistent,5.0
Thiruvananthapuram,in_domain,baseline16,71,drift,1.0,persistent,6.0
Thiruvananthapuram,in_domain,baseline16,71,drift,1.0,persistent,6.0
Thiruvananthapuram,in_domain,baseline16,71,drift,1.0,persistent,8.0
Thiruvananthapuram,in_domain,baseline16,71,drift,1.0,persistent,8.0
Thiruvananthapuram,in_domain,baseline16,71,drift,0.0,persistent,
Thiruvananthapuram,in_domain,baseline16,71,bias,0.0,persistent,
Thiruvananthapuram,in_domain,baseline16,71,bias,0.0,persistent,
Thiruvananthapuram,in_domain,baseline16,71,bias,0.0,persistent,
Thiruvananthapuram,in_domain,baseline16,71,bias,1.0,persistent,6.0
Thiruvananthapuram,in_domain,baseline16,71,bias,1.0,persistent,1.0
Thiruvananthapuram,in_domain,baseline16,71,bias,1.0,persistent,6.0
Thiruvananthapuram,in_domain,baseline16,71,stuck_at,1.0,persistent,0.0
Thiruvananthapuram,in_domain,baseline16,71,stuck_at,0.0,persistent,
Thiruvananthapuram,in_domain,baseline16,71,stuck_at,1.0,persistent,0.0
Thiruvananthapuram,in_domain,baseline16,71,stuck_at,1.0,persistent,0.0
Thiruvananthapuram,in_domain,baseline16,71,stuck_at,1.0,persistent,0.0
Thiruvananthapuram,in_domain,baseline16,71,stuck_at,1.0,persistent,0.0
Thiruvananthapuram,in_domain,baseline16,71,noise_burst,1.0,persistent,3.0
Thiruvananthapuram,in_domain,baseline16,71,noise_burst,1.0,persistent,0.0
Thiruvananthapuram,in_domain,baseline16,71,noise_burst,0.0,persistent,
Thiruvananthapuram,in_domain,baseline16,71,noise_burst,1.0,persistent,0.0
Thiruvananthapuram,in_domain,baseline16,71,noise_burst,1.0,persistent,3.0
Thiruvananthapuram,in_domain,baseline16,71,noise_burst,1.0,persistent,0.0
Thiruvananthapuram,in_domain,baseline16,71,intermittent_spikes,1.0,transient,0.0
Thiruvananthapuram,in_domain,baseline16,71,intermittent_spikes,1.0,transient,0.0
Thiruvananthapuram,in_domain,baseline16,71,intermittent_spikes,1.0,transient,4.0
Thiruvananthapuram,in_domain,baseline16,71,intermittent_spikes,1.0,transient,2.0
Thiruvananthapuram,in_domain,baseline16,71,intermittent_spikes,1.0,transient,0.0
Thiruvananthapuram,in_domain,baseline16,71,intermittent_spikes,1.0,transient,0.0
Thiruvananthapuram,in_domain,baseline16,71,drift_plus_noise,1.0,persistent,12.0
Thiruvananthapuram,in_domain,baseline16,71,drift_plus_noise,1.0,persistent,1.0
Thiruvananthapuram,in_domain,baseline16,71,drift_plus_noise,1.0,persistent,3.0
Thiruvananthapuram,in_domain,baseline16,71,bias_plus_spikes,1.0,persistent,0.0
Thiruvananthapuram,in_domain,baseline16,71,bias_plus_spikes,1.0,persistent,1.0
Thiruvananthapuram,in_domain,baseline16,71,bias_plus_spikes,1.0,persistent,0.0
Thiruvananthapuram,temporal,baseline16,71,spike,1.0,transient,0.0
Thiruvananthapuram,temporal,baseline16,71,spike,0.0,transient,
Thiruvananthapuram,temporal,baseline16,71,spike,0.0,transient,
Thiruvananthapuram,temporal,baseline16,71,spike,0.0,transient,
Thiruvananthapuram,temporal,baseline16,71,spike,1.0,transient,0.0
Thiruvananthapuram,temporal,baseline16,71,spike,0.0,transient,
Thiruvananthapuram,temporal,baseline16,71,spike,0.0,transient,
Thiruvananthapuram,temporal,baseline16,71,spike,1.0,transient,0.0
Thiruvananthapuram,temporal,baseline16,71,spike,1.0,transient,0.0
Thiruvananthapuram,temporal,baseline16,71,spike,1.0,transient,0.0
Thiruvananthapuram,temporal,baseline16,71,spike,1.0,transient,0.0
Thiruvananthapuram,temporal,baseline16,71,spike,0.0,transient,
Thiruvananthapuram,temporal,baseline16,71,spike,1.0,transient,0.0
Thiruvananthapuram,temporal,baseline16,71,spike,1.0,transient,0.0
Thiruvananthapuram,temporal,baseline16,71,spike,1.0,transient,0.0
Thiruvananthapuram,temporal,baseline16,71,spike,1.0,transient,0.0
Thiruvananthapuram,temporal,baseline16,71,spike,1.0,transient,0.0
Thiruvananthapuram,temporal,baseline16,71,spike,1.0,transient,0.0
Thiruvananthapuram,temporal,baseline16,71,spike,1.0,transient,0.0
Thiruvananthapuram,temporal,baseline16,71,spike,1.0,transient,0.0
Thiruvananthapuram,temporal,baseline16,71,spike,0.0,transient,
Thiruvananthapuram,temporal,baseline16,71,spike,1.0,transient,0.0
Thiruvananthapuram,temporal,baseline16,71,spike,0.0,transient,
Thiruvananthapuram,temporal,baseline16,71,spike,0.0,transient,
Thiruvananthapuram,temporal,baseline16,71,drift,1.0,persistent,13.0
Thiruvananthapuram,temporal,baseline16,71,drift,0.0,persistent,
Thiruvananthapuram,temporal,baseline16,71,drift,1.0,persistent,8.0
Thiruvananthapuram,temporal,baseline16,71,drift,0.0,persistent,
Thiruvananthapuram,temporal,baseline16,71,drift,1.0,persistent,4.0
Thiruvananthapuram,temporal,baseline16,71,drift,1.0,persistent,0.0
Thiruvananthapuram,temporal,baseline16,71,bias,0.0,persistent,
Thiruvananthapuram,temporal,baseline16,71,bias,0.0,persistent,
Thiruvananthapuram,temporal,baseline16,71,bias,0.0,persistent,
Thiruvananthapuram,temporal,baseline16,71,bias,1.0,persistent,3.0
Thiruvananthapuram,temporal,baseline16,71,bias,1.0,persistent,5.0
Thiruvananthapuram,temporal,baseline16,71,bias,1.0,persistent,6.0
Thiruvananthapuram,temporal,baseline16,71,stuck_at,1.0,persistent,0.0
Thiruvananthapuram,temporal,baseline16,71,stuck_at,0.0,persistent,
Thiruvananthapuram,temporal,baseline16,71,stuck_at,1.0,persistent,0.0
Thiruvananthapuram,temporal,baseline16,71,stuck_at,1.0,persistent,0.0
Thiruvananthapuram,temporal,baseline16,71,stuck_at,1.0,persistent,0.0
Thiruvananthapuram,temporal,baseline16,71,stuck_at,1.0,persistent,0.0
Thiruvananthapuram,temporal,baseline16,71,noise_burst,1.0,persistent,3.0
Thiruvananthapuram,temporal,baseline16,71,noise_burst,1.0,persistent,4.0
Thiruvananthapuram,temporal,baseline16,71,noise_burst,0.0,persistent,
Thiruvananthapuram,temporal,baseline16,71,noise_burst,1.0,persistent,0.0
Thiruvananthapuram,temporal,baseline16,71,noise_burst,1.0,persistent,0.0
Thiruvananthapuram,temporal,baseline16,71,noise_burst,1.0,persistent,8.0
Thiruvananthapuram,temporal,baseline16,71,intermittent_spikes,1.0,transient,0.0
Thiruvananthapuram,temporal,baseline16,71,intermittent_spikes,1.0,transient,0.0
Thiruvananthapuram,temporal,baseline16,71,intermittent_spikes,1.0,transient,4.0
Thiruvananthapuram,temporal,baseline16,71,intermittent_spikes,1.0,transient,0.0
Thiruvananthapuram,temporal,baseline16,71,intermittent_spikes,1.0,transient,0.0
Thiruvananthapuram,temporal,baseline16,71,intermittent_spikes,1.0,transient,0.0
Thiruvananthapuram,temporal,baseline16,71,drift_plus_noise,0.0,persistent,
Thiruvananthapuram,temporal,baseline16,71,drift_plus_noise,0.0,persistent,
Thiruvananthapuram,temporal,baseline16,71,drift_plus_noise,1.0,persistent,8.0
Thiruvananthapuram,temporal,baseline16,71,bias_plus_spikes,1.0,persistent,0.0
Thiruvananthapuram,temporal,baseline16,71,bias_plus_spikes,0.0,persistent,
Thiruvananthapuram,temporal,baseline16,71,bias_plus_spikes,1.0,persistent,8.0
Thiruvananthapuram,station,baseline16,71,spike,1.0,transient,0.0
Thiruvananthapuram,station,baseline16,71,spike,1.0,transient,0.0
Thiruvananthapuram,station,baseline16,71,spike,0.0,transient,
Thiruvananthapuram,station,baseline16,71,spike,1.0,transient,0.0
Thiruvananthapuram,station,baseline16,71,spike,1.0,transient,0.0
Thiruvananthapuram,station,baseline16,71,spike,0.0,transient,
Thiruvananthapuram,station,baseline16,71,spike,1.0,transient,0.0
Thiruvananthapuram,station,baseline16,71,spike,1.0,transient,0.0
Thiruvananthapuram,station,baseline16,71,spike,1.0,transient,0.0
Thiruvananthapuram,station,baseline16,71,spike,1.0,transient,0.0
Thiruvananthapuram,station,baseline16,71,spike,1.0,transient,0.0
Thiruvananthapuram,station,baseline16,71,spike,1.0,transient,0.0
Thiruvananthapuram,station,baseline16,71,spike,1.0,transient,0.0
Thiruvananthapuram,station,baseline16,71,spike,1.0,transient,0.0
Thiruvananthapuram,station,baseline16,71,spike,1.0,transient,0.0
Thiruvananthapuram,station,baseline16,71,spike,1.0,transient,0.0
Thiruvananthapuram,station,baseline16,71,spike,1.0,transient,0.0
Thiruvananthapuram,station,baseline16,71,spike,1.0,transient,0.0
Thiruvananthapuram,station,baseline16,71,spike,1.0,transient,0.0
Thiruvananthapuram,station,baseline16,71,spike,1.0,transient,0.0
Thiruvananthapuram,station,baseline16,71,spike,1.0,transient,0.0
Thiruvananthapuram,station,baseline16,71,spike,1.0,transient,0.0
Thiruvananthapuram,station,baseline16,71,spike,0.0,transient,
Thiruvananthapuram,station,baseline16,71,spike,0.0,transient,
Thiruvananthapuram,station,baseline16,71,drift,1.0,persistent,13.0
Thiruvananthapuram,station,baseline16,71,drift,0.0,persistent,
Thiruvananthapuram,station,baseline16,71,drift,1.0,persistent,8.0
Thiruvananthapuram,station,baseline16,71,drift,0.0,persistent,
Thiruvananthapuram,station,baseline16,71,drift,1.0,persistent,4.0
Thiruvananthapuram,station,baseline16,71,drift,1.0,persistent,0.0
Thiruvananthapuram,station,baseline16,71,bias,0.0,persistent,
Thiruvananthapuram,station,baseline16,71,bias,0.0,persistent,
Thiruvananthapuram,station,baseline16,71,bias,0.0,persistent,
Thiruvananthapuram,station,baseline16,71,bias,1.0,persistent,2.0
Thiruvananthapuram,station,baseline16,71,bias,1.0,persistent,6.0
Thiruvananthapuram,station,baseline16,71,bias,0.0,persistent,
Thiruvananthapuram,station,baseline16,71,stuck_at,1.0,persistent,0.0
Thiruvananthapuram,station,baseline16,71,stuck_at,0.0,persistent,
Thiruvananthapuram,station,baseline16,71,stuck_at,1.0,persistent,0.0
Thiruvananthapuram,station,baseline16,71,stuck_at,1.0,persistent,0.0
Thiruvananthapuram,station,baseline16,71,stuck_at,1.0,persistent,0.0
Thiruvananthapuram,station,baseline16,71,stuck_at,1.0,persistent,0.0
Thiruvananthapuram,station,baseline16,71,noise_burst,1.0,persistent,3.0
Thiruvananthapuram,station,baseline16,71,noise_burst,1.0,persistent,4.0
Thiruvananthapuram,station,baseline16,71,noise_burst,0.0,persistent,
Thiruvananthapuram,station,baseline16,71,noise_burst,1.0,persistent,0.0
Thiruvananthapuram,station,baseline16,71,noise_burst,1.0,persistent,0.0
Thiruvananthapuram,station,baseline16,71,noise_burst,1.0,persistent,8.0
Thiruvananthapuram,station,baseline16,71,intermittent_spikes,1.0,transient,0.0
Thiruvananthapuram,station,baseline16,71,intermittent_spikes,1.0,transient,0.0
Thiruvananthapuram,station,baseline16,71,intermittent_spikes,1.0,transient,0.0
Thiruvananthapuram,station,baseline16,71,intermittent_spikes,1.0,transient,0.0
Thiruvananthapuram,station,baseline16,71,intermittent_spikes,1.0,transient,0.0
Thiruvananthapuram,station,baseline16,71,intermittent_spikes,1.0,transient,0.0
Thiruvananthapuram,station,baseline16,71,drift_plus_noise,0.0,persistent,
Thiruvananthapuram,station,baseline16,71,drift_plus_noise,0.0,persistent,
Thiruvananthapuram,station,baseline16,71,drift_plus_noise,1.0,persistent,7.0
Thiruvananthapuram,station,baseline16,71,bias_plus_spikes,1.0,persistent,0.0
Thiruvananthapuram,station,baseline16,71,bias_plus_spikes,1.0,persistent,13.0
Thiruvananthapuram,station,baseline16,71,bias_plus_spikes,1.0,persistent,10.0
Thiruvananthapuram,in_domain,baseline16,82,spike,1.0,transient,0.0
Thiruvananthapuram,in_domain,baseline16,82,spike,1.0,transient,0.0
Thiruvananthapuram,in_domain,baseline16,82,spike,1.0,transient,0.0
Thiruvananthapuram,in_domain,baseline16,82,spike,0.0,transient,
Thiruvananthapuram,in_domain,baseline16,82,spike,1.0,transient,0.0
Thiruvananthapuram,in_domain,baseline16,82,spike,1.0,transient,0.0
Thiruvananthapuram,in_domain,baseline16,82,spike,0.0,transient,
Thiruvananthapuram,in_domain,baseline16,82,spike,0.0,transient,
Thiruvananthapuram,in_domain,baseline16,82,spike,0.0,transient,
Thiruvananthapuram,in_domain,baseline16,82,spike,1.0,transient,0.0
Thiruvananthapuram,in_domain,baseline16,82,spike,1.0,transient,0.0
Thiruvananthapuram,in_domain,baseline16,82,spike,1.0,transient,0.0
Thiruvananthapuram,in_domain,baseline16,82,spike,1.0,transient,0.0
Thiruvananthapuram,in_domain,baseline16,82,spike,1.0,transient,0.0
Thiruvananthapuram,in_domain,baseline16,82,spike,1.0,transient,0.0
Thiruvananthapuram,in_domain,baseline16,82,spike,1.0,transient,0.0
Thiruvananthapuram,in_domain,baseline16,82,spike,1.0,transient,0.0
Thiruvananthapuram,in_domain,baseline16,82,spike,1.0,transient,0.0
Thiruvananthapuram,in_domain,baseline16,82,spike,1.0,transient,0.0
Thiruvananthapuram,in_domain,baseline16,82,spike,0.0,transient,
Thiruvananthapuram,in_domain,baseline16,82,spike,1.0,transient,0.0
Thiruvananthapuram,in_domain,baseline16,82,spike,1.0,transient,0.0
Thiruvananthapuram,in_domain,baseline16,82,spike,0.0,transient,
Thiruvananthapuram,in_domain,baseline16,82,spike,0.0,transient,
Thiruvananthapuram,in_domain,baseline16,82,drift,0.0,persistent,
Thiruvananthapuram,in_domain,baseline16,82,drift,1.0,persistent,8.0
Thiruvananthapuram,in_domain,baseline16,82,drift,1.0,persistent,10.0
Thiruvananthapuram,in_domain,baseline16,82,drift,1.0,persistent,0.0
Thiruvananthapuram,in_domain,baseline16,82,drift,1.0,persistent,11.0
Thiruvananthapuram,in_domain,baseline16,82,drift,1.0,persistent,5.0
Thiruvananthapuram,in_domain,baseline16,82,bias,0.0,persistent,
Thiruvananthapuram,in_domain,baseline16,82,bias,0.0,persistent,
Thiruvananthapuram,in_domain,baseline16,82,bias,1.0,persistent,0.0
Thiruvananthapuram,in_domain,baseline16,82,bias,1.0,persistent,5.0
Thiruvananthapuram,in_domain,baseline16,82,bias,0.0,persistent,
Thiruvananthapuram,in_domain,baseline16,82,bias,0.0,persistent,
Thiruvananthapuram,in_domain,baseline16,82,stuck_at,1.0,persistent,5.0
Thiruvananthapuram,in_domain,baseline16,82,stuck_at,1.0,persistent,0.0
Thiruvananthapuram,in_domain,baseline16,82,stuck_at,1.0,persistent,0.0
Thiruvananthapuram,in_domain,baseline16,82,stuck_at,1.0,persistent,0.0
Thiruvananthapuram,in_domain,baseline16,82,stuck_at,1.0,persistent,0.0
Thiruvananthapuram,in_domain,baseline16,82,stuck_at,1.0,persistent,0.0
Thiruvananthapuram,in_domain,baseline16,82,noise_burst,1.0,persistent,2.0
Thiruvananthapuram,in_domain,baseline16,82,noise_burst,1.0,persistent,2.0
Thiruvananthapuram,in_domain,baseline16,82,noise_burst,0.0,persistent,
Thiruvananthapuram,in_domain,baseline16,82,noise_burst,1.0,persistent,0.0
Thiruvananthapuram,in_domain,baseline16,82,noise_burst,1.0,persistent,4.0
Thiruvananthapuram,in_domain,baseline16,82,noise_burst,1.0,persistent,1.0
Thiruvananthapuram,in_domain,baseline16,82,intermittent_spikes,1.0,transient,0.0
Thiruvananthapuram,in_domain,baseline16,82,intermittent_spikes,1.0,transient,0.0
Thiruvananthapuram,in_domain,baseline16,82,intermittent_spikes,1.0,transient,0.0
Thiruvananthapuram,in_domain,baseline16,82,intermittent_spikes,1.0,transient,0.0
Thiruvananthapuram,in_domain,baseline16,82,intermittent_spikes,1.0,transient,0.0
Thiruvananthapuram,in_domain,baseline16,82,intermittent_spikes,1.0,transient,0.0
Thiruvananthapuram,in_domain,baseline16,82,drift_plus_noise,1.0,persistent,6.0
Thiruvananthapuram,in_domain,baseline16,82,drift_plus_noise,1.0,persistent,0.0
Thiruvananthapuram,in_domain,baseline16,82,drift_plus_noise,1.0,persistent,4.0
Thiruvananthapuram,in_domain,baseline16,82,bias_plus_spikes,1.0,persistent,2.0
Thiruvananthapuram,in_domain,baseline16,82,bias_plus_spikes,1.0,persistent,5.0
Thiruvananthapuram,in_domain,baseline16,82,bias_plus_spikes,1.0,persistent,0.0
Thiruvananthapuram,temporal,baseline16,82,spike,1.0,transient,0.0
Thiruvananthapuram,temporal,baseline16,82,spike,0.0,transient,
Thiruvananthapuram,temporal,baseline16,82,spike,1.0,transient,0.0
Thiruvananthapuram,temporal,baseline16,82,spike,1.0,transient,0.0
Thiruvananthapuram,temporal,baseline16,82,spike,0.0,transient,
Thiruvananthapuram,temporal,baseline16,82,spike,1.0,transient,0.0
Thiruvananthapuram,temporal,baseline16,82,spike,1.0,transient,0.0
Thiruvananthapuram,temporal,baseline16,82,spike,0.0,transient,
Thiruvananthapuram,temporal,baseline16,82,spike,0.0,transient,
Thiruvananthapuram,temporal,baseline16,82,spike,0.0,transient,
Thiruvananthapuram,temporal,baseline16,82,spike,1.0,transient,0.0
Thiruvananthapuram,temporal,baseline16,82,spike,0.0,transient,
Thiruvananthapuram,temporal,baseline16,82,spike,1.0,transient,0.0
Thiruvananthapuram,temporal,baseline16,82,spike,1.0,transient,0.0
Thiruvananthapuram,temporal,baseline16,82,spike,1.0,transient,0.0
Thiruvananthapuram,temporal,baseline16,82,spike,1.0,transient,0.0
Thiruvananthapuram,temporal,baseline16,82,spike,1.0,transient,0.0
Thiruvananthapuram,temporal,baseline16,82,spike,1.0,transient,0.0
Thiruvananthapuram,temporal,baseline16,82,spike,0.0,transient,
Thiruvananthapuram,temporal,baseline16,82,spike,0.0,transient,
Thiruvananthapuram,temporal,baseline16,82,spike,1.0,transient,0.0
Thiruvananthapuram,temporal,baseline16,82,spike,1.0,transient,0.0
Thiruvananthapuram,temporal,baseline16,82,spike,1.0,transient,0.0
Thiruvananthapuram,temporal,baseline16,82,spike,0.0,transient,
Thiruvananthapuram,temporal,baseline16,82,drift,0.0,persistent,
Thiruvananthapuram,temporal,baseline16,82,drift,1.0,persistent,10.0
Thiruvananthapuram,temporal,baseline16,82,drift,1.0,persistent,2.0
Thiruvananthapuram,temporal,baseline16,82,drift,1.0,persistent,1.0
Thiruvananthapuram,temporal,baseline16,82,drift,1.0,persistent,1.0
Thiruvananthapuram,temporal,baseline16,82,drift,0.0,persistent,
Thiruvananthapuram,temporal,baseline16,82,bias,0.0,persistent,
Thiruvananthapuram,temporal,baseline16,82,bias,0.0,persistent,
Thiruvananthapuram,temporal,baseline16,82,bias,0.0,persistent,
Thiruvananthapuram,temporal,baseline16,82,bias,1.0,persistent,1.0
Thiruvananthapuram,temporal,baseline16,82,bias,0.0,persistent,
Thiruvananthapuram,temporal,baseline16,82,bias,0.0,persistent,
Thiruvananthapuram,temporal,baseline16,82,stuck_at,0.0,persistent,
Thiruvananthapuram,temporal,baseline16,82,stuck_at,1.0,persistent,0.0
Thiruvananthapuram,temporal,baseline16,82,stuck_at,1.0,persistent,0.0
Thiruvananthapuram,temporal,baseline16,82,stuck_at,1.0,persistent,0.0
Thiruvananthapuram,temporal,baseline16,82,stuck_at,1.0,persistent,0.0
Thiruvananthapuram,temporal,baseline16,82,stuck_at,1.0,persistent,0.0
Thiruvananthapuram,temporal,baseline16,82,noise_burst,1.0,persistent,2.0
Thiruvananthapuram,temporal,baseline16,82,noise_burst,0.0,persistent,
Thiruvananthapuram,temporal,baseline16,82,noise_burst,0.0,persistent,
Thiruvananthapuram,temporal,baseline16,82,noise_burst,1.0,persistent,0.0
Thiruvananthapuram,temporal,baseline16,82,noise_burst,1.0,persistent,2.0
Thiruvananthapuram,temporal,baseline16,82,noise_burst,0.0,persistent,
Thiruvananthapuram,temporal,baseline16,82,intermittent_spikes,1.0,transient,7.0
Thiruvananthapuram,temporal,baseline16,82,intermittent_spikes,1.0,transient,0.0
Thiruvananthapuram,temporal,baseline16,82,intermittent_spikes,1.0,transient,0.0
Thiruvananthapuram,temporal,baseline16,82,intermittent_spikes,1.0,transient,2.0
Thiruvananthapuram,temporal,baseline16,82,intermittent_spikes,1.0,transient,8.0
Thiruvananthapuram,temporal,baseline16,82,intermittent_spikes,1.0,transient,0.0
Thiruvananthapuram,temporal,baseline16,82,drift_plus_noise,1.0,persistent,2.0
Thiruvananthapuram,temporal,baseline16,82,drift_plus_noise,1.0,persistent,7.0
Thiruvananthapuram,temporal,baseline16,82,drift_plus_noise,1.0,persistent,1.0
Thiruvananthapuram,temporal,baseline16,82,bias_plus_spikes,1.0,persistent,5.0
Thiruvananthapuram,temporal,baseline16,82,bias_plus_spikes,1.0,persistent,0.0
Thiruvananthapuram,temporal,baseline16,82,bias_plus_spikes,1.0,persistent,1.0
Thiruvananthapuram,station,baseline16,82,spike,1.0,transient,0.0
Thiruvananthapuram,station,baseline16,82,spike,1.0,transient,0.0
Thiruvananthapuram,station,baseline16,82,spike,1.0,transient,0.0
Thiruvananthapuram,station,baseline16,82,spike,1.0,transient,0.0
Thiruvananthapuram,station,baseline16,82,spike,0.0,transient,
Thiruvananthapuram,station,baseline16,82,spike,1.0,transient,0.0
Thiruvananthapuram,station,baseline16,82,spike,0.0,transient,
Thiruvananthapuram,station,baseline16,82,spike,0.0,transient,
Thiruvananthapuram,station,baseline16,82,spike,0.0,transient,
Thiruvananthapuram,station,baseline16,82,spike,0.0,transient,
Thiruvananthapuram,station,baseline16,82,spike,1.0,transient,0.0
Thiruvananthapuram,station,baseline16,82,spike,1.0,transient,0.0
Thiruvananthapuram,station,baseline16,82,spike,1.0,transient,0.0
Thiruvananthapuram,station,baseline16,82,spike,1.0,transient,0.0
Thiruvananthapuram,station,baseline16,82,spike,1.0,transient,0.0
Thiruvananthapuram,station,baseline16,82,spike,1.0,transient,0.0
Thiruvananthapuram,station,baseline16,82,spike,1.0,transient,0.0
Thiruvananthapuram,station,baseline16,82,spike,1.0,transient,0.0
Thiruvananthapuram,station,baseline16,82,spike,0.0,transient,
Thiruvananthapuram,station,baseline16,82,spike,1.0,transient,0.0
Thiruvananthapuram,station,baseline16,82,spike,1.0,transient,0.0
Thiruvananthapuram,station,baseline16,82,spike,1.0,transient,0.0
Thiruvananthapuram,station,baseline16,82,spike,1.0,transient,0.0
Thiruvananthapuram,station,baseline16,82,spike,0.0,transient,
Thiruvananthapuram,station,baseline16,82,drift,0.0,persistent,
Thiruvananthapuram,station,baseline16,82,drift,1.0,persistent,10.0
Thiruvananthapuram,station,baseline16,82,drift,0.0,persistent,
Thiruvananthapuram,station,baseline16,82,drift,1.0,persistent,1.0
Thiruvananthapuram,station,baseline16,82,drift,1.0,persistent,9.0
Thiruvananthapuram,station,baseline16,82,drift,0.0,persistent,
Thiruvananthapuram,station,baseline16,82,bias,0.0,persistent,
Thiruvananthapuram,station,baseline16,82,bias,0.0,persistent,
Thiruvananthapuram,station,baseline16,82,bias,0.0,persistent,
Thiruvananthapuram,station,baseline16,82,bias,1.0,persistent,7.0
Thiruvananthapuram,station,baseline16,82,bias,0.0,persistent,
Thiruvananthapuram,station,baseline16,82,bias,1.0,persistent,5.0
Thiruvananthapuram,station,baseline16,82,stuck_at,0.0,persistent,
Thiruvananthapuram,station,baseline16,82,stuck_at,1.0,persistent,0.0
Thiruvananthapuram,station,baseline16,82,stuck_at,1.0,persistent,0.0
Thiruvananthapuram,station,baseline16,82,stuck_at,1.0,persistent,0.0
Thiruvananthapuram,station,baseline16,82,stuck_at,1.0,persistent,0.0
Thiruvananthapuram,station,baseline16,82,stuck_at,1.0,persistent,0.0
Thiruvananthapuram,station,baseline16,82,noise_burst,1.0,persistent,1.0
Thiruvananthapuram,station,baseline16,82,noise_burst,0.0,persistent,
Thiruvananthapuram,station,baseline16,82,noise_burst,0.0,persistent,
Thiruvananthapuram,station,baseline16,82,noise_burst,1.0,persistent,0.0
Thiruvananthapuram,station,baseline16,82,noise_burst,1.0,persistent,2.0
Thiruvananthapuram,station,baseline16,82,noise_burst,1.0,persistent,1.0
Thiruvananthapuram,station,baseline16,82,intermittent_spikes,1.0,transient,5.0
Thiruvananthapuram,station,baseline16,82,intermittent_spikes,1.0,transient,0.0
Thiruvananthapuram,station,baseline16,82,intermittent_spikes,1.0,transient,0.0
Thiruvananthapuram,station,baseline16,82,intermittent_spikes,1.0,transient,0.0
Thiruvananthapuram,station,baseline16,82,intermittent_spikes,1.0,transient,0.0
Thiruvananthapuram,station,baseline16,82,intermittent_spikes,1.0,transient,0.0
Thiruvananthapuram,station,baseline16,82,drift_plus_noise,1.0,persistent,2.0
Thiruvananthapuram,station,baseline16,82,drift_plus_noise,1.0,persistent,11.0
Thiruvananthapuram,station,baseline16,82,drift_plus_noise,1.0,persistent,3.0
Thiruvananthapuram,station,baseline16,82,bias_plus_spikes,1.0,persistent,2.0
Thiruvananthapuram,station,baseline16,82,bias_plus_spikes,1.0,persistent,0.0
Thiruvananthapuram,station,baseline16,82,bias_plus_spikes,1.0,persistent,5.0
Thiruvananthapuram,in_domain,baseline16,93,spike,1.0,transient,0.0
Thiruvananthapuram,in_domain,baseline16,93,spike,0.0,transient,
Thiruvananthapuram,in_domain,baseline16,93,spike,1.0,transient,0.0
Thiruvananthapuram,in_domain,baseline16,93,spike,1.0,transient,0.0
Thiruvananthapuram,in_domain,baseline16,93,spike,1.0,transient,0.0
Thiruvananthapuram,in_domain,baseline16,93,spike,1.0,transient,0.0
Thiruvananthapuram,in_domain,baseline16,93,spike,0.0,transient,
Thiruvananthapuram,in_domain,baseline16,93,spike,0.0,transient,
Thiruvananthapuram,in_domain,baseline16,93,spike,1.0,transient,0.0
Thiruvananthapuram,in_domain,baseline16,93,spike,1.0,transient,0.0
Thiruvananthapuram,in_domain,baseline16,93,spike,1.0,transient,0.0
Thiruvananthapuram,in_domain,baseline16,93,spike,1.0,transient,0.0
Thiruvananthapuram,in_domain,baseline16,93,spike,1.0,transient,0.0
Thiruvananthapuram,in_domain,baseline16,93,spike,1.0,transient,0.0
Thiruvananthapuram,in_domain,baseline16,93,spike,1.0,transient,0.0
Thiruvananthapuram,in_domain,baseline16,93,spike,1.0,transient,0.0
Thiruvananthapuram,in_domain,baseline16,93,spike,1.0,transient,0.0
Thiruvananthapuram,in_domain,baseline16,93,spike,1.0,transient,0.0
Thiruvananthapuram,in_domain,baseline16,93,spike,1.0,transient,1.0
Thiruvananthapuram,in_domain,baseline16,93,spike,1.0,transient,0.0
Thiruvananthapuram,in_domain,baseline16,93,spike,1.0,transient,0.0
Thiruvananthapuram,in_domain,baseline16,93,spike,1.0,transient,0.0
Thiruvananthapuram,in_domain,baseline16,93,spike,1.0,transient,0.0
Thiruvananthapuram,in_domain,baseline16,93,spike,0.0,transient,
Thiruvananthapuram,in_domain,baseline16,93,drift,0.0,persistent,
Thiruvananthapuram,in_domain,baseline16,93,drift,1.0,persistent,6.0
Thiruvananthapuram,in_domain,baseline16,93,drift,1.0,persistent,2.0
Thiruvananthapuram,in_domain,baseline16,93,drift,0.0,persistent,
Thiruvananthapuram,in_domain,baseline16,93,drift,1.0,persistent,14.0
Thiruvananthapuram,in_domain,baseline16,93,drift,1.0,persistent,6.0
Thiruvananthapuram,in_domain,baseline16,93,bias,1.0,persistent,0.0
Thiruvananthapuram,in_domain,baseline16,93,bias,0.0,persistent,
Thiruvananthapuram,in_domain,baseline16,93,bias,0.0,persistent,
Thiruvananthapuram,in_domain,baseline16,93,bias,0.0,persistent,
Thiruvananthapuram,in_domain,baseline16,93,bias,1.0,persistent,10.0
Thiruvananthapuram,in_domain,baseline16,93,bias,0.0,persistent,
Thiruvananthapuram,in_domain,baseline16,93,stuck_at,1.0,persistent,0.0
Thiruvananthapuram,in_domain,baseline16,93,stuck_at,1.0,persistent,0.0
Thiruvananthapuram,in_domain,baseline16,93,stuck_at,1.0,persistent,0.0
Thiruvananthapuram,in_domain,baseline16,93,stuck_at,1.0,persistent,0.0
Thiruvananthapuram,in_domain,baseline16,93,stuck_at,1.0,persistent,0.0
Thiruvananthapuram,in_domain,baseline16,93,stuck_at,1.0,persistent,0.0
Thiruvananthapuram,in_domain,baseline16,93,noise_burst,0.0,persistent,
Thiruvananthapuram,in_domain,baseline16,93,noise_burst,1.0,persistent,1.0
Thiruvananthapuram,in_domain,baseline16,93,noise_burst,1.0,persistent,0.0
Thiruvananthapuram,in_domain,baseline16,93,noise_burst,1.0,persistent,3.0
Thiruvananthapuram,in_domain,baseline16,93,noise_burst,1.0,persistent,4.0
Thiruvananthapuram,in_domain,baseline16,93,noise_burst,1.0,persistent,1.0
Thiruvananthapuram,in_domain,baseline16,93,intermittent_spikes,1.0,transient,0.0
Thiruvananthapuram,in_domain,baseline16,93,intermittent_spikes,1.0,transient,0.0
Thiruvananthapuram,in_domain,baseline16,93,intermittent_spikes,1.0,transient,0.0
Thiruvananthapuram,in_domain,baseline16,93,intermittent_spikes,1.0,transient,0.0
Thiruvananthapuram,in_domain,baseline16,93,intermittent_spikes,1.0,transient,0.0
Thiruvananthapuram,in_domain,baseline16,93,intermittent_spikes,1.0,transient,13.0
Thiruvananthapuram,in_domain,baseline16,93,drift_plus_noise,1.0,persistent,9.0
Thiruvananthapuram,in_domain,baseline16,93,drift_plus_noise,1.0,persistent,0.0
Thiruvananthapuram,in_domain,baseline16,93,drift_plus_noise,0.0,persistent,
Thiruvananthapuram,in_domain,baseline16,93,bias_plus_spikes,1.0,persistent,0.0
Thiruvananthapuram,in_domain,baseline16,93,bias_plus_spikes,1.0,persistent,0.0
Thiruvananthapuram,in_domain,baseline16,93,bias_plus_spikes,1.0,persistent,1.0
Thiruvananthapuram,temporal,baseline16,93,spike,1.0,transient,0.0
Thiruvananthapuram,temporal,baseline16,93,spike,1.0,transient,0.0
Thiruvananthapuram,temporal,baseline16,93,spike,1.0,transient,0.0
Thiruvananthapuram,temporal,baseline16,93,spike,0.0,transient,
Thiruvananthapuram,temporal,baseline16,93,spike,1.0,transient,0.0
Thiruvananthapuram,temporal,baseline16,93,spike,1.0,transient,0.0
Thiruvananthapuram,temporal,baseline16,93,spike,0.0,transient,
Thiruvananthapuram,temporal,baseline16,93,spike,1.0,transient,0.0
Thiruvananthapuram,temporal,baseline16,93,spike,0.0,transient,
Thiruvananthapuram,temporal,baseline16,93,spike,0.0,transient,
Thiruvananthapuram,temporal,baseline16,93,spike,1.0,transient,0.0
Thiruvananthapuram,temporal,baseline16,93,spike,1.0,transient,0.0
Thiruvananthapuram,temporal,baseline16,93,spike,1.0,transient,0.0
Thiruvananthapuram,temporal,baseline16,93,spike,1.0,transient,0.0
Thiruvananthapuram,temporal,baseline16,93,spike,1.0,transient,0.0
Thiruvananthapuram,temporal,baseline16,93,spike,1.0,transient,0.0
Thiruvananthapuram,temporal,baseline16,93,spike,1.0,transient,0.0
Thiruvananthapuram,temporal,baseline16,93,spike,0.0,transient,
Thiruvananthapuram,temporal,baseline16,93,spike,0.0,transient,
Thiruvananthapuram,temporal,baseline16,93,spike,1.0,transient,0.0
Thiruvananthapuram,temporal,baseline16,93,spike,1.0,transient,0.0
Thiruvananthapuram,temporal,baseline16,93,spike,1.0,transient,0.0
Thiruvananthapuram,temporal,baseline16,93,spike,1.0,transient,0.0
Thiruvananthapuram,temporal,baseline16,93,spike,1.0,transient,0.0
Thiruvananthapuram,temporal,baseline16,93,drift,1.0,persistent,11.0
Thiruvananthapuram,temporal,baseline16,93,drift,1.0,persistent,4.0
Thiruvananthapuram,temporal,baseline16,93,drift,0.0,persistent,
Thiruvananthapuram,temporal,baseline16,93,drift,1.0,persistent,4.0
Thiruvananthapuram,temporal,baseline16,93,drift,1.0,persistent,3.0
Thiruvananthapuram,temporal,baseline16,93,drift,1.0,persistent,3.0
Thiruvananthapuram,temporal,baseline16,93,bias,1.0,persistent,2.0
Thiruvananthapuram,temporal,baseline16,93,bias,0.0,persistent,
Thiruvananthapuram,temporal,baseline16,93,bias,0.0,persistent,
Thiruvananthapuram,temporal,baseline16,93,bias,1.0,persistent,1.0
Thiruvananthapuram,temporal,baseline16,93,bias,0.0,persistent,
Thiruvananthapuram,temporal,baseline16,93,bias,0.0,persistent,
Thiruvananthapuram,temporal,baseline16,93,stuck_at,1.0,persistent,0.0
Thiruvananthapuram,temporal,baseline16,93,stuck_at,1.0,persistent,0.0
Thiruvananthapuram,temporal,baseline16,93,stuck_at,1.0,persistent,0.0
Thiruvananthapuram,temporal,baseline16,93,stuck_at,1.0,persistent,0.0
Thiruvananthapuram,temporal,baseline16,93,stuck_at,1.0,persistent,0.0
Thiruvananthapuram,temporal,baseline16,93,stuck_at,1.0,persistent,0.0
Thiruvananthapuram,temporal,baseline16,93,noise_burst,1.0,persistent,4.0
Thiruvananthapuram,temporal,baseline16,93,noise_burst,0.0,persistent,
Thiruvananthapuram,temporal,baseline16,93,noise_burst,0.0,persistent,
Thiruvananthapuram,temporal,baseline16,93,noise_burst,1.0,persistent,4.0
Thiruvananthapuram,temporal,baseline16,93,noise_burst,1.0,persistent,4.0
Thiruvananthapuram,temporal,baseline16,93,noise_burst,1.0,persistent,1.0
Thiruvananthapuram,temporal,baseline16,93,intermittent_spikes,1.0,transient,0.0
Thiruvananthapuram,temporal,baseline16,93,intermittent_spikes,1.0,transient,4.0
Thiruvananthapuram,temporal,baseline16,93,intermittent_spikes,1.0,transient,0.0
Thiruvananthapuram,temporal,baseline16,93,intermittent_spikes,1.0,transient,0.0
Thiruvananthapuram,temporal,baseline16,93,intermittent_spikes,1.0,transient,0.0
Thiruvananthapuram,temporal,baseline16,93,intermittent_spikes,1.0,transient,13.0
Thiruvananthapuram,temporal,baseline16,93,drift_plus_noise,1.0,persistent,1.0
Thiruvananthapuram,temporal,baseline16,93,drift_plus_noise,1.0,persistent,4.0
Thiruvananthapuram,temporal,baseline16,93,drift_plus_noise,1.0,persistent,9.0
Thiruvananthapuram,temporal,baseline16,93,bias_plus_spikes,1.0,persistent,0.0
Thiruvananthapuram,temporal,baseline16,93,bias_plus_spikes,0.0,persistent,
Thiruvananthapuram,temporal,baseline16,93,bias_plus_spikes,1.0,persistent,1.0
Thiruvananthapuram,station,baseline16,93,spike,1.0,transient,0.0
Thiruvananthapuram,station,baseline16,93,spike,0.0,transient,
Thiruvananthapuram,station,baseline16,93,spike,1.0,transient,0.0
Thiruvananthapuram,station,baseline16,93,spike,0.0,transient,
Thiruvananthapuram,station,baseline16,93,spike,1.0,transient,0.0
Thiruvananthapuram,station,baseline16,93,spike,1.0,transient,0.0
Thiruvananthapuram,station,baseline16,93,spike,0.0,transient,
Thiruvananthapuram,station,baseline16,93,spike,1.0,transient,0.0
Thiruvananthapuram,station,baseline16,93,spike,0.0,transient,
Thiruvananthapuram,station,baseline16,93,spike,0.0,transient,
Thiruvananthapuram,station,baseline16,93,spike,1.0,transient,0.0
Thiruvananthapuram,station,baseline16,93,spike,0.0,transient,
Thiruvananthapuram,station,baseline16,93,spike,1.0,transient,0.0
Thiruvananthapuram,station,baseline16,93,spike,1.0,transient,0.0
Thiruvananthapuram,station,baseline16,93,spike,1.0,transient,0.0
Thiruvananthapuram,station,baseline16,93,spike,1.0,transient,0.0
Thiruvananthapuram,station,baseline16,93,spike,1.0,transient,0.0
Thiruvananthapuram,station,baseline16,93,spike,0.0,transient,
Thiruvananthapuram,station,baseline16,93,spike,1.0,transient,0.0
Thiruvananthapuram,station,baseline16,93,spike,1.0,transient,0.0
Thiruvananthapuram,station,baseline16,93,spike,1.0,transient,0.0
Thiruvananthapuram,station,baseline16,93,spike,1.0,transient,0.0
Thiruvananthapuram,station,baseline16,93,spike,1.0,transient,0.0
Thiruvananthapuram,station,baseline16,93,spike,0.0,transient,
Thiruvananthapuram,station,baseline16,93,drift,1.0,persistent,11.0
Thiruvananthapuram,station,baseline16,93,drift,1.0,persistent,4.0
Thiruvananthapuram,station,baseline16,93,drift,0.0,persistent,
Thiruvananthapuram,station,baseline16,93,drift,1.0,persistent,4.0
Thiruvananthapuram,station,baseline16,93,drift,1.0,persistent,1.0
Thiruvananthapuram,station,baseline16,93,drift,1.0,persistent,3.0
Thiruvananthapuram,station,baseline16,93,bias,0.0,persistent,
Thiruvananthapuram,station,baseline16,93,bias,0.0,persistent,
Thiruvananthapuram,station,baseline16,93,bias,0.0,persistent,
Thiruvananthapuram,station,baseline16,93,bias,1.0,persistent,1.0
Thiruvananthapuram,station,baseline16,93,bias,0.0,persistent,
Thiruvananthapuram,station,baseline16,93,bias,0.0,persistent,
Thiruvananthapuram,station,baseline16,93,stuck_at,1.0,persistent,0.0
Thiruvananthapuram,station,baseline16,93,stuck_at,1.0,persistent,0.0
Thiruvananthapuram,station,baseline16,93,stuck_at,1.0,persistent,0.0
Thiruvananthapuram,station,baseline16,93,stuck_at,1.0,persistent,0.0
Thiruvananthapuram,station,baseline16,93,stuck_at,1.0,persistent,0.0
Thiruvananthapuram,station,baseline16,93,stuck_at,1.0,persistent,0.0
Thiruvananthapuram,station,baseline16,93,noise_burst,1.0,persistent,4.0
Thiruvananthapuram,station,baseline16,93,noise_burst,0.0,persistent,
Thiruvananthapuram,station,baseline16,93,noise_burst,0.0,persistent,
Thiruvananthapuram,station,baseline16,93,noise_burst,1.0,persistent,4.0
Thiruvananthapuram,station,baseline16,93,noise_burst,1.0,persistent,4.0
Thiruvananthapuram,station,baseline16,93,noise_burst,1.0,persistent,1.0
Thiruvananthapuram,station,baseline16,93,intermittent_spikes,1.0,transient,0.0
Thiruvananthapuram,station,baseline16,93,intermittent_spikes,1.0,transient,0.0
Thiruvananthapuram,station,baseline16,93,intermittent_spikes,1.0,transient,0.0
Thiruvananthapuram,station,baseline16,93,intermittent_spikes,1.0,transient,0.0
Thiruvananthapuram,station,baseline16,93,intermittent_spikes,1.0,transient,0.0
Thiruvananthapuram,station,baseline16,93,intermittent_spikes,1.0,transient,13.0
Thiruvananthapuram,station,baseline16,93,drift_plus_noise,1.0,persistent,9.0
Thiruvananthapuram,station,baseline16,93,drift_plus_noise,0.0,persistent,
Thiruvananthapuram,station,baseline16,93,drift_plus_noise,1.0,persistent,9.0
Thiruvananthapuram,station,baseline16,93,bias_plus_spikes,1.0,persistent,2.0
Thiruvananthapuram,station,baseline16,93,bias_plus_spikes,1.0,persistent,1.0
Thiruvananthapuram,station,baseline16,93,bias_plus_spikes,0.0,persistent,
Thiruvananthapuram,in_domain,dual18,71,spike,1.0,transient,0.0
Thiruvananthapuram,in_domain,dual18,71,spike,1.0,transient,0.0
Thiruvananthapuram,in_domain,dual18,71,spike,1.0,transient,0.0
Thiruvananthapuram,in_domain,dual18,71,spike,0.0,transient,
Thiruvananthapuram,in_domain,dual18,71,spike,1.0,transient,0.0
Thiruvananthapuram,in_domain,dual18,71,spike,1.0,transient,0.0
Thiruvananthapuram,in_domain,dual18,71,spike,0.0,transient,
Thiruvananthapuram,in_domain,dual18,71,spike,0.0,transient,
Thiruvananthapuram,in_domain,dual18,71,spike,1.0,transient,0.0
Thiruvananthapuram,in_domain,dual18,71,spike,1.0,transient,0.0
Thiruvananthapuram,in_domain,dual18,71,spike,1.0,transient,0.0
Thiruvananthapuram,in_domain,dual18,71,spike,1.0,transient,0.0
Thiruvananthapuram,in_domain,dual18,71,spike,1.0,transient,0.0
Thiruvananthapuram,in_domain,dual18,71,spike,0.0,transient,
Thiruvananthapuram,in_domain,dual18,71,spike,1.0,transient,0.0
Thiruvananthapuram,in_domain,dual18,71,spike,1.0,transient,0.0
Thiruvananthapuram,in_domain,dual18,71,spike,1.0,transient,0.0
Thiruvananthapuram,in_domain,dual18,71,spike,1.0,transient,0.0
Thiruvananthapuram,in_domain,dual18,71,spike,1.0,transient,0.0
Thiruvananthapuram,in_domain,dual18,71,spike,1.0,transient,0.0
Thiruvananthapuram,in_domain,dual18,71,spike,1.0,transient,0.0
Thiruvananthapuram,in_domain,dual18,71,spike,1.0,transient,0.0
Thiruvananthapuram,in_domain,dual18,71,spike,0.0,transient,
Thiruvananthapuram,in_domain,dual18,71,spike,0.0,transient,
Thiruvananthapuram,in_domain,dual18,71,drift,1.0,persistent,4.0
Thiruvananthapuram,in_domain,dual18,71,drift,1.0,persistent,7.0
Thiruvananthapuram,in_domain,dual18,71,drift,1.0,persistent,6.0
Thiruvananthapuram,in_domain,dual18,71,drift,1.0,persistent,7.0
Thiruvananthapuram,in_domain,dual18,71,drift,1.0,persistent,8.0
Thiruvananthapuram,in_domain,dual18,71,drift,1.0,persistent,13.0
Thiruvananthapuram,in_domain,dual18,71,bias,0.0,persistent,
Thiruvananthapuram,in_domain,dual18,71,bias,0.0,persistent,
Thiruvananthapuram,in_domain,dual18,71,bias,1.0,persistent,4.0
Thiruvananthapuram,in_domain,dual18,71,bias,1.0,persistent,6.0
Thiruvananthapuram,in_domain,dual18,71,bias,1.0,persistent,3.0
Thiruvananthapuram,in_domain,dual18,71,bias,1.0,persistent,4.0
Thiruvananthapuram,in_domain,dual18,71,stuck_at,1.0,persistent,0.0
Thiruvananthapuram,in_domain,dual18,71,stuck_at,0.0,persistent,
Thiruvananthapuram,in_domain,dual18,71,stuck_at,1.0,persistent,0.0
Thiruvananthapuram,in_domain,dual18,71,stuck_at,1.0,persistent,0.0
Thiruvananthapuram,in_domain,dual18,71,stuck_at,1.0,persistent,0.0
Thiruvananthapuram,in_domain,dual18,71,stuck_at,1.0,persistent,0.0
Thiruvananthapuram,in_domain,dual18,71,noise_burst,1.0,persistent,3.0
Thiruvananthapuram,in_domain,dual18,71,noise_burst,0.0,persistent,
Thiruvananthapuram,in_domain,dual18,71,noise_burst,0.0,persistent,
Thiruvananthapuram,in_domain,dual18,71,noise_burst,1.0,persistent,0.0
Thiruvananthapuram,in_domain,dual18,71,noise_burst,0.0,persistent,
Thiruvananthapuram,in_domain,dual18,71,noise_burst,1.0,persistent,0.0
Thiruvananthapuram,in_domain,dual18,71,intermittent_spikes,1.0,transient,0.0
Thiruvananthapuram,in_domain,dual18,71,intermittent_spikes,1.0,transient,0.0
Thiruvananthapuram,in_domain,dual18,71,intermittent_spikes,1.0,transient,0.0
Thiruvananthapuram,in_domain,dual18,71,intermittent_spikes,1.0,transient,0.0
Thiruvananthapuram,in_domain,dual18,71,intermittent_spikes,1.0,transient,0.0
Thiruvananthapuram,in_domain,dual18,71,intermittent_spikes,1.0,transient,0.0
Thiruvananthapuram,in_domain,dual18,71,drift_plus_noise,1.0,persistent,4.0
Thiruvananthapuram,in_domain,dual18,71,drift_plus_noise,1.0,persistent,12.0
Thiruvananthapuram,in_domain,dual18,71,drift_plus_noise,1.0,persistent,2.0
Thiruvananthapuram,in_domain,dual18,71,bias_plus_spikes,1.0,persistent,0.0
Thiruvananthapuram,in_domain,dual18,71,bias_plus_spikes,1.0,persistent,1.0
Thiruvananthapuram,in_domain,dual18,71,bias_plus_spikes,1.0,persistent,5.0
Thiruvananthapuram,temporal,dual18,71,spike,1.0,transient,0.0
Thiruvananthapuram,temporal,dual18,71,spike,1.0,transient,0.0
Thiruvananthapuram,temporal,dual18,71,spike,0.0,transient,
Thiruvananthapuram,temporal,dual18,71,spike,0.0,transient,
Thiruvananthapuram,temporal,dual18,71,spike,1.0,transient,0.0
Thiruvananthapuram,temporal,dual18,71,spike,1.0,transient,0.0
Thiruvananthapuram,temporal,dual18,71,spike,0.0,transient,
Thiruvananthapuram,temporal,dual18,71,spike,1.0,transient,0.0
Thiruvananthapuram,temporal,dual18,71,spike,1.0,transient,0.0
Thiruvananthapuram,temporal,dual18,71,spike,1.0,transient,0.0
Thiruvananthapuram,temporal,dual18,71,spike,1.0,transient,0.0
Thiruvananthapuram,temporal,dual18,71,spike,1.0,transient,0.0
Thiruvananthapuram,temporal,dual18,71,spike,1.0,transient,0.0
Thiruvananthapuram,temporal,dual18,71,spike,1.0,transient,0.0
Thiruvananthapuram,temporal,dual18,71,spike,0.0,transient,
Thiruvananthapuram,temporal,dual18,71,spike,1.0,transient,0.0
Thiruvananthapuram,temporal,dual18,71,spike,0.0,transient,
Thiruvananthapuram,temporal,dual18,71,spike,1.0,transient,0.0
Thiruvananthapuram,temporal,dual18,71,spike,1.0,transient,0.0
Thiruvananthapuram,temporal,dual18,71,spike,1.0,transient,0.0
Thiruvananthapuram,temporal,dual18,71,spike,1.0,transient,0.0
Thiruvananthapuram,temporal,dual18,71,spike,1.0,transient,0.0
Thiruvananthapuram,temporal,dual18,71,spike,0.0,transient,
Thiruvananthapuram,temporal,dual18,71,spike,0.0,transient,
Thiruvananthapuram,temporal,dual18,71,drift,1.0,persistent,13.0
Thiruvananthapuram,temporal,dual18,71,drift,0.0,persistent,
Thiruvananthapuram,temporal,dual18,71,drift,1.0,persistent,7.0
Thiruvananthapuram,temporal,dual18,71,drift,1.0,persistent,5.0
Thiruvananthapuram,temporal,dual18,71,drift,1.0,persistent,3.0
Thiruvananthapuram,temporal,dual18,71,drift,1.0,persistent,0.0
Thiruvananthapuram,temporal,dual18,71,bias,1.0,persistent,8.0
Thiruvananthapuram,temporal,dual18,71,bias,0.0,persistent,
Thiruvananthapuram,temporal,dual18,71,bias,1.0,persistent,2.0
Thiruvananthapuram,temporal,dual18,71,bias,1.0,persistent,3.0
Thiruvananthapuram,temporal,dual18,71,bias,1.0,persistent,2.0
Thiruvananthapuram,temporal,dual18,71,bias,1.0,persistent,6.0
Thiruvananthapuram,temporal,dual18,71,stuck_at,1.0,persistent,0.0
Thiruvananthapuram,temporal,dual18,71,stuck_at,0.0,persistent,
Thiruvananthapuram,temporal,dual18,71,stuck_at,1.0,persistent,0.0
Thiruvananthapuram,temporal,dual18,71,stuck_at,1.0,persistent,0.0
Thiruvananthapuram,temporal,dual18,71,stuck_at,1.0,persistent,0.0
Thiruvananthapuram,temporal,dual18,71,stuck_at,1.0,persistent,0.0
Thiruvananthapuram,temporal,dual18,71,noise_burst,1.0,persistent,6.0
Thiruvananthapuram,temporal,dual18,71,noise_burst,0.0,persistent,
Thiruvananthapuram,temporal,dual18,71,noise_burst,0.0,persistent,
Thiruvananthapuram,temporal,dual18,71,noise_burst,1.0,persistent,0.0
Thiruvananthapuram,temporal,dual18,71,noise_burst,1.0,persistent,0.0
Thiruvananthapuram,temporal,dual18,71,noise_burst,1.0,persistent,8.0
Thiruvananthapuram,temporal,dual18,71,intermittent_spikes,1.0,transient,6.0
Thiruvananthapuram,temporal,dual18,71,intermittent_spikes,1.0,transient,0.0
Thiruvananthapuram,temporal,dual18,71,intermittent_spikes,0.0,transient,
Thiruvananthapuram,temporal,dual18,71,intermittent_spikes,1.0,transient,5.0
Thiruvananthapuram,temporal,dual18,71,intermittent_spikes,1.0,transient,0.0
Thiruvananthapuram,temporal,dual18,71,intermittent_spikes,0.0,transient,
Thiruvananthapuram,temporal,dual18,71,drift_plus_noise,1.0,persistent,6.0
Thiruvananthapuram,temporal,dual18,71,drift_plus_noise,0.0,persistent,
Thiruvananthapuram,temporal,dual18,71,drift_plus_noise,1.0,persistent,3.0
Thiruvananthapuram,temporal,dual18,71,bias_plus_spikes,1.0,persistent,0.0
Thiruvananthapuram,temporal,dual18,71,bias_plus_spikes,0.0,persistent,
Thiruvananthapuram,temporal,dual18,71,bias_plus_spikes,1.0,persistent,8.0
Thiruvananthapuram,station,dual18,71,spike,1.0,transient,0.0
Thiruvananthapuram,station,dual18,71,spike,1.0,transient,0.0
Thiruvananthapuram,station,dual18,71,spike,0.0,transient,
Thiruvananthapuram,station,dual18,71,spike,0.0,transient,
Thiruvananthapuram,station,dual18,71,spike,0.0,transient,
Thiruvananthapuram,station,dual18,71,spike,0.0,transient,
Thiruvananthapuram,station,dual18,71,spike,0.0,transient,
Thiruvananthapuram,station,dual18,71,spike,1.0,transient,0.0
Thiruvananthapuram,station,dual18,71,spike,1.0,transient,0.0
Thiruvananthapuram,station,dual18,71,spike,1.0,transient,0.0
Thiruvananthapuram,station,dual18,71,spike,1.0,transient,0.0
Thiruvananthapuram,station,dual18,71,spike,1.0,transient,0.0
Thiruvananthapuram,station,dual18,71,spike,1.0,transient,0.0
Thiruvananthapuram,station,dual18,71,spike,1.0,transient,0.0
Thiruvananthapuram,station,dual18,71,spike,1.0,transient,0.0
Thiruvananthapuram,station,dual18,71,spike,1.0,transient,0.0
Thiruvananthapuram,station,dual18,71,spike,1.0,transient,0.0
Thiruvananthapuram,station,dual18,71,spike,1.0,transient,0.0
Thiruvananthapuram,station,dual18,71,spike,1.0,transient,0.0
Thiruvananthapuram,station,dual18,71,spike,1.0,transient,0.0
Thiruvananthapuram,station,dual18,71,spike,1.0,transient,0.0
Thiruvananthapuram,station,dual18,71,spike,1.0,transient,0.0
Thiruvananthapuram,station,dual18,71,spike,0.0,transient,
Thiruvananthapuram,station,dual18,71,spike,0.0,transient,
Thiruvananthapuram,station,dual18,71,drift,1.0,persistent,13.0
Thiruvananthapuram,station,dual18,71,drift,0.0,persistent,
Thiruvananthapuram,station,dual18,71,drift,1.0,persistent,8.0
Thiruvananthapuram,station,dual18,71,drift,0.0,persistent,
Thiruvananthapuram,station,dual18,71,drift,1.0,persistent,2.0
Thiruvananthapuram,station,dual18,71,drift,1.0,persistent,0.0
Thiruvananthapuram,station,dual18,71,bias,1.0,persistent,8.0
Thiruvananthapuram,station,dual18,71,bias,0.0,persistent,
Thiruvananthapuram,station,dual18,71,bias,1.0,persistent,2.0
Thiruvananthapuram,station,dual18,71,bias,1.0,persistent,3.0
Thiruvananthapuram,station,dual18,71,bias,1.0,persistent,4.0
Thiruvananthapuram,station,dual18,71,bias,1.0,persistent,5.0
Thiruvananthapuram,station,dual18,71,stuck_at,1.0,persistent,0.0
Thiruvananthapuram,station,dual18,71,stuck_at,0.0,persistent,
Thiruvananthapuram,station,dual18,71,stuck_at,1.0,persistent,0.0
Thiruvananthapuram,station,dual18,71,stuck_at,1.0,persistent,0.0
Thiruvananthapuram,station,dual18,71,stuck_at,1.0,persistent,0.0
Thiruvananthapuram,station,dual18,71,stuck_at,1.0,persistent,0.0
Thiruvananthapuram,station,dual18,71,noise_burst,0.0,persistent,
Thiruvananthapuram,station,dual18,71,noise_burst,1.0,persistent,8.0
Thiruvananthapuram,station,dual18,71,noise_burst,0.0,persistent,
Thiruvananthapuram,station,dual18,71,noise_burst,1.0,persistent,0.0
Thiruvananthapuram,station,dual18,71,noise_burst,1.0,persistent,0.0
Thiruvananthapuram,station,dual18,71,noise_burst,0.0,persistent,
Thiruvananthapuram,station,dual18,71,intermittent_spikes,1.0,transient,6.0
Thiruvananthapuram,station,dual18,71,intermittent_spikes,0.0,transient,
Thiruvananthapuram,station,dual18,71,intermittent_spikes,0.0,transient,
Thiruvananthapuram,station,dual18,71,intermittent_spikes,1.0,transient,2.0
Thiruvananthapuram,station,dual18,71,intermittent_spikes,1.0,transient,0.0
Thiruvananthapuram,station,dual18,71,intermittent_spikes,1.0,transient,0.0
Thiruvananthapuram,station,dual18,71,drift_plus_noise,1.0,persistent,7.0
Thiruvananthapuram,station,dual18,71,drift_plus_noise,0.0,persistent,
Thiruvananthapuram,station,dual18,71,drift_plus_noise,1.0,persistent,3.0
Thiruvananthapuram,station,dual18,71,bias_plus_spikes,1.0,persistent,0.0
Thiruvananthapuram,station,dual18,71,bias_plus_spikes,0.0,persistent,
Thiruvananthapuram,station,dual18,71,bias_plus_spikes,1.0,persistent,10.0
Thiruvananthapuram,in_domain,dual18,82,spike,1.0,transient,0.0
Thiruvananthapuram,in_domain,dual18,82,spike,1.0,transient,0.0
Thiruvananthapuram,in_domain,dual18,82,spike,1.0,transient,0.0
Thiruvananthapuram,in_domain,dual18,82,spike,1.0,transient,0.0
Thiruvananthapuram,in_domain,dual18,82,spike,1.0,transient,0.0
Thiruvananthapuram,in_domain,dual18,82,spike,0.0,transient,
Thiruvananthapuram,in_domain,dual18,82,spike,0.0,transient,
Thiruvananthapuram,in_domain,dual18,82,spike,0.0,transient,
Thiruvananthapuram,in_domain,dual18,82,spike,0.0,transient,
Thiruvananthapuram,in_domain,dual18,82,spike,1.0,transient,0.0
Thiruvananthapuram,in_domain,dual18,82,spike,1.0,transient,0.0
Thiruvananthapuram,in_domain,dual18,82,spike,0.0,transient,
Thiruvananthapuram,in_domain,dual18,82,spike,1.0,transient,0.0
Thiruvananthapuram,in_domain,dual18,82,spike,1.0,transient,0.0
Thiruvananthapuram,in_domain,dual18,82,spike,1.0,transient,0.0
Thiruvananthapuram,in_domain,dual18,82,spike,1.0,transient,0.0
Thiruvananthapuram,in_domain,dual18,82,spike,1.0,transient,0.0
Thiruvananthapuram,in_domain,dual18,82,spike,1.0,transient,0.0
Thiruvananthapuram,in_domain,dual18,82,spike,1.0,transient,0.0
Thiruvananthapuram,in_domain,dual18,82,spike,1.0,transient,2.0
Thiruvananthapuram,in_domain,dual18,82,spike,1.0,transient,0.0
Thiruvananthapuram,in_domain,dual18,82,spike,1.0,transient,1.0
Thiruvananthapuram,in_domain,dual18,82,spike,1.0,transient,0.0
Thiruvananthapuram,in_domain,dual18,82,spike,0.0,transient,
Thiruvananthapuram,in_domain,dual18,82,drift,1.0,persistent,9.0
Thiruvananthapuram,in_domain,dual18,82,drift,1.0,persistent,6.0
Thiruvananthapuram,in_domain,dual18,82,drift,1.0,persistent,6.0
Thiruvananthapuram,in_domain,dual18,82,drift,1.0,persistent,0.0
Thiruvananthapuram,in_domain,dual18,82,drift,1.0,persistent,11.0
Thiruvananthapuram,in_domain,dual18,82,drift,1.0,persistent,5.0
Thiruvananthapuram,in_domain,dual18,82,bias,1.0,persistent,4.0
Thiruvananthapuram,in_domain,dual18,82,bias,1.0,persistent,3.0
Thiruvananthapuram,in_domain,dual18,82,bias,1.0,persistent,3.0
Thiruvananthapuram,in_domain,dual18,82,bias,0.0,persistent,
Thiruvananthapuram,in_domain,dual18,82,bias,0.0,persistent,
Thiruvananthapuram,in_domain,dual18,82,bias,1.0,persistent,2.0
Thiruvananthapuram,in_domain,dual18,82,stuck_at,1.0,persistent,1.0
Thiruvananthapuram,in_domain,dual18,82,stuck_at,1.0,persistent,0.0
Thiruvananthapuram,in_domain,dual18,82,stuck_at,1.0,persistent,0.0
Thiruvananthapuram,in_domain,dual18,82,stuck_at,1.0,persistent,0.0
Thiruvananthapuram,in_domain,dual18,82,stuck_at,1.0,persistent,0.0
Thiruvananthapuram,in_domain,dual18,82,stuck_at,1.0,persistent,0.0
Thiruvananthapuram,in_domain,dual18,82,noise_burst,1.0,persistent,1.0
Thiruvananthapuram,in_domain,dual18,82,noise_burst,0.0,persistent,
Thiruvananthapuram,in_domain,dual18,82,noise_burst,1.0,persistent,5.0
Thiruvananthapuram,in_domain,dual18,82,noise_burst,1.0,persistent,0.0
Thiruvananthapuram,in_domain,dual18,82,noise_burst,1.0,persistent,4.0
Thiruvananthapuram,in_domain,dual18,82,noise_burst,1.0,persistent,1.0
Thiruvananthapuram,in_domain,dual18,82,intermittent_spikes,1.0,transient,2.0
Thiruvananthapuram,in_domain,dual18,82,intermittent_spikes,1.0,transient,0.0
Thiruvananthapuram,in_domain,dual18,82,intermittent_spikes,1.0,transient,0.0
Thiruvananthapuram,in_domain,dual18,82,intermittent_spikes,1.0,transient,0.0
Thiruvananthapuram,in_domain,dual18,82,intermittent_spikes,1.0,transient,0.0
Thiruvananthapuram,in_domain,dual18,82,intermittent_spikes,1.0,transient,0.0
Thiruvananthapuram,in_domain,dual18,82,drift_plus_noise,1.0,persistent,6.0
Thiruvananthapuram,in_domain,dual18,82,drift_plus_noise,1.0,persistent,0.0
Thiruvananthapuram,in_domain,dual18,82,drift_plus_noise,1.0,persistent,2.0
Thiruvananthapuram,in_domain,dual18,82,bias_plus_spikes,1.0,persistent,2.0
Thiruvananthapuram,in_domain,dual18,82,bias_plus_spikes,1.0,persistent,0.0
Thiruvananthapuram,in_domain,dual18,82,bias_plus_spikes,1.0,persistent,0.0
Thiruvananthapuram,temporal,dual18,82,spike,1.0,transient,0.0
Thiruvananthapuram,temporal,dual18,82,spike,1.0,transient,0.0
Thiruvananthapuram,temporal,dual18,82,spike,1.0,transient,0.0
Thiruvananthapuram,temporal,dual18,82,spike,1.0,transient,0.0
Thiruvananthapuram,temporal,dual18,82,spike,0.0,transient,
Thiruvananthapuram,temporal,dual18,82,spike,1.0,transient,0.0
Thiruvananthapuram,temporal,dual18,82,spike,0.0,transient,
Thiruvananthapuram,temporal,dual18,82,spike,0.0,transient,
Thiruvananthapuram,temporal,dual18,82,spike,0.0,transient,
Thiruvananthapuram,temporal,dual18,82,spike,0.0,transient,
Thiruvananthapuram,temporal,dual18,82,spike,1.0,transient,0.0
Thiruvananthapuram,temporal,dual18,82,spike,0.0,transient,
Thiruvananthapuram,temporal,dual18,82,spike,0.0,transient,
Thiruvananthapuram,temporal,dual18,82,spike,1.0,transient,0.0
Thiruvananthapuram,temporal,dual18,82,spike,1.0,transient,0.0
Thiruvananthapuram,temporal,dual18,82,spike,0.0,transient,
Thiruvananthapuram,temporal,dual18,82,spike,1.0,transient,0.0
Thiruvananthapuram,temporal,dual18,82,spike,1.0,transient,0.0
Thiruvananthapuram,temporal,dual18,82,spike,0.0,transient,
Thiruvananthapuram,temporal,dual18,82,spike,0.0,transient,
Thiruvananthapuram,temporal,dual18,82,spike,1.0,transient,0.0
Thiruvananthapuram,temporal,dual18,82,spike,0.0,transient,
Thiruvananthapuram,temporal,dual18,82,spike,1.0,transient,0.0
Thiruvananthapuram,temporal,dual18,82,spike,0.0,transient,
Thiruvananthapuram,temporal,dual18,82,drift,0.0,persistent,
Thiruvananthapuram,temporal,dual18,82,drift,1.0,persistent,10.0
Thiruvananthapuram,temporal,dual18,82,drift,1.0,persistent,2.0
Thiruvananthapuram,temporal,dual18,82,drift,1.0,persistent,5.0
Thiruvananthapuram,temporal,dual18,82,drift,1.0,persistent,4.0
Thiruvananthapuram,temporal,dual18,82,drift,0.0,persistent,
Thiruvananthapuram,temporal,dual18,82,bias,1.0,persistent,0.0
Thiruvananthapuram,temporal,dual18,82,bias,0.0,persistent,
Thiruvananthapuram,temporal,dual18,82,bias,0.0,persistent,
Thiruvananthapuram,temporal,dual18,82,bias,1.0,persistent,1.0
Thiruvananthapuram,temporal,dual18,82,bias,0.0,persistent,
Thiruvananthapuram,temporal,dual18,82,bias,1.0,persistent,5.0
Thiruvananthapuram,temporal,dual18,82,stuck_at,1.0,persistent,2.0
Thiruvananthapuram,temporal,dual18,82,stuck_at,1.0,persistent,0.0
Thiruvananthapuram,temporal,dual18,82,stuck_at,1.0,persistent,0.0
Thiruvananthapuram,temporal,dual18,82,stuck_at,1.0,persistent,0.0
Thiruvananthapuram,temporal,dual18,82,stuck_at,1.0,persistent,0.0
Thiruvananthapuram,temporal,dual18,82,stuck_at,1.0,persistent,0.0
Thiruvananthapuram,temporal,dual18,82,noise_burst,1.0,persistent,1.0
Thiruvananthapuram,temporal,dual18,82,noise_burst,0.0,persistent,
Thiruvananthapuram,temporal,dual18,82,noise_burst,0.0,persistent,
Thiruvananthapuram,temporal,dual18,82,noise_burst,1.0,persistent,8.0
Thiruvananthapuram,temporal,dual18,82,noise_burst,1.0,persistent,2.0
Thiruvananthapuram,temporal,dual18,82,noise_burst,0.0,persistent,
Thiruvananthapuram,temporal,dual18,82,intermittent_spikes,0.0,transient,
Thiruvananthapuram,temporal,dual18,82,intermittent_spikes,1.0,transient,0.0
Thiruvananthapuram,temporal,dual18,82,intermittent_spikes,1.0,transient,0.0
Thiruvananthapuram,temporal,dual18,82,intermittent_spikes,0.0,transient,
Thiruvananthapuram,temporal,dual18,82,intermittent_spikes,1.0,transient,0.0
Thiruvananthapuram,temporal,dual18,82,intermittent_spikes,1.0,transient,0.0
Thiruvananthapuram,temporal,dual18,82,drift_plus_noise,1.0,persistent,1.0
Thiruvananthapuram,temporal,dual18,82,drift_plus_noise,1.0,persistent,7.0
Thiruvananthapuram,temporal,dual18,82,drift_plus_noise,1.0,persistent,1.0
Thiruvananthapuram,temporal,dual18,82,bias_plus_spikes,1.0,persistent,2.0
Thiruvananthapuram,temporal,dual18,82,bias_plus_spikes,1.0,persistent,0.0
Thiruvananthapuram,temporal,dual18,82,bias_plus_spikes,1.0,persistent,5.0
Thiruvananthapuram,station,dual18,82,spike,1.0,transient,0.0
Thiruvananthapuram,station,dual18,82,spike,1.0,transient,0.0
Thiruvananthapuram,station,dual18,82,spike,0.0,transient,
Thiruvananthapuram,station,dual18,82,spike,1.0,transient,0.0
Thiruvananthapuram,station,dual18,82,spike,0.0,transient,
Thiruvananthapuram,station,dual18,82,spike,1.0,transient,0.0
Thiruvananthapuram,station,dual18,82,spike,0.0,transient,
Thiruvananthapuram,station,dual18,82,spike,0.0,transient,
Thiruvananthapuram,station,dual18,82,spike,0.0,transient,
Thiruvananthapuram,station,dual18,82,spike,1.0,transient,0.0
Thiruvananthapuram,station,dual18,82,spike,1.0,transient,0.0
Thiruvananthapuram,station,dual18,82,spike,0.0,transient,
Thiruvananthapuram,station,dual18,82,spike,1.0,transient,0.0
Thiruvananthapuram,station,dual18,82,spike,1.0,transient,0.0
Thiruvananthapuram,station,dual18,82,spike,1.0,transient,0.0
Thiruvananthapuram,station,dual18,82,spike,1.0,transient,0.0
Thiruvananthapuram,station,dual18,82,spike,1.0,transient,0.0
Thiruvananthapuram,station,dual18,82,spike,1.0,transient,0.0
Thiruvananthapuram,station,dual18,82,spike,0.0,transient,
Thiruvananthapuram,station,dual18,82,spike,1.0,transient,0.0
Thiruvananthapuram,station,dual18,82,spike,1.0,transient,0.0
Thiruvananthapuram,station,dual18,82,spike,0.0,transient,
Thiruvananthapuram,station,dual18,82,spike,1.0,transient,0.0
Thiruvananthapuram,station,dual18,82,spike,0.0,transient,
Thiruvananthapuram,station,dual18,82,drift,0.0,persistent,
Thiruvananthapuram,station,dual18,82,drift,0.0,persistent,
Thiruvananthapuram,station,dual18,82,drift,1.0,persistent,2.0
Thiruvananthapuram,station,dual18,82,drift,1.0,persistent,5.0
Thiruvananthapuram,station,dual18,82,drift,1.0,persistent,1.0
Thiruvananthapuram,station,dual18,82,drift,0.0,persistent,
Thiruvananthapuram,station,dual18,82,bias,1.0,persistent,0.0
Thiruvananthapuram,station,dual18,82,bias,0.0,persistent,
Thiruvananthapuram,station,dual18,82,bias,0.0,persistent,
Thiruvananthapuram,station,dual18,82,bias,1.0,persistent,1.0
Thiruvananthapuram,station,dual18,82,bias,0.0,persistent,
Thiruvananthapuram,station,dual18,82,bias,1.0,persistent,5.0
Thiruvananthapuram,station,dual18,82,stuck_at,1.0,persistent,2.0
Thiruvananthapuram,station,dual18,82,stuck_at,1.0,persistent,0.0
Thiruvananthapuram,station,dual18,82,stuck_at,1.0,persistent,0.0
Thiruvananthapuram,station,dual18,82,stuck_at,1.0,persistent,0.0
Thiruvananthapuram,station,dual18,82,stuck_at,1.0,persistent,0.0
Thiruvananthapuram,station,dual18,82,stuck_at,1.0,persistent,0.0
Thiruvananthapuram,station,dual18,82,noise_burst,1.0,persistent,1.0
Thiruvananthapuram,station,dual18,82,noise_burst,0.0,persistent,
Thiruvananthapuram,station,dual18,82,noise_burst,0.0,persistent,
Thiruvananthapuram,station,dual18,82,noise_burst,1.0,persistent,0.0
Thiruvananthapuram,station,dual18,82,noise_burst,1.0,persistent,2.0
Thiruvananthapuram,station,dual18,82,noise_burst,1.0,persistent,1.0
Thiruvananthapuram,station,dual18,82,intermittent_spikes,1.0,transient,7.0
Thiruvananthapuram,station,dual18,82,intermittent_spikes,1.0,transient,0.0
Thiruvananthapuram,station,dual18,82,intermittent_spikes,1.0,transient,0.0
Thiruvananthapuram,station,dual18,82,intermittent_spikes,1.0,transient,2.0
Thiruvananthapuram,station,dual18,82,intermittent_spikes,1.0,transient,0.0
Thiruvananthapuram,station,dual18,82,intermittent_spikes,1.0,transient,0.0
Thiruvananthapuram,station,dual18,82,drift_plus_noise,1.0,persistent,2.0
Thiruvananthapuram,station,dual18,82,drift_plus_noise,1.0,persistent,7.0
Thiruvananthapuram,station,dual18,82,drift_plus_noise,1.0,persistent,1.0
Thiruvananthapuram,station,dual18,82,bias_plus_spikes,1.0,persistent,2.0
Thiruvananthapuram,station,dual18,82,bias_plus_spikes,1.0,persistent,0.0
Thiruvananthapuram,station,dual18,82,bias_plus_spikes,1.0,persistent,5.0
Thiruvananthapuram,in_domain,dual18,93,spike,1.0,transient,0.0
Thiruvananthapuram,in_domain,dual18,93,spike,1.0,transient,0.0
Thiruvananthapuram,in_domain,dual18,93,spike,1.0,transient,0.0
Thiruvananthapuram,in_domain,dual18,93,spike,1.0,transient,0.0
Thiruvananthapuram,in_domain,dual18,93,spike,1.0,transient,0.0
Thiruvananthapuram,in_domain,dual18,93,spike,1.0,transient,0.0
Thiruvananthapuram,in_domain,dual18,93,spike,0.0,transient,
Thiruvananthapuram,in_domain,dual18,93,spike,1.0,transient,0.0
Thiruvananthapuram,in_domain,dual18,93,spike,1.0,transient,0.0
Thiruvananthapuram,in_domain,dual18,93,spike,1.0,transient,0.0
Thiruvananthapuram,in_domain,dual18,93,spike,1.0,transient,0.0
Thiruvananthapuram,in_domain,dual18,93,spike,1.0,transient,0.0
Thiruvananthapuram,in_domain,dual18,93,spike,1.0,transient,0.0
Thiruvananthapuram,in_domain,dual18,93,spike,1.0,transient,0.0
Thiruvananthapuram,in_domain,dual18,93,spike,1.0,transient,0.0
Thiruvananthapuram,in_domain,dual18,93,spike,1.0,transient,0.0
Thiruvananthapuram,in_domain,dual18,93,spike,1.0,transient,0.0
Thiruvananthapuram,in_domain,dual18,93,spike,1.0,transient,0.0
Thiruvananthapuram,in_domain,dual18,93,spike,1.0,transient,0.0
Thiruvananthapuram,in_domain,dual18,93,spike,1.0,transient,0.0
Thiruvananthapuram,in_domain,dual18,93,spike,1.0,transient,0.0
Thiruvananthapuram,in_domain,dual18,93,spike,1.0,transient,0.0
Thiruvananthapuram,in_domain,dual18,93,spike,1.0,transient,0.0
Thiruvananthapuram,in_domain,dual18,93,spike,0.0,transient,
Thiruvananthapuram,in_domain,dual18,93,drift,1.0,persistent,5.0
Thiruvananthapuram,in_domain,dual18,93,drift,1.0,persistent,6.0
Thiruvananthapuram,in_domain,dual18,93,drift,1.0,persistent,2.0
Thiruvananthapuram,in_domain,dual18,93,drift,1.0,persistent,8.0
Thiruvananthapuram,in_domain,dual18,93,drift,1.0,persistent,13.0
Thiruvananthapuram,in_domain,dual18,93,drift,1.0,persistent,6.0
Thiruvananthapuram,in_domain,dual18,93,bias,1.0,persistent,0.0
Thiruvananthapuram,in_domain,dual18,93,bias,1.0,persistent,0.0
Thiruvananthapuram,in_domain,dual18,93,bias,1.0,persistent,9.0
Thiruvananthapuram,in_domain,dual18,93,bias,1.0,persistent,6.0
Thiruvananthapuram,in_domain,dual18,93,bias,0.0,persistent,
Thiruvananthapuram,in_domain,dual18,93,bias,0.0,persistent,
Thiruvananthapuram,in_domain,dual18,93,stuck_at,1.0,persistent,0.0
Thiruvananthapuram,in_domain,dual18,93,stuck_at,1.0,persistent,0.0
Thiruvananthapuram,in_domain,dual18,93,stuck_at,1.0,persistent,0.0
Thiruvananthapuram,in_domain,dual18,93,stuck_at,1.0,persistent,0.0
Thiruvananthapuram,in_domain,dual18,93,stuck_at,1.0,persistent,0.0
Thiruvananthapuram,in_domain,dual18,93,stuck_at,1.0,persistent,0.0
Thiruvananthapuram,in_domain,dual18,93,noise_burst,0.0,persistent,
Thiruvananthapuram,in_domain,dual18,93,noise_burst,1.0,persistent,1.0
Thiruvananthapuram,in_domain,dual18,93,noise_burst,1.0,persistent,1.0
Thiruvananthapuram,in_domain,dual18,93,noise_burst,1.0,persistent,3.0
Thiruvananthapuram,in_domain,dual18,93,noise_burst,1.0,persistent,4.0
Thiruvananthapuram,in_domain,dual18,93,noise_burst,1.0,persistent,1.0
Thiruvananthapuram,in_domain,dual18,93,intermittent_spikes,1.0,transient,0.0
Thiruvananthapuram,in_domain,dual18,93,intermittent_spikes,1.0,transient,0.0
Thiruvananthapuram,in_domain,dual18,93,intermittent_spikes,1.0,transient,8.0
Thiruvananthapuram,in_domain,dual18,93,intermittent_spikes,1.0,transient,0.0
Thiruvananthapuram,in_domain,dual18,93,intermittent_spikes,1.0,transient,0.0
Thiruvananthapuram,in_domain,dual18,93,intermittent_spikes,1.0,transient,13.0
Thiruvananthapuram,in_domain,dual18,93,drift_plus_noise,1.0,persistent,4.0
Thiruvananthapuram,in_domain,dual18,93,drift_plus_noise,1.0,persistent,1.0
Thiruvananthapuram,in_domain,dual18,93,drift_plus_noise,1.0,persistent,4.0
Thiruvananthapuram,in_domain,dual18,93,bias_plus_spikes,1.0,persistent,0.0
Thiruvananthapuram,in_domain,dual18,93,bias_plus_spikes,1.0,persistent,1.0
Thiruvananthapuram,in_domain,dual18,93,bias_plus_spikes,1.0,persistent,2.0
Thiruvananthapuram,temporal,dual18,93,spike,1.0,transient,0.0
Thiruvananthapuram,temporal,dual18,93,spike,1.0,transient,0.0
Thiruvananthapuram,temporal,dual18,93,spike,1.0,transient,0.0
Thiruvananthapuram,temporal,dual18,93,spike,0.0,transient,
Thiruvananthapuram,temporal,dual18,93,spike,1.0,transient,0.0
Thiruvananthapuram,temporal,dual18,93,spike,1.0,transient,0.0
Thiruvananthapuram,temporal,dual18,93,spike,0.0,transient,
Thiruvananthapuram,temporal,dual18,93,spike,1.0,transient,0.0
Thiruvananthapuram,temporal,dual18,93,spike,0.0,transient,
Thiruvananthapuram,temporal,dual18,93,spike,0.0,transient,
Thiruvananthapuram,temporal,dual18,93,spike,1.0,transient,0.0
Thiruvananthapuram,temporal,dual18,93,spike,0.0,transient,
Thiruvananthapuram,temporal,dual18,93,spike,1.0,transient,0.0
Thiruvananthapuram,temporal,dual18,93,spike,1.0,transient,0.0
Thiruvananthapuram,temporal,dual18,93,spike,0.0,transient,
Thiruvananthapuram,temporal,dual18,93,spike,1.0,transient,0.0
Thiruvananthapuram,temporal,dual18,93,spike,1.0,transient,0.0
Thiruvananthapuram,temporal,dual18,93,spike,0.0,transient,
Thiruvananthapuram,temporal,dual18,93,spike,0.0,transient,
Thiruvananthapuram,temporal,dual18,93,spike,1.0,transient,0.0
Thiruvananthapuram,temporal,dual18,93,spike,1.0,transient,0.0
Thiruvananthapuram,temporal,dual18,93,spike,1.0,transient,0.0
Thiruvananthapuram,temporal,dual18,93,spike,1.0,transient,0.0
Thiruvananthapuram,temporal,dual18,93,spike,0.0,transient,
Thiruvananthapuram,temporal,dual18,93,drift,1.0,persistent,11.0
Thiruvananthapuram,temporal,dual18,93,drift,1.0,persistent,4.0
Thiruvananthapuram,temporal,dual18,93,drift,1.0,persistent,5.0
Thiruvananthapuram,temporal,dual18,93,drift,1.0,persistent,4.0
Thiruvananthapuram,temporal,dual18,93,drift,1.0,persistent,2.0
Thiruvananthapuram,temporal,dual18,93,drift,1.0,persistent,3.0
Thiruvananthapuram,temporal,dual18,93,bias,0.0,persistent,
Thiruvananthapuram,temporal,dual18,93,bias,0.0,persistent,
Thiruvananthapuram,temporal,dual18,93,bias,0.0,persistent,
Thiruvananthapuram,temporal,dual18,93,bias,1.0,persistent,1.0
Thiruvananthapuram,temporal,dual18,93,bias,0.0,persistent,
Thiruvananthapuram,temporal,dual18,93,bias,0.0,persistent,
Thiruvananthapuram,temporal,dual18,93,stuck_at,1.0,persistent,0.0
Thiruvananthapuram,temporal,dual18,93,stuck_at,1.0,persistent,0.0
Thiruvananthapuram,temporal,dual18,93,stuck_at,1.0,persistent,0.0
Thiruvananthapuram,temporal,dual18,93,stuck_at,1.0,persistent,0.0
Thiruvananthapuram,temporal,dual18,93,stuck_at,1.0,persistent,0.0
Thiruvananthapuram,temporal,dual18,93,stuck_at,1.0,persistent,0.0
Thiruvananthapuram,temporal,dual18,93,noise_burst,0.0,persistent,
Thiruvananthapuram,temporal,dual18,93,noise_burst,0.0,persistent,
Thiruvananthapuram,temporal,dual18,93,noise_burst,0.0,persistent,
Thiruvananthapuram,temporal,dual18,93,noise_burst,1.0,persistent,6.0
Thiruvananthapuram,temporal,dual18,93,noise_burst,1.0,persistent,4.0
Thiruvananthapuram,temporal,dual18,93,noise_burst,1.0,persistent,1.0
Thiruvananthapuram,temporal,dual18,93,intermittent_spikes,1.0,transient,0.0
Thiruvananthapuram,temporal,dual18,93,intermittent_spikes,1.0,transient,0.0
Thiruvananthapuram,temporal,dual18,93,intermittent_spikes,1.0,transient,0.0
Thiruvananthapuram,temporal,dual18,93,intermittent_spikes,1.0,transient,2.0
Thiruvananthapuram,temporal,dual18,93,intermittent_spikes,1.0,transient,0.0
Thiruvananthapuram,temporal,dual18,93,intermittent_spikes,1.0,transient,13.0
Thiruvananthapuram,temporal,dual18,93,drift_plus_noise,1.0,persistent,1.0
Thiruvananthapuram,temporal,dual18,93,drift_plus_noise,1.0,persistent,4.0
Thiruvananthapuram,temporal,dual18,93,drift_plus_noise,1.0,persistent,7.0
Thiruvananthapuram,temporal,dual18,93,bias_plus_spikes,1.0,persistent,2.0
Thiruvananthapuram,temporal,dual18,93,bias_plus_spikes,0.0,persistent,
Thiruvananthapuram,temporal,dual18,93,bias_plus_spikes,0.0,persistent,
Thiruvananthapuram,station,dual18,93,spike,1.0,transient,0.0
Thiruvananthapuram,station,dual18,93,spike,0.0,transient,
Thiruvananthapuram,station,dual18,93,spike,1.0,transient,0.0
Thiruvananthapuram,station,dual18,93,spike,0.0,transient,
Thiruvananthapuram,station,dual18,93,spike,1.0,transient,0.0
Thiruvananthapuram,station,dual18,93,spike,1.0,transient,0.0
Thiruvananthapuram,station,dual18,93,spike,0.0,transient,
Thiruvananthapuram,station,dual18,93,spike,0.0,transient,
Thiruvananthapuram,station,dual18,93,spike,0.0,transient,
Thiruvananthapuram,station,dual18,93,spike,0.0,transient,
Thiruvananthapuram,station,dual18,93,spike,1.0,transient,0.0
Thiruvananthapuram,station,dual18,93,spike,0.0,transient,
Thiruvananthapuram,station,dual18,93,spike,1.0,transient,0.0
Thiruvananthapuram,station,dual18,93,spike,0.0,transient,
Thiruvananthapuram,station,dual18,93,spike,1.0,transient,0.0
Thiruvananthapuram,station,dual18,93,spike,1.0,transient,0.0
Thiruvananthapuram,station,dual18,93,spike,1.0,transient,0.0
Thiruvananthapuram,station,dual18,93,spike,0.0,transient,
Thiruvananthapuram,station,dual18,93,spike,0.0,transient,
Thiruvananthapuram,station,dual18,93,spike,1.0,transient,0.0
Thiruvananthapuram,station,dual18,93,spike,1.0,transient,0.0
Thiruvananthapuram,station,dual18,93,spike,1.0,transient,0.0
Thiruvananthapuram,station,dual18,93,spike,1.0,transient,0.0
Thiruvananthapuram,station,dual18,93,spike,0.0,transient,
Thiruvananthapuram,station,dual18,93,drift,1.0,persistent,11.0
Thiruvananthapuram,station,dual18,93,drift,1.0,persistent,4.0
Thiruvananthapuram,station,dual18,93,drift,1.0,persistent,5.0
Thiruvananthapuram,station,dual18,93,drift,1.0,persistent,4.0
Thiruvananthapuram,station,dual18,93,drift,1.0,persistent,3.0
Thiruvananthapuram,station,dual18,93,drift,1.0,persistent,3.0
Thiruvananthapuram,station,dual18,93,bias,0.0,persistent,
Thiruvananthapuram,station,dual18,93,bias,0.0,persistent,
Thiruvananthapuram,station,dual18,93,bias,0.0,persistent,
Thiruvananthapuram,station,dual18,93,bias,1.0,persistent,1.0
Thiruvananthapuram,station,dual18,93,bias,0.0,persistent,
Thiruvananthapuram,station,dual18,93,bias,0.0,persistent,
Thiruvananthapuram,station,dual18,93,stuck_at,1.0,persistent,0.0
Thiruvananthapuram,station,dual18,93,stuck_at,1.0,persistent,0.0
Thiruvananthapuram,station,dual18,93,stuck_at,1.0,persistent,0.0
Thiruvananthapuram,station,dual18,93,stuck_at,1.0,persistent,0.0
Thiruvananthapuram,station,dual18,93,stuck_at,1.0,persistent,0.0
Thiruvananthapuram,station,dual18,93,stuck_at,1.0,persistent,0.0
Thiruvananthapuram,station,dual18,93,noise_burst,1.0,persistent,4.0
Thiruvananthapuram,station,dual18,93,noise_burst,0.0,persistent,
Thiruvananthapuram,station,dual18,93,noise_burst,0.0,persistent,
Thiruvananthapuram,station,dual18,93,noise_burst,1.0,persistent,6.0
Thiruvananthapuram,station,dual18,93,noise_burst,1.0,persistent,4.0
Thiruvananthapuram,station,dual18,93,noise_burst,1.0,persistent,0.0
Thiruvananthapuram,station,dual18,93,intermittent_spikes,1.0,transient,0.0
Thiruvananthapuram,station,dual18,93,intermittent_spikes,1.0,transient,0.0
Thiruvananthapuram,station,dual18,93,intermittent_spikes,1.0,transient,0.0
Thiruvananthapuram,station,dual18,93,intermittent_spikes,1.0,transient,2.0
Thiruvananthapuram,station,dual18,93,intermittent_spikes,1.0,transient,0.0
Thiruvananthapuram,station,dual18,93,intermittent_spikes,1.0,transient,13.0
Thiruvananthapuram,station,dual18,93,drift_plus_noise,1.0,persistent,1.0
Thiruvananthapuram,station,dual18,93,drift_plus_noise,1.0,persistent,4.0
Thiruvananthapuram,station,dual18,93,drift_plus_noise,1.0,persistent,7.0
Thiruvananthapuram,station,dual18,93,bias_plus_spikes,1.0,persistent,1.0
Thiruvananthapuram,station,dual18,93,bias_plus_spikes,1.0,persistent,1.0
Thiruvananthapuram,station,dual18,93,bias_plus_spikes,0.0,persistent,
