station,scenario,condition,seed,fault_type,detected,family,delay
Safdarjung (Delhi),in_domain,baseline16,104,spike,1.0,transient,0.0
Safdarjung (Delhi),in_domain,baseline16,104,spike,1.0,transient,0.0
Safdarjung (Delhi),in_domain,baseline16,104,spike,1.0,transient,0.0
Safdarjung (Delhi),in_domain,baseline16,104,spike,1.0,transient,0.0
Safdarjung (Delhi),in_domain,baseline16,104,spike,1.0,transient,0.0
Safdarjung (Delhi),in_domain,baseline16,104,spike,1.0,transient,0.0
Safdarjung (Delhi),in_domain,baseline16,104,spike,0.0,transient,
Safdarjung (Delhi),in_domain,baseline16,104,spike,0.0,transient,
Safdarjung (Delhi),in_domain,baseline16,104,spike,1.0,transient,0.0
Safdarjung (Delhi),in_domain,baseline16,104,spike,1.0,transient,0.0
Safdarjung (Delhi),in_domain,baseline16,104,spike,1.0,transient,0.0
Safdarjung (Delhi),in_domain,baseline16,104,spike,1.0,transient,0.0
Safdarjung (Delhi),in_domain,baseline16,104,spike,1.0,transient,0.0
Safdarjung (Delhi),in_domain,baseline16,104,spike,1.0,transient,0.0
Safdarjung (Delhi),in_domain,baseline16,104,spike,1.0,transient,0.0
Safdarjung (Delhi),in_domain,baseline16,104,spike,0.0,transient,
Safdarjung (Delhi),in_domain,baseline16,104,spike,1.0,transient,0.0
Safdarjung (Delhi),in_domain,baseline16,104,spike,1.0,transient,0.0
Safdarjung (Delhi),in_domain,baseline16,104,spike,1.0,transient,0.0
Safdarjung (Delhi),in_domain,baseline16,104,spike,1.0,transient,0.0
Safdarjung (Delhi),in_domain,baseline16,104,spike,1.0,transient,0.0
Safdarjung (Delhi),in_domain,baseline16,104,spike,1.0,transient,0.0
Safdarjung (Delhi),in_domain,baseline16,104,spike,0.0,transient,
Safdarjung (Delhi),in_domain,baseline16,104,spike,1.0,transient,0.0
Safdarjung (Delhi),in_domain,baseline16,104,drift,1.0,persistent,1.0
Safdarjung (Delhi),in_domain,baseline16,104,drift,1.0,persistent,10.0
Safdarjung (Delhi),in_domain,baseline16,104,drift,1.0,persistent,10.0
Safdarjung (Delhi),in_domain,baseline16,104,drift,0.0,persistent,
Safdarjung (Delhi),in_domain,baseline16,104,drift,0.0,persistent,
Safdarjung (Delhi),in_domain,baseline16,104,drift,1.0,persistent,6.0
Safdarjung (Delhi),in_domain,baseline16,104,bias,0.0,persistent,
Safdarjung (Delhi),in_domain,baseline16,104,bias,0.0,persistent,
Safdarjung (Delhi),in_domain,baseline16,104,bias,1.0,persistent,0.0
Safdarjung (Delhi),in_domain,baseline16,104,bias,1.0,persistent,8.0
Safdarjung (Delhi),in_domain,baseline16,104,bias,1.0,persistent,9.0
Safdarjung (Delhi),in_domain,baseline16,104,bias,1.0,persistent,9.0
Safdarjung (Delhi),in_domain,baseline16,104,stuck_at,1.0,persistent,0.0
Safdarjung (Delhi),in_domain,baseline16,104,stuck_at,1.0,persistent,0.0
Safdarjung (Delhi),in_domain,baseline16,104,stuck_at,1.0,persistent,0.0
Safdarjung (Delhi),in_domain,baseline16,104,stuck_at,1.0,persistent,0.0
Safdarjung (Delhi),in_domain,baseline16,104,stuck_at,1.0,persistent,0.0
Safdarjung (Delhi),in_domain,baseline16,104,stuck_at,1.0,persistent,0.0
Safdarjung (Delhi),in_domain,baseline16,104,noise_burst,0.0,persistent,
Safdarjung (Delhi),in_domain,baseline16,104,noise_burst,1.0,persistent,0.0
Safdarjung (Delhi),in_domain,baseline16,104,noise_burst,1.0,persistent,6.0
Safdarjung (Delhi),in_domain,baseline16,104,noise_burst,1.0,persistent,0.0
Safdarjung (Delhi),in_domain,baseline16,104,noise_burst,1.0,persistent,0.0
Safdarjung (Delhi),in_domain,baseline16,104,noise_burst,1.0,persistent,1.0
Safdarjung (Delhi),in_domain,baseline16,104,intermittent_spikes,1.0,transient,0.0
Safdarjung (Delhi),in_domain,baseline16,104,intermittent_spikes,1.0,transient,2.0
Safdarjung (Delhi),in_domain,baseline16,104,intermittent_spikes,1.0,transient,0.0
Safdarjung (Delhi),in_domain,baseline16,104,intermittent_spikes,1.0,transient,0.0
Safdarjung (Delhi),in_domain,baseline16,104,intermittent_spikes,1.0,transient,0.0
Safdarjung (Delhi),in_domain,baseline16,104,intermittent_spikes,1.0,transient,0.0
Safdarjung (Delhi),in_domain,baseline16,104,drift_plus_noise,1.0,persistent,14.0
Safdarjung (Delhi),in_domain,baseline16,104,drift_plus_noise,1.0,persistent,4.0
Safdarjung (Delhi),in_domain,baseline16,104,drift_plus_noise,1.0,persistent,8.0
Safdarjung (Delhi),in_domain,baseline16,104,bias_plus_spikes,1.0,persistent,0.0
Safdarjung (Delhi),in_domain,baseline16,104,bias_plus_spikes,1.0,persistent,2.0
Safdarjung (Delhi),in_domain,baseline16,104,bias_plus_spikes,1.0,persistent,0.0
Safdarjung (Delhi),temporal,baseline16,104,spike,1.0,transient,0.0
Safdarjung (Delhi),temporal,baseline16,104,spike,1.0,transient,0.0
Safdarjung (Delhi),temporal,baseline16,104,spike,0.0,transient,
Safdarjung (Delhi),temporal,baseline16,104,spike,1.0,transient,0.0
Safdarjung (Delhi),temporal,baseline16,104,spike,1.0,transient,0.0
Safdarjung (Delhi),temporal,baseline16,104,spike,1.0,transient,0.0
Safdarjung (Delhi),temporal,baseline16,104,spike,0.0,transient,
Safdarjung (Delhi),temporal,baseline16,104,spike,1.0,transient,0.0
Safdarjung (Delhi),temporal,baseline16,104,spike,0.0,transient,
Safdarjung (Delhi),temporal,baseline16,104,spike,1.0,transient,0.0
Safdarjung (Delhi),temporal,baseline16,104,spike,0.0,transient,
Safdarjung (Delhi),temporal,baseline16,104,spike,1.0,transient,0.0
Safdarjung (Delhi),temporal,baseline16,104,spike,1.0,transient,0.0
Safdarjung (Delhi),temporal,baseline16,104,spike,1.0,transient,0.0
Safdarjung (Delhi),temporal,baseline16,104,spike,0.0,transient,
Safdarjung (Delhi),temporal,baseline16,104,spike,1.0,transient,0.0
Safdarjung (Delhi),temporal,baseline16,104,spike,1.0,transient,0.0
Safdarjung (Delhi),temporal,baseline16,104,spike,0.0,transient,
Safdarjung (Delhi),temporal,baseline16,104,spike,1.0,transient,0.0
Safdarjung (Delhi),temporal,baseline16,104,spike,1.0,transient,0.0
Safdarjung (Delhi),temporal,baseline16,104,spike,1.0,transient,0.0
Safdarjung (Delhi),temporal,baseline16,104,spike,1.0,transient,0.0
Safdarjung (Delhi),temporal,baseline16,104,spike,0.0,transient,
Safdarjung (Delhi),temporal,baseline16,104,spike,1.0,transient,0.0
Safdarjung (Delhi),temporal,baseline16,104,drift,1.0,persistent,7.0
Safdarjung (Delhi),temporal,baseline16,104,drift,1.0,persistent,12.0
Safdarjung (Delhi),temporal,baseline16,104,drift,1.0,persistent,8.0
Safdarjung (Delhi),temporal,baseline16,104,drift,0.0,persistent,
Safdarjung (Delhi),temporal,baseline16,104,drift,1.0,persistent,5.0
Safdarjung (Delhi),temporal,baseline16,104,drift,0.0,persistent,
Safdarjung (Delhi),temporal,baseline16,104,bias,1.0,persistent,0.0
Safdarjung (Delhi),temporal,baseline16,104,bias,0.0,persistent,
Safdarjung (Delhi),temporal,baseline16,104,bias,0.0,persistent,
Safdarjung (Delhi),temporal,baseline16,104,bias,1.0,persistent,0.0
Safdarjung (Delhi),temporal,baseline16,104,bias,1.0,persistent,7.0
Safdarjung (Delhi),temporal,baseline16,104,bias,1.0,persistent,13.0
Safdarjung (Delhi),temporal,baseline16,104,stuck_at,1.0,persistent,0.0
Safdarjung (Delhi),temporal,baseline16,104,stuck_at,1.0,persistent,0.0
Safdarjung (Delhi),temporal,baseline16,104,stuck_at,1.0,persistent,0.0
Safdarjung (Delhi),temporal,baseline16,104,stuck_at,1.0,persistent,0.0
Safdarjung (Delhi),temporal,baseline16,104,stuck_at,1.0,persistent,0.0
Safdarjung (Delhi),temporal,baseline16,104,stuck_at,1.0,persistent,0.0
Safdarjung (Delhi),temporal,baseline16,104,noise_burst,0.0,persistent,
Safdarjung (Delhi),temporal,baseline16,104,noise_burst,1.0,persistent,5.0
Safdarjung (Delhi),temporal,baseline16,104,noise_burst,1.0,persistent,8.0
Safdarjung (Delhi),temporal,baseline16,104,noise_burst,0.0,persistent,
Safdarjung (Delhi),temporal,baseline16,104,noise_burst,1.0,persistent,0.0
Safdarjung (Delhi),temporal,baseline16,104,noise_burst,0.0,persistent,
Safdarjung (Delhi),temporal,baseline16,104,intermittent_spikes,1.0,transient,0.0
Safdarjung (Delhi),temporal,baseline16,104,intermittent_spikes,1.0,transient,2.0
Safdarjung (Delhi),temporal,baseline16,104,intermittent_spikes,1.0,transient,0.0
Safdarjung (Delhi),temporal,baseline16,104,intermittent_spikes,1.0,transient,0.0
Safdarjung (Delhi),temporal,baseline16,104,intermittent_spikes,1.0,transient,0.0
Safdarjung (Delhi),temporal,baseline16,104,intermittent_spikes,1.0,transient,0.0
Safdarjung (Delhi),temporal,baseline16,104,drift_plus_noise,1.0,persistent,0.0
Safdarjung (Delhi),temporal,baseline16,104,drift_plus_noise,1.0,persistent,2.0
Safdarjung (Delhi),temporal,baseline16,104,drift_plus_noise,1.0,persistent,8.0
Safdarjung (Delhi),temporal,baseline16,104,bias_plus_spikes,1.0,persistent,0.0
Safdarjung (Delhi),temporal,baseline16,104,bias_plus_spikes,1.0,persistent,2.0
Safdarjung (Delhi),temporal,baseline16,104,bias_plus_spikes,1.0,persistent,0.0
Safdarjung (Delhi),station,baseline16,104,spike,1.0,transient,0.0
Safdarjung (Delhi),station,baseline16,104,spike,1.0,transient,0.0
Safdarjung (Delhi),station,baseline16,104,spike,0.0,transient,
Safdarjung (Delhi),station,baseline16,104,spike,1.0,transient,0.0
Safdarjung (Delhi),station,baseline16,104,spike,1.0,transient,0.0
Safdarjung (Delhi),station,baseline16,104,spike,1.0,transient,0.0
Safdarjung (Delhi),station,baseline16,104,spike,0.0,transient,
Safdarjung (Delhi),station,baseline16,104,spike,0.0,transient,
Safdarjung (Delhi),station,baseline16,104,spike,0.0,transient,
Safdarjung (Delhi),station,baseline16,104,spike,1.0,transient,0.0
Safdarjung (Delhi),station,baseline16,104,spike,0.0,transient,
Safdarjung (Delhi),station,baseline16,104,spike,0.0,transient,
Safdarjung (Delhi),station,baseline16,104,spike,1.0,transient,0.0
Safdarjung (Delhi),station,baseline16,104,spike,1.0,transient,0.0
Safdarjung (Delhi),station,baseline16,104,spike,0.0,transient,
Safdarjung (Delhi),station,baseline16,104,spike,1.0,transient,0.0
Safdarjung (Delhi),station,baseline16,104,spike,1.0,transient,0.0
Safdarjung (Delhi),station,baseline16,104,spike,0.0,transient,
Safdarjung (Delhi),station,baseline16,104,spike,1.0,transient,0.0
Safdarjung (Delhi),station,baseline16,104,spike,1.0,transient,0.0
Safdarjung (Delhi),station,baseline16,104,spike,1.0,transient,0.0
Safdarjung (Delhi),station,baseline16,104,spike,0.0,transient,
Safdarjung (Delhi),station,baseline16,104,spike,0.0,transient,
Safdarjung (Delhi),station,baseline16,104,spike,1.0,transient,0.0
Safdarjung (Delhi),station,baseline16,104,drift,1.0,persistent,7.0
Safdarjung (Delhi),station,baseline16,104,drift,1.0,persistent,12.0
Safdarjung (Delhi),station,baseline16,104,drift,1.0,persistent,8.0
Safdarjung (Delhi),station,baseline16,104,drift,0.0,persistent,
Safdarjung (Delhi),station,baseline16,104,drift,1.0,persistent,5.0
Safdarjung (Delhi),station,baseline16,104,drift,0.0,persistent,
Safdarjung (Delhi),station,baseline16,104,bias,1.0,persistent,0.0
Safdarjung (Delhi),station,baseline16,104,bias,1.0,persistent,3.0
Safdarjung (Delhi),station,baseline16,104,bias,0.0,persistent,
Safdarjung (Delhi),station,baseline16,104,bias,1.0,persistent,0.0
Safdarjung (Delhi),station,baseline16,104,bias,1.0,persistent,5.0
Safdarjung (Delhi),station,baseline16,104,bias,1.0,persistent,5.0
Safdarjung (Delhi),station,baseline16,104,stuck_at,1.0,persistent,0.0
Safdarjung (Delhi),station,baseline16,104,stuck_at,1.0,persistent,0.0
Safdarjung (Delhi),station,baseline16,104,stuck_at,1.0,persistent,0.0
Safdarjung (Delhi),station,baseline16,104,stuck_at,1.0,persistent,0.0
Safdarjung (Delhi),station,baseline16,104,stuck_at,1.0,persistent,0.0
Safdarjung (Delhi),station,baseline16,104,stuck_at,1.0,persistent,0.0
Safdarjung (Delhi),station,baseline16,104,noise_burst,0.0,persistent,
Safdarjung (Delhi),station,baseline16,104,noise_burst,1.0,persistent,4.0
Safdarjung (Delhi),station,baseline16,104,noise_burst,1.0,persistent,11.0
Safdarjung (Delhi),station,baseline16,104,noise_burst,0.0,persistent,
Safdarjung (Delhi),station,baseline16,104,noise_burst,1.0,persistent,0.0
Safdarjung (Delhi),station,baseline16,104,noise_burst,0.0,persistent,
Safdarjung (Delhi),station,baseline16,104,intermittent_spikes,1.0,transient,8.0
Safdarjung (Delhi),station,baseline16,104,intermittent_spikes,1.0,transient,2.0
Safdarjung (Delhi),station,baseline16,104,intermittent_spikes,1.0,transient,0.0
Safdarjung (Delhi),station,baseline16,104,intermittent_spikes,1.0,transient,11.0
Safdarjung (Delhi),station,baseline16,104,intermittent_spikes,1.0,transient,0.0
Safdarjung (Delhi),station,baseline16,104,intermittent_spikes,1.0,transient,0.0
Safdarjung (Delhi),station,baseline16,104,drift_plus_noise,1.0,persistent,0.0
Safdarjung (Delhi),station,baseline16,104,drift_plus_noise,1.0,persistent,11.0
Safdarjung (Delhi),station,baseline16,104,drift_plus_noise,1.0,persistent,8.0
Safdarjung (Delhi),station,baseline16,104,bias_plus_spikes,1.0,persistent,0.0
Safdarjung (Delhi),station,baseline16,104,bias_plus_spikes,1.0,persistent,2.0
Safdarjung (Delhi),station,baseline16,104,bias_plus_spikes,1.0,persistent,0.0
Safdarjung (Delhi),in_domain,baseline16,115,spike,1.0,transient,0.0
Safdarjung (Delhi),in_domain,baseline16,115,spike,1.0,transient,0.0
Safdarjung (Delhi),in_domain,baseline16,115,spike,0.0,transient,
Safdarjung (Delhi),in_domain,baseline16,115,spike,1.0,transient,0.0
Safdarjung (Delhi),in_domain,baseline16,115,spike,1.0,transient,0.0
Safdarjung (Delhi),in_domain,baseline16,115,spike,1.0,transient,0.0
Safdarjung (Delhi),in_domain,baseline16,115,spike,1.0,transient,0.0
Safdarjung (Delhi),in_domain,baseline16,115,spike,1.0,transient,0.0
Safdarjung (Delhi),in_domain,baseline16,115,spike,0.0,transient,
Safdarjung (Delhi),in_domain,baseline16,115,spike,1.0,transient,0.0
Safdarjung (Delhi),in_domain,baseline16,115,spike,1.0,transient,0.0
Safdarjung (Delhi),in_domain,baseline16,115,spike,1.0,transient,0.0
Safdarjung (Delhi),in_domain,baseline16,115,spike,1.0,transient,0.0
Safdarjung (Delhi),in_domain,baseline16,115,spike,1.0,transient,0.0
Safdarjung (Delhi),in_domain,baseline16,115,spike,1.0,transient,0.0
Safdarjung (Delhi),in_domain,baseline16,115,spike,0.0,transient,
Safdarjung (Delhi),in_domain,baseline16,115,spike,1.0,transient,0.0
Safdarjung (Delhi),in_domain,baseline16,115,spike,0.0,transient,
Safdarjung (Delhi),in_domain,baseline16,115,spike,1.0,transient,0.0
Safdarjung (Delhi),in_domain,baseline16,115,spike,1.0,transient,0.0
Safdarjung (Delhi),in_domain,baseline16,115,spike,1.0,transient,0.0
Safdarjung (Delhi),in_domain,baseline16,115,spike,1.0,transient,0.0
Safdarjung (Delhi),in_domain,baseline16,115,spike,1.0,transient,0.0
Safdarjung (Delhi),in_domain,baseline16,115,spike,0.0,transient,
Safdarjung (Delhi),in_domain,baseline16,115,drift,0.0,persistent,
Safdarjung (Delhi),in_domain,baseline16,115,drift,1.0,persistent,12.0
Safdarjung (Delhi),in_domain,baseline16,115,drift,0.0,persistent,
Safdarjung (Delhi),in_domain,baseline16,115,drift,1.0,persistent,5.0
Safdarjung (Delhi),in_domain,baseline16,115,drift,1.0,persistent,5.0
Safdarjung (Delhi),in_domain,baseline16,115,drift,0.0,persistent,
Safdarjung (Delhi),in_domain,baseline16,115,bias,1.0,persistent,0.0
Safdarjung (Delhi),in_domain,baseline16,115,bias,0.0,persistent,
Safdarjung (Delhi),in_domain,baseline16,115,bias,1.0,persistent,4.0
Safdarjung (Delhi),in_domain,baseline16,115,bias,0.0,persistent,
Safdarjung (Delhi),in_domain,baseline16,115,bias,0.0,persistent,
Safdarjung (Delhi),in_domain,baseline16,115,bias,0.0,persistent,
Safdarjung (Delhi),in_domain,baseline16,115,stuck_at,1.0,persistent,0.0
Safdarjung (Delhi),in_domain,baseline16,115,stuck_at,1.0,persistent,0.0
Safdarjung (Delhi),in_domain,baseline16,115,stuck_at,1.0,persistent,0.0
Safdarjung (Delhi),in_domain,baseline16,115,stuck_at,1.0,persistent,0.0
Safdarjung (Delhi),in_domain,baseline16,115,stuck_at,1.0,persistent,0.0
Safdarjung (Delhi),in_domain,baseline16,115,stuck_at,1.0,persistent,0.0
Safdarjung (Delhi),in_domain,baseline16,115,noise_burst,1.0,persistent,8.0
Safdarjung (Delhi),in_domain,baseline16,115,noise_burst,1.0,persistent,2.0
Safdarjung (Delhi),in_domain,baseline16,115,noise_burst,0.0,persistent,
Safdarjung (Delhi),in_domain,baseline16,115,noise_burst,1.0,persistent,0.0
Safdarjung (Delhi),in_domain,baseline16,115,noise_burst,1.0,persistent,2.0
Safdarjung (Delhi),in_domain,baseline16,115,noise_burst,1.0,persistent,3.0
Safdarjung (Delhi),in_domain,baseline16,115,intermittent_spikes,1.0,transient,0.0
Safdarjung (Delhi),in_domain,baseline16,115,intermittent_spikes,1.0,transient,0.0
Safdarjung (Delhi),in_domain,baseline16,115,intermittent_spikes,1.0,transient,5.0
Safdarjung (Delhi),in_domain,baseline16,115,intermittent_spikes,1.0,transient,0.0
Safdarjung (Delhi),in_domain,baseline16,115,intermittent_spikes,1.0,transient,0.0
Safdarjung (Delhi),in_domain,baseline16,115,intermittent_spikes,1.0,transient,0.0
Safdarjung (Delhi),in_domain,baseline16,115,drift_plus_noise,0.0,persistent,
Safdarjung (Delhi),in_domain,baseline16,115,drift_plus_noise,1.0,persistent,6.0
Safdarjung (Delhi),in_domain,baseline16,115,drift_plus_noise,1.0,persistent,4.0
Safdarjung (Delhi),in_domain,baseline16,115,bias_plus_spikes,1.0,persistent,0.0
Safdarjung (Delhi),in_domain,baseline16,115,bias_plus_spikes,1.0,persistent,0.0
Safdarjung (Delhi),in_domain,baseline16,115,bias_plus_spikes,1.0,persistent,5.0
Safdarjung (Delhi),temporal,baseline16,115,spike,0.0,transient,
Safdarjung (Delhi),temporal,baseline16,115,spike,1.0,transient,0.0
Safdarjung (Delhi),temporal,baseline16,115,spike,0.0,transient,
Safdarjung (Delhi),temporal,baseline16,115,spike,1.0,transient,0.0
Safdarjung (Delhi),temporal,baseline16,115,spike,1.0,transient,0.0
Safdarjung (Delhi),temporal,baseline16,115,spike,1.0,transient,0.0
Safdarjung (Delhi),temporal,baseline16,115,spike,0.0,transient,
Safdarjung (Delhi),temporal,baseline16,115,spike,0.0,transient,
Safdarjung (Delhi),temporal,baseline16,115,spike,0.0,transient,
Safdarjung (Delhi),temporal,baseline16,115,spike,1.0,transient,0.0
Safdarjung (Delhi),temporal,baseline16,115,spike,0.0,transient,
Safdarjung (Delhi),temporal,baseline16,115,spike,1.0,transient,0.0
Safdarjung (Delhi),temporal,baseline16,115,spike,1.0,transient,0.0
Safdarjung (Delhi),temporal,baseline16,115,spike,1.0,transient,0.0
Safdarjung (Delhi),temporal,baseline16,115,spike,1.0,transient,0.0
Safdarjung (Delhi),temporal,baseline16,115,spike,1.0,transient,0.0
Safdarjung (Delhi),temporal,baseline16,115,spike,1.0,transient,0.0
Safdarjung (Delhi),temporal,baseline16,115,spike,1.0,transient,0.0
Safdarjung (Delhi),temporal,baseline16,115,spike,1.0,transient,0.0
Safdarjung (Delhi),temporal,baseline16,115,spike,1.0,transient,0.0
Safdarjung (Delhi),temporal,baseline16,115,spike,1.0,transient,0.0
Safdarjung (Delhi),temporal,baseline16,115,spike,1.0,transient,0.0
Safdarjung (Delhi),temporal,baseline16,115,spike,1.0,transient,0.0
Safdarjung (Delhi),temporal,baseline16,115,spike,1.0,transient,0.0
Safdarjung (Delhi),temporal,baseline16,115,drift,1.0,persistent,7.0
Safdarjung (Delhi),temporal,baseline16,115,drift,1.0,persistent,5.0
Safdarjung (Delhi),temporal,baseline16,115,drift,0.0,persistent,
Safdarjung (Delhi),temporal,baseline16,115,drift,1.0,persistent,5.0
Safdarjung (Delhi),temporal,baseline16,115,drift,0.0,persistent,
Safdarjung (Delhi),temporal,baseline16,115,drift,0.0,persistent,
Safdarjung (Delhi),temporal,baseline16,115,bias,0.0,persistent,
Safdarjung (Delhi),temporal,baseline16,115,bias,1.0,persistent,4.0
Safdarjung (Delhi),temporal,baseline16,115,bias,1.0,persistent,4.0
Safdarjung (Delhi),temporal,baseline16,115,bias,0.0,persistent,
Safdarjung (Delhi),temporal,baseline16,115,bias,1.0,persistent,3.0
Safdarjung (Delhi),temporal,baseline16,115,bias,0.0,persistent,
Safdarjung (Delhi),temporal,baseline16,115,stuck_at,1.0,persistent,0.0
Safdarjung (Delhi),temporal,baseline16,115,stuck_at,1.0,persistent,0.0
Safdarjung (Delhi),temporal,baseline16,115,stuck_at,1.0,persistent,0.0
Safdarjung (Delhi),temporal,baseline16,115,stuck_at,1.0,persistent,0.0
Safdarjung (Delhi),temporal,baseline16,115,stuck_at,1.0,persistent,0.0
Safdarjung (Delhi),temporal,baseline16,115,stuck_at,1.0,persistent,0.0
Safdarjung (Delhi),temporal,baseline16,115,noise_burst,0.0,persistent,
Safdarjung (Delhi),temporal,baseline16,115,noise_burst,1.0,persistent,0.0
Safdarjung (Delhi),temporal,baseline16,115,noise_burst,0.0,persistent,
Safdarjung (Delhi),temporal,baseline16,115,noise_burst,1.0,persistent,0.0
Safdarjung (Delhi),temporal,baseline16,115,noise_burst,1.0,persistent,2.0
Safdarjung (Delhi),temporal,baseline16,115,noise_burst,1.0,persistent,3.0
Safdarjung (Delhi),temporal,baseline16,115,intermittent_spikes,1.0,transient,0.0
Safdarjung (Delhi),temporal,baseline16,115,intermittent_spikes,1.0,transient,0.0
Safdarjung (Delhi),temporal,baseline16,115,intermittent_spikes,1.0,transient,0.0
Safdarjung (Delhi),temporal,baseline16,115,intermittent_spikes,1.0,transient,0.0
Safdarjung (Delhi),temporal,baseline16,115,intermittent_spikes,1.0,transient,0.0
Safdarjung (Delhi),temporal,baseline16,115,intermittent_spikes,1.0,transient,0.0
Safdarjung (Delhi),temporal,baseline16,115,drift_plus_noise,0.0,persistent,
Safdarjung (Delhi),temporal,baseline16,115,drift_plus_noise,1.0,persistent,0.0
Safdarjung (Delhi),temporal,baseline16,115,drift_plus_noise,1.0,persistent,6.0
Safdarjung (Delhi),temporal,baseline16,115,bias_plus_spikes,1.0,persistent,1.0
Safdarjung (Delhi),temporal,baseline16,115,bias_plus_spikes,1.0,persistent,0.0
Safdarjung (Delhi),temporal,baseline16,115,bias_plus_spikes,1.0,persistent,10.0
Safdarjung (Delhi),station,baseline16,115,spike,0.0,transient,
Safdarjung (Delhi),station,baseline16,115,spike,1.0,transient,0.0
Safdarjung (Delhi),station,baseline16,115,spike,0.0,transient,
Safdarjung (Delhi),station,baseline16,115,spike,1.0,transient,0.0
Safdarjung (Delhi),station,baseline16,115,spike,1.0,transient,0.0
Safdarjung (Delhi),station,baseline16,115,spike,1.0,transient,0.0
Safdarjung (Delhi),station,baseline16,115,spike,0.0,transient,
Safdarjung (Delhi),station,baseline16,115,spike,0.0,transient,
Safdarjung (Delhi),station,baseline16,115,spike,0.0,transient,
Safdarjung (Delhi),station,baseline16,115,spike,1.0,transient,0.0
Safdarjung (Delhi),station,baseline16,115,spike,0.0,transient,
Safdarjung (Delhi),station,baseline16,115,spike,1.0,transient,0.0
Safdarjung (Delhi),station,baseline16,115,spike,1.0,transient,0.0
Safdarjung (Delhi),station,baseline16,115,spike,0.0,transient,
Safdarjung (Delhi),station,baseline16,115,spike,1.0,transient,0.0
Safdarjung (Delhi),station,baseline16,115,spike,1.0,transient,0.0
Safdarjung (Delhi),station,baseline16,115,spike,1.0,transient,0.0
Safdarjung (Delhi),station,baseline16,115,spike,0.0,transient,
Safdarjung (Delhi),station,baseline16,115,spike,1.0,transient,0.0
Safdarjung (Delhi),station,baseline16,115,spike,1.0,transient,0.0
Safdarjung (Delhi),station,baseline16,115,spike,1.0,transient,0.0
Safdarjung (Delhi),station,baseline16,115,spike,1.0,transient,0.0
Safdarjung (Delhi),station,baseline16,115,spike,1.0,transient,0.0
Safdarjung (Delhi),station,baseline16,115,spike,1.0,transient,0.0
Safdarjung (Delhi),station,baseline16,115,drift,1.0,persistent,7.0
Safdarjung (Delhi),station,baseline16,115,drift,1.0,persistent,5.0
Safdarjung (Delhi),station,baseline16,115,drift,0.0,persistent,
Safdarjung (Delhi),station,baseline16,115,drift,1.0,persistent,5.0
Safdarjung (Delhi),station,baseline16,115,drift,1.0,persistent,8.0
Safdarjung (Delhi),station,baseline16,115,drift,0.0,persistent,
Safdarjung (Delhi),station,baseline16,115,bias,1.0,persistent,5.0
Safdarjung (Delhi),station,baseline16,115,bias,1.0,persistent,4.0
Safdarjung (Delhi),station,baseline16,115,bias,1.0,persistent,0.0
Safdarjung (Delhi),station,baseline16,115,bias,0.0,persistent,
Safdarjung (Delhi),station,baseline16,115,bias,1.0,persistent,3.0
Safdarjung (Delhi),station,baseline16,115,bias,0.0,persistent,
Safdarjung (Delhi),station,baseline16,115,stuck_at,1.0,persistent,0.0
Safdarjung (Delhi),station,baseline16,115,stuck_at,1.0,persistent,0.0
Safdarjung (Delhi),station,baseline16,115,stuck_at,1.0,persistent,0.0
Safdarjung (Delhi),station,baseline16,115,stuck_at,1.0,persistent,0.0
Safdarjung (Delhi),station,baseline16,115,stuck_at,1.0,persistent,0.0
Safdarjung (Delhi),station,baseline16,115,stuck_at,1.0,persistent,0.0
Safdarjung (Delhi),station,baseline16,115,noise_burst,0.0,persistent,
Safdarjung (Delhi),station,baseline16,115,noise_burst,1.0,persistent,0.0
Safdarjung (Delhi),station,baseline16,115,noise_burst,1.0,persistent,10.0
Safdarjung (Delhi),station,baseline16,115,noise_burst,1.0,persistent,5.0
Safdarjung (Delhi),station,baseline16,115,noise_burst,1.0,persistent,2.0
Safdarjung (Delhi),station,baseline16,115,noise_burst,1.0,persistent,3.0
Safdarjung (Delhi),station,baseline16,115,intermittent_spikes,1.0,transient,0.0
Safdarjung (Delhi),station,baseline16,115,intermittent_spikes,1.0,transient,7.0
Safdarjung (Delhi),station,baseline16,115,intermittent_spikes,1.0,transient,0.0
Safdarjung (Delhi),station,baseline16,115,intermittent_spikes,1.0,transient,0.0
Safdarjung (Delhi),station,baseline16,115,intermittent_spikes,1.0,transient,0.0
Safdarjung (Delhi),station,baseline16,115,intermittent_spikes,1.0,transient,0.0
Safdarjung (Delhi),station,baseline16,115,drift_plus_noise,0.0,persistent,
Safdarjung (Delhi),station,baseline16,115,drift_plus_noise,1.0,persistent,0.0
Safdarjung (Delhi),station,baseline16,115,drift_plus_noise,1.0,persistent,6.0
Safdarjung (Delhi),station,baseline16,115,bias_plus_spikes,1.0,persistent,1.0
Safdarjung (Delhi),station,baseline16,115,bias_plus_spikes,1.0,persistent,5.0
Safdarjung (Delhi),station,baseline16,115,bias_plus_spikes,0.0,persistent,
Safdarjung (Delhi),in_domain,baseline16,126,spike,1.0,transient,0.0
Safdarjung (Delhi),in_domain,baseline16,126,spike,1.0,transient,0.0
Safdarjung (Delhi),in_domain,baseline16,126,spike,1.0,transient,0.0
Safdarjung (Delhi),in_domain,baseline16,126,spike,1.0,transient,0.0
Safdarjung (Delhi),in_domain,baseline16,126,spike,1.0,transient,0.0
Safdarjung (Delhi),in_domain,baseline16,126,spike,1.0,transient,0.0
Safdarjung (Delhi),in_domain,baseline16,126,spike,1.0,transient,0.0
Safdarjung (Delhi),in_domain,baseline16,126,spike,0.0,transient,
Safdarjung (Delhi),in_domain,baseline16,126,spike,0.0,transient,
Safdarjung (Delhi),in_domain,baseline16,126,spike,1.0,transient,0.0
Safdarjung (Delhi),in_domain,baseline16,126,spike,1.0,transient,0.0
Safdarjung (Delhi),in_domain,baseline16,126,spike,1.0,transient,0.0
Safdarjung (Delhi),in_domain,baseline16,126,spike,1.0,transient,0.0
Safdarjung (Delhi),in_domain,baseline16,126,spike,1.0,transient,0.0
Safdarjung (Delhi),in_domain,baseline16,126,spike,1.0,transient,0.0
Safdarjung (Delhi),in_domain,baseline16,126,spike,1.0,transient,0.0
Safdarjung (Delhi),in_domain,baseline16,126,spike,1.0,transient,0.0
Safdarjung (Delhi),in_domain,baseline16,126,spike,1.0,transient,0.0
Safdarjung (Delhi),in_domain,baseline16,126,spike,1.0,transient,0.0
Safdarjung (Delhi),in_domain,baseline16,126,spike,1.0,transient,0.0
Safdarjung (Delhi),in_domain,baseline16,126,spike,1.0,transient,0.0
Safdarjung (Delhi),in_domain,baseline16,126,spike,1.0,transient,0.0
Safdarjung (Delhi),in_domain,baseline16,126,spike,1.0,transient,0.0
Safdarjung (Delhi),in_domain,baseline16,126,spike,1.0,transient,0.0
Safdarjung (Delhi),in_domain,baseline16,126,drift,1.0,persistent,8.0
Safdarjung (Delhi),in_domain,baseline16,126,drift,1.0,persistent,9.0
Safdarjung (Delhi),in_domain,baseline16,126,drift,0.0,persistent,
Safdarjung (Delhi),in_domain,baseline16,126,drift,0.0,persistent,
Safdarjung (Delhi),in_domain,baseline16,126,drift,1.0,persistent,9.0
Safdarjung (Delhi),in_domain,baseline16,126,drift,0.0,persistent,
Safdarjung (Delhi),in_domain,baseline16,126,bias,1.0,persistent,3.0
Safdarjung (Delhi),in_domain,baseline16,126,bias,0.0,persistent,
Safdarjung (Delhi),in_domain,baseline16,126,bias,1.0,persistent,1.0
Safdarjung (Delhi),in_domain,baseline16,126,bias,0.0,persistent,
Safdarjung (Delhi),in_domain,baseline16,126,bias,0.0,persistent,
Safdarjung (Delhi),in_domain,baseline16,126,bias,1.0,persistent,4.0
Safdarjung (Delhi),in_domain,baseline16,126,stuck_at,1.0,persistent,0.0
Safdarjung (Delhi),in_domain,baseline16,126,stuck_at,1.0,persistent,0.0
Safdarjung (Delhi),in_domain,baseline16,126,stuck_at,1.0,persistent,0.0
Safdarjung (Delhi),in_domain,baseline16,126,stuck_at,1.0,persistent,0.0
Safdarjung (Delhi),in_domain,baseline16,126,stuck_at,1.0,persistent,0.0
Safdarjung (Delhi),in_domain,baseline16,126,stuck_at,1.0,persistent,0.0
Safdarjung (Delhi),in_domain,baseline16,126,noise_burst,0.0,persistent,
Safdarjung (Delhi),in_domain,baseline16,126,noise_burst,1.0,persistent,6.0
Safdarjung (Delhi),in_domain,baseline16,126,noise_burst,0.0,persistent,
Safdarjung (Delhi),in_domain,baseline16,126,noise_burst,1.0,persistent,7.0
Safdarjung (Delhi),in_domain,baseline16,126,noise_burst,1.0,persistent,2.0
Safdarjung (Delhi),in_domain,baseline16,126,noise_burst,1.0,persistent,6.0
Safdarjung (Delhi),in_domain,baseline16,126,intermittent_spikes,1.0,transient,0.0
Safdarjung (Delhi),in_domain,baseline16,126,intermittent_spikes,1.0,transient,0.0
Safdarjung (Delhi),in_domain,baseline16,126,intermittent_spikes,1.0,transient,0.0
Safdarjung (Delhi),in_domain,baseline16,126,intermittent_spikes,1.0,transient,0.0
Safdarjung (Delhi),in_domain,baseline16,126,intermittent_spikes,1.0,transient,0.0
Safdarjung (Delhi),in_domain,baseline16,126,intermittent_spikes,1.0,transient,0.0
Safdarjung (Delhi),in_domain,baseline16,126,drift_plus_noise,0.0,persistent,
Safdarjung (Delhi),in_domain,baseline16,126,drift_plus_noise,1.0,persistent,13.0
Safdarjung (Delhi),in_domain,baseline16,126,drift_plus_noise,0.0,persistent,
Safdarjung (Delhi),in_domain,baseline16,126,bias_plus_spikes,1.0,persistent,0.0
Safdarjung (Delhi),in_domain,baseline16,126,bias_plus_spikes,1.0,persistent,0.0
Safdarjung (Delhi),in_domain,baseline16,126,bias_plus_spikes,1.0,persistent,2.0
Safdarjung (Delhi),temporal,baseline16,126,spike,1.0,transient,0.0
Safdarjung (Delhi),temporal,baseline16,126,spike,1.0,transient,0.0
Safdarjung (Delhi),temporal,baseline16,126,spike,1.0,transient,0.0
Safdarjung (Delhi),temporal,baseline16,126,spike,1.0,transient,0.0
Safdarjung (Delhi),temporal,baseline16,126,spike,1.0,transient,0.0
Safdarjung (Delhi),temporal,baseline16,126,spike,1.0,transient,0.0
Safdarjung (Delhi),temporal,baseline16,126,spike,1.0,transient,0.0
Safdarjung (Delhi),temporal,baseline16,126,spike,0.0,transient,
Safdarjung (Delhi),temporal,baseline16,126,spike,0.0,transient,
Safdarjung (Delhi),temporal,baseline16,126,spike,1.0,transient,0.0
Safdarjung (Delhi),temporal,baseline16,126,spike,1.0,transient,0.0
Safdarjung (Delhi),temporal,baseline16,126,spike,1.0,transient,0.0
Safdarjung (Delhi),temporal,baseline16,126,spike,1.0,transient,0.0
Safdarjung (Delhi),temporal,baseline16,126,spike,1.0,transient,0.0
Safdarjung (Delhi),temporal,baseline16,126,spike,1.0,transient,0.0
Safdarjung (Delhi),temporal,baseline16,126,spike,1.0,transient,0.0
Safdarjung (Delhi),temporal,baseline16,126,spike,1.0,transient,0.0
Safdarjung (Delhi),temporal,baseline16,126,spike,1.0,transient,0.0
Safdarjung (Delhi),temporal,baseline16,126,spike,1.0,transient,0.0
Safdarjung (Delhi),temporal,baseline16,126,spike,1.0,transient,0.0
Safdarjung (Delhi),temporal,baseline16,126,spike,1.0,transient,0.0
Safdarjung (Delhi),temporal,baseline16,126,spike,1.0,transient,0.0
Safdarjung (Delhi),temporal,baseline16,126,spike,0.0,transient,
Safdarjung (Delhi),temporal,baseline16,126,spike,0.0,transient,
Safdarjung (Delhi),temporal,baseline16,126,drift,1.0,persistent,4.0
Safdarjung (Delhi),temporal,baseline16,126,drift,0.0,persistent,
Safdarjung (Delhi),temporal,baseline16,126,drift,0.0,persistent,
Safdarjung (Delhi),temporal,baseline16,126,drift,0.0,persistent,
Safdarjung (Delhi),temporal,baseline16,126,drift,1.0,persistent,7.0
Safdarjung (Delhi),temporal,baseline16,126,drift,0.0,persistent,
Safdarjung (Delhi),temporal,baseline16,126,bias,0.0,persistent,
Safdarjung (Delhi),temporal,baseline16,126,bias,0.0,persistent,
Safdarjung (Delhi),temporal,baseline16,126,bias,0.0,persistent,
Safdarjung (Delhi),temporal,baseline16,126,bias,0.0,persistent,
Safdarjung (Delhi),temporal,baseline16,126,bias,0.0,persistent,
Safdarjung (Delhi),temporal,baseline16,126,bias,1.0,persistent,4.0
Safdarjung (Delhi),temporal,baseline16,126,stuck_at,1.0,persistent,0.0
Safdarjung (Delhi),temporal,baseline16,126,stuck_at,1.0,persistent,0.0
Safdarjung (Delhi),temporal,baseline16,126,stuck_at,1.0,persistent,0.0
Safdarjung (Delhi),temporal,baseline16,126,stuck_at,1.0,persistent,0.0
Safdarjung (Delhi),temporal,baseline16,126,stuck_at,1.0,persistent,0.0
Safdarjung (Delhi),temporal,baseline16,126,stuck_at,1.0,persistent,0.0
Safdarjung (Delhi),temporal,baseline16,126,noise_burst,0.0,persistent,
Safdarjung (Delhi),temporal,baseline16,126,noise_burst,1.0,persistent,6.0
Safdarjung (Delhi),temporal,baseline16,126,noise_burst,0.0,persistent,
Safdarjung (Delhi),temporal,baseline16,126,noise_burst,1.0,persistent,10.0
Safdarjung (Delhi),temporal,baseline16,126,noise_burst,1.0,persistent,0.0
Safdarjung (Delhi),temporal,baseline16,126,noise_burst,1.0,persistent,7.0
Safdarjung (Delhi),temporal,baseline16,126,intermittent_spikes,1.0,transient,4.0
Safdarjung (Delhi),temporal,baseline16,126,intermittent_spikes,1.0,transient,6.0
Safdarjung (Delhi),temporal,baseline16,126,intermittent_spikes,1.0,transient,0.0
Safdarjung (Delhi),temporal,baseline16,126,intermittent_spikes,1.0,transient,0.0
Safdarjung (Delhi),temporal,baseline16,126,intermittent_spikes,1.0,transient,0.0
Safdarjung (Delhi),temporal,baseline16,126,intermittent_spikes,1.0,transient,0.0
Safdarjung (Delhi),temporal,baseline16,126,drift_plus_noise,1.0,persistent,9.0
Safdarjung (Delhi),temporal,baseline16,126,drift_plus_noise,1.0,persistent,12.0
Safdarjung (Delhi),temporal,baseline16,126,drift_plus_noise,1.0,persistent,6.0
Safdarjung (Delhi),temporal,baseline16,126,bias_plus_spikes,1.0,persistent,0.0
Safdarjung (Delhi),temporal,baseline16,126,bias_plus_spikes,1.0,persistent,0.0
Safdarjung (Delhi),temporal,baseline16,126,bias_plus_spikes,1.0,persistent,2.0
Safdarjung (Delhi),station,baseline16,126,spike,1.0,transient,0.0
Safdarjung (Delhi),station,baseline16,126,spike,0.0,transient,
Safdarjung (Delhi),station,baseline16,126,spike,1.0,transient,0.0
Safdarjung (Delhi),station,baseline16,126,spike,0.0,transient,
Safdarjung (Delhi),station,baseline16,126,spike,1.0,transient,0.0
Safdarjung (Delhi),station,baseline16,126,spike,1.0,transient,0.0
Safdarjung (Delhi),station,baseline16,126,spike,1.0,transient,0.0
Safdarjung (Delhi),station,baseline16,126,spike,0.0,transient,
Safdarjung (Delhi),station,baseline16,126,spike,1.0,transient,0.0
Safdarjung (Delhi),station,baseline16,126,spike,1.0,transient,0.0
Safdarjung (Delhi),station,baseline16,126,spike,1.0,transient,0.0
Safdarjung (Delhi),station,baseline16,126,spike,0.0,transient,
Safdarjung (Delhi),station,baseline16,126,spike,1.0,transient,0.0
Safdarjung (Delhi),station,baseline16,126,spike,0.0,transient,
Safdarjung (Delhi),station,baseline16,126,spike,1.0,transient,0.0
Safdarjung (Delhi),station,baseline16,126,spike,0.0,transient,
Safdarjung (Delhi),station,baseline16,126,spike,1.0,transient,0.0
Safdarjung (Delhi),station,baseline16,126,spike,0.0,transient,
Safdarjung (Delhi),station,baseline16,126,spike,0.0,transient,
Safdarjung (Delhi),station,baseline16,126,spike,1.0,transient,0.0
Safdarjung (Delhi),station,baseline16,126,spike,1.0,transient,0.0
Safdarjung (Delhi),station,baseline16,126,spike,1.0,transient,0.0
Safdarjung (Delhi),station,baseline16,126,spike,0.0,transient,
Safdarjung (Delhi),station,baseline16,126,spike,0.0,transient,
Safdarjung (Delhi),station,baseline16,126,drift,1.0,persistent,9.0
Safdarjung (Delhi),station,baseline16,126,drift,0.0,persistent,
Safdarjung (Delhi),station,baseline16,126,drift,0.0,persistent,
Safdarjung (Delhi),station,baseline16,126,drift,1.0,persistent,9.0
Safdarjung (Delhi),station,baseline16,126,drift,1.0,persistent,7.0
Safdarjung (Delhi),station,baseline16,126,drift,0.0,persistent,
Safdarjung (Delhi),station,baseline16,126,bias,0.0,persistent,
Safdarjung (Delhi),station,baseline16,126,bias,0.0,persistent,
Safdarjung (Delhi),station,baseline16,126,bias,0.0,persistent,
Safdarjung (Delhi),station,baseline16,126,bias,0.0,persistent,
Safdarjung (Delhi),station,baseline16,126,bias,0.0,persistent,
Safdarjung (Delhi),station,baseline16,126,bias,1.0,persistent,4.0
Safdarjung (Delhi),station,baseline16,126,stuck_at,1.0,persistent,0.0
Safdarjung (Delhi),station,baseline16,126,stuck_at,1.0,persistent,0.0
Safdarjung (Delhi),station,baseline16,126,stuck_at,1.0,persistent,0.0
Safdarjung (Delhi),station,baseline16,126,stuck_at,1.0,persistent,0.0
Safdarjung (Delhi),station,baseline16,126,stuck_at,1.0,persistent,0.0
Safdarjung (Delhi),station,baseline16,126,stuck_at,1.0,persistent,0.0
Safdarjung (Delhi),station,baseline16,126,noise_burst,0.0,persistent,
Safdarjung (Delhi),station,baseline16,126,noise_burst,1.0,persistent,6.0
Safdarjung (Delhi),station,baseline16,126,noise_burst,0.0,persistent,
Safdarjung (Delhi),station,baseline16,126,noise_burst,1.0,persistent,11.0
Safdarjung (Delhi),station,baseline16,126,noise_burst,1.0,persistent,0.0
Safdarjung (Delhi),station,baseline16,126,noise_burst,1.0,persistent,4.0
Safdarjung (Delhi),station,baseline16,126,intermittent_spikes,1.0,transient,4.0
Safdarjung (Delhi),station,baseline16,126,intermittent_spikes,1.0,transient,6.0
Safdarjung (Delhi),station,baseline16,126,intermittent_spikes,1.0,transient,0.0
Safdarjung (Delhi),station,baseline16,126,intermittent_spikes,1.0,transient,0.0
Safdarjung (Delhi),station,baseline16,126,intermittent_spikes,1.0,transient,11.0
Safdarjung (Delhi),station,baseline16,126,intermittent_spikes,1.0,transient,0.0
Safdarjung (Delhi),station,baseline16,126,drift_plus_noise,1.0,persistent,9.0
Safdarjung (Delhi),station,baseline16,126,drift_plus_noise,1.0,persistent,5.0
Safdarjung (Delhi),station,baseline16,126,drift_plus_noise,1.0,persistent,6.0
Safdarjung (Delhi),station,baseline16,126,bias_plus_spikes,1.0,persistent,0.0
Safdarjung (Delhi),station,baseline16,126,bias_plus_spikes,1.0,persistent,0.0
Safdarjung (Delhi),station,baseline16,126,bias_plus_spikes,1.0,persistent,2.0
Safdarjung (Delhi),in_domain,clim_short17,104,spike,1.0,transient,0.0
Safdarjung (Delhi),in_domain,clim_short17,104,spike,1.0,transient,0.0
Safdarjung (Delhi),in_domain,clim_short17,104,spike,1.0,transient,0.0
Safdarjung (Delhi),in_domain,clim_short17,104,spike,1.0,transient,0.0
Safdarjung (Delhi),in_domain,clim_short17,104,spike,1.0,transient,0.0
Safdarjung (Delhi),in_domain,clim_short17,104,spike,1.0,transient,0.0
Safdarjung (Delhi),in_domain,clim_short17,104,spike,1.0,transient,0.0
Safdarjung (Delhi),in_domain,clim_short17,104,spike,0.0,transient,
Safdarjung (Delhi),in_domain,clim_short17,104,spike,1.0,transient,0.0
Safdarjung (Delhi),in_domain,clim_short17,104,spike,1.0,transient,0.0
Safdarjung (Delhi),in_domain,clim_short17,104,spike,1.0,transient,0.0
Safdarjung (Delhi),in_domain,clim_short17,104,spike,1.0,transient,0.0
Safdarjung (Delhi),in_domain,clim_short17,104,spike,1.0,transient,0.0
Safdarjung (Delhi),in_domain,clim_short17,104,spike,1.0,transient,0.0
Safdarjung (Delhi),in_domain,clim_short17,104,spike,1.0,transient,0.0
Safdarjung (Delhi),in_domain,clim_short17,104,spike,0.0,transient,
Safdarjung (Delhi),in_domain,clim_short17,104,spike,1.0,transient,0.0
Safdarjung (Delhi),in_domain,clim_short17,104,spike,1.0,transient,0.0
Safdarjung (Delhi),in_domain,clim_short17,104,spike,1.0,transient,0.0
Safdarjung (Delhi),in_domain,clim_short17,104,spike,1.0,transient,0.0
Safdarjung (Delhi),in_domain,clim_short17,104,spike,1.0,transient,0.0
Safdarjung (Delhi),in_domain,clim_short17,104,spike,1.0,transient,0.0
Safdarjung (Delhi),in_domain,clim_short17,104,spike,0.0,transient,
Safdarjung (Delhi),in_domain,clim_short17,104,spike,1.0,transient,0.0
Safdarjung (Delhi),in_domain,clim_short17,104,drift,1.0,persistent,1.0
Safdarjung (Delhi),in_domain,clim_short17,104,drift,1.0,persistent,10.0
Safdarjung (Delhi),in_domain,clim_short17,104,drift,1.0,persistent,10.0
Safdarjung (Delhi),in_domain,clim_short17,104,drift,0.0,persistent,
Safdarjung (Delhi),in_domain,clim_short17,104,drift,1.0,persistent,9.0
Safdarjung (Delhi),in_domain,clim_short17,104,drift,1.0,persistent,6.0
Safdarjung (Delhi),in_domain,clim_short17,104,bias,0.0,persistent,
Safdarjung (Delhi),in_domain,clim_short17,104,bias,0.0,persistent,
Safdarjung (Delhi),in_domain,clim_short17,104,bias,0.0,persistent,
Safdarjung (Delhi),in_domain,clim_short17,104,bias,1.0,persistent,10.0
Safdarjung (Delhi),in_domain,clim_short17,104,bias,0.0,persistent,
Safdarjung (Delhi),in_domain,clim_short17,104,bias,1.0,persistent,0.0
Safdarjung (Delhi),in_domain,clim_short17,104,stuck_at,1.0,persistent,0.0
Safdarjung (Delhi),in_domain,clim_short17,104,stuck_at,1.0,persistent,0.0
Safdarjung (Delhi),in_domain,clim_short17,104,stuck_at,1.0,persistent,0.0
Safdarjung (Delhi),in_domain,clim_short17,104,stuck_at,1.0,persistent,0.0
Safdarjung (Delhi),in_domain,clim_short17,104,stuck_at,1.0,persistent,0.0
Safdarjung (Delhi),in_domain,clim_short17,104,stuck_at,1.0,persistent,0.0
Safdarjung (Delhi),in_domain,clim_short17,104,noise_burst,1.0,persistent,0.0
Safdarjung (Delhi),in_domain,clim_short17,104,noise_burst,1.0,persistent,0.0
Safdarjung (Delhi),in_domain,clim_short17,104,noise_burst,1.0,persistent,6.0
Safdarjung (Delhi),in_domain,clim_short17,104,noise_burst,1.0,persistent,0.0
Safdarjung (Delhi),in_domain,clim_short17,104,noise_burst,1.0,persistent,0.0
Safdarjung (Delhi),in_domain,clim_short17,104,noise_burst,1.0,persistent,1.0
Safdarjung (Delhi),in_domain,clim_short17,104,intermittent_spikes,1.0,transient,0.0
Safdarjung (Delhi),in_domain,clim_short17,104,intermittent_spikes,1.0,transient,2.0
Safdarjung (Delhi),in_domain,clim_short17,104,intermittent_spikes,1.0,transient,0.0
Safdarjung (Delhi),in_domain,clim_short17,104,intermittent_spikes,1.0,transient,0.0
Safdarjung (Delhi),in_domain,clim_short17,104,intermittent_spikes,1.0,transient,0.0
Safdarjung (Delhi),in_domain,clim_short17,104,intermittent_spikes,1.0,transient,0.0
Safdarjung (Delhi),in_domain,clim_short17,104,drift_plus_noise,1.0,persistent,14.0
Safdarjung (Delhi),in_domain,clim_short17,104,drift_plus_noise,1.0,persistent,4.0
Safdarjung (Delhi),in_domain,clim_short17,104,drift_plus_noise,1.0,persistent,8.0
Safdarjung (Delhi),in_domain,clim_short17,104,bias_plus_spikes,1.0,persistent,0.0
Safdarjung (Delhi),in_domain,clim_short17,104,bias_plus_spikes,1.0,persistent,2.0
Safdarjung (Delhi),in_domain,clim_short17,104,bias_plus_spikes,1.0,persistent,0.0
Safdarjung (Delhi),temporal,clim_short17,104,spike,1.0,transient,0.0
Safdarjung (Delhi),temporal,clim_short17,104,spike,1.0,transient,0.0
Safdarjung (Delhi),temporal,clim_short17,104,spike,0.0,transient,
Safdarjung (Delhi),temporal,clim_short17,104,spike,1.0,transient,0.0
Safdarjung (Delhi),temporal,clim_short17,104,spike,1.0,transient,0.0
Safdarjung (Delhi),temporal,clim_short17,104,spike,1.0,transient,0.0
Safdarjung (Delhi),temporal,clim_short17,104,spike,0.0,transient,
Safdarjung (Delhi),temporal,clim_short17,104,spike,0.0,transient,
Safdarjung (Delhi),temporal,clim_short17,104,spike,0.0,transient,
Safdarjung (Delhi),temporal,clim_short17,104,spike,1.0,transient,0.0
Safdarjung (Delhi),temporal,clim_short17,104,spike,0.0,transient,
Safdarjung (Delhi),temporal,clim_short17,104,spike,1.0,transient,0.0
Safdarjung (Delhi),temporal,clim_short17,104,spike,1.0,transient,0.0
Safdarjung (Delhi),temporal,clim_short17,104,spike,1.0,transient,0.0
Safdarjung (Delhi),temporal,clim_short17,104,spike,0.0,transient,
Safdarjung (Delhi),temporal,clim_short17,104,spike,1.0,transient,0.0
Safdarjung (Delhi),temporal,clim_short17,104,spike,1.0,transient,0.0
Safdarjung (Delhi),temporal,clim_short17,104,spike,1.0,transient,0.0
Safdarjung (Delhi),temporal,clim_short17,104,spike,1.0,transient,0.0
Safdarjung (Delhi),temporal,clim_short17,104,spike,1.0,transient,0.0
Safdarjung (Delhi),temporal,clim_short17,104,spike,1.0,transient,0.0
Safdarjung (Delhi),temporal,clim_short17,104,spike,1.0,transient,0.0
Safdarjung (Delhi),temporal,clim_short17,104,spike,0.0,transient,
Safdarjung (Delhi),temporal,clim_short17,104,spike,1.0,transient,0.0
Safdarjung (Delhi),temporal,clim_short17,104,drift,1.0,persistent,4.0
Safdarjung (Delhi),temporal,clim_short17,104,drift,0.0,persistent,
Safdarjung (Delhi),temporal,clim_short17,104,drift,1.0,persistent,0.0
Safdarjung (Delhi),temporal,clim_short17,104,drift,0.0,persistent,
Safdarjung (Delhi),temporal,clim_short17,104,drift,1.0,persistent,10.0
Safdarjung (Delhi),temporal,clim_short17,104,drift,0.0,persistent,
Safdarjung (Delhi),temporal,clim_short17,104,bias,1.0,persistent,0.0
Safdarjung (Delhi),temporal,clim_short17,104,bias,0.0,persistent,
Safdarjung (Delhi),temporal,clim_short17,104,bias,0.0,persistent,
Safdarjung (Delhi),temporal,clim_short17,104,bias,0.0,persistent,
Safdarjung (Delhi),temporal,clim_short17,104,bias,1.0,persistent,6.0
Safdarjung (Delhi),temporal,clim_short17,104,bias,1.0,persistent,4.0
Safdarjung (Delhi),temporal,clim_short17,104,stuck_at,1.0,persistent,0.0
Safdarjung (Delhi),temporal,clim_short17,104,stuck_at,1.0,persistent,0.0
Safdarjung (Delhi),temporal,clim_short17,104,stuck_at,1.0,persistent,0.0
Safdarjung (Delhi),temporal,clim_short17,104,stuck_at,1.0,persistent,0.0
Safdarjung (Delhi),temporal,clim_short17,104,stuck_at,1.0,persistent,0.0
Safdarjung (Delhi),temporal,clim_short17,104,stuck_at,1.0,persistent,0.0
Safdarjung (Delhi),temporal,clim_short17,104,noise_burst,0.0,persistent,
Safdarjung (Delhi),temporal,clim_short17,104,noise_burst,1.0,persistent,5.0
Safdarjung (Delhi),temporal,clim_short17,104,noise_burst,1.0,persistent,9.0
Safdarjung (Delhi),temporal,clim_short17,104,noise_burst,0.0,persistent,
Safdarjung (Delhi),temporal,clim_short17,104,noise_burst,1.0,persistent,0.0
Safdarjung (Delhi),temporal,clim_short17,104,noise_burst,0.0,persistent,
Safdarjung (Delhi),temporal,clim_short17,104,intermittent_spikes,1.0,transient,0.0
Safdarjung (Delhi),temporal,clim_short17,104,intermittent_spikes,1.0,transient,2.0
Safdarjung (Delhi),temporal,clim_short17,104,intermittent_spikes,1.0,transient,0.0
Safdarjung (Delhi),temporal,clim_short17,104,intermittent_spikes,1.0,transient,0.0
Safdarjung (Delhi),temporal,clim_short17,104,intermittent_spikes,1.0,transient,0.0
Safdarjung (Delhi),temporal,clim_short17,104,intermittent_spikes,1.0,transient,0.0
Safdarjung (Delhi),temporal,clim_short17,104,drift_plus_noise,1.0,persistent,0.0
Safdarjung (Delhi),temporal,clim_short17,104,drift_plus_noise,1.0,persistent,4.0
Safdarjung (Delhi),temporal,clim_short17,104,drift_plus_noise,1.0,persistent,8.0
Safdarjung (Delhi),temporal,clim_short17,104,bias_plus_spikes,1.0,persistent,0.0
Safdarjung (Delhi),temporal,clim_short17,104,bias_plus_spikes,1.0,persistent,0.0
Safdarjung (Delhi),temporal,clim_short17,104,bias_plus_spikes,1.0,persistent,0.0
Safdarjung (Delhi),station,clim_short17,104,spike,1.0,transient,0.0
Safdarjung (Delhi),station,clim_short17,104,spike,1.0,transient,0.0
Safdarjung (Delhi),station,clim_short17,104,spike,0.0,transient,
Safdarjung (Delhi),station,clim_short17,104,spike,1.0,transient,0.0
Safdarjung (Delhi),station,clim_short17,104,spike,1.0,transient,0.0
Safdarjung (Delhi),station,clim_short17,104,spike,1.0,transient,0.0
Safdarjung (Delhi),station,clim_short17,104,spike,0.0,transient,
Safdarjung (Delhi),station,clim_short17,104,spike,1.0,transient,0.0
Safdarjung (Delhi),station,clim_short17,104,spike,0.0,transient,
Safdarjung (Delhi),station,clim_short17,104,spike,1.0,transient,0.0
Safdarjung (Delhi),station,clim_short17,104,spike,0.0,transient,
Safdarjung (Delhi),station,clim_short17,104,spike,1.0,transient,0.0
Safdarjung (Delhi),station,clim_short17,104,spike,1.0,transient,0.0
Safdarjung (Delhi),station,clim_short17,104,spike,1.0,transient,0.0
Safdarjung (Delhi),station,clim_short17,104,spike,0.0,transient,
Safdarjung (Delhi),station,clim_short17,104,spike,1.0,transient,0.0
Safdarjung (Delhi),station,clim_short17,104,spike,0.0,transient,
Safdarjung (Delhi),station,clim_short17,104,spike,0.0,transient,
Safdarjung (Delhi),station,clim_short17,104,spike,1.0,transient,0.0
Safdarjung (Delhi),station,clim_short17,104,spike,1.0,transient,0.0
Safdarjung (Delhi),station,clim_short17,104,spike,1.0,transient,1.0
Safdarjung (Delhi),station,clim_short17,104,spike,0.0,transient,
Safdarjung (Delhi),station,clim_short17,104,spike,0.0,transient,
Safdarjung (Delhi),station,clim_short17,104,spike,1.0,transient,0.0
Safdarjung (Delhi),station,clim_short17,104,drift,1.0,persistent,4.0
Safdarjung (Delhi),station,clim_short17,104,drift,1.0,persistent,12.0
Safdarjung (Delhi),station,clim_short17,104,drift,1.0,persistent,14.0
Safdarjung (Delhi),station,clim_short17,104,drift,0.0,persistent,
Safdarjung (Delhi),station,clim_short17,104,drift,1.0,persistent,3.0
Safdarjung (Delhi),station,clim_short17,104,drift,0.0,persistent,
Safdarjung (Delhi),station,clim_short17,104,bias,1.0,persistent,0.0
Safdarjung (Delhi),station,clim_short17,104,bias,0.0,persistent,
Safdarjung (Delhi),station,clim_short17,104,bias,0.0,persistent,
Safdarjung (Delhi),station,clim_short17,104,bias,0.0,persistent,
Safdarjung (Delhi),station,clim_short17,104,bias,1.0,persistent,5.0
Safdarjung (Delhi),station,clim_short17,104,bias,1.0,persistent,4.0
Safdarjung (Delhi),station,clim_short17,104,stuck_at,1.0,persistent,0.0
Safdarjung (Delhi),station,clim_short17,104,stuck_at,1.0,persistent,0.0
Safdarjung (Delhi),station,clim_short17,104,stuck_at,1.0,persistent,0.0
Safdarjung (Delhi),station,clim_short17,104,stuck_at,1.0,persistent,0.0
Safdarjung (Delhi),station,clim_short17,104,stuck_at,1.0,persistent,0.0
Safdarjung (Delhi),station,clim_short17,104,stuck_at,1.0,persistent,0.0
Safdarjung (Delhi),station,clim_short17,104,noise_burst,0.0,persistent,
Safdarjung (Delhi),station,clim_short17,104,noise_burst,1.0,persistent,5.0
Safdarjung (Delhi),station,clim_short17,104,noise_burst,1.0,persistent,8.0
Safdarjung (Delhi),station,clim_short17,104,noise_burst,0.0,persistent,
Safdarjung (Delhi),station,clim_short17,104,noise_burst,1.0,persistent,0.0
Safdarjung (Delhi),station,clim_short17,104,noise_burst,0.0,persistent,
Safdarjung (Delhi),station,clim_short17,104,intermittent_spikes,1.0,transient,0.0
Safdarjung (Delhi),station,clim_short17,104,intermittent_spikes,1.0,transient,2.0
Safdarjung (Delhi),station,clim_short17,104,intermittent_spikes,1.0,transient,0.0
Safdarjung (Delhi),station,clim_short17,104,intermittent_spikes,1.0,transient,0.0
Safdarjung (Delhi),station,clim_short17,104,intermittent_spikes,1.0,transient,0.0
Safdarjung (Delhi),station,clim_short17,104,intermittent_spikes,1.0,transient,0.0
Safdarjung (Delhi),station,clim_short17,104,drift_plus_noise,1.0,persistent,0.0
Safdarjung (Delhi),station,clim_short17,104,drift_plus_noise,1.0,persistent,11.0
Safdarjung (Delhi),station,clim_short17,104,drift_plus_noise,1.0,persistent,8.0
Safdarjung (Delhi),station,clim_short17,104,bias_plus_spikes,1.0,persistent,0.0
Safdarjung (Delhi),station,clim_short17,104,bias_plus_spikes,1.0,persistent,2.0
Safdarjung (Delhi),station,clim_short17,104,bias_plus_spikes,1.0,persistent,0.0
Safdarjung (Delhi),in_domain,clim_short17,115,spike,1.0,transient,0.0
Safdarjung (Delhi),in_domain,clim_short17,115,spike,1.0,transient,0.0
Safdarjung (Delhi),in_domain,clim_short17,115,spike,0.0,transient,
Safdarjung (Delhi),in_domain,clim_short17,115,spike,1.0,transient,0.0
Safdarjung (Delhi),in_domain,clim_short17,115,spike,1.0,transient,0.0
Safdarjung (Delhi),in_domain,clim_short17,115,spike,1.0,transient,0.0
Safdarjung (Delhi),in_domain,clim_short17,115,spike,1.0,transient,0.0
Safdarjung (Delhi),in_domain,clim_short17,115,spike,1.0,transient,0.0
Safdarjung (Delhi),in_domain,clim_short17,115,spike,0.0,transient,
Safdarjung (Delhi),in_domain,clim_short17,115,spike,1.0,transient,0.0
Safdarjung (Delhi),in_domain,clim_short17,115,spike,1.0,transient,0.0
Safdarjung (Delhi),in_domain,clim_short17,115,spike,1.0,transient,0.0
Safdarjung (Delhi),in_domain,clim_short17,115,spike,1.0,transient,0.0
Safdarjung (Delhi),in_domain,clim_short17,115,spike,1.0,transient,0.0
Safdarjung (Delhi),in_domain,clim_short17,115,spike,1.0,transient,0.0
Safdarjung (Delhi),in_domain,clim_short17,115,spike,1.0,transient,0.0
Safdarjung (Delhi),in_domain,clim_short17,115,spike,1.0,transient,0.0
Safdarjung (Delhi),in_domain,clim_short17,115,spike,0.0,transient,
Safdarjung (Delhi),in_domain,clim_short17,115,spike,1.0,transient,0.0
Safdarjung (Delhi),in_domain,clim_short17,115,spike,1.0,transient,0.0
Safdarjung (Delhi),in_domain,clim_short17,115,spike,1.0,transient,0.0
Safdarjung (Delhi),in_domain,clim_short17,115,spike,1.0,transient,0.0
Safdarjung (Delhi),in_domain,clim_short17,115,spike,1.0,transient,0.0
Safdarjung (Delhi),in_domain,clim_short17,115,spike,1.0,transient,0.0
Safdarjung (Delhi),in_domain,clim_short17,115,drift,1.0,persistent,9.0
Safdarjung (Delhi),in_domain,clim_short17,115,drift,0.0,persistent,
Safdarjung (Delhi),in_domain,clim_short17,115,drift,1.0,persistent,10.0
Safdarjung (Delhi),in_domain,clim_short17,115,drift,1.0,persistent,5.0
Safdarjung (Delhi),in_domain,clim_short17,115,drift,1.0,persistent,5.0
Safdarjung (Delhi),in_domain,clim_short17,115,drift,0.0,persistent,
Safdarjung (Delhi),in_domain,clim_short17,115,bias,1.0,persistent,0.0
Safdarjung (Delhi),in_domain,clim_short17,115,bias,0.0,persistent,
Safdarjung (Delhi),in_domain,clim_short17,115,bias,1.0,persistent,0.0
Safdarjung (Delhi),in_domain,clim_short17,115,bias,0.0,persistent,
Safdarjung (Delhi),in_domain,clim_short17,115,bias,0.0,persistent,
Safdarjung (Delhi),in_domain,clim_short17,115,bias,0.0,persistent,
Safdarjung (Delhi),in_domain,clim_short17,115,stuck_at,1.0,persistent,0.0
Safdarjung (Delhi),in_domain,clim_short17,115,stuck_at,1.0,persistent,0.0
Safdarjung (Delhi),in_domain,clim_short17,115,stuck_at,1.0,persistent,0.0
Safdarjung (Delhi),in_domain,clim_short17,115,stuck_at,1.0,persistent,0.0
Safdarjung (Delhi),in_domain,clim_short17,115,stuck_at,1.0,persistent,0.0
Safdarjung (Delhi),in_domain,clim_short17,115,stuck_at,1.0,persistent,0.0
Safdarjung (Delhi),in_domain,clim_short17,115,noise_burst,1.0,persistent,8.0
Safdarjung (Delhi),in_domain,clim_short17,115,noise_burst,1.0,persistent,2.0
Safdarjung (Delhi),in_domain,clim_short17,115,noise_burst,0.0,persistent,
Safdarjung (Delhi),in_domain,clim_short17,115,noise_burst,1.0,persistent,0.0
Safdarjung (Delhi),in_domain,clim_short17,115,noise_burst,1.0,persistent,5.0
Safdarjung (Delhi),in_domain,clim_short17,115,noise_burst,1.0,persistent,3.0
Safdarjung (Delhi),in_domain,clim_short17,115,intermittent_spikes,1.0,transient,0.0
Safdarjung (Delhi),in_domain,clim_short17,115,intermittent_spikes,1.0,transient,0.0
Safdarjung (Delhi),in_domain,clim_short17,115,intermittent_spikes,1.0,transient,0.0
Safdarjung (Delhi),in_domain,clim_short17,115,intermittent_spikes,1.0,transient,0.0
Safdarjung (Delhi),in_domain,clim_short17,115,intermittent_spikes,1.0,transient,0.0
Safdarjung (Delhi),in_domain,clim_short17,115,intermittent_spikes,1.0,transient,0.0
Safdarjung (Delhi),in_domain,clim_short17,115,drift_plus_noise,0.0,persistent,
Safdarjung (Delhi),in_domain,clim_short17,115,drift_plus_noise,1.0,persistent,6.0
Safdarjung (Delhi),in_domain,clim_short17,115,drift_plus_noise,1.0,persistent,3.0
Safdarjung (Delhi),in_domain,clim_short17,115,bias_plus_spikes,1.0,persistent,0.0
Safdarjung (Delhi),in_domain,clim_short17,115,bias_plus_spikes,1.0,persistent,0.0
Safdarjung (Delhi),in_domain,clim_short17,115,bias_plus_spikes,1.0,persistent,5.0
Safdarjung (Delhi),temporal,clim_short17,115,spike,0.0,transient,
Safdarjung (Delhi),temporal,clim_short17,115,spike,1.0,transient,0.0
Safdarjung (Delhi),temporal,clim_short17,115,spike,0.0,transient,
Safdarjung (Delhi),temporal,clim_short17,115,spike,1.0,transient,0.0
Safdarjung (Delhi),temporal,clim_short17,115,spike,1.0,transient,0.0
Safdarjung (Delhi),temporal,clim_short17,115,spike,1.0,transient,0.0
Safdarjung (Delhi),temporal,clim_short17,115,spike,1.0,transient,0.0
Safdarjung (Delhi),temporal,clim_short17,115,spike,0.0,transient,
Safdarjung (Delhi),temporal,clim_short17,115,spike,0.0,transient,
Safdarjung (Delhi),temporal,clim_short17,115,spike,1.0,transient,0.0
Safdarjung (Delhi),temporal,clim_short17,115,spike,0.0,transient,
Safdarjung (Delhi),temporal,clim_short17,115,spike,1.0,transient,0.0
Safdarjung (Delhi),temporal,clim_short17,115,spike,1.0,transient,0.0
Safdarjung (Delhi),temporal,clim_short17,115,spike,1.0,transient,0.0
Safdarjung (Delhi),temporal,clim_short17,115,spike,1.0,transient,0.0
Safdarjung (Delhi),temporal,clim_short17,115,spike,1.0,transient,0.0
Safdarjung (Delhi),temporal,clim_short17,115,spike,1.0,transient,0.0
Safdarjung (Delhi),temporal,clim_short17,115,spike,1.0,transient,0.0
Safdarjung (Delhi),temporal,clim_short17,115,spike,1.0,transient,0.0
Safdarjung (Delhi),temporal,clim_short17,115,spike,1.0,transient,0.0
Safdarjung (Delhi),temporal,clim_short17,115,spike,1.0,transient,0.0
Safdarjung (Delhi),temporal,clim_short17,115,spike,1.0,transient,0.0
Safdarjung (Delhi),temporal,clim_short17,115,spike,1.0,transient,0.0
Safdarjung (Delhi),temporal,clim_short17,115,spike,1.0,transient,0.0
Safdarjung (Delhi),temporal,clim_short17,115,drift,1.0,persistent,7.0
Safdarjung (Delhi),temporal,clim_short17,115,drift,1.0,persistent,9.0
Safdarjung (Delhi),temporal,clim_short17,115,drift,0.0,persistent,
Safdarjung (Delhi),temporal,clim_short17,115,drift,1.0,persistent,5.0
Safdarjung (Delhi),temporal,clim_short17,115,drift,1.0,persistent,14.0
Safdarjung (Delhi),temporal,clim_short17,115,drift,0.0,persistent,
Safdarjung (Delhi),temporal,clim_short17,115,bias,1.0,persistent,5.0
Safdarjung (Delhi),temporal,clim_short17,115,bias,1.0,persistent,4.0
Safdarjung (Delhi),temporal,clim_short17,115,bias,1.0,persistent,4.0
Safdarjung (Delhi),temporal,clim_short17,115,bias,0.0,persistent,
Safdarjung (Delhi),temporal,clim_short17,115,bias,1.0,persistent,3.0
Safdarjung (Delhi),temporal,clim_short17,115,bias,0.0,persistent,
Safdarjung (Delhi),temporal,clim_short17,115,stuck_at,1.0,persistent,0.0
Safdarjung (Delhi),temporal,clim_short17,115,stuck_at,1.0,persistent,0.0
Safdarjung (Delhi),temporal,clim_short17,115,stuck_at,1.0,persistent,0.0
Safdarjung (Delhi),temporal,clim_short17,115,stuck_at,1.0,persistent,0.0
Safdarjung (Delhi),temporal,clim_short17,115,stuck_at,1.0,persistent,0.0
Safdarjung (Delhi),temporal,clim_short17,115,stuck_at,1.0,persistent,0.0
Safdarjung (Delhi),temporal,clim_short17,115,noise_burst,0.0,persistent,
Safdarjung (Delhi),temporal,clim_short17,115,noise_burst,0.0,persistent,
Safdarjung (Delhi),temporal,clim_short17,115,noise_burst,0.0,persistent,
Safdarjung (Delhi),temporal,clim_short17,115,noise_burst,1.0,persistent,0.0
Safdarjung (Delhi),temporal,clim_short17,115,noise_burst,1.0,persistent,1.0
Safdarjung (Delhi),temporal,clim_short17,115,noise_burst,1.0,persistent,3.0
Safdarjung (Delhi),temporal,clim_short17,115,intermittent_spikes,1.0,transient,0.0
Safdarjung (Delhi),temporal,clim_short17,115,intermittent_spikes,1.0,transient,0.0
Safdarjung (Delhi),temporal,clim_short17,115,intermittent_spikes,1.0,transient,0.0
Safdarjung (Delhi),temporal,clim_short17,115,intermittent_spikes,1.0,transient,0.0
Safdarjung (Delhi),temporal,clim_short17,115,intermittent_spikes,1.0,transient,0.0
Safdarjung (Delhi),temporal,clim_short17,115,intermittent_spikes,1.0,transient,0.0
Safdarjung (Delhi),temporal,clim_short17,115,drift_plus_noise,0.0,persistent,
Safdarjung (Delhi),temporal,clim_short17,115,drift_plus_noise,1.0,persistent,0.0
Safdarjung (Delhi),temporal,clim_short17,115,drift_plus_noise,1.0,persistent,11.0
Safdarjung (Delhi),temporal,clim_short17,115,bias_plus_spikes,1.0,persistent,1.0
Safdarjung (Delhi),temporal,clim_short17,115,bias_plus_spikes,1.0,persistent,0.0
Safdarjung (Delhi),temporal,clim_short17,115,bias_plus_spikes,1.0,persistent,7.0
Safdarjung (Delhi),station,clim_short17,115,spike,0.0,transient,
Safdarjung (Delhi),station,clim_short17,115,spike,1.0,transient,0.0
Safdarjung (Delhi),station,clim_short17,115,spike,0.0,transient,
Safdarjung (Delhi),station,clim_short17,115,spike,1.0,transient,0.0
Safdarjung (Delhi),station,clim_short17,115,spike,1.0,transient,0.0
Safdarjung (Delhi),station,clim_short17,115,spike,1.0,transient,0.0
Safdarjung (Delhi),station,clim_short17,115,spike,1.0,transient,0.0
Safdarjung (Delhi),station,clim_short17,115,spike,1.0,transient,0.0
Safdarjung (Delhi),station,clim_short17,115,spike,0.0,transient,
Safdarjung (Delhi),station,clim_short17,115,spike,1.0,transient,0.0
Safdarjung (Delhi),station,clim_short17,115,spike,0.0,transient,
Safdarjung (Delhi),station,clim_short17,115,spike,1.0,transient,0.0
Safdarjung (Delhi),station,clim_short17,115,spike,1.0,transient,0.0
Safdarjung (Delhi),station,clim_short17,115,spike,1.0,transient,0.0
Safdarjung (Delhi),station,clim_short17,115,spike,1.0,transient,0.0
Safdarjung (Delhi),station,clim_short17,115,spike,1.0,transient,0.0
Safdarjung (Delhi),station,clim_short17,115,spike,1.0,transient,0.0
Safdarjung (Delhi),station,clim_short17,115,spike,0.0,transient,
Safdarjung (Delhi),station,clim_short17,115,spike,1.0,transient,0.0
Safdarjung (Delhi),station,clim_short17,115,spike,1.0,transient,0.0
Safdarjung (Delhi),station,clim_short17,115,spike,1.0,transient,0.0
Safdarjung (Delhi),station,clim_short17,115,spike,1.0,transient,0.0
Safdarjung (Delhi),station,clim_short17,115,spike,1.0,transient,0.0
Safdarjung (Delhi),station,clim_short17,115,spike,1.0,transient,0.0
Safdarjung (Delhi),station,clim_short17,115,drift,1.0,persistent,7.0
Safdarjung (Delhi),station,clim_short17,115,drift,1.0,persistent,1.0
Safdarjung (Delhi),station,clim_short17,115,drift,0.0,persistent,
Safdarjung (Delhi),station,clim_short17,115,drift,1.0,persistent,5.0
Safdarjung (Delhi),station,clim_short17,115,drift,1.0,persistent,8.0
Safdarjung (Delhi),station,clim_short17,115,drift,0.0,persistent,
Safdarjung (Delhi),station,clim_short17,115,bias,1.0,persistent,5.0
Safdarjung (Delhi),station,clim_short17,115,bias,1.0,persistent,4.0
Safdarjung (Delhi),station,clim_short17,115,bias,1.0,persistent,0.0
Safdarjung (Delhi),station,clim_short17,115,bias,1.0,persistent,3.0
Safdarjung (Delhi),station,clim_short17,115,bias,0.0,persistent,
Safdarjung (Delhi),station,clim_short17,115,bias,0.0,persistent,
Safdarjung (Delhi),station,clim_short17,115,stuck_at,1.0,persistent,0.0
Safdarjung (Delhi),station,clim_short17,115,stuck_at,1.0,persistent,0.0
Safdarjung (Delhi),station,clim_short17,115,stuck_at,1.0,persistent,0.0
Safdarjung (Delhi),station,clim_short17,115,stuck_at,1.0,persistent,0.0
Safdarjung (Delhi),station,clim_short17,115,stuck_at,1.0,persistent,0.0
Safdarjung (Delhi),station,clim_short17,115,stuck_at,1.0,persistent,0.0
Safdarjung (Delhi),station,clim_short17,115,noise_burst,0.0,persistent,
Safdarjung (Delhi),station,clim_short17,115,noise_burst,1.0,persistent,6.0
Safdarjung (Delhi),station,clim_short17,115,noise_burst,0.0,persistent,
Safdarjung (Delhi),station,clim_short17,115,noise_burst,1.0,persistent,0.0
Safdarjung (Delhi),station,clim_short17,115,noise_burst,1.0,persistent,2.0
Safdarjung (Delhi),station,clim_short17,115,noise_burst,1.0,persistent,3.0
Safdarjung (Delhi),station,clim_short17,115,intermittent_spikes,1.0,transient,0.0
Safdarjung (Delhi),station,clim_short17,115,intermittent_spikes,1.0,transient,0.0
Safdarjung (Delhi),station,clim_short17,115,intermittent_spikes,1.0,transient,0.0
Safdarjung (Delhi),station,clim_short17,115,intermittent_spikes,1.0,transient,0.0
Safdarjung (Delhi),station,clim_short17,115,intermittent_spikes,1.0,transient,0.0
Safdarjung (Delhi),station,clim_short17,115,intermittent_spikes,1.0,transient,0.0
Safdarjung (Delhi),station,clim_short17,115,drift_plus_noise,0.0,persistent,
Safdarjung (Delhi),station,clim_short17,115,drift_plus_noise,1.0,persistent,0.0
Safdarjung (Delhi),station,clim_short17,115,drift_plus_noise,1.0,persistent,11.0
Safdarjung (Delhi),station,clim_short17,115,bias_plus_spikes,1.0,persistent,1.0
Safdarjung (Delhi),station,clim_short17,115,bias_plus_spikes,1.0,persistent,0.0
Safdarjung (Delhi),station,clim_short17,115,bias_plus_spikes,1.0,persistent,7.0
Safdarjung (Delhi),in_domain,clim_short17,126,spike,1.0,transient,0.0
Safdarjung (Delhi),in_domain,clim_short17,126,spike,1.0,transient,0.0
Safdarjung (Delhi),in_domain,clim_short17,126,spike,1.0,transient,0.0
Safdarjung (Delhi),in_domain,clim_short17,126,spike,1.0,transient,0.0
Safdarjung (Delhi),in_domain,clim_short17,126,spike,1.0,transient,0.0
Safdarjung (Delhi),in_domain,clim_short17,126,spike,1.0,transient,0.0
Safdarjung (Delhi),in_domain,clim_short17,126,spike,1.0,transient,0.0
Safdarjung (Delhi),in_domain,clim_short17,126,spike,0.0,transient,
Safdarjung (Delhi),in_domain,clim_short17,126,spike,0.0,transient,
Safdarjung (Delhi),in_domain,clim_short17,126,spike,1.0,transient,0.0
Safdarjung (Delhi),in_domain,clim_short17,126,spike,1.0,transient,0.0
Safdarjung (Delhi),in_domain,clim_short17,126,spike,1.0,transient,0.0
Safdarjung (Delhi),in_domain,clim_short17,126,spike,1.0,transient,0.0
Safdarjung (Delhi),in_domain,clim_short17,126,spike,1.0,transient,0.0
Safdarjung (Delhi),in_domain,clim_short17,126,spike,1.0,transient,0.0
Safdarjung (Delhi),in_domain,clim_short17,126,spike,1.0,transient,0.0
Safdarjung (Delhi),in_domain,clim_short17,126,spike,1.0,transient,0.0
Safdarjung (Delhi),in_domain,clim_short17,126,spike,1.0,transient,0.0
Safdarjung (Delhi),in_domain,clim_short17,126,spike,1.0,transient,0.0
Safdarjung (Delhi),in_domain,clim_short17,126,spike,1.0,transient,0.0
Safdarjung (Delhi),in_domain,clim_short17,126,spike,1.0,transient,0.0
Safdarjung (Delhi),in_domain,clim_short17,126,spike,1.0,transient,0.0
Safdarjung (Delhi),in_domain,clim_short17,126,spike,1.0,transient,0.0
Safdarjung (Delhi),in_domain,clim_short17,126,spike,1.0,transient,0.0
Safdarjung (Delhi),in_domain,clim_short17,126,drift,1.0,persistent,7.0
Safdarjung (Delhi),in_domain,clim_short17,126,drift,1.0,persistent,8.0
Safdarjung (Delhi),in_domain,clim_short17,126,drift,0.0,persistent,
Safdarjung (Delhi),in_domain,clim_short17,126,drift,0.0,persistent,
Safdarjung (Delhi),in_domain,clim_short17,126,drift,1.0,persistent,8.0
Safdarjung (Delhi),in_domain,clim_short17,126,drift,1.0,persistent,11.0
Safdarjung (Delhi),in_domain,clim_short17,126,bias,1.0,persistent,0.0
Safdarjung (Delhi),in_domain,clim_short17,126,bias,0.0,persistent,
Safdarjung (Delhi),in_domain,clim_short17,126,bias,1.0,persistent,1.0
Safdarjung (Delhi),in_domain,clim_short17,126,bias,0.0,persistent,
Safdarjung (Delhi),in_domain,clim_short17,126,bias,0.0,persistent,
Safdarjung (Delhi),in_domain,clim_short17,126,bias,1.0,persistent,4.0
Safdarjung (Delhi),in_domain,clim_short17,126,stuck_at,1.0,persistent,0.0
Safdarjung (Delhi),in_domain,clim_short17,126,stuck_at,1.0,persistent,0.0
Safdarjung (Delhi),in_domain,clim_short17,126,stuck_at,1.0,persistent,0.0
Safdarjung (Delhi),in_domain,clim_short17,126,stuck_at,1.0,persistent,0.0
Safdarjung (Delhi),in_domain,clim_short17,126,stuck_at,1.0,persistent,0.0
Safdarjung (Delhi),in_domain,clim_short17,126,stuck_at,1.0,persistent,0.0
Safdarjung (Delhi),in_domain,clim_short17,126,noise_burst,1.0,persistent,0.0
Safdarjung (Delhi),in_domain,clim_short17,126,noise_burst,0.0,persistent,
Safdarjung (Delhi),in_domain,clim_short17,126,noise_burst,0.0,persistent,
Safdarjung (Delhi),in_domain,clim_short17,126,noise_burst,1.0,persistent,7.0
Safdarjung (Delhi),in_domain,clim_short17,126,noise_burst,1.0,persistent,2.0
Safdarjung (Delhi),in_domain,clim_short17,126,noise_burst,1.0,persistent,6.0
Safdarjung (Delhi),in_domain,clim_short17,126,intermittent_spikes,1.0,transient,0.0
Safdarjung (Delhi),in_domain,clim_short17,126,intermittent_spikes,1.0,transient,0.0
Safdarjung (Delhi),in_domain,clim_short17,126,intermittent_spikes,1.0,transient,0.0
Safdarjung (Delhi),in_domain,clim_short17,126,intermittent_spikes,1.0,transient,0.0
Safdarjung (Delhi),in_domain,clim_short17,126,intermittent_spikes,1.0,transient,0.0
Safdarjung (Delhi),in_domain,clim_short17,126,intermittent_spikes,1.0,transient,0.0
Safdarjung (Delhi),in_domain,clim_short17,126,drift_plus_noise,1.0,persistent,13.0
Safdarjung (Delhi),in_domain,clim_short17,126,drift_plus_noise,1.0,persistent,13.0
Safdarjung (Delhi),in_domain,clim_short17,126,drift_plus_noise,0.0,persistent,
Safdarjung (Delhi),in_domain,clim_short17,126,bias_plus_spikes,1.0,persistent,0.0
Safdarjung (Delhi),in_domain,clim_short17,126,bias_plus_spikes,1.0,persistent,0.0
Safdarjung (Delhi),in_domain,clim_short17,126,bias_plus_spikes,1.0,persistent,2.0
Safdarjung (Delhi),temporal,clim_short17,126,spike,1.0,transient,0.0
Safdarjung (Delhi),temporal,clim_short17,126,spike,1.0,transient,0.0
Safdarjung (Delhi),temporal,clim_short17,126,spike,1.0,transient,0.0
Safdarjung (Delhi),temporal,clim_short17,126,spike,0.0,transient,
Safdarjung (Delhi),temporal,clim_short17,126,spike,1.0,transient,0.0
Safdarjung (Delhi),temporal,clim_short17,126,spike,1.0,transient,0.0
Safdarjung (Delhi),temporal,clim_short17,126,spike,1.0,transient,0.0
Safdarjung (Delhi),temporal,clim_short17,126,spike,1.0,transient,0.0
Safdarjung (Delhi),temporal,clim_short17,126,spike,0.0,transient,
Safdarjung (Delhi),temporal,clim_short17,126,spike,1.0,transient,0.0
Safdarjung (Delhi),temporal,clim_short17,126,spike,1.0,transient,0.0
Safdarjung (Delhi),temporal,clim_short17,126,spike,0.0,transient,
Safdarjung (Delhi),temporal,clim_short17,126,spike,1.0,transient,0.0
Safdarjung (Delhi),temporal,clim_short17,126,spike,1.0,transient,0.0
Safdarjung (Delhi),temporal,clim_short17,126,spike,1.0,transient,0.0
Safdarjung (Delhi),temporal,clim_short17,126,spike,1.0,transient,0.0
Safdarjung (Delhi),temporal,clim_short17,126,spike,1.0,transient,0.0
Safdarjung (Delhi),temporal,clim_short17,126,spike,1.0,transient,0.0
Safdarjung (Delhi),temporal,clim_short17,126,spike,1.0,transient,0.0
Safdarjung (Delhi),temporal,clim_short17,126,spike,1.0,transient,0.0
Safdarjung (Delhi),temporal,clim_short17,126,spike,1.0,transient,0.0
Safdarjung (Delhi),temporal,clim_short17,126,spike,1.0,transient,0.0
Safdarjung (Delhi),temporal,clim_short17,126,spike,1.0,transient,0.0
Safdarjung (Delhi),temporal,clim_short17,126,spike,0.0,transient,
Safdarjung (Delhi),temporal,clim_short17,126,drift,1.0,persistent,9.0
Safdarjung (Delhi),temporal,clim_short17,126,drift,0.0,persistent,
Safdarjung (Delhi),temporal,clim_short17,126,drift,0.0,persistent,
Safdarjung (Delhi),temporal,clim_short17,126,drift,0.0,persistent,
Safdarjung (Delhi),temporal,clim_short17,126,drift,1.0,persistent,7.0
Safdarjung (Delhi),temporal,clim_short17,126,drift,0.0,persistent,
Safdarjung (Delhi),temporal,clim_short17,126,bias,0.0,persistent,
Safdarjung (Delhi),temporal,clim_short17,126,bias,0.0,persistent,
Safdarjung (Delhi),temporal,clim_short17,126,bias,0.0,persistent,
Safdarjung (Delhi),temporal,clim_short17,126,bias,0.0,persistent,
Safdarjung (Delhi),temporal,clim_short17,126,bias,1.0,persistent,2.0
Safdarjung (Delhi),temporal,clim_short17,126,bias,1.0,persistent,4.0
Safdarjung (Delhi),temporal,clim_short17,126,stuck_at,1.0,persistent,0.0
Safdarjung (Delhi),temporal,clim_short17,126,stuck_at,1.0,persistent,0.0
Safdarjung (Delhi),temporal,clim_short17,126,stuck_at,1.0,persistent,0.0
Safdarjung (Delhi),temporal,clim_short17,126,stuck_at,1.0,persistent,0.0
Safdarjung (Delhi),temporal,clim_short17,126,stuck_at,1.0,persistent,0.0
Safdarjung (Delhi),temporal,clim_short17,126,stuck_at,1.0,persistent,0.0
Safdarjung (Delhi),temporal,clim_short17,126,noise_burst,0.0,persistent,
Safdarjung (Delhi),temporal,clim_short17,126,noise_burst,0.0,persistent,
Safdarjung (Delhi),temporal,clim_short17,126,noise_burst,0.0,persistent,
Safdarjung (Delhi),temporal,clim_short17,126,noise_burst,1.0,persistent,8.0
Safdarjung (Delhi),temporal,clim_short17,126,noise_burst,1.0,persistent,2.0
Safdarjung (Delhi),temporal,clim_short17,126,noise_burst,1.0,persistent,4.0
Safdarjung (Delhi),temporal,clim_short17,126,intermittent_spikes,1.0,transient,4.0
Safdarjung (Delhi),temporal,clim_short17,126,intermittent_spikes,1.0,transient,0.0
Safdarjung (Delhi),temporal,clim_short17,126,intermittent_spikes,1.0,transient,0.0
Safdarjung (Delhi),temporal,clim_short17,126,intermittent_spikes,1.0,transient,0.0
Safdarjung (Delhi),temporal,clim_short17,126,intermittent_spikes,1.0,transient,3.0
Safdarjung (Delhi),temporal,clim_short17,126,intermittent_spikes,1.0,transient,0.0
Safdarjung (Delhi),temporal,clim_short17,126,drift_plus_noise,1.0,persistent,9.0
Safdarjung (Delhi),temporal,clim_short17,126,drift_plus_noise,0.0,persistent,
Safdarjung (Delhi),temporal,clim_short17,126,drift_plus_noise,1.0,persistent,5.0
Safdarjung (Delhi),temporal,clim_short17,126,bias_plus_spikes,1.0,persistent,0.0
Safdarjung (Delhi),temporal,clim_short17,126,bias_plus_spikes,1.0,persistent,0.0
Safdarjung (Delhi),temporal,clim_short17,126,bias_plus_spikes,1.0,persistent,2.0
Safdarjung (Delhi),station,clim_short17,126,spike,1.0,transient,0.0
Safdarjung (Delhi),station,clim_short17,126,spike,1.0,transient,0.0
Safdarjung (Delhi),station,clim_short17,126,spike,1.0,transient,0.0
Safdarjung (Delhi),station,clim_short17,126,spike,0.0,transient,
Safdarjung (Delhi),station,clim_short17,126,spike,1.0,transient,0.0
Safdarjung (Delhi),station,clim_short17,126,spike,1.0,transient,0.0
Safdarjung (Delhi),station,clim_short17,126,spike,1.0,transient,0.0
Safdarjung (Delhi),station,clim_short17,126,spike,0.0,transient,
Safdarjung (Delhi),station,clim_short17,126,spike,0.0,transient,
Safdarjung (Delhi),station,clim_short17,126,spike,1.0,transient,0.0
Safdarjung (Delhi),station,clim_short17,126,spike,1.0,transient,0.0
Safdarjung (Delhi),station,clim_short17,126,spike,1.0,transient,0.0
Safdarjung (Delhi),station,clim_short17,126,spike,1.0,transient,0.0
Safdarjung (Delhi),station,clim_short17,126,spike,1.0,transient,0.0
Safdarjung (Delhi),station,clim_short17,126,spike,1.0,transient,0.0
Safdarjung (Delhi),station,clim_short17,126,spike,1.0,transient,0.0
Safdarjung (Delhi),station,clim_short17,126,spike,1.0,transient,0.0
Safdarjung (Delhi),station,clim_short17,126,spike,1.0,transient,0.0
Safdarjung (Delhi),station,clim_short17,126,spike,1.0,transient,0.0
Safdarjung (Delhi),station,clim_short17,126,spike,1.0,transient,0.0
Safdarjung (Delhi),station,clim_short17,126,spike,1.0,transient,0.0
Safdarjung (Delhi),station,clim_short17,126,spike,1.0,transient,0.0
Safdarjung (Delhi),station,clim_short17,126,spike,1.0,transient,0.0
Safdarjung (Delhi),station,clim_short17,126,spike,0.0,transient,
Safdarjung (Delhi),station,clim_short17,126,drift,1.0,persistent,9.0
Safdarjung (Delhi),station,clim_short17,126,drift,0.0,persistent,
Safdarjung (Delhi),station,clim_short17,126,drift,0.0,persistent,
Safdarjung (Delhi),station,clim_short17,126,drift,1.0,persistent,9.0
Safdarjung (Delhi),station,clim_short17,126,drift,1.0,persistent,8.0
Safdarjung (Delhi),station,clim_short17,126,drift,0.0,persistent,
Safdarjung (Delhi),station,clim_short17,126,bias,0.0,persistent,
Safdarjung (Delhi),station,clim_short17,126,bias,0.0,persistent,
Safdarjung (Delhi),station,clim_short17,126,bias,0.0,persistent,
Safdarjung (Delhi),station,clim_short17,126,bias,0.0,persistent,
Safdarjung (Delhi),station,clim_short17,126,bias,0.0,persistent,
Safdarjung (Delhi),station,clim_short17,126,bias,1.0,persistent,4.0
Safdarjung (Delhi),station,clim_short17,126,stuck_at,1.0,persistent,0.0
Safdarjung (Delhi),station,clim_short17,126,stuck_at,1.0,persistent,0.0
Safdarjung (Delhi),station,clim_short17,126,stuck_at,1.0,persistent,0.0
Safdarjung (Delhi),station,clim_short17,126,stuck_at,1.0,persistent,0.0
Safdarjung (Delhi),station,clim_short17,126,stuck_at,1.0,persistent,0.0
Safdarjung (Delhi),station,clim_short17,126,stuck_at,1.0,persistent,0.0
Safdarjung (Delhi),station,clim_short17,126,noise_burst,1.0,persistent,5.0
Safdarjung (Delhi),station,clim_short17,126,noise_burst,1.0,persistent,6.0
Safdarjung (Delhi),station,clim_short17,126,noise_burst,0.0,persistent,
Safdarjung (Delhi),station,clim_short17,126,noise_burst,1.0,persistent,11.0
Safdarjung (Delhi),station,clim_short17,126,noise_burst,1.0,persistent,0.0
Safdarjung (Delhi),station,clim_short17,126,noise_burst,1.0,persistent,7.0
Safdarjung (Delhi),station,clim_short17,126,intermittent_spikes,1.0,transient,4.0
Safdarjung (Delhi),station,clim_short17,126,intermittent_spikes,1.0,transient,6.0
Safdarjung (Delhi),station,clim_short17,126,intermittent_spikes,1.0,transient,0.0
Safdarjung (Delhi),station,clim_short17,126,intermittent_spikes,1.0,transient,0.0
Safdarjung (Delhi),station,clim_short17,126,intermittent_spikes,1.0,transient,11.0
Safdarjung (Delhi),station,clim_short17,126,intermittent_spikes,1.0,transient,6.0
Safdarjung (Delhi),station,clim_short17,126,drift_plus_noise,1.0,persistent,9.0
Safdarjung (Delhi),station,clim_short17,126,drift_plus_noise,1.0,persistent,5.0
Safdarjung (Delhi),station,clim_short17,126,drift_plus_noise,1.0,persistent,6.0
Safdarjung (Delhi),station,clim_short17,126,bias_plus_spikes,1.0,persistent,0.0
Safdarjung (Delhi),station,clim_short17,126,bias_plus_spikes,1.0,persistent,0.0
Safdarjung (Delhi),station,clim_short17,126,bias_plus_spikes,1.0,persistent,2.0
Safdarjung (Delhi),in_domain,dual18(ref),104,spike,1.0,transient,0.0
Safdarjung (Delhi),in_domain,dual18(ref),104,spike,1.0,transient,0.0
Safdarjung (Delhi),in_domain,dual18(ref),104,spike,1.0,transient,0.0
Safdarjung (Delhi),in_domain,dual18(ref),104,spike,1.0,transient,0.0
Safdarjung (Delhi),in_domain,dual18(ref),104,spike,1.0,transient,0.0
Safdarjung (Delhi),in_domain,dual18(ref),104,spike,1.0,transient,0.0
Safdarjung (Delhi),in_domain,dual18(ref),104,spike,0.0,transient,
Safdarjung (Delhi),in_domain,dual18(ref),104,spike,1.0,transient,0.0
Safdarjung (Delhi),in_domain,dual18(ref),104,spike,1.0,transient,0.0
Safdarjung (Delhi),in_domain,dual18(ref),104,spike,1.0,transient,0.0
Safdarjung (Delhi),in_domain,dual18(ref),104,spike,1.0,transient,0.0
Safdarjung (Delhi),in_domain,dual18(ref),104,spike,1.0,transient,0.0
Safdarjung (Delhi),in_domain,dual18(ref),104,spike,1.0,transient,0.0
Safdarjung (Delhi),in_domain,dual18(ref),104,spike,1.0,transient,0.0
Safdarjung (Delhi),in_domain,dual18(ref),104,spike,1.0,transient,0.0
Safdarjung (Delhi),in_domain,dual18(ref),104,spike,0.0,transient,
Safdarjung (Delhi),in_domain,dual18(ref),104,spike,1.0,transient,0.0
Safdarjung (Delhi),in_domain,dual18(ref),104,spike,1.0,transient,0.0
Safdarjung (Delhi),in_domain,dual18(ref),104,spike,1.0,transient,0.0
Safdarjung (Delhi),in_domain,dual18(ref),104,spike,1.0,transient,0.0
Safdarjung (Delhi),in_domain,dual18(ref),104,spike,1.0,transient,0.0
Safdarjung (Delhi),in_domain,dual18(ref),104,spike,1.0,transient,0.0
Safdarjung (Delhi),in_domain,dual18(ref),104,spike,0.0,transient,
Safdarjung (Delhi),in_domain,dual18(ref),104,spike,1.0,transient,0.0
Safdarjung (Delhi),in_domain,dual18(ref),104,drift,1.0,persistent,1.0
Safdarjung (Delhi),in_domain,dual18(ref),104,drift,1.0,persistent,10.0
Safdarjung (Delhi),in_domain,dual18(ref),104,drift,1.0,persistent,9.0
Safdarjung (Delhi),in_domain,dual18(ref),104,drift,0.0,persistent,
Safdarjung (Delhi),in_domain,dual18(ref),104,drift,1.0,persistent,9.0
Safdarjung (Delhi),in_domain,dual18(ref),104,drift,1.0,persistent,6.0
Safdarjung (Delhi),in_domain,dual18(ref),104,bias,1.0,persistent,8.0
Safdarjung (Delhi),in_domain,dual18(ref),104,bias,0.0,persistent,
Safdarjung (Delhi),in_domain,dual18(ref),104,bias,0.0,persistent,
Safdarjung (Delhi),in_domain,dual18(ref),104,bias,0.0,persistent,
Safdarjung (Delhi),in_domain,dual18(ref),104,bias,1.0,persistent,3.0
Safdarjung (Delhi),in_domain,dual18(ref),104,bias,1.0,persistent,0.0
Safdarjung (Delhi),in_domain,dual18(ref),104,stuck_at,1.0,persistent,0.0
Safdarjung (Delhi),in_domain,dual18(ref),104,stuck_at,1.0,persistent,0.0
Safdarjung (Delhi),in_domain,dual18(ref),104,stuck_at,1.0,persistent,0.0
Safdarjung (Delhi),in_domain,dual18(ref),104,stuck_at,1.0,persistent,0.0
Safdarjung (Delhi),in_domain,dual18(ref),104,stuck_at,1.0,persistent,0.0
Safdarjung (Delhi),in_domain,dual18(ref),104,stuck_at,1.0,persistent,0.0
Safdarjung (Delhi),in_domain,dual18(ref),104,noise_burst,1.0,persistent,0.0
Safdarjung (Delhi),in_domain,dual18(ref),104,noise_burst,1.0,persistent,0.0
Safdarjung (Delhi),in_domain,dual18(ref),104,noise_burst,1.0,persistent,10.0
Safdarjung (Delhi),in_domain,dual18(ref),104,noise_burst,1.0,persistent,0.0
Safdarjung (Delhi),in_domain,dual18(ref),104,noise_burst,1.0,persistent,0.0
Safdarjung (Delhi),in_domain,dual18(ref),104,noise_burst,1.0,persistent,1.0
Safdarjung (Delhi),in_domain,dual18(ref),104,intermittent_spikes,1.0,transient,0.0
Safdarjung (Delhi),in_domain,dual18(ref),104,intermittent_spikes,1.0,transient,0.0
Safdarjung (Delhi),in_domain,dual18(ref),104,intermittent_spikes,1.0,transient,0.0
Safdarjung (Delhi),in_domain,dual18(ref),104,intermittent_spikes,1.0,transient,0.0
Safdarjung (Delhi),in_domain,dual18(ref),104,intermittent_spikes,1.0,transient,0.0
Safdarjung (Delhi),in_domain,dual18(ref),104,intermittent_spikes,1.0,transient,0.0
Safdarjung (Delhi),in_domain,dual18(ref),104,drift_plus_noise,1.0,persistent,14.0
Safdarjung (Delhi),in_domain,dual18(ref),104,drift_plus_noise,1.0,persistent,4.0
Safdarjung (Delhi),in_domain,dual18(ref),104,drift_plus_noise,1.0,persistent,0.0
Safdarjung (Delhi),in_domain,dual18(ref),104,bias_plus_spikes,1.0,persistent,0.0
Safdarjung (Delhi),in_domain,dual18(ref),104,bias_plus_spikes,1.0,persistent,2.0
Safdarjung (Delhi),in_domain,dual18(ref),104,bias_plus_spikes,1.0,persistent,1.0
Safdarjung (Delhi),temporal,dual18(ref),104,spike,1.0,transient,0.0
Safdarjung (Delhi),temporal,dual18(ref),104,spike,1.0,transient,0.0
Safdarjung (Delhi),temporal,dual18(ref),104,spike,0.0,transient,
Safdarjung (Delhi),temporal,dual18(ref),104,spike,1.0,transient,0.0
Safdarjung (Delhi),temporal,dual18(ref),104,spike,1.0,transient,0.0
Safdarjung (Delhi),temporal,dual18(ref),104,spike,1.0,transient,0.0
Safdarjung (Delhi),temporal,dual18(ref),104,spike,0.0,transient,
Safdarjung (Delhi),temporal,dual18(ref),104,spike,1.0,transient,0.0
Safdarjung (Delhi),temporal,dual18(ref),104,spike,0.0,transient,
Safdarjung (Delhi),temporal,dual18(ref),104,spike,1.0,transient,0.0
Safdarjung (Delhi),temporal,dual18(ref),104,spike,1.0,transient,0.0
Safdarjung (Delhi),temporal,dual18(ref),104,spike,0.0,transient,
Safdarjung (Delhi),temporal,dual18(ref),104,spike,1.0,transient,0.0
Safdarjung (Delhi),temporal,dual18(ref),104,spike,1.0,transient,0.0
Safdarjung (Delhi),temporal,dual18(ref),104,spike,0.0,transient,
Safdarjung (Delhi),temporal,dual18(ref),104,spike,1.0,transient,0.0
Safdarjung (Delhi),temporal,dual18(ref),104,spike,1.0,transient,0.0
Safdarjung (Delhi),temporal,dual18(ref),104,spike,1.0,transient,0.0
Safdarjung (Delhi),temporal,dual18(ref),104,spike,1.0,transient,0.0
Safdarjung (Delhi),temporal,dual18(ref),104,spike,1.0,transient,0.0
Safdarjung (Delhi),temporal,dual18(ref),104,spike,1.0,transient,0.0
Safdarjung (Delhi),temporal,dual18(ref),104,spike,1.0,transient,0.0
Safdarjung (Delhi),temporal,dual18(ref),104,spike,0.0,transient,
Safdarjung (Delhi),temporal,dual18(ref),104,spike,1.0,transient,0.0
Safdarjung (Delhi),temporal,dual18(ref),104,drift,1.0,persistent,4.0
Safdarjung (Delhi),temporal,dual18(ref),104,drift,1.0,persistent,12.0
Safdarjung (Delhi),temporal,dual18(ref),104,drift,1.0,persistent,0.0
Safdarjung (Delhi),temporal,dual18(ref),104,drift,0.0,persistent,
Safdarjung (Delhi),temporal,dual18(ref),104,drift,1.0,persistent,11.0
Safdarjung (Delhi),temporal,dual18(ref),104,drift,1.0,persistent,12.0
Safdarjung (Delhi),temporal,dual18(ref),104,bias,1.0,persistent,0.0
Safdarjung (Delhi),temporal,dual18(ref),104,bias,0.0,persistent,
Safdarjung (Delhi),temporal,dual18(ref),104,bias,0.0,persistent,
Safdarjung (Delhi),temporal,dual18(ref),104,bias,0.0,persistent,
Safdarjung (Delhi),temporal,dual18(ref),104,bias,1.0,persistent,5.0
Safdarjung (Delhi),temporal,dual18(ref),104,bias,1.0,persistent,4.0
Safdarjung (Delhi),temporal,dual18(ref),104,stuck_at,1.0,persistent,0.0
Safdarjung (Delhi),temporal,dual18(ref),104,stuck_at,1.0,persistent,0.0
Safdarjung (Delhi),temporal,dual18(ref),104,stuck_at,1.0,persistent,0.0
Safdarjung (Delhi),temporal,dual18(ref),104,stuck_at,1.0,persistent,0.0
Safdarjung (Delhi),temporal,dual18(ref),104,stuck_at,1.0,persistent,0.0
Safdarjung (Delhi),temporal,dual18(ref),104,stuck_at,1.0,persistent,0.0
Safdarjung (Delhi),temporal,dual18(ref),104,noise_burst,0.0,persistent,
Safdarjung (Delhi),temporal,dual18(ref),104,noise_burst,1.0,persistent,5.0
Safdarjung (Delhi),temporal,dual18(ref),104,noise_burst,0.0,persistent,
Safdarjung (Delhi),temporal,dual18(ref),104,noise_burst,0.0,persistent,
Safdarjung (Delhi),temporal,dual18(ref),104,noise_burst,1.0,persistent,0.0
Safdarjung (Delhi),temporal,dual18(ref),104,noise_burst,0.0,persistent,
Safdarjung (Delhi),temporal,dual18(ref),104,intermittent_spikes,1.0,transient,0.0
Safdarjung (Delhi),temporal,dual18(ref),104,intermittent_spikes,1.0,transient,2.0
Safdarjung (Delhi),temporal,dual18(ref),104,intermittent_spikes,1.0,transient,0.0
Safdarjung (Delhi),temporal,dual18(ref),104,intermittent_spikes,1.0,transient,5.0
Safdarjung (Delhi),temporal,dual18(ref),104,intermittent_spikes,1.0,transient,0.0
Safdarjung (Delhi),temporal,dual18(ref),104,intermittent_spikes,1.0,transient,0.0
Safdarjung (Delhi),temporal,dual18(ref),104,drift_plus_noise,1.0,persistent,0.0
Safdarjung (Delhi),temporal,dual18(ref),104,drift_plus_noise,1.0,persistent,8.0
Safdarjung (Delhi),temporal,dual18(ref),104,drift_plus_noise,1.0,persistent,8.0
Safdarjung (Delhi),temporal,dual18(ref),104,bias_plus_spikes,1.0,persistent,0.0
Safdarjung (Delhi),temporal,dual18(ref),104,bias_plus_spikes,1.0,persistent,0.0
Safdarjung (Delhi),temporal,dual18(ref),104,bias_plus_spikes,1.0,persistent,0.0
Safdarjung (Delhi),station,dual18(ref),104,spike,1.0,transient,0.0
Safdarjung (Delhi),station,dual18(ref),104,spike,1.0,transient,0.0
Safdarjung (Delhi),station,dual18(ref),104,spike,0.0,transient,
Safdarjung (Delhi),station,dual18(ref),104,spike,1.0,transient,0.0
Safdarjung (Delhi),station,dual18(ref),104,spike,1.0,transient,0.0
Safdarjung (Delhi),station,dual18(ref),104,spike,1.0,transient,0.0
Safdarjung (Delhi),station,dual18(ref),104,spike,0.0,transient,
Safdarjung (Delhi),station,dual18(ref),104,spike,1.0,transient,0.0
Safdarjung (Delhi),station,dual18(ref),104,spike,1.0,transient,0.0
Safdarjung (Delhi),station,dual18(ref),104,spike,1.0,transient,0.0
Safdarjung (Delhi),station,dual18(ref),104,spike,0.0,transient,
Safdarjung (Delhi),station,dual18(ref),104,spike,0.0,transient,
Safdarjung (Delhi),station,dual18(ref),104,spike,1.0,transient,0.0
Safdarjung (Delhi),station,dual18(ref),104,spike,1.0,transient,0.0
Safdarjung (Delhi),station,dual18(ref),104,spike,0.0,transient,
Safdarjung (Delhi),station,dual18(ref),104,spike,1.0,transient,0.0
Safdarjung (Delhi),station,dual18(ref),104,spike,1.0,transient,0.0
Safdarjung (Delhi),station,dual18(ref),104,spike,1.0,transient,0.0
Safdarjung (Delhi),station,dual18(ref),104,spike,1.0,transient,0.0
Safdarjung (Delhi),station,dual18(ref),104,spike,1.0,transient,0.0
Safdarjung (Delhi),station,dual18(ref),104,spike,0.0,transient,
Safdarjung (Delhi),station,dual18(ref),104,spike,0.0,transient,
Safdarjung (Delhi),station,dual18(ref),104,spike,0.0,transient,
Safdarjung (Delhi),station,dual18(ref),104,spike,1.0,transient,0.0
Safdarjung (Delhi),station,dual18(ref),104,drift,1.0,persistent,4.0
Safdarjung (Delhi),station,dual18(ref),104,drift,1.0,persistent,12.0
Safdarjung (Delhi),station,dual18(ref),104,drift,1.0,persistent,0.0
Safdarjung (Delhi),station,dual18(ref),104,drift,0.0,persistent,
Safdarjung (Delhi),station,dual18(ref),104,drift,1.0,persistent,11.0
Safdarjung (Delhi),station,dual18(ref),104,drift,1.0,persistent,12.0
Safdarjung (Delhi),station,dual18(ref),104,bias,1.0,persistent,0.0
Safdarjung (Delhi),station,dual18(ref),104,bias,0.0,persistent,
Safdarjung (Delhi),station,dual18(ref),104,bias,0.0,persistent,
Safdarjung (Delhi),station,dual18(ref),104,bias,1.0,persistent,0.0
Safdarjung (Delhi),station,dual18(ref),104,bias,1.0,persistent,5.0
Safdarjung (Delhi),station,dual18(ref),104,bias,1.0,persistent,4.0
Safdarjung (Delhi),station,dual18(ref),104,stuck_at,1.0,persistent,0.0
Safdarjung (Delhi),station,dual18(ref),104,stuck_at,1.0,persistent,0.0
Safdarjung (Delhi),station,dual18(ref),104,stuck_at,1.0,persistent,0.0
Safdarjung (Delhi),station,dual18(ref),104,stuck_at,1.0,persistent,0.0
Safdarjung (Delhi),station,dual18(ref),104,stuck_at,1.0,persistent,0.0
Safdarjung (Delhi),station,dual18(ref),104,stuck_at,1.0,persistent,0.0
Safdarjung (Delhi),station,dual18(ref),104,noise_burst,0.0,persistent,
Safdarjung (Delhi),station,dual18(ref),104,noise_burst,1.0,persistent,5.0
Safdarjung (Delhi),station,dual18(ref),104,noise_burst,1.0,persistent,8.0
Safdarjung (Delhi),station,dual18(ref),104,noise_burst,1.0,persistent,8.0
Safdarjung (Delhi),station,dual18(ref),104,noise_burst,1.0,persistent,0.0
Safdarjung (Delhi),station,dual18(ref),104,noise_burst,0.0,persistent,
Safdarjung (Delhi),station,dual18(ref),104,intermittent_spikes,1.0,transient,0.0
Safdarjung (Delhi),station,dual18(ref),104,intermittent_spikes,1.0,transient,2.0
Safdarjung (Delhi),station,dual18(ref),104,intermittent_spikes,1.0,transient,0.0
Safdarjung (Delhi),station,dual18(ref),104,intermittent_spikes,1.0,transient,8.0
Safdarjung (Delhi),station,dual18(ref),104,intermittent_spikes,1.0,transient,0.0
Safdarjung (Delhi),station,dual18(ref),104,intermittent_spikes,1.0,transient,0.0
Safdarjung (Delhi),station,dual18(ref),104,drift_plus_noise,1.0,persistent,0.0
Safdarjung (Delhi),station,dual18(ref),104,drift_plus_noise,1.0,persistent,8.0
Safdarjung (Delhi),station,dual18(ref),104,drift_plus_noise,1.0,persistent,8.0
Safdarjung (Delhi),station,dual18(ref),104,bias_plus_spikes,1.0,persistent,0.0
Safdarjung (Delhi),station,dual18(ref),104,bias_plus_spikes,1.0,persistent,3.0
Safdarjung (Delhi),station,dual18(ref),104,bias_plus_spikes,1.0,persistent,0.0
Safdarjung (Delhi),in_domain,dual18(ref),115,spike,1.0,transient,0.0
Safdarjung (Delhi),in_domain,dual18(ref),115,spike,0.0,transient,
Safdarjung (Delhi),in_domain,dual18(ref),115,spike,0.0,transient,
Safdarjung (Delhi),in_domain,dual18(ref),115,spike,1.0,transient,0.0
Safdarjung (Delhi),in_domain,dual18(ref),115,spike,1.0,transient,0.0
Safdarjung (Delhi),in_domain,dual18(ref),115,spike,1.0,transient,0.0
Safdarjung (Delhi),in_domain,dual18(ref),115,spike,1.0,transient,0.0
Safdarjung (Delhi),in_domain,dual18(ref),115,spike,0.0,transient,
Safdarjung (Delhi),in_domain,dual18(ref),115,spike,0.0,transient,
Safdarjung (Delhi),in_domain,dual18(ref),115,spike,1.0,transient,0.0
Safdarjung (Delhi),in_domain,dual18(ref),115,spike,1.0,transient,0.0
Safdarjung (Delhi),in_domain,dual18(ref),115,spike,1.0,transient,0.0
Safdarjung (Delhi),in_domain,dual18(ref),115,spike,1.0,transient,0.0
Safdarjung (Delhi),in_domain,dual18(ref),115,spike,0.0,transient,
Safdarjung (Delhi),in_domain,dual18(ref),115,spike,1.0,transient,0.0
Safdarjung (Delhi),in_domain,dual18(ref),115,spike,1.0,transient,0.0
Safdarjung (Delhi),in_domain,dual18(ref),115,spike,1.0,transient,0.0
Safdarjung (Delhi),in_domain,dual18(ref),115,spike,0.0,transient,
Safdarjung (Delhi),in_domain,dual18(ref),115,spike,1.0,transient,0.0
Safdarjung (Delhi),in_domain,dual18(ref),115,spike,1.0,transient,0.0
Safdarjung (Delhi),in_domain,dual18(ref),115,spike,1.0,transient,0.0
Safdarjung (Delhi),in_domain,dual18(ref),115,spike,1.0,transient,0.0
Safdarjung (Delhi),in_domain,dual18(ref),115,spike,1.0,transient,0.0
Safdarjung (Delhi),in_domain,dual18(ref),115,spike,1.0,transient,0.0
Safdarjung (Delhi),in_domain,dual18(ref),115,drift,1.0,persistent,9.0
Safdarjung (Delhi),in_domain,dual18(ref),115,drift,1.0,persistent,11.0
Safdarjung (Delhi),in_domain,dual18(ref),115,drift,1.0,persistent,9.0
Safdarjung (Delhi),in_domain,dual18(ref),115,drift,1.0,persistent,11.0
Safdarjung (Delhi),in_domain,dual18(ref),115,drift,1.0,persistent,5.0
Safdarjung (Delhi),in_domain,dual18(ref),115,drift,0.0,persistent,
Safdarjung (Delhi),in_domain,dual18(ref),115,bias,1.0,persistent,0.0
Safdarjung (Delhi),in_domain,dual18(ref),115,bias,0.0,persistent,
Safdarjung (Delhi),in_domain,dual18(ref),115,bias,1.0,persistent,0.0
Safdarjung (Delhi),in_domain,dual18(ref),115,bias,1.0,persistent,8.0
Safdarjung (Delhi),in_domain,dual18(ref),115,bias,0.0,persistent,
Safdarjung (Delhi),in_domain,dual18(ref),115,bias,0.0,persistent,
Safdarjung (Delhi),in_domain,dual18(ref),115,stuck_at,1.0,persistent,0.0
Safdarjung (Delhi),in_domain,dual18(ref),115,stuck_at,1.0,persistent,0.0
Safdarjung (Delhi),in_domain,dual18(ref),115,stuck_at,1.0,persistent,0.0
Safdarjung (Delhi),in_domain,dual18(ref),115,stuck_at,1.0,persistent,0.0
Safdarjung (Delhi),in_domain,dual18(ref),115,stuck_at,1.0,persistent,0.0
Safdarjung (Delhi),in_domain,dual18(ref),115,stuck_at,1.0,persistent,0.0
Safdarjung (Delhi),in_domain,dual18(ref),115,noise_burst,1.0,persistent,8.0
Safdarjung (Delhi),in_domain,dual18(ref),115,noise_burst,1.0,persistent,6.0
Safdarjung (Delhi),in_domain,dual18(ref),115,noise_burst,0.0,persistent,
Safdarjung (Delhi),in_domain,dual18(ref),115,noise_burst,1.0,persistent,0.0
Safdarjung (Delhi),in_domain,dual18(ref),115,noise_burst,1.0,persistent,5.0
Safdarjung (Delhi),in_domain,dual18(ref),115,noise_burst,1.0,persistent,3.0
Safdarjung (Delhi),in_domain,dual18(ref),115,intermittent_spikes,1.0,transient,0.0
Safdarjung (Delhi),in_domain,dual18(ref),115,intermittent_spikes,1.0,transient,0.0
Safdarjung (Delhi),in_domain,dual18(ref),115,intermittent_spikes,1.0,transient,0.0
Safdarjung (Delhi),in_domain,dual18(ref),115,intermittent_spikes,1.0,transient,0.0
Safdarjung (Delhi),in_domain,dual18(ref),115,intermittent_spikes,1.0,transient,0.0
Safdarjung (Delhi),in_domain,dual18(ref),115,intermittent_spikes,1.0,transient,8.0
Safdarjung (Delhi),in_domain,dual18(ref),115,drift_plus_noise,0.0,persistent,
Safdarjung (Delhi),in_domain,dual18(ref),115,drift_plus_noise,1.0,persistent,6.0
Safdarjung (Delhi),in_domain,dual18(ref),115,drift_plus_noise,1.0,persistent,0.0
Safdarjung (Delhi),in_domain,dual18(ref),115,bias_plus_spikes,1.0,persistent,0.0
Safdarjung (Delhi),in_domain,dual18(ref),115,bias_plus_spikes,1.0,persistent,0.0
Safdarjung (Delhi),in_domain,dual18(ref),115,bias_plus_spikes,1.0,persistent,5.0
Safdarjung (Delhi),temporal,dual18(ref),115,spike,0.0,transient,
Safdarjung (Delhi),temporal,dual18(ref),115,spike,1.0,transient,0.0
Safdarjung (Delhi),temporal,dual18(ref),115,spike,0.0,transient,
Safdarjung (Delhi),temporal,dual18(ref),115,spike,1.0,transient,0.0
Safdarjung (Delhi),temporal,dual18(ref),115,spike,1.0,transient,0.0
Safdarjung (Delhi),temporal,dual18(ref),115,spike,1.0,transient,0.0
Safdarjung (Delhi),temporal,dual18(ref),115,spike,0.0,transient,
Safdarjung (Delhi),temporal,dual18(ref),115,spike,0.0,transient,
Safdarjung (Delhi),temporal,dual18(ref),115,spike,0.0,transient,
Safdarjung (Delhi),temporal,dual18(ref),115,spike,1.0,transient,0.0
Safdarjung (Delhi),temporal,dual18(ref),115,spike,0.0,transient,
Safdarjung (Delhi),temporal,dual18(ref),115,spike,0.0,transient,
Safdarjung (Delhi),temporal,dual18(ref),115,spike,1.0,transient,0.0
Safdarjung (Delhi),temporal,dual18(ref),115,spike,1.0,transient,0.0
Safdarjung (Delhi),temporal,dual18(ref),115,spike,0.0,transient,
Safdarjung (Delhi),temporal,dual18(ref),115,spike,1.0,transient,0.0
Safdarjung (Delhi),temporal,dual18(ref),115,spike,1.0,transient,0.0
Safdarjung (Delhi),temporal,dual18(ref),115,spike,1.0,transient,0.0
Safdarjung (Delhi),temporal,dual18(ref),115,spike,1.0,transient,0.0
Safdarjung (Delhi),temporal,dual18(ref),115,spike,1.0,transient,0.0
Safdarjung (Delhi),temporal,dual18(ref),115,spike,1.0,transient,0.0
Safdarjung (Delhi),temporal,dual18(ref),115,spike,1.0,transient,0.0
Safdarjung (Delhi),temporal,dual18(ref),115,spike,1.0,transient,0.0
Safdarjung (Delhi),temporal,dual18(ref),115,spike,1.0,transient,0.0
Safdarjung (Delhi),temporal,dual18(ref),115,drift,1.0,persistent,7.0
Safdarjung (Delhi),temporal,dual18(ref),115,drift,1.0,persistent,9.0
Safdarjung (Delhi),temporal,dual18(ref),115,drift,0.0,persistent,
Safdarjung (Delhi),temporal,dual18(ref),115,drift,1.0,persistent,5.0
Safdarjung (Delhi),temporal,dual18(ref),115,drift,1.0,persistent,15.0
Safdarjung (Delhi),temporal,dual18(ref),115,drift,0.0,persistent,
Safdarjung (Delhi),temporal,dual18(ref),115,bias,1.0,persistent,5.0
Safdarjung (Delhi),temporal,dual18(ref),115,bias,0.0,persistent,
Safdarjung (Delhi),temporal,dual18(ref),115,bias,1.0,persistent,4.0
Safdarjung (Delhi),temporal,dual18(ref),115,bias,1.0,persistent,3.0
Safdarjung (Delhi),temporal,dual18(ref),115,bias,1.0,persistent,3.0
Safdarjung (Delhi),temporal,dual18(ref),115,bias,0.0,persistent,
Safdarjung (Delhi),temporal,dual18(ref),115,stuck_at,1.0,persistent,0.0
Safdarjung (Delhi),temporal,dual18(ref),115,stuck_at,1.0,persistent,0.0
Safdarjung (Delhi),temporal,dual18(ref),115,stuck_at,1.0,persistent,0.0
Safdarjung (Delhi),temporal,dual18(ref),115,stuck_at,1.0,persistent,0.0
Safdarjung (Delhi),temporal,dual18(ref),115,stuck_at,1.0,persistent,0.0
Safdarjung (Delhi),temporal,dual18(ref),115,stuck_at,1.0,persistent,0.0
Safdarjung (Delhi),temporal,dual18(ref),115,noise_burst,0.0,persistent,
Safdarjung (Delhi),temporal,dual18(ref),115,noise_burst,0.0,persistent,
Safdarjung (Delhi),temporal,dual18(ref),115,noise_burst,0.0,persistent,
Safdarjung (Delhi),temporal,dual18(ref),115,noise_burst,0.0,persistent,
Safdarjung (Delhi),temporal,dual18(ref),115,noise_burst,1.0,persistent,1.0
Safdarjung (Delhi),temporal,dual18(ref),115,noise_burst,1.0,persistent,3.0
Safdarjung (Delhi),temporal,dual18(ref),115,intermittent_spikes,1.0,transient,0.0
Safdarjung (Delhi),temporal,dual18(ref),115,intermittent_spikes,1.0,transient,0.0
Safdarjung (Delhi),temporal,dual18(ref),115,intermittent_spikes,1.0,transient,0.0
Safdarjung (Delhi),temporal,dual18(ref),115,intermittent_spikes,1.0,transient,0.0
Safdarjung (Delhi),temporal,dual18(ref),115,intermittent_spikes,1.0,transient,0.0
Safdarjung (Delhi),temporal,dual18(ref),115,intermittent_spikes,1.0,transient,0.0
Safdarjung (Delhi),temporal,dual18(ref),115,drift_plus_noise,0.0,persistent,
Safdarjung (Delhi),temporal,dual18(ref),115,drift_plus_noise,1.0,persistent,0.0
Safdarjung (Delhi),temporal,dual18(ref),115,drift_plus_noise,1.0,persistent,6.0
Safdarjung (Delhi),temporal,dual18(ref),115,bias_plus_spikes,1.0,persistent,1.0
Safdarjung (Delhi),temporal,dual18(ref),115,bias_plus_spikes,1.0,persistent,0.0
Safdarjung (Delhi),temporal,dual18(ref),115,bias_plus_spikes,1.0,persistent,8.0
Safdarjung (Delhi),station,dual18(ref),115,spike,0.0,transient,
Safdarjung (Delhi),station,dual18(ref),115,spike,1.0,transient,0.0
Safdarjung (Delhi),station,dual18(ref),115,spike,0.0,transient,
Safdarjung (Delhi),station,dual18(ref),115,spike,1.0,transient,0.0
Safdarjung (Delhi),station,dual18(ref),115,spike,1.0,transient,0.0
Safdarjung (Delhi),station,dual18(ref),115,spike,1.0,transient,0.0
Safdarjung (Delhi),station,dual18(ref),115,spike,0.0,transient,
Safdarjung (Delhi),station,dual18(ref),115,spike,0.0,transient,
Safdarjung (Delhi),station,dual18(ref),115,spike,0.0,transient,
Safdarjung (Delhi),station,dual18(ref),115,spike,0.0,transient,
Safdarjung (Delhi),station,dual18(ref),115,spike,0.0,transient,
Safdarjung (Delhi),station,dual18(ref),115,spike,0.0,transient,
Safdarjung (Delhi),station,dual18(ref),115,spike,1.0,transient,0.0
Safdarjung (Delhi),station,dual18(ref),115,spike,1.0,transient,0.0
Safdarjung (Delhi),station,dual18(ref),115,spike,0.0,transient,
Safdarjung (Delhi),station,dual18(ref),115,spike,1.0,transient,0.0
Safdarjung (Delhi),station,dual18(ref),115,spike,1.0,transient,0.0
Safdarjung (Delhi),station,dual18(ref),115,spike,1.0,transient,0.0
Safdarjung (Delhi),station,dual18(ref),115,spike,1.0,transient,0.0
Safdarjung (Delhi),station,dual18(ref),115,spike,1.0,transient,0.0
Safdarjung (Delhi),station,dual18(ref),115,spike,1.0,transient,0.0
Safdarjung (Delhi),station,dual18(ref),115,spike,1.0,transient,0.0
Safdarjung (Delhi),station,dual18(ref),115,spike,1.0,transient,0.0
Safdarjung (Delhi),station,dual18(ref),115,spike,1.0,transient,0.0
Safdarjung (Delhi),station,dual18(ref),115,drift,1.0,persistent,7.0
Safdarjung (Delhi),station,dual18(ref),115,drift,1.0,persistent,1.0
Safdarjung (Delhi),station,dual18(ref),115,drift,0.0,persistent,
Safdarjung (Delhi),station,dual18(ref),115,drift,1.0,persistent,5.0
Safdarjung (Delhi),station,dual18(ref),115,drift,1.0,persistent,15.0
Safdarjung (Delhi),station,dual18(ref),115,drift,0.0,persistent,
Safdarjung (Delhi),station,dual18(ref),115,bias,1.0,persistent,5.0
Safdarjung (Delhi),station,dual18(ref),115,bias,1.0,persistent,4.0
Safdarjung (Delhi),station,dual18(ref),115,bias,1.0,persistent,0.0
Safdarjung (Delhi),station,dual18(ref),115,bias,1.0,persistent,3.0
Safdarjung (Delhi),station,dual18(ref),115,bias,1.0,persistent,3.0
Safdarjung (Delhi),station,dual18(ref),115,bias,0.0,persistent,
Safdarjung (Delhi),station,dual18(ref),115,stuck_at,1.0,persistent,0.0
Safdarjung (Delhi),station,dual18(ref),115,stuck_at,1.0,persistent,0.0
Safdarjung (Delhi),station,dual18(ref),115,stuck_at,1.0,persistent,0.0
Safdarjung (Delhi),station,dual18(ref),115,stuck_at,1.0,persistent,0.0
Safdarjung (Delhi),station,dual18(ref),115,stuck_at,1.0,persistent,0.0
Safdarjung (Delhi),station,dual18(ref),115,stuck_at,1.0,persistent,0.0
Safdarjung (Delhi),station,dual18(ref),115,noise_burst,0.0,persistent,
Safdarjung (Delhi),station,dual18(ref),115,noise_burst,1.0,persistent,2.0
Safdarjung (Delhi),station,dual18(ref),115,noise_burst,0.0,persistent,
Safdarjung (Delhi),station,dual18(ref),115,noise_burst,0.0,persistent,
Safdarjung (Delhi),station,dual18(ref),115,noise_burst,1.0,persistent,4.0
Safdarjung (Delhi),station,dual18(ref),115,noise_burst,1.0,persistent,3.0
Safdarjung (Delhi),station,dual18(ref),115,intermittent_spikes,1.0,transient,0.0
Safdarjung (Delhi),station,dual18(ref),115,intermittent_spikes,1.0,transient,0.0
Safdarjung (Delhi),station,dual18(ref),115,intermittent_spikes,1.0,transient,0.0
Safdarjung (Delhi),station,dual18(ref),115,intermittent_spikes,1.0,transient,0.0
Safdarjung (Delhi),station,dual18(ref),115,intermittent_spikes,1.0,transient,0.0
Safdarjung (Delhi),station,dual18(ref),115,intermittent_spikes,1.0,transient,0.0
Safdarjung (Delhi),station,dual18(ref),115,drift_plus_noise,0.0,persistent,
Safdarjung (Delhi),station,dual18(ref),115,drift_plus_noise,1.0,persistent,0.0
Safdarjung (Delhi),station,dual18(ref),115,drift_plus_noise,1.0,persistent,6.0
Safdarjung (Delhi),station,dual18(ref),115,bias_plus_spikes,1.0,persistent,1.0
Safdarjung (Delhi),station,dual18(ref),115,bias_plus_spikes,1.0,persistent,0.0
Safdarjung (Delhi),station,dual18(ref),115,bias_plus_spikes,1.0,persistent,0.0
Safdarjung (Delhi),in_domain,dual18(ref),126,spike,1.0,transient,0.0
Safdarjung (Delhi),in_domain,dual18(ref),126,spike,1.0,transient,0.0
Safdarjung (Delhi),in_domain,dual18(ref),126,spike,1.0,transient,0.0
Safdarjung (Delhi),in_domain,dual18(ref),126,spike,1.0,transient,0.0
Safdarjung (Delhi),in_domain,dual18(ref),126,spike,1.0,transient,0.0
Safdarjung (Delhi),in_domain,dual18(ref),126,spike,1.0,transient,0.0
Safdarjung (Delhi),in_domain,dual18(ref),126,spike,1.0,transient,0.0
Safdarjung (Delhi),in_domain,dual18(ref),126,spike,0.0,transient,
Safdarjung (Delhi),in_domain,dual18(ref),126,spike,0.0,transient,
Safdarjung (Delhi),in_domain,dual18(ref),126,spike,1.0,transient,0.0
Safdarjung (Delhi),in_domain,dual18(ref),126,spike,1.0,transient,0.0
Safdarjung (Delhi),in_domain,dual18(ref),126,spike,1.0,transient,0.0
Safdarjung (Delhi),in_domain,dual18(ref),126,spike,1.0,transient,0.0
Safdarjung (Delhi),in_domain,dual18(ref),126,spike,1.0,transient,0.0
Safdarjung (Delhi),in_domain,dual18(ref),126,spike,1.0,transient,0.0
Safdarjung (Delhi),in_domain,dual18(ref),126,spike,1.0,transient,0.0
Safdarjung (Delhi),in_domain,dual18(ref),126,spike,1.0,transient,0.0
Safdarjung (Delhi),in_domain,dual18(ref),126,spike,1.0,transient,0.0
Safdarjung (Delhi),in_domain,dual18(ref),126,spike,1.0,transient,0.0
Safdarjung (Delhi),in_domain,dual18(ref),126,spike,1.0,transient,0.0
Safdarjung (Delhi),in_domain,dual18(ref),126,spike,1.0,transient,0.0
Safdarjung (Delhi),in_domain,dual18(ref),126,spike,1.0,transient,0.0
Safdarjung (Delhi),in_domain,dual18(ref),126,spike,1.0,transient,0.0
Safdarjung (Delhi),in_domain,dual18(ref),126,spike,1.0,transient,0.0
Safdarjung (Delhi),in_domain,dual18(ref),126,drift,1.0,persistent,3.0
Safdarjung (Delhi),in_domain,dual18(ref),126,drift,1.0,persistent,4.0
Safdarjung (Delhi),in_domain,dual18(ref),126,drift,0.0,persistent,
Safdarjung (Delhi),in_domain,dual18(ref),126,drift,1.0,persistent,12.0
Safdarjung (Delhi),in_domain,dual18(ref),126,drift,1.0,persistent,6.0
Safdarjung (Delhi),in_domain,dual18(ref),126,drift,1.0,persistent,8.0
Safdarjung (Delhi),in_domain,dual18(ref),126,bias,1.0,persistent,0.0
Safdarjung (Delhi),in_domain,dual18(ref),126,bias,0.0,persistent,
Safdarjung (Delhi),in_domain,dual18(ref),126,bias,1.0,persistent,1.0
Safdarjung (Delhi),in_domain,dual18(ref),126,bias,0.0,persistent,
Safdarjung (Delhi),in_domain,dual18(ref),126,bias,0.0,persistent,
Safdarjung (Delhi),in_domain,dual18(ref),126,bias,1.0,persistent,4.0
Safdarjung (Delhi),in_domain,dual18(ref),126,stuck_at,1.0,persistent,0.0
Safdarjung (Delhi),in_domain,dual18(ref),126,stuck_at,1.0,persistent,0.0
Safdarjung (Delhi),in_domain,dual18(ref),126,stuck_at,1.0,persistent,0.0
Safdarjung (Delhi),in_domain,dual18(ref),126,stuck_at,1.0,persistent,0.0
Safdarjung (Delhi),in_domain,dual18(ref),126,stuck_at,1.0,persistent,0.0
Safdarjung (Delhi),in_domain,dual18(ref),126,stuck_at,1.0,persistent,0.0
Safdarjung (Delhi),in_domain,dual18(ref),126,noise_burst,1.0,persistent,0.0
Safdarjung (Delhi),in_domain,dual18(ref),126,noise_burst,0.0,persistent,
Safdarjung (Delhi),in_domain,dual18(ref),126,noise_burst,0.0,persistent,
Safdarjung (Delhi),in_domain,dual18(ref),126,noise_burst,1.0,persistent,7.0
Safdarjung (Delhi),in_domain,dual18(ref),126,noise_burst,1.0,persistent,2.0
Safdarjung (Delhi),in_domain,dual18(ref),126,noise_burst,1.0,persistent,6.0
Safdarjung (Delhi),in_domain,dual18(ref),126,intermittent_spikes,1.0,transient,0.0
Safdarjung (Delhi),in_domain,dual18(ref),126,intermittent_spikes,1.0,transient,0.0
Safdarjung (Delhi),in_domain,dual18(ref),126,intermittent_spikes,1.0,transient,0.0
Safdarjung (Delhi),in_domain,dual18(ref),126,intermittent_spikes,1.0,transient,0.0
Safdarjung (Delhi),in_domain,dual18(ref),126,intermittent_spikes,1.0,transient,0.0
Safdarjung (Delhi),in_domain,dual18(ref),126,intermittent_spikes,1.0,transient,0.0
Safdarjung (Delhi),in_domain,dual18(ref),126,drift_plus_noise,1.0,persistent,11.0
Safdarjung (Delhi),in_domain,dual18(ref),126,drift_plus_noise,1.0,persistent,13.0
Safdarjung (Delhi),in_domain,dual18(ref),126,drift_plus_noise,0.0,persistent,
Safdarjung (Delhi),in_domain,dual18(ref),126,bias_plus_spikes,1.0,persistent,0.0
Safdarjung (Delhi),in_domain,dual18(ref),126,bias_plus_spikes,1.0,persistent,0.0
Safdarjung (Delhi),in_domain,dual18(ref),126,bias_plus_spikes,1.0,persistent,2.0
Safdarjung (Delhi),temporal,dual18(ref),126,spike,1.0,transient,0.0
Safdarjung (Delhi),temporal,dual18(ref),126,spike,1.0,transient,0.0
Safdarjung (Delhi),temporal,dual18(ref),126,spike,1.0,transient,0.0
Safdarjung (Delhi),temporal,dual18(ref),126,spike,0.0,transient,
Safdarjung (Delhi),temporal,dual18(ref),126,spike,1.0,transient,0.0
Safdarjung (Delhi),temporal,dual18(ref),126,spike,1.0,transient,0.0
Safdarjung (Delhi),temporal,dual18(ref),126,spike,1.0,transient,0.0
Safdarjung (Delhi),temporal,dual18(ref),126,spike,0.0,transient,
Safdarjung (Delhi),temporal,dual18(ref),126,spike,0.0,transient,
Safdarjung (Delhi),temporal,dual18(ref),126,spike,1.0,transient,0.0
Safdarjung (Delhi),temporal,dual18(ref),126,spike,1.0,transient,0.0
Safdarjung (Delhi),temporal,dual18(ref),126,spike,1.0,transient,0.0
Safdarjung (Delhi),temporal,dual18(ref),126,spike,1.0,transient,0.0
Safdarjung (Delhi),temporal,dual18(ref),126,spike,0.0,transient,
Safdarjung (Delhi),temporal,dual18(ref),126,spike,1.0,transient,0.0
Safdarjung (Delhi),temporal,dual18(ref),126,spike,1.0,transient,0.0
Safdarjung (Delhi),temporal,dual18(ref),126,spike,1.0,transient,0.0
Safdarjung (Delhi),temporal,dual18(ref),126,spike,1.0,transient,0.0
Safdarjung (Delhi),temporal,dual18(ref),126,spike,1.0,transient,0.0
Safdarjung (Delhi),temporal,dual18(ref),126,spike,1.0,transient,0.0
Safdarjung (Delhi),temporal,dual18(ref),126,spike,1.0,transient,0.0
Safdarjung (Delhi),temporal,dual18(ref),126,spike,1.0,transient,0.0
Safdarjung (Delhi),temporal,dual18(ref),126,spike,1.0,transient,1.0
Safdarjung (Delhi),temporal,dual18(ref),126,spike,0.0,transient,
Safdarjung (Delhi),temporal,dual18(ref),126,drift,1.0,persistent,4.0
Safdarjung (Delhi),temporal,dual18(ref),126,drift,0.0,persistent,
Safdarjung (Delhi),temporal,dual18(ref),126,drift,0.0,persistent,
Safdarjung (Delhi),temporal,dual18(ref),126,drift,1.0,persistent,9.0
Safdarjung (Delhi),temporal,dual18(ref),126,drift,1.0,persistent,7.0
Safdarjung (Delhi),temporal,dual18(ref),126,drift,0.0,persistent,
Safdarjung (Delhi),temporal,dual18(ref),126,bias,0.0,persistent,
Safdarjung (Delhi),temporal,dual18(ref),126,bias,0.0,persistent,
Safdarjung (Delhi),temporal,dual18(ref),126,bias,1.0,persistent,3.0
Safdarjung (Delhi),temporal,dual18(ref),126,bias,0.0,persistent,
Safdarjung (Delhi),temporal,dual18(ref),126,bias,0.0,persistent,
Safdarjung (Delhi),temporal,dual18(ref),126,bias,1.0,persistent,4.0
Safdarjung (Delhi),temporal,dual18(ref),126,stuck_at,1.0,persistent,0.0
Safdarjung (Delhi),temporal,dual18(ref),126,stuck_at,1.0,persistent,0.0
Safdarjung (Delhi),temporal,dual18(ref),126,stuck_at,1.0,persistent,0.0
Safdarjung (Delhi),temporal,dual18(ref),126,stuck_at,1.0,persistent,0.0
Safdarjung (Delhi),temporal,dual18(ref),126,stuck_at,1.0,persistent,0.0
Safdarjung (Delhi),temporal,dual18(ref),126,stuck_at,1.0,persistent,0.0
Safdarjung (Delhi),temporal,dual18(ref),126,noise_burst,0.0,persistent,
Safdarjung (Delhi),temporal,dual18(ref),126,noise_burst,1.0,persistent,6.0
Safdarjung (Delhi),temporal,dual18(ref),126,noise_burst,0.0,persistent,
Safdarjung (Delhi),temporal,dual18(ref),126,noise_burst,1.0,persistent,8.0
Safdarjung (Delhi),temporal,dual18(ref),126,noise_burst,1.0,persistent,2.0
Safdarjung (Delhi),temporal,dual18(ref),126,noise_burst,1.0,persistent,4.0
Safdarjung (Delhi),temporal,dual18(ref),126,intermittent_spikes,1.0,transient,4.0
Safdarjung (Delhi),temporal,dual18(ref),126,intermittent_spikes,1.0,transient,0.0
Safdarjung (Delhi),temporal,dual18(ref),126,intermittent_spikes,1.0,transient,0.0
Safdarjung (Delhi),temporal,dual18(ref),126,intermittent_spikes,1.0,transient,0.0
Safdarjung (Delhi),temporal,dual18(ref),126,intermittent_spikes,1.0,transient,3.0
Safdarjung (Delhi),temporal,dual18(ref),126,intermittent_spikes,1.0,transient,0.0
Safdarjung (Delhi),temporal,dual18(ref),126,drift_plus_noise,1.0,persistent,9.0
Safdarjung (Delhi),temporal,dual18(ref),126,drift_plus_noise,0.0,persistent,
Safdarjung (Delhi),temporal,dual18(ref),126,drift_plus_noise,1.0,persistent,3.0
Safdarjung (Delhi),temporal,dual18(ref),126,bias_plus_spikes,1.0,persistent,0.0
Safdarjung (Delhi),temporal,dual18(ref),126,bias_plus_spikes,1.0,persistent,0.0
Safdarjung (Delhi),temporal,dual18(ref),126,bias_plus_spikes,1.0,persistent,2.0
Safdarjung (Delhi),station,dual18(ref),126,spike,1.0,transient,0.0
Safdarjung (Delhi),station,dual18(ref),126,spike,1.0,transient,0.0
Safdarjung (Delhi),station,dual18(ref),126,spike,1.0,transient,0.0
Safdarjung (Delhi),station,dual18(ref),126,spike,0.0,transient,
Safdarjung (Delhi),station,dual18(ref),126,spike,1.0,transient,0.0
Safdarjung (Delhi),station,dual18(ref),126,spike,1.0,transient,0.0
Safdarjung (Delhi),station,dual18(ref),126,spike,1.0,transient,0.0
Safdarjung (Delhi),station,dual18(ref),126,spike,0.0,transient,
Safdarjung (Delhi),station,dual18(ref),126,spike,0.0,transient,
Safdarjung (Delhi),station,dual18(ref),126,spike,1.0,transient,0.0
Safdarjung (Delhi),station,dual18(ref),126,spike,1.0,transient,0.0
Safdarjung (Delhi),station,dual18(ref),126,spike,1.0,transient,0.0
Safdarjung (Delhi),station,dual18(ref),126,spike,1.0,transient,0.0
Safdarjung (Delhi),station,dual18(ref),126,spike,0.0,transient,
Safdarjung (Delhi),station,dual18(ref),126,spike,1.0,transient,0.0
Safdarjung (Delhi),station,dual18(ref),126,spike,1.0,transient,0.0
Safdarjung (Delhi),station,dual18(ref),126,spike,1.0,transient,0.0
Safdarjung (Delhi),station,dual18(ref),126,spike,1.0,transient,0.0
Safdarjung (Delhi),station,dual18(ref),126,spike,0.0,transient,
Safdarjung (Delhi),station,dual18(ref),126,spike,1.0,transient,0.0
Safdarjung (Delhi),station,dual18(ref),126,spike,1.0,transient,0.0
Safdarjung (Delhi),station,dual18(ref),126,spike,1.0,transient,0.0
Safdarjung (Delhi),station,dual18(ref),126,spike,1.0,transient,0.0
Safdarjung (Delhi),station,dual18(ref),126,spike,0.0,transient,
Safdarjung (Delhi),station,dual18(ref),126,drift,1.0,persistent,9.0
Safdarjung (Delhi),station,dual18(ref),126,drift,0.0,persistent,
Safdarjung (Delhi),station,dual18(ref),126,drift,0.0,persistent,
Safdarjung (Delhi),station,dual18(ref),126,drift,1.0,persistent,9.0
Safdarjung (Delhi),station,dual18(ref),126,drift,0.0,persistent,
Safdarjung (Delhi),station,dual18(ref),126,drift,0.0,persistent,
Safdarjung (Delhi),station,dual18(ref),126,bias,1.0,persistent,8.0
Safdarjung (Delhi),station,dual18(ref),126,bias,0.0,persistent,
Safdarjung (Delhi),station,dual18(ref),126,bias,1.0,persistent,4.0
Safdarjung (Delhi),station,dual18(ref),126,bias,0.0,persistent,
Safdarjung (Delhi),station,dual18(ref),126,bias,0.0,persistent,
Safdarjung (Delhi),station,dual18(ref),126,bias,1.0,persistent,4.0
Safdarjung (Delhi),station,dual18(ref),126,stuck_at,1.0,persistent,0.0
Safdarjung (Delhi),station,dual18(ref),126,stuck_at,1.0,persistent,0.0
Safdarjung (Delhi),station,dual18(ref),126,stuck_at,1.0,persistent,0.0
Safdarjung (Delhi),station,dual18(ref),126,stuck_at,1.0,persistent,0.0
Safdarjung (Delhi),station,dual18(ref),126,stuck_at,1.0,persistent,0.0
Safdarjung (Delhi),station,dual18(ref),126,stuck_at,1.0,persistent,0.0
Safdarjung (Delhi),station,dual18(ref),126,noise_burst,0.0,persistent,
Safdarjung (Delhi),station,dual18(ref),126,noise_burst,1.0,persistent,6.0
Safdarjung (Delhi),station,dual18(ref),126,noise_burst,0.0,persistent,
Safdarjung (Delhi),station,dual18(ref),126,noise_burst,1.0,persistent,11.0
Safdarjung (Delhi),station,dual18(ref),126,noise_burst,1.0,persistent,0.0
Safdarjung (Delhi),station,dual18(ref),126,noise_burst,1.0,persistent,7.0
Safdarjung (Delhi),station,dual18(ref),126,intermittent_spikes,1.0,transient,4.0
Safdarjung (Delhi),station,dual18(ref),126,intermittent_spikes,1.0,transient,6.0
Safdarjung (Delhi),station,dual18(ref),126,intermittent_spikes,1.0,transient,0.0
Safdarjung (Delhi),station,dual18(ref),126,intermittent_spikes,1.0,transient,0.0
Safdarjung (Delhi),station,dual18(ref),126,intermittent_spikes,1.0,transient,0.0
Safdarjung (Delhi),station,dual18(ref),126,intermittent_spikes,1.0,transient,0.0
Safdarjung (Delhi),station,dual18(ref),126,drift_plus_noise,1.0,persistent,9.0
Safdarjung (Delhi),station,dual18(ref),126,drift_plus_noise,0.0,persistent,
Safdarjung (Delhi),station,dual18(ref),126,drift_plus_noise,1.0,persistent,2.0
Safdarjung (Delhi),station,dual18(ref),126,bias_plus_spikes,1.0,persistent,0.0
Safdarjung (Delhi),station,dual18(ref),126,bias_plus_spikes,1.0,persistent,0.0
Safdarjung (Delhi),station,dual18(ref),126,bias_plus_spikes,1.0,persistent,2.0
Patiala,in_domain,baseline16,104,spike,1.0,transient,0.0
Patiala,in_domain,baseline16,104,spike,1.0,transient,0.0
Patiala,in_domain,baseline16,104,spike,1.0,transient,0.0
Patiala,in_domain,baseline16,104,spike,1.0,transient,0.0
Patiala,in_domain,baseline16,104,spike,1.0,transient,0.0
Patiala,in_domain,baseline16,104,spike,1.0,transient,0.0
Patiala,in_domain,baseline16,104,spike,1.0,transient,0.0
Patiala,in_domain,baseline16,104,spike,1.0,transient,0.0
Patiala,in_domain,baseline16,104,spike,1.0,transient,0.0
Patiala,in_domain,baseline16,104,spike,1.0,transient,0.0
Patiala,in_domain,baseline16,104,spike,1.0,transient,0.0
Patiala,in_domain,baseline16,104,spike,1.0,transient,0.0
Patiala,in_domain,baseline16,104,spike,1.0,transient,0.0
Patiala,in_domain,baseline16,104,spike,1.0,transient,0.0
Patiala,in_domain,baseline16,104,spike,1.0,transient,0.0
Patiala,in_domain,baseline16,104,spike,1.0,transient,0.0
Patiala,in_domain,baseline16,104,spike,1.0,transient,0.0
Patiala,in_domain,baseline16,104,spike,1.0,transient,0.0
Patiala,in_domain,baseline16,104,spike,1.0,transient,0.0
Patiala,in_domain,baseline16,104,spike,1.0,transient,0.0
Patiala,in_domain,baseline16,104,spike,1.0,transient,0.0
Patiala,in_domain,baseline16,104,spike,0.0,transient,
Patiala,in_domain,baseline16,104,spike,1.0,transient,0.0
Patiala,in_domain,baseline16,104,drift,1.0,persistent,9.0
Patiala,in_domain,baseline16,104,drift,1.0,persistent,12.0
Patiala,in_domain,baseline16,104,drift,1.0,persistent,11.0
Patiala,in_domain,baseline16,104,drift,1.0,persistent,0.0
Patiala,in_domain,baseline16,104,drift,1.0,persistent,10.0
Patiala,in_domain,baseline16,104,drift,1.0,persistent,5.0
Patiala,in_domain,baseline16,104,bias,0.0,persistent,
Patiala,in_domain,baseline16,104,bias,1.0,persistent,0.0
Patiala,in_domain,baseline16,104,bias,1.0,persistent,3.0
Patiala,in_domain,baseline16,104,bias,1.0,persistent,4.0
Patiala,in_domain,baseline16,104,bias,1.0,persistent,5.0
Patiala,in_domain,baseline16,104,bias,1.0,persistent,3.0
Patiala,in_domain,baseline16,104,stuck_at,1.0,persistent,0.0
Patiala,in_domain,baseline16,104,stuck_at,1.0,persistent,0.0
Patiala,in_domain,baseline16,104,stuck_at,1.0,persistent,0.0
Patiala,in_domain,baseline16,104,stuck_at,1.0,persistent,0.0
Patiala,in_domain,baseline16,104,stuck_at,1.0,persistent,0.0
Patiala,in_domain,baseline16,104,stuck_at,1.0,persistent,0.0
Patiala,in_domain,baseline16,104,noise_burst,1.0,persistent,1.0
Patiala,in_domain,baseline16,104,noise_burst,0.0,persistent,
Patiala,in_domain,baseline16,104,noise_burst,1.0,persistent,3.0
Patiala,in_domain,baseline16,104,noise_burst,0.0,persistent,
Patiala,in_domain,baseline16,104,noise_burst,1.0,persistent,0.0
Patiala,in_domain,baseline16,104,noise_burst,0.0,persistent,
Patiala,in_domain,baseline16,104,intermittent_spikes,1.0,transient,0.0
Patiala,in_domain,baseline16,104,intermittent_spikes,1.0,transient,0.0
Patiala,in_domain,baseline16,104,intermittent_spikes,1.0,transient,0.0
Patiala,in_domain,baseline16,104,intermittent_spikes,1.0,transient,0.0
Patiala,in_domain,baseline16,104,intermittent_spikes,1.0,transient,0.0
Patiala,in_domain,baseline16,104,intermittent_spikes,1.0,transient,0.0
Patiala,in_domain,baseline16,104,drift_plus_noise,1.0,persistent,15.0
Patiala,in_domain,baseline16,104,drift_plus_noise,1.0,persistent,3.0
Patiala,in_domain,baseline16,104,drift_plus_noise,1.0,persistent,4.0
Patiala,in_domain,baseline16,104,bias_plus_spikes,1.0,persistent,0.0
Patiala,in_domain,baseline16,104,bias_plus_spikes,1.0,persistent,2.0
Patiala,in_domain,baseline16,104,bias_plus_spikes,1.0,persistent,1.0
Patiala,temporal,baseline16,104,spike,1.0,transient,0.0
Patiala,temporal,baseline16,104,spike,0.0,transient,
Patiala,temporal,baseline16,104,spike,0.0,transient,
Patiala,temporal,baseline16,104,spike,1.0,transient,0.0
Patiala,temporal,baseline16,104,spike,1.0,transient,0.0
Patiala,temporal,baseline16,104,spike,1.0,transient,0.0
Patiala,temporal,baseline16,104,spike,0.0,transient,
Patiala,temporal,baseline16,104,spike,1.0,transient,0.0
Patiala,temporal,baseline16,104,spike,0.0,transient,
Patiala,temporal,baseline16,104,spike,1.0,transient,0.0
Patiala,temporal,baseline16,104,spike,0.0,transient,
Patiala,temporal,baseline16,104,spike,0.0,transient,
Patiala,temporal,baseline16,104,spike,1.0,transient,0.0
Patiala,temporal,baseline16,104,spike,1.0,transient,0.0
Patiala,temporal,baseline16,104,spike,0.0,transient,
Patiala,temporal,baseline16,104,spike,1.0,transient,0.0
Patiala,temporal,baseline16,104,spike,1.0,transient,0.0
Patiala,temporal,baseline16,104,spike,1.0,transient,0.0
Patiala,temporal,baseline16,104,spike,0.0,transient,
Patiala,temporal,baseline16,104,spike,1.0,transient,0.0
Patiala,temporal,baseline16,104,spike,1.0,transient,0.0
Patiala,temporal,baseline16,104,spike,1.0,transient,0.0
Patiala,temporal,baseline16,104,spike,0.0,transient,
Patiala,temporal,baseline16,104,spike,1.0,transient,0.0
Patiala,temporal,baseline16,104,drift,1.0,persistent,6.0
Patiala,temporal,baseline16,104,drift,0.0,persistent,
Patiala,temporal,baseline16,104,drift,0.0,persistent,
Patiala,temporal,baseline16,104,drift,1.0,persistent,6.0
Patiala,temporal,baseline16,104,drift,1.0,persistent,8.0
Patiala,temporal,baseline16,104,drift,0.0,persistent,
Patiala,temporal,baseline16,104,bias,0.0,persistent,
Patiala,temporal,baseline16,104,bias,0.0,persistent,
Patiala,temporal,baseline16,104,bias,0.0,persistent,
Patiala,temporal,baseline16,104,bias,0.0,persistent,
Patiala,temporal,baseline16,104,bias,1.0,persistent,8.0
Patiala,temporal,baseline16,104,bias,0.0,persistent,
Patiala,temporal,baseline16,104,stuck_at,1.0,persistent,0.0
Patiala,temporal,baseline16,104,stuck_at,1.0,persistent,0.0
Patiala,temporal,baseline16,104,stuck_at,1.0,persistent,0.0
Patiala,temporal,baseline16,104,stuck_at,1.0,persistent,0.0
Patiala,temporal,baseline16,104,stuck_at,1.0,persistent,0.0
Patiala,temporal,baseline16,104,stuck_at,1.0,persistent,0.0
Patiala,temporal,baseline16,104,noise_burst,0.0,persistent,
Patiala,temporal,baseline16,104,noise_burst,1.0,persistent,9.0
Patiala,temporal,baseline16,104,noise_burst,0.0,persistent,
Patiala,temporal,baseline16,104,noise_burst,1.0,persistent,1.0
Patiala,temporal,baseline16,104,noise_burst,1.0,persistent,0.0
Patiala,temporal,baseline16,104,noise_burst,1.0,persistent,2.0
Patiala,temporal,baseline16,104,intermittent_spikes,1.0,transient,0.0
Patiala,temporal,baseline16,104,intermittent_spikes,1.0,transient,0.0
Patiala,temporal,baseline16,104,intermittent_spikes,1.0,transient,0.0
Patiala,temporal,baseline16,104,intermittent_spikes,1.0,transient,0.0
Patiala,temporal,baseline16,104,intermittent_spikes,1.0,transient,0.0
Patiala,temporal,baseline16,104,intermittent_spikes,1.0,transient,0.0
Patiala,temporal,baseline16,104,drift_plus_noise,0.0,persistent,
Patiala,temporal,baseline16,104,drift_plus_noise,1.0,persistent,1.0
Patiala,temporal,baseline16,104,drift_plus_noise,0.0,persistent,
Patiala,temporal,baseline16,104,bias_plus_spikes,1.0,persistent,0.0
Patiala,temporal,baseline16,104,bias_plus_spikes,1.0,persistent,2.0
Patiala,temporal,baseline16,104,bias_plus_spikes,1.0,persistent,7.0
Patiala,station,baseline16,104,spike,1.0,transient,0.0
Patiala,station,baseline16,104,spike,1.0,transient,0.0
Patiala,station,baseline16,104,spike,1.0,transient,0.0
Patiala,station,baseline16,104,spike,1.0,transient,0.0
Patiala,station,baseline16,104,spike,1.0,transient,0.0
Patiala,station,baseline16,104,spike,1.0,transient,0.0
Patiala,station,baseline16,104,spike,0.0,transient,
Patiala,station,baseline16,104,spike,1.0,transient,0.0
Patiala,station,baseline16,104,spike,0.0,transient,
Patiala,station,baseline16,104,spike,1.0,transient,0.0
Patiala,station,baseline16,104,spike,0.0,transient,
Patiala,station,baseline16,104,spike,0.0,transient,
Patiala,station,baseline16,104,spike,1.0,transient,0.0
Patiala,station,baseline16,104,spike,1.0,transient,0.0
Patiala,station,baseline16,104,spike,0.0,transient,
Patiala,station,baseline16,104,spike,1.0,transient,0.0
Patiala,station,baseline16,104,spike,0.0,transient,
Patiala,station,baseline16,104,spike,1.0,transient,0.0
Patiala,station,baseline16,104,spike,0.0,transient,
Patiala,station,baseline16,104,spike,1.0,transient,0.0
Patiala,station,baseline16,104,spike,1.0,transient,0.0
Patiala,station,baseline16,104,spike,1.0,transient,0.0
Patiala,station,baseline16,104,spike,0.0,transient,
Patiala,station,baseline16,104,spike,1.0,transient,0.0
Patiala,station,baseline16,104,drift,1.0,persistent,6.0
Patiala,station,baseline16,104,drift,0.0,persistent,
Patiala,station,baseline16,104,drift,0.0,persistent,
Patiala,station,baseline16,104,drift,0.0,persistent,
Patiala,station,baseline16,104,drift,1.0,persistent,8.0
Patiala,station,baseline16,104,drift,0.0,persistent,
Patiala,station,baseline16,104,bias,0.0,persistent,
Patiala,station,baseline16,104,bias,0.0,persistent,
Patiala,station,baseline16,104,bias,0.0,persistent,
Patiala,station,baseline16,104,bias,0.0,persistent,
Patiala,station,baseline16,104,bias,1.0,persistent,8.0
Patiala,station,baseline16,104,bias,1.0,persistent,8.0
Patiala,station,baseline16,104,stuck_at,1.0,persistent,0.0
Patiala,station,baseline16,104,stuck_at,1.0,persistent,0.0
Patiala,station,baseline16,104,stuck_at,1.0,persistent,0.0
Patiala,station,baseline16,104,stuck_at,1.0,persistent,0.0
Patiala,station,baseline16,104,stuck_at,1.0,persistent,0.0
Patiala,station,baseline16,104,stuck_at,1.0,persistent,0.0
Patiala,station,baseline16,104,noise_burst,0.0,persistent,
Patiala,station,baseline16,104,noise_burst,1.0,persistent,4.0
Patiala,station,baseline16,104,noise_burst,0.0,persistent,
Patiala,station,baseline16,104,noise_burst,1.0,persistent,0.0
Patiala,station,baseline16,104,noise_burst,1.0,persistent,0.0
Patiala,station,baseline16,104,noise_burst,1.0,persistent,3.0
Patiala,station,baseline16,104,intermittent_spikes,1.0,transient,0.0
Patiala,station,baseline16,104,intermittent_spikes,1.0,transient,0.0
Patiala,station,baseline16,104,intermittent_spikes,1.0,transient,0.0
Patiala,station,baseline16,104,intermittent_spikes,1.0,transient,0.0
Patiala,station,baseline16,104,intermittent_spikes,1.0,transient,0.0
Patiala,station,baseline16,104,intermittent_spikes,1.0,transient,2.0
Patiala,station,baseline16,104,drift_plus_noise,1.0,persistent,14.0
Patiala,station,baseline16,104,drift_plus_noise,1.0,persistent,1.0
Patiala,station,baseline16,104,drift_plus_noise,0.0,persistent,
Patiala,station,baseline16,104,bias_plus_spikes,1.0,persistent,0.0
Patiala,station,baseline16,104,bias_plus_spikes,1.0,persistent,2.0
Patiala,station,baseline16,104,bias_plus_spikes,1.0,persistent,2.0
Patiala,in_domain,baseline16,115,spike,1.0,transient,0.0
Patiala,in_domain,baseline16,115,spike,1.0,transient,0.0
Patiala,in_domain,baseline16,115,spike,0.0,transient,
Patiala,in_domain,baseline16,115,spike,1.0,transient,0.0
Patiala,in_domain,baseline16,115,spike,1.0,transient,0.0
Patiala,in_domain,baseline16,115,spike,1.0,transient,0.0
Patiala,in_domain,baseline16,115,spike,1.0,transient,0.0
Patiala,in_domain,baseline16,115,spike,0.0,transient,
Patiala,in_domain,baseline16,115,spike,1.0,transient,0.0
Patiala,in_domain,baseline16,115,spike,0.0,transient,
Patiala,in_domain,baseline16,115,spike,1.0,transient,0.0
Patiala,in_domain,baseline16,115,spike,1.0,transient,0.0
Patiala,in_domain,baseline16,115,spike,1.0,transient,0.0
Patiala,in_domain,baseline16,115,spike,1.0,transient,0.0
Patiala,in_domain,baseline16,115,spike,1.0,transient,0.0
Patiala,in_domain,baseline16,115,spike,1.0,transient,0.0
Patiala,in_domain,baseline16,115,spike,1.0,transient,0.0
Patiala,in_domain,baseline16,115,spike,0.0,transient,
Patiala,in_domain,baseline16,115,spike,0.0,transient,
Patiala,in_domain,baseline16,115,spike,1.0,transient,0.0
Patiala,in_domain,baseline16,115,spike,1.0,transient,0.0
Patiala,in_domain,baseline16,115,spike,1.0,transient,0.0
Patiala,in_domain,baseline16,115,spike,1.0,transient,0.0
Patiala,in_domain,baseline16,115,spike,1.0,transient,0.0
Patiala,in_domain,baseline16,115,drift,1.0,persistent,10.0
Patiala,in_domain,baseline16,115,drift,0.0,persistent,
Patiala,in_domain,baseline16,115,drift,1.0,persistent,1.0
Patiala,in_domain,baseline16,115,drift,1.0,persistent,7.0
Patiala,in_domain,baseline16,115,drift,1.0,persistent,1.0
Patiala,in_domain,baseline16,115,drift,1.0,persistent,7.0
Patiala,in_domain,baseline16,115,bias,1.0,persistent,0.0
Patiala,in_domain,baseline16,115,bias,0.0,persistent,
Patiala,in_domain,baseline16,115,bias,1.0,persistent,7.0
Patiala,in_domain,baseline16,115,bias,1.0,persistent,0.0
Patiala,in_domain,baseline16,115,bias,0.0,persistent,
Patiala,in_domain,baseline16,115,bias,0.0,persistent,
Patiala,in_domain,baseline16,115,stuck_at,1.0,persistent,0.0
Patiala,in_domain,baseline16,115,stuck_at,1.0,persistent,0.0
Patiala,in_domain,baseline16,115,stuck_at,1.0,persistent,0.0
Patiala,in_domain,baseline16,115,stuck_at,1.0,persistent,0.0
Patiala,in_domain,baseline16,115,stuck_at,1.0,persistent,0.0
Patiala,in_domain,baseline16,115,stuck_at,1.0,persistent,0.0
Patiala,in_domain,baseline16,115,noise_burst,0.0,persistent,
Patiala,in_domain,baseline16,115,noise_burst,1.0,persistent,2.0
Patiala,in_domain,baseline16,115,noise_burst,1.0,persistent,8.0
Patiala,in_domain,baseline16,115,noise_burst,1.0,persistent,0.0
Patiala,in_domain,baseline16,115,noise_burst,1.0,persistent,1.0
Patiala,in_domain,baseline16,115,noise_burst,0.0,persistent,
Patiala,in_domain,baseline16,115,intermittent_spikes,1.0,transient,2.0
Patiala,in_domain,baseline16,115,intermittent_spikes,0.0,transient,
Patiala,in_domain,baseline16,115,intermittent_spikes,1.0,transient,5.0
Patiala,in_domain,baseline16,115,intermittent_spikes,1.0,transient,0.0
Patiala,in_domain,baseline16,115,intermittent_spikes,1.0,transient,0.0
Patiala,in_domain,baseline16,115,intermittent_spikes,1.0,transient,0.0
Patiala,in_domain,baseline16,115,drift_plus_noise,1.0,persistent,12.0
Patiala,in_domain,baseline16,115,drift_plus_noise,1.0,persistent,2.0
Patiala,in_domain,baseline16,115,drift_plus_noise,1.0,persistent,7.0
Patiala,in_domain,baseline16,115,bias_plus_spikes,1.0,persistent,1.0
Patiala,in_domain,baseline16,115,bias_plus_spikes,1.0,persistent,0.0
Patiala,in_domain,baseline16,115,bias_plus_spikes,1.0,persistent,7.0
Patiala,temporal,baseline16,115,spike,1.0,transient,0.0
Patiala,temporal,baseline16,115,spike,0.0,transient,
Patiala,temporal,baseline16,115,spike,0.0,transient,
Patiala,temporal,baseline16,115,spike,1.0,transient,0.0
Patiala,temporal,baseline16,115,spike,1.0,transient,0.0
Patiala,temporal,baseline16,115,spike,1.0,transient,0.0
Patiala,temporal,baseline16,115,spike,0.0,transient,
Patiala,temporal,baseline16,115,spike,0.0,transient,
Patiala,temporal,baseline16,115,spike,0.0,transient,
Patiala,temporal,baseline16,115,spike,1.0,transient,0.0
Patiala,temporal,baseline16,115,spike,0.0,transient,
Patiala,temporal,baseline16,115,spike,1.0,transient,0.0
Patiala,temporal,baseline16,115,spike,1.0,transient,0.0
Patiala,temporal,baseline16,115,spike,1.0,transient,0.0
Patiala,temporal,baseline16,115,spike,1.0,transient,0.0
Patiala,temporal,baseline16,115,spike,1.0,transient,0.0
Patiala,temporal,baseline16,115,spike,1.0,transient,0.0
Patiala,temporal,baseline16,115,spike,0.0,transient,
Patiala,temporal,baseline16,115,spike,0.0,transient,
Patiala,temporal,baseline16,115,spike,1.0,transient,0.0
Patiala,temporal,baseline16,115,spike,1.0,transient,0.0
Patiala,temporal,baseline16,115,spike,1.0,transient,0.0
Patiala,temporal,baseline16,115,spike,0.0,transient,
Patiala,temporal,baseline16,115,spike,0.0,transient,
Patiala,temporal,baseline16,115,drift,1.0,persistent,10.0
Patiala,temporal,baseline16,115,drift,1.0,persistent,11.0
Patiala,temporal,baseline16,115,drift,1.0,persistent,9.0
Patiala,temporal,baseline16,115,drift,1.0,persistent,5.0
Patiala,temporal,baseline16,115,drift,0.0,persistent,
Patiala,temporal,baseline16,115,drift,0.0,persistent,
Patiala,temporal,baseline16,115,bias,0.0,persistent,
Patiala,temporal,baseline16,115,bias,0.0,persistent,
Patiala,temporal,baseline16,115,bias,1.0,persistent,0.0
Patiala,temporal,baseline16,115,bias,0.0,persistent,
Patiala,temporal,baseline16,115,bias,1.0,persistent,5.0
Patiala,temporal,baseline16,115,bias,1.0,persistent,0.0
Patiala,temporal,baseline16,115,stuck_at,1.0,persistent,0.0
Patiala,temporal,baseline16,115,stuck_at,1.0,persistent,0.0
Patiala,temporal,baseline16,115,stuck_at,1.0,persistent,0.0
Patiala,temporal,baseline16,115,stuck_at,1.0,persistent,0.0
Patiala,temporal,baseline16,115,stuck_at,1.0,persistent,0.0
Patiala,temporal,baseline16,115,stuck_at,1.0,persistent,0.0
Patiala,temporal,baseline16,115,noise_burst,0.0,persistent,
Patiala,temporal,baseline16,115,noise_burst,1.0,persistent,6.0
Patiala,temporal,baseline16,115,noise_burst,0.0,persistent,
Patiala,temporal,baseline16,115,noise_burst,1.0,persistent,0.0
Patiala,temporal,baseline16,115,noise_burst,1.0,persistent,1.0
Patiala,temporal,baseline16,115,noise_burst,1.0,persistent,2.0
Patiala,temporal,baseline16,115,intermittent_spikes,0.0,transient,
Patiala,temporal,baseline16,115,intermittent_spikes,1.0,transient,0.0
Patiala,temporal,baseline16,115,intermittent_spikes,1.0,transient,0.0
Patiala,temporal,baseline16,115,intermittent_spikes,1.0,transient,0.0
Patiala,temporal,baseline16,115,intermittent_spikes,1.0,transient,0.0
Patiala,temporal,baseline16,115,intermittent_spikes,1.0,transient,0.0
Patiala,temporal,baseline16,115,drift_plus_noise,0.0,persistent,
Patiala,temporal,baseline16,115,drift_plus_noise,1.0,persistent,4.0
Patiala,temporal,baseline16,115,drift_plus_noise,1.0,persistent,6.0
Patiala,temporal,baseline16,115,bias_plus_spikes,0.0,persistent,
Patiala,temporal,baseline16,115,bias_plus_spikes,1.0,persistent,0.0
Patiala,temporal,baseline16,115,bias_plus_spikes,1.0,persistent,6.0
Patiala,station,baseline16,115,spike,1.0,transient,0.0
Patiala,station,baseline16,115,spike,0.0,transient,
Patiala,station,baseline16,115,spike,0.0,transient,
Patiala,station,baseline16,115,spike,1.0,transient,0.0
Patiala,station,baseline16,115,spike,1.0,transient,0.0
Patiala,station,baseline16,115,spike,1.0,transient,0.0
Patiala,station,baseline16,115,spike,0.0,transient,
Patiala,station,baseline16,115,spike,0.0,transient,
Patiala,station,baseline16,115,spike,0.0,transient,
Patiala,station,baseline16,115,spike,1.0,transient,0.0
Patiala,station,baseline16,115,spike,0.0,transient,
Patiala,station,baseline16,115,spike,1.0,transient,0.0
Patiala,station,baseline16,115,spike,1.0,transient,0.0
Patiala,station,baseline16,115,spike,1.0,transient,0.0
Patiala,station,baseline16,115,spike,1.0,transient,0.0
Patiala,station,baseline16,115,spike,1.0,transient,0.0
Patiala,station,baseline16,115,spike,1.0,transient,0.0
Patiala,station,baseline16,115,spike,0.0,transient,
Patiala,station,baseline16,115,spike,0.0,transient,
Patiala,station,baseline16,115,spike,1.0,transient,0.0
Patiala,station,baseline16,115,spike,1.0,transient,0.0
Patiala,station,baseline16,115,spike,1.0,transient,0.0
Patiala,station,baseline16,115,spike,1.0,transient,0.0
Patiala,station,baseline16,115,spike,0.0,transient,
Patiala,station,baseline16,115,drift,1.0,persistent,10.0
Patiala,station,baseline16,115,drift,1.0,persistent,11.0
Patiala,station,baseline16,115,drift,1.0,persistent,9.0
Patiala,station,baseline16,115,drift,1.0,persistent,5.0
Patiala,station,baseline16,115,drift,0.0,persistent,
Patiala,station,baseline16,115,drift,0.0,persistent,
Patiala,station,baseline16,115,bias,0.0,persistent,
Patiala,station,baseline16,115,bias,0.0,persistent,
Patiala,station,baseline16,115,bias,1.0,persistent,0.0
Patiala,station,baseline16,115,bias,0.0,persistent,
Patiala,station,baseline16,115,bias,1.0,persistent,8.0
Patiala,station,baseline16,115,bias,1.0,persistent,2.0
Patiala,station,baseline16,115,stuck_at,1.0,persistent,0.0
Patiala,station,baseline16,115,stuck_at,1.0,persistent,0.0
Patiala,station,baseline16,115,stuck_at,1.0,persistent,0.0
Patiala,station,baseline16,115,stuck_at,1.0,persistent,0.0
Patiala,station,baseline16,115,stuck_at,1.0,persistent,0.0
Patiala,station,baseline16,115,stuck_at,1.0,persistent,0.0
Patiala,station,baseline16,115,noise_burst,0.0,persistent,
Patiala,station,baseline16,115,noise_burst,1.0,persistent,6.0
Patiala,station,baseline16,115,noise_burst,0.0,persistent,
Patiala,station,baseline16,115,noise_burst,1.0,persistent,0.0
Patiala,station,baseline16,115,noise_burst,1.0,persistent,1.0
Patiala,station,baseline16,115,noise_burst,1.0,persistent,3.0
Patiala,station,baseline16,115,intermittent_spikes,1.0,transient,0.0
Patiala,station,baseline16,115,intermittent_spikes,1.0,transient,0.0
Patiala,station,baseline16,115,intermittent_spikes,1.0,transient,0.0
Patiala,station,baseline16,115,intermittent_spikes,1.0,transient,0.0
Patiala,station,baseline16,115,intermittent_spikes,1.0,transient,0.0
Patiala,station,baseline16,115,intermittent_spikes,1.0,transient,0.0
Patiala,station,baseline16,115,drift_plus_noise,0.0,persistent,
Patiala,station,baseline16,115,drift_plus_noise,1.0,persistent,4.0
Patiala,station,baseline16,115,drift_plus_noise,1.0,persistent,6.0
Patiala,station,baseline16,115,bias_plus_spikes,0.0,persistent,
Patiala,station,baseline16,115,bias_plus_spikes,1.0,persistent,1.0
Patiala,station,baseline16,115,bias_plus_spikes,0.0,persistent,
Patiala,in_domain,baseline16,126,spike,1.0,transient,0.0
Patiala,in_domain,baseline16,126,spike,1.0,transient,0.0
Patiala,in_domain,baseline16,126,spike,0.0,transient,
Patiala,in_domain,baseline16,126,spike,1.0,transient,0.0
Patiala,in_domain,baseline16,126,spike,1.0,transient,0.0
Patiala,in_domain,baseline16,126,spike,1.0,transient,0.0
Patiala,in_domain,baseline16,126,spike,0.0,transient,
Patiala,in_domain,baseline16,126,spike,0.0,transient,
Patiala,in_domain,baseline16,126,spike,0.0,transient,
Patiala,in_domain,baseline16,126,spike,1.0,transient,0.0
Patiala,in_domain,baseline16,126,spike,1.0,transient,0.0
Patiala,in_domain,baseline16,126,spike,0.0,transient,
Patiala,in_domain,baseline16,126,spike,1.0,transient,0.0
Patiala,in_domain,baseline16,126,spike,1.0,transient,0.0
Patiala,in_domain,baseline16,126,spike,1.0,transient,0.0
Patiala,in_domain,baseline16,126,spike,1.0,transient,0.0
Patiala,in_domain,baseline16,126,spike,1.0,transient,0.0
Patiala,in_domain,baseline16,126,spike,0.0,transient,
Patiala,in_domain,baseline16,126,spike,1.0,transient,0.0
Patiala,in_domain,baseline16,126,spike,1.0,transient,0.0
Patiala,in_domain,baseline16,126,spike,1.0,transient,0.0
Patiala,in_domain,baseline16,126,spike,1.0,transient,0.0
Patiala,in_domain,baseline16,126,spike,1.0,transient,0.0
Patiala,in_domain,baseline16,126,spike,0.0,transient,
Patiala,in_domain,baseline16,126,drift,1.0,persistent,9.0
Patiala,in_domain,baseline16,126,drift,1.0,persistent,9.0
Patiala,in_domain,baseline16,126,drift,0.0,persistent,
Patiala,in_domain,baseline16,126,drift,0.0,persistent,
Patiala,in_domain,baseline16,126,drift,1.0,persistent,3.0
Patiala,in_domain,baseline16,126,drift,0.0,persistent,
Patiala,in_domain,baseline16,126,bias,0.0,persistent,
Patiala,in_domain,baseline16,126,bias,0.0,persistent,
Patiala,in_domain,baseline16,126,bias,1.0,persistent,0.0
Patiala,in_domain,baseline16,126,bias,0.0,persistent,
Patiala,in_domain,baseline16,126,bias,1.0,persistent,9.0
Patiala,in_domain,baseline16,126,bias,1.0,persistent,3.0
Patiala,in_domain,baseline16,126,stuck_at,1.0,persistent,0.0
Patiala,in_domain,baseline16,126,stuck_at,1.0,persistent,0.0
Patiala,in_domain,baseline16,126,stuck_at,1.0,persistent,0.0
Patiala,in_domain,baseline16,126,stuck_at,1.0,persistent,0.0
Patiala,in_domain,baseline16,126,stuck_at,1.0,persistent,0.0
Patiala,in_domain,baseline16,126,stuck_at,1.0,persistent,0.0
Patiala,in_domain,baseline16,126,noise_burst,1.0,persistent,0.0
Patiala,in_domain,baseline16,126,noise_burst,1.0,persistent,4.0
Patiala,in_domain,baseline16,126,noise_burst,0.0,persistent,
Patiala,in_domain,baseline16,126,noise_burst,0.0,persistent,
Patiala,in_domain,baseline16,126,noise_burst,1.0,persistent,2.0
Patiala,in_domain,baseline16,126,noise_burst,1.0,persistent,1.0
Patiala,in_domain,baseline16,126,intermittent_spikes,1.0,transient,0.0
Patiala,in_domain,baseline16,126,intermittent_spikes,1.0,transient,0.0
Patiala,in_domain,baseline16,126,intermittent_spikes,1.0,transient,0.0
Patiala,in_domain,baseline16,126,intermittent_spikes,1.0,transient,0.0
Patiala,in_domain,baseline16,126,intermittent_spikes,1.0,transient,0.0
Patiala,in_domain,baseline16,126,intermittent_spikes,1.0,transient,0.0
Patiala,in_domain,baseline16,126,drift_plus_noise,1.0,persistent,5.0
Patiala,in_domain,baseline16,126,drift_plus_noise,1.0,persistent,7.0
Patiala,in_domain,baseline16,126,drift_plus_noise,1.0,persistent,10.0
Patiala,in_domain,baseline16,126,bias_plus_spikes,1.0,persistent,0.0
Patiala,in_domain,baseline16,126,bias_plus_spikes,1.0,persistent,0.0
Patiala,in_domain,baseline16,126,bias_plus_spikes,1.0,persistent,0.0
Patiala,temporal,baseline16,126,spike,1.0,transient,0.0
Patiala,temporal,baseline16,126,spike,0.0,transient,
Patiala,temporal,baseline16,126,spike,1.0,transient,0.0
Patiala,temporal,baseline16,126,spike,0.0,transient,
Patiala,temporal,baseline16,126,spike,1.0,transient,0.0
Patiala,temporal,baseline16,126,spike,1.0,transient,0.0
Patiala,temporal,baseline16,126,spike,1.0,transient,0.0
Patiala,temporal,baseline16,126,spike,0.0,transient,
Patiala,temporal,baseline16,126,spike,0.0,transient,
Patiala,temporal,baseline16,126,spike,1.0,transient,0.0
Patiala,temporal,baseline16,126,spike,1.0,transient,0.0
Patiala,temporal,baseline16,126,spike,1.0,transient,0.0
Patiala,temporal,baseline16,126,spike,1.0,transient,0.0
Patiala,temporal,baseline16,126,spike,1.0,transient,0.0
Patiala,temporal,baseline16,126,spike,1.0,transient,0.0
Patiala,temporal,baseline16,126,spike,1.0,transient,0.0
Patiala,temporal,baseline16,126,spike,1.0,transient,0.0
Patiala,temporal,baseline16,126,spike,0.0,transient,
Patiala,temporal,baseline16,126,spike,0.0,transient,
Patiala,temporal,baseline16,126,spike,1.0,transient,0.0
Patiala,temporal,baseline16,126,spike,1.0,transient,0.0
Patiala,temporal,baseline16,126,spike,1.0,transient,0.0
Patiala,temporal,baseline16,126,spike,0.0,transient,
Patiala,temporal,baseline16,126,spike,0.0,transient,
Patiala,temporal,baseline16,126,drift,1.0,persistent,0.0
Patiala,temporal,baseline16,126,drift,0.0,persistent,
Patiala,temporal,baseline16,126,drift,0.0,persistent,
Patiala,temporal,baseline16,126,drift,0.0,persistent,
Patiala,temporal,baseline16,126,drift,1.0,persistent,8.0
Patiala,temporal,baseline16,126,drift,1.0,persistent,6.0
Patiala,temporal,baseline16,126,bias,1.0,persistent,0.0
Patiala,temporal,baseline16,126,bias,0.0,persistent,
Patiala,temporal,baseline16,126,bias,0.0,persistent,
Patiala,temporal,baseline16,126,bias,1.0,persistent,6.0
Patiala,temporal,baseline16,126,bias,0.0,persistent,
Patiala,temporal,baseline16,126,bias,0.0,persistent,
Patiala,temporal,baseline16,126,stuck_at,1.0,persistent,0.0
Patiala,temporal,baseline16,126,stuck_at,1.0,persistent,0.0
Patiala,temporal,baseline16,126,stuck_at,1.0,persistent,0.0
Patiala,temporal,baseline16,126,stuck_at,1.0,persistent,0.0
Patiala,temporal,baseline16,126,stuck_at,1.0,persistent,0.0
Patiala,temporal,baseline16,126,stuck_at,1.0,persistent,0.0
Patiala,temporal,baseline16,126,noise_burst,1.0,persistent,5.0
Patiala,temporal,baseline16,126,noise_burst,1.0,persistent,7.0
Patiala,temporal,baseline16,126,noise_burst,0.0,persistent,
Patiala,temporal,baseline16,126,noise_burst,0.0,persistent,
Patiala,temporal,baseline16,126,noise_burst,1.0,persistent,1.0
Patiala,temporal,baseline16,126,noise_burst,1.0,persistent,0.0
Patiala,temporal,baseline16,126,intermittent_spikes,1.0,transient,0.0
Patiala,temporal,baseline16,126,intermittent_spikes,1.0,transient,0.0
Patiala,temporal,baseline16,126,intermittent_spikes,1.0,transient,0.0
Patiala,temporal,baseline16,126,intermittent_spikes,1.0,transient,0.0
Patiala,temporal,baseline16,126,intermittent_spikes,1.0,transient,0.0
Patiala,temporal,baseline16,126,intermittent_spikes,1.0,transient,0.0
Patiala,temporal,baseline16,126,drift_plus_noise,1.0,persistent,10.0
Patiala,temporal,baseline16,126,drift_plus_noise,1.0,persistent,6.0
Patiala,temporal,baseline16,126,drift_plus_noise,1.0,persistent,13.0
Patiala,temporal,baseline16,126,bias_plus_spikes,1.0,persistent,0.0
Patiala,temporal,baseline16,126,bias_plus_spikes,1.0,persistent,3.0
Patiala,temporal,baseline16,126,bias_plus_spikes,1.0,persistent,2.0
Patiala,station,baseline16,126,spike,1.0,transient,0.0
Patiala,station,baseline16,126,spike,0.0,transient,
Patiala,station,baseline16,126,spike,1.0,transient,0.0
Patiala,station,baseline16,126,spike,0.0,transient,
Patiala,station,baseline16,126,spike,1.0,transient,0.0
Patiala,station,baseline16,126,spike,1.0,transient,0.0
Patiala,station,baseline16,126,spike,1.0,transient,0.0
Patiala,station,baseline16,126,spike,0.0,transient,
Patiala,station,baseline16,126,spike,1.0,transient,0.0
Patiala,station,baseline16,126,spike,1.0,transient,0.0
Patiala,station,baseline16,126,spike,1.0,transient,0.0
Patiala,station,baseline16,126,spike,1.0,transient,0.0
Patiala,station,baseline16,126,spike,1.0,transient,0.0
Patiala,station,baseline16,126,spike,1.0,transient,0.0
Patiala,station,baseline16,126,spike,1.0,transient,0.0
Patiala,station,baseline16,126,spike,1.0,transient,0.0
Patiala,station,baseline16,126,spike,1.0,transient,0.0
Patiala,station,baseline16,126,spike,0.0,transient,
Patiala,station,baseline16,126,spike,0.0,transient,
Patiala,station,baseline16,126,spike,0.0,transient,
Patiala,station,baseline16,126,spike,1.0,transient,0.0
Patiala,station,baseline16,126,spike,1.0,transient,0.0
Patiala,station,baseline16,126,spike,0.0,transient,
Patiala,station,baseline16,126,spike,0.0,transient,
Patiala,station,baseline16,126,drift,1.0,persistent,0.0
Patiala,station,baseline16,126,drift,0.0,persistent,
Patiala,station,baseline16,126,drift,0.0,persistent,
Patiala,station,baseline16,126,drift,1.0,persistent,0.0
Patiala,station,baseline16,126,drift,1.0,persistent,2.0
Patiala,station,baseline16,126,drift,1.0,persistent,9.0
Patiala,station,baseline16,126,bias,1.0,persistent,0.0
Patiala,station,baseline16,126,bias,0.0,persistent,
Patiala,station,baseline16,126,bias,0.0,persistent,
Patiala,station,baseline16,126,bias,1.0,persistent,6.0
Patiala,station,baseline16,126,bias,0.0,persistent,
Patiala,station,baseline16,126,bias,0.0,persistent,
Patiala,station,baseline16,126,stuck_at,1.0,persistent,0.0
Patiala,station,baseline16,126,stuck_at,1.0,persistent,0.0
Patiala,station,baseline16,126,stuck_at,1.0,persistent,0.0
Patiala,station,baseline16,126,stuck_at,1.0,persistent,0.0
Patiala,station,baseline16,126,stuck_at,1.0,persistent,0.0
Patiala,station,baseline16,126,stuck_at,1.0,persistent,0.0
Patiala,station,baseline16,126,noise_burst,0.0,persistent,
Patiala,station,baseline16,126,noise_burst,1.0,persistent,7.0
Patiala,station,baseline16,126,noise_burst,0.0,persistent,
Patiala,station,baseline16,126,noise_burst,0.0,persistent,
Patiala,station,baseline16,126,noise_burst,1.0,persistent,0.0
Patiala,station,baseline16,126,noise_burst,1.0,persistent,0.0
Patiala,station,baseline16,126,intermittent_spikes,1.0,transient,0.0
Patiala,station,baseline16,126,intermittent_spikes,1.0,transient,0.0
Patiala,station,baseline16,126,intermittent_spikes,1.0,transient,0.0
Patiala,station,baseline16,126,intermittent_spikes,1.0,transient,0.0
Patiala,station,baseline16,126,intermittent_spikes,1.0,transient,0.0
Patiala,station,baseline16,126,intermittent_spikes,1.0,transient,3.0
Patiala,station,baseline16,126,drift_plus_noise,1.0,persistent,10.0
Patiala,station,baseline16,126,drift_plus_noise,1.0,persistent,6.0
Patiala,station,baseline16,126,drift_plus_noise,0.0,persistent,
Patiala,station,baseline16,126,bias_plus_spikes,1.0,persistent,0.0
Patiala,station,baseline16,126,bias_plus_spikes,1.0,persistent,3.0
Patiala,station,baseline16,126,bias_plus_spikes,1.0,persistent,2.0
Patiala,in_domain,clim_short17,104,spike,1.0,transient,0.0
Patiala,in_domain,clim_short17,104,spike,1.0,transient,0.0
Patiala,in_domain,clim_short17,104,spike,1.0,transient,0.0
Patiala,in_domain,clim_short17,104,spike,1.0,transient,0.0
Patiala,in_domain,clim_short17,104,spike,1.0,transient,0.0
Patiala,in_domain,clim_short17,104,spike,1.0,transient,0.0
Patiala,in_domain,clim_short17,104,spike,1.0,transient,0.0
Patiala,in_domain,clim_short17,104,spike,1.0,transient,0.0
Patiala,in_domain,clim_short17,104,spike,1.0,transient,0.0
Patiala,in_domain,clim_short17,104,spike,1.0,transient,0.0
Patiala,in_domain,clim_short17,104,spike,1.0,transient,0.0
Patiala,in_domain,clim_short17,104,spike,1.0,transient,0.0
Patiala,in_domain,clim_short17,104,spike,1.0,transient,0.0
Patiala,in_domain,clim_short17,104,spike,1.0,transient,0.0
Patiala,in_domain,clim_short17,104,spike,1.0,transient,0.0
Patiala,in_domain,clim_short17,104,spike,1.0,transient,0.0
Patiala,in_domain,clim_short17,104,spike,1.0,transient,0.0
Patiala,in_domain,clim_short17,104,spike,1.0,transient,0.0
Patiala,in_domain,clim_short17,104,spike,1.0,transient,0.0
Patiala,in_domain,clim_short17,104,spike,1.0,transient,0.0
Patiala,in_domain,clim_short17,104,spike,1.0,transient,0.0
Patiala,in_domain,clim_short17,104,spike,0.0,transient,
Patiala,in_domain,clim_short17,104,spike,1.0,transient,0.0
Patiala,in_domain,clim_short17,104,drift,1.0,persistent,5.0
Patiala,in_domain,clim_short17,104,drift,1.0,persistent,12.0
Patiala,in_domain,clim_short17,104,drift,1.0,persistent,11.0
Patiala,in_domain,clim_short17,104,drift,1.0,persistent,0.0
Patiala,in_domain,clim_short17,104,drift,1.0,persistent,10.0
Patiala,in_domain,clim_short17,104,drift,1.0,persistent,5.0
Patiala,in_domain,clim_short17,104,bias,0.0,persistent,
Patiala,in_domain,clim_short17,104,bias,1.0,persistent,0.0
Patiala,in_domain,clim_short17,104,bias,1.0,persistent,3.0
Patiala,in_domain,clim_short17,104,bias,1.0,persistent,4.0
Patiala,in_domain,clim_short17,104,bias,1.0,persistent,5.0
Patiala,in_domain,clim_short17,104,bias,1.0,persistent,3.0
Patiala,in_domain,clim_short17,104,stuck_at,1.0,persistent,0.0
Patiala,in_domain,clim_short17,104,stuck_at,1.0,persistent,0.0
Patiala,in_domain,clim_short17,104,stuck_at,1.0,persistent,0.0
Patiala,in_domain,clim_short17,104,stuck_at,1.0,persistent,0.0
Patiala,in_domain,clim_short17,104,stuck_at,1.0,persistent,0.0
Patiala,in_domain,clim_short17,104,stuck_at,1.0,persistent,0.0
Patiala,in_domain,clim_short17,104,noise_burst,1.0,persistent,1.0
Patiala,in_domain,clim_short17,104,noise_burst,0.0,persistent,
Patiala,in_domain,clim_short17,104,noise_burst,1.0,persistent,3.0
Patiala,in_domain,clim_short17,104,noise_burst,1.0,persistent,7.0
Patiala,in_domain,clim_short17,104,noise_burst,1.0,persistent,0.0
Patiala,in_domain,clim_short17,104,noise_burst,0.0,persistent,
Patiala,in_domain,clim_short17,104,intermittent_spikes,1.0,transient,0.0
Patiala,in_domain,clim_short17,104,intermittent_spikes,1.0,transient,0.0
Patiala,in_domain,clim_short17,104,intermittent_spikes,1.0,transient,0.0
Patiala,in_domain,clim_short17,104,intermittent_spikes,1.0,transient,0.0
Patiala,in_domain,clim_short17,104,intermittent_spikes,1.0,transient,0.0
Patiala,in_domain,clim_short17,104,intermittent_spikes,1.0,transient,0.0
Patiala,in_domain,clim_short17,104,drift_plus_noise,1.0,persistent,14.0
Patiala,in_domain,clim_short17,104,drift_plus_noise,1.0,persistent,3.0
Patiala,in_domain,clim_short17,104,drift_plus_noise,1.0,persistent,4.0
Patiala,in_domain,clim_short17,104,bias_plus_spikes,1.0,persistent,0.0
Patiala,in_domain,clim_short17,104,bias_plus_spikes,1.0,persistent,2.0
Patiala,in_domain,clim_short17,104,bias_plus_spikes,1.0,persistent,1.0
Patiala,temporal,clim_short17,104,spike,1.0,transient,0.0
Patiala,temporal,clim_short17,104,spike,1.0,transient,0.0
Patiala,temporal,clim_short17,104,spike,0.0,transient,
Patiala,temporal,clim_short17,104,spike,1.0,transient,0.0
Patiala,temporal,clim_short17,104,spike,1.0,transient,0.0
Patiala,temporal,clim_short17,104,spike,1.0,transient,0.0
Patiala,temporal,clim_short17,104,spike,0.0,transient,
Patiala,temporal,clim_short17,104,spike,1.0,transient,0.0
Patiala,temporal,clim_short17,104,spike,0.0,transient,
Patiala,temporal,clim_short17,104,spike,1.0,transient,0.0
Patiala,temporal,clim_short17,104,spike,1.0,transient,0.0
Patiala,temporal,clim_short17,104,spike,0.0,transient,
Patiala,temporal,clim_short17,104,spike,1.0,transient,0.0
Patiala,temporal,clim_short17,104,spike,1.0,transient,0.0
Patiala,temporal,clim_short17,104,spike,0.0,transient,
Patiala,temporal,clim_short17,104,spike,1.0,transient,0.0
Patiala,temporal,clim_short17,104,spike,1.0,transient,0.0
Patiala,temporal,clim_short17,104,spike,0.0,transient,
Patiala,temporal,clim_short17,104,spike,1.0,transient,0.0
Patiala,temporal,clim_short17,104,spike,1.0,transient,0.0
Patiala,temporal,clim_short17,104,spike,1.0,transient,0.0
Patiala,temporal,clim_short17,104,spike,1.0,transient,0.0
Patiala,temporal,clim_short17,104,spike,0.0,transient,
Patiala,temporal,clim_short17,104,spike,1.0,transient,0.0
Patiala,temporal,clim_short17,104,drift,1.0,persistent,4.0
Patiala,temporal,clim_short17,104,drift,0.0,persistent,
Patiala,temporal,clim_short17,104,drift,1.0,persistent,6.0
Patiala,temporal,clim_short17,104,drift,1.0,persistent,6.0
Patiala,temporal,clim_short17,104,drift,1.0,persistent,12.0
Patiala,temporal,clim_short17,104,drift,0.0,persistent,
Patiala,temporal,clim_short17,104,bias,1.0,persistent,0.0
Patiala,temporal,clim_short17,104,bias,0.0,persistent,
Patiala,temporal,clim_short17,104,bias,0.0,persistent,
Patiala,temporal,clim_short17,104,bias,0.0,persistent,
Patiala,temporal,clim_short17,104,bias,1.0,persistent,8.0
Patiala,temporal,clim_short17,104,bias,0.0,persistent,
Patiala,temporal,clim_short17,104,stuck_at,1.0,persistent,0.0
Patiala,temporal,clim_short17,104,stuck_at,1.0,persistent,0.0
Patiala,temporal,clim_short17,104,stuck_at,1.0,persistent,0.0
Patiala,temporal,clim_short17,104,stuck_at,1.0,persistent,0.0
Patiala,temporal,clim_short17,104,stuck_at,1.0,persistent,0.0
Patiala,temporal,clim_short17,104,stuck_at,1.0,persistent,0.0
Patiala,temporal,clim_short17,104,noise_burst,0.0,persistent,
Patiala,temporal,clim_short17,104,noise_burst,1.0,persistent,4.0
Patiala,temporal,clim_short17,104,noise_burst,0.0,persistent,
Patiala,temporal,clim_short17,104,noise_burst,1.0,persistent,1.0
Patiala,temporal,clim_short17,104,noise_burst,1.0,persistent,0.0
Patiala,temporal,clim_short17,104,noise_burst,0.0,persistent,
Patiala,temporal,clim_short17,104,intermittent_spikes,1.0,transient,0.0
Patiala,temporal,clim_short17,104,intermittent_spikes,1.0,transient,0.0
Patiala,temporal,clim_short17,104,intermittent_spikes,1.0,transient,0.0
Patiala,temporal,clim_short17,104,intermittent_spikes,1.0,transient,0.0
Patiala,temporal,clim_short17,104,intermittent_spikes,1.0,transient,0.0
Patiala,temporal,clim_short17,104,intermittent_spikes,1.0,transient,0.0
Patiala,temporal,clim_short17,104,drift_plus_noise,0.0,persistent,
Patiala,temporal,clim_short17,104,drift_plus_noise,1.0,persistent,1.0
Patiala,temporal,clim_short17,104,drift_plus_noise,0.0,persistent,
Patiala,temporal,clim_short17,104,bias_plus_spikes,1.0,persistent,0.0
Patiala,temporal,clim_short17,104,bias_plus_spikes,1.0,persistent,0.0
Patiala,temporal,clim_short17,104,bias_plus_spikes,1.0,persistent,7.0
Patiala,station,clim_short17,104,spike,1.0,transient,0.0
Patiala,station,clim_short17,104,spike,1.0,transient,0.0
Patiala,station,clim_short17,104,spike,0.0,transient,
Patiala,station,clim_short17,104,spike,1.0,transient,0.0
Patiala,station,clim_short17,104,spike,1.0,transient,0.0
Patiala,station,clim_short17,104,spike,1.0,transient,0.0
Patiala,station,clim_short17,104,spike,0.0,transient,
Patiala,station,clim_short17,104,spike,1.0,transient,0.0
Patiala,station,clim_short17,104,spike,0.0,transient,
Patiala,station,clim_short17,104,spike,1.0,transient,0.0
Patiala,station,clim_short17,104,spike,0.0,transient,
Patiala,station,clim_short17,104,spike,0.0,transient,
Patiala,station,clim_short17,104,spike,1.0,transient,0.0
Patiala,station,clim_short17,104,spike,1.0,transient,0.0
Patiala,station,clim_short17,104,spike,0.0,transient,
Patiala,station,clim_short17,104,spike,1.0,transient,0.0
Patiala,station,clim_short17,104,spike,0.0,transient,
Patiala,station,clim_short17,104,spike,1.0,transient,0.0
Patiala,station,clim_short17,104,spike,0.0,transient,
Patiala,station,clim_short17,104,spike,1.0,transient,0.0
Patiala,station,clim_short17,104,spike,1.0,transient,0.0
Patiala,station,clim_short17,104,spike,1.0,transient,0.0
Patiala,station,clim_short17,104,spike,0.0,transient,
Patiala,station,clim_short17,104,spike,1.0,transient,0.0
Patiala,station,clim_short17,104,drift,1.0,persistent,4.0
Patiala,station,clim_short17,104,drift,0.0,persistent,
Patiala,station,clim_short17,104,drift,0.0,persistent,
Patiala,station,clim_short17,104,drift,1.0,persistent,6.0
Patiala,station,clim_short17,104,drift,1.0,persistent,9.0
Patiala,station,clim_short17,104,drift,1.0,persistent,14.0
Patiala,station,clim_short17,104,bias,0.0,persistent,
Patiala,station,clim_short17,104,bias,0.0,persistent,
Patiala,station,clim_short17,104,bias,0.0,persistent,
Patiala,station,clim_short17,104,bias,1.0,persistent,9.0
Patiala,station,clim_short17,104,bias,1.0,persistent,8.0
Patiala,station,clim_short17,104,bias,0.0,persistent,
Patiala,station,clim_short17,104,stuck_at,1.0,persistent,0.0
Patiala,station,clim_short17,104,stuck_at,1.0,persistent,0.0
Patiala,station,clim_short17,104,stuck_at,1.0,persistent,0.0
Patiala,station,clim_short17,104,stuck_at,1.0,persistent,0.0
Patiala,station,clim_short17,104,stuck_at,1.0,persistent,0.0
Patiala,station,clim_short17,104,stuck_at,1.0,persistent,0.0
Patiala,station,clim_short17,104,noise_burst,0.0,persistent,
Patiala,station,clim_short17,104,noise_burst,1.0,persistent,4.0
Patiala,station,clim_short17,104,noise_burst,0.0,persistent,
Patiala,station,clim_short17,104,noise_burst,1.0,persistent,1.0
Patiala,station,clim_short17,104,noise_burst,1.0,persistent,0.0
Patiala,station,clim_short17,104,noise_burst,1.0,persistent,0.0
Patiala,station,clim_short17,104,intermittent_spikes,1.0,transient,2.0
Patiala,station,clim_short17,104,intermittent_spikes,1.0,transient,0.0
Patiala,station,clim_short17,104,intermittent_spikes,1.0,transient,0.0
Patiala,station,clim_short17,104,intermittent_spikes,1.0,transient,0.0
Patiala,station,clim_short17,104,intermittent_spikes,1.0,transient,0.0
Patiala,station,clim_short17,104,intermittent_spikes,1.0,transient,0.0
Patiala,station,clim_short17,104,drift_plus_noise,1.0,persistent,14.0
Patiala,station,clim_short17,104,drift_plus_noise,1.0,persistent,0.0
Patiala,station,clim_short17,104,drift_plus_noise,1.0,persistent,11.0
Patiala,station,clim_short17,104,bias_plus_spikes,1.0,persistent,0.0
Patiala,station,clim_short17,104,bias_plus_spikes,1.0,persistent,0.0
Patiala,station,clim_short17,104,bias_plus_spikes,1.0,persistent,2.0
Patiala,in_domain,clim_short17,115,spike,1.0,transient,0.0
Patiala,in_domain,clim_short17,115,spike,1.0,transient,0.0
Patiala,in_domain,clim_short17,115,spike,0.0,transient,
Patiala,in_domain,clim_short17,115,spike,1.0,transient,0.0
Patiala,in_domain,clim_short17,115,spike,1.0,transient,0.0
Patiala,in_domain,clim_short17,115,spike,1.0,transient,0.0
Patiala,in_domain,clim_short17,115,spike,1.0,transient,0.0
Patiala,in_domain,clim_short17,115,spike,1.0,transient,0.0
Patiala,in_domain,clim_short17,115,spike,1.0,transient,0.0
Patiala,in_domain,clim_short17,115,spike,0.0,transient,
Patiala,in_domain,clim_short17,115,spike,1.0,transient,0.0
Patiala,in_domain,clim_short17,115,spike,1.0,transient,0.0
Patiala,in_domain,clim_short17,115,spike,1.0,transient,0.0
Patiala,in_domain,clim_short17,115,spike,1.0,transient,0.0
Patiala,in_domain,clim_short17,115,spike,1.0,transient,0.0
Patiala,in_domain,clim_short17,115,spike,1.0,transient,0.0
Patiala,in_domain,clim_short17,115,spike,1.0,transient,0.0
Patiala,in_domain,clim_short17,115,spike,0.0,transient,
Patiala,in_domain,clim_short17,115,spike,0.0,transient,
Patiala,in_domain,clim_short17,115,spike,1.0,transient,0.0
Patiala,in_domain,clim_short17,115,spike,1.0,transient,0.0
Patiala,in_domain,clim_short17,115,spike,1.0,transient,0.0
Patiala,in_domain,clim_short17,115,spike,1.0,transient,0.0
Patiala,in_domain,clim_short17,115,spike,1.0,transient,0.0
Patiala,in_domain,clim_short17,115,drift,1.0,persistent,10.0
Patiala,in_domain,clim_short17,115,drift,1.0,persistent,2.0
Patiala,in_domain,clim_short17,115,drift,1.0,persistent,11.0
Patiala,in_domain,clim_short17,115,drift,1.0,persistent,7.0
Patiala,in_domain,clim_short17,115,drift,1.0,persistent,1.0
Patiala,in_domain,clim_short17,115,drift,1.0,persistent,7.0
Patiala,in_domain,clim_short17,115,bias,1.0,persistent,0.0
Patiala,in_domain,clim_short17,115,bias,1.0,persistent,4.0
Patiala,in_domain,clim_short17,115,bias,1.0,persistent,0.0
Patiala,in_domain,clim_short17,115,bias,1.0,persistent,0.0
Patiala,in_domain,clim_short17,115,bias,0.0,persistent,
Patiala,in_domain,clim_short17,115,bias,0.0,persistent,
Patiala,in_domain,clim_short17,115,stuck_at,1.0,persistent,0.0
Patiala,in_domain,clim_short17,115,stuck_at,1.0,persistent,0.0
Patiala,in_domain,clim_short17,115,stuck_at,1.0,persistent,0.0
Patiala,in_domain,clim_short17,115,stuck_at,1.0,persistent,0.0
Patiala,in_domain,clim_short17,115,stuck_at,1.0,persistent,0.0
Patiala,in_domain,clim_short17,115,stuck_at,1.0,persistent,0.0
Patiala,in_domain,clim_short17,115,noise_burst,0.0,persistent,
Patiala,in_domain,clim_short17,115,noise_burst,1.0,persistent,2.0
Patiala,in_domain,clim_short17,115,noise_burst,1.0,persistent,8.0
Patiala,in_domain,clim_short17,115,noise_burst,1.0,persistent,0.0
Patiala,in_domain,clim_short17,115,noise_burst,1.0,persistent,1.0
Patiala,in_domain,clim_short17,115,noise_burst,0.0,persistent,
Patiala,in_domain,clim_short17,115,intermittent_spikes,1.0,transient,0.0
Patiala,in_domain,clim_short17,115,intermittent_spikes,0.0,transient,
Patiala,in_domain,clim_short17,115,intermittent_spikes,1.0,transient,0.0
Patiala,in_domain,clim_short17,115,intermittent_spikes,1.0,transient,0.0
Patiala,in_domain,clim_short17,115,intermittent_spikes,1.0,transient,0.0
Patiala,in_domain,clim_short17,115,intermittent_spikes,1.0,transient,0.0
Patiala,in_domain,clim_short17,115,drift_plus_noise,1.0,persistent,12.0
Patiala,in_domain,clim_short17,115,drift_plus_noise,1.0,persistent,1.0
Patiala,in_domain,clim_short17,115,drift_plus_noise,1.0,persistent,0.0
Patiala,in_domain,clim_short17,115,bias_plus_spikes,1.0,persistent,1.0
Patiala,in_domain,clim_short17,115,bias_plus_spikes,1.0,persistent,0.0
Patiala,in_domain,clim_short17,115,bias_plus_spikes,0.0,persistent,
Patiala,temporal,clim_short17,115,spike,1.0,transient,0.0
Patiala,temporal,clim_short17,115,spike,0.0,transient,
Patiala,temporal,clim_short17,115,spike,0.0,transient,
Patiala,temporal,clim_short17,115,spike,1.0,transient,0.0
Patiala,temporal,clim_short17,115,spike,1.0,transient,0.0
Patiala,temporal,clim_short17,115,spike,1.0,transient,0.0
Patiala,temporal,clim_short17,115,spike,0.0,transient,
Patiala,temporal,clim_short17,115,spike,0.0,transient,
Patiala,temporal,clim_short17,115,spike,0.0,transient,
Patiala,temporal,clim_short17,115,spike,1.0,transient,0.0
Patiala,temporal,clim_short17,115,spike,1.0,transient,0.0
Patiala,temporal,clim_short17,115,spike,1.0,transient,0.0
Patiala,temporal,clim_short17,115,spike,1.0,transient,0.0
Patiala,temporal,clim_short17,115,spike,1.0,transient,0.0
Patiala,temporal,clim_short17,115,spike,1.0,transient,0.0
Patiala,temporal,clim_short17,115,spike,1.0,transient,0.0
Patiala,temporal,clim_short17,115,spike,1.0,transient,0.0
Patiala,temporal,clim_short17,115,spike,1.0,transient,0.0
Patiala,temporal,clim_short17,115,spike,0.0,transient,
Patiala,temporal,clim_short17,115,spike,1.0,transient,0.0
Patiala,temporal,clim_short17,115,spike,1.0,transient,0.0
Patiala,temporal,clim_short17,115,spike,1.0,transient,0.0
Patiala,temporal,clim_short17,115,spike,0.0,transient,
Patiala,temporal,clim_short17,115,spike,0.0,transient,
Patiala,temporal,clim_short17,115,drift,1.0,persistent,10.0
Patiala,temporal,clim_short17,115,drift,1.0,persistent,10.0
Patiala,temporal,clim_short17,115,drift,1.0,persistent,9.0
Patiala,temporal,clim_short17,115,drift,1.0,persistent,5.0
Patiala,temporal,clim_short17,115,drift,1.0,persistent,14.0
Patiala,temporal,clim_short17,115,drift,0.0,persistent,
Patiala,temporal,clim_short17,115,bias,0.0,persistent,
Patiala,temporal,clim_short17,115,bias,0.0,persistent,
Patiala,temporal,clim_short17,115,bias,1.0,persistent,0.0
Patiala,temporal,clim_short17,115,bias,0.0,persistent,
Patiala,temporal,clim_short17,115,bias,1.0,persistent,5.0
Patiala,temporal,clim_short17,115,bias,1.0,persistent,2.0
Patiala,temporal,clim_short17,115,stuck_at,1.0,persistent,0.0
Patiala,temporal,clim_short17,115,stuck_at,1.0,persistent,0.0
Patiala,temporal,clim_short17,115,stuck_at,1.0,persistent,0.0
Patiala,temporal,clim_short17,115,stuck_at,1.0,persistent,0.0
Patiala,temporal,clim_short17,115,stuck_at,1.0,persistent,0.0
Patiala,temporal,clim_short17,115,stuck_at,1.0,persistent,0.0
Patiala,temporal,clim_short17,115,noise_burst,0.0,persistent,
Patiala,temporal,clim_short17,115,noise_burst,0.0,persistent,
Patiala,temporal,clim_short17,115,noise_burst,0.0,persistent,
Patiala,temporal,clim_short17,115,noise_burst,1.0,persistent,0.0
Patiala,temporal,clim_short17,115,noise_burst,1.0,persistent,1.0
Patiala,temporal,clim_short17,115,noise_burst,1.0,persistent,3.0
Patiala,temporal,clim_short17,115,intermittent_spikes,1.0,transient,0.0
Patiala,temporal,clim_short17,115,intermittent_spikes,1.0,transient,0.0
Patiala,temporal,clim_short17,115,intermittent_spikes,1.0,transient,0.0
Patiala,temporal,clim_short17,115,intermittent_spikes,1.0,transient,0.0
Patiala,temporal,clim_short17,115,intermittent_spikes,1.0,transient,0.0
Patiala,temporal,clim_short17,115,intermittent_spikes,1.0,transient,0.0
Patiala,temporal,clim_short17,115,drift_plus_noise,1.0,persistent,14.0
Patiala,temporal,clim_short17,115,drift_plus_noise,1.0,persistent,3.0
Patiala,temporal,clim_short17,115,drift_plus_noise,1.0,persistent,5.0
Patiala,temporal,clim_short17,115,bias_plus_spikes,1.0,persistent,5.0
Patiala,temporal,clim_short17,115,bias_plus_spikes,1.0,persistent,0.0
Patiala,temporal,clim_short17,115,bias_plus_spikes,1.0,persistent,6.0
Patiala,station,clim_short17,115,spike,1.0,transient,0.0
Patiala,station,clim_short17,115,spike,0.0,transient,
Patiala,station,clim_short17,115,spike,0.0,transient,
Patiala,station,clim_short17,115,spike,1.0,transient,0.0
Patiala,station,clim_short17,115,spike,1.0,transient,0.0
Patiala,station,clim_short17,115,spike,1.0,transient,0.0
Patiala,station,clim_short17,115,spike,0.0,transient,
Patiala,station,clim_short17,115,spike,0.0,transient,
Patiala,station,clim_short17,115,spike,0.0,transient,
Patiala,station,clim_short17,115,spike,1.0,transient,0.0
Patiala,station,clim_short17,115,spike,0.0,transient,
Patiala,station,clim_short17,115,spike,1.0,transient,0.0
Patiala,station,clim_short17,115,spike,1.0,transient,0.0
Patiala,station,clim_short17,115,spike,1.0,transient,0.0
Patiala,station,clim_short17,115,spike,1.0,transient,0.0
Patiala,station,clim_short17,115,spike,1.0,transient,0.0
Patiala,station,clim_short17,115,spike,1.0,transient,0.0
Patiala,station,clim_short17,115,spike,0.0,transient,
Patiala,station,clim_short17,115,spike,0.0,transient,
Patiala,station,clim_short17,115,spike,1.0,transient,0.0
Patiala,station,clim_short17,115,spike,1.0,transient,0.0
Patiala,station,clim_short17,115,spike,1.0,transient,0.0
Patiala,station,clim_short17,115,spike,0.0,transient,
Patiala,station,clim_short17,115,spike,0.0,transient,
Patiala,station,clim_short17,115,drift,1.0,persistent,6.0
Patiala,station,clim_short17,115,drift,1.0,persistent,11.0
Patiala,station,clim_short17,115,drift,1.0,persistent,9.0
Patiala,station,clim_short17,115,drift,1.0,persistent,5.0
Patiala,station,clim_short17,115,drift,1.0,persistent,15.0
Patiala,station,clim_short17,115,drift,0.0,persistent,
Patiala,station,clim_short17,115,bias,0.0,persistent,
Patiala,station,clim_short17,115,bias,0.0,persistent,
Patiala,station,clim_short17,115,bias,1.0,persistent,0.0
Patiala,station,clim_short17,115,bias,1.0,persistent,9.0
Patiala,station,clim_short17,115,bias,1.0,persistent,8.0
Patiala,station,clim_short17,115,bias,1.0,persistent,2.0
Patiala,station,clim_short17,115,stuck_at,1.0,persistent,0.0
Patiala,station,clim_short17,115,stuck_at,1.0,persistent,0.0
Patiala,station,clim_short17,115,stuck_at,1.0,persistent,0.0
Patiala,station,clim_short17,115,stuck_at,1.0,persistent,0.0
Patiala,station,clim_short17,115,stuck_at,1.0,persistent,0.0
Patiala,station,clim_short17,115,stuck_at,1.0,persistent,0.0
Patiala,station,clim_short17,115,noise_burst,0.0,persistent,
Patiala,station,clim_short17,115,noise_burst,0.0,persistent,
Patiala,station,clim_short17,115,noise_burst,0.0,persistent,
Patiala,station,clim_short17,115,noise_burst,1.0,persistent,0.0
Patiala,station,clim_short17,115,noise_burst,1.0,persistent,0.0
Patiala,station,clim_short17,115,noise_burst,1.0,persistent,2.0
Patiala,station,clim_short17,115,intermittent_spikes,1.0,transient,0.0
Patiala,station,clim_short17,115,intermittent_spikes,1.0,transient,0.0
Patiala,station,clim_short17,115,intermittent_spikes,1.0,transient,0.0
Patiala,station,clim_short17,115,intermittent_spikes,1.0,transient,0.0
Patiala,station,clim_short17,115,intermittent_spikes,1.0,transient,0.0
Patiala,station,clim_short17,115,intermittent_spikes,1.0,transient,0.0
Patiala,station,clim_short17,115,drift_plus_noise,0.0,persistent,
Patiala,station,clim_short17,115,drift_plus_noise,1.0,persistent,3.0
Patiala,station,clim_short17,115,drift_plus_noise,1.0,persistent,6.0
Patiala,station,clim_short17,115,bias_plus_spikes,1.0,persistent,5.0
Patiala,station,clim_short17,115,bias_plus_spikes,1.0,persistent,1.0
Patiala,station,clim_short17,115,bias_plus_spikes,0.0,persistent,
Patiala,in_domain,clim_short17,126,spike,1.0,transient,0.0
Patiala,in_domain,clim_short17,126,spike,1.0,transient,0.0
Patiala,in_domain,clim_short17,126,spike,0.0,transient,
Patiala,in_domain,clim_short17,126,spike,1.0,transient,0.0
Patiala,in_domain,clim_short17,126,spike,1.0,transient,0.0
Patiala,in_domain,clim_short17,126,spike,1.0,transient,0.0
Patiala,in_domain,clim_short17,126,spike,0.0,transient,
Patiala,in_domain,clim_short17,126,spike,0.0,transient,
Patiala,in_domain,clim_short17,126,spike,0.0,transient,
Patiala,in_domain,clim_short17,126,spike,1.0,transient,0.0
Patiala,in_domain,clim_short17,126,spike,1.0,transient,0.0
Patiala,in_domain,clim_short17,126,spike,1.0,transient,0.0
Patiala,in_domain,clim_short17,126,spike,1.0,transient,0.0
Patiala,in_domain,clim_short17,126,spike,1.0,transient,0.0
Patiala,in_domain,clim_short17,126,spike,1.0,transient,0.0
Patiala,in_domain,clim_short17,126,spike,1.0,transient,0.0
Patiala,in_domain,clim_short17,126,spike,1.0,transient,0.0
Patiala,in_domain,clim_short17,126,spike,0.0,transient,
Patiala,in_domain,clim_short17,126,spike,1.0,transient,0.0
Patiala,in_domain,clim_short17,126,spike,1.0,transient,0.0
Patiala,in_domain,clim_short17,126,spike,1.0,transient,0.0
Patiala,in_domain,clim_short17,126,spike,1.0,transient,0.0
Patiala,in_domain,clim_short17,126,spike,1.0,transient,0.0
Patiala,in_domain,clim_short17,126,spike,0.0,transient,
Patiala,in_domain,clim_short17,126,drift,1.0,persistent,2.0
Patiala,in_domain,clim_short17,126,drift,1.0,persistent,8.0
Patiala,in_domain,clim_short17,126,drift,0.0,persistent,
Patiala,in_domain,clim_short17,126,drift,1.0,persistent,11.0
Patiala,in_domain,clim_short17,126,drift,1.0,persistent,3.0
Patiala,in_domain,clim_short17,126,drift,0.0,persistent,
Patiala,in_domain,clim_short17,126,bias,0.0,persistent,
Patiala,in_domain,clim_short17,126,bias,0.0,persistent,
Patiala,in_domain,clim_short17,126,bias,1.0,persistent,0.0
Patiala,in_domain,clim_short17,126,bias,1.0,persistent,8.0
Patiala,in_domain,clim_short17,126,bias,0.0,persistent,
Patiala,in_domain,clim_short17,126,bias,1.0,persistent,3.0
Patiala,in_domain,clim_short17,126,stuck_at,1.0,persistent,0.0
Patiala,in_domain,clim_short17,126,stuck_at,1.0,persistent,0.0
Patiala,in_domain,clim_short17,126,stuck_at,1.0,persistent,0.0
Patiala,in_domain,clim_short17,126,stuck_at,1.0,persistent,0.0
Patiala,in_domain,clim_short17,126,stuck_at,1.0,persistent,0.0
Patiala,in_domain,clim_short17,126,stuck_at,1.0,persistent,0.0
Patiala,in_domain,clim_short17,126,noise_burst,1.0,persistent,0.0
Patiala,in_domain,clim_short17,126,noise_burst,0.0,persistent,
Patiala,in_domain,clim_short17,126,noise_burst,0.0,persistent,
Patiala,in_domain,clim_short17,126,noise_burst,1.0,persistent,11.0
Patiala,in_domain,clim_short17,126,noise_burst,1.0,persistent,2.0
Patiala,in_domain,clim_short17,126,noise_burst,1.0,persistent,1.0
Patiala,in_domain,clim_short17,126,intermittent_spikes,1.0,transient,0.0
Patiala,in_domain,clim_short17,126,intermittent_spikes,1.0,transient,0.0
Patiala,in_domain,clim_short17,126,intermittent_spikes,1.0,transient,0.0
Patiala,in_domain,clim_short17,126,intermittent_spikes,1.0,transient,0.0
Patiala,in_domain,clim_short17,126,intermittent_spikes,1.0,transient,0.0
Patiala,in_domain,clim_short17,126,intermittent_spikes,1.0,transient,3.0
Patiala,in_domain,clim_short17,126,drift_plus_noise,1.0,persistent,5.0
Patiala,in_domain,clim_short17,126,drift_plus_noise,1.0,persistent,7.0
Patiala,in_domain,clim_short17,126,drift_plus_noise,1.0,persistent,10.0
Patiala,in_domain,clim_short17,126,bias_plus_spikes,1.0,persistent,0.0
Patiala,in_domain,clim_short17,126,bias_plus_spikes,1.0,persistent,0.0
Patiala,in_domain,clim_short17,126,bias_plus_spikes,1.0,persistent,0.0
Patiala,temporal,clim_short17,126,spike,1.0,transient,0.0
Patiala,temporal,clim_short17,126,spike,1.0,transient,0.0
Patiala,temporal,clim_short17,126,spike,1.0,transient,0.0
Patiala,temporal,clim_short17,126,spike,1.0,transient,0.0
Patiala,temporal,clim_short17,126,spike,1.0,transient,0.0
Patiala,temporal,clim_short17,126,spike,1.0,transient,0.0
Patiala,temporal,clim_short17,126,spike,1.0,transient,0.0
Patiala,temporal,clim_short17,126,spike,0.0,transient,
Patiala,temporal,clim_short17,126,spike,1.0,transient,0.0
Patiala,temporal,clim_short17,126,spike,1.0,transient,0.0
Patiala,temporal,clim_short17,126,spike,1.0,transient,0.0
Patiala,temporal,clim_short17,126,spike,1.0,transient,0.0
Patiala,temporal,clim_short17,126,spike,1.0,transient,0.0
Patiala,temporal,clim_short17,126,spike,1.0,transient,0.0
Patiala,temporal,clim_short17,126,spike,1.0,transient,0.0
Patiala,temporal,clim_short17,126,spike,1.0,transient,0.0
Patiala,temporal,clim_short17,126,spike,1.0,transient,0.0
Patiala,temporal,clim_short17,126,spike,0.0,transient,
Patiala,temporal,clim_short17,126,spike,1.0,transient,0.0
Patiala,temporal,clim_short17,126,spike,1.0,transient,0.0
Patiala,temporal,clim_short17,126,spike,1.0,transient,0.0
Patiala,temporal,clim_short17,126,spike,1.0,transient,0.0
Patiala,temporal,clim_short17,126,spike,1.0,transient,0.0
Patiala,temporal,clim_short17,126,spike,0.0,transient,
Patiala,temporal,clim_short17,126,drift,1.0,persistent,0.0
Patiala,temporal,clim_short17,126,drift,0.0,persistent,
Patiala,temporal,clim_short17,126,drift,0.0,persistent,
Patiala,temporal,clim_short17,126,drift,0.0,persistent,
Patiala,temporal,clim_short17,126,drift,1.0,persistent,8.0
Patiala,temporal,clim_short17,126,drift,0.0,persistent,
Patiala,temporal,clim_short17,126,bias,1.0,persistent,0.0
Patiala,temporal,clim_short17,126,bias,0.0,persistent,
Patiala,temporal,clim_short17,126,bias,1.0,persistent,7.0
Patiala,temporal,clim_short17,126,bias,0.0,persistent,
Patiala,temporal,clim_short17,126,bias,0.0,persistent,
Patiala,temporal,clim_short17,126,bias,0.0,persistent,
Patiala,temporal,clim_short17,126,stuck_at,1.0,persistent,0.0
Patiala,temporal,clim_short17,126,stuck_at,1.0,persistent,0.0
Patiala,temporal,clim_short17,126,stuck_at,1.0,persistent,0.0
Patiala,temporal,clim_short17,126,stuck_at,1.0,persistent,0.0
Patiala,temporal,clim_short17,126,stuck_at,1.0,persistent,0.0
Patiala,temporal,clim_short17,126,stuck_at,1.0,persistent,0.0
Patiala,temporal,clim_short17,126,noise_burst,0.0,persistent,
Patiala,temporal,clim_short17,126,noise_burst,1.0,persistent,7.0
Patiala,temporal,clim_short17,126,noise_burst,0.0,persistent,
Patiala,temporal,clim_short17,126,noise_burst,1.0,persistent,11.0
Patiala,temporal,clim_short17,126,noise_burst,1.0,persistent,2.0
Patiala,temporal,clim_short17,126,noise_burst,1.0,persistent,0.0
Patiala,temporal,clim_short17,126,intermittent_spikes,1.0,transient,0.0
Patiala,temporal,clim_short17,126,intermittent_spikes,1.0,transient,0.0
Patiala,temporal,clim_short17,126,intermittent_spikes,1.0,transient,0.0
Patiala,temporal,clim_short17,126,intermittent_spikes,1.0,transient,0.0
Patiala,temporal,clim_short17,126,intermittent_spikes,1.0,transient,0.0
Patiala,temporal,clim_short17,126,intermittent_spikes,1.0,transient,3.0
Patiala,temporal,clim_short17,126,drift_plus_noise,1.0,persistent,10.0
Patiala,temporal,clim_short17,126,drift_plus_noise,1.0,persistent,12.0
Patiala,temporal,clim_short17,126,drift_plus_noise,0.0,persistent,
Patiala,temporal,clim_short17,126,bias_plus_spikes,1.0,persistent,0.0
Patiala,temporal,clim_short17,126,bias_plus_spikes,1.0,persistent,0.0
Patiala,temporal,clim_short17,126,bias_plus_spikes,1.0,persistent,2.0
Patiala,station,clim_short17,126,spike,1.0,transient,0.0
Patiala,station,clim_short17,126,spike,1.0,transient,0.0
Patiala,station,clim_short17,126,spike,1.0,transient,0.0
Patiala,station,clim_short17,126,spike,0.0,transient,
Patiala,station,clim_short17,126,spike,1.0,transient,0.0
Patiala,station,clim_short17,126,spike,1.0,transient,0.0
Patiala,station,clim_short17,126,spike,1.0,transient,0.0
Patiala,station,clim_short17,126,spike,0.0,transient,
Patiala,station,clim_short17,126,spike,1.0,transient,0.0
Patiala,station,clim_short17,126,spike,1.0,transient,0.0
Patiala,station,clim_short17,126,spike,1.0,transient,0.0
Patiala,station,clim_short17,126,spike,1.0,transient,0.0
Patiala,station,clim_short17,126,spike,1.0,transient,0.0
Patiala,station,clim_short17,126,spike,1.0,transient,0.0
Patiala,station,clim_short17,126,spike,1.0,transient,0.0
Patiala,station,clim_short17,126,spike,1.0,transient,0.0
Patiala,station,clim_short17,126,spike,1.0,transient,0.0
Patiala,station,clim_short17,126,spike,0.0,transient,
Patiala,station,clim_short17,126,spike,1.0,transient,0.0
Patiala,station,clim_short17,126,spike,1.0,transient,0.0
Patiala,station,clim_short17,126,spike,1.0,transient,0.0
Patiala,station,clim_short17,126,spike,1.0,transient,0.0
Patiala,station,clim_short17,126,spike,1.0,transient,0.0
Patiala,station,clim_short17,126,spike,0.0,transient,
Patiala,station,clim_short17,126,drift,1.0,persistent,0.0
Patiala,station,clim_short17,126,drift,0.0,persistent,
Patiala,station,clim_short17,126,drift,0.0,persistent,
Patiala,station,clim_short17,126,drift,0.0,persistent,
Patiala,station,clim_short17,126,drift,1.0,persistent,8.0
Patiala,station,clim_short17,126,drift,0.0,persistent,
Patiala,station,clim_short17,126,bias,1.0,persistent,0.0
Patiala,station,clim_short17,126,bias,0.0,persistent,
Patiala,station,clim_short17,126,bias,1.0,persistent,0.0
Patiala,station,clim_short17,126,bias,0.0,persistent,
Patiala,station,clim_short17,126,bias,0.0,persistent,
Patiala,station,clim_short17,126,bias,0.0,persistent,
Patiala,station,clim_short17,126,stuck_at,1.0,persistent,0.0
Patiala,station,clim_short17,126,stuck_at,1.0,persistent,0.0
Patiala,station,clim_short17,126,stuck_at,1.0,persistent,0.0
Patiala,station,clim_short17,126,stuck_at,1.0,persistent,0.0
Patiala,station,clim_short17,126,stuck_at,1.0,persistent,0.0
Patiala,station,clim_short17,126,stuck_at,1.0,persistent,0.0
Patiala,station,clim_short17,126,noise_burst,0.0,persistent,
Patiala,station,clim_short17,126,noise_burst,1.0,persistent,7.0
Patiala,station,clim_short17,126,noise_burst,0.0,persistent,
Patiala,station,clim_short17,126,noise_burst,0.0,persistent,
Patiala,station,clim_short17,126,noise_burst,1.0,persistent,1.0
Patiala,station,clim_short17,126,noise_burst,1.0,persistent,0.0
Patiala,station,clim_short17,126,intermittent_spikes,1.0,transient,0.0
Patiala,station,clim_short17,126,intermittent_spikes,1.0,transient,0.0
Patiala,station,clim_short17,126,intermittent_spikes,1.0,transient,0.0
Patiala,station,clim_short17,126,intermittent_spikes,1.0,transient,0.0
Patiala,station,clim_short17,126,intermittent_spikes,1.0,transient,0.0
Patiala,station,clim_short17,126,intermittent_spikes,1.0,transient,0.0
Patiala,station,clim_short17,126,drift_plus_noise,1.0,persistent,10.0
Patiala,station,clim_short17,126,drift_plus_noise,1.0,persistent,12.0
Patiala,station,clim_short17,126,drift_plus_noise,1.0,persistent,8.0
Patiala,station,clim_short17,126,bias_plus_spikes,1.0,persistent,0.0
Patiala,station,clim_short17,126,bias_plus_spikes,1.0,persistent,3.0
Patiala,station,clim_short17,126,bias_plus_spikes,1.0,persistent,2.0
Patiala,in_domain,dual18(ref),104,spike,1.0,transient,0.0
Patiala,in_domain,dual18(ref),104,spike,1.0,transient,0.0
Patiala,in_domain,dual18(ref),104,spike,1.0,transient,0.0
Patiala,in_domain,dual18(ref),104,spike,1.0,transient,0.0
Patiala,in_domain,dual18(ref),104,spike,1.0,transient,0.0
Patiala,in_domain,dual18(ref),104,spike,1.0,transient,0.0
Patiala,in_domain,dual18(ref),104,spike,1.0,transient,0.0
Patiala,in_domain,dual18(ref),104,spike,1.0,transient,0.0
Patiala,in_domain,dual18(ref),104,spike,1.0,transient,0.0
Patiala,in_domain,dual18(ref),104,spike,1.0,transient,0.0
Patiala,in_domain,dual18(ref),104,spike,1.0,transient,0.0
Patiala,in_domain,dual18(ref),104,spike,1.0,transient,0.0
Patiala,in_domain,dual18(ref),104,spike,1.0,transient,0.0
Patiala,in_domain,dual18(ref),104,spike,1.0,transient,0.0
Patiala,in_domain,dual18(ref),104,spike,1.0,transient,0.0
Patiala,in_domain,dual18(ref),104,spike,1.0,transient,0.0
Patiala,in_domain,dual18(ref),104,spike,1.0,transient,0.0
Patiala,in_domain,dual18(ref),104,spike,1.0,transient,0.0
Patiala,in_domain,dual18(ref),104,spike,1.0,transient,0.0
Patiala,in_domain,dual18(ref),104,spike,1.0,transient,0.0
Patiala,in_domain,dual18(ref),104,spike,1.0,transient,0.0
Patiala,in_domain,dual18(ref),104,spike,1.0,transient,0.0
Patiala,in_domain,dual18(ref),104,spike,1.0,transient,0.0
Patiala,in_domain,dual18(ref),104,drift,1.0,persistent,4.0
Patiala,in_domain,dual18(ref),104,drift,0.0,persistent,
Patiala,in_domain,dual18(ref),104,drift,1.0,persistent,8.0
Patiala,in_domain,dual18(ref),104,drift,1.0,persistent,0.0
Patiala,in_domain,dual18(ref),104,drift,1.0,persistent,9.0
Patiala,in_domain,dual18(ref),104,drift,1.0,persistent,5.0
Patiala,in_domain,dual18(ref),104,bias,0.0,persistent,
Patiala,in_domain,dual18(ref),104,bias,1.0,persistent,0.0
Patiala,in_domain,dual18(ref),104,bias,0.0,persistent,
Patiala,in_domain,dual18(ref),104,bias,1.0,persistent,7.0
Patiala,in_domain,dual18(ref),104,bias,1.0,persistent,5.0
Patiala,in_domain,dual18(ref),104,bias,1.0,persistent,3.0
Patiala,in_domain,dual18(ref),104,stuck_at,1.0,persistent,0.0
Patiala,in_domain,dual18(ref),104,stuck_at,1.0,persistent,0.0
Patiala,in_domain,dual18(ref),104,stuck_at,1.0,persistent,0.0
Patiala,in_domain,dual18(ref),104,stuck_at,1.0,persistent,0.0
Patiala,in_domain,dual18(ref),104,stuck_at,1.0,persistent,0.0
Patiala,in_domain,dual18(ref),104,stuck_at,1.0,persistent,0.0
Patiala,in_domain,dual18(ref),104,noise_burst,1.0,persistent,0.0
Patiala,in_domain,dual18(ref),104,noise_burst,0.0,persistent,
Patiala,in_domain,dual18(ref),104,noise_burst,1.0,persistent,3.0
Patiala,in_domain,dual18(ref),104,noise_burst,1.0,persistent,10.0
Patiala,in_domain,dual18(ref),104,noise_burst,1.0,persistent,0.0
Patiala,in_domain,dual18(ref),104,noise_burst,0.0,persistent,
Patiala,in_domain,dual18(ref),104,intermittent_spikes,1.0,transient,0.0
Patiala,in_domain,dual18(ref),104,intermittent_spikes,1.0,transient,0.0
Patiala,in_domain,dual18(ref),104,intermittent_spikes,1.0,transient,0.0
Patiala,in_domain,dual18(ref),104,intermittent_spikes,1.0,transient,0.0
Patiala,in_domain,dual18(ref),104,intermittent_spikes,1.0,transient,0.0
Patiala,in_domain,dual18(ref),104,intermittent_spikes,1.0,transient,0.0
Patiala,in_domain,dual18(ref),104,drift_plus_noise,1.0,persistent,14.0
Patiala,in_domain,dual18(ref),104,drift_plus_noise,1.0,persistent,3.0
Patiala,in_domain,dual18(ref),104,drift_plus_noise,1.0,persistent,4.0
Patiala,in_domain,dual18(ref),104,bias_plus_spikes,1.0,persistent,0.0
Patiala,in_domain,dual18(ref),104,bias_plus_spikes,0.0,persistent,
Patiala,in_domain,dual18(ref),104,bias_plus_spikes,1.0,persistent,1.0
Patiala,temporal,dual18(ref),104,spike,1.0,transient,0.0
Patiala,temporal,dual18(ref),104,spike,1.0,transient,0.0
Patiala,temporal,dual18(ref),104,spike,0.0,transient,
Patiala,temporal,dual18(ref),104,spike,1.0,transient,0.0
Patiala,temporal,dual18(ref),104,spike,1.0,transient,0.0
Patiala,temporal,dual18(ref),104,spike,1.0,transient,0.0
Patiala,temporal,dual18(ref),104,spike,0.0,transient,
Patiala,temporal,dual18(ref),104,spike,1.0,transient,0.0
Patiala,temporal,dual18(ref),104,spike,0.0,transient,
Patiala,temporal,dual18(ref),104,spike,1.0,transient,0.0
Patiala,temporal,dual18(ref),104,spike,1.0,transient,0.0
Patiala,temporal,dual18(ref),104,spike,0.0,transient,
Patiala,temporal,dual18(ref),104,spike,1.0,transient,0.0
Patiala,temporal,dual18(ref),104,spike,1.0,transient,0.0
Patiala,temporal,dual18(ref),104,spike,0.0,transient,
Patiala,temporal,dual18(ref),104,spike,1.0,transient,0.0
Patiala,temporal,dual18(ref),104,spike,0.0,transient,
Patiala,temporal,dual18(ref),104,spike,1.0,transient,0.0
Patiala,temporal,dual18(ref),104,spike,1.0,transient,0.0
Patiala,temporal,dual18(ref),104,spike,1.0,transient,0.0
Patiala,temporal,dual18(ref),104,spike,1.0,transient,0.0
Patiala,temporal,dual18(ref),104,spike,1.0,transient,0.0
Patiala,temporal,dual18(ref),104,spike,0.0,transient,
Patiala,temporal,dual18(ref),104,spike,1.0,transient,0.0
Patiala,temporal,dual18(ref),104,drift,1.0,persistent,4.0
Patiala,temporal,dual18(ref),104,drift,0.0,persistent,
Patiala,temporal,dual18(ref),104,drift,1.0,persistent,9.0
Patiala,temporal,dual18(ref),104,drift,0.0,persistent,
Patiala,temporal,dual18(ref),104,drift,0.0,persistent,
Patiala,temporal,dual18(ref),104,drift,0.0,persistent,
Patiala,temporal,dual18(ref),104,bias,0.0,persistent,
Patiala,temporal,dual18(ref),104,bias,0.0,persistent,
Patiala,temporal,dual18(ref),104,bias,0.0,persistent,
Patiala,temporal,dual18(ref),104,bias,0.0,persistent,
Patiala,temporal,dual18(ref),104,bias,0.0,persistent,
Patiala,temporal,dual18(ref),104,bias,0.0,persistent,
Patiala,temporal,dual18(ref),104,stuck_at,1.0,persistent,0.0
Patiala,temporal,dual18(ref),104,stuck_at,1.0,persistent,0.0
Patiala,temporal,dual18(ref),104,stuck_at,1.0,persistent,0.0
Patiala,temporal,dual18(ref),104,stuck_at,1.0,persistent,0.0
Patiala,temporal,dual18(ref),104,stuck_at,1.0,persistent,0.0
Patiala,temporal,dual18(ref),104,stuck_at,1.0,persistent,0.0
Patiala,temporal,dual18(ref),104,noise_burst,0.0,persistent,
Patiala,temporal,dual18(ref),104,noise_burst,1.0,persistent,4.0
Patiala,temporal,dual18(ref),104,noise_burst,0.0,persistent,
Patiala,temporal,dual18(ref),104,noise_burst,0.0,persistent,
Patiala,temporal,dual18(ref),104,noise_burst,1.0,persistent,1.0
Patiala,temporal,dual18(ref),104,noise_burst,1.0,persistent,1.0
Patiala,temporal,dual18(ref),104,intermittent_spikes,1.0,transient,0.0
Patiala,temporal,dual18(ref),104,intermittent_spikes,1.0,transient,0.0
Patiala,temporal,dual18(ref),104,intermittent_spikes,1.0,transient,0.0
Patiala,temporal,dual18(ref),104,intermittent_spikes,1.0,transient,8.0
Patiala,temporal,dual18(ref),104,intermittent_spikes,1.0,transient,0.0
Patiala,temporal,dual18(ref),104,intermittent_spikes,1.0,transient,0.0
Patiala,temporal,dual18(ref),104,drift_plus_noise,1.0,persistent,14.0
Patiala,temporal,dual18(ref),104,drift_plus_noise,1.0,persistent,0.0
Patiala,temporal,dual18(ref),104,drift_plus_noise,0.0,persistent,
Patiala,temporal,dual18(ref),104,bias_plus_spikes,1.0,persistent,0.0
Patiala,temporal,dual18(ref),104,bias_plus_spikes,1.0,persistent,3.0
Patiala,temporal,dual18(ref),104,bias_plus_spikes,1.0,persistent,1.0
Patiala,station,dual18(ref),104,spike,1.0,transient,0.0
Patiala,station,dual18(ref),104,spike,1.0,transient,0.0
Patiala,station,dual18(ref),104,spike,0.0,transient,
Patiala,station,dual18(ref),104,spike,1.0,transient,0.0
Patiala,station,dual18(ref),104,spike,1.0,transient,0.0
Patiala,station,dual18(ref),104,spike,1.0,transient,0.0
Patiala,station,dual18(ref),104,spike,0.0,transient,
Patiala,station,dual18(ref),104,spike,1.0,transient,0.0
Patiala,station,dual18(ref),104,spike,0.0,transient,
Patiala,station,dual18(ref),104,spike,1.0,transient,0.0
Patiala,station,dual18(ref),104,spike,1.0,transient,0.0
Patiala,station,dual18(ref),104,spike,0.0,transient,
Patiala,station,dual18(ref),104,spike,1.0,transient,0.0
Patiala,station,dual18(ref),104,spike,1.0,transient,0.0
Patiala,station,dual18(ref),104,spike,0.0,transient,
Patiala,station,dual18(ref),104,spike,1.0,transient,0.0
Patiala,station,dual18(ref),104,spike,1.0,transient,0.0
Patiala,station,dual18(ref),104,spike,1.0,transient,0.0
Patiala,station,dual18(ref),104,spike,1.0,transient,0.0
Patiala,station,dual18(ref),104,spike,1.0,transient,0.0
Patiala,station,dual18(ref),104,spike,0.0,transient,
Patiala,station,dual18(ref),104,spike,1.0,transient,0.0
Patiala,station,dual18(ref),104,spike,0.0,transient,
Patiala,station,dual18(ref),104,spike,1.0,transient,0.0
Patiala,station,dual18(ref),104,drift,1.0,persistent,6.0
Patiala,station,dual18(ref),104,drift,1.0,persistent,11.0
Patiala,station,dual18(ref),104,drift,1.0,persistent,14.0
Patiala,station,dual18(ref),104,drift,0.0,persistent,
Patiala,station,dual18(ref),104,drift,1.0,persistent,12.0
Patiala,station,dual18(ref),104,drift,0.0,persistent,
Patiala,station,dual18(ref),104,bias,0.0,persistent,
Patiala,station,dual18(ref),104,bias,0.0,persistent,
Patiala,station,dual18(ref),104,bias,0.0,persistent,
Patiala,station,dual18(ref),104,bias,1.0,persistent,8.0
Patiala,station,dual18(ref),104,bias,1.0,persistent,8.0
Patiala,station,dual18(ref),104,bias,0.0,persistent,
Patiala,station,dual18(ref),104,stuck_at,1.0,persistent,0.0
Patiala,station,dual18(ref),104,stuck_at,1.0,persistent,0.0
Patiala,station,dual18(ref),104,stuck_at,1.0,persistent,0.0
Patiala,station,dual18(ref),104,stuck_at,1.0,persistent,0.0
Patiala,station,dual18(ref),104,stuck_at,1.0,persistent,0.0
Patiala,station,dual18(ref),104,stuck_at,1.0,persistent,0.0
Patiala,station,dual18(ref),104,noise_burst,0.0,persistent,
Patiala,station,dual18(ref),104,noise_burst,1.0,persistent,4.0
Patiala,station,dual18(ref),104,noise_burst,0.0,persistent,
Patiala,station,dual18(ref),104,noise_burst,1.0,persistent,0.0
Patiala,station,dual18(ref),104,noise_burst,1.0,persistent,1.0
Patiala,station,dual18(ref),104,noise_burst,1.0,persistent,0.0
Patiala,station,dual18(ref),104,intermittent_spikes,1.0,transient,0.0
Patiala,station,dual18(ref),104,intermittent_spikes,1.0,transient,0.0
Patiala,station,dual18(ref),104,intermittent_spikes,1.0,transient,0.0
Patiala,station,dual18(ref),104,intermittent_spikes,1.0,transient,8.0
Patiala,station,dual18(ref),104,intermittent_spikes,1.0,transient,0.0
Patiala,station,dual18(ref),104,intermittent_spikes,1.0,transient,0.0
Patiala,station,dual18(ref),104,drift_plus_noise,1.0,persistent,14.0
Patiala,station,dual18(ref),104,drift_plus_noise,1.0,persistent,0.0
Patiala,station,dual18(ref),104,drift_plus_noise,0.0,persistent,
Patiala,station,dual18(ref),104,bias_plus_spikes,1.0,persistent,0.0
Patiala,station,dual18(ref),104,bias_plus_spikes,1.0,persistent,3.0
Patiala,station,dual18(ref),104,bias_plus_spikes,1.0,persistent,1.0
Patiala,in_domain,dual18(ref),115,spike,1.0,transient,0.0
Patiala,in_domain,dual18(ref),115,spike,1.0,transient,0.0
Patiala,in_domain,dual18(ref),115,spike,0.0,transient,
Patiala,in_domain,dual18(ref),115,spike,1.0,transient,0.0
Patiala,in_domain,dual18(ref),115,spike,1.0,transient,0.0
Patiala,in_domain,dual18(ref),115,spike,1.0,transient,0.0
Patiala,in_domain,dual18(ref),115,spike,1.0,transient,0.0
Patiala,in_domain,dual18(ref),115,spike,1.0,transient,0.0
Patiala,in_domain,dual18(ref),115,spike,1.0,transient,0.0
Patiala,in_domain,dual18(ref),115,spike,0.0,transient,
Patiala,in_domain,dual18(ref),115,spike,1.0,transient,0.0
Patiala,in_domain,dual18(ref),115,spike,1.0,transient,0.0
Patiala,in_domain,dual18(ref),115,spike,1.0,transient,0.0
Patiala,in_domain,dual18(ref),115,spike,0.0,transient,
Patiala,in_domain,dual18(ref),115,spike,1.0,transient,0.0
Patiala,in_domain,dual18(ref),115,spike,1.0,transient,0.0
Patiala,in_domain,dual18(ref),115,spike,1.0,transient,0.0
Patiala,in_domain,dual18(ref),115,spike,0.0,transient,
Patiala,in_domain,dual18(ref),115,spike,0.0,transient,
Patiala,in_domain,dual18(ref),115,spike,1.0,transient,0.0
Patiala,in_domain,dual18(ref),115,spike,1.0,transient,0.0
Patiala,in_domain,dual18(ref),115,spike,1.0,transient,0.0
Patiala,in_domain,dual18(ref),115,spike,1.0,transient,0.0
Patiala,in_domain,dual18(ref),115,spike,1.0,transient,0.0
Patiala,in_domain,dual18(ref),115,drift,1.0,persistent,10.0
Patiala,in_domain,dual18(ref),115,drift,1.0,persistent,12.0
Patiala,in_domain,dual18(ref),115,drift,1.0,persistent,7.0
Patiala,in_domain,dual18(ref),115,drift,1.0,persistent,7.0
Patiala,in_domain,dual18(ref),115,drift,1.0,persistent,12.0
Patiala,in_domain,dual18(ref),115,drift,1.0,persistent,6.0
Patiala,in_domain,dual18(ref),115,bias,1.0,persistent,0.0
Patiala,in_domain,dual18(ref),115,bias,0.0,persistent,
Patiala,in_domain,dual18(ref),115,bias,1.0,persistent,0.0
Patiala,in_domain,dual18(ref),115,bias,1.0,persistent,0.0
Patiala,in_domain,dual18(ref),115,bias,0.0,persistent,
Patiala,in_domain,dual18(ref),115,bias,1.0,persistent,1.0
Patiala,in_domain,dual18(ref),115,stuck_at,1.0,persistent,0.0
Patiala,in_domain,dual18(ref),115,stuck_at,1.0,persistent,0.0
Patiala,in_domain,dual18(ref),115,stuck_at,1.0,persistent,0.0
Patiala,in_domain,dual18(ref),115,stuck_at,1.0,persistent,0.0
Patiala,in_domain,dual18(ref),115,stuck_at,1.0,persistent,0.0
Patiala,in_domain,dual18(ref),115,stuck_at,1.0,persistent,0.0
Patiala,in_domain,dual18(ref),115,noise_burst,0.0,persistent,
Patiala,in_domain,dual18(ref),115,noise_burst,1.0,persistent,2.0
Patiala,in_domain,dual18(ref),115,noise_burst,1.0,persistent,7.0
Patiala,in_domain,dual18(ref),115,noise_burst,1.0,persistent,0.0
Patiala,in_domain,dual18(ref),115,noise_burst,1.0,persistent,1.0
Patiala,in_domain,dual18(ref),115,noise_burst,1.0,persistent,3.0
Patiala,in_domain,dual18(ref),115,intermittent_spikes,1.0,transient,0.0
Patiala,in_domain,dual18(ref),115,intermittent_spikes,1.0,transient,0.0
Patiala,in_domain,dual18(ref),115,intermittent_spikes,1.0,transient,0.0
Patiala,in_domain,dual18(ref),115,intermittent_spikes,1.0,transient,0.0
Patiala,in_domain,dual18(ref),115,intermittent_spikes,1.0,transient,0.0
Patiala,in_domain,dual18(ref),115,intermittent_spikes,1.0,transient,0.0
Patiala,in_domain,dual18(ref),115,drift_plus_noise,1.0,persistent,2.0
Patiala,in_domain,dual18(ref),115,drift_plus_noise,1.0,persistent,1.0
Patiala,in_domain,dual18(ref),115,drift_plus_noise,1.0,persistent,0.0
Patiala,in_domain,dual18(ref),115,bias_plus_spikes,1.0,persistent,1.0
Patiala,in_domain,dual18(ref),115,bias_plus_spikes,1.0,persistent,0.0
Patiala,in_domain,dual18(ref),115,bias_plus_spikes,1.0,persistent,0.0
Patiala,temporal,dual18(ref),115,spike,1.0,transient,0.0
Patiala,temporal,dual18(ref),115,spike,0.0,transient,
Patiala,temporal,dual18(ref),115,spike,0.0,transient,
Patiala,temporal,dual18(ref),115,spike,1.0,transient,0.0
Patiala,temporal,dual18(ref),115,spike,1.0,transient,0.0
Patiala,temporal,dual18(ref),115,spike,1.0,transient,0.0
Patiala,temporal,dual18(ref),115,spike,0.0,transient,
Patiala,temporal,dual18(ref),115,spike,0.0,transient,
Patiala,temporal,dual18(ref),115,spike,0.0,transient,
Patiala,temporal,dual18(ref),115,spike,1.0,transient,0.0
Patiala,temporal,dual18(ref),115,spike,0.0,transient,
Patiala,temporal,dual18(ref),115,spike,1.0,transient,0.0
Patiala,temporal,dual18(ref),115,spike,1.0,transient,0.0
Patiala,temporal,dual18(ref),115,spike,0.0,transient,
Patiala,temporal,dual18(ref),115,spike,1.0,transient,0.0
Patiala,temporal,dual18(ref),115,spike,1.0,transient,0.0
Patiala,temporal,dual18(ref),115,spike,1.0,transient,0.0
Patiala,temporal,dual18(ref),115,spike,0.0,transient,
Patiala,temporal,dual18(ref),115,spike,0.0,transient,
Patiala,temporal,dual18(ref),115,spike,1.0,transient,0.0
Patiala,temporal,dual18(ref),115,spike,1.0,transient,0.0
Patiala,temporal,dual18(ref),115,spike,1.0,transient,0.0
Patiala,temporal,dual18(ref),115,spike,0.0,transient,
Patiala,temporal,dual18(ref),115,spike,0.0,transient,
Patiala,temporal,dual18(ref),115,drift,1.0,persistent,10.0
Patiala,temporal,dual18(ref),115,drift,1.0,persistent,11.0
Patiala,temporal,dual18(ref),115,drift,1.0,persistent,6.0
Patiala,temporal,dual18(ref),115,drift,1.0,persistent,5.0
Patiala,temporal,dual18(ref),115,drift,1.0,persistent,14.0
Patiala,temporal,dual18(ref),115,drift,1.0,persistent,2.0
Patiala,temporal,dual18(ref),115,bias,0.0,persistent,
Patiala,temporal,dual18(ref),115,bias,0.0,persistent,
Patiala,temporal,dual18(ref),115,bias,1.0,persistent,0.0
Patiala,temporal,dual18(ref),115,bias,1.0,persistent,4.0
Patiala,temporal,dual18(ref),115,bias,1.0,persistent,3.0
Patiala,temporal,dual18(ref),115,bias,1.0,persistent,2.0
Patiala,temporal,dual18(ref),115,stuck_at,1.0,persistent,0.0
Patiala,temporal,dual18(ref),115,stuck_at,1.0,persistent,0.0
Patiala,temporal,dual18(ref),115,stuck_at,1.0,persistent,0.0
Patiala,temporal,dual18(ref),115,stuck_at,1.0,persistent,0.0
Patiala,temporal,dual18(ref),115,stuck_at,1.0,persistent,0.0
Patiala,temporal,dual18(ref),115,stuck_at,1.0,persistent,0.0
Patiala,temporal,dual18(ref),115,noise_burst,0.0,persistent,
Patiala,temporal,dual18(ref),115,noise_burst,0.0,persistent,
Patiala,temporal,dual18(ref),115,noise_burst,0.0,persistent,
Patiala,temporal,dual18(ref),115,noise_burst,1.0,persistent,8.0
Patiala,temporal,dual18(ref),115,noise_burst,1.0,persistent,0.0
Patiala,temporal,dual18(ref),115,noise_burst,1.0,persistent,3.0
Patiala,temporal,dual18(ref),115,intermittent_spikes,1.0,transient,0.0
Patiala,temporal,dual18(ref),115,intermittent_spikes,1.0,transient,0.0
Patiala,temporal,dual18(ref),115,intermittent_spikes,1.0,transient,0.0
Patiala,temporal,dual18(ref),115,intermittent_spikes,1.0,transient,0.0
Patiala,temporal,dual18(ref),115,intermittent_spikes,1.0,transient,0.0
Patiala,temporal,dual18(ref),115,intermittent_spikes,1.0,transient,0.0
Patiala,temporal,dual18(ref),115,drift_plus_noise,0.0,persistent,
Patiala,temporal,dual18(ref),115,drift_plus_noise,1.0,persistent,3.0
Patiala,temporal,dual18(ref),115,drift_plus_noise,1.0,persistent,5.0
Patiala,temporal,dual18(ref),115,bias_plus_spikes,0.0,persistent,
Patiala,temporal,dual18(ref),115,bias_plus_spikes,1.0,persistent,1.0
Patiala,temporal,dual18(ref),115,bias_plus_spikes,1.0,persistent,6.0
Patiala,station,dual18(ref),115,spike,1.0,transient,0.0
Patiala,station,dual18(ref),115,spike,0.0,transient,
Patiala,station,dual18(ref),115,spike,0.0,transient,
Patiala,station,dual18(ref),115,spike,1.0,transient,0.0
Patiala,station,dual18(ref),115,spike,1.0,transient,0.0
Patiala,station,dual18(ref),115,spike,1.0,transient,0.0
Patiala,station,dual18(ref),115,spike,0.0,transient,
Patiala,station,dual18(ref),115,spike,0.0,transient,
Patiala,station,dual18(ref),115,spike,0.0,transient,
Patiala,station,dual18(ref),115,spike,1.0,transient,0.0
Patiala,station,dual18(ref),115,spike,0.0,transient,
Patiala,station,dual18(ref),115,spike,1.0,transient,0.0
Patiala,station,dual18(ref),115,spike,1.0,transient,0.0
Patiala,station,dual18(ref),115,spike,0.0,transient,
Patiala,station,dual18(ref),115,spike,1.0,transient,0.0
Patiala,station,dual18(ref),115,spike,1.0,transient,0.0
Patiala,station,dual18(ref),115,spike,1.0,transient,0.0
Patiala,station,dual18(ref),115,spike,0.0,transient,
Patiala,station,dual18(ref),115,spike,0.0,transient,
Patiala,station,dual18(ref),115,spike,1.0,transient,0.0
Patiala,station,dual18(ref),115,spike,1.0,transient,0.0
Patiala,station,dual18(ref),115,spike,1.0,transient,0.0
Patiala,station,dual18(ref),115,spike,0.0,transient,
Patiala,station,dual18(ref),115,spike,0.0,transient,
Patiala,station,dual18(ref),115,drift,1.0,persistent,10.0
Patiala,station,dual18(ref),115,drift,1.0,persistent,11.0
Patiala,station,dual18(ref),115,drift,1.0,persistent,6.0
Patiala,station,dual18(ref),115,drift,0.0,persistent,
Patiala,station,dual18(ref),115,drift,0.0,persistent,
Patiala,station,dual18(ref),115,drift,0.0,persistent,
Patiala,station,dual18(ref),115,bias,0.0,persistent,
Patiala,station,dual18(ref),115,bias,0.0,persistent,
Patiala,station,dual18(ref),115,bias,1.0,persistent,0.0
Patiala,station,dual18(ref),115,bias,1.0,persistent,9.0
Patiala,station,dual18(ref),115,bias,1.0,persistent,3.0
Patiala,station,dual18(ref),115,bias,1.0,persistent,2.0
Patiala,station,dual18(ref),115,stuck_at,1.0,persistent,0.0
Patiala,station,dual18(ref),115,stuck_at,1.0,persistent,0.0
Patiala,station,dual18(ref),115,stuck_at,1.0,persistent,0.0
Patiala,station,dual18(ref),115,stuck_at,1.0,persistent,0.0
Patiala,station,dual18(ref),115,stuck_at,1.0,persistent,0.0
Patiala,station,dual18(ref),115,stuck_at,1.0,persistent,0.0
Patiala,station,dual18(ref),115,noise_burst,0.0,persistent,
Patiala,station,dual18(ref),115,noise_burst,1.0,persistent,2.0
Patiala,station,dual18(ref),115,noise_burst,0.0,persistent,
Patiala,station,dual18(ref),115,noise_burst,1.0,persistent,0.0
Patiala,station,dual18(ref),115,noise_burst,1.0,persistent,0.0
Patiala,station,dual18(ref),115,noise_burst,1.0,persistent,3.0
Patiala,station,dual18(ref),115,intermittent_spikes,1.0,transient,0.0
Patiala,station,dual18(ref),115,intermittent_spikes,1.0,transient,0.0
Patiala,station,dual18(ref),115,intermittent_spikes,1.0,transient,5.0
Patiala,station,dual18(ref),115,intermittent_spikes,1.0,transient,0.0
Patiala,station,dual18(ref),115,intermittent_spikes,1.0,transient,0.0
Patiala,station,dual18(ref),115,intermittent_spikes,1.0,transient,0.0
Patiala,station,dual18(ref),115,drift_plus_noise,0.0,persistent,
Patiala,station,dual18(ref),115,drift_plus_noise,1.0,persistent,3.0
Patiala,station,dual18(ref),115,drift_plus_noise,1.0,persistent,5.0
Patiala,station,dual18(ref),115,bias_plus_spikes,1.0,persistent,5.0
Patiala,station,dual18(ref),115,bias_plus_spikes,1.0,persistent,1.0
Patiala,station,dual18(ref),115,bias_plus_spikes,1.0,persistent,6.0
Patiala,in_domain,dual18(ref),126,spike,1.0,transient,0.0
Patiala,in_domain,dual18(ref),126,spike,1.0,transient,0.0
Patiala,in_domain,dual18(ref),126,spike,1.0,transient,0.0
Patiala,in_domain,dual18(ref),126,spike,1.0,transient,0.0
Patiala,in_domain,dual18(ref),126,spike,1.0,transient,0.0
Patiala,in_domain,dual18(ref),126,spike,1.0,transient,0.0
Patiala,in_domain,dual18(ref),126,spike,0.0,transient,
Patiala,in_domain,dual18(ref),126,spike,0.0,transient,
Patiala,in_domain,dual18(ref),126,spike,0.0,transient,
Patiala,in_domain,dual18(ref),126,spike,1.0,transient,0.0
Patiala,in_domain,dual18(ref),126,spike,1.0,transient,0.0
Patiala,in_domain,dual18(ref),126,spike,0.0,transient,
Patiala,in_domain,dual18(ref),126,spike,1.0,transient,0.0
Patiala,in_domain,dual18(ref),126,spike,1.0,transient,0.0
Patiala,in_domain,dual18(ref),126,spike,1.0,transient,0.0
Patiala,in_domain,dual18(ref),126,spike,1.0,transient,0.0
Patiala,in_domain,dual18(ref),126,spike,1.0,transient,0.0
Patiala,in_domain,dual18(ref),126,spike,1.0,transient,0.0
Patiala,in_domain,dual18(ref),126,spike,1.0,transient,0.0
Patiala,in_domain,dual18(ref),126,spike,1.0,transient,0.0
Patiala,in_domain,dual18(ref),126,spike,1.0,transient,0.0
Patiala,in_domain,dual18(ref),126,spike,1.0,transient,0.0
Patiala,in_domain,dual18(ref),126,spike,1.0,transient,0.0
Patiala,in_domain,dual18(ref),126,spike,0.0,transient,
Patiala,in_domain,dual18(ref),126,drift,1.0,persistent,2.0
Patiala,in_domain,dual18(ref),126,drift,1.0,persistent,8.0
Patiala,in_domain,dual18(ref),126,drift,0.0,persistent,
Patiala,in_domain,dual18(ref),126,drift,1.0,persistent,9.0
Patiala,in_domain,dual18(ref),126,drift,1.0,persistent,7.0
Patiala,in_domain,dual18(ref),126,drift,1.0,persistent,7.0
Patiala,in_domain,dual18(ref),126,bias,1.0,persistent,0.0
Patiala,in_domain,dual18(ref),126,bias,0.0,persistent,
Patiala,in_domain,dual18(ref),126,bias,1.0,persistent,0.0
Patiala,in_domain,dual18(ref),126,bias,1.0,persistent,8.0
Patiala,in_domain,dual18(ref),126,bias,1.0,persistent,9.0
Patiala,in_domain,dual18(ref),126,bias,1.0,persistent,4.0
Patiala,in_domain,dual18(ref),126,stuck_at,1.0,persistent,0.0
Patiala,in_domain,dual18(ref),126,stuck_at,1.0,persistent,0.0
Patiala,in_domain,dual18(ref),126,stuck_at,1.0,persistent,0.0
Patiala,in_domain,dual18(ref),126,stuck_at,1.0,persistent,0.0
Patiala,in_domain,dual18(ref),126,stuck_at,1.0,persistent,0.0
Patiala,in_domain,dual18(ref),126,stuck_at,1.0,persistent,0.0
Patiala,in_domain,dual18(ref),126,noise_burst,1.0,persistent,0.0
Patiala,in_domain,dual18(ref),126,noise_burst,0.0,persistent,
Patiala,in_domain,dual18(ref),126,noise_burst,1.0,persistent,4.0
Patiala,in_domain,dual18(ref),126,noise_burst,1.0,persistent,11.0
Patiala,in_domain,dual18(ref),126,noise_burst,1.0,persistent,2.0
Patiala,in_domain,dual18(ref),126,noise_burst,1.0,persistent,1.0
Patiala,in_domain,dual18(ref),126,intermittent_spikes,1.0,transient,0.0
Patiala,in_domain,dual18(ref),126,intermittent_spikes,1.0,transient,0.0
Patiala,in_domain,dual18(ref),126,intermittent_spikes,1.0,transient,0.0
Patiala,in_domain,dual18(ref),126,intermittent_spikes,1.0,transient,0.0
Patiala,in_domain,dual18(ref),126,intermittent_spikes,1.0,transient,0.0
Patiala,in_domain,dual18(ref),126,intermittent_spikes,1.0,transient,0.0
Patiala,in_domain,dual18(ref),126,drift_plus_noise,1.0,persistent,5.0
Patiala,in_domain,dual18(ref),126,drift_plus_noise,1.0,persistent,7.0
Patiala,in_domain,dual18(ref),126,drift_plus_noise,1.0,persistent,7.0
Patiala,in_domain,dual18(ref),126,bias_plus_spikes,1.0,persistent,0.0
Patiala,in_domain,dual18(ref),126,bias_plus_spikes,1.0,persistent,0.0
Patiala,in_domain,dual18(ref),126,bias_plus_spikes,1.0,persistent,0.0
Patiala,temporal,dual18(ref),126,spike,1.0,transient,0.0
Patiala,temporal,dual18(ref),126,spike,1.0,transient,0.0
Patiala,temporal,dual18(ref),126,spike,1.0,transient,0.0
Patiala,temporal,dual18(ref),126,spike,0.0,transient,
Patiala,temporal,dual18(ref),126,spike,1.0,transient,0.0
Patiala,temporal,dual18(ref),126,spike,1.0,transient,0.0
Patiala,temporal,dual18(ref),126,spike,1.0,transient,0.0
Patiala,temporal,dual18(ref),126,spike,0.0,transient,
Patiala,temporal,dual18(ref),126,spike,1.0,transient,0.0
Patiala,temporal,dual18(ref),126,spike,1.0,transient,0.0
Patiala,temporal,dual18(ref),126,spike,1.0,transient,0.0
Patiala,temporal,dual18(ref),126,spike,1.0,transient,0.0
Patiala,temporal,dual18(ref),126,spike,1.0,transient,0.0
Patiala,temporal,dual18(ref),126,spike,1.0,transient,0.0
Patiala,temporal,dual18(ref),126,spike,1.0,transient,0.0
Patiala,temporal,dual18(ref),126,spike,1.0,transient,0.0
Patiala,temporal,dual18(ref),126,spike,1.0,transient,0.0
Patiala,temporal,dual18(ref),126,spike,0.0,transient,
Patiala,temporal,dual18(ref),126,spike,0.0,transient,
Patiala,temporal,dual18(ref),126,spike,1.0,transient,0.0
Patiala,temporal,dual18(ref),126,spike,1.0,transient,0.0
Patiala,temporal,dual18(ref),126,spike,1.0,transient,0.0
Patiala,temporal,dual18(ref),126,spike,1.0,transient,0.0
Patiala,temporal,dual18(ref),126,spike,0.0,transient,
Patiala,temporal,dual18(ref),126,drift,1.0,persistent,0.0
Patiala,temporal,dual18(ref),126,drift,0.0,persistent,
Patiala,temporal,dual18(ref),126,drift,0.0,persistent,
Patiala,temporal,dual18(ref),126,drift,1.0,persistent,0.0
Patiala,temporal,dual18(ref),126,drift,1.0,persistent,9.0
Patiala,temporal,dual18(ref),126,drift,1.0,persistent,9.0
Patiala,temporal,dual18(ref),126,bias,0.0,persistent,
Patiala,temporal,dual18(ref),126,bias,0.0,persistent,
Patiala,temporal,dual18(ref),126,bias,1.0,persistent,7.0
Patiala,temporal,dual18(ref),126,bias,1.0,persistent,6.0
Patiala,temporal,dual18(ref),126,bias,0.0,persistent,
Patiala,temporal,dual18(ref),126,bias,0.0,persistent,
Patiala,temporal,dual18(ref),126,stuck_at,1.0,persistent,0.0
Patiala,temporal,dual18(ref),126,stuck_at,1.0,persistent,0.0
Patiala,temporal,dual18(ref),126,stuck_at,1.0,persistent,0.0
Patiala,temporal,dual18(ref),126,stuck_at,1.0,persistent,0.0
Patiala,temporal,dual18(ref),126,stuck_at,1.0,persistent,0.0
Patiala,temporal,dual18(ref),126,stuck_at,1.0,persistent,0.0
Patiala,temporal,dual18(ref),126,noise_burst,0.0,persistent,
Patiala,temporal,dual18(ref),126,noise_burst,1.0,persistent,7.0
Patiala,temporal,dual18(ref),126,noise_burst,0.0,persistent,
Patiala,temporal,dual18(ref),126,noise_burst,0.0,persistent,
Patiala,temporal,dual18(ref),126,noise_burst,1.0,persistent,1.0
Patiala,temporal,dual18(ref),126,noise_burst,1.0,persistent,0.0
Patiala,temporal,dual18(ref),126,intermittent_spikes,1.0,transient,0.0
Patiala,temporal,dual18(ref),126,intermittent_spikes,1.0,transient,0.0
Patiala,temporal,dual18(ref),126,intermittent_spikes,1.0,transient,0.0
Patiala,temporal,dual18(ref),126,intermittent_spikes,1.0,transient,0.0
Patiala,temporal,dual18(ref),126,intermittent_spikes,1.0,transient,0.0
Patiala,temporal,dual18(ref),126,intermittent_spikes,1.0,transient,0.0
Patiala,temporal,dual18(ref),126,drift_plus_noise,1.0,persistent,10.0
Patiala,temporal,dual18(ref),126,drift_plus_noise,1.0,persistent,12.0
Patiala,temporal,dual18(ref),126,drift_plus_noise,0.0,persistent,
Patiala,temporal,dual18(ref),126,bias_plus_spikes,1.0,persistent,0.0
Patiala,temporal,dual18(ref),126,bias_plus_spikes,1.0,persistent,3.0
Patiala,temporal,dual18(ref),126,bias_plus_spikes,1.0,persistent,2.0
Patiala,station,dual18(ref),126,spike,1.0,transient,0.0
Patiala,station,dual18(ref),126,spike,0.0,transient,
Patiala,station,dual18(ref),126,spike,1.0,transient,0.0
Patiala,station,dual18(ref),126,spike,0.0,transient,
Patiala,station,dual18(ref),126,spike,1.0,transient,0.0
Patiala,station,dual18(ref),126,spike,1.0,transient,0.0
Patiala,station,dual18(ref),126,spike,1.0,transient,0.0
Patiala,station,dual18(ref),126,spike,0.0,transient,
Patiala,station,dual18(ref),126,spike,0.0,transient,
Patiala,station,dual18(ref),126,spike,1.0,transient,0.0
Patiala,station,dual18(ref),126,spike,1.0,transient,0.0
Patiala,station,dual18(ref),126,spike,1.0,transient,0.0
Patiala,station,dual18(ref),126,spike,1.0,transient,0.0
Patiala,station,dual18(ref),126,spike,1.0,transient,0.0
Patiala,station,dual18(ref),126,spike,1.0,transient,0.0
Patiala,station,dual18(ref),126,spike,1.0,transient,0.0
Patiala,station,dual18(ref),126,spike,1.0,transient,0.0
Patiala,station,dual18(ref),126,spike,1.0,transient,0.0
Patiala,station,dual18(ref),126,spike,1.0,transient,0.0
Patiala,station,dual18(ref),126,spike,1.0,transient,0.0
Patiala,station,dual18(ref),126,spike,1.0,transient,0.0
Patiala,station,dual18(ref),126,spike,1.0,transient,0.0
Patiala,station,dual18(ref),126,spike,1.0,transient,0.0
Patiala,station,dual18(ref),126,spike,0.0,transient,
Patiala,station,dual18(ref),126,drift,1.0,persistent,0.0
Patiala,station,dual18(ref),126,drift,0.0,persistent,
Patiala,station,dual18(ref),126,drift,0.0,persistent,
Patiala,station,dual18(ref),126,drift,1.0,persistent,0.0
Patiala,station,dual18(ref),126,drift,1.0,persistent,9.0
Patiala,station,dual18(ref),126,drift,1.0,persistent,6.0
Patiala,station,dual18(ref),126,bias,1.0,persistent,0.0
Patiala,station,dual18(ref),126,bias,0.0,persistent,
Patiala,station,dual18(ref),126,bias,0.0,persistent,
Patiala,station,dual18(ref),126,bias,1.0,persistent,6.0
Patiala,station,dual18(ref),126,bias,0.0,persistent,
Patiala,station,dual18(ref),126,bias,0.0,persistent,
Patiala,station,dual18(ref),126,stuck_at,1.0,persistent,0.0
Patiala,station,dual18(ref),126,stuck_at,1.0,persistent,0.0
Patiala,station,dual18(ref),126,stuck_at,1.0,persistent,0.0
Patiala,station,dual18(ref),126,stuck_at,1.0,persistent,0.0
Patiala,station,dual18(ref),126,stuck_at,1.0,persistent,0.0
Patiala,station,dual18(ref),126,stuck_at,1.0,persistent,0.0
Patiala,station,dual18(ref),126,noise_burst,0.0,persistent,
Patiala,station,dual18(ref),126,noise_burst,0.0,persistent,
Patiala,station,dual18(ref),126,noise_burst,0.0,persistent,
Patiala,station,dual18(ref),126,noise_burst,0.0,persistent,
Patiala,station,dual18(ref),126,noise_burst,1.0,persistent,2.0
Patiala,station,dual18(ref),126,noise_burst,1.0,persistent,0.0
Patiala,station,dual18(ref),126,intermittent_spikes,1.0,transient,0.0
Patiala,station,dual18(ref),126,intermittent_spikes,1.0,transient,0.0
Patiala,station,dual18(ref),126,intermittent_spikes,1.0,transient,0.0
Patiala,station,dual18(ref),126,intermittent_spikes,1.0,transient,0.0
Patiala,station,dual18(ref),126,intermittent_spikes,1.0,transient,0.0
Patiala,station,dual18(ref),126,intermittent_spikes,1.0,transient,0.0
Patiala,station,dual18(ref),126,drift_plus_noise,1.0,persistent,5.0
Patiala,station,dual18(ref),126,drift_plus_noise,1.0,persistent,12.0
Patiala,station,dual18(ref),126,drift_plus_noise,1.0,persistent,8.0
Patiala,station,dual18(ref),126,bias_plus_spikes,1.0,persistent,0.0
Patiala,station,dual18(ref),126,bias_plus_spikes,1.0,persistent,3.0
Patiala,station,dual18(ref),126,bias_plus_spikes,1.0,persistent,2.0
Guwahati,in_domain,baseline16,104,spike,1.0,transient,0.0
Guwahati,in_domain,baseline16,104,spike,1.0,transient,0.0
Guwahati,in_domain,baseline16,104,spike,1.0,transient,0.0
Guwahati,in_domain,baseline16,104,spike,1.0,transient,0.0
Guwahati,in_domain,baseline16,104,spike,1.0,transient,0.0
Guwahati,in_domain,baseline16,104,spike,1.0,transient,0.0
Guwahati,in_domain,baseline16,104,spike,0.0,transient,
Guwahati,in_domain,baseline16,104,spike,0.0,transient,
Guwahati,in_domain,baseline16,104,spike,1.0,transient,0.0
Guwahati,in_domain,baseline16,104,spike,1.0,transient,0.0
Guwahati,in_domain,baseline16,104,spike,1.0,transient,0.0
Guwahati,in_domain,baseline16,104,spike,1.0,transient,0.0
Guwahati,in_domain,baseline16,104,spike,1.0,transient,0.0
Guwahati,in_domain,baseline16,104,spike,1.0,transient,0.0
Guwahati,in_domain,baseline16,104,spike,1.0,transient,0.0
Guwahati,in_domain,baseline16,104,spike,1.0,transient,0.0
Guwahati,in_domain,baseline16,104,spike,1.0,transient,0.0
Guwahati,in_domain,baseline16,104,spike,1.0,transient,0.0
Guwahati,in_domain,baseline16,104,spike,1.0,transient,0.0
Guwahati,in_domain,baseline16,104,spike,1.0,transient,0.0
Guwahati,in_domain,baseline16,104,spike,1.0,transient,0.0
Guwahati,in_domain,baseline16,104,spike,1.0,transient,0.0
Guwahati,in_domain,baseline16,104,spike,0.0,transient,
Guwahati,in_domain,baseline16,104,spike,1.0,transient,0.0
Guwahati,in_domain,baseline16,104,drift,1.0,persistent,1.0
Guwahati,in_domain,baseline16,104,drift,1.0,persistent,2.0
Guwahati,in_domain,baseline16,104,drift,0.0,persistent,
Guwahati,in_domain,baseline16,104,drift,0.0,persistent,
Guwahati,in_domain,baseline16,104,drift,1.0,persistent,12.0
Guwahati,in_domain,baseline16,104,drift,1.0,persistent,5.0
Guwahati,in_domain,baseline16,104,bias,0.0,persistent,
Guwahati,in_domain,baseline16,104,bias,0.0,persistent,
Guwahati,in_domain,baseline16,104,bias,0.0,persistent,
Guwahati,in_domain,baseline16,104,bias,1.0,persistent,2.0
Guwahati,in_domain,baseline16,104,bias,1.0,persistent,7.0
Guwahati,in_domain,baseline16,104,bias,1.0,persistent,8.0
Guwahati,in_domain,baseline16,104,stuck_at,1.0,persistent,0.0
Guwahati,in_domain,baseline16,104,stuck_at,1.0,persistent,0.0
Guwahati,in_domain,baseline16,104,stuck_at,1.0,persistent,0.0
Guwahati,in_domain,baseline16,104,stuck_at,1.0,persistent,0.0
Guwahati,in_domain,baseline16,104,stuck_at,1.0,persistent,0.0
Guwahati,in_domain,baseline16,104,stuck_at,1.0,persistent,0.0
Guwahati,in_domain,baseline16,104,noise_burst,1.0,persistent,6.0
Guwahati,in_domain,baseline16,104,noise_burst,0.0,persistent,
Guwahati,in_domain,baseline16,104,noise_burst,0.0,persistent,
Guwahati,in_domain,baseline16,104,noise_burst,1.0,persistent,2.0
Guwahati,in_domain,baseline16,104,noise_burst,1.0,persistent,0.0
Guwahati,in_domain,baseline16,104,noise_burst,1.0,persistent,1.0
Guwahati,in_domain,baseline16,104,intermittent_spikes,1.0,transient,0.0
Guwahati,in_domain,baseline16,104,intermittent_spikes,1.0,transient,0.0
Guwahati,in_domain,baseline16,104,intermittent_spikes,1.0,transient,0.0
Guwahati,in_domain,baseline16,104,intermittent_spikes,1.0,transient,5.0
Guwahati,in_domain,baseline16,104,intermittent_spikes,1.0,transient,0.0
Guwahati,in_domain,baseline16,104,intermittent_spikes,1.0,transient,2.0
Guwahati,in_domain,baseline16,104,drift_plus_noise,0.0,persistent,
Guwahati,in_domain,baseline16,104,drift_plus_noise,1.0,persistent,11.0
Guwahati,in_domain,baseline16,104,drift_plus_noise,0.0,persistent,
Guwahati,in_domain,baseline16,104,bias_plus_spikes,1.0,persistent,0.0
Guwahati,in_domain,baseline16,104,bias_plus_spikes,1.0,persistent,0.0
Guwahati,in_domain,baseline16,104,bias_plus_spikes,1.0,persistent,0.0
Guwahati,temporal,baseline16,104,spike,1.0,transient,0.0
Guwahati,temporal,baseline16,104,spike,1.0,transient,0.0
Guwahati,temporal,baseline16,104,spike,1.0,transient,0.0
Guwahati,temporal,baseline16,104,spike,1.0,transient,0.0
Guwahati,temporal,baseline16,104,spike,1.0,transient,0.0
Guwahati,temporal,baseline16,104,spike,1.0,transient,0.0
Guwahati,temporal,baseline16,104,spike,0.0,transient,
Guwahati,temporal,baseline16,104,spike,0.0,transient,
Guwahati,temporal,baseline16,104,spike,0.0,transient,
Guwahati,temporal,baseline16,104,spike,1.0,transient,0.0
Guwahati,temporal,baseline16,104,spike,1.0,transient,0.0
Guwahati,temporal,baseline16,104,spike,1.0,transient,0.0
Guwahati,temporal,baseline16,104,spike,1.0,transient,0.0
Guwahati,temporal,baseline16,104,spike,1.0,transient,0.0
Guwahati,temporal,baseline16,104,spike,1.0,transient,0.0
Guwahati,temporal,baseline16,104,spike,1.0,transient,0.0
Guwahati,temporal,baseline16,104,spike,1.0,transient,0.0
Guwahati,temporal,baseline16,104,spike,1.0,transient,0.0
Guwahati,temporal,baseline16,104,spike,1.0,transient,0.0
Guwahati,temporal,baseline16,104,spike,1.0,transient,0.0
Guwahati,temporal,baseline16,104,spike,1.0,transient,0.0
Guwahati,temporal,baseline16,104,spike,0.0,transient,
Guwahati,temporal,baseline16,104,spike,1.0,transient,0.0
Guwahati,temporal,baseline16,104,drift,0.0,persistent,
Guwahati,temporal,baseline16,104,drift,1.0,persistent,5.0
Guwahati,temporal,baseline16,104,drift,0.0,persistent,
Guwahati,temporal,baseline16,104,drift,0.0,persistent,
Guwahati,temporal,baseline16,104,drift,1.0,persistent,7.0
Guwahati,temporal,baseline16,104,drift,1.0,persistent,1.0
Guwahati,temporal,baseline16,104,bias,1.0,persistent,5.0
Guwahati,temporal,baseline16,104,bias,0.0,persistent,
Guwahati,temporal,baseline16,104,bias,0.0,persistent,
Guwahati,temporal,baseline16,104,bias,0.0,persistent,
Guwahati,temporal,baseline16,104,bias,1.0,persistent,2.0
Guwahati,temporal,baseline16,104,bias,1.0,persistent,8.0
Guwahati,temporal,baseline16,104,stuck_at,1.0,persistent,0.0
Guwahati,temporal,baseline16,104,stuck_at,1.0,persistent,0.0
Guwahati,temporal,baseline16,104,stuck_at,1.0,persistent,0.0
Guwahati,temporal,baseline16,104,stuck_at,1.0,persistent,0.0
Guwahati,temporal,baseline16,104,stuck_at,1.0,persistent,0.0
Guwahati,temporal,baseline16,104,stuck_at,1.0,persistent,0.0
Guwahati,temporal,baseline16,104,noise_burst,1.0,persistent,0.0
Guwahati,temporal,baseline16,104,noise_burst,1.0,persistent,0.0
Guwahati,temporal,baseline16,104,noise_burst,0.0,persistent,
Guwahati,temporal,baseline16,104,noise_burst,1.0,persistent,0.0
Guwahati,temporal,baseline16,104,noise_burst,1.0,persistent,0.0
Guwahati,temporal,baseline16,104,noise_burst,1.0,persistent,0.0
Guwahati,temporal,baseline16,104,intermittent_spikes,1.0,transient,0.0
Guwahati,temporal,baseline16,104,intermittent_spikes,1.0,transient,0.0
Guwahati,temporal,baseline16,104,intermittent_spikes,1.0,transient,0.0
Guwahati,temporal,baseline16,104,intermittent_spikes,1.0,transient,0.0
Guwahati,temporal,baseline16,104,intermittent_spikes,1.0,transient,17.0
Guwahati,temporal,baseline16,104,intermittent_spikes,0.0,transient,
Guwahati,temporal,baseline16,104,drift_plus_noise,0.0,persistent,
Guwahati,temporal,baseline16,104,drift_plus_noise,1.0,persistent,0.0
Guwahati,temporal,baseline16,104,drift_plus_noise,1.0,persistent,6.0
Guwahati,temporal,baseline16,104,bias_plus_spikes,1.0,persistent,0.0
Guwahati,temporal,baseline16,104,bias_plus_spikes,1.0,persistent,3.0
Guwahati,temporal,baseline16,104,bias_plus_spikes,1.0,persistent,0.0
Guwahati,station,baseline16,104,spike,1.0,transient,0.0
Guwahati,station,baseline16,104,spike,1.0,transient,0.0
Guwahati,station,baseline16,104,spike,1.0,transient,0.0
Guwahati,station,baseline16,104,spike,1.0,transient,0.0
Guwahati,station,baseline16,104,spike,1.0,transient,0.0
Guwahati,station,baseline16,104,spike,1.0,transient,0.0
Guwahati,station,baseline16,104,spike,0.0,transient,
Guwahati,station,baseline16,104,spike,0.0,transient,
Guwahati,station,baseline16,104,spike,0.0,transient,
Guwahati,station,baseline16,104,spike,1.0,transient,0.0
Guwahati,station,baseline16,104,spike,0.0,transient,
Guwahati,station,baseline16,104,spike,1.0,transient,0.0
Guwahati,station,baseline16,104,spike,1.0,transient,0.0
Guwahati,station,baseline16,104,spike,1.0,transient,0.0
Guwahati,station,baseline16,104,spike,1.0,transient,0.0
Guwahati,station,baseline16,104,spike,1.0,transient,0.0
Guwahati,station,baseline16,104,spike,1.0,transient,0.0
Guwahati,station,baseline16,104,spike,1.0,transient,0.0
Guwahati,station,baseline16,104,spike,1.0,transient,0.0
Guwahati,station,baseline16,104,spike,1.0,transient,0.0
Guwahati,station,baseline16,104,spike,1.0,transient,0.0
Guwahati,station,baseline16,104,spike,0.0,transient,
Guwahati,station,baseline16,104,spike,1.0,transient,0.0
Guwahati,station,baseline16,104,drift,0.0,persistent,
Guwahati,station,baseline16,104,drift,1.0,persistent,5.0
Guwahati,station,baseline16,104,drift,0.0,persistent,
Guwahati,station,baseline16,104,drift,0.0,persistent,
Guwahati,station,baseline16,104,drift,1.0,persistent,3.0
Guwahati,station,baseline16,104,drift,1.0,persistent,1.0
Guwahati,station,baseline16,104,bias,0.0,persistent,
Guwahati,station,baseline16,104,bias,0.0,persistent,
Guwahati,station,baseline16,104,bias,0.0,persistent,
Guwahati,station,baseline16,104,bias,0.0,persistent,
Guwahati,station,baseline16,104,bias,1.0,persistent,2.0
Guwahati,station,baseline16,104,bias,1.0,persistent,8.0
Guwahati,station,baseline16,104,stuck_at,1.0,persistent,0.0
Guwahati,station,baseline16,104,stuck_at,1.0,persistent,0.0
Guwahati,station,baseline16,104,stuck_at,1.0,persistent,0.0
Guwahati,station,baseline16,104,stuck_at,1.0,persistent,0.0
Guwahati,station,baseline16,104,stuck_at,1.0,persistent,0.0
Guwahati,station,baseline16,104,stuck_at,1.0,persistent,0.0
Guwahati,station,baseline16,104,noise_burst,1.0,persistent,0.0
Guwahati,station,baseline16,104,noise_burst,1.0,persistent,0.0
Guwahati,station,baseline16,104,noise_burst,0.0,persistent,
Guwahati,station,baseline16,104,noise_burst,1.0,persistent,0.0
Guwahati,station,baseline16,104,noise_burst,1.0,persistent,0.0
Guwahati,station,baseline16,104,noise_burst,1.0,persistent,0.0
Guwahati,station,baseline16,104,intermittent_spikes,1.0,transient,0.0
Guwahati,station,baseline16,104,intermittent_spikes,1.0,transient,0.0
Guwahati,station,baseline16,104,intermittent_spikes,1.0,transient,0.0
Guwahati,station,baseline16,104,intermittent_spikes,1.0,transient,0.0
Guwahati,station,baseline16,104,intermittent_spikes,1.0,transient,17.0
Guwahati,station,baseline16,104,intermittent_spikes,0.0,transient,
Guwahati,station,baseline16,104,drift_plus_noise,0.0,persistent,
Guwahati,station,baseline16,104,drift_plus_noise,1.0,persistent,0.0
Guwahati,station,baseline16,104,drift_plus_noise,1.0,persistent,1.0
Guwahati,station,baseline16,104,bias_plus_spikes,1.0,persistent,0.0
Guwahati,station,baseline16,104,bias_plus_spikes,1.0,persistent,3.0
Guwahati,station,baseline16,104,bias_plus_spikes,1.0,persistent,0.0
Guwahati,in_domain,baseline16,115,spike,1.0,transient,0.0
Guwahati,in_domain,baseline16,115,spike,1.0,transient,0.0
Guwahati,in_domain,baseline16,115,spike,1.0,transient,0.0
Guwahati,in_domain,baseline16,115,spike,1.0,transient,0.0
Guwahati,in_domain,baseline16,115,spike,1.0,transient,0.0
Guwahati,in_domain,baseline16,115,spike,1.0,transient,0.0
Guwahati,in_domain,baseline16,115,spike,1.0,transient,0.0
Guwahati,in_domain,baseline16,115,spike,0.0,transient,
Guwahati,in_domain,baseline16,115,spike,0.0,transient,
Guwahati,in_domain,baseline16,115,spike,1.0,transient,0.0
Guwahati,in_domain,baseline16,115,spike,1.0,transient,0.0
Guwahati,in_domain,baseline16,115,spike,1.0,transient,0.0
Guwahati,in_domain,baseline16,115,spike,1.0,transient,0.0
Guwahati,in_domain,baseline16,115,spike,1.0,transient,0.0
Guwahati,in_domain,baseline16,115,spike,1.0,transient,0.0
Guwahati,in_domain,baseline16,115,spike,1.0,transient,0.0
Guwahati,in_domain,baseline16,115,spike,1.0,transient,0.0
Guwahati,in_domain,baseline16,115,spike,1.0,transient,0.0
Guwahati,in_domain,baseline16,115,spike,1.0,transient,0.0
Guwahati,in_domain,baseline16,115,spike,1.0,transient,0.0
Guwahati,in_domain,baseline16,115,spike,1.0,transient,0.0
Guwahati,in_domain,baseline16,115,spike,1.0,transient,0.0
Guwahati,in_domain,baseline16,115,spike,1.0,transient,0.0
Guwahati,in_domain,baseline16,115,spike,1.0,transient,0.0
Guwahati,in_domain,baseline16,115,drift,0.0,persistent,
Guwahati,in_domain,baseline16,115,drift,0.0,persistent,
Guwahati,in_domain,baseline16,115,drift,1.0,persistent,9.0
Guwahati,in_domain,baseline16,115,drift,1.0,persistent,3.0
Guwahati,in_domain,baseline16,115,drift,0.0,persistent,
Guwahati,in_domain,baseline16,115,drift,0.0,persistent,
Guwahati,in_domain,baseline16,115,bias,1.0,persistent,5.0
Guwahati,in_domain,baseline16,115,bias,1.0,persistent,7.0
Guwahati,in_domain,baseline16,115,bias,0.0,persistent,
Guwahati,in_domain,baseline16,115,bias,1.0,persistent,2.0
Guwahati,in_domain,baseline16,115,bias,0.0,persistent,
Guwahati,in_domain,baseline16,115,bias,1.0,persistent,0.0
Guwahati,in_domain,baseline16,115,stuck_at,1.0,persistent,0.0
Guwahati,in_domain,baseline16,115,stuck_at,1.0,persistent,0.0
Guwahati,in_domain,baseline16,115,stuck_at,1.0,persistent,0.0
Guwahati,in_domain,baseline16,115,stuck_at,1.0,persistent,0.0
Guwahati,in_domain,baseline16,115,stuck_at,1.0,persistent,0.0
Guwahati,in_domain,baseline16,115,stuck_at,1.0,persistent,0.0
Guwahati,in_domain,baseline16,115,noise_burst,0.0,persistent,
Guwahati,in_domain,baseline16,115,noise_burst,1.0,persistent,2.0
Guwahati,in_domain,baseline16,115,noise_burst,1.0,persistent,2.0
Guwahati,in_domain,baseline16,115,noise_burst,1.0,persistent,0.0
Guwahati,in_domain,baseline16,115,noise_burst,1.0,persistent,1.0
Guwahati,in_domain,baseline16,115,noise_burst,1.0,persistent,3.0
Guwahati,in_domain,baseline16,115,intermittent_spikes,1.0,transient,0.0
Guwahati,in_domain,baseline16,115,intermittent_spikes,1.0,transient,0.0
Guwahati,in_domain,baseline16,115,intermittent_spikes,1.0,transient,0.0
Guwahati,in_domain,baseline16,115,intermittent_spikes,1.0,transient,0.0
Guwahati,in_domain,baseline16,115,intermittent_spikes,1.0,transient,0.0
Guwahati,in_domain,baseline16,115,intermittent_spikes,1.0,transient,0.0
Guwahati,in_domain,baseline16,115,drift_plus_noise,0.0,persistent,
Guwahati,in_domain,baseline16,115,drift_plus_noise,1.0,persistent,1.0
Guwahati,in_domain,baseline16,115,drift_plus_noise,1.0,persistent,3.0
Guwahati,in_domain,baseline16,115,bias_plus_spikes,1.0,persistent,1.0
Guwahati,in_domain,baseline16,115,bias_plus_spikes,1.0,persistent,0.0
Guwahati,in_domain,baseline16,115,bias_plus_spikes,1.0,persistent,3.0
Guwahati,temporal,baseline16,115,spike,1.0,transient,0.0
Guwahati,temporal,baseline16,115,spike,1.0,transient,0.0
Guwahati,temporal,baseline16,115,spike,1.0,transient,0.0
Guwahati,temporal,baseline16,115,spike,1.0,transient,0.0
Guwahati,temporal,baseline16,115,spike,1.0,transient,0.0
Guwahati,temporal,baseline16,115,spike,1.0,transient,0.0
Guwahati,temporal,baseline16,115,spike,0.0,transient,
Guwahati,temporal,baseline16,115,spike,0.0,transient,
Guwahati,temporal,baseline16,115,spike,1.0,transient,0.0
Guwahati,temporal,baseline16,115,spike,1.0,transient,0.0
Guwahati,temporal,baseline16,115,spike,1.0,transient,0.0
Guwahati,temporal,baseline16,115,spike,1.0,transient,0.0
Guwahati,temporal,baseline16,115,spike,1.0,transient,0.0
Guwahati,temporal,baseline16,115,spike,1.0,transient,0.0
Guwahati,temporal,baseline16,115,spike,1.0,transient,0.0
Guwahati,temporal,baseline16,115,spike,1.0,transient,0.0
Guwahati,temporal,baseline16,115,spike,1.0,transient,0.0
Guwahati,temporal,baseline16,115,spike,1.0,transient,0.0
Guwahati,temporal,baseline16,115,spike,1.0,transient,0.0
Guwahati,temporal,baseline16,115,spike,1.0,transient,0.0
Guwahati,temporal,baseline16,115,spike,1.0,transient,0.0
Guwahati,temporal,baseline16,115,spike,1.0,transient,0.0
Guwahati,temporal,baseline16,115,spike,1.0,transient,0.0
Guwahati,temporal,baseline16,115,spike,1.0,transient,0.0
Guwahati,temporal,baseline16,115,drift,0.0,persistent,
Guwahati,temporal,baseline16,115,drift,1.0,persistent,12.0
Guwahati,temporal,baseline16,115,drift,0.0,persistent,
Guwahati,temporal,baseline16,115,drift,1.0,persistent,6.0
Guwahati,temporal,baseline16,115,drift,0.0,persistent,
Guwahati,temporal,baseline16,115,drift,0.0,persistent,
Guwahati,temporal,baseline16,115,bias,1.0,persistent,0.0
Guwahati,temporal,baseline16,115,bias,0.0,persistent,
Guwahati,temporal,baseline16,115,bias,1.0,persistent,0.0
Guwahati,temporal,baseline16,115,bias,0.0,persistent,
Guwahati,temporal,baseline16,115,bias,0.0,persistent,
Guwahati,temporal,baseline16,115,bias,0.0,persistent,
Guwahati,temporal,baseline16,115,stuck_at,1.0,persistent,0.0
Guwahati,temporal,baseline16,115,stuck_at,1.0,persistent,0.0
Guwahati,temporal,baseline16,115,stuck_at,1.0,persistent,0.0
Guwahati,temporal,baseline16,115,stuck_at,1.0,persistent,0.0
Guwahati,temporal,baseline16,115,stuck_at,1.0,persistent,0.0
Guwahati,temporal,baseline16,115,stuck_at,1.0,persistent,0.0
Guwahati,temporal,baseline16,115,noise_burst,0.0,persistent,
Guwahati,temporal,baseline16,115,noise_burst,0.0,persistent,
Guwahati,temporal,baseline16,115,noise_burst,0.0,persistent,
Guwahati,temporal,baseline16,115,noise_burst,1.0,persistent,0.0
Guwahati,temporal,baseline16,115,noise_burst,1.0,persistent,5.0
Guwahati,temporal,baseline16,115,noise_burst,1.0,persistent,3.0
Guwahati,temporal,baseline16,115,intermittent_spikes,1.0,transient,0.0
Guwahati,temporal,baseline16,115,intermittent_spikes,1.0,transient,0.0
Guwahati,temporal,baseline16,115,intermittent_spikes,1.0,transient,0.0
Guwahati,temporal,baseline16,115,intermittent_spikes,1.0,transient,0.0
Guwahati,temporal,baseline16,115,intermittent_spikes,1.0,transient,0.0
Guwahati,temporal,baseline16,115,intermittent_spikes,1.0,transient,0.0
Guwahati,temporal,baseline16,115,drift_plus_noise,0.0,persistent,
Guwahati,temporal,baseline16,115,drift_plus_noise,1.0,persistent,3.0
Guwahati,temporal,baseline16,115,drift_plus_noise,1.0,persistent,14.0
Guwahati,temporal,baseline16,115,bias_plus_spikes,1.0,persistent,1.0
Guwahati,temporal,baseline16,115,bias_plus_spikes,1.0,persistent,0.0
Guwahati,temporal,baseline16,115,bias_plus_spikes,1.0,persistent,1.0
Guwahati,station,baseline16,115,spike,1.0,transient,0.0
Guwahati,station,baseline16,115,spike,1.0,transient,0.0
Guwahati,station,baseline16,115,spike,0.0,transient,
Guwahati,station,baseline16,115,spike,1.0,transient,0.0
Guwahati,station,baseline16,115,spike,1.0,transient,0.0
Guwahati,station,baseline16,115,spike,1.0,transient,0.0
Guwahati,station,baseline16,115,spike,0.0,transient,
Guwahati,station,baseline16,115,spike,0.0,transient,
Guwahati,station,baseline16,115,spike,0.0,transient,
Guwahati,station,baseline16,115,spike,1.0,transient,0.0
Guwahati,station,baseline16,115,spike,1.0,transient,0.0
Guwahati,station,baseline16,115,spike,1.0,transient,0.0
Guwahati,station,baseline16,115,spike,1.0,transient,0.0
Guwahati,station,baseline16,115,spike,1.0,transient,0.0
Guwahati,station,baseline16,115,spike,0.0,transient,
Guwahati,station,baseline16,115,spike,1.0,transient,0.0
Guwahati,station,baseline16,115,spike,0.0,transient,
Guwahati,station,baseline16,115,spike,1.0,transient,0.0
Guwahati,station,baseline16,115,spike,1.0,transient,0.0
Guwahati,station,baseline16,115,spike,1.0,transient,0.0
Guwahati,station,baseline16,115,spike,1.0,transient,0.0
Guwahati,station,baseline16,115,spike,1.0,transient,0.0
Guwahati,station,baseline16,115,spike,1.0,transient,0.0
Guwahati,station,baseline16,115,spike,1.0,transient,0.0
Guwahati,station,baseline16,115,drift,1.0,persistent,11.0
Guwahati,station,baseline16,115,drift,0.0,persistent,
Guwahati,station,baseline16,115,drift,0.0,persistent,
Guwahati,station,baseline16,115,drift,1.0,persistent,13.0
Guwahati,station,baseline16,115,drift,0.0,persistent,
Guwahati,station,baseline16,115,drift,0.0,persistent,
Guwahati,station,baseline16,115,bias,1.0,persistent,0.0
Guwahati,station,baseline16,115,bias,1.0,persistent,0.0
Guwahati,station,baseline16,115,bias,1.0,persistent,0.0
Guwahati,station,baseline16,115,bias,0.0,persistent,
Guwahati,station,baseline16,115,bias,0.0,persistent,
Guwahati,station,baseline16,115,bias,0.0,persistent,
Guwahati,station,baseline16,115,stuck_at,1.0,persistent,0.0
Guwahati,station,baseline16,115,stuck_at,1.0,persistent,0.0
Guwahati,station,baseline16,115,stuck_at,1.0,persistent,0.0
Guwahati,station,baseline16,115,stuck_at,1.0,persistent,0.0
Guwahati,station,baseline16,115,stuck_at,1.0,persistent,0.0
Guwahati,station,baseline16,115,stuck_at,1.0,persistent,0.0
Guwahati,station,baseline16,115,noise_burst,0.0,persistent,
Guwahati,station,baseline16,115,noise_burst,0.0,persistent,
Guwahati,station,baseline16,115,noise_burst,0.0,persistent,
Guwahati,station,baseline16,115,noise_burst,1.0,persistent,0.0
Guwahati,station,baseline16,115,noise_burst,1.0,persistent,4.0
Guwahati,station,baseline16,115,noise_burst,1.0,persistent,7.0
Guwahati,station,baseline16,115,intermittent_spikes,1.0,transient,0.0
Guwahati,station,baseline16,115,intermittent_spikes,1.0,transient,0.0
Guwahati,station,baseline16,115,intermittent_spikes,1.0,transient,0.0
Guwahati,station,baseline16,115,intermittent_spikes,1.0,transient,0.0
Guwahati,station,baseline16,115,intermittent_spikes,1.0,transient,0.0
Guwahati,station,baseline16,115,intermittent_spikes,1.0,transient,0.0
Guwahati,station,baseline16,115,drift_plus_noise,0.0,persistent,
Guwahati,station,baseline16,115,drift_plus_noise,1.0,persistent,3.0
Guwahati,station,baseline16,115,drift_plus_noise,0.0,persistent,
Guwahati,station,baseline16,115,bias_plus_spikes,1.0,persistent,1.0
Guwahati,station,baseline16,115,bias_plus_spikes,1.0,persistent,0.0
Guwahati,station,baseline16,115,bias_plus_spikes,1.0,persistent,1.0
Guwahati,in_domain,baseline16,126,spike,1.0,transient,0.0
Guwahati,in_domain,baseline16,126,spike,1.0,transient,0.0
Guwahati,in_domain,baseline16,126,spike,1.0,transient,0.0
Guwahati,in_domain,baseline16,126,spike,0.0,transient,
Guwahati,in_domain,baseline16,126,spike,1.0,transient,0.0
Guwahati,in_domain,baseline16,126,spike,1.0,transient,0.0
Guwahati,in_domain,baseline16,126,spike,0.0,transient,
Guwahati,in_domain,baseline16,126,spike,1.0,transient,0.0
Guwahati,in_domain,baseline16,126,spike,1.0,transient,0.0
Guwahati,in_domain,baseline16,126,spike,0.0,transient,
Guwahati,in_domain,baseline16,126,spike,0.0,transient,
Guwahati,in_domain,baseline16,126,spike,1.0,transient,0.0
Guwahati,in_domain,baseline16,126,spike,1.0,transient,0.0
Guwahati,in_domain,baseline16,126,spike,1.0,transient,0.0
Guwahati,in_domain,baseline16,126,spike,1.0,transient,0.0
Guwahati,in_domain,baseline16,126,spike,1.0,transient,0.0
Guwahati,in_domain,baseline16,126,spike,1.0,transient,0.0
Guwahati,in_domain,baseline16,126,spike,1.0,transient,0.0
Guwahati,in_domain,baseline16,126,spike,1.0,transient,0.0
Guwahati,in_domain,baseline16,126,spike,1.0,transient,0.0
Guwahati,in_domain,baseline16,126,spike,1.0,transient,0.0
Guwahati,in_domain,baseline16,126,spike,1.0,transient,0.0
Guwahati,in_domain,baseline16,126,spike,1.0,transient,0.0
Guwahati,in_domain,baseline16,126,spike,1.0,transient,0.0
Guwahati,in_domain,baseline16,126,drift,1.0,persistent,0.0
Guwahati,in_domain,baseline16,126,drift,1.0,persistent,7.0
Guwahati,in_domain,baseline16,126,drift,0.0,persistent,
Guwahati,in_domain,baseline16,126,drift,1.0,persistent,6.0
Guwahati,in_domain,baseline16,126,drift,1.0,persistent,7.0
Guwahati,in_domain,baseline16,126,drift,1.0,persistent,7.0
Guwahati,in_domain,baseline16,126,bias,0.0,persistent,
Guwahati,in_domain,baseline16,126,bias,0.0,persistent,
Guwahati,in_domain,baseline16,126,bias,1.0,persistent,0.0
Guwahati,in_domain,baseline16,126,bias,0.0,persistent,
Guwahati,in_domain,baseline16,126,bias,0.0,persistent,
Guwahati,in_domain,baseline16,126,bias,0.0,persistent,
Guwahati,in_domain,baseline16,126,stuck_at,1.0,persistent,0.0
Guwahati,in_domain,baseline16,126,stuck_at,1.0,persistent,0.0
Guwahati,in_domain,baseline16,126,stuck_at,1.0,persistent,0.0
Guwahati,in_domain,baseline16,126,stuck_at,1.0,persistent,0.0
Guwahati,in_domain,baseline16,126,stuck_at,1.0,persistent,0.0
Guwahati,in_domain,baseline16,126,stuck_at,1.0,persistent,0.0
Guwahati,in_domain,baseline16,126,noise_burst,1.0,persistent,3.0
Guwahati,in_domain,baseline16,126,noise_burst,1.0,persistent,7.0
Guwahati,in_domain,baseline16,126,noise_burst,1.0,persistent,2.0
Guwahati,in_domain,baseline16,126,noise_burst,1.0,persistent,10.0
Guwahati,in_domain,baseline16,126,noise_burst,1.0,persistent,2.0
Guwahati,in_domain,baseline16,126,noise_burst,1.0,persistent,6.0
Guwahati,in_domain,baseline16,126,intermittent_spikes,1.0,transient,0.0
Guwahati,in_domain,baseline16,126,intermittent_spikes,1.0,transient,0.0
Guwahati,in_domain,baseline16,126,intermittent_spikes,1.0,transient,0.0
Guwahati,in_domain,baseline16,126,intermittent_spikes,1.0,transient,0.0
Guwahati,in_domain,baseline16,126,intermittent_spikes,1.0,transient,3.0
Guwahati,in_domain,baseline16,126,intermittent_spikes,1.0,transient,0.0
Guwahati,in_domain,baseline16,126,drift_plus_noise,1.0,persistent,3.0
Guwahati,in_domain,baseline16,126,drift_plus_noise,1.0,persistent,6.0
Guwahati,in_domain,baseline16,126,drift_plus_noise,1.0,persistent,2.0
Guwahati,in_domain,baseline16,126,bias_plus_spikes,1.0,persistent,0.0
Guwahati,in_domain,baseline16,126,bias_plus_spikes,1.0,persistent,3.0
Guwahati,in_domain,baseline16,126,bias_plus_spikes,1.0,persistent,2.0
Guwahati,temporal,baseline16,126,spike,0.0,transient,
Guwahati,temporal,baseline16,126,spike,1.0,transient,0.0
Guwahati,temporal,baseline16,126,spike,1.0,transient,0.0
Guwahati,temporal,baseline16,126,spike,1.0,transient,0.0
Guwahati,temporal,baseline16,126,spike,1.0,transient,0.0
Guwahati,temporal,baseline16,126,spike,1.0,transient,0.0
Guwahati,temporal,baseline16,126,spike,1.0,transient,0.0
Guwahati,temporal,baseline16,126,spike,1.0,transient,0.0
Guwahati,temporal,baseline16,126,spike,1.0,transient,0.0
Guwahati,temporal,baseline16,126,spike,1.0,transient,0.0
Guwahati,temporal,baseline16,126,spike,1.0,transient,0.0
Guwahati,temporal,baseline16,126,spike,1.0,transient,0.0
Guwahati,temporal,baseline16,126,spike,1.0,transient,0.0
Guwahati,temporal,baseline16,126,spike,1.0,transient,0.0
Guwahati,temporal,baseline16,126,spike,1.0,transient,0.0
Guwahati,temporal,baseline16,126,spike,1.0,transient,0.0
Guwahati,temporal,baseline16,126,spike,1.0,transient,0.0
Guwahati,temporal,baseline16,126,spike,1.0,transient,0.0
Guwahati,temporal,baseline16,126,spike,0.0,transient,
Guwahati,temporal,baseline16,126,spike,1.0,transient,0.0
Guwahati,temporal,baseline16,126,spike,1.0,transient,0.0
Guwahati,temporal,baseline16,126,spike,1.0,transient,0.0
Guwahati,temporal,baseline16,126,spike,0.0,transient,
Guwahati,temporal,baseline16,126,spike,1.0,transient,0.0
Guwahati,temporal,baseline16,126,drift,1.0,persistent,4.0
Guwahati,temporal,baseline16,126,drift,0.0,persistent,
Guwahati,temporal,baseline16,126,drift,0.0,persistent,
Guwahati,temporal,baseline16,126,drift,1.0,persistent,7.0
Guwahati,temporal,baseline16,126,drift,1.0,persistent,1.0
Guwahati,temporal,baseline16,126,drift,0.0,persistent,
Guwahati,temporal,baseline16,126,bias,1.0,persistent,6.0
Guwahati,temporal,baseline16,126,bias,0.0,persistent,
Guwahati,temporal,baseline16,126,bias,0.0,persistent,
Guwahati,temporal,baseline16,126,bias,0.0,persistent,
Guwahati,temporal,baseline16,126,bias,0.0,persistent,
Guwahati,temporal,baseline16,126,bias,0.0,persistent,
Guwahati,temporal,baseline16,126,stuck_at,1.0,persistent,0.0
Guwahati,temporal,baseline16,126,stuck_at,1.0,persistent,0.0
Guwahati,temporal,baseline16,126,stuck_at,1.0,persistent,0.0
Guwahati,temporal,baseline16,126,stuck_at,1.0,persistent,0.0
Guwahati,temporal,baseline16,126,stuck_at,1.0,persistent,0.0
Guwahati,temporal,baseline16,126,stuck_at,1.0,persistent,0.0
Guwahati,temporal,baseline16,126,noise_burst,1.0,persistent,0.0
Guwahati,temporal,baseline16,126,noise_burst,0.0,persistent,
Guwahati,temporal,baseline16,126,noise_burst,0.0,persistent,
Guwahati,temporal,baseline16,126,noise_burst,1.0,persistent,7.0
Guwahati,temporal,baseline16,126,noise_burst,1.0,persistent,1.0
Guwahati,temporal,baseline16,126,noise_burst,1.0,persistent,2.0
Guwahati,temporal,baseline16,126,intermittent_spikes,1.0,transient,0.0
Guwahati,temporal,baseline16,126,intermittent_spikes,1.0,transient,0.0
Guwahati,temporal,baseline16,126,intermittent_spikes,1.0,transient,0.0
Guwahati,temporal,baseline16,126,intermittent_spikes,1.0,transient,0.0
Guwahati,temporal,baseline16,126,intermittent_spikes,1.0,transient,0.0
Guwahati,temporal,baseline16,126,intermittent_spikes,1.0,transient,0.0
Guwahati,temporal,baseline16,126,drift_plus_noise,1.0,persistent,10.0
Guwahati,temporal,baseline16,126,drift_plus_noise,1.0,persistent,4.0
Guwahati,temporal,baseline16,126,drift_plus_noise,1.0,persistent,3.0
Guwahati,temporal,baseline16,126,bias_plus_spikes,1.0,persistent,0.0
Guwahati,temporal,baseline16,126,bias_plus_spikes,1.0,persistent,0.0
Guwahati,temporal,baseline16,126,bias_plus_spikes,1.0,persistent,2.0
Guwahati,station,baseline16,126,spike,1.0,transient,0.0
Guwahati,station,baseline16,126,spike,1.0,transient,0.0
Guwahati,station,baseline16,126,spike,1.0,transient,0.0
Guwahati,station,baseline16,126,spike,1.0,transient,0.0
Guwahati,station,baseline16,126,spike,1.0,transient,0.0
Guwahati,station,baseline16,126,spike,1.0,transient,0.0
Guwahati,station,baseline16,126,spike,1.0,transient,0.0
Guwahati,station,baseline16,126,spike,0.0,transient,
Guwahati,station,baseline16,126,spike,1.0,transient,0.0
Guwahati,station,baseline16,126,spike,1.0,transient,0.0
Guwahati,station,baseline16,126,spike,1.0,transient,0.0
Guwahati,station,baseline16,126,spike,1.0,transient,0.0
Guwahati,station,baseline16,126,spike,1.0,transient,0.0
Guwahati,station,baseline16,126,spike,0.0,transient,
Guwahati,station,baseline16,126,spike,1.0,transient,0.0
Guwahati,station,baseline16,126,spike,1.0,transient,0.0
Guwahati,station,baseline16,126,spike,1.0,transient,0.0
Guwahati,station,baseline16,126,spike,1.0,transient,0.0
Guwahati,station,baseline16,126,spike,0.0,transient,
Guwahati,station,baseline16,126,spike,1.0,transient,0.0
Guwahati,station,baseline16,126,spike,1.0,transient,0.0
Guwahati,station,baseline16,126,spike,1.0,transient,0.0
Guwahati,station,baseline16,126,spike,0.0,transient,
Guwahati,station,baseline16,126,spike,1.0,transient,0.0
Guwahati,station,baseline16,126,drift,1.0,persistent,3.0
Guwahati,station,baseline16,126,drift,0.0,persistent,
Guwahati,station,baseline16,126,drift,0.0,persistent,
Guwahati,station,baseline16,126,drift,1.0,persistent,7.0
Guwahati,station,baseline16,126,drift,1.0,persistent,1.0
Guwahati,station,baseline16,126,drift,0.0,persistent,
Guwahati,station,baseline16,126,bias,1.0,persistent,6.0
Guwahati,station,baseline16,126,bias,0.0,persistent,
Guwahati,station,baseline16,126,bias,0.0,persistent,
Guwahati,station,baseline16,126,bias,0.0,persistent,
Guwahati,station,baseline16,126,bias,0.0,persistent,
Guwahati,station,baseline16,126,bias,0.0,persistent,
Guwahati,station,baseline16,126,stuck_at,1.0,persistent,0.0
Guwahati,station,baseline16,126,stuck_at,1.0,persistent,0.0
Guwahati,station,baseline16,126,stuck_at,1.0,persistent,0.0
Guwahati,station,baseline16,126,stuck_at,1.0,persistent,0.0
Guwahati,station,baseline16,126,stuck_at,1.0,persistent,0.0
Guwahati,station,baseline16,126,stuck_at,1.0,persistent,0.0
Guwahati,station,baseline16,126,noise_burst,1.0,persistent,0.0
Guwahati,station,baseline16,126,noise_burst,1.0,persistent,7.0
Guwahati,station,baseline16,126,noise_burst,1.0,persistent,0.0
Guwahati,station,baseline16,126,noise_burst,1.0,persistent,7.0
Guwahati,station,baseline16,126,noise_burst,1.0,persistent,1.0
Guwahati,station,baseline16,126,noise_burst,1.0,persistent,3.0
Guwahati,station,baseline16,126,intermittent_spikes,1.0,transient,0.0
Guwahati,station,baseline16,126,intermittent_spikes,1.0,transient,0.0
Guwahati,station,baseline16,126,intermittent_spikes,1.0,transient,0.0
Guwahati,station,baseline16,126,intermittent_spikes,1.0,transient,0.0
Guwahati,station,baseline16,126,intermittent_spikes,1.0,transient,0.0
Guwahati,station,baseline16,126,intermittent_spikes,1.0,transient,0.0
Guwahati,station,baseline16,126,drift_plus_noise,1.0,persistent,10.0
Guwahati,station,baseline16,126,drift_plus_noise,1.0,persistent,5.0
Guwahati,station,baseline16,126,drift_plus_noise,1.0,persistent,3.0
Guwahati,station,baseline16,126,bias_plus_spikes,1.0,persistent,0.0
Guwahati,station,baseline16,126,bias_plus_spikes,1.0,persistent,0.0
Guwahati,station,baseline16,126,bias_plus_spikes,1.0,persistent,2.0
Guwahati,in_domain,clim_short17,104,spike,1.0,transient,0.0
Guwahati,in_domain,clim_short17,104,spike,1.0,transient,0.0
Guwahati,in_domain,clim_short17,104,spike,1.0,transient,0.0
Guwahati,in_domain,clim_short17,104,spike,1.0,transient,0.0
Guwahati,in_domain,clim_short17,104,spike,1.0,transient,0.0
Guwahati,in_domain,clim_short17,104,spike,1.0,transient,0.0
Guwahati,in_domain,clim_short17,104,spike,0.0,transient,
Guwahati,in_domain,clim_short17,104,spike,0.0,transient,
Guwahati,in_domain,clim_short17,104,spike,1.0,transient,0.0
Guwahati,in_domain,clim_short17,104,spike,1.0,transient,0.0
Guwahati,in_domain,clim_short17,104,spike,1.0,transient,0.0
Guwahati,in_domain,clim_short17,104,spike,1.0,transient,0.0
Guwahati,in_domain,clim_short17,104,spike,1.0,transient,0.0
Guwahati,in_domain,clim_short17,104,spike,1.0,transient,0.0
Guwahati,in_domain,clim_short17,104,spike,1.0,transient,0.0
Guwahati,in_domain,clim_short17,104,spike,1.0,transient,0.0
Guwahati,in_domain,clim_short17,104,spike,1.0,transient,0.0
Guwahati,in_domain,clim_short17,104,spike,1.0,transient,0.0
Guwahati,in_domain,clim_short17,104,spike,1.0,transient,0.0
Guwahati,in_domain,clim_short17,104,spike,1.0,transient,0.0
Guwahati,in_domain,clim_short17,104,spike,1.0,transient,0.0
Guwahati,in_domain,clim_short17,104,spike,1.0,transient,0.0
Guwahati,in_domain,clim_short17,104,spike,0.0,transient,
Guwahati,in_domain,clim_short17,104,spike,1.0,transient,0.0
Guwahati,in_domain,clim_short17,104,drift,1.0,persistent,10.0
Guwahati,in_domain,clim_short17,104,drift,1.0,persistent,3.0
Guwahati,in_domain,clim_short17,104,drift,1.0,persistent,6.0
Guwahati,in_domain,clim_short17,104,drift,0.0,persistent,
Guwahati,in_domain,clim_short17,104,drift,1.0,persistent,12.0
Guwahati,in_domain,clim_short17,104,drift,1.0,persistent,5.0
Guwahati,in_domain,clim_short17,104,bias,0.0,persistent,
Guwahati,in_domain,clim_short17,104,bias,1.0,persistent,13.0
Guwahati,in_domain,clim_short17,104,bias,0.0,persistent,
Guwahati,in_domain,clim_short17,104,bias,1.0,persistent,2.0
Guwahati,in_domain,clim_short17,104,bias,1.0,persistent,8.0
Guwahati,in_domain,clim_short17,104,bias,1.0,persistent,8.0
Guwahati,in_domain,clim_short17,104,stuck_at,1.0,persistent,0.0
Guwahati,in_domain,clim_short17,104,stuck_at,1.0,persistent,0.0
Guwahati,in_domain,clim_short17,104,stuck_at,1.0,persistent,0.0
Guwahati,in_domain,clim_short17,104,stuck_at,1.0,persistent,0.0
Guwahati,in_domain,clim_short17,104,stuck_at,1.0,persistent,0.0
Guwahati,in_domain,clim_short17,104,stuck_at,1.0,persistent,0.0
Guwahati,in_domain,clim_short17,104,noise_burst,1.0,persistent,1.0
Guwahati,in_domain,clim_short17,104,noise_burst,0.0,persistent,
Guwahati,in_domain,clim_short17,104,noise_burst,1.0,persistent,10.0
Guwahati,in_domain,clim_short17,104,noise_burst,1.0,persistent,2.0
Guwahati,in_domain,clim_short17,104,noise_burst,1.0,persistent,0.0
Guwahati,in_domain,clim_short17,104,noise_burst,1.0,persistent,1.0
Guwahati,in_domain,clim_short17,104,intermittent_spikes,1.0,transient,0.0
Guwahati,in_domain,clim_short17,104,intermittent_spikes,1.0,transient,0.0
Guwahati,in_domain,clim_short17,104,intermittent_spikes,1.0,transient,0.0
Guwahati,in_domain,clim_short17,104,intermittent_spikes,1.0,transient,0.0
Guwahati,in_domain,clim_short17,104,intermittent_spikes,1.0,transient,0.0
Guwahati,in_domain,clim_short17,104,intermittent_spikes,0.0,transient,
Guwahati,in_domain,clim_short17,104,drift_plus_noise,1.0,persistent,8.0
Guwahati,in_domain,clim_short17,104,drift_plus_noise,1.0,persistent,4.0
Guwahati,in_domain,clim_short17,104,drift_plus_noise,1.0,persistent,3.0
Guwahati,in_domain,clim_short17,104,bias_plus_spikes,1.0,persistent,0.0
Guwahati,in_domain,clim_short17,104,bias_plus_spikes,1.0,persistent,0.0
Guwahati,in_domain,clim_short17,104,bias_plus_spikes,1.0,persistent,0.0
Guwahati,temporal,clim_short17,104,spike,1.0,transient,0.0
Guwahati,temporal,clim_short17,104,spike,1.0,transient,0.0
Guwahati,temporal,clim_short17,104,spike,1.0,transient,0.0
Guwahati,temporal,clim_short17,104,spike,1.0,transient,0.0
Guwahati,temporal,clim_short17,104,spike,1.0,transient,0.0
Guwahati,temporal,clim_short17,104,spike,1.0,transient,0.0
Guwahati,temporal,clim_short17,104,spike,0.0,transient,
Guwahati,temporal,clim_short17,104,spike,0.0,transient,
Guwahati,temporal,clim_short17,104,spike,1.0,transient,0.0
Guwahati,temporal,clim_short17,104,spike,1.0,transient,0.0
Guwahati,temporal,clim_short17,104,spike,1.0,transient,0.0
Guwahati,temporal,clim_short17,104,spike,1.0,transient,0.0
Guwahati,temporal,clim_short17,104,spike,1.0,transient,0.0
Guwahati,temporal,clim_short17,104,spike,1.0,transient,0.0
Guwahati,temporal,clim_short17,104,spike,1.0,transient,0.0
Guwahati,temporal,clim_short17,104,spike,1.0,transient,0.0
Guwahati,temporal,clim_short17,104,spike,0.0,transient,
Guwahati,temporal,clim_short17,104,spike,1.0,transient,0.0
Guwahati,temporal,clim_short17,104,spike,1.0,transient,0.0
Guwahati,temporal,clim_short17,104,spike,1.0,transient,0.0
Guwahati,temporal,clim_short17,104,spike,1.0,transient,0.0
Guwahati,temporal,clim_short17,104,spike,0.0,transient,
Guwahati,temporal,clim_short17,104,spike,1.0,transient,0.0
Guwahati,temporal,clim_short17,104,drift,1.0,persistent,9.0
Guwahati,temporal,clim_short17,104,drift,0.0,persistent,
Guwahati,temporal,clim_short17,104,drift,0.0,persistent,
Guwahati,temporal,clim_short17,104,drift,0.0,persistent,
Guwahati,temporal,clim_short17,104,drift,1.0,persistent,4.0
Guwahati,temporal,clim_short17,104,drift,1.0,persistent,1.0
Guwahati,temporal,clim_short17,104,bias,1.0,persistent,6.0
Guwahati,temporal,clim_short17,104,bias,1.0,persistent,9.0
Guwahati,temporal,clim_short17,104,bias,0.0,persistent,
Guwahati,temporal,clim_short17,104,bias,0.0,persistent,
Guwahati,temporal,clim_short17,104,bias,1.0,persistent,2.0
Guwahati,temporal,clim_short17,104,bias,0.0,persistent,
Guwahati,temporal,clim_short17,104,stuck_at,1.0,persistent,0.0
Guwahati,temporal,clim_short17,104,stuck_at,1.0,persistent,0.0
Guwahati,temporal,clim_short17,104,stuck_at,1.0,persistent,0.0
Guwahati,temporal,clim_short17,104,stuck_at,1.0,persistent,0.0
Guwahati,temporal,clim_short17,104,stuck_at,1.0,persistent,0.0
Guwahati,temporal,clim_short17,104,stuck_at,1.0,persistent,0.0
Guwahati,temporal,clim_short17,104,noise_burst,1.0,persistent,0.0
Guwahati,temporal,clim_short17,104,noise_burst,1.0,persistent,2.0
Guwahati,temporal,clim_short17,104,noise_burst,0.0,persistent,
Guwahati,temporal,clim_short17,104,noise_burst,1.0,persistent,0.0
Guwahati,temporal,clim_short17,104,noise_burst,1.0,persistent,0.0
Guwahati,temporal,clim_short17,104,noise_burst,1.0,persistent,0.0
Guwahati,temporal,clim_short17,104,intermittent_spikes,1.0,transient,0.0
Guwahati,temporal,clim_short17,104,intermittent_spikes,1.0,transient,0.0
Guwahati,temporal,clim_short17,104,intermittent_spikes,1.0,transient,0.0
Guwahati,temporal,clim_short17,104,intermittent_spikes,1.0,transient,0.0
Guwahati,temporal,clim_short17,104,intermittent_spikes,1.0,transient,17.0
Guwahati,temporal,clim_short17,104,intermittent_spikes,1.0,transient,7.0
Guwahati,temporal,clim_short17,104,drift_plus_noise,0.0,persistent,
Guwahati,temporal,clim_short17,104,drift_plus_noise,1.0,persistent,0.0
Guwahati,temporal,clim_short17,104,drift_plus_noise,1.0,persistent,9.0
Guwahati,temporal,clim_short17,104,bias_plus_spikes,1.0,persistent,0.0
Guwahati,temporal,clim_short17,104,bias_plus_spikes,1.0,persistent,3.0
Guwahati,temporal,clim_short17,104,bias_plus_spikes,0.0,persistent,
Guwahati,station,clim_short17,104,spike,1.0,transient,0.0
Guwahati,station,clim_short17,104,spike,1.0,transient,0.0
Guwahati,station,clim_short17,104,spike,1.0,transient,0.0
Guwahati,station,clim_short17,104,spike,1.0,transient,0.0
Guwahati,station,clim_short17,104,spike,1.0,transient,0.0
Guwahati,station,clim_short17,104,spike,1.0,transient,0.0
Guwahati,station,clim_short17,104,spike,0.0,transient,
Guwahati,station,clim_short17,104,spike,0.0,transient,
Guwahati,station,clim_short17,104,spike,1.0,transient,0.0
Guwahati,station,clim_short17,104,spike,1.0,transient,0.0
Guwahati,station,clim_short17,104,spike,1.0,transient,0.0
Guwahati,station,clim_short17,104,spike,1.0,transient,0.0
Guwahati,station,clim_short17,104,spike,1.0,transient,0.0
Guwahati,station,clim_short17,104,spike,1.0,transient,0.0
Guwahati,station,clim_short17,104,spike,1.0,transient,0.0
Guwahati,station,clim_short17,104,spike,1.0,transient,0.0
Guwahati,station,clim_short17,104,spike,1.0,transient,0.0
Guwahati,station,clim_short17,104,spike,0.0,transient,
Guwahati,station,clim_short17,104,spike,1.0,transient,0.0
Guwahati,station,clim_short17,104,spike,1.0,transient,0.0
Guwahati,station,clim_short17,104,spike,1.0,transient,0.0
Guwahati,station,clim_short17,104,spike,0.0,transient,
Guwahati,station,clim_short17,104,spike,1.0,transient,0.0
Guwahati,station,clim_short17,104,drift,0.0,persistent,
Guwahati,station,clim_short17,104,drift,1.0,persistent,5.0
Guwahati,station,clim_short17,104,drift,0.0,persistent,
Guwahati,station,clim_short17,104,drift,1.0,persistent,8.0
Guwahati,station,clim_short17,104,drift,1.0,persistent,0.0
Guwahati,station,clim_short17,104,drift,1.0,persistent,1.0
Guwahati,station,clim_short17,104,bias,1.0,persistent,6.0
Guwahati,station,clim_short17,104,bias,1.0,persistent,9.0
Guwahati,station,clim_short17,104,bias,0.0,persistent,
Guwahati,station,clim_short17,104,bias,1.0,persistent,4.0
Guwahati,station,clim_short17,104,bias,1.0,persistent,1.0
Guwahati,station,clim_short17,104,bias,1.0,persistent,8.0
Guwahati,station,clim_short17,104,stuck_at,1.0,persistent,0.0
Guwahati,station,clim_short17,104,stuck_at,1.0,persistent,0.0
Guwahati,station,clim_short17,104,stuck_at,1.0,persistent,0.0
Guwahati,station,clim_short17,104,stuck_at,1.0,persistent,0.0
Guwahati,station,clim_short17,104,stuck_at,1.0,persistent,0.0
Guwahati,station,clim_short17,104,stuck_at,1.0,persistent,0.0
Guwahati,station,clim_short17,104,noise_burst,1.0,persistent,0.0
Guwahati,station,clim_short17,104,noise_burst,1.0,persistent,2.0
Guwahati,station,clim_short17,104,noise_burst,0.0,persistent,
Guwahati,station,clim_short17,104,noise_burst,1.0,persistent,0.0
Guwahati,station,clim_short17,104,noise_burst,1.0,persistent,0.0
Guwahati,station,clim_short17,104,noise_burst,1.0,persistent,0.0
Guwahati,station,clim_short17,104,intermittent_spikes,1.0,transient,0.0
Guwahati,station,clim_short17,104,intermittent_spikes,1.0,transient,0.0
Guwahati,station,clim_short17,104,intermittent_spikes,1.0,transient,0.0
Guwahati,station,clim_short17,104,intermittent_spikes,1.0,transient,0.0
Guwahati,station,clim_short17,104,intermittent_spikes,1.0,transient,17.0
Guwahati,station,clim_short17,104,intermittent_spikes,1.0,transient,7.0
Guwahati,station,clim_short17,104,drift_plus_noise,0.0,persistent,
Guwahati,station,clim_short17,104,drift_plus_noise,1.0,persistent,0.0
Guwahati,station,clim_short17,104,drift_plus_noise,1.0,persistent,6.0
Guwahati,station,clim_short17,104,bias_plus_spikes,1.0,persistent,0.0
Guwahati,station,clim_short17,104,bias_plus_spikes,1.0,persistent,3.0
Guwahati,station,clim_short17,104,bias_plus_spikes,1.0,persistent,5.0
Guwahati,in_domain,clim_short17,115,spike,1.0,transient,0.0
Guwahati,in_domain,clim_short17,115,spike,1.0,transient,0.0
Guwahati,in_domain,clim_short17,115,spike,1.0,transient,0.0
Guwahati,in_domain,clim_short17,115,spike,1.0,transient,0.0
Guwahati,in_domain,clim_short17,115,spike,1.0,transient,0.0
Guwahati,in_domain,clim_short17,115,spike,1.0,transient,0.0
Guwahati,in_domain,clim_short17,115,spike,0.0,transient,
Guwahati,in_domain,clim_short17,115,spike,0.0,transient,
Guwahati,in_domain,clim_short17,115,spike,0.0,transient,
Guwahati,in_domain,clim_short17,115,spike,1.0,transient,0.0
Guwahati,in_domain,clim_short17,115,spike,1.0,transient,0.0
Guwahati,in_domain,clim_short17,115,spike,1.0,transient,0.0
Guwahati,in_domain,clim_short17,115,spike,1.0,transient,0.0
Guwahati,in_domain,clim_short17,115,spike,1.0,transient,0.0
Guwahati,in_domain,clim_short17,115,spike,1.0,transient,0.0
Guwahati,in_domain,clim_short17,115,spike,1.0,transient,0.0
Guwahati,in_domain,clim_short17,115,spike,1.0,transient,0.0
Guwahati,in_domain,clim_short17,115,spike,0.0,transient,
Guwahati,in_domain,clim_short17,115,spike,1.0,transient,0.0
Guwahati,in_domain,clim_short17,115,spike,1.0,transient,0.0
Guwahati,in_domain,clim_short17,115,spike,1.0,transient,0.0
Guwahati,in_domain,clim_short17,115,spike,1.0,transient,0.0
Guwahati,in_domain,clim_short17,115,spike,1.0,transient,0.0
Guwahati,in_domain,clim_short17,115,spike,1.0,transient,0.0
Guwahati,in_domain,clim_short17,115,drift,0.0,persistent,
Guwahati,in_domain,clim_short17,115,drift,0.0,persistent,
Guwahati,in_domain,clim_short17,115,drift,1.0,persistent,5.0
Guwahati,in_domain,clim_short17,115,drift,1.0,persistent,3.0
Guwahati,in_domain,clim_short17,115,drift,1.0,persistent,12.0
Guwahati,in_domain,clim_short17,115,drift,0.0,persistent,
Guwahati,in_domain,clim_short17,115,bias,0.0,persistent,
Guwahati,in_domain,clim_short17,115,bias,1.0,persistent,0.0
Guwahati,in_domain,clim_short17,115,bias,1.0,persistent,0.0
Guwahati,in_domain,clim_short17,115,bias,1.0,persistent,2.0
Guwahati,in_domain,clim_short17,115,bias,0.0,persistent,
Guwahati,in_domain,clim_short17,115,bias,1.0,persistent,0.0
Guwahati,in_domain,clim_short17,115,stuck_at,1.0,persistent,0.0
Guwahati,in_domain,clim_short17,115,stuck_at,1.0,persistent,0.0
Guwahati,in_domain,clim_short17,115,stuck_at,1.0,persistent,0.0
Guwahati,in_domain,clim_short17,115,stuck_at,1.0,persistent,0.0
Guwahati,in_domain,clim_short17,115,stuck_at,1.0,persistent,0.0
Guwahati,in_domain,clim_short17,115,stuck_at,1.0,persistent,0.0
Guwahati,in_domain,clim_short17,115,noise_burst,0.0,persistent,
Guwahati,in_domain,clim_short17,115,noise_burst,1.0,persistent,2.0
Guwahati,in_domain,clim_short17,115,noise_burst,1.0,persistent,8.0
Guwahati,in_domain,clim_short17,115,noise_burst,1.0,persistent,0.0
Guwahati,in_domain,clim_short17,115,noise_burst,1.0,persistent,1.0
Guwahati,in_domain,clim_short17,115,noise_burst,0.0,persistent,
Guwahati,in_domain,clim_short17,115,intermittent_spikes,1.0,transient,0.0
Guwahati,in_domain,clim_short17,115,intermittent_spikes,1.0,transient,0.0
Guwahati,in_domain,clim_short17,115,intermittent_spikes,1.0,transient,0.0
Guwahati,in_domain,clim_short17,115,intermittent_spikes,1.0,transient,0.0
Guwahati,in_domain,clim_short17,115,intermittent_spikes,1.0,transient,0.0
Guwahati,in_domain,clim_short17,115,intermittent_spikes,1.0,transient,0.0
Guwahati,in_domain,clim_short17,115,drift_plus_noise,1.0,persistent,12.0
Guwahati,in_domain,clim_short17,115,drift_plus_noise,1.0,persistent,1.0
Guwahati,in_domain,clim_short17,115,drift_plus_noise,1.0,persistent,0.0
Guwahati,in_domain,clim_short17,115,bias_plus_spikes,1.0,persistent,1.0
Guwahati,in_domain,clim_short17,115,bias_plus_spikes,1.0,persistent,0.0
Guwahati,in_domain,clim_short17,115,bias_plus_spikes,1.0,persistent,3.0
Guwahati,temporal,clim_short17,115,spike,1.0,transient,0.0
Guwahati,temporal,clim_short17,115,spike,1.0,transient,0.0
Guwahati,temporal,clim_short17,115,spike,0.0,transient,
Guwahati,temporal,clim_short17,115,spike,1.0,transient,0.0
Guwahati,temporal,clim_short17,115,spike,1.0,transient,0.0
Guwahati,temporal,clim_short17,115,spike,1.0,transient,0.0
Guwahati,temporal,clim_short17,115,spike,0.0,transient,
Guwahati,temporal,clim_short17,115,spike,0.0,transient,
Guwahati,temporal,clim_short17,115,spike,1.0,transient,0.0
Guwahati,temporal,clim_short17,115,spike,1.0,transient,0.0
Guwahati,temporal,clim_short17,115,spike,1.0,transient,0.0
Guwahati,temporal,clim_short17,115,spike,1.0,transient,0.0
Guwahati,temporal,clim_short17,115,spike,1.0,transient,0.0
Guwahati,temporal,clim_short17,115,spike,1.0,transient,0.0
Guwahati,temporal,clim_short17,115,spike,1.0,transient,0.0
Guwahati,temporal,clim_short17,115,spike,1.0,transient,0.0
Guwahati,temporal,clim_short17,115,spike,1.0,transient,0.0
Guwahati,temporal,clim_short17,115,spike,0.0,transient,
Guwahati,temporal,clim_short17,115,spike,1.0,transient,0.0
Guwahati,temporal,clim_short17,115,spike,1.0,transient,0.0
Guwahati,temporal,clim_short17,115,spike,1.0,transient,0.0
Guwahati,temporal,clim_short17,115,spike,1.0,transient,0.0
Guwahati,temporal,clim_short17,115,spike,0.0,transient,
Guwahati,temporal,clim_short17,115,spike,1.0,transient,0.0
Guwahati,temporal,clim_short17,115,drift,0.0,persistent,
Guwahati,temporal,clim_short17,115,drift,0.0,persistent,
Guwahati,temporal,clim_short17,115,drift,0.0,persistent,
Guwahati,temporal,clim_short17,115,drift,1.0,persistent,5.0
Guwahati,temporal,clim_short17,115,drift,1.0,persistent,12.0
Guwahati,temporal,clim_short17,115,drift,0.0,persistent,
Guwahati,temporal,clim_short17,115,bias,1.0,persistent,0.0
Guwahati,temporal,clim_short17,115,bias,0.0,persistent,
Guwahati,temporal,clim_short17,115,bias,1.0,persistent,0.0
Guwahati,temporal,clim_short17,115,bias,1.0,persistent,5.0
Guwahati,temporal,clim_short17,115,bias,0.0,persistent,
Guwahati,temporal,clim_short17,115,bias,0.0,persistent,
Guwahati,temporal,clim_short17,115,stuck_at,1.0,persistent,0.0
Guwahati,temporal,clim_short17,115,stuck_at,1.0,persistent,0.0
Guwahati,temporal,clim_short17,115,stuck_at,1.0,persistent,0.0
Guwahati,temporal,clim_short17,115,stuck_at,1.0,persistent,0.0
Guwahati,temporal,clim_short17,115,stuck_at,1.0,persistent,0.0
Guwahati,temporal,clim_short17,115,stuck_at,1.0,persistent,0.0
Guwahati,temporal,clim_short17,115,noise_burst,1.0,persistent,8.0
Guwahati,temporal,clim_short17,115,noise_burst,0.0,persistent,
Guwahati,temporal,clim_short17,115,noise_burst,0.0,persistent,
Guwahati,temporal,clim_short17,115,noise_burst,1.0,persistent,0.0
Guwahati,temporal,clim_short17,115,noise_burst,1.0,persistent,2.0
Guwahati,temporal,clim_short17,115,noise_burst,0.0,persistent,
Guwahati,temporal,clim_short17,115,intermittent_spikes,1.0,transient,0.0
Guwahati,temporal,clim_short17,115,intermittent_spikes,1.0,transient,0.0
Guwahati,temporal,clim_short17,115,intermittent_spikes,1.0,transient,0.0
Guwahati,temporal,clim_short17,115,intermittent_spikes,1.0,transient,0.0
Guwahati,temporal,clim_short17,115,intermittent_spikes,1.0,transient,3.0
Guwahati,temporal,clim_short17,115,intermittent_spikes,1.0,transient,0.0
Guwahati,temporal,clim_short17,115,drift_plus_noise,1.0,persistent,5.0
Guwahati,temporal,clim_short17,115,drift_plus_noise,1.0,persistent,3.0
Guwahati,temporal,clim_short17,115,drift_plus_noise,0.0,persistent,
Guwahati,temporal,clim_short17,115,bias_plus_spikes,1.0,persistent,1.0
Guwahati,temporal,clim_short17,115,bias_plus_spikes,1.0,persistent,0.0
Guwahati,temporal,clim_short17,115,bias_plus_spikes,1.0,persistent,1.0
Guwahati,station,clim_short17,115,spike,1.0,transient,0.0
Guwahati,station,clim_short17,115,spike,1.0,transient,0.0
Guwahati,station,clim_short17,115,spike,0.0,transient,
Guwahati,station,clim_short17,115,spike,1.0,transient,0.0
Guwahati,station,clim_short17,115,spike,1.0,transient,0.0
Guwahati,station,clim_short17,115,spike,1.0,transient,0.0
Guwahati,station,clim_short17,115,spike,0.0,transient,
Guwahati,station,clim_short17,115,spike,0.0,transient,
Guwahati,station,clim_short17,115,spike,1.0,transient,0.0
Guwahati,station,clim_short17,115,spike,1.0,transient,0.0
Guwahati,station,clim_short17,115,spike,1.0,transient,0.0
Guwahati,station,clim_short17,115,spike,1.0,transient,0.0
Guwahati,station,clim_short17,115,spike,1.0,transient,0.0
Guwahati,station,clim_short17,115,spike,1.0,transient,0.0
Guwahati,station,clim_short17,115,spike,1.0,transient,0.0
Guwahati,station,clim_short17,115,spike,1.0,transient,0.0
Guwahati,station,clim_short17,115,spike,1.0,transient,0.0
Guwahati,station,clim_short17,115,spike,0.0,transient,
Guwahati,station,clim_short17,115,spike,1.0,transient,0.0
Guwahati,station,clim_short17,115,spike,1.0,transient,0.0
Guwahati,station,clim_short17,115,spike,1.0,transient,0.0
Guwahati,station,clim_short17,115,spike,1.0,transient,0.0
Guwahati,station,clim_short17,115,spike,1.0,transient,0.0
Guwahati,station,clim_short17,115,spike,1.0,transient,0.0
Guwahati,station,clim_short17,115,drift,1.0,persistent,10.0
Guwahati,station,clim_short17,115,drift,0.0,persistent,
Guwahati,station,clim_short17,115,drift,1.0,persistent,11.0
Guwahati,station,clim_short17,115,drift,1.0,persistent,13.0
Guwahati,station,clim_short17,115,drift,1.0,persistent,14.0
Guwahati,station,clim_short17,115,drift,0.0,persistent,
Guwahati,station,clim_short17,115,bias,1.0,persistent,0.0
Guwahati,station,clim_short17,115,bias,0.0,persistent,
Guwahati,station,clim_short17,115,bias,1.0,persistent,0.0
Guwahati,station,clim_short17,115,bias,1.0,persistent,5.0
Guwahati,station,clim_short17,115,bias,0.0,persistent,
Guwahati,station,clim_short17,115,bias,0.0,persistent,
Guwahati,station,clim_short17,115,stuck_at,1.0,persistent,0.0
Guwahati,station,clim_short17,115,stuck_at,1.0,persistent,0.0
Guwahati,station,clim_short17,115,stuck_at,1.0,persistent,0.0
Guwahati,station,clim_short17,115,stuck_at,1.0,persistent,0.0
Guwahati,station,clim_short17,115,stuck_at,1.0,persistent,0.0
Guwahati,station,clim_short17,115,stuck_at,1.0,persistent,0.0
Guwahati,station,clim_short17,115,noise_burst,1.0,persistent,8.0
Guwahati,station,clim_short17,115,noise_burst,0.0,persistent,
Guwahati,station,clim_short17,115,noise_burst,0.0,persistent,
Guwahati,station,clim_short17,115,noise_burst,1.0,persistent,0.0
Guwahati,station,clim_short17,115,noise_burst,1.0,persistent,5.0
Guwahati,station,clim_short17,115,noise_burst,0.0,persistent,
Guwahati,station,clim_short17,115,intermittent_spikes,1.0,transient,0.0
Guwahati,station,clim_short17,115,intermittent_spikes,1.0,transient,7.0
Guwahati,station,clim_short17,115,intermittent_spikes,1.0,transient,0.0
Guwahati,station,clim_short17,115,intermittent_spikes,1.0,transient,0.0
Guwahati,station,clim_short17,115,intermittent_spikes,1.0,transient,0.0
Guwahati,station,clim_short17,115,intermittent_spikes,1.0,transient,0.0
Guwahati,station,clim_short17,115,drift_plus_noise,1.0,persistent,0.0
Guwahati,station,clim_short17,115,drift_plus_noise,1.0,persistent,3.0
Guwahati,station,clim_short17,115,drift_plus_noise,0.0,persistent,
Guwahati,station,clim_short17,115,bias_plus_spikes,1.0,persistent,1.0
Guwahati,station,clim_short17,115,bias_plus_spikes,1.0,persistent,0.0
Guwahati,station,clim_short17,115,bias_plus_spikes,1.0,persistent,1.0
Guwahati,in_domain,clim_short17,126,spike,1.0,transient,0.0
Guwahati,in_domain,clim_short17,126,spike,1.0,transient,0.0
Guwahati,in_domain,clim_short17,126,spike,1.0,transient,0.0
Guwahati,in_domain,clim_short17,126,spike,1.0,transient,0.0
Guwahati,in_domain,clim_short17,126,spike,1.0,transient,0.0
Guwahati,in_domain,clim_short17,126,spike,1.0,transient,0.0
Guwahati,in_domain,clim_short17,126,spike,0.0,transient,
Guwahati,in_domain,clim_short17,126,spike,1.0,transient,0.0
Guwahati,in_domain,clim_short17,126,spike,1.0,transient,0.0
Guwahati,in_domain,clim_short17,126,spike,0.0,transient,
Guwahati,in_domain,clim_short17,126,spike,1.0,transient,0.0
Guwahati,in_domain,clim_short17,126,spike,1.0,transient,0.0
Guwahati,in_domain,clim_short17,126,spike,1.0,transient,0.0
Guwahati,in_domain,clim_short17,126,spike,1.0,transient,0.0
Guwahati,in_domain,clim_short17,126,spike,1.0,transient,0.0
Guwahati,in_domain,clim_short17,126,spike,1.0,transient,0.0
Guwahati,in_domain,clim_short17,126,spike,1.0,transient,0.0
Guwahati,in_domain,clim_short17,126,spike,1.0,transient,0.0
Guwahati,in_domain,clim_short17,126,spike,1.0,transient,0.0
Guwahati,in_domain,clim_short17,126,spike,1.0,transient,0.0
Guwahati,in_domain,clim_short17,126,spike,1.0,transient,0.0
Guwahati,in_domain,clim_short17,126,spike,1.0,transient,0.0
Guwahati,in_domain,clim_short17,126,spike,1.0,transient,0.0
Guwahati,in_domain,clim_short17,126,spike,1.0,transient,0.0
Guwahati,in_domain,clim_short17,126,drift,1.0,persistent,0.0
Guwahati,in_domain,clim_short17,126,drift,1.0,persistent,4.0
Guwahati,in_domain,clim_short17,126,drift,0.0,persistent,
Guwahati,in_domain,clim_short17,126,drift,1.0,persistent,6.0
Guwahati,in_domain,clim_short17,126,drift,1.0,persistent,3.0
Guwahati,in_domain,clim_short17,126,drift,1.0,persistent,7.0
Guwahati,in_domain,clim_short17,126,bias,0.0,persistent,
Guwahati,in_domain,clim_short17,126,bias,0.0,persistent,
Guwahati,in_domain,clim_short17,126,bias,1.0,persistent,3.0
Guwahati,in_domain,clim_short17,126,bias,1.0,persistent,4.0
Guwahati,in_domain,clim_short17,126,bias,0.0,persistent,
Guwahati,in_domain,clim_short17,126,bias,0.0,persistent,
Guwahati,in_domain,clim_short17,126,stuck_at,1.0,persistent,0.0
Guwahati,in_domain,clim_short17,126,stuck_at,1.0,persistent,0.0
Guwahati,in_domain,clim_short17,126,stuck_at,1.0,persistent,0.0
Guwahati,in_domain,clim_short17,126,stuck_at,1.0,persistent,0.0
Guwahati,in_domain,clim_short17,126,stuck_at,1.0,persistent,0.0
Guwahati,in_domain,clim_short17,126,stuck_at,1.0,persistent,0.0
Guwahati,in_domain,clim_short17,126,noise_burst,1.0,persistent,0.0
Guwahati,in_domain,clim_short17,126,noise_burst,1.0,persistent,7.0
Guwahati,in_domain,clim_short17,126,noise_burst,1.0,persistent,2.0
Guwahati,in_domain,clim_short17,126,noise_burst,1.0,persistent,2.0
Guwahati,in_domain,clim_short17,126,noise_burst,1.0,persistent,2.0
Guwahati,in_domain,clim_short17,126,noise_burst,1.0,persistent,6.0
Guwahati,in_domain,clim_short17,126,intermittent_spikes,1.0,transient,0.0
Guwahati,in_domain,clim_short17,126,intermittent_spikes,1.0,transient,0.0
Guwahati,in_domain,clim_short17,126,intermittent_spikes,1.0,transient,0.0
Guwahati,in_domain,clim_short17,126,intermittent_spikes,1.0,transient,0.0
Guwahati,in_domain,clim_short17,126,intermittent_spikes,1.0,transient,3.0
Guwahati,in_domain,clim_short17,126,intermittent_spikes,1.0,transient,0.0
Guwahati,in_domain,clim_short17,126,drift_plus_noise,1.0,persistent,2.0
Guwahati,in_domain,clim_short17,126,drift_plus_noise,1.0,persistent,6.0
Guwahati,in_domain,clim_short17,126,drift_plus_noise,1.0,persistent,2.0
Guwahati,in_domain,clim_short17,126,bias_plus_spikes,1.0,persistent,0.0
Guwahati,in_domain,clim_short17,126,bias_plus_spikes,1.0,persistent,3.0
Guwahati,in_domain,clim_short17,126,bias_plus_spikes,1.0,persistent,2.0
Guwahati,temporal,clim_short17,126,spike,1.0,transient,0.0
Guwahati,temporal,clim_short17,126,spike,1.0,transient,0.0
Guwahati,temporal,clim_short17,126,spike,1.0,transient,0.0
Guwahati,temporal,clim_short17,126,spike,1.0,transient,0.0
Guwahati,temporal,clim_short17,126,spike,1.0,transient,0.0
Guwahati,temporal,clim_short17,126,spike,1.0,transient,0.0
Guwahati,temporal,clim_short17,126,spike,1.0,transient,0.0
Guwahati,temporal,clim_short17,126,spike,1.0,transient,0.0
Guwahati,temporal,clim_short17,126,spike,1.0,transient,0.0
Guwahati,temporal,clim_short17,126,spike,1.0,transient,0.0
Guwahati,temporal,clim_short17,126,spike,1.0,transient,0.0
Guwahati,temporal,clim_short17,126,spike,1.0,transient,0.0
Guwahati,temporal,clim_short17,126,spike,1.0,transient,0.0
Guwahati,temporal,clim_short17,126,spike,1.0,transient,0.0
Guwahati,temporal,clim_short17,126,spike,1.0,transient,0.0
Guwahati,temporal,clim_short17,126,spike,1.0,transient,0.0
Guwahati,temporal,clim_short17,126,spike,1.0,transient,0.0
Guwahati,temporal,clim_short17,126,spike,1.0,transient,0.0
Guwahati,temporal,clim_short17,126,spike,0.0,transient,
Guwahati,temporal,clim_short17,126,spike,1.0,transient,0.0
Guwahati,temporal,clim_short17,126,spike,1.0,transient,0.0
Guwahati,temporal,clim_short17,126,spike,1.0,transient,0.0
Guwahati,temporal,clim_short17,126,spike,0.0,transient,
Guwahati,temporal,clim_short17,126,spike,1.0,transient,0.0
Guwahati,temporal,clim_short17,126,drift,1.0,persistent,4.0
Guwahati,temporal,clim_short17,126,drift,0.0,persistent,
Guwahati,temporal,clim_short17,126,drift,0.0,persistent,
Guwahati,temporal,clim_short17,126,drift,1.0,persistent,7.0
Guwahati,temporal,clim_short17,126,drift,1.0,persistent,1.0
Guwahati,temporal,clim_short17,126,drift,0.0,persistent,
Guwahati,temporal,clim_short17,126,bias,0.0,persistent,
Guwahati,temporal,clim_short17,126,bias,0.0,persistent,
Guwahati,temporal,clim_short17,126,bias,0.0,persistent,
Guwahati,temporal,clim_short17,126,bias,0.0,persistent,
Guwahati,temporal,clim_short17,126,bias,1.0,persistent,7.0
Guwahati,temporal,clim_short17,126,bias,0.0,persistent,
Guwahati,temporal,clim_short17,126,stuck_at,1.0,persistent,0.0
Guwahati,temporal,clim_short17,126,stuck_at,1.0,persistent,0.0
Guwahati,temporal,clim_short17,126,stuck_at,1.0,persistent,0.0
Guwahati,temporal,clim_short17,126,stuck_at,1.0,persistent,0.0
Guwahati,temporal,clim_short17,126,stuck_at,1.0,persistent,0.0
Guwahati,temporal,clim_short17,126,stuck_at,1.0,persistent,0.0
Guwahati,temporal,clim_short17,126,noise_burst,1.0,persistent,0.0
Guwahati,temporal,clim_short17,126,noise_burst,1.0,persistent,7.0
Guwahati,temporal,clim_short17,126,noise_burst,1.0,persistent,0.0
Guwahati,temporal,clim_short17,126,noise_burst,1.0,persistent,7.0
Guwahati,temporal,clim_short17,126,noise_burst,1.0,persistent,1.0
Guwahati,temporal,clim_short17,126,noise_burst,1.0,persistent,2.0
Guwahati,temporal,clim_short17,126,intermittent_spikes,1.0,transient,0.0
Guwahati,temporal,clim_short17,126,intermittent_spikes,1.0,transient,0.0
Guwahati,temporal,clim_short17,126,intermittent_spikes,1.0,transient,0.0
Guwahati,temporal,clim_short17,126,intermittent_spikes,1.0,transient,0.0
Guwahati,temporal,clim_short17,126,intermittent_spikes,1.0,transient,0.0
Guwahati,temporal,clim_short17,126,intermittent_spikes,1.0,transient,0.0
Guwahati,temporal,clim_short17,126,drift_plus_noise,1.0,persistent,10.0
Guwahati,temporal,clim_short17,126,drift_plus_noise,1.0,persistent,4.0
Guwahati,temporal,clim_short17,126,drift_plus_noise,1.0,persistent,0.0
Guwahati,temporal,clim_short17,126,bias_plus_spikes,1.0,persistent,0.0
Guwahati,temporal,clim_short17,126,bias_plus_spikes,1.0,persistent,0.0
Guwahati,temporal,clim_short17,126,bias_plus_spikes,1.0,persistent,2.0
Guwahati,station,clim_short17,126,spike,1.0,transient,0.0
Guwahati,station,clim_short17,126,spike,1.0,transient,0.0
Guwahati,station,clim_short17,126,spike,0.0,transient,
Guwahati,station,clim_short17,126,spike,1.0,transient,0.0
Guwahati,station,clim_short17,126,spike,1.0,transient,0.0
Guwahati,station,clim_short17,126,spike,1.0,transient,0.0
Guwahati,station,clim_short17,126,spike,1.0,transient,0.0
Guwahati,station,clim_short17,126,spike,0.0,transient,
Guwahati,station,clim_short17,126,spike,1.0,transient,0.0
Guwahati,station,clim_short17,126,spike,1.0,transient,0.0
Guwahati,station,clim_short17,126,spike,1.0,transient,0.0
Guwahati,station,clim_short17,126,spike,1.0,transient,0.0
Guwahati,station,clim_short17,126,spike,1.0,transient,0.0
Guwahati,station,clim_short17,126,spike,1.0,transient,0.0
Guwahati,station,clim_short17,126,spike,1.0,transient,0.0
Guwahati,station,clim_short17,126,spike,1.0,transient,0.0
Guwahati,station,clim_short17,126,spike,1.0,transient,0.0
Guwahati,station,clim_short17,126,spike,1.0,transient,0.0
Guwahati,station,clim_short17,126,spike,1.0,transient,0.0
Guwahati,station,clim_short17,126,spike,1.0,transient,0.0
Guwahati,station,clim_short17,126,spike,1.0,transient,0.0
Guwahati,station,clim_short17,126,spike,1.0,transient,0.0
Guwahati,station,clim_short17,126,spike,0.0,transient,
Guwahati,station,clim_short17,126,spike,1.0,transient,0.0
Guwahati,station,clim_short17,126,drift,1.0,persistent,4.0
Guwahati,station,clim_short17,126,drift,0.0,persistent,
Guwahati,station,clim_short17,126,drift,0.0,persistent,
Guwahati,station,clim_short17,126,drift,1.0,persistent,7.0
Guwahati,station,clim_short17,126,drift,1.0,persistent,1.0
Guwahati,station,clim_short17,126,drift,0.0,persistent,
Guwahati,station,clim_short17,126,bias,0.0,persistent,
Guwahati,station,clim_short17,126,bias,0.0,persistent,
Guwahati,station,clim_short17,126,bias,0.0,persistent,
Guwahati,station,clim_short17,126,bias,1.0,persistent,3.0
Guwahati,station,clim_short17,126,bias,1.0,persistent,7.0
Guwahati,station,clim_short17,126,bias,0.0,persistent,
Guwahati,station,clim_short17,126,stuck_at,1.0,persistent,0.0
Guwahati,station,clim_short17,126,stuck_at,1.0,persistent,0.0
Guwahati,station,clim_short17,126,stuck_at,1.0,persistent,0.0
Guwahati,station,clim_short17,126,stuck_at,1.0,persistent,0.0
Guwahati,station,clim_short17,126,stuck_at,1.0,persistent,0.0
Guwahati,station,clim_short17,126,stuck_at,1.0,persistent,0.0
Guwahati,station,clim_short17,126,noise_burst,1.0,persistent,0.0
Guwahati,station,clim_short17,126,noise_burst,0.0,persistent,
Guwahati,station,clim_short17,126,noise_burst,1.0,persistent,0.0
Guwahati,station,clim_short17,126,noise_burst,1.0,persistent,7.0
Guwahati,station,clim_short17,126,noise_burst,1.0,persistent,2.0
Guwahati,station,clim_short17,126,noise_burst,1.0,persistent,2.0
Guwahati,station,clim_short17,126,intermittent_spikes,1.0,transient,0.0
Guwahati,station,clim_short17,126,intermittent_spikes,1.0,transient,0.0
Guwahati,station,clim_short17,126,intermittent_spikes,1.0,transient,0.0
Guwahati,station,clim_short17,126,intermittent_spikes,1.0,transient,0.0
Guwahati,station,clim_short17,126,intermittent_spikes,1.0,transient,0.0
Guwahati,station,clim_short17,126,intermittent_spikes,1.0,transient,0.0
Guwahati,station,clim_short17,126,drift_plus_noise,1.0,persistent,10.0
Guwahati,station,clim_short17,126,drift_plus_noise,1.0,persistent,7.0
Guwahati,station,clim_short17,126,drift_plus_noise,1.0,persistent,3.0
Guwahati,station,clim_short17,126,bias_plus_spikes,1.0,persistent,0.0
Guwahati,station,clim_short17,126,bias_plus_spikes,1.0,persistent,0.0
Guwahati,station,clim_short17,126,bias_plus_spikes,1.0,persistent,2.0
Guwahati,in_domain,dual18(ref),104,spike,1.0,transient,0.0
Guwahati,in_domain,dual18(ref),104,spike,1.0,transient,0.0
Guwahati,in_domain,dual18(ref),104,spike,1.0,transient,0.0
Guwahati,in_domain,dual18(ref),104,spike,1.0,transient,0.0
Guwahati,in_domain,dual18(ref),104,spike,1.0,transient,0.0
Guwahati,in_domain,dual18(ref),104,spike,1.0,transient,0.0
Guwahati,in_domain,dual18(ref),104,spike,0.0,transient,
Guwahati,in_domain,dual18(ref),104,spike,0.0,transient,
Guwahati,in_domain,dual18(ref),104,spike,1.0,transient,0.0
Guwahati,in_domain,dual18(ref),104,spike,1.0,transient,0.0
Guwahati,in_domain,dual18(ref),104,spike,1.0,transient,0.0
Guwahati,in_domain,dual18(ref),104,spike,1.0,transient,0.0
Guwahati,in_domain,dual18(ref),104,spike,1.0,transient,0.0
Guwahati,in_domain,dual18(ref),104,spike,1.0,transient,0.0
Guwahati,in_domain,dual18(ref),104,spike,1.0,transient,0.0
Guwahati,in_domain,dual18(ref),104,spike,1.0,transient,0.0
Guwahati,in_domain,dual18(ref),104,spike,1.0,transient,0.0
Guwahati,in_domain,dual18(ref),104,spike,1.0,transient,0.0
Guwahati,in_domain,dual18(ref),104,spike,1.0,transient,0.0
Guwahati,in_domain,dual18(ref),104,spike,1.0,transient,0.0
Guwahati,in_domain,dual18(ref),104,spike,0.0,transient,
Guwahati,in_domain,dual18(ref),104,spike,1.0,transient,0.0
Guwahati,in_domain,dual18(ref),104,spike,0.0,transient,
Guwahati,in_domain,dual18(ref),104,spike,1.0,transient,0.0
Guwahati,in_domain,dual18(ref),104,drift,0.0,persistent,
Guwahati,in_domain,dual18(ref),104,drift,1.0,persistent,9.0
Guwahati,in_domain,dual18(ref),104,drift,1.0,persistent,5.0
Guwahati,in_domain,dual18(ref),104,drift,0.0,persistent,
Guwahati,in_domain,dual18(ref),104,drift,1.0,persistent,12.0
Guwahati,in_domain,dual18(ref),104,drift,1.0,persistent,5.0
Guwahati,in_domain,dual18(ref),104,bias,0.0,persistent,
Guwahati,in_domain,dual18(ref),104,bias,1.0,persistent,13.0
Guwahati,in_domain,dual18(ref),104,bias,1.0,persistent,4.0
Guwahati,in_domain,dual18(ref),104,bias,1.0,persistent,2.0
Guwahati,in_domain,dual18(ref),104,bias,1.0,persistent,8.0
Guwahati,in_domain,dual18(ref),104,bias,1.0,persistent,1.0
Guwahati,in_domain,dual18(ref),104,stuck_at,1.0,persistent,0.0
Guwahati,in_domain,dual18(ref),104,stuck_at,1.0,persistent,0.0
Guwahati,in_domain,dual18(ref),104,stuck_at,1.0,persistent,0.0
Guwahati,in_domain,dual18(ref),104,stuck_at,1.0,persistent,0.0
Guwahati,in_domain,dual18(ref),104,stuck_at,1.0,persistent,0.0
Guwahati,in_domain,dual18(ref),104,stuck_at,1.0,persistent,0.0
Guwahati,in_domain,dual18(ref),104,noise_burst,1.0,persistent,1.0
Guwahati,in_domain,dual18(ref),104,noise_burst,0.0,persistent,
Guwahati,in_domain,dual18(ref),104,noise_burst,1.0,persistent,9.0
Guwahati,in_domain,dual18(ref),104,noise_burst,1.0,persistent,2.0
Guwahati,in_domain,dual18(ref),104,noise_burst,1.0,persistent,0.0
Guwahati,in_domain,dual18(ref),104,noise_burst,1.0,persistent,1.0
Guwahati,in_domain,dual18(ref),104,intermittent_spikes,1.0,transient,0.0
Guwahati,in_domain,dual18(ref),104,intermittent_spikes,1.0,transient,0.0
Guwahati,in_domain,dual18(ref),104,intermittent_spikes,1.0,transient,0.0
Guwahati,in_domain,dual18(ref),104,intermittent_spikes,1.0,transient,0.0
Guwahati,in_domain,dual18(ref),104,intermittent_spikes,1.0,transient,0.0
Guwahati,in_domain,dual18(ref),104,intermittent_spikes,1.0,transient,2.0
Guwahati,in_domain,dual18(ref),104,drift_plus_noise,1.0,persistent,0.0
Guwahati,in_domain,dual18(ref),104,drift_plus_noise,1.0,persistent,4.0
Guwahati,in_domain,dual18(ref),104,drift_plus_noise,1.0,persistent,3.0
Guwahati,in_domain,dual18(ref),104,bias_plus_spikes,1.0,persistent,0.0
Guwahati,in_domain,dual18(ref),104,bias_plus_spikes,1.0,persistent,0.0
Guwahati,in_domain,dual18(ref),104,bias_plus_spikes,1.0,persistent,0.0
Guwahati,temporal,dual18(ref),104,spike,1.0,transient,0.0
Guwahati,temporal,dual18(ref),104,spike,1.0,transient,0.0
Guwahati,temporal,dual18(ref),104,spike,1.0,transient,0.0
Guwahati,temporal,dual18(ref),104,spike,0.0,transient,
Guwahati,temporal,dual18(ref),104,spike,0.0,transient,
Guwahati,temporal,dual18(ref),104,spike,1.0,transient,0.0
Guwahati,temporal,dual18(ref),104,spike,0.0,transient,
Guwahati,temporal,dual18(ref),104,spike,0.0,transient,
Guwahati,temporal,dual18(ref),104,spike,1.0,transient,0.0
Guwahati,temporal,dual18(ref),104,spike,1.0,transient,0.0
Guwahati,temporal,dual18(ref),104,spike,0.0,transient,
Guwahati,temporal,dual18(ref),104,spike,1.0,transient,0.0
Guwahati,temporal,dual18(ref),104,spike,1.0,transient,0.0
Guwahati,temporal,dual18(ref),104,spike,1.0,transient,0.0
Guwahati,temporal,dual18(ref),104,spike,1.0,transient,0.0
Guwahati,temporal,dual18(ref),104,spike,1.0,transient,0.0
Guwahati,temporal,dual18(ref),104,spike,1.0,transient,0.0
Guwahati,temporal,dual18(ref),104,spike,0.0,transient,
Guwahati,temporal,dual18(ref),104,spike,1.0,transient,0.0
Guwahati,temporal,dual18(ref),104,spike,1.0,transient,0.0
Guwahati,temporal,dual18(ref),104,spike,0.0,transient,
Guwahati,temporal,dual18(ref),104,spike,0.0,transient,
Guwahati,temporal,dual18(ref),104,spike,1.0,transient,0.0
Guwahati,temporal,dual18(ref),104,drift,1.0,persistent,10.0
Guwahati,temporal,dual18(ref),104,drift,0.0,persistent,
Guwahati,temporal,dual18(ref),104,drift,0.0,persistent,
Guwahati,temporal,dual18(ref),104,drift,1.0,persistent,8.0
Guwahati,temporal,dual18(ref),104,drift,1.0,persistent,5.0
Guwahati,temporal,dual18(ref),104,drift,1.0,persistent,1.0
Guwahati,temporal,dual18(ref),104,bias,1.0,persistent,5.0
Guwahati,temporal,dual18(ref),104,bias,1.0,persistent,9.0
Guwahati,temporal,dual18(ref),104,bias,0.0,persistent,
Guwahati,temporal,dual18(ref),104,bias,0.0,persistent,
Guwahati,temporal,dual18(ref),104,bias,1.0,persistent,0.0
Guwahati,temporal,dual18(ref),104,bias,1.0,persistent,8.0
Guwahati,temporal,dual18(ref),104,stuck_at,1.0,persistent,0.0
Guwahati,temporal,dual18(ref),104,stuck_at,1.0,persistent,0.0
Guwahati,temporal,dual18(ref),104,stuck_at,1.0,persistent,0.0
Guwahati,temporal,dual18(ref),104,stuck_at,1.0,persistent,0.0
Guwahati,temporal,dual18(ref),104,stuck_at,1.0,persistent,0.0
Guwahati,temporal,dual18(ref),104,stuck_at,1.0,persistent,0.0
Guwahati,temporal,dual18(ref),104,noise_burst,1.0,persistent,0.0
Guwahati,temporal,dual18(ref),104,noise_burst,1.0,persistent,2.0
Guwahati,temporal,dual18(ref),104,noise_burst,0.0,persistent,
Guwahati,temporal,dual18(ref),104,noise_burst,1.0,persistent,0.0
Guwahati,temporal,dual18(ref),104,noise_burst,1.0,persistent,0.0
Guwahati,temporal,dual18(ref),104,noise_burst,1.0,persistent,0.0
Guwahati,temporal,dual18(ref),104,intermittent_spikes,1.0,transient,0.0
Guwahati,temporal,dual18(ref),104,intermittent_spikes,0.0,transient,
Guwahati,temporal,dual18(ref),104,intermittent_spikes,1.0,transient,0.0
Guwahati,temporal,dual18(ref),104,intermittent_spikes,1.0,transient,0.0
Guwahati,temporal,dual18(ref),104,intermittent_spikes,1.0,transient,17.0
Guwahati,temporal,dual18(ref),104,intermittent_spikes,1.0,transient,2.0
Guwahati,temporal,dual18(ref),104,drift_plus_noise,0.0,persistent,
Guwahati,temporal,dual18(ref),104,drift_plus_noise,1.0,persistent,0.0
Guwahati,temporal,dual18(ref),104,drift_plus_noise,1.0,persistent,6.0
Guwahati,temporal,dual18(ref),104,bias_plus_spikes,1.0,persistent,1.0
Guwahati,temporal,dual18(ref),104,bias_plus_spikes,1.0,persistent,3.0
Guwahati,temporal,dual18(ref),104,bias_plus_spikes,0.0,persistent,
Guwahati,station,dual18(ref),104,spike,1.0,transient,0.0
Guwahati,station,dual18(ref),104,spike,1.0,transient,0.0
Guwahati,station,dual18(ref),104,spike,1.0,transient,0.0
Guwahati,station,dual18(ref),104,spike,1.0,transient,0.0
Guwahati,station,dual18(ref),104,spike,0.0,transient,
Guwahati,station,dual18(ref),104,spike,1.0,transient,0.0
Guwahati,station,dual18(ref),104,spike,0.0,transient,
Guwahati,station,dual18(ref),104,spike,0.0,transient,
Guwahati,station,dual18(ref),104,spike,0.0,transient,
Guwahati,station,dual18(ref),104,spike,1.0,transient,0.0
Guwahati,station,dual18(ref),104,spike,0.0,transient,
Guwahati,station,dual18(ref),104,spike,1.0,transient,0.0
Guwahati,station,dual18(ref),104,spike,1.0,transient,0.0
Guwahati,station,dual18(ref),104,spike,1.0,transient,0.0
Guwahati,station,dual18(ref),104,spike,1.0,transient,0.0
Guwahati,station,dual18(ref),104,spike,1.0,transient,0.0
Guwahati,station,dual18(ref),104,spike,1.0,transient,0.0
Guwahati,station,dual18(ref),104,spike,0.0,transient,
Guwahati,station,dual18(ref),104,spike,1.0,transient,0.0
Guwahati,station,dual18(ref),104,spike,1.0,transient,0.0
Guwahati,station,dual18(ref),104,spike,1.0,transient,1.0
Guwahati,station,dual18(ref),104,spike,0.0,transient,
Guwahati,station,dual18(ref),104,spike,1.0,transient,0.0
Guwahati,station,dual18(ref),104,drift,0.0,persistent,
Guwahati,station,dual18(ref),104,drift,1.0,persistent,12.0
Guwahati,station,dual18(ref),104,drift,0.0,persistent,
Guwahati,station,dual18(ref),104,drift,1.0,persistent,8.0
Guwahati,station,dual18(ref),104,drift,1.0,persistent,5.0
Guwahati,station,dual18(ref),104,drift,1.0,persistent,1.0
Guwahati,station,dual18(ref),104,bias,1.0,persistent,5.0
Guwahati,station,dual18(ref),104,bias,1.0,persistent,9.0
Guwahati,station,dual18(ref),104,bias,0.0,persistent,
Guwahati,station,dual18(ref),104,bias,0.0,persistent,
Guwahati,station,dual18(ref),104,bias,1.0,persistent,2.0
Guwahati,station,dual18(ref),104,bias,1.0,persistent,8.0
Guwahati,station,dual18(ref),104,stuck_at,1.0,persistent,0.0
Guwahati,station,dual18(ref),104,stuck_at,1.0,persistent,0.0
Guwahati,station,dual18(ref),104,stuck_at,1.0,persistent,0.0
Guwahati,station,dual18(ref),104,stuck_at,1.0,persistent,0.0
Guwahati,station,dual18(ref),104,stuck_at,1.0,persistent,0.0
Guwahati,station,dual18(ref),104,stuck_at,1.0,persistent,0.0
Guwahati,station,dual18(ref),104,noise_burst,1.0,persistent,1.0
Guwahati,station,dual18(ref),104,noise_burst,1.0,persistent,2.0
Guwahati,station,dual18(ref),104,noise_burst,0.0,persistent,
Guwahati,station,dual18(ref),104,noise_burst,1.0,persistent,0.0
Guwahati,station,dual18(ref),104,noise_burst,1.0,persistent,0.0
Guwahati,station,dual18(ref),104,noise_burst,1.0,persistent,0.0
Guwahati,station,dual18(ref),104,intermittent_spikes,1.0,transient,8.0
Guwahati,station,dual18(ref),104,intermittent_spikes,1.0,transient,2.0
Guwahati,station,dual18(ref),104,intermittent_spikes,1.0,transient,0.0
Guwahati,station,dual18(ref),104,intermittent_spikes,1.0,transient,0.0
Guwahati,station,dual18(ref),104,intermittent_spikes,1.0,transient,4.0
Guwahati,station,dual18(ref),104,intermittent_spikes,1.0,transient,7.0
Guwahati,station,dual18(ref),104,drift_plus_noise,0.0,persistent,
Guwahati,station,dual18(ref),104,drift_plus_noise,1.0,persistent,0.0
Guwahati,station,dual18(ref),104,drift_plus_noise,1.0,persistent,1.0
Guwahati,station,dual18(ref),104,bias_plus_spikes,1.0,persistent,0.0
Guwahati,station,dual18(ref),104,bias_plus_spikes,1.0,persistent,3.0
Guwahati,station,dual18(ref),104,bias_plus_spikes,0.0,persistent,
Guwahati,in_domain,dual18(ref),115,spike,1.0,transient,0.0
Guwahati,in_domain,dual18(ref),115,spike,1.0,transient,0.0
Guwahati,in_domain,dual18(ref),115,spike,1.0,transient,0.0
Guwahati,in_domain,dual18(ref),115,spike,1.0,transient,0.0
Guwahati,in_domain,dual18(ref),115,spike,1.0,transient,0.0
Guwahati,in_domain,dual18(ref),115,spike,1.0,transient,0.0
Guwahati,in_domain,dual18(ref),115,spike,0.0,transient,
Guwahati,in_domain,dual18(ref),115,spike,0.0,transient,
Guwahati,in_domain,dual18(ref),115,spike,0.0,transient,
Guwahati,in_domain,dual18(ref),115,spike,1.0,transient,0.0
Guwahati,in_domain,dual18(ref),115,spike,1.0,transient,0.0
Guwahati,in_domain,dual18(ref),115,spike,1.0,transient,0.0
Guwahati,in_domain,dual18(ref),115,spike,1.0,transient,0.0
Guwahati,in_domain,dual18(ref),115,spike,1.0,transient,0.0
Guwahati,in_domain,dual18(ref),115,spike,1.0,transient,0.0
Guwahati,in_domain,dual18(ref),115,spike,1.0,transient,0.0
Guwahati,in_domain,dual18(ref),115,spike,1.0,transient,0.0
Guwahati,in_domain,dual18(ref),115,spike,1.0,transient,0.0
Guwahati,in_domain,dual18(ref),115,spike,1.0,transient,0.0
Guwahati,in_domain,dual18(ref),115,spike,1.0,transient,0.0
Guwahati,in_domain,dual18(ref),115,spike,1.0,transient,0.0
Guwahati,in_domain,dual18(ref),115,spike,1.0,transient,0.0
Guwahati,in_domain,dual18(ref),115,spike,1.0,transient,0.0
Guwahati,in_domain,dual18(ref),115,spike,1.0,transient,0.0
Guwahati,in_domain,dual18(ref),115,drift,1.0,persistent,14.0
Guwahati,in_domain,dual18(ref),115,drift,0.0,persistent,
Guwahati,in_domain,dual18(ref),115,drift,1.0,persistent,4.0
Guwahati,in_domain,dual18(ref),115,drift,1.0,persistent,3.0
Guwahati,in_domain,dual18(ref),115,drift,1.0,persistent,12.0
Guwahati,in_domain,dual18(ref),115,drift,1.0,persistent,8.0
Guwahati,in_domain,dual18(ref),115,bias,1.0,persistent,5.0
Guwahati,in_domain,dual18(ref),115,bias,1.0,persistent,0.0
Guwahati,in_domain,dual18(ref),115,bias,1.0,persistent,0.0
Guwahati,in_domain,dual18(ref),115,bias,1.0,persistent,2.0
Guwahati,in_domain,dual18(ref),115,bias,0.0,persistent,
Guwahati,in_domain,dual18(ref),115,bias,1.0,persistent,0.0
Guwahati,in_domain,dual18(ref),115,stuck_at,1.0,persistent,0.0
Guwahati,in_domain,dual18(ref),115,stuck_at,1.0,persistent,0.0
Guwahati,in_domain,dual18(ref),115,stuck_at,1.0,persistent,0.0
Guwahati,in_domain,dual18(ref),115,stuck_at,1.0,persistent,0.0
Guwahati,in_domain,dual18(ref),115,stuck_at,1.0,persistent,0.0
Guwahati,in_domain,dual18(ref),115,stuck_at,1.0,persistent,0.0
Guwahati,in_domain,dual18(ref),115,noise_burst,0.0,persistent,
Guwahati,in_domain,dual18(ref),115,noise_burst,1.0,persistent,2.0
Guwahati,in_domain,dual18(ref),115,noise_burst,1.0,persistent,8.0
Guwahati,in_domain,dual18(ref),115,noise_burst,1.0,persistent,0.0
Guwahati,in_domain,dual18(ref),115,noise_burst,1.0,persistent,1.0
Guwahati,in_domain,dual18(ref),115,noise_burst,1.0,persistent,3.0
Guwahati,in_domain,dual18(ref),115,intermittent_spikes,1.0,transient,0.0
Guwahati,in_domain,dual18(ref),115,intermittent_spikes,1.0,transient,7.0
Guwahati,in_domain,dual18(ref),115,intermittent_spikes,1.0,transient,0.0
Guwahati,in_domain,dual18(ref),115,intermittent_spikes,1.0,transient,0.0
Guwahati,in_domain,dual18(ref),115,intermittent_spikes,1.0,transient,0.0
Guwahati,in_domain,dual18(ref),115,intermittent_spikes,1.0,transient,0.0
Guwahati,in_domain,dual18(ref),115,drift_plus_noise,1.0,persistent,12.0
Guwahati,in_domain,dual18(ref),115,drift_plus_noise,1.0,persistent,1.0
Guwahati,in_domain,dual18(ref),115,drift_plus_noise,1.0,persistent,0.0
Guwahati,in_domain,dual18(ref),115,bias_plus_spikes,1.0,persistent,1.0
Guwahati,in_domain,dual18(ref),115,bias_plus_spikes,1.0,persistent,0.0
Guwahati,in_domain,dual18(ref),115,bias_plus_spikes,1.0,persistent,8.0
Guwahati,temporal,dual18(ref),115,spike,1.0,transient,0.0
Guwahati,temporal,dual18(ref),115,spike,1.0,transient,0.0
Guwahati,temporal,dual18(ref),115,spike,0.0,transient,
Guwahati,temporal,dual18(ref),115,spike,1.0,transient,0.0
Guwahati,temporal,dual18(ref),115,spike,1.0,transient,0.0
Guwahati,temporal,dual18(ref),115,spike,1.0,transient,0.0
Guwahati,temporal,dual18(ref),115,spike,0.0,transient,
Guwahati,temporal,dual18(ref),115,spike,0.0,transient,
Guwahati,temporal,dual18(ref),115,spike,1.0,transient,0.0
Guwahati,temporal,dual18(ref),115,spike,1.0,transient,0.0
Guwahati,temporal,dual18(ref),115,spike,1.0,transient,0.0
Guwahati,temporal,dual18(ref),115,spike,1.0,transient,0.0
Guwahati,temporal,dual18(ref),115,spike,1.0,transient,0.0
Guwahati,temporal,dual18(ref),115,spike,1.0,transient,0.0
Guwahati,temporal,dual18(ref),115,spike,0.0,transient,
Guwahati,temporal,dual18(ref),115,spike,1.0,transient,0.0
Guwahati,temporal,dual18(ref),115,spike,1.0,transient,0.0
Guwahati,temporal,dual18(ref),115,spike,1.0,transient,0.0
Guwahati,temporal,dual18(ref),115,spike,1.0,transient,0.0
Guwahati,temporal,dual18(ref),115,spike,1.0,transient,0.0
Guwahati,temporal,dual18(ref),115,spike,1.0,transient,0.0
Guwahati,temporal,dual18(ref),115,spike,1.0,transient,0.0
Guwahati,temporal,dual18(ref),115,spike,0.0,transient,
Guwahati,temporal,dual18(ref),115,spike,1.0,transient,0.0
Guwahati,temporal,dual18(ref),115,drift,0.0,persistent,
Guwahati,temporal,dual18(ref),115,drift,0.0,persistent,
Guwahati,temporal,dual18(ref),115,drift,0.0,persistent,
Guwahati,temporal,dual18(ref),115,drift,1.0,persistent,6.0
Guwahati,temporal,dual18(ref),115,drift,1.0,persistent,6.0
Guwahati,temporal,dual18(ref),115,drift,0.0,persistent,
Guwahati,temporal,dual18(ref),115,bias,1.0,persistent,0.0
Guwahati,temporal,dual18(ref),115,bias,0.0,persistent,
Guwahati,temporal,dual18(ref),115,bias,1.0,persistent,0.0
Guwahati,temporal,dual18(ref),115,bias,0.0,persistent,
Guwahati,temporal,dual18(ref),115,bias,1.0,persistent,5.0
Guwahati,temporal,dual18(ref),115,bias,0.0,persistent,
Guwahati,temporal,dual18(ref),115,stuck_at,1.0,persistent,0.0
Guwahati,temporal,dual18(ref),115,stuck_at,1.0,persistent,0.0
Guwahati,temporal,dual18(ref),115,stuck_at,1.0,persistent,0.0
Guwahati,temporal,dual18(ref),115,stuck_at,1.0,persistent,0.0
Guwahati,temporal,dual18(ref),115,stuck_at,1.0,persistent,0.0
Guwahati,temporal,dual18(ref),115,stuck_at,1.0,persistent,0.0
Guwahati,temporal,dual18(ref),115,noise_burst,0.0,persistent,
Guwahati,temporal,dual18(ref),115,noise_burst,0.0,persistent,
Guwahati,temporal,dual18(ref),115,noise_burst,0.0,persistent,
Guwahati,temporal,dual18(ref),115,noise_burst,1.0,persistent,0.0
Guwahati,temporal,dual18(ref),115,noise_burst,1.0,persistent,4.0
Guwahati,temporal,dual18(ref),115,noise_burst,1.0,persistent,3.0
Guwahati,temporal,dual18(ref),115,intermittent_spikes,1.0,transient,0.0
Guwahati,temporal,dual18(ref),115,intermittent_spikes,1.0,transient,0.0
Guwahati,temporal,dual18(ref),115,intermittent_spikes,1.0,transient,0.0
Guwahati,temporal,dual18(ref),115,intermittent_spikes,1.0,transient,0.0
Guwahati,temporal,dual18(ref),115,intermittent_spikes,1.0,transient,0.0
Guwahati,temporal,dual18(ref),115,intermittent_spikes,1.0,transient,0.0
Guwahati,temporal,dual18(ref),115,drift_plus_noise,0.0,persistent,
Guwahati,temporal,dual18(ref),115,drift_plus_noise,1.0,persistent,3.0
Guwahati,temporal,dual18(ref),115,drift_plus_noise,0.0,persistent,
Guwahati,temporal,dual18(ref),115,bias_plus_spikes,1.0,persistent,1.0
Guwahati,temporal,dual18(ref),115,bias_plus_spikes,1.0,persistent,0.0
Guwahati,temporal,dual18(ref),115,bias_plus_spikes,1.0,persistent,1.0
Guwahati,station,dual18(ref),115,spike,1.0,transient,0.0
Guwahati,station,dual18(ref),115,spike,1.0,transient,0.0
Guwahati,station,dual18(ref),115,spike,0.0,transient,
Guwahati,station,dual18(ref),115,spike,1.0,transient,0.0
Guwahati,station,dual18(ref),115,spike,1.0,transient,0.0
Guwahati,station,dual18(ref),115,spike,1.0,transient,0.0
Guwahati,station,dual18(ref),115,spike,0.0,transient,
Guwahati,station,dual18(ref),115,spike,0.0,transient,
Guwahati,station,dual18(ref),115,spike,1.0,transient,0.0
Guwahati,station,dual18(ref),115,spike,1.0,transient,0.0
Guwahati,station,dual18(ref),115,spike,1.0,transient,0.0
Guwahati,station,dual18(ref),115,spike,1.0,transient,0.0
Guwahati,station,dual18(ref),115,spike,1.0,transient,0.0
Guwahati,station,dual18(ref),115,spike,1.0,transient,0.0
Guwahati,station,dual18(ref),115,spike,0.0,transient,
Guwahati,station,dual18(ref),115,spike,1.0,transient,0.0
Guwahati,station,dual18(ref),115,spike,1.0,transient,0.0
Guwahati,station,dual18(ref),115,spike,1.0,transient,0.0
Guwahati,station,dual18(ref),115,spike,1.0,transient,0.0
Guwahati,station,dual18(ref),115,spike,1.0,transient,0.0
Guwahati,station,dual18(ref),115,spike,1.0,transient,0.0
Guwahati,station,dual18(ref),115,spike,1.0,transient,0.0
Guwahati,station,dual18(ref),115,spike,1.0,transient,0.0
Guwahati,station,dual18(ref),115,spike,1.0,transient,0.0
Guwahati,station,dual18(ref),115,drift,0.0,persistent,
Guwahati,station,dual18(ref),115,drift,0.0,persistent,
Guwahati,station,dual18(ref),115,drift,0.0,persistent,
Guwahati,station,dual18(ref),115,drift,1.0,persistent,13.0
Guwahati,station,dual18(ref),115,drift,1.0,persistent,12.0
Guwahati,station,dual18(ref),115,drift,0.0,persistent,
Guwahati,station,dual18(ref),115,bias,1.0,persistent,0.0
Guwahati,station,dual18(ref),115,bias,0.0,persistent,
Guwahati,station,dual18(ref),115,bias,1.0,persistent,0.0
Guwahati,station,dual18(ref),115,bias,1.0,persistent,5.0
Guwahati,station,dual18(ref),115,bias,0.0,persistent,
Guwahati,station,dual18(ref),115,bias,0.0,persistent,
Guwahati,station,dual18(ref),115,stuck_at,1.0,persistent,0.0
Guwahati,station,dual18(ref),115,stuck_at,1.0,persistent,0.0
Guwahati,station,dual18(ref),115,stuck_at,1.0,persistent,0.0
Guwahati,station,dual18(ref),115,stuck_at,1.0,persistent,0.0
Guwahati,station,dual18(ref),115,stuck_at,1.0,persistent,0.0
Guwahati,station,dual18(ref),115,stuck_at,1.0,persistent,0.0
Guwahati,station,dual18(ref),115,noise_burst,0.0,persistent,
Guwahati,station,dual18(ref),115,noise_burst,0.0,persistent,
Guwahati,station,dual18(ref),115,noise_burst,0.0,persistent,
Guwahati,station,dual18(ref),115,noise_burst,1.0,persistent,0.0
Guwahati,station,dual18(ref),115,noise_burst,0.0,persistent,
Guwahati,station,dual18(ref),115,noise_burst,1.0,persistent,3.0
Guwahati,station,dual18(ref),115,intermittent_spikes,1.0,transient,0.0
Guwahati,station,dual18(ref),115,intermittent_spikes,1.0,transient,7.0
Guwahati,station,dual18(ref),115,intermittent_spikes,1.0,transient,0.0
Guwahati,station,dual18(ref),115,intermittent_spikes,1.0,transient,0.0
Guwahati,station,dual18(ref),115,intermittent_spikes,1.0,transient,0.0
Guwahati,station,dual18(ref),115,intermittent_spikes,1.0,transient,0.0
Guwahati,station,dual18(ref),115,drift_plus_noise,0.0,persistent,
Guwahati,station,dual18(ref),115,drift_plus_noise,1.0,persistent,3.0
Guwahati,station,dual18(ref),115,drift_plus_noise,1.0,persistent,11.0
Guwahati,station,dual18(ref),115,bias_plus_spikes,1.0,persistent,1.0
Guwahati,station,dual18(ref),115,bias_plus_spikes,1.0,persistent,0.0
Guwahati,station,dual18(ref),115,bias_plus_spikes,1.0,persistent,1.0
Guwahati,in_domain,dual18(ref),126,spike,1.0,transient,0.0
Guwahati,in_domain,dual18(ref),126,spike,1.0,transient,0.0
Guwahati,in_domain,dual18(ref),126,spike,1.0,transient,0.0
Guwahati,in_domain,dual18(ref),126,spike,0.0,transient,
Guwahati,in_domain,dual18(ref),126,spike,1.0,transient,0.0
Guwahati,in_domain,dual18(ref),126,spike,1.0,transient,0.0
Guwahati,in_domain,dual18(ref),126,spike,1.0,transient,0.0
Guwahati,in_domain,dual18(ref),126,spike,1.0,transient,0.0
Guwahati,in_domain,dual18(ref),126,spike,1.0,transient,0.0
Guwahati,in_domain,dual18(ref),126,spike,1.0,transient,0.0
Guwahati,in_domain,dual18(ref),126,spike,0.0,transient,
Guwahati,in_domain,dual18(ref),126,spike,1.0,transient,0.0
Guwahati,in_domain,dual18(ref),126,spike,1.0,transient,0.0
Guwahati,in_domain,dual18(ref),126,spike,1.0,transient,0.0
Guwahati,in_domain,dual18(ref),126,spike,1.0,transient,0.0
Guwahati,in_domain,dual18(ref),126,spike,1.0,transient,0.0
Guwahati,in_domain,dual18(ref),126,spike,1.0,transient,0.0
Guwahati,in_domain,dual18(ref),126,spike,1.0,transient,0.0
Guwahati,in_domain,dual18(ref),126,spike,1.0,transient,0.0
Guwahati,in_domain,dual18(ref),126,spike,1.0,transient,0.0
Guwahati,in_domain,dual18(ref),126,spike,1.0,transient,0.0
Guwahati,in_domain,dual18(ref),126,spike,1.0,transient,0.0
Guwahati,in_domain,dual18(ref),126,spike,1.0,transient,0.0
Guwahati,in_domain,dual18(ref),126,spike,1.0,transient,0.0
Guwahati,in_domain,dual18(ref),126,drift,1.0,persistent,0.0
Guwahati,in_domain,dual18(ref),126,drift,1.0,persistent,4.0
Guwahati,in_domain,dual18(ref),126,drift,0.0,persistent,
Guwahati,in_domain,dual18(ref),126,drift,1.0,persistent,7.0
Guwahati,in_domain,dual18(ref),126,drift,1.0,persistent,6.0
Guwahati,in_domain,dual18(ref),126,drift,1.0,persistent,6.0
Guwahati,in_domain,dual18(ref),126,bias,1.0,persistent,7.0
Guwahati,in_domain,dual18(ref),126,bias,0.0,persistent,
Guwahati,in_domain,dual18(ref),126,bias,1.0,persistent,3.0
Guwahati,in_domain,dual18(ref),126,bias,1.0,persistent,6.0
Guwahati,in_domain,dual18(ref),126,bias,0.0,persistent,
Guwahati,in_domain,dual18(ref),126,bias,1.0,persistent,0.0
Guwahati,in_domain,dual18(ref),126,stuck_at,1.0,persistent,0.0
Guwahati,in_domain,dual18(ref),126,stuck_at,1.0,persistent,0.0
Guwahati,in_domain,dual18(ref),126,stuck_at,1.0,persistent,0.0
Guwahati,in_domain,dual18(ref),126,stuck_at,1.0,persistent,0.0
Guwahati,in_domain,dual18(ref),126,stuck_at,1.0,persistent,0.0
Guwahati,in_domain,dual18(ref),126,stuck_at,1.0,persistent,0.0
Guwahati,in_domain,dual18(ref),126,noise_burst,1.0,persistent,0.0
Guwahati,in_domain,dual18(ref),126,noise_burst,0.0,persistent,
Guwahati,in_domain,dual18(ref),126,noise_burst,1.0,persistent,3.0
Guwahati,in_domain,dual18(ref),126,noise_burst,1.0,persistent,7.0
Guwahati,in_domain,dual18(ref),126,noise_burst,1.0,persistent,2.0
Guwahati,in_domain,dual18(ref),126,noise_burst,1.0,persistent,5.0
Guwahati,in_domain,dual18(ref),126,intermittent_spikes,1.0,transient,0.0
Guwahati,in_domain,dual18(ref),126,intermittent_spikes,1.0,transient,0.0
Guwahati,in_domain,dual18(ref),126,intermittent_spikes,1.0,transient,0.0
Guwahati,in_domain,dual18(ref),126,intermittent_spikes,1.0,transient,0.0
Guwahati,in_domain,dual18(ref),126,intermittent_spikes,1.0,transient,0.0
Guwahati,in_domain,dual18(ref),126,intermittent_spikes,1.0,transient,0.0
Guwahati,in_domain,dual18(ref),126,drift_plus_noise,1.0,persistent,2.0
Guwahati,in_domain,dual18(ref),126,drift_plus_noise,1.0,persistent,12.0
Guwahati,in_domain,dual18(ref),126,drift_plus_noise,1.0,persistent,3.0
Guwahati,in_domain,dual18(ref),126,bias_plus_spikes,1.0,persistent,0.0
Guwahati,in_domain,dual18(ref),126,bias_plus_spikes,1.0,persistent,3.0
Guwahati,in_domain,dual18(ref),126,bias_plus_spikes,1.0,persistent,2.0
Guwahati,temporal,dual18(ref),126,spike,1.0,transient,0.0
Guwahati,temporal,dual18(ref),126,spike,1.0,transient,0.0
Guwahati,temporal,dual18(ref),126,spike,1.0,transient,0.0
Guwahati,temporal,dual18(ref),126,spike,1.0,transient,0.0
Guwahati,temporal,dual18(ref),126,spike,1.0,transient,0.0
Guwahati,temporal,dual18(ref),126,spike,1.0,transient,0.0
Guwahati,temporal,dual18(ref),126,spike,1.0,transient,0.0
Guwahati,temporal,dual18(ref),126,spike,0.0,transient,
Guwahati,temporal,dual18(ref),126,spike,0.0,transient,
Guwahati,temporal,dual18(ref),126,spike,1.0,transient,0.0
Guwahati,temporal,dual18(ref),126,spike,1.0,transient,0.0
Guwahati,temporal,dual18(ref),126,spike,1.0,transient,0.0
Guwahati,temporal,dual18(ref),126,spike,1.0,transient,0.0
Guwahati,temporal,dual18(ref),126,spike,1.0,transient,0.0
Guwahati,temporal,dual18(ref),126,spike,1.0,transient,0.0
Guwahati,temporal,dual18(ref),126,spike,1.0,transient,0.0
Guwahati,temporal,dual18(ref),126,spike,1.0,transient,0.0
Guwahati,temporal,dual18(ref),126,spike,1.0,transient,0.0
Guwahati,temporal,dual18(ref),126,spike,0.0,transient,
Guwahati,temporal,dual18(ref),126,spike,1.0,transient,0.0
Guwahati,temporal,dual18(ref),126,spike,1.0,transient,0.0
Guwahati,temporal,dual18(ref),126,spike,1.0,transient,0.0
Guwahati,temporal,dual18(ref),126,spike,0.0,transient,
Guwahati,temporal,dual18(ref),126,spike,1.0,transient,0.0
Guwahati,temporal,dual18(ref),126,drift,1.0,persistent,4.0
Guwahati,temporal,dual18(ref),126,drift,0.0,persistent,
Guwahati,temporal,dual18(ref),126,drift,0.0,persistent,
Guwahati,temporal,dual18(ref),126,drift,1.0,persistent,0.0
Guwahati,temporal,dual18(ref),126,drift,1.0,persistent,1.0
Guwahati,temporal,dual18(ref),126,drift,0.0,persistent,
Guwahati,temporal,dual18(ref),126,bias,1.0,persistent,1.0
Guwahati,temporal,dual18(ref),126,bias,0.0,persistent,
Guwahati,temporal,dual18(ref),126,bias,0.0,persistent,
Guwahati,temporal,dual18(ref),126,bias,0.0,persistent,
Guwahati,temporal,dual18(ref),126,bias,0.0,persistent,
Guwahati,temporal,dual18(ref),126,bias,0.0,persistent,
Guwahati,temporal,dual18(ref),126,stuck_at,1.0,persistent,0.0
Guwahati,temporal,dual18(ref),126,stuck_at,1.0,persistent,0.0
Guwahati,temporal,dual18(ref),126,stuck_at,1.0,persistent,0.0
Guwahati,temporal,dual18(ref),126,stuck_at,1.0,persistent,0.0
Guwahati,temporal,dual18(ref),126,stuck_at,1.0,persistent,0.0
Guwahati,temporal,dual18(ref),126,stuck_at,1.0,persistent,0.0
Guwahati,temporal,dual18(ref),126,noise_burst,1.0,persistent,0.0
Guwahati,temporal,dual18(ref),126,noise_burst,0.0,persistent,
Guwahati,temporal,dual18(ref),126,noise_burst,0.0,persistent,
Guwahati,temporal,dual18(ref),126,noise_burst,1.0,persistent,7.0
Guwahati,temporal,dual18(ref),126,noise_burst,1.0,persistent,2.0
Guwahati,temporal,dual18(ref),126,noise_burst,1.0,persistent,0.0
Guwahati,temporal,dual18(ref),126,intermittent_spikes,1.0,transient,0.0
Guwahati,temporal,dual18(ref),126,intermittent_spikes,1.0,transient,0.0
Guwahati,temporal,dual18(ref),126,intermittent_spikes,1.0,transient,0.0
Guwahati,temporal,dual18(ref),126,intermittent_spikes,1.0,transient,0.0
Guwahati,temporal,dual18(ref),126,intermittent_spikes,1.0,transient,0.0
Guwahati,temporal,dual18(ref),126,intermittent_spikes,1.0,transient,0.0
Guwahati,temporal,dual18(ref),126,drift_plus_noise,1.0,persistent,10.0
Guwahati,temporal,dual18(ref),126,drift_plus_noise,1.0,persistent,7.0
Guwahati,temporal,dual18(ref),126,drift_plus_noise,1.0,persistent,11.0
Guwahati,temporal,dual18(ref),126,bias_plus_spikes,1.0,persistent,0.0
Guwahati,temporal,dual18(ref),126,bias_plus_spikes,1.0,persistent,2.0
Guwahati,temporal,dual18(ref),126,bias_plus_spikes,1.0,persistent,2.0
Guwahati,station,dual18(ref),126,spike,1.0,transient,0.0
Guwahati,station,dual18(ref),126,spike,1.0,transient,0.0
Guwahati,station,dual18(ref),126,spike,1.0,transient,0.0
Guwahati,station,dual18(ref),126,spike,1.0,transient,0.0
Guwahati,station,dual18(ref),126,spike,1.0,transient,0.0
Guwahati,station,dual18(ref),126,spike,1.0,transient,0.0
Guwahati,station,dual18(ref),126,spike,1.0,transient,0.0
Guwahati,station,dual18(ref),126,spike,0.0,transient,
Guwahati,station,dual18(ref),126,spike,1.0,transient,0.0
Guwahati,station,dual18(ref),126,spike,1.0,transient,0.0
Guwahati,station,dual18(ref),126,spike,1.0,transient,0.0
Guwahati,station,dual18(ref),126,spike,1.0,transient,0.0
Guwahati,station,dual18(ref),126,spike,1.0,transient,0.0
Guwahati,station,dual18(ref),126,spike,0.0,transient,
Guwahati,station,dual18(ref),126,spike,1.0,transient,0.0
Guwahati,station,dual18(ref),126,spike,1.0,transient,0.0
Guwahati,station,dual18(ref),126,spike,1.0,transient,0.0
Guwahati,station,dual18(ref),126,spike,1.0,transient,0.0
Guwahati,station,dual18(ref),126,spike,1.0,transient,0.0
Guwahati,station,dual18(ref),126,spike,1.0,transient,0.0
Guwahati,station,dual18(ref),126,spike,1.0,transient,0.0
Guwahati,station,dual18(ref),126,spike,1.0,transient,0.0
Guwahati,station,dual18(ref),126,spike,0.0,transient,
Guwahati,station,dual18(ref),126,spike,1.0,transient,0.0
Guwahati,station,dual18(ref),126,drift,1.0,persistent,4.0
Guwahati,station,dual18(ref),126,drift,0.0,persistent,
Guwahati,station,dual18(ref),126,drift,0.0,persistent,
Guwahati,station,dual18(ref),126,drift,1.0,persistent,0.0
Guwahati,station,dual18(ref),126,drift,1.0,persistent,0.0
Guwahati,station,dual18(ref),126,drift,0.0,persistent,
Guwahati,station,dual18(ref),126,bias,1.0,persistent,0.0
Guwahati,station,dual18(ref),126,bias,0.0,persistent,
Guwahati,station,dual18(ref),126,bias,0.0,persistent,
Guwahati,station,dual18(ref),126,bias,1.0,persistent,1.0
Guwahati,station,dual18(ref),126,bias,0.0,persistent,
Guwahati,station,dual18(ref),126,bias,1.0,persistent,8.0
Guwahati,station,dual18(ref),126,stuck_at,1.0,persistent,0.0
Guwahati,station,dual18(ref),126,stuck_at,1.0,persistent,0.0
Guwahati,station,dual18(ref),126,stuck_at,1.0,persistent,0.0
Guwahati,station,dual18(ref),126,stuck_at,1.0,persistent,0.0
Guwahati,station,dual18(ref),126,stuck_at,1.0,persistent,0.0
Guwahati,station,dual18(ref),126,stuck_at,1.0,persistent,0.0
Guwahati,station,dual18(ref),126,noise_burst,1.0,persistent,0.0
Guwahati,station,dual18(ref),126,noise_burst,0.0,persistent,
Guwahati,station,dual18(ref),126,noise_burst,0.0,persistent,
Guwahati,station,dual18(ref),126,noise_burst,1.0,persistent,7.0
Guwahati,station,dual18(ref),126,noise_burst,1.0,persistent,2.0
Guwahati,station,dual18(ref),126,noise_burst,1.0,persistent,0.0
Guwahati,station,dual18(ref),126,intermittent_spikes,1.0,transient,0.0
Guwahati,station,dual18(ref),126,intermittent_spikes,1.0,transient,6.0
Guwahati,station,dual18(ref),126,intermittent_spikes,1.0,transient,5.0
Guwahati,station,dual18(ref),126,intermittent_spikes,1.0,transient,0.0
Guwahati,station,dual18(ref),126,intermittent_spikes,1.0,transient,0.0
Guwahati,station,dual18(ref),126,intermittent_spikes,1.0,transient,0.0
Guwahati,station,dual18(ref),126,drift_plus_noise,1.0,persistent,7.0
Guwahati,station,dual18(ref),126,drift_plus_noise,1.0,persistent,7.0
Guwahati,station,dual18(ref),126,drift_plus_noise,1.0,persistent,5.0
Guwahati,station,dual18(ref),126,bias_plus_spikes,1.0,persistent,0.0
Guwahati,station,dual18(ref),126,bias_plus_spikes,1.0,persistent,1.0
Guwahati,station,dual18(ref),126,bias_plus_spikes,1.0,persistent,2.0
Ahmedabad,in_domain,baseline16,104,spike,1.0,transient,0.0
Ahmedabad,in_domain,baseline16,104,spike,1.0,transient,0.0
Ahmedabad,in_domain,baseline16,104,spike,1.0,transient,0.0
Ahmedabad,in_domain,baseline16,104,spike,1.0,transient,0.0
Ahmedabad,in_domain,baseline16,104,spike,1.0,transient,0.0
Ahmedabad,in_domain,baseline16,104,spike,1.0,transient,0.0
Ahmedabad,in_domain,baseline16,104,spike,1.0,transient,0.0
Ahmedabad,in_domain,baseline16,104,spike,1.0,transient,0.0
Ahmedabad,in_domain,baseline16,104,spike,0.0,transient,
Ahmedabad,in_domain,baseline16,104,spike,1.0,transient,0.0
Ahmedabad,in_domain,baseline16,104,spike,1.0,transient,0.0
Ahmedabad,in_domain,baseline16,104,spike,1.0,transient,0.0
Ahmedabad,in_domain,baseline16,104,spike,1.0,transient,0.0
Ahmedabad,in_domain,baseline16,104,spike,1.0,transient,0.0
Ahmedabad,in_domain,baseline16,104,spike,1.0,transient,0.0
Ahmedabad,in_domain,baseline16,104,spike,1.0,transient,0.0
Ahmedabad,in_domain,baseline16,104,spike,1.0,transient,0.0
Ahmedabad,in_domain,baseline16,104,spike,0.0,transient,
Ahmedabad,in_domain,baseline16,104,spike,1.0,transient,0.0
Ahmedabad,in_domain,baseline16,104,spike,1.0,transient,0.0
Ahmedabad,in_domain,baseline16,104,spike,1.0,transient,0.0
Ahmedabad,in_domain,baseline16,104,spike,1.0,transient,1.0
Ahmedabad,in_domain,baseline16,104,spike,1.0,transient,1.0
Ahmedabad,in_domain,baseline16,104,spike,1.0,transient,0.0
Ahmedabad,in_domain,baseline16,104,drift,1.0,persistent,8.0
Ahmedabad,in_domain,baseline16,104,drift,0.0,persistent,
Ahmedabad,in_domain,baseline16,104,drift,1.0,persistent,6.0
Ahmedabad,in_domain,baseline16,104,drift,0.0,persistent,
Ahmedabad,in_domain,baseline16,104,drift,1.0,persistent,9.0
Ahmedabad,in_domain,baseline16,104,drift,1.0,persistent,12.0
Ahmedabad,in_domain,baseline16,104,bias,0.0,persistent,
Ahmedabad,in_domain,baseline16,104,bias,1.0,persistent,6.0
Ahmedabad,in_domain,baseline16,104,bias,1.0,persistent,0.0
Ahmedabad,in_domain,baseline16,104,bias,0.0,persistent,
Ahmedabad,in_domain,baseline16,104,bias,1.0,persistent,1.0
Ahmedabad,in_domain,baseline16,104,bias,0.0,persistent,
Ahmedabad,in_domain,baseline16,104,stuck_at,1.0,persistent,0.0
Ahmedabad,in_domain,baseline16,104,stuck_at,1.0,persistent,0.0
Ahmedabad,in_domain,baseline16,104,stuck_at,1.0,persistent,0.0
Ahmedabad,in_domain,baseline16,104,stuck_at,1.0,persistent,0.0
Ahmedabad,in_domain,baseline16,104,stuck_at,1.0,persistent,0.0
Ahmedabad,in_domain,baseline16,104,stuck_at,1.0,persistent,0.0
Ahmedabad,in_domain,baseline16,104,noise_burst,1.0,persistent,0.0
Ahmedabad,in_domain,baseline16,104,noise_burst,1.0,persistent,6.0
Ahmedabad,in_domain,baseline16,104,noise_burst,1.0,persistent,6.0
Ahmedabad,in_domain,baseline16,104,noise_burst,1.0,persistent,0.0
Ahmedabad,in_domain,baseline16,104,noise_burst,1.0,persistent,0.0
Ahmedabad,in_domain,baseline16,104,noise_burst,1.0,persistent,0.0
Ahmedabad,in_domain,baseline16,104,intermittent_spikes,1.0,transient,0.0
Ahmedabad,in_domain,baseline16,104,intermittent_spikes,1.0,transient,0.0
Ahmedabad,in_domain,baseline16,104,intermittent_spikes,1.0,transient,0.0
Ahmedabad,in_domain,baseline16,104,intermittent_spikes,1.0,transient,0.0
Ahmedabad,in_domain,baseline16,104,intermittent_spikes,1.0,transient,0.0
Ahmedabad,in_domain,baseline16,104,intermittent_spikes,1.0,transient,0.0
Ahmedabad,in_domain,baseline16,104,drift_plus_noise,1.0,persistent,0.0
Ahmedabad,in_domain,baseline16,104,drift_plus_noise,1.0,persistent,0.0
Ahmedabad,in_domain,baseline16,104,drift_plus_noise,0.0,persistent,
Ahmedabad,in_domain,baseline16,104,bias_plus_spikes,1.0,persistent,0.0
Ahmedabad,in_domain,baseline16,104,bias_plus_spikes,1.0,persistent,0.0
Ahmedabad,in_domain,baseline16,104,bias_plus_spikes,1.0,persistent,0.0
Ahmedabad,temporal,baseline16,104,spike,0.0,transient,
Ahmedabad,temporal,baseline16,104,spike,1.0,transient,0.0
Ahmedabad,temporal,baseline16,104,spike,0.0,transient,
Ahmedabad,temporal,baseline16,104,spike,1.0,transient,0.0
Ahmedabad,temporal,baseline16,104,spike,1.0,transient,0.0
Ahmedabad,temporal,baseline16,104,spike,1.0,transient,0.0
Ahmedabad,temporal,baseline16,104,spike,0.0,transient,
Ahmedabad,temporal,baseline16,104,spike,1.0,transient,0.0
Ahmedabad,temporal,baseline16,104,spike,0.0,transient,
Ahmedabad,temporal,baseline16,104,spike,1.0,transient,0.0
Ahmedabad,temporal,baseline16,104,spike,1.0,transient,0.0
Ahmedabad,temporal,baseline16,104,spike,0.0,transient,
Ahmedabad,temporal,baseline16,104,spike,1.0,transient,0.0
Ahmedabad,temporal,baseline16,104,spike,1.0,transient,0.0
Ahmedabad,temporal,baseline16,104,spike,1.0,transient,0.0
Ahmedabad,temporal,baseline16,104,spike,1.0,transient,0.0
Ahmedabad,temporal,baseline16,104,spike,1.0,transient,0.0
Ahmedabad,temporal,baseline16,104,spike,1.0,transient,0.0
Ahmedabad,temporal,baseline16,104,spike,1.0,transient,0.0
Ahmedabad,temporal,baseline16,104,spike,1.0,transient,0.0
Ahmedabad,temporal,baseline16,104,spike,1.0,transient,0.0
Ahmedabad,temporal,baseline16,104,spike,1.0,transient,0.0
Ahmedabad,temporal,baseline16,104,spike,1.0,transient,0.0
Ahmedabad,temporal,baseline16,104,spike,1.0,transient,0.0
Ahmedabad,temporal,baseline16,104,drift,0.0,persistent,
Ahmedabad,temporal,baseline16,104,drift,1.0,persistent,12.0
Ahmedabad,temporal,baseline16,104,drift,1.0,persistent,14.0
Ahmedabad,temporal,baseline16,104,drift,0.0,persistent,
Ahmedabad,temporal,baseline16,104,drift,1.0,persistent,8.0
Ahmedabad,temporal,baseline16,104,drift,1.0,persistent,0.0
Ahmedabad,temporal,baseline16,104,bias,1.0,persistent,0.0
Ahmedabad,temporal,baseline16,104,bias,0.0,persistent,
Ahmedabad,temporal,baseline16,104,bias,0.0,persistent,
Ahmedabad,temporal,baseline16,104,bias,0.0,persistent,
Ahmedabad,temporal,baseline16,104,bias,1.0,persistent,5.0
Ahmedabad,temporal,baseline16,104,bias,1.0,persistent,2.0
Ahmedabad,temporal,baseline16,104,stuck_at,1.0,persistent,0.0
Ahmedabad,temporal,baseline16,104,stuck_at,1.0,persistent,0.0
Ahmedabad,temporal,baseline16,104,stuck_at,1.0,persistent,0.0
Ahmedabad,temporal,baseline16,104,stuck_at,1.0,persistent,0.0
Ahmedabad,temporal,baseline16,104,stuck_at,1.0,persistent,0.0
Ahmedabad,temporal,baseline16,104,stuck_at,1.0,persistent,0.0
Ahmedabad,temporal,baseline16,104,noise_burst,0.0,persistent,
Ahmedabad,temporal,baseline16,104,noise_burst,1.0,persistent,4.0
Ahmedabad,temporal,baseline16,104,noise_burst,1.0,persistent,5.0
Ahmedabad,temporal,baseline16,104,noise_burst,1.0,persistent,2.0
Ahmedabad,temporal,baseline16,104,noise_burst,1.0,persistent,0.0
Ahmedabad,temporal,baseline16,104,noise_burst,1.0,persistent,1.0
Ahmedabad,temporal,baseline16,104,intermittent_spikes,1.0,transient,0.0
Ahmedabad,temporal,baseline16,104,intermittent_spikes,1.0,transient,0.0
Ahmedabad,temporal,baseline16,104,intermittent_spikes,1.0,transient,0.0
Ahmedabad,temporal,baseline16,104,intermittent_spikes,1.0,transient,0.0
Ahmedabad,temporal,baseline16,104,intermittent_spikes,1.0,transient,0.0
Ahmedabad,temporal,baseline16,104,intermittent_spikes,1.0,transient,0.0
Ahmedabad,temporal,baseline16,104,drift_plus_noise,1.0,persistent,10.0
Ahmedabad,temporal,baseline16,104,drift_plus_noise,1.0,persistent,9.0
Ahmedabad,temporal,baseline16,104,drift_plus_noise,1.0,persistent,8.0
Ahmedabad,temporal,baseline16,104,bias_plus_spikes,1.0,persistent,0.0
Ahmedabad,temporal,baseline16,104,bias_plus_spikes,1.0,persistent,2.0
Ahmedabad,temporal,baseline16,104,bias_plus_spikes,1.0,persistent,0.0
Ahmedabad,station,baseline16,104,spike,0.0,transient,
Ahmedabad,station,baseline16,104,spike,1.0,transient,0.0
Ahmedabad,station,baseline16,104,spike,1.0,transient,0.0
Ahmedabad,station,baseline16,104,spike,1.0,transient,0.0
Ahmedabad,station,baseline16,104,spike,1.0,transient,0.0
Ahmedabad,station,baseline16,104,spike,1.0,transient,0.0
Ahmedabad,station,baseline16,104,spike,0.0,transient,
Ahmedabad,station,baseline16,104,spike,1.0,transient,0.0
Ahmedabad,station,baseline16,104,spike,0.0,transient,
Ahmedabad,station,baseline16,104,spike,1.0,transient,0.0
Ahmedabad,station,baseline16,104,spike,1.0,transient,0.0
Ahmedabad,station,baseline16,104,spike,0.0,transient,
Ahmedabad,station,baseline16,104,spike,1.0,transient,0.0
Ahmedabad,station,baseline16,104,spike,1.0,transient,0.0
Ahmedabad,station,baseline16,104,spike,1.0,transient,0.0
Ahmedabad,station,baseline16,104,spike,1.0,transient,0.0
Ahmedabad,station,baseline16,104,spike,1.0,transient,0.0
Ahmedabad,station,baseline16,104,spike,1.0,transient,0.0
Ahmedabad,station,baseline16,104,spike,1.0,transient,0.0
Ahmedabad,station,baseline16,104,spike,1.0,transient,0.0
Ahmedabad,station,baseline16,104,spike,1.0,transient,0.0
Ahmedabad,station,baseline16,104,spike,1.0,transient,0.0
Ahmedabad,station,baseline16,104,spike,1.0,transient,0.0
Ahmedabad,station,baseline16,104,spike,1.0,transient,0.0
Ahmedabad,station,baseline16,104,drift,0.0,persistent,
Ahmedabad,station,baseline16,104,drift,1.0,persistent,12.0
Ahmedabad,station,baseline16,104,drift,0.0,persistent,
Ahmedabad,station,baseline16,104,drift,0.0,persistent,
Ahmedabad,station,baseline16,104,drift,1.0,persistent,7.0
Ahmedabad,station,baseline16,104,drift,1.0,persistent,0.0
Ahmedabad,station,baseline16,104,bias,1.0,persistent,2.0
Ahmedabad,station,baseline16,104,bias,0.0,persistent,
Ahmedabad,station,baseline16,104,bias,0.0,persistent,
Ahmedabad,station,baseline16,104,bias,1.0,persistent,7.0
Ahmedabad,station,baseline16,104,bias,1.0,persistent,5.0
Ahmedabad,station,baseline16,104,bias,1.0,persistent,2.0
Ahmedabad,station,baseline16,104,stuck_at,1.0,persistent,0.0
Ahmedabad,station,baseline16,104,stuck_at,1.0,persistent,0.0
Ahmedabad,station,baseline16,104,stuck_at,1.0,persistent,0.0
Ahmedabad,station,baseline16,104,stuck_at,1.0,persistent,0.0
Ahmedabad,station,baseline16,104,stuck_at,1.0,persistent,0.0
Ahmedabad,station,baseline16,104,stuck_at,1.0,persistent,0.0
Ahmedabad,station,baseline16,104,noise_burst,0.0,persistent,
Ahmedabad,station,baseline16,104,noise_burst,1.0,persistent,6.0
Ahmedabad,station,baseline16,104,noise_burst,1.0,persistent,5.0
Ahmedabad,station,baseline16,104,noise_burst,1.0,persistent,2.0
Ahmedabad,station,baseline16,104,noise_burst,1.0,persistent,0.0
Ahmedabad,station,baseline16,104,noise_burst,1.0,persistent,1.0
Ahmedabad,station,baseline16,104,intermittent_spikes,1.0,transient,0.0
Ahmedabad,station,baseline16,104,intermittent_spikes,1.0,transient,2.0
Ahmedabad,station,baseline16,104,intermittent_spikes,1.0,transient,0.0
Ahmedabad,station,baseline16,104,intermittent_spikes,1.0,transient,0.0
Ahmedabad,station,baseline16,104,intermittent_spikes,1.0,transient,0.0
Ahmedabad,station,baseline16,104,intermittent_spikes,1.0,transient,0.0
Ahmedabad,station,baseline16,104,drift_plus_noise,1.0,persistent,10.0
Ahmedabad,station,baseline16,104,drift_plus_noise,1.0,persistent,12.0
Ahmedabad,station,baseline16,104,drift_plus_noise,1.0,persistent,9.0
Ahmedabad,station,baseline16,104,bias_plus_spikes,1.0,persistent,0.0
Ahmedabad,station,baseline16,104,bias_plus_spikes,1.0,persistent,2.0
Ahmedabad,station,baseline16,104,bias_plus_spikes,1.0,persistent,0.0
Ahmedabad,in_domain,baseline16,115,spike,1.0,transient,0.0
Ahmedabad,in_domain,baseline16,115,spike,1.0,transient,0.0
Ahmedabad,in_domain,baseline16,115,spike,0.0,transient,
Ahmedabad,in_domain,baseline16,115,spike,1.0,transient,0.0
Ahmedabad,in_domain,baseline16,115,spike,1.0,transient,0.0
Ahmedabad,in_domain,baseline16,115,spike,1.0,transient,0.0
Ahmedabad,in_domain,baseline16,115,spike,0.0,transient,
Ahmedabad,in_domain,baseline16,115,spike,1.0,transient,0.0
Ahmedabad,in_domain,baseline16,115,spike,1.0,transient,0.0
Ahmedabad,in_domain,baseline16,115,spike,1.0,transient,0.0
Ahmedabad,in_domain,baseline16,115,spike,1.0,transient,0.0
Ahmedabad,in_domain,baseline16,115,spike,1.0,transient,0.0
Ahmedabad,in_domain,baseline16,115,spike,1.0,transient,0.0
Ahmedabad,in_domain,baseline16,115,spike,1.0,transient,0.0
Ahmedabad,in_domain,baseline16,115,spike,1.0,transient,0.0
Ahmedabad,in_domain,baseline16,115,spike,1.0,transient,0.0
Ahmedabad,in_domain,baseline16,115,spike,1.0,transient,0.0
Ahmedabad,in_domain,baseline16,115,spike,1.0,transient,0.0
Ahmedabad,in_domain,baseline16,115,spike,0.0,transient,
Ahmedabad,in_domain,baseline16,115,spike,1.0,transient,0.0
Ahmedabad,in_domain,baseline16,115,spike,1.0,transient,0.0
Ahmedabad,in_domain,baseline16,115,spike,1.0,transient,0.0
Ahmedabad,in_domain,baseline16,115,spike,1.0,transient,0.0
Ahmedabad,in_domain,baseline16,115,spike,1.0,transient,0.0
Ahmedabad,in_domain,baseline16,115,drift,1.0,persistent,4.0
Ahmedabad,in_domain,baseline16,115,drift,1.0,persistent,13.0
Ahmedabad,in_domain,baseline16,115,drift,1.0,persistent,1.0
Ahmedabad,in_domain,baseline16,115,drift,1.0,persistent,13.0
Ahmedabad,in_domain,baseline16,115,drift,1.0,persistent,10.0
Ahmedabad,in_domain,baseline16,115,drift,0.0,persistent,
Ahmedabad,in_domain,baseline16,115,bias,0.0,persistent,
Ahmedabad,in_domain,baseline16,115,bias,0.0,persistent,
Ahmedabad,in_domain,baseline16,115,bias,1.0,persistent,1.0
Ahmedabad,in_domain,baseline16,115,bias,1.0,persistent,9.0
Ahmedabad,in_domain,baseline16,115,bias,1.0,persistent,0.0
Ahmedabad,in_domain,baseline16,115,bias,0.0,persistent,
Ahmedabad,in_domain,baseline16,115,stuck_at,1.0,persistent,0.0
Ahmedabad,in_domain,baseline16,115,stuck_at,1.0,persistent,0.0
Ahmedabad,in_domain,baseline16,115,stuck_at,1.0,persistent,0.0
Ahmedabad,in_domain,baseline16,115,stuck_at,1.0,persistent,0.0
Ahmedabad,in_domain,baseline16,115,stuck_at,1.0,persistent,0.0
Ahmedabad,in_domain,baseline16,115,stuck_at,1.0,persistent,0.0
Ahmedabad,in_domain,baseline16,115,noise_burst,0.0,persistent,
Ahmedabad,in_domain,baseline16,115,noise_burst,1.0,persistent,2.0
Ahmedabad,in_domain,baseline16,115,noise_burst,1.0,persistent,2.0
Ahmedabad,in_domain,baseline16,115,noise_burst,1.0,persistent,0.0
Ahmedabad,in_domain,baseline16,115,noise_burst,1.0,persistent,5.0
Ahmedabad,in_domain,baseline16,115,noise_burst,1.0,persistent,0.0
Ahmedabad,in_domain,baseline16,115,intermittent_spikes,1.0,transient,0.0
Ahmedabad,in_domain,baseline16,115,intermittent_spikes,1.0,transient,7.0
Ahmedabad,in_domain,baseline16,115,intermittent_spikes,1.0,transient,0.0
Ahmedabad,in_domain,baseline16,115,intermittent_spikes,1.0,transient,0.0
Ahmedabad,in_domain,baseline16,115,intermittent_spikes,1.0,transient,0.0
Ahmedabad,in_domain,baseline16,115,intermittent_spikes,1.0,transient,0.0
Ahmedabad,in_domain,baseline16,115,drift_plus_noise,0.0,persistent,
Ahmedabad,in_domain,baseline16,115,drift_plus_noise,1.0,persistent,5.0
Ahmedabad,in_domain,baseline16,115,drift_plus_noise,1.0,persistent,3.0
Ahmedabad,in_domain,baseline16,115,bias_plus_spikes,1.0,persistent,0.0
Ahmedabad,in_domain,baseline16,115,bias_plus_spikes,1.0,persistent,0.0
Ahmedabad,in_domain,baseline16,115,bias_plus_spikes,1.0,persistent,3.0
Ahmedabad,temporal,baseline16,115,spike,0.0,transient,
Ahmedabad,temporal,baseline16,115,spike,0.0,transient,
Ahmedabad,temporal,baseline16,115,spike,0.0,transient,
Ahmedabad,temporal,baseline16,115,spike,1.0,transient,0.0
Ahmedabad,temporal,baseline16,115,spike,1.0,transient,0.0
Ahmedabad,temporal,baseline16,115,spike,1.0,transient,0.0
Ahmedabad,temporal,baseline16,115,spike,0.0,transient,
Ahmedabad,temporal,baseline16,115,spike,0.0,transient,
Ahmedabad,temporal,baseline16,115,spike,1.0,transient,0.0
Ahmedabad,temporal,baseline16,115,spike,1.0,transient,0.0
Ahmedabad,temporal,baseline16,115,spike,0.0,transient,
Ahmedabad,temporal,baseline16,115,spike,1.0,transient,0.0
Ahmedabad,temporal,baseline16,115,spike,1.0,transient,0.0
Ahmedabad,temporal,baseline16,115,spike,1.0,transient,0.0
Ahmedabad,temporal,baseline16,115,spike,1.0,transient,0.0
Ahmedabad,temporal,baseline16,115,spike,1.0,transient,0.0
Ahmedabad,temporal,baseline16,115,spike,0.0,transient,
Ahmedabad,temporal,baseline16,115,spike,1.0,transient,0.0
Ahmedabad,temporal,baseline16,115,spike,1.0,transient,0.0
Ahmedabad,temporal,baseline16,115,spike,1.0,transient,0.0
Ahmedabad,temporal,baseline16,115,spike,1.0,transient,0.0
Ahmedabad,temporal,baseline16,115,spike,1.0,transient,0.0
Ahmedabad,temporal,baseline16,115,spike,1.0,transient,0.0
Ahmedabad,temporal,baseline16,115,spike,0.0,transient,
Ahmedabad,temporal,baseline16,115,drift,1.0,persistent,15.0
Ahmedabad,temporal,baseline16,115,drift,1.0,persistent,0.0
Ahmedabad,temporal,baseline16,115,drift,0.0,persistent,
Ahmedabad,temporal,baseline16,115,drift,1.0,persistent,5.0
Ahmedabad,temporal,baseline16,115,drift,1.0,persistent,15.0
Ahmedabad,temporal,baseline16,115,drift,1.0,persistent,9.0
Ahmedabad,temporal,baseline16,115,bias,0.0,persistent,
Ahmedabad,temporal,baseline16,115,bias,0.0,persistent,
Ahmedabad,temporal,baseline16,115,bias,0.0,persistent,
Ahmedabad,temporal,baseline16,115,bias,0.0,persistent,
Ahmedabad,temporal,baseline16,115,bias,1.0,persistent,9.0
Ahmedabad,temporal,baseline16,115,bias,0.0,persistent,
Ahmedabad,temporal,baseline16,115,stuck_at,1.0,persistent,0.0
Ahmedabad,temporal,baseline16,115,stuck_at,1.0,persistent,0.0
Ahmedabad,temporal,baseline16,115,stuck_at,1.0,persistent,0.0
Ahmedabad,temporal,baseline16,115,stuck_at,1.0,persistent,0.0
Ahmedabad,temporal,baseline16,115,stuck_at,1.0,persistent,0.0
Ahmedabad,temporal,baseline16,115,stuck_at,1.0,persistent,0.0
Ahmedabad,temporal,baseline16,115,noise_burst,0.0,persistent,
Ahmedabad,temporal,baseline16,115,noise_burst,1.0,persistent,2.0
Ahmedabad,temporal,baseline16,115,noise_burst,1.0,persistent,2.0
Ahmedabad,temporal,baseline16,115,noise_burst,1.0,persistent,0.0
Ahmedabad,temporal,baseline16,115,noise_burst,1.0,persistent,2.0
Ahmedabad,temporal,baseline16,115,noise_burst,1.0,persistent,2.0
Ahmedabad,temporal,baseline16,115,intermittent_spikes,1.0,transient,0.0
Ahmedabad,temporal,baseline16,115,intermittent_spikes,1.0,transient,0.0
Ahmedabad,temporal,baseline16,115,intermittent_spikes,1.0,transient,0.0
Ahmedabad,temporal,baseline16,115,intermittent_spikes,1.0,transient,0.0
Ahmedabad,temporal,baseline16,115,intermittent_spikes,1.0,transient,0.0
Ahmedabad,temporal,baseline16,115,intermittent_spikes,1.0,transient,0.0
Ahmedabad,temporal,baseline16,115,drift_plus_noise,0.0,persistent,
Ahmedabad,temporal,baseline16,115,drift_plus_noise,1.0,persistent,0.0
Ahmedabad,temporal,baseline16,115,drift_plus_noise,1.0,persistent,8.0
Ahmedabad,temporal,baseline16,115,bias_plus_spikes,1.0,persistent,1.0
Ahmedabad,temporal,baseline16,115,bias_plus_spikes,1.0,persistent,5.0
Ahmedabad,temporal,baseline16,115,bias_plus_spikes,1.0,persistent,1.0
Ahmedabad,station,baseline16,115,spike,1.0,transient,0.0
Ahmedabad,station,baseline16,115,spike,0.0,transient,
Ahmedabad,station,baseline16,115,spike,0.0,transient,
Ahmedabad,station,baseline16,115,spike,1.0,transient,0.0
Ahmedabad,station,baseline16,115,spike,1.0,transient,0.0
Ahmedabad,station,baseline16,115,spike,1.0,transient,0.0
Ahmedabad,station,baseline16,115,spike,0.0,transient,
Ahmedabad,station,baseline16,115,spike,0.0,transient,
Ahmedabad,station,baseline16,115,spike,1.0,transient,0.0
Ahmedabad,station,baseline16,115,spike,1.0,transient,0.0
Ahmedabad,station,baseline16,115,spike,0.0,transient,
Ahmedabad,station,baseline16,115,spike,0.0,transient,
Ahmedabad,station,baseline16,115,spike,1.0,transient,0.0
Ahmedabad,station,baseline16,115,spike,0.0,transient,
Ahmedabad,station,baseline16,115,spike,1.0,transient,0.0
Ahmedabad,station,baseline16,115,spike,1.0,transient,0.0
Ahmedabad,station,baseline16,115,spike,0.0,transient,
Ahmedabad,station,baseline16,115,spike,1.0,transient,0.0
Ahmedabad,station,baseline16,115,spike,0.0,transient,
Ahmedabad,station,baseline16,115,spike,1.0,transient,0.0
Ahmedabad,station,baseline16,115,spike,1.0,transient,0.0
Ahmedabad,station,baseline16,115,spike,1.0,transient,0.0
Ahmedabad,station,baseline16,115,spike,1.0,transient,0.0
Ahmedabad,station,baseline16,115,spike,1.0,transient,0.0
Ahmedabad,station,baseline16,115,drift,1.0,persistent,15.0
Ahmedabad,station,baseline16,115,drift,1.0,persistent,2.0
Ahmedabad,station,baseline16,115,drift,0.0,persistent,
Ahmedabad,station,baseline16,115,drift,1.0,persistent,13.0
Ahmedabad,station,baseline16,115,drift,1.0,persistent,15.0
Ahmedabad,station,baseline16,115,drift,1.0,persistent,7.0
Ahmedabad,station,baseline16,115,bias,1.0,persistent,6.0
Ahmedabad,station,baseline16,115,bias,0.0,persistent,
Ahmedabad,station,baseline16,115,bias,0.0,persistent,
Ahmedabad,station,baseline16,115,bias,0.0,persistent,
Ahmedabad,station,baseline16,115,bias,1.0,persistent,9.0
Ahmedabad,station,baseline16,115,bias,0.0,persistent,
Ahmedabad,station,baseline16,115,stuck_at,1.0,persistent,0.0
Ahmedabad,station,baseline16,115,stuck_at,1.0,persistent,0.0
Ahmedabad,station,baseline16,115,stuck_at,1.0,persistent,0.0
Ahmedabad,station,baseline16,115,stuck_at,1.0,persistent,0.0
Ahmedabad,station,baseline16,115,stuck_at,1.0,persistent,0.0
Ahmedabad,station,baseline16,115,stuck_at,1.0,persistent,0.0
Ahmedabad,station,baseline16,115,noise_burst,0.0,persistent,
Ahmedabad,station,baseline16,115,noise_burst,1.0,persistent,2.0
Ahmedabad,station,baseline16,115,noise_burst,1.0,persistent,2.0
Ahmedabad,station,baseline16,115,noise_burst,1.0,persistent,0.0
Ahmedabad,station,baseline16,115,noise_burst,1.0,persistent,5.0
Ahmedabad,station,baseline16,115,noise_burst,1.0,persistent,0.0
Ahmedabad,station,baseline16,115,intermittent_spikes,1.0,transient,0.0
Ahmedabad,station,baseline16,115,intermittent_spikes,1.0,transient,0.0
Ahmedabad,station,baseline16,115,intermittent_spikes,1.0,transient,0.0
Ahmedabad,station,baseline16,115,intermittent_spikes,1.0,transient,0.0
Ahmedabad,station,baseline16,115,intermittent_spikes,1.0,transient,0.0
Ahmedabad,station,baseline16,115,intermittent_spikes,1.0,transient,0.0
Ahmedabad,station,baseline16,115,drift_plus_noise,0.0,persistent,
Ahmedabad,station,baseline16,115,drift_plus_noise,1.0,persistent,0.0
Ahmedabad,station,baseline16,115,drift_plus_noise,1.0,persistent,8.0
Ahmedabad,station,baseline16,115,bias_plus_spikes,1.0,persistent,1.0
Ahmedabad,station,baseline16,115,bias_plus_spikes,0.0,persistent,
Ahmedabad,station,baseline16,115,bias_plus_spikes,1.0,persistent,1.0
Ahmedabad,in_domain,baseline16,126,spike,1.0,transient,0.0
Ahmedabad,in_domain,baseline16,126,spike,1.0,transient,0.0
Ahmedabad,in_domain,baseline16,126,spike,1.0,transient,0.0
Ahmedabad,in_domain,baseline16,126,spike,1.0,transient,0.0
Ahmedabad,in_domain,baseline16,126,spike,1.0,transient,0.0
Ahmedabad,in_domain,baseline16,126,spike,1.0,transient,0.0
Ahmedabad,in_domain,baseline16,126,spike,1.0,transient,0.0
Ahmedabad,in_domain,baseline16,126,spike,1.0,transient,0.0
Ahmedabad,in_domain,baseline16,126,spike,0.0,transient,
Ahmedabad,in_domain,baseline16,126,spike,1.0,transient,0.0
Ahmedabad,in_domain,baseline16,126,spike,1.0,transient,0.0
Ahmedabad,in_domain,baseline16,126,spike,1.0,transient,0.0
Ahmedabad,in_domain,baseline16,126,spike,1.0,transient,0.0
Ahmedabad,in_domain,baseline16,126,spike,1.0,transient,0.0
Ahmedabad,in_domain,baseline16,126,spike,1.0,transient,0.0
Ahmedabad,in_domain,baseline16,126,spike,1.0,transient,0.0
Ahmedabad,in_domain,baseline16,126,spike,1.0,transient,0.0
Ahmedabad,in_domain,baseline16,126,spike,1.0,transient,0.0
Ahmedabad,in_domain,baseline16,126,spike,1.0,transient,0.0
Ahmedabad,in_domain,baseline16,126,spike,1.0,transient,0.0
Ahmedabad,in_domain,baseline16,126,spike,1.0,transient,0.0
Ahmedabad,in_domain,baseline16,126,spike,1.0,transient,0.0
Ahmedabad,in_domain,baseline16,126,spike,1.0,transient,0.0
Ahmedabad,in_domain,baseline16,126,spike,1.0,transient,0.0
Ahmedabad,in_domain,baseline16,126,drift,1.0,persistent,2.0
Ahmedabad,in_domain,baseline16,126,drift,1.0,persistent,8.0
Ahmedabad,in_domain,baseline16,126,drift,0.0,persistent,
Ahmedabad,in_domain,baseline16,126,drift,1.0,persistent,4.0
Ahmedabad,in_domain,baseline16,126,drift,1.0,persistent,4.0
Ahmedabad,in_domain,baseline16,126,drift,0.0,persistent,
Ahmedabad,in_domain,baseline16,126,bias,0.0,persistent,
Ahmedabad,in_domain,baseline16,126,bias,0.0,persistent,
Ahmedabad,in_domain,baseline16,126,bias,0.0,persistent,
Ahmedabad,in_domain,baseline16,126,bias,0.0,persistent,
Ahmedabad,in_domain,baseline16,126,bias,1.0,persistent,0.0
Ahmedabad,in_domain,baseline16,126,bias,0.0,persistent,
Ahmedabad,in_domain,baseline16,126,stuck_at,1.0,persistent,0.0
Ahmedabad,in_domain,baseline16,126,stuck_at,1.0,persistent,0.0
Ahmedabad,in_domain,baseline16,126,stuck_at,1.0,persistent,0.0
Ahmedabad,in_domain,baseline16,126,stuck_at,1.0,persistent,0.0
Ahmedabad,in_domain,baseline16,126,stuck_at,1.0,persistent,0.0
Ahmedabad,in_domain,baseline16,126,stuck_at,1.0,persistent,0.0
Ahmedabad,in_domain,baseline16,126,noise_burst,1.0,persistent,0.0
Ahmedabad,in_domain,baseline16,126,noise_burst,0.0,persistent,
Ahmedabad,in_domain,baseline16,126,noise_burst,0.0,persistent,
Ahmedabad,in_domain,baseline16,126,noise_burst,1.0,persistent,7.0
Ahmedabad,in_domain,baseline16,126,noise_burst,1.0,persistent,1.0
Ahmedabad,in_domain,baseline16,126,noise_burst,1.0,persistent,0.0
Ahmedabad,in_domain,baseline16,126,intermittent_spikes,1.0,transient,0.0
Ahmedabad,in_domain,baseline16,126,intermittent_spikes,1.0,transient,0.0
Ahmedabad,in_domain,baseline16,126,intermittent_spikes,1.0,transient,0.0
Ahmedabad,in_domain,baseline16,126,intermittent_spikes,1.0,transient,0.0
Ahmedabad,in_domain,baseline16,126,intermittent_spikes,1.0,transient,0.0
Ahmedabad,in_domain,baseline16,126,intermittent_spikes,1.0,transient,0.0
Ahmedabad,in_domain,baseline16,126,drift_plus_noise,1.0,persistent,3.0
Ahmedabad,in_domain,baseline16,126,drift_plus_noise,1.0,persistent,9.0
Ahmedabad,in_domain,baseline16,126,drift_plus_noise,1.0,persistent,5.0
Ahmedabad,in_domain,baseline16,126,bias_plus_spikes,1.0,persistent,0.0
Ahmedabad,in_domain,baseline16,126,bias_plus_spikes,1.0,persistent,0.0
Ahmedabad,in_domain,baseline16,126,bias_plus_spikes,1.0,persistent,2.0
Ahmedabad,temporal,baseline16,126,spike,1.0,transient,0.0
Ahmedabad,temporal,baseline16,126,spike,0.0,transient,
Ahmedabad,temporal,baseline16,126,spike,1.0,transient,0.0
Ahmedabad,temporal,baseline16,126,spike,1.0,transient,0.0
Ahmedabad,temporal,baseline16,126,spike,0.0,transient,
Ahmedabad,temporal,baseline16,126,spike,1.0,transient,0.0
Ahmedabad,temporal,baseline16,126,spike,1.0,transient,0.0
Ahmedabad,temporal,baseline16,126,spike,1.0,transient,0.0
Ahmedabad,temporal,baseline16,126,spike,1.0,transient,0.0
Ahmedabad,temporal,baseline16,126,spike,1.0,transient,0.0
Ahmedabad,temporal,baseline16,126,spike,1.0,transient,0.0
Ahmedabad,temporal,baseline16,126,spike,1.0,transient,0.0
Ahmedabad,temporal,baseline16,126,spike,1.0,transient,0.0
Ahmedabad,temporal,baseline16,126,spike,1.0,transient,0.0
Ahmedabad,temporal,baseline16,126,spike,1.0,transient,0.0
Ahmedabad,temporal,baseline16,126,spike,1.0,transient,0.0
Ahmedabad,temporal,baseline16,126,spike,1.0,transient,0.0
Ahmedabad,temporal,baseline16,126,spike,1.0,transient,0.0
Ahmedabad,temporal,baseline16,126,spike,1.0,transient,0.0
Ahmedabad,temporal,baseline16,126,spike,1.0,transient,0.0
Ahmedabad,temporal,baseline16,126,spike,1.0,transient,0.0
Ahmedabad,temporal,baseline16,126,spike,1.0,transient,0.0
Ahmedabad,temporal,baseline16,126,spike,1.0,transient,0.0
Ahmedabad,temporal,baseline16,126,spike,1.0,transient,0.0
Ahmedabad,temporal,baseline16,126,drift,1.0,persistent,5.0
Ahmedabad,temporal,baseline16,126,drift,0.0,persistent,
Ahmedabad,temporal,baseline16,126,drift,1.0,persistent,10.0
Ahmedabad,temporal,baseline16,126,drift,1.0,persistent,2.0
Ahmedabad,temporal,baseline16,126,drift,1.0,persistent,7.0
Ahmedabad,temporal,baseline16,126,drift,1.0,persistent,10.0
Ahmedabad,temporal,baseline16,126,bias,0.0,persistent,
Ahmedabad,temporal,baseline16,126,bias,0.0,persistent,
Ahmedabad,temporal,baseline16,126,bias,0.0,persistent,
Ahmedabad,temporal,baseline16,126,bias,0.0,persistent,
Ahmedabad,temporal,baseline16,126,bias,0.0,persistent,
Ahmedabad,temporal,baseline16,126,bias,0.0,persistent,
Ahmedabad,temporal,baseline16,126,stuck_at,1.0,persistent,0.0
Ahmedabad,temporal,baseline16,126,stuck_at,1.0,persistent,0.0
Ahmedabad,temporal,baseline16,126,stuck_at,1.0,persistent,0.0
Ahmedabad,temporal,baseline16,126,stuck_at,1.0,persistent,0.0
Ahmedabad,temporal,baseline16,126,stuck_at,1.0,persistent,0.0
Ahmedabad,temporal,baseline16,126,stuck_at,1.0,persistent,0.0
Ahmedabad,temporal,baseline16,126,noise_burst,0.0,persistent,
Ahmedabad,temporal,baseline16,126,noise_burst,1.0,persistent,5.0
Ahmedabad,temporal,baseline16,126,noise_burst,0.0,persistent,
Ahmedabad,temporal,baseline16,126,noise_burst,1.0,persistent,11.0
Ahmedabad,temporal,baseline16,126,noise_burst,1.0,persistent,2.0
Ahmedabad,temporal,baseline16,126,noise_burst,1.0,persistent,0.0
Ahmedabad,temporal,baseline16,126,intermittent_spikes,1.0,transient,4.0
Ahmedabad,temporal,baseline16,126,intermittent_spikes,1.0,transient,6.0
Ahmedabad,temporal,baseline16,126,intermittent_spikes,1.0,transient,0.0
Ahmedabad,temporal,baseline16,126,intermittent_spikes,1.0,transient,0.0
Ahmedabad,temporal,baseline16,126,intermittent_spikes,1.0,transient,5.0
Ahmedabad,temporal,baseline16,126,intermittent_spikes,1.0,transient,3.0
Ahmedabad,temporal,baseline16,126,drift_plus_noise,1.0,persistent,7.0
Ahmedabad,temporal,baseline16,126,drift_plus_noise,0.0,persistent,
Ahmedabad,temporal,baseline16,126,drift_plus_noise,1.0,persistent,13.0
Ahmedabad,temporal,baseline16,126,bias_plus_spikes,1.0,persistent,0.0
Ahmedabad,temporal,baseline16,126,bias_plus_spikes,1.0,persistent,4.0
Ahmedabad,temporal,baseline16,126,bias_plus_spikes,1.0,persistent,8.0
Ahmedabad,station,baseline16,126,spike,1.0,transient,0.0
Ahmedabad,station,baseline16,126,spike,0.0,transient,
Ahmedabad,station,baseline16,126,spike,1.0,transient,0.0
Ahmedabad,station,baseline16,126,spike,0.0,transient,
Ahmedabad,station,baseline16,126,spike,0.0,transient,
Ahmedabad,station,baseline16,126,spike,1.0,transient,0.0
Ahmedabad,station,baseline16,126,spike,1.0,transient,0.0
Ahmedabad,station,baseline16,126,spike,1.0,transient,0.0
Ahmedabad,station,baseline16,126,spike,1.0,transient,0.0
Ahmedabad,station,baseline16,126,spike,1.0,transient,0.0
Ahmedabad,station,baseline16,126,spike,1.0,transient,0.0
Ahmedabad,station,baseline16,126,spike,1.0,transient,0.0
Ahmedabad,station,baseline16,126,spike,1.0,transient,0.0
Ahmedabad,station,baseline16,126,spike,1.0,transient,0.0
Ahmedabad,station,baseline16,126,spike,1.0,transient,0.0
Ahmedabad,station,baseline16,126,spike,1.0,transient,0.0
Ahmedabad,station,baseline16,126,spike,1.0,transient,0.0
Ahmedabad,station,baseline16,126,spike,0.0,transient,
Ahmedabad,station,baseline16,126,spike,1.0,transient,0.0
Ahmedabad,station,baseline16,126,spike,1.0,transient,0.0
Ahmedabad,station,baseline16,126,spike,1.0,transient,0.0
Ahmedabad,station,baseline16,126,spike,1.0,transient,0.0
Ahmedabad,station,baseline16,126,spike,1.0,transient,0.0
Ahmedabad,station,baseline16,126,spike,1.0,transient,0.0
Ahmedabad,station,baseline16,126,drift,1.0,persistent,5.0
Ahmedabad,station,baseline16,126,drift,0.0,persistent,
Ahmedabad,station,baseline16,126,drift,0.0,persistent,
Ahmedabad,station,baseline16,126,drift,1.0,persistent,2.0
Ahmedabad,station,baseline16,126,drift,1.0,persistent,7.0
Ahmedabad,station,baseline16,126,drift,0.0,persistent,
Ahmedabad,station,baseline16,126,bias,0.0,persistent,
Ahmedabad,station,baseline16,126,bias,0.0,persistent,
Ahmedabad,station,baseline16,126,bias,0.0,persistent,
Ahmedabad,station,baseline16,126,bias,0.0,persistent,
Ahmedabad,station,baseline16,126,bias,1.0,persistent,8.0
Ahmedabad,station,baseline16,126,bias,1.0,persistent,8.0
Ahmedabad,station,baseline16,126,stuck_at,1.0,persistent,0.0
Ahmedabad,station,baseline16,126,stuck_at,1.0,persistent,0.0
Ahmedabad,station,baseline16,126,stuck_at,1.0,persistent,0.0
Ahmedabad,station,baseline16,126,stuck_at,1.0,persistent,0.0
Ahmedabad,station,baseline16,126,stuck_at,1.0,persistent,0.0
Ahmedabad,station,baseline16,126,stuck_at,1.0,persistent,0.0
Ahmedabad,station,baseline16,126,noise_burst,0.0,persistent,
Ahmedabad,station,baseline16,126,noise_burst,1.0,persistent,5.0
Ahmedabad,station,baseline16,126,noise_burst,0.0,persistent,
Ahmedabad,station,baseline16,126,noise_burst,1.0,persistent,11.0
Ahmedabad,station,baseline16,126,noise_burst,1.0,persistent,2.0
Ahmedabad,station,baseline16,126,noise_burst,1.0,persistent,2.0
Ahmedabad,station,baseline16,126,intermittent_spikes,1.0,transient,4.0
Ahmedabad,station,baseline16,126,intermittent_spikes,1.0,transient,6.0
Ahmedabad,station,baseline16,126,intermittent_spikes,1.0,transient,0.0
Ahmedabad,station,baseline16,126,intermittent_spikes,1.0,transient,0.0
Ahmedabad,station,baseline16,126,intermittent_spikes,1.0,transient,3.0
Ahmedabad,station,baseline16,126,intermittent_spikes,1.0,transient,0.0
Ahmedabad,station,baseline16,126,drift_plus_noise,1.0,persistent,10.0
Ahmedabad,station,baseline16,126,drift_plus_noise,0.0,persistent,
Ahmedabad,station,baseline16,126,drift_plus_noise,1.0,persistent,13.0
Ahmedabad,station,baseline16,126,bias_plus_spikes,1.0,persistent,0.0
Ahmedabad,station,baseline16,126,bias_plus_spikes,1.0,persistent,4.0
Ahmedabad,station,baseline16,126,bias_plus_spikes,1.0,persistent,8.0
Ahmedabad,in_domain,clim_short17,104,spike,1.0,transient,0.0
Ahmedabad,in_domain,clim_short17,104,spike,1.0,transient,0.0
Ahmedabad,in_domain,clim_short17,104,spike,1.0,transient,0.0
Ahmedabad,in_domain,clim_short17,104,spike,1.0,transient,0.0
Ahmedabad,in_domain,clim_short17,104,spike,1.0,transient,0.0
Ahmedabad,in_domain,clim_short17,104,spike,1.0,transient,0.0
Ahmedabad,in_domain,clim_short17,104,spike,1.0,transient,0.0
Ahmedabad,in_domain,clim_short17,104,spike,1.0,transient,0.0
Ahmedabad,in_domain,clim_short17,104,spike,1.0,transient,0.0
Ahmedabad,in_domain,clim_short17,104,spike,1.0,transient,0.0
Ahmedabad,in_domain,clim_short17,104,spike,1.0,transient,0.0
Ahmedabad,in_domain,clim_short17,104,spike,1.0,transient,0.0
Ahmedabad,in_domain,clim_short17,104,spike,1.0,transient,0.0
Ahmedabad,in_domain,clim_short17,104,spike,1.0,transient,0.0
Ahmedabad,in_domain,clim_short17,104,spike,1.0,transient,0.0
Ahmedabad,in_domain,clim_short17,104,spike,1.0,transient,0.0
Ahmedabad,in_domain,clim_short17,104,spike,1.0,transient,0.0
Ahmedabad,in_domain,clim_short17,104,spike,0.0,transient,
Ahmedabad,in_domain,clim_short17,104,spike,1.0,transient,0.0
Ahmedabad,in_domain,clim_short17,104,spike,1.0,transient,0.0
Ahmedabad,in_domain,clim_short17,104,spike,1.0,transient,0.0
Ahmedabad,in_domain,clim_short17,104,spike,1.0,transient,1.0
Ahmedabad,in_domain,clim_short17,104,spike,1.0,transient,0.0
Ahmedabad,in_domain,clim_short17,104,spike,1.0,transient,0.0
Ahmedabad,in_domain,clim_short17,104,drift,1.0,persistent,7.0
Ahmedabad,in_domain,clim_short17,104,drift,1.0,persistent,11.0
Ahmedabad,in_domain,clim_short17,104,drift,1.0,persistent,6.0
Ahmedabad,in_domain,clim_short17,104,drift,1.0,persistent,9.0
Ahmedabad,in_domain,clim_short17,104,drift,1.0,persistent,8.0
Ahmedabad,in_domain,clim_short17,104,drift,1.0,persistent,12.0
Ahmedabad,in_domain,clim_short17,104,bias,0.0,persistent,
Ahmedabad,in_domain,clim_short17,104,bias,1.0,persistent,6.0
Ahmedabad,in_domain,clim_short17,104,bias,1.0,persistent,0.0
Ahmedabad,in_domain,clim_short17,104,bias,1.0,persistent,12.0
Ahmedabad,in_domain,clim_short17,104,bias,1.0,persistent,1.0
Ahmedabad,in_domain,clim_short17,104,bias,0.0,persistent,
Ahmedabad,in_domain,clim_short17,104,stuck_at,1.0,persistent,0.0
Ahmedabad,in_domain,clim_short17,104,stuck_at,1.0,persistent,0.0
Ahmedabad,in_domain,clim_short17,104,stuck_at,1.0,persistent,0.0
Ahmedabad,in_domain,clim_short17,104,stuck_at,1.0,persistent,0.0
Ahmedabad,in_domain,clim_short17,104,stuck_at,1.0,persistent,0.0
Ahmedabad,in_domain,clim_short17,104,stuck_at,1.0,persistent,0.0
Ahmedabad,in_domain,clim_short17,104,noise_burst,1.0,persistent,0.0
Ahmedabad,in_domain,clim_short17,104,noise_burst,1.0,persistent,6.0
Ahmedabad,in_domain,clim_short17,104,noise_burst,1.0,persistent,6.0
Ahmedabad,in_domain,clim_short17,104,noise_burst,1.0,persistent,1.0
Ahmedabad,in_domain,clim_short17,104,noise_burst,1.0,persistent,0.0
Ahmedabad,in_domain,clim_short17,104,noise_burst,1.0,persistent,0.0
Ahmedabad,in_domain,clim_short17,104,intermittent_spikes,1.0,transient,0.0
Ahmedabad,in_domain,clim_short17,104,intermittent_spikes,1.0,transient,0.0
Ahmedabad,in_domain,clim_short17,104,intermittent_spikes,1.0,transient,0.0
Ahmedabad,in_domain,clim_short17,104,intermittent_spikes,1.0,transient,0.0
Ahmedabad,in_domain,clim_short17,104,intermittent_spikes,1.0,transient,0.0
Ahmedabad,in_domain,clim_short17,104,intermittent_spikes,1.0,transient,0.0
Ahmedabad,in_domain,clim_short17,104,drift_plus_noise,1.0,persistent,0.0
Ahmedabad,in_domain,clim_short17,104,drift_plus_noise,1.0,persistent,3.0
Ahmedabad,in_domain,clim_short17,104,drift_plus_noise,0.0,persistent,
Ahmedabad,in_domain,clim_short17,104,bias_plus_spikes,1.0,persistent,0.0
Ahmedabad,in_domain,clim_short17,104,bias_plus_spikes,1.0,persistent,0.0
Ahmedabad,in_domain,clim_short17,104,bias_plus_spikes,1.0,persistent,0.0
Ahmedabad,temporal,clim_short17,104,spike,0.0,transient,
Ahmedabad,temporal,clim_short17,104,spike,1.0,transient,0.0
Ahmedabad,temporal,clim_short17,104,spike,1.0,transient,0.0
Ahmedabad,temporal,clim_short17,104,spike,1.0,transient,0.0
Ahmedabad,temporal,clim_short17,104,spike,1.0,transient,0.0
Ahmedabad,temporal,clim_short17,104,spike,1.0,transient,0.0
Ahmedabad,temporal,clim_short17,104,spike,0.0,transient,
Ahmedabad,temporal,clim_short17,104,spike,1.0,transient,0.0
Ahmedabad,temporal,clim_short17,104,spike,0.0,transient,
Ahmedabad,temporal,clim_short17,104,spike,1.0,transient,0.0
Ahmedabad,temporal,clim_short17,104,spike,1.0,transient,0.0
Ahmedabad,temporal,clim_short17,104,spike,1.0,transient,0.0
Ahmedabad,temporal,clim_short17,104,spike,1.0,transient,0.0
Ahmedabad,temporal,clim_short17,104,spike,1.0,transient,0.0
Ahmedabad,temporal,clim_short17,104,spike,1.0,transient,0.0
Ahmedabad,temporal,clim_short17,104,spike,1.0,transient,0.0
Ahmedabad,temporal,clim_short17,104,spike,0.0,transient,
Ahmedabad,temporal,clim_short17,104,spike,1.0,transient,0.0
Ahmedabad,temporal,clim_short17,104,spike,1.0,transient,0.0
Ahmedabad,temporal,clim_short17,104,spike,1.0,transient,0.0
Ahmedabad,temporal,clim_short17,104,spike,1.0,transient,0.0
Ahmedabad,temporal,clim_short17,104,spike,1.0,transient,0.0
Ahmedabad,temporal,clim_short17,104,spike,1.0,transient,0.0
Ahmedabad,temporal,clim_short17,104,spike,1.0,transient,0.0
Ahmedabad,temporal,clim_short17,104,drift,0.0,persistent,
Ahmedabad,temporal,clim_short17,104,drift,0.0,persistent,
Ahmedabad,temporal,clim_short17,104,drift,1.0,persistent,4.0
Ahmedabad,temporal,clim_short17,104,drift,0.0,persistent,
Ahmedabad,temporal,clim_short17,104,drift,1.0,persistent,12.0
Ahmedabad,temporal,clim_short17,104,drift,1.0,persistent,0.0
Ahmedabad,temporal,clim_short17,104,bias,0.0,persistent,
Ahmedabad,temporal,clim_short17,104,bias,0.0,persistent,
Ahmedabad,temporal,clim_short17,104,bias,1.0,persistent,8.0
Ahmedabad,temporal,clim_short17,104,bias,1.0,persistent,6.0
Ahmedabad,temporal,clim_short17,104,bias,1.0,persistent,5.0
Ahmedabad,temporal,clim_short17,104,bias,1.0,persistent,4.0
Ahmedabad,temporal,clim_short17,104,stuck_at,1.0,persistent,0.0
Ahmedabad,temporal,clim_short17,104,stuck_at,1.0,persistent,0.0
Ahmedabad,temporal,clim_short17,104,stuck_at,1.0,persistent,0.0
Ahmedabad,temporal,clim_short17,104,stuck_at,1.0,persistent,0.0
Ahmedabad,temporal,clim_short17,104,stuck_at,1.0,persistent,0.0
Ahmedabad,temporal,clim_short17,104,stuck_at,1.0,persistent,0.0
Ahmedabad,temporal,clim_short17,104,noise_burst,0.0,persistent,
Ahmedabad,temporal,clim_short17,104,noise_burst,1.0,persistent,4.0
Ahmedabad,temporal,clim_short17,104,noise_burst,1.0,persistent,5.0
Ahmedabad,temporal,clim_short17,104,noise_burst,1.0,persistent,3.0
Ahmedabad,temporal,clim_short17,104,noise_burst,1.0,persistent,0.0
Ahmedabad,temporal,clim_short17,104,noise_burst,1.0,persistent,1.0
Ahmedabad,temporal,clim_short17,104,intermittent_spikes,1.0,transient,0.0
Ahmedabad,temporal,clim_short17,104,intermittent_spikes,1.0,transient,0.0
Ahmedabad,temporal,clim_short17,104,intermittent_spikes,1.0,transient,0.0
Ahmedabad,temporal,clim_short17,104,intermittent_spikes,1.0,transient,0.0
Ahmedabad,temporal,clim_short17,104,intermittent_spikes,1.0,transient,0.0
Ahmedabad,temporal,clim_short17,104,intermittent_spikes,1.0,transient,0.0
Ahmedabad,temporal,clim_short17,104,drift_plus_noise,1.0,persistent,10.0
Ahmedabad,temporal,clim_short17,104,drift_plus_noise,1.0,persistent,8.0
Ahmedabad,temporal,clim_short17,104,drift_plus_noise,1.0,persistent,8.0
Ahmedabad,temporal,clim_short17,104,bias_plus_spikes,1.0,persistent,0.0
Ahmedabad,temporal,clim_short17,104,bias_plus_spikes,1.0,persistent,2.0
Ahmedabad,temporal,clim_short17,104,bias_plus_spikes,1.0,persistent,0.0
Ahmedabad,station,clim_short17,104,spike,0.0,transient,
Ahmedabad,station,clim_short17,104,spike,1.0,transient,0.0
Ahmedabad,station,clim_short17,104,spike,1.0,transient,0.0
Ahmedabad,station,clim_short17,104,spike,1.0,transient,0.0
Ahmedabad,station,clim_short17,104,spike,1.0,transient,0.0
Ahmedabad,station,clim_short17,104,spike,1.0,transient,0.0
Ahmedabad,station,clim_short17,104,spike,0.0,transient,
Ahmedabad,station,clim_short17,104,spike,1.0,transient,0.0
Ahmedabad,station,clim_short17,104,spike,0.0,transient,
Ahmedabad,station,clim_short17,104,spike,1.0,transient,0.0
Ahmedabad,station,clim_short17,104,spike,1.0,transient,0.0
Ahmedabad,station,clim_short17,104,spike,1.0,transient,0.0
Ahmedabad,station,clim_short17,104,spike,1.0,transient,0.0
Ahmedabad,station,clim_short17,104,spike,1.0,transient,0.0
Ahmedabad,station,clim_short17,104,spike,1.0,transient,0.0
Ahmedabad,station,clim_short17,104,spike,1.0,transient,0.0
Ahmedabad,station,clim_short17,104,spike,1.0,transient,0.0
Ahmedabad,station,clim_short17,104,spike,1.0,transient,0.0
Ahmedabad,station,clim_short17,104,spike,1.0,transient,0.0
Ahmedabad,station,clim_short17,104,spike,0.0,transient,
Ahmedabad,station,clim_short17,104,spike,1.0,transient,0.0
Ahmedabad,station,clim_short17,104,spike,1.0,transient,0.0
Ahmedabad,station,clim_short17,104,spike,1.0,transient,0.0
Ahmedabad,station,clim_short17,104,spike,1.0,transient,0.0
Ahmedabad,station,clim_short17,104,drift,0.0,persistent,
Ahmedabad,station,clim_short17,104,drift,0.0,persistent,
Ahmedabad,station,clim_short17,104,drift,1.0,persistent,14.0
Ahmedabad,station,clim_short17,104,drift,1.0,persistent,8.0
Ahmedabad,station,clim_short17,104,drift,1.0,persistent,12.0
Ahmedabad,station,clim_short17,104,drift,1.0,persistent,0.0
Ahmedabad,station,clim_short17,104,bias,0.0,persistent,
Ahmedabad,station,clim_short17,104,bias,0.0,persistent,
Ahmedabad,station,clim_short17,104,bias,0.0,persistent,
Ahmedabad,station,clim_short17,104,bias,1.0,persistent,6.0
Ahmedabad,station,clim_short17,104,bias,1.0,persistent,5.0
Ahmedabad,station,clim_short17,104,bias,1.0,persistent,3.0
Ahmedabad,station,clim_short17,104,stuck_at,1.0,persistent,0.0
Ahmedabad,station,clim_short17,104,stuck_at,1.0,persistent,0.0
Ahmedabad,station,clim_short17,104,stuck_at,1.0,persistent,0.0
Ahmedabad,station,clim_short17,104,stuck_at,1.0,persistent,0.0
Ahmedabad,station,clim_short17,104,stuck_at,1.0,persistent,0.0
Ahmedabad,station,clim_short17,104,stuck_at,1.0,persistent,0.0
Ahmedabad,station,clim_short17,104,noise_burst,0.0,persistent,
Ahmedabad,station,clim_short17,104,noise_burst,1.0,persistent,4.0
Ahmedabad,station,clim_short17,104,noise_burst,1.0,persistent,5.0
Ahmedabad,station,clim_short17,104,noise_burst,1.0,persistent,3.0
Ahmedabad,station,clim_short17,104,noise_burst,1.0,persistent,0.0
Ahmedabad,station,clim_short17,104,noise_burst,1.0,persistent,1.0
Ahmedabad,station,clim_short17,104,intermittent_spikes,1.0,transient,0.0
Ahmedabad,station,clim_short17,104,intermittent_spikes,1.0,transient,0.0
Ahmedabad,station,clim_short17,104,intermittent_spikes,1.0,transient,0.0
Ahmedabad,station,clim_short17,104,intermittent_spikes,1.0,transient,0.0
Ahmedabad,station,clim_short17,104,intermittent_spikes,1.0,transient,0.0
Ahmedabad,station,clim_short17,104,intermittent_spikes,1.0,transient,0.0
Ahmedabad,station,clim_short17,104,drift_plus_noise,1.0,persistent,10.0
Ahmedabad,station,clim_short17,104,drift_plus_noise,1.0,persistent,7.0
Ahmedabad,station,clim_short17,104,drift_plus_noise,1.0,persistent,8.0
Ahmedabad,station,clim_short17,104,bias_plus_spikes,1.0,persistent,0.0
Ahmedabad,station,clim_short17,104,bias_plus_spikes,1.0,persistent,2.0
Ahmedabad,station,clim_short17,104,bias_plus_spikes,1.0,persistent,0.0
Ahmedabad,in_domain,clim_short17,115,spike,1.0,transient,0.0
Ahmedabad,in_domain,clim_short17,115,spike,1.0,transient,0.0
Ahmedabad,in_domain,clim_short17,115,spike,0.0,transient,
Ahmedabad,in_domain,clim_short17,115,spike,1.0,transient,0.0
Ahmedabad,in_domain,clim_short17,115,spike,1.0,transient,0.0
Ahmedabad,in_domain,clim_short17,115,spike,1.0,transient,0.0
Ahmedabad,in_domain,clim_short17,115,spike,0.0,transient,
Ahmedabad,in_domain,clim_short17,115,spike,1.0,transient,0.0
Ahmedabad,in_domain,clim_short17,115,spike,1.0,transient,0.0
Ahmedabad,in_domain,clim_short17,115,spike,1.0,transient,0.0
Ahmedabad,in_domain,clim_short17,115,spike,1.0,transient,0.0
Ahmedabad,in_domain,clim_short17,115,spike,1.0,transient,0.0
Ahmedabad,in_domain,clim_short17,115,spike,1.0,transient,0.0
Ahmedabad,in_domain,clim_short17,115,spike,1.0,transient,0.0
Ahmedabad,in_domain,clim_short17,115,spike,1.0,transient,0.0
Ahmedabad,in_domain,clim_short17,115,spike,1.0,transient,0.0
Ahmedabad,in_domain,clim_short17,115,spike,1.0,transient,0.0
Ahmedabad,in_domain,clim_short17,115,spike,1.0,transient,0.0
Ahmedabad,in_domain,clim_short17,115,spike,1.0,transient,0.0
Ahmedabad,in_domain,clim_short17,115,spike,1.0,transient,0.0
Ahmedabad,in_domain,clim_short17,115,spike,1.0,transient,0.0
Ahmedabad,in_domain,clim_short17,115,spike,1.0,transient,0.0
Ahmedabad,in_domain,clim_short17,115,spike,1.0,transient,0.0
Ahmedabad,in_domain,clim_short17,115,spike,0.0,transient,
Ahmedabad,in_domain,clim_short17,115,drift,1.0,persistent,1.0
Ahmedabad,in_domain,clim_short17,115,drift,1.0,persistent,12.0
Ahmedabad,in_domain,clim_short17,115,drift,1.0,persistent,1.0
Ahmedabad,in_domain,clim_short17,115,drift,1.0,persistent,12.0
Ahmedabad,in_domain,clim_short17,115,drift,1.0,persistent,10.0
Ahmedabad,in_domain,clim_short17,115,drift,0.0,persistent,
Ahmedabad,in_domain,clim_short17,115,bias,0.0,persistent,
Ahmedabad,in_domain,clim_short17,115,bias,0.0,persistent,
Ahmedabad,in_domain,clim_short17,115,bias,1.0,persistent,1.0
Ahmedabad,in_domain,clim_short17,115,bias,1.0,persistent,2.0
Ahmedabad,in_domain,clim_short17,115,bias,1.0,persistent,7.0
Ahmedabad,in_domain,clim_short17,115,bias,0.0,persistent,
Ahmedabad,in_domain,clim_short17,115,stuck_at,1.0,persistent,0.0
Ahmedabad,in_domain,clim_short17,115,stuck_at,1.0,persistent,0.0
Ahmedabad,in_domain,clim_short17,115,stuck_at,1.0,persistent,0.0
Ahmedabad,in_domain,clim_short17,115,stuck_at,1.0,persistent,0.0
Ahmedabad,in_domain,clim_short17,115,stuck_at,1.0,persistent,0.0
Ahmedabad,in_domain,clim_short17,115,stuck_at,1.0,persistent,0.0
Ahmedabad,in_domain,clim_short17,115,noise_burst,0.0,persistent,
Ahmedabad,in_domain,clim_short17,115,noise_burst,1.0,persistent,2.0
Ahmedabad,in_domain,clim_short17,115,noise_burst,1.0,persistent,2.0
Ahmedabad,in_domain,clim_short17,115,noise_burst,1.0,persistent,0.0
Ahmedabad,in_domain,clim_short17,115,noise_burst,1.0,persistent,5.0
Ahmedabad,in_domain,clim_short17,115,noise_burst,1.0,persistent,0.0
Ahmedabad,in_domain,clim_short17,115,intermittent_spikes,1.0,transient,0.0
Ahmedabad,in_domain,clim_short17,115,intermittent_spikes,1.0,transient,7.0
Ahmedabad,in_domain,clim_short17,115,intermittent_spikes,1.0,transient,0.0
Ahmedabad,in_domain,clim_short17,115,intermittent_spikes,1.0,transient,0.0
Ahmedabad,in_domain,clim_short17,115,intermittent_spikes,1.0,transient,0.0
Ahmedabad,in_domain,clim_short17,115,intermittent_spikes,1.0,transient,0.0
Ahmedabad,in_domain,clim_short17,115,drift_plus_noise,0.0,persistent,
Ahmedabad,in_domain,clim_short17,115,drift_plus_noise,1.0,persistent,6.0
Ahmedabad,in_domain,clim_short17,115,drift_plus_noise,1.0,persistent,3.0
Ahmedabad,in_domain,clim_short17,115,bias_plus_spikes,1.0,persistent,0.0
Ahmedabad,in_domain,clim_short17,115,bias_plus_spikes,1.0,persistent,0.0
Ahmedabad,in_domain,clim_short17,115,bias_plus_spikes,1.0,persistent,0.0
Ahmedabad,temporal,clim_short17,115,spike,1.0,transient,0.0
Ahmedabad,temporal,clim_short17,115,spike,0.0,transient,
Ahmedabad,temporal,clim_short17,115,spike,0.0,transient,
Ahmedabad,temporal,clim_short17,115,spike,1.0,transient,0.0
Ahmedabad,temporal,clim_short17,115,spike,1.0,transient,0.0
Ahmedabad,temporal,clim_short17,115,spike,1.0,transient,0.0
Ahmedabad,temporal,clim_short17,115,spike,0.0,transient,
Ahmedabad,temporal,clim_short17,115,spike,1.0,transient,0.0
Ahmedabad,temporal,clim_short17,115,spike,1.0,transient,0.0
Ahmedabad,temporal,clim_short17,115,spike,1.0,transient,0.0
Ahmedabad,temporal,clim_short17,115,spike,1.0,transient,0.0
Ahmedabad,temporal,clim_short17,115,spike,1.0,transient,0.0
Ahmedabad,temporal,clim_short17,115,spike,1.0,transient,0.0
Ahmedabad,temporal,clim_short17,115,spike,1.0,transient,0.0
Ahmedabad,temporal,clim_short17,115,spike,1.0,transient,0.0
Ahmedabad,temporal,clim_short17,115,spike,1.0,transient,0.0
Ahmedabad,temporal,clim_short17,115,spike,0.0,transient,
Ahmedabad,temporal,clim_short17,115,spike,1.0,transient,0.0
Ahmedabad,temporal,clim_short17,115,spike,1.0,transient,0.0
Ahmedabad,temporal,clim_short17,115,spike,1.0,transient,0.0
Ahmedabad,temporal,clim_short17,115,spike,1.0,transient,0.0
Ahmedabad,temporal,clim_short17,115,spike,1.0,transient,0.0
Ahmedabad,temporal,clim_short17,115,spike,1.0,transient,0.0
Ahmedabad,temporal,clim_short17,115,spike,0.0,transient,
Ahmedabad,temporal,clim_short17,115,drift,1.0,persistent,13.0
Ahmedabad,temporal,clim_short17,115,drift,1.0,persistent,2.0
Ahmedabad,temporal,clim_short17,115,drift,0.0,persistent,
Ahmedabad,temporal,clim_short17,115,drift,1.0,persistent,6.0
Ahmedabad,temporal,clim_short17,115,drift,1.0,persistent,11.0
Ahmedabad,temporal,clim_short17,115,drift,1.0,persistent,7.0
Ahmedabad,temporal,clim_short17,115,bias,1.0,persistent,6.0
Ahmedabad,temporal,clim_short17,115,bias,0.0,persistent,
Ahmedabad,temporal,clim_short17,115,bias,0.0,persistent,
Ahmedabad,temporal,clim_short17,115,bias,0.0,persistent,
Ahmedabad,temporal,clim_short17,115,bias,1.0,persistent,8.0
Ahmedabad,temporal,clim_short17,115,bias,0.0,persistent,
Ahmedabad,temporal,clim_short17,115,stuck_at,1.0,persistent,0.0
Ahmedabad,temporal,clim_short17,115,stuck_at,1.0,persistent,0.0
Ahmedabad,temporal,clim_short17,115,stuck_at,1.0,persistent,0.0
Ahmedabad,temporal,clim_short17,115,stuck_at,1.0,persistent,0.0
Ahmedabad,temporal,clim_short17,115,stuck_at,1.0,persistent,0.0
Ahmedabad,temporal,clim_short17,115,stuck_at,1.0,persistent,0.0
Ahmedabad,temporal,clim_short17,115,noise_burst,1.0,persistent,8.0
Ahmedabad,temporal,clim_short17,115,noise_burst,1.0,persistent,2.0
Ahmedabad,temporal,clim_short17,115,noise_burst,1.0,persistent,2.0
Ahmedabad,temporal,clim_short17,115,noise_burst,1.0,persistent,0.0
Ahmedabad,temporal,clim_short17,115,noise_burst,1.0,persistent,2.0
Ahmedabad,temporal,clim_short17,115,noise_burst,1.0,persistent,0.0
Ahmedabad,temporal,clim_short17,115,intermittent_spikes,1.0,transient,0.0
Ahmedabad,temporal,clim_short17,115,intermittent_spikes,1.0,transient,0.0
Ahmedabad,temporal,clim_short17,115,intermittent_spikes,1.0,transient,0.0
Ahmedabad,temporal,clim_short17,115,intermittent_spikes,1.0,transient,0.0
Ahmedabad,temporal,clim_short17,115,intermittent_spikes,1.0,transient,0.0
Ahmedabad,temporal,clim_short17,115,intermittent_spikes,1.0,transient,0.0
Ahmedabad,temporal,clim_short17,115,drift_plus_noise,0.0,persistent,
Ahmedabad,temporal,clim_short17,115,drift_plus_noise,1.0,persistent,0.0
Ahmedabad,temporal,clim_short17,115,drift_plus_noise,1.0,persistent,14.0
Ahmedabad,temporal,clim_short17,115,bias_plus_spikes,1.0,persistent,1.0
Ahmedabad,temporal,clim_short17,115,bias_plus_spikes,1.0,persistent,2.0
Ahmedabad,temporal,clim_short17,115,bias_plus_spikes,1.0,persistent,1.0
Ahmedabad,station,clim_short17,115,spike,0.0,transient,
Ahmedabad,station,clim_short17,115,spike,0.0,transient,
Ahmedabad,station,clim_short17,115,spike,0.0,transient,
Ahmedabad,station,clim_short17,115,spike,1.0,transient,0.0
Ahmedabad,station,clim_short17,115,spike,1.0,transient,0.0
Ahmedabad,station,clim_short17,115,spike,1.0,transient,0.0
Ahmedabad,station,clim_short17,115,spike,0.0,transient,
Ahmedabad,station,clim_short17,115,spike,0.0,transient,
Ahmedabad,station,clim_short17,115,spike,1.0,transient,0.0
Ahmedabad,station,clim_short17,115,spike,1.0,transient,0.0
Ahmedabad,station,clim_short17,115,spike,0.0,transient,
Ahmedabad,station,clim_short17,115,spike,1.0,transient,0.0
Ahmedabad,station,clim_short17,115,spike,1.0,transient,0.0
Ahmedabad,station,clim_short17,115,spike,0.0,transient,
Ahmedabad,station,clim_short17,115,spike,1.0,transient,0.0
Ahmedabad,station,clim_short17,115,spike,1.0,transient,0.0
Ahmedabad,station,clim_short17,115,spike,0.0,transient,
Ahmedabad,station,clim_short17,115,spike,1.0,transient,0.0
Ahmedabad,station,clim_short17,115,spike,1.0,transient,0.0
Ahmedabad,station,clim_short17,115,spike,1.0,transient,0.0
Ahmedabad,station,clim_short17,115,spike,1.0,transient,0.0
Ahmedabad,station,clim_short17,115,spike,1.0,transient,0.0
Ahmedabad,station,clim_short17,115,spike,1.0,transient,0.0
Ahmedabad,station,clim_short17,115,spike,0.0,transient,
Ahmedabad,station,clim_short17,115,drift,1.0,persistent,14.0
Ahmedabad,station,clim_short17,115,drift,1.0,persistent,5.0
Ahmedabad,station,clim_short17,115,drift,0.0,persistent,
Ahmedabad,station,clim_short17,115,drift,1.0,persistent,13.0
Ahmedabad,station,clim_short17,115,drift,1.0,persistent,15.0
Ahmedabad,station,clim_short17,115,drift,1.0,persistent,7.0
Ahmedabad,station,clim_short17,115,bias,0.0,persistent,
Ahmedabad,station,clim_short17,115,bias,0.0,persistent,
Ahmedabad,station,clim_short17,115,bias,1.0,persistent,0.0
Ahmedabad,station,clim_short17,115,bias,0.0,persistent,
Ahmedabad,station,clim_short17,115,bias,1.0,persistent,9.0
Ahmedabad,station,clim_short17,115,bias,0.0,persistent,
Ahmedabad,station,clim_short17,115,stuck_at,1.0,persistent,0.0
Ahmedabad,station,clim_short17,115,stuck_at,1.0,persistent,0.0
Ahmedabad,station,clim_short17,115,stuck_at,1.0,persistent,0.0
Ahmedabad,station,clim_short17,115,stuck_at,1.0,persistent,0.0
Ahmedabad,station,clim_short17,115,stuck_at,1.0,persistent,0.0
Ahmedabad,station,clim_short17,115,stuck_at,1.0,persistent,0.0
Ahmedabad,station,clim_short17,115,noise_burst,0.0,persistent,
Ahmedabad,station,clim_short17,115,noise_burst,1.0,persistent,2.0
Ahmedabad,station,clim_short17,115,noise_burst,1.0,persistent,2.0
Ahmedabad,station,clim_short17,115,noise_burst,1.0,persistent,0.0
Ahmedabad,station,clim_short17,115,noise_burst,1.0,persistent,2.0
Ahmedabad,station,clim_short17,115,noise_burst,1.0,persistent,0.0
Ahmedabad,station,clim_short17,115,intermittent_spikes,1.0,transient,0.0
Ahmedabad,station,clim_short17,115,intermittent_spikes,1.0,transient,0.0
Ahmedabad,station,clim_short17,115,intermittent_spikes,1.0,transient,0.0
Ahmedabad,station,clim_short17,115,intermittent_spikes,1.0,transient,0.0
Ahmedabad,station,clim_short17,115,intermittent_spikes,1.0,transient,0.0
Ahmedabad,station,clim_short17,115,intermittent_spikes,1.0,transient,0.0
Ahmedabad,station,clim_short17,115,drift_plus_noise,1.0,persistent,10.0
Ahmedabad,station,clim_short17,115,drift_plus_noise,1.0,persistent,0.0
Ahmedabad,station,clim_short17,115,drift_plus_noise,1.0,persistent,8.0
Ahmedabad,station,clim_short17,115,bias_plus_spikes,1.0,persistent,1.0
Ahmedabad,station,clim_short17,115,bias_plus_spikes,1.0,persistent,2.0
Ahmedabad,station,clim_short17,115,bias_plus_spikes,1.0,persistent,1.0
Ahmedabad,in_domain,clim_short17,126,spike,1.0,transient,0.0
Ahmedabad,in_domain,clim_short17,126,spike,1.0,transient,0.0
Ahmedabad,in_domain,clim_short17,126,spike,1.0,transient,0.0
Ahmedabad,in_domain,clim_short17,126,spike,1.0,transient,0.0
Ahmedabad,in_domain,clim_short17,126,spike,1.0,transient,0.0
Ahmedabad,in_domain,clim_short17,126,spike,1.0,transient,0.0
Ahmedabad,in_domain,clim_short17,126,spike,1.0,transient,0.0
Ahmedabad,in_domain,clim_short17,126,spike,1.0,transient,0.0
Ahmedabad,in_domain,clim_short17,126,spike,1.0,transient,0.0
Ahmedabad,in_domain,clim_short17,126,spike,1.0,transient,0.0
Ahmedabad,in_domain,clim_short17,126,spike,1.0,transient,0.0
Ahmedabad,in_domain,clim_short17,126,spike,1.0,transient,0.0
Ahmedabad,in_domain,clim_short17,126,spike,1.0,transient,0.0
Ahmedabad,in_domain,clim_short17,126,spike,1.0,transient,0.0
Ahmedabad,in_domain,clim_short17,126,spike,1.0,transient,0.0
Ahmedabad,in_domain,clim_short17,126,spike,1.0,transient,0.0
Ahmedabad,in_domain,clim_short17,126,spike,1.0,transient,0.0
Ahmedabad,in_domain,clim_short17,126,spike,1.0,transient,0.0
Ahmedabad,in_domain,clim_short17,126,spike,1.0,transient,0.0
Ahmedabad,in_domain,clim_short17,126,spike,1.0,transient,0.0
Ahmedabad,in_domain,clim_short17,126,spike,1.0,transient,0.0
Ahmedabad,in_domain,clim_short17,126,spike,1.0,transient,0.0
Ahmedabad,in_domain,clim_short17,126,spike,1.0,transient,0.0
Ahmedabad,in_domain,clim_short17,126,spike,1.0,transient,0.0
Ahmedabad,in_domain,clim_short17,126,drift,1.0,persistent,2.0
Ahmedabad,in_domain,clim_short17,126,drift,1.0,persistent,4.0
Ahmedabad,in_domain,clim_short17,126,drift,0.0,persistent,
Ahmedabad,in_domain,clim_short17,126,drift,1.0,persistent,4.0
Ahmedabad,in_domain,clim_short17,126,drift,1.0,persistent,4.0
Ahmedabad,in_domain,clim_short17,126,drift,0.0,persistent,
Ahmedabad,in_domain,clim_short17,126,bias,0.0,persistent,
Ahmedabad,in_domain,clim_short17,126,bias,0.0,persistent,
Ahmedabad,in_domain,clim_short17,126,bias,1.0,persistent,2.0
Ahmedabad,in_domain,clim_short17,126,bias,1.0,persistent,6.0
Ahmedabad,in_domain,clim_short17,126,bias,1.0,persistent,0.0
Ahmedabad,in_domain,clim_short17,126,bias,0.0,persistent,
Ahmedabad,in_domain,clim_short17,126,stuck_at,1.0,persistent,0.0
Ahmedabad,in_domain,clim_short17,126,stuck_at,1.0,persistent,0.0
Ahmedabad,in_domain,clim_short17,126,stuck_at,1.0,persistent,0.0
Ahmedabad,in_domain,clim_short17,126,stuck_at,1.0,persistent,0.0
Ahmedabad,in_domain,clim_short17,126,stuck_at,1.0,persistent,0.0
Ahmedabad,in_domain,clim_short17,126,stuck_at,1.0,persistent,0.0
Ahmedabad,in_domain,clim_short17,126,noise_burst,1.0,persistent,0.0
Ahmedabad,in_domain,clim_short17,126,noise_burst,0.0,persistent,
Ahmedabad,in_domain,clim_short17,126,noise_burst,0.0,persistent,
Ahmedabad,in_domain,clim_short17,126,noise_burst,1.0,persistent,7.0
Ahmedabad,in_domain,clim_short17,126,noise_burst,1.0,persistent,0.0
Ahmedabad,in_domain,clim_short17,126,noise_burst,1.0,persistent,0.0
Ahmedabad,in_domain,clim_short17,126,intermittent_spikes,1.0,transient,0.0
Ahmedabad,in_domain,clim_short17,126,intermittent_spikes,1.0,transient,0.0
Ahmedabad,in_domain,clim_short17,126,intermittent_spikes,1.0,transient,0.0
Ahmedabad,in_domain,clim_short17,126,intermittent_spikes,1.0,transient,0.0
Ahmedabad,in_domain,clim_short17,126,intermittent_spikes,1.0,transient,0.0
Ahmedabad,in_domain,clim_short17,126,intermittent_spikes,1.0,transient,0.0
Ahmedabad,in_domain,clim_short17,126,drift_plus_noise,1.0,persistent,3.0
Ahmedabad,in_domain,clim_short17,126,drift_plus_noise,1.0,persistent,9.0
Ahmedabad,in_domain,clim_short17,126,drift_plus_noise,1.0,persistent,5.0
Ahmedabad,in_domain,clim_short17,126,bias_plus_spikes,1.0,persistent,0.0
Ahmedabad,in_domain,clim_short17,126,bias_plus_spikes,1.0,persistent,0.0
Ahmedabad,in_domain,clim_short17,126,bias_plus_spikes,1.0,persistent,2.0
Ahmedabad,temporal,clim_short17,126,spike,1.0,transient,0.0
Ahmedabad,temporal,clim_short17,126,spike,1.0,transient,0.0
Ahmedabad,temporal,clim_short17,126,spike,1.0,transient,0.0
Ahmedabad,temporal,clim_short17,126,spike,1.0,transient,0.0
Ahmedabad,temporal,clim_short17,126,spike,0.0,transient,
Ahmedabad,temporal,clim_short17,126,spike,1.0,transient,0.0
Ahmedabad,temporal,clim_short17,126,spike,1.0,transient,0.0
Ahmedabad,temporal,clim_short17,126,spike,1.0,transient,0.0
Ahmedabad,temporal,clim_short17,126,spike,1.0,transient,0.0
Ahmedabad,temporal,clim_short17,126,spike,1.0,transient,0.0
Ahmedabad,temporal,clim_short17,126,spike,1.0,transient,0.0
Ahmedabad,temporal,clim_short17,126,spike,1.0,transient,0.0
Ahmedabad,temporal,clim_short17,126,spike,1.0,transient,0.0
Ahmedabad,temporal,clim_short17,126,spike,1.0,transient,0.0
Ahmedabad,temporal,clim_short17,126,spike,1.0,transient,0.0
Ahmedabad,temporal,clim_short17,126,spike,1.0,transient,0.0
Ahmedabad,temporal,clim_short17,126,spike,0.0,transient,
Ahmedabad,temporal,clim_short17,126,spike,0.0,transient,
Ahmedabad,temporal,clim_short17,126,spike,1.0,transient,0.0
Ahmedabad,temporal,clim_short17,126,spike,1.0,transient,0.0
Ahmedabad,temporal,clim_short17,126,spike,1.0,transient,0.0
Ahmedabad,temporal,clim_short17,126,spike,1.0,transient,0.0
Ahmedabad,temporal,clim_short17,126,spike,1.0,transient,0.0
Ahmedabad,temporal,clim_short17,126,spike,1.0,transient,0.0
Ahmedabad,temporal,clim_short17,126,drift,1.0,persistent,4.0
Ahmedabad,temporal,clim_short17,126,drift,0.0,persistent,
Ahmedabad,temporal,clim_short17,126,drift,1.0,persistent,10.0
Ahmedabad,temporal,clim_short17,126,drift,1.0,persistent,2.0
Ahmedabad,temporal,clim_short17,126,drift,1.0,persistent,9.0
Ahmedabad,temporal,clim_short17,126,drift,0.0,persistent,
Ahmedabad,temporal,clim_short17,126,bias,0.0,persistent,
Ahmedabad,temporal,clim_short17,126,bias,0.0,persistent,
Ahmedabad,temporal,clim_short17,126,bias,0.0,persistent,
Ahmedabad,temporal,clim_short17,126,bias,0.0,persistent,
Ahmedabad,temporal,clim_short17,126,bias,1.0,persistent,0.0
Ahmedabad,temporal,clim_short17,126,bias,0.0,persistent,
Ahmedabad,temporal,clim_short17,126,stuck_at,1.0,persistent,0.0
Ahmedabad,temporal,clim_short17,126,stuck_at,1.0,persistent,0.0
Ahmedabad,temporal,clim_short17,126,stuck_at,1.0,persistent,0.0
Ahmedabad,temporal,clim_short17,126,stuck_at,1.0,persistent,0.0
Ahmedabad,temporal,clim_short17,126,stuck_at,1.0,persistent,0.0
Ahmedabad,temporal,clim_short17,126,stuck_at,1.0,persistent,0.0
Ahmedabad,temporal,clim_short17,126,noise_burst,0.0,persistent,
Ahmedabad,temporal,clim_short17,126,noise_burst,1.0,persistent,5.0
Ahmedabad,temporal,clim_short17,126,noise_burst,0.0,persistent,
Ahmedabad,temporal,clim_short17,126,noise_burst,0.0,persistent,
Ahmedabad,temporal,clim_short17,126,noise_burst,1.0,persistent,2.0
Ahmedabad,temporal,clim_short17,126,noise_burst,1.0,persistent,6.0
Ahmedabad,temporal,clim_short17,126,intermittent_spikes,1.0,transient,0.0
Ahmedabad,temporal,clim_short17,126,intermittent_spikes,1.0,transient,6.0
Ahmedabad,temporal,clim_short17,126,intermittent_spikes,1.0,transient,0.0
Ahmedabad,temporal,clim_short17,126,intermittent_spikes,1.0,transient,0.0
Ahmedabad,temporal,clim_short17,126,intermittent_spikes,1.0,transient,11.0
Ahmedabad,temporal,clim_short17,126,intermittent_spikes,1.0,transient,3.0
Ahmedabad,temporal,clim_short17,126,drift_plus_noise,1.0,persistent,10.0
Ahmedabad,temporal,clim_short17,126,drift_plus_noise,0.0,persistent,
Ahmedabad,temporal,clim_short17,126,drift_plus_noise,1.0,persistent,5.0
Ahmedabad,temporal,clim_short17,126,bias_plus_spikes,1.0,persistent,0.0
Ahmedabad,temporal,clim_short17,126,bias_plus_spikes,1.0,persistent,3.0
Ahmedabad,temporal,clim_short17,126,bias_plus_spikes,1.0,persistent,2.0
Ahmedabad,station,clim_short17,126,spike,1.0,transient,0.0
Ahmedabad,station,clim_short17,126,spike,1.0,transient,0.0
Ahmedabad,station,clim_short17,126,spike,1.0,transient,0.0
Ahmedabad,station,clim_short17,126,spike,1.0,transient,0.0
Ahmedabad,station,clim_short17,126,spike,1.0,transient,0.0
Ahmedabad,station,clim_short17,126,spike,1.0,transient,0.0
Ahmedabad,station,clim_short17,126,spike,1.0,transient,0.0
Ahmedabad,station,clim_short17,126,spike,1.0,transient,0.0
Ahmedabad,station,clim_short17,126,spike,1.0,transient,0.0
Ahmedabad,station,clim_short17,126,spike,1.0,transient,0.0
Ahmedabad,station,clim_short17,126,spike,1.0,transient,0.0
Ahmedabad,station,clim_short17,126,spike,1.0,transient,0.0
Ahmedabad,station,clim_short17,126,spike,1.0,transient,0.0
Ahmedabad,station,clim_short17,126,spike,1.0,transient,0.0
Ahmedabad,station,clim_short17,126,spike,1.0,transient,0.0
Ahmedabad,station,clim_short17,126,spike,1.0,transient,0.0
Ahmedabad,station,clim_short17,126,spike,1.0,transient,0.0
Ahmedabad,station,clim_short17,126,spike,1.0,transient,0.0
Ahmedabad,station,clim_short17,126,spike,1.0,transient,0.0
Ahmedabad,station,clim_short17,126,spike,1.0,transient,0.0
Ahmedabad,station,clim_short17,126,spike,1.0,transient,0.0
Ahmedabad,station,clim_short17,126,spike,1.0,transient,0.0
Ahmedabad,station,clim_short17,126,spike,1.0,transient,0.0
Ahmedabad,station,clim_short17,126,spike,1.0,transient,0.0
Ahmedabad,station,clim_short17,126,drift,1.0,persistent,5.0
Ahmedabad,station,clim_short17,126,drift,0.0,persistent,
Ahmedabad,station,clim_short17,126,drift,1.0,persistent,8.0
Ahmedabad,station,clim_short17,126,drift,1.0,persistent,2.0
Ahmedabad,station,clim_short17,126,drift,1.0,persistent,8.0
Ahmedabad,station,clim_short17,126,drift,1.0,persistent,10.0
Ahmedabad,station,clim_short17,126,bias,0.0,persistent,
Ahmedabad,station,clim_short17,126,bias,0.0,persistent,
Ahmedabad,station,clim_short17,126,bias,0.0,persistent,
Ahmedabad,station,clim_short17,126,bias,0.0,persistent,
Ahmedabad,station,clim_short17,126,bias,0.0,persistent,
Ahmedabad,station,clim_short17,126,bias,0.0,persistent,
Ahmedabad,station,clim_short17,126,stuck_at,1.0,persistent,0.0
Ahmedabad,station,clim_short17,126,stuck_at,1.0,persistent,0.0
Ahmedabad,station,clim_short17,126,stuck_at,1.0,persistent,0.0
Ahmedabad,station,clim_short17,126,stuck_at,1.0,persistent,0.0
Ahmedabad,station,clim_short17,126,stuck_at,1.0,persistent,0.0
Ahmedabad,station,clim_short17,126,stuck_at,1.0,persistent,0.0
Ahmedabad,station,clim_short17,126,noise_burst,0.0,persistent,
Ahmedabad,station,clim_short17,126,noise_burst,1.0,persistent,5.0
Ahmedabad,station,clim_short17,126,noise_burst,0.0,persistent,
Ahmedabad,station,clim_short17,126,noise_burst,1.0,persistent,11.0
Ahmedabad,station,clim_short17,126,noise_burst,1.0,persistent,2.0
Ahmedabad,station,clim_short17,126,noise_burst,1.0,persistent,0.0
Ahmedabad,station,clim_short17,126,intermittent_spikes,1.0,transient,0.0
Ahmedabad,station,clim_short17,126,intermittent_spikes,1.0,transient,6.0
Ahmedabad,station,clim_short17,126,intermittent_spikes,1.0,transient,0.0
Ahmedabad,station,clim_short17,126,intermittent_spikes,1.0,transient,0.0
Ahmedabad,station,clim_short17,126,intermittent_spikes,1.0,transient,3.0
Ahmedabad,station,clim_short17,126,intermittent_spikes,1.0,transient,3.0
Ahmedabad,station,clim_short17,126,drift_plus_noise,1.0,persistent,10.0
Ahmedabad,station,clim_short17,126,drift_plus_noise,0.0,persistent,
Ahmedabad,station,clim_short17,126,drift_plus_noise,1.0,persistent,5.0
Ahmedabad,station,clim_short17,126,bias_plus_spikes,1.0,persistent,0.0
Ahmedabad,station,clim_short17,126,bias_plus_spikes,1.0,persistent,3.0
Ahmedabad,station,clim_short17,126,bias_plus_spikes,1.0,persistent,8.0
Ahmedabad,in_domain,dual18(ref),104,spike,1.0,transient,0.0
Ahmedabad,in_domain,dual18(ref),104,spike,1.0,transient,0.0
Ahmedabad,in_domain,dual18(ref),104,spike,1.0,transient,0.0
Ahmedabad,in_domain,dual18(ref),104,spike,1.0,transient,0.0
Ahmedabad,in_domain,dual18(ref),104,spike,1.0,transient,0.0
Ahmedabad,in_domain,dual18(ref),104,spike,1.0,transient,0.0
Ahmedabad,in_domain,dual18(ref),104,spike,1.0,transient,0.0
Ahmedabad,in_domain,dual18(ref),104,spike,1.0,transient,0.0
Ahmedabad,in_domain,dual18(ref),104,spike,1.0,transient,0.0
Ahmedabad,in_domain,dual18(ref),104,spike,1.0,transient,0.0
Ahmedabad,in_domain,dual18(ref),104,spike,1.0,transient,0.0
Ahmedabad,in_domain,dual18(ref),104,spike,1.0,transient,0.0
Ahmedabad,in_domain,dual18(ref),104,spike,1.0,transient,0.0
Ahmedabad,in_domain,dual18(ref),104,spike,1.0,transient,0.0
Ahmedabad,in_domain,dual18(ref),104,spike,1.0,transient,0.0
Ahmedabad,in_domain,dual18(ref),104,spike,1.0,transient,0.0
Ahmedabad,in_domain,dual18(ref),104,spike,1.0,transient,0.0
Ahmedabad,in_domain,dual18(ref),104,spike,1.0,transient,0.0
Ahmedabad,in_domain,dual18(ref),104,spike,1.0,transient,0.0
Ahmedabad,in_domain,dual18(ref),104,spike,1.0,transient,0.0
Ahmedabad,in_domain,dual18(ref),104,spike,1.0,transient,0.0
Ahmedabad,in_domain,dual18(ref),104,spike,1.0,transient,0.0
Ahmedabad,in_domain,dual18(ref),104,spike,1.0,transient,1.0
Ahmedabad,in_domain,dual18(ref),104,spike,1.0,transient,0.0
Ahmedabad,in_domain,dual18(ref),104,drift,1.0,persistent,2.0
Ahmedabad,in_domain,dual18(ref),104,drift,1.0,persistent,11.0
Ahmedabad,in_domain,dual18(ref),104,drift,1.0,persistent,6.0
Ahmedabad,in_domain,dual18(ref),104,drift,1.0,persistent,8.0
Ahmedabad,in_domain,dual18(ref),104,drift,1.0,persistent,8.0
Ahmedabad,in_domain,dual18(ref),104,drift,1.0,persistent,12.0
Ahmedabad,in_domain,dual18(ref),104,bias,1.0,persistent,7.0
Ahmedabad,in_domain,dual18(ref),104,bias,1.0,persistent,6.0
Ahmedabad,in_domain,dual18(ref),104,bias,1.0,persistent,0.0
Ahmedabad,in_domain,dual18(ref),104,bias,1.0,persistent,8.0
Ahmedabad,in_domain,dual18(ref),104,bias,1.0,persistent,1.0
Ahmedabad,in_domain,dual18(ref),104,bias,1.0,persistent,1.0
Ahmedabad,in_domain,dual18(ref),104,stuck_at,1.0,persistent,0.0
Ahmedabad,in_domain,dual18(ref),104,stuck_at,1.0,persistent,0.0
Ahmedabad,in_domain,dual18(ref),104,stuck_at,1.0,persistent,0.0
Ahmedabad,in_domain,dual18(ref),104,stuck_at,1.0,persistent,0.0
Ahmedabad,in_domain,dual18(ref),104,stuck_at,1.0,persistent,0.0
Ahmedabad,in_domain,dual18(ref),104,stuck_at,1.0,persistent,0.0
Ahmedabad,in_domain,dual18(ref),104,noise_burst,1.0,persistent,0.0
Ahmedabad,in_domain,dual18(ref),104,noise_burst,1.0,persistent,6.0
Ahmedabad,in_domain,dual18(ref),104,noise_burst,1.0,persistent,6.0
Ahmedabad,in_domain,dual18(ref),104,noise_burst,1.0,persistent,1.0
Ahmedabad,in_domain,dual18(ref),104,noise_burst,1.0,persistent,6.0
Ahmedabad,in_domain,dual18(ref),104,noise_burst,1.0,persistent,0.0
Ahmedabad,in_domain,dual18(ref),104,intermittent_spikes,1.0,transient,0.0
Ahmedabad,in_domain,dual18(ref),104,intermittent_spikes,1.0,transient,0.0
Ahmedabad,in_domain,dual18(ref),104,intermittent_spikes,1.0,transient,0.0
Ahmedabad,in_domain,dual18(ref),104,intermittent_spikes,1.0,transient,0.0
Ahmedabad,in_domain,dual18(ref),104,intermittent_spikes,1.0,transient,0.0
Ahmedabad,in_domain,dual18(ref),104,intermittent_spikes,1.0,transient,0.0
Ahmedabad,in_domain,dual18(ref),104,drift_plus_noise,1.0,persistent,0.0
Ahmedabad,in_domain,dual18(ref),104,drift_plus_noise,1.0,persistent,3.0
Ahmedabad,in_domain,dual18(ref),104,drift_plus_noise,1.0,persistent,13.0
Ahmedabad,in_domain,dual18(ref),104,bias_plus_spikes,1.0,persistent,0.0
Ahmedabad,in_domain,dual18(ref),104,bias_plus_spikes,1.0,persistent,0.0
Ahmedabad,in_domain,dual18(ref),104,bias_plus_spikes,1.0,persistent,2.0
Ahmedabad,temporal,dual18(ref),104,spike,0.0,transient,
Ahmedabad,temporal,dual18(ref),104,spike,1.0,transient,0.0
Ahmedabad,temporal,dual18(ref),104,spike,1.0,transient,0.0
Ahmedabad,temporal,dual18(ref),104,spike,1.0,transient,0.0
Ahmedabad,temporal,dual18(ref),104,spike,1.0,transient,0.0
Ahmedabad,temporal,dual18(ref),104,spike,0.0,transient,
Ahmedabad,temporal,dual18(ref),104,spike,0.0,transient,
Ahmedabad,temporal,dual18(ref),104,spike,1.0,transient,0.0
Ahmedabad,temporal,dual18(ref),104,spike,0.0,transient,
Ahmedabad,temporal,dual18(ref),104,spike,0.0,transient,
Ahmedabad,temporal,dual18(ref),104,spike,1.0,transient,0.0
Ahmedabad,temporal,dual18(ref),104,spike,0.0,transient,
Ahmedabad,temporal,dual18(ref),104,spike,1.0,transient,0.0
Ahmedabad,temporal,dual18(ref),104,spike,1.0,transient,0.0
Ahmedabad,temporal,dual18(ref),104,spike,1.0,transient,0.0
Ahmedabad,temporal,dual18(ref),104,spike,0.0,transient,
Ahmedabad,temporal,dual18(ref),104,spike,1.0,transient,0.0
Ahmedabad,temporal,dual18(ref),104,spike,1.0,transient,0.0
Ahmedabad,temporal,dual18(ref),104,spike,0.0,transient,
Ahmedabad,temporal,dual18(ref),104,spike,1.0,transient,1.0
Ahmedabad,temporal,dual18(ref),104,spike,1.0,transient,0.0
Ahmedabad,temporal,dual18(ref),104,spike,1.0,transient,0.0
Ahmedabad,temporal,dual18(ref),104,spike,1.0,transient,0.0
Ahmedabad,temporal,dual18(ref),104,spike,1.0,transient,0.0
Ahmedabad,temporal,dual18(ref),104,drift,1.0,persistent,8.0
Ahmedabad,temporal,dual18(ref),104,drift,0.0,persistent,
Ahmedabad,temporal,dual18(ref),104,drift,0.0,persistent,
Ahmedabad,temporal,dual18(ref),104,drift,1.0,persistent,8.0
Ahmedabad,temporal,dual18(ref),104,drift,1.0,persistent,8.0
Ahmedabad,temporal,dual18(ref),104,drift,1.0,persistent,0.0
Ahmedabad,temporal,dual18(ref),104,bias,1.0,persistent,2.0
Ahmedabad,temporal,dual18(ref),104,bias,0.0,persistent,
Ahmedabad,temporal,dual18(ref),104,bias,0.0,persistent,
Ahmedabad,temporal,dual18(ref),104,bias,1.0,persistent,6.0
Ahmedabad,temporal,dual18(ref),104,bias,1.0,persistent,5.0
Ahmedabad,temporal,dual18(ref),104,bias,1.0,persistent,2.0
Ahmedabad,temporal,dual18(ref),104,stuck_at,1.0,persistent,0.0
Ahmedabad,temporal,dual18(ref),104,stuck_at,1.0,persistent,0.0
Ahmedabad,temporal,dual18(ref),104,stuck_at,1.0,persistent,0.0
Ahmedabad,temporal,dual18(ref),104,stuck_at,1.0,persistent,0.0
Ahmedabad,temporal,dual18(ref),104,stuck_at,1.0,persistent,0.0
Ahmedabad,temporal,dual18(ref),104,stuck_at,1.0,persistent,0.0
Ahmedabad,temporal,dual18(ref),104,noise_burst,0.0,persistent,
Ahmedabad,temporal,dual18(ref),104,noise_burst,1.0,persistent,6.0
Ahmedabad,temporal,dual18(ref),104,noise_burst,1.0,persistent,5.0
Ahmedabad,temporal,dual18(ref),104,noise_burst,1.0,persistent,2.0
Ahmedabad,temporal,dual18(ref),104,noise_burst,1.0,persistent,0.0
Ahmedabad,temporal,dual18(ref),104,noise_burst,1.0,persistent,1.0
Ahmedabad,temporal,dual18(ref),104,intermittent_spikes,1.0,transient,0.0
Ahmedabad,temporal,dual18(ref),104,intermittent_spikes,1.0,transient,0.0
Ahmedabad,temporal,dual18(ref),104,intermittent_spikes,1.0,transient,0.0
Ahmedabad,temporal,dual18(ref),104,intermittent_spikes,1.0,transient,0.0
Ahmedabad,temporal,dual18(ref),104,intermittent_spikes,1.0,transient,0.0
Ahmedabad,temporal,dual18(ref),104,intermittent_spikes,1.0,transient,0.0
Ahmedabad,temporal,dual18(ref),104,drift_plus_noise,1.0,persistent,10.0
Ahmedabad,temporal,dual18(ref),104,drift_plus_noise,1.0,persistent,8.0
Ahmedabad,temporal,dual18(ref),104,drift_plus_noise,1.0,persistent,8.0
Ahmedabad,temporal,dual18(ref),104,bias_plus_spikes,1.0,persistent,0.0
Ahmedabad,temporal,dual18(ref),104,bias_plus_spikes,1.0,persistent,1.0
Ahmedabad,temporal,dual18(ref),104,bias_plus_spikes,1.0,persistent,0.0
Ahmedabad,station,dual18(ref),104,spike,0.0,transient,
Ahmedabad,station,dual18(ref),104,spike,1.0,transient,0.0
Ahmedabad,station,dual18(ref),104,spike,1.0,transient,0.0
Ahmedabad,station,dual18(ref),104,spike,1.0,transient,0.0
Ahmedabad,station,dual18(ref),104,spike,1.0,transient,0.0
Ahmedabad,station,dual18(ref),104,spike,1.0,transient,0.0
Ahmedabad,station,dual18(ref),104,spike,0.0,transient,
Ahmedabad,station,dual18(ref),104,spike,1.0,transient,0.0
Ahmedabad,station,dual18(ref),104,spike,1.0,transient,0.0
Ahmedabad,station,dual18(ref),104,spike,0.0,transient,
Ahmedabad,station,dual18(ref),104,spike,1.0,transient,0.0
Ahmedabad,station,dual18(ref),104,spike,0.0,transient,
Ahmedabad,station,dual18(ref),104,spike,0.0,transient,
Ahmedabad,station,dual18(ref),104,spike,1.0,transient,0.0
Ahmedabad,station,dual18(ref),104,spike,1.0,transient,0.0
Ahmedabad,station,dual18(ref),104,spike,1.0,transient,0.0
Ahmedabad,station,dual18(ref),104,spike,1.0,transient,0.0
Ahmedabad,station,dual18(ref),104,spike,1.0,transient,0.0
Ahmedabad,station,dual18(ref),104,spike,1.0,transient,0.0
Ahmedabad,station,dual18(ref),104,spike,1.0,transient,0.0
Ahmedabad,station,dual18(ref),104,spike,1.0,transient,0.0
Ahmedabad,station,dual18(ref),104,spike,1.0,transient,0.0
Ahmedabad,station,dual18(ref),104,spike,1.0,transient,0.0
Ahmedabad,station,dual18(ref),104,spike,1.0,transient,0.0
Ahmedabad,station,dual18(ref),104,drift,1.0,persistent,5.0
Ahmedabad,station,dual18(ref),104,drift,0.0,persistent,
Ahmedabad,station,dual18(ref),104,drift,0.0,persistent,
Ahmedabad,station,dual18(ref),104,drift,0.0,persistent,
Ahmedabad,station,dual18(ref),104,drift,1.0,persistent,8.0
Ahmedabad,station,dual18(ref),104,drift,1.0,persistent,0.0
Ahmedabad,station,dual18(ref),104,bias,1.0,persistent,2.0
Ahmedabad,station,dual18(ref),104,bias,0.0,persistent,
Ahmedabad,station,dual18(ref),104,bias,0.0,persistent,
Ahmedabad,station,dual18(ref),104,bias,1.0,persistent,6.0
Ahmedabad,station,dual18(ref),104,bias,1.0,persistent,5.0
Ahmedabad,station,dual18(ref),104,bias,1.0,persistent,1.0
Ahmedabad,station,dual18(ref),104,stuck_at,1.0,persistent,0.0
Ahmedabad,station,dual18(ref),104,stuck_at,1.0,persistent,0.0
Ahmedabad,station,dual18(ref),104,stuck_at,1.0,persistent,0.0
Ahmedabad,station,dual18(ref),104,stuck_at,1.0,persistent,0.0
Ahmedabad,station,dual18(ref),104,stuck_at,1.0,persistent,0.0
Ahmedabad,station,dual18(ref),104,stuck_at,1.0,persistent,0.0
Ahmedabad,station,dual18(ref),104,noise_burst,0.0,persistent,
Ahmedabad,station,dual18(ref),104,noise_burst,1.0,persistent,4.0
Ahmedabad,station,dual18(ref),104,noise_burst,1.0,persistent,5.0
Ahmedabad,station,dual18(ref),104,noise_burst,1.0,persistent,2.0
Ahmedabad,station,dual18(ref),104,noise_burst,1.0,persistent,0.0
Ahmedabad,station,dual18(ref),104,noise_burst,1.0,persistent,1.0
Ahmedabad,station,dual18(ref),104,intermittent_spikes,1.0,transient,0.0
Ahmedabad,station,dual18(ref),104,intermittent_spikes,1.0,transient,0.0
Ahmedabad,station,dual18(ref),104,intermittent_spikes,1.0,transient,0.0
Ahmedabad,station,dual18(ref),104,intermittent_spikes,1.0,transient,0.0
Ahmedabad,station,dual18(ref),104,intermittent_spikes,1.0,transient,0.0
Ahmedabad,station,dual18(ref),104,intermittent_spikes,1.0,transient,0.0
Ahmedabad,station,dual18(ref),104,drift_plus_noise,1.0,persistent,10.0
Ahmedabad,station,dual18(ref),104,drift_plus_noise,1.0,persistent,8.0
Ahmedabad,station,dual18(ref),104,drift_plus_noise,1.0,persistent,8.0
Ahmedabad,station,dual18(ref),104,bias_plus_spikes,1.0,persistent,0.0
Ahmedabad,station,dual18(ref),104,bias_plus_spikes,1.0,persistent,2.0
Ahmedabad,station,dual18(ref),104,bias_plus_spikes,1.0,persistent,0.0
Ahmedabad,in_domain,dual18(ref),115,spike,1.0,transient,0.0
Ahmedabad,in_domain,dual18(ref),115,spike,1.0,transient,0.0
Ahmedabad,in_domain,dual18(ref),115,spike,0.0,transient,
Ahmedabad,in_domain,dual18(ref),115,spike,1.0,transient,0.0
Ahmedabad,in_domain,dual18(ref),115,spike,1.0,transient,0.0
Ahmedabad,in_domain,dual18(ref),115,spike,1.0,transient,0.0
Ahmedabad,in_domain,dual18(ref),115,spike,0.0,transient,
Ahmedabad,in_domain,dual18(ref),115,spike,1.0,transient,0.0
Ahmedabad,in_domain,dual18(ref),115,spike,1.0,transient,0.0
Ahmedabad,in_domain,dual18(ref),115,spike,1.0,transient,0.0
Ahmedabad,in_domain,dual18(ref),115,spike,1.0,transient,0.0
Ahmedabad,in_domain,dual18(ref),115,spike,1.0,transient,0.0
Ahmedabad,in_domain,dual18(ref),115,spike,1.0,transient,0.0
Ahmedabad,in_domain,dual18(ref),115,spike,1.0,transient,0.0
Ahmedabad,in_domain,dual18(ref),115,spike,1.0,transient,0.0
Ahmedabad,in_domain,dual18(ref),115,spike,1.0,transient,0.0
Ahmedabad,in_domain,dual18(ref),115,spike,1.0,transient,0.0
Ahmedabad,in_domain,dual18(ref),115,spike,1.0,transient,0.0
Ahmedabad,in_domain,dual18(ref),115,spike,1.0,transient,0.0
Ahmedabad,in_domain,dual18(ref),115,spike,1.0,transient,0.0
Ahmedabad,in_domain,dual18(ref),115,spike,1.0,transient,0.0
Ahmedabad,in_domain,dual18(ref),115,spike,1.0,transient,0.0
Ahmedabad,in_domain,dual18(ref),115,spike,1.0,transient,0.0
Ahmedabad,in_domain,dual18(ref),115,spike,1.0,transient,0.0
Ahmedabad,in_domain,dual18(ref),115,drift,1.0,persistent,6.0
Ahmedabad,in_domain,dual18(ref),115,drift,0.0,persistent,
Ahmedabad,in_domain,dual18(ref),115,drift,1.0,persistent,0.0
Ahmedabad,in_domain,dual18(ref),115,drift,1.0,persistent,12.0
Ahmedabad,in_domain,dual18(ref),115,drift,1.0,persistent,10.0
Ahmedabad,in_domain,dual18(ref),115,drift,0.0,persistent,
Ahmedabad,in_domain,dual18(ref),115,bias,1.0,persistent,4.0
Ahmedabad,in_domain,dual18(ref),115,bias,0.0,persistent,
Ahmedabad,in_domain,dual18(ref),115,bias,1.0,persistent,1.0
Ahmedabad,in_domain,dual18(ref),115,bias,1.0,persistent,2.0
Ahmedabad,in_domain,dual18(ref),115,bias,1.0,persistent,6.0
Ahmedabad,in_domain,dual18(ref),115,bias,0.0,persistent,
Ahmedabad,in_domain,dual18(ref),115,stuck_at,1.0,persistent,0.0
Ahmedabad,in_domain,dual18(ref),115,stuck_at,1.0,persistent,0.0
Ahmedabad,in_domain,dual18(ref),115,stuck_at,1.0,persistent,0.0
Ahmedabad,in_domain,dual18(ref),115,stuck_at,1.0,persistent,0.0
Ahmedabad,in_domain,dual18(ref),115,stuck_at,1.0,persistent,0.0
Ahmedabad,in_domain,dual18(ref),115,stuck_at,1.0,persistent,0.0
Ahmedabad,in_domain,dual18(ref),115,noise_burst,0.0,persistent,
Ahmedabad,in_domain,dual18(ref),115,noise_burst,1.0,persistent,2.0
Ahmedabad,in_domain,dual18(ref),115,noise_burst,1.0,persistent,2.0
Ahmedabad,in_domain,dual18(ref),115,noise_burst,1.0,persistent,0.0
Ahmedabad,in_domain,dual18(ref),115,noise_burst,1.0,persistent,5.0
Ahmedabad,in_domain,dual18(ref),115,noise_burst,1.0,persistent,0.0
Ahmedabad,in_domain,dual18(ref),115,intermittent_spikes,1.0,transient,0.0
Ahmedabad,in_domain,dual18(ref),115,intermittent_spikes,0.0,transient,
Ahmedabad,in_domain,dual18(ref),115,intermittent_spikes,1.0,transient,0.0
Ahmedabad,in_domain,dual18(ref),115,intermittent_spikes,1.0,transient,0.0
Ahmedabad,in_domain,dual18(ref),115,intermittent_spikes,1.0,transient,0.0
Ahmedabad,in_domain,dual18(ref),115,intermittent_spikes,1.0,transient,0.0
Ahmedabad,in_domain,dual18(ref),115,drift_plus_noise,0.0,persistent,
Ahmedabad,in_domain,dual18(ref),115,drift_plus_noise,1.0,persistent,1.0
Ahmedabad,in_domain,dual18(ref),115,drift_plus_noise,1.0,persistent,3.0
Ahmedabad,in_domain,dual18(ref),115,bias_plus_spikes,1.0,persistent,0.0
Ahmedabad,in_domain,dual18(ref),115,bias_plus_spikes,1.0,persistent,0.0
Ahmedabad,in_domain,dual18(ref),115,bias_plus_spikes,0.0,persistent,
Ahmedabad,temporal,dual18(ref),115,spike,0.0,transient,
Ahmedabad,temporal,dual18(ref),115,spike,0.0,transient,
Ahmedabad,temporal,dual18(ref),115,spike,0.0,transient,
Ahmedabad,temporal,dual18(ref),115,spike,1.0,transient,0.0
Ahmedabad,temporal,dual18(ref),115,spike,0.0,transient,
Ahmedabad,temporal,dual18(ref),115,spike,0.0,transient,
Ahmedabad,temporal,dual18(ref),115,spike,0.0,transient,
Ahmedabad,temporal,dual18(ref),115,spike,0.0,transient,
Ahmedabad,temporal,dual18(ref),115,spike,1.0,transient,0.0
Ahmedabad,temporal,dual18(ref),115,spike,1.0,transient,0.0
Ahmedabad,temporal,dual18(ref),115,spike,0.0,transient,
Ahmedabad,temporal,dual18(ref),115,spike,0.0,transient,
Ahmedabad,temporal,dual18(ref),115,spike,1.0,transient,0.0
Ahmedabad,temporal,dual18(ref),115,spike,0.0,transient,
Ahmedabad,temporal,dual18(ref),115,spike,1.0,transient,0.0
Ahmedabad,temporal,dual18(ref),115,spike,1.0,transient,0.0
Ahmedabad,temporal,dual18(ref),115,spike,1.0,transient,0.0
Ahmedabad,temporal,dual18(ref),115,spike,1.0,transient,0.0
Ahmedabad,temporal,dual18(ref),115,spike,1.0,transient,0.0
Ahmedabad,temporal,dual18(ref),115,spike,1.0,transient,0.0
Ahmedabad,temporal,dual18(ref),115,spike,1.0,transient,0.0
Ahmedabad,temporal,dual18(ref),115,spike,1.0,transient,0.0
Ahmedabad,temporal,dual18(ref),115,spike,1.0,transient,0.0
Ahmedabad,temporal,dual18(ref),115,spike,1.0,transient,0.0
Ahmedabad,temporal,dual18(ref),115,drift,1.0,persistent,13.0
Ahmedabad,temporal,dual18(ref),115,drift,1.0,persistent,2.0
Ahmedabad,temporal,dual18(ref),115,drift,1.0,persistent,11.0
Ahmedabad,temporal,dual18(ref),115,drift,1.0,persistent,13.0
Ahmedabad,temporal,dual18(ref),115,drift,1.0,persistent,15.0
Ahmedabad,temporal,dual18(ref),115,drift,1.0,persistent,7.0
Ahmedabad,temporal,dual18(ref),115,bias,0.0,persistent,
Ahmedabad,temporal,dual18(ref),115,bias,0.0,persistent,
Ahmedabad,temporal,dual18(ref),115,bias,1.0,persistent,0.0
Ahmedabad,temporal,dual18(ref),115,bias,0.0,persistent,
Ahmedabad,temporal,dual18(ref),115,bias,1.0,persistent,9.0
Ahmedabad,temporal,dual18(ref),115,bias,0.0,persistent,
Ahmedabad,temporal,dual18(ref),115,stuck_at,1.0,persistent,0.0
Ahmedabad,temporal,dual18(ref),115,stuck_at,1.0,persistent,0.0
Ahmedabad,temporal,dual18(ref),115,stuck_at,1.0,persistent,0.0
Ahmedabad,temporal,dual18(ref),115,stuck_at,1.0,persistent,0.0
Ahmedabad,temporal,dual18(ref),115,stuck_at,1.0,persistent,0.0
Ahmedabad,temporal,dual18(ref),115,stuck_at,1.0,persistent,0.0
Ahmedabad,temporal,dual18(ref),115,noise_burst,1.0,persistent,8.0
Ahmedabad,temporal,dual18(ref),115,noise_burst,0.0,persistent,
Ahmedabad,temporal,dual18(ref),115,noise_burst,1.0,persistent,2.0
Ahmedabad,temporal,dual18(ref),115,noise_burst,1.0,persistent,0.0
Ahmedabad,temporal,dual18(ref),115,noise_burst,1.0,persistent,4.0
Ahmedabad,temporal,dual18(ref),115,noise_burst,1.0,persistent,0.0
Ahmedabad,temporal,dual18(ref),115,intermittent_spikes,1.0,transient,0.0
Ahmedabad,temporal,dual18(ref),115,intermittent_spikes,1.0,transient,0.0
Ahmedabad,temporal,dual18(ref),115,intermittent_spikes,1.0,transient,5.0
Ahmedabad,temporal,dual18(ref),115,intermittent_spikes,1.0,transient,0.0
Ahmedabad,temporal,dual18(ref),115,intermittent_spikes,1.0,transient,0.0
Ahmedabad,temporal,dual18(ref),115,intermittent_spikes,1.0,transient,0.0
Ahmedabad,temporal,dual18(ref),115,drift_plus_noise,1.0,persistent,12.0
Ahmedabad,temporal,dual18(ref),115,drift_plus_noise,1.0,persistent,0.0
Ahmedabad,temporal,dual18(ref),115,drift_plus_noise,1.0,persistent,6.0
Ahmedabad,temporal,dual18(ref),115,bias_plus_spikes,1.0,persistent,1.0
Ahmedabad,temporal,dual18(ref),115,bias_plus_spikes,1.0,persistent,3.0
Ahmedabad,temporal,dual18(ref),115,bias_plus_spikes,1.0,persistent,1.0
Ahmedabad,station,dual18(ref),115,spike,1.0,transient,0.0
Ahmedabad,station,dual18(ref),115,spike,0.0,transient,
Ahmedabad,station,dual18(ref),115,spike,0.0,transient,
Ahmedabad,station,dual18(ref),115,spike,1.0,transient,0.0
Ahmedabad,station,dual18(ref),115,spike,1.0,transient,0.0
Ahmedabad,station,dual18(ref),115,spike,0.0,transient,
Ahmedabad,station,dual18(ref),115,spike,0.0,transient,
Ahmedabad,station,dual18(ref),115,spike,0.0,transient,
Ahmedabad,station,dual18(ref),115,spike,1.0,transient,0.0
Ahmedabad,station,dual18(ref),115,spike,0.0,transient,
Ahmedabad,station,dual18(ref),115,spike,0.0,transient,
Ahmedabad,station,dual18(ref),115,spike,0.0,transient,
Ahmedabad,station,dual18(ref),115,spike,1.0,transient,0.0
Ahmedabad,station,dual18(ref),115,spike,0.0,transient,
Ahmedabad,station,dual18(ref),115,spike,1.0,transient,0.0
Ahmedabad,station,dual18(ref),115,spike,1.0,transient,0.0
Ahmedabad,station,dual18(ref),115,spike,1.0,transient,0.0
Ahmedabad,station,dual18(ref),115,spike,1.0,transient,0.0
Ahmedabad,station,dual18(ref),115,spike,0.0,transient,
Ahmedabad,station,dual18(ref),115,spike,1.0,transient,1.0
Ahmedabad,station,dual18(ref),115,spike,1.0,transient,0.0
Ahmedabad,station,dual18(ref),115,spike,1.0,transient,0.0
Ahmedabad,station,dual18(ref),115,spike,1.0,transient,0.0
Ahmedabad,station,dual18(ref),115,spike,1.0,transient,0.0
Ahmedabad,station,dual18(ref),115,drift,1.0,persistent,13.0
Ahmedabad,station,dual18(ref),115,drift,1.0,persistent,1.0
Ahmedabad,station,dual18(ref),115,drift,0.0,persistent,
Ahmedabad,station,dual18(ref),115,drift,1.0,persistent,13.0
Ahmedabad,station,dual18(ref),115,drift,1.0,persistent,15.0
Ahmedabad,station,dual18(ref),115,drift,1.0,persistent,8.0
Ahmedabad,station,dual18(ref),115,bias,1.0,persistent,6.0
Ahmedabad,station,dual18(ref),115,bias,0.0,persistent,
Ahmedabad,station,dual18(ref),115,bias,1.0,persistent,0.0
Ahmedabad,station,dual18(ref),115,bias,0.0,persistent,
Ahmedabad,station,dual18(ref),115,bias,1.0,persistent,8.0
Ahmedabad,station,dual18(ref),115,bias,0.0,persistent,
Ahmedabad,station,dual18(ref),115,stuck_at,1.0,persistent,0.0
Ahmedabad,station,dual18(ref),115,stuck_at,1.0,persistent,0.0
Ahmedabad,station,dual18(ref),115,stuck_at,1.0,persistent,0.0
Ahmedabad,station,dual18(ref),115,stuck_at,1.0,persistent,0.0
Ahmedabad,station,dual18(ref),115,stuck_at,1.0,persistent,0.0
Ahmedabad,station,dual18(ref),115,stuck_at,1.0,persistent,0.0
Ahmedabad,station,dual18(ref),115,noise_burst,1.0,persistent,8.0
Ahmedabad,station,dual18(ref),115,noise_burst,0.0,persistent,
Ahmedabad,station,dual18(ref),115,noise_burst,1.0,persistent,2.0
Ahmedabad,station,dual18(ref),115,noise_burst,1.0,persistent,0.0
Ahmedabad,station,dual18(ref),115,noise_burst,0.0,persistent,
Ahmedabad,station,dual18(ref),115,noise_burst,1.0,persistent,0.0
Ahmedabad,station,dual18(ref),115,intermittent_spikes,1.0,transient,2.0
Ahmedabad,station,dual18(ref),115,intermittent_spikes,1.0,transient,0.0
Ahmedabad,station,dual18(ref),115,intermittent_spikes,1.0,transient,5.0
Ahmedabad,station,dual18(ref),115,intermittent_spikes,1.0,transient,0.0
Ahmedabad,station,dual18(ref),115,intermittent_spikes,1.0,transient,0.0
Ahmedabad,station,dual18(ref),115,intermittent_spikes,1.0,transient,0.0
Ahmedabad,station,dual18(ref),115,drift_plus_noise,0.0,persistent,
Ahmedabad,station,dual18(ref),115,drift_plus_noise,1.0,persistent,0.0
Ahmedabad,station,dual18(ref),115,drift_plus_noise,1.0,persistent,4.0
Ahmedabad,station,dual18(ref),115,bias_plus_spikes,1.0,persistent,1.0
Ahmedabad,station,dual18(ref),115,bias_plus_spikes,1.0,persistent,3.0
Ahmedabad,station,dual18(ref),115,bias_plus_spikes,1.0,persistent,1.0
Ahmedabad,in_domain,dual18(ref),126,spike,1.0,transient,0.0
Ahmedabad,in_domain,dual18(ref),126,spike,1.0,transient,0.0
Ahmedabad,in_domain,dual18(ref),126,spike,1.0,transient,0.0
Ahmedabad,in_domain,dual18(ref),126,spike,1.0,transient,0.0
Ahmedabad,in_domain,dual18(ref),126,spike,1.0,transient,0.0
Ahmedabad,in_domain,dual18(ref),126,spike,1.0,transient,0.0
Ahmedabad,in_domain,dual18(ref),126,spike,1.0,transient,0.0
Ahmedabad,in_domain,dual18(ref),126,spike,1.0,transient,0.0
Ahmedabad,in_domain,dual18(ref),126,spike,0.0,transient,
Ahmedabad,in_domain,dual18(ref),126,spike,1.0,transient,0.0
Ahmedabad,in_domain,dual18(ref),126,spike,1.0,transient,0.0
Ahmedabad,in_domain,dual18(ref),126,spike,1.0,transient,0.0
Ahmedabad,in_domain,dual18(ref),126,spike,1.0,transient,0.0
Ahmedabad,in_domain,dual18(ref),126,spike,0.0,transient,
Ahmedabad,in_domain,dual18(ref),126,spike,1.0,transient,0.0
Ahmedabad,in_domain,dual18(ref),126,spike,1.0,transient,0.0
Ahmedabad,in_domain,dual18(ref),126,spike,1.0,transient,0.0
Ahmedabad,in_domain,dual18(ref),126,spike,1.0,transient,0.0
Ahmedabad,in_domain,dual18(ref),126,spike,1.0,transient,0.0
Ahmedabad,in_domain,dual18(ref),126,spike,1.0,transient,0.0
Ahmedabad,in_domain,dual18(ref),126,spike,1.0,transient,0.0
Ahmedabad,in_domain,dual18(ref),126,spike,1.0,transient,0.0
Ahmedabad,in_domain,dual18(ref),126,spike,1.0,transient,0.0
Ahmedabad,in_domain,dual18(ref),126,spike,1.0,transient,0.0
Ahmedabad,in_domain,dual18(ref),126,drift,1.0,persistent,2.0
Ahmedabad,in_domain,dual18(ref),126,drift,1.0,persistent,0.0
Ahmedabad,in_domain,dual18(ref),126,drift,1.0,persistent,7.0
Ahmedabad,in_domain,dual18(ref),126,drift,1.0,persistent,1.0
Ahmedabad,in_domain,dual18(ref),126,drift,1.0,persistent,4.0
Ahmedabad,in_domain,dual18(ref),126,drift,1.0,persistent,8.0
Ahmedabad,in_domain,dual18(ref),126,bias,0.0,persistent,
Ahmedabad,in_domain,dual18(ref),126,bias,0.0,persistent,
Ahmedabad,in_domain,dual18(ref),126,bias,1.0,persistent,3.0
Ahmedabad,in_domain,dual18(ref),126,bias,1.0,persistent,3.0
Ahmedabad,in_domain,dual18(ref),126,bias,1.0,persistent,0.0
Ahmedabad,in_domain,dual18(ref),126,bias,1.0,persistent,5.0
Ahmedabad,in_domain,dual18(ref),126,stuck_at,1.0,persistent,0.0
Ahmedabad,in_domain,dual18(ref),126,stuck_at,1.0,persistent,0.0
Ahmedabad,in_domain,dual18(ref),126,stuck_at,1.0,persistent,0.0
Ahmedabad,in_domain,dual18(ref),126,stuck_at,1.0,persistent,0.0
Ahmedabad,in_domain,dual18(ref),126,stuck_at,1.0,persistent,0.0
Ahmedabad,in_domain,dual18(ref),126,stuck_at,1.0,persistent,0.0
Ahmedabad,in_domain,dual18(ref),126,noise_burst,1.0,persistent,0.0
Ahmedabad,in_domain,dual18(ref),126,noise_burst,0.0,persistent,
Ahmedabad,in_domain,dual18(ref),126,noise_burst,1.0,persistent,2.0
Ahmedabad,in_domain,dual18(ref),126,noise_burst,1.0,persistent,11.0
Ahmedabad,in_domain,dual18(ref),126,noise_burst,1.0,persistent,3.0
Ahmedabad,in_domain,dual18(ref),126,noise_burst,1.0,persistent,0.0
Ahmedabad,in_domain,dual18(ref),126,intermittent_spikes,1.0,transient,0.0
Ahmedabad,in_domain,dual18(ref),126,intermittent_spikes,1.0,transient,0.0
Ahmedabad,in_domain,dual18(ref),126,intermittent_spikes,1.0,transient,0.0
Ahmedabad,in_domain,dual18(ref),126,intermittent_spikes,1.0,transient,0.0
Ahmedabad,in_domain,dual18(ref),126,intermittent_spikes,1.0,transient,0.0
Ahmedabad,in_domain,dual18(ref),126,intermittent_spikes,1.0,transient,0.0
Ahmedabad,in_domain,dual18(ref),126,drift_plus_noise,1.0,persistent,10.0
Ahmedabad,in_domain,dual18(ref),126,drift_plus_noise,1.0,persistent,9.0
Ahmedabad,in_domain,dual18(ref),126,drift_plus_noise,1.0,persistent,5.0
Ahmedabad,in_domain,dual18(ref),126,bias_plus_spikes,1.0,persistent,0.0
Ahmedabad,in_domain,dual18(ref),126,bias_plus_spikes,1.0,persistent,0.0
Ahmedabad,in_domain,dual18(ref),126,bias_plus_spikes,1.0,persistent,2.0
Ahmedabad,temporal,dual18(ref),126,spike,1.0,transient,0.0
Ahmedabad,temporal,dual18(ref),126,spike,1.0,transient,0.0
Ahmedabad,temporal,dual18(ref),126,spike,1.0,transient,0.0
Ahmedabad,temporal,dual18(ref),126,spike,0.0,transient,
Ahmedabad,temporal,dual18(ref),126,spike,0.0,transient,
Ahmedabad,temporal,dual18(ref),126,spike,1.0,transient,0.0
Ahmedabad,temporal,dual18(ref),126,spike,1.0,transient,0.0
Ahmedabad,temporal,dual18(ref),126,spike,0.0,transient,
Ahmedabad,temporal,dual18(ref),126,spike,1.0,transient,0.0
Ahmedabad,temporal,dual18(ref),126,spike,1.0,transient,0.0
Ahmedabad,temporal,dual18(ref),126,spike,1.0,transient,0.0
Ahmedabad,temporal,dual18(ref),126,spike,1.0,transient,0.0
Ahmedabad,temporal,dual18(ref),126,spike,1.0,transient,0.0
Ahmedabad,temporal,dual18(ref),126,spike,1.0,transient,0.0
Ahmedabad,temporal,dual18(ref),126,spike,1.0,transient,0.0
Ahmedabad,temporal,dual18(ref),126,spike,1.0,transient,0.0
Ahmedabad,temporal,dual18(ref),126,spike,1.0,transient,0.0
Ahmedabad,temporal,dual18(ref),126,spike,0.0,transient,
Ahmedabad,temporal,dual18(ref),126,spike,1.0,transient,0.0
Ahmedabad,temporal,dual18(ref),126,spike,1.0,transient,0.0
Ahmedabad,temporal,dual18(ref),126,spike,1.0,transient,0.0
Ahmedabad,temporal,dual18(ref),126,spike,1.0,transient,0.0
Ahmedabad,temporal,dual18(ref),126,spike,1.0,transient,0.0
Ahmedabad,temporal,dual18(ref),126,spike,1.0,transient,0.0
Ahmedabad,temporal,dual18(ref),126,drift,1.0,persistent,4.0
Ahmedabad,temporal,dual18(ref),126,drift,0.0,persistent,
Ahmedabad,temporal,dual18(ref),126,drift,1.0,persistent,10.0
Ahmedabad,temporal,dual18(ref),126,drift,1.0,persistent,11.0
Ahmedabad,temporal,dual18(ref),126,drift,0.0,persistent,
Ahmedabad,temporal,dual18(ref),126,drift,1.0,persistent,10.0
Ahmedabad,temporal,dual18(ref),126,bias,0.0,persistent,
Ahmedabad,temporal,dual18(ref),126,bias,0.0,persistent,
Ahmedabad,temporal,dual18(ref),126,bias,0.0,persistent,
Ahmedabad,temporal,dual18(ref),126,bias,0.0,persistent,
Ahmedabad,temporal,dual18(ref),126,bias,1.0,persistent,8.0
Ahmedabad,temporal,dual18(ref),126,bias,1.0,persistent,7.0
Ahmedabad,temporal,dual18(ref),126,stuck_at,1.0,persistent,0.0
Ahmedabad,temporal,dual18(ref),126,stuck_at,1.0,persistent,0.0
Ahmedabad,temporal,dual18(ref),126,stuck_at,1.0,persistent,0.0
Ahmedabad,temporal,dual18(ref),126,stuck_at,1.0,persistent,0.0
Ahmedabad,temporal,dual18(ref),126,stuck_at,1.0,persistent,0.0
Ahmedabad,temporal,dual18(ref),126,stuck_at,1.0,persistent,0.0
Ahmedabad,temporal,dual18(ref),126,noise_burst,0.0,persistent,
Ahmedabad,temporal,dual18(ref),126,noise_burst,1.0,persistent,5.0
Ahmedabad,temporal,dual18(ref),126,noise_burst,0.0,persistent,
Ahmedabad,temporal,dual18(ref),126,noise_burst,0.0,persistent,
Ahmedabad,temporal,dual18(ref),126,noise_burst,1.0,persistent,2.0
Ahmedabad,temporal,dual18(ref),126,noise_burst,1.0,persistent,6.0
Ahmedabad,temporal,dual18(ref),126,intermittent_spikes,1.0,transient,0.0
Ahmedabad,temporal,dual18(ref),126,intermittent_spikes,1.0,transient,6.0
Ahmedabad,temporal,dual18(ref),126,intermittent_spikes,1.0,transient,0.0
Ahmedabad,temporal,dual18(ref),126,intermittent_spikes,1.0,transient,0.0
Ahmedabad,temporal,dual18(ref),126,intermittent_spikes,1.0,transient,3.0
Ahmedabad,temporal,dual18(ref),126,intermittent_spikes,1.0,transient,0.0
Ahmedabad,temporal,dual18(ref),126,drift_plus_noise,1.0,persistent,10.0
Ahmedabad,temporal,dual18(ref),126,drift_plus_noise,0.0,persistent,
Ahmedabad,temporal,dual18(ref),126,drift_plus_noise,1.0,persistent,5.0
Ahmedabad,temporal,dual18(ref),126,bias_plus_spikes,1.0,persistent,0.0
Ahmedabad,temporal,dual18(ref),126,bias_plus_spikes,1.0,persistent,4.0
Ahmedabad,temporal,dual18(ref),126,bias_plus_spikes,1.0,persistent,8.0
Ahmedabad,station,dual18(ref),126,spike,1.0,transient,0.0
Ahmedabad,station,dual18(ref),126,spike,1.0,transient,0.0
Ahmedabad,station,dual18(ref),126,spike,1.0,transient,0.0
Ahmedabad,station,dual18(ref),126,spike,0.0,transient,
Ahmedabad,station,dual18(ref),126,spike,0.0,transient,
Ahmedabad,station,dual18(ref),126,spike,1.0,transient,0.0
Ahmedabad,station,dual18(ref),126,spike,1.0,transient,0.0
Ahmedabad,station,dual18(ref),126,spike,0.0,transient,
Ahmedabad,station,dual18(ref),126,spike,1.0,transient,0.0
Ahmedabad,station,dual18(ref),126,spike,0.0,transient,
Ahmedabad,station,dual18(ref),126,spike,1.0,transient,0.0
Ahmedabad,station,dual18(ref),126,spike,1.0,transient,0.0
Ahmedabad,station,dual18(ref),126,spike,1.0,transient,0.0
Ahmedabad,station,dual18(ref),126,spike,1.0,transient,0.0
Ahmedabad,station,dual18(ref),126,spike,1.0,transient,0.0
Ahmedabad,station,dual18(ref),126,spike,1.0,transient,0.0
Ahmedabad,station,dual18(ref),126,spike,1.0,transient,0.0
Ahmedabad,station,dual18(ref),126,spike,0.0,transient,
Ahmedabad,station,dual18(ref),126,spike,1.0,transient,0.0
Ahmedabad,station,dual18(ref),126,spike,1.0,transient,0.0
Ahmedabad,station,dual18(ref),126,spike,1.0,transient,0.0
Ahmedabad,station,dual18(ref),126,spike,1.0,transient,0.0
Ahmedabad,station,dual18(ref),126,spike,1.0,transient,0.0
Ahmedabad,station,dual18(ref),126,spike,1.0,transient,0.0
Ahmedabad,station,dual18(ref),126,drift,1.0,persistent,0.0
Ahmedabad,station,dual18(ref),126,drift,0.0,persistent,
Ahmedabad,station,dual18(ref),126,drift,1.0,persistent,10.0
Ahmedabad,station,dual18(ref),126,drift,1.0,persistent,3.0
Ahmedabad,station,dual18(ref),126,drift,1.0,persistent,9.0
Ahmedabad,station,dual18(ref),126,drift,0.0,persistent,
Ahmedabad,station,dual18(ref),126,bias,0.0,persistent,
Ahmedabad,station,dual18(ref),126,bias,0.0,persistent,
Ahmedabad,station,dual18(ref),126,bias,0.0,persistent,
Ahmedabad,station,dual18(ref),126,bias,0.0,persistent,
Ahmedabad,station,dual18(ref),126,bias,0.0,persistent,
Ahmedabad,station,dual18(ref),126,bias,1.0,persistent,7.0
Ahmedabad,station,dual18(ref),126,stuck_at,1.0,persistent,0.0
Ahmedabad,station,dual18(ref),126,stuck_at,1.0,persistent,0.0
Ahmedabad,station,dual18(ref),126,stuck_at,1.0,persistent,0.0
Ahmedabad,station,dual18(ref),126,stuck_at,1.0,persistent,0.0
Ahmedabad,station,dual18(ref),126,stuck_at,1.0,persistent,0.0
Ahmedabad,station,dual18(ref),126,stuck_at,1.0,persistent,0.0
Ahmedabad,station,dual18(ref),126,noise_burst,0.0,persistent,
Ahmedabad,station,dual18(ref),126,noise_burst,1.0,persistent,5.0
Ahmedabad,station,dual18(ref),126,noise_burst,0.0,persistent,
Ahmedabad,station,dual18(ref),126,noise_burst,0.0,persistent,
Ahmedabad,station,dual18(ref),126,noise_burst,1.0,persistent,2.0
Ahmedabad,station,dual18(ref),126,noise_burst,1.0,persistent,2.0
Ahmedabad,station,dual18(ref),126,intermittent_spikes,1.0,transient,4.0
Ahmedabad,station,dual18(ref),126,intermittent_spikes,1.0,transient,9.0
Ahmedabad,station,dual18(ref),126,intermittent_spikes,1.0,transient,0.0
Ahmedabad,station,dual18(ref),126,intermittent_spikes,1.0,transient,0.0
Ahmedabad,station,dual18(ref),126,intermittent_spikes,1.0,transient,0.0
Ahmedabad,station,dual18(ref),126,intermittent_spikes,1.0,transient,0.0
Ahmedabad,station,dual18(ref),126,drift_plus_noise,1.0,persistent,10.0
Ahmedabad,station,dual18(ref),126,drift_plus_noise,0.0,persistent,
Ahmedabad,station,dual18(ref),126,drift_plus_noise,1.0,persistent,11.0
Ahmedabad,station,dual18(ref),126,bias_plus_spikes,1.0,persistent,0.0
Ahmedabad,station,dual18(ref),126,bias_plus_spikes,1.0,persistent,4.0
Ahmedabad,station,dual18(ref),126,bias_plus_spikes,1.0,persistent,8.0
Kolkata,in_domain,baseline16,104,spike,1.0,transient,0.0
Kolkata,in_domain,baseline16,104,spike,1.0,transient,0.0
Kolkata,in_domain,baseline16,104,spike,1.0,transient,0.0
Kolkata,in_domain,baseline16,104,spike,1.0,transient,0.0
Kolkata,in_domain,baseline16,104,spike,1.0,transient,0.0
Kolkata,in_domain,baseline16,104,spike,1.0,transient,0.0
Kolkata,in_domain,baseline16,104,spike,1.0,transient,0.0
Kolkata,in_domain,baseline16,104,spike,0.0,transient,
Kolkata,in_domain,baseline16,104,spike,0.0,transient,
Kolkata,in_domain,baseline16,104,spike,0.0,transient,
Kolkata,in_domain,baseline16,104,spike,1.0,transient,0.0
Kolkata,in_domain,baseline16,104,spike,1.0,transient,0.0
Kolkata,in_domain,baseline16,104,spike,1.0,transient,0.0
Kolkata,in_domain,baseline16,104,spike,1.0,transient,0.0
Kolkata,in_domain,baseline16,104,spike,1.0,transient,0.0
Kolkata,in_domain,baseline16,104,spike,1.0,transient,0.0
Kolkata,in_domain,baseline16,104,spike,1.0,transient,0.0
Kolkata,in_domain,baseline16,104,spike,1.0,transient,0.0
Kolkata,in_domain,baseline16,104,spike,1.0,transient,0.0
Kolkata,in_domain,baseline16,104,spike,1.0,transient,0.0
Kolkata,in_domain,baseline16,104,spike,1.0,transient,0.0
Kolkata,in_domain,baseline16,104,spike,1.0,transient,0.0
Kolkata,in_domain,baseline16,104,spike,1.0,transient,1.0
Kolkata,in_domain,baseline16,104,spike,1.0,transient,0.0
Kolkata,in_domain,baseline16,104,drift,1.0,persistent,6.0
Kolkata,in_domain,baseline16,104,drift,1.0,persistent,10.0
Kolkata,in_domain,baseline16,104,drift,0.0,persistent,
Kolkata,in_domain,baseline16,104,drift,1.0,persistent,4.0
Kolkata,in_domain,baseline16,104,drift,1.0,persistent,6.0
Kolkata,in_domain,baseline16,104,drift,1.0,persistent,5.0
Kolkata,in_domain,baseline16,104,bias,1.0,persistent,4.0
Kolkata,in_domain,baseline16,104,bias,1.0,persistent,0.0
Kolkata,in_domain,baseline16,104,bias,1.0,persistent,0.0
Kolkata,in_domain,baseline16,104,bias,1.0,persistent,12.0
Kolkata,in_domain,baseline16,104,bias,0.0,persistent,
Kolkata,in_domain,baseline16,104,bias,0.0,persistent,
Kolkata,in_domain,baseline16,104,stuck_at,1.0,persistent,0.0
Kolkata,in_domain,baseline16,104,stuck_at,1.0,persistent,0.0
Kolkata,in_domain,baseline16,104,stuck_at,1.0,persistent,0.0
Kolkata,in_domain,baseline16,104,stuck_at,1.0,persistent,0.0
Kolkata,in_domain,baseline16,104,stuck_at,1.0,persistent,0.0
Kolkata,in_domain,baseline16,104,stuck_at,1.0,persistent,0.0
Kolkata,in_domain,baseline16,104,noise_burst,0.0,persistent,
Kolkata,in_domain,baseline16,104,noise_burst,0.0,persistent,
Kolkata,in_domain,baseline16,104,noise_burst,0.0,persistent,
Kolkata,in_domain,baseline16,104,noise_burst,1.0,persistent,0.0
Kolkata,in_domain,baseline16,104,noise_burst,1.0,persistent,0.0
Kolkata,in_domain,baseline16,104,noise_burst,1.0,persistent,2.0
Kolkata,in_domain,baseline16,104,intermittent_spikes,1.0,transient,0.0
Kolkata,in_domain,baseline16,104,intermittent_spikes,1.0,transient,0.0
Kolkata,in_domain,baseline16,104,intermittent_spikes,1.0,transient,0.0
Kolkata,in_domain,baseline16,104,intermittent_spikes,1.0,transient,0.0
Kolkata,in_domain,baseline16,104,intermittent_spikes,1.0,transient,0.0
Kolkata,in_domain,baseline16,104,intermittent_spikes,1.0,transient,0.0
Kolkata,in_domain,baseline16,104,drift_plus_noise,1.0,persistent,0.0
Kolkata,in_domain,baseline16,104,drift_plus_noise,1.0,persistent,3.0
Kolkata,in_domain,baseline16,104,drift_plus_noise,0.0,persistent,
Kolkata,in_domain,baseline16,104,bias_plus_spikes,1.0,persistent,0.0
Kolkata,in_domain,baseline16,104,bias_plus_spikes,1.0,persistent,0.0
Kolkata,in_domain,baseline16,104,bias_plus_spikes,1.0,persistent,2.0
Kolkata,temporal,baseline16,104,spike,1.0,transient,0.0
Kolkata,temporal,baseline16,104,spike,0.0,transient,
Kolkata,temporal,baseline16,104,spike,1.0,transient,0.0
Kolkata,temporal,baseline16,104,spike,1.0,transient,0.0
Kolkata,temporal,baseline16,104,spike,0.0,transient,
Kolkata,temporal,baseline16,104,spike,1.0,transient,0.0
Kolkata,temporal,baseline16,104,spike,0.0,transient,
Kolkata,temporal,baseline16,104,spike,0.0,transient,
Kolkata,temporal,baseline16,104,spike,1.0,transient,0.0
Kolkata,temporal,baseline16,104,spike,1.0,transient,0.0
Kolkata,temporal,baseline16,104,spike,1.0,transient,0.0
Kolkata,temporal,baseline16,104,spike,1.0,transient,0.0
Kolkata,temporal,baseline16,104,spike,1.0,transient,0.0
Kolkata,temporal,baseline16,104,spike,1.0,transient,0.0
Kolkata,temporal,baseline16,104,spike,0.0,transient,
Kolkata,temporal,baseline16,104,spike,1.0,transient,0.0
Kolkata,temporal,baseline16,104,spike,1.0,transient,0.0
Kolkata,temporal,baseline16,104,spike,1.0,transient,0.0
Kolkata,temporal,baseline16,104,spike,1.0,transient,0.0
Kolkata,temporal,baseline16,104,spike,1.0,transient,0.0
Kolkata,temporal,baseline16,104,spike,1.0,transient,0.0
Kolkata,temporal,baseline16,104,spike,0.0,transient,
Kolkata,temporal,baseline16,104,spike,1.0,transient,0.0
Kolkata,temporal,baseline16,104,drift,1.0,persistent,2.0
Kolkata,temporal,baseline16,104,drift,1.0,persistent,9.0
Kolkata,temporal,baseline16,104,drift,0.0,persistent,
Kolkata,temporal,baseline16,104,drift,0.0,persistent,
Kolkata,temporal,baseline16,104,drift,1.0,persistent,10.0
Kolkata,temporal,baseline16,104,drift,1.0,persistent,1.0
Kolkata,temporal,baseline16,104,bias,1.0,persistent,10.0
Kolkata,temporal,baseline16,104,bias,1.0,persistent,2.0
Kolkata,temporal,baseline16,104,bias,0.0,persistent,
Kolkata,temporal,baseline16,104,bias,1.0,persistent,0.0
Kolkata,temporal,baseline16,104,bias,1.0,persistent,6.0
Kolkata,temporal,baseline16,104,bias,0.0,persistent,
Kolkata,temporal,baseline16,104,stuck_at,1.0,persistent,0.0
Kolkata,temporal,baseline16,104,stuck_at,1.0,persistent,0.0
Kolkata,temporal,baseline16,104,stuck_at,1.0,persistent,0.0
Kolkata,temporal,baseline16,104,stuck_at,1.0,persistent,0.0
Kolkata,temporal,baseline16,104,stuck_at,1.0,persistent,0.0
Kolkata,temporal,baseline16,104,stuck_at,1.0,persistent,0.0
Kolkata,temporal,baseline16,104,noise_burst,0.0,persistent,
Kolkata,temporal,baseline16,104,noise_burst,1.0,persistent,6.0
Kolkata,temporal,baseline16,104,noise_burst,0.0,persistent,
Kolkata,temporal,baseline16,104,noise_burst,0.0,persistent,
Kolkata,temporal,baseline16,104,noise_burst,1.0,persistent,0.0
Kolkata,temporal,baseline16,104,noise_burst,0.0,persistent,
Kolkata,temporal,baseline16,104,intermittent_spikes,1.0,transient,3.0
Kolkata,temporal,baseline16,104,intermittent_spikes,1.0,transient,0.0
Kolkata,temporal,baseline16,104,intermittent_spikes,1.0,transient,0.0
Kolkata,temporal,baseline16,104,intermittent_spikes,1.0,transient,0.0
Kolkata,temporal,baseline16,104,intermittent_spikes,1.0,transient,0.0
Kolkata,temporal,baseline16,104,intermittent_spikes,1.0,transient,0.0
Kolkata,temporal,baseline16,104,drift_plus_noise,1.0,persistent,8.0
Kolkata,temporal,baseline16,104,drift_plus_noise,1.0,persistent,0.0
Kolkata,temporal,baseline16,104,drift_plus_noise,1.0,persistent,4.0
Kolkata,temporal,baseline16,104,bias_plus_spikes,1.0,persistent,9.0
Kolkata,temporal,baseline16,104,bias_plus_spikes,0.0,persistent,
Kolkata,temporal,baseline16,104,bias_plus_spikes,1.0,persistent,1.0
Kolkata,station,baseline16,104,spike,1.0,transient,0.0
Kolkata,station,baseline16,104,spike,0.0,transient,
Kolkata,station,baseline16,104,spike,1.0,transient,0.0
Kolkata,station,baseline16,104,spike,1.0,transient,0.0
Kolkata,station,baseline16,104,spike,1.0,transient,0.0
Kolkata,station,baseline16,104,spike,1.0,transient,0.0
Kolkata,station,baseline16,104,spike,0.0,transient,
Kolkata,station,baseline16,104,spike,0.0,transient,
Kolkata,station,baseline16,104,spike,0.0,transient,
Kolkata,station,baseline16,104,spike,1.0,transient,0.0
Kolkata,station,baseline16,104,spike,1.0,transient,0.0
Kolkata,station,baseline16,104,spike,1.0,transient,0.0
Kolkata,station,baseline16,104,spike,1.0,transient,0.0
Kolkata,station,baseline16,104,spike,1.0,transient,0.0
Kolkata,station,baseline16,104,spike,0.0,transient,
Kolkata,station,baseline16,104,spike,1.0,transient,0.0
Kolkata,station,baseline16,104,spike,1.0,transient,0.0
Kolkata,station,baseline16,104,spike,0.0,transient,
Kolkata,station,baseline16,104,spike,1.0,transient,0.0
Kolkata,station,baseline16,104,spike,1.0,transient,0.0
Kolkata,station,baseline16,104,spike,1.0,transient,0.0
Kolkata,station,baseline16,104,spike,0.0,transient,
Kolkata,station,baseline16,104,spike,1.0,transient,0.0
Kolkata,station,baseline16,104,drift,1.0,persistent,2.0
Kolkata,station,baseline16,104,drift,1.0,persistent,9.0
Kolkata,station,baseline16,104,drift,0.0,persistent,
Kolkata,station,baseline16,104,drift,1.0,persistent,9.0
Kolkata,station,baseline16,104,drift,1.0,persistent,10.0
Kolkata,station,baseline16,104,drift,1.0,persistent,1.0
Kolkata,station,baseline16,104,bias,1.0,persistent,10.0
Kolkata,station,baseline16,104,bias,0.0,persistent,
Kolkata,station,baseline16,104,bias,0.0,persistent,
Kolkata,station,baseline16,104,bias,1.0,persistent,0.0
Kolkata,station,baseline16,104,bias,1.0,persistent,9.0
Kolkata,station,baseline16,104,bias,0.0,persistent,
Kolkata,station,baseline16,104,stuck_at,1.0,persistent,0.0
Kolkata,station,baseline16,104,stuck_at,1.0,persistent,0.0
Kolkata,station,baseline16,104,stuck_at,1.0,persistent,0.0
Kolkata,station,baseline16,104,stuck_at,1.0,persistent,0.0
Kolkata,station,baseline16,104,stuck_at,1.0,persistent,0.0
Kolkata,station,baseline16,104,stuck_at,1.0,persistent,0.0
Kolkata,station,baseline16,104,noise_burst,0.0,persistent,
Kolkata,station,baseline16,104,noise_burst,1.0,persistent,0.0
Kolkata,station,baseline16,104,noise_burst,0.0,persistent,
Kolkata,station,baseline16,104,noise_burst,0.0,persistent,
Kolkata,station,baseline16,104,noise_burst,1.0,persistent,0.0
Kolkata,station,baseline16,104,noise_burst,0.0,persistent,
Kolkata,station,baseline16,104,intermittent_spikes,1.0,transient,0.0
Kolkata,station,baseline16,104,intermittent_spikes,1.0,transient,0.0
Kolkata,station,baseline16,104,intermittent_spikes,1.0,transient,0.0
Kolkata,station,baseline16,104,intermittent_spikes,1.0,transient,0.0
Kolkata,station,baseline16,104,intermittent_spikes,1.0,transient,0.0
Kolkata,station,baseline16,104,intermittent_spikes,1.0,transient,0.0
Kolkata,station,baseline16,104,drift_plus_noise,1.0,persistent,14.0
Kolkata,station,baseline16,104,drift_plus_noise,1.0,persistent,1.0
Kolkata,station,baseline16,104,drift_plus_noise,1.0,persistent,4.0
Kolkata,station,baseline16,104,bias_plus_spikes,0.0,persistent,
Kolkata,station,baseline16,104,bias_plus_spikes,0.0,persistent,
Kolkata,station,baseline16,104,bias_plus_spikes,1.0,persistent,7.0
Kolkata,in_domain,baseline16,115,spike,1.0,transient,0.0
Kolkata,in_domain,baseline16,115,spike,1.0,transient,0.0
Kolkata,in_domain,baseline16,115,spike,0.0,transient,
Kolkata,in_domain,baseline16,115,spike,1.0,transient,0.0
Kolkata,in_domain,baseline16,115,spike,1.0,transient,0.0
Kolkata,in_domain,baseline16,115,spike,1.0,transient,0.0
Kolkata,in_domain,baseline16,115,spike,1.0,transient,0.0
Kolkata,in_domain,baseline16,115,spike,0.0,transient,
Kolkata,in_domain,baseline16,115,spike,0.0,transient,
Kolkata,in_domain,baseline16,115,spike,0.0,transient,
Kolkata,in_domain,baseline16,115,spike,1.0,transient,0.0
Kolkata,in_domain,baseline16,115,spike,1.0,transient,0.0
Kolkata,in_domain,baseline16,115,spike,1.0,transient,0.0
Kolkata,in_domain,baseline16,115,spike,1.0,transient,0.0
Kolkata,in_domain,baseline16,115,spike,1.0,transient,0.0
Kolkata,in_domain,baseline16,115,spike,1.0,transient,0.0
Kolkata,in_domain,baseline16,115,spike,1.0,transient,0.0
Kolkata,in_domain,baseline16,115,spike,1.0,transient,0.0
Kolkata,in_domain,baseline16,115,spike,0.0,transient,
Kolkata,in_domain,baseline16,115,spike,1.0,transient,0.0
Kolkata,in_domain,baseline16,115,spike,0.0,transient,
Kolkata,in_domain,baseline16,115,spike,1.0,transient,0.0
Kolkata,in_domain,baseline16,115,spike,1.0,transient,0.0
Kolkata,in_domain,baseline16,115,spike,0.0,transient,
Kolkata,in_domain,baseline16,115,drift,0.0,persistent,
Kolkata,in_domain,baseline16,115,drift,1.0,persistent,13.0
Kolkata,in_domain,baseline16,115,drift,0.0,persistent,
Kolkata,in_domain,baseline16,115,drift,1.0,persistent,12.0
Kolkata,in_domain,baseline16,115,drift,1.0,persistent,11.0
Kolkata,in_domain,baseline16,115,drift,1.0,persistent,8.0
Kolkata,in_domain,baseline16,115,bias,0.0,persistent,
Kolkata,in_domain,baseline16,115,bias,0.0,persistent,
Kolkata,in_domain,baseline16,115,bias,0.0,persistent,
Kolkata,in_domain,baseline16,115,bias,0.0,persistent,
Kolkata,in_domain,baseline16,115,bias,0.0,persistent,
Kolkata,in_domain,baseline16,115,bias,1.0,persistent,1.0
Kolkata,in_domain,baseline16,115,stuck_at,1.0,persistent,0.0
Kolkata,in_domain,baseline16,115,stuck_at,1.0,persistent,0.0
Kolkata,in_domain,baseline16,115,stuck_at,1.0,persistent,0.0
Kolkata,in_domain,baseline16,115,stuck_at,1.0,persistent,0.0
Kolkata,in_domain,baseline16,115,stuck_at,1.0,persistent,0.0
Kolkata,in_domain,baseline16,115,stuck_at,1.0,persistent,0.0
Kolkata,in_domain,baseline16,115,noise_burst,0.0,persistent,
Kolkata,in_domain,baseline16,115,noise_burst,0.0,persistent,
Kolkata,in_domain,baseline16,115,noise_burst,1.0,persistent,2.0
Kolkata,in_domain,baseline16,115,noise_burst,1.0,persistent,0.0
Kolkata,in_domain,baseline16,115,noise_burst,1.0,persistent,1.0
Kolkata,in_domain,baseline16,115,noise_burst,1.0,persistent,0.0
Kolkata,in_domain,baseline16,115,intermittent_spikes,1.0,transient,0.0
Kolkata,in_domain,baseline16,115,intermittent_spikes,1.0,transient,7.0
Kolkata,in_domain,baseline16,115,intermittent_spikes,1.0,transient,5.0
Kolkata,in_domain,baseline16,115,intermittent_spikes,1.0,transient,0.0
Kolkata,in_domain,baseline16,115,intermittent_spikes,1.0,transient,0.0
Kolkata,in_domain,baseline16,115,intermittent_spikes,1.0,transient,0.0
Kolkata,in_domain,baseline16,115,drift_plus_noise,0.0,persistent,
Kolkata,in_domain,baseline16,115,drift_plus_noise,1.0,persistent,7.0
Kolkata,in_domain,baseline16,115,drift_plus_noise,1.0,persistent,2.0
Kolkata,in_domain,baseline16,115,bias_plus_spikes,1.0,persistent,0.0
Kolkata,in_domain,baseline16,115,bias_plus_spikes,1.0,persistent,0.0
Kolkata,in_domain,baseline16,115,bias_plus_spikes,1.0,persistent,3.0
Kolkata,temporal,baseline16,115,spike,1.0,transient,0.0
Kolkata,temporal,baseline16,115,spike,1.0,transient,0.0
Kolkata,temporal,baseline16,115,spike,1.0,transient,0.0
Kolkata,temporal,baseline16,115,spike,1.0,transient,0.0
Kolkata,temporal,baseline16,115,spike,1.0,transient,0.0
Kolkata,temporal,baseline16,115,spike,1.0,transient,0.0
Kolkata,temporal,baseline16,115,spike,0.0,transient,
Kolkata,temporal,baseline16,115,spike,0.0,transient,
Kolkata,temporal,baseline16,115,spike,0.0,transient,
Kolkata,temporal,baseline16,115,spike,1.0,transient,0.0
Kolkata,temporal,baseline16,115,spike,0.0,transient,
Kolkata,temporal,baseline16,115,spike,1.0,transient,0.0
Kolkata,temporal,baseline16,115,spike,1.0,transient,0.0
Kolkata,temporal,baseline16,115,spike,1.0,transient,0.0
Kolkata,temporal,baseline16,115,spike,1.0,transient,0.0
Kolkata,temporal,baseline16,115,spike,1.0,transient,0.0
Kolkata,temporal,baseline16,115,spike,1.0,transient,0.0
Kolkata,temporal,baseline16,115,spike,0.0,transient,
Kolkata,temporal,baseline16,115,spike,1.0,transient,0.0
Kolkata,temporal,baseline16,115,spike,1.0,transient,0.0
Kolkata,temporal,baseline16,115,spike,1.0,transient,0.0
Kolkata,temporal,baseline16,115,spike,1.0,transient,0.0
Kolkata,temporal,baseline16,115,spike,0.0,transient,
Kolkata,temporal,baseline16,115,spike,1.0,transient,0.0
Kolkata,temporal,baseline16,115,drift,0.0,persistent,
Kolkata,temporal,baseline16,115,drift,0.0,persistent,
Kolkata,temporal,baseline16,115,drift,0.0,persistent,
Kolkata,temporal,baseline16,115,drift,1.0,persistent,12.0
Kolkata,temporal,baseline16,115,drift,0.0,persistent,
Kolkata,temporal,baseline16,115,drift,0.0,persistent,
Kolkata,temporal,baseline16,115,bias,0.0,persistent,
Kolkata,temporal,baseline16,115,bias,0.0,persistent,
Kolkata,temporal,baseline16,115,bias,0.0,persistent,
Kolkata,temporal,baseline16,115,bias,1.0,persistent,2.0
Kolkata,temporal,baseline16,115,bias,1.0,persistent,10.0
Kolkata,temporal,baseline16,115,bias,1.0,persistent,0.0
Kolkata,temporal,baseline16,115,stuck_at,1.0,persistent,0.0
Kolkata,temporal,baseline16,115,stuck_at,1.0,persistent,0.0
Kolkata,temporal,baseline16,115,stuck_at,1.0,persistent,0.0
Kolkata,temporal,baseline16,115,stuck_at,1.0,persistent,0.0
Kolkata,temporal,baseline16,115,stuck_at,1.0,persistent,0.0
Kolkata,temporal,baseline16,115,stuck_at,1.0,persistent,0.0
Kolkata,temporal,baseline16,115,noise_burst,0.0,persistent,
Kolkata,temporal,baseline16,115,noise_burst,1.0,persistent,0.0
Kolkata,temporal,baseline16,115,noise_burst,0.0,persistent,
Kolkata,temporal,baseline16,115,noise_burst,1.0,persistent,0.0
Kolkata,temporal,baseline16,115,noise_burst,0.0,persistent,
Kolkata,temporal,baseline16,115,noise_burst,1.0,persistent,2.0
Kolkata,temporal,baseline16,115,intermittent_spikes,1.0,transient,0.0
Kolkata,temporal,baseline16,115,intermittent_spikes,1.0,transient,0.0
Kolkata,temporal,baseline16,115,intermittent_spikes,0.0,transient,
Kolkata,temporal,baseline16,115,intermittent_spikes,1.0,transient,0.0
Kolkata,temporal,baseline16,115,intermittent_spikes,1.0,transient,0.0
Kolkata,temporal,baseline16,115,intermittent_spikes,1.0,transient,0.0
Kolkata,temporal,baseline16,115,drift_plus_noise,1.0,persistent,2.0
Kolkata,temporal,baseline16,115,drift_plus_noise,1.0,persistent,0.0
Kolkata,temporal,baseline16,115,drift_plus_noise,1.0,persistent,9.0
Kolkata,temporal,baseline16,115,bias_plus_spikes,1.0,persistent,1.0
Kolkata,temporal,baseline16,115,bias_plus_spikes,1.0,persistent,0.0
Kolkata,temporal,baseline16,115,bias_plus_spikes,1.0,persistent,1.0
Kolkata,station,baseline16,115,spike,1.0,transient,0.0
Kolkata,station,baseline16,115,spike,1.0,transient,0.0
Kolkata,station,baseline16,115,spike,1.0,transient,0.0
Kolkata,station,baseline16,115,spike,1.0,transient,0.0
Kolkata,station,baseline16,115,spike,1.0,transient,0.0
Kolkata,station,baseline16,115,spike,1.0,transient,0.0
Kolkata,station,baseline16,115,spike,0.0,transient,
Kolkata,station,baseline16,115,spike,0.0,transient,
Kolkata,station,baseline16,115,spike,0.0,transient,
Kolkata,station,baseline16,115,spike,0.0,transient,
Kolkata,station,baseline16,115,spike,0.0,transient,
Kolkata,station,baseline16,115,spike,1.0,transient,0.0
Kolkata,station,baseline16,115,spike,1.0,transient,0.0
Kolkata,station,baseline16,115,spike,1.0,transient,0.0
Kolkata,station,baseline16,115,spike,1.0,transient,0.0
Kolkata,station,baseline16,115,spike,1.0,transient,0.0
Kolkata,station,baseline16,115,spike,1.0,transient,0.0
Kolkata,station,baseline16,115,spike,0.0,transient,
Kolkata,station,baseline16,115,spike,1.0,transient,1.0
Kolkata,station,baseline16,115,spike,1.0,transient,0.0
Kolkata,station,baseline16,115,spike,1.0,transient,0.0
Kolkata,station,baseline16,115,spike,1.0,transient,0.0
Kolkata,station,baseline16,115,spike,1.0,transient,0.0
Kolkata,station,baseline16,115,spike,1.0,transient,0.0
Kolkata,station,baseline16,115,drift,0.0,persistent,
Kolkata,station,baseline16,115,drift,0.0,persistent,
Kolkata,station,baseline16,115,drift,0.0,persistent,
Kolkata,station,baseline16,115,drift,1.0,persistent,12.0
Kolkata,station,baseline16,115,drift,0.0,persistent,
Kolkata,station,baseline16,115,drift,0.0,persistent,
Kolkata,station,baseline16,115,bias,0.0,persistent,
Kolkata,station,baseline16,115,bias,1.0,persistent,5.0
Kolkata,station,baseline16,115,bias,0.0,persistent,
Kolkata,station,baseline16,115,bias,1.0,persistent,6.0
Kolkata,station,baseline16,115,bias,1.0,persistent,10.0
Kolkata,station,baseline16,115,bias,1.0,persistent,0.0
Kolkata,station,baseline16,115,stuck_at,1.0,persistent,0.0
Kolkata,station,baseline16,115,stuck_at,1.0,persistent,0.0
Kolkata,station,baseline16,115,stuck_at,1.0,persistent,0.0
Kolkata,station,baseline16,115,stuck_at,1.0,persistent,0.0
Kolkata,station,baseline16,115,stuck_at,1.0,persistent,0.0
Kolkata,station,baseline16,115,stuck_at,1.0,persistent,0.0
Kolkata,station,baseline16,115,noise_burst,0.0,persistent,
Kolkata,station,baseline16,115,noise_burst,1.0,persistent,0.0
Kolkata,station,baseline16,115,noise_burst,0.0,persistent,
Kolkata,station,baseline16,115,noise_burst,1.0,persistent,0.0
Kolkata,station,baseline16,115,noise_burst,0.0,persistent,
Kolkata,station,baseline16,115,noise_burst,1.0,persistent,2.0
Kolkata,station,baseline16,115,intermittent_spikes,1.0,transient,0.0
Kolkata,station,baseline16,115,intermittent_spikes,1.0,transient,0.0
Kolkata,station,baseline16,115,intermittent_spikes,0.0,transient,
Kolkata,station,baseline16,115,intermittent_spikes,1.0,transient,0.0
Kolkata,station,baseline16,115,intermittent_spikes,1.0,transient,0.0
Kolkata,station,baseline16,115,intermittent_spikes,1.0,transient,0.0
Kolkata,station,baseline16,115,drift_plus_noise,1.0,persistent,2.0
Kolkata,station,baseline16,115,drift_plus_noise,1.0,persistent,0.0
Kolkata,station,baseline16,115,drift_plus_noise,1.0,persistent,9.0
Kolkata,station,baseline16,115,bias_plus_spikes,1.0,persistent,5.0
Kolkata,station,baseline16,115,bias_plus_spikes,1.0,persistent,0.0
Kolkata,station,baseline16,115,bias_plus_spikes,1.0,persistent,1.0
Kolkata,in_domain,baseline16,126,spike,1.0,transient,0.0
Kolkata,in_domain,baseline16,126,spike,1.0,transient,0.0
Kolkata,in_domain,baseline16,126,spike,1.0,transient,0.0
Kolkata,in_domain,baseline16,126,spike,1.0,transient,0.0
Kolkata,in_domain,baseline16,126,spike,1.0,transient,0.0
Kolkata,in_domain,baseline16,126,spike,1.0,transient,0.0
Kolkata,in_domain,baseline16,126,spike,0.0,transient,
Kolkata,in_domain,baseline16,126,spike,1.0,transient,0.0
Kolkata,in_domain,baseline16,126,spike,1.0,transient,0.0
Kolkata,in_domain,baseline16,126,spike,1.0,transient,0.0
Kolkata,in_domain,baseline16,126,spike,0.0,transient,
Kolkata,in_domain,baseline16,126,spike,1.0,transient,0.0
Kolkata,in_domain,baseline16,126,spike,1.0,transient,0.0
Kolkata,in_domain,baseline16,126,spike,1.0,transient,0.0
Kolkata,in_domain,baseline16,126,spike,1.0,transient,0.0
Kolkata,in_domain,baseline16,126,spike,1.0,transient,0.0
Kolkata,in_domain,baseline16,126,spike,1.0,transient,0.0
Kolkata,in_domain,baseline16,126,spike,1.0,transient,0.0
Kolkata,in_domain,baseline16,126,spike,1.0,transient,0.0
Kolkata,in_domain,baseline16,126,spike,1.0,transient,1.0
Kolkata,in_domain,baseline16,126,spike,1.0,transient,0.0
Kolkata,in_domain,baseline16,126,spike,1.0,transient,0.0
Kolkata,in_domain,baseline16,126,spike,1.0,transient,0.0
Kolkata,in_domain,baseline16,126,spike,0.0,transient,
Kolkata,in_domain,baseline16,126,drift,1.0,persistent,8.0
Kolkata,in_domain,baseline16,126,drift,0.0,persistent,
Kolkata,in_domain,baseline16,126,drift,0.0,persistent,
Kolkata,in_domain,baseline16,126,drift,1.0,persistent,11.0
Kolkata,in_domain,baseline16,126,drift,1.0,persistent,3.0
Kolkata,in_domain,baseline16,126,drift,1.0,persistent,2.0
Kolkata,in_domain,baseline16,126,bias,0.0,persistent,
Kolkata,in_domain,baseline16,126,bias,0.0,persistent,
Kolkata,in_domain,baseline16,126,bias,0.0,persistent,
Kolkata,in_domain,baseline16,126,bias,1.0,persistent,4.0
Kolkata,in_domain,baseline16,126,bias,0.0,persistent,
Kolkata,in_domain,baseline16,126,bias,0.0,persistent,
Kolkata,in_domain,baseline16,126,stuck_at,1.0,persistent,0.0
Kolkata,in_domain,baseline16,126,stuck_at,1.0,persistent,0.0
Kolkata,in_domain,baseline16,126,stuck_at,1.0,persistent,0.0
Kolkata,in_domain,baseline16,126,stuck_at,1.0,persistent,0.0
Kolkata,in_domain,baseline16,126,stuck_at,1.0,persistent,0.0
Kolkata,in_domain,baseline16,126,stuck_at,1.0,persistent,0.0
Kolkata,in_domain,baseline16,126,noise_burst,1.0,persistent,0.0
Kolkata,in_domain,baseline16,126,noise_burst,0.0,persistent,
Kolkata,in_domain,baseline16,126,noise_burst,0.0,persistent,
Kolkata,in_domain,baseline16,126,noise_burst,1.0,persistent,2.0
Kolkata,in_domain,baseline16,126,noise_burst,1.0,persistent,2.0
Kolkata,in_domain,baseline16,126,noise_burst,1.0,persistent,0.0
Kolkata,in_domain,baseline16,126,intermittent_spikes,1.0,transient,0.0
Kolkata,in_domain,baseline16,126,intermittent_spikes,1.0,transient,0.0
Kolkata,in_domain,baseline16,126,intermittent_spikes,1.0,transient,0.0
Kolkata,in_domain,baseline16,126,intermittent_spikes,1.0,transient,0.0
Kolkata,in_domain,baseline16,126,intermittent_spikes,1.0,transient,0.0
Kolkata,in_domain,baseline16,126,intermittent_spikes,1.0,transient,0.0
Kolkata,in_domain,baseline16,126,drift_plus_noise,1.0,persistent,6.0
Kolkata,in_domain,baseline16,126,drift_plus_noise,1.0,persistent,2.0
Kolkata,in_domain,baseline16,126,drift_plus_noise,0.0,persistent,
Kolkata,in_domain,baseline16,126,bias_plus_spikes,1.0,persistent,0.0
Kolkata,in_domain,baseline16,126,bias_plus_spikes,1.0,persistent,0.0
Kolkata,in_domain,baseline16,126,bias_plus_spikes,1.0,persistent,2.0
Kolkata,temporal,baseline16,126,spike,0.0,transient,
Kolkata,temporal,baseline16,126,spike,0.0,transient,
Kolkata,temporal,baseline16,126,spike,1.0,transient,0.0
Kolkata,temporal,baseline16,126,spike,1.0,transient,0.0
Kolkata,temporal,baseline16,126,spike,1.0,transient,0.0
Kolkata,temporal,baseline16,126,spike,1.0,transient,0.0
Kolkata,temporal,baseline16,126,spike,1.0,transient,0.0
Kolkata,temporal,baseline16,126,spike,0.0,transient,
Kolkata,temporal,baseline16,126,spike,1.0,transient,0.0
Kolkata,temporal,baseline16,126,spike,1.0,transient,0.0
Kolkata,temporal,baseline16,126,spike,1.0,transient,0.0
Kolkata,temporal,baseline16,126,spike,1.0,transient,0.0
Kolkata,temporal,baseline16,126,spike,1.0,transient,0.0
Kolkata,temporal,baseline16,126,spike,1.0,transient,0.0
Kolkata,temporal,baseline16,126,spike,1.0,transient,0.0
Kolkata,temporal,baseline16,126,spike,1.0,transient,0.0
Kolkata,temporal,baseline16,126,spike,1.0,transient,0.0
Kolkata,temporal,baseline16,126,spike,1.0,transient,0.0
Kolkata,temporal,baseline16,126,spike,1.0,transient,1.0
Kolkata,temporal,baseline16,126,spike,0.0,transient,
Kolkata,temporal,baseline16,126,spike,1.0,transient,0.0
Kolkata,temporal,baseline16,126,spike,1.0,transient,0.0
Kolkata,temporal,baseline16,126,spike,0.0,transient,
Kolkata,temporal,baseline16,126,spike,1.0,transient,0.0
Kolkata,temporal,baseline16,126,drift,0.0,persistent,
Kolkata,temporal,baseline16,126,drift,0.0,persistent,
Kolkata,temporal,baseline16,126,drift,1.0,persistent,4.0
Kolkata,temporal,baseline16,126,drift,1.0,persistent,3.0
Kolkata,temporal,baseline16,126,drift,1.0,persistent,2.0
Kolkata,temporal,baseline16,126,drift,0.0,persistent,
Kolkata,temporal,baseline16,126,bias,0.0,persistent,
Kolkata,temporal,baseline16,126,bias,0.0,persistent,
Kolkata,temporal,baseline16,126,bias,1.0,persistent,0.0
Kolkata,temporal,baseline16,126,bias,0.0,persistent,
Kolkata,temporal,baseline16,126,bias,0.0,persistent,
Kolkata,temporal,baseline16,126,bias,0.0,persistent,
Kolkata,temporal,baseline16,126,stuck_at,1.0,persistent,0.0
Kolkata,temporal,baseline16,126,stuck_at,1.0,persistent,0.0
Kolkata,temporal,baseline16,126,stuck_at,1.0,persistent,0.0
Kolkata,temporal,baseline16,126,stuck_at,1.0,persistent,0.0
Kolkata,temporal,baseline16,126,stuck_at,1.0,persistent,0.0
Kolkata,temporal,baseline16,126,stuck_at,1.0,persistent,0.0
Kolkata,temporal,baseline16,126,noise_burst,1.0,persistent,5.0
Kolkata,temporal,baseline16,126,noise_burst,0.0,persistent,
Kolkata,temporal,baseline16,126,noise_burst,0.0,persistent,
Kolkata,temporal,baseline16,126,noise_burst,1.0,persistent,10.0
Kolkata,temporal,baseline16,126,noise_burst,1.0,persistent,2.0
Kolkata,temporal,baseline16,126,noise_burst,1.0,persistent,2.0
Kolkata,temporal,baseline16,126,intermittent_spikes,1.0,transient,0.0
Kolkata,temporal,baseline16,126,intermittent_spikes,1.0,transient,0.0
Kolkata,temporal,baseline16,126,intermittent_spikes,1.0,transient,0.0
Kolkata,temporal,baseline16,126,intermittent_spikes,1.0,transient,0.0
Kolkata,temporal,baseline16,126,intermittent_spikes,1.0,transient,0.0
Kolkata,temporal,baseline16,126,intermittent_spikes,1.0,transient,0.0
Kolkata,temporal,baseline16,126,drift_plus_noise,1.0,persistent,8.0
Kolkata,temporal,baseline16,126,drift_plus_noise,1.0,persistent,11.0
Kolkata,temporal,baseline16,126,drift_plus_noise,1.0,persistent,2.0
Kolkata,temporal,baseline16,126,bias_plus_spikes,1.0,persistent,0.0
Kolkata,temporal,baseline16,126,bias_plus_spikes,1.0,persistent,0.0
Kolkata,temporal,baseline16,126,bias_plus_spikes,1.0,persistent,2.0
Kolkata,station,baseline16,126,spike,1.0,transient,0.0
Kolkata,station,baseline16,126,spike,0.0,transient,
Kolkata,station,baseline16,126,spike,1.0,transient,0.0
Kolkata,station,baseline16,126,spike,1.0,transient,0.0
Kolkata,station,baseline16,126,spike,1.0,transient,0.0
Kolkata,station,baseline16,126,spike,1.0,transient,0.0
Kolkata,station,baseline16,126,spike,0.0,transient,
Kolkata,station,baseline16,126,spike,0.0,transient,
Kolkata,station,baseline16,126,spike,1.0,transient,0.0
Kolkata,station,baseline16,126,spike,1.0,transient,0.0
Kolkata,station,baseline16,126,spike,0.0,transient,
Kolkata,station,baseline16,126,spike,1.0,transient,0.0
Kolkata,station,baseline16,126,spike,1.0,transient,0.0
Kolkata,station,baseline16,126,spike,1.0,transient,0.0
Kolkata,station,baseline16,126,spike,1.0,transient,0.0
Kolkata,station,baseline16,126,spike,1.0,transient,0.0
Kolkata,station,baseline16,126,spike,1.0,transient,0.0
Kolkata,station,baseline16,126,spike,1.0,transient,0.0
Kolkata,station,baseline16,126,spike,1.0,transient,0.0
Kolkata,station,baseline16,126,spike,1.0,transient,0.0
Kolkata,station,baseline16,126,spike,1.0,transient,0.0
Kolkata,station,baseline16,126,spike,1.0,transient,0.0
Kolkata,station,baseline16,126,spike,0.0,transient,
Kolkata,station,baseline16,126,spike,1.0,transient,0.0
Kolkata,station,baseline16,126,drift,0.0,persistent,
Kolkata,station,baseline16,126,drift,0.0,persistent,
Kolkata,station,baseline16,126,drift,1.0,persistent,4.0
Kolkata,station,baseline16,126,drift,1.0,persistent,10.0
Kolkata,station,baseline16,126,drift,1.0,persistent,2.0
Kolkata,station,baseline16,126,drift,0.0,persistent,
Kolkata,station,baseline16,126,bias,0.0,persistent,
Kolkata,station,baseline16,126,bias,0.0,persistent,
Kolkata,station,baseline16,126,bias,0.0,persistent,
Kolkata,station,baseline16,126,bias,0.0,persistent,
Kolkata,station,baseline16,126,bias,0.0,persistent,
Kolkata,station,baseline16,126,bias,0.0,persistent,
Kolkata,station,baseline16,126,stuck_at,1.0,persistent,0.0
Kolkata,station,baseline16,126,stuck_at,1.0,persistent,0.0
Kolkata,station,baseline16,126,stuck_at,1.0,persistent,0.0
Kolkata,station,baseline16,126,stuck_at,1.0,persistent,0.0
Kolkata,station,baseline16,126,stuck_at,1.0,persistent,0.0
Kolkata,station,baseline16,126,stuck_at,1.0,persistent,0.0
Kolkata,station,baseline16,126,noise_burst,1.0,persistent,5.0
Kolkata,station,baseline16,126,noise_burst,0.0,persistent,
Kolkata,station,baseline16,126,noise_burst,0.0,persistent,
Kolkata,station,baseline16,126,noise_burst,1.0,persistent,10.0
Kolkata,station,baseline16,126,noise_burst,1.0,persistent,2.0
Kolkata,station,baseline16,126,noise_burst,1.0,persistent,2.0
Kolkata,station,baseline16,126,intermittent_spikes,1.0,transient,0.0
Kolkata,station,baseline16,126,intermittent_spikes,1.0,transient,0.0
Kolkata,station,baseline16,126,intermittent_spikes,0.0,transient,
Kolkata,station,baseline16,126,intermittent_spikes,1.0,transient,0.0
Kolkata,station,baseline16,126,intermittent_spikes,1.0,transient,0.0
Kolkata,station,baseline16,126,intermittent_spikes,1.0,transient,0.0
Kolkata,station,baseline16,126,drift_plus_noise,1.0,persistent,10.0
Kolkata,station,baseline16,126,drift_plus_noise,1.0,persistent,11.0
Kolkata,station,baseline16,126,drift_plus_noise,1.0,persistent,2.0
Kolkata,station,baseline16,126,bias_plus_spikes,1.0,persistent,0.0
Kolkata,station,baseline16,126,bias_plus_spikes,1.0,persistent,0.0
Kolkata,station,baseline16,126,bias_plus_spikes,1.0,persistent,2.0
Kolkata,in_domain,clim_short17,104,spike,1.0,transient,0.0
Kolkata,in_domain,clim_short17,104,spike,1.0,transient,0.0
Kolkata,in_domain,clim_short17,104,spike,1.0,transient,0.0
Kolkata,in_domain,clim_short17,104,spike,1.0,transient,0.0
Kolkata,in_domain,clim_short17,104,spike,1.0,transient,0.0
Kolkata,in_domain,clim_short17,104,spike,1.0,transient,0.0
Kolkata,in_domain,clim_short17,104,spike,1.0,transient,0.0
Kolkata,in_domain,clim_short17,104,spike,1.0,transient,0.0
Kolkata,in_domain,clim_short17,104,spike,0.0,transient,
Kolkata,in_domain,clim_short17,104,spike,1.0,transient,0.0
Kolkata,in_domain,clim_short17,104,spike,1.0,transient,0.0
Kolkata,in_domain,clim_short17,104,spike,1.0,transient,0.0
Kolkata,in_domain,clim_short17,104,spike,1.0,transient,0.0
Kolkata,in_domain,clim_short17,104,spike,1.0,transient,0.0
Kolkata,in_domain,clim_short17,104,spike,1.0,transient,0.0
Kolkata,in_domain,clim_short17,104,spike,0.0,transient,
Kolkata,in_domain,clim_short17,104,spike,1.0,transient,0.0
Kolkata,in_domain,clim_short17,104,spike,1.0,transient,0.0
Kolkata,in_domain,clim_short17,104,spike,1.0,transient,0.0
Kolkata,in_domain,clim_short17,104,spike,1.0,transient,0.0
Kolkata,in_domain,clim_short17,104,spike,1.0,transient,0.0
Kolkata,in_domain,clim_short17,104,spike,1.0,transient,0.0
Kolkata,in_domain,clim_short17,104,spike,1.0,transient,0.0
Kolkata,in_domain,clim_short17,104,spike,1.0,transient,0.0
Kolkata,in_domain,clim_short17,104,drift,1.0,persistent,5.0
Kolkata,in_domain,clim_short17,104,drift,1.0,persistent,9.0
Kolkata,in_domain,clim_short17,104,drift,1.0,persistent,10.0
Kolkata,in_domain,clim_short17,104,drift,1.0,persistent,4.0
Kolkata,in_domain,clim_short17,104,drift,1.0,persistent,7.0
Kolkata,in_domain,clim_short17,104,drift,1.0,persistent,12.0
Kolkata,in_domain,clim_short17,104,bias,1.0,persistent,4.0
Kolkata,in_domain,clim_short17,104,bias,1.0,persistent,0.0
Kolkata,in_domain,clim_short17,104,bias,0.0,persistent,
Kolkata,in_domain,clim_short17,104,bias,1.0,persistent,11.0
Kolkata,in_domain,clim_short17,104,bias,1.0,persistent,6.0
Kolkata,in_domain,clim_short17,104,bias,0.0,persistent,
Kolkata,in_domain,clim_short17,104,stuck_at,1.0,persistent,0.0
Kolkata,in_domain,clim_short17,104,stuck_at,1.0,persistent,0.0
Kolkata,in_domain,clim_short17,104,stuck_at,1.0,persistent,0.0
Kolkata,in_domain,clim_short17,104,stuck_at,1.0,persistent,0.0
Kolkata,in_domain,clim_short17,104,stuck_at,1.0,persistent,0.0
Kolkata,in_domain,clim_short17,104,stuck_at,1.0,persistent,0.0
Kolkata,in_domain,clim_short17,104,noise_burst,1.0,persistent,2.0
Kolkata,in_domain,clim_short17,104,noise_burst,0.0,persistent,
Kolkata,in_domain,clim_short17,104,noise_burst,0.0,persistent,
Kolkata,in_domain,clim_short17,104,noise_burst,1.0,persistent,0.0
Kolkata,in_domain,clim_short17,104,noise_burst,1.0,persistent,0.0
Kolkata,in_domain,clim_short17,104,noise_burst,1.0,persistent,1.0
Kolkata,in_domain,clim_short17,104,intermittent_spikes,1.0,transient,0.0
Kolkata,in_domain,clim_short17,104,intermittent_spikes,1.0,transient,0.0
Kolkata,in_domain,clim_short17,104,intermittent_spikes,1.0,transient,0.0
Kolkata,in_domain,clim_short17,104,intermittent_spikes,1.0,transient,0.0
Kolkata,in_domain,clim_short17,104,intermittent_spikes,1.0,transient,0.0
Kolkata,in_domain,clim_short17,104,intermittent_spikes,1.0,transient,0.0
Kolkata,in_domain,clim_short17,104,drift_plus_noise,1.0,persistent,0.0
Kolkata,in_domain,clim_short17,104,drift_plus_noise,1.0,persistent,3.0
Kolkata,in_domain,clim_short17,104,drift_plus_noise,1.0,persistent,8.0
Kolkata,in_domain,clim_short17,104,bias_plus_spikes,1.0,persistent,0.0
Kolkata,in_domain,clim_short17,104,bias_plus_spikes,1.0,persistent,0.0
Kolkata,in_domain,clim_short17,104,bias_plus_spikes,1.0,persistent,2.0
Kolkata,temporal,clim_short17,104,spike,1.0,transient,0.0
Kolkata,temporal,clim_short17,104,spike,1.0,transient,0.0
Kolkata,temporal,clim_short17,104,spike,1.0,transient,0.0
Kolkata,temporal,clim_short17,104,spike,1.0,transient,0.0
Kolkata,temporal,clim_short17,104,spike,1.0,transient,0.0
Kolkata,temporal,clim_short17,104,spike,1.0,transient,0.0
Kolkata,temporal,clim_short17,104,spike,0.0,transient,
Kolkata,temporal,clim_short17,104,spike,0.0,transient,
Kolkata,temporal,clim_short17,104,spike,1.0,transient,0.0
Kolkata,temporal,clim_short17,104,spike,1.0,transient,0.0
Kolkata,temporal,clim_short17,104,spike,1.0,transient,0.0
Kolkata,temporal,clim_short17,104,spike,1.0,transient,0.0
Kolkata,temporal,clim_short17,104,spike,1.0,transient,0.0
Kolkata,temporal,clim_short17,104,spike,1.0,transient,0.0
Kolkata,temporal,clim_short17,104,spike,0.0,transient,
Kolkata,temporal,clim_short17,104,spike,1.0,transient,0.0
Kolkata,temporal,clim_short17,104,spike,1.0,transient,0.0
Kolkata,temporal,clim_short17,104,spike,1.0,transient,0.0
Kolkata,temporal,clim_short17,104,spike,1.0,transient,0.0
Kolkata,temporal,clim_short17,104,spike,1.0,transient,0.0
Kolkata,temporal,clim_short17,104,spike,1.0,transient,0.0
Kolkata,temporal,clim_short17,104,spike,0.0,transient,
Kolkata,temporal,clim_short17,104,spike,1.0,transient,0.0
Kolkata,temporal,clim_short17,104,drift,1.0,persistent,2.0
Kolkata,temporal,clim_short17,104,drift,1.0,persistent,7.0
Kolkata,temporal,clim_short17,104,drift,0.0,persistent,
Kolkata,temporal,clim_short17,104,drift,0.0,persistent,
Kolkata,temporal,clim_short17,104,drift,1.0,persistent,10.0
Kolkata,temporal,clim_short17,104,drift,1.0,persistent,1.0
Kolkata,temporal,clim_short17,104,bias,1.0,persistent,10.0
Kolkata,temporal,clim_short17,104,bias,1.0,persistent,4.0
Kolkata,temporal,clim_short17,104,bias,1.0,persistent,9.0
Kolkata,temporal,clim_short17,104,bias,1.0,persistent,0.0
Kolkata,temporal,clim_short17,104,bias,1.0,persistent,6.0
Kolkata,temporal,clim_short17,104,bias,0.0,persistent,
Kolkata,temporal,clim_short17,104,stuck_at,1.0,persistent,0.0
Kolkata,temporal,clim_short17,104,stuck_at,1.0,persistent,0.0
Kolkata,temporal,clim_short17,104,stuck_at,1.0,persistent,0.0
Kolkata,temporal,clim_short17,104,stuck_at,1.0,persistent,0.0
Kolkata,temporal,clim_short17,104,stuck_at,1.0,persistent,0.0
Kolkata,temporal,clim_short17,104,stuck_at,1.0,persistent,0.0
Kolkata,temporal,clim_short17,104,noise_burst,0.0,persistent,
Kolkata,temporal,clim_short17,104,noise_burst,1.0,persistent,6.0
Kolkata,temporal,clim_short17,104,noise_burst,0.0,persistent,
Kolkata,temporal,clim_short17,104,noise_burst,0.0,persistent,
Kolkata,temporal,clim_short17,104,noise_burst,1.0,persistent,0.0
Kolkata,temporal,clim_short17,104,noise_burst,0.0,persistent,
Kolkata,temporal,clim_short17,104,intermittent_spikes,1.0,transient,0.0
Kolkata,temporal,clim_short17,104,intermittent_spikes,1.0,transient,0.0
Kolkata,temporal,clim_short17,104,intermittent_spikes,1.0,transient,0.0
Kolkata,temporal,clim_short17,104,intermittent_spikes,1.0,transient,0.0
Kolkata,temporal,clim_short17,104,intermittent_spikes,1.0,transient,0.0
Kolkata,temporal,clim_short17,104,intermittent_spikes,1.0,transient,0.0
Kolkata,temporal,clim_short17,104,drift_plus_noise,1.0,persistent,8.0
Kolkata,temporal,clim_short17,104,drift_plus_noise,1.0,persistent,1.0
Kolkata,temporal,clim_short17,104,drift_plus_noise,1.0,persistent,7.0
Kolkata,temporal,clim_short17,104,bias_plus_spikes,1.0,persistent,9.0
Kolkata,temporal,clim_short17,104,bias_plus_spikes,0.0,persistent,
Kolkata,temporal,clim_short17,104,bias_plus_spikes,1.0,persistent,7.0
Kolkata,station,clim_short17,104,spike,1.0,transient,0.0
Kolkata,station,clim_short17,104,spike,0.0,transient,
Kolkata,station,clim_short17,104,spike,1.0,transient,0.0
Kolkata,station,clim_short17,104,spike,1.0,transient,0.0
Kolkata,station,clim_short17,104,spike,1.0,transient,0.0
Kolkata,station,clim_short17,104,spike,1.0,transient,0.0
Kolkata,station,clim_short17,104,spike,0.0,transient,
Kolkata,station,clim_short17,104,spike,0.0,transient,
Kolkata,station,clim_short17,104,spike,0.0,transient,
Kolkata,station,clim_short17,104,spike,1.0,transient,0.0
Kolkata,station,clim_short17,104,spike,1.0,transient,0.0
Kolkata,station,clim_short17,104,spike,1.0,transient,0.0
Kolkata,station,clim_short17,104,spike,1.0,transient,0.0
Kolkata,station,clim_short17,104,spike,1.0,transient,0.0
Kolkata,station,clim_short17,104,spike,0.0,transient,
Kolkata,station,clim_short17,104,spike,1.0,transient,0.0
Kolkata,station,clim_short17,104,spike,1.0,transient,0.0
Kolkata,station,clim_short17,104,spike,0.0,transient,
Kolkata,station,clim_short17,104,spike,1.0,transient,0.0
Kolkata,station,clim_short17,104,spike,1.0,transient,0.0
Kolkata,station,clim_short17,104,spike,1.0,transient,0.0
Kolkata,station,clim_short17,104,spike,0.0,transient,
Kolkata,station,clim_short17,104,spike,1.0,transient,0.0
Kolkata,station,clim_short17,104,drift,1.0,persistent,9.0
Kolkata,station,clim_short17,104,drift,1.0,persistent,9.0
Kolkata,station,clim_short17,104,drift,0.0,persistent,
Kolkata,station,clim_short17,104,drift,0.0,persistent,
Kolkata,station,clim_short17,104,drift,1.0,persistent,10.0
Kolkata,station,clim_short17,104,drift,1.0,persistent,1.0
Kolkata,station,clim_short17,104,bias,1.0,persistent,10.0
Kolkata,station,clim_short17,104,bias,1.0,persistent,5.0
Kolkata,station,clim_short17,104,bias,1.0,persistent,3.0
Kolkata,station,clim_short17,104,bias,1.0,persistent,0.0
Kolkata,station,clim_short17,104,bias,1.0,persistent,6.0
Kolkata,station,clim_short17,104,bias,0.0,persistent,
Kolkata,station,clim_short17,104,stuck_at,1.0,persistent,0.0
Kolkata,station,clim_short17,104,stuck_at,1.0,persistent,0.0
Kolkata,station,clim_short17,104,stuck_at,1.0,persistent,0.0
Kolkata,station,clim_short17,104,stuck_at,1.0,persistent,0.0
Kolkata,station,clim_short17,104,stuck_at,1.0,persistent,0.0
Kolkata,station,clim_short17,104,stuck_at,1.0,persistent,0.0
Kolkata,station,clim_short17,104,noise_burst,0.0,persistent,
Kolkata,station,clim_short17,104,noise_burst,1.0,persistent,0.0
Kolkata,station,clim_short17,104,noise_burst,0.0,persistent,
Kolkata,station,clim_short17,104,noise_burst,0.0,persistent,
Kolkata,station,clim_short17,104,noise_burst,1.0,persistent,0.0
Kolkata,station,clim_short17,104,noise_burst,0.0,persistent,
Kolkata,station,clim_short17,104,intermittent_spikes,1.0,transient,0.0
Kolkata,station,clim_short17,104,intermittent_spikes,1.0,transient,0.0
Kolkata,station,clim_short17,104,intermittent_spikes,1.0,transient,0.0
Kolkata,station,clim_short17,104,intermittent_spikes,1.0,transient,0.0
Kolkata,station,clim_short17,104,intermittent_spikes,0.0,transient,
Kolkata,station,clim_short17,104,intermittent_spikes,1.0,transient,0.0
Kolkata,station,clim_short17,104,drift_plus_noise,1.0,persistent,8.0
Kolkata,station,clim_short17,104,drift_plus_noise,1.0,persistent,1.0
Kolkata,station,clim_short17,104,drift_plus_noise,1.0,persistent,8.0
Kolkata,station,clim_short17,104,bias_plus_spikes,0.0,persistent,
Kolkata,station,clim_short17,104,bias_plus_spikes,0.0,persistent,
Kolkata,station,clim_short17,104,bias_plus_spikes,1.0,persistent,1.0
Kolkata,in_domain,clim_short17,115,spike,1.0,transient,0.0
Kolkata,in_domain,clim_short17,115,spike,1.0,transient,0.0
Kolkata,in_domain,clim_short17,115,spike,0.0,transient,
Kolkata,in_domain,clim_short17,115,spike,1.0,transient,0.0
Kolkata,in_domain,clim_short17,115,spike,1.0,transient,0.0
Kolkata,in_domain,clim_short17,115,spike,1.0,transient,0.0
Kolkata,in_domain,clim_short17,115,spike,1.0,transient,0.0
Kolkata,in_domain,clim_short17,115,spike,1.0,transient,0.0
Kolkata,in_domain,clim_short17,115,spike,1.0,transient,0.0
Kolkata,in_domain,clim_short17,115,spike,1.0,transient,0.0
Kolkata,in_domain,clim_short17,115,spike,1.0,transient,0.0
Kolkata,in_domain,clim_short17,115,spike,1.0,transient,0.0
Kolkata,in_domain,clim_short17,115,spike,1.0,transient,0.0
Kolkata,in_domain,clim_short17,115,spike,1.0,transient,0.0
Kolkata,in_domain,clim_short17,115,spike,1.0,transient,0.0
Kolkata,in_domain,clim_short17,115,spike,1.0,transient,0.0
Kolkata,in_domain,clim_short17,115,spike,1.0,transient,0.0
Kolkata,in_domain,clim_short17,115,spike,1.0,transient,0.0
Kolkata,in_domain,clim_short17,115,spike,1.0,transient,0.0
Kolkata,in_domain,clim_short17,115,spike,1.0,transient,0.0
Kolkata,in_domain,clim_short17,115,spike,1.0,transient,0.0
Kolkata,in_domain,clim_short17,115,spike,1.0,transient,0.0
Kolkata,in_domain,clim_short17,115,spike,1.0,transient,0.0
Kolkata,in_domain,clim_short17,115,spike,0.0,transient,
Kolkata,in_domain,clim_short17,115,drift,0.0,persistent,
Kolkata,in_domain,clim_short17,115,drift,1.0,persistent,12.0
Kolkata,in_domain,clim_short17,115,drift,0.0,persistent,
Kolkata,in_domain,clim_short17,115,drift,1.0,persistent,11.0
Kolkata,in_domain,clim_short17,115,drift,1.0,persistent,6.0
Kolkata,in_domain,clim_short17,115,drift,1.0,persistent,8.0
Kolkata,in_domain,clim_short17,115,bias,0.0,persistent,
Kolkata,in_domain,clim_short17,115,bias,0.0,persistent,
Kolkata,in_domain,clim_short17,115,bias,0.0,persistent,
Kolkata,in_domain,clim_short17,115,bias,0.0,persistent,
Kolkata,in_domain,clim_short17,115,bias,1.0,persistent,1.0
Kolkata,in_domain,clim_short17,115,bias,1.0,persistent,1.0
Kolkata,in_domain,clim_short17,115,stuck_at,1.0,persistent,0.0
Kolkata,in_domain,clim_short17,115,stuck_at,1.0,persistent,0.0
Kolkata,in_domain,clim_short17,115,stuck_at,1.0,persistent,0.0
Kolkata,in_domain,clim_short17,115,stuck_at,1.0,persistent,0.0
Kolkata,in_domain,clim_short17,115,stuck_at,1.0,persistent,0.0
Kolkata,in_domain,clim_short17,115,stuck_at,1.0,persistent,0.0
Kolkata,in_domain,clim_short17,115,noise_burst,0.0,persistent,
Kolkata,in_domain,clim_short17,115,noise_burst,0.0,persistent,
Kolkata,in_domain,clim_short17,115,noise_burst,1.0,persistent,2.0
Kolkata,in_domain,clim_short17,115,noise_burst,1.0,persistent,0.0
Kolkata,in_domain,clim_short17,115,noise_burst,1.0,persistent,1.0
Kolkata,in_domain,clim_short17,115,noise_burst,1.0,persistent,0.0
Kolkata,in_domain,clim_short17,115,intermittent_spikes,1.0,transient,0.0
Kolkata,in_domain,clim_short17,115,intermittent_spikes,1.0,transient,0.0
Kolkata,in_domain,clim_short17,115,intermittent_spikes,1.0,transient,0.0
Kolkata,in_domain,clim_short17,115,intermittent_spikes,1.0,transient,0.0
Kolkata,in_domain,clim_short17,115,intermittent_spikes,1.0,transient,0.0
Kolkata,in_domain,clim_short17,115,intermittent_spikes,1.0,transient,0.0
Kolkata,in_domain,clim_short17,115,drift_plus_noise,1.0,persistent,6.0
Kolkata,in_domain,clim_short17,115,drift_plus_noise,1.0,persistent,1.0
Kolkata,in_domain,clim_short17,115,drift_plus_noise,1.0,persistent,1.0
Kolkata,in_domain,clim_short17,115,bias_plus_spikes,1.0,persistent,0.0
Kolkata,in_domain,clim_short17,115,bias_plus_spikes,1.0,persistent,0.0
Kolkata,in_domain,clim_short17,115,bias_plus_spikes,1.0,persistent,0.0
Kolkata,temporal,clim_short17,115,spike,1.0,transient,0.0
Kolkata,temporal,clim_short17,115,spike,1.0,transient,0.0
Kolkata,temporal,clim_short17,115,spike,0.0,transient,
Kolkata,temporal,clim_short17,115,spike,1.0,transient,0.0
Kolkata,temporal,clim_short17,115,spike,1.0,transient,0.0
Kolkata,temporal,clim_short17,115,spike,1.0,transient,0.0
Kolkata,temporal,clim_short17,115,spike,0.0,transient,
Kolkata,temporal,clim_short17,115,spike,0.0,transient,
Kolkata,temporal,clim_short17,115,spike,0.0,transient,
Kolkata,temporal,clim_short17,115,spike,1.0,transient,0.0
Kolkata,temporal,clim_short17,115,spike,1.0,transient,0.0
Kolkata,temporal,clim_short17,115,spike,1.0,transient,0.0
Kolkata,temporal,clim_short17,115,spike,1.0,transient,0.0
Kolkata,temporal,clim_short17,115,spike,1.0,transient,0.0
Kolkata,temporal,clim_short17,115,spike,1.0,transient,0.0
Kolkata,temporal,clim_short17,115,spike,0.0,transient,
Kolkata,temporal,clim_short17,115,spike,1.0,transient,0.0
Kolkata,temporal,clim_short17,115,spike,0.0,transient,
Kolkata,temporal,clim_short17,115,spike,1.0,transient,0.0
Kolkata,temporal,clim_short17,115,spike,1.0,transient,0.0
Kolkata,temporal,clim_short17,115,spike,1.0,transient,0.0
Kolkata,temporal,clim_short17,115,spike,1.0,transient,0.0
Kolkata,temporal,clim_short17,115,spike,0.0,transient,
Kolkata,temporal,clim_short17,115,spike,1.0,transient,0.0
Kolkata,temporal,clim_short17,115,drift,1.0,persistent,15.0
Kolkata,temporal,clim_short17,115,drift,0.0,persistent,
Kolkata,temporal,clim_short17,115,drift,0.0,persistent,
Kolkata,temporal,clim_short17,115,drift,1.0,persistent,10.0
Kolkata,temporal,clim_short17,115,drift,0.0,persistent,
Kolkata,temporal,clim_short17,115,drift,0.0,persistent,
Kolkata,temporal,clim_short17,115,bias,0.0,persistent,
Kolkata,temporal,clim_short17,115,bias,0.0,persistent,
Kolkata,temporal,clim_short17,115,bias,0.0,persistent,
Kolkata,temporal,clim_short17,115,bias,1.0,persistent,2.0
Kolkata,temporal,clim_short17,115,bias,1.0,persistent,10.0
Kolkata,temporal,clim_short17,115,bias,1.0,persistent,0.0
Kolkata,temporal,clim_short17,115,stuck_at,1.0,persistent,0.0
Kolkata,temporal,clim_short17,115,stuck_at,1.0,persistent,0.0
Kolkata,temporal,clim_short17,115,stuck_at,1.0,persistent,0.0
Kolkata,temporal,clim_short17,115,stuck_at,1.0,persistent,0.0
Kolkata,temporal,clim_short17,115,stuck_at,1.0,persistent,0.0
Kolkata,temporal,clim_short17,115,stuck_at,1.0,persistent,0.0
Kolkata,temporal,clim_short17,115,noise_burst,0.0,persistent,
Kolkata,temporal,clim_short17,115,noise_burst,1.0,persistent,0.0
Kolkata,temporal,clim_short17,115,noise_burst,0.0,persistent,
Kolkata,temporal,clim_short17,115,noise_burst,1.0,persistent,0.0
Kolkata,temporal,clim_short17,115,noise_burst,0.0,persistent,
Kolkata,temporal,clim_short17,115,noise_burst,1.0,persistent,3.0
Kolkata,temporal,clim_short17,115,intermittent_spikes,1.0,transient,0.0
Kolkata,temporal,clim_short17,115,intermittent_spikes,1.0,transient,0.0
Kolkata,temporal,clim_short17,115,intermittent_spikes,0.0,transient,
Kolkata,temporal,clim_short17,115,intermittent_spikes,1.0,transient,0.0
Kolkata,temporal,clim_short17,115,intermittent_spikes,1.0,transient,0.0
Kolkata,temporal,clim_short17,115,intermittent_spikes,1.0,transient,0.0
Kolkata,temporal,clim_short17,115,drift_plus_noise,1.0,persistent,2.0
Kolkata,temporal,clim_short17,115,drift_plus_noise,1.0,persistent,0.0
Kolkata,temporal,clim_short17,115,drift_plus_noise,1.0,persistent,9.0
Kolkata,temporal,clim_short17,115,bias_plus_spikes,1.0,persistent,1.0
Kolkata,temporal,clim_short17,115,bias_plus_spikes,1.0,persistent,0.0
Kolkata,temporal,clim_short17,115,bias_plus_spikes,1.0,persistent,1.0
Kolkata,station,clim_short17,115,spike,1.0,transient,0.0
Kolkata,station,clim_short17,115,spike,1.0,transient,0.0
Kolkata,station,clim_short17,115,spike,0.0,transient,
Kolkata,station,clim_short17,115,spike,1.0,transient,0.0
Kolkata,station,clim_short17,115,spike,1.0,transient,0.0
Kolkata,station,clim_short17,115,spike,1.0,transient,0.0
Kolkata,station,clim_short17,115,spike,0.0,transient,
Kolkata,station,clim_short17,115,spike,0.0,transient,
Kolkata,station,clim_short17,115,spike,1.0,transient,0.0
Kolkata,station,clim_short17,115,spike,1.0,transient,0.0
Kolkata,station,clim_short17,115,spike,0.0,transient,
Kolkata,station,clim_short17,115,spike,1.0,transient,0.0
Kolkata,station,clim_short17,115,spike,1.0,transient,0.0
Kolkata,station,clim_short17,115,spike,1.0,transient,0.0
Kolkata,station,clim_short17,115,spike,1.0,transient,0.0
Kolkata,station,clim_short17,115,spike,0.0,transient,
Kolkata,station,clim_short17,115,spike,1.0,transient,0.0
Kolkata,station,clim_short17,115,spike,0.0,transient,
Kolkata,station,clim_short17,115,spike,0.0,transient,
Kolkata,station,clim_short17,115,spike,1.0,transient,0.0
Kolkata,station,clim_short17,115,spike,1.0,transient,0.0
Kolkata,station,clim_short17,115,spike,1.0,transient,0.0
Kolkata,station,clim_short17,115,spike,0.0,transient,
Kolkata,station,clim_short17,115,spike,1.0,transient,0.0
Kolkata,station,clim_short17,115,drift,1.0,persistent,15.0
Kolkata,station,clim_short17,115,drift,0.0,persistent,
Kolkata,station,clim_short17,115,drift,0.0,persistent,
Kolkata,station,clim_short17,115,drift,1.0,persistent,12.0
Kolkata,station,clim_short17,115,drift,0.0,persistent,
Kolkata,station,clim_short17,115,drift,0.0,persistent,
Kolkata,station,clim_short17,115,bias,0.0,persistent,
Kolkata,station,clim_short17,115,bias,0.0,persistent,
Kolkata,station,clim_short17,115,bias,0.0,persistent,
Kolkata,station,clim_short17,115,bias,1.0,persistent,2.0
Kolkata,station,clim_short17,115,bias,1.0,persistent,10.0
Kolkata,station,clim_short17,115,bias,1.0,persistent,0.0
Kolkata,station,clim_short17,115,stuck_at,1.0,persistent,0.0
Kolkata,station,clim_short17,115,stuck_at,1.0,persistent,0.0
Kolkata,station,clim_short17,115,stuck_at,1.0,persistent,0.0
Kolkata,station,clim_short17,115,stuck_at,1.0,persistent,0.0
Kolkata,station,clim_short17,115,stuck_at,1.0,persistent,0.0
Kolkata,station,clim_short17,115,stuck_at,1.0,persistent,0.0
Kolkata,station,clim_short17,115,noise_burst,0.0,persistent,
Kolkata,station,clim_short17,115,noise_burst,1.0,persistent,0.0
Kolkata,station,clim_short17,115,noise_burst,0.0,persistent,
Kolkata,station,clim_short17,115,noise_burst,1.0,persistent,0.0
Kolkata,station,clim_short17,115,noise_burst,0.0,persistent,
Kolkata,station,clim_short17,115,noise_burst,1.0,persistent,1.0
Kolkata,station,clim_short17,115,intermittent_spikes,1.0,transient,0.0
Kolkata,station,clim_short17,115,intermittent_spikes,1.0,transient,0.0
Kolkata,station,clim_short17,115,intermittent_spikes,0.0,transient,
Kolkata,station,clim_short17,115,intermittent_spikes,1.0,transient,0.0
Kolkata,station,clim_short17,115,intermittent_spikes,1.0,transient,0.0
Kolkata,station,clim_short17,115,intermittent_spikes,1.0,transient,0.0
Kolkata,station,clim_short17,115,drift_plus_noise,1.0,persistent,2.0
Kolkata,station,clim_short17,115,drift_plus_noise,1.0,persistent,0.0
Kolkata,station,clim_short17,115,drift_plus_noise,1.0,persistent,11.0
Kolkata,station,clim_short17,115,bias_plus_spikes,0.0,persistent,
Kolkata,station,clim_short17,115,bias_plus_spikes,1.0,persistent,0.0
Kolkata,station,clim_short17,115,bias_plus_spikes,1.0,persistent,0.0
Kolkata,in_domain,clim_short17,126,spike,1.0,transient,0.0
Kolkata,in_domain,clim_short17,126,spike,1.0,transient,0.0
Kolkata,in_domain,clim_short17,126,spike,1.0,transient,0.0
Kolkata,in_domain,clim_short17,126,spike,1.0,transient,0.0
Kolkata,in_domain,clim_short17,126,spike,1.0,transient,0.0
Kolkata,in_domain,clim_short17,126,spike,1.0,transient,0.0
Kolkata,in_domain,clim_short17,126,spike,1.0,transient,0.0
Kolkata,in_domain,clim_short17,126,spike,1.0,transient,0.0
Kolkata,in_domain,clim_short17,126,spike,1.0,transient,0.0
Kolkata,in_domain,clim_short17,126,spike,1.0,transient,0.0
Kolkata,in_domain,clim_short17,126,spike,1.0,transient,0.0
Kolkata,in_domain,clim_short17,126,spike,1.0,transient,0.0
Kolkata,in_domain,clim_short17,126,spike,1.0,transient,0.0
Kolkata,in_domain,clim_short17,126,spike,1.0,transient,0.0
Kolkata,in_domain,clim_short17,126,spike,1.0,transient,0.0
Kolkata,in_domain,clim_short17,126,spike,1.0,transient,0.0
Kolkata,in_domain,clim_short17,126,spike,1.0,transient,0.0
Kolkata,in_domain,clim_short17,126,spike,1.0,transient,0.0
Kolkata,in_domain,clim_short17,126,spike,1.0,transient,0.0
Kolkata,in_domain,clim_short17,126,spike,1.0,transient,0.0
Kolkata,in_domain,clim_short17,126,spike,1.0,transient,0.0
Kolkata,in_domain,clim_short17,126,spike,1.0,transient,0.0
Kolkata,in_domain,clim_short17,126,spike,1.0,transient,0.0
Kolkata,in_domain,clim_short17,126,spike,1.0,transient,0.0
Kolkata,in_domain,clim_short17,126,drift,1.0,persistent,4.0
Kolkata,in_domain,clim_short17,126,drift,0.0,persistent,
Kolkata,in_domain,clim_short17,126,drift,1.0,persistent,12.0
Kolkata,in_domain,clim_short17,126,drift,1.0,persistent,9.0
Kolkata,in_domain,clim_short17,126,drift,1.0,persistent,3.0
Kolkata,in_domain,clim_short17,126,drift,1.0,persistent,2.0
Kolkata,in_domain,clim_short17,126,bias,1.0,persistent,0.0
Kolkata,in_domain,clim_short17,126,bias,0.0,persistent,
Kolkata,in_domain,clim_short17,126,bias,1.0,persistent,0.0
Kolkata,in_domain,clim_short17,126,bias,1.0,persistent,3.0
Kolkata,in_domain,clim_short17,126,bias,0.0,persistent,
Kolkata,in_domain,clim_short17,126,bias,0.0,persistent,
Kolkata,in_domain,clim_short17,126,stuck_at,1.0,persistent,0.0
Kolkata,in_domain,clim_short17,126,stuck_at,1.0,persistent,0.0
Kolkata,in_domain,clim_short17,126,stuck_at,1.0,persistent,0.0
Kolkata,in_domain,clim_short17,126,stuck_at,1.0,persistent,0.0
Kolkata,in_domain,clim_short17,126,stuck_at,1.0,persistent,0.0
Kolkata,in_domain,clim_short17,126,stuck_at,1.0,persistent,0.0
Kolkata,in_domain,clim_short17,126,noise_burst,1.0,persistent,0.0
Kolkata,in_domain,clim_short17,126,noise_burst,0.0,persistent,
Kolkata,in_domain,clim_short17,126,noise_burst,0.0,persistent,
Kolkata,in_domain,clim_short17,126,noise_burst,1.0,persistent,4.0
Kolkata,in_domain,clim_short17,126,noise_burst,1.0,persistent,2.0
Kolkata,in_domain,clim_short17,126,noise_burst,1.0,persistent,0.0
Kolkata,in_domain,clim_short17,126,intermittent_spikes,1.0,transient,0.0
Kolkata,in_domain,clim_short17,126,intermittent_spikes,1.0,transient,0.0
Kolkata,in_domain,clim_short17,126,intermittent_spikes,1.0,transient,0.0
Kolkata,in_domain,clim_short17,126,intermittent_spikes,1.0,transient,0.0
Kolkata,in_domain,clim_short17,126,intermittent_spikes,1.0,transient,0.0
Kolkata,in_domain,clim_short17,126,intermittent_spikes,1.0,transient,0.0
Kolkata,in_domain,clim_short17,126,drift_plus_noise,1.0,persistent,6.0
Kolkata,in_domain,clim_short17,126,drift_plus_noise,1.0,persistent,2.0
Kolkata,in_domain,clim_short17,126,drift_plus_noise,0.0,persistent,
Kolkata,in_domain,clim_short17,126,bias_plus_spikes,1.0,persistent,0.0
Kolkata,in_domain,clim_short17,126,bias_plus_spikes,1.0,persistent,0.0
Kolkata,in_domain,clim_short17,126,bias_plus_spikes,1.0,persistent,2.0
Kolkata,temporal,clim_short17,126,spike,1.0,transient,0.0
Kolkata,temporal,clim_short17,126,spike,1.0,transient,0.0
Kolkata,temporal,clim_short17,126,spike,1.0,transient,0.0
Kolkata,temporal,clim_short17,126,spike,1.0,transient,0.0
Kolkata,temporal,clim_short17,126,spike,1.0,transient,0.0
Kolkata,temporal,clim_short17,126,spike,1.0,transient,0.0
Kolkata,temporal,clim_short17,126,spike,1.0,transient,0.0
Kolkata,temporal,clim_short17,126,spike,0.0,transient,
Kolkata,temporal,clim_short17,126,spike,1.0,transient,0.0
Kolkata,temporal,clim_short17,126,spike,1.0,transient,0.0
Kolkata,temporal,clim_short17,126,spike,1.0,transient,0.0
Kolkata,temporal,clim_short17,126,spike,1.0,transient,0.0
Kolkata,temporal,clim_short17,126,spike,1.0,transient,0.0
Kolkata,temporal,clim_short17,126,spike,1.0,transient,0.0
Kolkata,temporal,clim_short17,126,spike,1.0,transient,0.0
Kolkata,temporal,clim_short17,126,spike,1.0,transient,0.0
Kolkata,temporal,clim_short17,126,spike,1.0,transient,0.0
Kolkata,temporal,clim_short17,126,spike,1.0,transient,0.0
Kolkata,temporal,clim_short17,126,spike,1.0,transient,0.0
Kolkata,temporal,clim_short17,126,spike,1.0,transient,0.0
Kolkata,temporal,clim_short17,126,spike,1.0,transient,0.0
Kolkata,temporal,clim_short17,126,spike,1.0,transient,0.0
Kolkata,temporal,clim_short17,126,spike,0.0,transient,
Kolkata,temporal,clim_short17,126,spike,1.0,transient,0.0
Kolkata,temporal,clim_short17,126,drift,1.0,persistent,9.0
Kolkata,temporal,clim_short17,126,drift,0.0,persistent,
Kolkata,temporal,clim_short17,126,drift,1.0,persistent,4.0
Kolkata,temporal,clim_short17,126,drift,1.0,persistent,2.0
Kolkata,temporal,clim_short17,126,drift,1.0,persistent,2.0
Kolkata,temporal,clim_short17,126,drift,0.0,persistent,
Kolkata,temporal,clim_short17,126,bias,0.0,persistent,
Kolkata,temporal,clim_short17,126,bias,0.0,persistent,
Kolkata,temporal,clim_short17,126,bias,0.0,persistent,
Kolkata,temporal,clim_short17,126,bias,0.0,persistent,
Kolkata,temporal,clim_short17,126,bias,0.0,persistent,
Kolkata,temporal,clim_short17,126,bias,0.0,persistent,
Kolkata,temporal,clim_short17,126,stuck_at,1.0,persistent,0.0
Kolkata,temporal,clim_short17,126,stuck_at,1.0,persistent,0.0
Kolkata,temporal,clim_short17,126,stuck_at,1.0,persistent,0.0
Kolkata,temporal,clim_short17,126,stuck_at,1.0,persistent,0.0
Kolkata,temporal,clim_short17,126,stuck_at,1.0,persistent,0.0
Kolkata,temporal,clim_short17,126,stuck_at,1.0,persistent,0.0
Kolkata,temporal,clim_short17,126,noise_burst,1.0,persistent,4.0
Kolkata,temporal,clim_short17,126,noise_burst,0.0,persistent,
Kolkata,temporal,clim_short17,126,noise_burst,0.0,persistent,
Kolkata,temporal,clim_short17,126,noise_burst,1.0,persistent,7.0
Kolkata,temporal,clim_short17,126,noise_burst,1.0,persistent,2.0
Kolkata,temporal,clim_short17,126,noise_burst,1.0,persistent,2.0
Kolkata,temporal,clim_short17,126,intermittent_spikes,1.0,transient,0.0
Kolkata,temporal,clim_short17,126,intermittent_spikes,1.0,transient,0.0
Kolkata,temporal,clim_short17,126,intermittent_spikes,1.0,transient,0.0
Kolkata,temporal,clim_short17,126,intermittent_spikes,1.0,transient,0.0
Kolkata,temporal,clim_short17,126,intermittent_spikes,1.0,transient,0.0
Kolkata,temporal,clim_short17,126,intermittent_spikes,1.0,transient,0.0
Kolkata,temporal,clim_short17,126,drift_plus_noise,1.0,persistent,10.0
Kolkata,temporal,clim_short17,126,drift_plus_noise,1.0,persistent,13.0
Kolkata,temporal,clim_short17,126,drift_plus_noise,1.0,persistent,2.0
Kolkata,temporal,clim_short17,126,bias_plus_spikes,1.0,persistent,0.0
Kolkata,temporal,clim_short17,126,bias_plus_spikes,1.0,persistent,0.0
Kolkata,temporal,clim_short17,126,bias_plus_spikes,1.0,persistent,2.0
Kolkata,station,clim_short17,126,spike,1.0,transient,0.0
Kolkata,station,clim_short17,126,spike,0.0,transient,
Kolkata,station,clim_short17,126,spike,1.0,transient,0.0
Kolkata,station,clim_short17,126,spike,1.0,transient,0.0
Kolkata,station,clim_short17,126,spike,1.0,transient,0.0
Kolkata,station,clim_short17,126,spike,1.0,transient,0.0
Kolkata,station,clim_short17,126,spike,1.0,transient,0.0
Kolkata,station,clim_short17,126,spike,0.0,transient,
Kolkata,station,clim_short17,126,spike,1.0,transient,0.0
Kolkata,station,clim_short17,126,spike,1.0,transient,0.0
Kolkata,station,clim_short17,126,spike,1.0,transient,0.0
Kolkata,station,clim_short17,126,spike,1.0,transient,0.0
Kolkata,station,clim_short17,126,spike,1.0,transient,0.0
Kolkata,station,clim_short17,126,spike,1.0,transient,0.0
Kolkata,station,clim_short17,126,spike,1.0,transient,0.0
Kolkata,station,clim_short17,126,spike,1.0,transient,0.0
Kolkata,station,clim_short17,126,spike,1.0,transient,0.0
Kolkata,station,clim_short17,126,spike,1.0,transient,0.0
Kolkata,station,clim_short17,126,spike,1.0,transient,1.0
Kolkata,station,clim_short17,126,spike,0.0,transient,
Kolkata,station,clim_short17,126,spike,1.0,transient,0.0
Kolkata,station,clim_short17,126,spike,1.0,transient,0.0
Kolkata,station,clim_short17,126,spike,0.0,transient,
Kolkata,station,clim_short17,126,spike,1.0,transient,0.0
Kolkata,station,clim_short17,126,drift,0.0,persistent,
Kolkata,station,clim_short17,126,drift,0.0,persistent,
Kolkata,station,clim_short17,126,drift,1.0,persistent,4.0
Kolkata,station,clim_short17,126,drift,1.0,persistent,10.0
Kolkata,station,clim_short17,126,drift,1.0,persistent,2.0
Kolkata,station,clim_short17,126,drift,0.0,persistent,
Kolkata,station,clim_short17,126,bias,0.0,persistent,
Kolkata,station,clim_short17,126,bias,0.0,persistent,
Kolkata,station,clim_short17,126,bias,1.0,persistent,0.0
Kolkata,station,clim_short17,126,bias,0.0,persistent,
Kolkata,station,clim_short17,126,bias,0.0,persistent,
Kolkata,station,clim_short17,126,bias,0.0,persistent,
Kolkata,station,clim_short17,126,stuck_at,1.0,persistent,0.0
Kolkata,station,clim_short17,126,stuck_at,1.0,persistent,0.0
Kolkata,station,clim_short17,126,stuck_at,1.0,persistent,0.0
Kolkata,station,clim_short17,126,stuck_at,1.0,persistent,0.0
Kolkata,station,clim_short17,126,stuck_at,1.0,persistent,0.0
Kolkata,station,clim_short17,126,stuck_at,1.0,persistent,0.0
Kolkata,station,clim_short17,126,noise_burst,1.0,persistent,5.0
Kolkata,station,clim_short17,126,noise_burst,0.0,persistent,
Kolkata,station,clim_short17,126,noise_burst,0.0,persistent,
Kolkata,station,clim_short17,126,noise_burst,1.0,persistent,10.0
Kolkata,station,clim_short17,126,noise_burst,1.0,persistent,2.0
Kolkata,station,clim_short17,126,noise_burst,1.0,persistent,2.0
Kolkata,station,clim_short17,126,intermittent_spikes,1.0,transient,0.0
Kolkata,station,clim_short17,126,intermittent_spikes,1.0,transient,0.0
Kolkata,station,clim_short17,126,intermittent_spikes,1.0,transient,0.0
Kolkata,station,clim_short17,126,intermittent_spikes,1.0,transient,0.0
Kolkata,station,clim_short17,126,intermittent_spikes,1.0,transient,0.0
Kolkata,station,clim_short17,126,intermittent_spikes,1.0,transient,0.0
Kolkata,station,clim_short17,126,drift_plus_noise,1.0,persistent,10.0
Kolkata,station,clim_short17,126,drift_plus_noise,1.0,persistent,13.0
Kolkata,station,clim_short17,126,drift_plus_noise,1.0,persistent,2.0
Kolkata,station,clim_short17,126,bias_plus_spikes,1.0,persistent,0.0
Kolkata,station,clim_short17,126,bias_plus_spikes,1.0,persistent,0.0
Kolkata,station,clim_short17,126,bias_plus_spikes,1.0,persistent,2.0
Kolkata,in_domain,dual18(ref),104,spike,1.0,transient,0.0
Kolkata,in_domain,dual18(ref),104,spike,1.0,transient,0.0
Kolkata,in_domain,dual18(ref),104,spike,1.0,transient,0.0
Kolkata,in_domain,dual18(ref),104,spike,1.0,transient,0.0
Kolkata,in_domain,dual18(ref),104,spike,1.0,transient,0.0
Kolkata,in_domain,dual18(ref),104,spike,1.0,transient,0.0
Kolkata,in_domain,dual18(ref),104,spike,1.0,transient,0.0
Kolkata,in_domain,dual18(ref),104,spike,1.0,transient,0.0
Kolkata,in_domain,dual18(ref),104,spike,0.0,transient,
Kolkata,in_domain,dual18(ref),104,spike,1.0,transient,0.0
Kolkata,in_domain,dual18(ref),104,spike,1.0,transient,0.0
Kolkata,in_domain,dual18(ref),104,spike,1.0,transient,0.0
Kolkata,in_domain,dual18(ref),104,spike,1.0,transient,0.0
Kolkata,in_domain,dual18(ref),104,spike,1.0,transient,0.0
Kolkata,in_domain,dual18(ref),104,spike,1.0,transient,0.0
Kolkata,in_domain,dual18(ref),104,spike,1.0,transient,0.0
Kolkata,in_domain,dual18(ref),104,spike,1.0,transient,0.0
Kolkata,in_domain,dual18(ref),104,spike,1.0,transient,0.0
Kolkata,in_domain,dual18(ref),104,spike,1.0,transient,0.0
Kolkata,in_domain,dual18(ref),104,spike,1.0,transient,0.0
Kolkata,in_domain,dual18(ref),104,spike,0.0,transient,
Kolkata,in_domain,dual18(ref),104,spike,1.0,transient,0.0
Kolkata,in_domain,dual18(ref),104,spike,1.0,transient,1.0
Kolkata,in_domain,dual18(ref),104,spike,1.0,transient,0.0
Kolkata,in_domain,dual18(ref),104,drift,1.0,persistent,4.0
Kolkata,in_domain,dual18(ref),104,drift,1.0,persistent,11.0
Kolkata,in_domain,dual18(ref),104,drift,1.0,persistent,1.0
Kolkata,in_domain,dual18(ref),104,drift,1.0,persistent,3.0
Kolkata,in_domain,dual18(ref),104,drift,1.0,persistent,6.0
Kolkata,in_domain,dual18(ref),104,drift,1.0,persistent,14.0
Kolkata,in_domain,dual18(ref),104,bias,0.0,persistent,
Kolkata,in_domain,dual18(ref),104,bias,1.0,persistent,0.0
Kolkata,in_domain,dual18(ref),104,bias,1.0,persistent,0.0
Kolkata,in_domain,dual18(ref),104,bias,0.0,persistent,
Kolkata,in_domain,dual18(ref),104,bias,1.0,persistent,6.0
Kolkata,in_domain,dual18(ref),104,bias,0.0,persistent,
Kolkata,in_domain,dual18(ref),104,stuck_at,1.0,persistent,0.0
Kolkata,in_domain,dual18(ref),104,stuck_at,1.0,persistent,0.0
Kolkata,in_domain,dual18(ref),104,stuck_at,1.0,persistent,0.0
Kolkata,in_domain,dual18(ref),104,stuck_at,1.0,persistent,0.0
Kolkata,in_domain,dual18(ref),104,stuck_at,1.0,persistent,0.0
Kolkata,in_domain,dual18(ref),104,stuck_at,1.0,persistent,0.0
Kolkata,in_domain,dual18(ref),104,noise_burst,1.0,persistent,2.0
Kolkata,in_domain,dual18(ref),104,noise_burst,0.0,persistent,
Kolkata,in_domain,dual18(ref),104,noise_burst,0.0,persistent,
Kolkata,in_domain,dual18(ref),104,noise_burst,1.0,persistent,0.0
Kolkata,in_domain,dual18(ref),104,noise_burst,1.0,persistent,0.0
Kolkata,in_domain,dual18(ref),104,noise_burst,1.0,persistent,1.0
Kolkata,in_domain,dual18(ref),104,intermittent_spikes,1.0,transient,0.0
Kolkata,in_domain,dual18(ref),104,intermittent_spikes,1.0,transient,0.0
Kolkata,in_domain,dual18(ref),104,intermittent_spikes,1.0,transient,0.0
Kolkata,in_domain,dual18(ref),104,intermittent_spikes,1.0,transient,0.0
Kolkata,in_domain,dual18(ref),104,intermittent_spikes,1.0,transient,0.0
Kolkata,in_domain,dual18(ref),104,intermittent_spikes,1.0,transient,0.0
Kolkata,in_domain,dual18(ref),104,drift_plus_noise,1.0,persistent,0.0
Kolkata,in_domain,dual18(ref),104,drift_plus_noise,1.0,persistent,3.0
Kolkata,in_domain,dual18(ref),104,drift_plus_noise,1.0,persistent,4.0
Kolkata,in_domain,dual18(ref),104,bias_plus_spikes,1.0,persistent,0.0
Kolkata,in_domain,dual18(ref),104,bias_plus_spikes,1.0,persistent,0.0
Kolkata,in_domain,dual18(ref),104,bias_plus_spikes,1.0,persistent,0.0
Kolkata,temporal,dual18(ref),104,spike,1.0,transient,0.0
Kolkata,temporal,dual18(ref),104,spike,1.0,transient,0.0
Kolkata,temporal,dual18(ref),104,spike,1.0,transient,0.0
Kolkata,temporal,dual18(ref),104,spike,1.0,transient,0.0
Kolkata,temporal,dual18(ref),104,spike,0.0,transient,
Kolkata,temporal,dual18(ref),104,spike,1.0,transient,0.0
Kolkata,temporal,dual18(ref),104,spike,0.0,transient,
Kolkata,temporal,dual18(ref),104,spike,0.0,transient,
Kolkata,temporal,dual18(ref),104,spike,0.0,transient,
Kolkata,temporal,dual18(ref),104,spike,1.0,transient,0.0
Kolkata,temporal,dual18(ref),104,spike,0.0,transient,
Kolkata,temporal,dual18(ref),104,spike,1.0,transient,0.0
Kolkata,temporal,dual18(ref),104,spike,1.0,transient,0.0
Kolkata,temporal,dual18(ref),104,spike,1.0,transient,0.0
Kolkata,temporal,dual18(ref),104,spike,1.0,transient,0.0
Kolkata,temporal,dual18(ref),104,spike,1.0,transient,0.0
Kolkata,temporal,dual18(ref),104,spike,1.0,transient,0.0
Kolkata,temporal,dual18(ref),104,spike,1.0,transient,0.0
Kolkata,temporal,dual18(ref),104,spike,1.0,transient,0.0
Kolkata,temporal,dual18(ref),104,spike,1.0,transient,0.0
Kolkata,temporal,dual18(ref),104,spike,1.0,transient,0.0
Kolkata,temporal,dual18(ref),104,spike,0.0,transient,
Kolkata,temporal,dual18(ref),104,spike,1.0,transient,0.0
Kolkata,temporal,dual18(ref),104,drift,1.0,persistent,9.0
Kolkata,temporal,dual18(ref),104,drift,1.0,persistent,9.0
Kolkata,temporal,dual18(ref),104,drift,1.0,persistent,14.0
Kolkata,temporal,dual18(ref),104,drift,1.0,persistent,9.0
Kolkata,temporal,dual18(ref),104,drift,0.0,persistent,
Kolkata,temporal,dual18(ref),104,drift,1.0,persistent,0.0
Kolkata,temporal,dual18(ref),104,bias,0.0,persistent,
Kolkata,temporal,dual18(ref),104,bias,1.0,persistent,4.0
Kolkata,temporal,dual18(ref),104,bias,0.0,persistent,
Kolkata,temporal,dual18(ref),104,bias,1.0,persistent,0.0
Kolkata,temporal,dual18(ref),104,bias,1.0,persistent,6.0
Kolkata,temporal,dual18(ref),104,bias,0.0,persistent,
Kolkata,temporal,dual18(ref),104,stuck_at,1.0,persistent,0.0
Kolkata,temporal,dual18(ref),104,stuck_at,1.0,persistent,0.0
Kolkata,temporal,dual18(ref),104,stuck_at,1.0,persistent,0.0
Kolkata,temporal,dual18(ref),104,stuck_at,1.0,persistent,0.0
Kolkata,temporal,dual18(ref),104,stuck_at,1.0,persistent,0.0
Kolkata,temporal,dual18(ref),104,stuck_at,1.0,persistent,0.0
Kolkata,temporal,dual18(ref),104,noise_burst,0.0,persistent,
Kolkata,temporal,dual18(ref),104,noise_burst,0.0,persistent,
Kolkata,temporal,dual18(ref),104,noise_burst,0.0,persistent,
Kolkata,temporal,dual18(ref),104,noise_burst,0.0,persistent,
Kolkata,temporal,dual18(ref),104,noise_burst,1.0,persistent,0.0
Kolkata,temporal,dual18(ref),104,noise_burst,0.0,persistent,
Kolkata,temporal,dual18(ref),104,intermittent_spikes,1.0,transient,0.0
Kolkata,temporal,dual18(ref),104,intermittent_spikes,1.0,transient,0.0
Kolkata,temporal,dual18(ref),104,intermittent_spikes,1.0,transient,0.0
Kolkata,temporal,dual18(ref),104,intermittent_spikes,1.0,transient,0.0
Kolkata,temporal,dual18(ref),104,intermittent_spikes,1.0,transient,0.0
Kolkata,temporal,dual18(ref),104,intermittent_spikes,1.0,transient,0.0
Kolkata,temporal,dual18(ref),104,drift_plus_noise,1.0,persistent,8.0
Kolkata,temporal,dual18(ref),104,drift_plus_noise,1.0,persistent,1.0
Kolkata,temporal,dual18(ref),104,drift_plus_noise,1.0,persistent,8.0
Kolkata,temporal,dual18(ref),104,bias_plus_spikes,0.0,persistent,
Kolkata,temporal,dual18(ref),104,bias_plus_spikes,0.0,persistent,
Kolkata,temporal,dual18(ref),104,bias_plus_spikes,1.0,persistent,1.0
Kolkata,station,dual18(ref),104,spike,1.0,transient,0.0
Kolkata,station,dual18(ref),104,spike,0.0,transient,
Kolkata,station,dual18(ref),104,spike,1.0,transient,0.0
Kolkata,station,dual18(ref),104,spike,1.0,transient,0.0
Kolkata,station,dual18(ref),104,spike,0.0,transient,
Kolkata,station,dual18(ref),104,spike,1.0,transient,0.0
Kolkata,station,dual18(ref),104,spike,0.0,transient,
Kolkata,station,dual18(ref),104,spike,0.0,transient,
Kolkata,station,dual18(ref),104,spike,0.0,transient,
Kolkata,station,dual18(ref),104,spike,1.0,transient,0.0
Kolkata,station,dual18(ref),104,spike,1.0,transient,0.0
Kolkata,station,dual18(ref),104,spike,1.0,transient,0.0
Kolkata,station,dual18(ref),104,spike,1.0,transient,0.0
Kolkata,station,dual18(ref),104,spike,1.0,transient,0.0
Kolkata,station,dual18(ref),104,spike,1.0,transient,0.0
Kolkata,station,dual18(ref),104,spike,1.0,transient,0.0
Kolkata,station,dual18(ref),104,spike,1.0,transient,0.0
Kolkata,station,dual18(ref),104,spike,0.0,transient,
Kolkata,station,dual18(ref),104,spike,1.0,transient,0.0
Kolkata,station,dual18(ref),104,spike,1.0,transient,0.0
Kolkata,station,dual18(ref),104,spike,1.0,transient,0.0
Kolkata,station,dual18(ref),104,spike,0.0,transient,
Kolkata,station,dual18(ref),104,spike,1.0,transient,0.0
Kolkata,station,dual18(ref),104,drift,1.0,persistent,9.0
Kolkata,station,dual18(ref),104,drift,1.0,persistent,9.0
Kolkata,station,dual18(ref),104,drift,1.0,persistent,14.0
Kolkata,station,dual18(ref),104,drift,1.0,persistent,9.0
Kolkata,station,dual18(ref),104,drift,0.0,persistent,
Kolkata,station,dual18(ref),104,drift,1.0,persistent,0.0
Kolkata,station,dual18(ref),104,bias,1.0,persistent,10.0
Kolkata,station,dual18(ref),104,bias,1.0,persistent,4.0
Kolkata,station,dual18(ref),104,bias,1.0,persistent,4.0
Kolkata,station,dual18(ref),104,bias,1.0,persistent,0.0
Kolkata,station,dual18(ref),104,bias,1.0,persistent,6.0
Kolkata,station,dual18(ref),104,bias,0.0,persistent,
Kolkata,station,dual18(ref),104,stuck_at,1.0,persistent,0.0
Kolkata,station,dual18(ref),104,stuck_at,1.0,persistent,0.0
Kolkata,station,dual18(ref),104,stuck_at,1.0,persistent,0.0
Kolkata,station,dual18(ref),104,stuck_at,1.0,persistent,0.0
Kolkata,station,dual18(ref),104,stuck_at,1.0,persistent,0.0
Kolkata,station,dual18(ref),104,stuck_at,1.0,persistent,0.0
Kolkata,station,dual18(ref),104,noise_burst,0.0,persistent,
Kolkata,station,dual18(ref),104,noise_burst,0.0,persistent,
Kolkata,station,dual18(ref),104,noise_burst,0.0,persistent,
Kolkata,station,dual18(ref),104,noise_burst,0.0,persistent,
Kolkata,station,dual18(ref),104,noise_burst,1.0,persistent,0.0
Kolkata,station,dual18(ref),104,noise_burst,0.0,persistent,
Kolkata,station,dual18(ref),104,intermittent_spikes,1.0,transient,0.0
Kolkata,station,dual18(ref),104,intermittent_spikes,1.0,transient,0.0
Kolkata,station,dual18(ref),104,intermittent_spikes,1.0,transient,0.0
Kolkata,station,dual18(ref),104,intermittent_spikes,1.0,transient,0.0
Kolkata,station,dual18(ref),104,intermittent_spikes,1.0,transient,0.0
Kolkata,station,dual18(ref),104,intermittent_spikes,1.0,transient,0.0
Kolkata,station,dual18(ref),104,drift_plus_noise,1.0,persistent,14.0
Kolkata,station,dual18(ref),104,drift_plus_noise,1.0,persistent,1.0
Kolkata,station,dual18(ref),104,drift_plus_noise,1.0,persistent,7.0
Kolkata,station,dual18(ref),104,bias_plus_spikes,0.0,persistent,
Kolkata,station,dual18(ref),104,bias_plus_spikes,0.0,persistent,
Kolkata,station,dual18(ref),104,bias_plus_spikes,1.0,persistent,7.0
Kolkata,in_domain,dual18(ref),115,spike,1.0,transient,0.0
Kolkata,in_domain,dual18(ref),115,spike,1.0,transient,0.0
Kolkata,in_domain,dual18(ref),115,spike,0.0,transient,
Kolkata,in_domain,dual18(ref),115,spike,1.0,transient,0.0
Kolkata,in_domain,dual18(ref),115,spike,1.0,transient,0.0
Kolkata,in_domain,dual18(ref),115,spike,1.0,transient,0.0
Kolkata,in_domain,dual18(ref),115,spike,0.0,transient,
Kolkata,in_domain,dual18(ref),115,spike,1.0,transient,0.0
Kolkata,in_domain,dual18(ref),115,spike,1.0,transient,0.0
Kolkata,in_domain,dual18(ref),115,spike,0.0,transient,
Kolkata,in_domain,dual18(ref),115,spike,1.0,transient,0.0
Kolkata,in_domain,dual18(ref),115,spike,1.0,transient,0.0
Kolkata,in_domain,dual18(ref),115,spike,1.0,transient,0.0
Kolkata,in_domain,dual18(ref),115,spike,1.0,transient,0.0
Kolkata,in_domain,dual18(ref),115,spike,1.0,transient,0.0
Kolkata,in_domain,dual18(ref),115,spike,1.0,transient,0.0
Kolkata,in_domain,dual18(ref),115,spike,1.0,transient,0.0
Kolkata,in_domain,dual18(ref),115,spike,1.0,transient,0.0
Kolkata,in_domain,dual18(ref),115,spike,1.0,transient,0.0
Kolkata,in_domain,dual18(ref),115,spike,1.0,transient,0.0
Kolkata,in_domain,dual18(ref),115,spike,1.0,transient,0.0
Kolkata,in_domain,dual18(ref),115,spike,1.0,transient,0.0
Kolkata,in_domain,dual18(ref),115,spike,1.0,transient,0.0
Kolkata,in_domain,dual18(ref),115,spike,1.0,transient,0.0
Kolkata,in_domain,dual18(ref),115,drift,0.0,persistent,
Kolkata,in_domain,dual18(ref),115,drift,1.0,persistent,11.0
Kolkata,in_domain,dual18(ref),115,drift,1.0,persistent,5.0
Kolkata,in_domain,dual18(ref),115,drift,1.0,persistent,11.0
Kolkata,in_domain,dual18(ref),115,drift,1.0,persistent,6.0
Kolkata,in_domain,dual18(ref),115,drift,1.0,persistent,8.0
Kolkata,in_domain,dual18(ref),115,bias,1.0,persistent,8.0
Kolkata,in_domain,dual18(ref),115,bias,0.0,persistent,
Kolkata,in_domain,dual18(ref),115,bias,0.0,persistent,
Kolkata,in_domain,dual18(ref),115,bias,0.0,persistent,
Kolkata,in_domain,dual18(ref),115,bias,0.0,persistent,
Kolkata,in_domain,dual18(ref),115,bias,1.0,persistent,0.0
Kolkata,in_domain,dual18(ref),115,stuck_at,1.0,persistent,0.0
Kolkata,in_domain,dual18(ref),115,stuck_at,1.0,persistent,0.0
Kolkata,in_domain,dual18(ref),115,stuck_at,1.0,persistent,0.0
Kolkata,in_domain,dual18(ref),115,stuck_at,1.0,persistent,0.0
Kolkata,in_domain,dual18(ref),115,stuck_at,1.0,persistent,0.0
Kolkata,in_domain,dual18(ref),115,stuck_at,1.0,persistent,0.0
Kolkata,in_domain,dual18(ref),115,noise_burst,0.0,persistent,
Kolkata,in_domain,dual18(ref),115,noise_burst,0.0,persistent,
Kolkata,in_domain,dual18(ref),115,noise_burst,0.0,persistent,
Kolkata,in_domain,dual18(ref),115,noise_burst,1.0,persistent,0.0
Kolkata,in_domain,dual18(ref),115,noise_burst,1.0,persistent,1.0
Kolkata,in_domain,dual18(ref),115,noise_burst,1.0,persistent,0.0
Kolkata,in_domain,dual18(ref),115,intermittent_spikes,1.0,transient,0.0
Kolkata,in_domain,dual18(ref),115,intermittent_spikes,1.0,transient,0.0
Kolkata,in_domain,dual18(ref),115,intermittent_spikes,1.0,transient,0.0
Kolkata,in_domain,dual18(ref),115,intermittent_spikes,1.0,transient,0.0
Kolkata,in_domain,dual18(ref),115,intermittent_spikes,1.0,transient,0.0
Kolkata,in_domain,dual18(ref),115,intermittent_spikes,1.0,transient,0.0
Kolkata,in_domain,dual18(ref),115,drift_plus_noise,1.0,persistent,6.0
Kolkata,in_domain,dual18(ref),115,drift_plus_noise,1.0,persistent,5.0
Kolkata,in_domain,dual18(ref),115,drift_plus_noise,1.0,persistent,1.0
Kolkata,in_domain,dual18(ref),115,bias_plus_spikes,1.0,persistent,0.0
Kolkata,in_domain,dual18(ref),115,bias_plus_spikes,1.0,persistent,0.0
Kolkata,in_domain,dual18(ref),115,bias_plus_spikes,1.0,persistent,3.0
Kolkata,temporal,dual18(ref),115,spike,1.0,transient,0.0
Kolkata,temporal,dual18(ref),115,spike,1.0,transient,0.0
Kolkata,temporal,dual18(ref),115,spike,0.0,transient,
Kolkata,temporal,dual18(ref),115,spike,1.0,transient,0.0
Kolkata,temporal,dual18(ref),115,spike,1.0,transient,0.0
Kolkata,temporal,dual18(ref),115,spike,1.0,transient,0.0
Kolkata,temporal,dual18(ref),115,spike,0.0,transient,
Kolkata,temporal,dual18(ref),115,spike,0.0,transient,
Kolkata,temporal,dual18(ref),115,spike,0.0,transient,
Kolkata,temporal,dual18(ref),115,spike,0.0,transient,
Kolkata,temporal,dual18(ref),115,spike,1.0,transient,0.0
Kolkata,temporal,dual18(ref),115,spike,1.0,transient,0.0
Kolkata,temporal,dual18(ref),115,spike,1.0,transient,0.0
Kolkata,temporal,dual18(ref),115,spike,1.0,transient,0.0
Kolkata,temporal,dual18(ref),115,spike,1.0,transient,0.0
Kolkata,temporal,dual18(ref),115,spike,0.0,transient,
Kolkata,temporal,dual18(ref),115,spike,1.0,transient,0.0
Kolkata,temporal,dual18(ref),115,spike,0.0,transient,
Kolkata,temporal,dual18(ref),115,spike,0.0,transient,
Kolkata,temporal,dual18(ref),115,spike,1.0,transient,0.0
Kolkata,temporal,dual18(ref),115,spike,1.0,transient,0.0
Kolkata,temporal,dual18(ref),115,spike,1.0,transient,0.0
Kolkata,temporal,dual18(ref),115,spike,1.0,transient,0.0
Kolkata,temporal,dual18(ref),115,spike,1.0,transient,0.0
Kolkata,temporal,dual18(ref),115,drift,0.0,persistent,
Kolkata,temporal,dual18(ref),115,drift,0.0,persistent,
Kolkata,temporal,dual18(ref),115,drift,1.0,persistent,11.0
Kolkata,temporal,dual18(ref),115,drift,1.0,persistent,10.0
Kolkata,temporal,dual18(ref),115,drift,0.0,persistent,
Kolkata,temporal,dual18(ref),115,drift,0.0,persistent,
Kolkata,temporal,dual18(ref),115,bias,0.0,persistent,
Kolkata,temporal,dual18(ref),115,bias,0.0,persistent,
Kolkata,temporal,dual18(ref),115,bias,0.0,persistent,
Kolkata,temporal,dual18(ref),115,bias,1.0,persistent,2.0
Kolkata,temporal,dual18(ref),115,bias,1.0,persistent,10.0
Kolkata,temporal,dual18(ref),115,bias,1.0,persistent,0.0
Kolkata,temporal,dual18(ref),115,stuck_at,1.0,persistent,0.0
Kolkata,temporal,dual18(ref),115,stuck_at,1.0,persistent,0.0
Kolkata,temporal,dual18(ref),115,stuck_at,1.0,persistent,0.0
Kolkata,temporal,dual18(ref),115,stuck_at,1.0,persistent,0.0
Kolkata,temporal,dual18(ref),115,stuck_at,1.0,persistent,0.0
Kolkata,temporal,dual18(ref),115,stuck_at,1.0,persistent,0.0
Kolkata,temporal,dual18(ref),115,noise_burst,0.0,persistent,
Kolkata,temporal,dual18(ref),115,noise_burst,1.0,persistent,0.0
Kolkata,temporal,dual18(ref),115,noise_burst,0.0,persistent,
Kolkata,temporal,dual18(ref),115,noise_burst,1.0,persistent,0.0
Kolkata,temporal,dual18(ref),115,noise_burst,0.0,persistent,
Kolkata,temporal,dual18(ref),115,noise_burst,1.0,persistent,2.0
Kolkata,temporal,dual18(ref),115,intermittent_spikes,1.0,transient,0.0
Kolkata,temporal,dual18(ref),115,intermittent_spikes,1.0,transient,7.0
Kolkata,temporal,dual18(ref),115,intermittent_spikes,0.0,transient,
Kolkata,temporal,dual18(ref),115,intermittent_spikes,1.0,transient,0.0
Kolkata,temporal,dual18(ref),115,intermittent_spikes,1.0,transient,0.0
Kolkata,temporal,dual18(ref),115,intermittent_spikes,1.0,transient,0.0
Kolkata,temporal,dual18(ref),115,drift_plus_noise,1.0,persistent,2.0
Kolkata,temporal,dual18(ref),115,drift_plus_noise,1.0,persistent,0.0
Kolkata,temporal,dual18(ref),115,drift_plus_noise,1.0,persistent,7.0
Kolkata,temporal,dual18(ref),115,bias_plus_spikes,1.0,persistent,1.0
Kolkata,temporal,dual18(ref),115,bias_plus_spikes,1.0,persistent,0.0
Kolkata,temporal,dual18(ref),115,bias_plus_spikes,1.0,persistent,0.0
Kolkata,station,dual18(ref),115,spike,1.0,transient,0.0
Kolkata,station,dual18(ref),115,spike,1.0,transient,0.0
Kolkata,station,dual18(ref),115,spike,0.0,transient,
Kolkata,station,dual18(ref),115,spike,1.0,transient,0.0
Kolkata,station,dual18(ref),115,spike,1.0,transient,0.0
Kolkata,station,dual18(ref),115,spike,1.0,transient,0.0
Kolkata,station,dual18(ref),115,spike,0.0,transient,
Kolkata,station,dual18(ref),115,spike,0.0,transient,
Kolkata,station,dual18(ref),115,spike,0.0,transient,
Kolkata,station,dual18(ref),115,spike,0.0,transient,
Kolkata,station,dual18(ref),115,spike,1.0,transient,0.0
Kolkata,station,dual18(ref),115,spike,1.0,transient,0.0
Kolkata,station,dual18(ref),115,spike,1.0,transient,0.0
Kolkata,station,dual18(ref),115,spike,1.0,transient,0.0
Kolkata,station,dual18(ref),115,spike,1.0,transient,0.0
Kolkata,station,dual18(ref),115,spike,1.0,transient,0.0
Kolkata,station,dual18(ref),115,spike,1.0,transient,0.0
Kolkata,station,dual18(ref),115,spike,0.0,transient,
Kolkata,station,dual18(ref),115,spike,0.0,transient,
Kolkata,station,dual18(ref),115,spike,1.0,transient,0.0
Kolkata,station,dual18(ref),115,spike,1.0,transient,0.0
Kolkata,station,dual18(ref),115,spike,1.0,transient,0.0
Kolkata,station,dual18(ref),115,spike,1.0,transient,0.0
Kolkata,station,dual18(ref),115,spike,1.0,transient,0.0
Kolkata,station,dual18(ref),115,drift,1.0,persistent,15.0
Kolkata,station,dual18(ref),115,drift,0.0,persistent,
Kolkata,station,dual18(ref),115,drift,0.0,persistent,
Kolkata,station,dual18(ref),115,drift,1.0,persistent,10.0
Kolkata,station,dual18(ref),115,drift,0.0,persistent,
Kolkata,station,dual18(ref),115,drift,0.0,persistent,
Kolkata,station,dual18(ref),115,bias,0.0,persistent,
Kolkata,station,dual18(ref),115,bias,0.0,persistent,
Kolkata,station,dual18(ref),115,bias,0.0,persistent,
Kolkata,station,dual18(ref),115,bias,1.0,persistent,2.0
Kolkata,station,dual18(ref),115,bias,1.0,persistent,10.0
Kolkata,station,dual18(ref),115,bias,1.0,persistent,0.0
Kolkata,station,dual18(ref),115,stuck_at,1.0,persistent,0.0
Kolkata,station,dual18(ref),115,stuck_at,1.0,persistent,0.0
Kolkata,station,dual18(ref),115,stuck_at,1.0,persistent,0.0
Kolkata,station,dual18(ref),115,stuck_at,1.0,persistent,0.0
Kolkata,station,dual18(ref),115,stuck_at,1.0,persistent,0.0
Kolkata,station,dual18(ref),115,stuck_at,1.0,persistent,0.0
Kolkata,station,dual18(ref),115,noise_burst,0.0,persistent,
Kolkata,station,dual18(ref),115,noise_burst,1.0,persistent,0.0
Kolkata,station,dual18(ref),115,noise_burst,0.0,persistent,
Kolkata,station,dual18(ref),115,noise_burst,1.0,persistent,0.0
Kolkata,station,dual18(ref),115,noise_burst,0.0,persistent,
Kolkata,station,dual18(ref),115,noise_burst,1.0,persistent,2.0
Kolkata,station,dual18(ref),115,intermittent_spikes,1.0,transient,0.0
Kolkata,station,dual18(ref),115,intermittent_spikes,1.0,transient,7.0
Kolkata,station,dual18(ref),115,intermittent_spikes,0.0,transient,
Kolkata,station,dual18(ref),115,intermittent_spikes,1.0,transient,0.0
Kolkata,station,dual18(ref),115,intermittent_spikes,1.0,transient,0.0
Kolkata,station,dual18(ref),115,intermittent_spikes,1.0,transient,0.0
Kolkata,station,dual18(ref),115,drift_plus_noise,1.0,persistent,2.0
Kolkata,station,dual18(ref),115,drift_plus_noise,1.0,persistent,0.0
Kolkata,station,dual18(ref),115,drift_plus_noise,1.0,persistent,9.0
Kolkata,station,dual18(ref),115,bias_plus_spikes,1.0,persistent,1.0
Kolkata,station,dual18(ref),115,bias_plus_spikes,1.0,persistent,0.0
Kolkata,station,dual18(ref),115,bias_plus_spikes,1.0,persistent,0.0
Kolkata,in_domain,dual18(ref),126,spike,1.0,transient,0.0
Kolkata,in_domain,dual18(ref),126,spike,1.0,transient,0.0
Kolkata,in_domain,dual18(ref),126,spike,1.0,transient,0.0
Kolkata,in_domain,dual18(ref),126,spike,1.0,transient,0.0
Kolkata,in_domain,dual18(ref),126,spike,1.0,transient,0.0
Kolkata,in_domain,dual18(ref),126,spike,1.0,transient,0.0
Kolkata,in_domain,dual18(ref),126,spike,1.0,transient,0.0
Kolkata,in_domain,dual18(ref),126,spike,1.0,transient,0.0
Kolkata,in_domain,dual18(ref),126,spike,0.0,transient,
Kolkata,in_domain,dual18(ref),126,spike,1.0,transient,0.0
Kolkata,in_domain,dual18(ref),126,spike,1.0,transient,0.0
Kolkata,in_domain,dual18(ref),126,spike,1.0,transient,0.0
Kolkata,in_domain,dual18(ref),126,spike,1.0,transient,0.0
Kolkata,in_domain,dual18(ref),126,spike,1.0,transient,0.0
Kolkata,in_domain,dual18(ref),126,spike,1.0,transient,0.0
Kolkata,in_domain,dual18(ref),126,spike,1.0,transient,0.0
Kolkata,in_domain,dual18(ref),126,spike,1.0,transient,0.0
Kolkata,in_domain,dual18(ref),126,spike,1.0,transient,0.0
Kolkata,in_domain,dual18(ref),126,spike,1.0,transient,0.0
Kolkata,in_domain,dual18(ref),126,spike,1.0,transient,0.0
Kolkata,in_domain,dual18(ref),126,spike,1.0,transient,0.0
Kolkata,in_domain,dual18(ref),126,spike,1.0,transient,0.0
Kolkata,in_domain,dual18(ref),126,spike,1.0,transient,0.0
Kolkata,in_domain,dual18(ref),126,spike,1.0,transient,0.0
Kolkata,in_domain,dual18(ref),126,drift,1.0,persistent,4.0
Kolkata,in_domain,dual18(ref),126,drift,1.0,persistent,7.0
Kolkata,in_domain,dual18(ref),126,drift,0.0,persistent,
Kolkata,in_domain,dual18(ref),126,drift,1.0,persistent,8.0
Kolkata,in_domain,dual18(ref),126,drift,1.0,persistent,3.0
Kolkata,in_domain,dual18(ref),126,drift,1.0,persistent,2.0
Kolkata,in_domain,dual18(ref),126,bias,1.0,persistent,7.0
Kolkata,in_domain,dual18(ref),126,bias,0.0,persistent,
Kolkata,in_domain,dual18(ref),126,bias,1.0,persistent,0.0
Kolkata,in_domain,dual18(ref),126,bias,1.0,persistent,3.0
Kolkata,in_domain,dual18(ref),126,bias,0.0,persistent,
Kolkata,in_domain,dual18(ref),126,bias,0.0,persistent,
Kolkata,in_domain,dual18(ref),126,stuck_at,1.0,persistent,0.0
Kolkata,in_domain,dual18(ref),126,stuck_at,1.0,persistent,0.0
Kolkata,in_domain,dual18(ref),126,stuck_at,1.0,persistent,0.0
Kolkata,in_domain,dual18(ref),126,stuck_at,1.0,persistent,0.0
Kolkata,in_domain,dual18(ref),126,stuck_at,1.0,persistent,0.0
Kolkata,in_domain,dual18(ref),126,stuck_at,1.0,persistent,0.0
Kolkata,in_domain,dual18(ref),126,noise_burst,1.0,persistent,0.0
Kolkata,in_domain,dual18(ref),126,noise_burst,0.0,persistent,
Kolkata,in_domain,dual18(ref),126,noise_burst,0.0,persistent,
Kolkata,in_domain,dual18(ref),126,noise_burst,1.0,persistent,4.0
Kolkata,in_domain,dual18(ref),126,noise_burst,1.0,persistent,2.0
Kolkata,in_domain,dual18(ref),126,noise_burst,1.0,persistent,0.0
Kolkata,in_domain,dual18(ref),126,intermittent_spikes,1.0,transient,0.0
Kolkata,in_domain,dual18(ref),126,intermittent_spikes,1.0,transient,0.0
Kolkata,in_domain,dual18(ref),126,intermittent_spikes,1.0,transient,0.0
Kolkata,in_domain,dual18(ref),126,intermittent_spikes,1.0,transient,0.0
Kolkata,in_domain,dual18(ref),126,intermittent_spikes,1.0,transient,0.0
Kolkata,in_domain,dual18(ref),126,intermittent_spikes,1.0,transient,0.0
Kolkata,in_domain,dual18(ref),126,drift_plus_noise,1.0,persistent,6.0
Kolkata,in_domain,dual18(ref),126,drift_plus_noise,1.0,persistent,4.0
Kolkata,in_domain,dual18(ref),126,drift_plus_noise,1.0,persistent,12.0
Kolkata,in_domain,dual18(ref),126,bias_plus_spikes,1.0,persistent,0.0
Kolkata,in_domain,dual18(ref),126,bias_plus_spikes,1.0,persistent,0.0
Kolkata,in_domain,dual18(ref),126,bias_plus_spikes,1.0,persistent,2.0
Kolkata,temporal,dual18(ref),126,spike,1.0,transient,0.0
Kolkata,temporal,dual18(ref),126,spike,1.0,transient,0.0
Kolkata,temporal,dual18(ref),126,spike,1.0,transient,0.0
Kolkata,temporal,dual18(ref),126,spike,1.0,transient,0.0
Kolkata,temporal,dual18(ref),126,spike,1.0,transient,0.0
Kolkata,temporal,dual18(ref),126,spike,1.0,transient,0.0
Kolkata,temporal,dual18(ref),126,spike,1.0,transient,0.0
Kolkata,temporal,dual18(ref),126,spike,0.0,transient,
Kolkata,temporal,dual18(ref),126,spike,0.0,transient,
Kolkata,temporal,dual18(ref),126,spike,1.0,transient,0.0
Kolkata,temporal,dual18(ref),126,spike,0.0,transient,
Kolkata,temporal,dual18(ref),126,spike,1.0,transient,0.0
Kolkata,temporal,dual18(ref),126,spike,1.0,transient,0.0
Kolkata,temporal,dual18(ref),126,spike,1.0,transient,0.0
Kolkata,temporal,dual18(ref),126,spike,1.0,transient,0.0
Kolkata,temporal,dual18(ref),126,spike,1.0,transient,0.0
Kolkata,temporal,dual18(ref),126,spike,1.0,transient,0.0
Kolkata,temporal,dual18(ref),126,spike,1.0,transient,0.0
Kolkata,temporal,dual18(ref),126,spike,0.0,transient,
Kolkata,temporal,dual18(ref),126,spike,1.0,transient,0.0
Kolkata,temporal,dual18(ref),126,spike,1.0,transient,0.0
Kolkata,temporal,dual18(ref),126,spike,1.0,transient,0.0
Kolkata,temporal,dual18(ref),126,spike,0.0,transient,
Kolkata,temporal,dual18(ref),126,spike,1.0,transient,0.0
Kolkata,temporal,dual18(ref),126,drift,0.0,persistent,
Kolkata,temporal,dual18(ref),126,drift,1.0,persistent,10.0
Kolkata,temporal,dual18(ref),126,drift,1.0,persistent,4.0
Kolkata,temporal,dual18(ref),126,drift,1.0,persistent,2.0
Kolkata,temporal,dual18(ref),126,drift,1.0,persistent,6.0
Kolkata,temporal,dual18(ref),126,drift,0.0,persistent,
Kolkata,temporal,dual18(ref),126,bias,0.0,persistent,
Kolkata,temporal,dual18(ref),126,bias,0.0,persistent,
Kolkata,temporal,dual18(ref),126,bias,1.0,persistent,0.0
Kolkata,temporal,dual18(ref),126,bias,0.0,persistent,
Kolkata,temporal,dual18(ref),126,bias,0.0,persistent,
Kolkata,temporal,dual18(ref),126,bias,0.0,persistent,
Kolkata,temporal,dual18(ref),126,stuck_at,1.0,persistent,0.0
Kolkata,temporal,dual18(ref),126,stuck_at,1.0,persistent,0.0
Kolkata,temporal,dual18(ref),126,stuck_at,1.0,persistent,0.0
Kolkata,temporal,dual18(ref),126,stuck_at,1.0,persistent,0.0
Kolkata,temporal,dual18(ref),126,stuck_at,1.0,persistent,0.0
Kolkata,temporal,dual18(ref),126,stuck_at,1.0,persistent,0.0
Kolkata,temporal,dual18(ref),126,noise_burst,1.0,persistent,4.0
Kolkata,temporal,dual18(ref),126,noise_burst,0.0,persistent,
Kolkata,temporal,dual18(ref),126,noise_burst,0.0,persistent,
Kolkata,temporal,dual18(ref),126,noise_burst,1.0,persistent,8.0
Kolkata,temporal,dual18(ref),126,noise_burst,1.0,persistent,2.0
Kolkata,temporal,dual18(ref),126,noise_burst,1.0,persistent,2.0
Kolkata,temporal,dual18(ref),126,intermittent_spikes,1.0,transient,0.0
Kolkata,temporal,dual18(ref),126,intermittent_spikes,1.0,transient,6.0
Kolkata,temporal,dual18(ref),126,intermittent_spikes,1.0,transient,0.0
Kolkata,temporal,dual18(ref),126,intermittent_spikes,1.0,transient,0.0
Kolkata,temporal,dual18(ref),126,intermittent_spikes,1.0,transient,0.0
Kolkata,temporal,dual18(ref),126,intermittent_spikes,1.0,transient,0.0
Kolkata,temporal,dual18(ref),126,drift_plus_noise,1.0,persistent,10.0
Kolkata,temporal,dual18(ref),126,drift_plus_noise,0.0,persistent,
Kolkata,temporal,dual18(ref),126,drift_plus_noise,1.0,persistent,2.0
Kolkata,temporal,dual18(ref),126,bias_plus_spikes,1.0,persistent,0.0
Kolkata,temporal,dual18(ref),126,bias_plus_spikes,1.0,persistent,0.0
Kolkata,temporal,dual18(ref),126,bias_plus_spikes,1.0,persistent,2.0
Kolkata,station,dual18(ref),126,spike,1.0,transient,0.0
Kolkata,station,dual18(ref),126,spike,0.0,transient,
Kolkata,station,dual18(ref),126,spike,1.0,transient,0.0
Kolkata,station,dual18(ref),126,spike,1.0,transient,0.0
Kolkata,station,dual18(ref),126,spike,1.0,transient,0.0
Kolkata,station,dual18(ref),126,spike,1.0,transient,0.0
Kolkata,station,dual18(ref),126,spike,1.0,transient,0.0
Kolkata,station,dual18(ref),126,spike,0.0,transient,
Kolkata,station,dual18(ref),126,spike,1.0,transient,0.0
Kolkata,station,dual18(ref),126,spike,1.0,transient,0.0
Kolkata,station,dual18(ref),126,spike,1.0,transient,0.0
Kolkata,station,dual18(ref),126,spike,1.0,transient,0.0
Kolkata,station,dual18(ref),126,spike,1.0,transient,0.0
Kolkata,station,dual18(ref),126,spike,1.0,transient,0.0
Kolkata,station,dual18(ref),126,spike,1.0,transient,0.0
Kolkata,station,dual18(ref),126,spike,1.0,transient,0.0
Kolkata,station,dual18(ref),126,spike,1.0,transient,0.0
Kolkata,station,dual18(ref),126,spike,1.0,transient,0.0
Kolkata,station,dual18(ref),126,spike,1.0,transient,0.0
Kolkata,station,dual18(ref),126,spike,0.0,transient,
Kolkata,station,dual18(ref),126,spike,1.0,transient,0.0
Kolkata,station,dual18(ref),126,spike,1.0,transient,0.0
Kolkata,station,dual18(ref),126,spike,0.0,transient,
Kolkata,station,dual18(ref),126,spike,1.0,transient,0.0
Kolkata,station,dual18(ref),126,drift,0.0,persistent,
Kolkata,station,dual18(ref),126,drift,0.0,persistent,
Kolkata,station,dual18(ref),126,drift,1.0,persistent,4.0
Kolkata,station,dual18(ref),126,drift,1.0,persistent,11.0
Kolkata,station,dual18(ref),126,drift,1.0,persistent,4.0
Kolkata,station,dual18(ref),126,drift,0.0,persistent,
Kolkata,station,dual18(ref),126,bias,0.0,persistent,
Kolkata,station,dual18(ref),126,bias,0.0,persistent,
Kolkata,station,dual18(ref),126,bias,1.0,persistent,0.0
Kolkata,station,dual18(ref),126,bias,0.0,persistent,
Kolkata,station,dual18(ref),126,bias,0.0,persistent,
Kolkata,station,dual18(ref),126,bias,0.0,persistent,
Kolkata,station,dual18(ref),126,stuck_at,1.0,persistent,0.0
Kolkata,station,dual18(ref),126,stuck_at,1.0,persistent,0.0
Kolkata,station,dual18(ref),126,stuck_at,1.0,persistent,0.0
Kolkata,station,dual18(ref),126,stuck_at,1.0,persistent,0.0
Kolkata,station,dual18(ref),126,stuck_at,1.0,persistent,0.0
Kolkata,station,dual18(ref),126,stuck_at,1.0,persistent,0.0
Kolkata,station,dual18(ref),126,noise_burst,1.0,persistent,5.0
Kolkata,station,dual18(ref),126,noise_burst,0.0,persistent,
Kolkata,station,dual18(ref),126,noise_burst,0.0,persistent,
Kolkata,station,dual18(ref),126,noise_burst,1.0,persistent,10.0
Kolkata,station,dual18(ref),126,noise_burst,1.0,persistent,2.0
Kolkata,station,dual18(ref),126,noise_burst,1.0,persistent,2.0
Kolkata,station,dual18(ref),126,intermittent_spikes,1.0,transient,0.0
Kolkata,station,dual18(ref),126,intermittent_spikes,1.0,transient,6.0
Kolkata,station,dual18(ref),126,intermittent_spikes,1.0,transient,0.0
Kolkata,station,dual18(ref),126,intermittent_spikes,1.0,transient,0.0
Kolkata,station,dual18(ref),126,intermittent_spikes,1.0,transient,0.0
Kolkata,station,dual18(ref),126,intermittent_spikes,1.0,transient,0.0
Kolkata,station,dual18(ref),126,drift_plus_noise,1.0,persistent,10.0
Kolkata,station,dual18(ref),126,drift_plus_noise,0.0,persistent,
Kolkata,station,dual18(ref),126,drift_plus_noise,1.0,persistent,2.0
Kolkata,station,dual18(ref),126,bias_plus_spikes,1.0,persistent,0.0
Kolkata,station,dual18(ref),126,bias_plus_spikes,1.0,persistent,0.0
Kolkata,station,dual18(ref),126,bias_plus_spikes,1.0,persistent,2.0
Mumbai,in_domain,baseline16,104,spike,1.0,transient,0.0
Mumbai,in_domain,baseline16,104,spike,1.0,transient,0.0
Mumbai,in_domain,baseline16,104,spike,1.0,transient,0.0
Mumbai,in_domain,baseline16,104,spike,1.0,transient,0.0
Mumbai,in_domain,baseline16,104,spike,1.0,transient,0.0
Mumbai,in_domain,baseline16,104,spike,1.0,transient,0.0
Mumbai,in_domain,baseline16,104,spike,0.0,transient,
Mumbai,in_domain,baseline16,104,spike,1.0,transient,0.0
Mumbai,in_domain,baseline16,104,spike,0.0,transient,
Mumbai,in_domain,baseline16,104,spike,0.0,transient,
Mumbai,in_domain,baseline16,104,spike,1.0,transient,0.0
Mumbai,in_domain,baseline16,104,spike,1.0,transient,0.0
Mumbai,in_domain,baseline16,104,spike,1.0,transient,0.0
Mumbai,in_domain,baseline16,104,spike,1.0,transient,0.0
Mumbai,in_domain,baseline16,104,spike,1.0,transient,0.0
Mumbai,in_domain,baseline16,104,spike,1.0,transient,0.0
Mumbai,in_domain,baseline16,104,spike,1.0,transient,0.0
Mumbai,in_domain,baseline16,104,spike,1.0,transient,0.0
Mumbai,in_domain,baseline16,104,spike,1.0,transient,0.0
Mumbai,in_domain,baseline16,104,spike,1.0,transient,0.0
Mumbai,in_domain,baseline16,104,spike,1.0,transient,0.0
Mumbai,in_domain,baseline16,104,spike,1.0,transient,0.0
Mumbai,in_domain,baseline16,104,spike,0.0,transient,
Mumbai,in_domain,baseline16,104,spike,1.0,transient,0.0
Mumbai,in_domain,baseline16,104,drift,1.0,persistent,0.0
Mumbai,in_domain,baseline16,104,drift,1.0,persistent,12.0
Mumbai,in_domain,baseline16,104,drift,1.0,persistent,10.0
Mumbai,in_domain,baseline16,104,drift,0.0,persistent,
Mumbai,in_domain,baseline16,104,drift,0.0,persistent,
Mumbai,in_domain,baseline16,104,drift,1.0,persistent,14.0
Mumbai,in_domain,baseline16,104,bias,0.0,persistent,
Mumbai,in_domain,baseline16,104,bias,0.0,persistent,
Mumbai,in_domain,baseline16,104,bias,0.0,persistent,
Mumbai,in_domain,baseline16,104,bias,1.0,persistent,0.0
Mumbai,in_domain,baseline16,104,bias,0.0,persistent,
Mumbai,in_domain,baseline16,104,bias,0.0,persistent,
Mumbai,in_domain,baseline16,104,stuck_at,1.0,persistent,0.0
Mumbai,in_domain,baseline16,104,stuck_at,1.0,persistent,0.0
Mumbai,in_domain,baseline16,104,stuck_at,1.0,persistent,0.0
Mumbai,in_domain,baseline16,104,stuck_at,1.0,persistent,0.0
Mumbai,in_domain,baseline16,104,stuck_at,1.0,persistent,0.0
Mumbai,in_domain,baseline16,104,stuck_at,1.0,persistent,0.0
Mumbai,in_domain,baseline16,104,noise_burst,1.0,persistent,0.0
Mumbai,in_domain,baseline16,104,noise_burst,1.0,persistent,4.0
Mumbai,in_domain,baseline16,104,noise_burst,0.0,persistent,
Mumbai,in_domain,baseline16,104,noise_burst,1.0,persistent,0.0
Mumbai,in_domain,baseline16,104,noise_burst,1.0,persistent,0.0
Mumbai,in_domain,baseline16,104,noise_burst,1.0,persistent,2.0
Mumbai,in_domain,baseline16,104,intermittent_spikes,1.0,transient,0.0
Mumbai,in_domain,baseline16,104,intermittent_spikes,1.0,transient,0.0
Mumbai,in_domain,baseline16,104,intermittent_spikes,1.0,transient,0.0
Mumbai,in_domain,baseline16,104,intermittent_spikes,1.0,transient,0.0
Mumbai,in_domain,baseline16,104,intermittent_spikes,1.0,transient,0.0
Mumbai,in_domain,baseline16,104,intermittent_spikes,1.0,transient,0.0
Mumbai,in_domain,baseline16,104,drift_plus_noise,1.0,persistent,1.0
Mumbai,in_domain,baseline16,104,drift_plus_noise,1.0,persistent,0.0
Mumbai,in_domain,baseline16,104,drift_plus_noise,0.0,persistent,
Mumbai,in_domain,baseline16,104,bias_plus_spikes,1.0,persistent,0.0
Mumbai,in_domain,baseline16,104,bias_plus_spikes,1.0,persistent,1.0
Mumbai,in_domain,baseline16,104,bias_plus_spikes,0.0,persistent,
Mumbai,temporal,baseline16,104,spike,1.0,transient,0.0
Mumbai,temporal,baseline16,104,spike,1.0,transient,0.0
Mumbai,temporal,baseline16,104,spike,1.0,transient,0.0
Mumbai,temporal,baseline16,104,spike,1.0,transient,0.0
Mumbai,temporal,baseline16,104,spike,1.0,transient,0.0
Mumbai,temporal,baseline16,104,spike,1.0,transient,0.0
Mumbai,temporal,baseline16,104,spike,0.0,transient,
Mumbai,temporal,baseline16,104,spike,1.0,transient,0.0
Mumbai,temporal,baseline16,104,spike,0.0,transient,
Mumbai,temporal,baseline16,104,spike,0.0,transient,
Mumbai,temporal,baseline16,104,spike,1.0,transient,0.0
Mumbai,temporal,baseline16,104,spike,1.0,transient,0.0
Mumbai,temporal,baseline16,104,spike,1.0,transient,0.0
Mumbai,temporal,baseline16,104,spike,1.0,transient,0.0
Mumbai,temporal,baseline16,104,spike,1.0,transient,0.0
Mumbai,temporal,baseline16,104,spike,1.0,transient,0.0
Mumbai,temporal,baseline16,104,spike,1.0,transient,0.0
Mumbai,temporal,baseline16,104,spike,1.0,transient,0.0
Mumbai,temporal,baseline16,104,spike,1.0,transient,0.0
Mumbai,temporal,baseline16,104,spike,1.0,transient,0.0
Mumbai,temporal,baseline16,104,spike,1.0,transient,0.0
Mumbai,temporal,baseline16,104,spike,1.0,transient,0.0
Mumbai,temporal,baseline16,104,spike,0.0,transient,
Mumbai,temporal,baseline16,104,spike,1.0,transient,0.0
Mumbai,temporal,baseline16,104,drift,0.0,persistent,
Mumbai,temporal,baseline16,104,drift,0.0,persistent,
Mumbai,temporal,baseline16,104,drift,0.0,persistent,
Mumbai,temporal,baseline16,104,drift,0.0,persistent,
Mumbai,temporal,baseline16,104,drift,0.0,persistent,
Mumbai,temporal,baseline16,104,drift,1.0,persistent,2.0
Mumbai,temporal,baseline16,104,bias,1.0,persistent,6.0
Mumbai,temporal,baseline16,104,bias,0.0,persistent,
Mumbai,temporal,baseline16,104,bias,0.0,persistent,
Mumbai,temporal,baseline16,104,bias,0.0,persistent,
Mumbai,temporal,baseline16,104,bias,1.0,persistent,9.0
Mumbai,temporal,baseline16,104,bias,1.0,persistent,2.0
Mumbai,temporal,baseline16,104,stuck_at,1.0,persistent,0.0
Mumbai,temporal,baseline16,104,stuck_at,1.0,persistent,0.0
Mumbai,temporal,baseline16,104,stuck_at,1.0,persistent,0.0
Mumbai,temporal,baseline16,104,stuck_at,1.0,persistent,0.0
Mumbai,temporal,baseline16,104,stuck_at,1.0,persistent,0.0
Mumbai,temporal,baseline16,104,stuck_at,1.0,persistent,0.0
Mumbai,temporal,baseline16,104,noise_burst,1.0,persistent,5.0
Mumbai,temporal,baseline16,104,noise_burst,1.0,persistent,2.0
Mumbai,temporal,baseline16,104,noise_burst,1.0,persistent,6.0
Mumbai,temporal,baseline16,104,noise_burst,0.0,persistent,
Mumbai,temporal,baseline16,104,noise_burst,1.0,persistent,0.0
Mumbai,temporal,baseline16,104,noise_burst,1.0,persistent,0.0
Mumbai,temporal,baseline16,104,intermittent_spikes,0.0,transient,
Mumbai,temporal,baseline16,104,intermittent_spikes,1.0,transient,2.0
Mumbai,temporal,baseline16,104,intermittent_spikes,1.0,transient,0.0
Mumbai,temporal,baseline16,104,intermittent_spikes,1.0,transient,0.0
Mumbai,temporal,baseline16,104,intermittent_spikes,1.0,transient,0.0
Mumbai,temporal,baseline16,104,intermittent_spikes,1.0,transient,2.0
Mumbai,temporal,baseline16,104,drift_plus_noise,1.0,persistent,14.0
Mumbai,temporal,baseline16,104,drift_plus_noise,1.0,persistent,12.0
Mumbai,temporal,baseline16,104,drift_plus_noise,1.0,persistent,5.0
Mumbai,temporal,baseline16,104,bias_plus_spikes,0.0,persistent,
Mumbai,temporal,baseline16,104,bias_plus_spikes,1.0,persistent,2.0
Mumbai,temporal,baseline16,104,bias_plus_spikes,1.0,persistent,0.0
Mumbai,station,baseline16,104,spike,1.0,transient,0.0
Mumbai,station,baseline16,104,spike,1.0,transient,0.0
Mumbai,station,baseline16,104,spike,1.0,transient,0.0
Mumbai,station,baseline16,104,spike,0.0,transient,
Mumbai,station,baseline16,104,spike,1.0,transient,0.0
Mumbai,station,baseline16,104,spike,1.0,transient,0.0
Mumbai,station,baseline16,104,spike,0.0,transient,
Mumbai,station,baseline16,104,spike,1.0,transient,0.0
Mumbai,station,baseline16,104,spike,0.0,transient,
Mumbai,station,baseline16,104,spike,0.0,transient,
Mumbai,station,baseline16,104,spike,1.0,transient,0.0
Mumbai,station,baseline16,104,spike,1.0,transient,0.0
Mumbai,station,baseline16,104,spike,1.0,transient,0.0
Mumbai,station,baseline16,104,spike,1.0,transient,0.0
Mumbai,station,baseline16,104,spike,1.0,transient,0.0
Mumbai,station,baseline16,104,spike,1.0,transient,0.0
Mumbai,station,baseline16,104,spike,1.0,transient,0.0
Mumbai,station,baseline16,104,spike,1.0,transient,0.0
Mumbai,station,baseline16,104,spike,1.0,transient,0.0
Mumbai,station,baseline16,104,spike,0.0,transient,
Mumbai,station,baseline16,104,spike,1.0,transient,0.0
Mumbai,station,baseline16,104,spike,1.0,transient,0.0
Mumbai,station,baseline16,104,spike,0.0,transient,
Mumbai,station,baseline16,104,spike,1.0,transient,0.0
Mumbai,station,baseline16,104,drift,0.0,persistent,
Mumbai,station,baseline16,104,drift,0.0,persistent,
Mumbai,station,baseline16,104,drift,0.0,persistent,
Mumbai,station,baseline16,104,drift,0.0,persistent,
Mumbai,station,baseline16,104,drift,0.0,persistent,
Mumbai,station,baseline16,104,drift,1.0,persistent,2.0
Mumbai,station,baseline16,104,bias,1.0,persistent,6.0
Mumbai,station,baseline16,104,bias,0.0,persistent,
Mumbai,station,baseline16,104,bias,0.0,persistent,
Mumbai,station,baseline16,104,bias,1.0,persistent,7.0
Mumbai,station,baseline16,104,bias,0.0,persistent,
Mumbai,station,baseline16,104,bias,1.0,persistent,0.0
Mumbai,station,baseline16,104,stuck_at,1.0,persistent,0.0
Mumbai,station,baseline16,104,stuck_at,1.0,persistent,0.0
Mumbai,station,baseline16,104,stuck_at,1.0,persistent,0.0
Mumbai,station,baseline16,104,stuck_at,1.0,persistent,0.0
Mumbai,station,baseline16,104,stuck_at,1.0,persistent,0.0
Mumbai,station,baseline16,104,stuck_at,1.0,persistent,0.0
Mumbai,station,baseline16,104,noise_burst,1.0,persistent,5.0
Mumbai,station,baseline16,104,noise_burst,0.0,persistent,
Mumbai,station,baseline16,104,noise_burst,0.0,persistent,
Mumbai,station,baseline16,104,noise_burst,1.0,persistent,2.0
Mumbai,station,baseline16,104,noise_burst,1.0,persistent,0.0
Mumbai,station,baseline16,104,noise_burst,1.0,persistent,1.0
Mumbai,station,baseline16,104,intermittent_spikes,0.0,transient,
Mumbai,station,baseline16,104,intermittent_spikes,1.0,transient,2.0
Mumbai,station,baseline16,104,intermittent_spikes,1.0,transient,0.0
Mumbai,station,baseline16,104,intermittent_spikes,1.0,transient,0.0
Mumbai,station,baseline16,104,intermittent_spikes,1.0,transient,0.0
Mumbai,station,baseline16,104,intermittent_spikes,1.0,transient,2.0
Mumbai,station,baseline16,104,drift_plus_noise,1.0,persistent,14.0
Mumbai,station,baseline16,104,drift_plus_noise,1.0,persistent,12.0
Mumbai,station,baseline16,104,drift_plus_noise,1.0,persistent,5.0
Mumbai,station,baseline16,104,bias_plus_spikes,1.0,persistent,0.0
Mumbai,station,baseline16,104,bias_plus_spikes,1.0,persistent,2.0
Mumbai,station,baseline16,104,bias_plus_spikes,1.0,persistent,0.0
Mumbai,in_domain,baseline16,115,spike,1.0,transient,0.0
Mumbai,in_domain,baseline16,115,spike,1.0,transient,0.0
Mumbai,in_domain,baseline16,115,spike,1.0,transient,0.0
Mumbai,in_domain,baseline16,115,spike,1.0,transient,0.0
Mumbai,in_domain,baseline16,115,spike,1.0,transient,0.0
Mumbai,in_domain,baseline16,115,spike,1.0,transient,0.0
Mumbai,in_domain,baseline16,115,spike,0.0,transient,
Mumbai,in_domain,baseline16,115,spike,1.0,transient,0.0
Mumbai,in_domain,baseline16,115,spike,1.0,transient,0.0
Mumbai,in_domain,baseline16,115,spike,0.0,transient,
Mumbai,in_domain,baseline16,115,spike,1.0,transient,0.0
Mumbai,in_domain,baseline16,115,spike,1.0,transient,0.0
Mumbai,in_domain,baseline16,115,spike,1.0,transient,0.0
Mumbai,in_domain,baseline16,115,spike,1.0,transient,0.0
Mumbai,in_domain,baseline16,115,spike,1.0,transient,0.0
Mumbai,in_domain,baseline16,115,spike,0.0,transient,
Mumbai,in_domain,baseline16,115,spike,1.0,transient,0.0
Mumbai,in_domain,baseline16,115,spike,1.0,transient,0.0
Mumbai,in_domain,baseline16,115,spike,0.0,transient,
Mumbai,in_domain,baseline16,115,spike,1.0,transient,0.0
Mumbai,in_domain,baseline16,115,spike,1.0,transient,0.0
Mumbai,in_domain,baseline16,115,spike,1.0,transient,0.0
Mumbai,in_domain,baseline16,115,spike,1.0,transient,0.0
Mumbai,in_domain,baseline16,115,spike,1.0,transient,0.0
Mumbai,in_domain,baseline16,115,drift,1.0,persistent,7.0
Mumbai,in_domain,baseline16,115,drift,1.0,persistent,12.0
Mumbai,in_domain,baseline16,115,drift,1.0,persistent,8.0
Mumbai,in_domain,baseline16,115,drift,1.0,persistent,12.0
Mumbai,in_domain,baseline16,115,drift,1.0,persistent,14.0
Mumbai,in_domain,baseline16,115,drift,1.0,persistent,2.0
Mumbai,in_domain,baseline16,115,bias,1.0,persistent,6.0
Mumbai,in_domain,baseline16,115,bias,0.0,persistent,
Mumbai,in_domain,baseline16,115,bias,0.0,persistent,
Mumbai,in_domain,baseline16,115,bias,0.0,persistent,
Mumbai,in_domain,baseline16,115,bias,0.0,persistent,
Mumbai,in_domain,baseline16,115,bias,0.0,persistent,
Mumbai,in_domain,baseline16,115,stuck_at,1.0,persistent,0.0
Mumbai,in_domain,baseline16,115,stuck_at,1.0,persistent,0.0
Mumbai,in_domain,baseline16,115,stuck_at,1.0,persistent,0.0
Mumbai,in_domain,baseline16,115,stuck_at,1.0,persistent,0.0
Mumbai,in_domain,baseline16,115,stuck_at,1.0,persistent,0.0
Mumbai,in_domain,baseline16,115,stuck_at,1.0,persistent,0.0
Mumbai,in_domain,baseline16,115,noise_burst,0.0,persistent,
Mumbai,in_domain,baseline16,115,noise_burst,0.0,persistent,
Mumbai,in_domain,baseline16,115,noise_burst,1.0,persistent,2.0
Mumbai,in_domain,baseline16,115,noise_burst,1.0,persistent,0.0
Mumbai,in_domain,baseline16,115,noise_burst,1.0,persistent,2.0
Mumbai,in_domain,baseline16,115,noise_burst,1.0,persistent,0.0
Mumbai,in_domain,baseline16,115,intermittent_spikes,1.0,transient,0.0
Mumbai,in_domain,baseline16,115,intermittent_spikes,1.0,transient,0.0
Mumbai,in_domain,baseline16,115,intermittent_spikes,1.0,transient,0.0
Mumbai,in_domain,baseline16,115,intermittent_spikes,1.0,transient,0.0
Mumbai,in_domain,baseline16,115,intermittent_spikes,1.0,transient,0.0
Mumbai,in_domain,baseline16,115,intermittent_spikes,1.0,transient,0.0
Mumbai,in_domain,baseline16,115,drift_plus_noise,0.0,persistent,
Mumbai,in_domain,baseline16,115,drift_plus_noise,1.0,persistent,10.0
Mumbai,in_domain,baseline16,115,drift_plus_noise,1.0,persistent,1.0
Mumbai,in_domain,baseline16,115,bias_plus_spikes,1.0,persistent,0.0
Mumbai,in_domain,baseline16,115,bias_plus_spikes,1.0,persistent,0.0
Mumbai,in_domain,baseline16,115,bias_plus_spikes,1.0,persistent,3.0
Mumbai,temporal,baseline16,115,spike,1.0,transient,0.0
Mumbai,temporal,baseline16,115,spike,1.0,transient,0.0
Mumbai,temporal,baseline16,115,spike,1.0,transient,0.0
Mumbai,temporal,baseline16,115,spike,1.0,transient,0.0
Mumbai,temporal,baseline16,115,spike,1.0,transient,0.0
Mumbai,temporal,baseline16,115,spike,1.0,transient,0.0
Mumbai,temporal,baseline16,115,spike,1.0,transient,0.0
Mumbai,temporal,baseline16,115,spike,0.0,transient,
Mumbai,temporal,baseline16,115,spike,1.0,transient,0.0
Mumbai,temporal,baseline16,115,spike,1.0,transient,0.0
Mumbai,temporal,baseline16,115,spike,1.0,transient,0.0
Mumbai,temporal,baseline16,115,spike,1.0,transient,0.0
Mumbai,temporal,baseline16,115,spike,1.0,transient,0.0
Mumbai,temporal,baseline16,115,spike,1.0,transient,0.0
Mumbai,temporal,baseline16,115,spike,0.0,transient,
Mumbai,temporal,baseline16,115,spike,0.0,transient,
Mumbai,temporal,baseline16,115,spike,1.0,transient,0.0
Mumbai,temporal,baseline16,115,spike,1.0,transient,0.0
Mumbai,temporal,baseline16,115,spike,0.0,transient,
Mumbai,temporal,baseline16,115,spike,1.0,transient,0.0
Mumbai,temporal,baseline16,115,spike,1.0,transient,0.0
Mumbai,temporal,baseline16,115,spike,1.0,transient,0.0
Mumbai,temporal,baseline16,115,spike,1.0,transient,0.0
Mumbai,temporal,baseline16,115,spike,1.0,transient,0.0
Mumbai,temporal,baseline16,115,drift,1.0,persistent,7.0
Mumbai,temporal,baseline16,115,drift,0.0,persistent,
Mumbai,temporal,baseline16,115,drift,1.0,persistent,2.0
Mumbai,temporal,baseline16,115,drift,1.0,persistent,13.0
Mumbai,temporal,baseline16,115,drift,0.0,persistent,
Mumbai,temporal,baseline16,115,drift,0.0,persistent,
Mumbai,temporal,baseline16,115,bias,1.0,persistent,9.0
Mumbai,temporal,baseline16,115,bias,0.0,persistent,
Mumbai,temporal,baseline16,115,bias,0.0,persistent,
Mumbai,temporal,baseline16,115,bias,0.0,persistent,
Mumbai,temporal,baseline16,115,bias,0.0,persistent,
Mumbai,temporal,baseline16,115,bias,0.0,persistent,
Mumbai,temporal,baseline16,115,stuck_at,1.0,persistent,0.0
Mumbai,temporal,baseline16,115,stuck_at,1.0,persistent,0.0
Mumbai,temporal,baseline16,115,stuck_at,1.0,persistent,0.0
Mumbai,temporal,baseline16,115,stuck_at,1.0,persistent,0.0
Mumbai,temporal,baseline16,115,stuck_at,1.0,persistent,0.0
Mumbai,temporal,baseline16,115,stuck_at,1.0,persistent,0.0
Mumbai,temporal,baseline16,115,noise_burst,0.0,persistent,
Mumbai,temporal,baseline16,115,noise_burst,0.0,persistent,
Mumbai,temporal,baseline16,115,noise_burst,0.0,persistent,
Mumbai,temporal,baseline16,115,noise_burst,1.0,persistent,0.0
Mumbai,temporal,baseline16,115,noise_burst,1.0,persistent,2.0
Mumbai,temporal,baseline16,115,noise_burst,1.0,persistent,2.0
Mumbai,temporal,baseline16,115,intermittent_spikes,1.0,transient,0.0
Mumbai,temporal,baseline16,115,intermittent_spikes,1.0,transient,0.0
Mumbai,temporal,baseline16,115,intermittent_spikes,1.0,transient,0.0
Mumbai,temporal,baseline16,115,intermittent_spikes,1.0,transient,0.0
Mumbai,temporal,baseline16,115,intermittent_spikes,1.0,transient,0.0
Mumbai,temporal,baseline16,115,intermittent_spikes,1.0,transient,0.0
Mumbai,temporal,baseline16,115,drift_plus_noise,0.0,persistent,
Mumbai,temporal,baseline16,115,drift_plus_noise,1.0,persistent,3.0
Mumbai,temporal,baseline16,115,drift_plus_noise,1.0,persistent,1.0
Mumbai,temporal,baseline16,115,bias_plus_spikes,1.0,persistent,5.0
Mumbai,temporal,baseline16,115,bias_plus_spikes,1.0,persistent,0.0
Mumbai,temporal,baseline16,115,bias_plus_spikes,0.0,persistent,
Mumbai,station,baseline16,115,spike,0.0,transient,
Mumbai,station,baseline16,115,spike,0.0,transient,
Mumbai,station,baseline16,115,spike,1.0,transient,0.0
Mumbai,station,baseline16,115,spike,1.0,transient,0.0
Mumbai,station,baseline16,115,spike,1.0,transient,0.0
Mumbai,station,baseline16,115,spike,1.0,transient,0.0
Mumbai,station,baseline16,115,spike,1.0,transient,0.0
Mumbai,station,baseline16,115,spike,0.0,transient,
Mumbai,station,baseline16,115,spike,1.0,transient,0.0
Mumbai,station,baseline16,115,spike,1.0,transient,0.0
Mumbai,station,baseline16,115,spike,0.0,transient,
Mumbai,station,baseline16,115,spike,1.0,transient,0.0
Mumbai,station,baseline16,115,spike,1.0,transient,0.0
Mumbai,station,baseline16,115,spike,1.0,transient,0.0
Mumbai,station,baseline16,115,spike,0.0,transient,
Mumbai,station,baseline16,115,spike,0.0,transient,
Mumbai,station,baseline16,115,spike,1.0,transient,0.0
Mumbai,station,baseline16,115,spike,1.0,transient,0.0
Mumbai,station,baseline16,115,spike,0.0,transient,
Mumbai,station,baseline16,115,spike,1.0,transient,0.0
Mumbai,station,baseline16,115,spike,1.0,transient,0.0
Mumbai,station,baseline16,115,spike,1.0,transient,0.0
Mumbai,station,baseline16,115,spike,1.0,transient,0.0
Mumbai,station,baseline16,115,spike,1.0,transient,0.0
Mumbai,station,baseline16,115,drift,1.0,persistent,7.0
Mumbai,station,baseline16,115,drift,1.0,persistent,0.0
Mumbai,station,baseline16,115,drift,1.0,persistent,9.0
Mumbai,station,baseline16,115,drift,1.0,persistent,5.0
Mumbai,station,baseline16,115,drift,0.0,persistent,
Mumbai,station,baseline16,115,drift,0.0,persistent,
Mumbai,station,baseline16,115,bias,0.0,persistent,
Mumbai,station,baseline16,115,bias,0.0,persistent,
Mumbai,station,baseline16,115,bias,0.0,persistent,
Mumbai,station,baseline16,115,bias,0.0,persistent,
Mumbai,station,baseline16,115,bias,0.0,persistent,
Mumbai,station,baseline16,115,bias,0.0,persistent,
Mumbai,station,baseline16,115,stuck_at,1.0,persistent,0.0
Mumbai,station,baseline16,115,stuck_at,1.0,persistent,0.0
Mumbai,station,baseline16,115,stuck_at,1.0,persistent,0.0
Mumbai,station,baseline16,115,stuck_at,1.0,persistent,0.0
Mumbai,station,baseline16,115,stuck_at,1.0,persistent,0.0
Mumbai,station,baseline16,115,stuck_at,1.0,persistent,0.0
Mumbai,station,baseline16,115,noise_burst,0.0,persistent,
Mumbai,station,baseline16,115,noise_burst,0.0,persistent,
Mumbai,station,baseline16,115,noise_burst,0.0,persistent,
Mumbai,station,baseline16,115,noise_burst,1.0,persistent,0.0
Mumbai,station,baseline16,115,noise_burst,1.0,persistent,2.0
Mumbai,station,baseline16,115,noise_burst,1.0,persistent,2.0
Mumbai,station,baseline16,115,intermittent_spikes,1.0,transient,0.0
Mumbai,station,baseline16,115,intermittent_spikes,1.0,transient,0.0
Mumbai,station,baseline16,115,intermittent_spikes,1.0,transient,0.0
Mumbai,station,baseline16,115,intermittent_spikes,1.0,transient,0.0
Mumbai,station,baseline16,115,intermittent_spikes,1.0,transient,0.0
Mumbai,station,baseline16,115,intermittent_spikes,1.0,transient,0.0
Mumbai,station,baseline16,115,drift_plus_noise,0.0,persistent,
Mumbai,station,baseline16,115,drift_plus_noise,1.0,persistent,6.0
Mumbai,station,baseline16,115,drift_plus_noise,1.0,persistent,1.0
Mumbai,station,baseline16,115,bias_plus_spikes,1.0,persistent,5.0
Mumbai,station,baseline16,115,bias_plus_spikes,1.0,persistent,0.0
Mumbai,station,baseline16,115,bias_plus_spikes,0.0,persistent,
Mumbai,in_domain,baseline16,126,spike,1.0,transient,0.0
Mumbai,in_domain,baseline16,126,spike,1.0,transient,0.0
Mumbai,in_domain,baseline16,126,spike,1.0,transient,0.0
Mumbai,in_domain,baseline16,126,spike,1.0,transient,0.0
Mumbai,in_domain,baseline16,126,spike,1.0,transient,0.0
Mumbai,in_domain,baseline16,126,spike,1.0,transient,0.0
Mumbai,in_domain,baseline16,126,spike,1.0,transient,0.0
Mumbai,in_domain,baseline16,126,spike,1.0,transient,0.0
Mumbai,in_domain,baseline16,126,spike,0.0,transient,
Mumbai,in_domain,baseline16,126,spike,1.0,transient,0.0
Mumbai,in_domain,baseline16,126,spike,1.0,transient,0.0
Mumbai,in_domain,baseline16,126,spike,1.0,transient,0.0
Mumbai,in_domain,baseline16,126,spike,1.0,transient,0.0
Mumbai,in_domain,baseline16,126,spike,1.0,transient,0.0
Mumbai,in_domain,baseline16,126,spike,1.0,transient,0.0
Mumbai,in_domain,baseline16,126,spike,1.0,transient,0.0
Mumbai,in_domain,baseline16,126,spike,1.0,transient,0.0
Mumbai,in_domain,baseline16,126,spike,1.0,transient,0.0
Mumbai,in_domain,baseline16,126,spike,1.0,transient,0.0
Mumbai,in_domain,baseline16,126,spike,1.0,transient,0.0
Mumbai,in_domain,baseline16,126,spike,1.0,transient,0.0
Mumbai,in_domain,baseline16,126,spike,1.0,transient,0.0
Mumbai,in_domain,baseline16,126,spike,1.0,transient,0.0
Mumbai,in_domain,baseline16,126,spike,1.0,transient,1.0
Mumbai,in_domain,baseline16,126,drift,0.0,persistent,
Mumbai,in_domain,baseline16,126,drift,0.0,persistent,
Mumbai,in_domain,baseline16,126,drift,0.0,persistent,
Mumbai,in_domain,baseline16,126,drift,1.0,persistent,10.0
Mumbai,in_domain,baseline16,126,drift,1.0,persistent,7.0
Mumbai,in_domain,baseline16,126,drift,1.0,persistent,2.0
Mumbai,in_domain,baseline16,126,bias,1.0,persistent,3.0
Mumbai,in_domain,baseline16,126,bias,0.0,persistent,
Mumbai,in_domain,baseline16,126,bias,1.0,persistent,2.0
Mumbai,in_domain,baseline16,126,bias,0.0,persistent,
Mumbai,in_domain,baseline16,126,bias,0.0,persistent,
Mumbai,in_domain,baseline16,126,bias,0.0,persistent,
Mumbai,in_domain,baseline16,126,stuck_at,1.0,persistent,0.0
Mumbai,in_domain,baseline16,126,stuck_at,1.0,persistent,0.0
Mumbai,in_domain,baseline16,126,stuck_at,1.0,persistent,0.0
Mumbai,in_domain,baseline16,126,stuck_at,1.0,persistent,0.0
Mumbai,in_domain,baseline16,126,stuck_at,1.0,persistent,0.0
Mumbai,in_domain,baseline16,126,stuck_at,1.0,persistent,0.0
Mumbai,in_domain,baseline16,126,noise_burst,1.0,persistent,1.0
Mumbai,in_domain,baseline16,126,noise_burst,0.0,persistent,
Mumbai,in_domain,baseline16,126,noise_burst,0.0,persistent,
Mumbai,in_domain,baseline16,126,noise_burst,1.0,persistent,10.0
Mumbai,in_domain,baseline16,126,noise_burst,1.0,persistent,0.0
Mumbai,in_domain,baseline16,126,noise_burst,1.0,persistent,8.0
Mumbai,in_domain,baseline16,126,intermittent_spikes,1.0,transient,0.0
Mumbai,in_domain,baseline16,126,intermittent_spikes,1.0,transient,0.0
Mumbai,in_domain,baseline16,126,intermittent_spikes,1.0,transient,0.0
Mumbai,in_domain,baseline16,126,intermittent_spikes,1.0,transient,0.0
Mumbai,in_domain,baseline16,126,intermittent_spikes,1.0,transient,0.0
Mumbai,in_domain,baseline16,126,intermittent_spikes,1.0,transient,0.0
Mumbai,in_domain,baseline16,126,drift_plus_noise,1.0,persistent,12.0
Mumbai,in_domain,baseline16,126,drift_plus_noise,0.0,persistent,
Mumbai,in_domain,baseline16,126,drift_plus_noise,1.0,persistent,5.0
Mumbai,in_domain,baseline16,126,bias_plus_spikes,1.0,persistent,4.0
Mumbai,in_domain,baseline16,126,bias_plus_spikes,1.0,persistent,0.0
Mumbai,in_domain,baseline16,126,bias_plus_spikes,1.0,persistent,2.0
Mumbai,temporal,baseline16,126,spike,1.0,transient,0.0
Mumbai,temporal,baseline16,126,spike,1.0,transient,0.0
Mumbai,temporal,baseline16,126,spike,1.0,transient,0.0
Mumbai,temporal,baseline16,126,spike,0.0,transient,
Mumbai,temporal,baseline16,126,spike,1.0,transient,0.0
Mumbai,temporal,baseline16,126,spike,1.0,transient,0.0
Mumbai,temporal,baseline16,126,spike,1.0,transient,0.0
Mumbai,temporal,baseline16,126,spike,1.0,transient,0.0
Mumbai,temporal,baseline16,126,spike,1.0,transient,0.0
Mumbai,temporal,baseline16,126,spike,1.0,transient,0.0
Mumbai,temporal,baseline16,126,spike,0.0,transient,
Mumbai,temporal,baseline16,126,spike,1.0,transient,0.0
Mumbai,temporal,baseline16,126,spike,1.0,transient,0.0
Mumbai,temporal,baseline16,126,spike,1.0,transient,0.0
Mumbai,temporal,baseline16,126,spike,1.0,transient,0.0
Mumbai,temporal,baseline16,126,spike,1.0,transient,0.0
Mumbai,temporal,baseline16,126,spike,1.0,transient,0.0
Mumbai,temporal,baseline16,126,spike,1.0,transient,0.0
Mumbai,temporal,baseline16,126,spike,1.0,transient,2.0
Mumbai,temporal,baseline16,126,spike,1.0,transient,0.0
Mumbai,temporal,baseline16,126,spike,1.0,transient,0.0
Mumbai,temporal,baseline16,126,spike,1.0,transient,0.0
Mumbai,temporal,baseline16,126,spike,0.0,transient,
Mumbai,temporal,baseline16,126,spike,0.0,transient,
Mumbai,temporal,baseline16,126,drift,0.0,persistent,
Mumbai,temporal,baseline16,126,drift,0.0,persistent,
Mumbai,temporal,baseline16,126,drift,0.0,persistent,
Mumbai,temporal,baseline16,126,drift,1.0,persistent,3.0
Mumbai,temporal,baseline16,126,drift,0.0,persistent,
Mumbai,temporal,baseline16,126,drift,0.0,persistent,
Mumbai,temporal,baseline16,126,bias,1.0,persistent,6.0
Mumbai,temporal,baseline16,126,bias,0.0,persistent,
Mumbai,temporal,baseline16,126,bias,0.0,persistent,
Mumbai,temporal,baseline16,126,bias,0.0,persistent,
Mumbai,temporal,baseline16,126,bias,0.0,persistent,
Mumbai,temporal,baseline16,126,bias,0.0,persistent,
Mumbai,temporal,baseline16,126,stuck_at,1.0,persistent,0.0
Mumbai,temporal,baseline16,126,stuck_at,1.0,persistent,0.0
Mumbai,temporal,baseline16,126,stuck_at,1.0,persistent,0.0
Mumbai,temporal,baseline16,126,stuck_at,1.0,persistent,0.0
Mumbai,temporal,baseline16,126,stuck_at,1.0,persistent,0.0
Mumbai,temporal,baseline16,126,stuck_at,1.0,persistent,0.0
Mumbai,temporal,baseline16,126,noise_burst,0.0,persistent,
Mumbai,temporal,baseline16,126,noise_burst,0.0,persistent,
Mumbai,temporal,baseline16,126,noise_burst,0.0,persistent,
Mumbai,temporal,baseline16,126,noise_burst,1.0,persistent,8.0
Mumbai,temporal,baseline16,126,noise_burst,1.0,persistent,0.0
Mumbai,temporal,baseline16,126,noise_burst,1.0,persistent,6.0
Mumbai,temporal,baseline16,126,intermittent_spikes,1.0,transient,0.0
Mumbai,temporal,baseline16,126,intermittent_spikes,1.0,transient,9.0
Mumbai,temporal,baseline16,126,intermittent_spikes,1.0,transient,0.0
Mumbai,temporal,baseline16,126,intermittent_spikes,1.0,transient,0.0
Mumbai,temporal,baseline16,126,intermittent_spikes,1.0,transient,0.0
Mumbai,temporal,baseline16,126,intermittent_spikes,1.0,transient,0.0
Mumbai,temporal,baseline16,126,drift_plus_noise,1.0,persistent,0.0
Mumbai,temporal,baseline16,126,drift_plus_noise,0.0,persistent,
Mumbai,temporal,baseline16,126,drift_plus_noise,1.0,persistent,3.0
Mumbai,temporal,baseline16,126,bias_plus_spikes,1.0,persistent,0.0
Mumbai,temporal,baseline16,126,bias_plus_spikes,1.0,persistent,0.0
Mumbai,temporal,baseline16,126,bias_plus_spikes,1.0,persistent,8.0
Mumbai,station,baseline16,126,spike,0.0,transient,
Mumbai,station,baseline16,126,spike,1.0,transient,0.0
Mumbai,station,baseline16,126,spike,1.0,transient,0.0
Mumbai,station,baseline16,126,spike,0.0,transient,
Mumbai,station,baseline16,126,spike,1.0,transient,0.0
Mumbai,station,baseline16,126,spike,1.0,transient,0.0
Mumbai,station,baseline16,126,spike,1.0,transient,0.0
Mumbai,station,baseline16,126,spike,0.0,transient,
Mumbai,station,baseline16,126,spike,1.0,transient,0.0
Mumbai,station,baseline16,126,spike,1.0,transient,0.0
Mumbai,station,baseline16,126,spike,0.0,transient,
Mumbai,station,baseline16,126,spike,1.0,transient,0.0
Mumbai,station,baseline16,126,spike,1.0,transient,0.0
Mumbai,station,baseline16,126,spike,1.0,transient,0.0
Mumbai,station,baseline16,126,spike,1.0,transient,0.0
Mumbai,station,baseline16,126,spike,1.0,transient,0.0
Mumbai,station,baseline16,126,spike,1.0,transient,0.0
Mumbai,station,baseline16,126,spike,1.0,transient,0.0
Mumbai,station,baseline16,126,spike,1.0,transient,2.0
Mumbai,station,baseline16,126,spike,1.0,transient,0.0
Mumbai,station,baseline16,126,spike,1.0,transient,0.0
Mumbai,station,baseline16,126,spike,1.0,transient,0.0
Mumbai,station,baseline16,126,spike,0.0,transient,
Mumbai,station,baseline16,126,spike,1.0,transient,0.0
Mumbai,station,baseline16,126,drift,0.0,persistent,
Mumbai,station,baseline16,126,drift,0.0,persistent,
Mumbai,station,baseline16,126,drift,0.0,persistent,
Mumbai,station,baseline16,126,drift,1.0,persistent,3.0
Mumbai,station,baseline16,126,drift,0.0,persistent,
Mumbai,station,baseline16,126,drift,0.0,persistent,
Mumbai,station,baseline16,126,bias,0.0,persistent,
Mumbai,station,baseline16,126,bias,0.0,persistent,
Mumbai,station,baseline16,126,bias,0.0,persistent,
Mumbai,station,baseline16,126,bias,0.0,persistent,
Mumbai,station,baseline16,126,bias,0.0,persistent,
Mumbai,station,baseline16,126,bias,0.0,persistent,
Mumbai,station,baseline16,126,stuck_at,1.0,persistent,0.0
Mumbai,station,baseline16,126,stuck_at,1.0,persistent,0.0
Mumbai,station,baseline16,126,stuck_at,1.0,persistent,0.0
Mumbai,station,baseline16,126,stuck_at,1.0,persistent,0.0
Mumbai,station,baseline16,126,stuck_at,1.0,persistent,0.0
Mumbai,station,baseline16,126,stuck_at,1.0,persistent,0.0
Mumbai,station,baseline16,126,noise_burst,0.0,persistent,
Mumbai,station,baseline16,126,noise_burst,1.0,persistent,5.0
Mumbai,station,baseline16,126,noise_burst,0.0,persistent,
Mumbai,station,baseline16,126,noise_burst,1.0,persistent,8.0
Mumbai,station,baseline16,126,noise_burst,1.0,persistent,2.0
Mumbai,station,baseline16,126,noise_burst,1.0,persistent,6.0
Mumbai,station,baseline16,126,intermittent_spikes,1.0,transient,0.0
Mumbai,station,baseline16,126,intermittent_spikes,1.0,transient,6.0
Mumbai,station,baseline16,126,intermittent_spikes,1.0,transient,5.0
Mumbai,station,baseline16,126,intermittent_spikes,1.0,transient,0.0
Mumbai,station,baseline16,126,intermittent_spikes,1.0,transient,0.0
Mumbai,station,baseline16,126,intermittent_spikes,1.0,transient,0.0
Mumbai,station,baseline16,126,drift_plus_noise,1.0,persistent,1.0
Mumbai,station,baseline16,126,drift_plus_noise,0.0,persistent,
Mumbai,station,baseline16,126,drift_plus_noise,1.0,persistent,3.0
Mumbai,station,baseline16,126,bias_plus_spikes,1.0,persistent,0.0
Mumbai,station,baseline16,126,bias_plus_spikes,1.0,persistent,0.0
Mumbai,station,baseline16,126,bias_plus_spikes,1.0,persistent,8.0
Mumbai,in_domain,clim_short17,104,spike,1.0,transient,0.0
Mumbai,in_domain,clim_short17,104,spike,1.0,transient,0.0
Mumbai,in_domain,clim_short17,104,spike,1.0,transient,0.0
Mumbai,in_domain,clim_short17,104,spike,1.0,transient,0.0
Mumbai,in_domain,clim_short17,104,spike,1.0,transient,0.0
Mumbai,in_domain,clim_short17,104,spike,1.0,transient,0.0
Mumbai,in_domain,clim_short17,104,spike,1.0,transient,0.0
Mumbai,in_domain,clim_short17,104,spike,1.0,transient,0.0
Mumbai,in_domain,clim_short17,104,spike,0.0,transient,
Mumbai,in_domain,clim_short17,104,spike,1.0,transient,0.0
Mumbai,in_domain,clim_short17,104,spike,1.0,transient,0.0
Mumbai,in_domain,clim_short17,104,spike,1.0,transient,0.0
Mumbai,in_domain,clim_short17,104,spike,1.0,transient,0.0
Mumbai,in_domain,clim_short17,104,spike,1.0,transient,0.0
Mumbai,in_domain,clim_short17,104,spike,1.0,transient,0.0
Mumbai,in_domain,clim_short17,104,spike,1.0,transient,0.0
Mumbai,in_domain,clim_short17,104,spike,1.0,transient,0.0
Mumbai,in_domain,clim_short17,104,spike,0.0,transient,
Mumbai,in_domain,clim_short17,104,spike,1.0,transient,0.0
Mumbai,in_domain,clim_short17,104,spike,1.0,transient,0.0
Mumbai,in_domain,clim_short17,104,spike,1.0,transient,0.0
Mumbai,in_domain,clim_short17,104,spike,1.0,transient,0.0
Mumbai,in_domain,clim_short17,104,spike,1.0,transient,0.0
Mumbai,in_domain,clim_short17,104,spike,1.0,transient,0.0
Mumbai,in_domain,clim_short17,104,drift,1.0,persistent,1.0
Mumbai,in_domain,clim_short17,104,drift,1.0,persistent,11.0
Mumbai,in_domain,clim_short17,104,drift,1.0,persistent,10.0
Mumbai,in_domain,clim_short17,104,drift,1.0,persistent,9.0
Mumbai,in_domain,clim_short17,104,drift,1.0,persistent,9.0
Mumbai,in_domain,clim_short17,104,drift,1.0,persistent,14.0
Mumbai,in_domain,clim_short17,104,bias,0.0,persistent,
Mumbai,in_domain,clim_short17,104,bias,0.0,persistent,
Mumbai,in_domain,clim_short17,104,bias,0.0,persistent,
Mumbai,in_domain,clim_short17,104,bias,0.0,persistent,
Mumbai,in_domain,clim_short17,104,bias,1.0,persistent,2.0
Mumbai,in_domain,clim_short17,104,bias,0.0,persistent,
Mumbai,in_domain,clim_short17,104,stuck_at,1.0,persistent,0.0
Mumbai,in_domain,clim_short17,104,stuck_at,1.0,persistent,0.0
Mumbai,in_domain,clim_short17,104,stuck_at,1.0,persistent,0.0
Mumbai,in_domain,clim_short17,104,stuck_at,1.0,persistent,0.0
Mumbai,in_domain,clim_short17,104,stuck_at,1.0,persistent,0.0
Mumbai,in_domain,clim_short17,104,stuck_at,1.0,persistent,0.0
Mumbai,in_domain,clim_short17,104,noise_burst,1.0,persistent,0.0
Mumbai,in_domain,clim_short17,104,noise_burst,1.0,persistent,4.0
Mumbai,in_domain,clim_short17,104,noise_burst,0.0,persistent,
Mumbai,in_domain,clim_short17,104,noise_burst,1.0,persistent,0.0
Mumbai,in_domain,clim_short17,104,noise_burst,1.0,persistent,0.0
Mumbai,in_domain,clim_short17,104,noise_burst,1.0,persistent,0.0
Mumbai,in_domain,clim_short17,104,intermittent_spikes,1.0,transient,0.0
Mumbai,in_domain,clim_short17,104,intermittent_spikes,1.0,transient,0.0
Mumbai,in_domain,clim_short17,104,intermittent_spikes,1.0,transient,0.0
Mumbai,in_domain,clim_short17,104,intermittent_spikes,1.0,transient,0.0
Mumbai,in_domain,clim_short17,104,intermittent_spikes,1.0,transient,0.0
Mumbai,in_domain,clim_short17,104,intermittent_spikes,1.0,transient,0.0
Mumbai,in_domain,clim_short17,104,drift_plus_noise,1.0,persistent,0.0
Mumbai,in_domain,clim_short17,104,drift_plus_noise,1.0,persistent,3.0
Mumbai,in_domain,clim_short17,104,drift_plus_noise,0.0,persistent,
Mumbai,in_domain,clim_short17,104,bias_plus_spikes,1.0,persistent,0.0
Mumbai,in_domain,clim_short17,104,bias_plus_spikes,1.0,persistent,0.0
Mumbai,in_domain,clim_short17,104,bias_plus_spikes,1.0,persistent,5.0
Mumbai,temporal,clim_short17,104,spike,1.0,transient,0.0
Mumbai,temporal,clim_short17,104,spike,1.0,transient,0.0
Mumbai,temporal,clim_short17,104,spike,1.0,transient,0.0
Mumbai,temporal,clim_short17,104,spike,1.0,transient,0.0
Mumbai,temporal,clim_short17,104,spike,1.0,transient,0.0
Mumbai,temporal,clim_short17,104,spike,1.0,transient,0.0
Mumbai,temporal,clim_short17,104,spike,0.0,transient,
Mumbai,temporal,clim_short17,104,spike,0.0,transient,
Mumbai,temporal,clim_short17,104,spike,0.0,transient,
Mumbai,temporal,clim_short17,104,spike,1.0,transient,0.0
Mumbai,temporal,clim_short17,104,spike,1.0,transient,0.0
Mumbai,temporal,clim_short17,104,spike,1.0,transient,0.0
Mumbai,temporal,clim_short17,104,spike,1.0,transient,0.0
Mumbai,temporal,clim_short17,104,spike,1.0,transient,0.0
Mumbai,temporal,clim_short17,104,spike,1.0,transient,0.0
Mumbai,temporal,clim_short17,104,spike,1.0,transient,0.0
Mumbai,temporal,clim_short17,104,spike,1.0,transient,0.0
Mumbai,temporal,clim_short17,104,spike,1.0,transient,0.0
Mumbai,temporal,clim_short17,104,spike,1.0,transient,0.0
Mumbai,temporal,clim_short17,104,spike,0.0,transient,
Mumbai,temporal,clim_short17,104,spike,1.0,transient,0.0
Mumbai,temporal,clim_short17,104,spike,1.0,transient,0.0
Mumbai,temporal,clim_short17,104,spike,0.0,transient,
Mumbai,temporal,clim_short17,104,spike,1.0,transient,0.0
Mumbai,temporal,clim_short17,104,drift,0.0,persistent,
Mumbai,temporal,clim_short17,104,drift,0.0,persistent,
Mumbai,temporal,clim_short17,104,drift,1.0,persistent,12.0
Mumbai,temporal,clim_short17,104,drift,0.0,persistent,
Mumbai,temporal,clim_short17,104,drift,0.0,persistent,
Mumbai,temporal,clim_short17,104,drift,1.0,persistent,0.0
Mumbai,temporal,clim_short17,104,bias,1.0,persistent,6.0
Mumbai,temporal,clim_short17,104,bias,0.0,persistent,
Mumbai,temporal,clim_short17,104,bias,0.0,persistent,
Mumbai,temporal,clim_short17,104,bias,0.0,persistent,
Mumbai,temporal,clim_short17,104,bias,1.0,persistent,0.0
Mumbai,temporal,clim_short17,104,bias,1.0,persistent,5.0
Mumbai,temporal,clim_short17,104,stuck_at,1.0,persistent,0.0
Mumbai,temporal,clim_short17,104,stuck_at,1.0,persistent,0.0
Mumbai,temporal,clim_short17,104,stuck_at,1.0,persistent,0.0
Mumbai,temporal,clim_short17,104,stuck_at,1.0,persistent,0.0
Mumbai,temporal,clim_short17,104,stuck_at,1.0,persistent,0.0
Mumbai,temporal,clim_short17,104,stuck_at,1.0,persistent,0.0
Mumbai,temporal,clim_short17,104,noise_burst,1.0,persistent,5.0
Mumbai,temporal,clim_short17,104,noise_burst,0.0,persistent,
Mumbai,temporal,clim_short17,104,noise_burst,1.0,persistent,6.0
Mumbai,temporal,clim_short17,104,noise_burst,0.0,persistent,
Mumbai,temporal,clim_short17,104,noise_burst,1.0,persistent,0.0
Mumbai,temporal,clim_short17,104,noise_burst,1.0,persistent,1.0
Mumbai,temporal,clim_short17,104,intermittent_spikes,1.0,transient,0.0
Mumbai,temporal,clim_short17,104,intermittent_spikes,1.0,transient,0.0
Mumbai,temporal,clim_short17,104,intermittent_spikes,1.0,transient,0.0
Mumbai,temporal,clim_short17,104,intermittent_spikes,1.0,transient,0.0
Mumbai,temporal,clim_short17,104,intermittent_spikes,1.0,transient,0.0
Mumbai,temporal,clim_short17,104,intermittent_spikes,1.0,transient,2.0
Mumbai,temporal,clim_short17,104,drift_plus_noise,1.0,persistent,14.0
Mumbai,temporal,clim_short17,104,drift_plus_noise,1.0,persistent,12.0
Mumbai,temporal,clim_short17,104,drift_plus_noise,1.0,persistent,9.0
Mumbai,temporal,clim_short17,104,bias_plus_spikes,0.0,persistent,
Mumbai,temporal,clim_short17,104,bias_plus_spikes,1.0,persistent,2.0
Mumbai,temporal,clim_short17,104,bias_plus_spikes,1.0,persistent,0.0
Mumbai,station,clim_short17,104,spike,1.0,transient,0.0
Mumbai,station,clim_short17,104,spike,1.0,transient,0.0
Mumbai,station,clim_short17,104,spike,1.0,transient,0.0
Mumbai,station,clim_short17,104,spike,1.0,transient,0.0
Mumbai,station,clim_short17,104,spike,1.0,transient,0.0
Mumbai,station,clim_short17,104,spike,1.0,transient,0.0
Mumbai,station,clim_short17,104,spike,0.0,transient,
Mumbai,station,clim_short17,104,spike,1.0,transient,0.0
Mumbai,station,clim_short17,104,spike,0.0,transient,
Mumbai,station,clim_short17,104,spike,1.0,transient,0.0
Mumbai,station,clim_short17,104,spike,1.0,transient,0.0
Mumbai,station,clim_short17,104,spike,1.0,transient,0.0
Mumbai,station,clim_short17,104,spike,1.0,transient,0.0
Mumbai,station,clim_short17,104,spike,1.0,transient,0.0
Mumbai,station,clim_short17,104,spike,1.0,transient,0.0
Mumbai,station,clim_short17,104,spike,1.0,transient,0.0
Mumbai,station,clim_short17,104,spike,1.0,transient,0.0
Mumbai,station,clim_short17,104,spike,0.0,transient,
Mumbai,station,clim_short17,104,spike,1.0,transient,0.0
Mumbai,station,clim_short17,104,spike,1.0,transient,0.0
Mumbai,station,clim_short17,104,spike,1.0,transient,0.0
Mumbai,station,clim_short17,104,spike,1.0,transient,0.0
Mumbai,station,clim_short17,104,spike,1.0,transient,0.0
Mumbai,station,clim_short17,104,spike,1.0,transient,0.0
Mumbai,station,clim_short17,104,drift,0.0,persistent,
Mumbai,station,clim_short17,104,drift,0.0,persistent,
Mumbai,station,clim_short17,104,drift,1.0,persistent,12.0
Mumbai,station,clim_short17,104,drift,0.0,persistent,
Mumbai,station,clim_short17,104,drift,0.0,persistent,
Mumbai,station,clim_short17,104,drift,1.0,persistent,0.0
Mumbai,station,clim_short17,104,bias,1.0,persistent,6.0
Mumbai,station,clim_short17,104,bias,0.0,persistent,
Mumbai,station,clim_short17,104,bias,0.0,persistent,
Mumbai,station,clim_short17,104,bias,1.0,persistent,5.0
Mumbai,station,clim_short17,104,bias,1.0,persistent,9.0
Mumbai,station,clim_short17,104,bias,1.0,persistent,0.0
Mumbai,station,clim_short17,104,stuck_at,1.0,persistent,0.0
Mumbai,station,clim_short17,104,stuck_at,1.0,persistent,0.0
Mumbai,station,clim_short17,104,stuck_at,1.0,persistent,0.0
Mumbai,station,clim_short17,104,stuck_at,1.0,persistent,0.0
Mumbai,station,clim_short17,104,stuck_at,1.0,persistent,0.0
Mumbai,station,clim_short17,104,stuck_at,1.0,persistent,0.0
Mumbai,station,clim_short17,104,noise_burst,1.0,persistent,5.0
Mumbai,station,clim_short17,104,noise_burst,0.0,persistent,
Mumbai,station,clim_short17,104,noise_burst,1.0,persistent,6.0
Mumbai,station,clim_short17,104,noise_burst,1.0,persistent,4.0
Mumbai,station,clim_short17,104,noise_burst,1.0,persistent,0.0
Mumbai,station,clim_short17,104,noise_burst,1.0,persistent,5.0
Mumbai,station,clim_short17,104,intermittent_spikes,1.0,transient,0.0
Mumbai,station,clim_short17,104,intermittent_spikes,1.0,transient,0.0
Mumbai,station,clim_short17,104,intermittent_spikes,1.0,transient,0.0
Mumbai,station,clim_short17,104,intermittent_spikes,1.0,transient,0.0
Mumbai,station,clim_short17,104,intermittent_spikes,1.0,transient,0.0
Mumbai,station,clim_short17,104,intermittent_spikes,1.0,transient,2.0
Mumbai,station,clim_short17,104,drift_plus_noise,1.0,persistent,14.0
Mumbai,station,clim_short17,104,drift_plus_noise,1.0,persistent,12.0
Mumbai,station,clim_short17,104,drift_plus_noise,1.0,persistent,5.0
Mumbai,station,clim_short17,104,bias_plus_spikes,1.0,persistent,0.0
Mumbai,station,clim_short17,104,bias_plus_spikes,1.0,persistent,0.0
Mumbai,station,clim_short17,104,bias_plus_spikes,1.0,persistent,0.0
Mumbai,in_domain,clim_short17,115,spike,1.0,transient,0.0
Mumbai,in_domain,clim_short17,115,spike,1.0,transient,0.0
Mumbai,in_domain,clim_short17,115,spike,1.0,transient,0.0
Mumbai,in_domain,clim_short17,115,spike,1.0,transient,0.0
Mumbai,in_domain,clim_short17,115,spike,1.0,transient,0.0
Mumbai,in_domain,clim_short17,115,spike,1.0,transient,0.0
Mumbai,in_domain,clim_short17,115,spike,1.0,transient,0.0
Mumbai,in_domain,clim_short17,115,spike,1.0,transient,0.0
Mumbai,in_domain,clim_short17,115,spike,1.0,transient,0.0
Mumbai,in_domain,clim_short17,115,spike,0.0,transient,
Mumbai,in_domain,clim_short17,115,spike,1.0,transient,0.0
Mumbai,in_domain,clim_short17,115,spike,1.0,transient,0.0
Mumbai,in_domain,clim_short17,115,spike,1.0,transient,0.0
Mumbai,in_domain,clim_short17,115,spike,1.0,transient,0.0
Mumbai,in_domain,clim_short17,115,spike,1.0,transient,0.0
Mumbai,in_domain,clim_short17,115,spike,0.0,transient,
Mumbai,in_domain,clim_short17,115,spike,1.0,transient,0.0
Mumbai,in_domain,clim_short17,115,spike,1.0,transient,0.0
Mumbai,in_domain,clim_short17,115,spike,0.0,transient,
Mumbai,in_domain,clim_short17,115,spike,1.0,transient,0.0
Mumbai,in_domain,clim_short17,115,spike,1.0,transient,0.0
Mumbai,in_domain,clim_short17,115,spike,1.0,transient,0.0
Mumbai,in_domain,clim_short17,115,spike,1.0,transient,0.0
Mumbai,in_domain,clim_short17,115,spike,1.0,transient,0.0
Mumbai,in_domain,clim_short17,115,drift,1.0,persistent,7.0
Mumbai,in_domain,clim_short17,115,drift,1.0,persistent,12.0
Mumbai,in_domain,clim_short17,115,drift,1.0,persistent,8.0
Mumbai,in_domain,clim_short17,115,drift,1.0,persistent,5.0
Mumbai,in_domain,clim_short17,115,drift,1.0,persistent,9.0
Mumbai,in_domain,clim_short17,115,drift,1.0,persistent,3.0
Mumbai,in_domain,clim_short17,115,bias,1.0,persistent,6.0
Mumbai,in_domain,clim_short17,115,bias,0.0,persistent,
Mumbai,in_domain,clim_short17,115,bias,1.0,persistent,0.0
Mumbai,in_domain,clim_short17,115,bias,1.0,persistent,9.0
Mumbai,in_domain,clim_short17,115,bias,0.0,persistent,
Mumbai,in_domain,clim_short17,115,bias,0.0,persistent,
Mumbai,in_domain,clim_short17,115,stuck_at,1.0,persistent,0.0
Mumbai,in_domain,clim_short17,115,stuck_at,1.0,persistent,0.0
Mumbai,in_domain,clim_short17,115,stuck_at,1.0,persistent,0.0
Mumbai,in_domain,clim_short17,115,stuck_at,1.0,persistent,0.0
Mumbai,in_domain,clim_short17,115,stuck_at,1.0,persistent,0.0
Mumbai,in_domain,clim_short17,115,stuck_at,1.0,persistent,0.0
Mumbai,in_domain,clim_short17,115,noise_burst,1.0,persistent,8.0
Mumbai,in_domain,clim_short17,115,noise_burst,0.0,persistent,
Mumbai,in_domain,clim_short17,115,noise_burst,1.0,persistent,2.0
Mumbai,in_domain,clim_short17,115,noise_burst,1.0,persistent,0.0
Mumbai,in_domain,clim_short17,115,noise_burst,1.0,persistent,1.0
Mumbai,in_domain,clim_short17,115,noise_burst,1.0,persistent,0.0
Mumbai,in_domain,clim_short17,115,intermittent_spikes,1.0,transient,0.0
Mumbai,in_domain,clim_short17,115,intermittent_spikes,1.0,transient,0.0
Mumbai,in_domain,clim_short17,115,intermittent_spikes,1.0,transient,0.0
Mumbai,in_domain,clim_short17,115,intermittent_spikes,1.0,transient,0.0
Mumbai,in_domain,clim_short17,115,intermittent_spikes,1.0,transient,0.0
Mumbai,in_domain,clim_short17,115,intermittent_spikes,1.0,transient,0.0
Mumbai,in_domain,clim_short17,115,drift_plus_noise,0.0,persistent,
Mumbai,in_domain,clim_short17,115,drift_plus_noise,1.0,persistent,10.0
Mumbai,in_domain,clim_short17,115,drift_plus_noise,1.0,persistent,0.0
Mumbai,in_domain,clim_short17,115,bias_plus_spikes,1.0,persistent,0.0
Mumbai,in_domain,clim_short17,115,bias_plus_spikes,1.0,persistent,0.0
Mumbai,in_domain,clim_short17,115,bias_plus_spikes,1.0,persistent,0.0
Mumbai,temporal,clim_short17,115,spike,1.0,transient,0.0
Mumbai,temporal,clim_short17,115,spike,0.0,transient,
Mumbai,temporal,clim_short17,115,spike,1.0,transient,0.0
Mumbai,temporal,clim_short17,115,spike,1.0,transient,0.0
Mumbai,temporal,clim_short17,115,spike,1.0,transient,0.0
Mumbai,temporal,clim_short17,115,spike,1.0,transient,0.0
Mumbai,temporal,clim_short17,115,spike,1.0,transient,0.0
Mumbai,temporal,clim_short17,115,spike,0.0,transient,
Mumbai,temporal,clim_short17,115,spike,1.0,transient,0.0
Mumbai,temporal,clim_short17,115,spike,1.0,transient,0.0
Mumbai,temporal,clim_short17,115,spike,1.0,transient,0.0
Mumbai,temporal,clim_short17,115,spike,1.0,transient,0.0
Mumbai,temporal,clim_short17,115,spike,1.0,transient,0.0
Mumbai,temporal,clim_short17,115,spike,1.0,transient,0.0
Mumbai,temporal,clim_short17,115,spike,1.0,transient,0.0
Mumbai,temporal,clim_short17,115,spike,0.0,transient,
Mumbai,temporal,clim_short17,115,spike,1.0,transient,0.0
Mumbai,temporal,clim_short17,115,spike,1.0,transient,0.0
Mumbai,temporal,clim_short17,115,spike,0.0,transient,
Mumbai,temporal,clim_short17,115,spike,1.0,transient,0.0
Mumbai,temporal,clim_short17,115,spike,1.0,transient,0.0
Mumbai,temporal,clim_short17,115,spike,1.0,transient,0.0
Mumbai,temporal,clim_short17,115,spike,1.0,transient,0.0
Mumbai,temporal,clim_short17,115,spike,1.0,transient,0.0
Mumbai,temporal,clim_short17,115,drift,1.0,persistent,7.0
Mumbai,temporal,clim_short17,115,drift,0.0,persistent,
Mumbai,temporal,clim_short17,115,drift,1.0,persistent,10.0
Mumbai,temporal,clim_short17,115,drift,1.0,persistent,5.0
Mumbai,temporal,clim_short17,115,drift,1.0,persistent,11.0
Mumbai,temporal,clim_short17,115,drift,0.0,persistent,
Mumbai,temporal,clim_short17,115,bias,0.0,persistent,
Mumbai,temporal,clim_short17,115,bias,0.0,persistent,
Mumbai,temporal,clim_short17,115,bias,0.0,persistent,
Mumbai,temporal,clim_short17,115,bias,0.0,persistent,
Mumbai,temporal,clim_short17,115,bias,0.0,persistent,
Mumbai,temporal,clim_short17,115,bias,0.0,persistent,
Mumbai,temporal,clim_short17,115,stuck_at,1.0,persistent,0.0
Mumbai,temporal,clim_short17,115,stuck_at,1.0,persistent,0.0
Mumbai,temporal,clim_short17,115,stuck_at,1.0,persistent,0.0
Mumbai,temporal,clim_short17,115,stuck_at,1.0,persistent,0.0
Mumbai,temporal,clim_short17,115,stuck_at,1.0,persistent,0.0
Mumbai,temporal,clim_short17,115,stuck_at,1.0,persistent,0.0
Mumbai,temporal,clim_short17,115,noise_burst,0.0,persistent,
Mumbai,temporal,clim_short17,115,noise_burst,0.0,persistent,
Mumbai,temporal,clim_short17,115,noise_burst,0.0,persistent,
Mumbai,temporal,clim_short17,115,noise_burst,1.0,persistent,0.0
Mumbai,temporal,clim_short17,115,noise_burst,1.0,persistent,2.0
Mumbai,temporal,clim_short17,115,noise_burst,1.0,persistent,0.0
Mumbai,temporal,clim_short17,115,intermittent_spikes,1.0,transient,0.0
Mumbai,temporal,clim_short17,115,intermittent_spikes,1.0,transient,0.0
Mumbai,temporal,clim_short17,115,intermittent_spikes,1.0,transient,0.0
Mumbai,temporal,clim_short17,115,intermittent_spikes,1.0,transient,0.0
Mumbai,temporal,clim_short17,115,intermittent_spikes,1.0,transient,0.0
Mumbai,temporal,clim_short17,115,intermittent_spikes,1.0,transient,0.0
Mumbai,temporal,clim_short17,115,drift_plus_noise,0.0,persistent,
Mumbai,temporal,clim_short17,115,drift_plus_noise,1.0,persistent,0.0
Mumbai,temporal,clim_short17,115,drift_plus_noise,1.0,persistent,1.0
Mumbai,temporal,clim_short17,115,bias_plus_spikes,1.0,persistent,5.0
Mumbai,temporal,clim_short17,115,bias_plus_spikes,1.0,persistent,0.0
Mumbai,temporal,clim_short17,115,bias_plus_spikes,0.0,persistent,
Mumbai,station,clim_short17,115,spike,1.0,transient,0.0
Mumbai,station,clim_short17,115,spike,1.0,transient,0.0
Mumbai,station,clim_short17,115,spike,1.0,transient,0.0
Mumbai,station,clim_short17,115,spike,1.0,transient,0.0
Mumbai,station,clim_short17,115,spike,1.0,transient,0.0
Mumbai,station,clim_short17,115,spike,1.0,transient,0.0
Mumbai,station,clim_short17,115,spike,1.0,transient,0.0
Mumbai,station,clim_short17,115,spike,0.0,transient,
Mumbai,station,clim_short17,115,spike,1.0,transient,0.0
Mumbai,station,clim_short17,115,spike,1.0,transient,0.0
Mumbai,station,clim_short17,115,spike,1.0,transient,0.0
Mumbai,station,clim_short17,115,spike,1.0,transient,0.0
Mumbai,station,clim_short17,115,spike,1.0,transient,0.0
Mumbai,station,clim_short17,115,spike,1.0,transient,0.0
Mumbai,station,clim_short17,115,spike,1.0,transient,0.0
Mumbai,station,clim_short17,115,spike,1.0,transient,0.0
Mumbai,station,clim_short17,115,spike,1.0,transient,0.0
Mumbai,station,clim_short17,115,spike,1.0,transient,0.0
Mumbai,station,clim_short17,115,spike,0.0,transient,
Mumbai,station,clim_short17,115,spike,1.0,transient,0.0
Mumbai,station,clim_short17,115,spike,1.0,transient,0.0
Mumbai,station,clim_short17,115,spike,1.0,transient,0.0
Mumbai,station,clim_short17,115,spike,1.0,transient,0.0
Mumbai,station,clim_short17,115,spike,1.0,transient,0.0
Mumbai,station,clim_short17,115,drift,1.0,persistent,7.0
Mumbai,station,clim_short17,115,drift,1.0,persistent,1.0
Mumbai,station,clim_short17,115,drift,1.0,persistent,10.0
Mumbai,station,clim_short17,115,drift,1.0,persistent,5.0
Mumbai,station,clim_short17,115,drift,1.0,persistent,14.0
Mumbai,station,clim_short17,115,drift,0.0,persistent,
Mumbai,station,clim_short17,115,bias,0.0,persistent,
Mumbai,station,clim_short17,115,bias,0.0,persistent,
Mumbai,station,clim_short17,115,bias,0.0,persistent,
Mumbai,station,clim_short17,115,bias,0.0,persistent,
Mumbai,station,clim_short17,115,bias,0.0,persistent,
Mumbai,station,clim_short17,115,bias,0.0,persistent,
Mumbai,station,clim_short17,115,stuck_at,1.0,persistent,0.0
Mumbai,station,clim_short17,115,stuck_at,1.0,persistent,0.0
Mumbai,station,clim_short17,115,stuck_at,1.0,persistent,0.0
Mumbai,station,clim_short17,115,stuck_at,1.0,persistent,0.0
Mumbai,station,clim_short17,115,stuck_at,1.0,persistent,0.0
Mumbai,station,clim_short17,115,stuck_at,1.0,persistent,0.0
Mumbai,station,clim_short17,115,noise_burst,0.0,persistent,
Mumbai,station,clim_short17,115,noise_burst,0.0,persistent,
Mumbai,station,clim_short17,115,noise_burst,0.0,persistent,
Mumbai,station,clim_short17,115,noise_burst,1.0,persistent,5.0
Mumbai,station,clim_short17,115,noise_burst,1.0,persistent,2.0
Mumbai,station,clim_short17,115,noise_burst,1.0,persistent,0.0
Mumbai,station,clim_short17,115,intermittent_spikes,1.0,transient,0.0
Mumbai,station,clim_short17,115,intermittent_spikes,1.0,transient,0.0
Mumbai,station,clim_short17,115,intermittent_spikes,1.0,transient,0.0
Mumbai,station,clim_short17,115,intermittent_spikes,1.0,transient,0.0
Mumbai,station,clim_short17,115,intermittent_spikes,1.0,transient,0.0
Mumbai,station,clim_short17,115,intermittent_spikes,1.0,transient,0.0
Mumbai,station,clim_short17,115,drift_plus_noise,0.0,persistent,
Mumbai,station,clim_short17,115,drift_plus_noise,1.0,persistent,6.0
Mumbai,station,clim_short17,115,drift_plus_noise,1.0,persistent,1.0
Mumbai,station,clim_short17,115,bias_plus_spikes,1.0,persistent,5.0
Mumbai,station,clim_short17,115,bias_plus_spikes,1.0,persistent,0.0
Mumbai,station,clim_short17,115,bias_plus_spikes,1.0,persistent,3.0
Mumbai,in_domain,clim_short17,126,spike,1.0,transient,0.0
Mumbai,in_domain,clim_short17,126,spike,1.0,transient,0.0
Mumbai,in_domain,clim_short17,126,spike,1.0,transient,0.0
Mumbai,in_domain,clim_short17,126,spike,1.0,transient,0.0
Mumbai,in_domain,clim_short17,126,spike,1.0,transient,0.0
Mumbai,in_domain,clim_short17,126,spike,1.0,transient,0.0
Mumbai,in_domain,clim_short17,126,spike,1.0,transient,0.0
Mumbai,in_domain,clim_short17,126,spike,1.0,transient,0.0
Mumbai,in_domain,clim_short17,126,spike,0.0,transient,
Mumbai,in_domain,clim_short17,126,spike,1.0,transient,0.0
Mumbai,in_domain,clim_short17,126,spike,1.0,transient,0.0
Mumbai,in_domain,clim_short17,126,spike,1.0,transient,0.0
Mumbai,in_domain,clim_short17,126,spike,1.0,transient,0.0
Mumbai,in_domain,clim_short17,126,spike,1.0,transient,0.0
Mumbai,in_domain,clim_short17,126,spike,1.0,transient,0.0
Mumbai,in_domain,clim_short17,126,spike,1.0,transient,0.0
Mumbai,in_domain,clim_short17,126,spike,1.0,transient,0.0
Mumbai,in_domain,clim_short17,126,spike,1.0,transient,0.0
Mumbai,in_domain,clim_short17,126,spike,1.0,transient,0.0
Mumbai,in_domain,clim_short17,126,spike,1.0,transient,0.0
Mumbai,in_domain,clim_short17,126,spike,1.0,transient,0.0
Mumbai,in_domain,clim_short17,126,spike,1.0,transient,0.0
Mumbai,in_domain,clim_short17,126,spike,1.0,transient,0.0
Mumbai,in_domain,clim_short17,126,spike,1.0,transient,0.0
Mumbai,in_domain,clim_short17,126,drift,0.0,persistent,
Mumbai,in_domain,clim_short17,126,drift,1.0,persistent,6.0
Mumbai,in_domain,clim_short17,126,drift,0.0,persistent,
Mumbai,in_domain,clim_short17,126,drift,1.0,persistent,3.0
Mumbai,in_domain,clim_short17,126,drift,1.0,persistent,7.0
Mumbai,in_domain,clim_short17,126,drift,1.0,persistent,2.0
Mumbai,in_domain,clim_short17,126,bias,1.0,persistent,3.0
Mumbai,in_domain,clim_short17,126,bias,0.0,persistent,
Mumbai,in_domain,clim_short17,126,bias,1.0,persistent,2.0
Mumbai,in_domain,clim_short17,126,bias,0.0,persistent,
Mumbai,in_domain,clim_short17,126,bias,0.0,persistent,
Mumbai,in_domain,clim_short17,126,bias,0.0,persistent,
Mumbai,in_domain,clim_short17,126,stuck_at,1.0,persistent,0.0
Mumbai,in_domain,clim_short17,126,stuck_at,1.0,persistent,0.0
Mumbai,in_domain,clim_short17,126,stuck_at,1.0,persistent,0.0
Mumbai,in_domain,clim_short17,126,stuck_at,1.0,persistent,0.0
Mumbai,in_domain,clim_short17,126,stuck_at,1.0,persistent,0.0
Mumbai,in_domain,clim_short17,126,stuck_at,1.0,persistent,0.0
Mumbai,in_domain,clim_short17,126,noise_burst,1.0,persistent,0.0
Mumbai,in_domain,clim_short17,126,noise_burst,1.0,persistent,9.0
Mumbai,in_domain,clim_short17,126,noise_burst,0.0,persistent,
Mumbai,in_domain,clim_short17,126,noise_burst,1.0,persistent,10.0
Mumbai,in_domain,clim_short17,126,noise_burst,1.0,persistent,1.0
Mumbai,in_domain,clim_short17,126,noise_burst,1.0,persistent,0.0
Mumbai,in_domain,clim_short17,126,intermittent_spikes,1.0,transient,0.0
Mumbai,in_domain,clim_short17,126,intermittent_spikes,1.0,transient,0.0
Mumbai,in_domain,clim_short17,126,intermittent_spikes,1.0,transient,0.0
Mumbai,in_domain,clim_short17,126,intermittent_spikes,1.0,transient,0.0
Mumbai,in_domain,clim_short17,126,intermittent_spikes,1.0,transient,0.0
Mumbai,in_domain,clim_short17,126,intermittent_spikes,1.0,transient,0.0
Mumbai,in_domain,clim_short17,126,drift_plus_noise,1.0,persistent,12.0
Mumbai,in_domain,clim_short17,126,drift_plus_noise,0.0,persistent,
Mumbai,in_domain,clim_short17,126,drift_plus_noise,1.0,persistent,3.0
Mumbai,in_domain,clim_short17,126,bias_plus_spikes,1.0,persistent,9.0
Mumbai,in_domain,clim_short17,126,bias_plus_spikes,1.0,persistent,0.0
Mumbai,in_domain,clim_short17,126,bias_plus_spikes,1.0,persistent,2.0
Mumbai,temporal,clim_short17,126,spike,0.0,transient,
Mumbai,temporal,clim_short17,126,spike,1.0,transient,0.0
Mumbai,temporal,clim_short17,126,spike,0.0,transient,
Mumbai,temporal,clim_short17,126,spike,0.0,transient,
Mumbai,temporal,clim_short17,126,spike,1.0,transient,0.0
Mumbai,temporal,clim_short17,126,spike,1.0,transient,0.0
Mumbai,temporal,clim_short17,126,spike,0.0,transient,
Mumbai,temporal,clim_short17,126,spike,0.0,transient,
Mumbai,temporal,clim_short17,126,spike,1.0,transient,0.0
Mumbai,temporal,clim_short17,126,spike,1.0,transient,0.0
Mumbai,temporal,clim_short17,126,spike,1.0,transient,0.0
Mumbai,temporal,clim_short17,126,spike,1.0,transient,0.0
Mumbai,temporal,clim_short17,126,spike,1.0,transient,0.0
Mumbai,temporal,clim_short17,126,spike,1.0,transient,0.0
Mumbai,temporal,clim_short17,126,spike,1.0,transient,0.0
Mumbai,temporal,clim_short17,126,spike,1.0,transient,0.0
Mumbai,temporal,clim_short17,126,spike,1.0,transient,0.0
Mumbai,temporal,clim_short17,126,spike,1.0,transient,0.0
Mumbai,temporal,clim_short17,126,spike,1.0,transient,0.0
Mumbai,temporal,clim_short17,126,spike,1.0,transient,0.0
Mumbai,temporal,clim_short17,126,spike,1.0,transient,0.0
Mumbai,temporal,clim_short17,126,spike,1.0,transient,0.0
Mumbai,temporal,clim_short17,126,spike,0.0,transient,
Mumbai,temporal,clim_short17,126,spike,0.0,transient,
Mumbai,temporal,clim_short17,126,drift,0.0,persistent,
Mumbai,temporal,clim_short17,126,drift,1.0,persistent,9.0
Mumbai,temporal,clim_short17,126,drift,0.0,persistent,
Mumbai,temporal,clim_short17,126,drift,1.0,persistent,2.0
Mumbai,temporal,clim_short17,126,drift,1.0,persistent,2.0
Mumbai,temporal,clim_short17,126,drift,0.0,persistent,
Mumbai,temporal,clim_short17,126,bias,0.0,persistent,
Mumbai,temporal,clim_short17,126,bias,0.0,persistent,
Mumbai,temporal,clim_short17,126,bias,0.0,persistent,
Mumbai,temporal,clim_short17,126,bias,0.0,persistent,
Mumbai,temporal,clim_short17,126,bias,0.0,persistent,
Mumbai,temporal,clim_short17,126,bias,0.0,persistent,
Mumbai,temporal,clim_short17,126,stuck_at,1.0,persistent,0.0
Mumbai,temporal,clim_short17,126,stuck_at,1.0,persistent,0.0
Mumbai,temporal,clim_short17,126,stuck_at,1.0,persistent,0.0
Mumbai,temporal,clim_short17,126,stuck_at,1.0,persistent,0.0
Mumbai,temporal,clim_short17,126,stuck_at,1.0,persistent,0.0
Mumbai,temporal,clim_short17,126,stuck_at,1.0,persistent,0.0
Mumbai,temporal,clim_short17,126,noise_burst,0.0,persistent,
Mumbai,temporal,clim_short17,126,noise_burst,1.0,persistent,9.0
Mumbai,temporal,clim_short17,126,noise_burst,0.0,persistent,
Mumbai,temporal,clim_short17,126,noise_burst,1.0,persistent,10.0
Mumbai,temporal,clim_short17,126,noise_burst,1.0,persistent,2.0
Mumbai,temporal,clim_short17,126,noise_burst,1.0,persistent,6.0
Mumbai,temporal,clim_short17,126,intermittent_spikes,1.0,transient,0.0
Mumbai,temporal,clim_short17,126,intermittent_spikes,1.0,transient,0.0
Mumbai,temporal,clim_short17,126,intermittent_spikes,1.0,transient,0.0
Mumbai,temporal,clim_short17,126,intermittent_spikes,1.0,transient,7.0
Mumbai,temporal,clim_short17,126,intermittent_spikes,1.0,transient,0.0
Mumbai,temporal,clim_short17,126,intermittent_spikes,1.0,transient,0.0
Mumbai,temporal,clim_short17,126,drift_plus_noise,1.0,persistent,0.0
Mumbai,temporal,clim_short17,126,drift_plus_noise,0.0,persistent,
Mumbai,temporal,clim_short17,126,drift_plus_noise,1.0,persistent,3.0
Mumbai,temporal,clim_short17,126,bias_plus_spikes,1.0,persistent,0.0
Mumbai,temporal,clim_short17,126,bias_plus_spikes,1.0,persistent,0.0
Mumbai,temporal,clim_short17,126,bias_plus_spikes,1.0,persistent,8.0
Mumbai,station,clim_short17,126,spike,1.0,transient,0.0
Mumbai,station,clim_short17,126,spike,1.0,transient,0.0
Mumbai,station,clim_short17,126,spike,1.0,transient,0.0
Mumbai,station,clim_short17,126,spike,1.0,transient,0.0
Mumbai,station,clim_short17,126,spike,1.0,transient,0.0
Mumbai,station,clim_short17,126,spike,1.0,transient,0.0
Mumbai,station,clim_short17,126,spike,1.0,transient,0.0
Mumbai,station,clim_short17,126,spike,0.0,transient,
Mumbai,station,clim_short17,126,spike,1.0,transient,0.0
Mumbai,station,clim_short17,126,spike,1.0,transient,0.0
Mumbai,station,clim_short17,126,spike,1.0,transient,0.0
Mumbai,station,clim_short17,126,spike,1.0,transient,0.0
Mumbai,station,clim_short17,126,spike,1.0,transient,0.0
Mumbai,station,clim_short17,126,spike,1.0,transient,0.0
Mumbai,station,clim_short17,126,spike,1.0,transient,0.0
Mumbai,station,clim_short17,126,spike,1.0,transient,0.0
Mumbai,station,clim_short17,126,spike,1.0,transient,0.0
Mumbai,station,clim_short17,126,spike,1.0,transient,0.0
Mumbai,station,clim_short17,126,spike,1.0,transient,1.0
Mumbai,station,clim_short17,126,spike,1.0,transient,0.0
Mumbai,station,clim_short17,126,spike,1.0,transient,0.0
Mumbai,station,clim_short17,126,spike,1.0,transient,0.0
Mumbai,station,clim_short17,126,spike,0.0,transient,
Mumbai,station,clim_short17,126,spike,1.0,transient,0.0
Mumbai,station,clim_short17,126,drift,0.0,persistent,
Mumbai,station,clim_short17,126,drift,1.0,persistent,9.0
Mumbai,station,clim_short17,126,drift,0.0,persistent,
Mumbai,station,clim_short17,126,drift,1.0,persistent,3.0
Mumbai,station,clim_short17,126,drift,0.0,persistent,
Mumbai,station,clim_short17,126,drift,1.0,persistent,5.0
Mumbai,station,clim_short17,126,bias,0.0,persistent,
Mumbai,station,clim_short17,126,bias,0.0,persistent,
Mumbai,station,clim_short17,126,bias,0.0,persistent,
Mumbai,station,clim_short17,126,bias,0.0,persistent,
Mumbai,station,clim_short17,126,bias,0.0,persistent,
Mumbai,station,clim_short17,126,bias,0.0,persistent,
Mumbai,station,clim_short17,126,stuck_at,1.0,persistent,0.0
Mumbai,station,clim_short17,126,stuck_at,1.0,persistent,0.0
Mumbai,station,clim_short17,126,stuck_at,1.0,persistent,0.0
Mumbai,station,clim_short17,126,stuck_at,1.0,persistent,0.0
Mumbai,station,clim_short17,126,stuck_at,1.0,persistent,0.0
Mumbai,station,clim_short17,126,stuck_at,1.0,persistent,0.0
Mumbai,station,clim_short17,126,noise_burst,0.0,persistent,
Mumbai,station,clim_short17,126,noise_burst,1.0,persistent,5.0
Mumbai,station,clim_short17,126,noise_burst,0.0,persistent,
Mumbai,station,clim_short17,126,noise_burst,1.0,persistent,8.0
Mumbai,station,clim_short17,126,noise_burst,1.0,persistent,2.0
Mumbai,station,clim_short17,126,noise_burst,1.0,persistent,6.0
Mumbai,station,clim_short17,126,intermittent_spikes,1.0,transient,0.0
Mumbai,station,clim_short17,126,intermittent_spikes,1.0,transient,0.0
Mumbai,station,clim_short17,126,intermittent_spikes,1.0,transient,0.0
Mumbai,station,clim_short17,126,intermittent_spikes,1.0,transient,0.0
Mumbai,station,clim_short17,126,intermittent_spikes,1.0,transient,0.0
Mumbai,station,clim_short17,126,intermittent_spikes,1.0,transient,0.0
Mumbai,station,clim_short17,126,drift_plus_noise,1.0,persistent,8.0
Mumbai,station,clim_short17,126,drift_plus_noise,0.0,persistent,
Mumbai,station,clim_short17,126,drift_plus_noise,0.0,persistent,
Mumbai,station,clim_short17,126,bias_plus_spikes,1.0,persistent,0.0
Mumbai,station,clim_short17,126,bias_plus_spikes,1.0,persistent,0.0
Mumbai,station,clim_short17,126,bias_plus_spikes,1.0,persistent,10.0
Mumbai,in_domain,dual18(ref),104,spike,1.0,transient,0.0
Mumbai,in_domain,dual18(ref),104,spike,1.0,transient,0.0
Mumbai,in_domain,dual18(ref),104,spike,1.0,transient,0.0
Mumbai,in_domain,dual18(ref),104,spike,1.0,transient,0.0
Mumbai,in_domain,dual18(ref),104,spike,1.0,transient,0.0
Mumbai,in_domain,dual18(ref),104,spike,1.0,transient,0.0
Mumbai,in_domain,dual18(ref),104,spike,0.0,transient,
Mumbai,in_domain,dual18(ref),104,spike,1.0,transient,0.0
Mumbai,in_domain,dual18(ref),104,spike,0.0,transient,
Mumbai,in_domain,dual18(ref),104,spike,1.0,transient,0.0
Mumbai,in_domain,dual18(ref),104,spike,1.0,transient,0.0
Mumbai,in_domain,dual18(ref),104,spike,1.0,transient,0.0
Mumbai,in_domain,dual18(ref),104,spike,1.0,transient,0.0
Mumbai,in_domain,dual18(ref),104,spike,1.0,transient,0.0
Mumbai,in_domain,dual18(ref),104,spike,1.0,transient,0.0
Mumbai,in_domain,dual18(ref),104,spike,1.0,transient,0.0
Mumbai,in_domain,dual18(ref),104,spike,1.0,transient,0.0
Mumbai,in_domain,dual18(ref),104,spike,1.0,transient,0.0
Mumbai,in_domain,dual18(ref),104,spike,1.0,transient,0.0
Mumbai,in_domain,dual18(ref),104,spike,1.0,transient,0.0
Mumbai,in_domain,dual18(ref),104,spike,0.0,transient,
Mumbai,in_domain,dual18(ref),104,spike,1.0,transient,0.0
Mumbai,in_domain,dual18(ref),104,spike,0.0,transient,
Mumbai,in_domain,dual18(ref),104,spike,1.0,transient,0.0
Mumbai,in_domain,dual18(ref),104,drift,1.0,persistent,1.0
Mumbai,in_domain,dual18(ref),104,drift,1.0,persistent,12.0
Mumbai,in_domain,dual18(ref),104,drift,1.0,persistent,8.0
Mumbai,in_domain,dual18(ref),104,drift,1.0,persistent,8.0
Mumbai,in_domain,dual18(ref),104,drift,1.0,persistent,9.0
Mumbai,in_domain,dual18(ref),104,drift,1.0,persistent,14.0
Mumbai,in_domain,dual18(ref),104,bias,0.0,persistent,
Mumbai,in_domain,dual18(ref),104,bias,0.0,persistent,
Mumbai,in_domain,dual18(ref),104,bias,1.0,persistent,0.0
Mumbai,in_domain,dual18(ref),104,bias,0.0,persistent,
Mumbai,in_domain,dual18(ref),104,bias,1.0,persistent,4.0
Mumbai,in_domain,dual18(ref),104,bias,1.0,persistent,8.0
Mumbai,in_domain,dual18(ref),104,stuck_at,1.0,persistent,0.0
Mumbai,in_domain,dual18(ref),104,stuck_at,1.0,persistent,0.0
Mumbai,in_domain,dual18(ref),104,stuck_at,1.0,persistent,0.0
Mumbai,in_domain,dual18(ref),104,stuck_at,1.0,persistent,0.0
Mumbai,in_domain,dual18(ref),104,stuck_at,1.0,persistent,0.0
Mumbai,in_domain,dual18(ref),104,stuck_at,1.0,persistent,0.0
Mumbai,in_domain,dual18(ref),104,noise_burst,1.0,persistent,0.0
Mumbai,in_domain,dual18(ref),104,noise_burst,1.0,persistent,4.0
Mumbai,in_domain,dual18(ref),104,noise_burst,0.0,persistent,
Mumbai,in_domain,dual18(ref),104,noise_burst,1.0,persistent,0.0
Mumbai,in_domain,dual18(ref),104,noise_burst,1.0,persistent,0.0
Mumbai,in_domain,dual18(ref),104,noise_burst,1.0,persistent,0.0
Mumbai,in_domain,dual18(ref),104,intermittent_spikes,1.0,transient,0.0
Mumbai,in_domain,dual18(ref),104,intermittent_spikes,1.0,transient,0.0
Mumbai,in_domain,dual18(ref),104,intermittent_spikes,1.0,transient,0.0
Mumbai,in_domain,dual18(ref),104,intermittent_spikes,1.0,transient,0.0
Mumbai,in_domain,dual18(ref),104,intermittent_spikes,1.0,transient,0.0
Mumbai,in_domain,dual18(ref),104,intermittent_spikes,1.0,transient,0.0
Mumbai,in_domain,dual18(ref),104,drift_plus_noise,1.0,persistent,0.0
Mumbai,in_domain,dual18(ref),104,drift_plus_noise,1.0,persistent,3.0
Mumbai,in_domain,dual18(ref),104,drift_plus_noise,0.0,persistent,
Mumbai,in_domain,dual18(ref),104,bias_plus_spikes,1.0,persistent,0.0
Mumbai,in_domain,dual18(ref),104,bias_plus_spikes,1.0,persistent,0.0
Mumbai,in_domain,dual18(ref),104,bias_plus_spikes,0.0,persistent,
Mumbai,temporal,dual18(ref),104,spike,1.0,transient,0.0
Mumbai,temporal,dual18(ref),104,spike,1.0,transient,0.0
Mumbai,temporal,dual18(ref),104,spike,1.0,transient,0.0
Mumbai,temporal,dual18(ref),104,spike,1.0,transient,0.0
Mumbai,temporal,dual18(ref),104,spike,1.0,transient,0.0
Mumbai,temporal,dual18(ref),104,spike,1.0,transient,0.0
Mumbai,temporal,dual18(ref),104,spike,0.0,transient,
Mumbai,temporal,dual18(ref),104,spike,1.0,transient,0.0
Mumbai,temporal,dual18(ref),104,spike,0.0,transient,
Mumbai,temporal,dual18(ref),104,spike,0.0,transient,
Mumbai,temporal,dual18(ref),104,spike,1.0,transient,0.0
Mumbai,temporal,dual18(ref),104,spike,1.0,transient,0.0
Mumbai,temporal,dual18(ref),104,spike,1.0,transient,0.0
Mumbai,temporal,dual18(ref),104,spike,1.0,transient,0.0
Mumbai,temporal,dual18(ref),104,spike,1.0,transient,0.0
Mumbai,temporal,dual18(ref),104,spike,1.0,transient,0.0
Mumbai,temporal,dual18(ref),104,spike,1.0,transient,0.0
Mumbai,temporal,dual18(ref),104,spike,1.0,transient,0.0
Mumbai,temporal,dual18(ref),104,spike,1.0,transient,0.0
Mumbai,temporal,dual18(ref),104,spike,1.0,transient,0.0
Mumbai,temporal,dual18(ref),104,spike,1.0,transient,0.0
Mumbai,temporal,dual18(ref),104,spike,1.0,transient,0.0
Mumbai,temporal,dual18(ref),104,spike,0.0,transient,
Mumbai,temporal,dual18(ref),104,spike,1.0,transient,0.0
Mumbai,temporal,dual18(ref),104,drift,0.0,persistent,
Mumbai,temporal,dual18(ref),104,drift,0.0,persistent,
Mumbai,temporal,dual18(ref),104,drift,1.0,persistent,13.0
Mumbai,temporal,dual18(ref),104,drift,0.0,persistent,
Mumbai,temporal,dual18(ref),104,drift,0.0,persistent,
Mumbai,temporal,dual18(ref),104,drift,1.0,persistent,2.0
Mumbai,temporal,dual18(ref),104,bias,0.0,persistent,
Mumbai,temporal,dual18(ref),104,bias,0.0,persistent,
Mumbai,temporal,dual18(ref),104,bias,1.0,persistent,9.0
Mumbai,temporal,dual18(ref),104,bias,0.0,persistent,
Mumbai,temporal,dual18(ref),104,bias,1.0,persistent,9.0
Mumbai,temporal,dual18(ref),104,bias,1.0,persistent,2.0
Mumbai,temporal,dual18(ref),104,stuck_at,1.0,persistent,0.0
Mumbai,temporal,dual18(ref),104,stuck_at,1.0,persistent,0.0
Mumbai,temporal,dual18(ref),104,stuck_at,1.0,persistent,0.0
Mumbai,temporal,dual18(ref),104,stuck_at,1.0,persistent,0.0
Mumbai,temporal,dual18(ref),104,stuck_at,1.0,persistent,0.0
Mumbai,temporal,dual18(ref),104,stuck_at,1.0,persistent,0.0
Mumbai,temporal,dual18(ref),104,noise_burst,1.0,persistent,4.0
Mumbai,temporal,dual18(ref),104,noise_burst,0.0,persistent,
Mumbai,temporal,dual18(ref),104,noise_burst,1.0,persistent,6.0
Mumbai,temporal,dual18(ref),104,noise_burst,1.0,persistent,2.0
Mumbai,temporal,dual18(ref),104,noise_burst,1.0,persistent,0.0
Mumbai,temporal,dual18(ref),104,noise_burst,1.0,persistent,0.0
Mumbai,temporal,dual18(ref),104,intermittent_spikes,1.0,transient,3.0
Mumbai,temporal,dual18(ref),104,intermittent_spikes,1.0,transient,0.0
Mumbai,temporal,dual18(ref),104,intermittent_spikes,1.0,transient,0.0
Mumbai,temporal,dual18(ref),104,intermittent_spikes,1.0,transient,0.0
Mumbai,temporal,dual18(ref),104,intermittent_spikes,1.0,transient,0.0
Mumbai,temporal,dual18(ref),104,intermittent_spikes,1.0,transient,2.0
Mumbai,temporal,dual18(ref),104,drift_plus_noise,1.0,persistent,14.0
Mumbai,temporal,dual18(ref),104,drift_plus_noise,1.0,persistent,9.0
Mumbai,temporal,dual18(ref),104,drift_plus_noise,1.0,persistent,9.0
Mumbai,temporal,dual18(ref),104,bias_plus_spikes,1.0,persistent,0.0
Mumbai,temporal,dual18(ref),104,bias_plus_spikes,1.0,persistent,5.0
Mumbai,temporal,dual18(ref),104,bias_plus_spikes,1.0,persistent,0.0
Mumbai,station,dual18(ref),104,spike,1.0,transient,0.0
Mumbai,station,dual18(ref),104,spike,1.0,transient,0.0
Mumbai,station,dual18(ref),104,spike,0.0,transient,
Mumbai,station,dual18(ref),104,spike,1.0,transient,0.0
Mumbai,station,dual18(ref),104,spike,1.0,transient,0.0
Mumbai,station,dual18(ref),104,spike,1.0,transient,0.0
Mumbai,station,dual18(ref),104,spike,0.0,transient,
Mumbai,station,dual18(ref),104,spike,1.0,transient,0.0
Mumbai,station,dual18(ref),104,spike,0.0,transient,
Mumbai,station,dual18(ref),104,spike,0.0,transient,
Mumbai,station,dual18(ref),104,spike,1.0,transient,0.0
Mumbai,station,dual18(ref),104,spike,1.0,transient,0.0
Mumbai,station,dual18(ref),104,spike,1.0,transient,0.0
Mumbai,station,dual18(ref),104,spike,1.0,transient,0.0
Mumbai,station,dual18(ref),104,spike,1.0,transient,0.0
Mumbai,station,dual18(ref),104,spike,1.0,transient,0.0
Mumbai,station,dual18(ref),104,spike,1.0,transient,0.0
Mumbai,station,dual18(ref),104,spike,1.0,transient,0.0
Mumbai,station,dual18(ref),104,spike,1.0,transient,0.0
Mumbai,station,dual18(ref),104,spike,1.0,transient,0.0
Mumbai,station,dual18(ref),104,spike,1.0,transient,0.0
Mumbai,station,dual18(ref),104,spike,0.0,transient,
Mumbai,station,dual18(ref),104,spike,0.0,transient,
Mumbai,station,dual18(ref),104,spike,1.0,transient,0.0
Mumbai,station,dual18(ref),104,drift,0.0,persistent,
Mumbai,station,dual18(ref),104,drift,0.0,persistent,
Mumbai,station,dual18(ref),104,drift,1.0,persistent,13.0
Mumbai,station,dual18(ref),104,drift,0.0,persistent,
Mumbai,station,dual18(ref),104,drift,0.0,persistent,
Mumbai,station,dual18(ref),104,drift,1.0,persistent,3.0
Mumbai,station,dual18(ref),104,bias,0.0,persistent,
Mumbai,station,dual18(ref),104,bias,1.0,persistent,11.0
Mumbai,station,dual18(ref),104,bias,0.0,persistent,
Mumbai,station,dual18(ref),104,bias,0.0,persistent,
Mumbai,station,dual18(ref),104,bias,1.0,persistent,9.0
Mumbai,station,dual18(ref),104,bias,1.0,persistent,0.0
Mumbai,station,dual18(ref),104,stuck_at,1.0,persistent,0.0
Mumbai,station,dual18(ref),104,stuck_at,1.0,persistent,0.0
Mumbai,station,dual18(ref),104,stuck_at,1.0,persistent,0.0
Mumbai,station,dual18(ref),104,stuck_at,1.0,persistent,0.0
Mumbai,station,dual18(ref),104,stuck_at,1.0,persistent,0.0
Mumbai,station,dual18(ref),104,stuck_at,1.0,persistent,0.0
Mumbai,station,dual18(ref),104,noise_burst,1.0,persistent,5.0
Mumbai,station,dual18(ref),104,noise_burst,0.0,persistent,
Mumbai,station,dual18(ref),104,noise_burst,1.0,persistent,0.0
Mumbai,station,dual18(ref),104,noise_burst,1.0,persistent,2.0
Mumbai,station,dual18(ref),104,noise_burst,1.0,persistent,0.0
Mumbai,station,dual18(ref),104,noise_burst,1.0,persistent,1.0
Mumbai,station,dual18(ref),104,intermittent_spikes,1.0,transient,0.0
Mumbai,station,dual18(ref),104,intermittent_spikes,1.0,transient,0.0
Mumbai,station,dual18(ref),104,intermittent_spikes,1.0,transient,0.0
Mumbai,station,dual18(ref),104,intermittent_spikes,1.0,transient,0.0
Mumbai,station,dual18(ref),104,intermittent_spikes,1.0,transient,0.0
Mumbai,station,dual18(ref),104,intermittent_spikes,1.0,transient,2.0
Mumbai,station,dual18(ref),104,drift_plus_noise,1.0,persistent,14.0
Mumbai,station,dual18(ref),104,drift_plus_noise,1.0,persistent,12.0
Mumbai,station,dual18(ref),104,drift_plus_noise,1.0,persistent,9.0
Mumbai,station,dual18(ref),104,bias_plus_spikes,1.0,persistent,0.0
Mumbai,station,dual18(ref),104,bias_plus_spikes,1.0,persistent,5.0
Mumbai,station,dual18(ref),104,bias_plus_spikes,0.0,persistent,
Mumbai,in_domain,dual18(ref),115,spike,1.0,transient,0.0
Mumbai,in_domain,dual18(ref),115,spike,1.0,transient,0.0
Mumbai,in_domain,dual18(ref),115,spike,0.0,transient,
Mumbai,in_domain,dual18(ref),115,spike,1.0,transient,0.0
Mumbai,in_domain,dual18(ref),115,spike,1.0,transient,0.0
Mumbai,in_domain,dual18(ref),115,spike,1.0,transient,0.0
Mumbai,in_domain,dual18(ref),115,spike,0.0,transient,
Mumbai,in_domain,dual18(ref),115,spike,1.0,transient,0.0
Mumbai,in_domain,dual18(ref),115,spike,1.0,transient,0.0
Mumbai,in_domain,dual18(ref),115,spike,0.0,transient,
Mumbai,in_domain,dual18(ref),115,spike,1.0,transient,0.0
Mumbai,in_domain,dual18(ref),115,spike,1.0,transient,0.0
Mumbai,in_domain,dual18(ref),115,spike,1.0,transient,0.0
Mumbai,in_domain,dual18(ref),115,spike,1.0,transient,0.0
Mumbai,in_domain,dual18(ref),115,spike,1.0,transient,0.0
Mumbai,in_domain,dual18(ref),115,spike,1.0,transient,0.0
Mumbai,in_domain,dual18(ref),115,spike,1.0,transient,0.0
Mumbai,in_domain,dual18(ref),115,spike,1.0,transient,0.0
Mumbai,in_domain,dual18(ref),115,spike,0.0,transient,
Mumbai,in_domain,dual18(ref),115,spike,1.0,transient,0.0
Mumbai,in_domain,dual18(ref),115,spike,1.0,transient,0.0
Mumbai,in_domain,dual18(ref),115,spike,1.0,transient,0.0
Mumbai,in_domain,dual18(ref),115,spike,1.0,transient,0.0
Mumbai,in_domain,dual18(ref),115,spike,1.0,transient,0.0
Mumbai,in_domain,dual18(ref),115,drift,1.0,persistent,7.0
Mumbai,in_domain,dual18(ref),115,drift,1.0,persistent,12.0
Mumbai,in_domain,dual18(ref),115,drift,1.0,persistent,6.0
Mumbai,in_domain,dual18(ref),115,drift,1.0,persistent,7.0
Mumbai,in_domain,dual18(ref),115,drift,1.0,persistent,3.0
Mumbai,in_domain,dual18(ref),115,drift,1.0,persistent,2.0
Mumbai,in_domain,dual18(ref),115,bias,1.0,persistent,4.0
Mumbai,in_domain,dual18(ref),115,bias,0.0,persistent,
Mumbai,in_domain,dual18(ref),115,bias,1.0,persistent,0.0
Mumbai,in_domain,dual18(ref),115,bias,1.0,persistent,9.0
Mumbai,in_domain,dual18(ref),115,bias,0.0,persistent,
Mumbai,in_domain,dual18(ref),115,bias,0.0,persistent,
Mumbai,in_domain,dual18(ref),115,stuck_at,1.0,persistent,0.0
Mumbai,in_domain,dual18(ref),115,stuck_at,1.0,persistent,0.0
Mumbai,in_domain,dual18(ref),115,stuck_at,1.0,persistent,0.0
Mumbai,in_domain,dual18(ref),115,stuck_at,1.0,persistent,0.0
Mumbai,in_domain,dual18(ref),115,stuck_at,1.0,persistent,0.0
Mumbai,in_domain,dual18(ref),115,stuck_at,1.0,persistent,0.0
Mumbai,in_domain,dual18(ref),115,noise_burst,0.0,persistent,
Mumbai,in_domain,dual18(ref),115,noise_burst,0.0,persistent,
Mumbai,in_domain,dual18(ref),115,noise_burst,1.0,persistent,2.0
Mumbai,in_domain,dual18(ref),115,noise_burst,1.0,persistent,0.0
Mumbai,in_domain,dual18(ref),115,noise_burst,1.0,persistent,2.0
Mumbai,in_domain,dual18(ref),115,noise_burst,1.0,persistent,2.0
Mumbai,in_domain,dual18(ref),115,intermittent_spikes,1.0,transient,0.0
Mumbai,in_domain,dual18(ref),115,intermittent_spikes,1.0,transient,0.0
Mumbai,in_domain,dual18(ref),115,intermittent_spikes,1.0,transient,0.0
Mumbai,in_domain,dual18(ref),115,intermittent_spikes,1.0,transient,0.0
Mumbai,in_domain,dual18(ref),115,intermittent_spikes,1.0,transient,0.0
Mumbai,in_domain,dual18(ref),115,intermittent_spikes,1.0,transient,0.0
Mumbai,in_domain,dual18(ref),115,drift_plus_noise,0.0,persistent,
Mumbai,in_domain,dual18(ref),115,drift_plus_noise,0.0,persistent,
Mumbai,in_domain,dual18(ref),115,drift_plus_noise,1.0,persistent,0.0
Mumbai,in_domain,dual18(ref),115,bias_plus_spikes,1.0,persistent,0.0
Mumbai,in_domain,dual18(ref),115,bias_plus_spikes,1.0,persistent,0.0
Mumbai,in_domain,dual18(ref),115,bias_plus_spikes,1.0,persistent,1.0
Mumbai,temporal,dual18(ref),115,spike,1.0,transient,0.0
Mumbai,temporal,dual18(ref),115,spike,1.0,transient,0.0
Mumbai,temporal,dual18(ref),115,spike,1.0,transient,0.0
Mumbai,temporal,dual18(ref),115,spike,1.0,transient,0.0
Mumbai,temporal,dual18(ref),115,spike,0.0,transient,
Mumbai,temporal,dual18(ref),115,spike,0.0,transient,
Mumbai,temporal,dual18(ref),115,spike,0.0,transient,
Mumbai,temporal,dual18(ref),115,spike,0.0,transient,
Mumbai,temporal,dual18(ref),115,spike,0.0,transient,
Mumbai,temporal,dual18(ref),115,spike,0.0,transient,
Mumbai,temporal,dual18(ref),115,spike,1.0,transient,0.0
Mumbai,temporal,dual18(ref),115,spike,0.0,transient,
Mumbai,temporal,dual18(ref),115,spike,1.0,transient,0.0
Mumbai,temporal,dual18(ref),115,spike,1.0,transient,0.0
Mumbai,temporal,dual18(ref),115,spike,0.0,transient,
Mumbai,temporal,dual18(ref),115,spike,0.0,transient,
Mumbai,temporal,dual18(ref),115,spike,1.0,transient,0.0
Mumbai,temporal,dual18(ref),115,spike,1.0,transient,0.0
Mumbai,temporal,dual18(ref),115,spike,0.0,transient,
Mumbai,temporal,dual18(ref),115,spike,1.0,transient,0.0
Mumbai,temporal,dual18(ref),115,spike,0.0,transient,
Mumbai,temporal,dual18(ref),115,spike,1.0,transient,0.0
Mumbai,temporal,dual18(ref),115,spike,1.0,transient,0.0
Mumbai,temporal,dual18(ref),115,spike,1.0,transient,0.0
Mumbai,temporal,dual18(ref),115,drift,1.0,persistent,7.0
Mumbai,temporal,dual18(ref),115,drift,1.0,persistent,0.0
Mumbai,temporal,dual18(ref),115,drift,1.0,persistent,8.0
Mumbai,temporal,dual18(ref),115,drift,1.0,persistent,13.0
Mumbai,temporal,dual18(ref),115,drift,1.0,persistent,15.0
Mumbai,temporal,dual18(ref),115,drift,0.0,persistent,
Mumbai,temporal,dual18(ref),115,bias,1.0,persistent,9.0
Mumbai,temporal,dual18(ref),115,bias,0.0,persistent,
Mumbai,temporal,dual18(ref),115,bias,0.0,persistent,
Mumbai,temporal,dual18(ref),115,bias,0.0,persistent,
Mumbai,temporal,dual18(ref),115,bias,0.0,persistent,
Mumbai,temporal,dual18(ref),115,bias,0.0,persistent,
Mumbai,temporal,dual18(ref),115,stuck_at,1.0,persistent,0.0
Mumbai,temporal,dual18(ref),115,stuck_at,1.0,persistent,0.0
Mumbai,temporal,dual18(ref),115,stuck_at,1.0,persistent,0.0
Mumbai,temporal,dual18(ref),115,stuck_at,1.0,persistent,0.0
Mumbai,temporal,dual18(ref),115,stuck_at,1.0,persistent,0.0
Mumbai,temporal,dual18(ref),115,stuck_at,1.0,persistent,0.0
Mumbai,temporal,dual18(ref),115,noise_burst,0.0,persistent,
Mumbai,temporal,dual18(ref),115,noise_burst,1.0,persistent,2.0
Mumbai,temporal,dual18(ref),115,noise_burst,0.0,persistent,
Mumbai,temporal,dual18(ref),115,noise_burst,1.0,persistent,0.0
Mumbai,temporal,dual18(ref),115,noise_burst,1.0,persistent,5.0
Mumbai,temporal,dual18(ref),115,noise_burst,1.0,persistent,0.0
Mumbai,temporal,dual18(ref),115,intermittent_spikes,1.0,transient,2.0
Mumbai,temporal,dual18(ref),115,intermittent_spikes,1.0,transient,0.0
Mumbai,temporal,dual18(ref),115,intermittent_spikes,1.0,transient,0.0
Mumbai,temporal,dual18(ref),115,intermittent_spikes,1.0,transient,0.0
Mumbai,temporal,dual18(ref),115,intermittent_spikes,1.0,transient,0.0
Mumbai,temporal,dual18(ref),115,intermittent_spikes,1.0,transient,0.0
Mumbai,temporal,dual18(ref),115,drift_plus_noise,0.0,persistent,
Mumbai,temporal,dual18(ref),115,drift_plus_noise,1.0,persistent,0.0
Mumbai,temporal,dual18(ref),115,drift_plus_noise,1.0,persistent,1.0
Mumbai,temporal,dual18(ref),115,bias_plus_spikes,1.0,persistent,5.0
Mumbai,temporal,dual18(ref),115,bias_plus_spikes,1.0,persistent,0.0
Mumbai,temporal,dual18(ref),115,bias_plus_spikes,1.0,persistent,10.0
Mumbai,station,dual18(ref),115,spike,1.0,transient,0.0
Mumbai,station,dual18(ref),115,spike,1.0,transient,0.0
Mumbai,station,dual18(ref),115,spike,1.0,transient,0.0
Mumbai,station,dual18(ref),115,spike,1.0,transient,0.0
Mumbai,station,dual18(ref),115,spike,0.0,transient,
Mumbai,station,dual18(ref),115,spike,0.0,transient,
Mumbai,station,dual18(ref),115,spike,0.0,transient,
Mumbai,station,dual18(ref),115,spike,0.0,transient,
Mumbai,station,dual18(ref),115,spike,0.0,transient,
Mumbai,station,dual18(ref),115,spike,1.0,transient,0.0
Mumbai,station,dual18(ref),115,spike,1.0,transient,0.0
Mumbai,station,dual18(ref),115,spike,0.0,transient,
Mumbai,station,dual18(ref),115,spike,0.0,transient,
Mumbai,station,dual18(ref),115,spike,1.0,transient,0.0
Mumbai,station,dual18(ref),115,spike,0.0,transient,
Mumbai,station,dual18(ref),115,spike,0.0,transient,
Mumbai,station,dual18(ref),115,spike,1.0,transient,0.0
Mumbai,station,dual18(ref),115,spike,1.0,transient,0.0
Mumbai,station,dual18(ref),115,spike,1.0,transient,0.0
Mumbai,station,dual18(ref),115,spike,1.0,transient,0.0
Mumbai,station,dual18(ref),115,spike,0.0,transient,
Mumbai,station,dual18(ref),115,spike,1.0,transient,0.0
Mumbai,station,dual18(ref),115,spike,1.0,transient,0.0
Mumbai,station,dual18(ref),115,spike,1.0,transient,0.0
Mumbai,station,dual18(ref),115,drift,1.0,persistent,7.0
Mumbai,station,dual18(ref),115,drift,1.0,persistent,6.0
Mumbai,station,dual18(ref),115,drift,1.0,persistent,5.0
Mumbai,station,dual18(ref),115,drift,1.0,persistent,13.0
Mumbai,station,dual18(ref),115,drift,1.0,persistent,14.0
Mumbai,station,dual18(ref),115,drift,0.0,persistent,
Mumbai,station,dual18(ref),115,bias,1.0,persistent,9.0
Mumbai,station,dual18(ref),115,bias,0.0,persistent,
Mumbai,station,dual18(ref),115,bias,0.0,persistent,
Mumbai,station,dual18(ref),115,bias,0.0,persistent,
Mumbai,station,dual18(ref),115,bias,0.0,persistent,
Mumbai,station,dual18(ref),115,bias,0.0,persistent,
Mumbai,station,dual18(ref),115,stuck_at,1.0,persistent,0.0
Mumbai,station,dual18(ref),115,stuck_at,1.0,persistent,0.0
Mumbai,station,dual18(ref),115,stuck_at,1.0,persistent,0.0
Mumbai,station,dual18(ref),115,stuck_at,1.0,persistent,0.0
Mumbai,station,dual18(ref),115,stuck_at,1.0,persistent,0.0
Mumbai,station,dual18(ref),115,stuck_at,1.0,persistent,0.0
Mumbai,station,dual18(ref),115,noise_burst,1.0,persistent,6.0
Mumbai,station,dual18(ref),115,noise_burst,0.0,persistent,
Mumbai,station,dual18(ref),115,noise_burst,0.0,persistent,
Mumbai,station,dual18(ref),115,noise_burst,1.0,persistent,0.0
Mumbai,station,dual18(ref),115,noise_burst,0.0,persistent,
Mumbai,station,dual18(ref),115,noise_burst,1.0,persistent,0.0
Mumbai,station,dual18(ref),115,intermittent_spikes,1.0,transient,0.0
Mumbai,station,dual18(ref),115,intermittent_spikes,1.0,transient,0.0
Mumbai,station,dual18(ref),115,intermittent_spikes,1.0,transient,0.0
Mumbai,station,dual18(ref),115,intermittent_spikes,1.0,transient,0.0
Mumbai,station,dual18(ref),115,intermittent_spikes,1.0,transient,0.0
Mumbai,station,dual18(ref),115,intermittent_spikes,1.0,transient,0.0
Mumbai,station,dual18(ref),115,drift_plus_noise,0.0,persistent,
Mumbai,station,dual18(ref),115,drift_plus_noise,1.0,persistent,6.0
Mumbai,station,dual18(ref),115,drift_plus_noise,1.0,persistent,1.0
Mumbai,station,dual18(ref),115,bias_plus_spikes,1.0,persistent,5.0
Mumbai,station,dual18(ref),115,bias_plus_spikes,1.0,persistent,0.0
Mumbai,station,dual18(ref),115,bias_plus_spikes,1.0,persistent,10.0
Mumbai,in_domain,dual18(ref),126,spike,1.0,transient,0.0
Mumbai,in_domain,dual18(ref),126,spike,1.0,transient,0.0
Mumbai,in_domain,dual18(ref),126,spike,1.0,transient,0.0
Mumbai,in_domain,dual18(ref),126,spike,0.0,transient,
Mumbai,in_domain,dual18(ref),126,spike,1.0,transient,0.0
Mumbai,in_domain,dual18(ref),126,spike,1.0,transient,0.0
Mumbai,in_domain,dual18(ref),126,spike,1.0,transient,0.0
Mumbai,in_domain,dual18(ref),126,spike,1.0,transient,0.0
Mumbai,in_domain,dual18(ref),126,spike,0.0,transient,
Mumbai,in_domain,dual18(ref),126,spike,1.0,transient,0.0
Mumbai,in_domain,dual18(ref),126,spike,1.0,transient,0.0
Mumbai,in_domain,dual18(ref),126,spike,1.0,transient,0.0
Mumbai,in_domain,dual18(ref),126,spike,1.0,transient,0.0
Mumbai,in_domain,dual18(ref),126,spike,0.0,transient,
Mumbai,in_domain,dual18(ref),126,spike,1.0,transient,0.0
Mumbai,in_domain,dual18(ref),126,spike,1.0,transient,0.0
Mumbai,in_domain,dual18(ref),126,spike,1.0,transient,0.0
Mumbai,in_domain,dual18(ref),126,spike,1.0,transient,0.0
Mumbai,in_domain,dual18(ref),126,spike,1.0,transient,0.0
Mumbai,in_domain,dual18(ref),126,spike,1.0,transient,0.0
Mumbai,in_domain,dual18(ref),126,spike,1.0,transient,0.0
Mumbai,in_domain,dual18(ref),126,spike,1.0,transient,0.0
Mumbai,in_domain,dual18(ref),126,spike,1.0,transient,0.0
Mumbai,in_domain,dual18(ref),126,spike,1.0,transient,0.0
Mumbai,in_domain,dual18(ref),126,drift,0.0,persistent,
Mumbai,in_domain,dual18(ref),126,drift,1.0,persistent,6.0
Mumbai,in_domain,dual18(ref),126,drift,0.0,persistent,
Mumbai,in_domain,dual18(ref),126,drift,1.0,persistent,3.0
Mumbai,in_domain,dual18(ref),126,drift,1.0,persistent,7.0
Mumbai,in_domain,dual18(ref),126,drift,1.0,persistent,1.0
Mumbai,in_domain,dual18(ref),126,bias,1.0,persistent,0.0
Mumbai,in_domain,dual18(ref),126,bias,0.0,persistent,
Mumbai,in_domain,dual18(ref),126,bias,1.0,persistent,9.0
Mumbai,in_domain,dual18(ref),126,bias,1.0,persistent,3.0
Mumbai,in_domain,dual18(ref),126,bias,0.0,persistent,
Mumbai,in_domain,dual18(ref),126,bias,0.0,persistent,
Mumbai,in_domain,dual18(ref),126,stuck_at,1.0,persistent,0.0
Mumbai,in_domain,dual18(ref),126,stuck_at,1.0,persistent,0.0
Mumbai,in_domain,dual18(ref),126,stuck_at,1.0,persistent,0.0
Mumbai,in_domain,dual18(ref),126,stuck_at,1.0,persistent,0.0
Mumbai,in_domain,dual18(ref),126,stuck_at,1.0,persistent,0.0
Mumbai,in_domain,dual18(ref),126,stuck_at,1.0,persistent,0.0
Mumbai,in_domain,dual18(ref),126,noise_burst,1.0,persistent,0.0
Mumbai,in_domain,dual18(ref),126,noise_burst,0.0,persistent,
Mumbai,in_domain,dual18(ref),126,noise_burst,0.0,persistent,
Mumbai,in_domain,dual18(ref),126,noise_burst,1.0,persistent,11.0
Mumbai,in_domain,dual18(ref),126,noise_burst,1.0,persistent,1.0
Mumbai,in_domain,dual18(ref),126,noise_burst,1.0,persistent,0.0
Mumbai,in_domain,dual18(ref),126,intermittent_spikes,1.0,transient,0.0
Mumbai,in_domain,dual18(ref),126,intermittent_spikes,1.0,transient,0.0
Mumbai,in_domain,dual18(ref),126,intermittent_spikes,1.0,transient,0.0
Mumbai,in_domain,dual18(ref),126,intermittent_spikes,1.0,transient,0.0
Mumbai,in_domain,dual18(ref),126,intermittent_spikes,1.0,transient,0.0
Mumbai,in_domain,dual18(ref),126,intermittent_spikes,1.0,transient,0.0
Mumbai,in_domain,dual18(ref),126,drift_plus_noise,1.0,persistent,4.0
Mumbai,in_domain,dual18(ref),126,drift_plus_noise,0.0,persistent,
Mumbai,in_domain,dual18(ref),126,drift_plus_noise,1.0,persistent,5.0
Mumbai,in_domain,dual18(ref),126,bias_plus_spikes,1.0,persistent,9.0
Mumbai,in_domain,dual18(ref),126,bias_plus_spikes,1.0,persistent,0.0
Mumbai,in_domain,dual18(ref),126,bias_plus_spikes,1.0,persistent,2.0
Mumbai,temporal,dual18(ref),126,spike,1.0,transient,0.0
Mumbai,temporal,dual18(ref),126,spike,1.0,transient,0.0
Mumbai,temporal,dual18(ref),126,spike,1.0,transient,0.0
Mumbai,temporal,dual18(ref),126,spike,0.0,transient,
Mumbai,temporal,dual18(ref),126,spike,1.0,transient,0.0
Mumbai,temporal,dual18(ref),126,spike,1.0,transient,0.0
Mumbai,temporal,dual18(ref),126,spike,1.0,transient,0.0
Mumbai,temporal,dual18(ref),126,spike,1.0,transient,0.0
Mumbai,temporal,dual18(ref),126,spike,1.0,transient,0.0
Mumbai,temporal,dual18(ref),126,spike,1.0,transient,0.0
Mumbai,temporal,dual18(ref),126,spike,0.0,transient,
Mumbai,temporal,dual18(ref),126,spike,1.0,transient,0.0
Mumbai,temporal,dual18(ref),126,spike,1.0,transient,0.0
Mumbai,temporal,dual18(ref),126,spike,1.0,transient,0.0
Mumbai,temporal,dual18(ref),126,spike,1.0,transient,0.0
Mumbai,temporal,dual18(ref),126,spike,1.0,transient,0.0
Mumbai,temporal,dual18(ref),126,spike,1.0,transient,0.0
Mumbai,temporal,dual18(ref),126,spike,1.0,transient,0.0
Mumbai,temporal,dual18(ref),126,spike,1.0,transient,0.0
Mumbai,temporal,dual18(ref),126,spike,1.0,transient,0.0
Mumbai,temporal,dual18(ref),126,spike,1.0,transient,0.0
Mumbai,temporal,dual18(ref),126,spike,1.0,transient,0.0
Mumbai,temporal,dual18(ref),126,spike,0.0,transient,
Mumbai,temporal,dual18(ref),126,spike,0.0,transient,
Mumbai,temporal,dual18(ref),126,drift,0.0,persistent,
Mumbai,temporal,dual18(ref),126,drift,1.0,persistent,9.0
Mumbai,temporal,dual18(ref),126,drift,0.0,persistent,
Mumbai,temporal,dual18(ref),126,drift,1.0,persistent,0.0
Mumbai,temporal,dual18(ref),126,drift,1.0,persistent,2.0
Mumbai,temporal,dual18(ref),126,drift,0.0,persistent,
Mumbai,temporal,dual18(ref),126,bias,1.0,persistent,3.0
Mumbai,temporal,dual18(ref),126,bias,0.0,persistent,
Mumbai,temporal,dual18(ref),126,bias,0.0,persistent,
Mumbai,temporal,dual18(ref),126,bias,0.0,persistent,
Mumbai,temporal,dual18(ref),126,bias,0.0,persistent,
Mumbai,temporal,dual18(ref),126,bias,0.0,persistent,
Mumbai,temporal,dual18(ref),126,stuck_at,1.0,persistent,0.0
Mumbai,temporal,dual18(ref),126,stuck_at,1.0,persistent,0.0
Mumbai,temporal,dual18(ref),126,stuck_at,1.0,persistent,0.0
Mumbai,temporal,dual18(ref),126,stuck_at,1.0,persistent,0.0
Mumbai,temporal,dual18(ref),126,stuck_at,1.0,persistent,0.0
Mumbai,temporal,dual18(ref),126,stuck_at,1.0,persistent,0.0
Mumbai,temporal,dual18(ref),126,noise_burst,0.0,persistent,
Mumbai,temporal,dual18(ref),126,noise_burst,1.0,persistent,9.0
Mumbai,temporal,dual18(ref),126,noise_burst,0.0,persistent,
Mumbai,temporal,dual18(ref),126,noise_burst,1.0,persistent,11.0
Mumbai,temporal,dual18(ref),126,noise_burst,1.0,persistent,2.0
Mumbai,temporal,dual18(ref),126,noise_burst,1.0,persistent,6.0
Mumbai,temporal,dual18(ref),126,intermittent_spikes,1.0,transient,0.0
Mumbai,temporal,dual18(ref),126,intermittent_spikes,1.0,transient,0.0
Mumbai,temporal,dual18(ref),126,intermittent_spikes,1.0,transient,0.0
Mumbai,temporal,dual18(ref),126,intermittent_spikes,1.0,transient,0.0
Mumbai,temporal,dual18(ref),126,intermittent_spikes,1.0,transient,0.0
Mumbai,temporal,dual18(ref),126,intermittent_spikes,1.0,transient,0.0
Mumbai,temporal,dual18(ref),126,drift_plus_noise,1.0,persistent,1.0
Mumbai,temporal,dual18(ref),126,drift_plus_noise,0.0,persistent,
Mumbai,temporal,dual18(ref),126,drift_plus_noise,1.0,persistent,3.0
Mumbai,temporal,dual18(ref),126,bias_plus_spikes,1.0,persistent,0.0
Mumbai,temporal,dual18(ref),126,bias_plus_spikes,1.0,persistent,3.0
Mumbai,temporal,dual18(ref),126,bias_plus_spikes,0.0,persistent,
Mumbai,station,dual18(ref),126,spike,1.0,transient,0.0
Mumbai,station,dual18(ref),126,spike,1.0,transient,0.0
Mumbai,station,dual18(ref),126,spike,1.0,transient,0.0
Mumbai,station,dual18(ref),126,spike,1.0,transient,0.0
Mumbai,station,dual18(ref),126,spike,1.0,transient,0.0
Mumbai,station,dual18(ref),126,spike,0.0,transient,
Mumbai,station,dual18(ref),126,spike,1.0,transient,0.0
Mumbai,station,dual18(ref),126,spike,0.0,transient,
Mumbai,station,dual18(ref),126,spike,1.0,transient,0.0
Mumbai,station,dual18(ref),126,spike,1.0,transient,0.0
Mumbai,station,dual18(ref),126,spike,0.0,transient,
Mumbai,station,dual18(ref),126,spike,1.0,transient,0.0
Mumbai,station,dual18(ref),126,spike,1.0,transient,0.0
Mumbai,station,dual18(ref),126,spike,1.0,transient,0.0
Mumbai,station,dual18(ref),126,spike,1.0,transient,0.0
Mumbai,station,dual18(ref),126,spike,1.0,transient,0.0
Mumbai,station,dual18(ref),126,spike,1.0,transient,0.0
Mumbai,station,dual18(ref),126,spike,1.0,transient,0.0
Mumbai,station,dual18(ref),126,spike,1.0,transient,0.0
Mumbai,station,dual18(ref),126,spike,1.0,transient,0.0
Mumbai,station,dual18(ref),126,spike,1.0,transient,0.0
Mumbai,station,dual18(ref),126,spike,1.0,transient,0.0
Mumbai,station,dual18(ref),126,spike,0.0,transient,
Mumbai,station,dual18(ref),126,spike,0.0,transient,
Mumbai,station,dual18(ref),126,drift,0.0,persistent,
Mumbai,station,dual18(ref),126,drift,1.0,persistent,8.0
Mumbai,station,dual18(ref),126,drift,0.0,persistent,
Mumbai,station,dual18(ref),126,drift,1.0,persistent,2.0
Mumbai,station,dual18(ref),126,drift,0.0,persistent,
Mumbai,station,dual18(ref),126,drift,1.0,persistent,11.0
Mumbai,station,dual18(ref),126,bias,1.0,persistent,1.0
Mumbai,station,dual18(ref),126,bias,0.0,persistent,
Mumbai,station,dual18(ref),126,bias,0.0,persistent,
Mumbai,station,dual18(ref),126,bias,0.0,persistent,
Mumbai,station,dual18(ref),126,bias,0.0,persistent,
Mumbai,station,dual18(ref),126,bias,0.0,persistent,
Mumbai,station,dual18(ref),126,stuck_at,1.0,persistent,0.0
Mumbai,station,dual18(ref),126,stuck_at,1.0,persistent,0.0
Mumbai,station,dual18(ref),126,stuck_at,1.0,persistent,0.0
Mumbai,station,dual18(ref),126,stuck_at,1.0,persistent,0.0
Mumbai,station,dual18(ref),126,stuck_at,1.0,persistent,0.0
Mumbai,station,dual18(ref),126,stuck_at,1.0,persistent,0.0
Mumbai,station,dual18(ref),126,noise_burst,0.0,persistent,
Mumbai,station,dual18(ref),126,noise_burst,1.0,persistent,5.0
Mumbai,station,dual18(ref),126,noise_burst,0.0,persistent,
Mumbai,station,dual18(ref),126,noise_burst,1.0,persistent,11.0
Mumbai,station,dual18(ref),126,noise_burst,1.0,persistent,5.0
Mumbai,station,dual18(ref),126,noise_burst,1.0,persistent,6.0
Mumbai,station,dual18(ref),126,intermittent_spikes,1.0,transient,0.0
Mumbai,station,dual18(ref),126,intermittent_spikes,1.0,transient,0.0
Mumbai,station,dual18(ref),126,intermittent_spikes,1.0,transient,0.0
Mumbai,station,dual18(ref),126,intermittent_spikes,1.0,transient,0.0
Mumbai,station,dual18(ref),126,intermittent_spikes,1.0,transient,0.0
Mumbai,station,dual18(ref),126,intermittent_spikes,1.0,transient,0.0
Mumbai,station,dual18(ref),126,drift_plus_noise,1.0,persistent,8.0
Mumbai,station,dual18(ref),126,drift_plus_noise,0.0,persistent,
Mumbai,station,dual18(ref),126,drift_plus_noise,1.0,persistent,3.0
Mumbai,station,dual18(ref),126,bias_plus_spikes,1.0,persistent,0.0
Mumbai,station,dual18(ref),126,bias_plus_spikes,1.0,persistent,3.0
Mumbai,station,dual18(ref),126,bias_plus_spikes,0.0,persistent,
Chennai,in_domain,baseline16,104,spike,1.0,transient,0.0
Chennai,in_domain,baseline16,104,spike,1.0,transient,0.0
Chennai,in_domain,baseline16,104,spike,0.0,transient,
Chennai,in_domain,baseline16,104,spike,1.0,transient,0.0
Chennai,in_domain,baseline16,104,spike,0.0,transient,
Chennai,in_domain,baseline16,104,spike,1.0,transient,0.0
Chennai,in_domain,baseline16,104,spike,0.0,transient,
Chennai,in_domain,baseline16,104,spike,0.0,transient,
Chennai,in_domain,baseline16,104,spike,0.0,transient,
Chennai,in_domain,baseline16,104,spike,1.0,transient,0.0
Chennai,in_domain,baseline16,104,spike,0.0,transient,
Chennai,in_domain,baseline16,104,spike,1.0,transient,0.0
Chennai,in_domain,baseline16,104,spike,1.0,transient,0.0
Chennai,in_domain,baseline16,104,spike,1.0,transient,0.0
Chennai,in_domain,baseline16,104,spike,1.0,transient,0.0
Chennai,in_domain,baseline16,104,spike,1.0,transient,0.0
Chennai,in_domain,baseline16,104,spike,1.0,transient,0.0
Chennai,in_domain,baseline16,104,spike,1.0,transient,0.0
Chennai,in_domain,baseline16,104,spike,1.0,transient,0.0
Chennai,in_domain,baseline16,104,spike,1.0,transient,0.0
Chennai,in_domain,baseline16,104,spike,1.0,transient,0.0
Chennai,in_domain,baseline16,104,spike,1.0,transient,0.0
Chennai,in_domain,baseline16,104,spike,0.0,transient,
Chennai,in_domain,baseline16,104,spike,1.0,transient,0.0
Chennai,in_domain,baseline16,104,drift,1.0,persistent,3.0
Chennai,in_domain,baseline16,104,drift,0.0,persistent,
Chennai,in_domain,baseline16,104,drift,1.0,persistent,4.0
Chennai,in_domain,baseline16,104,drift,0.0,persistent,
Chennai,in_domain,baseline16,104,drift,1.0,persistent,10.0
Chennai,in_domain,baseline16,104,drift,1.0,persistent,7.0
Chennai,in_domain,baseline16,104,bias,0.0,persistent,
Chennai,in_domain,baseline16,104,bias,0.0,persistent,
Chennai,in_domain,baseline16,104,bias,0.0,persistent,
Chennai,in_domain,baseline16,104,bias,0.0,persistent,
Chennai,in_domain,baseline16,104,bias,0.0,persistent,
Chennai,in_domain,baseline16,104,bias,0.0,persistent,
Chennai,in_domain,baseline16,104,stuck_at,1.0,persistent,0.0
Chennai,in_domain,baseline16,104,stuck_at,1.0,persistent,0.0
Chennai,in_domain,baseline16,104,stuck_at,1.0,persistent,0.0
Chennai,in_domain,baseline16,104,stuck_at,1.0,persistent,0.0
Chennai,in_domain,baseline16,104,stuck_at,1.0,persistent,0.0
Chennai,in_domain,baseline16,104,stuck_at,1.0,persistent,0.0
Chennai,in_domain,baseline16,104,noise_burst,0.0,persistent,
Chennai,in_domain,baseline16,104,noise_burst,0.0,persistent,
Chennai,in_domain,baseline16,104,noise_burst,0.0,persistent,
Chennai,in_domain,baseline16,104,noise_burst,1.0,persistent,0.0
Chennai,in_domain,baseline16,104,noise_burst,1.0,persistent,0.0
Chennai,in_domain,baseline16,104,noise_burst,1.0,persistent,1.0
Chennai,in_domain,baseline16,104,intermittent_spikes,1.0,transient,3.0
Chennai,in_domain,baseline16,104,intermittent_spikes,1.0,transient,0.0
Chennai,in_domain,baseline16,104,intermittent_spikes,1.0,transient,0.0
Chennai,in_domain,baseline16,104,intermittent_spikes,1.0,transient,0.0
Chennai,in_domain,baseline16,104,intermittent_spikes,1.0,transient,0.0
Chennai,in_domain,baseline16,104,intermittent_spikes,1.0,transient,2.0
Chennai,in_domain,baseline16,104,drift_plus_noise,1.0,persistent,3.0
Chennai,in_domain,baseline16,104,drift_plus_noise,1.0,persistent,5.0
Chennai,in_domain,baseline16,104,drift_plus_noise,1.0,persistent,6.0
Chennai,in_domain,baseline16,104,bias_plus_spikes,1.0,persistent,0.0
Chennai,in_domain,baseline16,104,bias_plus_spikes,1.0,persistent,2.0
Chennai,in_domain,baseline16,104,bias_plus_spikes,1.0,persistent,0.0
Chennai,temporal,baseline16,104,spike,1.0,transient,0.0
Chennai,temporal,baseline16,104,spike,0.0,transient,
Chennai,temporal,baseline16,104,spike,0.0,transient,
Chennai,temporal,baseline16,104,spike,1.0,transient,0.0
Chennai,temporal,baseline16,104,spike,1.0,transient,0.0
Chennai,temporal,baseline16,104,spike,1.0,transient,0.0
Chennai,temporal,baseline16,104,spike,0.0,transient,
Chennai,temporal,baseline16,104,spike,1.0,transient,0.0
Chennai,temporal,baseline16,104,spike,0.0,transient,
Chennai,temporal,baseline16,104,spike,0.0,transient,
Chennai,temporal,baseline16,104,spike,0.0,transient,
Chennai,temporal,baseline16,104,spike,1.0,transient,0.0
Chennai,temporal,baseline16,104,spike,1.0,transient,0.0
Chennai,temporal,baseline16,104,spike,1.0,transient,0.0
Chennai,temporal,baseline16,104,spike,1.0,transient,0.0
Chennai,temporal,baseline16,104,spike,1.0,transient,0.0
Chennai,temporal,baseline16,104,spike,1.0,transient,0.0
Chennai,temporal,baseline16,104,spike,1.0,transient,0.0
Chennai,temporal,baseline16,104,spike,1.0,transient,0.0
Chennai,temporal,baseline16,104,spike,1.0,transient,0.0
Chennai,temporal,baseline16,104,spike,1.0,transient,0.0
Chennai,temporal,baseline16,104,spike,1.0,transient,0.0
Chennai,temporal,baseline16,104,spike,0.0,transient,
Chennai,temporal,baseline16,104,spike,1.0,transient,0.0
Chennai,temporal,baseline16,104,drift,0.0,persistent,
Chennai,temporal,baseline16,104,drift,1.0,persistent,12.0
Chennai,temporal,baseline16,104,drift,0.0,persistent,
Chennai,temporal,baseline16,104,drift,0.0,persistent,
Chennai,temporal,baseline16,104,drift,0.0,persistent,
Chennai,temporal,baseline16,104,drift,1.0,persistent,8.0
Chennai,temporal,baseline16,104,bias,0.0,persistent,
Chennai,temporal,baseline16,104,bias,1.0,persistent,2.0
Chennai,temporal,baseline16,104,bias,1.0,persistent,1.0
Chennai,temporal,baseline16,104,bias,0.0,persistent,
Chennai,temporal,baseline16,104,bias,0.0,persistent,
Chennai,temporal,baseline16,104,bias,1.0,persistent,0.0
Chennai,temporal,baseline16,104,stuck_at,1.0,persistent,0.0
Chennai,temporal,baseline16,104,stuck_at,1.0,persistent,0.0
Chennai,temporal,baseline16,104,stuck_at,1.0,persistent,0.0
Chennai,temporal,baseline16,104,stuck_at,1.0,persistent,0.0
Chennai,temporal,baseline16,104,stuck_at,1.0,persistent,0.0
Chennai,temporal,baseline16,104,stuck_at,1.0,persistent,0.0
Chennai,temporal,baseline16,104,noise_burst,0.0,persistent,
Chennai,temporal,baseline16,104,noise_burst,0.0,persistent,
Chennai,temporal,baseline16,104,noise_burst,1.0,persistent,5.0
Chennai,temporal,baseline16,104,noise_burst,1.0,persistent,0.0
Chennai,temporal,baseline16,104,noise_burst,1.0,persistent,2.0
Chennai,temporal,baseline16,104,noise_burst,1.0,persistent,1.0
Chennai,temporal,baseline16,104,intermittent_spikes,1.0,transient,0.0
Chennai,temporal,baseline16,104,intermittent_spikes,1.0,transient,0.0
Chennai,temporal,baseline16,104,intermittent_spikes,1.0,transient,0.0
Chennai,temporal,baseline16,104,intermittent_spikes,1.0,transient,0.0
Chennai,temporal,baseline16,104,intermittent_spikes,1.0,transient,0.0
Chennai,temporal,baseline16,104,intermittent_spikes,1.0,transient,2.0
Chennai,temporal,baseline16,104,drift_plus_noise,1.0,persistent,13.0
Chennai,temporal,baseline16,104,drift_plus_noise,1.0,persistent,3.0
Chennai,temporal,baseline16,104,drift_plus_noise,1.0,persistent,7.0
Chennai,temporal,baseline16,104,bias_plus_spikes,0.0,persistent,
Chennai,temporal,baseline16,104,bias_plus_spikes,1.0,persistent,5.0
Chennai,temporal,baseline16,104,bias_plus_spikes,1.0,persistent,0.0
Chennai,station,baseline16,104,spike,1.0,transient,0.0
Chennai,station,baseline16,104,spike,0.0,transient,
Chennai,station,baseline16,104,spike,0.0,transient,
Chennai,station,baseline16,104,spike,1.0,transient,0.0
Chennai,station,baseline16,104,spike,1.0,transient,0.0
Chennai,station,baseline16,104,spike,1.0,transient,0.0
Chennai,station,baseline16,104,spike,0.0,transient,
Chennai,station,baseline16,104,spike,1.0,transient,0.0
Chennai,station,baseline16,104,spike,0.0,transient,
Chennai,station,baseline16,104,spike,0.0,transient,
Chennai,station,baseline16,104,spike,1.0,transient,0.0
Chennai,station,baseline16,104,spike,0.0,transient,
Chennai,station,baseline16,104,spike,1.0,transient,0.0
Chennai,station,baseline16,104,spike,1.0,transient,0.0
Chennai,station,baseline16,104,spike,1.0,transient,0.0
Chennai,station,baseline16,104,spike,1.0,transient,0.0
Chennai,station,baseline16,104,spike,1.0,transient,0.0
Chennai,station,baseline16,104,spike,1.0,transient,0.0
Chennai,station,baseline16,104,spike,1.0,transient,0.0
Chennai,station,baseline16,104,spike,1.0,transient,0.0
Chennai,station,baseline16,104,spike,1.0,transient,0.0
Chennai,station,baseline16,104,spike,1.0,transient,0.0
Chennai,station,baseline16,104,spike,0.0,transient,
Chennai,station,baseline16,104,spike,1.0,transient,0.0
Chennai,station,baseline16,104,drift,1.0,persistent,9.0
Chennai,station,baseline16,104,drift,0.0,persistent,
Chennai,station,baseline16,104,drift,0.0,persistent,
Chennai,station,baseline16,104,drift,0.0,persistent,
Chennai,station,baseline16,104,drift,1.0,persistent,12.0
Chennai,station,baseline16,104,drift,1.0,persistent,8.0
Chennai,station,baseline16,104,bias,0.0,persistent,
Chennai,station,baseline16,104,bias,1.0,persistent,2.0
Chennai,station,baseline16,104,bias,1.0,persistent,2.0
Chennai,station,baseline16,104,bias,1.0,persistent,6.0
Chennai,station,baseline16,104,bias,0.0,persistent,
Chennai,station,baseline16,104,bias,1.0,persistent,0.0
Chennai,station,baseline16,104,stuck_at,1.0,persistent,0.0
Chennai,station,baseline16,104,stuck_at,1.0,persistent,0.0
Chennai,station,baseline16,104,stuck_at,1.0,persistent,0.0
Chennai,station,baseline16,104,stuck_at,1.0,persistent,0.0
Chennai,station,baseline16,104,stuck_at,1.0,persistent,0.0
Chennai,station,baseline16,104,stuck_at,1.0,persistent,0.0
Chennai,station,baseline16,104,noise_burst,0.0,persistent,
Chennai,station,baseline16,104,noise_burst,1.0,persistent,4.0
Chennai,station,baseline16,104,noise_burst,1.0,persistent,5.0
Chennai,station,baseline16,104,noise_burst,1.0,persistent,0.0
Chennai,station,baseline16,104,noise_burst,1.0,persistent,2.0
Chennai,station,baseline16,104,noise_burst,1.0,persistent,1.0
Chennai,station,baseline16,104,intermittent_spikes,1.0,transient,2.0
Chennai,station,baseline16,104,intermittent_spikes,1.0,transient,0.0
Chennai,station,baseline16,104,intermittent_spikes,1.0,transient,0.0
Chennai,station,baseline16,104,intermittent_spikes,1.0,transient,0.0
Chennai,station,baseline16,104,intermittent_spikes,1.0,transient,0.0
Chennai,station,baseline16,104,intermittent_spikes,1.0,transient,0.0
Chennai,station,baseline16,104,drift_plus_noise,1.0,persistent,13.0
Chennai,station,baseline16,104,drift_plus_noise,1.0,persistent,3.0
Chennai,station,baseline16,104,drift_plus_noise,0.0,persistent,
Chennai,station,baseline16,104,bias_plus_spikes,0.0,persistent,
Chennai,station,baseline16,104,bias_plus_spikes,1.0,persistent,5.0
Chennai,station,baseline16,104,bias_plus_spikes,1.0,persistent,0.0
Chennai,in_domain,baseline16,115,spike,1.0,transient,0.0
Chennai,in_domain,baseline16,115,spike,1.0,transient,0.0
Chennai,in_domain,baseline16,115,spike,0.0,transient,
Chennai,in_domain,baseline16,115,spike,1.0,transient,0.0
Chennai,in_domain,baseline16,115,spike,1.0,transient,0.0
Chennai,in_domain,baseline16,115,spike,1.0,transient,0.0
Chennai,in_domain,baseline16,115,spike,0.0,transient,
Chennai,in_domain,baseline16,115,spike,1.0,transient,0.0
Chennai,in_domain,baseline16,115,spike,0.0,transient,
Chennai,in_domain,baseline16,115,spike,1.0,transient,0.0
Chennai,in_domain,baseline16,115,spike,1.0,transient,0.0
Chennai,in_domain,baseline16,115,spike,1.0,transient,0.0
Chennai,in_domain,baseline16,115,spike,1.0,transient,0.0
Chennai,in_domain,baseline16,115,spike,1.0,transient,0.0
Chennai,in_domain,baseline16,115,spike,1.0,transient,0.0
Chennai,in_domain,baseline16,115,spike,0.0,transient,
Chennai,in_domain,baseline16,115,spike,1.0,transient,0.0
Chennai,in_domain,baseline16,115,spike,1.0,transient,0.0
Chennai,in_domain,baseline16,115,spike,1.0,transient,0.0
Chennai,in_domain,baseline16,115,spike,1.0,transient,0.0
Chennai,in_domain,baseline16,115,spike,0.0,transient,
Chennai,in_domain,baseline16,115,spike,1.0,transient,0.0
Chennai,in_domain,baseline16,115,spike,1.0,transient,0.0
Chennai,in_domain,baseline16,115,spike,1.0,transient,0.0
Chennai,in_domain,baseline16,115,drift,1.0,persistent,14.0
Chennai,in_domain,baseline16,115,drift,0.0,persistent,
Chennai,in_domain,baseline16,115,drift,1.0,persistent,7.0
Chennai,in_domain,baseline16,115,drift,0.0,persistent,
Chennai,in_domain,baseline16,115,drift,1.0,persistent,9.0
Chennai,in_domain,baseline16,115,drift,1.0,persistent,0.0
Chennai,in_domain,baseline16,115,bias,0.0,persistent,
Chennai,in_domain,baseline16,115,bias,0.0,persistent,
Chennai,in_domain,baseline16,115,bias,1.0,persistent,7.0
Chennai,in_domain,baseline16,115,bias,1.0,persistent,2.0
Chennai,in_domain,baseline16,115,bias,0.0,persistent,
Chennai,in_domain,baseline16,115,bias,0.0,persistent,
Chennai,in_domain,baseline16,115,stuck_at,1.0,persistent,0.0
Chennai,in_domain,baseline16,115,stuck_at,1.0,persistent,0.0
Chennai,in_domain,baseline16,115,stuck_at,1.0,persistent,0.0
Chennai,in_domain,baseline16,115,stuck_at,1.0,persistent,0.0
Chennai,in_domain,baseline16,115,stuck_at,1.0,persistent,0.0
Chennai,in_domain,baseline16,115,stuck_at,1.0,persistent,0.0
Chennai,in_domain,baseline16,115,noise_burst,0.0,persistent,
Chennai,in_domain,baseline16,115,noise_burst,0.0,persistent,
Chennai,in_domain,baseline16,115,noise_burst,1.0,persistent,8.0
Chennai,in_domain,baseline16,115,noise_burst,1.0,persistent,0.0
Chennai,in_domain,baseline16,115,noise_burst,1.0,persistent,4.0
Chennai,in_domain,baseline16,115,noise_burst,1.0,persistent,2.0
Chennai,in_domain,baseline16,115,intermittent_spikes,1.0,transient,0.0
Chennai,in_domain,baseline16,115,intermittent_spikes,1.0,transient,0.0
Chennai,in_domain,baseline16,115,intermittent_spikes,1.0,transient,0.0
Chennai,in_domain,baseline16,115,intermittent_spikes,1.0,transient,0.0
Chennai,in_domain,baseline16,115,intermittent_spikes,1.0,transient,0.0
Chennai,in_domain,baseline16,115,intermittent_spikes,1.0,transient,0.0
Chennai,in_domain,baseline16,115,drift_plus_noise,0.0,persistent,
Chennai,in_domain,baseline16,115,drift_plus_noise,1.0,persistent,6.0
Chennai,in_domain,baseline16,115,drift_plus_noise,1.0,persistent,10.0
Chennai,in_domain,baseline16,115,bias_plus_spikes,1.0,persistent,0.0
Chennai,in_domain,baseline16,115,bias_plus_spikes,1.0,persistent,7.0
Chennai,in_domain,baseline16,115,bias_plus_spikes,1.0,persistent,1.0
Chennai,temporal,baseline16,115,spike,1.0,transient,0.0
Chennai,temporal,baseline16,115,spike,1.0,transient,0.0
Chennai,temporal,baseline16,115,spike,0.0,transient,
Chennai,temporal,baseline16,115,spike,0.0,transient,
Chennai,temporal,baseline16,115,spike,1.0,transient,0.0
Chennai,temporal,baseline16,115,spike,1.0,transient,0.0
Chennai,temporal,baseline16,115,spike,0.0,transient,
Chennai,temporal,baseline16,115,spike,0.0,transient,
Chennai,temporal,baseline16,115,spike,1.0,transient,0.0
Chennai,temporal,baseline16,115,spike,1.0,transient,0.0
Chennai,temporal,baseline16,115,spike,1.0,transient,0.0
Chennai,temporal,baseline16,115,spike,0.0,transient,
Chennai,temporal,baseline16,115,spike,1.0,transient,0.0
Chennai,temporal,baseline16,115,spike,0.0,transient,
Chennai,temporal,baseline16,115,spike,1.0,transient,0.0
Chennai,temporal,baseline16,115,spike,1.0,transient,0.0
Chennai,temporal,baseline16,115,spike,1.0,transient,0.0
Chennai,temporal,baseline16,115,spike,0.0,transient,
Chennai,temporal,baseline16,115,spike,1.0,transient,0.0
Chennai,temporal,baseline16,115,spike,1.0,transient,0.0
Chennai,temporal,baseline16,115,spike,1.0,transient,0.0
Chennai,temporal,baseline16,115,spike,1.0,transient,0.0
Chennai,temporal,baseline16,115,spike,1.0,transient,0.0
Chennai,temporal,baseline16,115,spike,1.0,transient,0.0
Chennai,temporal,baseline16,115,drift,1.0,persistent,14.0
Chennai,temporal,baseline16,115,drift,1.0,persistent,1.0
Chennai,temporal,baseline16,115,drift,0.0,persistent,
Chennai,temporal,baseline16,115,drift,0.0,persistent,
Chennai,temporal,baseline16,115,drift,0.0,persistent,
Chennai,temporal,baseline16,115,drift,0.0,persistent,
Chennai,temporal,baseline16,115,bias,0.0,persistent,
Chennai,temporal,baseline16,115,bias,0.0,persistent,
Chennai,temporal,baseline16,115,bias,0.0,persistent,
Chennai,temporal,baseline16,115,bias,0.0,persistent,
Chennai,temporal,baseline16,115,bias,1.0,persistent,1.0
Chennai,temporal,baseline16,115,bias,0.0,persistent,
Chennai,temporal,baseline16,115,stuck_at,1.0,persistent,0.0
Chennai,temporal,baseline16,115,stuck_at,1.0,persistent,0.0
Chennai,temporal,baseline16,115,stuck_at,1.0,persistent,0.0
Chennai,temporal,baseline16,115,stuck_at,1.0,persistent,0.0
Chennai,temporal,baseline16,115,stuck_at,1.0,persistent,0.0
Chennai,temporal,baseline16,115,stuck_at,1.0,persistent,0.0
Chennai,temporal,baseline16,115,noise_burst,1.0,persistent,9.0
Chennai,temporal,baseline16,115,noise_burst,1.0,persistent,2.0
Chennai,temporal,baseline16,115,noise_burst,1.0,persistent,2.0
Chennai,temporal,baseline16,115,noise_burst,1.0,persistent,0.0
Chennai,temporal,baseline16,115,noise_burst,0.0,persistent,
Chennai,temporal,baseline16,115,noise_burst,1.0,persistent,0.0
Chennai,temporal,baseline16,115,intermittent_spikes,1.0,transient,0.0
Chennai,temporal,baseline16,115,intermittent_spikes,1.0,transient,0.0
Chennai,temporal,baseline16,115,intermittent_spikes,1.0,transient,0.0
Chennai,temporal,baseline16,115,intermittent_spikes,1.0,transient,0.0
Chennai,temporal,baseline16,115,intermittent_spikes,1.0,transient,0.0
Chennai,temporal,baseline16,115,intermittent_spikes,1.0,transient,0.0
Chennai,temporal,baseline16,115,drift_plus_noise,0.0,persistent,
Chennai,temporal,baseline16,115,drift_plus_noise,1.0,persistent,6.0
Chennai,temporal,baseline16,115,drift_plus_noise,0.0,persistent,
Chennai,temporal,baseline16,115,bias_plus_spikes,1.0,persistent,4.0
Chennai,temporal,baseline16,115,bias_plus_spikes,1.0,persistent,0.0
Chennai,temporal,baseline16,115,bias_plus_spikes,0.0,persistent,
Chennai,station,baseline16,115,spike,1.0,transient,0.0
Chennai,station,baseline16,115,spike,1.0,transient,0.0
Chennai,station,baseline16,115,spike,0.0,transient,
Chennai,station,baseline16,115,spike,0.0,transient,
Chennai,station,baseline16,115,spike,1.0,transient,0.0
Chennai,station,baseline16,115,spike,1.0,transient,0.0
Chennai,station,baseline16,115,spike,0.0,transient,
Chennai,station,baseline16,115,spike,0.0,transient,
Chennai,station,baseline16,115,spike,1.0,transient,0.0
Chennai,station,baseline16,115,spike,1.0,transient,0.0
Chennai,station,baseline16,115,spike,1.0,transient,0.0
Chennai,station,baseline16,115,spike,1.0,transient,0.0
Chennai,station,baseline16,115,spike,1.0,transient,0.0
Chennai,station,baseline16,115,spike,0.0,transient,
Chennai,station,baseline16,115,spike,1.0,transient,0.0
Chennai,station,baseline16,115,spike,1.0,transient,0.0
Chennai,station,baseline16,115,spike,1.0,transient,0.0
Chennai,station,baseline16,115,spike,0.0,transient,
Chennai,station,baseline16,115,spike,1.0,transient,0.0
Chennai,station,baseline16,115,spike,1.0,transient,0.0
Chennai,station,baseline16,115,spike,1.0,transient,0.0
Chennai,station,baseline16,115,spike,1.0,transient,0.0
Chennai,station,baseline16,115,spike,1.0,transient,0.0
Chennai,station,baseline16,115,spike,1.0,transient,0.0
Chennai,station,baseline16,115,drift,0.0,persistent,
Chennai,station,baseline16,115,drift,1.0,persistent,1.0
Chennai,station,baseline16,115,drift,0.0,persistent,
Chennai,station,baseline16,115,drift,1.0,persistent,13.0
Chennai,station,baseline16,115,drift,0.0,persistent,
Chennai,station,baseline16,115,drift,0.0,persistent,
Chennai,station,baseline16,115,bias,0.0,persistent,
Chennai,station,baseline16,115,bias,0.0,persistent,
Chennai,station,baseline16,115,bias,0.0,persistent,
Chennai,station,baseline16,115,bias,0.0,persistent,
Chennai,station,baseline16,115,bias,1.0,persistent,1.0
Chennai,station,baseline16,115,bias,0.0,persistent,
Chennai,station,baseline16,115,stuck_at,1.0,persistent,0.0
Chennai,station,baseline16,115,stuck_at,1.0,persistent,0.0
Chennai,station,baseline16,115,stuck_at,1.0,persistent,0.0
Chennai,station,baseline16,115,stuck_at,1.0,persistent,0.0
Chennai,station,baseline16,115,stuck_at,1.0,persistent,0.0
Chennai,station,baseline16,115,stuck_at,1.0,persistent,0.0
Chennai,station,baseline16,115,noise_burst,0.0,persistent,
Chennai,station,baseline16,115,noise_burst,1.0,persistent,2.0
Chennai,station,baseline16,115,noise_burst,1.0,persistent,8.0
Chennai,station,baseline16,115,noise_burst,1.0,persistent,0.0
Chennai,station,baseline16,115,noise_burst,0.0,persistent,
Chennai,station,baseline16,115,noise_burst,1.0,persistent,0.0
Chennai,station,baseline16,115,intermittent_spikes,1.0,transient,0.0
Chennai,station,baseline16,115,intermittent_spikes,1.0,transient,0.0
Chennai,station,baseline16,115,intermittent_spikes,1.0,transient,0.0
Chennai,station,baseline16,115,intermittent_spikes,1.0,transient,0.0
Chennai,station,baseline16,115,intermittent_spikes,1.0,transient,0.0
Chennai,station,baseline16,115,intermittent_spikes,1.0,transient,0.0
Chennai,station,baseline16,115,drift_plus_noise,0.0,persistent,
Chennai,station,baseline16,115,drift_plus_noise,1.0,persistent,8.0
Chennai,station,baseline16,115,drift_plus_noise,0.0,persistent,
Chennai,station,baseline16,115,bias_plus_spikes,1.0,persistent,4.0
Chennai,station,baseline16,115,bias_plus_spikes,1.0,persistent,0.0
Chennai,station,baseline16,115,bias_plus_spikes,0.0,persistent,
Chennai,in_domain,baseline16,126,spike,1.0,transient,0.0
Chennai,in_domain,baseline16,126,spike,1.0,transient,0.0
Chennai,in_domain,baseline16,126,spike,0.0,transient,
Chennai,in_domain,baseline16,126,spike,0.0,transient,
Chennai,in_domain,baseline16,126,spike,1.0,transient,0.0
Chennai,in_domain,baseline16,126,spike,1.0,transient,0.0
Chennai,in_domain,baseline16,126,spike,0.0,transient,
Chennai,in_domain,baseline16,126,spike,1.0,transient,0.0
Chennai,in_domain,baseline16,126,spike,0.0,transient,
Chennai,in_domain,baseline16,126,spike,1.0,transient,0.0
Chennai,in_domain,baseline16,126,spike,1.0,transient,0.0
Chennai,in_domain,baseline16,126,spike,1.0,transient,0.0
Chennai,in_domain,baseline16,126,spike,1.0,transient,0.0
Chennai,in_domain,baseline16,126,spike,1.0,transient,0.0
Chennai,in_domain,baseline16,126,spike,1.0,transient,0.0
Chennai,in_domain,baseline16,126,spike,1.0,transient,0.0
Chennai,in_domain,baseline16,126,spike,1.0,transient,0.0
Chennai,in_domain,baseline16,126,spike,1.0,transient,0.0
Chennai,in_domain,baseline16,126,spike,1.0,transient,0.0
Chennai,in_domain,baseline16,126,spike,0.0,transient,
Chennai,in_domain,baseline16,126,spike,1.0,transient,0.0
Chennai,in_domain,baseline16,126,spike,1.0,transient,0.0
Chennai,in_domain,baseline16,126,spike,1.0,transient,0.0
Chennai,in_domain,baseline16,126,spike,1.0,transient,0.0
Chennai,in_domain,baseline16,126,drift,0.0,persistent,
Chennai,in_domain,baseline16,126,drift,1.0,persistent,10.0
Chennai,in_domain,baseline16,126,drift,0.0,persistent,
Chennai,in_domain,baseline16,126,drift,1.0,persistent,4.0
Chennai,in_domain,baseline16,126,drift,1.0,persistent,6.0
Chennai,in_domain,baseline16,126,drift,1.0,persistent,7.0
Chennai,in_domain,baseline16,126,bias,1.0,persistent,0.0
Chennai,in_domain,baseline16,126,bias,0.0,persistent,
Chennai,in_domain,baseline16,126,bias,0.0,persistent,
Chennai,in_domain,baseline16,126,bias,1.0,persistent,4.0
Chennai,in_domain,baseline16,126,bias,0.0,persistent,
Chennai,in_domain,baseline16,126,bias,1.0,persistent,7.0
Chennai,in_domain,baseline16,126,stuck_at,1.0,persistent,0.0
Chennai,in_domain,baseline16,126,stuck_at,1.0,persistent,0.0
Chennai,in_domain,baseline16,126,stuck_at,1.0,persistent,0.0
Chennai,in_domain,baseline16,126,stuck_at,1.0,persistent,0.0
Chennai,in_domain,baseline16,126,stuck_at,1.0,persistent,0.0
Chennai,in_domain,baseline16,126,stuck_at,1.0,persistent,0.0
Chennai,in_domain,baseline16,126,noise_burst,1.0,persistent,0.0
Chennai,in_domain,baseline16,126,noise_burst,0.0,persistent,
Chennai,in_domain,baseline16,126,noise_burst,1.0,persistent,2.0
Chennai,in_domain,baseline16,126,noise_burst,1.0,persistent,10.0
Chennai,in_domain,baseline16,126,noise_burst,1.0,persistent,2.0
Chennai,in_domain,baseline16,126,noise_burst,1.0,persistent,6.0
Chennai,in_domain,baseline16,126,intermittent_spikes,1.0,transient,0.0
Chennai,in_domain,baseline16,126,intermittent_spikes,1.0,transient,0.0
Chennai,in_domain,baseline16,126,intermittent_spikes,1.0,transient,0.0
Chennai,in_domain,baseline16,126,intermittent_spikes,1.0,transient,0.0
Chennai,in_domain,baseline16,126,intermittent_spikes,1.0,transient,0.0
Chennai,in_domain,baseline16,126,intermittent_spikes,1.0,transient,0.0
Chennai,in_domain,baseline16,126,drift_plus_noise,1.0,persistent,5.0
Chennai,in_domain,baseline16,126,drift_plus_noise,1.0,persistent,9.0
Chennai,in_domain,baseline16,126,drift_plus_noise,1.0,persistent,2.0
Chennai,in_domain,baseline16,126,bias_plus_spikes,1.0,persistent,10.0
Chennai,in_domain,baseline16,126,bias_plus_spikes,1.0,persistent,0.0
Chennai,in_domain,baseline16,126,bias_plus_spikes,1.0,persistent,2.0
Chennai,temporal,baseline16,126,spike,0.0,transient,
Chennai,temporal,baseline16,126,spike,1.0,transient,0.0
Chennai,temporal,baseline16,126,spike,0.0,transient,
Chennai,temporal,baseline16,126,spike,0.0,transient,
Chennai,temporal,baseline16,126,spike,1.0,transient,0.0
Chennai,temporal,baseline16,126,spike,0.0,transient,
Chennai,temporal,baseline16,126,spike,0.0,transient,
Chennai,temporal,baseline16,126,spike,1.0,transient,0.0
Chennai,temporal,baseline16,126,spike,0.0,transient,
Chennai,temporal,baseline16,126,spike,1.0,transient,0.0
Chennai,temporal,baseline16,126,spike,1.0,transient,0.0
Chennai,temporal,baseline16,126,spike,1.0,transient,0.0
Chennai,temporal,baseline16,126,spike,1.0,transient,0.0
Chennai,temporal,baseline16,126,spike,0.0,transient,
Chennai,temporal,baseline16,126,spike,1.0,transient,0.0
Chennai,temporal,baseline16,126,spike,1.0,transient,0.0
Chennai,temporal,baseline16,126,spike,1.0,transient,0.0
Chennai,temporal,baseline16,126,spike,1.0,transient,0.0
Chennai,temporal,baseline16,126,spike,1.0,transient,0.0
Chennai,temporal,baseline16,126,spike,0.0,transient,
Chennai,temporal,baseline16,126,spike,1.0,transient,0.0
Chennai,temporal,baseline16,126,spike,1.0,transient,0.0
Chennai,temporal,baseline16,126,spike,0.0,transient,
Chennai,temporal,baseline16,126,spike,0.0,transient,
Chennai,temporal,baseline16,126,drift,0.0,persistent,
Chennai,temporal,baseline16,126,drift,0.0,persistent,
Chennai,temporal,baseline16,126,drift,0.0,persistent,
Chennai,temporal,baseline16,126,drift,1.0,persistent,12.0
Chennai,temporal,baseline16,126,drift,1.0,persistent,0.0
Chennai,temporal,baseline16,126,drift,1.0,persistent,3.0
Chennai,temporal,baseline16,126,bias,1.0,persistent,2.0
Chennai,temporal,baseline16,126,bias,0.0,persistent,
Chennai,temporal,baseline16,126,bias,0.0,persistent,
Chennai,temporal,baseline16,126,bias,0.0,persistent,
Chennai,temporal,baseline16,126,bias,0.0,persistent,
Chennai,temporal,baseline16,126,bias,1.0,persistent,8.0
Chennai,temporal,baseline16,126,stuck_at,1.0,persistent,0.0
Chennai,temporal,baseline16,126,stuck_at,1.0,persistent,0.0
Chennai,temporal,baseline16,126,stuck_at,1.0,persistent,0.0
Chennai,temporal,baseline16,126,stuck_at,1.0,persistent,0.0
Chennai,temporal,baseline16,126,stuck_at,1.0,persistent,0.0
Chennai,temporal,baseline16,126,stuck_at,1.0,persistent,0.0
Chennai,temporal,baseline16,126,noise_burst,1.0,persistent,0.0
Chennai,temporal,baseline16,126,noise_burst,0.0,persistent,
Chennai,temporal,baseline16,126,noise_burst,0.0,persistent,
Chennai,temporal,baseline16,126,noise_burst,1.0,persistent,8.0
Chennai,temporal,baseline16,126,noise_burst,0.0,persistent,
Chennai,temporal,baseline16,126,noise_burst,1.0,persistent,0.0
Chennai,temporal,baseline16,126,intermittent_spikes,1.0,transient,0.0
Chennai,temporal,baseline16,126,intermittent_spikes,1.0,transient,0.0
Chennai,temporal,baseline16,126,intermittent_spikes,1.0,transient,0.0
Chennai,temporal,baseline16,126,intermittent_spikes,1.0,transient,0.0
Chennai,temporal,baseline16,126,intermittent_spikes,1.0,transient,0.0
Chennai,temporal,baseline16,126,intermittent_spikes,1.0,transient,0.0
Chennai,temporal,baseline16,126,drift_plus_noise,0.0,persistent,
Chennai,temporal,baseline16,126,drift_plus_noise,1.0,persistent,12.0
Chennai,temporal,baseline16,126,drift_plus_noise,1.0,persistent,5.0
Chennai,temporal,baseline16,126,bias_plus_spikes,1.0,persistent,0.0
Chennai,temporal,baseline16,126,bias_plus_spikes,1.0,persistent,3.0
Chennai,temporal,baseline16,126,bias_plus_spikes,1.0,persistent,2.0
Chennai,station,baseline16,126,spike,0.0,transient,
Chennai,station,baseline16,126,spike,0.0,transient,
Chennai,station,baseline16,126,spike,0.0,transient,
Chennai,station,baseline16,126,spike,1.0,transient,0.0
Chennai,station,baseline16,126,spike,1.0,transient,0.0
Chennai,station,baseline16,126,spike,0.0,transient,
Chennai,station,baseline16,126,spike,0.0,transient,
Chennai,station,baseline16,126,spike,1.0,transient,0.0
Chennai,station,baseline16,126,spike,0.0,transient,
Chennai,station,baseline16,126,spike,1.0,transient,0.0
Chennai,station,baseline16,126,spike,1.0,transient,0.0
Chennai,station,baseline16,126,spike,1.0,transient,0.0
Chennai,station,baseline16,126,spike,1.0,transient,0.0
Chennai,station,baseline16,126,spike,1.0,transient,0.0
Chennai,station,baseline16,126,spike,1.0,transient,0.0
Chennai,station,baseline16,126,spike,1.0,transient,0.0
Chennai,station,baseline16,126,spike,1.0,transient,0.0
Chennai,station,baseline16,126,spike,1.0,transient,0.0
Chennai,station,baseline16,126,spike,1.0,transient,0.0
Chennai,station,baseline16,126,spike,0.0,transient,
Chennai,station,baseline16,126,spike,1.0,transient,0.0
Chennai,station,baseline16,126,spike,1.0,transient,0.0
Chennai,station,baseline16,126,spike,0.0,transient,
Chennai,station,baseline16,126,spike,0.0,transient,
Chennai,station,baseline16,126,drift,0.0,persistent,
Chennai,station,baseline16,126,drift,0.0,persistent,
Chennai,station,baseline16,126,drift,0.0,persistent,
Chennai,station,baseline16,126,drift,0.0,persistent,
Chennai,station,baseline16,126,drift,1.0,persistent,0.0
Chennai,station,baseline16,126,drift,1.0,persistent,3.0
Chennai,station,baseline16,126,bias,1.0,persistent,2.0
Chennai,station,baseline16,126,bias,0.0,persistent,
Chennai,station,baseline16,126,bias,0.0,persistent,
Chennai,station,baseline16,126,bias,0.0,persistent,
Chennai,station,baseline16,126,bias,1.0,persistent,3.0
Chennai,station,baseline16,126,bias,1.0,persistent,8.0
Chennai,station,baseline16,126,stuck_at,1.0,persistent,0.0
Chennai,station,baseline16,126,stuck_at,1.0,persistent,0.0
Chennai,station,baseline16,126,stuck_at,1.0,persistent,0.0
Chennai,station,baseline16,126,stuck_at,1.0,persistent,0.0
Chennai,station,baseline16,126,stuck_at,1.0,persistent,0.0
Chennai,station,baseline16,126,stuck_at,1.0,persistent,0.0
Chennai,station,baseline16,126,noise_burst,1.0,persistent,0.0
Chennai,station,baseline16,126,noise_burst,0.0,persistent,
Chennai,station,baseline16,126,noise_burst,0.0,persistent,
Chennai,station,baseline16,126,noise_burst,0.0,persistent,
Chennai,station,baseline16,126,noise_burst,1.0,persistent,2.0
Chennai,station,baseline16,126,noise_burst,1.0,persistent,0.0
Chennai,station,baseline16,126,intermittent_spikes,1.0,transient,4.0
Chennai,station,baseline16,126,intermittent_spikes,1.0,transient,0.0
Chennai,station,baseline16,126,intermittent_spikes,1.0,transient,0.0
Chennai,station,baseline16,126,intermittent_spikes,1.0,transient,0.0
Chennai,station,baseline16,126,intermittent_spikes,1.0,transient,0.0
Chennai,station,baseline16,126,intermittent_spikes,1.0,transient,0.0
Chennai,station,baseline16,126,drift_plus_noise,1.0,persistent,9.0
Chennai,station,baseline16,126,drift_plus_noise,1.0,persistent,12.0
Chennai,station,baseline16,126,drift_plus_noise,1.0,persistent,2.0
Chennai,station,baseline16,126,bias_plus_spikes,1.0,persistent,0.0
Chennai,station,baseline16,126,bias_plus_spikes,1.0,persistent,3.0
Chennai,station,baseline16,126,bias_plus_spikes,1.0,persistent,2.0
Chennai,in_domain,clim_short17,104,spike,1.0,transient,0.0
Chennai,in_domain,clim_short17,104,spike,1.0,transient,0.0
Chennai,in_domain,clim_short17,104,spike,0.0,transient,
Chennai,in_domain,clim_short17,104,spike,1.0,transient,0.0
Chennai,in_domain,clim_short17,104,spike,1.0,transient,0.0
Chennai,in_domain,clim_short17,104,spike,1.0,transient,0.0
Chennai,in_domain,clim_short17,104,spike,0.0,transient,
Chennai,in_domain,clim_short17,104,spike,1.0,transient,0.0
Chennai,in_domain,clim_short17,104,spike,0.0,transient,
Chennai,in_domain,clim_short17,104,spike,1.0,transient,0.0
Chennai,in_domain,clim_short17,104,spike,1.0,transient,0.0
Chennai,in_domain,clim_short17,104,spike,1.0,transient,0.0
Chennai,in_domain,clim_short17,104,spike,1.0,transient,0.0
Chennai,in_domain,clim_short17,104,spike,1.0,transient,0.0
Chennai,in_domain,clim_short17,104,spike,1.0,transient,0.0
Chennai,in_domain,clim_short17,104,spike,1.0,transient,0.0
Chennai,in_domain,clim_short17,104,spike,1.0,transient,0.0
Chennai,in_domain,clim_short17,104,spike,0.0,transient,
Chennai,in_domain,clim_short17,104,spike,1.0,transient,0.0
Chennai,in_domain,clim_short17,104,spike,1.0,transient,0.0
Chennai,in_domain,clim_short17,104,spike,1.0,transient,0.0
Chennai,in_domain,clim_short17,104,spike,1.0,transient,0.0
Chennai,in_domain,clim_short17,104,spike,0.0,transient,
Chennai,in_domain,clim_short17,104,spike,1.0,transient,0.0
Chennai,in_domain,clim_short17,104,drift,1.0,persistent,3.0
Chennai,in_domain,clim_short17,104,drift,1.0,persistent,10.0
Chennai,in_domain,clim_short17,104,drift,1.0,persistent,4.0
Chennai,in_domain,clim_short17,104,drift,1.0,persistent,8.0
Chennai,in_domain,clim_short17,104,drift,1.0,persistent,8.0
Chennai,in_domain,clim_short17,104,drift,1.0,persistent,7.0
Chennai,in_domain,clim_short17,104,bias,0.0,persistent,
Chennai,in_domain,clim_short17,104,bias,0.0,persistent,
Chennai,in_domain,clim_short17,104,bias,0.0,persistent,
Chennai,in_domain,clim_short17,104,bias,1.0,persistent,6.0
Chennai,in_domain,clim_short17,104,bias,1.0,persistent,2.0
Chennai,in_domain,clim_short17,104,bias,0.0,persistent,
Chennai,in_domain,clim_short17,104,stuck_at,1.0,persistent,0.0
Chennai,in_domain,clim_short17,104,stuck_at,1.0,persistent,0.0
Chennai,in_domain,clim_short17,104,stuck_at,1.0,persistent,0.0
Chennai,in_domain,clim_short17,104,stuck_at,1.0,persistent,0.0
Chennai,in_domain,clim_short17,104,stuck_at,1.0,persistent,0.0
Chennai,in_domain,clim_short17,104,stuck_at,1.0,persistent,0.0
Chennai,in_domain,clim_short17,104,noise_burst,0.0,persistent,
Chennai,in_domain,clim_short17,104,noise_burst,0.0,persistent,
Chennai,in_domain,clim_short17,104,noise_burst,0.0,persistent,
Chennai,in_domain,clim_short17,104,noise_burst,1.0,persistent,0.0
Chennai,in_domain,clim_short17,104,noise_burst,1.0,persistent,0.0
Chennai,in_domain,clim_short17,104,noise_burst,1.0,persistent,1.0
Chennai,in_domain,clim_short17,104,intermittent_spikes,1.0,transient,0.0
Chennai,in_domain,clim_short17,104,intermittent_spikes,1.0,transient,0.0
Chennai,in_domain,clim_short17,104,intermittent_spikes,1.0,transient,0.0
Chennai,in_domain,clim_short17,104,intermittent_spikes,1.0,transient,0.0
Chennai,in_domain,clim_short17,104,intermittent_spikes,1.0,transient,0.0
Chennai,in_domain,clim_short17,104,intermittent_spikes,1.0,transient,2.0
Chennai,in_domain,clim_short17,104,drift_plus_noise,1.0,persistent,3.0
Chennai,in_domain,clim_short17,104,drift_plus_noise,1.0,persistent,4.0
Chennai,in_domain,clim_short17,104,drift_plus_noise,1.0,persistent,6.0
Chennai,in_domain,clim_short17,104,bias_plus_spikes,1.0,persistent,0.0
Chennai,in_domain,clim_short17,104,bias_plus_spikes,1.0,persistent,2.0
Chennai,in_domain,clim_short17,104,bias_plus_spikes,1.0,persistent,0.0
Chennai,temporal,clim_short17,104,spike,1.0,transient,0.0
Chennai,temporal,clim_short17,104,spike,0.0,transient,
Chennai,temporal,clim_short17,104,spike,0.0,transient,
Chennai,temporal,clim_short17,104,spike,1.0,transient,0.0
Chennai,temporal,clim_short17,104,spike,1.0,transient,0.0
Chennai,temporal,clim_short17,104,spike,1.0,transient,0.0
Chennai,temporal,clim_short17,104,spike,0.0,transient,
Chennai,temporal,clim_short17,104,spike,1.0,transient,0.0
Chennai,temporal,clim_short17,104,spike,0.0,transient,
Chennai,temporal,clim_short17,104,spike,1.0,transient,0.0
Chennai,temporal,clim_short17,104,spike,1.0,transient,0.0
Chennai,temporal,clim_short17,104,spike,1.0,transient,0.0
Chennai,temporal,clim_short17,104,spike,1.0,transient,0.0
Chennai,temporal,clim_short17,104,spike,1.0,transient,0.0
Chennai,temporal,clim_short17,104,spike,1.0,transient,0.0
Chennai,temporal,clim_short17,104,spike,1.0,transient,0.0
Chennai,temporal,clim_short17,104,spike,0.0,transient,
Chennai,temporal,clim_short17,104,spike,0.0,transient,
Chennai,temporal,clim_short17,104,spike,1.0,transient,0.0
Chennai,temporal,clim_short17,104,spike,1.0,transient,0.0
Chennai,temporal,clim_short17,104,spike,1.0,transient,0.0
Chennai,temporal,clim_short17,104,spike,1.0,transient,0.0
Chennai,temporal,clim_short17,104,spike,0.0,transient,
Chennai,temporal,clim_short17,104,spike,1.0,transient,0.0
Chennai,temporal,clim_short17,104,drift,1.0,persistent,7.0
Chennai,temporal,clim_short17,104,drift,0.0,persistent,
Chennai,temporal,clim_short17,104,drift,0.0,persistent,
Chennai,temporal,clim_short17,104,drift,0.0,persistent,
Chennai,temporal,clim_short17,104,drift,1.0,persistent,11.0
Chennai,temporal,clim_short17,104,drift,0.0,persistent,
Chennai,temporal,clim_short17,104,bias,0.0,persistent,
Chennai,temporal,clim_short17,104,bias,1.0,persistent,2.0
Chennai,temporal,clim_short17,104,bias,1.0,persistent,1.0
Chennai,temporal,clim_short17,104,bias,1.0,persistent,9.0
Chennai,temporal,clim_short17,104,bias,1.0,persistent,1.0
Chennai,temporal,clim_short17,104,bias,0.0,persistent,
Chennai,temporal,clim_short17,104,stuck_at,1.0,persistent,0.0
Chennai,temporal,clim_short17,104,stuck_at,1.0,persistent,0.0
Chennai,temporal,clim_short17,104,stuck_at,1.0,persistent,0.0
Chennai,temporal,clim_short17,104,stuck_at,1.0,persistent,0.0
Chennai,temporal,clim_short17,104,stuck_at,1.0,persistent,0.0
Chennai,temporal,clim_short17,104,stuck_at,1.0,persistent,0.0
Chennai,temporal,clim_short17,104,noise_burst,0.0,persistent,
Chennai,temporal,clim_short17,104,noise_burst,1.0,persistent,4.0
Chennai,temporal,clim_short17,104,noise_burst,0.0,persistent,
Chennai,temporal,clim_short17,104,noise_burst,1.0,persistent,0.0
Chennai,temporal,clim_short17,104,noise_burst,1.0,persistent,2.0
Chennai,temporal,clim_short17,104,noise_burst,1.0,persistent,1.0
Chennai,temporal,clim_short17,104,intermittent_spikes,1.0,transient,2.0
Chennai,temporal,clim_short17,104,intermittent_spikes,1.0,transient,0.0
Chennai,temporal,clim_short17,104,intermittent_spikes,1.0,transient,0.0
Chennai,temporal,clim_short17,104,intermittent_spikes,1.0,transient,0.0
Chennai,temporal,clim_short17,104,intermittent_spikes,1.0,transient,0.0
Chennai,temporal,clim_short17,104,intermittent_spikes,1.0,transient,2.0
Chennai,temporal,clim_short17,104,drift_plus_noise,1.0,persistent,12.0
Chennai,temporal,clim_short17,104,drift_plus_noise,1.0,persistent,1.0
Chennai,temporal,clim_short17,104,drift_plus_noise,1.0,persistent,7.0
Chennai,temporal,clim_short17,104,bias_plus_spikes,1.0,persistent,0.0
Chennai,temporal,clim_short17,104,bias_plus_spikes,1.0,persistent,3.0
Chennai,temporal,clim_short17,104,bias_plus_spikes,1.0,persistent,0.0
Chennai,station,clim_short17,104,spike,1.0,transient,0.0
Chennai,station,clim_short17,104,spike,0.0,transient,
Chennai,station,clim_short17,104,spike,0.0,transient,
Chennai,station,clim_short17,104,spike,1.0,transient,0.0
Chennai,station,clim_short17,104,spike,1.0,transient,0.0
Chennai,station,clim_short17,104,spike,1.0,transient,0.0
Chennai,station,clim_short17,104,spike,0.0,transient,
Chennai,station,clim_short17,104,spike,1.0,transient,0.0
Chennai,station,clim_short17,104,spike,0.0,transient,
Chennai,station,clim_short17,104,spike,1.0,transient,0.0
Chennai,station,clim_short17,104,spike,1.0,transient,0.0
Chennai,station,clim_short17,104,spike,0.0,transient,
Chennai,station,clim_short17,104,spike,1.0,transient,0.0
Chennai,station,clim_short17,104,spike,1.0,transient,0.0
Chennai,station,clim_short17,104,spike,1.0,transient,0.0
Chennai,station,clim_short17,104,spike,1.0,transient,0.0
Chennai,station,clim_short17,104,spike,1.0,transient,0.0
Chennai,station,clim_short17,104,spike,1.0,transient,0.0
Chennai,station,clim_short17,104,spike,1.0,transient,0.0
Chennai,station,clim_short17,104,spike,1.0,transient,0.0
Chennai,station,clim_short17,104,spike,1.0,transient,0.0
Chennai,station,clim_short17,104,spike,1.0,transient,0.0
Chennai,station,clim_short17,104,spike,0.0,transient,
Chennai,station,clim_short17,104,spike,1.0,transient,0.0
Chennai,station,clim_short17,104,drift,1.0,persistent,7.0
Chennai,station,clim_short17,104,drift,0.0,persistent,
Chennai,station,clim_short17,104,drift,1.0,persistent,12.0
Chennai,station,clim_short17,104,drift,0.0,persistent,
Chennai,station,clim_short17,104,drift,1.0,persistent,12.0
Chennai,station,clim_short17,104,drift,0.0,persistent,
Chennai,station,clim_short17,104,bias,0.0,persistent,
Chennai,station,clim_short17,104,bias,1.0,persistent,2.0
Chennai,station,clim_short17,104,bias,1.0,persistent,1.0
Chennai,station,clim_short17,104,bias,1.0,persistent,6.0
Chennai,station,clim_short17,104,bias,1.0,persistent,8.0
Chennai,station,clim_short17,104,bias,1.0,persistent,5.0
Chennai,station,clim_short17,104,stuck_at,1.0,persistent,0.0
Chennai,station,clim_short17,104,stuck_at,1.0,persistent,0.0
Chennai,station,clim_short17,104,stuck_at,1.0,persistent,0.0
Chennai,station,clim_short17,104,stuck_at,1.0,persistent,0.0
Chennai,station,clim_short17,104,stuck_at,1.0,persistent,0.0
Chennai,station,clim_short17,104,stuck_at,1.0,persistent,0.0
Chennai,station,clim_short17,104,noise_burst,0.0,persistent,
Chennai,station,clim_short17,104,noise_burst,1.0,persistent,0.0
Chennai,station,clim_short17,104,noise_burst,0.0,persistent,
Chennai,station,clim_short17,104,noise_burst,1.0,persistent,0.0
Chennai,station,clim_short17,104,noise_burst,1.0,persistent,1.0
Chennai,station,clim_short17,104,noise_burst,0.0,persistent,
Chennai,station,clim_short17,104,intermittent_spikes,1.0,transient,2.0
Chennai,station,clim_short17,104,intermittent_spikes,1.0,transient,0.0
Chennai,station,clim_short17,104,intermittent_spikes,1.0,transient,0.0
Chennai,station,clim_short17,104,intermittent_spikes,1.0,transient,0.0
Chennai,station,clim_short17,104,intermittent_spikes,1.0,transient,0.0
Chennai,station,clim_short17,104,intermittent_spikes,1.0,transient,2.0
Chennai,station,clim_short17,104,drift_plus_noise,1.0,persistent,14.0
Chennai,station,clim_short17,104,drift_plus_noise,1.0,persistent,3.0
Chennai,station,clim_short17,104,drift_plus_noise,1.0,persistent,7.0
Chennai,station,clim_short17,104,bias_plus_spikes,0.0,persistent,
Chennai,station,clim_short17,104,bias_plus_spikes,1.0,persistent,3.0
Chennai,station,clim_short17,104,bias_plus_spikes,1.0,persistent,0.0
Chennai,in_domain,clim_short17,115,spike,1.0,transient,0.0
Chennai,in_domain,clim_short17,115,spike,1.0,transient,0.0
Chennai,in_domain,clim_short17,115,spike,0.0,transient,
Chennai,in_domain,clim_short17,115,spike,1.0,transient,0.0
Chennai,in_domain,clim_short17,115,spike,1.0,transient,0.0
Chennai,in_domain,clim_short17,115,spike,1.0,transient,0.0
Chennai,in_domain,clim_short17,115,spike,0.0,transient,
Chennai,in_domain,clim_short17,115,spike,1.0,transient,0.0
Chennai,in_domain,clim_short17,115,spike,0.0,transient,
Chennai,in_domain,clim_short17,115,spike,1.0,transient,0.0
Chennai,in_domain,clim_short17,115,spike,1.0,transient,0.0
Chennai,in_domain,clim_short17,115,spike,1.0,transient,0.0
Chennai,in_domain,clim_short17,115,spike,1.0,transient,0.0
Chennai,in_domain,clim_short17,115,spike,1.0,transient,0.0
Chennai,in_domain,clim_short17,115,spike,1.0,transient,0.0
Chennai,in_domain,clim_short17,115,spike,0.0,transient,
Chennai,in_domain,clim_short17,115,spike,1.0,transient,0.0
Chennai,in_domain,clim_short17,115,spike,1.0,transient,0.0
Chennai,in_domain,clim_short17,115,spike,1.0,transient,0.0
Chennai,in_domain,clim_short17,115,spike,1.0,transient,0.0
Chennai,in_domain,clim_short17,115,spike,1.0,transient,0.0
Chennai,in_domain,clim_short17,115,spike,1.0,transient,0.0
Chennai,in_domain,clim_short17,115,spike,1.0,transient,0.0
Chennai,in_domain,clim_short17,115,spike,1.0,transient,0.0
Chennai,in_domain,clim_short17,115,drift,1.0,persistent,11.0
Chennai,in_domain,clim_short17,115,drift,0.0,persistent,
Chennai,in_domain,clim_short17,115,drift,1.0,persistent,8.0
Chennai,in_domain,clim_short17,115,drift,1.0,persistent,13.0
Chennai,in_domain,clim_short17,115,drift,1.0,persistent,8.0
Chennai,in_domain,clim_short17,115,drift,0.0,persistent,
Chennai,in_domain,clim_short17,115,bias,0.0,persistent,
Chennai,in_domain,clim_short17,115,bias,0.0,persistent,
Chennai,in_domain,clim_short17,115,bias,1.0,persistent,0.0
Chennai,in_domain,clim_short17,115,bias,1.0,persistent,2.0
Chennai,in_domain,clim_short17,115,bias,1.0,persistent,7.0
Chennai,in_domain,clim_short17,115,bias,0.0,persistent,
Chennai,in_domain,clim_short17,115,stuck_at,1.0,persistent,0.0
Chennai,in_domain,clim_short17,115,stuck_at,1.0,persistent,0.0
Chennai,in_domain,clim_short17,115,stuck_at,1.0,persistent,0.0
Chennai,in_domain,clim_short17,115,stuck_at,1.0,persistent,0.0
Chennai,in_domain,clim_short17,115,stuck_at,1.0,persistent,0.0
Chennai,in_domain,clim_short17,115,stuck_at,1.0,persistent,0.0
Chennai,in_domain,clim_short17,115,noise_burst,0.0,persistent,
Chennai,in_domain,clim_short17,115,noise_burst,0.0,persistent,
Chennai,in_domain,clim_short17,115,noise_burst,1.0,persistent,8.0
Chennai,in_domain,clim_short17,115,noise_burst,1.0,persistent,0.0
Chennai,in_domain,clim_short17,115,noise_burst,1.0,persistent,2.0
Chennai,in_domain,clim_short17,115,noise_burst,1.0,persistent,1.0
Chennai,in_domain,clim_short17,115,intermittent_spikes,1.0,transient,0.0
Chennai,in_domain,clim_short17,115,intermittent_spikes,1.0,transient,0.0
Chennai,in_domain,clim_short17,115,intermittent_spikes,1.0,transient,0.0
Chennai,in_domain,clim_short17,115,intermittent_spikes,1.0,transient,0.0
Chennai,in_domain,clim_short17,115,intermittent_spikes,1.0,transient,0.0
Chennai,in_domain,clim_short17,115,intermittent_spikes,1.0,transient,0.0
Chennai,in_domain,clim_short17,115,drift_plus_noise,1.0,persistent,7.0
Chennai,in_domain,clim_short17,115,drift_plus_noise,1.0,persistent,6.0
Chennai,in_domain,clim_short17,115,drift_plus_noise,1.0,persistent,13.0
Chennai,in_domain,clim_short17,115,bias_plus_spikes,1.0,persistent,0.0
Chennai,in_domain,clim_short17,115,bias_plus_spikes,1.0,persistent,0.0
Chennai,in_domain,clim_short17,115,bias_plus_spikes,1.0,persistent,10.0
Chennai,temporal,clim_short17,115,spike,1.0,transient,0.0
Chennai,temporal,clim_short17,115,spike,1.0,transient,0.0
Chennai,temporal,clim_short17,115,spike,0.0,transient,
Chennai,temporal,clim_short17,115,spike,0.0,transient,
Chennai,temporal,clim_short17,115,spike,1.0,transient,0.0
Chennai,temporal,clim_short17,115,spike,1.0,transient,0.0
Chennai,temporal,clim_short17,115,spike,0.0,transient,
Chennai,temporal,clim_short17,115,spike,0.0,transient,
Chennai,temporal,clim_short17,115,spike,1.0,transient,0.0
Chennai,temporal,clim_short17,115,spike,1.0,transient,0.0
Chennai,temporal,clim_short17,115,spike,1.0,transient,0.0
Chennai,temporal,clim_short17,115,spike,1.0,transient,0.0
Chennai,temporal,clim_short17,115,spike,1.0,transient,0.0
Chennai,temporal,clim_short17,115,spike,0.0,transient,
Chennai,temporal,clim_short17,115,spike,1.0,transient,0.0
Chennai,temporal,clim_short17,115,spike,1.0,transient,0.0
Chennai,temporal,clim_short17,115,spike,1.0,transient,0.0
Chennai,temporal,clim_short17,115,spike,0.0,transient,
Chennai,temporal,clim_short17,115,spike,1.0,transient,0.0
Chennai,temporal,clim_short17,115,spike,1.0,transient,0.0
Chennai,temporal,clim_short17,115,spike,1.0,transient,0.0
Chennai,temporal,clim_short17,115,spike,1.0,transient,0.0
Chennai,temporal,clim_short17,115,spike,1.0,transient,0.0
Chennai,temporal,clim_short17,115,spike,1.0,transient,0.0
Chennai,temporal,clim_short17,115,drift,1.0,persistent,9.0
Chennai,temporal,clim_short17,115,drift,0.0,persistent,
Chennai,temporal,clim_short17,115,drift,0.0,persistent,
Chennai,temporal,clim_short17,115,drift,1.0,persistent,13.0
Chennai,temporal,clim_short17,115,drift,1.0,persistent,15.0
Chennai,temporal,clim_short17,115,drift,0.0,persistent,
Chennai,temporal,clim_short17,115,bias,0.0,persistent,
Chennai,temporal,clim_short17,115,bias,0.0,persistent,
Chennai,temporal,clim_short17,115,bias,0.0,persistent,
Chennai,temporal,clim_short17,115,bias,1.0,persistent,7.0
Chennai,temporal,clim_short17,115,bias,1.0,persistent,9.0
Chennai,temporal,clim_short17,115,bias,0.0,persistent,
Chennai,temporal,clim_short17,115,stuck_at,1.0,persistent,0.0
Chennai,temporal,clim_short17,115,stuck_at,1.0,persistent,0.0
Chennai,temporal,clim_short17,115,stuck_at,1.0,persistent,0.0
Chennai,temporal,clim_short17,115,stuck_at,1.0,persistent,0.0
Chennai,temporal,clim_short17,115,stuck_at,1.0,persistent,0.0
Chennai,temporal,clim_short17,115,stuck_at,1.0,persistent,0.0
Chennai,temporal,clim_short17,115,noise_burst,0.0,persistent,
Chennai,temporal,clim_short17,115,noise_burst,1.0,persistent,2.0
Chennai,temporal,clim_short17,115,noise_burst,0.0,persistent,
Chennai,temporal,clim_short17,115,noise_burst,1.0,persistent,0.0
Chennai,temporal,clim_short17,115,noise_burst,0.0,persistent,
Chennai,temporal,clim_short17,115,noise_burst,1.0,persistent,0.0
Chennai,temporal,clim_short17,115,intermittent_spikes,1.0,transient,0.0
Chennai,temporal,clim_short17,115,intermittent_spikes,1.0,transient,0.0
Chennai,temporal,clim_short17,115,intermittent_spikes,1.0,transient,5.0
Chennai,temporal,clim_short17,115,intermittent_spikes,1.0,transient,0.0
Chennai,temporal,clim_short17,115,intermittent_spikes,1.0,transient,0.0
Chennai,temporal,clim_short17,115,intermittent_spikes,1.0,transient,0.0
Chennai,temporal,clim_short17,115,drift_plus_noise,0.0,persistent,
Chennai,temporal,clim_short17,115,drift_plus_noise,1.0,persistent,0.0
Chennai,temporal,clim_short17,115,drift_plus_noise,0.0,persistent,
Chennai,temporal,clim_short17,115,bias_plus_spikes,1.0,persistent,1.0
Chennai,temporal,clim_short17,115,bias_plus_spikes,1.0,persistent,0.0
Chennai,temporal,clim_short17,115,bias_plus_spikes,1.0,persistent,4.0
Chennai,station,clim_short17,115,spike,1.0,transient,0.0
Chennai,station,clim_short17,115,spike,1.0,transient,0.0
Chennai,station,clim_short17,115,spike,0.0,transient,
Chennai,station,clim_short17,115,spike,1.0,transient,0.0
Chennai,station,clim_short17,115,spike,1.0,transient,0.0
Chennai,station,clim_short17,115,spike,1.0,transient,0.0
Chennai,station,clim_short17,115,spike,0.0,transient,
Chennai,station,clim_short17,115,spike,0.0,transient,
Chennai,station,clim_short17,115,spike,1.0,transient,0.0
Chennai,station,clim_short17,115,spike,1.0,transient,0.0
Chennai,station,clim_short17,115,spike,1.0,transient,0.0
Chennai,station,clim_short17,115,spike,1.0,transient,0.0
Chennai,station,clim_short17,115,spike,1.0,transient,0.0
Chennai,station,clim_short17,115,spike,0.0,transient,
Chennai,station,clim_short17,115,spike,1.0,transient,0.0
Chennai,station,clim_short17,115,spike,1.0,transient,0.0
Chennai,station,clim_short17,115,spike,1.0,transient,0.0
Chennai,station,clim_short17,115,spike,0.0,transient,
Chennai,station,clim_short17,115,spike,1.0,transient,0.0
Chennai,station,clim_short17,115,spike,1.0,transient,0.0
Chennai,station,clim_short17,115,spike,1.0,transient,0.0
Chennai,station,clim_short17,115,spike,1.0,transient,0.0
Chennai,station,clim_short17,115,spike,1.0,transient,0.0
Chennai,station,clim_short17,115,spike,1.0,transient,0.0
Chennai,station,clim_short17,115,drift,1.0,persistent,9.0
Chennai,station,clim_short17,115,drift,0.0,persistent,
Chennai,station,clim_short17,115,drift,0.0,persistent,
Chennai,station,clim_short17,115,drift,0.0,persistent,
Chennai,station,clim_short17,115,drift,0.0,persistent,
Chennai,station,clim_short17,115,drift,1.0,persistent,9.0
Chennai,station,clim_short17,115,bias,0.0,persistent,
Chennai,station,clim_short17,115,bias,0.0,persistent,
Chennai,station,clim_short17,115,bias,0.0,persistent,
Chennai,station,clim_short17,115,bias,0.0,persistent,
Chennai,station,clim_short17,115,bias,1.0,persistent,9.0
Chennai,station,clim_short17,115,bias,0.0,persistent,
Chennai,station,clim_short17,115,stuck_at,1.0,persistent,0.0
Chennai,station,clim_short17,115,stuck_at,1.0,persistent,0.0
Chennai,station,clim_short17,115,stuck_at,1.0,persistent,0.0
Chennai,station,clim_short17,115,stuck_at,1.0,persistent,0.0
Chennai,station,clim_short17,115,stuck_at,1.0,persistent,0.0
Chennai,station,clim_short17,115,stuck_at,1.0,persistent,0.0
Chennai,station,clim_short17,115,noise_burst,0.0,persistent,
Chennai,station,clim_short17,115,noise_burst,1.0,persistent,2.0
Chennai,station,clim_short17,115,noise_burst,1.0,persistent,8.0
Chennai,station,clim_short17,115,noise_burst,1.0,persistent,0.0
Chennai,station,clim_short17,115,noise_burst,0.0,persistent,
Chennai,station,clim_short17,115,noise_burst,1.0,persistent,0.0
Chennai,station,clim_short17,115,intermittent_spikes,1.0,transient,0.0
Chennai,station,clim_short17,115,intermittent_spikes,1.0,transient,0.0
Chennai,station,clim_short17,115,intermittent_spikes,1.0,transient,0.0
Chennai,station,clim_short17,115,intermittent_spikes,1.0,transient,0.0
Chennai,station,clim_short17,115,intermittent_spikes,1.0,transient,0.0
Chennai,station,clim_short17,115,intermittent_spikes,1.0,transient,0.0
Chennai,station,clim_short17,115,drift_plus_noise,0.0,persistent,
Chennai,station,clim_short17,115,drift_plus_noise,1.0,persistent,6.0
Chennai,station,clim_short17,115,drift_plus_noise,0.0,persistent,
Chennai,station,clim_short17,115,bias_plus_spikes,1.0,persistent,1.0
Chennai,station,clim_short17,115,bias_plus_spikes,1.0,persistent,0.0
Chennai,station,clim_short17,115,bias_plus_spikes,0.0,persistent,
Chennai,in_domain,clim_short17,126,spike,1.0,transient,0.0
Chennai,in_domain,clim_short17,126,spike,1.0,transient,0.0
Chennai,in_domain,clim_short17,126,spike,1.0,transient,0.0
Chennai,in_domain,clim_short17,126,spike,1.0,transient,0.0
Chennai,in_domain,clim_short17,126,spike,1.0,transient,0.0
Chennai,in_domain,clim_short17,126,spike,1.0,transient,0.0
Chennai,in_domain,clim_short17,126,spike,0.0,transient,
Chennai,in_domain,clim_short17,126,spike,1.0,transient,0.0
Chennai,in_domain,clim_short17,126,spike,0.0,transient,
Chennai,in_domain,clim_short17,126,spike,1.0,transient,0.0
Chennai,in_domain,clim_short17,126,spike,1.0,transient,0.0
Chennai,in_domain,clim_short17,126,spike,1.0,transient,0.0
Chennai,in_domain,clim_short17,126,spike,1.0,transient,0.0
Chennai,in_domain,clim_short17,126,spike,1.0,transient,0.0
Chennai,in_domain,clim_short17,126,spike,1.0,transient,0.0
Chennai,in_domain,clim_short17,126,spike,1.0,transient,0.0
Chennai,in_domain,clim_short17,126,spike,1.0,transient,0.0
Chennai,in_domain,clim_short17,126,spike,1.0,transient,0.0
Chennai,in_domain,clim_short17,126,spike,1.0,transient,0.0
Chennai,in_domain,clim_short17,126,spike,1.0,transient,0.0
Chennai,in_domain,clim_short17,126,spike,1.0,transient,0.0
Chennai,in_domain,clim_short17,126,spike,1.0,transient,0.0
Chennai,in_domain,clim_short17,126,spike,1.0,transient,0.0
Chennai,in_domain,clim_short17,126,spike,1.0,transient,0.0
Chennai,in_domain,clim_short17,126,drift,1.0,persistent,8.0
Chennai,in_domain,clim_short17,126,drift,1.0,persistent,10.0
Chennai,in_domain,clim_short17,126,drift,0.0,persistent,
Chennai,in_domain,clim_short17,126,drift,1.0,persistent,4.0
Chennai,in_domain,clim_short17,126,drift,1.0,persistent,6.0
Chennai,in_domain,clim_short17,126,drift,1.0,persistent,7.0
Chennai,in_domain,clim_short17,126,bias,1.0,persistent,0.0
Chennai,in_domain,clim_short17,126,bias,0.0,persistent,
Chennai,in_domain,clim_short17,126,bias,1.0,persistent,0.0
Chennai,in_domain,clim_short17,126,bias,1.0,persistent,4.0
Chennai,in_domain,clim_short17,126,bias,1.0,persistent,7.0
Chennai,in_domain,clim_short17,126,bias,1.0,persistent,7.0
Chennai,in_domain,clim_short17,126,stuck_at,1.0,persistent,0.0
Chennai,in_domain,clim_short17,126,stuck_at,1.0,persistent,0.0
Chennai,in_domain,clim_short17,126,stuck_at,1.0,persistent,0.0
Chennai,in_domain,clim_short17,126,stuck_at,1.0,persistent,0.0
Chennai,in_domain,clim_short17,126,stuck_at,1.0,persistent,0.0
Chennai,in_domain,clim_short17,126,stuck_at,1.0,persistent,0.0
Chennai,in_domain,clim_short17,126,noise_burst,1.0,persistent,0.0
Chennai,in_domain,clim_short17,126,noise_burst,0.0,persistent,
Chennai,in_domain,clim_short17,126,noise_burst,0.0,persistent,
Chennai,in_domain,clim_short17,126,noise_burst,1.0,persistent,10.0
Chennai,in_domain,clim_short17,126,noise_burst,1.0,persistent,4.0
Chennai,in_domain,clim_short17,126,noise_burst,1.0,persistent,7.0
Chennai,in_domain,clim_short17,126,intermittent_spikes,1.0,transient,0.0
Chennai,in_domain,clim_short17,126,intermittent_spikes,1.0,transient,0.0
Chennai,in_domain,clim_short17,126,intermittent_spikes,1.0,transient,0.0
Chennai,in_domain,clim_short17,126,intermittent_spikes,1.0,transient,0.0
Chennai,in_domain,clim_short17,126,intermittent_spikes,1.0,transient,3.0
Chennai,in_domain,clim_short17,126,intermittent_spikes,1.0,transient,0.0
Chennai,in_domain,clim_short17,126,drift_plus_noise,1.0,persistent,9.0
Chennai,in_domain,clim_short17,126,drift_plus_noise,1.0,persistent,9.0
Chennai,in_domain,clim_short17,126,drift_plus_noise,1.0,persistent,2.0
Chennai,in_domain,clim_short17,126,bias_plus_spikes,1.0,persistent,1.0
Chennai,in_domain,clim_short17,126,bias_plus_spikes,1.0,persistent,0.0
Chennai,in_domain,clim_short17,126,bias_plus_spikes,1.0,persistent,2.0
Chennai,temporal,clim_short17,126,spike,0.0,transient,
Chennai,temporal,clim_short17,126,spike,1.0,transient,0.0
Chennai,temporal,clim_short17,126,spike,0.0,transient,
Chennai,temporal,clim_short17,126,spike,1.0,transient,0.0
Chennai,temporal,clim_short17,126,spike,1.0,transient,0.0
Chennai,temporal,clim_short17,126,spike,1.0,transient,0.0
Chennai,temporal,clim_short17,126,spike,0.0,transient,
Chennai,temporal,clim_short17,126,spike,1.0,transient,0.0
Chennai,temporal,clim_short17,126,spike,0.0,transient,
Chennai,temporal,clim_short17,126,spike,1.0,transient,0.0
Chennai,temporal,clim_short17,126,spike,1.0,transient,0.0
Chennai,temporal,clim_short17,126,spike,1.0,transient,0.0
Chennai,temporal,clim_short17,126,spike,1.0,transient,0.0
Chennai,temporal,clim_short17,126,spike,1.0,transient,0.0
Chennai,temporal,clim_short17,126,spike,1.0,transient,0.0
Chennai,temporal,clim_short17,126,spike,1.0,transient,0.0
Chennai,temporal,clim_short17,126,spike,1.0,transient,0.0
Chennai,temporal,clim_short17,126,spike,1.0,transient,0.0
Chennai,temporal,clim_short17,126,spike,1.0,transient,0.0
Chennai,temporal,clim_short17,126,spike,1.0,transient,0.0
Chennai,temporal,clim_short17,126,spike,1.0,transient,0.0
Chennai,temporal,clim_short17,126,spike,1.0,transient,0.0
Chennai,temporal,clim_short17,126,spike,0.0,transient,
Chennai,temporal,clim_short17,126,spike,0.0,transient,
Chennai,temporal,clim_short17,126,drift,1.0,persistent,8.0
Chennai,temporal,clim_short17,126,drift,0.0,persistent,
Chennai,temporal,clim_short17,126,drift,1.0,persistent,7.0
Chennai,temporal,clim_short17,126,drift,1.0,persistent,13.0
Chennai,temporal,clim_short17,126,drift,1.0,persistent,0.0
Chennai,temporal,clim_short17,126,drift,1.0,persistent,3.0
Chennai,temporal,clim_short17,126,bias,1.0,persistent,2.0
Chennai,temporal,clim_short17,126,bias,0.0,persistent,
Chennai,temporal,clim_short17,126,bias,0.0,persistent,
Chennai,temporal,clim_short17,126,bias,1.0,persistent,7.0
Chennai,temporal,clim_short17,126,bias,0.0,persistent,
Chennai,temporal,clim_short17,126,bias,1.0,persistent,7.0
Chennai,temporal,clim_short17,126,stuck_at,1.0,persistent,0.0
Chennai,temporal,clim_short17,126,stuck_at,1.0,persistent,0.0
Chennai,temporal,clim_short17,126,stuck_at,1.0,persistent,0.0
Chennai,temporal,clim_short17,126,stuck_at,1.0,persistent,0.0
Chennai,temporal,clim_short17,126,stuck_at,1.0,persistent,0.0
Chennai,temporal,clim_short17,126,stuck_at,1.0,persistent,0.0
Chennai,temporal,clim_short17,126,noise_burst,1.0,persistent,0.0
Chennai,temporal,clim_short17,126,noise_burst,0.0,persistent,
Chennai,temporal,clim_short17,126,noise_burst,0.0,persistent,
Chennai,temporal,clim_short17,126,noise_burst,1.0,persistent,7.0
Chennai,temporal,clim_short17,126,noise_burst,1.0,persistent,2.0
Chennai,temporal,clim_short17,126,noise_burst,1.0,persistent,0.0
Chennai,temporal,clim_short17,126,intermittent_spikes,1.0,transient,0.0
Chennai,temporal,clim_short17,126,intermittent_spikes,1.0,transient,0.0
Chennai,temporal,clim_short17,126,intermittent_spikes,1.0,transient,0.0
Chennai,temporal,clim_short17,126,intermittent_spikes,1.0,transient,0.0
Chennai,temporal,clim_short17,126,intermittent_spikes,1.0,transient,0.0
Chennai,temporal,clim_short17,126,intermittent_spikes,1.0,transient,0.0
Chennai,temporal,clim_short17,126,drift_plus_noise,0.0,persistent,
Chennai,temporal,clim_short17,126,drift_plus_noise,1.0,persistent,12.0
Chennai,temporal,clim_short17,126,drift_plus_noise,1.0,persistent,6.0
Chennai,temporal,clim_short17,126,bias_plus_spikes,1.0,persistent,0.0
Chennai,temporal,clim_short17,126,bias_plus_spikes,1.0,persistent,3.0
Chennai,temporal,clim_short17,126,bias_plus_spikes,1.0,persistent,2.0
Chennai,station,clim_short17,126,spike,0.0,transient,
Chennai,station,clim_short17,126,spike,0.0,transient,
Chennai,station,clim_short17,126,spike,0.0,transient,
Chennai,station,clim_short17,126,spike,1.0,transient,0.0
Chennai,station,clim_short17,126,spike,1.0,transient,0.0
Chennai,station,clim_short17,126,spike,1.0,transient,0.0
Chennai,station,clim_short17,126,spike,0.0,transient,
Chennai,station,clim_short17,126,spike,1.0,transient,0.0
Chennai,station,clim_short17,126,spike,0.0,transient,
Chennai,station,clim_short17,126,spike,1.0,transient,0.0
Chennai,station,clim_short17,126,spike,1.0,transient,0.0
Chennai,station,clim_short17,126,spike,1.0,transient,0.0
Chennai,station,clim_short17,126,spike,1.0,transient,0.0
Chennai,station,clim_short17,126,spike,1.0,transient,0.0
Chennai,station,clim_short17,126,spike,1.0,transient,0.0
Chennai,station,clim_short17,126,spike,1.0,transient,0.0
Chennai,station,clim_short17,126,spike,1.0,transient,0.0
Chennai,station,clim_short17,126,spike,1.0,transient,0.0
Chennai,station,clim_short17,126,spike,1.0,transient,0.0
Chennai,station,clim_short17,126,spike,0.0,transient,
Chennai,station,clim_short17,126,spike,1.0,transient,0.0
Chennai,station,clim_short17,126,spike,1.0,transient,0.0
Chennai,station,clim_short17,126,spike,0.0,transient,
Chennai,station,clim_short17,126,spike,0.0,transient,
Chennai,station,clim_short17,126,drift,0.0,persistent,
Chennai,station,clim_short17,126,drift,0.0,persistent,
Chennai,station,clim_short17,126,drift,0.0,persistent,
Chennai,station,clim_short17,126,drift,1.0,persistent,4.0
Chennai,station,clim_short17,126,drift,1.0,persistent,0.0
Chennai,station,clim_short17,126,drift,1.0,persistent,3.0
Chennai,station,clim_short17,126,bias,1.0,persistent,2.0
Chennai,station,clim_short17,126,bias,0.0,persistent,
Chennai,station,clim_short17,126,bias,0.0,persistent,
Chennai,station,clim_short17,126,bias,1.0,persistent,8.0
Chennai,station,clim_short17,126,bias,1.0,persistent,6.0
Chennai,station,clim_short17,126,bias,1.0,persistent,7.0
Chennai,station,clim_short17,126,stuck_at,1.0,persistent,0.0
Chennai,station,clim_short17,126,stuck_at,1.0,persistent,0.0
Chennai,station,clim_short17,126,stuck_at,1.0,persistent,0.0
Chennai,station,clim_short17,126,stuck_at,1.0,persistent,0.0
Chennai,station,clim_short17,126,stuck_at,1.0,persistent,0.0
Chennai,station,clim_short17,126,stuck_at,1.0,persistent,0.0
Chennai,station,clim_short17,126,noise_burst,1.0,persistent,0.0
Chennai,station,clim_short17,126,noise_burst,0.0,persistent,
Chennai,station,clim_short17,126,noise_burst,0.0,persistent,
Chennai,station,clim_short17,126,noise_burst,0.0,persistent,
Chennai,station,clim_short17,126,noise_burst,1.0,persistent,2.0
Chennai,station,clim_short17,126,noise_burst,1.0,persistent,7.0
Chennai,station,clim_short17,126,intermittent_spikes,1.0,transient,0.0
Chennai,station,clim_short17,126,intermittent_spikes,1.0,transient,0.0
Chennai,station,clim_short17,126,intermittent_spikes,1.0,transient,0.0
Chennai,station,clim_short17,126,intermittent_spikes,1.0,transient,0.0
Chennai,station,clim_short17,126,intermittent_spikes,1.0,transient,0.0
Chennai,station,clim_short17,126,intermittent_spikes,1.0,transient,0.0
Chennai,station,clim_short17,126,drift_plus_noise,1.0,persistent,10.0
Chennai,station,clim_short17,126,drift_plus_noise,1.0,persistent,12.0
Chennai,station,clim_short17,126,drift_plus_noise,1.0,persistent,5.0
Chennai,station,clim_short17,126,bias_plus_spikes,1.0,persistent,0.0
Chennai,station,clim_short17,126,bias_plus_spikes,1.0,persistent,3.0
Chennai,station,clim_short17,126,bias_plus_spikes,1.0,persistent,2.0
Chennai,in_domain,dual18(ref),104,spike,1.0,transient,0.0
Chennai,in_domain,dual18(ref),104,spike,1.0,transient,0.0
Chennai,in_domain,dual18(ref),104,spike,1.0,transient,0.0
Chennai,in_domain,dual18(ref),104,spike,1.0,transient,0.0
Chennai,in_domain,dual18(ref),104,spike,1.0,transient,0.0
Chennai,in_domain,dual18(ref),104,spike,1.0,transient,0.0
Chennai,in_domain,dual18(ref),104,spike,0.0,transient,
Chennai,in_domain,dual18(ref),104,spike,1.0,transient,0.0
Chennai,in_domain,dual18(ref),104,spike,0.0,transient,
Chennai,in_domain,dual18(ref),104,spike,1.0,transient,0.0
Chennai,in_domain,dual18(ref),104,spike,1.0,transient,0.0
Chennai,in_domain,dual18(ref),104,spike,1.0,transient,0.0
Chennai,in_domain,dual18(ref),104,spike,1.0,transient,0.0
Chennai,in_domain,dual18(ref),104,spike,1.0,transient,0.0
Chennai,in_domain,dual18(ref),104,spike,1.0,transient,0.0
Chennai,in_domain,dual18(ref),104,spike,1.0,transient,0.0
Chennai,in_domain,dual18(ref),104,spike,1.0,transient,0.0
Chennai,in_domain,dual18(ref),104,spike,1.0,transient,0.0
Chennai,in_domain,dual18(ref),104,spike,1.0,transient,0.0
Chennai,in_domain,dual18(ref),104,spike,1.0,transient,0.0
Chennai,in_domain,dual18(ref),104,spike,0.0,transient,
Chennai,in_domain,dual18(ref),104,spike,1.0,transient,0.0
Chennai,in_domain,dual18(ref),104,spike,0.0,transient,
Chennai,in_domain,dual18(ref),104,spike,1.0,transient,0.0
Chennai,in_domain,dual18(ref),104,drift,1.0,persistent,3.0
Chennai,in_domain,dual18(ref),104,drift,0.0,persistent,
Chennai,in_domain,dual18(ref),104,drift,1.0,persistent,4.0
Chennai,in_domain,dual18(ref),104,drift,1.0,persistent,8.0
Chennai,in_domain,dual18(ref),104,drift,1.0,persistent,8.0
Chennai,in_domain,dual18(ref),104,drift,1.0,persistent,6.0
Chennai,in_domain,dual18(ref),104,bias,1.0,persistent,9.0
Chennai,in_domain,dual18(ref),104,bias,0.0,persistent,
Chennai,in_domain,dual18(ref),104,bias,0.0,persistent,
Chennai,in_domain,dual18(ref),104,bias,1.0,persistent,6.0
Chennai,in_domain,dual18(ref),104,bias,1.0,persistent,9.0
Chennai,in_domain,dual18(ref),104,bias,1.0,persistent,3.0
Chennai,in_domain,dual18(ref),104,stuck_at,1.0,persistent,0.0
Chennai,in_domain,dual18(ref),104,stuck_at,1.0,persistent,0.0
Chennai,in_domain,dual18(ref),104,stuck_at,1.0,persistent,0.0
Chennai,in_domain,dual18(ref),104,stuck_at,1.0,persistent,0.0
Chennai,in_domain,dual18(ref),104,stuck_at,1.0,persistent,0.0
Chennai,in_domain,dual18(ref),104,stuck_at,1.0,persistent,0.0
Chennai,in_domain,dual18(ref),104,noise_burst,0.0,persistent,
Chennai,in_domain,dual18(ref),104,noise_burst,0.0,persistent,
Chennai,in_domain,dual18(ref),104,noise_burst,0.0,persistent,
Chennai,in_domain,dual18(ref),104,noise_burst,1.0,persistent,0.0
Chennai,in_domain,dual18(ref),104,noise_burst,1.0,persistent,0.0
Chennai,in_domain,dual18(ref),104,noise_burst,1.0,persistent,1.0
Chennai,in_domain,dual18(ref),104,intermittent_spikes,1.0,transient,0.0
Chennai,in_domain,dual18(ref),104,intermittent_spikes,1.0,transient,0.0
Chennai,in_domain,dual18(ref),104,intermittent_spikes,1.0,transient,0.0
Chennai,in_domain,dual18(ref),104,intermittent_spikes,1.0,transient,0.0
Chennai,in_domain,dual18(ref),104,intermittent_spikes,1.0,transient,0.0
Chennai,in_domain,dual18(ref),104,intermittent_spikes,1.0,transient,2.0
Chennai,in_domain,dual18(ref),104,drift_plus_noise,1.0,persistent,3.0
Chennai,in_domain,dual18(ref),104,drift_plus_noise,1.0,persistent,2.0
Chennai,in_domain,dual18(ref),104,drift_plus_noise,1.0,persistent,6.0
Chennai,in_domain,dual18(ref),104,bias_plus_spikes,1.0,persistent,0.0
Chennai,in_domain,dual18(ref),104,bias_plus_spikes,1.0,persistent,5.0
Chennai,in_domain,dual18(ref),104,bias_plus_spikes,1.0,persistent,0.0
Chennai,temporal,dual18(ref),104,spike,1.0,transient,0.0
Chennai,temporal,dual18(ref),104,spike,0.0,transient,
Chennai,temporal,dual18(ref),104,spike,0.0,transient,
Chennai,temporal,dual18(ref),104,spike,1.0,transient,0.0
Chennai,temporal,dual18(ref),104,spike,1.0,transient,0.0
Chennai,temporal,dual18(ref),104,spike,1.0,transient,0.0
Chennai,temporal,dual18(ref),104,spike,0.0,transient,
Chennai,temporal,dual18(ref),104,spike,0.0,transient,
Chennai,temporal,dual18(ref),104,spike,0.0,transient,
Chennai,temporal,dual18(ref),104,spike,0.0,transient,
Chennai,temporal,dual18(ref),104,spike,0.0,transient,
Chennai,temporal,dual18(ref),104,spike,0.0,transient,
Chennai,temporal,dual18(ref),104,spike,1.0,transient,0.0
Chennai,temporal,dual18(ref),104,spike,0.0,transient,
Chennai,temporal,dual18(ref),104,spike,1.0,transient,0.0
Chennai,temporal,dual18(ref),104,spike,1.0,transient,0.0
Chennai,temporal,dual18(ref),104,spike,1.0,transient,0.0
Chennai,temporal,dual18(ref),104,spike,1.0,transient,0.0
Chennai,temporal,dual18(ref),104,spike,1.0,transient,0.0
Chennai,temporal,dual18(ref),104,spike,1.0,transient,0.0
Chennai,temporal,dual18(ref),104,spike,1.0,transient,0.0
Chennai,temporal,dual18(ref),104,spike,1.0,transient,0.0
Chennai,temporal,dual18(ref),104,spike,0.0,transient,
Chennai,temporal,dual18(ref),104,spike,1.0,transient,0.0
Chennai,temporal,dual18(ref),104,drift,1.0,persistent,10.0
Chennai,temporal,dual18(ref),104,drift,0.0,persistent,
Chennai,temporal,dual18(ref),104,drift,1.0,persistent,12.0
Chennai,temporal,dual18(ref),104,drift,0.0,persistent,
Chennai,temporal,dual18(ref),104,drift,0.0,persistent,
Chennai,temporal,dual18(ref),104,drift,0.0,persistent,
Chennai,temporal,dual18(ref),104,bias,0.0,persistent,
Chennai,temporal,dual18(ref),104,bias,1.0,persistent,2.0
Chennai,temporal,dual18(ref),104,bias,1.0,persistent,1.0
Chennai,temporal,dual18(ref),104,bias,1.0,persistent,9.0
Chennai,temporal,dual18(ref),104,bias,1.0,persistent,1.0
Chennai,temporal,dual18(ref),104,bias,1.0,persistent,5.0
Chennai,temporal,dual18(ref),104,stuck_at,1.0,persistent,0.0
Chennai,temporal,dual18(ref),104,stuck_at,1.0,persistent,0.0
Chennai,temporal,dual18(ref),104,stuck_at,1.0,persistent,0.0
Chennai,temporal,dual18(ref),104,stuck_at,1.0,persistent,0.0
Chennai,temporal,dual18(ref),104,stuck_at,1.0,persistent,0.0
Chennai,temporal,dual18(ref),104,stuck_at,1.0,persistent,0.0
Chennai,temporal,dual18(ref),104,noise_burst,0.0,persistent,
Chennai,temporal,dual18(ref),104,noise_burst,1.0,persistent,0.0
Chennai,temporal,dual18(ref),104,noise_burst,0.0,persistent,
Chennai,temporal,dual18(ref),104,noise_burst,1.0,persistent,0.0
Chennai,temporal,dual18(ref),104,noise_burst,1.0,persistent,2.0
Chennai,temporal,dual18(ref),104,noise_burst,0.0,persistent,
Chennai,temporal,dual18(ref),104,intermittent_spikes,1.0,transient,2.0
Chennai,temporal,dual18(ref),104,intermittent_spikes,1.0,transient,0.0
Chennai,temporal,dual18(ref),104,intermittent_spikes,1.0,transient,0.0
Chennai,temporal,dual18(ref),104,intermittent_spikes,1.0,transient,5.0
Chennai,temporal,dual18(ref),104,intermittent_spikes,1.0,transient,0.0
Chennai,temporal,dual18(ref),104,intermittent_spikes,1.0,transient,2.0
Chennai,temporal,dual18(ref),104,drift_plus_noise,1.0,persistent,10.0
Chennai,temporal,dual18(ref),104,drift_plus_noise,1.0,persistent,3.0
Chennai,temporal,dual18(ref),104,drift_plus_noise,1.0,persistent,7.0
Chennai,temporal,dual18(ref),104,bias_plus_spikes,1.0,persistent,0.0
Chennai,temporal,dual18(ref),104,bias_plus_spikes,1.0,persistent,5.0
Chennai,temporal,dual18(ref),104,bias_plus_spikes,1.0,persistent,0.0
Chennai,station,dual18(ref),104,spike,1.0,transient,0.0
Chennai,station,dual18(ref),104,spike,0.0,transient,
Chennai,station,dual18(ref),104,spike,0.0,transient,
Chennai,station,dual18(ref),104,spike,1.0,transient,0.0
Chennai,station,dual18(ref),104,spike,1.0,transient,0.0
Chennai,station,dual18(ref),104,spike,1.0,transient,0.0
Chennai,station,dual18(ref),104,spike,0.0,transient,
Chennai,station,dual18(ref),104,spike,0.0,transient,
Chennai,station,dual18(ref),104,spike,0.0,transient,
Chennai,station,dual18(ref),104,spike,0.0,transient,
Chennai,station,dual18(ref),104,spike,1.0,transient,0.0
Chennai,station,dual18(ref),104,spike,0.0,transient,
Chennai,station,dual18(ref),104,spike,1.0,transient,0.0
Chennai,station,dual18(ref),104,spike,1.0,transient,0.0
Chennai,station,dual18(ref),104,spike,1.0,transient,0.0
Chennai,station,dual18(ref),104,spike,1.0,transient,0.0
Chennai,station,dual18(ref),104,spike,1.0,transient,0.0
Chennai,station,dual18(ref),104,spike,1.0,transient,0.0
Chennai,station,dual18(ref),104,spike,1.0,transient,0.0
Chennai,station,dual18(ref),104,spike,0.0,transient,
Chennai,station,dual18(ref),104,spike,1.0,transient,0.0
Chennai,station,dual18(ref),104,spike,1.0,transient,0.0
Chennai,station,dual18(ref),104,spike,0.0,transient,
Chennai,station,dual18(ref),104,spike,1.0,transient,0.0
Chennai,station,dual18(ref),104,drift,1.0,persistent,10.0
Chennai,station,dual18(ref),104,drift,0.0,persistent,
Chennai,station,dual18(ref),104,drift,1.0,persistent,12.0
Chennai,station,dual18(ref),104,drift,0.0,persistent,
Chennai,station,dual18(ref),104,drift,0.0,persistent,
Chennai,station,dual18(ref),104,drift,0.0,persistent,
Chennai,station,dual18(ref),104,bias,0.0,persistent,
Chennai,station,dual18(ref),104,bias,1.0,persistent,2.0
Chennai,station,dual18(ref),104,bias,1.0,persistent,3.0
Chennai,station,dual18(ref),104,bias,1.0,persistent,5.0
Chennai,station,dual18(ref),104,bias,1.0,persistent,7.0
Chennai,station,dual18(ref),104,bias,1.0,persistent,0.0
Chennai,station,dual18(ref),104,stuck_at,1.0,persistent,0.0
Chennai,station,dual18(ref),104,stuck_at,1.0,persistent,0.0
Chennai,station,dual18(ref),104,stuck_at,1.0,persistent,0.0
Chennai,station,dual18(ref),104,stuck_at,1.0,persistent,0.0
Chennai,station,dual18(ref),104,stuck_at,1.0,persistent,0.0
Chennai,station,dual18(ref),104,stuck_at,1.0,persistent,0.0
Chennai,station,dual18(ref),104,noise_burst,0.0,persistent,
Chennai,station,dual18(ref),104,noise_burst,1.0,persistent,0.0
Chennai,station,dual18(ref),104,noise_burst,1.0,persistent,5.0
Chennai,station,dual18(ref),104,noise_burst,1.0,persistent,0.0
Chennai,station,dual18(ref),104,noise_burst,1.0,persistent,2.0
Chennai,station,dual18(ref),104,noise_burst,0.0,persistent,
Chennai,station,dual18(ref),104,intermittent_spikes,1.0,transient,2.0
Chennai,station,dual18(ref),104,intermittent_spikes,1.0,transient,0.0
Chennai,station,dual18(ref),104,intermittent_spikes,1.0,transient,0.0
Chennai,station,dual18(ref),104,intermittent_spikes,1.0,transient,0.0
Chennai,station,dual18(ref),104,intermittent_spikes,1.0,transient,0.0
Chennai,station,dual18(ref),104,intermittent_spikes,1.0,transient,2.0
Chennai,station,dual18(ref),104,drift_plus_noise,1.0,persistent,8.0
Chennai,station,dual18(ref),104,drift_plus_noise,1.0,persistent,3.0
Chennai,station,dual18(ref),104,drift_plus_noise,1.0,persistent,7.0
Chennai,station,dual18(ref),104,bias_plus_spikes,0.0,persistent,
Chennai,station,dual18(ref),104,bias_plus_spikes,1.0,persistent,1.0
Chennai,station,dual18(ref),104,bias_plus_spikes,1.0,persistent,0.0
Chennai,in_domain,dual18(ref),115,spike,1.0,transient,0.0
Chennai,in_domain,dual18(ref),115,spike,1.0,transient,0.0
Chennai,in_domain,dual18(ref),115,spike,0.0,transient,
Chennai,in_domain,dual18(ref),115,spike,1.0,transient,0.0
Chennai,in_domain,dual18(ref),115,spike,1.0,transient,0.0
Chennai,in_domain,dual18(ref),115,spike,1.0,transient,0.0
Chennai,in_domain,dual18(ref),115,spike,0.0,transient,
Chennai,in_domain,dual18(ref),115,spike,1.0,transient,0.0
Chennai,in_domain,dual18(ref),115,spike,0.0,transient,
Chennai,in_domain,dual18(ref),115,spike,1.0,transient,0.0
Chennai,in_domain,dual18(ref),115,spike,1.0,transient,0.0
Chennai,in_domain,dual18(ref),115,spike,1.0,transient,0.0
Chennai,in_domain,dual18(ref),115,spike,1.0,transient,0.0
Chennai,in_domain,dual18(ref),115,spike,0.0,transient,
Chennai,in_domain,dual18(ref),115,spike,1.0,transient,0.0
Chennai,in_domain,dual18(ref),115,spike,1.0,transient,0.0
Chennai,in_domain,dual18(ref),115,spike,1.0,transient,0.0
Chennai,in_domain,dual18(ref),115,spike,1.0,transient,0.0
Chennai,in_domain,dual18(ref),115,spike,1.0,transient,0.0
Chennai,in_domain,dual18(ref),115,spike,1.0,transient,0.0
Chennai,in_domain,dual18(ref),115,spike,1.0,transient,0.0
Chennai,in_domain,dual18(ref),115,spike,1.0,transient,0.0
Chennai,in_domain,dual18(ref),115,spike,1.0,transient,0.0
Chennai,in_domain,dual18(ref),115,spike,1.0,transient,0.0
Chennai,in_domain,dual18(ref),115,drift,1.0,persistent,11.0
Chennai,in_domain,dual18(ref),115,drift,0.0,persistent,
Chennai,in_domain,dual18(ref),115,drift,1.0,persistent,4.0
Chennai,in_domain,dual18(ref),115,drift,1.0,persistent,11.0
Chennai,in_domain,dual18(ref),115,drift,1.0,persistent,8.0
Chennai,in_domain,dual18(ref),115,drift,1.0,persistent,9.0
Chennai,in_domain,dual18(ref),115,bias,1.0,persistent,12.0
Chennai,in_domain,dual18(ref),115,bias,0.0,persistent,
Chennai,in_domain,dual18(ref),115,bias,1.0,persistent,0.0
Chennai,in_domain,dual18(ref),115,bias,1.0,persistent,2.0
Chennai,in_domain,dual18(ref),115,bias,1.0,persistent,8.0
Chennai,in_domain,dual18(ref),115,bias,0.0,persistent,
Chennai,in_domain,dual18(ref),115,stuck_at,1.0,persistent,0.0
Chennai,in_domain,dual18(ref),115,stuck_at,1.0,persistent,0.0
Chennai,in_domain,dual18(ref),115,stuck_at,1.0,persistent,0.0
Chennai,in_domain,dual18(ref),115,stuck_at,1.0,persistent,0.0
Chennai,in_domain,dual18(ref),115,stuck_at,1.0,persistent,0.0
Chennai,in_domain,dual18(ref),115,stuck_at,1.0,persistent,0.0
Chennai,in_domain,dual18(ref),115,noise_burst,1.0,persistent,8.0
Chennai,in_domain,dual18(ref),115,noise_burst,0.0,persistent,
Chennai,in_domain,dual18(ref),115,noise_burst,0.0,persistent,
Chennai,in_domain,dual18(ref),115,noise_burst,1.0,persistent,0.0
Chennai,in_domain,dual18(ref),115,noise_burst,1.0,persistent,4.0
Chennai,in_domain,dual18(ref),115,noise_burst,1.0,persistent,2.0
Chennai,in_domain,dual18(ref),115,intermittent_spikes,1.0,transient,0.0
Chennai,in_domain,dual18(ref),115,intermittent_spikes,1.0,transient,0.0
Chennai,in_domain,dual18(ref),115,intermittent_spikes,1.0,transient,0.0
Chennai,in_domain,dual18(ref),115,intermittent_spikes,1.0,transient,0.0
Chennai,in_domain,dual18(ref),115,intermittent_spikes,1.0,transient,0.0
Chennai,in_domain,dual18(ref),115,intermittent_spikes,1.0,transient,0.0
Chennai,in_domain,dual18(ref),115,drift_plus_noise,1.0,persistent,7.0
Chennai,in_domain,dual18(ref),115,drift_plus_noise,1.0,persistent,6.0
Chennai,in_domain,dual18(ref),115,drift_plus_noise,1.0,persistent,6.0
Chennai,in_domain,dual18(ref),115,bias_plus_spikes,1.0,persistent,0.0
Chennai,in_domain,dual18(ref),115,bias_plus_spikes,1.0,persistent,0.0
Chennai,in_domain,dual18(ref),115,bias_plus_spikes,1.0,persistent,1.0
Chennai,temporal,dual18(ref),115,spike,1.0,transient,0.0
Chennai,temporal,dual18(ref),115,spike,1.0,transient,0.0
Chennai,temporal,dual18(ref),115,spike,0.0,transient,
Chennai,temporal,dual18(ref),115,spike,1.0,transient,0.0
Chennai,temporal,dual18(ref),115,spike,0.0,transient,
Chennai,temporal,dual18(ref),115,spike,1.0,transient,0.0
Chennai,temporal,dual18(ref),115,spike,0.0,transient,
Chennai,temporal,dual18(ref),115,spike,0.0,transient,
Chennai,temporal,dual18(ref),115,spike,1.0,transient,0.0
Chennai,temporal,dual18(ref),115,spike,0.0,transient,
Chennai,temporal,dual18(ref),115,spike,1.0,transient,0.0
Chennai,temporal,dual18(ref),115,spike,1.0,transient,0.0
Chennai,temporal,dual18(ref),115,spike,1.0,transient,0.0
Chennai,temporal,dual18(ref),115,spike,0.0,transient,
Chennai,temporal,dual18(ref),115,spike,1.0,transient,0.0
Chennai,temporal,dual18(ref),115,spike,1.0,transient,0.0
Chennai,temporal,dual18(ref),115,spike,1.0,transient,0.0
Chennai,temporal,dual18(ref),115,spike,0.0,transient,
Chennai,temporal,dual18(ref),115,spike,1.0,transient,0.0
Chennai,temporal,dual18(ref),115,spike,1.0,transient,0.0
Chennai,temporal,dual18(ref),115,spike,1.0,transient,0.0
Chennai,temporal,dual18(ref),115,spike,1.0,transient,1.0
Chennai,temporal,dual18(ref),115,spike,1.0,transient,0.0
Chennai,temporal,dual18(ref),115,spike,1.0,transient,0.0
Chennai,temporal,dual18(ref),115,drift,1.0,persistent,14.0
Chennai,temporal,dual18(ref),115,drift,1.0,persistent,1.0
Chennai,temporal,dual18(ref),115,drift,1.0,persistent,9.0
Chennai,temporal,dual18(ref),115,drift,1.0,persistent,12.0
Chennai,temporal,dual18(ref),115,drift,0.0,persistent,
Chennai,temporal,dual18(ref),115,drift,0.0,persistent,
Chennai,temporal,dual18(ref),115,bias,0.0,persistent,
Chennai,temporal,dual18(ref),115,bias,0.0,persistent,
Chennai,temporal,dual18(ref),115,bias,0.0,persistent,
Chennai,temporal,dual18(ref),115,bias,0.0,persistent,
Chennai,temporal,dual18(ref),115,bias,1.0,persistent,1.0
Chennai,temporal,dual18(ref),115,bias,1.0,persistent,6.0
Chennai,temporal,dual18(ref),115,stuck_at,1.0,persistent,0.0
Chennai,temporal,dual18(ref),115,stuck_at,1.0,persistent,0.0
Chennai,temporal,dual18(ref),115,stuck_at,1.0,persistent,0.0
Chennai,temporal,dual18(ref),115,stuck_at,1.0,persistent,0.0
Chennai,temporal,dual18(ref),115,stuck_at,1.0,persistent,0.0
Chennai,temporal,dual18(ref),115,stuck_at,1.0,persistent,0.0
Chennai,temporal,dual18(ref),115,noise_burst,1.0,persistent,8.0
Chennai,temporal,dual18(ref),115,noise_burst,1.0,persistent,2.0
Chennai,temporal,dual18(ref),115,noise_burst,0.0,persistent,
Chennai,temporal,dual18(ref),115,noise_burst,1.0,persistent,0.0
Chennai,temporal,dual18(ref),115,noise_burst,0.0,persistent,
Chennai,temporal,dual18(ref),115,noise_burst,1.0,persistent,0.0
Chennai,temporal,dual18(ref),115,intermittent_spikes,1.0,transient,0.0
Chennai,temporal,dual18(ref),115,intermittent_spikes,1.0,transient,0.0
Chennai,temporal,dual18(ref),115,intermittent_spikes,1.0,transient,5.0
Chennai,temporal,dual18(ref),115,intermittent_spikes,1.0,transient,0.0
Chennai,temporal,dual18(ref),115,intermittent_spikes,1.0,transient,0.0
Chennai,temporal,dual18(ref),115,intermittent_spikes,1.0,transient,0.0
Chennai,temporal,dual18(ref),115,drift_plus_noise,0.0,persistent,
Chennai,temporal,dual18(ref),115,drift_plus_noise,1.0,persistent,6.0
Chennai,temporal,dual18(ref),115,drift_plus_noise,0.0,persistent,
Chennai,temporal,dual18(ref),115,bias_plus_spikes,1.0,persistent,4.0
Chennai,temporal,dual18(ref),115,bias_plus_spikes,1.0,persistent,0.0
Chennai,temporal,dual18(ref),115,bias_plus_spikes,1.0,persistent,4.0
Chennai,station,dual18(ref),115,spike,1.0,transient,0.0
Chennai,station,dual18(ref),115,spike,1.0,transient,0.0
Chennai,station,dual18(ref),115,spike,1.0,transient,0.0
Chennai,station,dual18(ref),115,spike,1.0,transient,0.0
Chennai,station,dual18(ref),115,spike,1.0,transient,0.0
Chennai,station,dual18(ref),115,spike,0.0,transient,
Chennai,station,dual18(ref),115,spike,0.0,transient,
Chennai,station,dual18(ref),115,spike,0.0,transient,
Chennai,station,dual18(ref),115,spike,1.0,transient,0.0
Chennai,station,dual18(ref),115,spike,0.0,transient,
Chennai,station,dual18(ref),115,spike,1.0,transient,0.0
Chennai,station,dual18(ref),115,spike,1.0,transient,0.0
Chennai,station,dual18(ref),115,spike,1.0,transient,0.0
Chennai,station,dual18(ref),115,spike,0.0,transient,
Chennai,station,dual18(ref),115,spike,1.0,transient,0.0
Chennai,station,dual18(ref),115,spike,1.0,transient,0.0
Chennai,station,dual18(ref),115,spike,1.0,transient,0.0
Chennai,station,dual18(ref),115,spike,0.0,transient,
Chennai,station,dual18(ref),115,spike,1.0,transient,0.0
Chennai,station,dual18(ref),115,spike,1.0,transient,0.0
Chennai,station,dual18(ref),115,spike,1.0,transient,0.0
Chennai,station,dual18(ref),115,spike,1.0,transient,1.0
Chennai,station,dual18(ref),115,spike,1.0,transient,0.0
Chennai,station,dual18(ref),115,spike,1.0,transient,0.0
Chennai,station,dual18(ref),115,drift,0.0,persistent,
Chennai,station,dual18(ref),115,drift,1.0,persistent,1.0
Chennai,station,dual18(ref),115,drift,1.0,persistent,9.0
Chennai,station,dual18(ref),115,drift,0.0,persistent,
Chennai,station,dual18(ref),115,drift,0.0,persistent,
Chennai,station,dual18(ref),115,drift,1.0,persistent,9.0
Chennai,station,dual18(ref),115,bias,0.0,persistent,
Chennai,station,dual18(ref),115,bias,0.0,persistent,
Chennai,station,dual18(ref),115,bias,0.0,persistent,
Chennai,station,dual18(ref),115,bias,0.0,persistent,
Chennai,station,dual18(ref),115,bias,1.0,persistent,9.0
Chennai,station,dual18(ref),115,bias,0.0,persistent,
Chennai,station,dual18(ref),115,stuck_at,1.0,persistent,0.0
Chennai,station,dual18(ref),115,stuck_at,1.0,persistent,0.0
Chennai,station,dual18(ref),115,stuck_at,1.0,persistent,0.0
Chennai,station,dual18(ref),115,stuck_at,1.0,persistent,0.0
Chennai,station,dual18(ref),115,stuck_at,1.0,persistent,0.0
Chennai,station,dual18(ref),115,stuck_at,1.0,persistent,0.0
Chennai,station,dual18(ref),115,noise_burst,0.0,persistent,
Chennai,station,dual18(ref),115,noise_burst,1.0,persistent,2.0
Chennai,station,dual18(ref),115,noise_burst,1.0,persistent,8.0
Chennai,station,dual18(ref),115,noise_burst,1.0,persistent,0.0
Chennai,station,dual18(ref),115,noise_burst,0.0,persistent,
Chennai,station,dual18(ref),115,noise_burst,1.0,persistent,0.0
Chennai,station,dual18(ref),115,intermittent_spikes,1.0,transient,0.0
Chennai,station,dual18(ref),115,intermittent_spikes,1.0,transient,0.0
Chennai,station,dual18(ref),115,intermittent_spikes,1.0,transient,0.0
Chennai,station,dual18(ref),115,intermittent_spikes,1.0,transient,0.0
Chennai,station,dual18(ref),115,intermittent_spikes,1.0,transient,0.0
Chennai,station,dual18(ref),115,intermittent_spikes,1.0,transient,0.0
Chennai,station,dual18(ref),115,drift_plus_noise,0.0,persistent,
Chennai,station,dual18(ref),115,drift_plus_noise,1.0,persistent,6.0
Chennai,station,dual18(ref),115,drift_plus_noise,0.0,persistent,
Chennai,station,dual18(ref),115,bias_plus_spikes,1.0,persistent,4.0
Chennai,station,dual18(ref),115,bias_plus_spikes,1.0,persistent,0.0
Chennai,station,dual18(ref),115,bias_plus_spikes,0.0,persistent,
Chennai,in_domain,dual18(ref),126,spike,1.0,transient,0.0
Chennai,in_domain,dual18(ref),126,spike,1.0,transient,0.0
Chennai,in_domain,dual18(ref),126,spike,0.0,transient,
Chennai,in_domain,dual18(ref),126,spike,1.0,transient,0.0
Chennai,in_domain,dual18(ref),126,spike,1.0,transient,0.0
Chennai,in_domain,dual18(ref),126,spike,1.0,transient,0.0
Chennai,in_domain,dual18(ref),126,spike,0.0,transient,
Chennai,in_domain,dual18(ref),126,spike,1.0,transient,0.0
Chennai,in_domain,dual18(ref),126,spike,0.0,transient,
Chennai,in_domain,dual18(ref),126,spike,1.0,transient,0.0
Chennai,in_domain,dual18(ref),126,spike,1.0,transient,0.0
Chennai,in_domain,dual18(ref),126,spike,1.0,transient,0.0
Chennai,in_domain,dual18(ref),126,spike,1.0,transient,0.0
Chennai,in_domain,dual18(ref),126,spike,1.0,transient,0.0
Chennai,in_domain,dual18(ref),126,spike,1.0,transient,0.0
Chennai,in_domain,dual18(ref),126,spike,1.0,transient,0.0
Chennai,in_domain,dual18(ref),126,spike,1.0,transient,0.0
Chennai,in_domain,dual18(ref),126,spike,1.0,transient,0.0
Chennai,in_domain,dual18(ref),126,spike,1.0,transient,0.0
Chennai,in_domain,dual18(ref),126,spike,1.0,transient,0.0
Chennai,in_domain,dual18(ref),126,spike,1.0,transient,0.0
Chennai,in_domain,dual18(ref),126,spike,1.0,transient,0.0
Chennai,in_domain,dual18(ref),126,spike,1.0,transient,0.0
Chennai,in_domain,dual18(ref),126,spike,0.0,transient,
Chennai,in_domain,dual18(ref),126,drift,1.0,persistent,8.0
Chennai,in_domain,dual18(ref),126,drift,1.0,persistent,4.0
Chennai,in_domain,dual18(ref),126,drift,0.0,persistent,
Chennai,in_domain,dual18(ref),126,drift,1.0,persistent,4.0
Chennai,in_domain,dual18(ref),126,drift,1.0,persistent,9.0
Chennai,in_domain,dual18(ref),126,drift,1.0,persistent,7.0
Chennai,in_domain,dual18(ref),126,bias,1.0,persistent,0.0
Chennai,in_domain,dual18(ref),126,bias,0.0,persistent,
Chennai,in_domain,dual18(ref),126,bias,1.0,persistent,0.0
Chennai,in_domain,dual18(ref),126,bias,1.0,persistent,2.0
Chennai,in_domain,dual18(ref),126,bias,1.0,persistent,10.0
Chennai,in_domain,dual18(ref),126,bias,1.0,persistent,2.0
Chennai,in_domain,dual18(ref),126,stuck_at,1.0,persistent,0.0
Chennai,in_domain,dual18(ref),126,stuck_at,1.0,persistent,0.0
Chennai,in_domain,dual18(ref),126,stuck_at,1.0,persistent,0.0
Chennai,in_domain,dual18(ref),126,stuck_at,1.0,persistent,0.0
Chennai,in_domain,dual18(ref),126,stuck_at,1.0,persistent,0.0
Chennai,in_domain,dual18(ref),126,stuck_at,1.0,persistent,0.0
Chennai,in_domain,dual18(ref),126,noise_burst,0.0,persistent,
Chennai,in_domain,dual18(ref),126,noise_burst,0.0,persistent,
Chennai,in_domain,dual18(ref),126,noise_burst,1.0,persistent,2.0
Chennai,in_domain,dual18(ref),126,noise_burst,1.0,persistent,10.0
Chennai,in_domain,dual18(ref),126,noise_burst,1.0,persistent,5.0
Chennai,in_domain,dual18(ref),126,noise_burst,1.0,persistent,5.0
Chennai,in_domain,dual18(ref),126,intermittent_spikes,1.0,transient,0.0
Chennai,in_domain,dual18(ref),126,intermittent_spikes,1.0,transient,0.0
Chennai,in_domain,dual18(ref),126,intermittent_spikes,1.0,transient,0.0
Chennai,in_domain,dual18(ref),126,intermittent_spikes,1.0,transient,0.0
Chennai,in_domain,dual18(ref),126,intermittent_spikes,1.0,transient,0.0
Chennai,in_domain,dual18(ref),126,intermittent_spikes,1.0,transient,0.0
Chennai,in_domain,dual18(ref),126,drift_plus_noise,1.0,persistent,5.0
Chennai,in_domain,dual18(ref),126,drift_plus_noise,1.0,persistent,9.0
Chennai,in_domain,dual18(ref),126,drift_plus_noise,1.0,persistent,2.0
Chennai,in_domain,dual18(ref),126,bias_plus_spikes,1.0,persistent,9.0
Chennai,in_domain,dual18(ref),126,bias_plus_spikes,1.0,persistent,0.0
Chennai,in_domain,dual18(ref),126,bias_plus_spikes,1.0,persistent,2.0
Chennai,temporal,dual18(ref),126,spike,0.0,transient,
Chennai,temporal,dual18(ref),126,spike,1.0,transient,0.0
Chennai,temporal,dual18(ref),126,spike,0.0,transient,
Chennai,temporal,dual18(ref),126,spike,1.0,transient,0.0
Chennai,temporal,dual18(ref),126,spike,1.0,transient,0.0
Chennai,temporal,dual18(ref),126,spike,0.0,transient,
Chennai,temporal,dual18(ref),126,spike,0.0,transient,
Chennai,temporal,dual18(ref),126,spike,1.0,transient,0.0
Chennai,temporal,dual18(ref),126,spike,0.0,transient,
Chennai,temporal,dual18(ref),126,spike,1.0,transient,0.0
Chennai,temporal,dual18(ref),126,spike,1.0,transient,0.0
Chennai,temporal,dual18(ref),126,spike,1.0,transient,0.0
Chennai,temporal,dual18(ref),126,spike,1.0,transient,0.0
Chennai,temporal,dual18(ref),126,spike,0.0,transient,
Chennai,temporal,dual18(ref),126,spike,1.0,transient,0.0
Chennai,temporal,dual18(ref),126,spike,1.0,transient,0.0
Chennai,temporal,dual18(ref),126,spike,1.0,transient,0.0
Chennai,temporal,dual18(ref),126,spike,1.0,transient,0.0
Chennai,temporal,dual18(ref),126,spike,1.0,transient,0.0
Chennai,temporal,dual18(ref),126,spike,1.0,transient,0.0
Chennai,temporal,dual18(ref),126,spike,1.0,transient,0.0
Chennai,temporal,dual18(ref),126,spike,1.0,transient,0.0
Chennai,temporal,dual18(ref),126,spike,0.0,transient,
Chennai,temporal,dual18(ref),126,spike,1.0,transient,0.0
Chennai,temporal,dual18(ref),126,drift,0.0,persistent,
Chennai,temporal,dual18(ref),126,drift,0.0,persistent,
Chennai,temporal,dual18(ref),126,drift,0.0,persistent,
Chennai,temporal,dual18(ref),126,drift,1.0,persistent,13.0
Chennai,temporal,dual18(ref),126,drift,1.0,persistent,0.0
Chennai,temporal,dual18(ref),126,drift,1.0,persistent,3.0
Chennai,temporal,dual18(ref),126,bias,1.0,persistent,2.0
Chennai,temporal,dual18(ref),126,bias,0.0,persistent,
Chennai,temporal,dual18(ref),126,bias,0.0,persistent,
Chennai,temporal,dual18(ref),126,bias,1.0,persistent,5.0
Chennai,temporal,dual18(ref),126,bias,1.0,persistent,6.0
Chennai,temporal,dual18(ref),126,bias,1.0,persistent,7.0
Chennai,temporal,dual18(ref),126,stuck_at,1.0,persistent,0.0
Chennai,temporal,dual18(ref),126,stuck_at,1.0,persistent,0.0
Chennai,temporal,dual18(ref),126,stuck_at,1.0,persistent,0.0
Chennai,temporal,dual18(ref),126,stuck_at,1.0,persistent,0.0
Chennai,temporal,dual18(ref),126,stuck_at,1.0,persistent,0.0
Chennai,temporal,dual18(ref),126,stuck_at,1.0,persistent,0.0
Chennai,temporal,dual18(ref),126,noise_burst,1.0,persistent,0.0
Chennai,temporal,dual18(ref),126,noise_burst,0.0,persistent,
Chennai,temporal,dual18(ref),126,noise_burst,0.0,persistent,
Chennai,temporal,dual18(ref),126,noise_burst,0.0,persistent,
Chennai,temporal,dual18(ref),126,noise_burst,0.0,persistent,
Chennai,temporal,dual18(ref),126,noise_burst,1.0,persistent,5.0
Chennai,temporal,dual18(ref),126,intermittent_spikes,1.0,transient,0.0
Chennai,temporal,dual18(ref),126,intermittent_spikes,1.0,transient,0.0
Chennai,temporal,dual18(ref),126,intermittent_spikes,1.0,transient,5.0
Chennai,temporal,dual18(ref),126,intermittent_spikes,1.0,transient,0.0
Chennai,temporal,dual18(ref),126,intermittent_spikes,1.0,transient,0.0
Chennai,temporal,dual18(ref),126,intermittent_spikes,1.0,transient,0.0
Chennai,temporal,dual18(ref),126,drift_plus_noise,1.0,persistent,10.0
Chennai,temporal,dual18(ref),126,drift_plus_noise,1.0,persistent,12.0
Chennai,temporal,dual18(ref),126,drift_plus_noise,1.0,persistent,6.0
Chennai,temporal,dual18(ref),126,bias_plus_spikes,1.0,persistent,0.0
Chennai,temporal,dual18(ref),126,bias_plus_spikes,1.0,persistent,2.0
Chennai,temporal,dual18(ref),126,bias_plus_spikes,1.0,persistent,2.0
Chennai,station,dual18(ref),126,spike,0.0,transient,
Chennai,station,dual18(ref),126,spike,1.0,transient,0.0
Chennai,station,dual18(ref),126,spike,0.0,transient,
Chennai,station,dual18(ref),126,spike,1.0,transient,0.0
Chennai,station,dual18(ref),126,spike,1.0,transient,0.0
Chennai,station,dual18(ref),126,spike,1.0,transient,0.0
Chennai,station,dual18(ref),126,spike,0.0,transient,
Chennai,station,dual18(ref),126,spike,1.0,transient,0.0
Chennai,station,dual18(ref),126,spike,0.0,transient,
Chennai,station,dual18(ref),126,spike,1.0,transient,0.0
Chennai,station,dual18(ref),126,spike,1.0,transient,0.0
Chennai,station,dual18(ref),126,spike,1.0,transient,0.0
Chennai,station,dual18(ref),126,spike,1.0,transient,0.0
Chennai,station,dual18(ref),126,spike,1.0,transient,0.0
Chennai,station,dual18(ref),126,spike,1.0,transient,0.0
Chennai,station,dual18(ref),126,spike,1.0,transient,0.0
Chennai,station,dual18(ref),126,spike,1.0,transient,0.0
Chennai,station,dual18(ref),126,spike,1.0,transient,0.0
Chennai,station,dual18(ref),126,spike,1.0,transient,0.0
Chennai,station,dual18(ref),126,spike,1.0,transient,0.0
Chennai,station,dual18(ref),126,spike,1.0,transient,0.0
Chennai,station,dual18(ref),126,spike,1.0,transient,0.0
Chennai,station,dual18(ref),126,spike,0.0,transient,
Chennai,station,dual18(ref),126,spike,1.0,transient,0.0
Chennai,station,dual18(ref),126,drift,0.0,persistent,
Chennai,station,dual18(ref),126,drift,0.0,persistent,
Chennai,station,dual18(ref),126,drift,0.0,persistent,
Chennai,station,dual18(ref),126,drift,1.0,persistent,4.0
Chennai,station,dual18(ref),126,drift,1.0,persistent,0.0
Chennai,station,dual18(ref),126,drift,1.0,persistent,3.0
Chennai,station,dual18(ref),126,bias,1.0,persistent,0.0
Chennai,station,dual18(ref),126,bias,0.0,persistent,
Chennai,station,dual18(ref),126,bias,0.0,persistent,
Chennai,station,dual18(ref),126,bias,1.0,persistent,4.0
Chennai,station,dual18(ref),126,bias,0.0,persistent,
Chennai,station,dual18(ref),126,bias,1.0,persistent,7.0
Chennai,station,dual18(ref),126,stuck_at,1.0,persistent,0.0
Chennai,station,dual18(ref),126,stuck_at,1.0,persistent,0.0
Chennai,station,dual18(ref),126,stuck_at,1.0,persistent,0.0
Chennai,station,dual18(ref),126,stuck_at,1.0,persistent,0.0
Chennai,station,dual18(ref),126,stuck_at,1.0,persistent,0.0
Chennai,station,dual18(ref),126,stuck_at,1.0,persistent,0.0
Chennai,station,dual18(ref),126,noise_burst,0.0,persistent,
Chennai,station,dual18(ref),126,noise_burst,0.0,persistent,
Chennai,station,dual18(ref),126,noise_burst,0.0,persistent,
Chennai,station,dual18(ref),126,noise_burst,0.0,persistent,
Chennai,station,dual18(ref),126,noise_burst,1.0,persistent,2.0
Chennai,station,dual18(ref),126,noise_burst,1.0,persistent,2.0
Chennai,station,dual18(ref),126,intermittent_spikes,1.0,transient,12.0
Chennai,station,dual18(ref),126,intermittent_spikes,1.0,transient,0.0
Chennai,station,dual18(ref),126,intermittent_spikes,1.0,transient,5.0
Chennai,station,dual18(ref),126,intermittent_spikes,1.0,transient,0.0
Chennai,station,dual18(ref),126,intermittent_spikes,1.0,transient,0.0
Chennai,station,dual18(ref),126,intermittent_spikes,1.0,transient,0.0
Chennai,station,dual18(ref),126,drift_plus_noise,1.0,persistent,8.0
Chennai,station,dual18(ref),126,drift_plus_noise,1.0,persistent,12.0
Chennai,station,dual18(ref),126,drift_plus_noise,1.0,persistent,6.0
Chennai,station,dual18(ref),126,bias_plus_spikes,1.0,persistent,0.0
Chennai,station,dual18(ref),126,bias_plus_spikes,1.0,persistent,1.0
Chennai,station,dual18(ref),126,bias_plus_spikes,1.0,persistent,1.0
Thiruvananthapuram,in_domain,baseline16,104,spike,1.0,transient,0.0
Thiruvananthapuram,in_domain,baseline16,104,spike,1.0,transient,0.0
Thiruvananthapuram,in_domain,baseline16,104,spike,0.0,transient,
Thiruvananthapuram,in_domain,baseline16,104,spike,1.0,transient,0.0
Thiruvananthapuram,in_domain,baseline16,104,spike,1.0,transient,0.0
Thiruvananthapuram,in_domain,baseline16,104,spike,1.0,transient,0.0
Thiruvananthapuram,in_domain,baseline16,104,spike,0.0,transient,
Thiruvananthapuram,in_domain,baseline16,104,spike,0.0,transient,
Thiruvananthapuram,in_domain,baseline16,104,spike,0.0,transient,
Thiruvananthapuram,in_domain,baseline16,104,spike,0.0,transient,
Thiruvananthapuram,in_domain,baseline16,104,spike,1.0,transient,0.0
Thiruvananthapuram,in_domain,baseline16,104,spike,1.0,transient,0.0
Thiruvananthapuram,in_domain,baseline16,104,spike,1.0,transient,0.0
Thiruvananthapuram,in_domain,baseline16,104,spike,1.0,transient,0.0
Thiruvananthapuram,in_domain,baseline16,104,spike,1.0,transient,0.0
Thiruvananthapuram,in_domain,baseline16,104,spike,1.0,transient,0.0
Thiruvananthapuram,in_domain,baseline16,104,spike,1.0,transient,0.0
Thiruvananthapuram,in_domain,baseline16,104,spike,1.0,transient,0.0
Thiruvananthapuram,in_domain,baseline16,104,spike,1.0,transient,0.0
Thiruvananthapuram,in_domain,baseline16,104,spike,1.0,transient,0.0
Thiruvananthapuram,in_domain,baseline16,104,spike,1.0,transient,0.0
Thiruvananthapuram,in_domain,baseline16,104,spike,1.0,transient,0.0
Thiruvananthapuram,in_domain,baseline16,104,spike,1.0,transient,1.0
Thiruvananthapuram,in_domain,baseline16,104,spike,1.0,transient,0.0
Thiruvananthapuram,in_domain,baseline16,104,drift,1.0,persistent,2.0
Thiruvananthapuram,in_domain,baseline16,104,drift,1.0,persistent,11.0
Thiruvananthapuram,in_domain,baseline16,104,drift,1.0,persistent,6.0
Thiruvananthapuram,in_domain,baseline16,104,drift,0.0,persistent,
Thiruvananthapuram,in_domain,baseline16,104,drift,1.0,persistent,6.0
Thiruvananthapuram,in_domain,baseline16,104,drift,1.0,persistent,13.0
Thiruvananthapuram,in_domain,baseline16,104,bias,0.0,persistent,
Thiruvananthapuram,in_domain,baseline16,104,bias,0.0,persistent,
Thiruvananthapuram,in_domain,baseline16,104,bias,1.0,persistent,0.0
Thiruvananthapuram,in_domain,baseline16,104,bias,1.0,persistent,6.0
Thiruvananthapuram,in_domain,baseline16,104,bias,1.0,persistent,1.0
Thiruvananthapuram,in_domain,baseline16,104,bias,0.0,persistent,
Thiruvananthapuram,in_domain,baseline16,104,stuck_at,1.0,persistent,0.0
Thiruvananthapuram,in_domain,baseline16,104,stuck_at,1.0,persistent,0.0
Thiruvananthapuram,in_domain,baseline16,104,stuck_at,1.0,persistent,0.0
Thiruvananthapuram,in_domain,baseline16,104,stuck_at,1.0,persistent,0.0
Thiruvananthapuram,in_domain,baseline16,104,stuck_at,1.0,persistent,0.0
Thiruvananthapuram,in_domain,baseline16,104,stuck_at,1.0,persistent,0.0
Thiruvananthapuram,in_domain,baseline16,104,noise_burst,1.0,persistent,2.0
Thiruvananthapuram,in_domain,baseline16,104,noise_burst,1.0,persistent,9.0
Thiruvananthapuram,in_domain,baseline16,104,noise_burst,0.0,persistent,
Thiruvananthapuram,in_domain,baseline16,104,noise_burst,1.0,persistent,0.0
Thiruvananthapuram,in_domain,baseline16,104,noise_burst,1.0,persistent,0.0
Thiruvananthapuram,in_domain,baseline16,104,noise_burst,0.0,persistent,
Thiruvananthapuram,in_domain,baseline16,104,intermittent_spikes,1.0,transient,0.0
Thiruvananthapuram,in_domain,baseline16,104,intermittent_spikes,1.0,transient,0.0
Thiruvananthapuram,in_domain,baseline16,104,intermittent_spikes,1.0,transient,0.0
Thiruvananthapuram,in_domain,baseline16,104,intermittent_spikes,1.0,transient,0.0
Thiruvananthapuram,in_domain,baseline16,104,intermittent_spikes,1.0,transient,0.0
Thiruvananthapuram,in_domain,baseline16,104,intermittent_spikes,1.0,transient,0.0
Thiruvananthapuram,in_domain,baseline16,104,drift_plus_noise,1.0,persistent,0.0
Thiruvananthapuram,in_domain,baseline16,104,drift_plus_noise,1.0,persistent,3.0
Thiruvananthapuram,in_domain,baseline16,104,drift_plus_noise,1.0,persistent,8.0
Thiruvananthapuram,in_domain,baseline16,104,bias_plus_spikes,1.0,persistent,0.0
Thiruvananthapuram,in_domain,baseline16,104,bias_plus_spikes,1.0,persistent,1.0
Thiruvananthapuram,in_domain,baseline16,104,bias_plus_spikes,1.0,persistent,0.0
Thiruvananthapuram,temporal,baseline16,104,spike,1.0,transient,0.0
Thiruvananthapuram,temporal,baseline16,104,spike,0.0,transient,
Thiruvananthapuram,temporal,baseline16,104,spike,0.0,transient,
Thiruvananthapuram,temporal,baseline16,104,spike,0.0,transient,
Thiruvananthapuram,temporal,baseline16,104,spike,1.0,transient,0.0
Thiruvananthapuram,temporal,baseline16,104,spike,1.0,transient,0.0
Thiruvananthapuram,temporal,baseline16,104,spike,1.0,transient,0.0
Thiruvananthapuram,temporal,baseline16,104,spike,0.0,transient,
Thiruvananthapuram,temporal,baseline16,104,spike,0.0,transient,
Thiruvananthapuram,temporal,baseline16,104,spike,1.0,transient,0.0
Thiruvananthapuram,temporal,baseline16,104,spike,1.0,transient,0.0
Thiruvananthapuram,temporal,baseline16,104,spike,0.0,transient,
Thiruvananthapuram,temporal,baseline16,104,spike,1.0,transient,0.0
Thiruvananthapuram,temporal,baseline16,104,spike,1.0,transient,0.0
Thiruvananthapuram,temporal,baseline16,104,spike,1.0,transient,0.0
Thiruvananthapuram,temporal,baseline16,104,spike,1.0,transient,0.0
Thiruvananthapuram,temporal,baseline16,104,spike,1.0,transient,0.0
Thiruvananthapuram,temporal,baseline16,104,spike,1.0,transient,0.0
Thiruvananthapuram,temporal,baseline16,104,spike,1.0,transient,0.0
Thiruvananthapuram,temporal,baseline16,104,spike,0.0,transient,
Thiruvananthapuram,temporal,baseline16,104,spike,1.0,transient,0.0
Thiruvananthapuram,temporal,baseline16,104,spike,1.0,transient,0.0
Thiruvananthapuram,temporal,baseline16,104,spike,0.0,transient,
Thiruvananthapuram,temporal,baseline16,104,spike,1.0,transient,0.0
Thiruvananthapuram,temporal,baseline16,104,drift,0.0,persistent,
Thiruvananthapuram,temporal,baseline16,104,drift,0.0,persistent,
Thiruvananthapuram,temporal,baseline16,104,drift,1.0,persistent,15.0
Thiruvananthapuram,temporal,baseline16,104,drift,1.0,persistent,0.0
Thiruvananthapuram,temporal,baseline16,104,drift,1.0,persistent,9.0
Thiruvananthapuram,temporal,baseline16,104,drift,0.0,persistent,
Thiruvananthapuram,temporal,baseline16,104,bias,0.0,persistent,
Thiruvananthapuram,temporal,baseline16,104,bias,1.0,persistent,7.0
Thiruvananthapuram,temporal,baseline16,104,bias,0.0,persistent,
Thiruvananthapuram,temporal,baseline16,104,bias,0.0,persistent,
Thiruvananthapuram,temporal,baseline16,104,bias,1.0,persistent,6.0
Thiruvananthapuram,temporal,baseline16,104,bias,1.0,persistent,11.0
Thiruvananthapuram,temporal,baseline16,104,stuck_at,1.0,persistent,0.0
Thiruvananthapuram,temporal,baseline16,104,stuck_at,1.0,persistent,0.0
Thiruvananthapuram,temporal,baseline16,104,stuck_at,1.0,persistent,0.0
Thiruvananthapuram,temporal,baseline16,104,stuck_at,1.0,persistent,0.0
Thiruvananthapuram,temporal,baseline16,104,stuck_at,1.0,persistent,0.0
Thiruvananthapuram,temporal,baseline16,104,stuck_at,1.0,persistent,0.0
Thiruvananthapuram,temporal,baseline16,104,noise_burst,0.0,persistent,
Thiruvananthapuram,temporal,baseline16,104,noise_burst,0.0,persistent,
Thiruvananthapuram,temporal,baseline16,104,noise_burst,0.0,persistent,
Thiruvananthapuram,temporal,baseline16,104,noise_burst,1.0,persistent,0.0
Thiruvananthapuram,temporal,baseline16,104,noise_burst,1.0,persistent,0.0
Thiruvananthapuram,temporal,baseline16,104,noise_burst,0.0,persistent,
Thiruvananthapuram,temporal,baseline16,104,intermittent_spikes,0.0,transient,
Thiruvananthapuram,temporal,baseline16,104,intermittent_spikes,0.0,transient,
Thiruvananthapuram,temporal,baseline16,104,intermittent_spikes,1.0,transient,0.0
Thiruvananthapuram,temporal,baseline16,104,intermittent_spikes,1.0,transient,0.0
Thiruvananthapuram,temporal,baseline16,104,intermittent_spikes,1.0,transient,0.0
Thiruvananthapuram,temporal,baseline16,104,intermittent_spikes,1.0,transient,0.0
Thiruvananthapuram,temporal,baseline16,104,drift_plus_noise,1.0,persistent,8.0
Thiruvananthapuram,temporal,baseline16,104,drift_plus_noise,1.0,persistent,5.0
Thiruvananthapuram,temporal,baseline16,104,drift_plus_noise,1.0,persistent,1.0
Thiruvananthapuram,temporal,baseline16,104,bias_plus_spikes,1.0,persistent,3.0
Thiruvananthapuram,temporal,baseline16,104,bias_plus_spikes,1.0,persistent,2.0
Thiruvananthapuram,temporal,baseline16,104,bias_plus_spikes,1.0,persistent,1.0
Thiruvananthapuram,station,baseline16,104,spike,1.0,transient,0.0
Thiruvananthapuram,station,baseline16,104,spike,1.0,transient,0.0
Thiruvananthapuram,station,baseline16,104,spike,1.0,transient,0.0
Thiruvananthapuram,station,baseline16,104,spike,1.0,transient,0.0
Thiruvananthapuram,station,baseline16,104,spike,1.0,transient,0.0
Thiruvananthapuram,station,baseline16,104,spike,1.0,transient,0.0
Thiruvananthapuram,station,baseline16,104,spike,1.0,transient,0.0
Thiruvananthapuram,station,baseline16,104,spike,0.0,transient,
Thiruvananthapuram,station,baseline16,104,spike,0.0,transient,
Thiruvananthapuram,station,baseline16,104,spike,1.0,transient,0.0
Thiruvananthapuram,station,baseline16,104,spike,1.0,transient,0.0
Thiruvananthapuram,station,baseline16,104,spike,1.0,transient,0.0
Thiruvananthapuram,station,baseline16,104,spike,1.0,transient,0.0
Thiruvananthapuram,station,baseline16,104,spike,1.0,transient,0.0
Thiruvananthapuram,station,baseline16,104,spike,1.0,transient,0.0
Thiruvananthapuram,station,baseline16,104,spike,1.0,transient,0.0
Thiruvananthapuram,station,baseline16,104,spike,1.0,transient,0.0
Thiruvananthapuram,station,baseline16,104,spike,1.0,transient,0.0
Thiruvananthapuram,station,baseline16,104,spike,1.0,transient,0.0
Thiruvananthapuram,station,baseline16,104,spike,0.0,transient,
Thiruvananthapuram,station,baseline16,104,spike,1.0,transient,0.0
Thiruvananthapuram,station,baseline16,104,spike,1.0,transient,0.0
Thiruvananthapuram,station,baseline16,104,spike,0.0,transient,
Thiruvananthapuram,station,baseline16,104,spike,1.0,transient,0.0
Thiruvananthapuram,station,baseline16,104,drift,0.0,persistent,
Thiruvananthapuram,station,baseline16,104,drift,0.0,persistent,
Thiruvananthapuram,station,baseline16,104,drift,0.0,persistent,
Thiruvananthapuram,station,baseline16,104,drift,0.0,persistent,
Thiruvananthapuram,station,baseline16,104,drift,1.0,persistent,9.0
Thiruvananthapuram,station,baseline16,104,drift,0.0,persistent,
Thiruvananthapuram,station,baseline16,104,bias,0.0,persistent,
Thiruvananthapuram,station,baseline16,104,bias,1.0,persistent,7.0
Thiruvananthapuram,station,baseline16,104,bias,0.0,persistent,
Thiruvananthapuram,station,baseline16,104,bias,1.0,persistent,1.0
Thiruvananthapuram,station,baseline16,104,bias,1.0,persistent,6.0
Thiruvananthapuram,station,baseline16,104,bias,1.0,persistent,9.0
Thiruvananthapuram,station,baseline16,104,stuck_at,1.0,persistent,0.0
Thiruvananthapuram,station,baseline16,104,stuck_at,1.0,persistent,0.0
Thiruvananthapuram,station,baseline16,104,stuck_at,1.0,persistent,0.0
Thiruvananthapuram,station,baseline16,104,stuck_at,1.0,persistent,0.0
Thiruvananthapuram,station,baseline16,104,stuck_at,1.0,persistent,0.0
Thiruvananthapuram,station,baseline16,104,stuck_at,1.0,persistent,0.0
Thiruvananthapuram,station,baseline16,104,noise_burst,0.0,persistent,
Thiruvananthapuram,station,baseline16,104,noise_burst,0.0,persistent,
Thiruvananthapuram,station,baseline16,104,noise_burst,1.0,persistent,7.0
Thiruvananthapuram,station,baseline16,104,noise_burst,1.0,persistent,0.0
Thiruvananthapuram,station,baseline16,104,noise_burst,1.0,persistent,0.0
Thiruvananthapuram,station,baseline16,104,noise_burst,0.0,persistent,
Thiruvananthapuram,station,baseline16,104,intermittent_spikes,1.0,transient,0.0
Thiruvananthapuram,station,baseline16,104,intermittent_spikes,1.0,transient,0.0
Thiruvananthapuram,station,baseline16,104,intermittent_spikes,1.0,transient,0.0
Thiruvananthapuram,station,baseline16,104,intermittent_spikes,1.0,transient,0.0
Thiruvananthapuram,station,baseline16,104,intermittent_spikes,1.0,transient,0.0
Thiruvananthapuram,station,baseline16,104,intermittent_spikes,1.0,transient,0.0
Thiruvananthapuram,station,baseline16,104,drift_plus_noise,0.0,persistent,
Thiruvananthapuram,station,baseline16,104,drift_plus_noise,1.0,persistent,7.0
Thiruvananthapuram,station,baseline16,104,drift_plus_noise,1.0,persistent,1.0
Thiruvananthapuram,station,baseline16,104,bias_plus_spikes,1.0,persistent,3.0
Thiruvananthapuram,station,baseline16,104,bias_plus_spikes,1.0,persistent,2.0
Thiruvananthapuram,station,baseline16,104,bias_plus_spikes,1.0,persistent,1.0
Thiruvananthapuram,in_domain,baseline16,115,spike,1.0,transient,0.0
Thiruvananthapuram,in_domain,baseline16,115,spike,1.0,transient,0.0
Thiruvananthapuram,in_domain,baseline16,115,spike,0.0,transient,
Thiruvananthapuram,in_domain,baseline16,115,spike,1.0,transient,0.0
Thiruvananthapuram,in_domain,baseline16,115,spike,1.0,transient,0.0
Thiruvananthapuram,in_domain,baseline16,115,spike,1.0,transient,0.0
Thiruvananthapuram,in_domain,baseline16,115,spike,0.0,transient,
Thiruvananthapuram,in_domain,baseline16,115,spike,0.0,transient,
Thiruvananthapuram,in_domain,baseline16,115,spike,1.0,transient,0.0
Thiruvananthapuram,in_domain,baseline16,115,spike,0.0,transient,
Thiruvananthapuram,in_domain,baseline16,115,spike,1.0,transient,0.0
Thiruvananthapuram,in_domain,baseline16,115,spike,1.0,transient,0.0
Thiruvananthapuram,in_domain,baseline16,115,spike,1.0,transient,0.0
Thiruvananthapuram,in_domain,baseline16,115,spike,1.0,transient,0.0
Thiruvananthapuram,in_domain,baseline16,115,spike,1.0,transient,0.0
Thiruvananthapuram,in_domain,baseline16,115,spike,1.0,transient,0.0
Thiruvananthapuram,in_domain,baseline16,115,spike,1.0,transient,0.0
Thiruvananthapuram,in_domain,baseline16,115,spike,1.0,transient,0.0
Thiruvananthapuram,in_domain,baseline16,115,spike,1.0,transient,0.0
Thiruvananthapuram,in_domain,baseline16,115,spike,1.0,transient,0.0
Thiruvananthapuram,in_domain,baseline16,115,spike,1.0,transient,0.0
Thiruvananthapuram,in_domain,baseline16,115,spike,1.0,transient,0.0
Thiruvananthapuram,in_domain,baseline16,115,spike,1.0,transient,0.0
Thiruvananthapuram,in_domain,baseline16,115,spike,1.0,transient,0.0
Thiruvananthapuram,in_domain,baseline16,115,drift,1.0,persistent,9.0
Thiruvananthapuram,in_domain,baseline16,115,drift,0.0,persistent,
Thiruvananthapuram,in_domain,baseline16,115,drift,1.0,persistent,8.0
Thiruvananthapuram,in_domain,baseline16,115,drift,1.0,persistent,12.0
Thiruvananthapuram,in_domain,baseline16,115,drift,1.0,persistent,9.0
Thiruvananthapuram,in_domain,baseline16,115,drift,1.0,persistent,7.0
Thiruvananthapuram,in_domain,baseline16,115,bias,0.0,persistent,
Thiruvananthapuram,in_domain,baseline16,115,bias,0.0,persistent,
Thiruvananthapuram,in_domain,baseline16,115,bias,0.0,persistent,
Thiruvananthapuram,in_domain,baseline16,115,bias,1.0,persistent,2.0
Thiruvananthapuram,in_domain,baseline16,115,bias,0.0,persistent,
Thiruvananthapuram,in_domain,baseline16,115,bias,1.0,persistent,5.0
Thiruvananthapuram,in_domain,baseline16,115,stuck_at,1.0,persistent,0.0
Thiruvananthapuram,in_domain,baseline16,115,stuck_at,1.0,persistent,0.0
Thiruvananthapuram,in_domain,baseline16,115,stuck_at,1.0,persistent,0.0
Thiruvananthapuram,in_domain,baseline16,115,stuck_at,1.0,persistent,0.0
Thiruvananthapuram,in_domain,baseline16,115,stuck_at,1.0,persistent,0.0
Thiruvananthapuram,in_domain,baseline16,115,stuck_at,1.0,persistent,0.0
Thiruvananthapuram,in_domain,baseline16,115,noise_burst,0.0,persistent,
Thiruvananthapuram,in_domain,baseline16,115,noise_burst,1.0,persistent,11.0
Thiruvananthapuram,in_domain,baseline16,115,noise_burst,1.0,persistent,8.0
Thiruvananthapuram,in_domain,baseline16,115,noise_burst,1.0,persistent,0.0
Thiruvananthapuram,in_domain,baseline16,115,noise_burst,1.0,persistent,2.0
Thiruvananthapuram,in_domain,baseline16,115,noise_burst,1.0,persistent,0.0
Thiruvananthapuram,in_domain,baseline16,115,intermittent_spikes,1.0,transient,0.0
Thiruvananthapuram,in_domain,baseline16,115,intermittent_spikes,1.0,transient,0.0
Thiruvananthapuram,in_domain,baseline16,115,intermittent_spikes,1.0,transient,0.0
Thiruvananthapuram,in_domain,baseline16,115,intermittent_spikes,1.0,transient,0.0
Thiruvananthapuram,in_domain,baseline16,115,intermittent_spikes,1.0,transient,0.0
Thiruvananthapuram,in_domain,baseline16,115,intermittent_spikes,1.0,transient,0.0
Thiruvananthapuram,in_domain,baseline16,115,drift_plus_noise,0.0,persistent,
Thiruvananthapuram,in_domain,baseline16,115,drift_plus_noise,1.0,persistent,5.0
Thiruvananthapuram,in_domain,baseline16,115,drift_plus_noise,1.0,persistent,6.0
Thiruvananthapuram,in_domain,baseline16,115,bias_plus_spikes,1.0,persistent,0.0
Thiruvananthapuram,in_domain,baseline16,115,bias_plus_spikes,1.0,persistent,0.0
Thiruvananthapuram,in_domain,baseline16,115,bias_plus_spikes,1.0,persistent,10.0
Thiruvananthapuram,temporal,baseline16,115,spike,1.0,transient,0.0
Thiruvananthapuram,temporal,baseline16,115,spike,0.0,transient,
Thiruvananthapuram,temporal,baseline16,115,spike,0.0,transient,
Thiruvananthapuram,temporal,baseline16,115,spike,1.0,transient,0.0
Thiruvananthapuram,temporal,baseline16,115,spike,1.0,transient,0.0
Thiruvananthapuram,temporal,baseline16,115,spike,1.0,transient,0.0
Thiruvananthapuram,temporal,baseline16,115,spike,1.0,transient,0.0
Thiruvananthapuram,temporal,baseline16,115,spike,0.0,transient,
Thiruvananthapuram,temporal,baseline16,115,spike,0.0,transient,
Thiruvananthapuram,temporal,baseline16,115,spike,0.0,transient,
Thiruvananthapuram,temporal,baseline16,115,spike,0.0,transient,
Thiruvananthapuram,temporal,baseline16,115,spike,0.0,transient,
Thiruvananthapuram,temporal,baseline16,115,spike,1.0,transient,0.0
Thiruvananthapuram,temporal,baseline16,115,spike,0.0,transient,
Thiruvananthapuram,temporal,baseline16,115,spike,0.0,transient,
Thiruvananthapuram,temporal,baseline16,115,spike,1.0,transient,0.0
Thiruvananthapuram,temporal,baseline16,115,spike,1.0,transient,0.0
Thiruvananthapuram,temporal,baseline16,115,spike,1.0,transient,0.0
Thiruvananthapuram,temporal,baseline16,115,spike,0.0,transient,
Thiruvananthapuram,temporal,baseline16,115,spike,1.0,transient,0.0
Thiruvananthapuram,temporal,baseline16,115,spike,0.0,transient,
Thiruvananthapuram,temporal,baseline16,115,spike,1.0,transient,0.0
Thiruvananthapuram,temporal,baseline16,115,spike,1.0,transient,0.0
Thiruvananthapuram,temporal,baseline16,115,spike,1.0,transient,0.0
Thiruvananthapuram,temporal,baseline16,115,drift,0.0,persistent,
Thiruvananthapuram,temporal,baseline16,115,drift,0.0,persistent,
Thiruvananthapuram,temporal,baseline16,115,drift,0.0,persistent,
Thiruvananthapuram,temporal,baseline16,115,drift,1.0,persistent,13.0
Thiruvananthapuram,temporal,baseline16,115,drift,1.0,persistent,1.0
Thiruvananthapuram,temporal,baseline16,115,drift,1.0,persistent,1.0
Thiruvananthapuram,temporal,baseline16,115,bias,0.0,persistent,
Thiruvananthapuram,temporal,baseline16,115,bias,1.0,persistent,0.0
Thiruvananthapuram,temporal,baseline16,115,bias,0.0,persistent,
Thiruvananthapuram,temporal,baseline16,115,bias,1.0,persistent,4.0
Thiruvananthapuram,temporal,baseline16,115,bias,1.0,persistent,2.0
Thiruvananthapuram,temporal,baseline16,115,bias,0.0,persistent,
Thiruvananthapuram,temporal,baseline16,115,stuck_at,1.0,persistent,0.0
Thiruvananthapuram,temporal,baseline16,115,stuck_at,1.0,persistent,0.0
Thiruvananthapuram,temporal,baseline16,115,stuck_at,1.0,persistent,0.0
Thiruvananthapuram,temporal,baseline16,115,stuck_at,1.0,persistent,0.0
Thiruvananthapuram,temporal,baseline16,115,stuck_at,1.0,persistent,0.0
Thiruvananthapuram,temporal,baseline16,115,stuck_at,1.0,persistent,0.0
Thiruvananthapuram,temporal,baseline16,115,noise_burst,1.0,persistent,8.0
Thiruvananthapuram,temporal,baseline16,115,noise_burst,0.0,persistent,
Thiruvananthapuram,temporal,baseline16,115,noise_burst,0.0,persistent,
Thiruvananthapuram,temporal,baseline16,115,noise_burst,1.0,persistent,2.0
Thiruvananthapuram,temporal,baseline16,115,noise_burst,0.0,persistent,
Thiruvananthapuram,temporal,baseline16,115,noise_burst,1.0,persistent,2.0
Thiruvananthapuram,temporal,baseline16,115,intermittent_spikes,1.0,transient,0.0
Thiruvananthapuram,temporal,baseline16,115,intermittent_spikes,1.0,transient,0.0
Thiruvananthapuram,temporal,baseline16,115,intermittent_spikes,0.0,transient,
Thiruvananthapuram,temporal,baseline16,115,intermittent_spikes,1.0,transient,0.0
Thiruvananthapuram,temporal,baseline16,115,intermittent_spikes,1.0,transient,0.0
Thiruvananthapuram,temporal,baseline16,115,intermittent_spikes,1.0,transient,0.0
Thiruvananthapuram,temporal,baseline16,115,drift_plus_noise,1.0,persistent,5.0
Thiruvananthapuram,temporal,baseline16,115,drift_plus_noise,1.0,persistent,0.0
Thiruvananthapuram,temporal,baseline16,115,drift_plus_noise,1.0,persistent,12.0
Thiruvananthapuram,temporal,baseline16,115,bias_plus_spikes,1.0,persistent,1.0
Thiruvananthapuram,temporal,baseline16,115,bias_plus_spikes,1.0,persistent,0.0
Thiruvananthapuram,temporal,baseline16,115,bias_plus_spikes,1.0,persistent,10.0
Thiruvananthapuram,station,baseline16,115,spike,1.0,transient,0.0
Thiruvananthapuram,station,baseline16,115,spike,0.0,transient,
Thiruvananthapuram,station,baseline16,115,spike,0.0,transient,
Thiruvananthapuram,station,baseline16,115,spike,1.0,transient,0.0
Thiruvananthapuram,station,baseline16,115,spike,1.0,transient,0.0
Thiruvananthapuram,station,baseline16,115,spike,1.0,transient,0.0
Thiruvananthapuram,station,baseline16,115,spike,1.0,transient,0.0
Thiruvananthapuram,station,baseline16,115,spike,0.0,transient,
Thiruvananthapuram,station,baseline16,115,spike,0.0,transient,
Thiruvananthapuram,station,baseline16,115,spike,0.0,transient,
Thiruvananthapuram,station,baseline16,115,spike,1.0,transient,0.0
Thiruvananthapuram,station,baseline16,115,spike,0.0,transient,
Thiruvananthapuram,station,baseline16,115,spike,1.0,transient,0.0
Thiruvananthapuram,station,baseline16,115,spike,0.0,transient,
Thiruvananthapuram,station,baseline16,115,spike,1.0,transient,0.0
Thiruvananthapuram,station,baseline16,115,spike,1.0,transient,0.0
Thiruvananthapuram,station,baseline16,115,spike,1.0,transient,0.0
Thiruvananthapuram,station,baseline16,115,spike,1.0,transient,0.0
Thiruvananthapuram,station,baseline16,115,spike,0.0,transient,
Thiruvananthapuram,station,baseline16,115,spike,1.0,transient,0.0
Thiruvananthapuram,station,baseline16,115,spike,1.0,transient,0.0
Thiruvananthapuram,station,baseline16,115,spike,1.0,transient,0.0
Thiruvananthapuram,station,baseline16,115,spike,1.0,transient,0.0
Thiruvananthapuram,station,baseline16,115,spike,1.0,transient,0.0
Thiruvananthapuram,station,baseline16,115,drift,0.0,persistent,
Thiruvananthapuram,station,baseline16,115,drift,0.0,persistent,
Thiruvananthapuram,station,baseline16,115,drift,0.0,persistent,
Thiruvananthapuram,station,baseline16,115,drift,1.0,persistent,13.0
Thiruvananthapuram,station,baseline16,115,drift,1.0,persistent,1.0
Thiruvananthapuram,station,baseline16,115,drift,1.0,persistent,1.0
Thiruvananthapuram,station,baseline16,115,bias,0.0,persistent,
Thiruvananthapuram,station,baseline16,115,bias,0.0,persistent,
Thiruvananthapuram,station,baseline16,115,bias,0.0,persistent,
Thiruvananthapuram,station,baseline16,115,bias,0.0,persistent,
Thiruvananthapuram,station,baseline16,115,bias,1.0,persistent,2.0
Thiruvananthapuram,station,baseline16,115,bias,0.0,persistent,
Thiruvananthapuram,station,baseline16,115,stuck_at,1.0,persistent,0.0
Thiruvananthapuram,station,baseline16,115,stuck_at,1.0,persistent,0.0
Thiruvananthapuram,station,baseline16,115,stuck_at,1.0,persistent,0.0
Thiruvananthapuram,station,baseline16,115,stuck_at,1.0,persistent,0.0
Thiruvananthapuram,station,baseline16,115,stuck_at,1.0,persistent,0.0
Thiruvananthapuram,station,baseline16,115,stuck_at,1.0,persistent,0.0
Thiruvananthapuram,station,baseline16,115,noise_burst,1.0,persistent,8.0
Thiruvananthapuram,station,baseline16,115,noise_burst,0.0,persistent,
Thiruvananthapuram,station,baseline16,115,noise_burst,0.0,persistent,
Thiruvananthapuram,station,baseline16,115,noise_burst,1.0,persistent,2.0
Thiruvananthapuram,station,baseline16,115,noise_burst,0.0,persistent,
Thiruvananthapuram,station,baseline16,115,noise_burst,1.0,persistent,0.0
Thiruvananthapuram,station,baseline16,115,intermittent_spikes,1.0,transient,0.0
Thiruvananthapuram,station,baseline16,115,intermittent_spikes,1.0,transient,0.0
Thiruvananthapuram,station,baseline16,115,intermittent_spikes,0.0,transient,
Thiruvananthapuram,station,baseline16,115,intermittent_spikes,1.0,transient,0.0
Thiruvananthapuram,station,baseline16,115,intermittent_spikes,1.0,transient,0.0
Thiruvananthapuram,station,baseline16,115,intermittent_spikes,1.0,transient,0.0
Thiruvananthapuram,station,baseline16,115,drift_plus_noise,0.0,persistent,
Thiruvananthapuram,station,baseline16,115,drift_plus_noise,1.0,persistent,0.0
Thiruvananthapuram,station,baseline16,115,drift_plus_noise,0.0,persistent,
Thiruvananthapuram,station,baseline16,115,bias_plus_spikes,1.0,persistent,5.0
Thiruvananthapuram,station,baseline16,115,bias_plus_spikes,1.0,persistent,0.0
Thiruvananthapuram,station,baseline16,115,bias_plus_spikes,1.0,persistent,10.0
Thiruvananthapuram,in_domain,baseline16,126,spike,0.0,transient,
Thiruvananthapuram,in_domain,baseline16,126,spike,1.0,transient,0.0
Thiruvananthapuram,in_domain,baseline16,126,spike,0.0,transient,
Thiruvananthapuram,in_domain,baseline16,126,spike,0.0,transient,
Thiruvananthapuram,in_domain,baseline16,126,spike,1.0,transient,0.0
Thiruvananthapuram,in_domain,baseline16,126,spike,0.0,transient,
Thiruvananthapuram,in_domain,baseline16,126,spike,0.0,transient,
Thiruvananthapuram,in_domain,baseline16,126,spike,1.0,transient,0.0
Thiruvananthapuram,in_domain,baseline16,126,spike,0.0,transient,
Thiruvananthapuram,in_domain,baseline16,126,spike,0.0,transient,
Thiruvananthapuram,in_domain,baseline16,126,spike,1.0,transient,0.0
Thiruvananthapuram,in_domain,baseline16,126,spike,1.0,transient,0.0
Thiruvananthapuram,in_domain,baseline16,126,spike,1.0,transient,0.0
Thiruvananthapuram,in_domain,baseline16,126,spike,1.0,transient,0.0
Thiruvananthapuram,in_domain,baseline16,126,spike,1.0,transient,0.0
Thiruvananthapuram,in_domain,baseline16,126,spike,1.0,transient,0.0
Thiruvananthapuram,in_domain,baseline16,126,spike,1.0,transient,0.0
Thiruvananthapuram,in_domain,baseline16,126,spike,1.0,transient,0.0
Thiruvananthapuram,in_domain,baseline16,126,spike,1.0,transient,0.0
Thiruvananthapuram,in_domain,baseline16,126,spike,1.0,transient,0.0
Thiruvananthapuram,in_domain,baseline16,126,spike,1.0,transient,0.0
Thiruvananthapuram,in_domain,baseline16,126,spike,1.0,transient,0.0
Thiruvananthapuram,in_domain,baseline16,126,spike,0.0,transient,
Thiruvananthapuram,in_domain,baseline16,126,spike,1.0,transient,0.0
Thiruvananthapuram,in_domain,baseline16,126,drift,1.0,persistent,8.0
Thiruvananthapuram,in_domain,baseline16,126,drift,0.0,persistent,
Thiruvananthapuram,in_domain,baseline16,126,drift,0.0,persistent,
Thiruvananthapuram,in_domain,baseline16,126,drift,1.0,persistent,3.0
Thiruvananthapuram,in_domain,baseline16,126,drift,1.0,persistent,4.0
Thiruvananthapuram,in_domain,baseline16,126,drift,1.0,persistent,7.0
Thiruvananthapuram,in_domain,baseline16,126,bias,0.0,persistent,
Thiruvananthapuram,in_domain,baseline16,126,bias,0.0,persistent,
Thiruvananthapuram,in_domain,baseline16,126,bias,0.0,persistent,
Thiruvananthapuram,in_domain,baseline16,126,bias,1.0,persistent,6.0
Thiruvananthapuram,in_domain,baseline16,126,bias,0.0,persistent,
Thiruvananthapuram,in_domain,baseline16,126,bias,0.0,persistent,
Thiruvananthapuram,in_domain,baseline16,126,stuck_at,1.0,persistent,0.0
Thiruvananthapuram,in_domain,baseline16,126,stuck_at,1.0,persistent,0.0
Thiruvananthapuram,in_domain,baseline16,126,stuck_at,1.0,persistent,0.0
Thiruvananthapuram,in_domain,baseline16,126,stuck_at,1.0,persistent,0.0
Thiruvananthapuram,in_domain,baseline16,126,stuck_at,1.0,persistent,0.0
Thiruvananthapuram,in_domain,baseline16,126,stuck_at,1.0,persistent,0.0
Thiruvananthapuram,in_domain,baseline16,126,noise_burst,1.0,persistent,0.0
Thiruvananthapuram,in_domain,baseline16,126,noise_burst,0.0,persistent,
Thiruvananthapuram,in_domain,baseline16,126,noise_burst,1.0,persistent,1.0
Thiruvananthapuram,in_domain,baseline16,126,noise_burst,1.0,persistent,2.0
Thiruvananthapuram,in_domain,baseline16,126,noise_burst,1.0,persistent,5.0
Thiruvananthapuram,in_domain,baseline16,126,noise_burst,1.0,persistent,4.0
Thiruvananthapuram,in_domain,baseline16,126,intermittent_spikes,1.0,transient,0.0
Thiruvananthapuram,in_domain,baseline16,126,intermittent_spikes,1.0,transient,0.0
Thiruvananthapuram,in_domain,baseline16,126,intermittent_spikes,1.0,transient,0.0
Thiruvananthapuram,in_domain,baseline16,126,intermittent_spikes,1.0,transient,0.0
Thiruvananthapuram,in_domain,baseline16,126,intermittent_spikes,1.0,transient,0.0
Thiruvananthapuram,in_domain,baseline16,126,intermittent_spikes,1.0,transient,0.0
Thiruvananthapuram,in_domain,baseline16,126,drift_plus_noise,1.0,persistent,7.0
Thiruvananthapuram,in_domain,baseline16,126,drift_plus_noise,1.0,persistent,9.0
Thiruvananthapuram,in_domain,baseline16,126,drift_plus_noise,1.0,persistent,11.0
Thiruvananthapuram,in_domain,baseline16,126,bias_plus_spikes,1.0,persistent,0.0
Thiruvananthapuram,in_domain,baseline16,126,bias_plus_spikes,1.0,persistent,3.0
Thiruvananthapuram,in_domain,baseline16,126,bias_plus_spikes,1.0,persistent,2.0
Thiruvananthapuram,temporal,baseline16,126,spike,0.0,transient,
Thiruvananthapuram,temporal,baseline16,126,spike,1.0,transient,0.0
Thiruvananthapuram,temporal,baseline16,126,spike,0.0,transient,
Thiruvananthapuram,temporal,baseline16,126,spike,1.0,transient,0.0
Thiruvananthapuram,temporal,baseline16,126,spike,1.0,transient,0.0
Thiruvananthapuram,temporal,baseline16,126,spike,1.0,transient,0.0
Thiruvananthapuram,temporal,baseline16,126,spike,1.0,transient,0.0
Thiruvananthapuram,temporal,baseline16,126,spike,0.0,transient,
Thiruvananthapuram,temporal,baseline16,126,spike,0.0,transient,
Thiruvananthapuram,temporal,baseline16,126,spike,1.0,transient,0.0
Thiruvananthapuram,temporal,baseline16,126,spike,0.0,transient,
Thiruvananthapuram,temporal,baseline16,126,spike,1.0,transient,0.0
Thiruvananthapuram,temporal,baseline16,126,spike,0.0,transient,
Thiruvananthapuram,temporal,baseline16,126,spike,1.0,transient,0.0
Thiruvananthapuram,temporal,baseline16,126,spike,1.0,transient,0.0
Thiruvananthapuram,temporal,baseline16,126,spike,1.0,transient,0.0
Thiruvananthapuram,temporal,baseline16,126,spike,1.0,transient,0.0
Thiruvananthapuram,temporal,baseline16,126,spike,1.0,transient,0.0
Thiruvananthapuram,temporal,baseline16,126,spike,0.0,transient,
Thiruvananthapuram,temporal,baseline16,126,spike,1.0,transient,0.0
Thiruvananthapuram,temporal,baseline16,126,spike,1.0,transient,0.0
Thiruvananthapuram,temporal,baseline16,126,spike,1.0,transient,0.0
Thiruvananthapuram,temporal,baseline16,126,spike,0.0,transient,
Thiruvananthapuram,temporal,baseline16,126,spike,1.0,transient,0.0
Thiruvananthapuram,temporal,baseline16,126,drift,0.0,persistent,
Thiruvananthapuram,temporal,baseline16,126,drift,0.0,persistent,
Thiruvananthapuram,temporal,baseline16,126,drift,0.0,persistent,
Thiruvananthapuram,temporal,baseline16,126,drift,1.0,persistent,3.0
Thiruvananthapuram,temporal,baseline16,126,drift,0.0,persistent,
Thiruvananthapuram,temporal,baseline16,126,drift,0.0,persistent,
Thiruvananthapuram,temporal,baseline16,126,bias,1.0,persistent,0.0
Thiruvananthapuram,temporal,baseline16,126,bias,0.0,persistent,
Thiruvananthapuram,temporal,baseline16,126,bias,1.0,persistent,9.0
Thiruvananthapuram,temporal,baseline16,126,bias,1.0,persistent,6.0
Thiruvananthapuram,temporal,baseline16,126,bias,0.0,persistent,
Thiruvananthapuram,temporal,baseline16,126,bias,0.0,persistent,
Thiruvananthapuram,temporal,baseline16,126,stuck_at,1.0,persistent,0.0
Thiruvananthapuram,temporal,baseline16,126,stuck_at,1.0,persistent,0.0
Thiruvananthapuram,temporal,baseline16,126,stuck_at,1.0,persistent,0.0
Thiruvananthapuram,temporal,baseline16,126,stuck_at,1.0,persistent,0.0
Thiruvananthapuram,temporal,baseline16,126,stuck_at,1.0,persistent,0.0
Thiruvananthapuram,temporal,baseline16,126,stuck_at,1.0,persistent,0.0
Thiruvananthapuram,temporal,baseline16,126,noise_burst,1.0,persistent,5.0
Thiruvananthapuram,temporal,baseline16,126,noise_burst,1.0,persistent,0.0
Thiruvananthapuram,temporal,baseline16,126,noise_burst,1.0,persistent,2.0
Thiruvananthapuram,temporal,baseline16,126,noise_burst,1.0,persistent,11.0
Thiruvananthapuram,temporal,baseline16,126,noise_burst,1.0,persistent,5.0
Thiruvananthapuram,temporal,baseline16,126,noise_burst,1.0,persistent,2.0
Thiruvananthapuram,temporal,baseline16,126,intermittent_spikes,1.0,transient,0.0
Thiruvananthapuram,temporal,baseline16,126,intermittent_spikes,0.0,transient,
Thiruvananthapuram,temporal,baseline16,126,intermittent_spikes,1.0,transient,0.0
Thiruvananthapuram,temporal,baseline16,126,intermittent_spikes,1.0,transient,12.0
Thiruvananthapuram,temporal,baseline16,126,intermittent_spikes,1.0,transient,0.0
Thiruvananthapuram,temporal,baseline16,126,intermittent_spikes,1.0,transient,0.0
Thiruvananthapuram,temporal,baseline16,126,drift_plus_noise,0.0,persistent,
Thiruvananthapuram,temporal,baseline16,126,drift_plus_noise,1.0,persistent,2.0
Thiruvananthapuram,temporal,baseline16,126,drift_plus_noise,1.0,persistent,8.0
Thiruvananthapuram,temporal,baseline16,126,bias_plus_spikes,1.0,persistent,0.0
Thiruvananthapuram,temporal,baseline16,126,bias_plus_spikes,1.0,persistent,3.0
Thiruvananthapuram,temporal,baseline16,126,bias_plus_spikes,1.0,persistent,2.0
Thiruvananthapuram,station,baseline16,126,spike,1.0,transient,0.0
Thiruvananthapuram,station,baseline16,126,spike,0.0,transient,
Thiruvananthapuram,station,baseline16,126,spike,1.0,transient,0.0
Thiruvananthapuram,station,baseline16,126,spike,1.0,transient,0.0
Thiruvananthapuram,station,baseline16,126,spike,1.0,transient,0.0
Thiruvananthapuram,station,baseline16,126,spike,1.0,transient,0.0
Thiruvananthapuram,station,baseline16,126,spike,1.0,transient,0.0
Thiruvananthapuram,station,baseline16,126,spike,0.0,transient,
Thiruvananthapuram,station,baseline16,126,spike,0.0,transient,
Thiruvananthapuram,station,baseline16,126,spike,1.0,transient,0.0
Thiruvananthapuram,station,baseline16,126,spike,0.0,transient,
Thiruvananthapuram,station,baseline16,126,spike,0.0,transient,
Thiruvananthapuram,station,baseline16,126,spike,1.0,transient,0.0
Thiruvananthapuram,station,baseline16,126,spike,1.0,transient,0.0
Thiruvananthapuram,station,baseline16,126,spike,1.0,transient,0.0
Thiruvananthapuram,station,baseline16,126,spike,1.0,transient,0.0
Thiruvananthapuram,station,baseline16,126,spike,1.0,transient,0.0
Thiruvananthapuram,station,baseline16,126,spike,1.0,transient,0.0
Thiruvananthapuram,station,baseline16,126,spike,1.0,transient,0.0
Thiruvananthapuram,station,baseline16,126,spike,1.0,transient,0.0
Thiruvananthapuram,station,baseline16,126,spike,1.0,transient,0.0
Thiruvananthapuram,station,baseline16,126,spike,1.0,transient,0.0
Thiruvananthapuram,station,baseline16,126,spike,1.0,transient,0.0
Thiruvananthapuram,station,baseline16,126,spike,1.0,transient,0.0
Thiruvananthapuram,station,baseline16,126,drift,0.0,persistent,
Thiruvananthapuram,station,baseline16,126,drift,0.0,persistent,
Thiruvananthapuram,station,baseline16,126,drift,0.0,persistent,
Thiruvananthapuram,station,baseline16,126,drift,1.0,persistent,3.0
Thiruvananthapuram,station,baseline16,126,drift,0.0,persistent,
Thiruvananthapuram,station,baseline16,126,drift,0.0,persistent,
Thiruvananthapuram,station,baseline16,126,bias,1.0,persistent,0.0
Thiruvananthapuram,station,baseline16,126,bias,0.0,persistent,
Thiruvananthapuram,station,baseline16,126,bias,1.0,persistent,9.0
Thiruvananthapuram,station,baseline16,126,bias,1.0,persistent,6.0
Thiruvananthapuram,station,baseline16,126,bias,0.0,persistent,
Thiruvananthapuram,station,baseline16,126,bias,0.0,persistent,
Thiruvananthapuram,station,baseline16,126,stuck_at,1.0,persistent,0.0
Thiruvananthapuram,station,baseline16,126,stuck_at,1.0,persistent,0.0
Thiruvananthapuram,station,baseline16,126,stuck_at,1.0,persistent,0.0
Thiruvananthapuram,station,baseline16,126,stuck_at,1.0,persistent,0.0
Thiruvananthapuram,station,baseline16,126,stuck_at,1.0,persistent,0.0
Thiruvananthapuram,station,baseline16,126,stuck_at,1.0,persistent,0.0
Thiruvananthapuram,station,baseline16,126,noise_burst,0.0,persistent,
Thiruvananthapuram,station,baseline16,126,noise_burst,1.0,persistent,0.0
Thiruvananthapuram,station,baseline16,126,noise_burst,1.0,persistent,2.0
Thiruvananthapuram,station,baseline16,126,noise_burst,0.0,persistent,
Thiruvananthapuram,station,baseline16,126,noise_burst,1.0,persistent,4.0
Thiruvananthapuram,station,baseline16,126,noise_burst,1.0,persistent,2.0
Thiruvananthapuram,station,baseline16,126,intermittent_spikes,1.0,transient,0.0
Thiruvananthapuram,station,baseline16,126,intermittent_spikes,0.0,transient,
Thiruvananthapuram,station,baseline16,126,intermittent_spikes,1.0,transient,0.0
Thiruvananthapuram,station,baseline16,126,intermittent_spikes,1.0,transient,0.0
Thiruvananthapuram,station,baseline16,126,intermittent_spikes,1.0,transient,0.0
Thiruvananthapuram,station,baseline16,126,intermittent_spikes,1.0,transient,0.0
Thiruvananthapuram,station,baseline16,126,drift_plus_noise,1.0,persistent,0.0
Thiruvananthapuram,station,baseline16,126,drift_plus_noise,1.0,persistent,13.0
Thiruvananthapuram,station,baseline16,126,drift_plus_noise,1.0,persistent,12.0
Thiruvananthapuram,station,baseline16,126,bias_plus_spikes,1.0,persistent,0.0
Thiruvananthapuram,station,baseline16,126,bias_plus_spikes,1.0,persistent,3.0
Thiruvananthapuram,station,baseline16,126,bias_plus_spikes,1.0,persistent,2.0
Thiruvananthapuram,in_domain,clim_short17,104,spike,1.0,transient,0.0
Thiruvananthapuram,in_domain,clim_short17,104,spike,1.0,transient,0.0
Thiruvananthapuram,in_domain,clim_short17,104,spike,1.0,transient,0.0
Thiruvananthapuram,in_domain,clim_short17,104,spike,1.0,transient,0.0
Thiruvananthapuram,in_domain,clim_short17,104,spike,1.0,transient,0.0
Thiruvananthapuram,in_domain,clim_short17,104,spike,1.0,transient,0.0
Thiruvananthapuram,in_domain,clim_short17,104,spike,0.0,transient,
Thiruvananthapuram,in_domain,clim_short17,104,spike,0.0,transient,
Thiruvananthapuram,in_domain,clim_short17,104,spike,0.0,transient,
Thiruvananthapuram,in_domain,clim_short17,104,spike,1.0,transient,0.0
Thiruvananthapuram,in_domain,clim_short17,104,spike,1.0,transient,0.0
Thiruvananthapuram,in_domain,clim_short17,104,spike,1.0,transient,0.0
Thiruvananthapuram,in_domain,clim_short17,104,spike,1.0,transient,0.0
Thiruvananthapuram,in_domain,clim_short17,104,spike,1.0,transient,0.0
Thiruvananthapuram,in_domain,clim_short17,104,spike,1.0,transient,0.0
Thiruvananthapuram,in_domain,clim_short17,104,spike,0.0,transient,
Thiruvananthapuram,in_domain,clim_short17,104,spike,1.0,transient,0.0
Thiruvananthapuram,in_domain,clim_short17,104,spike,0.0,transient,
Thiruvananthapuram,in_domain,clim_short17,104,spike,1.0,transient,0.0
Thiruvananthapuram,in_domain,clim_short17,104,spike,1.0,transient,0.0
Thiruvananthapuram,in_domain,clim_short17,104,spike,1.0,transient,0.0
Thiruvananthapuram,in_domain,clim_short17,104,spike,1.0,transient,0.0
Thiruvananthapuram,in_domain,clim_short17,104,spike,1.0,transient,1.0
Thiruvananthapuram,in_domain,clim_short17,104,spike,1.0,transient,0.0
Thiruvananthapuram,in_domain,clim_short17,104,drift,1.0,persistent,2.0
Thiruvananthapuram,in_domain,clim_short17,104,drift,1.0,persistent,11.0
Thiruvananthapuram,in_domain,clim_short17,104,drift,1.0,persistent,6.0
Thiruvananthapuram,in_domain,clim_short17,104,drift,1.0,persistent,2.0
Thiruvananthapuram,in_domain,clim_short17,104,drift,1.0,persistent,7.0
Thiruvananthapuram,in_domain,clim_short17,104,drift,1.0,persistent,12.0
Thiruvananthapuram,in_domain,clim_short17,104,bias,0.0,persistent,
Thiruvananthapuram,in_domain,clim_short17,104,bias,0.0,persistent,
Thiruvananthapuram,in_domain,clim_short17,104,bias,1.0,persistent,0.0
Thiruvananthapuram,in_domain,clim_short17,104,bias,1.0,persistent,6.0
Thiruvananthapuram,in_domain,clim_short17,104,bias,1.0,persistent,1.0
Thiruvananthapuram,in_domain,clim_short17,104,bias,0.0,persistent,
Thiruvananthapuram,in_domain,clim_short17,104,stuck_at,1.0,persistent,0.0
Thiruvananthapuram,in_domain,clim_short17,104,stuck_at,1.0,persistent,0.0
Thiruvananthapuram,in_domain,clim_short17,104,stuck_at,1.0,persistent,0.0
Thiruvananthapuram,in_domain,clim_short17,104,stuck_at,1.0,persistent,0.0
Thiruvananthapuram,in_domain,clim_short17,104,stuck_at,1.0,persistent,0.0
Thiruvananthapuram,in_domain,clim_short17,104,stuck_at,1.0,persistent,0.0
Thiruvananthapuram,in_domain,clim_short17,104,noise_burst,1.0,persistent,2.0
Thiruvananthapuram,in_domain,clim_short17,104,noise_burst,1.0,persistent,9.0
Thiruvananthapuram,in_domain,clim_short17,104,noise_burst,0.0,persistent,
Thiruvananthapuram,in_domain,clim_short17,104,noise_burst,1.0,persistent,0.0
Thiruvananthapuram,in_domain,clim_short17,104,noise_burst,1.0,persistent,0.0
Thiruvananthapuram,in_domain,clim_short17,104,noise_burst,1.0,persistent,2.0
Thiruvananthapuram,in_domain,clim_short17,104,intermittent_spikes,1.0,transient,0.0
Thiruvananthapuram,in_domain,clim_short17,104,intermittent_spikes,1.0,transient,0.0
Thiruvananthapuram,in_domain,clim_short17,104,intermittent_spikes,1.0,transient,0.0
Thiruvananthapuram,in_domain,clim_short17,104,intermittent_spikes,1.0,transient,0.0
Thiruvananthapuram,in_domain,clim_short17,104,intermittent_spikes,1.0,transient,0.0
Thiruvananthapuram,in_domain,clim_short17,104,intermittent_spikes,1.0,transient,4.0
Thiruvananthapuram,in_domain,clim_short17,104,drift_plus_noise,1.0,persistent,0.0
Thiruvananthapuram,in_domain,clim_short17,104,drift_plus_noise,1.0,persistent,3.0
Thiruvananthapuram,in_domain,clim_short17,104,drift_plus_noise,0.0,persistent,
Thiruvananthapuram,in_domain,clim_short17,104,bias_plus_spikes,1.0,persistent,0.0
Thiruvananthapuram,in_domain,clim_short17,104,bias_plus_spikes,1.0,persistent,1.0
Thiruvananthapuram,in_domain,clim_short17,104,bias_plus_spikes,1.0,persistent,0.0
Thiruvananthapuram,temporal,clim_short17,104,spike,1.0,transient,0.0
Thiruvananthapuram,temporal,clim_short17,104,spike,1.0,transient,0.0
Thiruvananthapuram,temporal,clim_short17,104,spike,1.0,transient,0.0
Thiruvananthapuram,temporal,clim_short17,104,spike,0.0,transient,
Thiruvananthapuram,temporal,clim_short17,104,spike,1.0,transient,0.0
Thiruvananthapuram,temporal,clim_short17,104,spike,1.0,transient,0.0
Thiruvananthapuram,temporal,clim_short17,104,spike,0.0,transient,
Thiruvananthapuram,temporal,clim_short17,104,spike,0.0,transient,
Thiruvananthapuram,temporal,clim_short17,104,spike,0.0,transient,
Thiruvananthapuram,temporal,clim_short17,104,spike,1.0,transient,0.0
Thiruvananthapuram,temporal,clim_short17,104,spike,1.0,transient,0.0
Thiruvananthapuram,temporal,clim_short17,104,spike,1.0,transient,0.0
Thiruvananthapuram,temporal,clim_short17,104,spike,1.0,transient,0.0
Thiruvananthapuram,temporal,clim_short17,104,spike,1.0,transient,0.0
Thiruvananthapuram,temporal,clim_short17,104,spike,1.0,transient,0.0
Thiruvananthapuram,temporal,clim_short17,104,spike,0.0,transient,
Thiruvananthapuram,temporal,clim_short17,104,spike,1.0,transient,0.0
Thiruvananthapuram,temporal,clim_short17,104,spike,0.0,transient,
Thiruvananthapuram,temporal,clim_short17,104,spike,1.0,transient,0.0
Thiruvananthapuram,temporal,clim_short17,104,spike,0.0,transient,
Thiruvananthapuram,temporal,clim_short17,104,spike,1.0,transient,0.0
Thiruvananthapuram,temporal,clim_short17,104,spike,1.0,transient,0.0
Thiruvananthapuram,temporal,clim_short17,104,spike,0.0,transient,
Thiruvananthapuram,temporal,clim_short17,104,spike,1.0,transient,0.0
Thiruvananthapuram,temporal,clim_short17,104,drift,0.0,persistent,
Thiruvananthapuram,temporal,clim_short17,104,drift,0.0,persistent,
Thiruvananthapuram,temporal,clim_short17,104,drift,0.0,persistent,
Thiruvananthapuram,temporal,clim_short17,104,drift,1.0,persistent,0.0
Thiruvananthapuram,temporal,clim_short17,104,drift,1.0,persistent,9.0
Thiruvananthapuram,temporal,clim_short17,104,drift,0.0,persistent,
Thiruvananthapuram,temporal,clim_short17,104,bias,0.0,persistent,
Thiruvananthapuram,temporal,clim_short17,104,bias,1.0,persistent,7.0
Thiruvananthapuram,temporal,clim_short17,104,bias,0.0,persistent,
Thiruvananthapuram,temporal,clim_short17,104,bias,1.0,persistent,1.0
Thiruvananthapuram,temporal,clim_short17,104,bias,1.0,persistent,6.0
Thiruvananthapuram,temporal,clim_short17,104,bias,1.0,persistent,9.0
Thiruvananthapuram,temporal,clim_short17,104,stuck_at,1.0,persistent,0.0
Thiruvananthapuram,temporal,clim_short17,104,stuck_at,1.0,persistent,0.0
Thiruvananthapuram,temporal,clim_short17,104,stuck_at,1.0,persistent,0.0
Thiruvananthapuram,temporal,clim_short17,104,stuck_at,1.0,persistent,0.0
Thiruvananthapuram,temporal,clim_short17,104,stuck_at,1.0,persistent,0.0
Thiruvananthapuram,temporal,clim_short17,104,stuck_at,1.0,persistent,0.0
Thiruvananthapuram,temporal,clim_short17,104,noise_burst,1.0,persistent,1.0
Thiruvananthapuram,temporal,clim_short17,104,noise_burst,1.0,persistent,6.0
Thiruvananthapuram,temporal,clim_short17,104,noise_burst,0.0,persistent,
Thiruvananthapuram,temporal,clim_short17,104,noise_burst,1.0,persistent,0.0
Thiruvananthapuram,temporal,clim_short17,104,noise_burst,1.0,persistent,0.0
Thiruvananthapuram,temporal,clim_short17,104,noise_burst,0.0,persistent,
Thiruvananthapuram,temporal,clim_short17,104,intermittent_spikes,1.0,transient,0.0
Thiruvananthapuram,temporal,clim_short17,104,intermittent_spikes,1.0,transient,0.0
Thiruvananthapuram,temporal,clim_short17,104,intermittent_spikes,1.0,transient,0.0
Thiruvananthapuram,temporal,clim_short17,104,intermittent_spikes,1.0,transient,0.0
Thiruvananthapuram,temporal,clim_short17,104,intermittent_spikes,1.0,transient,0.0
Thiruvananthapuram,temporal,clim_short17,104,intermittent_spikes,1.0,transient,2.0
Thiruvananthapuram,temporal,clim_short17,104,drift_plus_noise,1.0,persistent,8.0
Thiruvananthapuram,temporal,clim_short17,104,drift_plus_noise,1.0,persistent,7.0
Thiruvananthapuram,temporal,clim_short17,104,drift_plus_noise,1.0,persistent,1.0
Thiruvananthapuram,temporal,clim_short17,104,bias_plus_spikes,1.0,persistent,1.0
Thiruvananthapuram,temporal,clim_short17,104,bias_plus_spikes,1.0,persistent,2.0
Thiruvananthapuram,temporal,clim_short17,104,bias_plus_spikes,1.0,persistent,1.0
Thiruvananthapuram,station,clim_short17,104,spike,1.0,transient,0.0
Thiruvananthapuram,station,clim_short17,104,spike,1.0,transient,0.0
Thiruvananthapuram,station,clim_short17,104,spike,1.0,transient,0.0
Thiruvananthapuram,station,clim_short17,104,spike,1.0,transient,0.0
Thiruvananthapuram,station,clim_short17,104,spike,1.0,transient,0.0
Thiruvananthapuram,station,clim_short17,104,spike,1.0,transient,0.0
Thiruvananthapuram,station,clim_short17,104,spike,0.0,transient,
Thiruvananthapuram,station,clim_short17,104,spike,0.0,transient,
Thiruvananthapuram,station,clim_short17,104,spike,0.0,transient,
Thiruvananthapuram,station,clim_short17,104,spike,1.0,transient,0.0
Thiruvananthapuram,station,clim_short17,104,spike,1.0,transient,0.0
Thiruvananthapuram,station,clim_short17,104,spike,1.0,transient,0.0
Thiruvananthapuram,station,clim_short17,104,spike,1.0,transient,0.0
Thiruvananthapuram,station,clim_short17,104,spike,1.0,transient,0.0
Thiruvananthapuram,station,clim_short17,104,spike,1.0,transient,0.0
Thiruvananthapuram,station,clim_short17,104,spike,0.0,transient,
Thiruvananthapuram,station,clim_short17,104,spike,1.0,transient,0.0
Thiruvananthapuram,station,clim_short17,104,spike,1.0,transient,0.0
Thiruvananthapuram,station,clim_short17,104,spike,0.0,transient,
Thiruvananthapuram,station,clim_short17,104,spike,1.0,transient,0.0
Thiruvananthapuram,station,clim_short17,104,spike,1.0,transient,0.0
Thiruvananthapuram,station,clim_short17,104,spike,1.0,transient,0.0
Thiruvananthapuram,station,clim_short17,104,spike,0.0,transient,
Thiruvananthapuram,station,clim_short17,104,spike,1.0,transient,0.0
Thiruvananthapuram,station,clim_short17,104,drift,0.0,persistent,
Thiruvananthapuram,station,clim_short17,104,drift,0.0,persistent,
Thiruvananthapuram,station,clim_short17,104,drift,1.0,persistent,15.0
Thiruvananthapuram,station,clim_short17,104,drift,0.0,persistent,
Thiruvananthapuram,station,clim_short17,104,drift,1.0,persistent,9.0
Thiruvananthapuram,station,clim_short17,104,drift,0.0,persistent,
Thiruvananthapuram,station,clim_short17,104,bias,0.0,persistent,
Thiruvananthapuram,station,clim_short17,104,bias,1.0,persistent,7.0
Thiruvananthapuram,station,clim_short17,104,bias,0.0,persistent,
Thiruvananthapuram,station,clim_short17,104,bias,0.0,persistent,
Thiruvananthapuram,station,clim_short17,104,bias,1.0,persistent,6.0
Thiruvananthapuram,station,clim_short17,104,bias,1.0,persistent,13.0
Thiruvananthapuram,station,clim_short17,104,stuck_at,1.0,persistent,0.0
Thiruvananthapuram,station,clim_short17,104,stuck_at,1.0,persistent,0.0
Thiruvananthapuram,station,clim_short17,104,stuck_at,1.0,persistent,0.0
Thiruvananthapuram,station,clim_short17,104,stuck_at,1.0,persistent,0.0
Thiruvananthapuram,station,clim_short17,104,stuck_at,1.0,persistent,0.0
Thiruvananthapuram,station,clim_short17,104,stuck_at,1.0,persistent,0.0
Thiruvananthapuram,station,clim_short17,104,noise_burst,0.0,persistent,
Thiruvananthapuram,station,clim_short17,104,noise_burst,0.0,persistent,
Thiruvananthapuram,station,clim_short17,104,noise_burst,0.0,persistent,
Thiruvananthapuram,station,clim_short17,104,noise_burst,1.0,persistent,0.0
Thiruvananthapuram,station,clim_short17,104,noise_burst,1.0,persistent,0.0
Thiruvananthapuram,station,clim_short17,104,noise_burst,0.0,persistent,
Thiruvananthapuram,station,clim_short17,104,intermittent_spikes,1.0,transient,0.0
Thiruvananthapuram,station,clim_short17,104,intermittent_spikes,1.0,transient,0.0
Thiruvananthapuram,station,clim_short17,104,intermittent_spikes,1.0,transient,0.0
Thiruvananthapuram,station,clim_short17,104,intermittent_spikes,1.0,transient,0.0
Thiruvananthapuram,station,clim_short17,104,intermittent_spikes,1.0,transient,0.0
Thiruvananthapuram,station,clim_short17,104,intermittent_spikes,1.0,transient,2.0
Thiruvananthapuram,station,clim_short17,104,drift_plus_noise,1.0,persistent,8.0
Thiruvananthapuram,station,clim_short17,104,drift_plus_noise,1.0,persistent,3.0
Thiruvananthapuram,station,clim_short17,104,drift_plus_noise,1.0,persistent,8.0
Thiruvananthapuram,station,clim_short17,104,bias_plus_spikes,1.0,persistent,0.0
Thiruvananthapuram,station,clim_short17,104,bias_plus_spikes,1.0,persistent,2.0
Thiruvananthapuram,station,clim_short17,104,bias_plus_spikes,1.0,persistent,1.0
Thiruvananthapuram,in_domain,clim_short17,115,spike,1.0,transient,0.0
Thiruvananthapuram,in_domain,clim_short17,115,spike,1.0,transient,0.0
Thiruvananthapuram,in_domain,clim_short17,115,spike,1.0,transient,0.0
Thiruvananthapuram,in_domain,clim_short17,115,spike,1.0,transient,0.0
Thiruvananthapuram,in_domain,clim_short17,115,spike,1.0,transient,0.0
Thiruvananthapuram,in_domain,clim_short17,115,spike,1.0,transient,0.0
Thiruvananthapuram,in_domain,clim_short17,115,spike,0.0,transient,
Thiruvananthapuram,in_domain,clim_short17,115,spike,0.0,transient,
Thiruvananthapuram,in_domain,clim_short17,115,spike,1.0,transient,0.0
Thiruvananthapuram,in_domain,clim_short17,115,spike,1.0,transient,0.0
Thiruvananthapuram,in_domain,clim_short17,115,spike,1.0,transient,0.0
Thiruvananthapuram,in_domain,clim_short17,115,spike,1.0,transient,0.0
Thiruvananthapuram,in_domain,clim_short17,115,spike,1.0,transient,0.0
Thiruvananthapuram,in_domain,clim_short17,115,spike,1.0,transient,0.0
Thiruvananthapuram,in_domain,clim_short17,115,spike,1.0,transient,0.0
Thiruvananthapuram,in_domain,clim_short17,115,spike,1.0,transient,0.0
Thiruvananthapuram,in_domain,clim_short17,115,spike,1.0,transient,0.0
Thiruvananthapuram,in_domain,clim_short17,115,spike,1.0,transient,0.0
Thiruvananthapuram,in_domain,clim_short17,115,spike,1.0,transient,0.0
Thiruvananthapuram,in_domain,clim_short17,115,spike,1.0,transient,0.0
Thiruvananthapuram,in_domain,clim_short17,115,spike,1.0,transient,0.0
Thiruvananthapuram,in_domain,clim_short17,115,spike,1.0,transient,0.0
Thiruvananthapuram,in_domain,clim_short17,115,spike,1.0,transient,0.0
Thiruvananthapuram,in_domain,clim_short17,115,spike,1.0,transient,0.0
Thiruvananthapuram,in_domain,clim_short17,115,drift,1.0,persistent,3.0
Thiruvananthapuram,in_domain,clim_short17,115,drift,0.0,persistent,
Thiruvananthapuram,in_domain,clim_short17,115,drift,1.0,persistent,9.0
Thiruvananthapuram,in_domain,clim_short17,115,drift,1.0,persistent,12.0
Thiruvananthapuram,in_domain,clim_short17,115,drift,1.0,persistent,8.0
Thiruvananthapuram,in_domain,clim_short17,115,drift,1.0,persistent,9.0
Thiruvananthapuram,in_domain,clim_short17,115,bias,0.0,persistent,
Thiruvananthapuram,in_domain,clim_short17,115,bias,0.0,persistent,
Thiruvananthapuram,in_domain,clim_short17,115,bias,1.0,persistent,7.0
Thiruvananthapuram,in_domain,clim_short17,115,bias,1.0,persistent,1.0
Thiruvananthapuram,in_domain,clim_short17,115,bias,0.0,persistent,
Thiruvananthapuram,in_domain,clim_short17,115,bias,0.0,persistent,
Thiruvananthapuram,in_domain,clim_short17,115,stuck_at,1.0,persistent,0.0
Thiruvananthapuram,in_domain,clim_short17,115,stuck_at,1.0,persistent,0.0
Thiruvananthapuram,in_domain,clim_short17,115,stuck_at,1.0,persistent,0.0
Thiruvananthapuram,in_domain,clim_short17,115,stuck_at,1.0,persistent,0.0
Thiruvananthapuram,in_domain,clim_short17,115,stuck_at,1.0,persistent,0.0
Thiruvananthapuram,in_domain,clim_short17,115,stuck_at,1.0,persistent,0.0
Thiruvananthapuram,in_domain,clim_short17,115,noise_burst,1.0,persistent,4.0
Thiruvananthapuram,in_domain,clim_short17,115,noise_burst,1.0,persistent,11.0
Thiruvananthapuram,in_domain,clim_short17,115,noise_burst,1.0,persistent,7.0
Thiruvananthapuram,in_domain,clim_short17,115,noise_burst,1.0,persistent,0.0
Thiruvananthapuram,in_domain,clim_short17,115,noise_burst,1.0,persistent,2.0
Thiruvananthapuram,in_domain,clim_short17,115,noise_burst,1.0,persistent,0.0
Thiruvananthapuram,in_domain,clim_short17,115,intermittent_spikes,1.0,transient,0.0
Thiruvananthapuram,in_domain,clim_short17,115,intermittent_spikes,1.0,transient,0.0
Thiruvananthapuram,in_domain,clim_short17,115,intermittent_spikes,1.0,transient,0.0
Thiruvananthapuram,in_domain,clim_short17,115,intermittent_spikes,1.0,transient,0.0
Thiruvananthapuram,in_domain,clim_short17,115,intermittent_spikes,1.0,transient,0.0
Thiruvananthapuram,in_domain,clim_short17,115,intermittent_spikes,1.0,transient,0.0
Thiruvananthapuram,in_domain,clim_short17,115,drift_plus_noise,1.0,persistent,7.0
Thiruvananthapuram,in_domain,clim_short17,115,drift_plus_noise,1.0,persistent,5.0
Thiruvananthapuram,in_domain,clim_short17,115,drift_plus_noise,1.0,persistent,6.0
Thiruvananthapuram,in_domain,clim_short17,115,bias_plus_spikes,1.0,persistent,0.0
Thiruvananthapuram,in_domain,clim_short17,115,bias_plus_spikes,1.0,persistent,0.0
Thiruvananthapuram,in_domain,clim_short17,115,bias_plus_spikes,1.0,persistent,10.0
Thiruvananthapuram,temporal,clim_short17,115,spike,1.0,transient,0.0
Thiruvananthapuram,temporal,clim_short17,115,spike,0.0,transient,
Thiruvananthapuram,temporal,clim_short17,115,spike,0.0,transient,
Thiruvananthapuram,temporal,clim_short17,115,spike,1.0,transient,0.0
Thiruvananthapuram,temporal,clim_short17,115,spike,1.0,transient,0.0
Thiruvananthapuram,temporal,clim_short17,115,spike,1.0,transient,0.0
Thiruvananthapuram,temporal,clim_short17,115,spike,1.0,transient,0.0
Thiruvananthapuram,temporal,clim_short17,115,spike,0.0,transient,
Thiruvananthapuram,temporal,clim_short17,115,spike,0.0,transient,
Thiruvananthapuram,temporal,clim_short17,115,spike,0.0,transient,
Thiruvananthapuram,temporal,clim_short17,115,spike,1.0,transient,0.0
Thiruvananthapuram,temporal,clim_short17,115,spike,0.0,transient,
Thiruvananthapuram,temporal,clim_short17,115,spike,0.0,transient,
Thiruvananthapuram,temporal,clim_short17,115,spike,1.0,transient,0.0
Thiruvananthapuram,temporal,clim_short17,115,spike,1.0,transient,0.0
Thiruvananthapuram,temporal,clim_short17,115,spike,0.0,transient,
Thiruvananthapuram,temporal,clim_short17,115,spike,1.0,transient,0.0
Thiruvananthapuram,temporal,clim_short17,115,spike,1.0,transient,0.0
Thiruvananthapuram,temporal,clim_short17,115,spike,0.0,transient,
Thiruvananthapuram,temporal,clim_short17,115,spike,1.0,transient,0.0
Thiruvananthapuram,temporal,clim_short17,115,spike,0.0,transient,
Thiruvananthapuram,temporal,clim_short17,115,spike,1.0,transient,0.0
Thiruvananthapuram,temporal,clim_short17,115,spike,1.0,transient,0.0
Thiruvananthapuram,temporal,clim_short17,115,spike,1.0,transient,0.0
Thiruvananthapuram,temporal,clim_short17,115,drift,1.0,persistent,9.0
Thiruvananthapuram,temporal,clim_short17,115,drift,0.0,persistent,
Thiruvananthapuram,temporal,clim_short17,115,drift,0.0,persistent,
Thiruvananthapuram,temporal,clim_short17,115,drift,1.0,persistent,13.0
Thiruvananthapuram,temporal,clim_short17,115,drift,1.0,persistent,1.0
Thiruvananthapuram,temporal,clim_short17,115,drift,0.0,persistent,
Thiruvananthapuram,temporal,clim_short17,115,bias,0.0,persistent,
Thiruvananthapuram,temporal,clim_short17,115,bias,0.0,persistent,
Thiruvananthapuram,temporal,clim_short17,115,bias,0.0,persistent,
Thiruvananthapuram,temporal,clim_short17,115,bias,1.0,persistent,4.0
Thiruvananthapuram,temporal,clim_short17,115,bias,1.0,persistent,1.0
Thiruvananthapuram,temporal,clim_short17,115,bias,0.0,persistent,
Thiruvananthapuram,temporal,clim_short17,115,stuck_at,1.0,persistent,0.0
Thiruvananthapuram,temporal,clim_short17,115,stuck_at,1.0,persistent,0.0
Thiruvananthapuram,temporal,clim_short17,115,stuck_at,1.0,persistent,0.0
Thiruvananthapuram,temporal,clim_short17,115,stuck_at,1.0,persistent,0.0
Thiruvananthapuram,temporal,clim_short17,115,stuck_at,1.0,persistent,0.0
Thiruvananthapuram,temporal,clim_short17,115,stuck_at,1.0,persistent,0.0
Thiruvananthapuram,temporal,clim_short17,115,noise_burst,1.0,persistent,8.0
Thiruvananthapuram,temporal,clim_short17,115,noise_burst,0.0,persistent,
Thiruvananthapuram,temporal,clim_short17,115,noise_burst,0.0,persistent,
Thiruvananthapuram,temporal,clim_short17,115,noise_burst,1.0,persistent,0.0
Thiruvananthapuram,temporal,clim_short17,115,noise_burst,0.0,persistent,
Thiruvananthapuram,temporal,clim_short17,115,noise_burst,1.0,persistent,0.0
Thiruvananthapuram,temporal,clim_short17,115,intermittent_spikes,1.0,transient,0.0
Thiruvananthapuram,temporal,clim_short17,115,intermittent_spikes,1.0,transient,0.0
Thiruvananthapuram,temporal,clim_short17,115,intermittent_spikes,0.0,transient,
Thiruvananthapuram,temporal,clim_short17,115,intermittent_spikes,1.0,transient,0.0
Thiruvananthapuram,temporal,clim_short17,115,intermittent_spikes,1.0,transient,0.0
Thiruvananthapuram,temporal,clim_short17,115,intermittent_spikes,1.0,transient,0.0
Thiruvananthapuram,temporal,clim_short17,115,drift_plus_noise,1.0,persistent,5.0
Thiruvananthapuram,temporal,clim_short17,115,drift_plus_noise,1.0,persistent,0.0
Thiruvananthapuram,temporal,clim_short17,115,drift_plus_noise,1.0,persistent,14.0
Thiruvananthapuram,temporal,clim_short17,115,bias_plus_spikes,1.0,persistent,1.0
Thiruvananthapuram,temporal,clim_short17,115,bias_plus_spikes,1.0,persistent,0.0
Thiruvananthapuram,temporal,clim_short17,115,bias_plus_spikes,1.0,persistent,1.0
Thiruvananthapuram,station,clim_short17,115,spike,1.0,transient,0.0
Thiruvananthapuram,station,clim_short17,115,spike,0.0,transient,
Thiruvananthapuram,station,clim_short17,115,spike,0.0,transient,
Thiruvananthapuram,station,clim_short17,115,spike,1.0,transient,0.0
Thiruvananthapuram,station,clim_short17,115,spike,1.0,transient,0.0
Thiruvananthapuram,station,clim_short17,115,spike,1.0,transient,0.0
Thiruvananthapuram,station,clim_short17,115,spike,1.0,transient,0.0
Thiruvananthapuram,station,clim_short17,115,spike,0.0,transient,
Thiruvananthapuram,station,clim_short17,115,spike,0.0,transient,
Thiruvananthapuram,station,clim_short17,115,spike,0.0,transient,
Thiruvananthapuram,station,clim_short17,115,spike,1.0,transient,0.0
Thiruvananthapuram,station,clim_short17,115,spike,1.0,transient,0.0
Thiruvananthapuram,station,clim_short17,115,spike,1.0,transient,0.0
Thiruvananthapuram,station,clim_short17,115,spike,1.0,transient,0.0
Thiruvananthapuram,station,clim_short17,115,spike,1.0,transient,0.0
Thiruvananthapuram,station,clim_short17,115,spike,1.0,transient,0.0
Thiruvananthapuram,station,clim_short17,115,spike,1.0,transient,0.0
Thiruvananthapuram,station,clim_short17,115,spike,0.0,transient,
Thiruvananthapuram,station,clim_short17,115,spike,0.0,transient,
Thiruvananthapuram,station,clim_short17,115,spike,1.0,transient,0.0
Thiruvananthapuram,station,clim_short17,115,spike,1.0,transient,0.0
Thiruvananthapuram,station,clim_short17,115,spike,1.0,transient,0.0
Thiruvananthapuram,station,clim_short17,115,spike,1.0,transient,0.0
Thiruvananthapuram,station,clim_short17,115,spike,1.0,transient,0.0
Thiruvananthapuram,station,clim_short17,115,drift,0.0,persistent,
Thiruvananthapuram,station,clim_short17,115,drift,0.0,persistent,
Thiruvananthapuram,station,clim_short17,115,drift,0.0,persistent,
Thiruvananthapuram,station,clim_short17,115,drift,1.0,persistent,12.0
Thiruvananthapuram,station,clim_short17,115,drift,1.0,persistent,1.0
Thiruvananthapuram,station,clim_short17,115,drift,1.0,persistent,1.0
Thiruvananthapuram,station,clim_short17,115,bias,0.0,persistent,
Thiruvananthapuram,station,clim_short17,115,bias,0.0,persistent,
Thiruvananthapuram,station,clim_short17,115,bias,0.0,persistent,
Thiruvananthapuram,station,clim_short17,115,bias,0.0,persistent,
Thiruvananthapuram,station,clim_short17,115,bias,1.0,persistent,10.0
Thiruvananthapuram,station,clim_short17,115,bias,0.0,persistent,
Thiruvananthapuram,station,clim_short17,115,stuck_at,1.0,persistent,0.0
Thiruvananthapuram,station,clim_short17,115,stuck_at,1.0,persistent,0.0
Thiruvananthapuram,station,clim_short17,115,stuck_at,1.0,persistent,0.0
Thiruvananthapuram,station,clim_short17,115,stuck_at,1.0,persistent,0.0
Thiruvananthapuram,station,clim_short17,115,stuck_at,1.0,persistent,0.0
Thiruvananthapuram,station,clim_short17,115,stuck_at,1.0,persistent,0.0
Thiruvananthapuram,station,clim_short17,115,noise_burst,1.0,persistent,8.0
Thiruvananthapuram,station,clim_short17,115,noise_burst,0.0,persistent,
Thiruvananthapuram,station,clim_short17,115,noise_burst,0.0,persistent,
Thiruvananthapuram,station,clim_short17,115,noise_burst,1.0,persistent,0.0
Thiruvananthapuram,station,clim_short17,115,noise_burst,0.0,persistent,
Thiruvananthapuram,station,clim_short17,115,noise_burst,1.0,persistent,0.0
Thiruvananthapuram,station,clim_short17,115,intermittent_spikes,1.0,transient,0.0
Thiruvananthapuram,station,clim_short17,115,intermittent_spikes,1.0,transient,0.0
Thiruvananthapuram,station,clim_short17,115,intermittent_spikes,1.0,transient,0.0
Thiruvananthapuram,station,clim_short17,115,intermittent_spikes,1.0,transient,0.0
Thiruvananthapuram,station,clim_short17,115,intermittent_spikes,1.0,transient,0.0
Thiruvananthapuram,station,clim_short17,115,intermittent_spikes,1.0,transient,0.0
Thiruvananthapuram,station,clim_short17,115,drift_plus_noise,1.0,persistent,5.0
Thiruvananthapuram,station,clim_short17,115,drift_plus_noise,1.0,persistent,0.0
Thiruvananthapuram,station,clim_short17,115,drift_plus_noise,1.0,persistent,14.0
Thiruvananthapuram,station,clim_short17,115,bias_plus_spikes,1.0,persistent,5.0
Thiruvananthapuram,station,clim_short17,115,bias_plus_spikes,1.0,persistent,0.0
Thiruvananthapuram,station,clim_short17,115,bias_plus_spikes,1.0,persistent,10.0
Thiruvananthapuram,in_domain,clim_short17,126,spike,1.0,transient,0.0
Thiruvananthapuram,in_domain,clim_short17,126,spike,1.0,transient,0.0
Thiruvananthapuram,in_domain,clim_short17,126,spike,1.0,transient,0.0
Thiruvananthapuram,in_domain,clim_short17,126,spike,1.0,transient,0.0
Thiruvananthapuram,in_domain,clim_short17,126,spike,1.0,transient,0.0
Thiruvananthapuram,in_domain,clim_short17,126,spike,1.0,transient,0.0
Thiruvananthapuram,in_domain,clim_short17,126,spike,0.0,transient,
Thiruvananthapuram,in_domain,clim_short17,126,spike,1.0,transient,0.0
Thiruvananthapuram,in_domain,clim_short17,126,spike,0.0,transient,
Thiruvananthapuram,in_domain,clim_short17,126,spike,1.0,transient,0.0
Thiruvananthapuram,in_domain,clim_short17,126,spike,1.0,transient,0.0
Thiruvananthapuram,in_domain,clim_short17,126,spike,1.0,transient,0.0
Thiruvananthapuram,in_domain,clim_short17,126,spike,1.0,transient,0.0
Thiruvananthapuram,in_domain,clim_short17,126,spike,1.0,transient,0.0
Thiruvananthapuram,in_domain,clim_short17,126,spike,1.0,transient,0.0
Thiruvananthapuram,in_domain,clim_short17,126,spike,1.0,transient,0.0
Thiruvananthapuram,in_domain,clim_short17,126,spike,0.0,transient,
Thiruvananthapuram,in_domain,clim_short17,126,spike,1.0,transient,0.0
Thiruvananthapuram,in_domain,clim_short17,126,spike,1.0,transient,0.0
Thiruvananthapuram,in_domain,clim_short17,126,spike,1.0,transient,0.0
Thiruvananthapuram,in_domain,clim_short17,126,spike,1.0,transient,0.0
Thiruvananthapuram,in_domain,clim_short17,126,spike,1.0,transient,0.0
Thiruvananthapuram,in_domain,clim_short17,126,spike,0.0,transient,
Thiruvananthapuram,in_domain,clim_short17,126,spike,1.0,transient,0.0
Thiruvananthapuram,in_domain,clim_short17,126,drift,1.0,persistent,8.0
Thiruvananthapuram,in_domain,clim_short17,126,drift,0.0,persistent,
Thiruvananthapuram,in_domain,clim_short17,126,drift,0.0,persistent,
Thiruvananthapuram,in_domain,clim_short17,126,drift,1.0,persistent,3.0
Thiruvananthapuram,in_domain,clim_short17,126,drift,1.0,persistent,5.0
Thiruvananthapuram,in_domain,clim_short17,126,drift,1.0,persistent,4.0
Thiruvananthapuram,in_domain,clim_short17,126,bias,1.0,persistent,2.0
Thiruvananthapuram,in_domain,clim_short17,126,bias,0.0,persistent,
Thiruvananthapuram,in_domain,clim_short17,126,bias,0.0,persistent,
Thiruvananthapuram,in_domain,clim_short17,126,bias,1.0,persistent,6.0
Thiruvananthapuram,in_domain,clim_short17,126,bias,0.0,persistent,
Thiruvananthapuram,in_domain,clim_short17,126,bias,0.0,persistent,
Thiruvananthapuram,in_domain,clim_short17,126,stuck_at,1.0,persistent,0.0
Thiruvananthapuram,in_domain,clim_short17,126,stuck_at,1.0,persistent,0.0
Thiruvananthapuram,in_domain,clim_short17,126,stuck_at,1.0,persistent,0.0
Thiruvananthapuram,in_domain,clim_short17,126,stuck_at,1.0,persistent,0.0
Thiruvananthapuram,in_domain,clim_short17,126,stuck_at,1.0,persistent,0.0
Thiruvananthapuram,in_domain,clim_short17,126,stuck_at,1.0,persistent,0.0
Thiruvananthapuram,in_domain,clim_short17,126,noise_burst,1.0,persistent,0.0
Thiruvananthapuram,in_domain,clim_short17,126,noise_burst,0.0,persistent,
Thiruvananthapuram,in_domain,clim_short17,126,noise_burst,1.0,persistent,2.0
Thiruvananthapuram,in_domain,clim_short17,126,noise_burst,1.0,persistent,3.0
Thiruvananthapuram,in_domain,clim_short17,126,noise_burst,1.0,persistent,2.0
Thiruvananthapuram,in_domain,clim_short17,126,noise_burst,1.0,persistent,6.0
Thiruvananthapuram,in_domain,clim_short17,126,intermittent_spikes,1.0,transient,0.0
Thiruvananthapuram,in_domain,clim_short17,126,intermittent_spikes,1.0,transient,0.0
Thiruvananthapuram,in_domain,clim_short17,126,intermittent_spikes,1.0,transient,0.0
Thiruvananthapuram,in_domain,clim_short17,126,intermittent_spikes,1.0,transient,0.0
Thiruvananthapuram,in_domain,clim_short17,126,intermittent_spikes,1.0,transient,0.0
Thiruvananthapuram,in_domain,clim_short17,126,intermittent_spikes,1.0,transient,0.0
Thiruvananthapuram,in_domain,clim_short17,126,drift_plus_noise,1.0,persistent,4.0
Thiruvananthapuram,in_domain,clim_short17,126,drift_plus_noise,1.0,persistent,9.0
Thiruvananthapuram,in_domain,clim_short17,126,drift_plus_noise,1.0,persistent,0.0
Thiruvananthapuram,in_domain,clim_short17,126,bias_plus_spikes,1.0,persistent,0.0
Thiruvananthapuram,in_domain,clim_short17,126,bias_plus_spikes,1.0,persistent,3.0
Thiruvananthapuram,in_domain,clim_short17,126,bias_plus_spikes,1.0,persistent,2.0
Thiruvananthapuram,temporal,clim_short17,126,spike,1.0,transient,0.0
Thiruvananthapuram,temporal,clim_short17,126,spike,1.0,transient,0.0
Thiruvananthapuram,temporal,clim_short17,126,spike,1.0,transient,0.0
Thiruvananthapuram,temporal,clim_short17,126,spike,1.0,transient,0.0
Thiruvananthapuram,temporal,clim_short17,126,spike,1.0,transient,0.0
Thiruvananthapuram,temporal,clim_short17,126,spike,1.0,transient,0.0
Thiruvananthapuram,temporal,clim_short17,126,spike,0.0,transient,
Thiruvananthapuram,temporal,clim_short17,126,spike,0.0,transient,
Thiruvananthapuram,temporal,clim_short17,126,spike,0.0,transient,
Thiruvananthapuram,temporal,clim_short17,126,spike,1.0,transient,0.0
Thiruvananthapuram,temporal,clim_short17,126,spike,0.0,transient,
Thiruvananthapuram,temporal,clim_short17,126,spike,1.0,transient,0.0
Thiruvananthapuram,temporal,clim_short17,126,spike,0.0,transient,
Thiruvananthapuram,temporal,clim_short17,126,spike,1.0,transient,0.0
Thiruvananthapuram,temporal,clim_short17,126,spike,1.0,transient,0.0
Thiruvananthapuram,temporal,clim_short17,126,spike,1.0,transient,0.0
Thiruvananthapuram,temporal,clim_short17,126,spike,1.0,transient,0.0
Thiruvananthapuram,temporal,clim_short17,126,spike,1.0,transient,0.0
Thiruvananthapuram,temporal,clim_short17,126,spike,1.0,transient,0.0
Thiruvananthapuram,temporal,clim_short17,126,spike,1.0,transient,0.0
Thiruvananthapuram,temporal,clim_short17,126,spike,1.0,transient,0.0
Thiruvananthapuram,temporal,clim_short17,126,spike,1.0,transient,0.0
Thiruvananthapuram,temporal,clim_short17,126,spike,0.0,transient,
Thiruvananthapuram,temporal,clim_short17,126,spike,1.0,transient,0.0
Thiruvananthapuram,temporal,clim_short17,126,drift,0.0,persistent,
Thiruvananthapuram,temporal,clim_short17,126,drift,0.0,persistent,
Thiruvananthapuram,temporal,clim_short17,126,drift,0.0,persistent,
Thiruvananthapuram,temporal,clim_short17,126,drift,1.0,persistent,3.0
Thiruvananthapuram,temporal,clim_short17,126,drift,0.0,persistent,
Thiruvananthapuram,temporal,clim_short17,126,drift,0.0,persistent,
Thiruvananthapuram,temporal,clim_short17,126,bias,1.0,persistent,0.0
Thiruvananthapuram,temporal,clim_short17,126,bias,0.0,persistent,
Thiruvananthapuram,temporal,clim_short17,126,bias,0.0,persistent,
Thiruvananthapuram,temporal,clim_short17,126,bias,1.0,persistent,6.0
Thiruvananthapuram,temporal,clim_short17,126,bias,0.0,persistent,
Thiruvananthapuram,temporal,clim_short17,126,bias,0.0,persistent,
Thiruvananthapuram,temporal,clim_short17,126,stuck_at,1.0,persistent,0.0
Thiruvananthapuram,temporal,clim_short17,126,stuck_at,1.0,persistent,0.0
Thiruvananthapuram,temporal,clim_short17,126,stuck_at,1.0,persistent,0.0
Thiruvananthapuram,temporal,clim_short17,126,stuck_at,1.0,persistent,0.0
Thiruvananthapuram,temporal,clim_short17,126,stuck_at,1.0,persistent,0.0
Thiruvananthapuram,temporal,clim_short17,126,stuck_at,1.0,persistent,0.0
Thiruvananthapuram,temporal,clim_short17,126,noise_burst,1.0,persistent,5.0
Thiruvananthapuram,temporal,clim_short17,126,noise_burst,1.0,persistent,0.0
Thiruvananthapuram,temporal,clim_short17,126,noise_burst,1.0,persistent,2.0
Thiruvananthapuram,temporal,clim_short17,126,noise_burst,1.0,persistent,11.0
Thiruvananthapuram,temporal,clim_short17,126,noise_burst,1.0,persistent,4.0
Thiruvananthapuram,temporal,clim_short17,126,noise_burst,1.0,persistent,2.0
Thiruvananthapuram,temporal,clim_short17,126,intermittent_spikes,1.0,transient,0.0
Thiruvananthapuram,temporal,clim_short17,126,intermittent_spikes,0.0,transient,
Thiruvananthapuram,temporal,clim_short17,126,intermittent_spikes,1.0,transient,0.0
Thiruvananthapuram,temporal,clim_short17,126,intermittent_spikes,1.0,transient,7.0
Thiruvananthapuram,temporal,clim_short17,126,intermittent_spikes,1.0,transient,0.0
Thiruvananthapuram,temporal,clim_short17,126,intermittent_spikes,1.0,transient,0.0
Thiruvananthapuram,temporal,clim_short17,126,drift_plus_noise,0.0,persistent,
Thiruvananthapuram,temporal,clim_short17,126,drift_plus_noise,1.0,persistent,2.0
Thiruvananthapuram,temporal,clim_short17,126,drift_plus_noise,1.0,persistent,13.0
Thiruvananthapuram,temporal,clim_short17,126,bias_plus_spikes,1.0,persistent,0.0
Thiruvananthapuram,temporal,clim_short17,126,bias_plus_spikes,1.0,persistent,3.0
Thiruvananthapuram,temporal,clim_short17,126,bias_plus_spikes,1.0,persistent,2.0
Thiruvananthapuram,station,clim_short17,126,spike,1.0,transient,0.0
Thiruvananthapuram,station,clim_short17,126,spike,0.0,transient,
Thiruvananthapuram,station,clim_short17,126,spike,1.0,transient,0.0
Thiruvananthapuram,station,clim_short17,126,spike,1.0,transient,0.0
Thiruvananthapuram,station,clim_short17,126,spike,1.0,transient,0.0
Thiruvananthapuram,station,clim_short17,126,spike,1.0,transient,0.0
Thiruvananthapuram,station,clim_short17,126,spike,0.0,transient,
Thiruvananthapuram,station,clim_short17,126,spike,0.0,transient,
Thiruvananthapuram,station,clim_short17,126,spike,0.0,transient,
Thiruvananthapuram,station,clim_short17,126,spike,1.0,transient,0.0
Thiruvananthapuram,station,clim_short17,126,spike,0.0,transient,
Thiruvananthapuram,station,clim_short17,126,spike,1.0,transient,0.0
Thiruvananthapuram,station,clim_short17,126,spike,1.0,transient,0.0
Thiruvananthapuram,station,clim_short17,126,spike,1.0,transient,0.0
Thiruvananthapuram,station,clim_short17,126,spike,1.0,transient,0.0
Thiruvananthapuram,station,clim_short17,126,spike,1.0,transient,0.0
Thiruvananthapuram,station,clim_short17,126,spike,1.0,transient,0.0
Thiruvananthapuram,station,clim_short17,126,spike,0.0,transient,
Thiruvananthapuram,station,clim_short17,126,spike,1.0,transient,0.0
Thiruvananthapuram,station,clim_short17,126,spike,1.0,transient,0.0
Thiruvananthapuram,station,clim_short17,126,spike,1.0,transient,0.0
Thiruvananthapuram,station,clim_short17,126,spike,1.0,transient,0.0
Thiruvananthapuram,station,clim_short17,126,spike,0.0,transient,
Thiruvananthapuram,station,clim_short17,126,spike,1.0,transient,0.0
Thiruvananthapuram,station,clim_short17,126,drift,0.0,persistent,
Thiruvananthapuram,station,clim_short17,126,drift,1.0,persistent,10.0
Thiruvananthapuram,station,clim_short17,126,drift,0.0,persistent,
Thiruvananthapuram,station,clim_short17,126,drift,1.0,persistent,3.0
Thiruvananthapuram,station,clim_short17,126,drift,0.0,persistent,
Thiruvananthapuram,station,clim_short17,126,drift,0.0,persistent,
Thiruvananthapuram,station,clim_short17,126,bias,1.0,persistent,0.0
Thiruvananthapuram,station,clim_short17,126,bias,0.0,persistent,
Thiruvananthapuram,station,clim_short17,126,bias,1.0,persistent,9.0
Thiruvananthapuram,station,clim_short17,126,bias,0.0,persistent,
Thiruvananthapuram,station,clim_short17,126,bias,0.0,persistent,
Thiruvananthapuram,station,clim_short17,126,bias,0.0,persistent,
Thiruvananthapuram,station,clim_short17,126,stuck_at,1.0,persistent,0.0
Thiruvananthapuram,station,clim_short17,126,stuck_at,1.0,persistent,0.0
Thiruvananthapuram,station,clim_short17,126,stuck_at,1.0,persistent,0.0
Thiruvananthapuram,station,clim_short17,126,stuck_at,1.0,persistent,0.0
Thiruvananthapuram,station,clim_short17,126,stuck_at,1.0,persistent,0.0
Thiruvananthapuram,station,clim_short17,126,stuck_at,1.0,persistent,0.0
Thiruvananthapuram,station,clim_short17,126,noise_burst,1.0,persistent,5.0
Thiruvananthapuram,station,clim_short17,126,noise_burst,1.0,persistent,0.0
Thiruvananthapuram,station,clim_short17,126,noise_burst,1.0,persistent,2.0
Thiruvananthapuram,station,clim_short17,126,noise_burst,0.0,persistent,
Thiruvananthapuram,station,clim_short17,126,noise_burst,1.0,persistent,4.0
Thiruvananthapuram,station,clim_short17,126,noise_burst,1.0,persistent,6.0
Thiruvananthapuram,station,clim_short17,126,intermittent_spikes,1.0,transient,0.0
Thiruvananthapuram,station,clim_short17,126,intermittent_spikes,0.0,transient,
Thiruvananthapuram,station,clim_short17,126,intermittent_spikes,1.0,transient,0.0
Thiruvananthapuram,station,clim_short17,126,intermittent_spikes,1.0,transient,0.0
Thiruvananthapuram,station,clim_short17,126,intermittent_spikes,1.0,transient,0.0
Thiruvananthapuram,station,clim_short17,126,intermittent_spikes,1.0,transient,0.0
Thiruvananthapuram,station,clim_short17,126,drift_plus_noise,1.0,persistent,9.0
Thiruvananthapuram,station,clim_short17,126,drift_plus_noise,0.0,persistent,
Thiruvananthapuram,station,clim_short17,126,drift_plus_noise,1.0,persistent,12.0
Thiruvananthapuram,station,clim_short17,126,bias_plus_spikes,1.0,persistent,0.0
Thiruvananthapuram,station,clim_short17,126,bias_plus_spikes,1.0,persistent,1.0
Thiruvananthapuram,station,clim_short17,126,bias_plus_spikes,1.0,persistent,2.0
Thiruvananthapuram,in_domain,dual18(ref),104,spike,1.0,transient,0.0
Thiruvananthapuram,in_domain,dual18(ref),104,spike,1.0,transient,0.0
Thiruvananthapuram,in_domain,dual18(ref),104,spike,1.0,transient,0.0
Thiruvananthapuram,in_domain,dual18(ref),104,spike,1.0,transient,0.0
Thiruvananthapuram,in_domain,dual18(ref),104,spike,1.0,transient,0.0
Thiruvananthapuram,in_domain,dual18(ref),104,spike,1.0,transient,0.0
Thiruvananthapuram,in_domain,dual18(ref),104,spike,1.0,transient,0.0
Thiruvananthapuram,in_domain,dual18(ref),104,spike,0.0,transient,
Thiruvananthapuram,in_domain,dual18(ref),104,spike,0.0,transient,
Thiruvananthapuram,in_domain,dual18(ref),104,spike,1.0,transient,0.0
Thiruvananthapuram,in_domain,dual18(ref),104,spike,1.0,transient,0.0
Thiruvananthapuram,in_domain,dual18(ref),104,spike,1.0,transient,0.0
Thiruvananthapuram,in_domain,dual18(ref),104,spike,1.0,transient,0.0
Thiruvananthapuram,in_domain,dual18(ref),104,spike,1.0,transient,0.0
Thiruvananthapuram,in_domain,dual18(ref),104,spike,1.0,transient,0.0
Thiruvananthapuram,in_domain,dual18(ref),104,spike,1.0,transient,0.0
Thiruvananthapuram,in_domain,dual18(ref),104,spike,1.0,transient,0.0
Thiruvananthapuram,in_domain,dual18(ref),104,spike,1.0,transient,0.0
Thiruvananthapuram,in_domain,dual18(ref),104,spike,1.0,transient,0.0
Thiruvananthapuram,in_domain,dual18(ref),104,spike,1.0,transient,0.0
Thiruvananthapuram,in_domain,dual18(ref),104,spike,0.0,transient,
Thiruvananthapuram,in_domain,dual18(ref),104,spike,1.0,transient,0.0
Thiruvananthapuram,in_domain,dual18(ref),104,spike,1.0,transient,1.0
Thiruvananthapuram,in_domain,dual18(ref),104,spike,1.0,transient,0.0
Thiruvananthapuram,in_domain,dual18(ref),104,drift,1.0,persistent,3.0
Thiruvananthapuram,in_domain,dual18(ref),104,drift,1.0,persistent,10.0
Thiruvananthapuram,in_domain,dual18(ref),104,drift,1.0,persistent,4.0
Thiruvananthapuram,in_domain,dual18(ref),104,drift,1.0,persistent,2.0
Thiruvananthapuram,in_domain,dual18(ref),104,drift,1.0,persistent,7.0
Thiruvananthapuram,in_domain,dual18(ref),104,drift,1.0,persistent,10.0
Thiruvananthapuram,in_domain,dual18(ref),104,bias,1.0,persistent,2.0
Thiruvananthapuram,in_domain,dual18(ref),104,bias,0.0,persistent,
Thiruvananthapuram,in_domain,dual18(ref),104,bias,1.0,persistent,0.0
Thiruvananthapuram,in_domain,dual18(ref),104,bias,1.0,persistent,6.0
Thiruvananthapuram,in_domain,dual18(ref),104,bias,1.0,persistent,2.0
Thiruvananthapuram,in_domain,dual18(ref),104,bias,1.0,persistent,8.0
Thiruvananthapuram,in_domain,dual18(ref),104,stuck_at,1.0,persistent,0.0
Thiruvananthapuram,in_domain,dual18(ref),104,stuck_at,1.0,persistent,0.0
Thiruvananthapuram,in_domain,dual18(ref),104,stuck_at,1.0,persistent,0.0
Thiruvananthapuram,in_domain,dual18(ref),104,stuck_at,1.0,persistent,0.0
Thiruvananthapuram,in_domain,dual18(ref),104,stuck_at,1.0,persistent,0.0
Thiruvananthapuram,in_domain,dual18(ref),104,stuck_at,1.0,persistent,0.0
Thiruvananthapuram,in_domain,dual18(ref),104,noise_burst,1.0,persistent,1.0
Thiruvananthapuram,in_domain,dual18(ref),104,noise_burst,1.0,persistent,9.0
Thiruvananthapuram,in_domain,dual18(ref),104,noise_burst,0.0,persistent,
Thiruvananthapuram,in_domain,dual18(ref),104,noise_burst,1.0,persistent,0.0
Thiruvananthapuram,in_domain,dual18(ref),104,noise_burst,1.0,persistent,4.0
Thiruvananthapuram,in_domain,dual18(ref),104,noise_burst,0.0,persistent,
Thiruvananthapuram,in_domain,dual18(ref),104,intermittent_spikes,1.0,transient,0.0
Thiruvananthapuram,in_domain,dual18(ref),104,intermittent_spikes,1.0,transient,0.0
Thiruvananthapuram,in_domain,dual18(ref),104,intermittent_spikes,1.0,transient,0.0
Thiruvananthapuram,in_domain,dual18(ref),104,intermittent_spikes,1.0,transient,0.0
Thiruvananthapuram,in_domain,dual18(ref),104,intermittent_spikes,1.0,transient,0.0
Thiruvananthapuram,in_domain,dual18(ref),104,intermittent_spikes,1.0,transient,4.0
Thiruvananthapuram,in_domain,dual18(ref),104,drift_plus_noise,0.0,persistent,
Thiruvananthapuram,in_domain,dual18(ref),104,drift_plus_noise,1.0,persistent,3.0
Thiruvananthapuram,in_domain,dual18(ref),104,drift_plus_noise,1.0,persistent,8.0
Thiruvananthapuram,in_domain,dual18(ref),104,bias_plus_spikes,1.0,persistent,0.0
Thiruvananthapuram,in_domain,dual18(ref),104,bias_plus_spikes,1.0,persistent,1.0
Thiruvananthapuram,in_domain,dual18(ref),104,bias_plus_spikes,1.0,persistent,2.0
Thiruvananthapuram,temporal,dual18(ref),104,spike,1.0,transient,0.0
Thiruvananthapuram,temporal,dual18(ref),104,spike,1.0,transient,0.0
Thiruvananthapuram,temporal,dual18(ref),104,spike,0.0,transient,
Thiruvananthapuram,temporal,dual18(ref),104,spike,0.0,transient,
Thiruvananthapuram,temporal,dual18(ref),104,spike,0.0,transient,
Thiruvananthapuram,temporal,dual18(ref),104,spike,1.0,transient,0.0
Thiruvananthapuram,temporal,dual18(ref),104,spike,1.0,transient,0.0
Thiruvananthapuram,temporal,dual18(ref),104,spike,0.0,transient,
Thiruvananthapuram,temporal,dual18(ref),104,spike,0.0,transient,
Thiruvananthapuram,temporal,dual18(ref),104,spike,1.0,transient,0.0
Thiruvananthapuram,temporal,dual18(ref),104,spike,1.0,transient,0.0
Thiruvananthapuram,temporal,dual18(ref),104,spike,0.0,transient,
Thiruvananthapuram,temporal,dual18(ref),104,spike,1.0,transient,0.0
Thiruvananthapuram,temporal,dual18(ref),104,spike,1.0,transient,0.0
Thiruvananthapuram,temporal,dual18(ref),104,spike,1.0,transient,0.0
Thiruvananthapuram,temporal,dual18(ref),104,spike,1.0,transient,0.0
Thiruvananthapuram,temporal,dual18(ref),104,spike,1.0,transient,0.0
Thiruvananthapuram,temporal,dual18(ref),104,spike,1.0,transient,0.0
Thiruvananthapuram,temporal,dual18(ref),104,spike,1.0,transient,0.0
Thiruvananthapuram,temporal,dual18(ref),104,spike,1.0,transient,0.0
Thiruvananthapuram,temporal,dual18(ref),104,spike,1.0,transient,0.0
Thiruvananthapuram,temporal,dual18(ref),104,spike,0.0,transient,
Thiruvananthapuram,temporal,dual18(ref),104,spike,0.0,transient,
Thiruvananthapuram,temporal,dual18(ref),104,spike,1.0,transient,0.0
Thiruvananthapuram,temporal,dual18(ref),104,drift,1.0,persistent,10.0
Thiruvananthapuram,temporal,dual18(ref),104,drift,0.0,persistent,
Thiruvananthapuram,temporal,dual18(ref),104,drift,1.0,persistent,15.0
Thiruvananthapuram,temporal,dual18(ref),104,drift,1.0,persistent,7.0
Thiruvananthapuram,temporal,dual18(ref),104,drift,1.0,persistent,9.0
Thiruvananthapuram,temporal,dual18(ref),104,drift,0.0,persistent,
Thiruvananthapuram,temporal,dual18(ref),104,bias,0.0,persistent,
Thiruvananthapuram,temporal,dual18(ref),104,bias,1.0,persistent,7.0
Thiruvananthapuram,temporal,dual18(ref),104,bias,0.0,persistent,
Thiruvananthapuram,temporal,dual18(ref),104,bias,0.0,persistent,
Thiruvananthapuram,temporal,dual18(ref),104,bias,1.0,persistent,6.0
Thiruvananthapuram,temporal,dual18(ref),104,bias,1.0,persistent,9.0
Thiruvananthapuram,temporal,dual18(ref),104,stuck_at,1.0,persistent,0.0
Thiruvananthapuram,temporal,dual18(ref),104,stuck_at,1.0,persistent,0.0
Thiruvananthapuram,temporal,dual18(ref),104,stuck_at,1.0,persistent,0.0
Thiruvananthapuram,temporal,dual18(ref),104,stuck_at,1.0,persistent,0.0
Thiruvananthapuram,temporal,dual18(ref),104,stuck_at,1.0,persistent,0.0
Thiruvananthapuram,temporal,dual18(ref),104,stuck_at,1.0,persistent,0.0
Thiruvananthapuram,temporal,dual18(ref),104,noise_burst,0.0,persistent,
Thiruvananthapuram,temporal,dual18(ref),104,noise_burst,0.0,persistent,
Thiruvananthapuram,temporal,dual18(ref),104,noise_burst,1.0,persistent,2.0
Thiruvananthapuram,temporal,dual18(ref),104,noise_burst,1.0,persistent,0.0
Thiruvananthapuram,temporal,dual18(ref),104,noise_burst,1.0,persistent,0.0
Thiruvananthapuram,temporal,dual18(ref),104,noise_burst,0.0,persistent,
Thiruvananthapuram,temporal,dual18(ref),104,intermittent_spikes,0.0,transient,
Thiruvananthapuram,temporal,dual18(ref),104,intermittent_spikes,0.0,transient,
Thiruvananthapuram,temporal,dual18(ref),104,intermittent_spikes,1.0,transient,8.0
Thiruvananthapuram,temporal,dual18(ref),104,intermittent_spikes,1.0,transient,5.0
Thiruvananthapuram,temporal,dual18(ref),104,intermittent_spikes,1.0,transient,0.0
Thiruvananthapuram,temporal,dual18(ref),104,intermittent_spikes,1.0,transient,2.0
Thiruvananthapuram,temporal,dual18(ref),104,drift_plus_noise,1.0,persistent,0.0
Thiruvananthapuram,temporal,dual18(ref),104,drift_plus_noise,1.0,persistent,7.0
Thiruvananthapuram,temporal,dual18(ref),104,drift_plus_noise,1.0,persistent,8.0
Thiruvananthapuram,temporal,dual18(ref),104,bias_plus_spikes,1.0,persistent,3.0
Thiruvananthapuram,temporal,dual18(ref),104,bias_plus_spikes,1.0,persistent,4.0
Thiruvananthapuram,temporal,dual18(ref),104,bias_plus_spikes,1.0,persistent,10.0
Thiruvananthapuram,station,dual18(ref),104,spike,1.0,transient,0.0
Thiruvananthapuram,station,dual18(ref),104,spike,1.0,transient,0.0
Thiruvananthapuram,station,dual18(ref),104,spike,0.0,transient,
Thiruvananthapuram,station,dual18(ref),104,spike,1.0,transient,0.0
Thiruvananthapuram,station,dual18(ref),104,spike,0.0,transient,
Thiruvananthapuram,station,dual18(ref),104,spike,1.0,transient,0.0
Thiruvananthapuram,station,dual18(ref),104,spike,1.0,transient,0.0
Thiruvananthapuram,station,dual18(ref),104,spike,0.0,transient,
Thiruvananthapuram,station,dual18(ref),104,spike,0.0,transient,
Thiruvananthapuram,station,dual18(ref),104,spike,0.0,transient,
Thiruvananthapuram,station,dual18(ref),104,spike,1.0,transient,0.0
Thiruvananthapuram,station,dual18(ref),104,spike,0.0,transient,
Thiruvananthapuram,station,dual18(ref),104,spike,1.0,transient,0.0
Thiruvananthapuram,station,dual18(ref),104,spike,1.0,transient,0.0
Thiruvananthapuram,station,dual18(ref),104,spike,1.0,transient,0.0
Thiruvananthapuram,station,dual18(ref),104,spike,1.0,transient,0.0
Thiruvananthapuram,station,dual18(ref),104,spike,1.0,transient,0.0
Thiruvananthapuram,station,dual18(ref),104,spike,1.0,transient,0.0
Thiruvananthapuram,station,dual18(ref),104,spike,0.0,transient,
Thiruvananthapuram,station,dual18(ref),104,spike,1.0,transient,0.0
Thiruvananthapuram,station,dual18(ref),104,spike,1.0,transient,0.0
Thiruvananthapuram,station,dual18(ref),104,spike,1.0,transient,0.0
Thiruvananthapuram,station,dual18(ref),104,spike,0.0,transient,
Thiruvananthapuram,station,dual18(ref),104,spike,1.0,transient,0.0
Thiruvananthapuram,station,dual18(ref),104,drift,0.0,persistent,
Thiruvananthapuram,station,dual18(ref),104,drift,0.0,persistent,
Thiruvananthapuram,station,dual18(ref),104,drift,1.0,persistent,15.0
Thiruvananthapuram,station,dual18(ref),104,drift,0.0,persistent,
Thiruvananthapuram,station,dual18(ref),104,drift,1.0,persistent,10.0
Thiruvananthapuram,station,dual18(ref),104,drift,0.0,persistent,
Thiruvananthapuram,station,dual18(ref),104,bias,0.0,persistent,
Thiruvananthapuram,station,dual18(ref),104,bias,1.0,persistent,7.0
Thiruvananthapuram,station,dual18(ref),104,bias,0.0,persistent,
Thiruvananthapuram,station,dual18(ref),104,bias,0.0,persistent,
Thiruvananthapuram,station,dual18(ref),104,bias,1.0,persistent,5.0
Thiruvananthapuram,station,dual18(ref),104,bias,1.0,persistent,3.0
Thiruvananthapuram,station,dual18(ref),104,stuck_at,1.0,persistent,0.0
Thiruvananthapuram,station,dual18(ref),104,stuck_at,1.0,persistent,0.0
Thiruvananthapuram,station,dual18(ref),104,stuck_at,1.0,persistent,0.0
Thiruvananthapuram,station,dual18(ref),104,stuck_at,1.0,persistent,0.0
Thiruvananthapuram,station,dual18(ref),104,stuck_at,1.0,persistent,0.0
Thiruvananthapuram,station,dual18(ref),104,stuck_at,1.0,persistent,0.0
Thiruvananthapuram,station,dual18(ref),104,noise_burst,0.0,persistent,
Thiruvananthapuram,station,dual18(ref),104,noise_burst,0.0,persistent,
Thiruvananthapuram,station,dual18(ref),104,noise_burst,0.0,persistent,
Thiruvananthapuram,station,dual18(ref),104,noise_burst,1.0,persistent,0.0
Thiruvananthapuram,station,dual18(ref),104,noise_burst,1.0,persistent,0.0
Thiruvananthapuram,station,dual18(ref),104,noise_burst,0.0,persistent,
Thiruvananthapuram,station,dual18(ref),104,intermittent_spikes,1.0,transient,0.0
Thiruvananthapuram,station,dual18(ref),104,intermittent_spikes,1.0,transient,6.0
Thiruvananthapuram,station,dual18(ref),104,intermittent_spikes,1.0,transient,0.0
Thiruvananthapuram,station,dual18(ref),104,intermittent_spikes,1.0,transient,0.0
Thiruvananthapuram,station,dual18(ref),104,intermittent_spikes,1.0,transient,0.0
Thiruvananthapuram,station,dual18(ref),104,intermittent_spikes,1.0,transient,2.0
Thiruvananthapuram,station,dual18(ref),104,drift_plus_noise,1.0,persistent,8.0
Thiruvananthapuram,station,dual18(ref),104,drift_plus_noise,1.0,persistent,7.0
Thiruvananthapuram,station,dual18(ref),104,drift_plus_noise,1.0,persistent,1.0
Thiruvananthapuram,station,dual18(ref),104,bias_plus_spikes,1.0,persistent,3.0
Thiruvananthapuram,station,dual18(ref),104,bias_plus_spikes,1.0,persistent,4.0
Thiruvananthapuram,station,dual18(ref),104,bias_plus_spikes,1.0,persistent,1.0
Thiruvananthapuram,in_domain,dual18(ref),115,spike,1.0,transient,0.0
Thiruvananthapuram,in_domain,dual18(ref),115,spike,1.0,transient,0.0
Thiruvananthapuram,in_domain,dual18(ref),115,spike,1.0,transient,0.0
Thiruvananthapuram,in_domain,dual18(ref),115,spike,1.0,transient,0.0
Thiruvananthapuram,in_domain,dual18(ref),115,spike,1.0,transient,0.0
Thiruvananthapuram,in_domain,dual18(ref),115,spike,1.0,transient,0.0
Thiruvananthapuram,in_domain,dual18(ref),115,spike,0.0,transient,
Thiruvananthapuram,in_domain,dual18(ref),115,spike,0.0,transient,
Thiruvananthapuram,in_domain,dual18(ref),115,spike,0.0,transient,
Thiruvananthapuram,in_domain,dual18(ref),115,spike,1.0,transient,0.0
Thiruvananthapuram,in_domain,dual18(ref),115,spike,1.0,transient,0.0
Thiruvananthapuram,in_domain,dual18(ref),115,spike,1.0,transient,0.0
Thiruvananthapuram,in_domain,dual18(ref),115,spike,0.0,transient,
Thiruvananthapuram,in_domain,dual18(ref),115,spike,0.0,transient,
Thiruvananthapuram,in_domain,dual18(ref),115,spike,1.0,transient,0.0
Thiruvananthapuram,in_domain,dual18(ref),115,spike,1.0,transient,0.0
Thiruvananthapuram,in_domain,dual18(ref),115,spike,1.0,transient,0.0
Thiruvananthapuram,in_domain,dual18(ref),115,spike,1.0,transient,0.0
Thiruvananthapuram,in_domain,dual18(ref),115,spike,1.0,transient,0.0
Thiruvananthapuram,in_domain,dual18(ref),115,spike,1.0,transient,0.0
Thiruvananthapuram,in_domain,dual18(ref),115,spike,1.0,transient,0.0
Thiruvananthapuram,in_domain,dual18(ref),115,spike,1.0,transient,0.0
Thiruvananthapuram,in_domain,dual18(ref),115,spike,1.0,transient,0.0
Thiruvananthapuram,in_domain,dual18(ref),115,spike,1.0,transient,0.0
Thiruvananthapuram,in_domain,dual18(ref),115,drift,1.0,persistent,4.0
Thiruvananthapuram,in_domain,dual18(ref),115,drift,0.0,persistent,
Thiruvananthapuram,in_domain,dual18(ref),115,drift,1.0,persistent,4.0
Thiruvananthapuram,in_domain,dual18(ref),115,drift,1.0,persistent,9.0
Thiruvananthapuram,in_domain,dual18(ref),115,drift,1.0,persistent,8.0
Thiruvananthapuram,in_domain,dual18(ref),115,drift,1.0,persistent,7.0
Thiruvananthapuram,in_domain,dual18(ref),115,bias,1.0,persistent,5.0
Thiruvananthapuram,in_domain,dual18(ref),115,bias,0.0,persistent,
Thiruvananthapuram,in_domain,dual18(ref),115,bias,1.0,persistent,7.0
Thiruvananthapuram,in_domain,dual18(ref),115,bias,1.0,persistent,1.0
Thiruvananthapuram,in_domain,dual18(ref),115,bias,0.0,persistent,
Thiruvananthapuram,in_domain,dual18(ref),115,bias,1.0,persistent,1.0
Thiruvananthapuram,in_domain,dual18(ref),115,stuck_at,1.0,persistent,0.0
Thiruvananthapuram,in_domain,dual18(ref),115,stuck_at,1.0,persistent,0.0
Thiruvananthapuram,in_domain,dual18(ref),115,stuck_at,1.0,persistent,0.0
Thiruvananthapuram,in_domain,dual18(ref),115,stuck_at,1.0,persistent,0.0
Thiruvananthapuram,in_domain,dual18(ref),115,stuck_at,1.0,persistent,0.0
Thiruvananthapuram,in_domain,dual18(ref),115,stuck_at,1.0,persistent,0.0
Thiruvananthapuram,in_domain,dual18(ref),115,noise_burst,1.0,persistent,4.0
Thiruvananthapuram,in_domain,dual18(ref),115,noise_burst,1.0,persistent,11.0
Thiruvananthapuram,in_domain,dual18(ref),115,noise_burst,1.0,persistent,7.0
Thiruvananthapuram,in_domain,dual18(ref),115,noise_burst,1.0,persistent,0.0
Thiruvananthapuram,in_domain,dual18(ref),115,noise_burst,1.0,persistent,2.0
Thiruvananthapuram,in_domain,dual18(ref),115,noise_burst,1.0,persistent,0.0
Thiruvananthapuram,in_domain,dual18(ref),115,intermittent_spikes,1.0,transient,0.0
Thiruvananthapuram,in_domain,dual18(ref),115,intermittent_spikes,1.0,transient,0.0
Thiruvananthapuram,in_domain,dual18(ref),115,intermittent_spikes,1.0,transient,0.0
Thiruvananthapuram,in_domain,dual18(ref),115,intermittent_spikes,1.0,transient,0.0
Thiruvananthapuram,in_domain,dual18(ref),115,intermittent_spikes,1.0,transient,0.0
Thiruvananthapuram,in_domain,dual18(ref),115,intermittent_spikes,1.0,transient,0.0
Thiruvananthapuram,in_domain,dual18(ref),115,drift_plus_noise,1.0,persistent,7.0
Thiruvananthapuram,in_domain,dual18(ref),115,drift_plus_noise,0.0,persistent,
Thiruvananthapuram,in_domain,dual18(ref),115,drift_plus_noise,1.0,persistent,3.0
Thiruvananthapuram,in_domain,dual18(ref),115,bias_plus_spikes,1.0,persistent,0.0
Thiruvananthapuram,in_domain,dual18(ref),115,bias_plus_spikes,1.0,persistent,0.0
Thiruvananthapuram,in_domain,dual18(ref),115,bias_plus_spikes,1.0,persistent,10.0
Thiruvananthapuram,temporal,dual18(ref),115,spike,1.0,transient,0.0
Thiruvananthapuram,temporal,dual18(ref),115,spike,0.0,transient,
Thiruvananthapuram,temporal,dual18(ref),115,spike,0.0,transient,
Thiruvananthapuram,temporal,dual18(ref),115,spike,1.0,transient,0.0
Thiruvananthapuram,temporal,dual18(ref),115,spike,1.0,transient,0.0
Thiruvananthapuram,temporal,dual18(ref),115,spike,1.0,transient,0.0
Thiruvananthapuram,temporal,dual18(ref),115,spike,0.0,transient,
Thiruvananthapuram,temporal,dual18(ref),115,spike,0.0,transient,
Thiruvananthapuram,temporal,dual18(ref),115,spike,0.0,transient,
Thiruvananthapuram,temporal,dual18(ref),115,spike,0.0,transient,
Thiruvananthapuram,temporal,dual18(ref),115,spike,0.0,transient,
Thiruvananthapuram,temporal,dual18(ref),115,spike,0.0,transient,
Thiruvananthapuram,temporal,dual18(ref),115,spike,0.0,transient,
Thiruvananthapuram,temporal,dual18(ref),115,spike,0.0,transient,
Thiruvananthapuram,temporal,dual18(ref),115,spike,0.0,transient,
Thiruvananthapuram,temporal,dual18(ref),115,spike,1.0,transient,0.0
Thiruvananthapuram,temporal,dual18(ref),115,spike,1.0,transient,0.0
Thiruvananthapuram,temporal,dual18(ref),115,spike,1.0,transient,0.0
Thiruvananthapuram,temporal,dual18(ref),115,spike,0.0,transient,
Thiruvananthapuram,temporal,dual18(ref),115,spike,1.0,transient,0.0
Thiruvananthapuram,temporal,dual18(ref),115,spike,0.0,transient,
Thiruvananthapuram,temporal,dual18(ref),115,spike,1.0,transient,0.0
Thiruvananthapuram,temporal,dual18(ref),115,spike,1.0,transient,0.0
Thiruvananthapuram,temporal,dual18(ref),115,spike,1.0,transient,0.0
Thiruvananthapuram,temporal,dual18(ref),115,drift,0.0,persistent,
Thiruvananthapuram,temporal,dual18(ref),115,drift,0.0,persistent,
Thiruvananthapuram,temporal,dual18(ref),115,drift,1.0,persistent,11.0
Thiruvananthapuram,temporal,dual18(ref),115,drift,1.0,persistent,12.0
Thiruvananthapuram,temporal,dual18(ref),115,drift,1.0,persistent,9.0
Thiruvananthapuram,temporal,dual18(ref),115,drift,1.0,persistent,1.0
Thiruvananthapuram,temporal,dual18(ref),115,bias,0.0,persistent,
Thiruvananthapuram,temporal,dual18(ref),115,bias,0.0,persistent,
Thiruvananthapuram,temporal,dual18(ref),115,bias,0.0,persistent,
Thiruvananthapuram,temporal,dual18(ref),115,bias,1.0,persistent,4.0
Thiruvananthapuram,temporal,dual18(ref),115,bias,1.0,persistent,3.0
Thiruvananthapuram,temporal,dual18(ref),115,bias,1.0,persistent,3.0
Thiruvananthapuram,temporal,dual18(ref),115,stuck_at,1.0,persistent,0.0
Thiruvananthapuram,temporal,dual18(ref),115,stuck_at,1.0,persistent,0.0
Thiruvananthapuram,temporal,dual18(ref),115,stuck_at,1.0,persistent,0.0
Thiruvananthapuram,temporal,dual18(ref),115,stuck_at,1.0,persistent,0.0
Thiruvananthapuram,temporal,dual18(ref),115,stuck_at,1.0,persistent,0.0
Thiruvananthapuram,temporal,dual18(ref),115,stuck_at,1.0,persistent,0.0
Thiruvananthapuram,temporal,dual18(ref),115,noise_burst,1.0,persistent,8.0
Thiruvananthapuram,temporal,dual18(ref),115,noise_burst,0.0,persistent,
Thiruvananthapuram,temporal,dual18(ref),115,noise_burst,1.0,persistent,1.0
Thiruvananthapuram,temporal,dual18(ref),115,noise_burst,1.0,persistent,2.0
Thiruvananthapuram,temporal,dual18(ref),115,noise_burst,0.0,persistent,
Thiruvananthapuram,temporal,dual18(ref),115,noise_burst,1.0,persistent,0.0
Thiruvananthapuram,temporal,dual18(ref),115,intermittent_spikes,1.0,transient,0.0
Thiruvananthapuram,temporal,dual18(ref),115,intermittent_spikes,1.0,transient,0.0
Thiruvananthapuram,temporal,dual18(ref),115,intermittent_spikes,0.0,transient,
Thiruvananthapuram,temporal,dual18(ref),115,intermittent_spikes,1.0,transient,0.0
Thiruvananthapuram,temporal,dual18(ref),115,intermittent_spikes,1.0,transient,0.0
Thiruvananthapuram,temporal,dual18(ref),115,intermittent_spikes,1.0,transient,0.0
Thiruvananthapuram,temporal,dual18(ref),115,drift_plus_noise,1.0,persistent,5.0
Thiruvananthapuram,temporal,dual18(ref),115,drift_plus_noise,1.0,persistent,0.0
Thiruvananthapuram,temporal,dual18(ref),115,drift_plus_noise,1.0,persistent,6.0
Thiruvananthapuram,temporal,dual18(ref),115,bias_plus_spikes,1.0,persistent,5.0
Thiruvananthapuram,temporal,dual18(ref),115,bias_plus_spikes,1.0,persistent,0.0
Thiruvananthapuram,temporal,dual18(ref),115,bias_plus_spikes,1.0,persistent,0.0
Thiruvananthapuram,station,dual18(ref),115,spike,1.0,transient,0.0
Thiruvananthapuram,station,dual18(ref),115,spike,0.0,transient,
Thiruvananthapuram,station,dual18(ref),115,spike,0.0,transient,
Thiruvananthapuram,station,dual18(ref),115,spike,0.0,transient,
Thiruvananthapuram,station,dual18(ref),115,spike,1.0,transient,0.0
Thiruvananthapuram,station,dual18(ref),115,spike,1.0,transient,0.0
Thiruvananthapuram,station,dual18(ref),115,spike,0.0,transient,
Thiruvananthapuram,station,dual18(ref),115,spike,0.0,transient,
Thiruvananthapuram,station,dual18(ref),115,spike,0.0,transient,
Thiruvananthapuram,station,dual18(ref),115,spike,0.0,transient,
Thiruvananthapuram,station,dual18(ref),115,spike,1.0,transient,0.0
Thiruvananthapuram,station,dual18(ref),115,spike,0.0,transient,
Thiruvananthapuram,station,dual18(ref),115,spike,1.0,transient,0.0
Thiruvananthapuram,station,dual18(ref),115,spike,1.0,transient,0.0
Thiruvananthapuram,station,dual18(ref),115,spike,0.0,transient,
Thiruvananthapuram,station,dual18(ref),115,spike,1.0,transient,0.0
Thiruvananthapuram,station,dual18(ref),115,spike,1.0,transient,0.0
Thiruvananthapuram,station,dual18(ref),115,spike,1.0,transient,0.0
Thiruvananthapuram,station,dual18(ref),115,spike,0.0,transient,
Thiruvananthapuram,station,dual18(ref),115,spike,1.0,transient,0.0
Thiruvananthapuram,station,dual18(ref),115,spike,0.0,transient,
Thiruvananthapuram,station,dual18(ref),115,spike,1.0,transient,0.0
Thiruvananthapuram,station,dual18(ref),115,spike,1.0,transient,0.0
Thiruvananthapuram,station,dual18(ref),115,spike,1.0,transient,0.0
Thiruvananthapuram,station,dual18(ref),115,drift,0.0,persistent,
Thiruvananthapuram,station,dual18(ref),115,drift,0.0,persistent,
Thiruvananthapuram,station,dual18(ref),115,drift,1.0,persistent,10.0
Thiruvananthapuram,station,dual18(ref),115,drift,1.0,persistent,13.0
Thiruvananthapuram,station,dual18(ref),115,drift,1.0,persistent,10.0
Thiruvananthapuram,station,dual18(ref),115,drift,1.0,persistent,1.0
Thiruvananthapuram,station,dual18(ref),115,bias,0.0,persistent,
Thiruvananthapuram,station,dual18(ref),115,bias,0.0,persistent,
Thiruvananthapuram,station,dual18(ref),115,bias,0.0,persistent,
Thiruvananthapuram,station,dual18(ref),115,bias,0.0,persistent,
Thiruvananthapuram,station,dual18(ref),115,bias,1.0,persistent,2.0
Thiruvananthapuram,station,dual18(ref),115,bias,1.0,persistent,3.0
Thiruvananthapuram,station,dual18(ref),115,stuck_at,1.0,persistent,0.0
Thiruvananthapuram,station,dual18(ref),115,stuck_at,1.0,persistent,0.0
Thiruvananthapuram,station,dual18(ref),115,stuck_at,1.0,persistent,0.0
Thiruvananthapuram,station,dual18(ref),115,stuck_at,1.0,persistent,0.0
Thiruvananthapuram,station,dual18(ref),115,stuck_at,1.0,persistent,0.0
Thiruvananthapuram,station,dual18(ref),115,stuck_at,1.0,persistent,0.0
Thiruvananthapuram,station,dual18(ref),115,noise_burst,1.0,persistent,8.0
Thiruvananthapuram,station,dual18(ref),115,noise_burst,0.0,persistent,
Thiruvananthapuram,station,dual18(ref),115,noise_burst,1.0,persistent,7.0
Thiruvananthapuram,station,dual18(ref),115,noise_burst,0.0,persistent,
Thiruvananthapuram,station,dual18(ref),115,noise_burst,0.0,persistent,
Thiruvananthapuram,station,dual18(ref),115,noise_burst,1.0,persistent,0.0
Thiruvananthapuram,station,dual18(ref),115,intermittent_spikes,1.0,transient,0.0
Thiruvananthapuram,station,dual18(ref),115,intermittent_spikes,1.0,transient,0.0
Thiruvananthapuram,station,dual18(ref),115,intermittent_spikes,0.0,transient,
Thiruvananthapuram,station,dual18(ref),115,intermittent_spikes,1.0,transient,0.0
Thiruvananthapuram,station,dual18(ref),115,intermittent_spikes,1.0,transient,0.0
Thiruvananthapuram,station,dual18(ref),115,intermittent_spikes,1.0,transient,0.0
Thiruvananthapuram,station,dual18(ref),115,drift_plus_noise,1.0,persistent,5.0
Thiruvananthapuram,station,dual18(ref),115,drift_plus_noise,1.0,persistent,0.0
Thiruvananthapuram,station,dual18(ref),115,drift_plus_noise,1.0,persistent,6.0
Thiruvananthapuram,station,dual18(ref),115,bias_plus_spikes,1.0,persistent,5.0
Thiruvananthapuram,station,dual18(ref),115,bias_plus_spikes,1.0,persistent,0.0
Thiruvananthapuram,station,dual18(ref),115,bias_plus_spikes,1.0,persistent,0.0
Thiruvananthapuram,in_domain,dual18(ref),126,spike,1.0,transient,0.0
Thiruvananthapuram,in_domain,dual18(ref),126,spike,1.0,transient,0.0
Thiruvananthapuram,in_domain,dual18(ref),126,spike,1.0,transient,0.0
Thiruvananthapuram,in_domain,dual18(ref),126,spike,1.0,transient,0.0
Thiruvananthapuram,in_domain,dual18(ref),126,spike,1.0,transient,0.0
Thiruvananthapuram,in_domain,dual18(ref),126,spike,1.0,transient,0.0
Thiruvananthapuram,in_domain,dual18(ref),126,spike,0.0,transient,
Thiruvananthapuram,in_domain,dual18(ref),126,spike,1.0,transient,0.0
Thiruvananthapuram,in_domain,dual18(ref),126,spike,0.0,transient,
Thiruvananthapuram,in_domain,dual18(ref),126,spike,1.0,transient,0.0
Thiruvananthapuram,in_domain,dual18(ref),126,spike,1.0,transient,0.0
Thiruvananthapuram,in_domain,dual18(ref),126,spike,1.0,transient,0.0
Thiruvananthapuram,in_domain,dual18(ref),126,spike,1.0,transient,0.0
Thiruvananthapuram,in_domain,dual18(ref),126,spike,1.0,transient,0.0
Thiruvananthapuram,in_domain,dual18(ref),126,spike,1.0,transient,0.0
Thiruvananthapuram,in_domain,dual18(ref),126,spike,1.0,transient,0.0
Thiruvananthapuram,in_domain,dual18(ref),126,spike,1.0,transient,0.0
Thiruvananthapuram,in_domain,dual18(ref),126,spike,1.0,transient,0.0
Thiruvananthapuram,in_domain,dual18(ref),126,spike,1.0,transient,0.0
Thiruvananthapuram,in_domain,dual18(ref),126,spike,1.0,transient,0.0
Thiruvananthapuram,in_domain,dual18(ref),126,spike,1.0,transient,0.0
Thiruvananthapuram,in_domain,dual18(ref),126,spike,1.0,transient,0.0
Thiruvananthapuram,in_domain,dual18(ref),126,spike,0.0,transient,
Thiruvananthapuram,in_domain,dual18(ref),126,spike,1.0,transient,0.0
Thiruvananthapuram,in_domain,dual18(ref),126,drift,1.0,persistent,2.0
Thiruvananthapuram,in_domain,dual18(ref),126,drift,1.0,persistent,5.0
Thiruvananthapuram,in_domain,dual18(ref),126,drift,1.0,persistent,10.0
Thiruvananthapuram,in_domain,dual18(ref),126,drift,1.0,persistent,11.0
Thiruvananthapuram,in_domain,dual18(ref),126,drift,1.0,persistent,5.0
Thiruvananthapuram,in_domain,dual18(ref),126,drift,1.0,persistent,8.0
Thiruvananthapuram,in_domain,dual18(ref),126,bias,1.0,persistent,0.0
Thiruvananthapuram,in_domain,dual18(ref),126,bias,0.0,persistent,
Thiruvananthapuram,in_domain,dual18(ref),126,bias,0.0,persistent,
Thiruvananthapuram,in_domain,dual18(ref),126,bias,1.0,persistent,4.0
Thiruvananthapuram,in_domain,dual18(ref),126,bias,0.0,persistent,
Thiruvananthapuram,in_domain,dual18(ref),126,bias,0.0,persistent,
Thiruvananthapuram,in_domain,dual18(ref),126,stuck_at,1.0,persistent,0.0
Thiruvananthapuram,in_domain,dual18(ref),126,stuck_at,1.0,persistent,0.0
Thiruvananthapuram,in_domain,dual18(ref),126,stuck_at,1.0,persistent,0.0
Thiruvananthapuram,in_domain,dual18(ref),126,stuck_at,1.0,persistent,0.0
Thiruvananthapuram,in_domain,dual18(ref),126,stuck_at,1.0,persistent,0.0
Thiruvananthapuram,in_domain,dual18(ref),126,stuck_at,1.0,persistent,0.0
Thiruvananthapuram,in_domain,dual18(ref),126,noise_burst,1.0,persistent,0.0
Thiruvananthapuram,in_domain,dual18(ref),126,noise_burst,0.0,persistent,
Thiruvananthapuram,in_domain,dual18(ref),126,noise_burst,1.0,persistent,2.0
Thiruvananthapuram,in_domain,dual18(ref),126,noise_burst,1.0,persistent,7.0
Thiruvananthapuram,in_domain,dual18(ref),126,noise_burst,1.0,persistent,2.0
Thiruvananthapuram,in_domain,dual18(ref),126,noise_burst,1.0,persistent,6.0
Thiruvananthapuram,in_domain,dual18(ref),126,intermittent_spikes,1.0,transient,0.0
Thiruvananthapuram,in_domain,dual18(ref),126,intermittent_spikes,1.0,transient,0.0
Thiruvananthapuram,in_domain,dual18(ref),126,intermittent_spikes,1.0,transient,0.0
Thiruvananthapuram,in_domain,dual18(ref),126,intermittent_spikes,1.0,transient,0.0
Thiruvananthapuram,in_domain,dual18(ref),126,intermittent_spikes,1.0,transient,0.0
Thiruvananthapuram,in_domain,dual18(ref),126,intermittent_spikes,1.0,transient,0.0
Thiruvananthapuram,in_domain,dual18(ref),126,drift_plus_noise,1.0,persistent,2.0
Thiruvananthapuram,in_domain,dual18(ref),126,drift_plus_noise,1.0,persistent,9.0
Thiruvananthapuram,in_domain,dual18(ref),126,drift_plus_noise,1.0,persistent,0.0
Thiruvananthapuram,in_domain,dual18(ref),126,bias_plus_spikes,1.0,persistent,0.0
Thiruvananthapuram,in_domain,dual18(ref),126,bias_plus_spikes,1.0,persistent,0.0
Thiruvananthapuram,in_domain,dual18(ref),126,bias_plus_spikes,1.0,persistent,2.0
Thiruvananthapuram,temporal,dual18(ref),126,spike,1.0,transient,0.0
Thiruvananthapuram,temporal,dual18(ref),126,spike,1.0,transient,0.0
Thiruvananthapuram,temporal,dual18(ref),126,spike,1.0,transient,0.0
Thiruvananthapuram,temporal,dual18(ref),126,spike,1.0,transient,0.0
Thiruvananthapuram,temporal,dual18(ref),126,spike,1.0,transient,0.0
Thiruvananthapuram,temporal,dual18(ref),126,spike,1.0,transient,0.0
Thiruvananthapuram,temporal,dual18(ref),126,spike,1.0,transient,0.0
Thiruvananthapuram,temporal,dual18(ref),126,spike,0.0,transient,
Thiruvananthapuram,temporal,dual18(ref),126,spike,0.0,transient,
Thiruvananthapuram,temporal,dual18(ref),126,spike,1.0,transient,0.0
Thiruvananthapuram,temporal,dual18(ref),126,spike,0.0,transient,
Thiruvananthapuram,temporal,dual18(ref),126,spike,1.0,transient,0.0
Thiruvananthapuram,temporal,dual18(ref),126,spike,0.0,transient,
Thiruvananthapuram,temporal,dual18(ref),126,spike,1.0,transient,0.0
Thiruvananthapuram,temporal,dual18(ref),126,spike,1.0,transient,0.0
Thiruvananthapuram,temporal,dual18(ref),126,spike,1.0,transient,0.0
Thiruvananthapuram,temporal,dual18(ref),126,spike,1.0,transient,0.0
Thiruvananthapuram,temporal,dual18(ref),126,spike,1.0,transient,0.0
Thiruvananthapuram,temporal,dual18(ref),126,spike,1.0,transient,0.0
Thiruvananthapuram,temporal,dual18(ref),126,spike,1.0,transient,0.0
Thiruvananthapuram,temporal,dual18(ref),126,spike,1.0,transient,0.0
Thiruvananthapuram,temporal,dual18(ref),126,spike,1.0,transient,0.0
Thiruvananthapuram,temporal,dual18(ref),126,spike,0.0,transient,
Thiruvananthapuram,temporal,dual18(ref),126,spike,0.0,transient,
Thiruvananthapuram,temporal,dual18(ref),126,drift,0.0,persistent,
Thiruvananthapuram,temporal,dual18(ref),126,drift,0.0,persistent,
Thiruvananthapuram,temporal,dual18(ref),126,drift,0.0,persistent,
Thiruvananthapuram,temporal,dual18(ref),126,drift,1.0,persistent,2.0
Thiruvananthapuram,temporal,dual18(ref),126,drift,0.0,persistent,
Thiruvananthapuram,temporal,dual18(ref),126,drift,0.0,persistent,
Thiruvananthapuram,temporal,dual18(ref),126,bias,1.0,persistent,0.0
Thiruvananthapuram,temporal,dual18(ref),126,bias,0.0,persistent,
Thiruvananthapuram,temporal,dual18(ref),126,bias,1.0,persistent,9.0
Thiruvananthapuram,temporal,dual18(ref),126,bias,1.0,persistent,6.0
Thiruvananthapuram,temporal,dual18(ref),126,bias,0.0,persistent,
Thiruvananthapuram,temporal,dual18(ref),126,bias,0.0,persistent,
Thiruvananthapuram,temporal,dual18(ref),126,stuck_at,1.0,persistent,0.0
Thiruvananthapuram,temporal,dual18(ref),126,stuck_at,1.0,persistent,0.0
Thiruvananthapuram,temporal,dual18(ref),126,stuck_at,1.0,persistent,0.0
Thiruvananthapuram,temporal,dual18(ref),126,stuck_at,1.0,persistent,0.0
Thiruvananthapuram,temporal,dual18(ref),126,stuck_at,1.0,persistent,0.0
Thiruvananthapuram,temporal,dual18(ref),126,stuck_at,1.0,persistent,0.0
Thiruvananthapuram,temporal,dual18(ref),126,noise_burst,1.0,persistent,5.0
Thiruvananthapuram,temporal,dual18(ref),126,noise_burst,1.0,persistent,7.0
Thiruvananthapuram,temporal,dual18(ref),126,noise_burst,1.0,persistent,2.0
Thiruvananthapuram,temporal,dual18(ref),126,noise_burst,1.0,persistent,11.0
Thiruvananthapuram,temporal,dual18(ref),126,noise_burst,1.0,persistent,4.0
Thiruvananthapuram,temporal,dual18(ref),126,noise_burst,1.0,persistent,6.0
Thiruvananthapuram,temporal,dual18(ref),126,intermittent_spikes,1.0,transient,0.0
Thiruvananthapuram,temporal,dual18(ref),126,intermittent_spikes,0.0,transient,
Thiruvananthapuram,temporal,dual18(ref),126,intermittent_spikes,1.0,transient,0.0
Thiruvananthapuram,temporal,dual18(ref),126,intermittent_spikes,0.0,transient,
Thiruvananthapuram,temporal,dual18(ref),126,intermittent_spikes,1.0,transient,0.0
Thiruvananthapuram,temporal,dual18(ref),126,intermittent_spikes,1.0,transient,0.0
Thiruvananthapuram,temporal,dual18(ref),126,drift_plus_noise,1.0,persistent,0.0
Thiruvananthapuram,temporal,dual18(ref),126,drift_plus_noise,0.0,persistent,
Thiruvananthapuram,temporal,dual18(ref),126,drift_plus_noise,1.0,persistent,8.0
Thiruvananthapuram,temporal,dual18(ref),126,bias_plus_spikes,1.0,persistent,0.0
Thiruvananthapuram,temporal,dual18(ref),126,bias_plus_spikes,1.0,persistent,8.0
Thiruvananthapuram,temporal,dual18(ref),126,bias_plus_spikes,1.0,persistent,2.0
Thiruvananthapuram,station,dual18(ref),126,spike,1.0,transient,0.0
Thiruvananthapuram,station,dual18(ref),126,spike,1.0,transient,0.0
Thiruvananthapuram,station,dual18(ref),126,spike,1.0,transient,0.0
Thiruvananthapuram,station,dual18(ref),126,spike,0.0,transient,
Thiruvananthapuram,station,dual18(ref),126,spike,1.0,transient,0.0
Thiruvananthapuram,station,dual18(ref),126,spike,1.0,transient,0.0
Thiruvananthapuram,station,dual18(ref),126,spike,1.0,transient,0.0
Thiruvananthapuram,station,dual18(ref),126,spike,0.0,transient,
Thiruvananthapuram,station,dual18(ref),126,spike,0.0,transient,
Thiruvananthapuram,station,dual18(ref),126,spike,1.0,transient,0.0
Thiruvananthapuram,station,dual18(ref),126,spike,0.0,transient,
Thiruvananthapuram,station,dual18(ref),126,spike,1.0,transient,0.0
Thiruvananthapuram,station,dual18(ref),126,spike,1.0,transient,0.0
Thiruvananthapuram,station,dual18(ref),126,spike,1.0,transient,0.0
Thiruvananthapuram,station,dual18(ref),126,spike,1.0,transient,0.0
Thiruvananthapuram,station,dual18(ref),126,spike,1.0,transient,0.0
Thiruvananthapuram,station,dual18(ref),126,spike,1.0,transient,0.0
Thiruvananthapuram,station,dual18(ref),126,spike,1.0,transient,0.0
Thiruvananthapuram,station,dual18(ref),126,spike,1.0,transient,0.0
Thiruvananthapuram,station,dual18(ref),126,spike,1.0,transient,0.0
Thiruvananthapuram,station,dual18(ref),126,spike,1.0,transient,0.0
Thiruvananthapuram,station,dual18(ref),126,spike,1.0,transient,0.0
Thiruvananthapuram,station,dual18(ref),126,spike,1.0,transient,0.0
Thiruvananthapuram,station,dual18(ref),126,spike,0.0,transient,
Thiruvananthapuram,station,dual18(ref),126,drift,0.0,persistent,
Thiruvananthapuram,station,dual18(ref),126,drift,0.0,persistent,
Thiruvananthapuram,station,dual18(ref),126,drift,0.0,persistent,
Thiruvananthapuram,station,dual18(ref),126,drift,1.0,persistent,3.0
Thiruvananthapuram,station,dual18(ref),126,drift,0.0,persistent,
Thiruvananthapuram,station,dual18(ref),126,drift,0.0,persistent,
Thiruvananthapuram,station,dual18(ref),126,bias,1.0,persistent,0.0
Thiruvananthapuram,station,dual18(ref),126,bias,0.0,persistent,
Thiruvananthapuram,station,dual18(ref),126,bias,1.0,persistent,6.0
Thiruvananthapuram,station,dual18(ref),126,bias,0.0,persistent,
Thiruvananthapuram,station,dual18(ref),126,bias,0.0,persistent,
Thiruvananthapuram,station,dual18(ref),126,bias,0.0,persistent,
Thiruvananthapuram,station,dual18(ref),126,stuck_at,1.0,persistent,0.0
Thiruvananthapuram,station,dual18(ref),126,stuck_at,1.0,persistent,0.0
Thiruvananthapuram,station,dual18(ref),126,stuck_at,1.0,persistent,0.0
Thiruvananthapuram,station,dual18(ref),126,stuck_at,1.0,persistent,0.0
Thiruvananthapuram,station,dual18(ref),126,stuck_at,1.0,persistent,0.0
Thiruvananthapuram,station,dual18(ref),126,stuck_at,1.0,persistent,0.0
Thiruvananthapuram,station,dual18(ref),126,noise_burst,0.0,persistent,
Thiruvananthapuram,station,dual18(ref),126,noise_burst,0.0,persistent,
Thiruvananthapuram,station,dual18(ref),126,noise_burst,1.0,persistent,2.0
Thiruvananthapuram,station,dual18(ref),126,noise_burst,1.0,persistent,11.0
Thiruvananthapuram,station,dual18(ref),126,noise_burst,1.0,persistent,5.0
Thiruvananthapuram,station,dual18(ref),126,noise_burst,1.0,persistent,2.0
Thiruvananthapuram,station,dual18(ref),126,intermittent_spikes,1.0,transient,0.0
Thiruvananthapuram,station,dual18(ref),126,intermittent_spikes,0.0,transient,
Thiruvananthapuram,station,dual18(ref),126,intermittent_spikes,1.0,transient,0.0
Thiruvananthapuram,station,dual18(ref),126,intermittent_spikes,1.0,transient,0.0
Thiruvananthapuram,station,dual18(ref),126,intermittent_spikes,1.0,transient,0.0
Thiruvananthapuram,station,dual18(ref),126,intermittent_spikes,1.0,transient,0.0
Thiruvananthapuram,station,dual18(ref),126,drift_plus_noise,1.0,persistent,10.0
Thiruvananthapuram,station,dual18(ref),126,drift_plus_noise,0.0,persistent,
Thiruvananthapuram,station,dual18(ref),126,drift_plus_noise,1.0,persistent,7.0
Thiruvananthapuram,station,dual18(ref),126,bias_plus_spikes,1.0,persistent,0.0
Thiruvananthapuram,station,dual18(ref),126,bias_plus_spikes,1.0,persistent,1.0
Thiruvananthapuram,station,dual18(ref),126,bias_plus_spikes,1.0,persistent,2.0
