time,station,temp_c,temp_qc,dew_c,dew_qc,slp_hpa,slp_qc,rh_pct,gap_hours,temp_c_step,slp_hpa_step,rh_pct_step
2023-01-01 00:00:00,42182099999,7.4,1,7.0,1,1019.9,1,97.30085899241799,,,,
2023-01-01 03:00:00,42182099999,9.8,1,9.4,1,1021.9,1,97.35121535724053,3.0,2.4000000000000004,2.0,0.050356364822548016
2023-01-01 06:00:00,42182099999,17.6,1,11.0,1,1022.3,1,65.24765286244165,3.0,7.800000000000001,0.39999999999997726,-32.10356249479888
2023-01-01 09:00:00,42182099999,20.6,1,9.9,1,1019.0,1,50.29198184383752,3.0,3.0,-3.2999999999999545,-14.955671018604136
2023-01-01 12:00:00,42182099999,18.0,1,10.6,1,1018.9,1,61.95539331922447,3.0,-2.6000000000000014,-0.10000000000002274,11.663411475386951
2023-01-01 15:00:00,42182099999,13.8,1,11.6,1,1021.0,1,86.58079732128753,3.0,-4.199999999999999,2.1000000000000227,24.625404002063064
2023-01-01 18:00:00,42182099999,12.4,1,10.5,1,1021.6,1,88.19074924278162,3.0,-1.4000000000000004,0.6000000000000227,1.609951921494087
2023-01-01 21:00:00,42182099999,11.2,1,10.0,1,1020.9,1,92.32072545539636,3.0,-1.200000000000001,-0.7000000000000455,4.129976212614736
2023-01-02 00:00:00,42182099999,9.4,1,8.6,1,1020.8,1,94.74832959201001,3.0,-1.799999999999999,-0.10000000000002274,2.4276041366136525
2023-01-02 03:00:00,42182099999,11.6,1,10.0,1,1022.7,1,89.90937059711342,3.0,2.1999999999999993,1.900000000000091,-4.838958994896586
2023-01-02 06:00:00,42182099999,15.8,1,10.5,1,1023.2,1,70.75526319616348,3.0,4.200000000000001,0.5,-19.15410740094994
2023-01-02 09:00:00,42182099999,16.4,1,10.8,1,1020.6,1,69.47184527396357,3.0,0.5999999999999979,-2.6000000000000227,-1.2834179221999165
2023-01-02 12:00:00,42182099999,15.0,1,11.5,1,1020.5,1,79.59164407970796,3.0,-1.3999999999999986,-0.10000000000002274,10.119798805744395
2023-01-02 15:00:00,42182099999,12.2,1,10.7,1,1022.1,1,90.5551483537168,3.0,-2.8000000000000007,1.6000000000000227,10.96350427400884
2023-01-02 18:00:00,42182099999,10.2,1,9.4,1,1022.8,1,94.78062882988873,3.0,-2.0,0.6999999999999318,4.225480476171924
2023-01-02 21:00:00,42182099999,9.2,1,8.8,1,1022.1,1,97.33875859464965,3.0,-1.0,-0.6999999999999318,2.5581297647609205
2023-01-03 00:00:00,42182099999,11.2,1,9.2,1,1021.5,1,87.49473500330369,3.0,2.0,-0.6000000000000227,-9.844023591345959
2023-01-03 03:00:00,42182099999,11.2,1,8.8,1,1023.6,1,85.1662888878942,3.0,0.0,2.1000000000000227,-2.3284461154094913
2023-01-03 06:00:00,42182099999,13.4,1,9.5,1,1024.0,1,77.26246787235075,3.0,2.200000000000001,0.39999999999997726,-7.903821015543443
2023-01-03 09:00:00,42182099999,15.6,1,9.2,1,1021.3,1,65.69019749813549,3.0,2.1999999999999993,-2.7000000000000455,-11.572270374215265
2023-01-03 12:00:00,42182099999,14.6,1,9.1,1,1021.1,1,69.58143295918853,3.0,-1.0,-0.1999999999999318,3.891235461053043
2023-01-03 15:00:00,42182099999,10.0,1,8.4,1,1022.7,1,89.78774143747167,3.0,-4.6,1.6000000000000227,20.206308478283134
2023-01-03 18:00:00,42182099999,7.4,1,6.5,1,1022.1,1,94.01755302261805,3.0,-2.5999999999999996,-0.6000000000000227,4.229811585146379
2023-01-03 21:00:00,42182099999,6.6,1,6.2,1,1022.5,1,97.28375560129753,3.0,-0.8000000000000007,0.39999999999997726,3.266202578679483
2023-01-04 00:00:00,42182099999,7.6,1,7.2,1,1022.5,1,97.30510971707946,3.0,1.0,0.0,0.021354115781932137
2023-01-04 03:00:00,42182099999,6.6,1,6.6,1,1025.1,1,100.0,3.0,-1.0,2.599999999999909,2.6948902829205394
2023-01-04 06:00:00,42182099999,10.4,1,6.6,1,1024.4,1,77.31539370734886,3.0,3.8000000000000007,-0.6999999999998181,-22.68460629265114
2023-01-04 09:00:00,42182099999,15.6,1,7.6,1,1012.5,2,58.9412635883884,3.0,5.199999999999999,-11.900000000000091,-18.37413011896046
2023-01-04 12:00:00,42182099999,13.2,1,8.9,1,1012.6,1,75.1774106722144,3.0,-2.4000000000000004,0.10000000000002274,16.236147083826005
2023-01-04 15:00:00,42182099999,8.4,1,7.1,1,1023.0,1,91.52677675681028,3.0,-4.799999999999999,10.399999999999977,16.34936608459587
2023-01-04 18:00:00,42182099999,6.6,1,5.7,1,1023.8,1,93.98026102191757,3.0,-1.8000000000000007,0.7999999999999545,2.453484265107292
2023-01-04 21:00:00,42182099999,5.4,1,5.0,1,1023.3,1,97.25779555131783,3.0,-1.1999999999999993,-0.5,3.2775345294002562
2023-01-05 00:00:00,42182099999,7.0,1,7.0,1,1023.0,1,100.0,3.0,1.5999999999999996,-0.2999999999999545,2.7422044486821733
2023-01-05 03:00:00,42182099999,7.0,1,7.0,1,1025.3,1,100.0,3.0,0.0,2.2999999999999545,0.0
2023-01-05 09:00:00,42182099999,15.0,1,8.3,1,1022.7,1,64.2415402723167,6.0,8.0,-2.599999999999909,-35.7584597276833
2023-01-05 12:00:00,42182099999,13.8,1,9.1,1,1023.2,1,73.2797847870777,3.0,-1.1999999999999993,0.5,9.038244514761004
2023-01-05 15:00:00,42182099999,9.5,1,7.3,1,1025.2,1,86.15150502114363,3.0,-4.300000000000001,2.0,12.871720234065933
2023-01-05 18:00:00,42182099999,8.2,1,6.9,1,1026.0,1,91.51383710352641,3.0,-1.3000000000000007,0.7999999999999545,5.362332082382778
2023-01-06 00:00:00,42182099999,5.6,1,5.6,1,1023.9,1,100.0,6.0,-2.5999999999999996,-2.1000000000000227,8.486162896473587
2023-01-06 03:00:00,42182099999,7.6,1,7.2,1,1025.6,1,97.30510971707946,3.0,2.0,1.6999999999999318,-2.6948902829205394
2023-01-06 06:00:00,42182099999,11.0,1,6.8,1,1026.6,2,75.31730938613637,3.0,3.4000000000000004,1.0,-21.987800330943088
2023-01-06 09:00:00,42182099999,15.5,1,7.1,1,1023.2,1,57.32778204228922,3.0,4.5,-3.3999999999998636,-17.98952734384715
2023-01-06 12:00:00,42182099999,13.6,1,7.0,1,1022.7,1,64.36680799727007,3.0,-1.9000000000000004,-0.5,7.0390259549808505
2023-01-06 15:00:00,42182099999,9.0,1,8.2,1,1024.4,1,94.73206849821293,3.0,-4.6,1.7000000000000455,30.365260500942853
2023-01-06 18:00:00,42182099999,6.6,1,5.2,1,1024.7,1,90.77631012430956,3.0,-2.4000000000000004,0.2999999999999545,-3.9557583739033646
2023-01-06 21:00:00,42182099999,5.4,1,4.5,1,1024.4,1,93.92367313970666,3.0,-1.1999999999999993,-0.2999999999999545,3.1473630153971044
2023-01-07 00:00:00,42182099999,6.2,1,6.2,1,1022.7,1,100.0,3.0,0.7999999999999998,-1.7000000000000455,6.076326860293335
2023-01-07 03:00:00,42182099999,6.2,1,6.2,1,1024.0,1,100.0,3.0,0.0,1.2999999999999545,0.0
2023-01-07 06:00:00,42182099999,11.0,1,5.9,1,1024.3,1,70.79045008881927,3.0,4.8,0.2999999999999545,-29.20954991118073
2023-01-07 09:00:00,42182099999,15.2,1,7.1,1,1020.9,1,58.44189259795963,3.0,4.199999999999999,-3.3999999999999773,-12.34855749085964
2023-01-07 12:00:00,42182099999,14.2,1,8.7,1,1020.1,1,69.50207850873608,3.0,-1.0,-0.7999999999999545,11.060185910776447
2023-01-07 15:00:00,42182099999,8.4,1,6.7,1,1022.4,1,89.05048696470176,3.0,-5.799999999999999,2.2999999999999545,19.548408455965685
2023-01-07 18:00:00,42182099999,6.5,1,6.0,1,1022.0,1,96.61229717933779,3.0,-1.9000000000000004,-0.39999999999997726,7.561810214636026
2023-01-07 21:00:00,42182099999,5.5,1,5.4,1,1020.0,1,99.30867298554894,3.0,-1.0,-2.0,2.696375806211151
2023-01-08 00:00:00,42182099999,6.6,1,6.6,1,1019.6,1,100.0,3.0,1.0999999999999996,-0.39999999999997726,0.6913270144510619
2023-01-08 03:00:00,42182099999,5.0,1,5.0,1,1020.6,1,100.0,3.0,-1.5999999999999996,1.0,0.0
2023-01-08 06:00:00,42182099999,8.6,1,6.9,1,1021.6,1,89.06695308695994,3.0,3.5999999999999996,1.0,-10.933046913040059
2023-01-08 09:00:00,42182099999,18.0,1,8.8,1,1017.8,1,54.91060062099143,3.0,9.4,-3.800000000000068,-34.15635246596851
2023-01-08 12:00:00,42182099999,15.4,1,10.5,1,1017.8,1,72.59099131789519,3.0,-2.5999999999999996,0.0,17.680390696903757
2023-01-08 18:00:00,42182099999,7.4,1,7.0,1,1020.7,1,97.30085899241799,6.0,-8.0,2.900000000000091,24.709867674522798
2023-01-08 21:00:00,42182099999,5.6,1,5.2,1,1019.3,1,97.26214787992244,3.0,-1.8000000000000007,-1.400000000000091,-0.03871111249554815
2023-01-09 00:00:00,42182099999,7.2,1,7.2,1,1020.0,1,100.0,3.0,1.6000000000000005,0.7000000000000455,2.7378521200775623
2023-01-09 03:00:00,42182099999,8.2,1,8.2,1,1022.2,1,100.0,3.0,0.9999999999999991,2.2000000000000455,0.0
2023-01-09 06:00:00,42182099999,10.4,1,10.0,1,1022.8,1,97.36358526068923,3.0,2.200000000000001,0.599999999999909,-2.6364147393107658
2023-01-09 09:00:00,42182099999,18.4,1,11.9,1,1019.3,1,65.85307897158431,3.0,7.999999999999998,-3.5,-31.510506289104924
2023-01-09 12:00:00,42182099999,15.0,1,11.7,1,1018.9,1,80.6502233316019,3.0,-3.3999999999999986,-0.39999999999997726,14.797144360017583
2023-01-09 15:00:00,42182099999,12.6,1,10.3,1,1020.5,1,85.88804470359835,3.0,-2.4000000000000004,1.6000000000000227,5.237821371996461
2023-01-09 18:00:00,42182099999,11.2,1,9.6,1,1021.2,1,89.87916379213625,3.0,-1.4000000000000004,0.7000000000000455,3.9911190885379
2023-01-09 21:00:00,42182099999,9.6,1,8.8,1,1020.9,1,94.75643218583839,3.0,-1.5999999999999996,-0.3000000000000682,4.877268393702138
2023-01-10 00:00:00,42182099999,7.8,1,7.8,1,1020.3,1,100.0,3.0,-1.7999999999999998,-0.6000000000000227,5.243567814161608
2023-01-10 03:00:00,42182099999,8.2,1,8.2,1,1021.4,1,100.0,3.0,0.39999999999999947,1.1000000000000227,0.0
2023-01-10 06:00:00,42182099999,11.6,1,8.8,1,1021.3,1,82.94180307001605,3.0,3.4000000000000004,-0.10000000000002274,-17.05819692998395
2023-01-10 09:00:00,42182099999,17.0,1,9.4,1,1017.6,1,60.90030424445174,3.0,5.4,-3.699999999999932,-22.04149882556431
2023-01-10 12:00:00,42182099999,16.8,1,9.6,1,1017.1,1,62.511494256612266,3.0,-0.1999999999999993,-0.5,1.6111900121605274
2023-01-10 15:00:00,42182099999,10.2,1,9.4,1,1018.5,1,94.78062882988873,3.0,-6.600000000000001,1.3999999999999773,32.26913457327646
2023-01-10 18:00:00,42182099999,8.0,1,7.6,1,1019.2,1,97.31358123769705,3.0,-2.1999999999999993,0.7000000000000455,2.532952407808324
2023-01-10 21:00:00,42182099999,6.4,1,6.4,1,1018.8,1,100.0,3.0,-1.5999999999999996,-0.40000000000009095,2.6864187623029494
2023-01-11 00:00:00,42182099999,6.0,1,6.0,1,1016.5,1,100.0,3.0,-0.40000000000000036,-2.2999999999999545,0.0
2023-01-11 03:00:00,42182099999,7.8,1,7.8,1,1016.5,1,100.0,3.0,1.7999999999999998,0.0,0.0
2023-01-11 06:00:00,42182099999,12.6,1,9.5,1,1016.7,1,81.40867867317884,3.0,4.8,0.20000000000004547,-18.59132132682116
2023-01-11 09:00:00,42182099999,18.4,1,11.5,1,1012.3,1,64.13703680020836,3.0,5.799999999999999,-4.400000000000091,-17.271641872970477
2023-01-11 12:00:00,42182099999,17.6,1,11.4,1,1011.7,1,67.00037536557673,3.0,-0.7999999999999972,-0.599999999999909,2.863338565368366
2023-01-11 15:00:00,42182099999,12.6,1,10.3,1,1014.2,1,85.88804470359835,3.0,-5.000000000000002,2.5,18.887669338021624
2023-01-11 18:00:00,42182099999,11.4,1,9.4,1,1015.3,1,87.51317780630974,3.0,-1.1999999999999993,1.099999999999909,1.6251331027113878
2023-01-11 21:00:00,42182099999,10.6,1,9.0,1,1013.7,1,89.83360369872206,3.0,-0.8000000000000007,-1.599999999999909,2.3204258924123167
2023-01-12 00:00:00,42182099999,10.8,1,10.0,1,1012.5,1,94.8046599388741,3.0,0.20000000000000107,-1.2000000000000455,4.971056240152038
2023-01-12 03:00:00,42182099999,10.6,1,10.2,1,1013.6,1,97.36768939867459,3.0,-0.20000000000000107,1.1000000000000227,2.5630294598004895
2023-01-12 06:00:00,42182099999,14.8,1,10.2,1,1013.9,1,73.95050215342924,3.0,4.200000000000001,0.2999999999999545,-23.417187245245344
2023-01-12 09:00:00,42182099999,20.6,1,13.7,1,1010.1,1,64.61860815257197,3.0,5.800000000000001,-3.7999999999999545,-9.331894000857275
2023-01-12 12:00:00,42182099999,18.8,1,13.9,1,1010.0,1,73.19917002586746,3.0,-1.8000000000000007,-0.10000000000002274,8.580561873295494
2023-01-12 15:00:00,42182099999,15.4,1,13.3,1,1011.6,1,87.30307866082929,3.0,-3.4000000000000004,1.6000000000000227,14.103908634961826
2023-01-12 18:00:00,42182099999,14.2,1,12.7,1,1012.3,1,90.69481897371098,3.0,-1.200000000000001,0.6999999999999318,3.3917403128816943
2023-01-12 21:00:00,42182099999,12.6,1,11.5,1,1011.0,1,93.01469484053409,3.0,-1.5999999999999996,-1.2999999999999545,2.3198758668231108
2023-01-13 00:00:00,42182099999,12.2,1,11.8,1,1011.8,1,97.40018178945084,3.0,-0.40000000000000036,0.7999999999999545,4.38548694891675
2023-01-13 03:00:00,42182099999,12.8,1,12.4,1,1014.0,1,97.41221218415632,3.0,0.6000000000000014,2.2000000000000455,0.01203039470547651
2023-01-13 06:00:00,42182099999,18.2,1,12.9,1,1014.2,1,71.209003659982,3.0,5.399999999999999,0.20000000000004547,-26.203208524174315
2023-01-13 09:00:00,42182099999,21.4,1,14.2,1,1011.7,1,63.54690629634292,3.0,3.1999999999999993,-2.5,-7.662097363639084
2023-01-13 12:00:00,42182099999,19.2,1,15.1,1,1012.4,1,77.14836978029265,3.0,-2.1999999999999993,0.6999999999999318,13.601463483949736
2023-01-13 15:00:00,42182099999,16.0,1,14.3,1,1015.1,1,89.65152316161863,3.0,-3.1999999999999993,2.7000000000000455,12.503153381325973
2023-01-13 18:00:00,42182099999,15.2,1,13.8,1,1016.1,1,91.35504121121689,3.0,-0.8000000000000007,1.0,1.7035180495982587
2023-01-13 21:00:00,42182099999,13.7,1,12.7,1,1015.5,1,93.68424911400093,3.0,-1.5,-0.6000000000000227,2.3292079027840487
2023-01-14 00:00:00,42182099999,11.6,1,11.2,1,1015.9,1,97.3880676886059,3.0,-2.0999999999999996,0.39999999999997726,3.7038185746049663
2023-01-14 03:00:00,42182099999,12.0,1,10.1,1,1017.6,1,88.15583421968617,3.0,0.40000000000000036,1.7000000000000455,-9.23223346891973
2023-01-14 06:00:00,42182099999,15.4,1,8.8,1,1017.9,1,64.76683280888665,3.0,3.4000000000000004,0.2999999999999545,-23.389001410799523
2023-01-14 09:00:00,42182099999,18.0,1,7.8,1,1014.8,1,51.31061883509035,3.0,2.5999999999999996,-3.1000000000000227,-13.456213973796295
2023-01-14 12:00:00,42182099999,15.6,1,7.1,1,1014.9,1,56.96171696901057,3.0,-2.4000000000000004,0.10000000000002274,5.651098133920215
2023-01-14 15:00:00,42182099999,12.0,1,7.9,1,1017.6,1,76.0014346532355,3.0,-3.5999999999999996,2.7000000000000455,19.03971768422494
2023-01-14 18:00:00,42182099999,10.6,1,7.3,1,1016.6,1,80.04154011189422,3.0,-1.4000000000000004,-1.0,4.040105458658715
2023-01-14 21:00:00,42182099999,9.6,1,6.6,1,1016.1,1,81.56608156666823,3.0,-1.0,-0.5,1.5245414547740097
2023-01-15 00:00:00,42182099999,7.0,1,3.2,1,1015.6,1,76.7684668281817,3.0,-2.5999999999999996,-0.5,-4.79761473848653
2023-01-15 03:00:00,42182099999,6.8,1,2.7,1,1016.8,1,75.12196299115038,3.0,-0.20000000000000018,1.1999999999999318,-1.646503837031318
2023-01-15 06:00:00,42182099999,15.2,1,-1.2,1,1017.1,1,32.4697409324575,3.0,8.399999999999999,0.3000000000000682,-42.652222058692885
2023-01-15 09:00:00,42182099999,16.6,1,-0.9,1,1014.4,1,30.350465340290135,3.0,1.4000000000000021,-2.7000000000000455,-2.1192755921673623
2023-01-15 12:00:00,42182099999,14.8,1,3.4,1,1013.8,1,46.37028829347879,3.0,-1.8000000000000007,-0.6000000000000227,16.01982295318865
2023-01-15 15:00:00,42182099999,8.6,1,4.5,1,1015.7,1,75.4314544616124,3.0,-6.200000000000001,1.900000000000091,29.061166168133617
2023-01-15 18:00:00,42182099999,5.8,1,3.9,1,1016.8,1,87.59475627598559,3.0,-2.8,1.099999999999909,12.163301814373185
2023-01-15 21:00:00,42182099999,5.2,1,3.8,1,1016.1,1,90.67671784875996,3.0,-0.5999999999999996,-0.6999999999999318,3.081961572774375
2023-01-16 00:00:00,42182099999,4.2,1,2.7,1,1016.6,1,89.96444551445045,3.0,-1.0,0.5,-0.7122723343095174
2023-01-16 03:00:00,42182099999,5.4,1,2.5,1,1018.3,1,81.57567479905072,3.0,1.2000000000000002,1.6999999999999318,-8.38877071539973
2023-01-16 06:00:00,42182099999,15.4,1,3.1,1,1018.8,1,43.68058593671271,3.0,10.0,0.5,-37.89508886233801
2023-01-16 09:00:00,42182099999,17.8,1,3.8,1,1015.8,1,39.39941548070628,3.0,2.4000000000000004,-3.0,-4.2811704560064285
2023-01-16 12:00:00,42182099999,15.4,1,5.3,1,1015.8,1,50.96168296181851,3.0,-2.4000000000000004,0.0,11.56226748111223
2023-01-16 15:00:00,42182099999,9.8,1,5.9,1,1018.0,1,76.68850202511193,3.0,-5.6,2.2000000000000455,25.72681906329342
2023-01-16 18:00:00,42182099999,7.0,1,5.7,1,1018.1,1,91.43558329955191,3.0,-2.8000000000000007,0.10000000000002274,14.747081274439978
2023-01-16 21:00:00,42182099999,15.6,1,4.7,1,1017.1,1,48.25417201387875,3.0,8.6,-1.0,-43.18141128567316
2023-01-17 00:00:00,42182099999,4.6,2,3.6,1,1016.9,1,93.22697959115234,3.0,-11.0,-0.20000000000004547,44.97280757727359
2023-01-17 03:00:00,42182099999,5.4,1,5.0,1,1018.8,1,97.25779555131783,3.0,0.8000000000000007,1.8999999999999773,4.030815960165484
2023-01-17 06:00:00,42182099999,15.8,1,3.7,1,1018.9,1,44.416407465247346,3.0,10.4,0.10000000000002274,-52.84138808607048
2023-01-17 09:00:00,42182099999,19.4,1,1.3,1,1015.8,1,29.846691015330755,3.0,3.599999999999998,-3.1000000000000227,-14.56971644991659
2023-01-17 12:00:00,42182099999,16.0,1,2.8,1,1015.2,1,41.152124132223335,3.0,-3.3999999999999986,-0.599999999999909,11.30543311689258
2023-01-17 15:00:00,42182099999,11.6,1,5.6,1,1018.1,1,66.63509803210418,3.0,-4.4,2.8999999999999773,25.482973899880847
2023-01-17 18:00:00,42182099999,9.8,1,6.4,1,1019.9,1,79.37977462249532,3.0,-1.799999999999999,1.7999999999999545,12.744676590391137
2023-01-17 21:00:00,42182099999,7.6,1,6.7,1,1019.4,1,94.02682246707201,3.0,-2.200000000000001,-0.5,14.64704784457669
2023-01-18 00:00:00,42182099999,5.8,1,5.3,1,1019.2,1,96.59352072167026,3.0,-1.7999999999999998,-0.1999999999999318,2.5666982545982506
2023-01-18 03:00:00,42182099999,5.2,1,4.3,1,1021.2,1,93.91416515554167,3.0,-0.5999999999999996,2.0,-2.679355566128592
2023-01-18 06:00:00,42182099999,16.4,2,2.8,1,1021.4,1,40.116193074204496,3.0,11.2,0.1999999999999318,-53.79797208133717
2023-01-18 09:00:00,42182099999,18.6,1,2.6,1,1018.1,1,34.42426155661795,3.0,2.200000000000003,-3.2999999999999545,-5.691931517586546
2023-01-18 12:00:00,42182099999,17.0,1,4.3,1,1016.6,1,42.92068210191529,3.0,-1.6000000000000014,-1.5,8.49642054529734
2023-01-18 15:00:00,42182099999,9.0,1,5.5,1,1018.5,1,78.71498638600912,3.0,-8.0,1.8999999999999773,35.794304284093826
2023-01-18 18:00:00,42182099999,7.6,1,5.4,1,1019.4,1,85.95542226925078,3.0,-1.4000000000000004,0.8999999999999773,7.240435883241659
2023-01-18 21:00:00,42182099999,6.4,1,5.0,1,1018.7,1,90.76217889106617,3.0,-1.1999999999999993,-0.6999999999999318,4.806756621815396
2023-01-19 00:00:00,42182099999,9.4,1,6.4,1,1018.9,1,81.53958256319952,3.0,3.0,0.1999999999999318,-9.222596327866654
2023-01-19 03:00:00,42182099999,10.0,1,7.1,1,1020.3,1,82.17982566045673,3.0,0.5999999999999996,1.3999999999999773,0.640243097257212
2023-01-19 06:00:00,42182099999,19.4,1,4.5,1,1020.8,1,37.43865481681757,3.0,9.399999999999999,0.5,-44.74117084363916
2023-01-19 09:00:00,42182099999,21.6,1,5.7,1,1017.2,1,35.53427516221728,3.0,2.200000000000003,-3.599999999999909,-1.904379654600291
2023-01-19 12:00:00,42182099999,20.4,1,7.6,1,1017.1,1,43.587705859091386,3.0,-1.2000000000000028,-0.10000000000002274,8.05343069687411
2023-01-19 15:00:00,42182099999,14.8,1,9.8,1,1018.1,1,71.99781811318456,3.0,-5.599999999999998,1.0,28.41011225409318
2023-01-19 18:00:00,42182099999,13.6,1,9.7,1,1018.2,1,77.2937657633589,3.0,-1.200000000000001,0.10000000000002274,5.295947650174341
2023-01-19 21:00:00,42182099999,12.8,1,10.1,1,1017.5,1,83.64541777496521,3.0,-0.7999999999999989,-0.7000000000000455,6.351652011606305
2023-01-20 00:00:00,42182099999,12.2,1,9.0,1,1016.8,1,80.80930868971613,3.0,-0.6000000000000014,-0.7000000000000455,-2.8361090852490776
2023-01-20 03:00:00,42182099999,11.6,1,8.8,1,1018.9,1,82.94180307001605,3.0,-0.5999999999999996,2.1000000000000227,2.1324943802999172
2023-01-20 06:00:00,42182099999,18.2,1,9.9,1,1018.6,1,58.38819950727093,3.0,6.6,-0.2999999999999545,-24.553603562745117
2023-01-20 09:00:00,42182099999,22.8,1,9.1,1,1014.8,1,41.66458947264538,3.0,4.600000000000001,-3.800000000000068,-16.72361003462555
2023-01-20 12:00:00,42182099999,20.2,1,8.8,1,1014.5,1,47.873608167255206,3.0,-2.6000000000000014,-0.2999999999999545,6.209018694609824
2023-01-20 15:00:00,42182099999,15.4,1,11.7,1,1017.1,1,78.60444584054494,3.0,-4.799999999999999,2.6000000000000227,30.730837673289734
2023-01-20 18:00:00,42182099999,13.4,1,10.7,1,1018.1,1,83.71563678912267,3.0,-2.0,1.0,5.111190948577729
2023-01-20 21:00:00,42182099999,12.0,1,10.1,1,1017.8,1,88.15583421968617,3.0,-1.4000000000000004,-0.3000000000000682,4.440197430563501
2023-01-21 00:00:00,42182099999,8.8,1,8.0,1,1017.3,1,94.72390988503051,3.0,-3.1999999999999993,-0.5,6.568075665344338
2023-01-21 03:00:00,42182099999,8.6,1,7.3,1,1018.5,1,91.5396873125259,3.0,-0.20000000000000107,1.2000000000000455,-3.184222572504609
2023-01-21 06:00:00,42182099999,17.8,1,12.4,1,1017.8,1,70.66878053078243,3.0,9.200000000000001,-0.7000000000000455,-20.87090678174347
2023-01-21 09:00:00,42182099999,23.0,1,9.8,1,1014.3,1,43.14526546709533,3.0,5.199999999999999,-3.5,-27.5235150636871
2023-01-21 12:00:00,42182099999,20.8,1,11.4,1,1014.5,1,54.891970429038786,3.0,-2.1999999999999993,0.20000000000004547,11.746704961943458
2023-01-21 15:00:00,42182099999,16.2,1,12.6,1,1015.4,1,79.2398821854657,3.0,-4.600000000000001,0.8999999999999773,24.347911756426917
2023-01-21 18:00:00,42182099999,14.6,1,12.4,1,1016.1,1,86.65852074243855,3.0,-1.5999999999999996,0.7000000000000455,7.4186385569728515
2023-01-21 21:00:00,42182099999,13.4,1,11.9,1,1015.4,1,90.63931815450903,3.0,-1.1999999999999993,-0.7000000000000455,3.9807974120704728
2023-01-22 00:00:00,42182099999,11.6,1,10.8,1,1015.1,1,94.8364464943844,3.0,-1.8000000000000007,-0.2999999999999545,4.197128339875377
2023-01-22 03:00:00,42182099999,10.2,1,9.8,1,1016.4,1,97.35947156086468,3.0,-1.4000000000000004,1.2999999999999545,2.5230250664802725
2023-01-22 06:00:00,42182099999,19.2,1,12.4,1,1017.2,1,64.73692319807121,3.0,9.0,0.8000000000000682,-32.62254836279347
2023-01-22 09:00:00,42182099999,23.2,1,9.1,1,1014.4,1,40.66805097913753,3.0,4.0,-2.800000000000068,-24.068872218933677
2023-01-22 12:00:00,42182099999,21.0,1,10.4,1,1014.4,1,50.73632107006152,3.0,-2.1999999999999993,0.0,10.068270090923988
2023-01-22 15:00:00,42182099999,16.0,1,11.6,1,1015.0,1,75.14604114019876,3.0,-5.0,0.6000000000000227,24.40972007013724
2023-01-22 18:00:00,42182099999,13.2,1,10.1,1,1016.4,1,81.48752184657413,3.0,-2.8000000000000007,1.3999999999999773,6.341480706375364
2023-01-22 21:00:00,42182099999,11.2,1,10.0,1,1016.2,1,92.32072545539636,3.0,-2.0,-0.1999999999999318,10.833203608822231
2023-01-23 00:00:00,42182099999,9.6,1,9.2,1,1016.3,1,97.34707279392693,3.0,-1.5999999999999996,0.09999999999990905,5.02634733853057
2023-01-23 03:00:00,42182099999,9.4,1,9.4,1,1017.1,1,100.0,3.0,-0.1999999999999993,0.8000000000000682,2.6529272060730733
2023-01-23 06:00:00,42182099999,20.2,1,11.1,1,1016.7,1,55.840490093853,3.0,10.799999999999999,-0.39999999999997726,-44.159509906147
2023-01-23 09:00:00,42182099999,25.0,1,9.3,1,1013.3,1,36.99794724063112,3.0,4.800000000000001,-3.400000000000091,-18.84254285322188
2023-01-23 12:00:00,42182099999,22.6,1,11.1,1,1012.4,1,48.20585420316496,3.0,-2.3999999999999986,-0.8999999999999773,11.20790696253384
2023-01-23 15:00:00,42182099999,15.2,1,11.5,1,1013.0,1,78.57491552248868,3.0,-7.400000000000002,0.6000000000000227,30.36906131932372
2023-01-23 18:00:00,42182099999,14.2,1,11.6,1,1013.5,1,84.36429589423176,3.0,-1.0,0.5,5.7893803717430785
2023-01-23 21:00:00,42182099999,13.0,1,11.5,1,1013.7,1,90.61138473351019,3.0,-1.1999999999999993,0.20000000000004547,6.247088839278433
2023-01-24 00:00:00,42182099999,13.6,1,12.9,1,1012.6,1,95.53761218815481,3.0,0.5999999999999996,-1.1000000000000227,4.926227454644618
2023-01-24 03:00:00,42182099999,15.2,1,13.8,1,1015.1,1,91.35504121121689,3.0,1.5999999999999996,2.5,-4.1825709769379245
2023-01-24 06:00:00,42182099999,18.2,1,14.0,1,1016.3,1,76.49639500269146,3.0,3.0,1.1999999999999318,-14.858646208525428
2023-01-24 09:00:00,42182099999,20.8,1,14.7,1,1013.0,1,68.09609375395668,3.0,2.6000000000000014,-3.2999999999999545,-8.400301248734777
2023-01-24 12:00:00,42182099999,19.8,1,15.1,1,1012.1,1,74.32464288933063,3.0,-1.0,-0.8999999999999773,6.228549135373953
2023-01-24 15:00:00,42182099999,17.2,1,15.1,1,1014.2,1,87.46731472993724,3.0,-2.6000000000000014,2.1000000000000227,13.14267184060661
2023-01-24 18:00:00,42182099999,17.0,1,15.0,1,1014.3,1,88.01383893644437,3.0,-0.1999999999999993,0.09999999999990905,0.5465242065071294
2023-01-24 21:00:00,42182099999,16.0,1,14.6,1,1014.3,1,91.40613419141593,3.0,-1.0,0.0,3.3922952549715575
2023-01-25 00:00:00,42182099999,12.8,1,12.1,1,1014.4,1,95.51026070272563,3.0,-3.1999999999999993,0.10000000000002274,4.104126511309701
2023-01-25 03:00:00,42182099999,12.0,1,11.2,1,1016.5,1,94.85223150186052,3.0,-0.8000000000000007,2.1000000000000227,-0.6580292008651156
2023-01-25 06:00:00,42182099999,18.0,1,14.6,1,1017.1,1,80.52893541547579,3.0,6.0,0.6000000000000227,-14.32329608638473
2023-01-25 09:00:00,42182099999,18.6,1,14.5,1,1015.0,1,77.05578821552338,3.0,0.6000000000000014,-2.1000000000000227,-3.4731471999524075
2023-01-25 12:00:00,42182099999,17.0,1,14.8,1,1014.6,1,86.88778962553143,3.0,-1.6000000000000014,-0.39999999999997726,9.832001410008047
2023-01-25 15:00:00,42182099999,16.4,1,14.7,1,1016.8,1,89.68180342228284,3.0,-0.6000000000000014,2.199999999999932,2.7940137967514147
2023-01-25 18:00:00,42182099999,16.0,1,14.6,1,1017.1,1,91.40613419141593,3.0,-0.3999999999999986,0.3000000000000682,1.7243307691330898
2023-01-25 21:00:00,42182099999,15.6,1,14.6,1,1016.9,1,93.77393368836664,3.0,-0.40000000000000036,-0.20000000000004547,2.3677994969507097
2023-01-26 00:00:00,42182099999,15.2,1,14.1,1,1017.1,1,93.15002459693396,3.0,-0.40000000000000036,0.20000000000004547,-0.6239090914326795
2023-01-26 03:00:00,42182099999,14.0,1,13.3,1,1018.7,1,95.55119504098639,3.0,-1.1999999999999993,1.6000000000000227,2.4011704440524255
2023-01-26 06:00:00,42182099999,13.8,1,12.3,1,1020.6,1,90.66712933521302,3.0,-0.1999999999999993,1.8999999999999773,-4.8840657057733665
2023-01-26 09:00:00,42182099999,16.6,1,11.9,1,1017.4,1,73.77464045947974,3.0,2.8000000000000007,-3.2000000000000455,-16.892488875733278
2023-01-26 12:00:00,42182099999,15.2,1,12.7,1,1017.5,1,85.03111830312803,3.0,-1.4000000000000021,0.10000000000002274,11.256477843648284
2023-01-26 15:00:00,42182099999,14.2,1,13.1,1,1018.4,1,93.09843795330515,3.0,-1.0,0.8999999999999773,8.067319650177126
2023-01-26 18:00:00,42182099999,12.0,1,10.9,1,1018.8,1,92.98290295662396,3.0,-2.1999999999999993,0.39999999999997726,-0.11553499668119116
2023-01-26 21:00:00,42182099999,10.6,1,9.8,1,1018.4,1,94.79666786957364,3.0,-1.4000000000000004,-0.39999999999997726,1.8137649129496793
2023-01-27 00:00:00,42182099999,8.4,1,6.2,1,1017.7,1,86.03847316128356,3.0,-2.1999999999999993,-0.6999999999999318,-8.758194708290077
2023-01-27 03:00:00,42182099999,7.8,1,4.6,1,1019.8,1,80.1982929376005,3.0,-0.6000000000000005,2.099999999999909,-5.840180223683063
2023-01-27 06:00:00,42182099999,17.0,1,4.9,1,1020.6,1,44.75771193270204,3.0,9.2,0.8000000000000682,-35.44058100489846
2023-01-27 09:00:00,42182099999,20.2,1,7.4,1,1016.9,1,43.53131563523209,3.0,3.1999999999999993,-3.7000000000000455,-1.2263962974699467
2023-01-27 12:00:00,42182099999,18.4,1,6.9,1,1016.4,1,47.05416502604182,3.0,-1.8000000000000007,-0.5,3.522849390809732
2023-01-27 15:00:00,42182099999,12.8,1,7.0,1,1017.4,1,67.815454599473,3.0,-5.599999999999998,1.0,20.761289573431178
2023-01-27 18:00:00,42182099999,10.6,1,7.7,1,1016.9,1,82.25651785158969,3.0,-2.200000000000001,-0.5,14.441063252116692
2023-01-27 21:00:00,42182099999,8.8,1,7.5,1,1016.5,1,91.55256885631819,3.0,-1.799999999999999,-0.39999999999997726,9.296051004728497
2023-01-28 00:00:00,42182099999,7.8,1,5.6,1,1015.7,1,85.97625230099969,3.0,-1.0000000000000009,-0.7999999999999545,-5.576316555318499
2023-01-28 03:00:00,42182099999,8.4,1,6.7,1,1017.7,1,89.05048696470176,3.0,0.6000000000000005,2.0,3.0742346637020717
2023-01-28 06:00:00,42182099999,17.4,1,7.5,1,1016.6,1,52.20895615284719,3.0,8.999999999999998,-1.1000000000000227,-36.84153081185457
2023-01-28 09:00:00,42182099999,23.0,1,6.7,1,1013.9,1,34.96245982322969,3.0,5.600000000000001,-2.7000000000000455,-17.2464963296175
2023-01-28 12:00:00,42182099999,21.0,1,10.4,1,1011.9,1,50.73632107006152,3.0,-2.0,-2.0,15.773861246831828
2023-01-28 15:00:00,42182099999,13.2,1,10.1,1,1013.6,1,81.48752184657413,3.0,-7.800000000000001,1.7000000000000455,30.751200776512604
2023-01-28 18:00:00,42182099999,9.8,1,8.6,1,1014.8,1,92.23865038850573,3.0,-3.3999999999999986,1.1999999999999318,10.751128541931607
2023-01-28 21:00:00,42182099999,8.6,1,7.8,1,1014.7,1,94.71573248516182,3.0,-1.200000000000001,-0.09999999999990905,2.4770820966560905
2023-01-29 00:00:00,42182099999,8.6,1,7.8,1,1013.1,1,94.71573248516182,3.0,0.0,-1.6000000000000227,0.0
2023-01-29 03:00:00,42182099999,11.6,1,10.8,1,1015.9,1,94.8364464943844,3.0,3.0,2.7999999999999545,0.12071400922258135
2023-01-29 06:00:00,42182099999,16.4,1,12.4,1,1016.2,1,77.21720350063477,3.0,4.799999999999999,0.3000000000000682,-17.619242993749637
2023-01-29 09:00:00,42182099999,14.6,1,13.5,1,1013.1,1,93.11914142350814,3.0,-1.799999999999999,-3.1000000000000227,15.901937922873373
2023-01-29 12:00:00,42182099999,14.4,1,13.7,1,1014.8,1,95.56471646093954,3.0,-0.1999999999999993,1.6999999999999318,2.4455750374313965
2023-01-29 15:00:00,42182099999,14.6,1,13.9,1,1016.4,1,95.5714542483362,3.0,0.1999999999999993,1.6000000000000227,0.006737787396659201
2023-01-29 18:00:00,42182099999,14.2,1,13.8,1,1017.8,1,97.43996186725943,3.0,-0.40000000000000036,1.3999999999999773,1.868507618923232
2023-01-29 21:00:00,42182099999,13.4,1,13.0,1,1016.8,1,97.42415963862136,3.0,-0.7999999999999989,-1.0,-0.015802228638065685
2023-01-30 00:00:00,42182099999,12.4,1,12.4,1,1016.6,1,100.0,3.0,-1.0,-0.1999999999999318,2.5758403613786385
2023-01-30 03:00:00,42182099999,12.2,1,12.2,1,1018.8,1,100.0,3.0,-0.20000000000000107,2.199999999999932,0.0
2023-01-30 06:00:00,42182099999,16.0,1,13.9,1,1019.8,1,87.35817171892187,3.0,3.8000000000000007,1.0,-12.641828281078134
2023-01-30 09:00:00,42182099999,18.8,1,14.7,1,1017.5,1,77.08670766079658,3.0,2.8000000000000007,-2.2999999999999545,-10.27146405812529
2023-01-30 12:00:00,42182099999,17.8,1,15.4,1,1016.5,1,85.85545657849421,3.0,-1.0,-1.0,8.768748917697636
2023-01-30 15:00:00,42182099999,14.0,1,13.3,1,1018.5,1,95.55119504098639,3.0,-3.8000000000000007,2.0,9.695738462492173
2023-01-30 18:00:00,42182099999,13.0,1,12.6,1,1019.2,1,97.4162038469898,3.0,-1.0,0.7000000000000455,1.8650088060034165
2023-01-30 21:00:00,42182099999,11.8,1,11.4,1,1018.9,1,97.3921150705423,3.0,-1.1999999999999993,-0.3000000000000682,-0.024088776447499072
2023-01-31 00:00:00,42182099999,13.6,1,13.6,1,1017.9,1,100.0,3.0,1.799999999999999,-1.0,2.607884929457697
2023-01-31 03:00:00,42182099999,13.2,1,13.2,1,1019.6,1,100.0,3.0,-0.40000000000000036,1.7000000000000455,0.0
2023-01-31 06:00:00,42182099999,17.4,1,14.6,1,1019.4,1,83.63156797114554,3.0,4.199999999999999,-0.20000000000004547,-16.368432028854457
2023-01-31 09:00:00,42182099999,19.8,1,14.3,1,1018.1,1,70.58772605911892,3.0,2.400000000000002,-1.2999999999999545,-13.043841912026622
2023-01-31 12:00:00,42182099999,17.2,1,13.7,1,1017.4,1,79.90018766462913,3.0,-2.6000000000000014,-0.7000000000000455,9.312461605510208
2023-01-31 15:00:00,42182099999,14.4,1,12.6,1,1018.9,1,88.9444025377394,3.0,-2.799999999999999,1.5,9.044214873110278
2023-01-31 18:00:00,42182099999,12.4,1,11.3,1,1019.3,1,93.0041212821806,3.0,-2.0,0.39999999999997726,4.059718744441199
2023-01-31 21:00:00,42182099999,11.8,1,11.0,1,1018.5,1,94.84434797549758,3.0,-0.5999999999999996,-0.7999999999999545,1.8402266933169784
2023-02-01 00:00:00,42182099999,11.0,1,10.2,1,1017.6,1,94.81263378127055,3.0,-0.8000000000000007,-0.8999999999999773,-0.031714194227035364
2023-02-01 03:00:00,42182099999,10.2,1,10.2,1,1019.7,1,100.0,3.0,-0.8000000000000007,2.1000000000000227,5.187366218729451
2023-02-01 06:00:00,42182099999,15.4,1,11.7,1,1019.8,1,78.60444584054494,3.0,5.200000000000001,0.09999999999990905,-21.39555415945506
2023-02-01 09:00:00,42182099999,20.2,1,10.2,1,1016.2,1,52.59372717806794,3.0,4.799999999999999,-3.599999999999909,-26.010718662477004
2023-02-01 12:00:00,42182099999,19.4,1,8.7,1,1015.5,1,49.96943652504709,3.0,-0.8000000000000007,-0.7000000000000455,-2.62429065302085
2023-02-01 15:00:00,42182099999,14.8,1,11.1,1,1016.9,1,78.51568056686486,3.0,-4.599999999999998,1.3999999999999773,28.546244041817772
2023-02-01 18:00:00,42182099999,13.2,1,10.1,1,1017.5,1,81.48752184657413,3.0,-1.6000000000000014,0.6000000000000227,2.971841279709267
2023-02-01 21:00:00,42182099999,11.8,1,9.4,1,1017.2,1,85.23093483100948,3.0,-1.3999999999999986,-0.2999999999999545,3.743412984435352
2023-02-02 00:00:00,42182099999,10.4,1,8.8,1,1015.6,1,89.81834998122066,3.0,-1.4000000000000004,-1.6000000000000227,4.587415150211186
2023-02-02 03:00:00,42182099999,11.4,1,8.6,1,1017.4,1,82.9172741443641,3.0,1.0,1.7999999999999545,-6.901075836856563
2023-02-02 06:00:00,42182099999,19.8,1,8.8,1,1017.9,1,49.073959168989155,3.0,8.4,0.5,-33.843314975374945
2023-02-02 09:00:00,42182099999,23.6,1,9.2,1,1014.7,1,39.9665095184025,3.0,3.8000000000000007,-3.199999999999932,-9.107449650586652
2023-02-02 12:00:00,42182099999,22.6,1,11.1,1,1014.8,1,48.20585420316496,3.0,-1.0,0.09999999999990905,8.239344684762457
2023-02-02 15:00:00,42182099999,17.6,1,11.4,1,1016.4,1,67.00037536557673,3.0,-5.0,1.6000000000000227,18.79452116241177
2023-02-02 18:00:00,42182099999,16.2,1,11.0,1,1016.9,1,71.30346129346935,3.0,-1.4000000000000021,0.5,4.303085927892624
2023-02-02 21:00:00,42182099999,14.8,1,10.6,1,1016.3,1,75.94973508166241,3.0,-1.3999999999999986,-0.6000000000000227,4.6462737881930565
2023-02-03 00:00:00,42182099999,12.4,1,10.5,1,1016.3,1,88.19074924278162,3.0,-2.4000000000000004,0.0,12.24101416111921
2023-02-03 03:00:00,42182099999,11.6,1,8.8,1,1017.8,1,82.94180307001605,3.0,-0.8000000000000007,1.5,-5.248946172765571
2023-02-03 06:00:00,42182099999,20.4,1,8.6,1,1018.4,1,46.650883856342965,3.0,8.799999999999999,0.6000000000000227,-36.290919213673085
2023-02-03 09:00:00,42182099999,23.6,1,8.2,1,1014.9,1,37.354316174487145,3.0,3.200000000000003,-3.5,-9.29656768185582
2023-02-03 12:00:00,42182099999,21.8,1,10.5,1,1014.2,1,48.633033123964324,3.0,-1.8000000000000007,-0.6999999999999318,11.278716949477179
2023-02-03 15:00:00,42182099999,17.4,1,12.0,1,1015.6,1,70.59260356670579,3.0,-4.400000000000002,1.3999999999999773,21.959570442741466
2023-02-03 18:00:00,42182099999,14.6,1,11.2,1,1015.5,1,80.06385792190865,3.0,-2.799999999999999,-0.10000000000002274,9.47125435520286
2023-02-03 21:00:00,42182099999,11.6,1,9.6,1,1014.5,1,87.53158087183863,3.0,-3.0,-1.0,7.467722949929978
2023-02-04 00:00:00,42182099999,11.0,1,9.4,1,1013.7,1,89.86401050806772,3.0,-0.5999999999999996,-0.7999999999999545,2.3324296362290937
2023-02-04 03:00:00,42182099999,13.4,1,10.3,1,1014.9,1,81.51369611551115,3.0,2.4000000000000004,1.1999999999999318,-8.35031439255657
2023-02-04 06:00:00,42182099999,21.6,1,9.3,1,1014.9,1,45.43043111795126,3.0,8.200000000000001,0.0,-36.083264997559894
2023-02-04 09:00:00,42182099999,25.2,1,4.5,1,1012.3,1,26.305541745996443,3.0,3.599999999999998,-2.6000000000000227,-19.124889371954815
2023-02-04 12:00:00,42182099999,23.2,1,9.6,1,1011.2,1,42.0586692311669,3.0,-2.0,-1.099999999999909,15.75312748517046
2023-02-04 15:00:00,42182099999,16.2,1,12.6,1,1013.1,1,79.2398821854657,3.0,-7.0,1.8999999999999773,37.1812129542988
2023-02-04 18:00:00,42182099999,16.0,1,12.4,1,1013.4,1,79.21120375812941,3.0,-0.1999999999999993,0.2999999999999545,-0.028678427336288337
2023-02-04 21:00:00,42182099999,13.2,1,10.5,1,1012.4,1,83.69227900381789,3.0,-2.8000000000000007,-1.0,4.481075245688473
2023-02-05 00:00:00,42182099999,12.4,1,10.5,1,1011.8,1,88.19074924278162,3.0,-0.7999999999999989,-0.6000000000000227,4.498470238963733
2023-02-05 03:00:00,42182099999,12.6,1,10.7,1,1013.8,1,88.20815025668014,3.0,0.1999999999999993,2.0,0.017401013898521
2023-02-05 06:00:00,42182099999,19.6,1,9.9,1,1014.0,1,53.501473169296055,3.0,7.000000000000002,0.20000000000004547,-34.70667708738409
2023-02-05 09:00:00,42182099999,25.2,1,9.6,1,1010.8,1,37.304148575068645,3.0,5.599999999999998,-3.2000000000000455,-16.19732459422741
2023-02-05 12:00:00,42182099999,23.6,1,10.6,1,1010.1,1,43.89397866495113,3.0,-1.5999999999999979,-0.6999999999999318,6.589830089882483
2023-02-05 15:00:00,42182099999,16.4,1,12.8,1,1011.7,1,79.2685041939678,3.0,-7.200000000000003,1.6000000000000227,35.37452552901667
2023-02-05 18:00:00,42182099999,13.8,1,11.6,1,1012.6,1,86.58079732128753,3.0,-2.599999999999998,0.8999999999999773,7.312293127319734
2023-02-05 21:00:00,42182099999,12.4,1,10.9,1,1011.8,1,90.56925386231363,3.0,-1.4000000000000004,-0.8000000000000682,3.988456541026096
2023-02-06 00:00:00,42182099999,10.6,1,9.8,1,1011.8,1,94.79666786957364,3.0,-1.8000000000000007,0.0,4.227414007260009
2023-02-06 03:00:00,42182099999,11.6,1,9.8,1,1012.4,1,88.71344991938643,3.0,1.0,0.6000000000000227,-6.083217950187205
2023-02-06 06:00:00,42182099999,24.4,2,12.6,1,1013.2,1,47.74374374548634,3.0,12.799999999999999,0.8000000000000682,-40.96970617390009
2023-02-06 09:00:00,42182099999,28.2,1,13.0,1,1009.5,1,39.15907151308303,3.0,3.8000000000000007,-3.7000000000000455,-8.584672232403314
2023-02-06 12:00:00,42182099999,26.4,1,16.4,1,1008.7,1,54.183993266159504,3.0,-1.8000000000000007,-0.7999999999999545,15.024921753076477
2023-02-06 15:00:00,42182099999,21.4,1,14.6,1,1010.9,1,65.21122138445863,3.0,-5.0,2.199999999999932,11.02722811829912
2023-02-06 18:00:00,42182099999,19.6,1,14.1,1,1010.3,1,70.54987572913048,3.0,-1.7999999999999972,-0.6000000000000227,5.338654344671852
2023-02-06 21:00:00,42182099999,16.2,1,14.1,1,1010.1,1,87.37645845218667,3.0,-3.400000000000002,-0.1999999999999318,16.82658272305619
2023-02-07 00:00:00,42182099999,14.6,1,13.9,1,1009.6,1,95.5714542483362,3.0,-1.5999999999999996,-0.5,8.194995796149527
2023-02-07 03:00:00,42182099999,14.4,1,13.7,1,1011.7,1,95.56471646093954,3.0,-0.1999999999999993,2.1000000000000227,-0.006737787396659201
2023-02-07 06:00:00,42182099999,20.4,1,13.0,1,1012.3,1,62.50352697353663,3.0,5.999999999999998,0.599999999999909,-33.061189487402906
2023-02-07 09:00:00,42182099999,24.4,1,9.9,1,1009.9,1,39.924232370418196,3.0,4.0,-2.3999999999999773,-22.579294603118434
2023-02-07 12:00:00,42182099999,23.0,1,8.8,1,1010.0,1,40.33825891144123,3.0,-1.3999999999999986,0.10000000000002274,0.41402654102303416
2023-02-07 15:00:00,42182099999,19.2,1,8.5,1,1011.7,1,49.915442172931144,3.0,-3.8000000000000007,1.7000000000000455,9.577183261489914
2023-02-07 18:00:00,42182099999,15.0,1,10.0,1,1012.7,1,72.03484221010554,3.0,-4.199999999999999,1.0,22.119400037174394
2023-02-07 21:00:00,42182099999,13.4,1,9.9,1,1012.4,1,79.36298137795895,3.0,-1.5999999999999996,-0.3000000000000682,7.328139167853408
2023-02-08 00:00:00,42182099999,11.0,1,9.0,1,1011.1,1,87.47625235168279,3.0,-2.4000000000000004,-1.2999999999999545,8.113270973723843
2023-02-08 03:00:00,42182099999,12.0,1,8.8,1,1014.9,1,80.78212549748872,3.0,1.0,3.7999999999999545,-6.694126854194067
2023-02-08 06:00:00,42182099999,21.4,1,8.5,1,1015.6,1,43.57290085826072,3.0,9.399999999999999,0.7000000000000455,-37.209224639228005
2023-02-08 09:00:00,42182099999,23.6,1,8.7,1,1013.2,1,38.640937807490175,3.0,2.200000000000003,-2.3999999999999773,-4.931963050770541
2023-02-08 12:00:00,42182099999,21.6,1,10.3,1,1011.3,1,48.57887095373697,3.0,-2.0,-1.900000000000091,9.937933146246792
2023-02-08 15:00:00,42182099999,15.0,1,11.7,1,1014.3,1,80.6502233316019,3.0,-6.600000000000001,3.0,32.071352377864926
2023-02-08 18:00:00,42182099999,13.0,1,10.3,1,1014.6,1,83.66887270865111,3.0,-2.0,0.3000000000000682,3.018649377049215
2023-02-08 21:00:00,42182099999,11.6,1,9.6,1,1014.0,1,87.53158087183863,3.0,-1.4000000000000004,-0.6000000000000227,3.86270816318752
2023-02-09 00:00:00,42182099999,10.4,1,9.6,1,1012.5,1,94.78865751832757,3.0,-1.1999999999999993,-1.5,7.25707664648894
2023-02-09 03:00:00,42182099999,12.2,1,10.3,1,1014.1,1,88.17331059899422,3.0,1.799999999999999,1.6000000000000227,-6.615346919333348
2023-02-09 06:00:00,42182099999,23.8,2,9.0,1,1013.4,1,38.95959676443359,3.0,11.600000000000001,-0.7000000000000455,-49.21371383456063
2023-02-09 09:00:00,42182099999,28.4,1,9.4,1,1010.2,1,30.490367573249312,3.0,4.599999999999998,-3.199999999999932,-8.46922919118428
2023-02-09 12:00:00,42182099999,26.6,1,15.1,1,1009.3,1,49.27635105646181,3.0,-1.7999999999999972,-0.900000000000091,18.7859834832125
2023-02-09 15:00:00,42182099999,20.4,1,15.4,1,1011.5,1,73.00931609495443,3.0,-6.200000000000003,2.2000000000000455,23.732965038492615
2023-02-09 18:00:00,42182099999,18.6,1,14.8,1,1011.9,1,78.56151959545844,3.0,-1.7999999999999972,0.39999999999997726,5.552203500504007
2023-02-09 21:00:00,42182099999,17.4,1,14.6,1,1011.3,1,83.63156797114554,3.0,-1.2000000000000028,-0.6000000000000227,5.070048375687108
2023-02-10 00:00:00,42182099999,14.8,1,13.0,1,1010.5,1,88.97682886337391,3.0,-2.599999999999998,-0.7999999999999545,5.345260892228367
2023-02-10 03:00:00,42182099999,15.8,1,12.9,1,1012.5,1,82.90169301452688,3.0,1.0,2.0,-6.075135848847026
2023-02-10 06:00:00,42182099999,24.8,1,14.8,1,1012.7,1,53.7798922788436,3.0,9.0,0.20000000000004547,-29.121800735683287
2023-02-10 09:00:00,42182099999,29.2,1,14.3,1,1008.9,1,40.21087920229749,3.0,4.399999999999999,-3.800000000000068,-13.569013076546106
2023-02-10 12:00:00,42182099999,26.6,1,16.2,1,1008.4,1,52.87103005765299,3.0,-2.599999999999998,-0.5,12.660150855355496
2023-02-10 15:00:00,42182099999,21.6,1,16.7,1,1010.2,1,73.68598756326635,3.0,-5.0,1.8000000000000682,20.814957505613364
2023-02-10 18:00:00,42182099999,20.4,1,15.4,1,1011.1,1,73.00931609495443,3.0,-1.2000000000000028,0.8999999999999773,-0.6766714683119233
2023-02-10 21:00:00,42182099999,17.8,1,15.8,1,1010.9,1,88.08295555066682,3.0,-2.599999999999998,-0.20000000000004547,15.073639455712396
2023-02-11 00:00:00,42182099999,15.6,1,14.6,1,1011.2,1,93.77393368836664,3.0,-2.200000000000001,0.3000000000000682,5.690978137699815
2023-02-11 03:00:00,42182099999,15.0,1,14.3,1,1013.5,1,95.58488420598349,3.0,-0.5999999999999996,2.2999999999999545,1.8109505176168454
2023-02-11 06:00:00,42182099999,23.2,1,16.7,1,1014.7,1,66.85582014146925,3.0,8.2,1.2000000000000455,-28.729064064514233
2023-02-11 09:00:00,42182099999,27.0,1,13.5,1,1012.4,1,43.39821017416529,3.0,3.8000000000000007,-2.300000000000068,-23.45760996730396
2023-02-11 12:00:00,42182099999,24.6,1,12.0,1,1012.4,1,45.35219572709555,3.0,-2.3999999999999986,0.0,1.9539855529302557
2023-02-11 15:00:00,42182099999,19.4,1,14.4,1,1014.4,1,72.8324605012531,3.0,-5.200000000000003,2.0,27.480264774157547
2023-02-11 18:00:00,42182099999,17.8,1,14.3,1,1016.5,1,79.9831780603204,3.0,-1.5999999999999979,2.1000000000000227,7.150717559067303
2023-02-11 21:00:00,42182099999,16.0,1,13.5,1,1015.9,1,85.11660736746623,3.0,-1.8000000000000007,-0.6000000000000227,5.133429307145832
2023-02-12 00:00:00,42182099999,12.2,1,8.6,1,1016.3,1,78.65540678865287,3.0,-3.8000000000000007,0.39999999999997726,-6.4612005788133615
2023-02-12 03:00:00,42182099999,12.6,1,8.6,1,1018.4,1,76.61682484813711,3.0,0.40000000000000036,2.1000000000000227,-2.038581940515755
2023-02-12 06:00:00,42182099999,21.2,1,5.0,1,1019.0,1,34.68822248349237,3.0,8.6,0.6000000000000227,-41.928602364644746
2023-02-12 09:00:00,42182099999,23.4,1,1.8,1,1017.1,1,24.211679213745555,3.0,2.1999999999999993,-1.8999999999999773,-10.476543269746813
2023-02-12 12:00:00,42182099999,21.2,1,5.6,1,1017.1,1,36.16436498319325,3.0,-2.1999999999999993,0.0,11.952685769447697
2023-02-12 15:00:00,42182099999,16.4,1,6.2,1,1018.5,1,50.88013574774185,3.0,-4.800000000000001,1.3999999999999773,14.715770764548601
2023-02-12 18:00:00,42182099999,14.6,1,5.8,1,1018.2,1,55.54530325891438,3.0,-1.799999999999999,-0.2999999999999545,4.665167511172527
2023-02-12 21:00:00,42182099999,13.0,1,5.8,1,1016.9,1,61.626786400374975,3.0,-1.5999999999999996,-1.3000000000000682,6.081483141460595
2023-02-13 00:00:00,42182099999,11.2,1,1.2,1,1015.8,1,50.16580504725847,3.0,-1.8000000000000007,-1.1000000000000227,-11.460981353116502
2023-02-13 03:00:00,42182099999,10.2,1,2.2,1,1016.9,1,57.591841010303156,3.0,-1.0,1.1000000000000227,7.426035963044683
2023-02-13 06:00:00,42182099999,19.2,1,-1.3,1,1016.9,1,25.0273096352906,3.0,9.0,0.0,-32.56453137501256
2023-02-13 09:00:00,42182099999,22.2,1,1.6,1,1013.8,1,25.668592873198115,3.0,3.0,-3.1000000000000227,0.6412832379075155
2023-02-13 12:00:00,42182099999,20.8,1,3.8,1,1014.3,1,32.68843417582989,3.0,-1.3999999999999986,0.5,7.019841302631775
2023-02-13 15:00:00,42182099999,17.0,1,6.0,1,1015.2,1,48.30688933849665,3.0,-3.8000000000000007,0.900000000000091,15.618455162666763
2023-02-13 18:00:00,42182099999,16.2,1,4.3,1,1015.9,1,45.1589215589595,3.0,-0.8000000000000007,0.6999999999999318,-3.1479677795371543
2023-02-13 21:00:00,42182099999,14.8,1,5.1,1,1015.3,1,52.2344053063801,3.0,-1.3999999999999986,-0.6000000000000227,7.0754837474205985
2023-02-14 00:00:00,42182099999,10.4,1,8.8,1,1016.0,1,89.81834998122066,3.0,-4.4,0.7000000000000455,37.583944674840566
2023-02-14 03:00:00,42182099999,12.4,1,4.0,1,1017.7,1,56.541028780733825,3.0,2.0,1.7000000000000455,-33.27732120048684
2023-02-14 06:00:00,42182099999,21.4,1,4.2,1,1018.0,1,32.403279392612234,3.0,8.999999999999998,0.2999999999999545,-24.13774938812159
2023-02-14 09:00:00,42182099999,25.6,1,2.6,1,1014.6,1,22.469357802867513,3.0,4.200000000000003,-3.3999999999999773,-9.93392158974472
2023-02-14 12:00:00,42182099999,23.4,1,7.4,1,1013.0,1,35.80344558314886,3.0,-2.200000000000003,-1.6000000000000227,13.334087780281344
2023-02-14 15:00:00,42182099999,18.6,1,8.6,1,1014.8,1,52.172560403352406,3.0,-4.799999999999997,1.7999999999999545,16.36911482020355
2023-02-14 18:00:00,42182099999,16.8,1,8.7,1,1015.1,1,58.8347909343566,3.0,-1.8000000000000007,0.3000000000000682,6.662230531004191
2023-02-14 21:00:00,42182099999,15.4,1,8.8,1,1014.8,1,64.76683280888665,3.0,-1.4000000000000004,-0.3000000000000682,5.93204187453005
2023-02-15 00:00:00,42182099999,13.2,1,9.7,1,1012.6,1,79.33414165242704,3.0,-2.200000000000001,-2.199999999999932,14.567308843540388
2023-02-15 03:00:00,42182099999,13.2,1,8.9,1,1013.7,1,75.1774106722144,3.0,0.0,1.1000000000000227,-4.156730980212629
2023-02-15 06:00:00,42182099999,22.0,1,8.4,1,1014.0,1,41.72047144372751,3.0,8.8,0.2999999999999545,-33.456939228486895
2023-02-15 09:00:00,42182099999,27.2,1,9.6,1,1011.2,1,33.145904884974556,3.0,5.199999999999999,-2.7999999999999545,-8.574566558752956
2023-02-15 12:00:00,42182099999,25.4,1,10.4,1,1010.5,1,38.889612646783306,3.0,-1.8000000000000007,-0.7000000000000455,5.74370776180875
2023-02-15 15:00:00,42182099999,20.6,1,12.1,1,1012.6,1,58.19926758382522,3.0,-4.799999999999997,2.1000000000000227,19.309654937041913
2023-02-15 18:00:00,42182099999,18.0,1,11.8,1,1013.7,1,67.08359313595335,3.0,-2.6000000000000014,1.1000000000000227,8.884325552128132
2023-02-15 21:00:00,42182099999,14.8,1,11.5,1,1014.0,1,80.62313672506868,3.0,-3.1999999999999993,0.2999999999999545,13.539543589115326
2023-02-16 00:00:00,42182099999,12.4,1,10.5,1,1014.0,1,88.19074924278162,3.0,-2.4000000000000004,0.0,7.567612517712945
2023-02-16 03:00:00,42182099999,12.8,1,10.9,1,1015.4,1,88.22551374596415,3.0,0.40000000000000036,1.3999999999999773,0.03476450318252944
2023-02-16 06:00:00,42182099999,23.4,1,13.9,1,1015.6,1,55.18780861417479,3.0,10.599999999999998,0.20000000000004547,-33.03770513178936
2023-02-16 09:00:00,42182099999,27.8,1,14.6,1,1012.6,1,44.47172614692537,3.0,4.400000000000002,-3.0,-10.716082467249421
2023-02-16 12:00:00,42182099999,25.8,1,16.4,1,1012.5,1,56.14103766785647,3.0,-2.0,-0.10000000000002274,11.669311520931103
2023-02-16 15:00:00,42182099999,19.2,1,15.9,1,1014.8,1,81.20671827179753,3.0,-6.600000000000001,2.2999999999999545,25.065680603941054
2023-02-16 18:00:00,42182099999,17.0,1,15.0,1,1015.8,1,88.01383893644437,3.0,-2.1999999999999993,1.0,6.807120664646845
2023-02-16 21:00:00,42182099999,15.4,1,14.0,1,1015.5,1,91.36785638670548,3.0,-1.5999999999999996,-0.2999999999999545,3.354017450261111
2023-02-17 00:00:00,42182099999,14.8,1,13.7,1,1015.4,1,93.12945868523758,3.0,-0.5999999999999996,-0.10000000000002274,1.7616022985320967
2023-02-17 03:00:00,42182099999,14.8,1,13.0,1,1017.3,1,88.97682886337391,3.0,0.0,1.8999999999999773,-4.15262982186367
2023-02-17 06:00:00,42182099999,24.4,1,13.9,1,1017.4,1,51.967956826587525,3.0,9.599999999999998,0.10000000000002274,-37.008872036786386
2023-02-17 09:00:00,42182099999,28.6,1,15.6,1,1013.8,1,45.26607525457315,3.0,4.200000000000003,-3.6000000000000227,-6.701881572014372
2023-02-17 12:00:00,42182099999,27.8,1,18.1,1,1013.3,1,55.57264582369571,3.0,-0.8000000000000007,-0.5,10.306570569122556
2023-02-17 15:00:00,42182099999,20.6,1,17.4,1,1015.1,1,81.90291975518062,3.0,-7.199999999999999,1.8000000000000682,26.33027393148491
2023-02-17 18:00:00,42182099999,17.6,1,15.9,1,1015.5,1,89.77186688273888,3.0,-3.0,0.39999999999997726,7.868947127558258
2023-02-17 21:00:00,42182099999,16.0,1,15.0,1,1015.0,1,93.79257390574581,3.0,-1.6000000000000014,-0.5,4.020707023006935
2023-02-18 00:00:00,42182099999,13.6,1,12.9,1,1014.9,1,95.53761218815481,3.0,-2.4000000000000004,-0.10000000000002274,1.7450382824089985
2023-02-18 03:00:00,42182099999,13.8,1,12.7,1,1016.6,1,93.07764210464569,3.0,0.20000000000000107,1.7000000000000455,-2.45997008350912
2023-02-18 06:00:00,42182099999,25.6,2,15.4,1,1016.1,1,53.29501411484861,3.0,11.8,-0.5,-39.78262798979708
2023-02-18 09:00:00,42182099999,29.2,1,14.8,1,1012.9,1,41.5300195494097,3.0,3.599999999999998,-3.2000000000000455,-11.764994565438911
2023-02-18 12:00:00,42182099999,27.6,1,15.1,1,1012.0,1,46.46713497984191,3.0,-1.5999999999999979,-0.8999999999999773,4.937115430432208
2023-02-18 15:00:00,42182099999,22.6,1,17.1,1,1013.7,1,71.11065930748565,3.0,-5.0,1.7000000000000455,24.64352432764374
2023-02-18 18:00:00,42182099999,19.8,1,17.5,1,1015.3,1,86.60007203334754,3.0,-2.8000000000000007,1.599999999999909,15.489412725861897
2023-02-18 21:00:00,42182099999,17.2,1,15.9,1,1014.7,1,92.0684857695993,3.0,-2.6000000000000014,-0.599999999999909,5.468413736251762
2023-02-19 00:00:00,42182099999,15.0,1,14.3,1,1014.1,1,95.58488420598349,3.0,-2.1999999999999993,-0.6000000000000227,3.516398436384179
2023-02-19 03:00:00,42182099999,13.4,1,12.7,1,1016.0,1,95.53079760901926,3.0,-1.5999999999999996,1.8999999999999773,-0.054086596964225464
2023-02-19 06:00:00,42182099999,25.4,2,17.1,1,1015.4,1,60.10168842593349,3.0,11.999999999999998,-0.6000000000000227,-35.42910918308577
2023-02-19 09:00:00,42182099999,30.2,1,15.7,1,1011.7,1,41.538432027068275,3.0,4.800000000000001,-3.699999999999932,-18.563256398865214
2023-02-19 12:00:00,42182099999,28.0,1,16.8,1,1010.9,1,50.60007897036122,3.0,-2.1999999999999993,-0.8000000000000682,9.061646943292942
2023-02-19 15:00:00,42182099999,21.4,1,17.5,1,1012.6,1,78.46820659148995,3.0,-6.600000000000001,1.7000000000000455,27.86812762112873
2023-02-19 18:00:00,42182099999,19.2,1,16.5,1,1014.2,1,84.3724749251044,3.0,-2.1999999999999993,1.6000000000000227,5.9042683336144535
2023-02-19 21:00:00,42182099999,16.8,1,15.1,1,1013.2,1,89.71195364563357,3.0,-2.3999999999999986,-1.0,5.339478720529172
2023-02-20 00:00:00,42182099999,15.0,1,13.9,1,1011.3,1,93.13975305412771,3.0,-1.8000000000000007,-1.900000000000091,3.4277994084941383
2023-02-20 03:00:00,42182099999,15.8,1,14.4,1,1013.0,1,91.39340279686098,3.0,0.8000000000000007,1.7000000000000455,-1.7463502572667267
2023-02-20 06:00:00,42182099999,28.2,2,17.1,1,1011.8,1,50.9737734270589,3.0,12.399999999999999,-1.2000000000000455,-40.41962936980208
2023-02-20 09:00:00,42182099999,31.2,1,18.9,1,1008.8,1,48.02420849286768,3.0,3.0,-3.0,-2.9495649341912227
2023-02-20 12:00:00,42182099999,29.8,1,18.3,1,1008.0,1,50.114430384287324,3.0,-1.3999999999999986,-0.7999999999999545,2.0902218914196453
2023-02-20 15:00:00,42182099999,22.8,1,17.7,1,1010.0,1,72.96625982394418,3.0,-7.0,2.0,22.85182943965686
2023-02-20 18:00:00,42182099999,20.2,1,16.9,1,1010.1,1,81.33582680524137,3.0,-2.6000000000000014,0.10000000000002274,8.369566981297183
2023-02-20 21:00:00,42182099999,18.0,1,15.6,1,1008.7,1,85.87560769615662,3.0,-2.1999999999999993,-1.3999999999999773,4.539780890915253
2023-02-21 00:00:00,42182099999,17.4,1,15.7,1,1009.0,1,89.75693674926578,3.0,-0.6000000000000014,0.2999999999999545,3.8813290531091553
2023-02-21 03:00:00,42182099999,17.8,1,15.1,1,1011.2,1,84.21749046722671,3.0,0.40000000000000213,2.2000000000000455,-5.539446282039066
2023-02-21 06:00:00,42182099999,27.2,1,14.6,1,1011.1,1,46.06110405973983,3.0,9.399999999999999,-0.10000000000002274,-38.15638640748688
2023-02-21 09:00:00,42182099999,31.2,1,15.4,1,1008.6,1,38.483747525733364,3.0,4.0,-2.5,-7.577356534006469
2023-02-21 12:00:00,42182099999,28.4,1,17.3,1,1008.5,1,51.0254769121298,3.0,-2.8000000000000007,-0.10000000000002274,12.541729386396433
2023-02-21 15:00:00,42182099999,22.4,1,18.9,1,1010.7,1,80.60344588733471,3.0,-6.0,2.2000000000000455,29.577968975204918
2023-02-21 18:00:00,42182099999,21.2,1,19.3,1,1012.0,1,88.92223841871977,3.0,-1.1999999999999993,1.2999999999999545,8.318792531385057
2023-02-21 21:00:00,42182099999,19.8,1,18.5,1,1010.9,1,92.21875616096395,3.0,-1.3999999999999986,-1.1000000000000227,3.296517742244177
2023-02-22 00:00:00,42182099999,16.8,1,16.5,1,1011.4,1,98.11250167702032,3.0,-3.0,0.5,5.89374551605637
2023-02-22 03:00:00,42182099999,17.2,1,17.2,1,1013.4,1,100.0,3.0,0.3999999999999986,2.0,1.8874983229796811
2023-02-22 06:00:00,42182099999,21.4,1,17.9,1,1013.4,1,80.47097062716614,3.0,4.199999999999999,0.0,-19.52902937283386
2023-02-22 09:00:00,42182099999,27.4,1,16.5,1,1011.3,1,51.41660273005798,3.0,6.0,-2.1000000000000227,-29.054367897108158
2023-02-22 12:00:00,42182099999,27.6,1,12.1,1,1010.6,1,38.23031017022512,3.0,0.20000000000000284,-0.6999999999999318,-13.186292559832864
2023-02-22 15:00:00,42182099999,22.8,1,13.9,1,1012.4,1,57.22712564566126,3.0,-4.800000000000001,1.7999999999999545,18.996815475436144
2023-02-22 18:00:00,42182099999,21.4,1,14.2,1,1012.8,1,63.54690629634292,3.0,-1.4000000000000021,0.39999999999997726,6.319780650681658
2023-02-22 21:00:00,42182099999,19.6,1,14.1,1,1012.1,1,70.54987572913048,3.0,-1.7999999999999972,-0.6999999999999318,7.002969432787559
2023-02-23 00:00:00,42182099999,15.4,1,14.3,1,1011.7,1,93.16027338017237,3.0,-4.200000000000001,-0.39999999999997726,22.610397651041893
2023-02-23 03:00:00,42182099999,16.0,1,14.6,1,1013.5,1,91.40613419141593,3.0,0.5999999999999996,1.7999999999999545,-1.7541391887564401
2023-02-23 06:00:00,42182099999,25.2,1,11.0,1,1013.3,1,40.95787437870971,3.0,9.2,-0.20000000000004547,-50.44825981270622
2023-02-23 09:00:00,42182099999,28.6,1,6.3,1,1011.1,1,24.40585094149811,3.0,3.400000000000002,-2.199999999999932,-16.552023437211602
2023-02-23 12:00:00,42182099999,27.4,1,9.9,1,1010.9,1,33.42508336707753,3.0,-1.2000000000000028,-0.20000000000004547,9.019232425579418
2023-02-23 15:00:00,42182099999,21.8,1,11.9,1,1012.3,1,53.36110751708807,3.0,-5.599999999999998,1.3999999999999773,19.936024150010546
2023-02-23 18:00:00,42182099999,18.0,1,14.2,1,1013.7,1,78.47368296970863,3.0,-3.8000000000000007,1.400000000000091,25.11257545262056
2023-02-23 21:00:00,42182099999,15.4,1,14.3,1,1013.6,1,93.16027338017237,3.0,-2.5999999999999996,-0.10000000000002274,14.686590410463737
2023-02-24 00:00:00,42182099999,12.4,1,11.3,1,1013.2,1,93.0041212821806,3.0,-3.0,-0.39999999999997726,-0.15615209799176455
2023-02-24 03:00:00,42182099999,13.6,1,11.4,1,1015.3,1,86.56126328783157,3.0,1.1999999999999993,2.099999999999909,-6.4428579943490405
2023-02-24 06:00:00,42182099999,24.6,2,12.0,1,1015.6,1,45.35219572709555,3.0,11.000000000000002,0.3000000000000682,-41.20906756073602
2023-02-24 09:00:00,42182099999,29.6,1,7.5,1,1013.1,1,25.009811894840244,3.0,5.0,-2.5,-20.342383832255305
2023-02-24 12:00:00,42182099999,28.4,1,10.4,1,1012.7,1,32.601697497011614,3.0,-1.2000000000000028,-0.39999999999997726,7.59188560217137
2023-02-24 15:00:00,42182099999,19.2,1,14.0,1,1015.1,1,71.8597654605954,3.0,-9.2,2.3999999999999773,39.258067963583784
2023-02-24 18:00:00,42182099999,16.8,1,14.0,1,1016.0,1,83.56210204241829,3.0,-2.3999999999999986,0.8999999999999773,11.702336581822891
2023-02-24 21:00:00,42182099999,14.6,1,12.8,1,1015.6,1,88.96063316846961,3.0,-2.200000000000001,-0.39999999999997726,5.398531126051324
2023-02-25 00:00:00,42182099999,13.6,1,12.5,1,1015.7,1,93.06720936893215,3.0,-1.0,0.10000000000002274,4.106576200462541
2023-02-25 03:00:00,42182099999,14.4,1,13.3,1,1017.6,1,93.10880120194317,3.0,0.8000000000000007,1.8999999999999773,0.04159183301101166
2023-02-25 06:00:00,42182099999,26.8,2,14.1,1,1017.3,1,45.65607414971515,3.0,12.4,-0.3000000000000682,-47.45272705222801
2023-02-25 09:00:00,42182099999,30.0,1,11.9,1,1014.2,1,32.829723677567,3.0,3.1999999999999993,-3.099999999999909,-12.82635047214815
2023-02-25 12:00:00,42182099999,28.2,1,13.0,1,1015.1,1,39.15907151308303,3.0,-1.8000000000000007,0.8999999999999773,6.329347835516025
2023-02-25 15:00:00,42182099999,21.2,1,16.2,1,1015.9,1,73.14964788312554,3.0,-7.0,0.7999999999999545,33.99057637004251
2023-02-25 18:00:00,42182099999,17.8,1,15.4,1,1017.3,1,85.85545657849421,3.0,-3.3999999999999986,1.3999999999999773,12.705808695368674
2023-02-25 21:00:00,42182099999,16.2,1,14.5,1,1016.7,1,89.6666795922352,3.0,-1.6000000000000014,-0.599999999999909,3.8112230137409853
2023-02-26 00:00:00,42182099999,14.6,1,13.9,1,1017.4,1,95.5714542483362,3.0,-1.5999999999999996,0.6999999999999318,5.904774656100997
2023-02-26 03:00:00,42182099999,15.8,1,14.8,1,1019.0,1,93.78326415706879,3.0,1.200000000000001,1.6000000000000227,-1.7881900912674098
2023-02-26 06:00:00,42182099999,26.8,2,14.5,1,1019.0,1,46.85276383068361,3.0,11.0,0.0,-46.93050032638518
2023-02-26 09:00:00,42182099999,31.6,1,12.4,1,1015.4,1,30.964000069086524,3.0,4.800000000000001,-3.6000000000000227,-15.888763761597083
2023-02-26 12:00:00,42182099999,29.2,1,14.3,1,1014.8,1,40.21087920229749,3.0,-2.400000000000002,-0.6000000000000227,9.246879133210967
2023-02-26 15:00:00,42182099999,23.6,1,14.9,1,1017.1,1,58.16689433121799,3.0,-5.599999999999998,2.300000000000068,17.956015128920498
2023-02-26 18:00:00,42182099999,22.0,1,14.5,1,1018.3,1,62.45866938263309,3.0,-1.6000000000000014,1.1999999999999318,4.291775051415101
2023-02-26 21:00:00,42182099999,19.4,1,14.2,1,1017.1,1,71.8963196457012,3.0,-2.6000000000000014,-1.1999999999999318,9.437650263068107
2023-02-27 00:00:00,42182099999,16.2,1,15.2,1,1016.5,1,93.80186299495907,3.0,-3.1999999999999993,-0.6000000000000227,21.90554334925787
2023-02-27 03:00:00,42182099999,17.2,1,16.2,1,1018.2,1,93.84800065349559,3.0,1.0,1.7000000000000455,0.04613765853652296
2023-02-27 06:00:00,42182099999,28.0,1,14.0,1,1018.4,1,42.28248962275748,3.0,10.8,0.1999999999999318,-51.56551103073811
2023-02-27 09:00:00,42182099999,31.8,1,11.2,1,1015.2,1,28.284798540690392,3.0,3.8000000000000007,-3.199999999999932,-13.997691082067089
2023-02-27 12:00:00,42182099999,28.8,1,15.1,1,1014.6,1,43.3313576867181,3.0,-3.0,-0.6000000000000227,15.046559146027707
2023-02-27 15:00:00,42182099999,23.0,1,15.3,1,1016.1,1,61.883962270664874,3.0,-5.800000000000001,1.5,18.552604583946774
2023-02-27 18:00:00,42182099999,21.4,1,15.7,1,1017.5,1,69.98744152646606,3.0,-1.6000000000000014,1.3999999999999773,8.103479255801183
2023-02-27 21:00:00,42182099999,18.0,1,15.6,1,1016.6,1,85.87560769615662,3.0,-3.3999999999999986,-0.8999999999999773,15.888166169690564
2023-02-28 00:00:00,42182099999,15.2,1,14.1,1,1016.1,1,93.15002459693396,3.0,-2.8000000000000007,-0.5,7.274416900777339
2023-02-28 03:00:00,42182099999,17.4,1,13.1,1,1017.7,1,75.87255538725047,3.0,2.1999999999999993,1.6000000000000227,-17.27746920968349
2023-02-28 06:00:00,42182099999,28.0,1,14.0,1,1018.0,1,42.28248962275748,3.0,10.600000000000001,0.2999999999999545,-33.59006576449299
2023-02-28 09:00:00,42182099999,29.6,1,12.7,1,1016.4,1,35.407088012188964,3.0,1.6000000000000014,-1.6000000000000227,-6.875401610568517
2023-02-28 12:00:00,42182099999,27.6,1,13.5,1,1015.4,1,41.898539905911534,3.0,-2.0,-1.0,6.491451893722569
2023-02-28 15:00:00,42182099999,21.4,1,13.8,1,1017.4,1,61.92008126297963,3.0,-6.200000000000003,2.0,20.021541357068095
2023-02-28 18:00:00,42182099999,20.2,1,14.4,1,1018.5,1,69.30783373165526,3.0,-1.1999999999999993,1.1000000000000227,7.387752468675636
2023-02-28 21:00:00,42182099999,19.2,1,14.4,1,1017.3,1,73.74476286331554,3.0,-1.0,-1.2000000000000455,4.436929131660278
2023-03-01 00:00:00,42182099999,20.4,1,12.6,1,1016.4,1,60.888563248098706,3.0,1.1999999999999993,-0.8999999999999773,-12.856199615216838
2023-03-01 03:00:00,42182099999,20.4,1,10.9,1,1019.7,1,54.42754746004215,3.0,0.0,3.300000000000068,-6.461015788056557
2023-03-01 06:00:00,42182099999,24.2,1,14.5,1,1020.5,1,54.67762067213747,3.0,3.8000000000000007,0.7999999999999545,0.25007321209532307
2023-03-01 09:00:00,42182099999,28.4,1,14.1,1,1017.2,1,41.577721781983016,3.0,4.199999999999999,-3.2999999999999545,-13.099898890154456
2023-03-01 12:00:00,42182099999,29.4,1,16.7,1,1017.9,1,46.35792582818312,3.0,1.0,0.6999999999999318,4.7802040462001045
2023-03-01 15:00:00,42182099999,21.6,1,16.7,1,1018.4,1,73.68598756326635,3.0,-7.799999999999997,0.5,27.32806173508323
2023-03-01 18:00:00,42182099999,18.4,1,15.4,1,1019.4,1,82.67988796779362,3.0,-3.200000000000003,1.0,8.993900404527267
2023-03-01 21:00:00,42182099999,16.2,1,14.1,1,1018.0,1,87.37645845218667,3.0,-2.1999999999999993,-1.3999999999999773,4.69657048439305
2023-03-02 00:00:00,42182099999,16.0,1,14.3,1,1017.6,1,89.65152316161863,3.0,-0.1999999999999993,-0.39999999999997726,2.275064709431959
2023-03-02 03:00:00,42182099999,16.2,1,14.5,1,1020.0,1,89.6666795922352,3.0,0.1999999999999993,2.3999999999999773,0.015156430616571015
2023-03-02 06:00:00,42182099999,28.8,2,13.4,1,1019.6,1,38.817492600158324,3.0,12.600000000000001,-0.39999999999997726,-50.84918699207687
2023-03-02 09:00:00,42182099999,30.6,1,12.3,1,1017.3,1,32.56559187447658,3.0,1.8000000000000007,-2.300000000000068,-6.251900725681743
2023-03-02 12:00:00,42182099999,29.0,1,14.9,1,1016.2,1,42.28469233863707,3.0,-1.6000000000000014,-1.099999999999909,9.71910046416049
2023-03-02 15:00:00,42182099999,23.6,1,14.9,1,1018.2,1,58.16689433121799,3.0,-5.399999999999999,2.0,15.882201992580917
2023-03-02 18:00:00,42182099999,21.2,1,15.1,1,1019.1,1,68.1762342215557,3.0,-2.400000000000002,0.8999999999999773,10.009339890337714
2023-03-02 21:00:00,42182099999,19.4,1,14.6,1,1018.0,1,73.77930870906046,3.0,-1.8000000000000007,-1.1000000000000227,5.603074487504756
2023-03-03 09:00:00,42182099999,31.4,1,12.1,1,1017.2,1,30.706483228920874,12.0,12.0,-0.7999999999999545,-43.072825480139585
2023-03-03 12:00:00,42182099999,29.4,1,13.8,1,1015.9,1,38.48167342028429,3.0,-2.0,-1.3000000000000682,7.775190191363414
2023-03-03 15:00:00,42182099999,24.2,1,17.1,1,1017.9,1,64.56624616462973,3.0,-5.199999999999999,2.0,26.084572744345444
2023-03-03 18:00:00,42182099999,22.0,1,17.1,1,1018.8,1,73.75452283587201,3.0,-2.1999999999999993,0.8999999999999773,9.188276671242278
2023-03-03 21:00:00,42182099999,20.2,1,16.6,1,1017.8,1,79.80178488426841,3.0,-1.8000000000000007,-1.0,6.047262048396405
2023-03-04 00:00:00,42182099999,18.4,1,14.2,1,1019.1,1,76.528003069259,3.0,-1.8000000000000007,1.3000000000000682,-3.2737818150094142
2023-03-04 03:00:00,42182099999,20.0,1,13.4,1,1020.5,1,65.7622185890749,3.0,1.6000000000000014,1.3999999999999773,-10.765784480184095
2023-03-04 06:00:00,42182099999,24.2,1,15.2,1,1022.7,2,57.19920383471323,3.0,4.199999999999999,2.2000000000000455,-8.563014754361674
2023-03-04 09:00:00,42182099999,26.2,1,14.1,1,1018.2,1,47.30012518936924,3.0,2.0,-4.5,-9.899078645343991
2023-03-04 12:00:00,42182099999,25.8,1,14.4,1,1017.6,1,49.38256381356927,3.0,-0.3999999999999986,-0.6000000000000227,2.08243862420003
2023-03-04 15:00:00,42182099999,22.2,1,14.8,1,1018.9,1,62.907831584132786,3.0,-3.6000000000000014,1.2999999999999545,13.525267770563516
2023-03-04 18:00:00,42182099999,20.4,1,15.4,1,1017.7,1,73.00931609495443,3.0,-1.8000000000000007,-1.1999999999999318,10.101484510821642
2023-03-04 21:00:00,42182099999,19.2,1,15.1,1,1019.0,1,77.14836978029265,3.0,-1.1999999999999993,1.2999999999999545,4.139053685338226
2023-03-05 00:00:00,42182099999,17.4,1,13.9,1,1018.3,1,79.92790572070956,3.0,-1.8000000000000007,-0.7000000000000455,2.779535940416906
2023-03-05 03:00:00,42182099999,19.2,1,14.0,1,1020.1,1,71.8597654605954,3.0,1.8000000000000007,1.8000000000000682,-8.068140260114163
2023-03-05 06:00:00,42182099999,28.0,1,12.7,1,1019.7,1,38.84812789275419,3.0,8.8,-0.39999999999997726,-33.011637567841206
2023-03-05 09:00:00,42182099999,30.6,1,13.7,1,1016.1,1,35.685180929600556,3.0,2.6000000000000014,-3.6000000000000227,-3.1629469631536367
2023-03-05 12:00:00,42182099999,29.0,1,14.5,1,1015.0,1,41.20798468412713,3.0,-1.6000000000000014,-1.1000000000000227,5.522803754526578
2023-03-05 15:00:00,42182099999,23.4,1,16.6,1,1015.6,1,65.63502207200914,3.0,-5.600000000000001,0.6000000000000227,24.427037387882002
2023-03-05 18:00:00,42182099999,20.2,1,17.3,1,1017.6,1,83.42149095195703,3.0,-3.1999999999999993,2.0,17.78646887994789
2023-03-05 21:00:00,42182099999,18.0,1,15.6,1,1017.3,1,85.87560769615662,3.0,-2.1999999999999993,-0.3000000000000682,2.4541167441995952
2023-03-06 00:00:00,42182099999,16.8,1,15.1,1,1015.9,1,89.71195364563357,3.0,-1.1999999999999993,-1.3999999999999773,3.83634594947695
2023-03-06 03:00:00,42182099999,19.0,1,15.6,1,1018.4,1,80.66276457451087,3.0,2.1999999999999993,2.5,-9.049189071122697
2023-03-06 06:00:00,42182099999,27.8,1,13.3,1,1017.3,1,40.87569237222421,3.0,8.8,-1.1000000000000227,-39.787072202286666
2023-03-06 09:00:00,42182099999,29.8,1,11.6,1,1014.0,1,32.558519624110794,3.0,2.0,-3.2999999999999545,-8.317172748113414
2023-03-06 12:00:00,42182099999,28.4,1,12.3,1,1012.4,1,36.97090641348185,3.0,-1.4000000000000021,-1.6000000000000227,4.412386789371055
2023-03-06 15:00:00,42182099999,23.2,1,14.8,1,1014.2,1,59.20534118595157,3.0,-5.199999999999999,1.8000000000000682,22.23443477246972
2023-03-06 18:00:00,42182099999,20.8,1,15.1,1,1014.6,1,69.87255673728518,3.0,-2.3999999999999986,0.39999999999997726,10.667215551333612
2023-03-06 21:00:00,42182099999,18.6,1,14.5,1,1014.4,1,77.05578821552338,3.0,-2.1999999999999993,-0.20000000000004547,7.1832314782381985
2023-03-07 00:00:00,42182099999,17.2,1,14.4,1,1014.7,1,83.60845992494205,3.0,-1.4000000000000021,0.3000000000000682,6.552671709418675
2023-03-07 03:00:00,42182099999,18.2,1,14.8,1,1016.5,1,80.5558072189858,3.0,1.0,1.7999999999999545,-3.0526527059562483
2023-03-07 06:00:00,42182099999,28.4,1,12.3,1,1017.3,1,36.97090641348185,3.0,10.2,0.7999999999999545,-43.584900805503956
2023-03-07 09:00:00,42182099999,30.8,1,9.7,1,1014.2,1,27.092162553867503,3.0,2.400000000000002,-3.099999999999909,-9.878743859614346
2023-03-07 12:00:00,42182099999,29.8,1,11.1,1,1012.8,1,31.498595022269072,3.0,-1.0,-1.400000000000091,4.406432468401569
2023-03-07 15:00:00,42182099999,23.0,1,13.4,1,1014.5,1,54.72982571968843,3.0,-6.800000000000001,1.7000000000000455,23.231230697419356
2023-03-07 18:00:00,42182099999,20.4,1,13.8,1,1015.3,1,65.84698390364156,3.0,-2.6000000000000014,0.7999999999999545,11.11715818395313
2023-03-07 21:00:00,42182099999,18.2,1,14.0,1,1014.9,1,76.49639500269146,3.0,-2.1999999999999993,-0.39999999999997726,10.6494110990499
2023-03-08 00:00:00,42182099999,16.8,1,13.2,1,1015.3,1,79.32557950867556,3.0,-1.3999999999999986,0.39999999999997726,2.8291845059841023
2023-03-08 03:00:00,42182099999,17.2,1,14.0,1,1017.1,1,81.47133555590639,3.0,0.3999999999999986,1.8000000000000682,2.145756047230833
2023-03-08 06:00:00,42182099999,26.8,1,14.1,1,1018.0,1,45.65607414971515,3.0,9.600000000000001,0.8999999999999773,-35.81526140619124
2023-03-08 09:00:00,42182099999,29.4,1,13.3,1,1014.7,1,37.24996780661884,3.0,2.599999999999998,-3.2999999999999545,-8.406106343096312
2023-03-08 12:00:00,42182099999,28.6,1,14.4,1,1013.7,1,41.90302498177393,3.0,-0.7999999999999972,-1.0,4.653057175155091
2023-03-08 15:00:00,42182099999,23.8,1,16.3,1,1015.9,1,62.86092090496198,3.0,-4.800000000000001,2.199999999999932,20.957895923188048
2023-03-08 18:00:00,42182099999,21.2,1,16.2,1,1016.8,1,73.14964788312554,3.0,-2.6000000000000014,0.8999999999999773,10.28872697816356
2023-03-08 21:00:00,42182099999,17.8,1,14.7,1,1016.3,1,82.07631714611342,3.0,-3.3999999999999986,-0.5,8.926669262987886
2023-03-09 00:00:00,42182099999,19.0,1,15.3,1,1016.2,1,79.126223220217,3.0,1.1999999999999993,-0.09999999999990905,-2.950093925896425
2023-03-09 03:00:00,42182099999,19.6,1,14.8,1,1017.9,1,73.81379105585982,3.0,0.6000000000000014,1.6999999999999318,-5.312432164357176
2023-03-09 06:00:00,42182099999,27.0,1,14.8,1,1017.8,1,47.209973097959896,3.0,7.399999999999999,-0.10000000000002274,-26.603817957899928
2023-03-09 09:00:00,42182099999,29.2,1,13.9,1,1014.9,1,39.18225554283719,3.0,2.1999999999999993,-2.8999999999999773,-8.027717555122706
2023-03-09 12:00:00,42182099999,27.0,1,15.6,1,1014.1,1,49.69935142548929,3.0,-2.1999999999999993,-0.7999999999999545,10.5170958826521
2023-03-09 15:00:00,42182099999,22.4,1,16.5,1,1015.6,1,69.29137490376932,3.0,-4.600000000000001,1.5,19.592023478280034
2023-03-09 18:00:00,42182099999,19.8,1,16.1,1,1016.7,1,79.23970675671094,3.0,-2.599999999999998,1.1000000000000227,9.948331852941621
2023-03-09 21:00:00,42182099999,18.6,1,15.6,1,1015.8,1,82.70406260968356,3.0,-1.1999999999999993,-0.900000000000091,3.4643558529726164
2023-03-10 00:00:00,42182099999,16.6,1,15.2,1,1015.6,1,91.44416208645718,3.0,-2.0,-0.1999999999999318,8.740099476773622
2023-03-10 03:00:00,42182099999,19.2,1,16.9,1,1017.0,1,86.54276056682889,3.0,2.599999999999998,1.3999999999999773,-4.901401519628294
2023-03-10 06:00:00,42182099999,27.6,1,15.9,1,1016.0,1,48.91151361917081,3.0,8.400000000000002,-1.0,-37.63124694765808
2023-03-10 09:00:00,42182099999,30.2,1,15.3,1,1013.7,1,40.4871787997612,3.0,2.599999999999998,-2.2999999999999545,-8.424334819409609
2023-03-10 12:00:00,42182099999,28.6,1,16.0,1,1012.7,1,46.43865509469921,3.0,-1.5999999999999979,-1.0,5.951476294938004
2023-03-10 15:00:00,42182099999,24.6,1,15.7,1,1014.3,1,57.66431548980472,3.0,-4.0,1.599999999999909,11.225660395105514
2023-03-10 18:00:00,42182099999,22.4,1,14.6,1,1015.4,1,61.35065070870822,3.0,-2.200000000000003,1.1000000000000227,3.6863352189035012
2023-03-10 21:00:00,42182099999,20.0,1,14.5,1,1015.2,1,70.62550939676852,3.0,-2.3999999999999986,-0.1999999999999318,9.274858688060299
2023-03-11 00:00:00,42182099999,17.6,1,14.1,1,1015.3,1,79.95556914093304,3.0,-2.3999999999999986,0.09999999999990905,9.330059744164515
2023-03-11 03:00:00,42182099999,18.0,1,16.3,1,1016.7,1,89.80163133535805,3.0,0.3999999999999986,1.400000000000091,9.846062194425016
2023-03-11 06:00:00,42182099999,29.0,2,14.1,1,1016.2,1,40.15547110727159,3.0,11.0,-0.5,-49.646160228086465
2023-03-11 09:00:00,42182099999,31.6,1,10.7,1,1013.2,1,27.67346405389729,3.0,2.6000000000000014,-3.0,-12.482007053374296
2023-03-11 12:00:00,42182099999,29.8,1,9.8,1,1012.1,1,28.883786001229133,3.0,-1.8000000000000007,-1.1000000000000227,1.2103219473318418
2023-03-11 15:00:00,42182099999,25.0,1,12.1,1,1013.6,1,44.57428083930522,3.0,-4.800000000000001,1.5,15.690494838076084
2023-03-11 18:00:00,42182099999,22.6,1,12.4,1,1014.8,1,52.52351199435458,3.0,-2.3999999999999986,1.1999999999999318,7.949231155049361
2023-03-11 21:00:00,42182099999,19.6,1,14.1,1,1014.8,1,70.54987572913048,3.0,-3.0,0.0,18.0263637347759
2023-03-12 00:00:00,42182099999,16.8,1,14.4,1,1015.2,1,85.75407058428847,3.0,-2.8000000000000007,0.40000000000009095,15.204194855157994
2023-03-12 03:00:00,42182099999,18.2,1,14.0,1,1016.3,1,76.49639500269146,3.0,1.3999999999999986,1.099999999999909,-9.257675581597013
2023-03-12 06:00:00,42182099999,30.6,2,14.1,1,1015.2,1,36.6234764027544,3.0,12.400000000000002,-1.099999999999909,-39.87291859993706
2023-03-12 09:00:00,42182099999,33.2,1,13.4,1,1012.2,1,30.201123576947086,3.0,2.6000000000000014,-3.0,-6.422352825807312
2023-03-12 12:00:00,42182099999,31.6,1,10.4,1,1010.9,1,27.12594970361132,3.0,-1.6000000000000014,-1.3000000000000682,-3.0751738733357676
2023-03-12 15:00:00,42182099999,23.4,1,16.2,1,1013.5,1,63.985292032244004,3.0,-8.200000000000003,2.6000000000000227,36.859342328632685
2023-03-12 18:00:00,42182099999,20.4,1,16.1,1,1013.8,1,76.35240172029633,3.0,-3.0,0.2999999999999545,12.367109688052324
2023-03-12 21:00:00,42182099999,18.2,1,15.5,1,1013.5,1,84.26199825136138,3.0,-2.1999999999999993,-0.2999999999999545,7.9095965310650485
2023-03-13 00:00:00,42182099999,18.0,1,16.0,1,1014.1,1,88.1001435273896,3.0,-0.1999999999999993,0.6000000000000227,3.8381452760282286
2023-03-13 03:00:00,42182099999,19.8,1,17.5,1,1015.0,1,86.60007203334754,3.0,1.8000000000000007,0.8999999999999773,-1.5000714940420607
2023-03-13 06:00:00,42182099999,29.6,1,16.5,1,1014.4,1,45.24761159831436,3.0,9.8,-0.6000000000000227,-41.35246043503319
2023-03-13 09:00:00,42182099999,32.8,1,15.1,1,1011.0,1,34.479718239688424,3.0,3.1999999999999957,-3.3999999999999773,-10.767893358625933
2023-03-13 12:00:00,42182099999,31.2,1,14.5,1,1009.5,1,36.31801215344712,3.0,-1.5999999999999979,-1.5,1.8382939137586973
2023-03-13 15:00:00,42182099999,25.0,1,17.0,1,1011.1,1,61.16156608407452,3.0,-6.199999999999999,1.6000000000000227,24.8435539306274
2023-03-13 18:00:00,42182099999,21.6,1,17.7,1,1011.9,1,78.49717461310503,3.0,-3.3999999999999986,0.7999999999999545,17.33560852903051
2023-03-13 21:00:00,42182099999,20.2,1,17.3,1,1011.6,1,83.42149095195703,3.0,-1.4000000000000021,-0.2999999999999545,4.924316338851995
2023-03-14 00:00:00,42182099999,19.6,1,16.6,1,1010.8,1,82.82420852335207,3.0,-0.5999999999999979,-0.8000000000000682,-0.5972824286049558
2023-03-14 03:00:00,42182099999,20.2,1,16.9,1,1012.2,1,81.33582680524137,3.0,0.5999999999999979,1.400000000000091,-1.488381718110702
2023-03-14 06:00:00,42182099999,30.2,1,16.5,1,1011.1,1,43.713171949044195,3.0,10.0,-1.1000000000000227,-37.62265485619717
2023-03-14 09:00:00,42182099999,33.0,1,14.0,1,1007.9,1,31.756769544913187,3.0,2.8000000000000007,-3.2000000000000455,-11.956402404131008
2023-03-14 12:00:00,42182099999,31.0,1,17.2,1,1006.4,1,43.65326872157307,3.0,-2.0,-1.5,11.896499176659884
2023-03-14 15:00:00,42182099999,26.2,1,17.6,1,1008.4,1,59.15801200288633,3.0,-4.800000000000001,2.0,15.50474328131326
2023-03-14 18:00:00,42182099999,23.8,1,16.6,1,1008.5,1,64.07212844582271,3.0,-2.3999999999999986,0.10000000000002274,4.914116442936383
2023-03-14 21:00:00,42182099999,20.6,1,15.6,1,1008.2,1,73.04449468125938,3.0,-3.1999999999999993,-0.2999999999999545,8.972366235436667
2023-03-15 00:00:00,42182099999,19.4,1,15.7,1,1008.5,1,79.18307531300236,3.0,-1.2000000000000028,0.2999999999999545,6.1385806317429825
2023-03-15 03:00:00,42182099999,20.0,1,17.7,1,1010.6,1,86.61909675849209,3.0,0.6000000000000014,2.1000000000000227,7.436021445489729
2023-03-15 06:00:00,42182099999,30.6,1,15.0,1,1010.0,1,38.81441450611498,3.0,10.600000000000001,-0.6000000000000227,-47.80468225237711
2023-03-15 09:00:00,42182099999,33.6,1,11.6,1,1007.2,1,26.24249743315645,3.0,3.0,-2.7999999999999545,-12.571917072958527
2023-03-15 12:00:00,42182099999,32.6,1,11.0,1,1006.3,1,26.677619588896867,3.0,-1.0,-0.900000000000091,0.4351221557404159
2023-03-15 15:00:00,42182099999,25.8,1,15.6,1,1007.2,1,53.345906430885925,3.0,-6.800000000000001,0.900000000000091,26.668286841989058
2023-03-15 18:00:00,42182099999,23.0,1,17.2,1,1009.0,1,69.84785753064332,3.0,-2.8000000000000007,1.7999999999999545,16.5019510997574
2023-03-15 21:00:00,42182099999,21.0,1,17.4,1,1008.5,1,79.91155284255397,3.0,-2.0,-0.5,10.06369531191065
2023-03-16 00:00:00,42182099999,21.0,1,18.1,1,1009.1,1,83.51354068299872,3.0,0.0,0.6000000000000227,3.6019878404447496
2023-03-16 03:00:00,42182099999,22.8,1,16.6,1,1010.2,1,68.0603877774896,3.0,1.8000000000000007,1.1000000000000227,-15.453152905509128
2023-03-16 06:00:00,42182099999,28.8,1,14.7,1,1010.9,1,42.22968692294103,3.0,6.0,0.6999999999999318,-25.830700854548567
2023-03-16 09:00:00,42182099999,32.4,1,11.7,1,1008.1,1,28.259897260039946,3.0,3.599999999999998,-2.7999999999999545,-13.969789662901082
2023-03-16 12:00:00,42182099999,31.8,1,12.7,1,1007.5,1,31.22274865260884,3.0,-0.5999999999999979,-0.6000000000000227,2.9628513925688935
2023-03-16 15:00:00,42182099999,25.2,1,14.5,1,1010.2,1,51.50600731119277,3.0,-6.600000000000001,2.7000000000000455,20.28325865858393
2023-03-16 18:00:00,42182099999,22.2,1,15.2,1,1011.4,1,64.54765713917364,3.0,-3.0,1.1999999999999318,13.04164982798087
2023-03-16 21:00:00,42182099999,21.2,1,15.5,1,1011.2,1,69.94921355360336,3.0,-1.0,-0.1999999999999318,5.40155641442972
2023-03-17 00:00:00,42182099999,19.4,1,15.3,1,1010.9,1,77.17911273163557,3.0,-1.8000000000000007,-0.3000000000000682,7.229899178032213
2023-03-17 03:00:00,42182099999,22.6,1,16.0,1,1013.1,1,66.30818558790568,3.0,3.200000000000003,2.2000000000000455,-10.870927143729887
2023-03-17 06:00:00,42182099999,27.2,1,16.2,1,1013.3,1,51.0386930535946,3.0,4.599999999999998,0.1999999999999318,-15.269492534311084
2023-03-17 09:00:00,42182099999,27.8,1,15.4,1,1010.7,1,46.820447800043176,3.0,0.6000000000000014,-2.599999999999909,-4.218245253551423
2023-03-17 12:00:00,42182099999,28.2,1,15.9,1,1008.2,1,47.22867288372724,3.0,0.3999999999999986,-2.5,0.40822508368406574
2023-03-17 15:00:00,42182099999,24.4,1,16.2,1,1010.9,1,60.25216397184846,3.0,-3.8000000000000007,2.699999999999932,13.023491088121219
2023-03-17 18:00:00,42182099999,22.4,1,16.1,1,1011.2,1,67.54841643617165,3.0,-2.0,0.3000000000000682,7.296252464323189
2023-03-17 21:00:00,42182099999,21.0,1,16.0,1,1010.8,1,73.11466043664565,3.0,-1.3999999999999986,-0.40000000000009095,5.566244000474001
2023-03-18 00:00:00,42182099999,21.0,1,16.4,1,1010.2,1,75.00271964013787,3.0,0.0,-0.599999999999909,1.8880592034922188
2023-03-18 03:00:00,42182099999,19.8,1,17.9,1,1012.8,1,88.81038774322853,3.0,-1.1999999999999993,2.599999999999909,13.807668103090663
2023-03-18 06:00:00,42182099999,24.0,1,17.6,1,1012.8,1,67.44315945194963,3.0,4.199999999999999,0.0,-21.367228291278906
2023-03-18 09:00:00,42182099999,22.6,1,18.8,1,1011.1,1,79.13425604294972,3.0,-1.3999999999999986,-1.6999999999999318,11.69109659100009
2023-03-18 12:00:00,42182099999,18.8,1,18.1,1,1010.2,1,95.70950052417025,3.0,-3.8000000000000007,-0.8999999999999773,16.575244481220537
2023-03-18 15:00:00,42182099999,19.6,1,18.3,1,1009.4,1,92.2073469204417,3.0,0.8000000000000007,-0.8000000000000682,-3.5021536037285586
2023-03-18 18:00:00,42182099999,19.2,1,17.9,1,1009.8,1,92.18445414057031,3.0,-0.40000000000000213,0.39999999999997726,-0.02289277987138405
2023-03-18 21:00:00,42182099999,18.6,1,16.3,1,1009.3,1,86.48509093163098,3.0,-0.5999999999999979,-0.5,-5.699363208939332
2023-03-19 00:00:00,42182099999,17.8,1,17.1,1,1009.1,1,95.67721930970805,3.0,-0.8000000000000007,-0.1999999999999318,9.192128378077072
2023-03-19 03:00:00,42182099999,19.0,1,18.0,1,1010.8,1,93.92977440102698,3.0,1.1999999999999993,1.6999999999999318,-1.747444908681075
2023-03-19 06:00:00,42182099999,25.8,1,18.2,1,1010.1,1,62.905305620072184,3.0,6.800000000000001,-0.6999999999999318,-31.02446878095479
2023-03-19 09:00:00,42182099999,26.0,1,18.5,1,1007.0,1,63.34488035972379,3.0,0.1999999999999993,-3.1000000000000227,0.4395747396516043
2023-03-19 12:00:00,42182099999,24.4,1,19.4,1,1006.0,1,73.70091272937036,3.0,-1.6000000000000014,-1.0,10.35603236964657
2023-03-19 15:00:00,42182099999,20.0,1,18.1,1,1006.9,1,88.82646755484863,3.0,-4.399999999999999,0.8999999999999773,15.125554825478275
2023-03-19 18:00:00,42182099999,19.4,1,18.1,1,1007.7,1,92.1959129371279,3.0,-0.6000000000000014,0.8000000000000682,3.3694453822792667
2023-03-19 21:00:00,42182099999,18.8,1,17.8,1,1007.4,1,93.92076830587527,3.0,-0.5999999999999979,-0.3000000000000682,1.7248553687473702
2023-03-20 00:00:00,42182099999,18.8,1,17.8,1,1006.9,1,93.92076830587527,3.0,0.0,-0.5,0.0
2023-03-20 03:00:00,42182099999,20.0,1,17.1,1,1008.6,1,83.39836242248586,3.0,1.1999999999999993,1.7000000000000455,-10.52240588338941
2023-03-20 06:00:00,42182099999,23.8,1,16.3,1,1008.4,1,62.86092090496198,3.0,3.8000000000000007,-0.20000000000004547,-20.53744151752388
2023-03-20 09:00:00,42182099999,26.6,1,14.7,1,1005.6,1,48.023532815754834,3.0,2.8000000000000007,-2.7999999999999545,-14.837388089207145
2023-03-20 12:00:00,42182099999,22.8,1,16.2,1,1005.3,1,66.34969640130016,3.0,-3.8000000000000007,-0.3000000000000682,18.32616358554533
2023-03-20 15:00:00,42182099999,15.8,1,15.8,1,1009.8,1,100.0,3.0,-7.0,4.5,33.650303598699836
2023-03-20 18:00:00,42182099999,16.4,1,16.4,1,1007.8,1,100.0,3.0,0.5999999999999979,-2.0,0.0
2023-03-20 21:00:00,42182099999,16.2,1,15.5,1,1008.1,1,95.62481239193981,3.0,-0.1999999999999993,0.3000000000000682,-4.3751876080601875
2023-03-21 00:00:00,42182099999,16.6,1,16.6,1,1007.2,1,100.0,3.0,0.40000000000000213,-0.8999999999999773,4.3751876080601875
2023-03-21 03:00:00,42182099999,17.4,1,16.4,1,1009.5,1,93.8571670455613,3.0,0.7999999999999972,2.2999999999999545,-6.142832954438703
2023-03-21 06:00:00,42182099999,22.4,1,17.9,1,1010.1,1,75.7070072653873,3.0,5.0,0.6000000000000227,-18.150159780173993
2023-03-21 09:00:00,42182099999,23.8,1,16.6,1,1008.2,1,64.07212844582271,3.0,1.4000000000000021,-1.8999999999999773,-11.634878819564591
2023-03-21 12:00:00,42182099999,24.0,1,15.8,1,1007.4,1,60.159267516551964,3.0,0.1999999999999993,-0.8000000000000682,-3.9128609292707495
2023-03-21 15:00:00,42182099999,20.8,1,17.2,1,1009.2,1,79.8841909723908,3.0,-3.1999999999999993,1.8000000000000682,19.724923455838834
2023-03-21 18:00:00,42182099999,18.2,1,16.9,1,1010.2,1,92.12678547599367,3.0,-2.6000000000000014,1.0,12.242594503602874
2023-03-21 21:00:00,42182099999,16.7,1,15.8,1,1009.9,1,94.42702844855364,3.0,-1.5,-0.3000000000000682,2.300242972559971
2023-03-22 00:00:00,42182099999,15.8,1,15.1,1,1010.5,1,95.61156291898422,3.0,-0.8999999999999986,0.6000000000000227,1.1845344704305774
2023-03-22 03:00:00,42182099999,18.4,1,16.7,1,1013.1,1,89.83126862847055,3.0,2.599999999999998,2.6000000000000227,-5.780294290513666
2023-03-22 06:00:00,42182099999,23.6,1,17.1,1,1012.4,1,66.93757991376943,3.0,5.200000000000003,-0.7000000000000455,-22.893688714701128
2023-03-22 09:00:00,42182099999,27.6,1,16.3,1,1009.1,1,50.175556049808826,3.0,4.0,-3.2999999999999545,-16.7620238639606
2023-03-22 12:00:00,42182099999,26.8,1,16.1,1,1007.4,1,51.92002876756459,3.0,-0.8000000000000007,-1.7000000000000455,1.7444727177557624
2023-03-22 15:00:00,42182099999,23.2,1,16.7,1,1008.8,1,66.85582014146925,3.0,-3.6000000000000014,1.3999999999999773,14.935791373904664
2023-03-22 18:00:00,42182099999,21.4,1,16.1,1,1009.7,1,71.79898970107504,3.0,-1.8000000000000007,0.900000000000091,4.943169559605792
2023-03-22 21:00:00,42182099999,19.0,1,15.6,1,1009.2,1,80.66276457451087,3.0,-2.3999999999999986,-0.5,8.86377487343583
2023-03-23 00:00:00,42182099999,17.6,1,16.3,1,1008.3,1,92.09188195528188,3.0,-1.3999999999999986,-0.900000000000091,11.429117380771004
2023-03-23 03:00:00,42182099999,19.0,1,15.6,1,1010.0,1,80.66276457451087,3.0,1.3999999999999986,1.7000000000000455,-11.429117380771004
2023-03-23 06:00:00,42182099999,27.2,1,14.6,1,1010.1,1,46.06110405973983,3.0,8.2,0.10000000000002274,-34.60166051477104
2023-03-23 09:00:00,42182099999,29.8,1,13.4,1,1007.6,1,36.63912034977847,3.0,2.6000000000000014,-2.5,-9.42198370996136
2023-03-23 12:00:00,42182099999,28.4,1,13.7,1,1006.1,1,40.512498270619396,3.0,-1.4000000000000021,-1.5,3.873377920840923
2023-03-23 15:00:00,42182099999,24.6,1,15.7,1,1007.6,1,57.66431548980472,3.0,-3.799999999999997,1.5,17.151817219185325
2023-03-23 18:00:00,42182099999,22.0,1,17.1,1,1008.3,1,73.75452283587201,3.0,-2.6000000000000014,0.6999999999999318,16.090207346067288
2023-03-23 21:00:00,42182099999,20.0,1,17.1,1,1007.7,1,83.39836242248586,3.0,-2.0,-0.599999999999909,9.64383958661385
2023-03-24 00:00:00,42182099999,19.0,1,17.7,1,1007.3,1,92.17297046007043,3.0,-1.0,-0.40000000000009095,8.77460803758457
2023-03-24 03:00:00,42182099999,21.6,1,17.1,1,1009.0,1,75.57843550109602,3.0,2.6000000000000014,1.7000000000000455,-16.594534958974407
2023-03-24 06:00:00,42182099999,20.6,1,18.0,1,1012.3,1,85.05848941378555,3.0,-1.0,3.2999999999999545,9.480053912689527
2023-03-24 09:00:00,42182099999,27.6,1,17.5,1,1008.4,1,54.14162894034234,3.0,7.0,-3.8999999999999773,-30.916860473443208
2023-03-24 12:00:00,42182099999,27.4,1,16.1,1,1005.8,1,50.1232671132093,3.0,-0.20000000000000284,-2.6000000000000227,-4.018361827133042
2023-03-24 15:00:00,42182099999,20.6,1,19.1,1,1007.6,1,91.1218746895584,3.0,-6.799999999999997,1.8000000000000682,40.998607576349094
2023-03-24 18:00:00,42182099999,19.0,1,19.0,1,1010.3,1,100.0,3.0,-1.6000000000000014,2.699999999999932,8.878125310441604
2023-03-24 21:00:00,42182099999,18.0,1,17.9,1,1009.8,1,99.37310571520909,3.0,-1.0,-0.5,-0.6268942847909074
2023-03-25 00:00:00,42182099999,17.4,1,16.7,1,1010.3,1,95.66420552704284,3.0,-0.6000000000000014,0.5,-3.708900188166254
2023-03-25 03:00:00,42182099999,19.4,1,16.8,1,1013.0,1,84.93178225244176,3.0,2.0,2.7000000000000455,-10.732423274601075
2023-03-25 06:00:00,42182099999,25.6,1,18.4,1,1013.5,1,64.45946580818865,3.0,6.200000000000003,0.5,-20.47231644425311
2023-03-25 09:00:00,42182099999,29.2,1,17.2,1,1010.7,1,48.40624725511165,3.0,3.599999999999998,-2.7999999999999545,-16.053218553077002
2023-03-25 12:00:00,42182099999,28.0,1,18.0,1,1009.8,1,54.583776611197585,3.0,-1.1999999999999993,-0.900000000000091,6.177529356085934
2023-03-25 15:00:00,42182099999,22.8,1,19.4,1,1011.0,1,81.15946153199087,3.0,-5.199999999999999,1.2000000000000455,26.575684920793286
2023-03-25 18:00:00,42182099999,20.8,1,18.6,1,1012.3,1,87.23920246966593,3.0,-2.0,1.2999999999999545,6.079740937675055
2023-03-26 00:00:00,42182099999,17.8,1,16.5,1,1011.3,1,92.10354182385356,6.0,-3.0,-1.0,4.864339354187635
2023-03-26 03:00:00,42182099999,18.8,1,16.5,1,1013.0,1,86.50435411788642,3.0,1.0,1.7000000000000455,-5.5991877059671396
2023-03-26 06:00:00,42182099999,28.2,1,14.3,1,1012.1,1,42.61248838373374,3.0,9.399999999999999,-0.8999999999999773,-43.89186573415268
2023-03-26 09:00:00,42182099999,30.4,1,12.0,1,1009.1,1,32.29694486959755,3.0,2.1999999999999993,-3.0,-10.315543514136188
2023-03-26 12:00:00,42182099999,28.4,1,15.0,1,1008.3,1,44.06503931299219,3.0,-2.0,-0.8000000000000682,11.768094443394638
2023-03-26 15:00:00,42182099999,24.4,1,15.1,1,1009.5,1,56.155644793581,3.0,-4.0,1.2000000000000455,12.090605480588806
2023-03-26 18:00:00,42182099999,21.8,1,15.5,1,1010.5,1,67.42684674439127,3.0,-2.599999999999998,1.0,11.271201950810273
2023-03-26 21:00:00,42182099999,19.4,1,16.1,1,1009.2,1,81.23264238410255,3.0,-2.400000000000002,-1.2999999999999545,13.805795639711278
2023-03-27 00:00:00,42182099999,18.2,1,15.5,1,1009.9,1,84.26199825136138,3.0,-1.1999999999999993,0.6999999999999318,3.029355867258829
2023-03-27 03:00:00,42182099999,20.0,1,15.6,1,1011.5,1,75.80243725044951,3.0,1.8000000000000007,1.6000000000000227,-8.459561000911862
2023-03-27 06:00:00,42182099999,26.0,1,15.9,1,1011.9,1,53.73908875879271,3.0,6.0,0.39999999999997726,-22.063348491656804
2023-03-27 09:00:00,42182099999,28.2,1,12.5,1,1009.3,1,37.897959465871814,3.0,2.1999999999999993,-2.6000000000000227,-15.841129292920897
2023-03-27 12:00:00,42182099999,28.0,1,13.1,1,1008.1,1,39.8776916383061,3.0,-0.1999999999999993,-1.1999999999999318,1.9797321724342893
2023-03-27 15:00:00,42182099999,23.6,1,15.7,1,1009.1,1,61.23159477777704,3.0,-4.399999999999999,1.0,21.353903139470937
2023-03-27 18:00:00,42182099999,21.0,1,15.3,1,1010.2,1,69.9109186693193,3.0,-2.6000000000000014,1.1000000000000227,8.67932389154226
2023-03-27 21:00:00,42182099999,19.4,1,15.3,1,1009.7,1,77.17911273163557,3.0,-1.6000000000000014,-0.5,7.268194062316269
2023-03-28 00:00:00,42182099999,17.0,1,15.3,1,1009.2,1,89.72698022064127,3.0,-2.3999999999999986,-0.5,12.547867489005696
2023-03-28 03:00:00,42182099999,19.4,1,15.0,1,1010.8,1,75.70554565099692,3.0,2.3999999999999986,1.599999999999909,-14.021434569644342
2023-03-28 06:00:00,42182099999,27.4,1,14.5,1,1010.6,1,45.23136161944047,3.0,8.0,-0.1999999999999318,-30.474184031556454
2023-03-28 09:00:00,42182099999,30.2,1,13.1,1,1008.5,1,35.11290713359887,3.0,2.8000000000000007,-2.1000000000000227,-10.118454485841603
2023-03-28 12:00:00,42182099999,29.2,1,14.3,1,1007.6,1,40.21087920229749,3.0,-1.0,-0.8999999999999773,5.097972068698624
2023-03-28 15:00:00,42182099999,24.0,1,16.9,1,1009.6,1,64.5233560338738,3.0,-5.199999999999999,2.0,24.312476831576305
2023-03-28 18:00:00,42182099999,20.8,1,16.9,1,1010.8,1,78.38096858207,3.0,-3.1999999999999993,1.1999999999999318,13.857612548196201
2023-03-28 21:00:00,42182099999,19.2,1,16.5,1,1009.8,1,84.3724749251044,3.0,-1.6000000000000014,-1.0,5.991506343034402
2023-03-29 00:00:00,42182099999,17.8,1,15.8,1,1009.9,1,88.08295555066682,3.0,-1.3999999999999986,0.10000000000002274,3.7104806255624254
2023-03-29 03:00:00,42182099999,21.2,1,18.0,1,1011.6,1,81.97757756705623,3.0,3.3999999999999986,1.7000000000000455,-6.105377983610595
2023-03-29 06:00:00,42182099999,29.8,1,14.7,1,1011.1,1,39.85982807907566,3.0,8.600000000000001,-0.5,-42.11774948798057
2023-03-29 09:00:00,42182099999,33.0,1,13.6,1,1008.6,1,30.94253388440759,3.0,3.1999999999999993,-2.5,-8.91729419466807
2023-03-29 12:00:00,42182099999,32.0,1,14.4,1,1007.4,1,34.481403469497636,3.0,-1.0,-1.2000000000000455,3.538869585090044
2023-03-29 15:00:00,42182099999,20.6,2,18.7,1,1010.4,1,88.87450414906138,3.0,-11.399999999999999,3.0,54.393100679563744
2023-03-29 18:00:00,42182099999,21.0,1,19.8,1,1010.0,1,92.86091278956886,3.0,0.3999999999999986,-0.39999999999997726,3.9864086405074772
2023-03-30 00:00:00,42182099999,19.6,1,17.3,1,1009.4,1,86.58100783026312,6.0,-1.3999999999999986,-0.6000000000000227,-6.279904959305739
2023-03-30 03:00:00,42182099999,22.0,1,16.4,1,1010.4,1,70.54945136907497,3.0,2.3999999999999986,1.0,-16.031556461188146
2023-03-30 06:00:00,42182099999,29.2,1,17.6,1,1009.1,1,49.64461630711475,3.0,7.199999999999999,-1.2999999999999545,-20.90483506196022
2023-03-30 09:00:00,42182099999,32.0,1,15.7,1,1005.7,1,37.48800396186362,3.0,2.8000000000000007,-3.3999999999999773,-12.156612345251133
2023-03-30 12:00:00,42182099999,,9,,9,,9,,3.0,,,
2023-03-30 15:00:00,42182099999,18.4,1,18.4,1,1008.5,1,100.0,3.0,,,
2023-03-30 18:00:00,42182099999,18.0,1,17.7,1,1008.8,1,98.12966234385276,3.0,-0.3999999999999986,0.2999999999999545,-1.8703376561472425
2023-03-30 21:00:00,42182099999,17.2,1,16.2,1,1008.3,1,93.84800065349559,3.0,-0.8000000000000007,-0.5,-4.2816616903571685
2023-03-31 00:00:00,42182099999,16.8,1,16.1,1,1007.3,1,95.64457524587876,3.0,-0.3999999999999986,-1.0,1.7965745923831662
2023-03-31 03:00:00,42182099999,19.2,1,18.9,1,1009.0,1,98.14659077628163,3.0,2.3999999999999986,1.7000000000000455,2.502015530402872
2023-03-31 06:00:00,42182099999,23.0,1,18.6,1,1010.1,1,76.27881450654198,3.0,3.8000000000000007,1.1000000000000227,-21.86777626973965
2023-03-31 09:00:00,42182099999,27.0,1,17.5,1,1006.9,1,56.07951487572317,3.0,4.0,-3.2000000000000455,-20.199299630818807
2023-03-31 12:00:00,42182099999,25.0,1,17.0,1,1006.0,1,61.16156608407452,3.0,-2.0,-0.8999999999999773,5.082051208351352
2023-03-31 15:00:00,42182099999,20.0,1,17.7,1,1008.5,1,86.61909675849209,3.0,-5.0,2.5,25.45753067441757
2023-03-31 18:00:00,42182099999,18.8,1,16.8,1,1009.2,1,88.1685337131173,3.0,-1.1999999999999993,0.7000000000000455,1.5494369546252074
2023-03-31 21:00:00,42182099999,18.0,1,16.7,1,1009.4,1,92.1151763066067,3.0,-0.8000000000000007,0.1999999999999318,3.9466425934894005
2023-04-01 00:00:00,42182099999,17.0,1,16.0,1,1009.1,1,93.83881396078476,3.0,-1.0,-0.2999999999999545,1.723637654178063
2023-04-01 03:00:00,42182099999,19.4,1,16.4,1,1010.6,1,82.8002759006202,3.0,2.3999999999999986,1.5,-11.038538060164555
2023-04-01 06:00:00,42182099999,25.2,1,17.5,1,1010.5,1,62.37822151444744,3.0,5.800000000000001,-0.10000000000002274,-20.422054386172768
2023-04-01 09:00:00,42182099999,27.4,1,17.6,1,1008.3,1,55.125722260708386,3.0,2.1999999999999993,-2.2000000000000455,-7.252499253739053
2023-04-01 12:00:00,42182099999,26.2,1,17.3,1,1006.4,1,58.04818884609648,3.0,-1.1999999999999993,-1.8999999999999773,2.9224665853880936
2023-04-01 15:00:00,42182099999,18.8,1,17.5,1,1008.8,1,92.16146182468223,3.0,-7.399999999999999,2.3999999999999773,34.113272978585755
2023-04-01 18:00:00,42182099999,18.6,1,17.3,1,1009.4,1,92.1499281632111,3.0,-0.1999999999999993,0.6000000000000227,-0.011533661471133883
2023-04-01 21:00:00,42182099999,18.2,1,17.2,1,1008.9,1,93.89363078527036,3.0,-0.40000000000000213,-0.5,1.74370262205926
2023-04-02 00:00:00,42182099999,16.8,1,16.1,1,1008.4,1,95.64457524587876,3.0,-1.3999999999999986,-0.5,1.7509444606083946
2023-04-02 03:00:00,42182099999,19.4,1,16.1,1,1010.0,1,81.23264238410255,3.0,2.599999999999998,1.6000000000000227,-14.411932861776208
2023-04-02 06:00:00,42182099999,26.0,1,16.9,1,1009.7,1,57.27025042393477,3.0,6.600000000000001,-0.2999999999999545,-23.96239196016778
2023-04-02 09:00:00,42182099999,28.6,1,17.6,1,1007.2,1,51.40032863646419,3.0,2.6000000000000014,-2.5,-5.869921787470581
2023-04-02 12:00:00,42182099999,29.4,1,17.1,1,1005.3,1,47.548518015880695,3.0,0.7999999999999972,-1.900000000000091,-3.8518106205834926
2023-04-02 15:00:00,42182099999,24.2,1,18.9,1,1006.1,1,72.3015743251088,3.0,-5.199999999999999,0.8000000000000682,24.753056309228107
2023-04-02 18:00:00,42182099999,21.0,1,18.8,1,1006.3,1,87.25731534029728,3.0,-3.1999999999999993,0.1999999999999318,14.95574101518848
2023-04-02 21:00:00,42182099999,19.4,1,17.8,1,1005.8,1,90.4728467946595,3.0,-1.6000000000000014,-0.5,3.215531454362221
2023-04-03 00:00:00,42182099999,18.4,1,17.4,1,1005.9,1,93.90269655568989,3.0,-1.0,0.10000000000002274,3.4298497610303826
2023-04-03 03:00:00,42182099999,22.2,1,17.7,1,1008.2,1,75.67495386222414,3.0,3.8000000000000007,2.300000000000068,-18.227742693465743
2023-04-03 06:00:00,42182099999,28.8,1,17.4,1,1007.6,1,50.17022945547514,3.0,6.600000000000001,-0.6000000000000227,-25.504724406749006
2023-04-03 09:00:00,42182099999,31.4,1,16.5,1,1005.6,1,40.81710416937464,3.0,2.599999999999998,-2.0,-9.3531252861005
2023-04-03 12:00:00,42182099999,26.8,1,18.0,1,1004.8,1,58.55809877032945,3.0,-4.599999999999998,-0.8000000000000682,17.740994600954814
2023-04-03 15:00:00,42182099999,24.2,1,16.7,1,1006.5,1,62.949538189695744,3.0,-2.6000000000000014,1.7000000000000455,4.391439419366293
2023-04-03 18:00:00,42182099999,22.6,1,16.4,1,1007.0,1,68.02047939216396,3.0,-1.5999999999999979,0.5,5.0709412024682194
2023-04-03 21:00:00,42182099999,20.4,1,16.8,1,1006.4,1,79.82930712381024,3.0,-2.200000000000003,-0.6000000000000227,11.808827731646275
2023-04-04 00:00:00,42182099999,17.6,1,17.6,1,1009.1,1,100.0,3.0,-2.799999999999997,2.7000000000000455,20.17069287618976
2023-04-04 03:00:00,42182099999,18.2,1,17.5,1,1010.5,1,95.69017503757527,3.0,0.5999999999999979,1.3999999999999773,-4.309824962424727
2023-04-04 06:00:00,42182099999,27.4,1,15.3,1,1010.1,1,47.62210325150437,3.0,9.2,-0.39999999999997726,-48.0680717860709
2023-04-04 09:00:00,42182099999,30.0,1,14.6,1,1008.2,1,39.15069222038928,3.0,2.6000000000000014,-1.8999999999999773,-8.471411031115089
2023-04-04 12:00:00,42182099999,29.6,1,14.5,1,1007.1,1,39.80447898053956,3.0,-0.3999999999999986,-1.1000000000000227,0.6537867601502754
2023-04-04 15:00:00,42182099999,25.2,1,16.8,1,1008.4,1,59.675662881987066,3.0,-4.400000000000002,1.2999999999999545,19.87118390144751
2023-04-04 18:00:00,42182099999,22.0,1,18.2,1,1010.3,1,79.04974656784833,3.0,-3.1999999999999993,1.8999999999999773,19.374083685861265
2023-04-04 21:00:00,42182099999,20.4,1,17.8,1,1010.0,1,85.03747927565317,3.0,-1.6000000000000014,-0.2999999999999545,5.987732707804838
2023-04-05 00:00:00,42182099999,17.2,1,15.9,1,1009.4,1,92.0684857695993,3.0,-3.1999999999999993,-0.6000000000000227,7.031006493946137
2023-04-05 03:00:00,42182099999,21.0,1,15.1,1,1010.8,1,69.01854181461981,3.0,3.8000000000000007,1.3999999999999773,-23.049943954979497
2023-04-05 06:00:00,42182099999,28.8,1,14.7,1,1010.7,1,42.22968692294103,3.0,7.800000000000001,-0.09999999999990905,-26.78885489167878
2023-04-05 09:00:00,42182099999,30.8,1,13.1,1,1008.5,1,33.92728508266713,3.0,2.0,-2.2000000000000455,-8.302401840273895
2023-04-05 12:00:00,42182099999,31.2,1,9.7,1,1006.8,1,26.481026575369913,3.0,0.3999999999999986,-1.7000000000000455,-7.44625850729722
2023-04-05 15:00:00,42182099999,23.4,1,14.6,1,1009.2,1,57.74507571138645,3.0,-7.800000000000001,2.400000000000091,31.264049136016535
2023-04-05 18:00:00,42182099999,19.8,1,15.4,1,1010.8,1,75.77020064235057,3.0,-3.599999999999998,1.599999999999909,18.025124930964125
2023-04-05 21:00:00,42182099999,18.2,1,15.1,1,1012.1,1,82.12623755031767,3.0,-1.6000000000000014,1.3000000000000682,6.356036907967095
2023-04-06 00:00:00,42182099999,18.4,1,14.2,1,1011.3,1,76.528003069259,3.0,0.1999999999999993,-0.8000000000000682,-5.598234481058668
2023-04-06 03:00:00,42182099999,22.2,1,13.2,1,1012.6,1,56.70909643936152,3.0,3.8000000000000007,1.3000000000000682,-19.818906629897484
2023-04-06 06:00:00,42182099999,27.4,1,12.3,1,1013.1,1,39.19245073809359,3.0,5.199999999999999,0.5,-17.516645701267926
2023-04-06 09:00:00,42182099999,31.8,1,10.7,1,1010.8,1,27.36114793532399,3.0,4.400000000000002,-2.300000000000068,-11.8313028027696
2023-04-06 12:00:00,42182099999,32.0,1,8.9,1,1009.5,1,23.97898558916218,3.0,0.1999999999999993,-1.2999999999999545,-3.382162346161813
2023-04-06 15:00:00,42182099999,24.4,1,15.1,1,1011.7,1,56.155644793581,3.0,-7.600000000000001,2.2000000000000455,32.17665920441882
2023-04-06 18:00:00,42182099999,21.0,1,14.5,1,1013.2,1,66.40122606049283,3.0,-3.3999999999999986,1.5,10.245581266911834
2023-04-06 21:00:00,42182099999,19.6,1,14.8,1,1013.3,1,73.81379105585982,3.0,-1.3999999999999986,0.09999999999990905,7.412564995366992
2023-04-07 00:00:00,42182099999,17.0,1,13.5,1,1013.4,1,79.87241483728825,3.0,-2.6000000000000014,0.10000000000002274,6.058623781428423
2023-04-07 03:00:00,42182099999,22.6,1,13.7,1,1014.8,1,57.17819771780525,3.0,5.600000000000001,1.3999999999999773,-22.694217119483
2023-04-07 06:00:00,42182099999,30.2,1,10.2,1,1014.8,1,28.99307910118373,3.0,7.599999999999998,0.0,-28.185118616621516
2023-04-07 09:00:00,42182099999,33.2,1,6.4,1,1012.1,1,18.899140000750137,3.0,3.0000000000000036,-2.699999999999932,-10.093939100433595
2023-04-07 12:00:00,42182099999,32.2,1,8.1,1,1010.9,1,22.45919812126113,3.0,-1.0,-1.2000000000000455,3.5600581205109947
2023-04-07 15:00:00,42182099999,26.8,1,13.1,1,1012.6,1,42.78124290156982,3.0,-5.400000000000002,1.7000000000000455,20.322044780308687
2023-04-07 18:00:00,42182099999,25.2,1,13.2,1,1013.5,1,47.33806540677984,3.0,-1.6000000000000014,0.8999999999999773,4.556822505210022
2023-04-07 21:00:00,42182099999,21.6,1,14.5,1,1013.1,1,64.00324121036401,3.0,-3.599999999999998,-0.39999999999997726,16.66517580358417
2023-04-08 00:00:00,42182099999,19.6,1,16.3,1,1013.7,1,81.25851516552751,3.0,-2.0,0.6000000000000227,17.255273955163503
2023-04-08 03:00:00,42182099999,21.4,1,10.4,1,1015.2,1,49.50641729745809,3.0,1.7999999999999972,1.5,-31.75209786806942
2023-04-08 06:00:00,42182099999,31.2,1,9.2,1,1014.7,1,25.606145772189663,3.0,9.8,-0.5,-23.90027152526843
2023-04-08 09:00:00,42182099999,33.2,1,8.8,1,1012.6,1,22.259539953643017,3.0,2.0000000000000036,-2.1000000000000227,-3.346605818546646
2023-04-08 12:00:00,42182099999,32.8,1,6.8,1,1011.6,1,19.86773454180918,3.0,-0.4000000000000057,-1.0,-2.391805411833836
2023-04-08 15:00:00,42182099999,24.6,1,13.3,1,1013.2,1,49.38448091361256,3.0,-8.199999999999996,1.6000000000000227,29.516746371803382
2023-04-08 18:00:00,42182099999,22.0,1,13.4,1,1014.1,1,58.15774928642728,3.0,-2.6000000000000014,0.8999999999999773,8.77326837281472
2023-04-08 21:00:00,42182099999,20.2,1,12.8,1,1013.7,1,62.45824686119664,3.0,-1.8000000000000007,-0.39999999999997726,4.300497574769359
2023-04-09 00:00:00,42182099999,17.0,1,13.5,1,1014.8,1,79.87241483728825,3.0,-3.1999999999999993,1.099999999999909,17.414167976091605
2023-04-09 03:00:00,42182099999,22.0,1,13.4,1,1016.0,1,58.15774928642728,3.0,5.0,1.2000000000000455,-21.714665550860964
2023-04-09 06:00:00,42182099999,32.6,1,12.5,1,1015.2,1,29.45320251087033,3.0,10.600000000000001,-0.7999999999999545,-28.704546775556953
2023-04-09 09:00:00,42182099999,34.2,1,8.9,1,1012.4,1,21.191272382234885,3.0,1.6000000000000014,-2.800000000000068,-8.261930128635445
2023-04-09 12:00:00,42182099999,33.8,1,8.7,1,1010.0,1,21.37893405392518,3.0,-0.4000000000000057,-2.3999999999999773,0.18766167169029657
2023-04-09 15:00:00,42182099999,24.4,1,13.1,1,1012.0,1,49.331227274554685,3.0,-9.399999999999999,2.0,27.952293220629503
2023-04-09 18:00:00,42182099999,20.6,1,14.1,1,1012.8,1,66.31767050651304,3.0,-3.799999999999997,0.7999999999999545,16.986443231958354
2023-04-09 21:00:00,42182099999,19.2,1,14.8,1,1011.8,1,75.6731269890769,3.0,-1.4000000000000021,-1.0,9.355456482563866
2023-04-10 00:00:00,42182099999,17.2,1,13.7,1,1012.4,1,79.90018766462913,3.0,-2.0,0.6000000000000227,4.227060675552224
2023-04-10 03:00:00,42182099999,22.2,1,11.9,1,1013.5,1,52.07527839165964,3.0,5.0,1.1000000000000227,-27.824909272969492
2023-04-10 06:00:00,42182099999,31.8,1,11.2,1,1013.2,1,28.284798540690392,3.0,9.600000000000001,-0.2999999999999545,-23.790479850969245
2023-04-10 09:00:00,42182099999,34.2,1,7.1,1,1010.4,1,18.75088188402825,3.0,2.400000000000002,-2.800000000000068,-9.533916656662143
2023-04-10 12:00:00,42182099999,33.6,1,9.5,1,,9,22.8167680597705,3.0,-0.6000000000000014,,4.06588617574225
2023-04-10 15:00:00,42182099999,25.8,1,15.6,1,1011.0,1,53.345906430885925,3.0,-7.800000000000001,,30.529138371115426
2023-04-10 18:00:00,42182099999,21.6,1,15.6,1,1012.0,1,68.69474949084032,3.0,-4.199999999999999,1.0,15.348843059954397
2023-04-10 21:00:00,42182099999,20.2,1,15.1,1,1010.9,1,72.50665915505505,3.0,-1.4000000000000021,-1.1000000000000227,3.811909664214724
2023-04-11 00:00:00,42182099999,18.2,1,14.0,1,1011.0,1,76.49639500269146,3.0,-2.0,0.10000000000002274,3.9897358476364104
2023-04-11 03:00:00,42182099999,22.4,1,13.4,1,1012.6,1,56.75842370399915,3.0,4.199999999999999,1.6000000000000227,-19.737971298692308
2023-04-11 06:00:00,42182099999,33.4,2,13.3,1,1012.4,1,29.67022136496883,3.0,11.0,-0.20000000000004547,-27.08820233903032
2023-04-11 09:00:00,42182099999,36.4,1,12.2,1,1009.8,1,23.377427259621808,3.0,3.0,-2.6000000000000227,-6.292794105347021
2023-04-11 12:00:00,42182099999,35.2,1,12.7,1,1008.4,1,25.808260643049525,3.0,-1.1999999999999957,-1.3999999999999773,2.430833383427718
2023-04-11 15:00:00,42182099999,28.6,1,14.8,1,1009.7,1,42.998754183391995,3.0,-6.600000000000001,1.3000000000000682,17.19049354034247
2023-04-11 21:00:00,42182099999,25.4,1,13.5,1,1010.6,1,47.70165166704305,6.0,-3.200000000000003,0.8999999999999773,4.702897483651057
2023-04-12 00:00:00,42182099999,23.2,1,20.8,1,1010.3,1,86.38519664977352,3.0,-2.1999999999999993,-0.3000000000000682,38.68354498273047
2023-04-12 03:00:00,42182099999,27.0,1,13.9,1,1011.5,1,44.541111469836196,3.0,3.8000000000000007,1.2000000000000455,-41.84408517993732
2023-04-12 06:00:00,42182099999,34.0,1,15.1,1,1011.9,1,32.236726877241026,3.0,7.0,0.39999999999997726,-12.30438459259517
2023-04-12 09:00:00,42182099999,34.4,1,11.9,1,1009.2,1,25.59831145970019,3.0,0.3999999999999986,-2.699999999999932,-6.638415417540834
2023-04-12 12:00:00,42182099999,34.4,1,14.3,1,1007.7,1,29.94097009014179,3.0,0.0,-1.5,4.342658630441598
2023-04-12 15:00:00,42182099999,28.0,1,15.7,1,1009.4,1,47.17515349018581,3.0,-6.399999999999999,1.6999999999999318,17.234183400044017
2023-04-12 18:00:00,42182099999,25.0,1,15.0,1,1009.8,1,53.83064226424435,3.0,-3.0,0.39999999999997726,6.65548877405854
2023-04-12 21:00:00,42182099999,23.0,1,18.2,1,1009.6,1,74.39041066627999,3.0,-2.0,-0.1999999999999318,20.559768402035644
2023-04-13 00:00:00,42182099999,20.4,1,15.7,1,1009.1,1,74.42596717658931,3.0,-2.6000000000000014,-0.5,0.03555651030931983
2023-04-13 03:00:00,42182099999,24.4,1,16.2,1,1010.7,1,60.25216397184846,3.0,4.0,1.6000000000000227,-14.17380320474085
2023-04-13 06:00:00,42182099999,34.2,1,13.2,1,1009.4,1,28.188350985686704,3.0,9.800000000000004,-1.3000000000000682,-32.06381298616176
2023-04-13 09:00:00,42182099999,37.2,1,10.9,1,1006.4,1,20.53427720251972,3.0,3.0,-3.0,-7.654073783166982
2023-04-13 12:00:00,42182099999,36.8,1,10.2,1,1005.1,1,20.031717335341543,3.0,-0.4000000000000057,-1.2999999999999545,-0.5025598671781779
2023-04-13 15:00:00,42182099999,28.2,1,17.5,1,1007.4,1,52.27884179837241,3.0,-8.599999999999998,2.2999999999999545,32.24712446303087
2023-04-13 18:00:00,42182099999,24.6,1,16.5,1,1008.2,1,60.68332422098103,3.0,-3.599999999999998,0.8000000000000682,8.404482422608616
2023-04-13 21:00:00,42182099999,22.8,1,17.0,1,1007.7,1,69.80971849730659,3.0,-1.8000000000000007,-0.5,9.126394276325563
2023-04-14 00:00:00,42182099999,21.6,1,15.2,1,1008.5,1,66.95489662993805,3.0,-1.1999999999999993,0.7999999999999545,-2.8548218673685426
2023-04-14 03:00:00,42182099999,26.8,1,14.1,1,1009.7,1,45.65607414971515,3.0,5.199999999999999,1.2000000000000455,-21.298822480222896
2023-04-14 06:00:00,42182099999,35.4,1,11.0,1,1008.7,1,22.81799416030665,3.0,8.599999999999998,-1.0,-22.838079989408502
2023-04-14 09:00:00,42182099999,38.4,1,8.6,1,1006.2,1,16.48982194282784,3.0,3.0,-2.5,-6.328172217478809
2023-04-14 12:00:00,42182099999,37.0,1,12.7,1,1004.8,1,23.376685102980765,3.0,-1.3999999999999986,-1.400000000000091,6.886863160152924
2023-04-14 15:00:00,42182099999,29.0,1,17.7,1,1006.5,1,50.539789986140434,3.0,-8.0,1.7000000000000455,27.16310488315967
2023-04-14 18:00:00,42182099999,25.0,1,15.8,1,1007.3,1,56.66462278579749,3.0,-4.0,0.7999999999999545,6.124832799657057
2023-04-14 21:00:00,42182099999,23.6,1,15.7,1,1006.0,1,61.23159477777704,3.0,-1.3999999999999986,-1.2999999999999545,4.56697199197955
2023-04-15 00:00:00,42182099999,21.6,1,15.2,1,1007.3,1,66.95489662993805,3.0,-2.0,1.2999999999999545,5.723301852161008
2023-04-15 03:00:00,42182099999,25.6,1,16.9,1,1009.3,1,58.64418652447737,3.0,4.0,2.0,-8.310710105460679
2023-04-15 06:00:00,42182099999,38.8,2,12.7,1,1008.1,1,21.20098584588085,3.0,13.199999999999996,-1.1999999999999318,-37.44320067859652
2023-04-15 09:00:00,42182099999,40.2,1,11.5,1,1005.9,1,18.173401634662564,3.0,1.4000000000000057,-2.2000000000000455,-3.0275842112182865
2023-04-15 12:00:00,42182099999,39.0,1,13.0,1,1003.8,1,21.389402475181125,3.0,-1.2000000000000028,-2.1000000000000227,3.2160008405185607
2023-04-15 15:00:00,42182099999,32.4,1,15.4,1,1005.6,1,35.95203421110212,3.0,-6.600000000000001,1.8000000000000682,14.562631735920991
2023-04-15 18:00:00,42182099999,30.6,1,15.4,1,1006.8,1,39.8246074370116,3.0,-1.7999999999999972,1.1999999999999318,3.872573225909484
2023-04-15 21:00:00,42182099999,27.4,1,16.1,1,1006.3,1,50.1232671132093,3.0,-3.200000000000003,-0.5,10.298659676197701
2023-04-16 00:00:00,42182099999,25.2,1,16.1,1,1005.9,1,57.07653428863906,3.0,-2.1999999999999993,-0.39999999999997726,6.953267175429758
2023-04-16 03:00:00,42182099999,26.4,1,16.8,1,1008.0,1,55.57883796392953,3.0,1.1999999999999993,2.1000000000000227,-1.4976963247095298
2023-04-16 06:00:00,42182099999,36.2,1,14.3,1,1007.5,1,27.104578608671087,3.0,9.800000000000004,-0.5,-28.474259355258443
2023-04-16 09:00:00,42182099999,39.8,1,13.4,1,1004.2,1,21.031754648990926,3.0,3.5999999999999943,-3.2999999999999545,-6.072823959680161
2023-04-16 12:00:00,42182099999,38.6,1,14.3,1,1002.4,1,23.783247016437116,3.0,-1.1999999999999957,-1.8000000000000682,2.7514923674461897
2023-04-16 15:00:00,42182099999,32.6,1,17.8,1,1004.6,1,41.40520468804353,3.0,-6.0,2.2000000000000455,17.621957671606417
2023-04-16 18:00:00,42182099999,29.0,1,18.8,1,1005.8,1,54.151080144894756,3.0,-3.6000000000000014,1.1999999999999318,12.745875456851223
2023-04-16 21:00:00,42182099999,27.0,1,18.9,1,1005.4,1,61.230427426020874,3.0,-2.0,-0.39999999999997726,7.079347281126118
2023-04-17 00:00:00,42182099999,23.0,1,17.5,1,1005.3,1,71.1843141777344,3.0,-4.0,-0.10000000000002274,9.953886751713519
2023-04-17 03:00:00,42182099999,28.6,1,16.0,1,1006.8,1,46.43865509469921,3.0,5.600000000000001,1.5,-24.745659083035186
2023-04-17 06:00:00,42182099999,37.8,1,14.0,1,1006.8,1,24.358461424311702,3.0,9.199999999999996,0.0,-22.080193670387505
2023-04-17 09:00:00,42182099999,39.8,1,13.9,1,1004.5,1,21.726639023970776,3.0,2.0,-2.2999999999999545,-2.6318224003409263
2023-04-17 12:00:00,42182099999,30.4,1,20.1,1,1005.7,1,54.16202439894491,3.0,-9.399999999999999,1.2000000000000455,32.43538537497413
2023-04-17 15:00:00,42182099999,30.4,1,20.1,1,1005.7,1,54.16202439894491,3.0,0.0,0.0,0.0
2023-04-17 18:00:00,42182099999,27.2,1,19.9,1,1006.9,1,64.39902384767183,3.0,-3.1999999999999993,1.1999999999999318,10.23699944872692
2023-04-17 21:00:00,42182099999,25.4,1,20.2,1,1006.6,1,72.96297423706713,3.0,-1.8000000000000007,-0.2999999999999545,8.563950389395302
2023-04-18 00:00:00,42182099999,23.6,1,18.5,1,1007.2,1,73.1055227428291,3.0,-1.7999999999999972,0.6000000000000227,0.14254850576196532
2023-04-18 03:00:00,42182099999,31.6,1,15.1,1,1008.5,1,36.900458180534415,3.0,8.0,1.2999999999999545,-36.20506456229468
2023-04-18 06:00:00,42182099999,37.2,1,16.3,1,1008.4,1,29.175588673832674,3.0,5.600000000000001,-0.10000000000002274,-7.72486950670174
2023-04-18 09:00:00,42182099999,36.8,1,15.9,1,1005.9,1,29.068815514772737,3.0,-0.4000000000000057,-2.5,-0.10677315905993723
2023-04-18 12:00:00,42182099999,38.8,1,16.0,1,1004.3,1,26.24376608156228,3.0,2.0,-1.6000000000000227,-2.825049433210456
2023-04-18 15:00:00,42182099999,32.0,1,20.6,1,1005.8,1,50.99468465735812,3.0,-6.799999999999997,1.5,24.75091857579584
2023-04-18 18:00:00,42182099999,27.6,1,20.0,1,1006.8,1,63.298675360868906,3.0,-4.399999999999999,1.0,12.303990703510784
2023-04-19 00:00:00,42182099999,26.6,1,16.2,1,1006.2,1,52.87103005765299,6.0,-1.0,-0.599999999999909,-10.427645303215918
2023-04-19 03:00:00,42182099999,26.0,1,16.7,1,1008.0,1,56.548143420491016,3.0,-0.6000000000000014,1.7999999999999545,3.6771133628380284
2023-04-19 06:00:00,42182099999,33.8,1,18.1,1,1006.6,1,39.44511845228233,3.0,7.799999999999997,-1.3999999999999773,-17.103024968208686
2023-04-19 09:00:00,42182099999,37.4,1,17.4,1,1002.9,1,30.94445732474845,3.0,3.6000000000000014,-3.7000000000000455,-8.500661127533881
2023-04-19 12:00:00,42182099999,35.8,1,17.2,1,1000.7,1,33.354730599537746,3.0,-1.6000000000000014,-2.199999999999932,2.410273274789297
2023-04-19 15:00:00,42182099999,33.4,1,18.0,1,1001.8,1,40.08553584334777,3.0,-2.3999999999999986,1.099999999999909,6.730805243810025
2023-04-19 18:00:00,42182099999,31.2,1,17.4,1,1003.0,1,43.70745721912904,3.0,-2.1999999999999993,1.2000000000000455,3.6219213757812696
2023-04-19 21:00:00,42182099999,29.6,1,16.9,1,1002.4,1,46.41150114714314,3.0,-1.5999999999999979,-0.6000000000000227,2.7040439280141015
2023-04-20 00:00:00,42182099999,26.4,1,16.8,1,1002.3,1,55.57883796392953,3.0,-3.200000000000003,-0.10000000000002274,9.167336816786388
2023-04-20 03:00:00,42182099999,26.6,1,17.7,1,1003.6,1,58.14346599287039,3.0,0.20000000000000284,1.3000000000000682,2.5646280289408594
2023-04-20 06:00:00,42182099999,33.0,1,15.8,1,1003.3,1,35.658810994961954,3.0,6.399999999999999,-0.3000000000000682,-22.484654997908436
2023-04-20 09:00:00,42182099999,34.6,1,15.5,1,1000.9,1,31.988146693890418,3.0,1.6000000000000014,-2.3999999999999773,-3.670664301071536
2023-04-20 12:00:00,42182099999,35.2,1,16.4,1,998.7,1,32.77188198042116,3.0,0.6000000000000014,-2.199999999999932,0.7837352865307459
2023-04-20 15:00:00,42182099999,27.6,1,15.9,1,1000.2,1,48.91151361917081,3.0,-7.600000000000001,1.5,16.13963163874965
2023-04-20 18:00:00,42182099999,26.6,1,15.9,1,1001.0,1,51.86850699632642,3.0,-1.0,0.7999999999999545,2.956993377155605
2023-04-20 21:00:00,42182099999,25.4,1,15.1,1,1001.8,1,52.90301503946089,3.0,-1.2000000000000028,0.7999999999999545,1.0345080431344726
2023-04-21 00:00:00,42182099999,23.0,1,15.3,1,1002.2,1,61.883962270664874,3.0,-2.3999999999999986,0.40000000000009095,8.980947231203984
2023-04-21 03:00:00,42182099999,25.8,1,15.3,1,1004.9,1,52.32972267192697,3.0,2.8000000000000007,2.699999999999932,-9.554239598737901
2023-04-21 06:00:00,42182099999,33.8,1,16.9,1,1004.9,1,36.56841511852398,3.0,7.9999999999999964,0.0,-15.761307553402993
2023-04-21 09:00:00,42182099999,35.4,1,12.0,1,1002.0,1,24.377581178820627,3.0,1.6000000000000014,-2.8999999999999773,-12.190833939703353
2023-04-21 12:00:00,42182099999,35.0,1,12.9,1,1000.8,1,26.43945938392723,3.0,-0.3999999999999986,-1.2000000000000455,2.061878205106602
2023-04-21 15:00:00,42182099999,29.4,1,16.7,1,1003.3,1,46.35792582818312,3.0,-5.600000000000001,2.5,19.91846644425589
2023-04-21 18:00:00,42182099999,27.6,1,16.3,1,1004.3,1,50.175556049808826,3.0,-1.7999999999999972,1.0,3.8176302216257056
2023-04-21 21:00:00,42182099999,26.4,1,16.8,1,1003.9,1,55.57883796392953,3.0,-1.2000000000000028,-0.39999999999997726,5.403281914120704
2023-04-22 00:00:00,42182099999,22.2,1,14.0,1,1003.4,1,59.73774579082662,3.0,-4.199999999999999,-0.5,4.158907826897092
2023-04-22 03:00:00,42182099999,26.4,1,13.1,1,1005.6,1,43.80142891158694,3.0,4.199999999999999,2.2000000000000455,-15.936316879239683
2023-04-22 06:00:00,42182099999,33.4,1,12.3,1,1005.5,1,27.79064969174882,3.0,7.0,-0.10000000000002274,-16.01077921983812
2023-04-22 09:00:00,42182099999,35.6,1,12.9,1,1003.5,1,25.576727047740604,3.0,2.200000000000003,-2.0,-2.213922644008214
2023-04-22 12:00:00,42182099999,34.8,1,13.5,1,1002.0,1,27.801545766681397,3.0,-0.8000000000000043,-1.5,2.224818718940792
2023-04-22 15:00:00,42182099999,28.0,1,15.3,1,1003.9,1,45.98124630748456,3.0,-6.799999999999997,1.8999999999999773,18.179700540803164
2023-04-22 18:00:00,42182099999,27.6,1,12.6,1,1004.4,1,39.506535687007,3.0,-0.3999999999999986,0.5,-6.474710620477559
2023-04-22 21:00:00,42182099999,25.0,1,13.0,1,1004.2,1,47.2840066651506,3.0,-2.6000000000000014,-0.1999999999999318,7.777470978143597
2023-04-23 00:00:00,42182099999,24.6,1,10.6,1,1003.9,1,41.336768101900304,3.0,-0.3999999999999986,-0.3000000000000682,-5.947238563250295
2023-04-23 03:00:00,42182099999,25.6,1,10.5,1,1007.9,1,38.687379068980775,3.0,1.0,4.0,-2.6493890329195295
2023-04-23 06:00:00,42182099999,27.6,1,10.7,1,1010.0,1,34.84798436000409,3.0,2.0,2.1000000000000227,-3.839394708976684
2023-04-23 09:00:00,42182099999,29.4,1,10.9,1,1007.3,1,31.80803405497415,3.0,1.7999999999999972,-2.7000000000000455,-3.03995030502994
2023-04-23 12:00:00,42182099999,29.6,1,11.3,1,1004.2,1,32.2885929161395,3.0,0.20000000000000284,-3.099999999999909,0.48055886116534907
2023-04-23 15:00:00,42182099999,26.6,1,14.7,1,1006.9,1,48.023532815754834,3.0,-3.0,2.699999999999932,15.734939899615334
2023-04-23 18:00:00,42182099999,25.4,1,14.3,1,1008.2,1,50.24314128044033,3.0,-1.2000000000000028,1.3000000000000682,2.2196084646854928
2023-04-23 21:00:00,42182099999,24.8,1,14.4,1,1007.3,1,52.40942935383719,3.0,-0.5999999999999979,-0.900000000000091,2.1662880733968635
2023-04-24 00:00:00,42182099999,23.4,1,14.6,1,1007.8,1,57.74507571138645,3.0,-1.4000000000000021,0.5,5.335646357549258
2023-04-24 03:00:00,42182099999,23.4,1,13.0,1,1011.1,1,52.04664934594763,3.0,0.0,3.300000000000068,-5.69842636543882
2023-04-24 06:00:00,42182099999,30.8,1,14.0,1,1011.3,1,35.97324771071284,3.0,7.400000000000002,0.1999999999999318,-16.073401635234788
2023-04-24 09:00:00,42182099999,33.6,1,14.5,1,1009.7,1,31.715436176430018,3.0,2.8000000000000007,-1.599999999999909,-4.257811534282823
2023-04-24 12:00:00,42182099999,32.4,1,15.4,1,1008.3,1,35.95203421110212,3.0,-1.2000000000000028,-1.400000000000091,4.236598034672099
2023-04-24 15:00:00,42182099999,27.6,1,16.7,1,1010.0,1,51.46822082273632,3.0,-4.799999999999997,1.7000000000000455,15.516186611634204
2023-04-24 18:00:00,42182099999,25.4,1,15.5,1,1011.0,1,54.27880168034746,3.0,-2.200000000000003,1.0,2.810580857611143
2023-04-24 21:00:00,42182099999,23.8,1,15.1,1,1010.3,1,58.21493824101156,3.0,-1.5999999999999979,-0.7000000000000455,3.936136560664096
2023-04-25 00:00:00,42182099999,21.8,1,15.8,1,1011.8,1,68.73415619857566,3.0,-2.0,1.5,10.519217957564102
2023-04-25 03:00:00,42182099999,25.0,1,13.4,1,1013.4,1,48.53416938934112,3.0,3.1999999999999993,1.6000000000000227,-20.199986809234538
2023-04-25 06:00:00,42182099999,31.2,1,14.5,1,1013.1,1,36.31801215344712,3.0,6.199999999999999,-0.2999999999999545,-12.216157235894002
2023-04-25 09:00:00,42182099999,33.6,1,15.8,1,1010.4,1,34.4786261295975,3.0,2.400000000000002,-2.7000000000000455,-1.8393860238496202
2023-04-25 12:00:00,42182099999,33.0,1,13.6,1,1008.0,1,30.94253388440759,3.0,-0.6000000000000014,-2.3999999999999773,-3.5360922451899093
2023-04-25 15:00:00,42182099999,27.2,1,17.7,1,1010.3,1,56.128403601107394,3.0,-5.800000000000001,2.2999999999999545,25.185869716699802
2023-04-25 18:00:00,42182099999,24.2,1,17.1,1,1008.8,1,64.56624616462973,3.0,-3.0,-1.5,8.437842563522338
2023-04-25 21:00:00,42182099999,23.0,1,16.8,1,1007.8,1,68.1002284486751,3.0,-1.1999999999999993,-1.0,3.533982284045365
2023-04-26 00:00:00,42182099999,22.4,1,15.4,1,1008.5,1,64.59081281252107,3.0,-0.6000000000000014,0.7000000000000455,-3.5094156361540314
2023-04-26 03:00:00,42182099999,25.6,1,15.8,1,1009.9,1,54.677740314134674,3.0,3.200000000000003,1.3999999999999773,-9.913072498386391
2023-04-26 06:00:00,42182099999,32.6,1,16.5,1,1009.1,1,38.13566001710435,3.0,7.0,-0.7999999999999545,-16.542080297030324
2023-04-26 09:00:00,42182099999,36.2,1,15.7,1,1006.2,1,29.659109830704644,3.0,3.6000000000000014,-2.8999999999999773,-8.476550186399706
2023-04-26 12:00:00,42182099999,34.4,1,16.5,1,1004.0,1,34.478117246908965,3.0,-1.8000000000000043,-2.2000000000000455,4.819007416204322
2023-04-26 15:00:00,42182099999,28.8,1,18.6,1,1005.4,1,54.10125610159533,3.0,-5.599999999999998,1.3999999999999773,19.623138854686367
2023-04-26 18:00:00,42182099999,25.6,1,17.3,1,1006.3,1,60.147977437432424,3.0,-3.1999999999999993,0.8999999999999773,6.046721335837091
2023-04-26 21:00:00,42182099999,24.0,1,16.9,1,1006.1,1,64.5233560338738,3.0,-1.6000000000000014,-0.1999999999999318,4.375378596441372
2023-04-27 00:00:00,42182099999,22.2,1,17.4,1,1006.4,1,74.25634672260556,3.0,-1.8000000000000007,0.2999999999999545,9.73299068873176
2023-04-27 03:00:00,42182099999,26.0,1,18.1,1,1008.5,1,61.77549134798711,3.0,3.8000000000000007,2.1000000000000227,-12.480855374618443
2023-04-27 06:00:00,42182099999,34.6,1,16.8,1,1007.9,1,34.75273089734725,3.0,8.600000000000001,-0.6000000000000227,-27.022760450639865
2023-04-27 09:00:00,42182099999,38.0,1,13.8,1,1005.3,1,23.784825802142993,3.0,3.3999999999999986,-2.6000000000000227,-10.967905095204255
2023-04-27 12:00:00,42182099999,36.6,1,14.5,1,1003.0,1,26.861299999603084,3.0,-1.3999999999999986,-2.2999999999999545,3.07647419746009
2023-04-27 15:00:00,42182099999,28.8,1,15.1,1,1007.5,1,43.3313576867181,3.0,-7.800000000000001,4.5,16.470057687115016
2023-04-27 18:00:00,42182099999,26.4,1,15.2,1,1009.2,1,50.18228952032193,3.0,-2.400000000000002,1.7000000000000455,6.8509318336038305
2023-04-27 21:00:00,42182099999,25.2,1,14.9,1,1008.7,1,52.85178805612125,3.0,-1.1999999999999993,-0.5,2.6694985357993204
2023-04-28 00:00:00,42182099999,24.8,1,19.5,1,1008.0,1,72.40765139233008,3.0,-0.3999999999999986,-0.7000000000000455,19.55586333620883
2023-04-28 03:00:00,42182099999,25.2,1,17.5,1,1010.2,1,62.37822151444744,3.0,0.3999999999999986,2.2000000000000455,-10.029429877882642
2023-04-28 06:00:00,42182099999,29.8,1,17.6,1,1010.2,1,47.956204800317984,3.0,4.600000000000001,0.0,-14.422016714129455
2023-04-28 09:00:00,42182099999,33.8,1,15.7,1,1008.1,1,33.87770331280664,3.0,3.9999999999999964,-2.1000000000000227,-14.078501487511346
2023-04-28 12:00:00,42182099999,32.8,1,16.8,1,1005.2,1,38.43380601863262,3.0,-1.0,-2.8999999999999773,4.556102705825985
2023-04-28 15:00:00,42182099999,28.4,1,19.2,1,1006.3,1,57.48575855515023,3.0,-4.399999999999999,1.099999999999909,19.051952536517604
2023-04-28 18:00:00,42182099999,27.6,1,18.6,1,1007.8,1,58.01642284156709,3.0,-0.7999999999999972,1.5,0.5306642864168651
2023-04-28 21:00:00,42182099999,26.0,1,18.1,1,1007.1,1,61.77549134798711,3.0,-1.6000000000000014,-0.6999999999999318,3.7590685064200215
2023-04-29 00:00:00,42182099999,23.4,1,17.3,1,1007.3,1,68.61214204484527,3.0,-2.6000000000000014,0.1999999999999318,6.8366506968581575
2023-04-29 03:00:00,42182099999,27.0,1,15.2,1,1008.8,1,48.440600801845854,3.0,3.6000000000000014,1.5,-20.171541242999417
2023-04-29 06:00:00,42182099999,30.2,1,17.3,1,1007.9,1,45.98734517749429,3.0,3.1999999999999993,-0.8999999999999773,-2.453255624351563
2023-04-29 09:00:00,42182099999,32.0,1,18.1,1,1006.8,1,43.64873094146102,3.0,1.8000000000000007,-1.1000000000000227,-2.3386142360332727
2023-04-29 12:00:00,42182099999,30.4,1,17.2,1,1004.9,1,45.176507999615254,3.0,-1.6000000000000014,-1.8999999999999773,1.5277770581542356
2023-04-29 15:00:00,42182099999,27.0,1,18.2,1,1006.5,1,58.6053007570548,3.0,-3.3999999999999986,1.6000000000000227,13.428792757439545
2023-04-29 18:00:00,42182099999,25.8,1,18.6,1,1007.6,1,64.50215956457721,3.0,-1.1999999999999993,1.1000000000000227,5.896858807522413
2023-04-29 21:00:00,42182099999,25.4,1,18.5,1,1006.8,1,65.63974012452589,3.0,-0.40000000000000213,-0.8000000000000682,1.137580559948674
2023-04-30 00:00:00,42182099999,24.0,1,18.3,1,1006.4,1,70.47837778915957,3.0,-1.3999999999999986,-0.39999999999997726,4.83863766463368
2023-04-30 03:00:00,42182099999,25.6,1,18.7,1,1008.6,1,65.68142590172316,3.0,1.6000000000000014,2.2000000000000455,-4.796951887436407
2023-04-30 06:00:00,42182099999,26.2,1,19.4,1,1008.3,1,66.2167817215212,3.0,0.5999999999999979,-0.3000000000000682,0.5353558197980419
2023-04-30 09:00:00,42182099999,27.2,1,17.7,1,1005.9,1,56.128403601107394,3.0,1.0,-2.3999999999999773,-10.088378120413807
2023-04-30 12:00:00,42182099999,27.2,1,18.4,1,1004.0,1,58.65243412962584,3.0,0.0,-1.8999999999999773,2.524030528518445
2023-04-30 15:00:00,42182099999,23.0,1,21.2,1,1006.4,1,89.61193893447619,3.0,-4.199999999999999,2.3999999999999773,30.959504804850347
2023-04-30 18:00:00,42182099999,21.8,1,20.3,1,1007.4,1,91.19872298278054,3.0,-1.1999999999999993,1.0,1.5867840483043523
2023-04-30 21:00:00,42182099999,21.0,1,19.4,1,1006.1,1,90.58269290087725,3.0,-0.8000000000000007,-1.2999999999999545,-0.6160300819032898
2023-05-01 00:00:00,42182099999,21.2,1,19.6,1,1005.9,1,90.59629238174392,3.0,0.1999999999999993,-0.20000000000004547,0.01359948086667373
2023-05-01 03:00:00,42182099999,22.4,1,20.2,1,1008.3,1,87.38305999003406,3.0,1.1999999999999993,2.3999999999999773,-3.213232391709866
2023-05-01 06:00:00,42182099999,25.2,1,21.0,1,1008.3,1,77.56785584692332,3.0,2.8000000000000007,0.0,-9.815204143110734
2023-05-01 09:00:00,42182099999,21.0,1,21.0,1,1007.3,1,100.0,3.0,-4.199999999999999,-1.0,22.432144153076678
2023-05-01 12:00:00,42182099999,22.6,1,21.7,1,1005.6,1,94.66558503403643,3.0,1.6000000000000014,-1.6999999999999318,-5.334414965963575
2023-05-01 15:00:00,42182099999,22.8,1,20.3,1,1007.9,1,85.81544188377062,3.0,0.1999999999999993,2.2999999999999545,-8.850143150265808
2023-05-01 18:00:00,42182099999,22.4,1,20.2,1,1008.4,1,87.38305999003406,3.0,-0.40000000000000213,0.5,1.5676181062634384
2023-05-01 21:00:00,42182099999,21.6,1,19.4,1,1008.2,1,87.31142912839378,3.0,-0.7999999999999972,-0.1999999999999318,-0.07163086164027277
2023-05-02 00:00:00,42182099999,21.2,1,20.3,1,1007.6,1,94.61037046447788,3.0,-0.40000000000000213,-0.6000000000000227,7.2989413360840985
2023-05-02 03:00:00,42182099999,21.8,1,19.6,1,1009.7,1,87.32939245060646,3.0,0.6000000000000014,2.1000000000000227,-7.280978013871419
2023-05-02 06:00:00,42182099999,25.4,1,21.2,1,1010.2,1,77.59744380650201,3.0,3.599999999999998,0.5,-9.731948644104449
2023-05-02 09:00:00,42182099999,27.6,1,21.3,1,1007.8,1,68.57664693138325,3.0,2.200000000000003,-2.400000000000091,-9.020796875118762
2023-05-02 12:00:00,42182099999,25.7,1,21.3,1,1006.7,1,76.69631205622504,3.0,-1.9000000000000021,-1.099999999999909,8.119665124841788
2023-05-02 15:00:00,42182099999,23.4,1,19.7,1,1007.9,1,79.73963499838084,3.0,-2.3000000000000007,1.1999999999999318,3.043322942155797
2023-05-02 18:00:00,42182099999,22.7,1,20.0,1,1010.2,1,84.75041179102449,3.0,-0.6999999999999993,2.300000000000068,5.010776792643654
2023-05-02 21:00:00,42182099999,22.0,1,19.8,1,1009.8,1,87.34731863549206,3.0,-0.6999999999999993,-0.40000000000009095,2.5969068444675685
2023-05-03 00:00:00,42182099999,21.2,1,20.0,1,1010.0,1,92.87134485887553,3.0,-0.8000000000000007,0.20000000000004547,5.524026223383473
2023-05-03 03:00:00,42182099999,24.2,1,19.9,1,1011.2,1,76.94107668815431,3.0,3.0,1.2000000000000455,-15.93026817072122
2023-05-03 06:00:00,42182099999,29.8,1,22.1,1,1010.0,1,63.38474620448235,3.0,5.600000000000001,-1.2000000000000455,-13.556330483671964
2023-05-03 09:00:00,42182099999,20.2,1,19.9,1,1009.5,1,98.16052340480562,3.0,-9.600000000000001,-0.5,34.77577720032327
2023-05-03 12:00:00,42182099999,19.4,1,19.4,1,1009.6,1,100.0,3.0,-0.8000000000000007,0.10000000000002274,1.839476595194384
2023-05-03 15:00:00,42182099999,20.2,1,20.2,1,1008.4,1,100.0,3.0,0.8000000000000007,-1.2000000000000455,0.0
2023-05-03 18:00:00,42182099999,21.6,1,19.4,1,1010.2,1,87.31142912839378,3.0,1.4000000000000021,1.8000000000000682,-12.688570871606217
2023-05-03 21:00:00,42182099999,20.8,1,19.6,1,1009.6,1,92.85045810919283,3.0,-0.8000000000000007,-0.6000000000000227,5.539028980799046
2023-05-04 00:00:00,42182099999,18.4,1,18.4,1,1010.6,1,100.0,3.0,-2.400000000000002,1.0,7.149541890807171
2023-05-04 03:00:00,42182099999,20.2,1,19.9,1,1012.6,1,98.16052340480562,3.0,1.8000000000000007,2.0,-1.839476595194384
2023-05-04 06:00:00,42182099999,25.6,1,20.7,1,1011.4,1,74.36025581723416,3.0,5.400000000000002,-1.2000000000000455,-23.800267587571454
2023-05-04 09:00:00,42182099999,30.2,1,19.5,1,1008.8,1,52.78587755627143,3.0,4.599999999999998,-2.6000000000000227,-21.57437826096273
2023-05-04 12:00:00,42182099999,30.2,1,20.9,1,1005.7,1,57.5576548506657,3.0,0.0,-3.099999999999909,4.771777294394269
2023-05-04 15:00:00,42182099999,26.2,1,21.7,1,1007.6,1,76.30487547759344,3.0,-4.0,1.8999999999999773,18.747220626927742
2023-05-04 18:00:00,42182099999,23.6,1,20.9,1,1009.0,1,84.84545097606222,3.0,-2.599999999999998,1.3999999999999773,8.540575498468783
2023-05-04 21:00:00,42182099999,21.4,1,19.5,1,1008.7,1,88.9380830861729,3.0,-2.200000000000003,-0.2999999999999545,4.092632110110671
2023-05-05 00:00:00,42182099999,21.2,1,19.6,1,1007.5,1,90.59629238174392,3.0,-0.1999999999999993,-1.2000000000000455,1.6582092955710266
2023-05-05 03:00:00,42182099999,25.4,1,19.5,1,1010.3,1,69.86503547584091,3.0,4.199999999999999,2.7999999999999545,-20.73125690590301
2023-05-05 06:00:00,42182099999,29.6,1,20.9,1,1009.0,1,59.5780698373617,3.0,4.200000000000003,-1.2999999999999545,-10.28696563847921
2023-05-05 09:00:00,42182099999,33.0,1,19.0,1,1005.9,1,43.645157807317524,3.0,3.3999999999999986,-3.1000000000000227,-15.932912030044179
2023-05-05 15:00:00,42182099999,28.6,1,22.1,1,1004.9,1,67.93691867434151,6.0,-4.399999999999999,-1.0,24.29176086702399
2023-05-05 18:00:00,42182099999,26.8,1,22.0,1,1006.0,1,75.01402814660541,3.0,-1.8000000000000007,1.1000000000000227,7.077109472263899
2023-05-05 21:00:00,42182099999,25.2,1,21.0,1,1005.4,1,77.56785584692332,3.0,-1.6000000000000014,-0.6000000000000227,2.5538277003179104
2023-05-06 00:00:00,42182099999,23.6,1,20.9,1,1005.3,1,84.84545097606222,3.0,-1.5999999999999979,-0.10000000000002274,7.277595129138902
2023-05-06 03:00:00,42182099999,26.0,1,18.5,1,1007.4,1,63.34488035972379,3.0,2.3999999999999986,2.1000000000000227,-21.500570616338436
2023-05-06 06:00:00,42182099999,31.8,1,17.4,1,1007.1,1,42.24218143373414,3.0,5.800000000000001,-0.2999999999999545,-21.10269892598965
2023-05-06 09:00:00,42182099999,33.0,1,16.2,1,1004.7,1,36.58107859246772,3.0,1.1999999999999993,-2.3999999999999773,-5.66110284126642
2023-05-06 12:00:00,42182099999,33.6,1,17.0,1,1002.6,1,37.214873528497584,3.0,0.6000000000000014,-2.1000000000000227,0.6337949360298651
2023-05-06 15:00:00,42182099999,29.4,1,18.6,1,1003.4,1,52.25595491573255,3.0,-4.200000000000003,0.7999999999999545,15.041081387234968
2023-05-06 18:00:00,42182099999,26.2,1,20.1,1,1004.3,1,69.15523439911932,3.0,-3.1999999999999993,0.8999999999999773,16.89927948338677
2023-05-06 21:00:00,42182099999,24.6,1,19.0,1,1003.7,1,71.03201273104008,3.0,-1.5999999999999979,-0.599999999999909,1.876778331920761
2023-05-07 00:00:00,42182099999,22.2,1,19.1,1,1004.1,1,82.61460691740075,3.0,-2.400000000000002,0.39999999999997726,11.582594186360666
2023-05-07 03:00:00,42182099999,27.2,1,18.8,1,1005.7,1,60.1390247692376,3.0,5.0,1.6000000000000227,-22.47558214816315
2023-05-07 06:00:00,42182099999,35.4,1,18.3,1,1005.5,1,36.54521854055506,3.0,8.2,-0.20000000000004547,-23.59380622868254
2023-05-07 09:00:00,42182099999,35.6,1,21.6,1,1003.6,1,44.34047462772587,3.0,0.20000000000000284,-1.8999999999999773,7.795256087170806
2023-05-07 12:00:00,42182099999,35.2,1,19.6,1,1001.3,1,40.07444958268911,3.0,-0.3999999999999986,-2.300000000000068,-4.266025045036756
2023-05-07 15:00:00,42182099999,25.0,1,22.0,1,1003.7,1,83.45262666598398,3.0,-10.200000000000003,2.400000000000091,43.37817708329487
2023-05-07 18:00:00,42182099999,24.6,1,20.6,1,1004.2,1,78.44038822062748,3.0,-0.3999999999999986,0.5,-5.012238445356502
2023-05-07 21:00:00,42182099999,23.4,1,19.7,1,1003.0,1,79.73963499838084,3.0,-1.2000000000000028,-1.2000000000000455,1.2992467777533534
2023-05-08 00:00:00,42182099999,23.0,1,22.4,1,1003.3,1,96.42590852260086,3.0,-0.3999999999999986,0.2999999999999545,16.686273524220027
2023-05-08 03:00:00,42182099999,24.6,1,22.5,1,1005.2,1,88.1108765345105,3.0,1.6000000000000014,1.900000000000091,-8.315031988090368
2023-05-08 06:00:00,42182099999,31.2,1,22.8,1,1005.2,1,61.04527320720593,3.0,6.599999999999998,0.0,-27.065603327304565
2023-05-08 09:00:00,42182099999,35.6,1,20.1,1,1003.3,1,40.432297754745264,3.0,4.400000000000002,-1.900000000000091,-20.612975452460667
2023-05-08 12:00:00,42182099999,35.0,1,20.8,1,1001.7,1,43.64082513984817,3.0,-0.6000000000000014,-1.599999999999909,3.2085273851029044
2023-05-08 15:00:00,42182099999,29.2,1,19.4,1,1003.1,1,55.568241906041415,3.0,-5.800000000000001,1.3999999999999773,11.927416766193247
2023-05-08 18:00:00,42182099999,25.8,1,20.3,1,1004.9,1,71.69270020375919,3.0,-3.3999999999999986,1.7999999999999545,16.124458297717773
2023-05-08 21:00:00,42182099999,24.4,1,20.1,1,1003.9,1,76.97148310021423,3.0,-1.4000000000000021,-1.0,5.278782896455041
2023-05-09 00:00:00,42182099999,22.2,1,19.7,1,1005.4,1,85.75572174928098,3.0,-2.1999999999999993,1.5,8.78423864906675
2023-05-09 03:00:00,42182099999,25.4,1,18.1,1,1008.0,1,64.01349525201712,3.0,3.1999999999999993,2.6000000000000227,-21.742226497263857
2023-05-09 06:00:00,42182099999,33.2,1,15.2,1,1007.3,1,33.93037139308301,3.0,7.800000000000004,-0.7000000000000455,-30.083123858934115
2023-05-09 09:00:00,42182099999,37.2,1,6.1,1,1005.1,1,14.836685959143155,3.0,4.0,-2.199999999999932,-19.093685433939854
2023-05-09 12:00:00,42182099999,36.0,1,16.2,1,1003.6,1,30.959972860837166,3.0,-1.2000000000000028,-1.5,16.12328690169401
2023-05-09 15:00:00,42182099999,32.4,1,17.0,1,1004.8,1,39.81200409457464,3.0,-3.6000000000000014,1.1999999999999318,8.852031233737474
2023-05-09 18:00:00,42182099999,30.6,1,16.6,1,1005.6,1,42.99526278512383,3.0,-1.7999999999999972,0.8000000000000682,3.183258690549188
2023-05-09 21:00:00,42182099999,28.8,1,16.7,1,1005.4,1,47.99495141967471,3.0,-1.8000000000000007,-0.20000000000004547,4.9996886345508855
2023-05-10 00:00:00,42182099999,25.4,1,17.4,1,1005.4,1,61.2525557727852,3.0,-3.400000000000002,0.0,13.257604353110487
2023-05-10 03:00:00,42182099999,26.2,1,14.5,1,1007.1,1,48.539907031693666,3.0,0.8000000000000007,1.7000000000000455,-12.712648741091535
2023-05-10 06:00:00,42182099999,33.2,1,11.5,1,1006.5,1,26.66076065858164,3.0,7.0000000000000036,-0.6000000000000227,-21.879146373112025
2023-05-10 09:00:00,42182099999,35.2,1,13.7,1,1004.7,1,27.548132036202155,3.0,2.0,-1.7999999999999545,0.8873713776205143
2023-05-10 12:00:00,42182099999,36.0,1,11.5,1,1003.0,1,22.81896583142033,3.0,0.7999999999999972,-1.7000000000000455,-4.729166204781826
2023-05-10 15:00:00,42182099999,31.8,1,14.1,1,1004.0,1,34.203946308294164,3.0,-4.199999999999999,1.0,11.384980476873835
2023-05-10 18:00:00,42182099999,27.0,1,16.4,1,1004.5,1,52.30341645916792,3.0,-4.800000000000001,0.5,18.099470150873756
2023-05-10 21:00:00,42182099999,24.6,1,16.2,1,1004.3,1,59.53530175711025,3.0,-2.3999999999999986,-0.20000000000004547,7.231885297942327
2023-05-11 00:00:00,42182099999,21.0,1,16.0,1,1005.9,1,73.11466043664565,3.0,-3.6000000000000014,1.6000000000000227,13.579358679535403
2023-05-11 03:00:00,42182099999,28.0,1,14.4,1,1008.1,1,43.39162743594927,3.0,7.0,2.2000000000000455,-29.723033000696383
2023-05-11 06:00:00,42182099999,35.4,1,15.8,1,1007.9,1,31.194440729171667,3.0,7.399999999999999,-0.20000000000004547,-12.1971867067776
2023-05-11 09:00:00,42182099999,37.6,1,14.6,1,1005.6,1,25.599153750941568,3.0,2.200000000000003,-2.2999999999999545,-5.595286978230099
2023-05-11 12:00:00,42182099999,37.0,1,16.0,1,1003.6,1,28.936968311978973,3.0,-0.6000000000000014,-2.0,3.337814561037405
2023-05-11 15:00:00,42182099999,29.0,1,19.9,1,1005.2,1,57.98691806209805,3.0,-8.0,1.6000000000000227,29.049949750119076
2023-05-11 18:00:00,42182099999,26.0,1,19.5,1,1005.5,1,67.42245330571328,3.0,-3.0,0.2999999999999545,9.435535243615227
2023-05-11 21:00:00,42182099999,24.2,1,18.5,1,1005.2,1,70.51568317062028,3.0,-1.8000000000000007,-0.2999999999999545,3.093229864907002
2023-05-12 00:00:00,42182099999,22.0,1,17.8,1,1005.6,1,77.08681687030213,3.0,-2.1999999999999993,0.39999999999997726,6.571133699681852
2023-05-12 03:00:00,42182099999,25.4,1,16.7,1,1007.2,1,58.596770845043764,3.0,3.3999999999999986,1.6000000000000227,-18.490046025258366
2023-05-12 06:00:00,42182099999,36.2,1,15.7,1,1005.8,1,29.659109830704644,3.0,10.800000000000004,-1.400000000000091,-28.93766101433912
2023-05-12 09:00:00,42182099999,40.0,1,11.8,1,1003.3,1,18.73618095576933,3.0,3.799999999999997,-2.5,-10.922928874935312
2023-05-12 12:00:00,42182099999,40.4,1,11.3,1,1000.6,1,17.744124429651766,3.0,0.3999999999999986,-2.699999999999932,-0.9920565261175653
2023-05-12 15:00:00,42182099999,33.2,1,18.5,1,1002.2,1,41.82966122972637,3.0,-7.199999999999996,1.6000000000000227,24.085536800074603
2023-05-12 18:00:00,42182099999,28.6,1,20.1,1,1004.1,1,60.08656570259691,3.0,-4.600000000000001,1.8999999999999773,18.256904472870538
2023-05-12 21:00:00,42182099999,26.6,1,19.2,1,1003.2,1,63.87218705566132,3.0,-2.0,-0.8999999999999773,3.785621353064414
2023-05-13 00:00:00,42182099999,24.2,1,18.9,1,1003.8,1,72.3015743251088,3.0,-2.400000000000002,0.599999999999909,8.429387269447481
2023-05-13 03:00:00,42182099999,28.6,1,19.4,1,1005.6,1,57.533446890831016,3.0,4.400000000000002,1.8000000000000682,-14.768127434277787
2023-05-13 06:00:00,42182099999,36.2,1,18.2,1,1006.5,1,34.750765230103056,3.0,7.600000000000001,0.8999999999999773,-22.78268166072796
2023-05-13 09:00:00,42182099999,40.2,1,19.4,1,1002.1,1,30.160674862275744,3.0,4.0,-4.399999999999977,-4.590090367827312
2023-05-13 12:00:00,42182099999,40.4,1,17.2,1,1000.4,1,25.994489067059927,3.0,0.19999999999999574,-1.7000000000000455,-4.166185795215817
2023-05-13 15:00:00,42182099999,34.6,1,20.6,1,1002.7,1,44.07412084316889,3.0,-5.799999999999997,2.300000000000068,18.079631776108965
2023-05-13 18:00:00,42182099999,33.2,1,20.3,1,1002.7,1,46.78467883483004,3.0,-1.3999999999999986,0.0,2.7105579916611475
2023-05-13 21:00:00,42182099999,30.6,1,19.7,1,1002.7,1,52.234713311802714,3.0,-2.6000000000000014,0.0,5.450034476972675
2023-05-14 00:00:00,42182099999,28.4,1,19.9,1,1001.1,1,60.0407336708837,3.0,-2.200000000000003,-1.6000000000000227,7.806020359080982
2023-05-14 03:00:00,42182099999,30.0,1,19.3,1,1003.6,1,52.73546662209652,3.0,1.6000000000000014,2.5,-7.305267048787179
2023-05-14 06:00:00,42182099999,36.0,1,19.5,1,1002.2,1,38.10665255354461,3.0,6.0,-1.3999999999999773,-14.628814068551904
2023-05-14 09:00:00,42182099999,40.2,1,20.2,1,999.3,1,31.694485923523214,3.0,4.200000000000003,-2.900000000000091,-6.4121666300213995
2023-05-14 12:00:00,42182099999,38.6,1,17.9,1,997.7,1,29.923040551748976,3.0,-1.6000000000000014,-1.599999999999909,-1.771445371774238
2023-05-14 15:00:00,42182099999,33.6,1,16.6,1,998.1,1,36.282322547074884,3.0,-5.0,0.39999999999997726,6.359281995325908
2023-05-14 18:00:00,42182099999,30.6,1,16.2,1,999.8,1,41.91458094264047,3.0,-3.0,1.6999999999999318,5.632258395565586
2023-05-14 21:00:00,42182099999,29.0,1,15.7,1,999.7,1,44.51259047524573,3.0,-1.6000000000000014,-0.09999999999990905,2.5980095326052606
2023-05-15 00:00:00,42182099999,27.4,1,16.1,1,1000.3,1,50.1232671132093,3.0,-1.6000000000000014,0.599999999999909,5.6106766379635715
2023-05-15 03:00:00,42182099999,29.6,1,16.9,1,1001.7,1,46.41150114714314,3.0,2.200000000000003,1.400000000000091,-3.71176596606616
2023-05-15 06:00:00,42182099999,36.0,1,19.1,1,1002.5,1,37.169643234561036,3.0,6.399999999999999,0.7999999999999545,-9.241857912582105
2023-05-15 09:00:00,42182099999,40.0,1,17.4,1,1000.1,1,26.89344725310161,3.0,4.0,-2.3999999999999773,-10.276195981459427
2023-05-15 12:00:00,42182099999,39.8,1,18.0,1,997.7,1,28.230098704209222,3.0,-0.20000000000000284,-2.3999999999999773,1.3366514511076133
2023-05-15 15:00:00,42182099999,35.2,1,16.4,1,998.5,1,32.77188198042116,3.0,-4.599999999999994,0.7999999999999545,4.541783276211941
2023-05-15 18:00:00,42182099999,32.6,1,16.5,1,1000.3,1,38.13566001710435,3.0,-2.6000000000000014,1.7999999999999545,5.363778036683186
2023-05-15 21:00:00,42182099999,30.2,1,15.7,1,1000.1,1,41.538432027068275,3.0,-2.400000000000002,-0.1999999999999318,3.4027720099639254
2023-05-16 00:00:00,42182099999,28.8,1,15.5,1,1002.8,1,44.458225465282275,3.0,-1.3999999999999986,2.699999999999932,2.9197934382140005
2023-05-16 03:00:00,42182099999,30.6,1,18.2,1,1003.6,1,47.566803806032624,3.0,1.8000000000000007,0.8000000000000682,3.1085783407503484
2023-05-16 06:00:00,42182099999,34.8,1,18.3,1,1004.5,1,37.77973372953484,3.0,4.199999999999996,0.8999999999999773,-9.787070076497784
2023-05-16 09:00:00,42182099999,38.2,1,19.0,1,1002.1,1,32.75881704368271,3.0,3.4000000000000057,-2.3999999999999773,-5.020916685852129
2023-05-16 12:00:00,42182099999,39.0,1,18.1,1,1000.6,1,29.65499937595699,3.0,0.7999999999999972,-1.5,-3.103817667725721
2023-05-16 15:00:00,42182099999,34.2,1,19.0,1,1002.3,1,40.80989937663448,3.0,-4.799999999999997,1.6999999999999318,11.154900000677493
2023-05-16 18:00:00,42182099999,30.0,1,19.6,1,1003.8,1,53.7282668311392,3.0,-4.200000000000003,1.5,12.918367454504718
2023-05-16 21:00:00,42182099999,28.8,1,19.3,1,1003.7,1,56.51707465542158,3.0,-1.1999999999999993,-0.09999999999990905,2.7888078242823795
2023-05-17 00:00:00,42182099999,26.6,1,18.8,1,1003.0,1,62.29807222676058,3.0,-2.1999999999999993,-0.7000000000000455,5.780997571339
2023-05-17 03:00:00,42182099999,31.0,1,17.6,1,1005.1,1,44.770043106471554,3.0,4.399999999999999,2.1000000000000227,-17.528029120289027
2023-05-17 06:00:00,42182099999,34.8,1,19.4,1,1005.6,1,40.46647720039389,3.0,3.799999999999997,0.5,-4.303565906077665
2023-05-17 09:00:00,42182099999,40.4,1,18.0,1,1002.9,1,27.339410835342598,3.0,5.600000000000001,-2.7000000000000455,-13.127066365051292
2023-05-17 12:00:00,42182099999,37.2,1,21.4,1,1001.5,1,40.120378794241006,3.0,-3.1999999999999957,-1.3999999999999773,12.780967958898408
2023-05-17 15:00:00,42182099999,34.8,1,20.9,1,1003.2,1,44.39977355119524,3.0,-2.4000000000000057,1.7000000000000455,4.2793947569542325
2023-05-17 18:00:00,42182099999,32.0,1,21.0,1,1005.0,1,52.26545370306257,3.0,-2.799999999999997,1.7999999999999545,7.8656801518673305
2023-05-17 21:00:00,42182099999,29.6,1,19.9,1,1004.1,1,56.01193746410319,3.0,-2.3999999999999986,-0.8999999999999773,3.746483761040622
2023-05-18 00:00:00,42182099999,23.8,1,20.7,1,1010.0,1,82.80457657896673,3.0,-5.800000000000001,5.899999999999977,26.79263911486354
2023-05-18 03:00:00,42182099999,25.2,1,20.6,1,1010.3,1,75.68189058367413,3.0,1.3999999999999986,0.2999999999999545,-7.122685995292599
2023-05-18 06:00:00,42182099999,30.2,1,20.2,1,1010.1,1,55.12649636528158,3.0,5.0,-0.1999999999999318,-20.55539421839255
2023-05-18 09:00:00,42182099999,35.8,1,20.4,1,1007.1,1,40.73714199718271,3.0,5.599999999999998,-3.0,-14.389354368098871
2023-05-18 12:00:00,42182099999,35.0,1,22.9,1,1006.2,1,49.610234682009505,3.0,-0.7999999999999972,-0.8999999999999773,8.873092684826794
2023-05-18 15:00:00,42182099999,30.4,1,21.8,1,1006.9,1,60.12781595604137,3.0,-4.600000000000001,0.6999999999999318,10.517581274031862
2023-05-18 18:00:00,42182099999,27.8,1,22.2,1,1007.0,1,71.61107092213882,3.0,-2.599999999999998,0.10000000000002274,11.483254966097455
2023-05-18 21:00:00,42182099999,26.0,1,21.8,1,1006.5,1,77.68587617563927,3.0,-1.8000000000000007,-0.5,6.074805253500443
2023-05-19 00:00:00,42182099999,25.0,1,20.7,1,1006.2,1,77.06236252506079,3.0,-1.0,-0.2999999999999545,-0.6235136505784737
2023-05-19 03:00:00,42182099999,28.8,1,19.6,1,1007.5,1,57.58106758326406,3.0,3.8000000000000007,1.2999999999999545,-19.481294941796733
2023-05-19 06:00:00,42182099999,34.4,1,18.9,1,1006.9,1,40.10679628839683,3.0,5.599999999999998,-0.6000000000000227,-17.47427129486723
2023-05-19 12:00:00,42182099999,37.6,1,14.2,1,1002.5,1,24.945814388080937,6.0,3.200000000000003,-4.399999999999977,-15.160981900315893
2023-05-19 15:00:00,42182099999,31.8,1,21.4,1,1003.4,1,54.17441650106471,3.0,-5.800000000000001,0.8999999999999773,29.228602112983776
2023-05-19 18:00:00,42182099999,28.4,1,19.2,1,1004.6,1,57.48575855515023,3.0,-3.400000000000002,1.2000000000000455,3.3113420540855145
2023-05-19 21:00:00,42182099999,26.8,1,18.3,1,1002.8,1,59.67162131243744,3.0,-1.5999999999999979,-1.8000000000000682,2.185862757287211
2023-05-20 00:00:00,42182099999,24.4,1,18.4,1,1003.0,1,69.24033252213863,3.0,-2.400000000000002,0.20000000000004547,9.568711209701192
2023-05-20 03:00:00,42182099999,29.4,1,18.6,1,1004.4,1,52.25595491573255,3.0,5.0,1.3999999999999773,-16.984377606406078
2023-05-20 06:00:00,42182099999,36.2,1,20.5,1,1004.2,1,40.09712013821042,3.0,6.800000000000004,-0.1999999999999318,-12.15883477752213
2023-05-20 09:00:00,42182099999,39.6,1,17.3,1,1002.0,1,27.302637033308002,3.0,3.3999999999999986,-2.2000000000000455,-12.794483104902419
2023-05-20 12:00:00,42182099999,39.8,1,18.0,1,1000.7,1,28.230098704209222,3.0,0.19999999999999574,-1.2999999999999545,0.92746167090122
2023-05-20 15:00:00,42182099999,32.4,1,20.4,1,1001.8,1,49.24307764278141,3.0,-7.399999999999999,1.099999999999909,21.012978938572186
2023-05-20 18:00:00,42182099999,28.6,1,20.8,1,1002.8,1,62.738525974561355,3.0,-3.799999999999997,1.0,13.495448331779947
2023-05-20 21:00:00,42182099999,27.2,1,20.5,1,1001.0,1,66.83242139369942,3.0,-1.4000000000000021,-1.7999999999999545,4.0938954191380645
2023-05-21 00:00:00,42182099999,25.2,1,20.3,1,1002.9,1,74.29392454783775,3.0,-2.0,1.8999999999999773,7.461503154138327
2023-05-21 03:00:00,42182099999,31.2,1,19.7,1,1004.5,1,50.47601592432225,3.0,6.0,1.6000000000000227,-23.8179086235155
2023-05-21 06:00:00,42182099999,39.8,1,17.6,1,1004.1,1,27.528038982058895,3.0,8.599999999999998,-0.39999999999997726,-22.947976942263352
2023-05-21 09:00:00,42182099999,42.0,1,17.9,1,1002.1,1,24.958353238215775,3.0,2.200000000000003,-2.0,-2.56968574384312
2023-05-21 12:00:00,42182099999,41.2,1,21.9,1,1001.1,1,33.35972590679592,3.0,-0.7999999999999972,-1.0,8.401372668580148
2023-05-21 15:00:00,42182099999,35.4,1,22.4,1,1001.8,1,47.07414899040804,3.0,-5.800000000000004,0.6999999999999318,13.714423083612118
2023-05-21 18:00:00,42182099999,33.6,1,21.2,1,1002.8,1,48.35343825000899,3.0,-1.7999999999999972,1.0,1.2792892596009509
2023-05-21 21:00:00,42182099999,30.4,1,19.8,1,1002.6,1,53.164975840995425,3.0,-3.200000000000003,-0.1999999999999318,4.811537590986433
2023-05-22 00:00:00,42182099999,27.6,1,18.6,1,1002.8,1,58.01642284156709,3.0,-2.799999999999997,0.1999999999999318,4.8514470005716674
2023-05-22 03:00:00,42182099999,34.0,1,16.4,1,1004.4,1,35.03177732418056,3.0,6.399999999999999,1.6000000000000227,-22.984645517386532
2023-05-22 06:00:00,42182099999,40.2,1,22.1,1,1004.1,1,35.61447168582961,3.0,6.200000000000003,-0.2999999999999545,0.5826943616490539
2023-05-22 09:00:00,42182099999,42.6,1,23.4,1,1002.1,1,33.93709726284075,3.0,2.3999999999999986,-2.0,-1.677374422988862
2023-05-22 12:00:00,42182099999,42.6,1,20.0,1,1000.2,1,27.569211439649283,3.0,0.0,-1.8999999999999773,-6.367885823191468
2023-05-22 15:00:00,42182099999,36.6,1,22.1,1,1001.8,1,43.26947320144839,3.0,-6.0,1.599999999999909,15.700261761799108
2023-05-22 18:00:00,42182099999,33.0,1,20.8,1,1003.7,1,48.794473971805594,3.0,-3.6000000000000014,1.900000000000091,5.525000770357202
2023-05-22 21:00:00,42182099999,30.8,1,20.3,1,1003.4,1,53.595254858449735,3.0,-2.1999999999999993,-0.3000000000000682,4.800780886644141
2023-05-23 00:00:00,42182099999,32.2,1,15.9,1,1004.2,1,37.54315973232596,3.0,1.4000000000000021,0.8000000000000682,-16.052095126123774
2023-05-23 03:00:00,42182099999,34.0,1,17.6,1,1004.8,1,37.798615236203595,3.0,1.7999999999999972,0.599999999999909,0.25545550387763427
2023-05-23 06:00:00,42182099999,39.8,1,20.8,1,1004.6,1,33.600341369790975,3.0,5.799999999999997,-0.1999999999999318,-4.19827386641262
2023-05-23 09:00:00,42182099999,42.6,1,22.0,1,1001.6,1,31.174048708342244,3.0,2.8000000000000043,-3.0,-2.4262926614487306
2023-05-23 12:00:00,42182099999,41.8,1,23.5,1,998.7,1,35.61117132255699,3.0,-0.8000000000000043,-2.8999999999999773,4.437122614214747
2023-05-23 15:00:00,42182099999,35.8,1,16.4,1,1001.5,1,31.70402946638879,3.0,-6.0,2.7999999999999545,-3.9071418561682023
2023-05-23 18:00:00,42182099999,33.4,1,18.4,1,1005.5,1,41.10468724232743,3.0,-2.3999999999999986,4.0,9.40065777593864
2023-05-23 21:00:00,42182099999,29.4,1,20.3,1,1002.7,1,58.0813190585354,3.0,-4.0,-2.7999999999999545,16.97663181620797
2023-05-24 00:00:00,42182099999,27.2,1,20.2,1,1003.2,1,65.60582769317126,3.0,-2.1999999999999993,0.5,7.524508634635865
2023-05-24 03:00:00,42182099999,30.6,1,19.3,1,1007.4,1,50.95223924737435,3.0,3.400000000000002,4.199999999999932,-14.653588445796913
2023-05-24 06:00:00,42182099999,32.8,1,20.6,1,1005.8,1,48.742535253752614,3.0,2.1999999999999957,-1.6000000000000227,-2.209703993621737
2023-05-24 09:00:00,42182099999,32.6,1,20.7,1,1003.7,1,49.59948094859373,3.0,-0.19999999999999574,-2.099999999999909,0.8569456948411158
2023-05-24 12:00:00,42182099999,32.8,1,18.0,1,1003.1,1,41.45966418882386,3.0,0.19999999999999574,-0.6000000000000227,-8.139816759769872
2023-05-24 15:00:00,42182099999,29.6,1,18.4,1,1005.4,1,51.0137619532381,3.0,-3.1999999999999957,2.2999999999999545,9.554097764414244
2023-05-24 18:00:00,42182099999,26.4,1,19.6,1,1003.7,1,66.25782759838835,3.0,-3.200000000000003,-1.6999999999999318,15.244065645150243
2023-05-24 21:00:00,42182099999,25.2,1,19.0,1,1001.5,1,68.53404397143257,3.0,-1.1999999999999993,-2.2000000000000455,2.276216373044221
2023-05-25 00:00:00,42182099999,24.0,1,18.0,1,1004.3,1,69.16319209999386,3.0,-1.1999999999999993,2.7999999999999545,0.6291481285612974
2023-05-25 03:00:00,42182099999,27.8,1,19.2,1,1005.9,1,59.53100351964522,3.0,3.8000000000000007,1.6000000000000227,-9.632188580348647
2023-05-25 06:00:00,42182099999,32.8,1,19.8,1,1004.9,1,46.39069479422688,3.0,4.9999999999999964,-1.0,-13.140308725418336
2023-05-25 09:00:00,42182099999,35.4,1,20.2,1,1001.3,1,41.13483185208627,3.0,2.6000000000000014,-3.6000000000000227,-5.25586294214061
2023-05-25 12:00:00,42182099999,35.2,1,20.3,1,1001.6,1,41.85004067497884,3.0,-0.19999999999999574,0.3000000000000682,0.7152088228925706
2023-05-25 15:00:00,42182099999,29.4,1,21.0,1,1003.1,1,60.640804904992116,3.0,-5.800000000000004,1.5,18.790764230013274
2023-05-25 18:00:00,42182099999,26.0,1,20.5,1,1004.4,1,71.7285371211518,3.0,-3.3999999999999986,1.2999999999999545,11.087732216159687
2023-05-25 21:00:00,42182099999,23.4,1,20.3,1,1003.3,1,82.75736601112055,3.0,-2.6000000000000014,-1.1000000000000227,11.02882888996875
2023-05-26 00:00:00,42182099999,22.6,1,19.8,1,1004.7,1,84.21619689321432,3.0,-0.7999999999999972,1.400000000000091,1.458830882093764
2023-05-26 03:00:00,42182099999,25.4,1,18.8,1,1007.3,1,66.88311494829222,3.0,2.799999999999997,2.599999999999909,-17.3330819449221
2023-05-26 06:00:00,42182099999,31.4,1,18.4,1,1007.2,1,46.01865075668593,3.0,6.0,-0.09999999999990905,-20.864464191606288
2023-05-26 09:00:00,42182099999,33.6,1,19.4,1,1006.1,1,43.265309781624985,3.0,2.200000000000003,-1.1000000000000227,-2.7533409750609437
2023-05-26 12:00:00,42182099999,33.2,1,20.0,1,1003.5,1,45.92473341823114,3.0,-0.3999999999999986,-2.6000000000000227,2.6594236366061565
2023-05-26 15:00:00,42182099999,29.6,1,19.5,1,1004.2,1,54.63879144543691,3.0,-3.6000000000000014,0.7000000000000455,8.714058027205766
2023-05-26 18:00:00,42182099999,28.2,1,20.3,1,1004.9,1,62.265326482850305,3.0,-1.4000000000000021,0.6999999999999318,7.626535037413397
2023-05-26 21:00:00,42182099999,27.0,1,20.3,1,1004.6,1,66.79201724100693,3.0,-1.1999999999999993,-0.2999999999999545,4.526690758156626
2023-05-27 00:00:00,42182099999,26.6,1,21.2,1,1003.7,1,72.27790097107153,3.0,-0.3999999999999986,-0.8999999999999773,5.4858837300646
2023-05-27 03:00:00,42182099999,20.6,1,20.6,1,1010.0,1,100.0,3.0,-6.0,6.2999999999999545,27.72209902892847
2023-05-27 06:00:00,42182099999,25.6,1,21.1,1,1005.8,1,76.21186522133068,3.0,5.0,-4.2000000000000455,-23.788134778669317
2023-05-27 09:00:00,42182099999,31.8,1,21.8,1,1004.3,1,55.51617347239948,3.0,6.199999999999999,-1.5,-20.695691748931203
2023-05-27 12:00:00,42182099999,32.0,1,21.3,1,1003.4,1,53.2366666229233,3.0,0.1999999999999993,-0.8999999999999773,-2.279506849476178
2023-05-27 15:00:00,42182099999,28.4,1,24.1,1,1005.1,1,77.56787120852722,3.0,-3.6000000000000014,1.7000000000000455,24.33120458560392
2023-05-27 18:00:00,42182099999,27.6,1,23.8,1,1006.0,1,79.81995065848324,3.0,-0.7999999999999972,0.8999999999999773,2.252079449956014
2023-05-27 21:00:00,42182099999,26.6,1,23.7,1,1004.6,1,84.13765842724912,3.0,-1.0,-1.3999999999999773,4.317707768765885
2023-05-28 00:00:00,42182099999,24.8,1,23.3,1,1005.5,1,91.38660473195172,3.0,-1.8000000000000007,0.8999999999999773,7.248946304702599
2023-05-28 03:00:00,42182099999,28.4,1,22.5,1,1006.5,1,70.42408506037569,3.0,3.599999999999998,1.0,-20.962519671576032
2023-05-28 06:00:00,42182099999,32.4,1,22.2,1,1007.3,1,54.988018967303006,3.0,4.0,0.7999999999999545,-15.436066093072682
2023-05-28 09:00:00,42182099999,34.0,1,24.0,1,1005.2,1,56.04514311511978,3.0,1.6000000000000014,-2.099999999999909,1.057124147816772
2023-05-28 12:00:00,42182099999,34.4,1,25.1,1,1003.2,1,58.53767634739428,3.0,0.3999999999999986,-2.0,2.4925332322745035
2023-05-28 15:00:00,42182099999,31.0,1,24.4,1,1004.4,1,67.99377352527183,3.0,-3.3999999999999986,1.1999999999999318,9.456097177877552
2023-05-28 18:00:00,42182099999,27.8,1,21.5,1,1009.0,1,68.61530293019021,3.0,-3.1999999999999993,4.600000000000023,0.6215294049183768
2023-05-28 21:00:00,42182099999,24.4,1,23.8,1,1008.8,1,96.4626030540391,3.0,-3.400000000000002,-0.20000000000004547,27.847300123848896
2023-05-29 00:00:00,42182099999,22.4,1,21.8,1,1007.6,1,96.41000840186356,3.0,-2.0,-1.1999999999999318,-0.05259465217554293
2023-05-29 03:00:00,42182099999,26.6,1,22.5,1,1009.5,1,78.2479077819723,3.0,4.200000000000003,1.8999999999999773,-18.162100619891262
2023-05-29 06:00:00,42182099999,33.4,1,23.0,1,1008.2,1,54.566580431863855,3.0,6.799999999999997,-1.2999999999999545,-23.681327350108447
2023-05-29 09:00:00,42182099999,30.2,1,24.8,1,1006.3,1,72.90096632227306,3.0,-3.1999999999999993,-1.900000000000091,18.33438589040921
2023-05-29 12:00:00,42182099999,26.8,1,22.7,1,1005.3,1,78.27657315656734,3.0,-3.3999999999999986,-1.0,5.375606834294274
2023-05-29 15:00:00,42182099999,27.6,1,24.1,1,1007.5,1,81.27196286112057,3.0,0.8000000000000007,2.2000000000000455,2.995389704553233
2023-05-29 18:00:00,42182099999,25.8,1,23.2,1,1009.5,1,85.59004257177266,3.0,-1.8000000000000007,2.0,4.318079710652086
2023-05-29 21:00:00,42182099999,24.2,1,22.6,1,1008.2,1,90.79686054581833,3.0,-1.6000000000000014,-1.2999999999999545,5.206817974045677
2023-05-30 00:00:00,42182099999,23.4,1,20.6,1,1007.9,1,84.303446850675,3.0,-0.8000000000000007,-0.3000000000000682,-6.493413695143332
2023-05-30 03:00:00,42182099999,25.4,1,21.2,1,1009.0,1,77.59744380650201,3.0,2.0,1.1000000000000227,-6.706003044172988
2023-05-30 06:00:00,42182099999,32.6,1,22.1,1,1008.0,1,54.04084502929489,3.0,7.200000000000003,-1.0,-23.55659877720712
2023-05-30 09:00:00,42182099999,34.8,1,22.3,1,1005.8,1,48.369264142818636,3.0,2.1999999999999957,-2.2000000000000455,-5.6715808864762565
2023-05-30 12:00:00,42182099999,34.2,1,22.6,1,1003.8,1,50.93053928782519,3.0,-0.5999999999999943,-2.0,2.5612751450065545
2023-05-30 18:00:00,42182099999,22.0,1,21.7,1,1007.0,1,98.18521050372321,6.0,-12.200000000000003,3.2000000000000455,47.25467121589802
2023-05-30 21:00:00,42182099999,22.0,1,21.7,1,1006.6,1,98.18521050372321,3.0,0.0,-0.39999999999997726,0.0
2023-05-31 00:00:00,42182099999,22.0,1,22.0,1,1006.1,1,100.0,3.0,0.0,-0.5,1.8147894962767879
2023-05-31 03:00:00,42182099999,23.0,1,22.7,1,1007.3,1,98.19871205791138,3.0,1.0,1.1999999999999318,-1.8012879420886208
2023-05-31 06:00:00,42182099999,29.0,1,22.2,1,1007.1,1,66.78535949708609,3.0,6.0,-0.1999999999999318,-31.413352560825288
2023-05-31 09:00:00,42182099999,30.6,1,23.0,1,1005.6,1,63.94211751218886,3.0,1.6000000000000014,-1.5,-2.843241984897233
2023-05-31 12:00:00,42182099999,30.0,1,21.4,1,1006.9,1,60.03674120681294,3.0,-0.6000000000000014,1.2999999999999545,-3.905376305375917
2023-05-31 15:00:00,42182099999,23.8,1,21.7,1,1007.5,1,88.04366400310334,3.0,-6.199999999999999,0.6000000000000227,28.006922796290404
2023-05-31 18:00:00,42182099999,23.4,1,22.2,1,1008.4,1,92.98462350012163,3.0,-0.40000000000000213,0.8999999999999773,4.940959497018284
2023-05-31 21:00:00,42182099999,22.8,1,21.9,1,1006.1,1,94.67340418187906,3.0,-0.5999999999999979,-2.2999999999999545,1.6887806817574358
2023-06-01 00:00:00,42182099999,21.6,1,21.3,1,1007.3,1,98.17976747865679,3.0,-1.1999999999999993,1.1999999999999318,3.506363296777721
2023-06-01 03:00:00,42182099999,24.6,1,21.3,1,1007.7,1,81.88902089566457,3.0,3.0,0.40000000000009095,-16.290746582992213
2023-06-01 06:00:00,42182099999,25.0,1,20.4,1,1006.7,1,75.65014160748107,3.0,0.3999999999999986,-1.0,-6.238879288183497
2023-06-01 09:00:00,42182099999,31.4,1,20.6,1,1005.2,1,52.76094443060454,3.0,6.399999999999999,-1.5,-22.889197176876536
2023-06-01 15:00:00,42182099999,27.4,1,23.0,1,1005.4,1,76.95386898986409,6.0,-4.0,0.1999999999999318,24.192924559259552
2023-06-01 18:00:00,42182099999,25.4,1,20.8,1,1005.1,1,75.71358128252226,3.0,-2.0,-0.2999999999999545,-1.2402877073418352
2023-06-01 21:00:00,42182099999,24.2,1,20.2,1,1003.7,1,78.38291200919527,3.0,-1.1999999999999993,-1.3999999999999773,2.66933072667301
2023-06-02 00:00:00,42182099999,22.4,1,20.2,1,1005.5,1,87.38305999003406,3.0,-1.8000000000000007,1.7999999999999545,9.00014798083879
2023-06-02 03:00:00,42182099999,26.4,1,19.6,1,1006.9,1,66.25782759838835,3.0,4.0,1.3999999999999773,-21.12523239164571
2023-06-02 06:00:00,42182099999,31.6,1,18.7,1,1007.0,1,46.36105984341474,3.0,5.200000000000003,0.10000000000002274,-19.896767754973602
2023-06-02 12:00:00,42182099999,32.6,1,,9,1003.5,1,,6.0,1.0,-3.5,
2023-06-02 15:00:00,42182099999,30.2,1,22.3,1,1003.8,1,62.70350473078234,3.0,-2.400000000000002,0.2999999999999545,
2023-06-02 18:00:00,42182099999,28.6,1,21.8,1,1004.7,1,66.70492848245004,3.0,-1.5999999999999979,0.900000000000091,4.001423751667701
2023-06-02 21:00:00,42182099999,27.2,1,21.2,1,1003.9,1,69.77298528509857,3.0,-1.4000000000000021,-0.8000000000000682,3.0680568026485275
2023-06-03 00:00:00,42182099999,23.8,1,20.1,1,1004.4,1,79.7941177858265,3.0,-3.3999999999999986,0.5,10.02113250072793
2023-06-03 03:00:00,42182099999,27.4,1,20.8,1,1006.3,1,67.28568959900366,3.0,3.599999999999998,1.8999999999999773,-12.50842818682284
2023-06-03 06:00:00,42182099999,33.0,1,21.5,1,1006.3,1,50.936406587781846,3.0,5.600000000000001,0.0,-16.349283011221814
2023-06-03 09:00:00,42182099999,34.4,1,22.2,1,1004.9,1,49.15636027363035,3.0,1.3999999999999986,-1.3999999999999773,-1.7800463141514982
2023-06-03 12:00:00,42182099999,35.8,1,18.4,1,1003.3,1,35.972362202956724,3.0,1.3999999999999986,-1.6000000000000227,-13.183998070673624
2023-06-03 15:00:00,42182099999,30.8,1,19.9,1,1003.7,1,52.28529670371479,3.0,-4.9999999999999964,0.40000000000009095,16.312934500758068
2023-06-03 18:00:00,42182099999,28.2,1,20.7,1,1004.4,1,63.820534212683214,3.0,-2.6000000000000014,0.6999999999999318,11.535237508968422
2023-06-03 21:00:00,42182099999,26.4,1,21.0,1,1004.0,1,72.24270469942108,3.0,-1.8000000000000007,-0.39999999999997726,8.422170486737869
2023-06-04 00:00:00,42182099999,27.2,1,21.2,1,1005.9,1,69.77298528509857,3.0,0.8000000000000007,1.8999999999999773,-2.469719414322512
2023-06-04 03:00:00,42182099999,25.4,1,23.0,1,1006.0,1,86.59275173505719,3.0,-1.8000000000000007,0.10000000000002274,16.81976644995862
2023-06-04 06:00:00,42182099999,31.8,1,24.7,1,1005.5,1,66.14596424716504,3.0,6.400000000000002,-0.5,-20.446787487892152
2023-06-04 09:00:00,42182099999,32.6,1,25.0,1,1003.9,1,64.36278271700262,3.0,0.8000000000000007,-1.6000000000000227,-1.7831815301624232
2023-06-04 12:00:00,42182099999,30.8,1,24.2,1,1002.5,1,67.95498445600064,3.0,-1.8000000000000007,-1.3999999999999773,3.5922017389980283
2023-06-04 15:00:00,42182099999,30.0,1,23.3,1,1003.8,1,67.39116386417841,3.0,-0.8000000000000007,1.2999999999999545,-0.5638205918222354
2023-06-04 18:00:00,42182099999,27.8,1,23.4,1,1003.9,1,77.0138849054383,3.0,-2.1999999999999993,0.10000000000002274,9.622721041259894
2023-06-04 21:00:00,42182099999,25.8,1,22.5,1,1002.1,1,82.03579612571595,3.0,-2.0,-1.7999999999999545,5.021911220277644
2023-06-05 00:00:00,42182099999,25.8,1,22.1,1,1002.9,1,80.06341363641829,3.0,0.0,0.7999999999999545,-1.972382489297658
2023-06-05 03:00:00,42182099999,29.8,1,23.1,1,1004.5,1,67.3516781237725,3.0,4.0,1.6000000000000227,-12.711735512645788
2023-06-05 06:00:00,42182099999,34.6,1,22.4,1,1004.2,1,49.20781804636321,3.0,4.800000000000001,-0.2999999999999545,-18.143860077409293
2023-06-05 09:00:00,42182099999,37.0,1,21.9,1,1002.0,1,41.81986488052018,3.0,2.3999999999999986,-2.2000000000000455,-7.3879531658430295
2023-06-05 12:00:00,42182099999,37.2,1,21.4,1,1000.5,1,40.120378794241006,3.0,0.20000000000000284,-1.5,-1.6994860862791725
2023-06-05 15:00:00,42182099999,31.6,1,23.5,1,1002.0,1,62.25158297844957,3.0,-5.600000000000001,1.5,22.131204184208563
2023-06-05 18:00:00,42182099999,29.6,1,23.8,1,1002.9,1,71.07014207384191,3.0,-2.0,0.8999999999999773,8.818559095392338
2023-06-05 21:00:00,42182099999,26.2,1,23.0,1,1002.9,1,82.58282556083142,3.0,-3.400000000000002,0.0,11.512683486989516
2023-06-06 00:00:00,42182099999,24.4,1,22.6,1,1003.6,1,89.71497940989825,3.0,-1.8000000000000007,0.7000000000000455,7.132153849066825
2023-06-06 03:00:00,42182099999,28.8,1,21.0,1,1004.9,1,62.782198156408256,3.0,4.400000000000002,1.2999999999999545,-26.932781253489992
2023-06-06 06:00:00,42182099999,34.8,1,21.6,1,1003.9,1,46.34728534896258,3.0,5.9999999999999964,-1.0,-16.434912807445677
2023-06-06 09:00:00,42182099999,37.8,1,21.2,1,1001.8,1,38.358163168736645,3.0,3.0,-2.1000000000000227,-7.989122180225934
2023-06-06 12:00:00,42182099999,36.8,1,24.1,1,999.6,1,48.30109559331659,3.0,-1.0,-2.199999999999932,9.942932424579944
2023-06-06 15:00:00,42182099999,33.2,1,23.1,1,1001.3,1,55.51706303841751,3.0,-3.5999999999999943,1.6999999999999318,7.215967445100922
2023-06-06 18:00:00,42182099999,31.4,1,22.0,1,1002.7,1,57.48913124065053,3.0,-1.8000000000000043,1.400000000000091,1.972068202233018
2023-06-06 21:00:00,42182099999,29.0,1,20.9,1,1001.7,1,61.67879224265577,3.0,-2.3999999999999986,-1.0,4.189661002005238
2023-06-07 00:00:00,42182099999,25.6,1,21.4,1,1002.7,1,77.6269764291538,3.0,-3.3999999999999986,1.0,15.948184186498032
2023-06-07 03:00:00,42182099999,29.2,1,19.8,1,1004.2,1,56.96582316395901,3.0,3.599999999999998,1.5,-20.66115326519479
2023-06-07 06:00:00,42182099999,35.0,1,20.1,1,1003.6,1,41.7961255281048,3.0,5.800000000000001,-0.6000000000000227,-15.169697635854206
2023-06-07 09:00:00,42182099999,37.6,1,17.7,1,1002.5,1,31.194207410141832,3.0,2.6000000000000014,-1.1000000000000227,-10.60191811796297
2023-06-07 12:00:00,42182099999,37.8,1,20.0,1,1000.0,1,35.62374199796759,3.0,0.19999999999999574,-2.5,4.42953458782576
2023-06-07 15:00:00,42182099999,33.0,1,21.2,1,1000.7,1,50.00855048668853,3.0,-4.799999999999997,0.7000000000000455,14.384808488720935
2023-06-07 18:00:00,42182099999,30.0,1,21.4,1,1001.9,1,60.03674120681294,3.0,-3.0,1.1999999999999318,10.028190720124414
2023-06-07 21:00:00,42182099999,27.0,1,21.3,1,1001.9,1,71.03120402884956,3.0,-3.0,0.0,10.994462822036617
2023-06-08 00:00:00,42182099999,25.0,1,20.4,1,1003.1,1,75.65014160748107,3.0,-2.0,1.2000000000000455,4.618937578631517
2023-06-08 03:00:00,42182099999,31.8,1,19.3,1,1004.2,1,47.586079386321714,3.0,6.800000000000001,1.1000000000000227,-28.06406222115936
2023-06-08 06:00:00,42182099999,37.2,1,19.6,1,1003.1,1,35.904653948451546,3.0,5.400000000000002,-1.1000000000000227,-11.681425437870168
2023-06-08 09:00:00,42182099999,38.6,1,21.1,1,1001.0,1,36.50702148542197,3.0,1.3999999999999986,-2.1000000000000227,0.6023675369704264
2023-06-08 12:00:00,42182099999,38.8,1,20.6,1,998.1,1,35.02126882076273,3.0,0.19999999999999574,-2.8999999999999773,-1.4857526646592447
2023-06-08 15:00:00,42182099999,33.4,1,20.9,1,999.6,1,48.00543683508618,3.0,-5.399999999999999,1.5,12.984168014323451
2023-06-08 18:00:00,42182099999,30.0,1,20.7,1,1000.1,1,57.5102579017241,3.0,-3.3999999999999986,0.5,9.504821066637923
2023-06-08 21:00:00,42182099999,28.2,1,20.7,1,999.7,1,63.820534212683214,3.0,-1.8000000000000007,-0.39999999999997726,6.310276310959111
2023-06-09 00:00:00,42182099999,28.8,1,21.3,1,1000.8,1,63.94883649333304,3.0,0.6000000000000014,1.099999999999909,0.12830228064982663
2023-06-09 03:00:00,42182099999,31.6,1,22.6,1,1000.9,1,58.95264595485285,3.0,2.8000000000000007,0.10000000000002274,-4.996190538480192
2023-06-09 06:00:00,42182099999,36.4,1,23.6,1,999.8,1,47.908694402066544,3.0,4.799999999999997,-1.1000000000000227,-11.043951552786304
2023-06-09 09:00:00,42182099999,40.0,1,19.9,1,997.2,1,31.445728078034875,3.0,3.6000000000000014,-2.599999999999909,-16.46296632403167
2023-06-09 12:00:00,42182099999,39.8,1,20.4,1,995.1,1,32.78216640912338,3.0,-0.20000000000000284,-2.1000000000000227,1.3364383310885017
2023-06-09 15:00:00,42182099999,32.2,1,20.2,1,997.2,1,49.19123426488576,3.0,-7.599999999999994,2.1000000000000227,16.40906785576238
2023-06-09 18:00:00,42182099999,31.4,1,18.8,1,997.3,1,47.185028529026276,3.0,-0.8000000000000043,0.09999999999990905,-2.0062057358594814
2023-06-09 21:00:00,42182099999,30.2,1,18.4,1,997.2,1,49.28378027609706,3.0,-1.1999999999999993,-0.09999999999990905,2.0987517470707857
2023-06-10 00:00:00,42182099999,27.8,1,20.9,1,997.7,1,66.13551830732304,3.0,-2.3999999999999986,0.5,16.851738031225977
2023-06-10 03:00:00,42182099999,32.6,1,20.7,1,999.3,1,49.59948094859373,3.0,4.800000000000001,1.599999999999909,-16.53603735872931
2023-06-10 06:00:00,42182099999,38.4,1,23.3,1,999.2,1,42.19357317571454,3.0,5.799999999999997,-0.09999999999990905,-7.405907772879189
2023-06-10 09:00:00,42182099999,40.8,1,22.5,1,995.9,1,35.34368365734114,3.0,2.3999999999999986,-3.300000000000068,-6.849889518373402
2023-06-10 12:00:00,42182099999,39.0,1,22.3,1,994.3,1,38.446811806277424,3.0,-1.7999999999999972,-1.6000000000000227,3.1031281489362854
2023-06-10 15:00:00,42182099999,34.7,1,21.3,1,996.1,1,45.75695158785809,3.0,-4.299999999999997,1.8000000000000682,7.310139781580666
2023-06-10 18:00:00,42182099999,32.5,1,20.8,1,997.6,1,50.18801543127529,3.0,-2.200000000000003,1.5,4.431063843417199
2023-06-10 21:00:00,42182099999,30.6,1,20.4,1,996.8,1,54.547295560496046,3.0,-1.8999999999999986,-0.8000000000000682,4.359280129220757
2023-06-11 00:00:00,42182099999,28.2,1,22.3,1,998.0,1,70.38726092133687,3.0,-2.400000000000002,1.2000000000000455,15.839965360840829
2023-06-11 03:00:00,42182099999,29.2,1,22.4,1,999.9,1,66.82547661101904,3.0,1.0,1.8999999999999773,-3.561784310317833
2023-06-11 06:00:00,42182099999,35.2,1,22.5,1,999.4,1,47.887740242840856,3.0,6.0000000000000036,-0.5,-18.937736368178186
2023-06-11 09:00:00,42182099999,38.0,1,21.0,1,997.2,1,37.48098388067243,3.0,2.799999999999997,-2.199999999999932,-10.406756362168423
2023-06-11 12:00:00,42182099999,38.0,1,22.1,1,995.4,1,40.09051743468921,3.0,0.0,-1.8000000000000682,2.609533554016778
2023-06-11 15:00:00,42182099999,34.0,1,21.7,1,996.6,1,48.75448871884437,3.0,-4.0,1.2000000000000455,8.66397128415516
2023-06-11 18:00:00,42182099999,31.2,1,22.4,1,998.0,1,59.58083797061803,3.0,-2.8000000000000007,1.3999999999999773,10.826349251773657
2023-06-11 21:00:00,42182099999,30.0,1,22.4,1,997.0,1,63.8146323928593,3.0,-1.1999999999999993,-1.0,4.2337944222412744
2023-06-12 00:00:00,42182099999,29.6,1,22.9,1,997.9,1,67.31212756795189,3.0,-0.3999999999999986,0.8999999999999773,3.4974951750925882
2023-06-12 03:00:00,42182099999,33.6,1,22.9,1,998.6,1,53.632996598820334,3.0,4.0,0.7000000000000455,-13.679130969131556
2023-06-12 06:00:00,42182099999,37.0,1,24.3,1,997.9,1,48.35250304538567,3.0,3.3999999999999986,-0.7000000000000455,-5.280493553434667
2023-06-12 09:00:00,42182099999,39.6,1,24.1,1,996.1,1,41.50490228047933,3.0,2.6000000000000014,-1.7999999999999545,-6.847600764906339
2023-06-12 12:00:00,42182099999,39.2,1,23.3,1,994.3,1,40.41199670192585,3.0,-0.3999999999999986,-1.8000000000000682,-1.0929055785534771
2023-06-12 15:00:00,42182099999,36.4,1,24.9,1,996.4,1,51.79231822369732,3.0,-2.8000000000000043,2.1000000000000227,11.38032152177147
2023-06-12 18:00:00,42182099999,33.8,1,25.1,1,997.7,1,60.52964398250845,3.0,-2.6000000000000014,1.3000000000000682,8.737325758811131
2023-06-12 21:00:00,42182099999,31.4,1,24.6,1,997.3,1,67.26247234040332,3.0,-2.3999999999999986,-0.40000000000009095,6.732828357894867
2023-06-13 00:00:00,42182099999,30.8,1,24.5,1,997.9,1,69.18743090524858,3.0,-0.5999999999999979,0.6000000000000227,1.9249585648452552
2023-06-13 03:00:00,42182099999,33.8,1,23.1,1,998.9,1,53.682250230841014,3.0,2.9999999999999964,1.0,-15.505180674407562
2023-06-13 06:00:00,42182099999,39.4,1,23.9,1,997.8,1,41.45172720267665,3.0,5.600000000000001,-1.1000000000000227,-12.230523028164363
2023-06-13 09:00:00,42182099999,41.2,1,23.7,1,995.9,1,37.20540787830379,3.0,1.8000000000000043,-1.8999999999999773,-4.2463193243728625
2023-06-13 12:00:00,42182099999,41.4,1,24.7,1,993.4,1,39.08886026144689,3.0,0.19999999999999574,-2.5,1.8834523831431014
2023-06-13 15:00:00,42182099999,37.2,1,23.2,1,994.6,1,44.76384345392164,3.0,-4.199999999999996,1.2000000000000455,5.674983192474748
2023-06-13 18:00:00,42182099999,35.6,1,22.6,1,997.0,1,47.126320222245404,3.0,-1.6000000000000014,2.3999999999999773,2.3624767683237664
2023-06-13 21:00:00,42182099999,33.4,1,22.3,1,996.8,1,52.2972859735491,3.0,-2.200000000000003,-0.20000000000004547,5.170965751303697
2023-06-14 00:00:00,42182099999,30.6,1,21.1,1,998.1,1,56.94918492640599,3.0,-2.799999999999997,1.3000000000000682,4.6518989528568895
2023-06-14 03:00:00,42182099999,34.0,1,23.4,1,1000.2,1,54.05676031075814,3.0,3.3999999999999986,2.1000000000000227,-2.8924246156478475
2023-06-14 06:00:00,42182099999,38.2,1,25.1,1,998.0,1,47.51550944363905,3.0,4.200000000000003,-2.2000000000000455,-6.541250867119096
2023-06-14 09:00:00,42182099999,40.2,1,25.2,1,996.9,1,42.92536934286338,3.0,2.0,-1.1000000000000227,-4.59014010077567
2023-06-14 12:00:00,42182099999,40.0,1,26.3,1,994.8,1,46.31049650209447,3.0,-0.20000000000000284,-2.1000000000000227,3.3851271592310965
2023-06-14 15:00:00,42182099999,37.2,1,25.2,1,996.7,1,50.46912360311821,3.0,-2.799999999999997,1.900000000000091,4.15862710102374
2023-06-14 18:00:00,42182099999,36.0,1,24.7,1,998.7,1,52.31450796094774,3.0,-1.2000000000000028,2.0,1.8453843578295306
2023-06-14 21:00:00,42182099999,32.8,1,23.9,1,997.8,1,59.58555475694366,3.0,-3.200000000000003,-0.900000000000091,7.271046795995915
2023-06-15 00:00:00,42182099999,30.2,1,23.9,1,998.1,1,69.0741524820506,3.0,-2.599999999999998,0.3000000000000682,9.488597725106935
2023-06-15 03:00:00,42182099999,33.0,1,22.9,1,1000.1,1,55.468825283877344,3.0,2.8000000000000007,2.0,-13.60532719817325
2023-06-15 06:00:00,42182099999,36.0,1,24.1,1,1001.1,1,50.46801146991017,3.0,3.0,1.0,-5.000813813967177
2023-06-15 09:00:00,42182099999,36.0,1,25.4,1,999.7,1,54.5432379644633,3.0,0.0,-1.3999999999999773,4.075226494553135
2023-06-15 15:00:00,42182099999,33.6,1,24.2,1,998.5,1,58.00441896805416,6.0,-2.3999999999999986,-1.2000000000000455,3.461181003590859
2023-06-15 18:00:00,42182099999,31.0,1,23.2,1,999.6,1,63.258166707380134,3.0,-2.6000000000000014,1.1000000000000227,5.2537477393259735
2023-06-15 21:00:00,42182099999,29.8,1,23.1,1,999.2,1,67.3516781237725,3.0,-1.1999999999999993,-0.39999999999997726,4.093511416392367
2023-06-16 00:00:00,42182099999,29.0,1,20.9,1,999.4,1,61.67879224265577,3.0,-0.8000000000000007,0.1999999999999318,-5.672885881116734
2023-06-16 03:00:00,42182099999,33.2,1,21.4,1,1000.5,1,50.059858025093185,3.0,4.200000000000003,1.1000000000000227,-11.618934217562582
2023-06-16 06:00:00,42182099999,37.0,1,26.2,1,1000.1,1,54.14093100320115,3.0,3.799999999999997,-0.39999999999997726,4.081072978107969
2023-06-16 09:00:00,42182099999,37.8,1,22.6,1,997.9,1,41.77941499803934,3.0,0.7999999999999972,-2.2000000000000455,-12.36151600516181
2023-06-16 12:00:00,42182099999,29.4,1,26.9,1,997.9,1,86.44896966030107,3.0,-8.399999999999999,0.0,44.66955466226173
2023-06-16 15:00:00,42182099999,30.4,1,28.5,1,998.6,1,89.61803111590942,3.0,1.0,0.7000000000000455,3.169061455608343
2023-06-16 18:00:00,42182099999,29.4,1,27.8,1,999.2,1,91.12987608237039,3.0,-1.0,0.6000000000000227,1.5118449664609699
2023-06-16 21:00:00,42182099999,28.8,1,27.1,1,998.4,1,90.55942797559786,3.0,-0.5999999999999979,-0.8000000000000682,-0.5704481067725311
2023-06-17 00:00:00,42182099999,28.4,1,25.6,1,998.9,1,84.83323810049623,3.0,-0.40000000000000213,0.5,-5.726189875101625
2023-06-17 03:00:00,42182099999,30.2,1,24.5,1,1001.0,1,71.60525312499601,3.0,1.8000000000000007,2.1000000000000227,-13.22798497550022
2023-06-17 06:00:00,42182099999,34.2,1,24.6,1,1000.9,1,57.45282698261636,3.0,4.0000000000000036,-0.10000000000002274,-14.152426142379653
2023-06-17 09:00:00,42182099999,37.8,1,24.6,1,998.5,1,47.12978764572158,3.0,3.5999999999999943,-2.3999999999999773,-10.32303933689478
2023-06-17 12:00:00,42182099999,37.6,1,25.7,1,996.4,1,50.870668876310155,3.0,-0.19999999999999574,-2.1000000000000227,3.7408812305885775
2023-06-17 15:00:00,42182099999,32.6,1,25.3,1,998.9,1,65.52306428907129,3.0,-5.0,2.5,14.65239541276113
2023-06-17 18:00:00,42182099999,30.4,1,24.7,1,1000.6,1,71.64060697493404,3.0,-2.200000000000003,1.7000000000000455,6.117542685862759
2023-06-17 21:00:00,42182099999,28.8,1,24.2,1,1000.1,1,76.24353220041739,3.0,-1.5999999999999979,-0.5,4.602925225483347
2023-06-18 00:00:00,42182099999,29.6,1,23.8,1,1000.0,1,71.07014207384191,3.0,0.8000000000000007,-0.10000000000002274,-5.173390126575484
2023-06-18 03:00:00,42182099999,32.2,1,25.8,1,1002.1,1,69.03930501374236,3.0,2.6000000000000014,2.1000000000000227,-2.030837060099543
2023-06-18 06:00:00,42182099999,34.0,1,25.9,1,1000.8,1,62.77037868066636,3.0,1.7999999999999972,-1.3000000000000682,-6.268926333076003
2023-06-18 09:00:00,42182099999,36.0,1,26.3,1,998.0,1,57.530492699389136,3.0,2.0,-2.7999999999999545,-5.239885981277226
2023-06-18 12:00:00,42182099999,34.6,1,24.1,1,997.4,1,54.52982508908034,3.0,-1.3999999999999986,-0.6000000000000227,-3.0006676103087955
2023-06-18 15:00:00,42182099999,32.8,1,24.6,1,997.7,1,62.13958951433999,3.0,-1.8000000000000043,0.3000000000000682,7.609764425259648
2023-06-18 18:00:00,42182099999,31.2,1,24.3,1,998.6,1,66.82152314124305,3.0,-1.5999999999999979,0.8999999999999773,4.68193362690306
2023-06-18 21:00:00,42182099999,30.0,1,23.7,1,997.6,1,69.03626644470846,3.0,-1.1999999999999993,-1.0,2.2147433034654114
2023-06-19 00:00:00,42182099999,28.6,1,23.1,1,998.3,1,72.18874813372028,3.0,-1.3999999999999986,0.6999999999999318,3.1524816890118217
2023-06-19 03:00:00,42182099999,27.2,1,26.6,1,1000.0,1,96.53432701791446,3.0,-1.4000000000000021,1.7000000000000455,24.345578884194182
2023-06-19 06:00:00,42182099999,27.8,1,25.8,1,999.8,1,88.89979374390309,3.0,0.6000000000000014,-0.20000000000004547,-7.634533274011375
2023-06-19 09:00:00,42182099999,33.4,1,25.6,1,997.2,1,63.76827162149033,3.0,5.599999999999998,-2.599999999999909,-25.13152212241276
2023-06-19 12:00:00,42182099999,29.2,1,25.8,1,996.5,1,81.95548127118022,3.0,-4.199999999999999,-0.7000000000000455,18.18720964968989
2023-06-19 15:00:00,42182099999,29.0,1,26.2,1,997.1,1,84.89506306062921,3.0,-0.1999999999999993,0.6000000000000227,2.9395817894489937
2023-06-19 18:00:00,42182099999,28.4,1,25.9,1,997.5,1,86.35566419509173,3.0,-0.6000000000000014,0.39999999999997726,1.4606011344625216
2023-06-19 21:00:00,42182099999,27.6,1,25.3,1,997.1,1,87.31379479213656,3.0,-0.7999999999999972,-0.39999999999997726,0.9581305970448284
2023-06-20 00:00:00,42182099999,28.0,1,25.2,1,998.1,1,84.79181717750924,3.0,0.3999999999999986,1.0,-2.5219776146273176
2023-06-20 03:00:00,42182099999,30.2,1,26.6,1,999.9,1,81.1147334710309,3.0,2.1999999999999993,1.7999999999999545,-3.677083706478342
2023-06-20 06:00:00,42182099999,34.4,1,27.6,1,999.5,1,67.84590048124622,3.0,4.199999999999999,-0.39999999999997726,-13.268832989784684
2023-06-20 09:00:00,42182099999,37.6,1,25.0,1,997.5,1,48.79655470248206,3.0,3.200000000000003,-2.0,-19.049345778764156
2023-06-20 12:00:00,42182099999,36.4,1,24.2,1,996.4,1,49.668243867326865,3.0,-1.2000000000000028,-1.1000000000000227,0.8716891648448026
2023-06-20 15:00:00,42182099999,31.4,1,25.8,1,997.7,1,72.24352874821913,3.0,-5.0,1.3000000000000682,22.57528488089227
2023-06-20 18:00:00,42182099999,30.2,1,25.1,1,998.9,1,74.2171474546091,3.0,-1.1999999999999993,1.1999999999999318,1.9736187063899706
2023-06-20 21:00:00,42182099999,29.4,1,25.1,1,998.8,1,77.71354294293734,3.0,-0.8000000000000007,-0.10000000000002274,3.4963954883282327
2023-06-21 00:00:00,42182099999,29.0,1,25.3,1,999.9,1,80.48371679996085,3.0,-0.3999999999999986,1.1000000000000227,2.770173857023508
2023-06-21 03:00:00,42182099999,29.2,1,26.4,1,1001.6,1,84.91559008084812,3.0,0.1999999999999993,1.7000000000000455,4.431873280887274
2023-06-21 06:00:00,42182099999,30.8,1,26.3,1,1001.2,1,77.00117625197225,3.0,1.6000000000000014,-0.39999999999997726,-7.914413828875865
2023-06-21 09:00:00,42182099999,36.2,1,26.3,1,998.5,1,56.90141318081153,3.0,5.400000000000002,-2.7000000000000455,-20.099763071160723
2023-06-21 12:00:00,42182099999,36.6,1,26.7,1,996.3,1,56.99489238429929,3.0,0.3999999999999986,-2.2000000000000455,0.09347920348776029
2023-06-21 15:00:00,42182099999,33.4,1,26.8,1,998.2,1,68.4542986966963,3.0,-3.200000000000003,1.900000000000091,11.459406312397007
2023-06-21 18:00:00,42182099999,30.8,1,25.1,1,999.8,1,71.71113203855039,3.0,-2.599999999999998,1.599999999999909,3.2568333418540902
2023-06-21 21:00:00,42182099999,29.4,1,24.5,1,999.5,1,74.97860136800087,3.0,-1.4000000000000021,-0.2999999999999545,3.2674693294504777
2023-06-22 00:00:00,42182099999,28.8,1,27.4,1,999.6,1,92.16646996907035,3.0,-0.5999999999999979,0.10000000000002274,17.187868601069482
2023-06-22 03:00:00,42182099999,29.6,1,28.2,1,1001.8,1,92.2106512336583,3.0,0.8000000000000007,2.199999999999932,0.04418126458794802
2023-06-22 06:00:00,42182099999,32.4,1,26.0,1,1001.4,1,69.07688914571028,3.0,2.799999999999997,-0.39999999999997726,-23.133762087948014
2023-06-22 09:00:00,42182099999,36.8,1,26.0,1,998.6,1,54.09249800503277,3.0,4.399999999999999,-2.7999999999999545,-14.98439114067751
2023-06-22 12:00:00,42182099999,36.4,1,26.8,1,996.6,1,57.96331263280552,3.0,-0.3999999999999986,-2.0,3.870814627772745
2023-06-22 15:00:00,42182099999,34.0,1,25.9,1,997.3,1,62.77037868066636,3.0,-2.3999999999999986,0.6999999999999318,4.807066047860843
2023-06-22 18:00:00,42182099999,33.6,1,25.5,1,998.5,1,62.6845670375821,3.0,-0.3999999999999986,1.2000000000000455,-0.08581164308426281
2023-06-22 21:00:00,42182099999,32.4,1,26.0,1,997.9,1,69.07688914571028,3.0,-1.2000000000000028,-0.6000000000000227,6.392322108128184
2023-06-23 00:00:00,42182099999,28.4,1,27.0,1,998.7,1,92.14424033203443,3.0,-4.0,0.8000000000000682,23.067351186324146
2023-06-23 03:00:00,42182099999,31.6,1,26.3,1,1000.2,1,73.57131384659597,3.0,3.200000000000003,1.5,-18.572926485438458
2023-06-23 06:00:00,42182099999,35.2,1,25.7,1,1001.5,1,58.02912462233106,3.0,3.6000000000000014,1.2999999999999545,-15.54218922426491
2023-06-23 09:00:00,42182099999,37.0,1,25.9,1,998.5,1,53.18854985835784,3.0,1.7999999999999972,-3.0,-4.840574763973223
2023-06-23 12:00:00,42182099999,35.8,1,27.3,1,996.5,1,61.692070231226595,3.0,-1.2000000000000028,-2.0,8.503520372868756
2023-06-23 15:00:00,42182099999,34.0,1,27.1,1,997.8,1,67.37244576814547,3.0,-1.7999999999999972,1.2999999999999545,5.6803755369188735
2023-06-23 18:00:00,42182099999,32.2,1,27.2,1,998.1,1,74.979976618763,3.0,-1.7999999999999972,0.3000000000000682,7.607530850617536
2023-06-23 21:00:00,42182099999,31.2,1,27.6,1,998.4,1,81.23924051845427,3.0,-1.0000000000000036,0.2999999999999545,6.259263899691263
2023-06-24 00:00:00,42182099999,31.2,1,27.6,1,998.5,1,81.23924051845427,3.0,0.0,0.10000000000002274,0.0
2023-06-24 03:00:00,42182099999,32.4,1,26.0,1,999.8,1,69.07688914571028,3.0,1.1999999999999993,1.2999999999999545,-12.162351372743984
2023-06-24 06:00:00,42182099999,36.6,1,25.1,1,999.4,1,51.842111339562344,3.0,4.200000000000003,-0.39999999999997726,-17.23477780614794
2023-06-24 09:00:00,42182099999,35.4,1,27.5,1,998.0,1,63.81179206152036,3.0,-1.2000000000000028,-1.3999999999999773,11.969680721958014
2023-06-24 12:00:00,42182099999,32.8,1,25.5,1,996.4,1,65.56377770296238,3.0,-2.6000000000000014,-1.6000000000000227,1.751985641442026
2023-06-24 15:00:00,42182099999,30.6,1,25.2,1,997.8,1,72.96898936310727,3.0,-2.1999999999999957,1.3999999999999773,7.405211660144886
2023-06-24 18:00:00,42182099999,30.0,1,25.8,1,999.7,1,78.26294962837345,3.0,-0.6000000000000014,1.900000000000091,5.293960265266179
2023-06-24 21:00:00,42182099999,29.4,1,25.7,1,999.1,1,80.53536024141098,3.0,-0.6000000000000014,-0.6000000000000227,2.272410613037536
2023-06-25 00:00:00,42182099999,25.2,1,25.2,1,1000.5,1,100.0,3.0,-4.199999999999999,1.3999999999999773,19.464639758589016
2023-06-25 03:00:00,42182099999,24.6,1,24.6,1,1002.2,1,100.0,3.0,-0.5999999999999979,1.7000000000000455,0.0
2023-06-25 06:00:00,42182099999,25.4,1,25.4,1,1002.6,1,100.0,3.0,0.7999999999999972,0.39999999999997726,0.0
2023-06-25 09:00:00,42182099999,25.4,1,25.1,1,1001.5,1,98.23050936880627,3.0,0.0,-1.1000000000000227,-1.769490631193733
2023-06-25 12:00:00,42182099999,28.6,1,26.4,1,998.9,1,87.91868204829599,3.0,3.200000000000003,-2.6000000000000227,-10.311827320510275
2023-06-25 15:00:00,42182099999,27.2,1,25.8,1,1000.0,1,92.07698925377626,3.0,-1.4000000000000021,1.1000000000000227,4.15830720548027
2023-06-25 18:00:00,42182099999,27.0,1,25.9,1,1002.1,1,93.71791865005993,3.0,-0.1999999999999993,2.1000000000000227,1.640929396283667
2023-06-26 00:00:00,42182099999,26.6,1,26.0,1,1000.9,1,96.51914127003087,6.0,-0.3999999999999986,-1.2000000000000455,2.801222619970943
2023-06-26 03:00:00,42182099999,28.6,1,26.6,1,1001.9,1,88.96156313904507,3.0,2.0,1.0,-7.557578130985803
2023-06-26 06:00:00,42182099999,31.4,1,26.7,1,1002.6,1,76.18814229624397,3.0,2.799999999999997,0.7000000000000455,-12.773420842801102
2023-06-26 09:00:00,42182099999,32.2,1,25.8,1,1000.6,1,69.03930501374236,3.0,0.8000000000000043,-2.0,-7.148837282501603
2023-06-26 12:00:00,42182099999,30.6,1,26.1,1,998.4,1,76.97150804274018,3.0,-1.6000000000000014,-2.2000000000000455,7.932203028997819
2023-06-26 15:00:00,42182099999,30.4,1,24.4,1,999.5,1,70.36635155961307,3.0,-0.20000000000000284,1.1000000000000227,-6.605156483127118
2023-06-26 18:00:00,42182099999,28.6,1,24.3,1,1001.3,1,77.59711341151534,3.0,-1.7999999999999972,1.7999999999999545,7.2307618519022725
2023-06-26 21:00:00,42182099999,27.8,1,23.7,1,1000.1,1,78.41909711972701,3.0,-0.8000000000000007,-1.1999999999999318,0.8219837082116754
2023-06-27 00:00:00,42182099999,25.8,1,25.8,1,1000.1,1,100.0,3.0,-2.0,0.0,21.580902880272987
2023-06-27 03:00:00,42182099999,26.4,1,25.8,1,1000.6,1,96.51405730461323,3.0,0.5999999999999979,0.5,-3.4859426953867683
2023-06-27 06:00:00,42182099999,31.6,1,26.9,1,1000.8,1,76.21857827105511,3.0,5.200000000000003,0.1999999999999318,-20.295479033558124
2023-06-27 09:00:00,42182099999,33.4,1,26.5,1,999.0,1,67.25543915862544,3.0,1.7999999999999972,-1.7999999999999545,-8.963139112429673
2023-06-27 12:00:00,42182099999,32.0,1,27.9,1,997.6,1,79.0033862804747,3.0,-1.3999999999999986,-1.3999999999999773,11.747947121849265
2023-06-27 15:00:00,42182099999,30.6,1,27.3,1,998.8,1,82.60607945629376,3.0,-1.3999999999999986,1.1999999999999318,3.6026931758190557
2023-06-27 18:00:00,42182099999,29.6,1,27.4,1,1001.1,1,88.00194722290112,3.0,-1.0,2.300000000000068,5.395867766607367
2023-06-27 21:00:00,42182099999,28.6,1,26.6,1,1000.5,1,88.96156313904507,3.0,-1.0,-0.6000000000000227,0.9596159161439459
2023-06-28 00:00:00,42182099999,28.0,1,26.0,1,1000.7,1,88.91528354225218,3.0,-0.6000000000000014,0.20000000000004547,-0.04627959679288551
2023-06-28 03:00:00,42182099999,30.4,1,26.8,1,1001.7,1,81.13972960661955,3.0,2.3999999999999986,1.0,-7.7755539356326295
2023-06-28 06:00:00,42182099999,34.4,1,27.0,1,1001.8,1,65.50141485922862,3.0,4.0,0.09999999999990905,-15.638314747390936
2023-06-28 09:00:00,42182099999,35.4,1,26.6,1,999.8,1,60.52699050467956,3.0,1.0,-2.0,-4.974424354549058
2023-06-28 12:00:00,42182099999,29.0,1,24.4,1,999.4,1,76.27419595958764,3.0,-6.399999999999999,-0.39999999999997726,15.747205454908084
2023-06-28 15:00:00,42182099999,29.6,1,27.4,1,1000.1,1,88.00194722290112,3.0,0.6000000000000014,0.7000000000000455,11.727751263313479
2023-06-28 18:00:00,42182099999,29.0,1,27.3,1,1001.7,1,90.57266984744003,3.0,-0.6000000000000014,1.6000000000000227,2.5707226245389023
2023-06-28 21:00:00,42182099999,28.2,1,26.5,1,1000.6,1,90.51953760720181,3.0,-0.8000000000000007,-1.1000000000000227,-0.05313224023821306
2023-06-29 00:00:00,42182099999,28.4,1,27.3,1,1000.7,1,93.78062725022617,3.0,0.1999999999999993,0.10000000000002274,3.2610896430243628
2023-06-29 03:00:00,42182099999,24.6,1,24.6,1,1003.1,1,100.0,3.0,-3.799999999999997,2.3999999999999773,6.219372749773825
2023-06-29 06:00:00,42182099999,26.6,1,26.6,1,1002.1,1,100.0,3.0,2.0,-1.0,0.0
2023-06-29 09:00:00,42182099999,32.2,1,27.0,1,998.4,1,74.10487661671202,3.0,5.600000000000001,-3.7000000000000455,-25.89512338328798
2023-06-29 12:00:00,42182099999,33.2,1,27.1,1,997.5,1,70.45783465512956,3.0,1.0,-0.8999999999999773,-3.6470419615824596
2023-06-29 18:00:00,42182099999,29.2,1,26.4,1,999.5,1,84.91559008084812,6.0,-4.0000000000000036,2.0,14.45775542571856
2023-06-29 21:00:00,42182099999,28.4,1,26.2,1,998.7,1,87.90192756472376,3.0,-0.8000000000000007,-0.7999999999999545,2.9863374838756442
2023-06-30 00:00:00,42182099999,26.0,1,25.1,1,998.7,1,94.79622941585653,3.0,-2.3999999999999986,0.0,6.8943018511327665
2023-06-30 03:00:00,42182099999,27.8,1,26.4,1,999.6,1,92.11072068322818,3.0,1.8000000000000007,0.8999999999999773,-2.6855087326283495
2023-06-30 06:00:00,42182099999,32.0,1,26.7,1,1000.1,1,73.63761837389029,3.0,4.199999999999999,0.5,-18.47310230933789
2023-06-30 09:00:00,42182099999,28.4,1,26.7,1,997.6,1,90.53286192976505,3.0,-3.6000000000000014,-2.5,16.895243555874757
2023-06-30 12:00:00,42182099999,27.4,1,26.8,1,996.7,1,96.53936698995483,3.0,-1.0,-0.8999999999999773,6.006505060189781
2023-06-30 15:00:00,42182099999,27.2,1,26.4,1,997.9,1,95.40267171979633,3.0,-0.1999999999999993,1.1999999999999318,-1.1366952701584978
2023-06-30 18:00:00,42182099999,27.0,1,26.4,1,999.0,1,96.5292760949642,3.0,-0.1999999999999993,1.1000000000000227,1.1266043751678723
2023-06-30 21:00:00,42182099999,25.6,1,25.3,1,998.2,1,98.23312117951836,3.0,-1.3999999999999986,-0.7999999999999545,1.7038450845541604
2023-07-01 00:00:00,42182099999,25.8,1,25.5,1,998.5,1,98.23572722928968,3.0,0.1999999999999993,0.2999999999999545,0.0026060497713160657
2023-07-01 03:00:00,42182099999,28.0,1,26.0,1,999.8,1,88.91528354225218,3.0,2.1999999999999993,1.2999999999999545,-9.320443687037496
2023-07-01 06:00:00,42182099999,31.4,1,26.1,1,1000.6,1,73.53807422593974,3.0,3.3999999999999986,0.8000000000000682,-15.377209316312445
2023-07-01 09:00:00,42182099999,33.8,1,26.6,1,998.8,1,66.15514213531858,3.0,2.3999999999999986,-1.8000000000000682,-7.3829320906211535
2023-07-01 12:00:00,42182099999,34.2,1,26.8,1,997.6,1,65.46087940474851,3.0,0.4000000000000057,-1.1999999999999318,-0.6942627305700739
2023-07-01 15:00:00,42182099999,30.6,1,26.1,1,999.2,1,76.97150804274018,3.0,-3.6000000000000014,1.6000000000000227,11.510628637991672
2023-07-01 18:00:00,42182099999,28.8,1,25.7,1,1001.9,1,83.37928484286573,3.0,-1.8000000000000007,2.699999999999932,6.407776800125546
2023-07-01 21:00:00,42182099999,27.6,1,26.2,1,1000.8,1,92.09950049107172,3.0,-1.1999999999999993,-1.1000000000000227,8.720215648205993
2023-07-02 00:00:00,42182099999,27.2,1,25.8,1,1000.0,1,92.07698925377626,3.0,-0.40000000000000213,-0.7999999999999545,-0.02251123729546123
2023-07-02 03:00:00,42182099999,29.4,1,26.6,1,1001.1,1,84.9360766224706,3.0,2.1999999999999993,1.1000000000000227,-7.1409126313056674
2023-07-02 06:00:00,42182099999,32.8,1,25.5,1,1000.8,1,65.56377770296238,3.0,3.3999999999999986,-0.3000000000000682,-19.37229891950821
2023-07-02 09:00:00,42182099999,34.8,1,24.3,1,998.5,1,54.57837119757018,3.0,2.0,-2.2999999999999545,-10.985406505392206
2023-07-02 12:00:00,42182099999,35.4,1,24.7,1,996.7,1,54.073991186560164,3.0,0.6000000000000014,-1.7999999999999545,-0.5043800110100136
2023-07-02 15:00:00,42182099999,32.0,1,26.1,1,,9,71.07626571001893,3.0,-3.3999999999999986,,17.002274523458766
2023-07-02 18:00:00,42182099999,30.6,1,26.1,1,1000.2,1,76.97150804274018,3.0,-1.3999999999999986,,5.895242332721253
2023-07-02 21:00:00,42182099999,29.4,1,26.0,1,999.6,1,81.97957178446406,3.0,-1.2000000000000028,-0.6000000000000227,5.008063741723873
2023-07-03 00:00:00,42182099999,29.0,1,26.8,1,999.8,1,87.95208930052544,3.0,-0.3999999999999986,0.1999999999999318,5.972517516061387
2023-07-03 03:00:00,42182099999,31.0,1,26.3,1,1000.5,1,76.1271052167908,3.0,2.0,0.7000000000000455,-11.824984083734648
2023-07-03 06:00:00,42182099999,34.2,1,25.2,1,999.9,1,59.54690108998311,3.0,3.200000000000003,-0.6000000000000227,-16.580204126807686
2023-07-03 09:00:00,42182099999,36.4,1,24.9,1,997.9,1,51.79231822369732,3.0,2.1999999999999957,-2.0,-7.754582866285787
2023-07-03 12:00:00,42182099999,37.6,1,26.6,1,996.2,1,53.65040916887702,3.0,1.2000000000000028,-1.6999999999999318,1.858090945179697
2023-07-03 15:00:00,42182099999,34.2,1,27.4,1,997.1,1,67.80744627376714,3.0,-3.3999999999999986,0.8999999999999773,14.157037104890122
2023-07-03 18:00:00,42182099999,32.4,1,27.2,1,998.9,1,74.13743365834232,3.0,-1.8000000000000043,1.7999999999999545,6.329987384575176
2023-07-03 21:00:00,42182099999,30.8,1,26.9,1,998.3,1,79.77185498360923,3.0,-1.5999999999999979,-0.6000000000000227,5.6344213252669135
2023-07-04 00:00:00,42182099999,30.8,1,26.9,1,997.6,1,79.77185498360923,3.0,0.0,-0.6999999999999318,0.0
2023-07-04 03:00:00,42182099999,32.4,1,27.5,1,998.2,1,75.45207406041715,3.0,1.5999999999999979,0.6000000000000227,-4.319780923192084
2023-07-04 06:00:00,42182099999,34.8,1,27.4,1,998.7,1,65.58229461658019,3.0,2.3999999999999986,0.5,-9.869779443836961
2023-07-04 09:00:00,42182099999,34.4,1,28.4,1,998.1,1,71.08573973066518,3.0,-0.3999999999999986,-0.6000000000000227,5.503445114084997
2023-07-04 12:00:00,42182099999,30.2,1,25.4,1,996.4,1,75.55406963834521,3.0,-4.199999999999999,-1.7000000000000455,4.46832990768003
2023-07-04 15:00:00,42182099999,31.4,1,27.0,1,996.4,1,77.54420157006253,3.0,1.1999999999999993,0.0,1.9901319317173147
2023-07-04 18:00:00,42182099999,30.6,1,26.4,1,998.9,1,78.34767637456054,3.0,-0.7999999999999972,2.5,0.8034748044980091
2023-07-04 21:00:00,42182099999,29.8,1,26.5,1,997.6,1,82.51286135002354,3.0,-0.8000000000000007,-1.2999999999999545,4.165184975463006
2023-07-05 00:00:00,42182099999,29.2,1,26.4,1,997.5,1,84.91559008084812,3.0,-0.6000000000000014,-0.10000000000002274,2.4027287308245775
2023-07-05 03:00:00,42182099999,30.0,1,27.2,1,998.7,1,84.99729439748566,3.0,0.8000000000000007,1.2000000000000455,0.0817043166375413
2023-07-05 06:00:00,42182099999,34.0,1,26.5,1,998.4,1,65.03583657618948,3.0,4.0,-0.3000000000000682,-19.96145782129618
2023-07-05 09:00:00,42182099999,34.8,1,26.8,1,995.9,1,63.31273208033373,3.0,0.7999999999999972,-2.5,-1.7231044958557504
2023-07-05 12:00:00,42182099999,34.2,1,27.4,1,997.0,1,67.80744627376714,3.0,-0.5999999999999943,1.1000000000000227,4.49471419343341
2023-07-05 15:00:00,42182099999,27.0,1,26.4,1,998.2,1,96.5292760949642,3.0,-7.200000000000003,1.2000000000000455,28.721829821197062
2023-07-05 18:00:00,42182099999,27.0,1,26.4,1,999.2,1,96.5292760949642,3.0,0.0,1.0,0.0
2023-07-05 21:00:00,42182099999,26.6,1,26.0,1,998.4,1,96.51914127003087,3.0,-0.3999999999999986,-0.8000000000000682,-0.010134824933331288
2023-07-06 00:00:00,42182099999,27.6,1,26.8,1,998.6,1,95.41595470562915,3.0,1.0,0.20000000000004547,-1.1031865644017245
2023-07-06 03:00:00,42182099999,29.8,1,26.7,1,999.8,1,83.49088910584811,3.0,2.1999999999999993,1.1999999999999318,-11.925065599781036
2023-07-06 06:00:00,42182099999,26.8,1,25.7,1,1001.5,1,93.70888380751718,3.0,-3.0,1.7000000000000455,10.21799470166907
2023-07-06 09:00:00,42182099999,30.0,1,26.4,1,999.8,1,81.08968974474207,3.0,3.1999999999999993,-1.7000000000000455,-12.619194062775108
2023-07-06 12:00:00,42182099999,29.8,1,25.9,1,998.1,1,79.63860889063328,3.0,-0.1999999999999993,-1.6999999999999318,-1.4510808541087954
2023-07-06 15:00:00,42182099999,28.6,1,25.5,1,1000.4,1,83.35683314726084,3.0,-1.1999999999999993,2.2999999999999545,3.7182242566275647
2023-07-06 18:00:00,42182099999,28.2,1,25.9,1,1000.8,1,87.36638064071765,3.0,-0.40000000000000213,0.39999999999997726,4.009547493456807
2023-07-06 21:00:00,42182099999,27.6,1,25.6,1,1000.5,1,88.88427217188078,3.0,-0.5999999999999979,-0.2999999999999545,1.51789153116313
2023-07-07 00:00:00,42182099999,27.4,1,26.0,1,1000.7,1,92.08825670296545,3.0,-0.20000000000000284,0.20000000000004547,3.2039845310846715
2023-07-07 03:00:00,42182099999,29.6,1,25.7,1,1001.9,1,79.6118092261478,3.0,2.200000000000003,1.1999999999999318,-12.476447476817654
2023-07-07 06:00:00,42182099999,31.4,1,26.1,1,1002.0,1,73.53807422593974,3.0,1.7999999999999972,0.10000000000002274,-6.07373500020806
2023-07-07 09:00:00,42182099999,33.6,1,27.3,1,999.5,1,69.70861962540543,3.0,2.200000000000003,-2.5,-3.829454600534305
2023-07-07 12:00:00,42182099999,32.8,1,27.6,1,998.3,1,74.20237605491754,3.0,-0.8000000000000043,-1.2000000000000455,4.4937564295121035
2023-07-07 15:00:00,42182099999,30.8,1,26.9,1,1000.5,1,79.77185498360923,3.0,-1.9999999999999964,2.2000000000000455,5.569478928691694
2023-07-07 18:00:00,42182099999,29.6,1,26.0,1,1001.3,1,81.03945906223336,3.0,-1.1999999999999993,0.7999999999999545,1.2676040786241316
2023-07-07 21:00:00,42182099999,28.6,1,25.2,1,1000.9,1,81.88293095675748,3.0,-1.0,-0.39999999999997726,0.8434718945241144
2023-07-08 00:00:00,42182099999,26.4,1,25.8,1,1001.1,1,96.51405730461323,3.0,-2.200000000000003,0.20000000000004547,14.631126347855755
2023-07-08 03:00:00,42182099999,27.0,1,26.4,1,1002.1,1,96.5292760949642,3.0,0.6000000000000014,1.0,0.01521879035097129
2023-07-08 06:00:00,42182099999,26.8,1,26.8,1,1001.6,1,100.0,3.0,-0.1999999999999993,-0.5,3.470723905035797
2023-07-08 09:00:00,42182099999,26.2,1,26.2,1,999.9,1,100.0,3.0,-0.6000000000000014,-1.7000000000000455,0.0
2023-07-08 12:00:00,42182099999,26.4,1,26.4,1,998.9,1,100.0,3.0,0.1999999999999993,-1.0,0.0
2023-07-08 15:00:00,42182099999,27.2,1,26.6,1,1000.1,1,96.53432701791446,3.0,0.8000000000000007,1.2000000000000455,-3.465672982085536
2023-07-08 18:00:00,42182099999,27.0,1,26.7,1,1000.8,1,98.25124348905271,3.0,-0.1999999999999993,0.6999999999999318,1.7169164711382479
2023-07-08 21:00:00,42182099999,26.4,1,26.4,1,1000.1,1,100.0,3.0,-0.6000000000000014,-0.6999999999999318,1.7487565109472882
2023-07-09 00:00:00,42182099999,26.0,1,25.4,1,999.2,1,96.503856108436,3.0,-0.3999999999999986,-0.8999999999999773,-3.496143891564003
2023-07-09 03:00:00,42182099999,27.0,1,27.0,1,1000.4,1,100.0,3.0,1.0,1.1999999999999318,3.496143891564003
2023-07-09 06:00:00,42182099999,28.8,1,27.7,1,1000.3,1,93.7983735302794,3.0,1.8000000000000007,-0.10000000000002274,-6.201626469720594
2023-07-09 09:00:00,42182099999,28.0,1,27.7,1,999.4,1,98.26401833820742,3.0,-0.8000000000000007,-0.8999999999999773,4.465644807928015
2023-07-09 12:00:00,42182099999,25.8,1,25.8,1,998.1,1,100.0,3.0,-2.1999999999999993,-1.2999999999999545,1.7359816617925787
2023-07-09 15:00:00,42182099999,25.8,1,25.8,1,1000.0,1,100.0,3.0,0.0,1.8999999999999773,0.0
2023-07-09 18:00:00,42182099999,25.8,1,25.8,1,1001.8,1,100.0,3.0,0.0,1.7999999999999545,0.0
2023-07-09 21:00:00,42182099999,25.8,1,25.8,1,1000.4,1,100.0,3.0,0.0,-1.3999999999999773,0.0
2023-07-10 00:00:00,42182099999,26.0,1,26.0,1,1000.3,1,100.0,3.0,0.1999999999999993,-0.10000000000002274,0.0
2023-07-10 03:00:00,42182099999,28.4,1,27.6,1,1000.5,1,95.44234995416194,3.0,2.3999999999999986,0.20000000000004547,-4.557650045838059
2023-07-10 06:00:00,42182099999,29.8,1,28.2,1,1000.5,1,91.15475347220371,3.0,1.4000000000000021,0.0,-4.287596481958232
2023-07-10 09:00:00,42182099999,28.6,1,27.9,1,999.5,1,96.00771824394937,3.0,-1.1999999999999993,-1.0,4.852964771745661
2023-07-10 12:00:00,42182099999,28.4,1,27.0,1,998.7,1,92.14424033203443,3.0,-0.20000000000000284,-0.7999999999999545,-3.8634779119149414
2023-07-10 15:00:00,42182099999,26.0,1,26.0,1,1000.2,1,100.0,3.0,-2.3999999999999986,1.5,7.855759667965572
2023-07-10 18:00:00,42182099999,25.8,1,25.2,1,1000.2,1,96.49873881355717,3.0,-0.1999999999999993,0.0,-3.5012611864428322
2023-07-10 21:00:00,42182099999,25.8,1,25.5,1,1000.6,1,98.23572722928968,3.0,0.0,0.39999999999997726,1.7369884157325117
2023-07-11 00:00:00,42182099999,26.0,1,26.0,1,1000.1,1,100.0,3.0,0.1999999999999993,-0.5,1.7642727707103205
2023-07-11 03:00:00,42182099999,26.6,1,26.0,1,1001.1,1,96.51914127003087,3.0,0.6000000000000014,1.0,-3.4808587299691283
2023-07-11 06:00:00,42182099999,28.4,1,27.0,1,1001.4,1,92.14424033203443,3.0,1.7999999999999972,0.2999999999999545,-4.374900937996443
2023-07-11 09:00:00,42182099999,32.0,1,26.7,1,999.8,1,73.63761837389029,3.0,3.6000000000000014,-1.6000000000000227,-18.506621958144137
2023-07-11 12:00:00,42182099999,31.4,1,27.0,1,998.9,1,77.54420157006253,3.0,-0.6000000000000014,-0.8999999999999773,3.9065831961722353
2023-07-11 15:00:00,42182099999,29.4,1,26.9,1,999.4,1,86.44896966030107,3.0,-2.0,0.5,8.904768090238548
2023-07-11 18:00:00,42182099999,28.2,1,26.8,1,1000.6,1,92.13309053912468,3.0,-1.1999999999999993,1.2000000000000455,5.684120878823606
2023-07-11 21:00:00,42182099999,27.2,1,26.1,1,999.9,1,93.72693426762005,3.0,-1.0,-0.7000000000000455,1.5938437284953721
2023-07-12 00:00:00,42182099999,27.8,1,26.7,1,999.4,1,93.7538663078413,3.0,0.6000000000000014,-0.5,0.026932040221254283
2023-07-12 03:00:00,42182099999,29.2,1,27.0,1,1000.5,1,87.96874224697314,3.0,1.3999999999999986,1.1000000000000227,-5.785124060868171
2023-07-12 06:00:00,42182099999,31.0,1,27.7,1,1000.3,1,82.65241993308152,3.0,1.8000000000000007,-0.20000000000004547,-5.316322313891618
2023-07-12 09:00:00,42182099999,32.0,1,27.3,1,998.9,1,76.27928569930424,3.0,1.0,-1.3999999999999773,-6.373134233777279
2023-07-12 12:00:00,42182099999,31.2,1,27.3,1,998.4,1,79.82480457377302,3.0,-0.8000000000000007,-0.5,3.545518874468783
2023-07-12 15:00:00,42182099999,29.4,1,25.7,1,999.0,1,80.53536024141098,3.0,-1.8000000000000007,0.6000000000000227,0.7105556676379621
2023-07-12 18:00:00,42182099999,28.8,1,25.4,1,1000.9,1,81.90716097068722,3.0,-0.5999999999999979,1.8999999999999773,1.3718007292762309
2023-07-12 21:00:00,42182099999,28.0,1,25.2,1,999.7,1,84.79181717750924,3.0,-0.8000000000000007,-1.1999999999999318,2.8846562068220294
2023-07-13 00:00:00,42182099999,27.4,1,26.0,1,998.6,1,92.08825670296545,3.0,-0.6000000000000014,-1.1000000000000227,7.296439525456208
2023-07-13 03:00:00,42182099999,28.6,1,26.9,1,1000.4,1,90.54615869442738,3.0,1.2000000000000028,1.7999999999999545,-1.5420980085380762
2023-07-13 06:00:00,42182099999,33.2,1,27.4,1,1000.9,1,71.70815945941659,3.0,4.600000000000001,0.5,-18.837999235010784
2023-07-13 09:00:00,42182099999,31.8,1,29.4,1,999.4,1,87.17095630129825,3.0,-1.4000000000000021,-1.5,15.462796841881655
2023-07-13 12:00:00,42182099999,33.0,1,27.8,1,998.5,1,74.23476165310379,3.0,1.1999999999999993,-0.8999999999999773,-12.936194648194459
2023-07-13 15:00:00,42182099999,29.8,1,26.7,1,999.1,1,83.49088910584811,3.0,-3.1999999999999993,0.6000000000000227,9.256127452744323
2023-07-13 18:00:00,42182099999,29.0,1,26.8,1,1000.6,1,87.95208930052544,3.0,-0.8000000000000007,1.5,4.461200194677332
2023-07-13 21:00:00,42182099999,28.4,1,26.9,1,1000.0,1,91.60435153776123,3.0,-0.6000000000000014,-0.6000000000000227,3.6522622372357887
2023-07-14 00:00:00,42182099999,28.0,1,26.6,1,1000.7,1,92.12191734434786,3.0,-0.3999999999999986,0.7000000000000455,0.5175658065866315
2023-07-14 03:00:00,42182099999,29.4,1,27.2,1,1001.9,1,87.98536152503398,3.0,1.3999999999999986,1.1999999999999318,-4.136555819313884
2023-07-14 06:00:00,42182099999,31.6,1,27.2,1,1002.4,1,77.57315316138988,3.0,2.200000000000003,0.5,-10.412208363644098
2023-07-14 09:00:00,42182099999,32.6,1,28.0,1,1000.6,1,76.81671358719,3.0,1.0,-1.7999999999999545,-0.7564395741998879
2023-07-14 12:00:00,42182099999,33.2,1,26.3,1,998.1,1,67.21631066718778,3.0,0.6000000000000014,-2.5,-9.60040292000221
2023-07-14 15:00:00,42182099999,30.0,1,26.7,1,1000.2,1,82.53623329490637,3.0,-3.200000000000003,2.1000000000000227,15.319922627718583
2023-07-14 18:00:00,42182099999,29.4,1,26.9,1,1001.4,1,86.44896966030107,3.0,-0.6000000000000014,1.1999999999999318,3.912736365394707
2023-07-14 21:00:00,42182099999,28.8,1,26.9,1,1000.5,1,89.50172004038727,3.0,-0.5999999999999979,-0.8999999999999773,3.052750380086195
2023-07-15 00:00:00,42182099999,28.2,1,26.8,1,1000.3,1,92.13309053912468,3.0,-0.6000000000000014,-0.20000000000004547,2.631370498737411
2023-07-15 03:00:00,42182099999,29.6,1,26.8,1,1001.0,1,84.95652278782288,3.0,1.4000000000000021,0.7000000000000455,-7.176567751301803
2023-07-15 06:00:00,42182099999,32.4,1,26.0,1,1001.4,1,69.07688914571028,3.0,2.799999999999997,0.39999999999997726,-15.879633642112594
2023-07-15 09:00:00,42182099999,34.4,1,26.7,1,999.0,1,64.35595460211525,3.0,2.0,-2.3999999999999773,-4.720934543595035
2023-07-15 12:00:00,42182099999,32.0,1,27.6,1,998.4,1,77.63089769639963,3.0,-2.3999999999999986,-0.6000000000000227,13.274943094284382
2023-07-15 15:00:00,42182099999,27.2,1,26.6,1,1000.6,1,96.53432701791446,3.0,-4.800000000000001,2.2000000000000455,18.903429321514835
2023-07-15 18:00:00,42182099999,27.2,1,26.6,1,1001.4,1,96.53432701791446,3.0,0.0,0.7999999999999545,0.0
2023-07-15 21:00:00,42182099999,26.6,1,26.0,1,1000.8,1,96.51914127003087,3.0,-0.5999999999999979,-0.6000000000000227,-0.015185747883592171
2023-07-16 00:00:00,42182099999,26.6,1,26.3,1,1000.7,1,98.24609415561163,3.0,0.0,-0.09999999999990905,1.7269528855807579
2023-07-16 03:00:00,42182099999,27.2,1,25.8,1,1002.3,1,92.07698925377626,3.0,0.5999999999999979,1.599999999999909,-6.169104901835368
2023-07-16 06:00:00,42182099999,30.6,1,26.4,1,1001.6,1,78.34767637456054,3.0,3.400000000000002,-0.6999999999999318,-13.729312879215726
2023-07-16 09:00:00,42182099999,33.4,1,26.5,1,999.4,1,67.25543915862544,3.0,2.799999999999997,-2.2000000000000455,-11.0922372159351
2023-07-16 12:00:00,42182099999,32.4,1,26.0,1,998.2,1,69.07688914571028,3.0,-1.0,-1.1999999999999318,1.821449987084847
2023-07-16 15:00:00,42182099999,28.2,1,27.1,1,999.0,1,93.77172585847173,3.0,-4.199999999999999,0.7999999999999545,24.694836712761443
2023-07-16 18:00:00,42182099999,28.6,1,28.1,1,1000.6,1,97.13390683461627,3.0,0.40000000000000213,1.6000000000000227,3.3621809761445434
2023-07-16 21:00:00,42182099999,28.0,1,27.4,1,999.7,1,96.5544215144089,3.0,-0.6000000000000014,-0.8999999999999773,-0.5794853202073682
2023-07-17 00:00:00,42182099999,28.4,1,28.1,1,999.6,1,98.26908922710548,3.0,0.3999999999999986,-0.10000000000002274,1.7146677126965812
2023-07-17 03:00:00,42182099999,29.6,1,26.0,1,1001.1,1,81.03945906223336,3.0,1.2000000000000028,1.5,-17.22963016487212
2023-07-17 06:00:00,42182099999,32.4,1,26.6,1,1000.5,1,71.56807265043355,3.0,2.799999999999997,-0.6000000000000227,-9.471386411799813
2023-07-17 09:00:00,42182099999,32.8,1,28.5,1,998.7,1,78.19890188592703,3.0,0.3999999999999986,-1.7999999999999545,6.630829235493479
2023-07-17 12:00:00,42182099999,33.2,1,28.3,1,996.3,1,75.57620351995676,3.0,0.4000000000000057,-2.400000000000091,-2.6226983659702654
2023-07-17 15:00:00,42182099999,32.0,1,28.2,1,998.4,1,80.39702320863196,3.0,-1.2000000000000028,2.1000000000000227,4.820819688675201
2023-07-17 18:00:00,42182099999,30.4,1,27.7,1,1000.1,1,85.53649748682237,3.0,-1.6000000000000014,1.7000000000000455,5.139474278190406
2023-07-17 21:00:00,42182099999,29.2,1,27.3,1,999.4,1,89.53097661456914,3.0,-1.1999999999999993,-0.7000000000000455,3.9944791277467715
2023-07-18 00:00:00,42182099999,28.2,1,26.8,1,998.7,1,92.13309053912468,3.0,-1.0,-0.6999999999999318,2.602113924555539
2023-07-18 03:00:00,42182099999,29.6,1,27.7,1,1000.5,1,89.56011356164207,3.0,1.4000000000000021,1.7999999999999545,-2.572976977482611
2023-07-18 06:00:00,42182099999,32.2,1,27.5,1,1000.2,1,76.30955739524246,3.0,2.6000000000000014,-0.2999999999999545,-13.250556166399605
2023-07-18 09:00:00,42182099999,30.4,1,27.9,1,999.4,1,86.54134775739186,3.0,-1.8000000000000043,-0.8000000000000682,10.231790362149397
2023-07-18 12:00:00,42182099999,30.2,1,29.1,1,997.4,1,93.85989770437668,3.0,-0.1999999999999993,-2.0,7.318549946984817
2023-07-18 15:00:00,42182099999,29.0,1,26.8,1,998.9,1,87.95208930052544,3.0,-1.1999999999999993,1.5,-5.907808403851234
2023-07-18 18:00:00,42182099999,28.8,1,27.4,1,1000.3,1,92.16646996907035,3.0,-0.1999999999999993,1.3999999999999773,4.214380668544905
2023-07-18 21:00:00,42182099999,28.2,1,27.1,1,999.4,1,93.77172585847173,3.0,-0.6000000000000014,-0.8999999999999773,1.605255889401377
2023-07-19 00:00:00,42182099999,28.4,1,27.3,1,999.6,1,93.78062725022617,3.0,0.1999999999999993,0.20000000000004547,0.00890139175444915
2023-07-19 03:00:00,42182099999,30.2,1,27.4,1,1000.1,1,85.01762004491522,3.0,1.8000000000000007,0.5,-8.763007205310956
2023-07-19 06:00:00,42182099999,32.6,1,28.0,1,1000.0,1,76.81671358719,3.0,2.400000000000002,-0.10000000000002274,-8.200906457725225
2023-07-19 09:00:00,42182099999,35.4,1,26.9,1,998.1,1,61.605105555159014,3.0,2.799999999999997,-1.8999999999999773,-15.21160803203098
2023-07-19 12:00:00,42182099999,35.0,1,27.6,1,996.8,1,65.62263913987401,3.0,-0.3999999999999986,-1.3000000000000682,4.017533584714997
2023-07-19 15:00:00,42182099999,32.2,1,26.4,1,998.4,1,71.53290094917851,3.0,-2.799999999999997,1.6000000000000227,5.910261809304501
2023-07-19 18:00:00,42182099999,30.8,1,27.5,1,999.4,1,82.62927198490198,3.0,-1.4000000000000021,1.0,11.096371035723465
2023-07-19 21:00:00,42182099999,29.4,1,27.2,1,998.0,1,87.98536152503398,3.0,-1.4000000000000021,-1.3999999999999773,5.356089540132004
2023-07-20 00:00:00,42182099999,29.6,1,27.4,1,999.5,1,88.00194722290112,3.0,0.20000000000000284,1.5,0.016585697867142812
2023-07-20 03:00:00,42182099999,32.2,1,27.2,1,1000.4,1,74.979976618763,3.0,2.6000000000000014,0.8999999999999773,-13.021970604138119
2023-07-20 06:00:00,42182099999,35.8,1,26.7,1,999.7,1,59.555580295945774,3.0,3.5999999999999943,-0.6999999999999318,-15.42439632281723
2023-07-20 09:00:00,42182099999,37.0,1,26.9,1,997.9,1,56.421343804401914,3.0,1.2000000000000028,-1.8000000000000682,-3.1342364915438594
2023-07-20 15:00:00,42182099999,34.6,1,26.9,1,997.7,1,64.39740048201318,6.0,-2.3999999999999986,-0.1999999999999318,7.976056677611268
2023-07-20 18:00:00,42182099999,33.2,1,26.3,1,999.9,1,67.21631066718778,3.0,-1.3999999999999986,2.199999999999932,2.8189101851746017
2023-07-20 21:00:00,42182099999,32.2,1,25.8,1,998.8,1,69.03930501374236,3.0,-1.0,-1.1000000000000227,1.8229943465545801
2023-07-21 00:00:00,42182099999,29.8,1,26.5,1,1000.2,1,82.51286135002354,3.0,-2.400000000000002,1.400000000000091,13.473556336281177
2023-07-21 03:00:00,42182099999,33.0,1,27.5,1,1001.3,1,72.94417143512577,3.0,3.1999999999999993,1.099999999999909,-9.568689914897774
2023-07-21 06:00:00,42182099999,36.0,1,27.2,1,1001.5,1,60.659807311928596,3.0,3.0,0.20000000000004547,-12.284364123197172
2023-07-21 09:00:00,42182099999,37.4,1,26.7,1,999.5,1,54.557983485146366,3.0,1.3999999999999986,-2.0,-6.10182382678223
2023-07-21 12:00:00,42182099999,36.6,1,27.3,1,998.5,1,59.03952050036111,3.0,-0.7999999999999972,-1.0,4.481537015214741
2023-07-21 15:00:00,42182099999,33.0,1,27.5,1,1000.9,1,72.94417143512577,3.0,-3.6000000000000014,2.3999999999999773,13.90465093476466
2023-07-21 18:00:00,42182099999,32.2,1,28.1,1,1002.2,1,79.03064484736562,3.0,-0.7999999999999972,1.3000000000000682,6.0864734122398545
2023-07-21 21:00:00,42182099999,31.4,1,27.8,1,1000.7,1,81.26400040514575,3.0,-0.8000000000000043,-1.5,2.233355557780129
2023-07-22 00:00:00,42182099999,30.2,1,27.4,1,1003.0,1,85.01762004491522,3.0,-1.1999999999999993,2.2999999999999545,3.753619639769468
2023-07-22 03:00:00,42182099999,32.4,1,27.5,1,1004.3,1,75.45207406041715,3.0,2.1999999999999993,1.2999999999999545,-9.565545984498073
2023-07-22 06:00:00,42182099999,34.4,1,27.9,1,1004.6,1,69.0453935523037,3.0,2.0,0.3000000000000682,-6.406680508113453
2023-07-22 09:00:00,42182099999,35.4,1,28.1,1,1002.6,1,66.08722744082345,3.0,1.0,-2.0,-2.9581661114802387
2023-07-22 12:00:00,42182099999,35.6,1,26.8,1,1000.7,1,60.57132730175924,3.0,0.20000000000000284,-1.8999999999999773,-5.515900139064215
2023-07-22 15:00:00,42182099999,32.6,1,26.8,1,1001.3,1,71.60318423066752,3.0,-3.0,0.599999999999909,11.031856928908283
2023-07-22 18:00:00,42182099999,31.4,1,26.4,1,1003.5,1,74.85285642920122,3.0,-1.2000000000000028,2.2000000000000455,3.249672198533702
2023-07-22 21:00:00,42182099999,30.2,1,26.3,1,1003.1,1,79.69205742002245,3.0,-1.1999999999999993,-0.39999999999997726,4.839200990821226
2023-07-23 00:00:00,42182099999,29.8,1,26.5,1,1003.7,1,82.51286135002354,3.0,-0.3999999999999986,0.6000000000000227,2.820803930001091
2023-07-23 03:00:00,42182099999,31.6,1,25.7,1,1005.0,1,71.00478678077775,3.0,1.8000000000000007,1.2999999999999545,-11.508074569245792
2023-07-23 06:00:00,42182099999,35.4,1,26.9,1,1003.8,1,61.605105555159014,3.0,3.799999999999997,-1.2000000000000455,-9.399681225618735
2023-07-23 12:00:00,42182099999,34.4,1,28.2,1,999.9,1,70.26336932149452,6.0,-1.0,-3.8999999999999773,8.658263766335509
2023-07-23 15:00:00,42182099999,32.6,1,27.1,1,1000.7,1,72.87668440277191,3.0,-1.7999999999999972,0.8000000000000682,2.613315081277392
2023-07-23 18:00:00,42182099999,31.8,1,26.8,1,1001.7,1,74.91652960815853,3.0,-0.8000000000000007,1.0,2.0398452053866123
2023-07-23 21:00:00,42182099999,31.0,1,26.6,1,1001.0,1,77.48613913975385,3.0,-0.8000000000000007,-0.7000000000000455,2.5696095315953187
2023-07-24 00:00:00,42182099999,30.8,1,26.7,1,1001.8,1,78.83876924924562,3.0,-0.1999999999999993,0.7999999999999545,1.3526301094917699
2023-07-24 03:00:00,42182099999,32.0,1,27.6,1,1002.8,1,77.63089769639963,3.0,1.1999999999999993,1.0,-1.2078715528459867
2023-07-24 06:00:00,42182099999,36.0,1,26.9,1,1001.4,1,59.60057162936797,3.0,4.0,-1.3999999999999773,-18.03032606703166
2023-07-24 09:00:00,42182099999,37.6,1,26.6,1,998.9,1,53.65040916887702,3.0,1.6000000000000014,-2.5,-5.950162460490951
2023-07-24 12:00:00,42182099999,36.2,1,28.1,1,997.2,1,63.237721036518394,3.0,-1.3999999999999986,-1.6999999999999318,9.587311867641375
2023-07-24 15:00:00,42182099999,32.4,1,25.7,1,999.3,1,67.85998060995067,3.0,-3.8000000000000043,2.099999999999909,4.622259573432274
2023-07-24 18:00:00,42182099999,31.6,1,25.7,1,1001.1,1,71.00478678077775,3.0,-0.7999999999999972,1.8000000000000682,3.1448061708270814
2023-07-24 21:00:00,42182099999,30.2,1,25.4,1,1000.0,1,75.55406963834521,3.0,-1.4000000000000021,-1.1000000000000227,4.549282857567462
2023-07-25 00:00:00,42182099999,30.8,1,26.6,1,999.5,1,78.37581423848806,3.0,0.6000000000000014,-0.5,2.82174460014285
2023-07-25 03:00:00,42182099999,31.4,1,28.1,1,1002.3,1,82.69858252316531,3.0,0.5999999999999979,2.7999999999999545,4.322768284677252
2023-07-25 06:00:00,42182099999,34.6,1,27.5,1,1001.6,1,66.70410661306867,3.0,3.200000000000003,-0.6999999999999318,-15.99447591009664
2023-07-25 09:00:00,42182099999,35.2,1,26.3,1,1000.1,1,60.12663558886312,3.0,0.6000000000000014,-1.5,-6.577471024205558
2023-07-25 12:00:00,42182099999,33.0,1,27.2,1,998.9,1,71.67322751398581,3.0,-2.200000000000003,-1.2000000000000455,11.54659192512269
2023-07-25 15:00:00,42182099999,31.0,1,28.0,1,1001.0,1,84.11259923098856,3.0,-2.0,2.1000000000000227,12.439371717002757
2023-07-25 18:00:00,42182099999,30.0,1,27.8,1,1002.1,1,88.03501822943302,3.0,-1.0,1.1000000000000227,3.9224189984444564
2023-07-25 21:00:00,42182099999,29.4,1,27.5,1,1001.7,1,89.54556000162309,3.0,-0.6000000000000014,-0.39999999999997726,1.5105417721900665
2023-07-26 00:00:00,42182099999,26.4,1,25.5,1,1002.9,1,94.81128607168019,3.0,-3.0,1.1999999999999318,5.265726070057099
2023-07-26 03:00:00,42182099999,25.2,1,25.2,1,1004.2,1,100.0,3.0,-1.1999999999999993,1.3000000000000682,5.188713928319814
2023-07-26 06:00:00,42182099999,25.6,1,25.3,1,1005.1,1,98.23312117951836,3.0,0.40000000000000213,0.8999999999999773,-1.7668788204816366
2023-07-26 09:00:00,42182099999,27.0,1,26.4,1,1003.6,1,96.5292760949642,3.0,1.3999999999999986,-1.5,-1.7038450845541604
2023-07-26 12:00:00,42182099999,30.2,1,26.3,1,1001.0,1,79.69205742002245,3.0,3.1999999999999993,-2.6000000000000227,-16.837218674941752
2023-07-26 15:00:00,42182099999,28.6,1,26.1,1,1001.7,1,86.37440005285019,3.0,-1.5999999999999979,0.7000000000000455,6.682342632827741
2023-07-26 18:00:00,42182099999,27.8,1,25.7,1,1003.6,1,88.37426725854071,3.0,-0.8000000000000007,1.8999999999999773,1.9998672056905207
2023-07-26 21:00:00,42182099999,27.0,1,25.6,1,1002.5,1,92.06569807815053,3.0,-0.8000000000000007,-1.1000000000000227,3.6914308196098204
2023-07-27 00:00:00,42182099999,26.8,1,25.7,1,1002.5,1,93.70888380751718,3.0,-0.1999999999999993,0.0,1.6431857293666496
2023-07-27 03:00:00,42182099999,28.6,1,25.8,1,1003.5,1,84.8538871735531,3.0,1.8000000000000007,1.0,-8.854996633964078
2023-07-27 06:00:00,42182099999,32.2,1,26.7,1,1002.7,1,72.80896276194781,3.0,3.6000000000000014,-0.7999999999999545,-12.044924411605294
2023-07-27 09:00:00,42182099999,33.8,1,27.2,1,1000.5,1,68.53017385519429,3.0,1.5999999999999943,-2.2000000000000455,-4.278788906753519
2023-07-27 12:00:00,42182099999,31.0,1,26.8,1,999.2,1,78.40390010984709,3.0,-2.799999999999997,-1.2999999999999545,9.873726254652794
2023-07-27 15:00:00,42182099999,29.6,1,26.5,1,1000.9,1,83.46865512129703,3.0,-1.3999999999999986,1.6999999999999318,5.064755011449947
2023-07-27 18:00:00,42182099999,29.2,1,26.4,1,1002.1,1,84.91559008084812,3.0,-0.40000000000000213,1.2000000000000455,1.4469349595510863
2023-07-27 21:00:00,42182099999,28.6,1,26.1,1,1001.8,1,86.37440005285019,3.0,-0.5999999999999979,-0.3000000000000682,1.4588099720020722
2023-07-28 00:00:00,42182099999,27.8,1,26.1,1,999.5,1,90.49280598950578,3.0,-0.8000000000000007,-2.2999999999999545,4.118405936655591
2023-07-28 03:00:00,42182099999,29.6,1,26.8,1,1000.7,1,84.95652278782288,3.0,1.8000000000000007,1.2000000000000455,-5.536283201682906
2023-07-28 06:00:00,42182099999,32.0,1,26.4,1,1000.2,1,72.34703340707203,3.0,2.3999999999999986,-0.5,-12.609489380750844
2023-07-28 09:00:00,42182099999,31.8,1,27.4,1,999.8,1,77.60205183026918,3.0,-0.1999999999999993,-0.40000000000009095,5.255018423197143
2023-07-28 12:00:00,42182099999,32.8,1,27.0,1,997.0,1,71.63823581141993,3.0,0.9999999999999964,-2.7999999999999545,-5.9638160188492435
2023-07-28 15:00:00,42182099999,26.4,1,26.4,1,999.8,1,100.0,3.0,-6.399999999999999,2.7999999999999545,28.361764188580068
2023-07-28 18:00:00,42182099999,26.0,1,26.0,1,1000.5,1,100.0,3.0,-0.3999999999999986,0.7000000000000455,0.0
2023-07-28 21:00:00,42182099999,25.8,1,25.5,1,999.6,1,98.23572722928968,3.0,-0.1999999999999993,-0.8999999999999773,-1.7642727707103205
2023-07-29 00:00:00,42182099999,26.2,1,26.2,1,998.0,1,100.0,3.0,0.3999999999999986,-1.6000000000000227,1.7642727707103205
2023-07-29 03:00:00,42182099999,26.6,1,26.0,1,1000.2,1,96.51914127003087,3.0,0.40000000000000213,2.2000000000000455,-3.4808587299691283
2023-07-29 06:00:00,42182099999,28.8,1,26.3,1,1000.7,1,86.39309843177878,3.0,2.1999999999999993,0.5,-10.12604283825209
2023-07-29 09:00:00,42182099999,29.8,1,26.2,1,999.1,1,81.06459831337503,3.0,1.0,-1.6000000000000227,-5.328500118403753
2023-07-29 12:00:00,42182099999,30.0,1,26.4,1,997.6,1,81.08968974474207,3.0,0.1999999999999993,-1.5,0.025091431367044947
2023-07-29 15:00:00,42182099999,29.0,1,26.2,1,998.8,1,84.89506306062921,3.0,-1.0,1.1999999999999318,3.805373315887138
2023-07-29 18:00:00,42182099999,28.2,1,26.2,1,1000.1,1,88.93074165144274,3.0,-0.8000000000000007,1.3000000000000682,4.035678590813532
2023-07-29 21:00:00,42182099999,26.4,1,26.0,1,999.2,1,97.66403999895587,3.0,-1.8000000000000007,-0.8999999999999773,8.733298347513127
2023-07-30 00:00:00,42182099999,26.4,1,26.0,1,999.5,1,97.66403999895587,3.0,0.0,0.2999999999999545,0.0
2023-07-30 03:00:00,42182099999,28.0,1,25.4,1,999.7,1,85.80667728802291,3.0,1.6000000000000014,0.20000000000004547,-11.85736271093296
2023-07-30 06:00:00,42182099999,32.4,1,26.0,1,999.6,1,69.07688914571028,3.0,4.399999999999999,-0.10000000000002274,-16.72978814231263
2023-07-30 09:00:00,42182099999,34.0,1,26.5,1,997.0,1,65.03583657618948,3.0,1.6000000000000014,-2.6000000000000227,-4.041052569520801
2023-07-30 12:00:00,42182099999,33.8,1,25.7,1,995.0,1,62.727505384680136,3.0,-0.20000000000000284,-2.0,-2.308331191509346
2023-07-30 15:00:00,42182099999,30.6,1,26.1,1,997.6,1,76.97150804274018,3.0,-3.1999999999999957,2.6000000000000227,14.244002658060047
2023-07-30 18:00:00,42182099999,29.8,1,26.7,1,998.5,1,83.49088910584811,3.0,-0.8000000000000007,0.8999999999999773,6.519381063107929
2023-07-30 21:00:00,42182099999,28.8,1,26.6,1,997.5,1,87.93540259721783,3.0,-1.0,-1.0,4.444513491369719
2023-07-31 00:00:00,42182099999,28.2,1,26.5,1,998.1,1,90.51953760720181,3.0,-0.6000000000000014,0.6000000000000227,2.5841350099839815
2023-07-31 03:00:00,42182099999,30.0,1,27.5,1,999.0,1,86.50450703984572,3.0,1.8000000000000007,0.8999999999999773,-4.015030567356092
2023-07-31 06:00:00,42182099999,32.6,1,25.6,1,998.9,1,66.70160074556692,3.0,2.6000000000000014,-0.10000000000002274,-19.8029062942788
2023-07-31 09:00:00,42182099999,34.2,1,26.1,1,997.4,1,62.81318702880705,3.0,1.6000000000000014,-1.5,-3.888413716759871
2023-07-31 12:00:00,42182099999,34.4,1,25.8,1,995.2,1,61.02394829813572,3.0,0.19999999999999574,-2.199999999999932,-1.7892387306713289
2023-07-31 15:00:00,42182099999,32.2,1,26.7,1,996.6,1,72.80896276194781,3.0,-2.1999999999999957,1.3999999999999773,11.78501446381209
2023-07-31 18:00:00,42182099999,31.2,1,27.1,1,997.9,1,78.89384535394599,3.0,-1.0000000000000036,1.2999999999999545,6.084882591998181
2023-07-31 21:00:00,42182099999,30.0,1,26.9,1,996.7,1,83.5130798716472,3.0,-1.1999999999999993,-1.1999999999999318,4.6192345177012015
2023-08-01 00:00:00,42182099999,28.0,1,25.2,1,997.1,1,84.79181717750924,3.0,-2.0,0.39999999999997726,1.2787373058620517
2023-08-01 03:00:00,42182099999,30.2,1,26.3,1,998.3,1,79.69205742002245,3.0,2.1999999999999993,1.1999999999999318,-5.099759757486794
2023-08-01 06:00:00,42182099999,33.8,1,26.6,1,997.9,1,66.15514213531858,3.0,3.599999999999998,-0.39999999999997726,-13.536915284703866
2023-08-01 09:00:00,42182099999,35.4,1,25.6,1,995.8,1,57.05144460973204,3.0,1.6000000000000014,-2.1000000000000227,-9.103697525586547
2023-08-01 12:00:00,42182099999,35.4,1,25.3,1,994.1,1,56.04341471814388,3.0,0.0,-1.6999999999999318,-1.0080298915881585
2023-08-01 15:00:00,42182099999,32.6,1,25.3,1,995.4,1,65.52306428907129,3.0,-2.799999999999997,1.2999999999999545,9.479649570927407
2023-08-01 18:00:00,42182099999,32.0,1,25.2,1,996.7,1,67.38029965170892,3.0,-0.6000000000000014,1.3000000000000682,1.8572353626376383
2023-08-01 21:00:00,42182099999,31.2,1,25.0,1,995.9,1,69.67698198453844,3.0,-0.8000000000000007,-0.8000000000000682,2.296682332829519
2023-08-02 00:00:00,42182099999,30.4,1,24.7,1,996.6,1,71.64060697493404,3.0,-0.8000000000000007,0.7000000000000455,1.9636249903956013
2023-08-02 03:00:00,42182099999,30.4,1,26.2,1,998.4,1,78.31948639832048,3.0,0.0,1.7999999999999545,6.678879423386434
2023-08-02 06:00:00,42182099999,33.6,1,26.7,1,998.7,1,67.29450442917697,3.0,3.200000000000003,0.3000000000000682,-11.02498196914351
2023-08-02 09:00:00,42182099999,35.2,1,27.3,1,996.7,1,63.76997746892072,3.0,1.6000000000000014,-2.0,-3.524526960256246
2023-08-02 12:00:00,42182099999,32.2,1,26.7,1,995.9,1,72.80896276194781,3.0,-3.0,-0.8000000000000682,9.038985293027089
2023-08-02 15:00:00,42182099999,30.0,1,25.8,1,997.2,1,78.26294962837345,3.0,-2.200000000000003,1.3000000000000682,5.4539868664256375
2023-08-02 18:00:00,42182099999,27.6,1,27.0,1,998.1,1,96.54439604252043,3.0,-2.3999999999999986,0.8999999999999773,18.281446414146984
2023-08-02 21:00:00,42182099999,27.2,1,27.2,1,997.1,1,100.0,3.0,-0.40000000000000213,-1.0,3.4556039574795676
2023-08-03 00:00:00,42182099999,27.0,1,26.2,1,997.7,1,95.39600874452509,3.0,-0.1999999999999993,0.6000000000000227,-4.603991255474909
2023-08-03 03:00:00,42182099999,30.2,1,26.0,1,997.7,1,78.29124418971334,3.0,3.1999999999999993,0.0,-17.10476455481175
2023-08-03 06:00:00,42182099999,32.6,1,26.2,1,998.5,1,69.11441091335229,3.0,2.400000000000002,0.7999999999999545,-9.176833276361052
2023-08-03 09:00:00,42182099999,34.0,1,26.5,1,996.8,1,65.03583657618948,3.0,1.3999999999999986,-1.7000000000000455,-4.078574337162806
2023-08-03 12:00:00,42182099999,33.6,1,27.9,1,995.5,1,72.19806731088487,3.0,-0.3999999999999986,-1.2999999999999545,7.162230734695385
2023-08-03 15:00:00,42182099999,30.8,1,26.3,1,997.5,1,77.00117625197225,3.0,-2.8000000000000007,2.0,4.8031089410873875
2023-08-03 18:00:00,42182099999,30.2,1,26.9,1,998.4,1,82.5595602209085,3.0,-0.6000000000000014,0.8999999999999773,5.558383968936241
2023-08-03 21:00:00,42182099999,29.0,1,26.2,1,997.4,1,84.89506306062921,3.0,-1.1999999999999993,-1.0,2.335502839720718
2023-08-04 00:00:00,42182099999,28.6,1,25.5,1,998.6,1,83.35683314726084,3.0,-0.3999999999999986,1.2000000000000455,-1.5382299133683688
2023-08-04 03:00:00,42182099999,28.0,1,26.9,1,999.5,1,93.76280556198172,3.0,-0.6000000000000014,0.8999999999999773,10.405972414720878
2023-08-04 06:00:00,42182099999,29.8,1,27.3,1,1001.5,1,86.48603151527291,3.0,1.8000000000000007,2.0,-7.276774046708809
2023-08-04 09:00:00,42182099999,31.6,1,26.3,1,999.9,1,73.57131384659597,3.0,1.8000000000000007,-1.6000000000000227,-12.914717668676943
2023-08-04 12:00:00,42182099999,33.2,1,27.1,1,998.0,1,70.45783465512956,3.0,1.6000000000000014,-1.8999999999999773,-3.1134791914664106
2023-08-04 15:00:00,42182099999,26.6,1,26.6,1,1001.5,1,100.0,3.0,-6.600000000000001,3.5,29.54216534487044
2023-08-04 18:00:00,42182099999,27.2,1,27.2,1,1002.0,1,100.0,3.0,0.5999999999999979,0.5,0.0
2023-08-04 21:00:00,42182099999,26.8,1,26.8,1,1000.9,1,100.0,3.0,-0.3999999999999986,-1.1000000000000227,0.0
2023-08-05 00:00:00,42182099999,28.0,1,27.7,1,1001.1,1,98.26401833820742,3.0,1.1999999999999993,0.20000000000004547,-1.7359816617925787
2023-08-05 03:00:00,42182099999,26.0,1,26.0,1,1002.8,1,100.0,3.0,-2.0,1.6999999999999318,1.7359816617925787
2023-08-05 06:00:00,42182099999,29.2,1,27.3,1,1002.9,1,89.53097661456914,3.0,3.1999999999999993,0.10000000000002274,-10.469023385430859
2023-08-05 09:00:00,42182099999,31.4,1,28.4,1,1001.1,1,84.15523454383928,3.0,2.1999999999999993,-1.7999999999999545,-5.375742070729856
2023-08-05 12:00:00,42182099999,32.6,1,26.5,1,999.0,1,70.34917736761386,3.0,1.2000000000000028,-2.1000000000000227,-13.806057176225423
2023-08-05 15:00:00,42182099999,31.6,1,26.6,1,1000.4,1,74.88472135092377,3.0,-1.0,1.3999999999999773,4.535543983309907
2023-08-05 18:00:00,42182099999,30.8,1,26.3,1,1000.8,1,77.00117625197225,3.0,-0.8000000000000007,0.39999999999997726,2.1164549010484848
2023-08-05 21:00:00,42182099999,30.0,1,26.1,1,999.5,1,79.66535824918688,3.0,-0.8000000000000007,-1.2999999999999545,2.6641819972146266
2023-08-06 00:00:00,42182099999,29.4,1,26.0,1,999.2,1,81.97957178446406,3.0,-0.6000000000000014,-0.2999999999999545,2.314213535277176
2023-08-06 03:00:00,42182099999,29.8,1,25.3,1,1000.7,1,76.85229197010862,3.0,0.40000000000000213,1.5,-5.127279814355433
2023-08-06 06:00:00,42182099999,33.4,1,25.2,1,1000.2,1,62.269883795368706,3.0,3.599999999999998,-0.5,-14.582408174739918
2023-08-06 09:00:00,42182099999,34.6,1,25.4,1,997.3,1,58.933037767250966,3.0,1.2000000000000028,-2.900000000000091,-3.3368460281177406
2023-08-06 12:00:00,42182099999,34.2,1,25.8,1,995.7,1,61.707439726266486,3.0,-0.3999999999999986,-1.599999999999909,2.7744019590155204
2023-08-06 15:00:00,42182099999,31.4,1,23.0,1,997.3,1,61.08987992237482,3.0,-2.8000000000000043,1.599999999999909,-0.6175598038916661
2023-08-06 18:00:00,42182099999,30.0,1,24.3,1,997.6,1,71.5698382304094,3.0,-1.3999999999999986,0.3000000000000682,10.479958308034583
2023-08-06 21:00:00,42182099999,28.8,1,23.9,1,996.0,1,74.88236905493878,3.0,-1.1999999999999993,-1.6000000000000227,3.312530824529375
2023-08-07 00:00:00,42182099999,28.0,1,23.9,1,996.1,1,78.44744220055776,3.0,-0.8000000000000007,0.10000000000002274,3.5650731456189817
2023-08-07 03:00:00,42182099999,29.4,1,24.2,1,998.1,1,73.6429959001216,3.0,1.3999999999999986,2.0,-4.804446300436155
2023-08-07 06:00:00,42182099999,32.8,1,24.6,1,997.5,1,62.13958951433999,3.0,3.3999999999999986,-0.6000000000000227,-11.503406385781616
2023-08-07 09:00:00,42182099999,33.2,1,25.3,1,995.3,1,63.34828851792842,3.0,0.4000000000000057,-2.2000000000000455,1.2086990035884284
2023-08-07 12:00:00,42182099999,32.6,1,24.3,1,994.3,1,61.72510709079442,3.0,-0.6000000000000014,-1.0,-1.623181427134
2023-08-07 18:00:00,42182099999,29.2,1,24.0,1,996.6,1,73.60956501820533,6.0,-3.400000000000002,2.300000000000068,11.884457927410914
2023-08-07 21:00:00,42182099999,28.4,1,24.1,1,995.7,1,77.56787120852722,3.0,-0.8000000000000007,-0.8999999999999773,3.958306190321892
2023-08-08 00:00:00,42182099999,27.8,1,24.0,1,996.6,1,79.84670514036797,3.0,-0.5999999999999979,0.8999999999999773,2.278833931840751
2023-08-08 03:00:00,42182099999,29.2,1,24.0,1,998.5,1,73.60956501820533,3.0,1.3999999999999986,1.8999999999999773,-6.237140122162643
2023-08-08 06:00:00,42182099999,31.8,1,24.1,1,998.2,1,63.81127171847181,3.0,2.6000000000000014,-0.2999999999999545,-9.798293299733523
2023-08-08 09:00:00,42182099999,33.4,1,24.9,1,997.6,1,61.166394066179166,3.0,1.5999999999999979,-0.6000000000000227,-2.6448776522926423
2023-08-08 12:00:00,42182099999,32.8,1,25.8,1,997.1,1,66.74127585978114,3.0,-0.6000000000000014,-0.5,5.574881793601975
2023-08-08 15:00:00,42182099999,31.4,1,24.6,1,998.4,1,67.26247234040332,3.0,-1.3999999999999986,1.2999999999999545,0.52119648062218
2023-08-08 18:00:00,42182099999,30.2,1,24.8,1,1000.0,1,72.90096632227306,3.0,-1.1999999999999993,1.6000000000000227,5.638493981869743
2023-08-08 21:00:00,42182099999,29.0,1,24.7,1,998.8,1,77.65543578652992,3.0,-1.1999999999999993,-1.2000000000000455,4.754469464256857
2023-08-09 00:00:00,42182099999,28.2,1,23.9,1,1000.2,1,77.5385748300523,3.0,-0.8000000000000007,1.400000000000091,-0.11686095647762329
2023-08-09 03:00:00,42182099999,29.4,1,24.2,1,1002.4,1,73.6429959001216,3.0,1.1999999999999993,2.199999999999932,-3.895578929930693
2023-08-09 06:00:00,42182099999,31.4,1,25.2,1,1003.1,1,69.71409411644107,3.0,2.0,0.7000000000000455,-3.92890178368053
2023-08-09 09:00:00,42182099999,33.6,1,25.2,1,1001.7,1,61.576188549831414,3.0,2.200000000000003,-1.3999999999999773,-8.13790556660966
2023-08-09 12:00:00,42182099999,33.4,1,26.2,1,1000.6,1,66.07497389595794,3.0,-0.20000000000000284,-1.1000000000000227,4.498785346126525
2023-08-09 15:00:00,42182099999,31.8,1,25.9,1,1001.6,1,71.04055669606059,3.0,-1.5999999999999979,1.0,4.965582800102652
2023-08-09 18:00:00,42182099999,31.2,1,25.9,1,1002.5,1,73.50477620307173,3.0,-0.6000000000000014,0.8999999999999773,2.464219507011137
2023-08-09 21:00:00,42182099999,30.4,1,25.6,1,1001.6,1,75.58532357148971,3.0,-0.8000000000000007,-0.8999999999999773,2.0805473684179816
2023-08-10 00:00:00,42182099999,29.2,1,25.5,1,1001.9,1,80.5095630310082,3.0,-1.1999999999999993,0.2999999999999545,4.924239459518489
2023-08-10 03:00:00,42182099999,29.8,1,24.7,1,1004.1,1,74.15162297941144,3.0,0.6000000000000014,2.2000000000000455,-6.357940051596756
2023-08-10 06:00:00,42182099999,32.4,1,24.7,1,1004.5,1,63.9379440059793,3.0,2.599999999999998,0.39999999999997726,-10.213678973432145
2023-08-10 09:00:00,42182099999,34.4,1,25.8,1,1002.6,1,61.02394829813572,3.0,2.0,-1.8999999999999773,-2.9139957078435756
2023-08-10 12:00:00,42182099999,34.0,1,26.8,1,1001.5,1,66.19513066409054,3.0,-0.3999999999999986,-1.1000000000000227,5.17118236595482
2023-08-10 15:00:00,42182099999,30.0,1,27.4,1,1002.9,1,85.99952899834169,3.0,-4.0,1.3999999999999773,19.804398334251147
2023-08-10 18:00:00,42182099999,29.0,1,24.1,1,1003.8,1,74.91450415439337,3.0,-1.0,0.8999999999999773,-11.085024843948318
2023-08-10 21:00:00,42182099999,28.2,1,23.6,1,1003.0,1,76.15120458899845,3.0,-0.8000000000000007,-0.7999999999999545,1.2367004346050834
2023-08-11 00:00:00,42182099999,28.4,1,23.8,1,1003.4,1,76.18203664070896,3.0,0.1999999999999993,0.39999999999997726,0.030832051710504516
2023-08-11 03:00:00,42182099999,29.4,1,24.0,1,1004.6,1,72.764203450273,3.0,1.0,1.2000000000000455,-3.4178331904359567
2023-08-11 06:00:00,42182099999,33.4,1,24.6,1,1003.7,1,60.08005109311657,3.0,4.0,-0.8999999999999773,-12.684152357156428
2023-08-11 09:00:00,42182099999,34.6,1,24.4,1,1002.2,1,55.51953672301835,3.0,1.2000000000000028,-1.5,-4.560514370098225
2023-08-11 12:00:00,42182099999,34.2,1,24.6,1,1000.6,1,57.45282698261636,3.0,-0.3999999999999986,-1.6000000000000227,1.9332902595980102
2023-08-11 15:00:00,42182099999,31.6,1,25.7,1,1001.8,1,71.00478678077775,3.0,-2.6000000000000014,1.1999999999999318,13.551959798161391
2023-08-11 18:00:00,42182099999,31.0,1,24.4,1,1002.1,1,67.99377352527183,3.0,-0.6000000000000014,0.3000000000000682,-3.0110132555059153
2023-08-11 21:00:00,42182099999,29.8,1,25.3,1,1001.2,1,76.85229197010862,3.0,-1.1999999999999993,-0.8999999999999773,8.85851844483679
2023-08-12 00:00:00,42182099999,28.8,1,22.6,1,1001.8,1,69.22673360721909,3.0,-1.0,0.599999999999909,-7.625558362889535
2023-08-12 03:00:00,42182099999,29.2,1,23.0,1,1002.6,1,69.30240807153618,3.0,0.3999999999999986,0.8000000000000682,0.07567446431708902
2023-08-12 06:00:00,42182099999,33.4,1,24.9,1,1002.0,1,61.166394066179166,3.0,4.199999999999999,-0.6000000000000227,-8.136014005357012
2023-08-12 09:00:00,42182099999,35.0,1,23.9,1,1000.4,1,52.695904978436104,3.0,1.6000000000000014,-1.6000000000000227,-8.470489087743061
2023-08-12 12:00:00,42182099999,34.4,1,23.8,1,997.9,1,54.154564287934356,3.0,-0.6000000000000014,-2.5,1.4586593094982518
2023-08-12 15:00:00,42182099999,32.6,1,23.1,1,998.7,1,57.422989250564385,3.0,-1.7999999999999972,0.8000000000000682,3.2684249626300286
2023-08-12 18:00:00,42182099999,31.0,1,22.5,1,999.8,1,60.63128269788534,3.0,-1.6000000000000014,1.099999999999909,3.208293447320955
2023-08-12 21:00:00,42182099999,29.6,1,22.6,1,999.0,1,66.09873806993735,3.0,-1.3999999999999986,-0.7999999999999545,5.467455372052015
2023-08-13 00:00:00,42182099999,28.0,1,22.7,1,998.3,1,72.96396353006286,3.0,-1.6000000000000014,-0.7000000000000455,6.865225460125501
2023-08-13 03:00:00,42182099999,28.4,1,23.4,1,999.1,1,74.36799871191788,3.0,0.3999999999999986,0.8000000000000682,1.404035181855022
2023-08-13 06:00:00,42182099999,32.6,1,24.7,1,999.8,1,63.22051607138405,3.0,4.200000000000003,0.6999999999999318,-11.14748264053383
2023-08-13 09:00:00,42182099999,34.2,1,25.2,1,998.1,1,59.54690108998311,3.0,1.6000000000000014,-1.6999999999999318,-3.673614981400938
2023-08-13 12:00:00,42182099999,32.8,1,24.9,1,997.5,1,63.26317222090716,3.0,-1.4000000000000057,-0.6000000000000227,3.7162711309240493
2023-08-13 15:00:00,42182099999,31.8,1,24.4,1,999.1,1,64.96944081021161,3.0,-0.9999999999999964,1.6000000000000227,1.7062685893044502
2023-08-13 18:00:00,42182099999,31.4,1,23.9,1,1000.0,1,64.49787905022467,3.0,-0.40000000000000213,0.8999999999999773,-0.4715617599869404
2023-08-13 21:00:00,42182099999,30.6,1,24.0,1,998.9,1,67.91613145039247,3.0,-0.7999999999999972,-1.1000000000000227,3.418252400167802
2023-08-14 00:00:00,42182099999,28.8,1,24.2,1,1001.9,1,76.24353220041739,3.0,-1.8000000000000007,3.0,8.327400750024921
2023-08-14 03:00:00,42182099999,29.2,1,24.3,1,1003.5,1,74.94658155009306,3.0,0.3999999999999986,1.6000000000000227,-1.2969506503243338
2023-08-14 06:00:00,42182099999,32.0,1,24.3,1,1004.1,1,63.85356133058713,3.0,2.8000000000000007,0.6000000000000227,-11.09302021950593
2023-08-14 09:00:00,42182099999,34.4,1,25.1,1,1002.3,1,58.53767634739428,3.0,2.3999999999999986,-1.8000000000000682,-5.315884983192845
2023-08-14 12:00:00,42182099999,33.6,1,25.2,1,1000.9,1,61.576188549831414,3.0,-0.7999999999999972,-1.3999999999999773,3.0385122024371327
2023-08-14 15:00:00,42182099999,30.4,1,25.0,1,1002.9,1,72.93500760473812,3.0,-3.200000000000003,2.0,11.358819054906704
2023-08-14 18:00:00,42182099999,29.0,1,25.9,1,1004.0,1,83.40169277956687,3.0,-1.3999999999999986,1.1000000000000227,10.466685174828754
2023-08-14 21:00:00,42182099999,28.0,1,25.4,1,1003.5,1,85.80667728802291,3.0,-1.0,-0.5,2.404984508456039
2023-08-15 00:00:00,42182099999,28.0,1,25.4,1,1003.1,1,85.80667728802291,3.0,0.0,-0.39999999999997726,0.0
2023-08-15 03:00:00,42182099999,29.0,1,26.2,1,1003.9,1,84.89506306062921,3.0,1.0,0.7999999999999545,-0.9116142273936987
2023-08-15 06:00:00,42182099999,33.2,1,26.3,1,1003.7,1,67.21631066718778,3.0,4.200000000000003,-0.1999999999999318,-17.678752393441428
2023-08-15 09:00:00,42182099999,28.6,1,25.5,1,1003.4,1,83.35683314726084,3.0,-4.600000000000001,-0.3000000000000682,16.14052248007306
2023-08-15 12:00:00,42182099999,32.4,1,25.7,1,1001.5,1,67.85998060995067,3.0,3.799999999999997,-1.8999999999999773,-15.496852537310176
2023-08-15 15:00:00,42182099999,30.8,1,26.6,1,1002.7,1,78.37581423848806,3.0,-1.5999999999999979,1.2000000000000455,10.515833628537393
2023-08-15 18:00:00,42182099999,29.2,1,26.4,1,1004.1,1,84.91559008084812,3.0,-1.6000000000000014,1.3999999999999773,6.539775842360058
2023-08-15 21:00:00,42182099999,28.2,1,26.2,1,1003.7,1,88.93074165144274,3.0,-1.0,-0.39999999999997726,4.015151570594625
2023-08-16 00:00:00,42182099999,27.8,1,26.1,1,1003.0,1,90.49280598950578,3.0,-0.3999999999999986,-0.7000000000000455,1.5620643380630383
2023-08-16 03:00:00,42182099999,30.2,1,26.3,1,1004.1,1,79.69205742002245,3.0,2.3999999999999986,1.1000000000000227,-10.800748569483332
2023-08-16 06:00:00,42182099999,33.4,1,26.8,1,1003.9,1,68.4542986966963,3.0,3.1999999999999993,-0.20000000000004547,-11.237758723326152
2023-08-16 09:00:00,42182099999,35.0,1,26.1,1,1001.6,1,60.081903913300884,3.0,1.6000000000000014,-2.2999999999999545,-8.372394783395414
2023-08-16 12:00:00,42182099999,34.4,1,25.1,1,1001.6,1,58.53767634739428,3.0,-0.6000000000000014,0.0,-1.5442275659066027
2023-08-16 15:00:00,42182099999,32.8,1,25.8,1,1000.9,1,66.74127585978114,3.0,-1.6000000000000014,-0.7000000000000455,8.203599512386859
2023-08-16 18:00:00,42182099999,31.0,1,27.1,1,1002.2,1,79.79835457938422,3.0,-1.7999999999999972,1.3000000000000682,13.057078719603084
2023-08-16 21:00:00,42182099999,29.6,1,26.8,1,1001.6,1,84.95652278782288,3.0,-1.3999999999999986,-0.6000000000000227,5.158168208438653
2023-08-17 00:00:00,42182099999,29.0,1,25.0,1,1002.1,1,79.0585121873896,3.0,-0.6000000000000014,0.5,-5.898010600433281
2023-08-17 03:00:00,42182099999,30.8,1,23.9,1,1004.1,1,66.74179537984483,3.0,1.8000000000000007,2.0,-12.316716807544765
2023-08-17 06:00:00,42182099999,34.2,1,23.9,1,1003.7,1,55.091425528710424,3.0,3.400000000000002,-0.39999999999997726,-11.650369851134407
2023-08-17 09:00:00,42182099999,36.2,1,24.7,1,1001.8,1,51.742463746853154,3.0,2.0,-1.900000000000091,-3.3489617818572697
2023-08-17 12:00:00,42182099999,35.4,1,24.4,1,1000.2,1,53.11218922804798,3.0,-0.8000000000000043,-1.599999999999909,1.369725481194827
2023-08-17 18:00:00,42182099999,32.2,1,24.8,1,1001.9,1,65.05199403084112,6.0,-3.1999999999999957,1.6999999999999318,11.939804802793134
2023-08-17 21:00:00,42182099999,30.4,1,25.0,1,1001.1,1,72.93500760473812,3.0,-1.8000000000000043,-0.7999999999999545,7.883013573897003
2023-08-18 00:00:00,42182099999,29.6,1,25.1,1,1001.8,1,76.82235153000387,3.0,-0.7999999999999972,0.6999999999999318,3.8873439252657533
2023-08-18 03:00:00,42182099999,30.4,1,24.1,1,1003.6,1,69.11197515651446,3.0,0.7999999999999972,1.8000000000000682,-7.71037637348941
2023-08-18 06:00:00,42182099999,34.4,1,24.8,1,1003.5,1,57.499557963952576,3.0,4.0,-0.10000000000002274,-11.612417192561885
2023-08-18 09:00:00,42182099999,36.4,1,25.2,1,1001.1,1,52.72669227146169,3.0,2.0,-2.3999999999999773,-4.772865692490889
2023-08-18 12:00:00,42182099999,35.6,1,25.2,1,999.8,1,55.09908923504643,3.0,-0.7999999999999972,-1.3000000000000682,2.372396963584741
2023-08-18 15:00:00,42182099999,33.2,1,26.9,1,1001.2,1,69.63490751790683,3.0,-2.3999999999999986,1.400000000000091,14.535818282860397
2023-08-18 18:00:00,42182099999,32.4,1,26.6,1,1002.0,1,71.56807265043355,3.0,-0.8000000000000043,0.7999999999999545,1.9331651325267245
2023-08-18 21:00:00,42182099999,31.0,1,26.6,1,1001.3,1,77.48613913975385,3.0,-1.3999999999999986,-0.7000000000000455,5.918066489320296
2023-08-19 00:00:00,42182099999,27.0,1,27.0,1,1002.8,1,100.0,3.0,-4.0,1.5,22.513860860246155
2023-08-19 03:00:00,42182099999,27.6,1,27.0,1,1003.3,1,96.54439604252043,3.0,0.6000000000000014,0.5,-3.4556039574795676
2023-08-19 06:00:00,42182099999,29.2,1,27.8,1,1004.2,1,92.18860676693177,3.0,1.5999999999999979,0.900000000000091,-4.355789275588663
2023-08-19 09:00:00,42182099999,34.2,1,27.1,1,1001.6,1,66.62513546519824,3.0,5.0000000000000036,-2.6000000000000227,-25.56347130173353
2023-08-19 12:00:00,42182099999,34.0,1,26.5,1,999.6,1,65.03583657618948,3.0,-0.20000000000000284,-2.0,-1.5892988890087594
2023-08-19 15:00:00,42182099999,31.6,1,27.8,1,1001.7,1,80.34554512689967,3.0,-2.3999999999999986,2.1000000000000227,15.309708550710184
2023-08-19 18:00:00,42182099999,30.8,1,27.8,1,1003.1,1,84.09121922543238,3.0,-0.8000000000000007,1.3999999999999773,3.7456740985327173
2023-08-19 21:00:00,42182099999,29.6,1,27.4,1,1002.6,1,88.00194722290112,3.0,-1.1999999999999993,-0.5,3.91072799746874
2023-08-20 00:00:00,42182099999,29.4,1,28.0,1,1003.2,1,92.19964051006788,3.0,-0.20000000000000284,0.6000000000000227,4.197693287166757
2023-08-20 03:00:00,42182099999,31.4,1,27.3,1,1004.4,1,78.92130681911149,3.0,2.0,1.1999999999999318,-13.278333690956387
2023-08-20 06:00:00,42182099999,34.0,1,27.1,1,1004.1,1,67.37244576814547,3.0,2.6000000000000014,-0.2999999999999545,-11.548861050966025
2023-08-20 09:00:00,42182099999,36.0,1,26.6,1,1002.6,1,58.557536758933935,3.0,2.0,-1.5,-8.814909009211533
2023-08-20 12:00:00,42182099999,36.0,1,25.4,1,1000.7,1,54.5432379644633,3.0,0.0,-1.8999999999999773,-4.014298794470633
2023-08-20 15:00:00,42182099999,32.0,1,27.0,1,1002.3,1,74.94828132337592,3.0,-4.0,1.599999999999909,20.40504335891262
2023-08-20 18:00:00,42182099999,31.6,1,27.5,1,1002.5,1,78.94871738353811,3.0,-0.3999999999999986,0.20000000000004547,4.000436060162187
2023-08-20 21:00:00,42182099999,30.6,1,27.3,1,1002.1,1,82.60607945629376,3.0,-1.0,-0.39999999999997726,3.657362072755646
2023-08-21 00:00:00,42182099999,29.8,1,27.6,1,1001.8,1,88.01849942848882,3.0,-0.8000000000000007,-0.3000000000000682,5.412419972195067
2023-08-21 03:00:00,42182099999,31.4,1,27.0,1,1003.5,1,77.54420157006253,3.0,1.5999999999999979,1.7000000000000455,-10.474297858426297
2023-08-21 06:00:00,42182099999,35.0,1,27.0,1,1002.4,1,63.354980624753985,3.0,3.6000000000000014,-1.1000000000000227,-14.189220945308541
2023-08-21 09:00:00,42182099999,37.2,1,25.8,1,1000.1,1,52.30029347909756,3.0,2.200000000000003,-2.2999999999999545,-11.054687145656423
2023-08-21 12:00:00,42182099999,36.4,1,25.9,1,998.9,1,54.964452023066976,3.0,-0.8000000000000043,-1.2000000000000455,2.664158543969414
2023-08-21 15:00:00,42182099999,34.2,1,25.8,1,1000.4,1,61.707439726266486,3.0,-2.1999999999999957,1.5,6.7429877031995105
2023-08-21 18:00:00,42182099999,32.6,1,26.5,1,1001.5,1,70.34917736761386,3.0,-1.6000000000000014,1.1000000000000227,8.641737641347376
2023-08-21 21:00:00,42182099999,31.0,1,26.3,1,1000.5,1,76.1271052167908,3.0,-1.6000000000000014,-1.0,5.777927849176933
2023-08-22 00:00:00,42182099999,30.2,1,26.3,1,999.2,1,79.69205742002245,3.0,-0.8000000000000007,-1.2999999999999545,3.5649522032316554
2023-08-22 03:00:00,42182099999,31.2,1,26.5,1,1000.2,1,76.157651318818,3.0,1.0,1.0,-3.5344061012044534
2023-08-22 06:00:00,42182099999,33.8,1,26.9,1,1000.1,1,67.33350659401705,3.0,2.599999999999998,-0.10000000000002274,-8.824144724800945
2023-08-22 09:00:00,42182099999,35.4,1,27.2,1,997.7,1,62.6999662963903,3.0,1.6000000000000014,-2.3999999999999773,-4.633540297626752
2023-08-22 12:00:00,42182099999,32.4,1,27.5,1,997.4,1,75.45207406041715,3.0,-3.0,-0.3000000000000682,12.752107764026846
2023-08-22 15:00:00,42182099999,29.0,1,26.8,1,999.7,1,87.95208930052544,3.0,-3.3999999999999986,2.300000000000068,12.500015240108297
2023-08-22 18:00:00,42182099999,28.2,1,27.1,1,1000.3,1,93.77172585847173,3.0,-0.8000000000000007,0.599999999999909,5.819636557946282
2023-08-22 21:00:00,42182099999,27.8,1,26.4,1,998.6,1,92.11072068322818,3.0,-0.3999999999999986,-1.6999999999999318,-1.6610051752435453
2023-08-23 00:00:00,42182099999,29.0,1,26.5,1,997.7,1,86.41175942849821,3.0,1.1999999999999993,-0.8999999999999773,-5.698961254729966
2023-08-23 03:00:00,42182099999,28.8,1,26.6,1,999.3,1,87.93540259721783,3.0,-0.1999999999999993,1.599999999999909,1.523643168719616
2023-08-23 06:00:00,42182099999,27.6,1,26.8,1,1000.4,1,95.41595470562915,3.0,-1.1999999999999993,1.1000000000000227,7.480552108411317
2023-08-23 09:00:00,42182099999,27.2,1,26.4,1,999.3,1,95.40267171979633,3.0,-0.40000000000000213,-1.1000000000000227,-0.013282985832816507
2023-08-23 12:00:00,42182099999,27.4,1,27.1,1,998.7,1,98.25637024612985,3.0,0.1999999999999993,-0.599999999999909,2.853698526333517
2023-08-23 15:00:00,42182099999,27.2,1,26.4,1,999.2,1,95.40267171979633,3.0,-0.1999999999999993,0.5,-2.853698526333517
2023-08-23 18:00:00,42182099999,27.0,1,26.4,1,999.5,1,96.5292760949642,3.0,-0.1999999999999993,0.2999999999999545,1.1266043751678723
2023-08-23 21:00:00,42182099999,26.8,1,26.0,1,998.2,1,95.38933139322062,3.0,-0.1999999999999993,-1.2999999999999545,-1.1399447017435875
2023-08-24 00:00:00,42182099999,26.2,1,23.9,1,998.5,1,87.18984390567529,3.0,-0.6000000000000014,0.2999999999999545,-8.199487487545326
2023-08-24 03:00:00,42182099999,27.6,1,24.1,1,999.6,1,81.27196286112057,3.0,1.4000000000000021,1.1000000000000227,-5.9178810445547185
2023-08-24 06:00:00,42182099999,30.0,1,24.6,1,999.5,1,72.866865390855,3.0,2.3999999999999986,-0.10000000000002274,-8.405097470265574
2023-08-24 09:00:00,42182099999,32.0,1,24.3,1,997.8,1,63.85356133058713,3.0,2.0,-1.7000000000000455,-9.01330406026787
2023-08-24 12:00:00,42182099999,31.6,1,24.8,1,997.2,1,67.30181208332723,3.0,-0.3999999999999986,-0.599999999999909,3.4482507527401083
2023-08-24 18:00:00,42182099999,28.6,1,23.7,1,998.5,1,74.85017612547131,6.0,-3.0,1.2999999999999545,7.5483640421440725
2023-08-24 21:00:00,42182099999,27.0,1,22.9,1,997.8,1,78.30518483755301,3.0,-1.6000000000000014,-0.7000000000000455,3.455008712081707
2023-08-25 00:00:00,42182099999,26.6,1,23.1,1,997.7,1,81.14599787426259,3.0,-0.3999999999999986,-0.09999999999990905,2.8408130367095765
2023-08-25 03:00:00,42182099999,28.8,1,23.9,1,999.9,1,74.88236905493878,3.0,2.1999999999999993,2.199999999999932,-6.263628819323813
2023-08-25 06:00:00,42182099999,32.4,1,23.8,1,999.2,1,60.57918429384643,3.0,3.599999999999998,-0.6999999999999318,-14.303184761092346
2023-08-25 09:00:00,42182099999,34.6,1,24.4,1,997.9,1,55.51953672301835,3.0,2.200000000000003,-1.3000000000000682,-5.0596475708280835
2023-08-25 12:00:00,42182099999,33.6,1,24.9,1,997.8,1,60.48499185110832,3.0,-1.0,-0.10000000000002274,4.965455128089971
2023-08-25 15:00:00,42182099999,32.4,1,25.1,1,998.8,1,65.48228630790443,3.0,-1.2000000000000028,1.0,4.997294456796112
2023-08-25 18:00:00,42182099999,30.8,1,24.2,1,1000.2,1,67.95498445600064,3.0,-1.5999999999999979,1.400000000000091,2.472698148096214
2023-08-25 21:00:00,42182099999,29.6,1,24.5,1,999.2,1,74.118773297339,3.0,-1.1999999999999993,-1.0,6.163788841338359
2023-08-26 00:00:00,42182099999,28.4,1,25.3,1,999.7,1,83.33433758376981,3.0,-1.2000000000000028,0.5,9.215564286430805
2023-08-26 03:00:00,42182099999,29.0,1,22.9,1,1001.3,1,69.68555280505707,3.0,0.6000000000000014,1.599999999999909,-13.648784778712738
2023-08-26 06:00:00,42182099999,32.8,1,23.0,1,1001.4,1,56.43711760467723,3.0,3.799999999999997,0.10000000000002274,-13.248435200379838
2023-08-26 09:00:00,42182099999,34.8,1,23.0,1,999.6,1,50.4681130797898,3.0,2.0,-1.7999999999999545,-5.969004524887431
2023-08-26 12:00:00,42182099999,34.2,1,23.3,1,998.6,1,53.13543895263694,3.0,-0.5999999999999943,-1.0,2.6673258728471367
2023-08-26 15:00:00,42182099999,32.0,1,23.3,1,999.9,1,60.12540926930006,3.0,-2.200000000000003,1.2999999999999545,6.989970316663118
2023-08-26 18:00:00,42182099999,30.0,1,24.0,1,1001.3,1,70.29306142592459,3.0,-2.0,1.3999999999999773,10.167652156624534
2023-08-26 21:00:00,42182099999,29.0,1,23.2,1,1000.7,1,70.96187714437761,3.0,-1.0,-0.599999999999909,0.6688157184530183
2023-08-27 00:00:00,42182099999,27.8,1,21.9,1,1000.6,1,70.31342310046378,3.0,-1.1999999999999993,-0.10000000000002274,-0.64845404391383
2023-08-27 03:00:00,42182099999,29.0,1,22.2,1,1001.8,1,66.78535949708609,3.0,1.1999999999999993,1.1999999999999318,-3.5280636033776887
2023-08-27 06:00:00,42182099999,33.4,1,23.0,1,1000.9,1,54.566580431863855,3.0,4.399999999999999,-0.8999999999999773,-12.218779065222236
2023-08-27 09:00:00,42182099999,34.8,1,23.3,1,998.9,1,51.3917601011513,3.0,1.3999999999999986,-2.0,-3.1748203307125564
2023-08-27 12:00:00,42182099999,34.2,1,23.3,1,997.4,1,53.13543895263694,3.0,-0.5999999999999943,-1.5,1.7436788514856403
2023-08-27 15:00:00,42182099999,31.2,1,22.4,1,999.8,1,59.58083797061803,3.0,-3.0000000000000036,2.3999999999999773,6.445399017981089
2023-08-27 18:00:00,42182099999,29.2,1,22.1,1,1000.5,1,65.61635596786235,3.0,-2.0,0.7000000000000455,6.03551799724432
2023-08-28 00:00:00,42182099999,27.6,1,22.3,1,999.5,1,72.89528290675949,6.0,-1.5999999999999979,-1.0,7.278926938897143
2023-08-28 03:00:00,42182099999,29.2,1,22.4,1,1000.9,1,66.82547661101904,3.0,1.5999999999999979,1.3999999999999773,-6.069806295740449
2023-08-28 06:00:00,42182099999,32.0,1,23.3,1,1002.2,1,60.12540926930006,3.0,2.8000000000000007,1.3000000000000682,-6.700067341718984
2023-08-28 09:00:00,42182099999,35.2,1,24.1,1,999.4,1,52.745450145920145,3.0,3.200000000000003,-2.800000000000068,-7.379959123379912
2023-08-28 12:00:00,42182099999,34.4,1,24.2,1,998.3,1,55.47153939975632,3.0,-0.8000000000000043,-1.1000000000000227,2.7260892538361716
2023-08-28 15:00:00,42182099999,31.8,1,25.9,1,1000.0,1,71.04055669606059,3.0,-2.599999999999998,1.7000000000000455,15.569017296304274
2023-08-28 18:00:00,42182099999,30.6,1,26.1,1,1001.0,1,76.97150804274018,3.0,-1.1999999999999993,1.0,5.930951346679592
2023-08-28 21:00:00,42182099999,29.2,1,25.5,1,1000.4,1,80.5095630310082,3.0,-1.4000000000000021,-0.6000000000000227,3.5380549882680157
2023-08-29 00:00:00,42182099999,28.2,1,22.3,1,1002.6,1,70.38726092133687,3.0,-1.0,2.2000000000000455,-10.122302109671324
2023-08-29 03:00:00,42182099999,29.6,1,22.2,1,1004.0,1,64.51071215170371,3.0,1.4000000000000021,1.3999999999999773,-5.87654876963316
2023-08-29 06:00:00,42182099999,33.8,1,23.1,1,1003.7,1,53.682250230841014,3.0,4.199999999999996,-0.2999999999999545,-10.8284619208627
2023-08-29 09:00:00,42182099999,35.2,1,23.8,1,1001.3,1,51.80309518672777,3.0,1.4000000000000057,-2.400000000000091,-1.8791550441132472
2023-08-29 12:00:00,42182099999,35.0,1,23.6,1,1000.9,1,51.75303582520855,3.0,-0.20000000000000284,-0.39999999999997726,-0.050059361519217305
2023-08-29 15:00:00,42182099999,32.6,1,25.0,1,1002.8,1,64.36278271700262,3.0,-2.3999999999999986,1.8999999999999773,12.609746891794067
2023-08-29 18:00:00,42182099999,31.4,1,24.9,1,1003.5,1,68.47868492425357,3.0,-1.2000000000000028,0.7000000000000455,4.115902207250954
2023-08-29 21:00:00,42182099999,30.4,1,25.0,1,1002.6,1,72.93500760473812,3.0,-1.0,-0.8999999999999773,4.456322680484547
2023-08-30 00:00:00,42182099999,29.2,1,24.9,1,1003.8,1,77.68451620551635,3.0,-1.1999999999999993,1.1999999999999318,4.749508600778228
2023-08-30 03:00:00,42182099999,30.0,1,26.4,1,1005.6,1,81.08968974474207,3.0,0.8000000000000007,1.8000000000000682,3.4051735392257285
2023-08-30 06:00:00,42182099999,33.8,1,24.8,1,1005.8,1,59.45619966284473,3.0,3.799999999999997,0.1999999999999318,-21.633490081897342
2023-08-30 09:00:00,42182099999,35.8,1,23.5,1,1003.7,1,49.217763132575975,3.0,2.0,-2.099999999999909,-10.238436530268757
2023-08-30 12:00:00,42182099999,34.8,1,23.0,1,1002.5,1,50.4681130797898,3.0,-1.0,-1.2000000000000455,1.2503499472138273
2023-08-30 15:00:00,42182099999,32.2,1,23.6,1,1004.0,1,60.53434625894101,3.0,-2.5999999999999943,1.5,10.066233179151205
2023-08-30 18:00:00,42182099999,30.2,1,24.2,1,1004.4,1,70.32973763313946,3.0,-2.0000000000000036,0.39999999999997726,9.795391374198452
2023-08-30 21:00:00,42182099999,29.0,1,24.4,1,1003.9,1,76.27419595958764,3.0,-1.1999999999999993,-0.5,5.944458326448185
2023-08-31 00:00:00,42182099999,27.0,1,24.7,1,1004.8,1,87.26088849314073,3.0,-2.0,0.8999999999999773,10.986692533553082
2023-08-31 03:00:00,42182099999,30.0,1,24.6,1,1006.4,1,72.866865390855,3.0,3.0,1.6000000000000227,-14.394023102285729
2023-08-31 06:00:00,42182099999,34.0,1,23.7,1,1006.3,1,55.04309180081118,3.0,4.0,-0.10000000000002274,-17.823773590043814
2023-08-31 09:00:00,42182099999,35.6,1,24.3,1,1004.6,1,52.21515920700269,3.0,1.6000000000000014,-1.6999999999999318,-2.827932593808491
2023-08-31 12:00:00,42182099999,35.8,1,24.2,1,1003.5,1,51.333862410819144,3.0,0.19999999999999574,-1.1000000000000227,-0.8812967961835483
2023-08-31 15:00:00,42182099999,31.8,1,25.0,1,1004.5,1,67.34108781459214,3.0,-3.9999999999999964,1.0,16.007225403773
2023-08-31 18:00:00,42182099999,30.0,1,25.5,1,1004.8,1,76.88217771852533,3.0,-1.8000000000000007,0.2999999999999545,9.541089903933184
2023-08-31 21:00:00,42182099999,28.8,1,25.4,1,1004.1,1,81.90716097068722,3.0,-1.1999999999999993,-0.6999999999999318,5.0249832521618885
2023-09-01 00:00:00,42182099999,28.4,1,25.3,1,1004.2,1,83.33433758376981,3.0,-0.40000000000000213,0.10000000000002274,1.4271766130825938
2023-09-01 03:00:00,42182099999,30.0,1,25.2,1,1006.4,1,75.5227593496699,3.0,1.6000000000000014,2.199999999999932,-7.811578234099912
2023-09-01 06:00:00,42182099999,35.2,1,23.8,1,1006.1,1,51.80309518672777,3.0,5.200000000000003,-0.2999999999999545,-23.71966416294213
2023-09-01 09:00:00,42182099999,36.0,1,22.0,1,1004.2,1,44.44663958001136,3.0,0.7999999999999972,-1.8999999999999773,-7.356455606716409
2023-09-01 12:00:00,42182099999,35.2,1,21.4,1,1003.1,1,44.77976864883668,3.0,-0.7999999999999972,-1.1000000000000227,0.3331290688253219
2023-09-01 15:00:00,42182099999,32.2,1,23.9,1,1004.0,1,61.63719881412483,3.0,-3.0,0.8999999999999773,16.85743016528815
2023-09-01 18:00:00,42182099999,30.0,1,24.9,1,1004.0,1,74.18441432342445,3.0,-2.200000000000003,0.0,12.547215509299619
2023-09-01 21:00:00,42182099999,28.8,1,24.8,1,1003.2,1,79.03096698905824,3.0,-1.1999999999999993,-0.7999999999999545,4.846552665633794
2023-09-02 00:00:00,42182099999,28.6,1,24.6,1,1004.0,1,79.00337009946395,3.0,-0.1999999999999993,0.7999999999999545,-0.027596889594292406
2023-09-02 03:00:00,42182099999,30.4,1,24.1,1,1005.7,1,69.11197515651446,3.0,1.7999999999999972,1.7000000000000455,-9.89139494294949
2023-09-02 06:00:00,42182099999,34.8,1,20.5,1,1005.2,1,43.31943992612269,3.0,4.399999999999999,-0.5,-25.79253523039177
2023-09-02 09:00:00,42182099999,35.6,1,21.6,1,1001.2,1,44.34047462772587,3.0,0.8000000000000043,-4.0,1.0210347016031776
2023-09-02 12:00:00,42182099999,35.6,1,21.6,1,1001.2,1,44.34047462772587,3.0,0.0,0.0,0.0
2023-09-02 15:00:00,42182099999,33.4,1,21.6,1,1001.9,1,50.11110420939171,3.0,-2.200000000000003,0.6999999999999318,5.770629581665844
2023-09-02 18:00:00,42182099999,32.6,1,21.4,1,1003.2,1,51.77843588862952,3.0,-0.7999999999999972,1.3000000000000682,1.6673316792378046
2023-09-03 00:00:00,42182099999,29.6,1,22.1,1,1002.4,1,64.11896805335266,6.0,-3.0,-0.8000000000000682,12.340532164723143
2023-09-03 03:00:00,42182099999,29.2,1,23.4,1,1003.7,1,70.99802751141195,3.0,-0.40000000000000213,1.3000000000000682,6.879059458059288
2023-09-03 06:00:00,42182099999,33.4,1,21.3,1,1003.9,1,49.19896559376817,3.0,4.199999999999999,0.1999999999999318,-21.799061917643776
2023-09-03 09:00:00,42182099999,36.2,1,20.5,1,1001.4,1,40.09712013821042,3.0,2.8000000000000043,-2.5,-9.10184545555775
2023-09-03 12:00:00,42182099999,35.4,1,20.6,1,999.7,1,42.16305078265748,3.0,-0.8000000000000043,-1.6999999999999318,2.0659306444470573
2023-09-03 15:00:00,42182099999,31.8,1,23.5,1,1001.0,1,61.549026452349075,3.0,-3.599999999999998,1.2999999999999545,19.385975669691597
2023-09-03 18:00:00,42182099999,30.6,1,24.0,1,1001.9,1,67.91613145039247,3.0,-1.1999999999999993,0.8999999999999773,6.367104998043395
2023-09-03 21:00:00,42182099999,29.2,1,24.1,1,1001.4,1,74.05289841666965,3.0,-1.4000000000000021,-0.5,6.136766966277179
2023-09-04 00:00:00,42182099999,27.2,1,24.6,1,1001.7,1,85.72845277885752,3.0,-2.0,0.3000000000000682,11.675554362187867
2023-09-04 03:00:00,42182099999,30.2,1,24.2,1,1003.2,1,70.32973763313946,3.0,3.0,1.5,-15.398715145718057
2023-09-04 06:00:00,42182099999,34.4,1,20.4,1,1002.8,1,44.02068870730294,3.0,4.199999999999999,-0.40000000000009095,-26.30904892583652
2023-09-04 09:00:00,42182099999,36.2,1,20.1,1,1000.7,1,39.11854885455013,3.0,1.8000000000000043,-2.099999999999909,-4.902139852752811
2023-09-04 12:00:00,42182099999,36.0,1,20.2,1,999.1,1,39.796368664073576,3.0,-0.20000000000000284,-1.6000000000000227,0.6778198095234487
2023-09-04 15:00:00,42182099999,31.6,1,23.5,1,1002.1,1,62.25158297844957,3.0,-4.399999999999999,3.0,22.455214314375993
2023-09-04 18:00:00,42182099999,30.0,1,24.0,1,1002.5,1,70.29306142592459,3.0,-1.6000000000000014,0.39999999999997726,8.041478447475022
2023-09-04 21:00:00,42182099999,28.8,1,23.9,1,1002.0,1,74.88236905493878,3.0,-1.1999999999999993,-0.5,4.589307629014186
2023-09-05 00:00:00,42182099999,27.8,1,23.1,1,1003.2,1,75.63076994448524,3.0,-1.0,1.2000000000000455,0.7484008895464598
2023-09-05 03:00:00,42182099999,29.0,1,23.8,1,1004.2,1,73.57607488115697,3.0,1.1999999999999993,1.0,-2.0546950633282677
2023-09-05 06:00:00,42182099999,34.8,1,25.0,1,1003.5,1,56.91064806529948,3.0,5.799999999999997,-0.7000000000000455,-16.665426815857487
2023-09-05 09:00:00,42182099999,37.2,1,24.9,1,1001.1,1,49.57475611529291,3.0,2.4000000000000057,-2.3999999999999773,-7.335891950006577
2023-09-05 12:00:00,42182099999,36.0,1,26.0,1,1000.4,1,56.5192316286057,3.0,-1.2000000000000028,-0.7000000000000455,6.944475513312796
2023-09-05 15:00:00,42182099999,32.8,1,25.5,1,1002.7,1,65.56377770296238,3.0,-3.200000000000003,2.300000000000068,9.044546074356681
2023-09-05 18:00:00,42182099999,30.6,1,24.6,1,1003.6,1,70.40290332892224,3.0,-2.1999999999999957,0.8999999999999773,4.839125625959852
2023-09-05 21:00:00,42182099999,29.4,1,24.5,1,1002.8,1,74.97860136800087,3.0,-1.2000000000000028,-0.8000000000000682,4.575698039078631
2023-09-06 00:00:00,42182099999,28.8,1,26.0,1,1004.3,1,84.87449545917907,3.0,-0.5999999999999979,1.5,9.895894091178207
2023-09-06 03:00:00,42182099999,28.8,1,23.9,1,1006.0,1,74.88236905493878,3.0,0.0,1.7000000000000455,-9.992126404240295
2023-09-06 06:00:00,42182099999,32.6,1,24.0,1,1004.8,1,60.623956285700366,3.0,3.8000000000000007,-1.2000000000000455,-14.258412769238411
2023-09-06 09:00:00,42182099999,36.2,1,22.7,1,1002.5,1,45.87258435676028,3.0,3.6000000000000014,-2.2999999999999545,-14.751371928940088
2023-09-06 12:00:00,42182099999,36.0,1,22.0,1,1001.1,1,44.44663958001136,3.0,-0.20000000000000284,-1.3999999999999773,-1.4259447767489206
2023-09-06 15:00:00,42182099999,33.2,1,23.1,1,1002.8,1,55.51706303841751,3.0,-2.799999999999997,1.6999999999999318,11.070423458406154
2023-09-06 18:00:00,42182099999,32.2,1,22.9,1,1003.5,1,58.027960608356956,3.0,-1.0,0.7000000000000455,2.510897569939445
2023-09-06 21:00:00,42182099999,30.6,1,23.4,1,1002.7,1,65.50658692237978,3.0,-1.6000000000000014,-0.7999999999999545,7.478626314022826
2023-09-07 00:00:00,42182099999,29.8,1,23.1,1,1003.9,1,67.3516781237725,3.0,-0.8000000000000007,1.1999999999999318,1.8450912013927194
2023-09-07 03:00:00,42182099999,29.6,1,24.1,1,1005.3,1,72.36298568854065,3.0,-0.1999999999999993,1.3999999999999773,5.0113075647681455
2023-09-07 06:00:00,42182099999,34.2,1,24.9,1,1003.8,1,58.491665561139094,3.0,4.600000000000001,-1.5,-13.871320127401553
2023-09-07 09:00:00,42182099999,37.0,1,25.0,1,1001.4,1,50.41873224708425,3.0,2.799999999999997,-2.3999999999999773,-8.072933314054843
2023-09-07 12:00:00,42182099999,30.4,1,24.4,1,1000.8,1,70.36635155961307,3.0,-6.600000000000001,-0.6000000000000227,19.947619312528815
2023-09-07 15:00:00,42182099999,29.0,1,24.1,1,1002.5,1,74.91450415439337,3.0,-1.3999999999999986,1.7000000000000455,4.548152594780305
2023-09-07 18:00:00,42182099999,29.0,1,24.1,1,1003.1,1,74.91450415439337,3.0,0.0,0.6000000000000227,0.0
2023-09-07 21:00:00,42182099999,28.6,1,23.7,1,1002.6,1,74.85017612547131,3.0,-0.3999999999999986,-0.5,-0.06432802892206269
2023-09-08 00:00:00,42182099999,28.0,1,23.3,1,1003.7,1,75.66221487345534,3.0,-0.6000000000000014,1.1000000000000227,0.8120387479840332
2023-09-08 03:00:00,42182099999,28.6,1,24.0,1,1004.7,1,76.21281246926864,3.0,0.6000000000000014,1.0,0.5505975958133007
2023-09-08 06:00:00,42182099999,35.0,1,22.6,1,1004.4,1,48.71594505052492,3.0,6.399999999999999,-0.3000000000000682,-27.49686741874372
2023-09-08 09:00:00,42182099999,35.6,1,24.3,1,1001.6,1,52.21515920700269,3.0,0.6000000000000014,-2.7999999999999545,3.4992141564777697
2023-09-08 12:00:00,42182099999,36.0,1,24.7,1,1000.4,1,52.31450796094774,3.0,0.3999999999999986,-1.2000000000000455,0.09934875394505127
2023-09-08 15:00:00,42182099999,29.4,1,23.9,1,1003.4,1,72.32825969825754,3.0,-6.600000000000001,3.0,20.013751737309796
2023-09-08 18:00:00,42182099999,29.2,1,24.6,1,1003.7,1,76.30480387190515,3.0,-0.1999999999999993,0.3000000000000682,3.9765441736476106
2023-09-08 21:00:00,42182099999,28.2,1,24.5,1,1003.3,1,80.37983931978188,3.0,-1.0,-0.40000000000009095,4.075035447876729
2023-09-09 00:00:00,42182099999,25.4,1,25.1,1,1003.7,1,98.23050936880627,3.0,-2.8000000000000007,0.40000000000009095,17.850670049024387
2023-09-09 03:00:00,42182099999,26.4,1,26.1,1,1004.3,1,98.24351098143454,3.0,1.0,0.599999999999909,0.013001612628272596
2023-09-09 06:00:00,42182099999,28.8,1,27.1,1,1004.1,1,90.55942797559786,3.0,2.400000000000002,-0.1999999999999318,-7.684083005836683
2023-09-09 09:00:00,42182099999,30.4,1,25.9,1,1001.8,1,76.94178563223718,3.0,1.5999999999999979,-2.300000000000068,-13.617642343360671
2023-09-09 12:00:00,42182099999,27.4,1,25.1,1,1001.1,1,87.29619508920601,3.0,-3.0,-0.6999999999999318,10.354409456968824
2023-09-09 15:00:00,42182099999,26.4,1,23.8,1,1002.7,1,85.64959932544602,3.0,-1.0,1.6000000000000227,-1.64659576375999
2023-09-09 18:00:00,42182099999,25.2,1,25.2,1,1002.4,1,100.0,3.0,-1.1999999999999993,-0.3000000000000682,14.350400674553981
2023-09-09 21:00:00,42182099999,25.0,1,25.0,1,1000.5,1,100.0,3.0,-0.1999999999999993,-1.8999999999999773,0.0
2023-09-10 00:00:00,42182099999,24.8,1,24.8,1,1000.8,1,100.0,3.0,-0.1999999999999993,0.2999999999999545,0.0
2023-09-10 03:00:00,42182099999,25.4,1,25.4,1,1001.7,1,100.0,3.0,0.5999999999999979,0.900000000000091,0.0
2023-09-10 06:00:00,42182099999,26.4,1,26.4,1,1001.6,1,100.0,3.0,1.0,-0.10000000000002274,0.0
2023-09-10 09:00:00,42182099999,27.6,1,25.9,1,999.8,1,90.47939854432097,3.0,1.2000000000000028,-1.8000000000000682,-9.520601455679028
2023-09-10 12:00:00,42182099999,27.2,1,25.8,1,999.4,1,92.07698925377626,3.0,-0.40000000000000213,-0.39999999999997726,1.5975907094552895
2023-09-10 15:00:00,42182099999,26.8,1,25.4,1,1001.1,1,92.05438311051279,3.0,-0.3999999999999986,1.7000000000000455,-0.022606143263473655
2023-09-10 18:00:00,42182099999,26.2,1,25.6,1,1002.1,1,96.5089622614157,3.0,-0.6000000000000014,1.0,4.454579150902916
2023-09-10 21:00:00,42182099999,26.2,1,25.0,1,1001.5,1,93.12498199209611,3.0,0.0,-0.6000000000000227,-3.3839802693195935
2023-09-11 00:00:00,42182099999,25.2,1,24.3,1,1000.6,1,94.76592069291524,3.0,-1.0,-0.8999999999999773,1.6409387008191345
2023-09-11 03:00:00,42182099999,26.4,1,24.7,1,1002.4,1,90.39836619855579,3.0,1.1999999999999993,1.7999999999999545,-4.367554494359453
2023-09-11 06:00:00,42182099999,28.6,1,25.5,1,1000.9,1,83.35683314726084,3.0,2.200000000000003,-1.5,-7.041533051294948
2023-09-11 09:00:00,42182099999,31.2,1,27.3,1,1000.7,1,79.82480457377302,3.0,2.599999999999998,-0.1999999999999318,-3.532028573487821
2023-09-11 12:00:00,42182099999,32.4,1,25.7,1,999.6,1,67.85998060995067,3.0,1.1999999999999993,-1.1000000000000227,-11.964823963822354
2023-09-11 15:00:00,42182099999,28.8,1,25.4,1,1001.2,1,81.90716097068722,3.0,-3.599999999999998,1.6000000000000227,14.047180360736547
2023-09-11 18:00:00,42182099999,28.0,1,25.7,1,1002.2,1,87.34888747491027,3.0,-0.8000000000000007,1.0,5.441726504223055
2023-09-11 21:00:00,42182099999,27.0,1,25.6,1,1001.7,1,92.06569807815053,3.0,-1.0,-0.5,4.716810603240262
2023-09-12 00:00:00,42182099999,25.8,1,24.6,1,1001.4,1,93.10518672866101,3.0,-1.1999999999999993,-0.3000000000000682,1.039488650510478
2023-09-12 03:00:00,42182099999,27.0,1,24.7,1,1003.4,1,87.26088849314073,3.0,1.1999999999999993,2.0,-5.844298235520284
2023-09-12 06:00:00,42182099999,31.8,1,25.6,1,1002.8,1,69.78813164326573,3.0,4.800000000000001,-0.6000000000000227,-17.472756849874997
2023-09-12 09:00:00,42182099999,33.2,1,25.3,1,1000.6,1,63.34828851792842,3.0,1.4000000000000021,-2.199999999999932,-6.439843125337312
2023-09-12 12:00:00,42182099999,32.2,1,26.7,1,999.8,1,72.80896276194781,3.0,-1.0,-0.8000000000000682,9.460674244019394
2023-09-12 15:00:00,42182099999,29.6,1,26.5,1,1001.6,1,83.46865512129703,3.0,-2.6000000000000014,1.8000000000000682,10.659692359349222
2023-09-12 18:00:00,42182099999,28.8,1,26.9,1,1002.0,1,89.50172004038727,3.0,-0.8000000000000007,0.39999999999997726,6.033064919090236
2023-09-12 21:00:00,42182099999,27.8,1,26.4,1,1001.9,1,92.11072068322818,3.0,-1.0,-0.10000000000002274,2.609000642840911
2023-09-13 00:00:00,42182099999,27.0,1,25.9,1,1002.1,1,93.71791865005993,3.0,-0.8000000000000007,0.20000000000004547,1.6071979668317482
2023-09-13 03:00:00,42182099999,28.4,1,26.7,1,1003.6,1,90.53286192976505,3.0,1.3999999999999986,1.5,-3.185056720294881
2023-09-13 06:00:00,42182099999,33.2,1,26.6,1,1002.7,1,68.41626758283552,3.0,4.800000000000004,-0.8999999999999773,-22.11659434692953
2023-09-13 09:00:00,42182099999,34.8,1,26.8,1,1000.7,1,63.31273208033373,3.0,1.5999999999999943,-2.0,-5.103535502501785
2023-09-13 12:00:00,42182099999,35.0,1,27.9,1,999.4,1,66.78282568606839,3.0,0.20000000000000284,-1.3000000000000682,3.470093605734661
2023-09-13 15:00:00,42182099999,31.0,1,27.1,1,1001.0,1,79.79835457938422,3.0,-4.0,1.6000000000000227,13.015528893315832
2023-09-13 18:00:00,42182099999,30.2,1,27.2,1,1002.1,1,84.02682856635852,3.0,-0.8000000000000007,1.1000000000000227,4.2284739869742936
2023-09-13 21:00:00,42182099999,29.0,1,27.1,1,1001.9,1,89.51636332080271,3.0,-1.1999999999999993,-0.20000000000004547,5.489534754444193
2023-09-14 00:00:00,42182099999,28.6,1,26.9,1,1003.2,1,90.54615869442738,3.0,-0.3999999999999986,1.3000000000000682,1.0297953736246654
2023-09-14 03:00:00,42182099999,29.6,1,27.1,1,1004.4,1,86.46751908713752,3.0,1.0,1.1999999999999318,-4.078639607289858
2023-09-14 06:00:00,42182099999,34.2,1,26.1,1,1004.0,1,62.81318702880705,3.0,4.600000000000001,-0.39999999999997726,-23.654332058330468
2023-09-14 09:00:00,42182099999,36.8,1,26.3,1,1001.3,1,55.06033914295501,3.0,2.5999999999999943,-2.7000000000000455,-7.7528478858520415
2023-09-14 12:00:00,42182099999,35.2,1,27.3,1,1000.5,1,63.76997746892072,3.0,-1.5999999999999943,-0.7999999999999545,8.709638325965713
2023-09-14 15:00:00,42182099999,32.6,1,26.8,1,1001.9,1,71.60318423066752,3.0,-2.6000000000000014,1.3999999999999773,7.833206761746801
2023-09-14 18:00:00,42182099999,31.8,1,26.3,1,1003.6,1,72.74100553628992,3.0,-0.8000000000000007,1.7000000000000455,1.1378213056223956
2023-09-14 21:00:00,42182099999,30.6,1,26.4,1,1002.8,1,78.34767637456054,3.0,-1.1999999999999993,-0.8000000000000682,5.606670838270617
2023-09-15 00:00:00,42182099999,29.4,1,25.7,1,1002.9,1,80.53536024141098,3.0,-1.2000000000000028,0.10000000000002274,2.187683866850449
2023-09-15 03:00:00,42182099999,24.8,1,24.8,1,1006.8,1,100.0,3.0,-4.599999999999998,3.8999999999999773,19.464639758589016
2023-09-15 06:00:00,42182099999,29.8,1,25.9,1,1007.3,1,79.63860889063328,3.0,5.0,0.5,-20.36139110936672
2023-09-15 09:00:00,42182099999,32.4,1,26.0,1,1003.9,1,69.07688914571028,3.0,2.599999999999998,-3.3999999999999773,-10.561719744922996
2023-09-15 12:00:00,42182099999,33.0,1,26.6,1,1001.5,1,69.1892678326449,3.0,0.6000000000000014,-2.3999999999999773,0.11237868693461905
2023-09-15 15:00:00,42182099999,30.2,1,27.2,1,1003.6,1,84.02682856635852,3.0,-2.8000000000000007,2.1000000000000227,14.837560733713616
2023-09-15 18:00:00,42182099999,29.0,1,26.8,1,1004.0,1,87.95208930052544,3.0,-1.1999999999999993,0.39999999999997726,3.925260734166926
2023-09-15 21:00:00,42182099999,28.2,1,26.5,1,1003.8,1,90.51953760720181,3.0,-0.8000000000000007,-0.20000000000004547,2.5674483066763685
2023-09-16 00:00:00,42182099999,28.0,1,26.3,1,1003.3,1,90.50618565208272,3.0,-0.1999999999999993,-0.5,-0.013351955119091485
2023-09-16 03:00:00,42182099999,29.4,1,26.6,1,1004.6,1,84.9360766224706,3.0,1.3999999999999986,1.3000000000000682,-5.5701090296121265
2023-09-16 06:00:00,42182099999,33.6,1,26.7,1,1004.3,1,67.29450442917697,3.0,4.200000000000003,-0.3000000000000682,-17.641572193293626
2023-09-16 09:00:00,42182099999,33.0,1,27.2,1,1001.5,1,71.67322751398581,3.0,-0.6000000000000014,-2.7999999999999545,4.37872308480884
2023-09-16 12:00:00,42182099999,27.2,1,26.6,1,1001.8,1,96.53432701791446,3.0,-5.800000000000001,0.2999999999999545,24.861099503928656
2023-09-16 15:00:00,42182099999,25.4,1,25.4,1,1003.5,1,100.0,3.0,-1.8000000000000007,1.7000000000000455,3.465672982085536
2023-09-16 18:00:00,42182099999,25.8,1,25.5,1,1002.8,1,98.23572722928968,3.0,0.40000000000000213,-0.7000000000000455,-1.7642727707103205
2023-09-16 21:00:00,42182099999,25.2,1,24.6,1,1001.3,1,96.48331975462109,3.0,-0.6000000000000014,-1.5,-1.752407474668587
2023-09-17 00:00:00,42182099999,26.8,1,26.2,1,1001.2,1,96.52421418955653,3.0,1.6000000000000014,-0.09999999999990905,0.04089443493543854
2023-09-17 03:00:00,42182099999,27.8,1,26.1,1,1003.1,1,90.49280598950578,3.0,1.0,1.8999999999999773,-6.031408200050748
2023-09-17 06:00:00,42182099999,29.4,1,26.3,1,1002.9,1,83.44637781059491,3.0,1.5999999999999979,-0.20000000000004547,-7.0464281789108725
2023-09-17 09:00:00,42182099999,32.0,1,26.1,1,1000.2,1,71.07626571001893,3.0,2.6000000000000014,-2.699999999999932,-12.37011210057598
2023-09-17 12:00:00,42182099999,31.4,1,25.2,1,999.7,1,69.71409411644107,3.0,-0.6000000000000014,-0.5,-1.3621715935778553
2023-09-17 15:00:00,42182099999,28.6,1,25.5,1,1001.0,1,83.35683314726084,3.0,-2.799999999999997,1.2999999999999545,13.642739030819769
2023-09-17 18:00:00,42182099999,28.0,1,25.7,1,1001.7,1,87.34888747491027,3.0,-0.6000000000000014,0.7000000000000455,3.992054327649427
2023-09-17 21:00:00,42182099999,27.4,1,25.4,1,1000.8,1,88.86871874139695,3.0,-0.6000000000000014,-0.900000000000091,1.5198312664866762
2023-09-18 00:00:00,42182099999,26.4,1,24.7,1,1001.6,1,90.39836619855579,3.0,-1.0,0.8000000000000682,1.5296474571588448
2023-09-18 03:00:00,42182099999,28.6,1,24.3,1,1003.4,1,77.59711341151534,3.0,2.200000000000003,1.7999999999999545,-12.801252787040454
2023-09-18 06:00:00,42182099999,31.4,1,23.9,1,1003.4,1,64.49787905022467,3.0,2.799999999999997,0.0,-13.09923436129067
2023-09-18 09:00:00,42182099999,33.0,1,25.1,1,1001.8,1,63.305763001067604,3.0,1.6000000000000014,-1.6000000000000227,-1.1921160491570646
2023-09-18 12:00:00,42182099999,33.2,1,25.1,1,1001.1,1,62.59849477657124,3.0,0.20000000000000284,-0.6999999999999318,-0.7072682244963602
2023-09-18 15:00:00,42182099999,30.6,1,24.9,1,1003.2,1,71.67589990470815,3.0,-2.6000000000000014,2.1000000000000227,9.077405128136903
2023-09-18 18:00:00,42182099999,29.8,1,24.7,1,1004.6,1,74.15162297941144,3.0,-0.8000000000000007,1.3999999999999773,2.4757230747032963
2023-09-18 21:00:00,42182099999,28.6,1,24.3,1,1004.0,1,77.59711341151534,3.0,-1.1999999999999993,-0.6000000000000227,3.4454904321038953
2023-09-19 00:00:00,42182099999,27.8,1,25.2,1,1004.5,1,85.78717977072007,3.0,-0.8000000000000007,0.5,8.190066359204735
2023-09-19 03:00:00,42182099999,29.0,1,25.6,1,1006.0,1,81.9313443709877,3.0,1.1999999999999993,1.5,-3.8558353997323707
2023-09-19 06:00:00,42182099999,33.6,1,25.2,1,1005.8,1,61.576188549831414,3.0,4.600000000000001,-0.20000000000004547,-20.355155821156288
2023-09-19 09:00:00,42182099999,35.2,1,24.1,1,1003.9,1,52.745450145920145,3.0,1.6000000000000014,-1.8999999999999773,-8.830738403911269
2023-09-19 12:00:00,42182099999,33.8,1,25.1,1,1003.0,1,60.52964398250845,3.0,-1.4000000000000057,-0.8999999999999773,7.784193836588308
2023-09-20 00:00:00,42182099999,27.6,1,25.9,1,1005.9,1,90.47939854432097,12.0,-6.199999999999996,2.8999999999999773,29.94975456181252
2023-09-20 03:00:00,42182099999,29.6,1,25.7,1,1007.3,1,79.6118092261478,3.0,2.0,1.3999999999999773,-10.867589318173174
2023-09-20 06:00:00,42182099999,33.4,1,24.0,1,1006.6,1,57.95790307855285,3.0,3.799999999999997,-0.6999999999999318,-21.653906147594945
2023-09-20 09:00:00,42182099999,35.8,1,23.5,1,1003.3,1,49.217763132575975,3.0,2.3999999999999986,-3.300000000000068,-8.740139945976878
2023-09-20 12:00:00,42182099999,36.0,1,24.1,1,1001.3,1,50.46801146991017,3.0,0.20000000000000284,-2.0,1.2502483373341917
2023-09-20 15:00:00,42182099999,31.4,1,25.8,1,1004.1,1,72.24352874821913,3.0,-4.600000000000001,2.800000000000068,21.775517278308968
2023-09-20 18:00:00,42182099999,30.2,1,26.3,1,1005.2,1,79.69205742002245,3.0,-1.1999999999999993,1.1000000000000227,7.448528671803317
2023-09-20 21:00:00,42182099999,28.8,1,26.3,1,1005.0,1,86.39309843177878,3.0,-1.3999999999999986,-0.20000000000004547,6.701041011756331
2023-09-21 00:00:00,42182099999,28.4,1,25.9,1,1005.1,1,86.35566419509173,3.0,-0.40000000000000213,0.10000000000002274,-0.03743423668704793
2023-09-21 03:00:00,42182099999,30.0,1,26.1,1,1006.1,1,79.66535824918688,3.0,1.6000000000000014,1.0,-6.6903059459048535
2023-09-21 06:00:00,42182099999,34.4,1,25.8,1,1005.1,1,61.02394829813572,3.0,4.399999999999999,-1.0,-18.64140995105116
2023-09-21 09:00:00,42182099999,36.4,1,25.2,1,1001.4,1,52.72669227146169,3.0,2.0,-3.7000000000000455,-8.297256026674035
2023-09-21 12:00:00,42182099999,33.6,1,25.2,1,1002.2,1,61.576188549831414,3.0,-2.799999999999997,0.8000000000000682,8.849496278369728
2023-09-21 15:00:00,42182099999,28.4,1,26.4,1,1003.6,1,88.94616815571688,3.0,-5.200000000000003,1.3999999999999773,27.36997960588546
2023-09-21 18:00:00,42182099999,27.8,1,26.4,1,1004.6,1,92.11072068322818,3.0,-0.5999999999999979,1.0,3.1645525275113044
2023-09-21 21:00:00,42182099999,27.2,1,26.1,1,1003.9,1,93.72693426762005,3.0,-0.6000000000000014,-0.7000000000000455,1.616213584391872
2023-09-22 00:00:00,42182099999,27.0,1,25.9,1,1004.4,1,93.71791865005993,3.0,-0.1999999999999993,0.5,-0.009015617560123701
2023-09-22 03:00:00,42182099999,29.0,1,26.5,1,1006.7,1,86.41175942849821,3.0,2.0,2.300000000000068,-7.306159221561714
2023-09-22 06:00:00,42182099999,33.4,1,25.9,1,1005.6,1,64.91266364161814,3.0,4.399999999999999,-1.1000000000000227,-21.499095786880076
2023-09-22 09:00:00,42182099999,35.8,1,24.8,1,1002.7,1,53.210609064464286,3.0,2.3999999999999986,-2.8999999999999773,-11.702054577153852
2023-09-22 12:00:00,42182099999,34.2,1,25.2,1,1002.6,1,59.54690108998311,3.0,-1.5999999999999943,-0.10000000000002274,6.336292025518823
2023-09-22 15:00:00,42182099999,32.0,1,25.5,1,1003.8,1,68.5931528079531,3.0,-2.200000000000003,1.1999999999999318,9.046251717969994
2023-09-22 18:00:00,42182099999,30.6,1,25.5,1,1005.0,1,74.28243957799879,3.0,-1.3999999999999986,1.2000000000000455,5.689286770045683
2023-09-22 21:00:00,42182099999,29.4,1,25.7,1,1004.3,1,80.53536024141098,3.0,-1.2000000000000028,-0.7000000000000455,6.252920663412198
2023-09-23 00:00:00,42182099999,28.6,1,25.2,1,1004.5,1,81.88293095675748,3.0,-0.7999999999999972,0.20000000000004547,1.3475707153464924
2023-09-23 03:00:00,42182099999,29.4,1,25.7,1,1007.1,1,80.53536024141098,3.0,0.7999999999999972,2.6000000000000227,-1.3475707153464924
2023-09-23 06:00:00,42182099999,33.2,1,26.6,1,1006.9,1,68.41626758283552,3.0,3.8000000000000043,-0.20000000000004547,-12.119092658575468
2023-09-23 09:00:00,42182099999,24.4,1,24.4,1,1007.2,1,100.0,3.0,-8.800000000000004,0.3000000000000682,31.583732417164484
2023-09-23 12:00:00,42182099999,29.0,1,24.7,1,1004.1,1,77.65543578652992,3.0,4.600000000000001,-3.1000000000000227,-22.34456421347008
2023-09-23 15:00:00,42182099999,27.2,1,25.8,1,1005.4,1,92.07698925377626,3.0,-1.8000000000000007,1.2999999999999545,14.42155346724634
2023-09-23 18:00:00,42182099999,26.8,1,25.7,1,1005.8,1,93.70888380751718,3.0,-0.3999999999999986,0.39999999999997726,1.6318945537409206
2023-09-23 21:00:00,42182099999,26.4,1,25.5,1,1005.5,1,94.81128607168019,3.0,-0.40000000000000213,-0.2999999999999545,1.102402264163004
2023-09-24 00:00:00,42182099999,25.4,1,25.1,1,1005.8,1,98.23050936880627,3.0,-1.0,0.2999999999999545,3.4192232971260808
2023-09-24 03:00:00,42182099999,27.6,1,25.9,1,1007.0,1,90.47939854432097,3.0,2.200000000000003,1.2000000000000455,-7.751110824485295
2023-09-24 06:00:00,42182099999,31.0,1,26.6,1,1006.8,1,77.48613913975385,3.0,3.3999999999999986,-0.20000000000004547,-12.993259404567127
2023-09-24 09:00:00,42182099999,33.6,1,23.6,1,1004.0,1,55.949551784696496,3.0,2.6000000000000014,-2.7999999999999545,-21.53658735505735
2023-09-24 12:00:00,42182099999,29.8,1,23.1,1,1003.1,1,67.3516781237725,3.0,-3.8000000000000007,-0.8999999999999773,11.402126339076005
2023-09-24 15:00:00,42182099999,27.4,1,23.9,1,1004.8,1,81.24686676192346,3.0,-2.400000000000002,1.6999999999999318,13.895188638150955
2023-09-24 18:00:00,42182099999,26.2,1,23.9,1,1005.2,1,87.18984390567529,3.0,-1.1999999999999993,0.40000000000009095,5.942977143751833
2023-09-24 21:00:00,42182099999,25.8,1,24.1,1,1005.1,1,90.35746879655075,3.0,-0.3999999999999986,-0.10000000000002274,3.1676248908754587
2023-09-25 00:00:00,42182099999,25.0,1,23.8,1,1005.3,1,93.06534216930645,3.0,-0.8000000000000007,0.1999999999999318,2.7078733727556994
2023-09-25 03:00:00,42182099999,26.6,1,24.6,1,1007.1,1,88.80618472944694,3.0,1.6000000000000014,1.8000000000000682,-4.259157439859507
2023-09-25 06:00:00,42182099999,31.6,1,24.2,1,1006.8,1,64.9280664556721,3.0,5.0,-0.3000000000000682,-23.878118273774845
2023-09-25 09:00:00,42182099999,34.6,1,24.4,1,1004.2,1,55.51953672301835,3.0,3.0,-2.599999999999909,-9.408529732653747
2023-09-25 12:00:00,42182099999,33.6,1,25.8,1,1003.6,1,63.81035576931347,3.0,-1.0,-0.6000000000000227,8.29081904629512
2023-09-25 15:00:00,42182099999,29.6,1,25.1,1,1005.3,1,76.82235153000387,3.0,-4.0,1.6999999999999318,13.011995760690404
2023-09-25 18:00:00,42182099999,28.2,1,24.5,1,1006.4,1,80.37983931978188,3.0,-1.4000000000000021,1.1000000000000227,3.5574877897780084
2023-09-25 21:00:00,42182099999,27.0,1,24.4,1,1006.0,1,85.7087986323302,3.0,-1.1999999999999993,-0.39999999999997726,5.328959312548321
2023-09-26 00:00:00,42182099999,26.0,1,24.6,1,1006.5,1,92.00888400052642,3.0,-1.0,0.5,6.300085368196221
2023-09-26 03:00:00,42182099999,28.0,1,24.9,1,1008.5,1,83.28921441559984,3.0,2.0,2.0,-8.719669584926578
2023-09-26 06:00:00,42182099999,33.4,1,24.9,1,1007.9,1,61.166394066179166,3.0,5.399999999999999,-0.6000000000000227,-22.122820349420678
2023-09-26 09:00:00,42182099999,34.6,1,22.8,1,1005.6,1,50.41729520575189,3.0,1.2000000000000028,-2.2999999999999545,-10.749098860427274
2023-09-26 12:00:00,42182099999,33.2,1,23.4,1,1004.6,1,56.53234399526844,3.0,-1.3999999999999986,-1.0,6.11504878951655
2023-09-26 15:00:00,42182099999,30.4,1,24.1,1,1006.3,1,69.11197515651446,3.0,-2.8000000000000043,1.6999999999999318,12.57963116124602
2023-09-26 18:00:00,42182099999,29.2,1,24.0,1,1007.2,1,73.60956501820533,3.0,-1.1999999999999993,0.900000000000091,4.497589861690869
2023-09-26 21:00:00,42182099999,27.6,1,23.8,1,1006.4,1,79.81995065848324,3.0,-1.5999999999999979,-0.8000000000000682,6.210385640277906
2023-09-27 00:00:00,42182099999,26.4,1,24.7,1,1007.4,1,90.39836619855579,3.0,-1.2000000000000028,1.0,10.578415540072555
2023-09-27 03:00:00,42182099999,27.6,1,24.1,1,1008.6,1,81.27196286112057,3.0,1.2000000000000028,1.2000000000000455,-9.126403337435221
2023-09-27 06:00:00,42182099999,32.8,1,23.0,1,1007.7,1,56.43711760467723,3.0,5.199999999999996,-0.8999999999999773,-24.834845256443337
2023-09-27 09:00:00,42182099999,34.0,1,22.0,1,1005.3,1,49.65563394804311,3.0,1.2000000000000028,-2.400000000000091,-6.781483656634123
2023-09-27 12:00:00,42182099999,32.0,1,19.2,1,1004.2,1,46.757765745898766,3.0,-2.0,-1.099999999999909,-2.8978682021443447
2023-09-27 15:00:00,42182099999,30.2,1,19.9,1,1005.3,1,54.11245736689154,3.0,-1.8000000000000007,1.099999999999909,7.354691620992774
2023-09-27 18:00:00,42182099999,27.4,1,23.0,1,1006.1,1,76.95386898986409,3.0,-2.8000000000000007,0.8000000000000682,22.84141162297255
2023-09-27 21:00:00,42182099999,25.6,1,22.9,1,1005.9,1,85.05359376201457,3.0,-1.7999999999999972,-0.20000000000004547,8.09972477215048
2023-09-28 00:00:00,42182099999,23.4,1,22.2,1,1006.6,1,92.98462350012163,3.0,-2.200000000000003,0.7000000000000455,7.931029738107057
2023-09-28 03:00:00,42182099999,25.8,1,23.5,1,1008.2,1,87.15410439808417,3.0,2.400000000000002,1.6000000000000227,-5.8305191020374565
2023-09-28 06:00:00,42182099999,31.8,1,19.3,1,1008.1,1,47.586079386321714,3.0,6.0,-0.10000000000002274,-39.56802501176246
2023-09-28 18:00:00,42182099999,26.2,1,21.7,1,1005.8,1,76.30487547759344,12.0,-5.600000000000001,-2.300000000000068,28.718796091271727
2023-09-28 21:00:00,42182099999,24.7,1,21.8,1,1005.4,1,83.9297969335731,3.0,-1.5,-0.39999999999997726,7.62492145597966
2023-09-29 00:00:00,42182099999,23.4,1,21.9,1,1006.3,1,91.29967042540224,3.0,-1.3000000000000007,0.8999999999999773,7.369873491829139
2023-09-29 03:00:00,42182099999,26.0,1,23.1,1,1008.0,1,84.07244076824206,3.0,2.6000000000000014,1.7000000000000455,-7.22722965716018
2023-09-29 06:00:00,42182099999,31.5,1,21.3,1,1007.5,1,54.768318571499265,3.0,5.5,-0.5,-29.304122196742796
2023-09-29 12:00:00,42182099999,33.0,1,20.1,1,1003.4,1,46.73192939565313,6.0,1.5,-4.100000000000023,-8.036389175846132
2023-09-29 15:00:00,42182099999,28.2,1,22.6,1,1005.3,1,71.68232431462354,3.0,-4.800000000000001,1.8999999999999773,24.95039491897041
2023-09-29 21:00:00,42182099999,25.0,1,22.6,1,1006.6,1,86.5553591977721,6.0,-3.1999999999999993,1.3000000000000682,14.873034883148563
2023-09-30 00:00:00,42182099999,24.2,1,22.7,1,1005.9,1,91.34950480267452,3.0,-0.8000000000000007,-0.7000000000000455,4.794145604902411
2023-09-30 03:00:00,42182099999,26.4,1,22.9,1,1007.4,1,81.1206589392812,3.0,2.1999999999999993,1.5,-10.228845863393317
2023-09-30 06:00:00,42182099999,32.6,1,22.1,1,1007.3,1,54.04084502929489,3.0,6.200000000000003,-0.10000000000002274,-27.079813909986306
2023-09-30 09:00:00,42182099999,35.2,1,19.2,1,1003.8,1,39.08979535895464,3.0,2.6000000000000014,-3.5,-14.951049670340254
2023-09-30 12:00:00,42182099999,33.2,1,19.6,1,1003.3,1,44.79972355987793,3.0,-2.0,-0.5,5.709928200923294
2023-09-30 15:00:00,42182099999,29.8,1,22.8,1,1005.1,1,66.13938425088851,3.0,-3.400000000000002,1.8000000000000682,21.33966069101058
2023-09-30 18:00:00,42182099999,27.6,1,22.9,1,1006.0,1,75.59926777139484,3.0,-2.1999999999999993,0.8999999999999773,9.459883520506324
2023-09-30 21:00:00,42182099999,26.4,1,22.6,1,1004.9,1,79.65835252904961,3.0,-1.2000000000000028,-1.1000000000000227,4.059084757654773
2023-10-01 00:00:00,42182099999,24.4,1,21.7,1,1005.5,1,84.9292101215455,3.0,-2.0,0.6000000000000227,5.2708575924958865
2023-10-01 03:00:00,42182099999,26.4,1,22.2,1,1007.4,1,77.7445561070048,3.0,2.0,1.8999999999999773,-7.184654014540698
2023-10-01 06:00:00,42182099999,31.8,1,19.7,1,1006.5,1,48.78382679727445,3.0,5.400000000000002,-0.8999999999999773,-28.960729309730347
2023-10-01 09:00:00,42182099999,35.0,1,13.8,1,1003.8,1,28.03643575037328,3.0,3.1999999999999993,-2.7000000000000455,-20.74739104690117
2023-10-01 12:00:00,42182099999,33.0,1,17.0,1,1003.0,1,38.488718673594086,3.0,-2.0,-0.7999999999999545,10.452282923220807
2023-10-01 15:00:00,42182099999,27.0,1,21.0,1,1004.7,1,69.73535987777385,3.0,-6.0,1.7000000000000455,31.24664120417976
2023-10-01 18:00:00,42182099999,26.2,1,20.7,1,1006.2,1,71.76431122414668,3.0,-0.8000000000000007,1.5,2.0289513463728355
2023-10-02 00:00:00,42182099999,21.6,1,19.7,1,1005.4,1,88.95389452740015,6.0,-4.599999999999998,-0.8000000000000682,17.18958330325347
2023-10-02 03:00:00,42182099999,23.8,1,19.4,1,1007.6,1,76.40361175831273,3.0,2.1999999999999993,2.2000000000000455,-12.550282769087417
2023-10-02 06:00:00,42182099999,31.6,1,18.3,1,1007.7,1,45.21418435477139,3.0,7.800000000000001,0.10000000000002274,-31.189427403541345
2023-10-02 09:00:00,42182099999,34.2,1,16.6,1,1005.0,1,35.086612583646954,3.0,2.6000000000000014,-2.7000000000000455,-10.127571771124437
2023-10-02 12:00:00,42182099999,33.2,1,15.7,1,1004.8,1,35.03561386354402,3.0,-1.0,-0.20000000000004547,-0.05099872010293183
2023-10-02 15:00:00,42182099999,26.2,1,18.7,1,1006.6,1,63.38846253625371,3.0,-7.0000000000000036,1.8000000000000682,28.35284867270969
2023-10-02 18:00:00,42182099999,22.4,1,17.2,1,1007.1,1,72.43681558289073,3.0,-3.8000000000000007,0.5,9.048353046637018
2023-10-02 21:00:00,42182099999,20.6,1,17.0,1,1006.4,1,79.8567757762695,3.0,-1.7999999999999972,-0.7000000000000455,7.41996019337877
2023-10-03 00:00:00,42182099999,19.8,1,17.5,1,1007.1,1,86.60007203334754,3.0,-0.8000000000000007,0.7000000000000455,6.743296257078043
2023-10-03 03:00:00,42182099999,23.6,1,17.1,1,1009.1,1,66.93757991376943,3.0,3.8000000000000007,2.0,-19.66249211957812
2023-10-03 06:00:00,42182099999,30.8,1,16.1,1,1008.5,1,41.174718124722965,3.0,7.199999999999999,-0.6000000000000227,-25.76286178904646
2023-10-03 09:00:00,42182099999,34.2,1,12.6,1,1005.0,1,27.103775005816594,3.0,3.400000000000002,-3.5,-14.07094311890637
2023-10-03 12:00:00,42182099999,32.0,1,20.3,1,1005.0,1,50.05946898334762,3.0,-2.200000000000003,0.0,22.955693977531027
2023-10-03 15:00:00,42182099999,25.0,1,20.1,1,1007.3,1,74.26066874835885,3.0,-7.0,2.2999999999999545,24.201199765011232
2023-10-03 18:00:00,42182099999,22.6,1,19.5,1,1008.1,1,82.66238212842283,3.0,-2.3999999999999986,0.8000000000000682,8.401713380063981
2023-10-03 21:00:00,42182099999,21.0,1,19.1,1,1007.7,1,88.90636043419731,3.0,-1.6000000000000014,-0.39999999999997726,6.243978305774476
2023-10-04 00:00:00,42182099999,20.2,1,19.3,1,1007.4,1,94.57041014289584,3.0,-0.8000000000000007,-0.3000000000000682,5.664049708698528
2023-10-04 03:00:00,42182099999,23.6,1,18.9,1,1009.1,1,74.95700457694504,3.0,3.400000000000002,1.7000000000000455,-19.6134055659508
2023-10-04 06:00:00,42182099999,31.0,1,21.2,1,1008.1,1,56.00535491373798,3.0,7.399999999999999,-1.0,-18.951649663207057
2023-10-04 09:00:00,42182099999,34.0,1,21.3,1,1005.2,1,47.575273109543275,3.0,3.0,-2.8999999999999773,-8.430081804194707
2023-10-04 12:00:00,42182099999,32.8,1,20.6,1,1004.8,1,48.742535253752614,3.0,-1.2000000000000028,-0.40000000000009095,1.1672621442093387
2023-10-04 15:00:00,42182099999,30.2,1,19.5,1,1007.0,1,52.78587755627143,3.0,-2.599999999999998,2.2000000000000455,4.043342302518816
2023-10-04 18:00:00,42182099999,26.8,1,18.7,1,1007.8,1,61.18521534996033,3.0,-3.3999999999999986,0.7999999999999545,8.3993377936889
2023-10-04 21:00:00,42182099999,23.4,1,19.3,1,1007.4,1,77.78185620897757,3.0,-3.400000000000002,-0.39999999999997726,16.596640859017242
2023-10-05 00:00:00,42182099999,21.0,1,19.8,1,1006.9,1,92.86091278956886,3.0,-2.3999999999999986,-0.5,15.079056580591285
2023-10-05 03:00:00,42182099999,24.6,1,17.9,1,1008.7,1,66.30194413180494,3.0,3.6000000000000014,1.8000000000000682,-26.558968657763913
2023-10-05 06:00:00,42182099999,32.0,1,20.6,1,1007.9,1,50.99468465735812,3.0,7.399999999999999,-0.8000000000000682,-15.307259474446823
2023-10-05 09:00:00,42182099999,34.6,1,19.2,1,1004.5,1,40.41220044183502,3.0,2.6000000000000014,-3.3999999999999773,-10.582484215523102
2023-10-05 15:00:00,42182099999,26.8,1,21.4,1,1005.7,1,72.3130352999761,6.0,-7.800000000000001,1.2000000000000455,31.900834858141074
2023-10-05 18:00:00,42182099999,23.2,1,19.8,1,1006.0,1,81.21067682976118,3.0,-3.6000000000000014,0.2999999999999545,8.89764152978509
2023-10-06 00:00:00,42182099999,20.2,1,18.6,1,1005.8,1,90.52800432378555,6.0,-3.0,-0.20000000000004547,9.317327494024369
2023-10-06 03:00:00,42182099999,22.6,1,18.5,1,1007.4,1,77.66312926099062,3.0,2.400000000000002,1.6000000000000227,-12.864875062794937
2023-10-06 06:00:00,42182099999,32.2,1,19.1,1,1006.5,1,45.944408730541696,3.0,9.600000000000001,-0.8999999999999773,-31.71872053044892
2023-10-06 09:00:00,42182099999,34.8,1,20.2,1,1003.3,1,42.5243864024627,3.0,2.5999999999999943,-3.2000000000000455,-3.4200223280789928
2023-10-06 12:00:00,42182099999,34.4,1,20.8,1,1003.4,1,45.11935390234125,3.0,-0.3999999999999986,0.10000000000002274,2.5949674998785497
2023-10-06 15:00:00,42182099999,25.8,1,20.6,1,1005.6,1,73.03206992350184,3.0,-8.599999999999998,2.2000000000000455,27.912716021160584
2023-10-06 18:00:00,42182099999,24.4,1,21.4,1,1006.0,1,83.38445864005315,3.0,-1.4000000000000021,0.39999999999997726,10.352388716551317
2023-10-06 21:00:00,42182099999,22.8,1,20.7,1,1005.9,1,87.95886336881536,3.0,-1.5999999999999979,-0.10000000000002274,4.574404728762204
2023-10-07 00:00:00,42182099999,22.2,1,20.7,1,1006.6,1,91.22412116599256,3.0,-0.6000000000000014,0.7000000000000455,3.265257797177199
2023-10-07 03:00:00,42182099999,26.2,1,18.4,1,1008.5,1,62.209161530734946,3.0,4.0,1.8999999999999773,-29.01495963525761
2023-10-07 06:00:00,42182099999,32.2,1,19.1,1,1007.6,1,45.944408730541696,3.0,6.0000000000000036,-0.8999999999999773,-16.26475280019325
2023-10-07 09:00:00,42182099999,35.0,1,21.5,1,1005.1,1,45.556527864897916,3.0,2.799999999999997,-2.5,-0.38788086564377977
2023-10-07 12:00:00,42182099999,33.6,1,21.9,1,1005.4,1,50.46945953917431,3.0,-1.3999999999999986,0.2999999999999545,4.912931674276393
2023-10-07 15:00:00,42182099999,28.4,1,24.4,1,1007.2,1,78.97572139747378,3.0,-5.200000000000003,1.8000000000000682,28.506261858299467
2023-10-07 18:00:00,42182099999,26.6,1,24.0,1,1007.6,1,85.66937200749226,3.0,-1.7999999999999972,0.39999999999997726,6.69365061001848
2023-10-07 21:00:00,42182099999,25.4,1,23.7,1,1007.0,1,90.33006125111788,3.0,-1.2000000000000028,-0.6000000000000227,4.660689243625626
2023-10-08 00:00:00,42182099999,25.2,1,23.4,1,1007.0,1,89.77318651955946,3.0,-0.1999999999999993,0.0,-0.5568747315584233
2023-10-08 03:00:00,42182099999,27.8,1,19.2,1,1008.7,1,59.53100351964522,3.0,2.6000000000000014,1.7000000000000455,-30.24218299991424
2023-10-08 06:00:00,42182099999,31.6,1,19.8,1,1008.2,1,49.64767639109842,3.0,3.8000000000000007,-0.5,-9.883327128546796
2023-10-08 09:00:00,42182099999,36.2,1,22.0,1,1005.5,1,43.960628261188035,3.0,4.600000000000001,-2.7000000000000455,-5.687048129910387
2023-10-08 12:00:00,42182099999,34.2,1,23.6,1,1005.3,1,54.105694175209415,3.0,-2.0,-0.20000000000004547,10.14506591402138
2023-10-08 15:00:00,42182099999,29.6,1,25.4,1,1007.2,1,78.20620296447258,3.0,-4.600000000000001,1.900000000000091,24.100508789263166
2023-10-08 18:00:00,42182099999,28.2,1,24.8,1,1007.9,1,81.83433063230953,3.0,-1.4000000000000021,0.6999999999999318,3.6281276678369494
2023-10-08 21:00:00,42182099999,27.0,1,24.7,1,1007.2,1,87.26088849314073,3.0,-1.1999999999999993,-0.6999999999999318,5.4265578608311955
2023-10-09 00:00:00,42182099999,25.8,1,24.4,1,1007.6,1,91.99744908137737,3.0,-1.1999999999999993,0.39999999999997726,4.736560588236642
2023-10-09 03:00:00,42182099999,27.8,1,20.2,1,1009.8,1,63.34204232336771,3.0,2.0,2.199999999999932,-28.65540675800966
2023-10-09 06:00:00,42182099999,33.2,1,21.1,1,1009.5,1,49.14728523903349,3.0,5.400000000000002,-0.2999999999999545,-14.19475708433422
2023-10-09 09:00:00,42182099999,36.0,1,19.9,1,1006.5,1,39.06432377676067,3.0,2.799999999999997,-3.0,-10.082961462272813
2023-10-09 12:00:00,42182099999,34.4,1,24.2,1,1005.5,1,55.47153939975632,3.0,-1.6000000000000014,-1.0,16.407215622995643
2023-10-09 15:00:00,42182099999,29.4,1,23.9,1,1007.3,1,72.32825969825754,3.0,-5.0,1.7999999999999545,16.856720298501223
2023-10-09 18:00:00,42182099999,28.0,1,23.9,1,1008.4,1,78.44744220055776,3.0,-1.3999999999999986,1.1000000000000227,6.1191825023002195
2023-10-09 21:00:00,42182099999,27.0,1,24.1,1,1007.9,1,84.18092213796281,3.0,-1.0,-0.5,5.7334799374050505
2023-10-10 00:00:00,42182099999,24.0,1,21.5,1,1008.3,1,85.93379377341455,3.0,-3.0,0.39999999999997726,1.75287163545174
2023-10-10 03:00:00,42182099999,27.2,1,19.5,1,1010.4,1,62.82026640406263,3.0,3.1999999999999993,2.1000000000000227,-23.11352736935192
2023-10-10 06:00:00,42182099999,32.8,1,19.8,1,1010.6,1,46.39069479422688,3.0,5.599999999999998,0.20000000000004547,-16.429571609835747
2023-10-10 09:00:00,42182099999,34.8,1,21.3,1,1008.1,1,45.50365698828102,3.0,2.0,-2.5,-0.8870378059458588
2023-10-10 12:00:00,42182099999,33.6,1,20.5,1,1007.5,1,46.31559546655938,3.0,-1.1999999999999957,-0.6000000000000227,0.811938478278357
2023-10-10 15:00:00,42182099999,26.4,1,20.6,1,1008.2,1,70.48621381671374,3.0,-7.200000000000003,0.7000000000000455,24.170618350154363
2023-10-10 18:00:00,42182099999,25.0,1,21.4,1,1009.2,1,80.44778939452424,3.0,-1.3999999999999986,1.0,9.961575577810493
2023-10-11 00:00:00,42182099999,21.8,1,20.3,1,1009.6,1,91.19872298278054,6.0,-3.1999999999999993,0.39999999999997726,10.750933588256302
2023-10-11 03:00:00,42182099999,24.2,1,20.8,1,1011.7,1,81.33784349698335,3.0,2.3999999999999986,2.1000000000000227,-9.860879485797184
2023-10-11 06:00:00,42182099999,31.4,1,18.8,1,1011.2,1,47.185028529026276,3.0,7.199999999999999,-0.5,-34.15281496795708
2023-10-11 09:00:00,42182099999,34.8,1,16.2,1,1008.5,1,33.082260847898056,3.0,3.3999999999999986,-2.7000000000000455,-14.10276768112822
2023-10-11 12:00:00,42182099999,32.2,1,16.8,1,1008.5,1,39.75715510944213,3.0,-2.5999999999999943,0.0,6.674894261544075
2023-10-11 15:00:00,42182099999,24.4,1,18.4,1,1010.7,1,69.24033252213863,3.0,-7.800000000000004,2.2000000000000455,29.4831774126965
2023-10-11 18:00:00,42182099999,22.2,1,18.0,1,1011.0,1,77.11730791149994,3.0,-2.1999999999999993,0.2999999999999545,7.876975389361306
2023-10-11 21:00:00,42182099999,21.0,1,18.1,1,1010.5,1,83.51354068299872,3.0,-1.1999999999999993,-0.5,6.396232771498788
2023-10-12 00:00:00,42182099999,19.0,1,18.0,1,1011.2,1,93.92977440102698,3.0,-2.0,0.7000000000000455,10.416233718028252
2023-10-12 03:00:00,42182099999,23.0,1,18.2,1,1012.8,1,74.39041066627999,3.0,4.0,1.599999999999909,-19.539363734746985
2023-10-12 06:00:00,42182099999,32.0,1,18.5,1,1012.5,1,44.757614694888446,3.0,9.0,-0.2999999999999545,-29.632795971391545
2023-10-12 09:00:00,42182099999,34.2,1,19.4,1,1010.4,1,41.839470465259176,3.0,2.200000000000003,-2.1000000000000227,-2.91814422962927
2023-10-12 12:00:00,42182099999,32.0,1,20.3,1,1010.2,1,50.05946898334762,3.0,-2.200000000000003,-0.1999999999999318,8.219998518088445
2023-10-12 15:00:00,42182099999,26.8,1,20.1,1,1011.8,1,66.75154657469582,3.0,-5.199999999999999,1.599999999999909,16.692077591348202
2023-10-12 18:00:00,42182099999,25.6,1,20.1,1,1012.4,1,71.65680034129598,3.0,-1.1999999999999993,0.6000000000000227,4.905253766600154
2023-10-12 21:00:00,42182099999,23.4,1,20.6,1,1011.7,1,84.303446850675,3.0,-2.200000000000003,-0.6999999999999318,12.646646509379025
2023-10-13 00:00:00,42182099999,21.8,1,21.2,1,1012.2,1,96.39400261837231,3.0,-1.5999999999999979,0.5,12.09055576769731
2023-10-13 03:00:00,42182099999,24.2,1,20.5,1,1013.8,1,79.84839136491931,3.0,2.3999999999999986,1.599999999999909,-16.545611253453004
2023-10-13 06:00:00,42182099999,33.6,1,20.5,1,1013.0,1,46.31559546655938,3.0,9.400000000000002,-0.7999999999999545,-33.53279589835993
2023-10-13 09:00:00,42182099999,35.4,1,20.9,1,1010.0,1,42.948937628723854,3.0,1.7999999999999972,-3.0,-3.3666578378355254
2023-10-13 12:00:00,42182099999,33.0,1,21.9,1,1009.3,1,52.19700204876771,3.0,-2.3999999999999986,-0.7000000000000455,9.248064420043853
2023-10-13 15:00:00,42182099999,26.2,1,21.4,1,1010.6,1,74.9169893866901,3.0,-6.800000000000001,1.3000000000000682,22.719987337922397
2023-10-13 18:00:00,42182099999,25.0,1,21.7,1,1012.2,1,81.93813716288261,3.0,-1.1999999999999993,1.6000000000000227,7.021147776192507
2023-10-13 21:00:00,42182099999,24.0,1,21.5,1,1011.8,1,85.93379377341455,3.0,-1.0,-0.40000000000009095,3.995656610531938
2023-10-14 00:00:00,42182099999,22.2,1,21.0,1,1011.7,1,92.9231682794469,3.0,-1.8000000000000007,-0.09999999999990905,6.989374506032348
2023-10-14 03:00:00,42182099999,24.6,1,21.6,1,1012.8,1,83.4072263549273,3.0,2.400000000000002,1.099999999999909,-9.515941924519595
2023-10-14 06:00:00,42182099999,34.0,1,22.7,1,1012.1,1,51.81527988036216,3.0,9.399999999999999,-0.6999999999999318,-31.59194647456514
2023-10-14 09:00:00,42182099999,36.0,1,21.7,1,1009.2,1,43.640026633465304,3.0,2.0,-2.8999999999999773,-8.175253246896858
2023-10-14 12:00:00,42182099999,33.4,1,21.3,1,1008.8,1,49.19896559376817,3.0,-2.6000000000000014,-0.40000000000009095,5.558938960302868
2023-10-14 15:00:00,42182099999,26.4,1,21.3,1,1010.5,1,73.58514111197726,3.0,-7.0,1.7000000000000455,24.386175518209093
2023-10-14 18:00:00,42182099999,24.8,1,21.2,1,1010.9,1,80.42146721617324,3.0,-1.5999999999999979,0.39999999999997726,6.836326104195976
2023-10-14 21:00:00,42182099999,23.6,1,21.5,1,1009.2,1,88.02677396309889,3.0,-1.1999999999999993,-1.6999999999999318,7.605306746925649
2023-10-15 00:00:00,42182099999,22.6,1,21.4,1,1009.0,1,92.9437416009186,3.0,-1.0,-0.20000000000004547,4.91696763781971
2023-10-15 03:00:00,42182099999,26.0,1,21.2,1,1011.5,1,74.88452551485119,3.0,3.3999999999999986,2.5,-18.05921608606741
2023-10-15 06:00:00,42182099999,29.2,1,19.8,1,1011.0,1,56.96582316395901,3.0,3.1999999999999993,-0.5,-17.918702350892183
2023-10-15 09:00:00,42182099999,33.6,1,21.9,1,1007.6,1,50.46945953917431,3.0,4.400000000000002,-3.3999999999999773,-6.496363624784699
2023-10-15 12:00:00,42182099999,32.4,1,23.8,1,1006.9,1,60.57918429384643,3.0,-1.2000000000000028,-0.7000000000000455,10.109724754672122
2023-10-15 15:00:00,42182099999,26.2,1,22.3,1,1009.0,1,79.14840201964623,3.0,-6.199999999999999,2.1000000000000227,18.569217725799795
2023-10-15 18:00:00,42182099999,25.2,1,21.9,1,1009.4,1,81.96262342273943,3.0,-1.0,0.39999999999997726,2.8142214030931996
2023-10-15 21:00:00,42182099999,24.0,1,21.6,1,1008.2,1,86.46120985687485,3.0,-1.1999999999999993,-1.1999999999999318,4.498586434135419
2023-10-16 00:00:00,42182099999,22.6,1,19.8,1,1009.7,1,84.21619689321432,3.0,-1.3999999999999986,1.5,-2.2450129636605283
2023-10-16 03:00:00,42182099999,26.2,1,19.7,1,1011.2,1,67.46242360250821,3.0,3.599999999999998,1.5,-16.753773290706107
2023-10-16 06:00:00,42182099999,28.6,1,23.7,1,1011.2,1,74.85017612547131,3.0,2.400000000000002,0.0,7.387752522963098
2023-10-16 09:00:00,42182099999,29.4,1,21.4,1,1010.5,1,62.147323833199586,3.0,0.7999999999999972,-0.7000000000000455,-12.702852292271722
2023-10-16 12:00:00,42182099999,26.2,1,17.6,1,1009.6,1,59.15801200288633,3.0,-3.1999999999999993,-0.8999999999999773,-2.9893118303132553
2023-10-16 15:00:00,42182099999,24.2,1,14.9,1,1012.4,1,56.106271288258434,3.0,-2.0,2.7999999999999545,-3.051740714627897
2023-10-16 18:00:00,42182099999,21.4,1,17.9,1,1016.7,1,80.47097062716614,3.0,-2.8000000000000007,4.300000000000068,24.364699338907705
2023-10-16 21:00:00,42182099999,18.8,1,17.8,1,1013.2,1,93.92076830587527,3.0,-2.599999999999998,-3.5,13.449797678709132
2023-10-17 00:00:00,42182099999,19.2,1,17.6,1,1014.0,1,90.45898352305713,3.0,0.3999999999999986,0.7999999999999545,-3.4617847828181425
2023-10-17 03:00:00,42182099999,21.6,1,18.1,1,1016.1,1,80.49756918337606,3.0,2.400000000000002,2.1000000000000227,-9.96141433968107
2023-10-17 06:00:00,42182099999,24.2,1,17.8,1,1018.9,1,67.48340579969009,3.0,2.599999999999998,2.7999999999999545,-13.014163383685968
2023-10-17 09:00:00,42182099999,25.6,1,17.3,1,1014.6,1,60.147977437432424,3.0,1.4000000000000021,-4.2999999999999545,-7.335428362257666
2023-10-17 12:00:00,42182099999,24.6,1,18.3,1,1014.3,1,67.98894000118018,3.0,-1.0,-0.3000000000000682,7.840962563747759
2023-10-17 15:00:00,42182099999,22.4,1,18.9,1,1015.2,1,80.60344588733471,3.0,-2.200000000000003,0.900000000000091,12.614505886154532
2023-10-17 21:00:00,42182099999,19.4,1,18.8,1,1014.5,1,96.32890406093485,6.0,-3.0,-0.7000000000000455,15.725458173600131
2023-10-18 00:00:00,42182099999,18.4,1,17.8,1,1014.5,1,96.30126175172418,3.0,-1.0,0.0,-0.027642309210662575
2023-10-18 03:00:00,42182099999,20.8,1,17.6,1,1016.4,1,81.92785507473593,3.0,2.400000000000002,1.8999999999999773,-14.373406676988253
2023-10-18 06:00:00,42182099999,28.6,1,13.1,1,1016.4,1,38.509639017388515,3.0,7.800000000000001,0.0,-43.418216057347415
2023-10-18 09:00:00,42182099999,30.2,1,14.0,1,1013.2,1,37.23036792017046,3.0,1.5999999999999979,-3.199999999999932,-1.2792710972180572
2023-10-18 15:00:00,42182099999,22.2,1,17.4,1,1014.8,1,74.25634672260556,6.0,-8.0,1.599999999999909,37.0259788024351
2023-10-18 18:00:00,42182099999,20.0,1,17.4,1,1014.8,1,84.99533007192596,3.0,-2.1999999999999993,0.0,10.738983349320407
2023-10-18 21:00:00,42182099999,18.8,1,17.5,1,1013.1,1,92.16146182468223,3.0,-1.1999999999999993,-1.6999999999999318,7.166131752756272
2023-10-19 00:00:00,42182099999,17.2,1,16.2,1,1014.5,1,93.84800065349559,3.0,-1.6000000000000014,1.3999999999999773,1.6865388288133545
2023-10-19 03:00:00,42182099999,20.6,1,17.0,1,1016.5,1,79.8567757762695,3.0,3.400000000000002,2.0,-13.991224877226088
2023-10-19 06:00:00,42182099999,26.6,1,15.5,1,1016.1,1,50.557823302316784,3.0,6.0,-0.39999999999997726,-29.298952473952717
2023-10-19 09:00:00,42182099999,29.4,1,12.4,1,1013.3,1,35.120123771064485,3.0,2.799999999999997,-2.800000000000068,-15.4376995312523
2023-10-19 12:00:00,42182099999,28.4,1,15.0,1,1012.5,1,44.06503931299219,3.0,-1.0,-0.7999999999999545,8.944915541927706
2023-10-19 15:00:00,42182099999,21.8,1,16.6,1,1014.5,1,72.32987810546678,3.0,-6.599999999999998,2.0,28.264838792474585
2023-10-19 18:00:00,42182099999,19.6,1,16.6,1,1015.1,1,82.82420852335207,3.0,-2.1999999999999993,0.6000000000000227,10.494330417885294
2023-10-19 21:00:00,42182099999,18.2,1,16.9,1,1014.5,1,92.12678547599367,3.0,-1.4000000000000021,-0.6000000000000227,9.302576952641601
2023-10-20 00:00:00,42182099999,17.6,1,16.6,1,1015.4,1,93.8663131960353,3.0,-0.5999999999999979,0.8999999999999773,1.739527720041636
2023-10-20 03:00:00,42182099999,20.2,1,18.3,1,1017.2,1,88.84251349796529,3.0,2.599999999999998,1.8000000000000682,-5.023799698070022
2023-10-20 06:00:00,42182099999,28.0,1,15.7,1,1016.0,1,47.17515349018581,3.0,7.800000000000001,-1.2000000000000455,-41.66736000777948
2023-10-20 09:00:00,42182099999,30.6,1,14.6,1,1013.4,1,37.826828214273384,3.0,2.6000000000000014,-2.6000000000000227,-9.348325275912423
2023-10-20 12:00:00,42182099999,28.6,1,15.6,1,1014.6,1,45.26607525457315,3.0,-2.0,1.2000000000000455,7.439247040299769
2023-10-20 15:00:00,42182099999,21.4,1,16.8,1,1014.9,1,75.06854363302618,3.0,-7.200000000000003,0.2999999999999545,29.802468378453028
2023-10-20 18:00:00,42182099999,19.2,1,16.9,1,1015.1,1,86.54276056682889,3.0,-2.1999999999999993,0.20000000000004547,11.474216933802708
2023-10-20 21:00:00,42182099999,17.8,1,16.5,1,1014.7,1,92.10354182385356,3.0,-1.3999999999999986,-0.39999999999997726,5.560781257024672
2023-10-21 00:00:00,42182099999,17.2,1,16.2,1,1015.5,1,93.84800065349559,3.0,-0.6000000000000014,0.7999999999999545,1.7444588296420278
2023-10-21 03:00:00,42182099999,20.6,1,17.7,1,1017.6,1,83.46760845652952,3.0,3.400000000000002,2.1000000000000227,-10.38039219696607
2023-10-21 06:00:00,42182099999,28.2,1,15.9,1,1016.9,1,47.22867288372724,3.0,7.599999999999998,-0.7000000000000455,-36.238935572802276
2023-10-21 09:00:00,42182099999,31.0,1,14.3,1,1014.0,1,36.26259862900743,3.0,2.8000000000000007,-2.8999999999999773,-10.966074254719814
2023-10-21 12:00:00,42182099999,29.6,1,18.2,1,1013.5,1,50.377857978380256,3.0,-1.3999999999999986,-0.5,14.115259349372828
2023-10-21 15:00:00,42182099999,22.2,1,17.7,1,1015.1,1,75.67495386222414,3.0,-7.400000000000002,1.6000000000000227,25.297095883843888
2023-10-21 18:00:00,42182099999,20.0,1,17.4,1,1015.8,1,84.99533007192596,3.0,-2.1999999999999993,0.6999999999999318,9.32037620970182
2023-10-21 21:00:00,42182099999,19.0,1,17.4,1,1015.3,1,90.44509053017224,3.0,-1.0,-0.5,5.449760458246274
2023-10-22 00:00:00,42182099999,17.4,1,16.0,1,1016.5,1,91.4944808802553,3.0,-1.6000000000000014,1.2000000000000455,1.0493903500830584
2023-10-22 03:00:00,42182099999,20.2,1,17.3,1,1017.9,1,83.42149095195703,3.0,2.8000000000000007,1.3999999999999773,-8.07298992829827
2023-10-22 06:00:00,42182099999,28.4,1,16.9,1,1017.0,1,49.74976238640901,3.0,8.2,-0.8999999999999773,-33.671728565548015
2023-10-22 09:00:00,42182099999,30.8,1,14.6,1,1013.9,1,37.39681672754494,3.0,2.400000000000002,-3.1000000000000227,-12.352945658864073
2023-10-22 12:00:00,42182099999,27.8,1,16.2,1,1013.4,1,49.27755916212099,3.0,-3.0,-0.5,11.88074243457605
2023-10-22 15:00:00,42182099999,22.2,1,18.7,1,1015.5,1,80.57705408572946,3.0,-5.600000000000001,2.1000000000000227,31.29949492360847
2023-10-22 18:00:00,42182099999,20.4,1,18.5,1,1015.7,1,88.85852566524859,3.0,-1.8000000000000007,0.20000000000004547,8.281471579519135
2023-10-22 21:00:00,42182099999,19.2,1,17.9,1,1015.0,1,92.18445414057031,3.0,-1.1999999999999993,-0.7000000000000455,3.3259284753217173
2023-10-23 00:00:00,42182099999,18.4,1,17.4,1,1015.6,1,93.90269655568989,3.0,-0.8000000000000007,0.6000000000000227,1.718242415119576
2023-10-23 03:00:00,42182099999,20.8,1,18.2,1,1016.9,1,85.0794567259643,3.0,2.400000000000002,1.2999999999999545,-8.82323982972558
2023-10-23 06:00:00,42182099999,27.4,1,16.5,1,1015.3,1,51.41660273005798,3.0,6.599999999999998,-1.6000000000000227,-33.662853995906325
2023-10-23 09:00:00,42182099999,30.6,1,13.2,1,1012.0,1,34.54210791137394,3.0,3.200000000000003,-3.2999999999999545,-16.87449481868404
2023-10-23 12:00:00,42182099999,28.4,1,15.0,1,1010.2,1,44.06503931299219,3.0,-2.200000000000003,-1.7999999999999545,9.522931401618251
2023-10-23 15:00:00,42182099999,22.6,1,18.1,1,1013.6,1,75.73900120222518,3.0,-5.799999999999997,3.3999999999999773,31.67396188923299
2023-10-23 18:00:00,42182099999,20.4,1,17.8,1,1014.1,1,85.03747927565317,3.0,-2.200000000000003,0.5,9.298478073427987
2023-10-23 21:00:00,42182099999,19.0,1,17.7,1,1014.0,1,92.17297046007043,3.0,-1.3999999999999986,-0.10000000000002274,7.135491184417262
2023-10-24 00:00:00,42182099999,17.8,1,16.8,1,1013.4,1,93.87543916375934,3.0,-1.1999999999999993,-0.6000000000000227,1.7024687036889077
2023-10-24 03:00:00,42182099999,20.6,1,17.4,1,1015.3,1,81.90291975518062,3.0,2.8000000000000007,1.8999999999999773,-11.97251940857872
2023-10-24 06:00:00,42182099999,29.0,1,16.1,1,1014.3,1,45.66475006650691,3.0,8.399999999999999,-1.0,-36.23816968867371
2023-10-24 09:00:00,42182099999,30.8,1,12.6,1,1012.2,1,32.835501860754036,3.0,1.8000000000000007,-2.099999999999909,-12.829248205752876
2023-10-24 12:00:00,42182099999,28.6,1,15.2,1,1011.0,1,44.119607567927204,3.0,-2.1999999999999993,-1.2000000000000455,11.284105707173168
2023-10-24 15:00:00,42182099999,21.2,1,17.0,1,1013.6,1,76.9642757068897,3.0,-7.400000000000002,2.6000000000000227,32.84466813896249
2023-10-24 18:00:00,42182099999,19.8,1,16.8,1,1013.8,1,82.84809311244793,3.0,-1.3999999999999986,0.1999999999999318,5.883817405558233
2023-10-24 21:00:00,42182099999,18.6,1,17.0,1,1013.2,1,90.41721504718039,3.0,-1.1999999999999993,-0.599999999999909,7.569121934732465
2023-10-25 00:00:00,42182099999,17.2,1,15.9,1,1014.2,1,92.0684857695993,3.0,-1.4000000000000021,1.0,1.6512707224189143
2023-10-25 03:00:00,42182099999,20.4,1,16.8,1,1016.0,1,79.82930712381024,3.0,3.1999999999999993,1.7999999999999545,-12.239178645789067
2023-10-25 06:00:00,42182099999,27.8,1,15.4,1,1015.9,1,46.820447800043176,3.0,7.400000000000002,-0.10000000000002274,-33.00885932376706
2023-10-25 09:00:00,42182099999,30.2,1,14.4,1,1012.9,1,38.20698044293634,3.0,2.3999999999999986,-3.0,-8.613467357106835
2023-10-25 12:00:00,42182099999,28.4,1,16.9,1,1012.6,1,49.74976238640901,3.0,-1.8000000000000007,-0.2999999999999545,11.542781943472669
2023-10-25 15:00:00,42182099999,22.4,1,17.9,1,1014.1,1,75.7070072653873,3.0,-6.0,1.5,25.957244878978294
2023-10-25 18:00:00,42182099999,20.4,1,17.5,1,1014.7,1,83.44457292349531,3.0,-2.0,0.6000000000000227,7.737565658108011
2023-10-25 21:00:00,42182099999,19.2,1,17.6,1,1014.5,1,90.45898352305713,3.0,-1.1999999999999993,-0.20000000000004547,7.014410599561813
2023-10-26 00:00:00,42182099999,17.4,1,16.0,1,1013.7,1,91.4944808802553,3.0,-1.8000000000000007,-0.7999999999999545,1.0354973571981674
2023-10-26 03:00:00,42182099999,21.4,1,15.4,1,1015.7,1,68.65527496551186,3.0,4.0,2.0,-22.83920591474343
2023-10-26 06:00:00,42182099999,28.6,1,15.2,1,1015.3,1,44.119607567927204,3.0,7.200000000000003,-0.40000000000009095,-24.53566739758466
2023-10-26 09:00:00,42182099999,31.2,1,12.3,1,1012.4,1,31.469136706635997,3.0,2.599999999999998,-2.8999999999999773,-12.650470861291208
2023-10-26 12:00:00,42182099999,29.2,1,15.2,1,1011.9,1,42.61258726226098,3.0,-2.0,-0.5,11.143450555624984
2023-10-26 15:00:00,42182099999,21.4,1,16.8,1,1013.6,1,75.06854363302618,3.0,-7.800000000000001,1.7000000000000455,32.4559563707652
2023-10-26 18:00:00,42182099999,19.8,1,16.5,1,1014.1,1,81.28433674432983,3.0,-1.5999999999999979,0.5,6.215793111303654
2023-10-26 21:00:00,42182099999,18.6,1,16.6,1,1013.0,1,88.15149022709771,3.0,-1.1999999999999993,-1.1000000000000227,6.8671534827678755
2023-10-27 00:00:00,42182099999,16.4,1,15.0,1,1013.4,1,91.43151375710556,3.0,-2.200000000000003,0.39999999999997726,3.2800235300078526
2023-10-27 03:00:00,42182099999,21.0,1,14.5,1,1014.6,1,66.40122606049283,3.0,4.600000000000001,1.2000000000000455,-25.03028769661273
2023-10-27 06:00:00,42182099999,28.2,1,15.1,1,1014.1,1,44.86839509597163,3.0,7.199999999999999,-0.5,-21.532830964521203
2023-10-27 09:00:00,42182099999,31.2,1,10.3,1,1011.6,1,27.565604371499674,3.0,3.0,-2.5,-17.302790724471954
2023-10-27 12:00:00,42182099999,29.0,1,9.8,1,1011.0,1,30.248602781264765,3.0,-2.1999999999999993,-0.6000000000000227,2.6829984097650907
2023-10-27 15:00:00,42182099999,21.2,1,16.2,1,1013.2,1,73.14964788312554,3.0,-7.800000000000001,2.2000000000000455,42.901045101860774
2023-10-27 18:00:00,42182099999,18.8,1,16.1,1,1013.8,1,84.32841957043044,3.0,-2.3999999999999986,0.599999999999909,11.178771687304902
2023-10-27 21:00:00,42182099999,17.0,1,15.3,1,1012.8,1,89.72698022064127,3.0,-1.8000000000000007,-1.0,5.398560650210825
2023-10-28 00:00:00,42182099999,16.4,1,15.0,1,1013.3,1,91.43151375710556,3.0,-0.6000000000000014,0.5,1.7045335364642966
2023-10-28 03:00:00,42182099999,18.2,1,15.9,1,1015.2,1,86.44644409809676,3.0,1.8000000000000007,1.900000000000091,-4.985069659008801
2023-10-28 06:00:00,42182099999,29.8,2,14.3,1,1014.6,1,38.843308734563934,3.0,11.600000000000001,-0.6000000000000227,-47.60313536353283
2023-10-28 09:00:00,42182099999,31.8,1,12.4,1,1012.0,1,30.614547745436475,3.0,2.0,-2.6000000000000227,-8.228760989127458
2023-10-28 12:00:00,42182099999,29.0,1,15.3,1,1011.8,1,43.38606734691948,3.0,-2.8000000000000007,-0.20000000000004547,12.771519601483007
2023-10-28 15:00:00,42182099999,21.8,1,16.9,1,1014.0,1,73.72028641918511,3.0,-7.199999999999999,2.2000000000000455,30.334219072265633
2023-10-28 18:00:00,42182099999,19.4,1,16.8,1,1014.1,1,84.93178225244176,3.0,-2.400000000000002,0.10000000000002274,11.211495833256649
2023-10-28 21:00:00,42182099999,17.2,1,15.1,1,1013.4,1,87.46731472993724,3.0,-2.1999999999999993,-0.7000000000000455,2.5355324774954795
2023-10-29 00:00:00,42182099999,17.4,1,16.4,1,1013.4,1,93.8571670455613,3.0,0.1999999999999993,0.0,6.389852315624054
2023-10-29 03:00:00,42182099999,19.8,1,16.5,1,1015.4,1,81.28433674432983,3.0,2.400000000000002,2.0,-12.572830301231463
2023-10-29 06:00:00,42182099999,28.0,1,13.1,1,1014.7,1,39.8776916383061,3.0,8.2,-0.6999999999999318,-41.40664510602373
2023-10-29 09:00:00,42182099999,32.8,1,13.3,1,1011.9,1,30.68731372350643,3.0,4.799999999999997,-2.800000000000068,-9.190377914799672
2023-10-29 12:00:00,42182099999,28.6,1,19.0,1,1011.2,1,56.11768390700195,3.0,-4.199999999999996,-0.6999999999999318,25.430370183495516
2023-10-29 15:00:00,42182099999,21.6,1,17.7,1,1013.4,1,78.49717461310503,3.0,-7.0,2.199999999999932,22.379490706103084
2023-10-29 18:00:00,42182099999,20.4,1,18.2,1,1014.2,1,87.20286371169097,3.0,-1.2000000000000028,0.8000000000000682,8.705689098585935
2023-10-29 21:00:00,42182099999,19.2,1,17.6,1,1013.8,1,90.45898352305713,3.0,-1.1999999999999993,-0.40000000000009095,3.256119811366162
2023-10-30 00:00:00,42182099999,18.0,1,17.0,1,1014.1,1,93.88454500736407,3.0,-1.1999999999999993,0.3000000000000682,3.4255614843069395
2023-10-30 03:00:00,42182099999,19.4,1,16.8,1,1015.9,1,84.93178225244176,3.0,1.3999999999999986,1.7999999999999545,-8.952762754922304
2023-10-30 06:00:00,42182099999,30.4,2,16.0,1,1015.0,1,41.85979912286083,3.0,11.0,-0.8999999999999773,-43.071983129580936
2023-10-30 09:00:00,42182099999,32.6,1,16.1,1,1012.2,1,37.176393851054854,3.0,2.200000000000003,-2.7999999999999545,-4.683405271805974
2023-10-30 12:00:00,42182099999,29.2,1,20.1,1,1012.2,1,58.034152283639216,3.0,-3.400000000000002,0.0,20.85775843258436
2023-10-30 15:00:00,42182099999,22.4,1,19.2,1,1014.6,1,82.12556875364596,3.0,-6.800000000000001,2.3999999999999773,24.09141647000675
2023-10-30 18:00:00,42182099999,20.8,1,18.6,1,1015.5,1,87.23920246966593,3.0,-1.5999999999999979,0.8999999999999773,5.113633716019962
2023-10-30 21:00:00,42182099999,19.4,1,18.1,1,1015.1,1,92.1959129371279,3.0,-1.4000000000000021,-0.39999999999997726,4.956710467461974
2023-10-31 00:00:00,42182099999,18.8,1,18.1,1,1015.8,1,95.70950052417025,3.0,-0.5999999999999979,0.6999999999999318,3.513587587042352
2023-10-31 03:00:00,42182099999,21.4,1,18.9,1,1017.4,1,85.67552411246282,3.0,2.599999999999998,1.6000000000000227,-10.033976411707428
2023-10-31 06:00:00,42182099999,29.2,1,19.4,1,1016.5,1,55.568241906041415,3.0,7.800000000000001,-0.8999999999999773,-30.10728220642141
2023-10-31 09:00:00,42182099999,31.8,1,17.8,1,1014.1,1,43.321177350868766,3.0,2.6000000000000014,-2.3999999999999773,-12.24706455517265
2023-10-31 12:00:00,42182099999,28.4,1,19.2,1,1013.5,1,57.48575855515023,3.0,-3.400000000000002,-0.6000000000000227,14.164581204281461
2023-10-31 15:00:00,42182099999,23.6,1,20.5,1,1015.7,1,82.78099464458583,3.0,-4.799999999999997,2.2000000000000455,25.295236089435605
2023-10-31 18:00:00,42182099999,20.8,1,19.2,1,1016.4,1,90.5690644355442,3.0,-2.8000000000000007,0.6999999999999318,7.7880697909583745
2023-10-31 21:00:00,42182099999,19.2,1,18.2,1,1015.6,1,93.93876071946539,3.0,-1.6000000000000014,-0.7999999999999545,3.3696962839211864
2023-11-01 00:00:00,42182099999,18.4,1,17.4,1,1016.7,1,93.90269655568989,3.0,-0.8000000000000007,1.1000000000000227,-0.036064163775506586
2023-11-01 03:00:00,42182099999,19.8,1,17.2,1,1018.8,1,84.97419078065248,3.0,1.4000000000000021,2.099999999999909,-8.928505775037408
2023-11-01 06:00:00,42182099999,28.4,1,18.4,1,1018.2,1,54.68305210736864,3.0,8.599999999999998,-0.599999999999909,-30.29113867328384
2023-11-01 09:00:00,42182099999,31.2,1,17.8,1,1014.8,1,44.82388081012557,3.0,2.8000000000000007,-3.400000000000091,-9.859171297243066
2023-11-01 12:00:00,42182099999,28.8,1,16.7,1,1013.5,1,47.99495141967471,3.0,-2.3999999999999986,-1.2999999999999545,3.1710706095491403
2023-11-01 15:00:00,42182099999,21.4,1,17.5,1,1015.2,1,78.46820659148995,3.0,-7.400000000000002,1.7000000000000455,30.473255171815232
2023-11-01 18:00:00,42182099999,19.8,1,17.5,1,1015.7,1,86.60007203334754,3.0,-1.5999999999999979,0.5,8.131865441857599
2023-11-01 21:00:00,42182099999,18.6,1,17.3,1,1015.1,1,92.1499281632111,3.0,-1.1999999999999993,-0.6000000000000227,5.5498561298635565
2023-11-02 00:00:00,42182099999,18.0,1,17.3,1,1015.3,1,95.68370440905488,3.0,-0.6000000000000014,0.1999999999999318,3.5337762458437822
2023-11-02 03:00:00,42182099999,19.6,1,18.0,1,1016.7,1,90.48668042796811,3.0,1.6000000000000014,1.400000000000091,-5.197023981086772
2023-11-02 06:00:00,42182099999,27.4,1,19.4,1,1015.5,1,61.70335673214363,3.0,7.799999999999997,-1.2000000000000455,-28.78332369582448
2023-11-02 09:00:00,42182099999,29.8,1,20.1,1,1012.9,1,56.06041297831903,3.0,2.400000000000002,-2.6000000000000227,-5.6429437538246034
2023-11-02 12:00:00,42182099999,26.8,1,20.7,1,1012.3,1,69.26993747765529,3.0,-3.0,-0.6000000000000227,13.209524499336261
2023-11-02 15:00:00,42182099999,21.8,1,20.4,1,1013.4,1,91.76358006209556,3.0,-5.0,1.1000000000000227,22.493642584440266
2023-11-02 18:00:00,42182099999,20.4,1,19.1,1,1013.6,1,92.25283612662764,3.0,-1.4000000000000021,0.20000000000004547,0.4892560645320856
2023-11-02 21:00:00,42182099999,19.4,1,18.8,1,1013.3,1,96.32890406093485,3.0,-1.0,-0.3000000000000682,4.076067934307204
2023-11-03 00:00:00,42182099999,18.2,1,17.2,1,1013.0,1,93.89363078527036,3.0,-1.1999999999999993,-0.2999999999999545,-2.4352732756644855
2023-11-03 03:00:00,42182099999,18.8,1,17.8,1,1013.8,1,93.92076830587527,3.0,0.6000000000000014,0.7999999999999545,0.027137520604910037
2023-11-03 06:00:00,42182099999,25.2,1,20.6,1,1012.9,1,75.68189058367413,3.0,6.399999999999999,-0.8999999999999773,-18.23887772220114
2023-11-03 09:00:00,42182099999,29.4,1,15.9,1,1010.0,1,44.055074845331326,3.0,4.199999999999999,-2.8999999999999773,-31.626815738342806
2023-11-03 12:00:00,42182099999,26.2,1,18.7,1,1009.9,1,63.38846253625371,3.0,-3.1999999999999993,-0.10000000000002274,19.333387690922386
2023-11-03 15:00:00,42182099999,21.2,1,18.7,1,1012.1,1,85.6553720601642,3.0,-5.0,2.2000000000000455,22.266909523910485
2023-11-03 18:00:00,42182099999,19.4,1,17.8,1,1012.6,1,90.4728467946595,3.0,-1.8000000000000007,0.5,4.817474734495306
2023-11-03 21:00:00,42182099999,18.2,1,16.9,1,1011.9,1,92.12678547599367,3.0,-1.1999999999999993,-0.7000000000000455,1.6539386813341679
2023-11-04 00:00:00,42182099999,17.8,1,17.1,1,1012.2,1,95.67721930970805,3.0,-0.3999999999999986,0.3000000000000682,3.5504338337143793
2023-11-04 03:00:00,42182099999,19.6,1,17.6,1,1013.9,1,88.23634987173477,3.0,1.8000000000000007,1.6999999999999318,-7.4408694379732765
2023-11-04 06:00:00,42182099999,25.8,1,18.6,1,1013.4,1,64.50215956457721,3.0,6.199999999999999,-0.5,-23.73419030715756
2023-11-04 09:00:00,42182099999,28.6,1,19.4,1,1010.9,1,57.533446890831016,3.0,2.8000000000000007,-2.5,-6.968712673746197
2023-11-04 12:00:00,42182099999,27.0,1,21.6,1,1010.7,1,72.34810781589086,3.0,-1.6000000000000014,-0.1999999999999318,14.81466092505984
2023-11-04 15:00:00,42182099999,21.8,1,19.9,1,1012.6,1,88.96967283294491,3.0,-5.199999999999999,1.8999999999999773,16.621565017054053
2023-11-04 18:00:00,42182099999,19.6,1,19.0,1,1013.2,1,96.33439556837557,3.0,-2.1999999999999993,0.6000000000000227,7.364722735430661
2023-11-04 21:00:00,42182099999,18.2,1,17.5,1,1012.3,1,95.69017503757527,3.0,-1.4000000000000021,-0.900000000000091,-0.6442205308002968
2023-11-05 00:00:00,42182099999,18.0,1,17.7,1,1013.7,1,98.12966234385276,3.0,-0.1999999999999993,1.400000000000091,2.439487306277485
2023-11-05 03:00:00,42182099999,18.6,1,18.0,1,1015.7,1,96.3068149716104,3.0,0.6000000000000014,2.0,-1.8228473722423644
2023-11-05 06:00:00,42182099999,27.6,1,19.6,1,1014.3,1,61.748059200440466,3.0,9.0,-1.400000000000091,-34.55875577116993
2023-11-05 09:00:00,42182099999,30.6,1,17.4,1,1012.1,1,45.230322869618256,3.0,3.0,-2.199999999999932,-16.51773633082221
2023-11-05 12:00:00,42182099999,28.4,1,19.2,1,1012.0,1,57.48575855515023,3.0,-2.200000000000003,-0.10000000000002274,12.255435685531971
2023-11-05 15:00:00,42182099999,20.2,1,17.9,1,1014.4,1,86.63808211113414,3.0,-8.2,2.3999999999999773,29.152323555983912
2023-11-05 18:00:00,42182099999,17.8,1,16.8,1,1015.5,1,93.87543916375934,3.0,-2.3999999999999986,1.1000000000000227,7.2373570526252
2023-11-05 21:00:00,42182099999,16.6,1,15.9,1,1014.3,1,95.63800241653746,3.0,-1.1999999999999993,-1.2000000000000455,1.762563252778122
2023-11-06 00:00:00,42182099999,15.6,1,15.3,1,1015.8,1,98.0951045226394,3.0,-1.0000000000000018,1.5,2.4571021061019422
2023-11-06 03:00:00,42182099999,16.4,1,16.1,1,1017.7,1,98.10672911476868,3.0,0.7999999999999989,1.900000000000091,0.011624592129280131
2023-11-06 06:00:00,42182099999,28.2,2,15.9,1,1016.5,1,47.22867288372724,3.0,11.8,-1.2000000000000455,-50.87805623104144
2023-11-06 09:00:00,42182099999,30.8,1,13.5,1,1014.0,1,34.82359465641272,3.0,2.6000000000000014,-2.5,-12.405078227314519
2023-11-06 12:00:00,42182099999,26.6,1,18.8,1,1013.1,1,62.29807222676058,3.0,-4.199999999999999,-0.8999999999999773,27.474477570347858
2023-11-06 15:00:00,42182099999,20.6,1,17.7,1,1015.3,1,83.46760845652952,3.0,-6.0,2.199999999999932,21.169536229768937
2023-11-06 21:00:00,42182099999,18.0,1,17.0,1,1015.2,1,93.88454500736407,6.0,-2.6000000000000014,-0.09999999999990905,10.41693655083455
2023-11-07 00:00:00,42182099999,16.0,1,15.6,1,1015.3,1,97.47499181934772,3.0,-2.0,0.09999999999990905,3.5904468119836537
2023-11-07 03:00:00,42182099999,16.6,1,15.9,1,1016.8,1,95.63800241653746,3.0,0.6000000000000014,1.5,-1.8369894028102607
2023-11-07 06:00:00,42182099999,28.0,2,18.0,1,1015.7,1,54.583776611197585,3.0,11.399999999999999,-1.099999999999909,-41.054225805339875
2023-11-07 09:00:00,42182099999,31.4,1,16.9,1,1012.3,1,41.867029221285236,3.0,3.3999999999999986,-3.400000000000091,-12.71674738991235
2023-11-07 12:00:00,42182099999,29.2,1,16.0,1,1011.9,1,44.85242167030182,3.0,-2.1999999999999993,-0.39999999999997726,2.9853924490165866
2023-11-07 15:00:00,42182099999,22.4,1,18.3,1,1014.4,1,77.6333068665811,3.0,-6.800000000000001,2.5,32.78088519627927
2023-11-07 18:00:00,42182099999,20.0,1,18.1,1,1013.8,1,88.82646755484863,3.0,-2.3999999999999986,-0.6000000000000227,11.19316068826754
2023-11-07 21:00:00,42182099999,18.4,1,17.4,1,1013.6,1,93.90269655568989,3.0,-1.6000000000000014,-0.1999999999999318,5.076229000841252
2023-11-08 00:00:00,42182099999,16.6,1,16.2,1,1014.0,1,97.48650950714209,3.0,-1.7999999999999972,0.39999999999997726,3.5838129514522024
2023-11-08 03:00:00,42182099999,17.4,1,16.0,1,1014.8,1,91.4944808802553,3.0,0.7999999999999972,0.7999999999999545,-5.992028626886793
2023-11-08 06:00:00,42182099999,27.4,1,16.5,1,1014.7,1,51.41660273005798,3.0,10.0,-0.09999999999990905,-40.077878150197314
2023-11-08 09:00:00,42182099999,29.4,1,17.1,1,1011.7,1,47.548518015880695,3.0,2.0,-3.0,-3.868084714177286
2023-11-08 12:00:00,42182099999,27.0,1,19.3,1,1011.7,1,62.77637062843983,3.0,-2.3999999999999986,0.0,15.227852612559133
2023-11-08 15:00:00,42182099999,21.0,1,18.5,1,1013.8,1,85.6351787342579,3.0,-6.0,2.099999999999909,22.858808105818078
2023-11-08 18:00:00,42182099999,19.0,1,17.7,1,1014.3,1,92.17297046007043,3.0,-2.0,0.5,6.537791725812525
2023-11-08 21:00:00,42182099999,17.6,1,16.6,1,1014.2,1,93.8663131960353,3.0,-1.3999999999999986,-0.09999999999990905,1.693342735964876
2023-11-09 00:00:00,42182099999,17.2,1,16.5,1,1013.3,1,95.65767675758462,3.0,-0.40000000000000213,-0.900000000000091,1.7913635615493178
2023-11-09 03:00:00,42182099999,18.8,1,16.8,1,1015.2,1,88.1685337131173,3.0,1.6000000000000014,1.900000000000091,-7.489143044467326
2023-11-09 06:00:00,42182099999,27.2,1,18.4,1,1014.5,1,58.65243412962584,3.0,8.399999999999999,-0.7000000000000455,-29.51609958349146
2023-11-09 09:00:00,42182099999,30.0,1,15.4,1,1012.2,1,41.218389755870184,3.0,2.8000000000000007,-2.2999999999999545,-17.434044373755654
2023-11-09 12:00:00,42182099999,27.8,1,18.8,1,1011.7,1,58.06387612446219,3.0,-2.1999999999999993,-0.5,16.845486368592006
2023-11-09 15:00:00,42182099999,21.2,1,18.7,1,1014.0,1,85.6553720601642,3.0,-6.600000000000001,2.2999999999999545,27.591495935702007
2023-11-09 18:00:00,42182099999,20.0,1,19.0,1,1014.8,1,93.97450936662143,3.0,-1.1999999999999993,0.7999999999999545,8.319137306457236
2023-11-09 21:00:00,42182099999,19.0,1,18.4,1,1014.5,1,96.31788420104945,3.0,-1.0,-0.2999999999999545,2.343374834428019
2023-11-10 00:00:00,42182099999,18.2,1,18.2,1,1014.4,1,100.0,3.0,-0.8000000000000007,-0.10000000000002274,3.682115798950548
2023-11-10 03:00:00,42182099999,20.0,1,18.4,1,1016.5,1,90.51425911024681,3.0,1.8000000000000007,2.1000000000000227,-9.485740889753188
2023-11-10 06:00:00,42182099999,21.0,1,19.1,1,1017.3,1,88.90636043419731,3.0,1.0,0.7999999999999545,-1.6078986760495013
2023-11-10 09:00:00,42182099999,21.6,1,19.4,1,1015.2,1,87.31142912839378,3.0,0.6000000000000014,-2.099999999999909,-1.5949313058035273
2023-11-10 12:00:00,42182099999,19.8,1,18.8,1,1015.2,1,93.96560158527643,3.0,-1.8000000000000007,0.0,6.654172456882648
2023-11-10 15:00:00,42182099999,19.4,1,18.4,1,1017.2,1,93.9477273183699,3.0,-0.40000000000000213,2.0,-0.01787426690653149
2023-11-10 18:00:00,42182099999,18.0,1,17.3,1,1017.1,1,95.68370440905488,3.0,-1.3999999999999986,-0.10000000000002274,1.7359770906849832
2023-11-10 21:00:00,42182099999,16.8,1,16.4,1,1016.7,1,97.49033130438013,3.0,-1.1999999999999993,-0.39999999999997726,1.8066268953252518
2023-11-11 00:00:00,42182099999,15.4,1,15.4,1,1016.9,1,100.0,3.0,-1.4000000000000004,0.1999999999999318,2.5096686956198653
2023-11-11 03:00:00,42182099999,17.0,1,15.0,1,1018.3,1,88.01383893644437,3.0,1.5999999999999996,1.3999999999999773,-11.986161063555627
2023-11-11 06:00:00,42182099999,22.8,1,14.7,1,1019.1,1,60.266403339762256,3.0,5.800000000000001,0.8000000000000682,-27.747435596682116
2023-11-11 09:00:00,42182099999,25.8,1,14.4,1,1016.4,1,49.38256381356927,3.0,3.0,-2.7000000000000455,-10.883839526192986
2023-11-11 12:00:00,42182099999,22.8,1,16.2,1,1016.6,1,66.34969640130016,3.0,-3.0,0.20000000000004547,16.967132587730894
2023-11-11 15:00:00,42182099999,19.0,1,16.7,1,1018.3,1,86.52357729390393,3.0,-3.8000000000000007,1.6999999999999318,20.173880892603762
2023-11-11 18:00:00,42182099999,17.0,1,15.4,1,1018.8,1,90.30450746889544,3.0,-2.0,0.5,3.7809301749915107
2023-11-11 21:00:00,42182099999,15.8,1,14.8,1,1018.4,1,93.78326415706879,3.0,-1.1999999999999993,-0.39999999999997726,3.4787566881733483
2023-11-12 00:00:00,42182099999,14.0,1,14.0,1,1018.1,1,100.0,3.0,-1.8000000000000007,-0.2999999999999545,6.2167358429312145
2023-11-12 03:00:00,42182099999,16.0,1,13.6,1,1019.5,1,85.67219851788018,3.0,2.0,1.3999999999999773,-14.327801482119824
2023-11-12 06:00:00,42182099999,24.2,1,14.5,1,1018.7,1,54.67762067213747,3.0,8.2,-0.7999999999999545,-30.994577845742704
2023-11-12 09:00:00,42182099999,26.4,1,13.1,1,1015.8,1,43.80142891158694,3.0,2.1999999999999993,-2.900000000000091,-10.876191760550533
2023-11-12 12:00:00,42182099999,25.0,1,16.6,1,1015.8,1,59.62894557326245,3.0,-1.3999999999999986,0.0,15.82751666167551
2023-11-12 15:00:00,42182099999,18.4,1,15.4,1,1017.7,1,82.67988796779362,3.0,-6.600000000000001,1.900000000000091,23.05094239453117
2023-11-12 18:00:00,42182099999,16.6,1,15.2,1,1018.5,1,91.44416208645718,3.0,-1.7999999999999972,0.7999999999999545,8.764274118663565
2023-11-12 21:00:00,42182099999,15.2,1,14.5,1,1017.6,1,95.59157646693424,3.0,-1.4000000000000021,-0.8999999999999773,4.147414380477059
2023-11-13 00:00:00,42182099999,13.8,1,13.4,1,1018.0,1,97.43207890463384,3.0,-1.3999999999999986,0.39999999999997726,1.8405024376995982
2023-11-13 03:00:00,42182099999,14.4,1,14.4,1,1020.0,1,100.0,3.0,0.5999999999999996,2.0,2.5679210953661595
2023-11-13 06:00:00,42182099999,22.8,1,14.7,1,1019.5,1,60.266403339762256,3.0,8.4,-0.5,-39.733596660237744
2023-11-13 09:00:00,42182099999,27.2,1,14.2,1,1016.0,1,44.88553659091517,3.0,4.399999999999999,-3.5,-15.380866748847083
2023-11-13 12:00:00,42182099999,24.4,1,17.7,1,1015.5,1,66.26066568163881,3.0,-2.8000000000000007,-0.5,21.37512909072364
2023-11-13 15:00:00,42182099999,19.0,1,16.7,1,1017.0,1,86.52357729390393,3.0,-5.399999999999999,1.5,20.262911612265114
2023-11-13 18:00:00,42182099999,16.6,1,14.9,1,1018.4,1,89.69689474307988,3.0,-2.3999999999999986,1.3999999999999773,3.173317449175954
2023-11-13 21:00:00,42182099999,15.4,1,14.3,1,1017.1,1,93.16027338017237,3.0,-1.200000000000001,-1.2999999999999545,3.4633786370924895
2023-11-14 00:00:00,42182099999,13.8,1,13.4,1,1017.3,1,97.43207890463384,3.0,-1.5999999999999996,0.1999999999999318,4.27180552446147
2023-11-14 03:00:00,42182099999,15.2,1,14.8,1,1019.4,1,97.4595118897884,3.0,1.3999999999999986,2.1000000000000227,0.027432985154561607
2023-11-14 06:00:00,42182099999,23.4,1,13.9,1,1019.0,1,55.18780861417479,3.0,8.2,-0.39999999999997726,-42.27170327561361
2023-11-14 09:00:00,42182099999,25.6,1,11.6,1,1015.9,1,41.61652075262736,3.0,2.200000000000003,-3.1000000000000227,-13.571287861547432
2023-11-14 12:00:00,42182099999,22.8,1,17.0,1,1015.5,1,69.80971849730659,3.0,-2.8000000000000007,-0.39999999999997726,28.19319774467923
2023-11-14 15:00:00,42182099999,18.0,1,16.0,1,1017.3,1,88.1001435273896,3.0,-4.800000000000001,1.7999999999999545,18.290425030083014
2023-11-14 18:00:00,42182099999,16.0,1,14.3,1,1018.5,1,89.65152316161863,3.0,-2.0,1.2000000000000455,1.551379634229022
2023-11-15 00:00:00,42182099999,12.6,1,12.6,1,1017.4,1,100.0,6.0,-3.4000000000000004,-1.1000000000000227,10.348476838381373
2023-11-15 03:00:00,42182099999,13.6,1,13.6,1,1019.2,1,100.0,3.0,1.0,1.8000000000000682,0.0
2023-11-15 06:00:00,42182099999,22.2,1,16.3,1,1018.4,1,69.25260054643807,3.0,8.6,-0.8000000000000682,-30.747399453561925
2023-11-15 09:00:00,42182099999,26.8,1,13.2,1,1015.2,1,43.06136923611498,3.0,4.600000000000001,-3.199999999999932,-26.191231310323097
2023-11-15 12:00:00,42182099999,24.2,1,15.2,1,1015.2,1,57.19920383471323,3.0,-2.6000000000000014,0.0,14.137834598598253
2023-11-15 15:00:00,42182099999,17.0,1,15.0,1,1017.3,1,88.01383893644437,3.0,-7.199999999999999,2.099999999999909,30.81463510173114
2023-11-15 18:00:00,42182099999,15.2,1,13.8,1,1017.6,1,91.35504121121689,3.0,-1.8000000000000007,0.3000000000000682,3.341202274772513
2023-11-15 21:00:00,42182099999,14.0,1,13.3,1,1017.2,1,95.55119504098639,3.0,-1.1999999999999993,-0.39999999999997726,4.1961538297695
2023-11-16 00:00:00,42182099999,13.0,1,12.6,1,1017.7,1,97.4162038469898,3.0,-1.0,0.5,1.8650088060034165
2023-11-16 06:00:00,42182099999,23.0,1,13.8,1,1019.3,1,56.172285693768046,6.0,10.0,1.599999999999909,-41.243918153221756
2023-11-16 09:00:00,42182099999,26.6,1,16.2,1,1016.4,1,52.87103005765299,3.0,3.6000000000000014,-2.8999999999999773,-3.3012556361150587
2023-11-16 12:00:00,42182099999,24.4,1,18.1,1,1016.4,1,67.94922933383891,3.0,-2.200000000000003,0.0,15.078199276185927
2023-11-16 15:00:00,42182099999,18.0,1,16.7,1,1018.6,1,92.1151763066067,3.0,-6.399999999999999,2.2000000000000455,24.165946972767784
2023-11-16 18:00:00,42182099999,16.4,1,15.4,1,1018.9,1,93.8111314850518,3.0,-1.6000000000000014,0.2999999999999545,1.6959551784451037
2023-11-16 21:00:00,42182099999,15.0,1,14.3,1,1018.9,1,95.58488420598349,3.0,-1.3999999999999986,0.0,1.7737527209316823
2023-11-17 00:00:00,42182099999,13.8,1,13.8,1,1019.2,1,100.0,3.0,-1.1999999999999993,0.3000000000000682,4.415115794016515
2023-11-17 03:00:00,42182099999,15.0,1,14.6,1,1020.3,1,97.45561976289501,3.0,1.1999999999999993,1.099999999999909,-2.5443802371049884
2023-11-17 06:00:00,42182099999,25.0,1,16.2,1,1019.1,1,58.13017769528709,3.0,10.0,-1.1999999999999318,-39.32544206760792
2023-11-17 09:00:00,42182099999,27.6,1,16.7,1,1015.4,1,51.46822082273632,3.0,2.6000000000000014,-3.7000000000000455,-6.661956872550768
2023-11-17 12:00:00,42182099999,25.0,1,19.1,1,1015.3,1,69.78940116671127,3.0,-2.6000000000000014,-0.10000000000002274,18.32118034397495
2023-11-17 15:00:00,42182099999,19.2,1,17.2,1,1016.4,1,88.20251315419341,3.0,-5.800000000000001,1.1000000000000227,18.41311198748214
2023-11-17 18:00:00,42182099999,17.8,1,16.8,1,1016.2,1,93.87543916375934,3.0,-1.3999999999999986,-0.1999999999999318,5.672926009565927
2023-11-17 21:00:00,42182099999,15.6,1,14.9,1,1015.9,1,95.604915778585,3.0,-2.200000000000001,-0.3000000000000682,1.729476614825657
2023-11-18 00:00:00,42182099999,15.2,1,14.9,1,1016.5,1,98.08925216929067,3.0,-0.40000000000000036,0.6000000000000227,2.4843363907056784
2023-11-18 06:00:00,42182099999,25.4,1,16.3,1,1017.0,1,57.125066941783295,6.0,10.2,0.5,-40.96418522750738
2023-11-18 09:00:00,42182099999,27.4,1,17.6,1,1013.9,1,55.125722260708386,3.0,2.0,-3.1000000000000227,-1.9993446810749091
2023-11-18 12:00:00,42182099999,24.0,1,18.3,1,1013.9,1,70.47837778915957,3.0,-3.3999999999999986,0.0,15.35265552845118
2023-11-18 15:00:00,42182099999,18.4,1,16.0,1,1015.2,1,85.91578474618983,3.0,-5.600000000000001,1.3000000000000682,15.437406957030262
2023-11-18 18:00:00,42182099999,17.2,1,16.2,1,1016.1,1,93.84800065349559,3.0,-1.1999999999999993,0.8999999999999773,7.9322159073057605
2023-11-18 21:00:00,42182099999,16.4,1,15.7,1,1015.7,1,95.63141481320746,3.0,-0.8000000000000007,-0.39999999999997726,1.7834141597118673
2023-11-19 00:00:00,42182099999,13.6,1,13.6,1,1016.8,1,100.0,3.0,-2.799999999999999,1.099999999999909,4.368585186792544
2023-11-19 03:00:00,42182099999,15.4,1,15.0,1,1019.0,1,97.46339513203141,3.0,1.8000000000000007,2.2000000000000455,-2.5366048679685917
2023-11-19 06:00:00,42182099999,24.4,1,15.5,1,1018.3,1,57.616018760164046,3.0,8.999999999999998,-0.7000000000000455,-39.84737637186736
2023-11-19 09:00:00,42182099999,26.2,1,13.7,1,1015.5,1,46.08829338900369,3.0,1.8000000000000007,-2.7999999999999545,-11.527725371160358
2023-11-19 12:00:00,42182099999,24.0,1,16.1,1,1015.4,1,61.32294249463855,3.0,-2.1999999999999993,-0.10000000000002274,15.234649105634865
2023-11-19 15:00:00,42182099999,17.2,1,15.5,1,1017.0,1,89.7419745584916,3.0,-6.800000000000001,1.6000000000000227,28.419032063853052
2023-11-19 18:00:00,42182099999,15.4,1,14.7,1,1017.1,1,95.59825364282388,3.0,-1.799999999999999,0.10000000000002274,5.856279084332272
2023-11-19 21:00:00,42182099999,14.0,1,13.6,1,1017.0,1,97.43602491004624,3.0,-1.4000000000000004,-0.10000000000002274,1.8377712672223652
2023-11-20 00:00:00,42182099999,13.4,1,13.0,1,1017.1,1,97.42415963862136,3.0,-0.5999999999999996,0.10000000000002274,-0.01186527142488103
2023-11-20 03:00:00,42182099999,14.8,1,13.9,1,1019.6,1,94.34682662795451,3.0,1.4000000000000004,2.5,-3.077333010666848
2023-11-20 06:00:00,42182099999,24.6,1,13.7,1,1018.7,1,50.68708709764348,3.0,9.8,-0.8999999999999773,-43.659739530311036
2023-11-20 09:00:00,42182099999,26.2,1,14.5,1,1015.5,1,48.539907031693666,3.0,1.5999999999999979,-3.2000000000000455,-2.1471800659498115
2023-11-20 12:00:00,42182099999,24.0,1,16.9,1,1015.1,1,64.5233560338738,3.0,-2.1999999999999993,-0.39999999999997726,15.98344900218013
2023-11-20 15:00:00,42182099999,17.2,1,14.8,1,1017.0,1,85.79475151324434,3.0,-6.800000000000001,1.8999999999999773,21.27139547937054
2023-11-20 18:00:00,42182099999,15.2,1,14.1,1,1017.9,1,93.15002459693396,3.0,-2.0,0.8999999999999773,7.3552730836896245
2023-11-20 21:00:00,42182099999,13.4,1,12.7,1,1017.5,1,95.53079760901926,3.0,-1.799999999999999,-0.39999999999997726,2.3807730120852995
2023-11-21 00:00:00,42182099999,13.2,1,12.5,1,1017.2,1,95.52396753285181,3.0,-0.20000000000000107,-0.2999999999999545,-0.006830076167446464
2023-11-21 03:00:00,42182099999,15.0,1,13.6,1,1018.9,1,91.34219794839412,3.0,1.8000000000000007,1.6999999999999318,-4.181769584457697
2023-11-21 06:00:00,42182099999,23.0,1,15.0,1,1017.0,1,60.70242277903299,3.0,8.0,-1.8999999999999773,-30.639775169361123
2023-11-21 09:00:00,42182099999,25.8,1,16.4,1,1014.1,1,56.14103766785647,3.0,2.8000000000000007,-2.8999999999999773,-4.56138511117652
2023-11-21 12:00:00,42182099999,22.2,1,17.0,1,1014.0,1,72.40123365463968,3.0,-3.6000000000000014,-0.10000000000002274,16.26019598678321
2023-11-21 15:00:00,42182099999,17.8,1,15.1,1,1015.6,1,84.21749046722671,3.0,-4.399999999999999,1.6000000000000227,11.816256812587028
2023-11-21 18:00:00,42182099999,16.6,1,13.8,1,1015.2,1,83.53885195933492,3.0,-1.1999999999999993,-0.39999999999997726,-0.6786385078917903
2023-11-21 21:00:00,42182099999,15.0,1,13.2,1,1014.0,1,88.99298972017739,3.0,-1.6000000000000014,-1.2000000000000455,5.454137760842471
2023-11-22 00:00:00,42182099999,13.0,1,11.5,1,1014.0,1,90.61138473351019,3.0,-2.0,0.0,1.6183950133328011
2023-11-22 03:00:00,42182099999,14.6,1,10.4,1,1016.1,1,75.91702201924505,3.0,1.5999999999999996,2.1000000000000227,-14.69436271426514
2023-11-22 06:00:00,42182099999,21.8,1,11.4,1,1015.4,1,51.62798897930267,3.0,7.200000000000001,-0.7000000000000455,-24.28903303994238
2023-11-22 09:00:00,42182099999,25.0,1,13.4,1,1012.8,1,48.53416938934112,3.0,3.1999999999999993,-2.6000000000000227,-3.093819589961548
2023-11-22 12:00:00,42182099999,21.6,1,14.8,1,1012.9,1,65.25391544185001,3.0,-3.3999999999999986,0.10000000000002274,16.71974605250889
2023-11-22 15:00:00,42182099999,15.2,1,13.4,1,1014.9,1,89.0091158362736,3.0,-6.400000000000002,2.0,23.755200394423582
2023-11-22 18:00:00,42182099999,13.4,1,12.7,1,1014.6,1,95.53079760901926,3.0,-1.799999999999999,-0.2999999999999545,6.521681772745666
2023-11-22 21:00:00,42182099999,12.4,1,12.0,1,1013.6,1,97.40420118369903,3.0,-1.0,-1.0,1.8734035746797701
2023-11-23 00:00:00,42182099999,10.8,1,10.8,1,1014.1,1,100.0,3.0,-1.5999999999999996,0.5,2.59579881630097
2023-11-23 03:00:00,42182099999,12.2,1,11.4,1,1016.1,1,94.86009712729937,3.0,1.3999999999999986,2.0,-5.139902872700631
2023-11-23 06:00:00,42182099999,22.8,1,13.5,1,1015.1,1,55.75870795491187,3.0,10.600000000000001,-1.0,-39.1013891723875
2023-11-23 09:00:00,42182099999,25.8,1,14.9,1,1012.0,1,51.001308914571254,3.0,3.0,-3.1000000000000227,-4.757399040340616
2023-11-23 12:00:00,42182099999,22.6,1,16.0,1,1012.1,1,66.30818558790568,3.0,-3.1999999999999993,0.10000000000002274,15.306876673334429
2023-11-23 15:00:00,42182099999,15.4,1,13.6,1,1014.6,1,89.02520730872563,3.0,-7.200000000000001,2.5,22.717021720819943
2023-11-23 18:00:00,42182099999,13.8,1,13.1,1,1015.0,1,95.54441131671555,3.0,-1.5999999999999996,0.39999999999997726,6.519204007989927
2023-11-23 21:00:00,42182099999,12.0,1,11.6,1,1014.8,1,97.39615309459306,3.0,-1.8000000000000007,-0.20000000000004547,1.851741777877507
2023-11-24 00:00:00,42182099999,11.4,1,11.4,1,1014.5,1,100.0,3.0,-0.5999999999999996,-0.2999999999999545,2.6038469054069395
2023-11-24 03:00:00,42182099999,12.8,1,12.8,1,1018.1,1,100.0,3.0,1.4000000000000004,3.6000000000000227,0.0
2023-11-24 06:00:00,42182099999,22.8,1,14.7,1,1017.4,1,60.266403339762256,3.0,10.0,-0.7000000000000455,-39.733596660237744
2023-11-24 09:00:00,42182099999,26.4,1,15.6,1,1014.2,1,51.486298702370604,3.0,3.599999999999998,-3.199999999999932,-8.780104637391652
2023-11-24 12:00:00,42182099999,21.4,1,15.7,1,1014.5,1,69.98744152646606,3.0,-5.0,0.2999999999999545,18.501142824095453
2023-11-24 15:00:00,42182099999,15.6,1,14.2,1,1017.1,1,91.38064355522546,3.0,-5.799999999999999,2.6000000000000227,21.393202028759404
2023-11-24 18:00:00,42182099999,14.0,1,12.9,1,1017.4,1,93.0880516101139,3.0,-1.5999999999999996,0.2999999999999545,1.7074080548884325
2023-11-24 21:00:00,42182099999,12.4,1,11.7,1,1017.0,1,95.49649132264129,3.0,-1.5999999999999996,-0.39999999999997726,2.4084397125273966
2023-11-25 00:00:00,42182099999,11.8,1,11.8,1,1016.8,1,100.0,3.0,-0.5999999999999996,-0.20000000000004547,4.50350867735871
2023-11-25 03:00:00,42182099999,12.4,1,12.0,1,1018.4,1,97.40420118369903,3.0,0.5999999999999996,1.6000000000000227,-2.59579881630097
2023-11-25 06:00:00,42182099999,24.0,2,15.0,1,1018.1,1,57.150508542239244,3.0,11.6,-0.2999999999999545,-40.253692641459786
2023-11-25 09:00:00,42182099999,25.0,1,14.6,1,1015.9,1,52.460986040966226,3.0,1.0,-2.2000000000000455,-4.689522501273018
2023-11-25 12:00:00,42182099999,21.6,1,16.7,1,1015.2,1,73.68598756326635,3.0,-3.3999999999999986,-0.6999999999999318,21.225001522300126
2023-11-25 15:00:00,42182099999,16.8,1,15.4,1,1017.9,1,91.45678288516467,3.0,-4.800000000000001,2.699999999999932,17.77079532189832
2023-11-25 18:00:00,42182099999,14.6,1,13.9,1,1018.3,1,95.5714542483362,3.0,-2.200000000000001,0.39999999999997726,4.114671363171524
2023-11-26 00:00:00,42182099999,12.6,1,12.6,1,1018.3,1,100.0,6.0,-2.0,0.0,4.428545751663805
2023-11-26 03:00:00,42182099999,14.4,1,13.3,1,1020.3,1,93.10880120194317,3.0,1.8000000000000007,2.0,-6.891198798056834
2023-11-26 06:00:00,42182099999,22.4,1,15.4,1,1019.0,1,64.59081281252107,3.0,7.999999999999998,-1.2999999999999545,-28.5179883894221
2023-11-26 09:00:00,42182099999,25.6,1,16.2,1,1016.4,1,56.09190715788293,3.0,3.200000000000003,-2.6000000000000227,-8.498905654638136
2023-11-26 12:00:00,42182099999,21.6,1,17.7,1,1016.4,1,78.49717461310503,3.0,-4.0,0.0,22.405267455222102
2023-11-26 15:00:00,42182099999,18.0,1,16.3,1,1017.3,1,89.80163133535805,3.0,-3.6000000000000014,0.8999999999999773,11.304456722253022
2023-11-26 18:00:00,42182099999,17.0,1,16.3,1,1017.4,1,95.65113334501886,3.0,-1.0,0.10000000000002274,5.84950200966081
2023-11-26 21:00:00,42182099999,15.6,1,14.9,1,1016.1,1,95.604915778585,3.0,-1.4000000000000004,-1.2999999999999545,-0.04621756643386732
2023-11-27 00:00:00,42182099999,15.0,1,15.0,1,1015.4,1,100.0,3.0,-0.5999999999999996,-0.7000000000000455,4.395084221415004
2023-11-27 03:00:00,42182099999,15.4,1,15.0,1,1015.5,1,97.46339513203141,3.0,0.40000000000000036,0.10000000000002274,-2.5366048679685917
2023-11-27 06:00:00,42182099999,19.6,1,15.2,1,1017.4,1,75.73790348891934,3.0,4.200000000000001,1.8999999999999773,-21.725491643112065
2023-11-27 09:00:00,42182099999,23.4,1,15.4,1,1014.1,1,60.79481363332311,3.0,3.799999999999997,-3.2999999999999545,-14.943089855596234
2023-11-27 12:00:00,42182099999,21.4,1,16.1,1,1013.6,1,71.79898970107504,3.0,-2.0,-0.5,11.004176067751935
2023-11-27 15:00:00,42182099999,16.8,1,16.8,1,1016.0,1,100.0,3.0,-4.599999999999998,2.3999999999999773,28.201010298924956
2023-11-27 18:00:00,42182099999,16.2,1,15.9,1,1015.8,1,98.10383293037155,3.0,-0.6000000000000014,-0.20000000000004547,-1.8961670696284472
2023-11-27 21:00:00,42182099999,15.0,1,15.0,1,1015.3,1,100.0,3.0,-1.1999999999999993,-0.5,1.8961670696284472
2023-11-28 00:00:00,42182099999,15.4,1,15.4,1,1015.6,1,100.0,3.0,0.40000000000000036,0.3000000000000682,0.0
2023-11-28 03:00:00,42182099999,17.0,1,16.3,1,1015.8,1,95.65113334501886,3.0,1.5999999999999996,0.1999999999999318,-4.348866654981137
2023-11-28 06:00:00,42182099999,19.0,1,17.4,1,1016.7,1,90.44509053017224,3.0,2.0,0.900000000000091,-5.206042814846626
2023-11-28 09:00:00,42182099999,19.8,1,17.2,1,1013.9,1,84.97419078065248,3.0,0.8000000000000007,-2.800000000000068,-5.470899749519759
2023-11-28 12:00:00,42182099999,19.4,1,17.1,1,1013.5,1,86.56190404346255,3.0,-0.40000000000000213,-0.39999999999997726,1.5877132628100696
2023-11-28 15:00:00,42182099999,16.2,1,15.9,1,1015.1,1,98.10383293037155,3.0,-3.1999999999999993,1.6000000000000227,11.541928886909005
2023-11-28 18:00:00,42182099999,15.6,1,15.3,1,1015.2,1,98.0951045226394,3.0,-0.5999999999999996,0.10000000000002274,-0.00872840773214989
2023-11-28 21:00:00,42182099999,14.4,1,14.4,1,1014.6,1,100.0,3.0,-1.1999999999999993,-0.6000000000000227,1.904895477360597
2023-11-29 00:00:00,42182099999,13.6,1,13.6,1,1015.2,1,100.0,3.0,-0.8000000000000007,0.6000000000000227,0.0
2023-11-29 03:00:00,42182099999,14.0,1,14.0,1,1016.8,1,100.0,3.0,0.40000000000000036,1.599999999999909,0.0
2023-11-29 06:00:00,42182099999,22.0,1,16.4,1,1016.8,1,70.54945136907497,3.0,8.0,0.0,-29.450548630925027
2023-11-29 09:00:00,42182099999,25.0,1,19.1,1,1013.9,1,69.78940116671127,3.0,3.0,-2.8999999999999773,-0.7600502023637006
2023-11-29 12:00:00,42182099999,21.2,1,17.3,1,1014.0,1,78.43918300096577,3.0,-3.8000000000000007,0.10000000000002274,8.649781834254497
2023-11-29 15:00:00,42182099999,18.0,1,16.7,1,1015.8,1,92.1151763066067,3.0,-3.1999999999999993,1.7999999999999545,13.67599330564093
2023-11-29 18:00:00,42182099999,16.6,1,15.9,1,1015.7,1,95.63800241653746,3.0,-1.3999999999999986,-0.09999999999990905,3.5228261099307616
2023-11-29 21:00:00,42182099999,15.4,1,15.1,1,1015.4,1,98.09218170103145,3.0,-1.200000000000001,-0.3000000000000682,2.454179284493989
2023-11-30 00:00:00,42182099999,14.6,1,14.6,1,1015.2,1,100.0,3.0,-0.8000000000000007,-0.1999999999999318,1.9078182989685502
2023-11-30 03:00:00,42182099999,15.4,1,14.7,1,1017.3,1,95.59825364282388,3.0,0.8000000000000007,2.099999999999909,-4.401746357176123
2023-11-30 06:00:00,42182099999,22.8,1,18.0,1,1017.4,1,74.35698654323872,3.0,7.4,0.10000000000002274,-21.24126709958516
2023-11-30 09:00:00,42182099999,24.6,1,17.9,1,1014.9,1,66.30194413180494,3.0,1.8000000000000007,-2.5,-8.055042411433774
2023-11-30 12:00:00,42182099999,21.8,1,19.0,1,1015.2,1,84.12824237082634,3.0,-2.8000000000000007,0.3000000000000682,17.826298239021398
2023-11-30 15:00:00,42182099999,19.0,1,18.0,1,1017.1,1,93.92977440102698,3.0,-2.8000000000000007,1.8999999999999773,9.801532030200633
2023-11-30 18:00:00,42182099999,17.4,1,16.7,1,1017.3,1,95.66420552704284,3.0,-1.6000000000000014,0.1999999999999318,1.7344311260158634
2023-11-30 21:00:00,42182099999,16.0,1,15.6,1,1017.4,1,97.47499181934772,3.0,-1.3999999999999986,0.10000000000002274,1.8107862923048827
2023-12-01 00:00:00,42182099999,14.2,1,14.2,1,1017.0,1,100.0,3.0,-1.8000000000000007,-0.39999999999997726,2.5250081806522786
2023-12-01 03:00:00,42182099999,15.4,1,15.4,1,1017.0,1,100.0,3.0,1.200000000000001,0.0,0.0
2023-12-01 06:00:00,42182099999,22.6,1,17.8,1,1017.6,1,74.32350126867689,3.0,7.200000000000001,0.6000000000000227,-25.676498731323107
2023-12-01 09:00:00,42182099999,25.0,1,17.7,1,1014.7,1,63.92706944237422,3.0,2.3999999999999986,-2.8999999999999773,-10.396431826302674
2023-12-01 12:00:00,42182099999,22.0,1,18.8,1,1014.7,1,82.07643342444838,3.0,-3.0,0.0,18.149363982074163
2023-12-01 15:00:00,42182099999,18.4,1,17.4,1,1017.0,1,93.90269655568989,3.0,-3.6000000000000014,2.2999999999999545,11.826263131241504
2023-12-01 18:00:00,42182099999,16.6,1,16.3,1,1016.7,1,98.10961869030947,3.0,-1.7999999999999972,-0.2999999999999545,4.206922134619589
2023-12-01 21:00:00,42182099999,15.2,1,14.9,1,1016.5,1,98.08925216929067,3.0,-1.4000000000000021,-0.20000000000004547,-0.020366521018800654
2023-12-02 00:00:00,42182099999,14.0,1,14.0,1,1017.4,1,100.0,3.0,-1.1999999999999993,0.8999999999999773,1.910747830709326
2023-12-02 03:00:00,42182099999,14.8,1,14.8,1,1019.2,1,100.0,3.0,0.8000000000000007,1.8000000000000682,0.0
2023-12-02 06:00:00,42182099999,21.2,1,16.2,1,1019.1,1,73.14964788312554,3.0,6.399999999999999,-0.10000000000002274,-26.85035211687446
2023-12-02 09:00:00,42182099999,24.0,1,16.9,1,1015.9,1,64.5233560338738,3.0,2.8000000000000007,-3.2000000000000455,-8.626291849251743
2023-12-02 12:00:00,42182099999,22.2,1,18.7,1,1015.4,1,80.57705408572946,3.0,-1.8000000000000007,-0.5,16.053698051855662
2023-12-02 15:00:00,42182099999,16.6,1,15.9,1,1017.4,1,95.63800241653746,3.0,-5.599999999999998,2.0,15.060948330808003
2023-12-02 18:00:00,42182099999,14.6,1,14.3,1,1018.3,1,98.08042310801271,3.0,-2.0000000000000018,0.8999999999999773,2.442420691475249
2023-12-02 21:00:00,42182099999,13.2,1,13.2,1,1017.4,1,100.0,3.0,-1.4000000000000004,-0.8999999999999773,1.9195768919872904
2023-12-03 00:00:00,42182099999,11.8,1,11.8,1,1018.0,1,100.0,3.0,-1.3999999999999986,0.6000000000000227,0.0
2023-12-03 06:00:00,42182099999,22.4,1,15.8,1,1019.5,1,66.26660576599681,6.0,10.599999999999998,1.5,-33.733394234003185
2023-12-03 09:00:00,42182099999,25.4,1,17.4,1,1015.6,1,61.2525557727852,3.0,3.0,-3.8999999999999773,-5.014049993211614
2023-12-03 12:00:00,42182099999,21.2,1,18.0,1,1015.3,1,81.97757756705623,3.0,-4.199999999999999,-0.3000000000000682,20.72502179427103
2023-12-03 15:00:00,42182099999,18.0,1,16.7,1,1017.1,1,92.1151763066067,3.0,-3.1999999999999993,1.8000000000000682,10.13759873955047
2023-12-03 18:00:00,42182099999,17.4,1,16.4,1,1017.4,1,93.8571670455613,3.0,-0.6000000000000014,0.2999999999999545,1.7419907389545983
2023-12-03 21:00:00,42182099999,16.2,1,15.5,1,1016.8,1,95.62481239193981,3.0,-1.1999999999999993,-0.6000000000000227,1.7676453463785151
2023-12-04 00:00:00,42182099999,15.8,1,15.5,1,1016.0,1,98.09802065452361,3.0,-0.3999999999999986,-0.7999999999999545,2.473208262583796
2023-12-04 03:00:00,42182099999,16.4,1,16.1,1,1018.1,1,98.10672911476868,3.0,0.5999999999999979,2.1000000000000227,0.008708460245074434
2023-12-04 06:00:00,42182099999,23.6,1,14.9,1,1018.0,1,58.16689433121799,3.0,7.200000000000003,-0.10000000000002274,-39.939834783550694
2023-12-04 09:00:00,42182099999,24.4,1,17.7,1,1015.1,1,66.26066568163881,3.0,0.7999999999999972,-2.8999999999999773,8.093771350420823
2023-12-04 12:00:00,42182099999,21.4,1,17.5,1,1014.9,1,78.46820659148995,3.0,-3.0,-0.20000000000004547,12.207540909851133
2023-12-04 15:00:00,42182099999,17.0,1,15.3,1,1016.3,1,89.72698022064127,3.0,-4.399999999999999,1.3999999999999773,11.258773629151321
2023-12-04 18:00:00,42182099999,16.0,1,14.6,1,1016.9,1,91.40613419141593,3.0,-1.0,0.6000000000000227,1.6791539707746637
2023-12-04 21:00:00,42182099999,15.0,1,14.3,1,1016.2,1,95.58488420598349,3.0,-1.0,-0.6999999999999318,4.178750014567555
2023-12-05 00:00:00,42182099999,14.0,1,14.0,1,1015.6,1,100.0,3.0,-1.0,-0.6000000000000227,4.415115794016515
2023-12-05 03:00:00,42182099999,13.4,1,13.4,1,1017.2,1,100.0,3.0,-0.5999999999999996,1.6000000000000227,0.0
2023-12-05 06:00:00,42182099999,22.4,1,15.0,1,1016.4,1,62.95239911045817,3.0,8.999999999999998,-0.8000000000000682,-37.04760088954183
2023-12-05 09:00:00,42182099999,24.4,1,18.4,1,1013.8,1,69.24033252213863,3.0,2.0,-2.6000000000000227,6.287933411680463
2023-12-05 12:00:00,42182099999,21.4,1,18.2,1,1013.7,1,82.00236498749985,3.0,-3.0,-0.09999999999990905,12.762032465361216
2023-12-05 15:00:00,42182099999,15.4,1,14.0,1,1015.8,1,91.36785638670548,3.0,-5.999999999999998,2.099999999999909,9.365491399205638
2023-12-05 18:00:00,42182099999,13.2,1,12.8,1,1017.0,1,97.42018632246352,3.0,-2.200000000000001,1.2000000000000455,6.0523299357580385
2023-12-05 21:00:00,42182099999,12.0,1,12.0,1,1016.5,1,100.0,3.0,-1.1999999999999993,-0.5,2.579813677536478
2023-12-06 00:00:00,42182099999,10.6,1,10.6,1,1015.8,1,100.0,3.0,-1.4000000000000004,-0.7000000000000455,0.0
2023-12-06 03:00:00,42182099999,12.2,1,12.2,1,1018.0,1,100.0,3.0,1.5999999999999996,2.2000000000000455,0.0
2023-12-06 06:00:00,42182099999,21.8,1,14.7,1,1017.6,1,64.04696990077424,3.0,9.600000000000001,-0.39999999999997726,-35.95303009922576
2023-12-06 09:00:00,42182099999,25.2,1,19.3,1,1014.3,1,69.82725085286098,3.0,3.3999999999999986,-3.300000000000068,5.780280952086741
2023-12-06 12:00:00,42182099999,22.4,1,19.3,1,1014.6,1,82.63851822798792,3.0,-2.8000000000000007,0.3000000000000682,12.811267375126931
2023-12-06 15:00:00,42182099999,15.4,1,13.6,1,1016.8,1,89.02520730872563,3.0,-6.999999999999998,2.199999999999932,6.38668908073771
2023-12-06 18:00:00,42182099999,13.2,1,12.5,1,1017.3,1,95.52396753285181,3.0,-2.200000000000001,0.5,6.498760224126187
2023-12-06 21:00:00,42182099999,11.6,1,11.2,1,1017.0,1,97.3880676886059,3.0,-1.5999999999999996,-0.2999999999999545,1.8641001557540875
2023-12-07 00:00:00,42182099999,11.2,1,11.2,1,1016.5,1,100.0,3.0,-0.40000000000000036,-0.5,2.6119323113940993
2023-12-07 03:00:00,42182099999,12.6,1,12.2,1,1017.6,1,97.40821130581216,3.0,1.4000000000000004,1.1000000000000227,-2.5917886941878407
2023-12-07 06:00:00,42182099999,22.0,1,14.2,1,1016.5,1,61.25880440963451,3.0,9.4,-1.1000000000000227,-36.14940689617765
2023-12-07 09:00:00,42182099999,25.0,1,19.4,1,1013.5,1,71.10528271258221,3.0,3.0,-3.0,9.846478302947702
2023-12-07 12:00:00,42182099999,21.6,1,16.3,1,1013.4,1,71.83530613579937,3.0,-3.3999999999999986,-0.10000000000002274,0.7300234232171618
2023-12-07 15:00:00,42182099999,16.8,1,15.4,1,1015.6,1,91.45678288516467,3.0,-4.800000000000001,2.2000000000000455,19.6214767493653
2023-12-07 18:00:00,42182099999,13.6,1,13.2,1,1016.0,1,97.42812382340092,3.0,-3.200000000000001,0.39999999999997726,5.971340938236253
2023-12-07 21:00:00,42182099999,12.0,1,11.6,1,1015.3,1,97.39615309459306,3.0,-1.5999999999999996,-0.7000000000000455,-0.031970728807863225
2023-12-08 00:00:00,42182099999,11.4,1,11.4,1,1015.7,1,100.0,3.0,-0.5999999999999996,0.40000000000009095,2.6038469054069395
2023-12-08 03:00:00,42182099999,12.8,1,11.7,1,1017.2,1,93.02524475563575,3.0,1.4000000000000004,1.5,-6.974755244364246
2023-12-08 06:00:00,42182099999,21.8,1,12.3,1,1016.8,1,54.78429803964941,3.0,9.0,-0.40000000000009095,-38.24094671598635
2023-12-08 09:00:00,42182099999,24.8,1,11.8,1,1013.4,1,44.22658327114008,3.0,3.0,-3.3999999999999773,-10.557714768509328
2023-12-08 12:00:00,42182099999,21.4,1,15.0,1,1013.2,1,66.91376191861946,3.0,-3.400000000000002,-0.1999999999999318,22.687178647479378
2023-12-08 15:00:00,42182099999,14.4,1,13.7,1,1015.0,1,95.56471646093954,3.0,-6.999999999999998,1.7999999999999545,28.65095454232008
2023-12-08 18:00:00,42182099999,13.0,1,12.3,1,1015.9,1,95.51712191302202,3.0,-1.4000000000000004,0.8999999999999773,-0.047594547917512386
2023-12-08 21:00:00,42182099999,11.4,1,11.0,1,1015.6,1,97.38401091998121,3.0,-1.5999999999999996,-0.2999999999999545,1.866889006959184
2023-12-09 00:00:00,42182099999,10.2,1,10.2,1,1016.2,1,100.0,3.0,-1.200000000000001,0.6000000000000227,2.6159890800187924
2023-12-09 03:00:00,42182099999,11.0,1,11.0,1,1017.9,1,100.0,3.0,0.8000000000000007,1.6999999999999318,0.0
2023-12-09 06:00:00,42182099999,22.0,2,11.7,1,1018.2,1,52.02296792971393,3.0,11.0,0.3000000000000682,-47.97703207028607
2023-12-09 09:00:00,42182099999,24.8,1,12.3,1,1015.3,1,45.70651191028553,3.0,2.8000000000000007,-2.900000000000091,-6.316456019428401
2023-12-09 12:00:00,42182099999,20.2,1,14.4,1,1014.7,1,69.30783373165526,3.0,-4.600000000000001,-0.599999999999909,23.601321821369737
2023-12-09 15:00:00,42182099999,13.6,1,12.8,1,1012.1,1,94.91465975923765,3.0,-6.6,-2.6000000000000227,25.606826027582386
2023-12-09 18:00:00,42182099999,11.2,1,10.8,1,1016.0,1,97.3799447357553,3.0,-2.4000000000000004,3.8999999999999773,2.465284976517651
2023-12-09 21:00:00,42182099999,10.0,1,10.0,1,1014.9,1,100.0,3.0,-1.1999999999999993,-1.1000000000000227,2.620055264244698
2023-12-10 00:00:00,42182099999,9.8,1,9.8,1,1014.5,1,100.0,3.0,-0.1999999999999993,-0.39999999999997726,0.0
2023-12-10 03:00:00,42182099999,11.6,1,9.6,1,1015.8,1,87.53158087183863,3.0,1.799999999999999,1.2999999999999545,-12.468419128161372
2023-12-10 06:00:00,42182099999,20.2,1,11.1,1,1015.8,1,55.840490093853,3.0,8.6,0.0,-31.69109077798563
2023-12-10 09:00:00,42182099999,22.8,1,10.0,1,1013.5,1,44.25980132916405,3.0,2.6000000000000014,-2.2999999999999545,-11.58068876468895
2023-12-10 12:00:00,42182099999,21.2,1,13.2,1,1012.9,1,60.28315144831681,3.0,-1.6000000000000014,-0.6000000000000227,16.02335011915276
2023-12-10 15:00:00,42182099999,12.6,1,11.1,1,1015.2,1,90.58332836922459,3.0,-8.6,2.300000000000068,30.30017692090778
2023-12-10 18:00:00,42182099999,10.2,1,9.8,1,1015.8,1,97.35947156086468,3.0,-2.4000000000000004,0.599999999999909,6.776143191640088
2023-12-10 21:00:00,42182099999,8.8,1,8.8,1,1015.0,1,100.0,3.0,-1.3999999999999986,-0.7999999999999545,2.6405284391353234
2023-12-11 00:00:00,42182099999,8.4,1,8.4,1,1015.2,1,100.0,3.0,-0.40000000000000036,0.20000000000004547,0.0
2023-12-11 03:00:00,42182099999,9.2,1,9.2,1,1017.0,1,100.0,3.0,0.7999999999999989,1.7999999999999545,0.0
2023-12-11 06:00:00,42182099999,21.2,2,10.6,1,1016.7,1,50.789530615242015,3.0,12.0,-0.2999999999999545,-49.210469384757985
2023-12-11 09:00:00,42182099999,23.6,1,9.2,1,1014.1,1,39.9665095184025,3.0,2.400000000000002,-2.6000000000000227,-10.823021096839511
2023-12-11 12:00:00,42182099999,20.6,1,12.5,1,1013.7,1,59.74903359457973,3.0,-3.0,-0.39999999999997726,19.782524076177225
2023-12-11 15:00:00,42182099999,13.8,1,11.2,1,1015.9,1,84.3193655005902,3.0,-6.800000000000001,2.199999999999932,24.570331906010466
2023-12-11 18:00:00,42182099999,10.2,1,10.2,1,1016.3,1,100.0,3.0,-3.6000000000000014,0.39999999999997726,15.680634499409805
2023-12-11 21:00:00,42182099999,8.6,1,8.6,1,1015.3,1,100.0,3.0,-1.5999999999999996,-1.0,0.0
2023-12-12 00:00:00,42182099999,8.0,1,8.0,1,1015.1,1,100.0,3.0,-0.5999999999999996,-0.1999999999999318,0.0
2023-12-12 03:00:00,42182099999,9.2,1,9.2,1,1016.1,1,100.0,3.0,1.1999999999999993,1.0,0.0
2023-12-12 06:00:00,42182099999,20.8,2,12.7,1,1015.4,1,59.796425120302324,3.0,11.600000000000001,-0.7000000000000455,-40.203574879697676
2023-12-12 09:00:00,42182099999,24.0,1,12.5,1,1012.6,1,48.58343848769498,3.0,3.1999999999999993,-2.7999999999999545,-11.212986632607347
2023-12-12 12:00:00,42182099999,20.0,1,14.5,1,1012.6,1,70.62550939676852,3.0,-4.0,0.0,22.042070909073544
2023-12-12 15:00:00,42182099999,13.4,1,12.7,1,1014.3,1,95.53079760901926,3.0,-6.6,1.6999999999999318,24.90528821225074
2023-12-12 18:00:00,42182099999,11.4,1,11.4,1,1015.0,1,100.0,3.0,-2.0,0.7000000000000455,4.46920239098074
2023-12-12 21:00:00,42182099999,9.8,1,9.8,1,1014.7,1,100.0,3.0,-1.5999999999999996,-0.2999999999999545,0.0
2023-12-13 00:00:00,42182099999,8.2,1,8.2,1,1014.8,1,100.0,3.0,-1.6000000000000014,0.09999999999990905,0.0
2023-12-13 03:00:00,42182099999,9.2,1,9.2,1,1017.5,1,100.0,3.0,1.0,2.7000000000000455,0.0
2023-12-13 06:00:00,42182099999,21.2,2,14.4,1,1017.2,1,65.16845708989669,3.0,12.0,-0.2999999999999545,-34.83154291010331
2023-12-13 09:00:00,42182099999,24.2,1,9.1,1,1014.5,1,38.291879791386705,3.0,3.0,-2.7000000000000455,-26.876577298509986
2023-12-13 12:00:00,42182099999,21.4,1,11.3,1,1014.7,1,52.557633204221474,3.0,-2.8000000000000007,0.20000000000004547,14.26575341283477
2023-12-13 15:00:00,42182099999,12.4,1,10.5,1,1017.4,1,88.19074924278162,3.0,-8.999999999999998,2.699999999999932,35.633116038560146
2023-12-13 18:00:00,42182099999,10.0,1,9.2,1,1017.7,1,94.77258174880322,3.0,-2.4000000000000004,0.3000000000000682,6.581832506021598
2023-12-13 21:00:00,42182099999,9.0,1,9.0,1,1017.2,1,100.0,3.0,-1.0,-0.5,5.227418251196781
2023-12-14 00:00:00,42182099999,7.6,1,7.6,1,1016.4,1,100.0,3.0,-1.4000000000000004,-0.8000000000000682,0.0
2023-12-14 03:00:00,42182099999,9.4,1,9.4,1,1018.6,1,100.0,3.0,1.8000000000000007,2.2000000000000455,0.0
2023-12-14 06:00:00,42182099999,20.2,1,7.4,1,1018.5,1,43.53131563523209,3.0,10.799999999999999,-0.10000000000002274,-56.46868436476791
2023-12-14 09:00:00,42182099999,23.0,1,6.7,1,1016.0,1,34.96245982322969,3.0,2.8000000000000007,-2.5,-8.568855812002397
2023-12-14 12:00:00,42182099999,21.0,1,10.4,1,1015.7,1,50.73632107006152,3.0,-2.0,-0.2999999999999545,15.773861246831828
2023-12-14 15:00:00,42182099999,12.6,1,9.9,1,1018.1,1,83.62191407370018,3.0,-8.4,2.3999999999999773,32.88559300363866
2023-12-14 18:00:00,42182099999,9.8,1,8.6,1,1019.1,1,92.23865038850573,3.0,-2.799999999999999,1.0,8.61673631480555
2023-12-14 21:00:00,42182099999,8.0,1,7.6,1,1018.2,1,97.31358123769705,3.0,-1.8000000000000007,-0.8999999999999773,5.074930849191318
2023-12-15 00:00:00,42182099999,7.0,1,6.6,1,1019.1,1,97.29232745823914,3.0,-1.0,0.8999999999999773,-0.02125377945790774
2023-12-15 03:00:00,42182099999,7.8,1,7.8,1,1021.1,1,100.0,3.0,0.7999999999999998,2.0,2.707672541760857
2023-12-15 06:00:00,42182099999,21.0,2,9.5,1,1019.9,1,47.77047256983977,3.0,13.2,-1.2000000000000455,-52.22952743016023
2023-12-15 09:00:00,42182099999,24.4,1,7.3,1,1016.7,1,33.48498009304365,3.0,3.3999999999999986,-3.199999999999932,-14.285492476796115
2023-12-15 12:00:00,42182099999,19.8,1,12.3,1,1016.5,1,61.95921539888884,3.0,-4.599999999999998,-0.20000000000004547,28.474235305845184
2023-12-15 15:00:00,42182099999,13.4,1,11.1,1,1018.3,1,85.96984513155628,3.0,-6.4,1.7999999999999545,24.010629732667446
2023-12-15 18:00:00,42182099999,10.0,1,9.6,1,1018.6,1,97.35534826961502,3.0,-3.4000000000000004,0.3000000000000682,11.385503138058738
2023-12-15 21:00:00,42182099999,8.0,1,7.6,1,1018.8,1,97.31358123769705,3.0,-2.0,0.1999999999999318,-0.0417670319179706
2023-12-16 00:00:00,42182099999,7.4,1,7.4,1,1018.3,1,100.0,3.0,-0.5999999999999996,-0.5,2.6864187623029494
2023-12-16 03:00:00,42182099999,7.6,1,7.6,1,1018.3,1,100.0,3.0,0.1999999999999993,0.0,0.0
2023-12-16 06:00:00,42182099999,20.5,2,11.4,1,1018.5,1,55.9158979119993,3.0,12.9,0.20000000000004547,-44.0841020880007
2023-12-16 09:00:00,42182099999,24.0,1,4.3,1,1015.0,1,27.869921807132343,3.0,3.5,-3.5,-28.04597610486696
2023-12-16 12:00:00,42182099999,19.2,1,10.7,1,1014.7,1,57.857347664532035,3.0,-4.800000000000001,-0.2999999999999545,29.987425857399693
2023-12-16 15:00:00,42182099999,13.0,1,11.1,1,1015.9,1,88.24283981555196,3.0,-6.199999999999999,1.1999999999999318,30.385492151019925
2023-12-16 18:00:00,42182099999,11.0,1,10.6,1,1017.6,1,97.37586910690435,3.0,-2.0,1.7000000000000455,9.133029291352386
2023-12-16 21:00:00,42182099999,,9,8.6,1,1017.2,1,,3.0,,-0.39999999999997726,
2023-12-17 00:00:00,42182099999,7.0,1,7.0,1,1017.7,1,100.0,3.0,,0.5,
2023-12-17 03:00:00,42182099999,8.6,1,8.6,1,1018.8,1,100.0,3.0,1.5999999999999996,1.099999999999909,0.0
2023-12-17 06:00:00,42182099999,22.0,2,6.8,1,1018.7,1,37.40822049090631,3.0,13.4,-0.09999999999990905,-62.59177950909369
2023-12-17 09:00:00,42182099999,24.0,1,7.8,1,1016.3,1,35.48806187260917,3.0,2.0,-2.400000000000091,-1.9201586182971369
2023-12-17 12:00:00,42182099999,20.2,1,10.2,1,1016.6,1,52.59372717806794,3.0,-3.8000000000000007,0.3000000000000682,17.105665305458764
2023-12-17 15:00:00,42182099999,13.0,1,10.6,1,1019.0,1,85.35900419454717,3.0,-7.199999999999999,2.3999999999999773,32.76527701647923
2023-12-17 18:00:00,42182099999,11.2,1,10.4,1,1020.2,1,94.82058945159967,3.0,-1.8000000000000007,1.2000000000000455,9.461585257052505
2023-12-17 21:00:00,42182099999,8.4,1,8.4,1,1020.2,1,100.0,3.0,-2.799999999999999,0.0,5.179410548400327
2023-12-18 00:00:00,42182099999,8.0,1,8.0,1,1020.4,1,100.0,3.0,-0.40000000000000036,0.1999999999999318,0.0
2023-12-18 03:00:00,42182099999,11.2,1,9.6,1,1021.0,1,89.87916379213625,3.0,3.1999999999999993,0.6000000000000227,-10.120836207863746
2023-12-18 06:00:00,42182099999,19.0,1,10.1,1,1020.9,1,56.28533522138947,3.0,7.800000000000001,-0.10000000000002274,-33.59382857074679
2023-12-18 09:00:00,42182099999,21.8,1,9.1,1,1018.3,1,44.27824724894494,3.0,2.8000000000000007,-2.6000000000000227,-12.007087972444523
2023-12-18 12:00:00,42182099999,18.2,1,9.9,1,1017.6,1,58.38819950727093,3.0,-3.6000000000000014,-0.6999999999999318,14.10995225832599
2023-12-18 15:00:00,42182099999,13.6,1,9.7,1,1020.0,1,77.2937657633589,3.0,-4.6,2.3999999999999773,18.905566256087972
2023-12-18 18:00:00,42182099999,13.8,1,9.9,1,1020.3,1,77.32500263724282,3.0,0.20000000000000107,0.2999999999999545,0.031236873883912608
2023-12-18 21:00:00,42182099999,12.4,1,9.7,1,1020.0,1,83.59836147539178,3.0,-1.4000000000000004,-0.2999999999999545,6.273358838148965
2023-12-19 00:00:00,42182099999,10.2,1,8.6,1,1019.9,1,89.80306259312263,3.0,-2.200000000000001,-0.10000000000002274,6.204701117730849
2023-12-19 03:00:00,42182099999,10.2,1,8.1,1,1021.8,1,86.81056391783137,3.0,0.0,1.8999999999999773,-2.992498675291259
2023-12-19 06:00:00,42182099999,19.2,1,7.0,1,1021.1,1,45.0679003957823,3.0,9.0,-0.6999999999999318,-41.74266352204907
2023-12-19 09:00:00,42182099999,22.4,1,3.4,1,1018.0,1,28.817736543047623,3.0,3.1999999999999993,-3.1000000000000227,-16.25016385273468
2023-12-19 12:00:00,42182099999,18.6,1,7.1,1,1017.7,1,47.10965406560125,3.0,-3.799999999999997,-0.2999999999999545,18.291917522553625
2023-12-19 15:00:00,42182099999,12.6,1,8.2,1,1020.2,1,74.56825503558626,3.0,-6.000000000000002,2.5,27.458600969985014
2023-12-19 18:00:00,42182099999,9.4,1,8.6,1,1020.9,1,94.74832959201001,3.0,-3.1999999999999993,0.6999999999999318,20.180074556423747
2023-12-19 21:00:00,42182099999,8.0,1,7.6,1,1020.9,1,97.31358123769705,3.0,-1.4000000000000004,0.0,2.5652516456870416
2023-12-20 00:00:00,42182099999,7.6,1,7.2,1,1020.2,1,97.30510971707946,3.0,-0.40000000000000036,-0.6999999999999318,-0.008471520617590045
2023-12-20 03:00:00,42182099999,8.8,1,7.5,1,1022.3,1,91.55256885631819,3.0,1.200000000000001,2.099999999999909,-5.752540860761272
2023-12-20 06:00:00,42182099999,18.6,1,7.7,1,1020.8,1,49.080215316149044,3.0,9.8,-1.5,-42.472353540169145
2023-12-20 09:00:00,42182099999,21.0,1,8.0,1,1017.8,1,43.16618438618589,3.0,2.3999999999999986,-3.0,-5.914030929963154
2023-12-20 12:00:00,42182099999,18.4,1,11.5,1,1017.1,1,64.13703680020836,3.0,-2.6000000000000014,-0.6999999999999318,20.970852414022474
2023-12-20 15:00:00,42182099999,12.8,1,10.5,1,1018.7,1,85.90855977917565,3.0,-5.599999999999998,1.6000000000000227,21.771522978967283
2023-12-20 18:00:00,42182099999,10.4,1,10.0,1,1019.7,1,97.36358526068923,3.0,-2.4000000000000004,1.0,11.455025481513587
2023-12-20 21:00:00,42182099999,8.6,1,8.6,1,1019.0,1,100.0,3.0,-1.8000000000000007,-0.7000000000000455,2.6364147393107658
2023-12-21 00:00:00,42182099999,7.8,1,7.8,1,1018.0,1,100.0,3.0,-0.7999999999999998,-1.0,0.0
2023-12-21 03:00:00,42182099999,8.2,1,7.8,1,1019.5,1,97.31780209575075,3.0,0.39999999999999947,1.5,-2.68219790424925
2023-12-21 06:00:00,42182099999,18.8,1,10.7,1,1018.9,1,59.31925660752633,3.0,10.600000000000001,-0.6000000000000227,-37.99854548822442
2023-12-21 09:00:00,42182099999,22.2,1,8.7,1,1015.4,1,42.060428095847726,3.0,3.3999999999999986,-3.5,-17.2588285116786
2023-12-21 12:00:00,42182099999,19.4,1,11.8,1,1015.5,1,61.460903484629405,3.0,-2.8000000000000007,0.10000000000002274,19.40047538878168
2023-12-21 15:00:00,42182099999,12.2,1,10.3,1,1018.0,1,88.17331059899422,3.0,-7.199999999999999,2.5,26.712407114364815
2023-12-21 18:00:00,42182099999,10.2,1,9.4,1,1018.4,1,94.78062882988873,3.0,-2.0,0.39999999999997726,6.607318230894506
2023-12-21 21:00:00,42182099999,8.8,1,8.8,1,1017.7,1,100.0,3.0,-1.3999999999999986,-0.6999999999999318,5.219371170111273
2023-12-22 00:00:00,42182099999,7.4,1,7.4,1,1018.0,1,100.0,3.0,-1.4000000000000004,0.2999999999999545,0.0
2023-12-22 03:00:00,42182099999,8.2,1,6.9,1,1019.7,1,91.51383710352641,3.0,0.7999999999999989,1.7000000000000455,-8.486162896473587
2023-12-22 06:00:00,42182099999,19.0,1,11.8,1,1018.3,1,63.0114676927038,3.0,10.8,-1.400000000000091,-28.50236941082261
2023-12-22 09:00:00,42182099999,22.4,1,10.4,1,1015.3,1,46.575587007480145,3.0,3.3999999999999986,-3.0,-16.43588068522366
2023-12-22 12:00:00,42182099999,18.6,1,14.1,1,1015.7,1,75.08766810739822,3.0,-3.799999999999997,0.40000000000009095,28.51208109991807
2023-12-22 15:00:00,42182099999,13.4,1,12.3,1,1017.6,1,93.05675333475915,3.0,-5.200000000000001,1.8999999999999773,17.969085227360935
2023-12-22 18:00:00,42182099999,11.6,1,11.2,1,1018.3,1,97.3880676886059,3.0,-1.8000000000000007,0.6999999999999318,4.33131435384675
2023-12-22 21:00:00,42182099999,11.8,1,11.4,1,1017.5,1,97.3921150705423,3.0,0.20000000000000107,-0.7999999999999545,0.004047381936402417
2023-12-23 00:00:00,42182099999,12.2,1,11.8,1,1017.1,1,97.40018178945084,3.0,0.3999999999999986,-0.39999999999997726,0.008066718908537496
2023-12-23 03:00:00,42182099999,11.2,1,10.8,1,1020.6,1,97.3799447357553,3.0,-1.0,3.5,-0.02023705369553852
2023-12-23 06:00:00,42182099999,19.6,1,12.5,1,1021.3,1,63.56204708093991,3.0,8.400000000000002,0.6999999999999318,-33.81789765481539
2023-12-23 09:00:00,42182099999,23.2,1,12.8,1,1018.7,1,51.99455387694659,3.0,3.599999999999998,-2.599999999999909,-11.567493203993322
2023-12-23 12:00:00,42182099999,20.4,1,14.6,1,1018.3,1,69.34684446879916,3.0,-2.8000000000000007,-0.40000000000009095,17.352290591852572
2023-12-23 15:00:00,42182099999,13.4,1,11.9,1,1020.6,1,90.63931815450903,3.0,-6.999999999999998,2.300000000000068,21.292473685709865
2023-12-23 18:00:00,42182099999,11.4,1,10.6,1,1021.6,1,94.82852700449433,3.0,-2.0,1.0,4.189208849985306
2023-12-23 21:00:00,42182099999,10.4,1,10.0,1,1021.6,1,97.36358526068923,3.0,-1.0,0.0,2.535058256194901
2023-12-24 00:00:00,42182099999,9.4,1,9.0,1,1021.5,1,97.3429205497449,3.0,-1.0,-0.10000000000002274,-0.020664710944330977
2023-12-24 03:00:00,42182099999,9.6,1,8.8,1,1023.1,1,94.75643218583839,3.0,0.1999999999999993,1.6000000000000227,-2.5864883639065113
2023-12-24 06:00:00,42182099999,21.0,2,13.4,1,1022.4,1,61.82882049375357,3.0,11.4,-0.7000000000000455,-32.927611692084824
2023-12-24 09:00:00,42182099999,24.2,1,14.0,1,1019.0,1,52.93687872742393,3.0,3.1999999999999993,-3.3999999999999773,-8.891941766329637
2023-12-24 12:00:00,42182099999,20.2,1,15.1,1,1019.1,1,72.50665915505505,3.0,-4.0,0.10000000000002274,19.569780427631116
2023-12-24 15:00:00,42182099999,14.2,1,13.8,1,1020.7,1,97.43996186725943,3.0,-6.0,1.6000000000000227,24.93330271220438
2023-12-24 18:00:00,42182099999,12.0,1,12.0,1,1021.1,1,100.0,3.0,-2.1999999999999993,0.39999999999997726,2.560038132740573
2023-12-26 12:00:00,42182099999,18.7,1,10.7,1,1017.6,1,59.6911808042458,42.0,6.699999999999999,-3.5,-40.3088191957542
2023-12-26 18:00:00,42182099999,10.7,1,10.0,1,1020.3,1,95.43726479637384,6.0,-8.0,2.699999999999932,35.746083992128035
2023-12-26 21:00:00,42182099999,9.4,1,9.0,1,1020.1,1,97.3429205497449,3.0,-1.299999999999999,-0.1999999999999318,1.9056557533710645
2023-12-27 00:00:00,42182099999,11.0,1,11.0,1,1019.9,1,100.0,3.0,1.5999999999999996,-0.20000000000004547,2.6570794502550967
2023-12-27 03:00:00,42182099999,11.8,1,11.8,1,1022.3,1,100.0,3.0,0.8000000000000007,2.3999999999999773,0.0
2023-12-27 06:00:00,42182099999,14.0,1,12.9,1,1022.5,1,93.0880516101139,3.0,2.1999999999999993,0.20000000000004547,-6.911948389886106
2023-12-27 09:00:00,42182099999,20.8,1,13.5,1,1019.1,1,63.00276761317921,3.0,6.800000000000001,-3.3999999999999773,-30.085283996934685
2023-12-27 12:00:00,42182099999,16.4,1,13.2,1,1018.8,1,81.36763763886353,3.0,-4.400000000000002,-0.3000000000000682,18.36487002568432
2023-12-27 15:00:00,42182099999,12.8,1,12.4,1,1020.4,1,97.41221218415632,3.0,-3.599999999999998,1.6000000000000227,16.04457454529279
2023-12-27 18:00:00,42182099999,10.2,1,9.8,1,1020.4,1,97.35947156086468,3.0,-2.6000000000000014,0.0,-0.05274062329164053
2023-12-27 21:00:00,42182099999,9.0,1,9.0,1,1019.5,1,100.0,3.0,-1.1999999999999993,-0.8999999999999773,2.6405284391353234
2023-12-28 00:00:00,42182099999,8.6,1,8.6,1,1018.9,1,100.0,3.0,-0.40000000000000036,-0.6000000000000227,0.0
2023-12-28 03:00:00,42182099999,11.6,1,10.8,1,1020.4,1,94.8364464943844,3.0,3.0,1.5,-5.163553505615596
2023-12-28 06:00:00,42182099999,14.6,1,11.2,1,1020.7,1,80.06385792190865,3.0,3.0,0.3000000000000682,-14.772588572475755
2023-12-28 09:00:00,42182099999,20.6,1,12.1,1,1017.5,1,58.19926758382522,3.0,6.000000000000002,-3.2000000000000455,-21.86459033808343
2023-12-28 12:00:00,42182099999,16.8,1,13.6,1,1017.7,1,81.41959056140895,3.0,-3.8000000000000007,0.20000000000004547,23.220322977583734
2023-12-28 15:00:00,42182099999,12.6,1,11.9,1,1019.9,1,95.50338385498358,3.0,-4.200000000000001,2.199999999999932,14.08379329357463
2023-12-28 18:00:00,42182099999,13.4,1,13.0,1,1020.6,1,97.42415963862136,3.0,0.8000000000000007,0.7000000000000455,1.9207757836377795
2023-12-28 21:00:00,42182099999,12.4,1,12.4,1,1020.0,1,100.0,3.0,-1.0,-0.6000000000000227,2.5758403613786385
2023-12-29 00:00:00,42182099999,12.6,1,12.6,1,1020.2,1,100.0,3.0,0.1999999999999993,0.20000000000004547,0.0
2023-12-29 03:00:00,42182099999,13.0,1,12.3,1,1021.6,1,95.51712191302202,3.0,0.40000000000000036,1.3999999999999773,-4.482878086977976
2023-12-29 06:00:00,42182099999,15.0,1,13.2,1,1022.9,1,88.99298972017739,3.0,2.0,1.2999999999999545,-6.5241321928446325
2023-12-29 09:00:00,42182099999,18.8,1,13.9,1,1018.6,1,73.19917002586746,3.0,3.8000000000000007,-4.2999999999999545,-15.793819694309931
2023-12-29 12:00:00,42182099999,16.6,1,13.8,1,1018.6,1,83.53885195933492,3.0,-2.1999999999999993,0.0,10.33968193346746
2023-12-29 15:00:00,42182099999,13.8,1,12.9,1,1019.9,1,94.30392514703017,3.0,-2.8000000000000007,1.2999999999999545,10.76507318769525
2023-12-29 18:00:00,42182099999,13.8,1,13.1,1,1019.9,1,95.54441131671555,3.0,0.0,0.0,1.2404861696853828
2023-12-29 21:00:00,42182099999,12.6,1,12.2,1,1019.3,1,97.40821130581216,3.0,-1.200000000000001,-0.6000000000000227,1.8637999890966057
2023-12-30 00:00:00,42182099999,13.2,1,12.1,1,1019.2,1,93.04627393366597,3.0,0.5999999999999996,-0.09999999999990905,-4.361937372146187
2023-12-30 03:00:00,42182099999,13.4,1,11.5,1,1020.0,1,88.27738011354035,3.0,0.20000000000000107,0.7999999999999545,-4.768893820125626
2023-12-30 06:00:00,42182099999,15.8,1,14.0,1,1020.6,1,89.05728670930709,3.0,2.4000000000000004,0.6000000000000227,0.7799065957667466
2023-12-30 09:00:00,42182099999,19.6,1,13.3,1,1017.4,1,66.97577523650703,3.0,3.8000000000000007,-3.2000000000000455,-22.08151147280006
2023-12-30 12:00:00,42182099999,16.0,1,13.9,1,1017.2,1,87.35817171892187,3.0,-3.6000000000000014,-0.1999999999999318,20.382396482414833
2023-12-30 15:00:00,42182099999,14.4,1,12.9,1,1018.3,1,90.70861843145448,3.0,-1.5999999999999996,1.099999999999909,3.350446712532616
2023-12-30 18:00:00,42182099999,13.8,1,12.3,1,1018.4,1,90.66712933521302,3.0,-0.5999999999999996,0.10000000000002274,-0.04148909624146313
2023-12-30 21:00:00,42182099999,13.2,1,11.7,1,1018.4,1,90.62536676786807,3.0,-0.6000000000000014,0.0,-0.04176256734494643
2023-12-31 00:00:00,42182099999,13.0,1,11.5,1,1018.5,1,90.61138473351019,3.0,-0.1999999999999993,0.10000000000002274,-0.01398203435788048
2023-12-31 03:00:00,42182099999,12.8,1,11.3,1,1020.2,1,90.59737196340785,3.0,-0.1999999999999993,1.7000000000000455,-0.014012770102340255
2023-12-31 06:00:00,42182099999,14.2,1,11.2,1,1020.7,1,82.16075759049019,3.0,1.3999999999999986,0.5,-8.43661437291766
2023-12-31 09:00:00,42182099999,15.2,1,11.5,1,1018.3,1,78.57491552248868,3.0,1.0,-2.400000000000091,-3.5858420680015115
2023-12-31 12:00:00,42182099999,13.8,1,11.2,1,1017.3,1,84.3193655005902,3.0,-1.3999999999999986,-1.0,5.744449978101514
2023-12-31 15:00:00,42182099999,12.0,1,10.9,1,1019.1,1,92.98290295662396,3.0,-1.8000000000000007,1.8000000000000682,8.663537456033765
2023-12-31 18:00:00,42182099999,11.4,1,10.2,1,1019.2,1,92.3323456350743,3.0,-0.5999999999999996,0.10000000000002274,-0.6505573215496554
2023-12-31 21:00:00,42182099999,11.0,1,10.2,1,1019.0,1,94.81263378127055,3.0,-0.40000000000000036,-0.20000000000004547,2.4802881461962443
