time,temp_c,slp_hpa,rh_pct
2024-01-01 00:00:00,9.2,1020.7,100.0
2024-01-01 03:00:00,9.2,1022.0,100.0
2024-01-01 06:00:00,9.6,1022.5,100.0
2024-01-01 09:00:00,10.6,1020.2,94.79666786957364
2024-01-01 12:00:00,10.2,1019.4,97.35947156086468
2024-01-01 15:00:00,9.8,1020.6,100.0
2024-01-01 18:00:00,9.4,1021.2,100.0
2024-01-01 21:00:00,9.2,1019.7,100.0
2024-01-02 00:00:00,9.0,1019.5,100.0
2024-01-02 03:00:00,8.8,1021.4,100.0
2024-01-02 06:00:00,9.2,1022.1,97.33875859464965
2024-01-02 09:00:00,10.0,1019.6,94.77258174880322
2024-01-02 12:00:00,9.8,1018.6,94.76451621940971
2024-01-02 15:00:00,9.4,1019.6,97.3429205497449
2024-01-02 18:00:00,9.2,1020.2,86.71265902439605
2024-01-02 21:00:00,8.8,1020.3,97.33040543095919
2024-01-03 00:00:00,8.8,1019.5,94.72390988503051
2024-01-03 03:00:00,8.8,1021.2,94.72390988503051
2024-01-03 06:00:00,11.2,1022.4,82.89269426508937
2024-01-03 09:00:00,14.6,1019.3,73.91553446108388
2024-01-03 12:00:00,12.6,1018.3,88.20815025668014
2024-01-03 15:00:00,8.8,1019.1,94.72390988503051
2024-01-03 18:00:00,7.8,1019.6,97.30935045513615
2024-01-03 21:00:00,7.2,1020.1,100.0
2024-01-04 00:00:00,7.4,1019.5,100.0
2024-01-04 03:00:00,7.4,1022.2,100.0
2024-01-04 06:00:00,8.2,1023.3,100.0
2024-01-04 09:00:00,9.2,1020.2,97.33875859464965
2024-01-04 12:00:00,9.6,1018.9,94.75643218583839
2024-01-04 15:00:00,8.8,1020.2,97.33040543095919
2024-01-04 18:00:00,8.6,1019.6,97.32621416169187
2024-01-04 21:00:00,8.0,1019.6,97.31358123769705
2024-01-05 00:00:00,7.4,1019.4,97.30085899241799
2024-01-05 06:00:00,8.2,1022.3,94.69932109658993
2024-01-05 09:00:00,10.2,1020.0,89.80306259312263
2024-01-05 12:00:00,9.6,1020.0,92.22681961838842
2024-01-05 15:00:00,8.8,1020.8,97.33040543095919
2024-01-05 18:00:00,8.8,1020.7,97.33040543095919
2024-01-05 21:00:00,8.4,1021.4,100.0
2024-01-06 00:00:00,7.2,1021.6,100.0
2024-01-06 03:00:00,7.4,1023.7,100.0
2024-01-06 06:00:00,8.4,1023.9,97.32201306016589
2024-01-06 09:00:00,12.7,1021.0,96.13761407329322
2024-01-06 12:00:00,11.0,1021.2,94.81263378127055
2024-01-06 15:00:00,10.2,1022.0,97.35947156086468
2024-01-06 18:00:00,9.8,1022.2,97.35121535724053
2024-01-07 00:00:00,8.8,1021.4,100.0
2024-01-07 03:00:00,8.0,1023.9,100.0
2024-01-07 06:00:00,8.6,1025.4,100.0
2024-01-07 09:00:00,10.2,1022.6,92.2622322184272
2024-01-07 12:00:00,9.6,1021.3,97.34707279392693
2024-01-07 15:00:00,8.4,1022.2,100.0
2024-01-07 18:00:00,8.0,1022.6,100.0
2024-01-07 21:00:00,8.2,1021.8,91.51383710352641
2024-01-08 00:00:00,7.4,1021.5,100.0
2024-01-08 03:00:00,7.0,1024.1,100.0
2024-01-08 06:00:00,8.0,1025.0,100.0
2024-01-08 09:00:00,9.2,1022.5,97.33875859464965
2024-01-08 12:00:00,9.8,1021.0,97.35121535724053
2024-01-08 15:00:00,9.4,1021.8,97.3429205497449
2024-01-08 18:00:00,9.8,1022.2,86.77152868364809
2024-01-08 21:00:00,8.4,1022.1,100.0
2024-01-09 00:00:00,8.4,1021.8,97.32201306016589
2024-01-09 03:00:00,8.2,1023.4,97.31780209575075
2024-01-09 09:00:00,10.4,1022.7,92.27398343475242
2024-01-09 12:00:00,10.0,1021.9,89.78774143747167
2024-01-09 15:00:00,9.5,1022.7,93.4790760490796
2024-01-09 18:00:00,8.8,1022.5,91.55256885631819
2024-01-09 21:00:00,8.8,1021.7,89.08338289529236
2024-01-10 00:00:00,7.4,1021.6,97.30085899241799
2024-01-10 03:00:00,7.4,1022.7,100.0
2024-01-10 06:00:00,8.2,1022.9,97.31780209575075
2024-01-10 09:00:00,11.2,1019.3,85.1662888878942
2024-01-10 12:00:00,10.4,1018.2,92.27398343475242
2024-01-10 15:00:00,9.0,1019.5,94.73206849821293
2024-01-10 18:00:00,8.6,1019.8,94.71573248516182
2024-01-11 00:00:00,7.6,1020.8,97.30510971707946
2024-01-11 03:00:00,7.0,1023.1,100.0
2024-01-11 06:00:00,8.6,1024.1,89.06695308695994
2024-01-11 09:00:00,10.6,1021.7,84.52544024075192
2024-01-11 12:00:00,10.4,1019.8,89.81834998122066
2024-01-11 15:00:00,7.0,1020.5,100.0
2024-01-11 18:00:00,6.0,1020.7,100.0
2024-01-11 21:00:00,5.8,1019.5,100.0
2024-01-12 00:00:00,5.6,1019.2,100.0
2024-01-12 03:00:00,5.4,1021.0,100.0
2024-01-12 06:00:00,6.8,1022.4,93.98961628580115
2024-01-12 09:00:00,11.0,1019.9,80.09799915506139
2024-01-12 12:00:00,9.4,1020.0,89.13245547601107
2024-01-12 15:00:00,8.0,1020.5,97.31358123769705
2024-01-12 18:00:00,6.6,1019.6,97.28375560129753
2024-01-12 21:00:00,7.4,1019.1,100.0
2024-01-13 00:00:00,7.4,1019.2,97.30085899241799
2024-01-13 03:00:00,6.8,1020.2,100.0
2024-01-13 06:00:00,8.2,1021.9,94.69932109658993
2024-01-13 09:00:00,11.4,1019.6,82.9172741443641
2024-01-13 12:00:00,10.8,1018.3,92.29740685931507
2024-01-13 15:00:00,6.0,1019.4,96.59890122643479
2024-01-13 18:00:00,6.0,1020.0,100.0
2024-01-13 21:00:00,5.6,1019.2,100.0
2024-01-14 00:00:00,5.4,1018.5,100.0
2024-01-14 03:00:00,4.4,1021.0,100.0
2024-01-14 06:00:00,6.2,1022.0,100.0
2024-01-14 09:00:00,14.0,1018.5,71.36598436104295
2024-01-14 12:00:00,12.4,1018.2,85.86748611851132
2024-01-14 15:00:00,7.4,1020.5,97.30085899241799
2024-01-14 18:00:00,5.8,1020.6,100.0
2024-01-14 21:00:00,5.8,1019.7,100.0
2024-01-15 00:00:00,4.8,1019.1,100.0
2024-01-15 03:00:00,4.4,1020.5,100.0
2024-01-15 09:00:00,11.0,1017.9,82.30738205086925
2024-01-15 12:00:00,12.5,1017.2,87.03178722809886
2024-01-15 15:00:00,6.2,1019.0,97.27514316832789
2024-01-15 18:00:00,4.4,1019.3,100.0
2024-01-15 21:00:00,4.0,1018.5,100.0
2024-01-16 00:00:00,4.0,1017.2,100.0
2024-01-16 03:00:00,4.6,1018.1,100.0
2024-01-16 06:00:00,6.6,1019.1,100.0
2024-01-16 09:00:00,10.6,1016.1,87.43916705616897
2024-01-16 12:00:00,10.6,1015.6,92.28570828919668
2024-01-16 15:00:00,6.2,1017.1,97.27514316832789
2024-01-16 18:00:00,5.2,1017.7,100.0
2024-01-16 21:00:00,5.6,1016.8,100.0
2024-01-17 00:00:00,5.4,1016.5,100.0
2024-01-17 03:00:00,6.0,1017.7,100.0
2024-01-17 06:00:00,7.8,1018.8,100.0
2024-01-17 09:00:00,13.6,1015.8,79.39176368530111
2024-01-17 12:00:00,13.2,1015.8,88.26012857000727
2024-01-17 15:00:00,8.4,1018.4,97.32201306016589
2024-01-17 18:00:00,6.4,1018.9,97.27945447272248
2024-01-17 21:00:00,4.8,1018.8,100.0
2024-01-18 00:00:00,5.0,1018.8,100.0
2024-01-18 03:00:00,5.2,1020.2,100.0
2024-01-18 09:00:00,15.4,1017.2,80.70423393504583
2024-01-18 12:00:00,12.8,1017.5,90.59737196340785
2024-01-18 15:00:00,10.2,1019.6,100.0
2024-01-18 18:00:00,9.6,1020.7,100.0
2024-01-18 21:00:00,8.8,1020.0,100.0
2024-01-19 00:00:00,9.2,1019.1,100.0
2024-01-19 03:00:00,8.4,1021.1,100.0
2024-01-19 06:00:00,8.8,1022.5,100.0
2024-01-19 09:00:00,10.4,1020.3,94.78865751832757
2024-01-19 12:00:00,11.0,1019.8,92.30907922238288
2024-01-19 15:00:00,10.6,1021.1,92.28570828919668
2024-01-19 18:00:00,9.0,1021.3,100.0
2024-01-19 21:00:00,8.6,1020.3,86.05912411787324
2024-01-20 00:00:00,5.4,1020.8,100.0
2024-01-20 03:00:00,8.0,1022.2,100.0
2024-01-20 09:00:00,14.0,1019.9,75.31197286309917
2024-01-20 12:00:00,12.8,1019.6,85.90855977917565
2024-01-20 15:00:00,8.4,1021.6,94.70753624146667
2024-01-20 18:00:00,7.0,1021.0,88.31838490064995
2024-01-20 21:00:00,6.0,1021.4,100.0
2024-01-21 00:00:00,6.6,1020.0,100.0
2024-01-21 03:00:00,6.8,1021.5,100.0
2024-01-21 06:00:00,8.0,1021.8,97.31358123769705
2024-01-21 09:00:00,10.2,1019.5,89.80306259312263
2024-01-21 12:00:00,10.0,1019.6,86.79106734289007
2024-01-21 15:00:00,9.6,1020.4,92.22681961838842
2024-01-21 18:00:00,9.8,1021.1,81.59252591469206
2024-01-21 21:00:00,8.2,1020.7,94.69932109658993
2024-01-22 00:00:00,7.4,1020.0,97.30085899241799
2024-01-22 03:00:00,6.8,1022.2,97.28804658589654
2024-01-22 06:00:00,7.8,1023.4,91.48787016012284
2024-01-22 09:00:00,9.4,1021.3,86.7323246423674
2024-01-22 12:00:00,10.2,1020.8,86.81056391783137
2024-01-22 15:00:00,8.8,1022.3,94.72390988503051
2024-01-22 18:00:00,6.2,1023.1,97.27514316832789
2024-01-22 21:00:00,5.2,1022.9,96.57730283988474
2024-01-23 00:00:00,5.8,1021.6,100.0
2024-01-23 03:00:00,7.4,1022.0,97.30085899241799
2024-01-23 06:00:00,8.2,1022.8,97.31780209575075
2024-01-23 09:00:00,13.0,1019.1,77.19968844926123
2024-01-23 12:00:00,12.6,1018.2,85.88804470359835
2024-01-23 15:00:00,7.4,1019.5,97.30085899241799
2024-01-23 18:00:00,5.0,1020.2,100.0
2024-01-23 21:00:00,5.0,1020.3,96.57187129040786
2024-01-24 00:00:00,5.2,1019.8,100.0
2024-01-24 03:00:00,5.4,1022.1,100.0
2024-01-24 06:00:00,6.6,1022.7,100.0
2024-01-24 09:00:00,8.8,1020.7,89.08338289529236
2024-01-24 12:00:00,8.4,1020.3,91.52677675681028
2024-01-24 15:00:00,8.0,1021.8,97.31358123769705
2024-01-24 18:00:00,6.8,1022.5,97.28804658589654
2024-01-24 21:00:00,6.4,1022.3,100.0
2024-01-25 00:00:00,6.0,1022.1,100.0
2024-01-25 03:00:00,6.0,1024.2,100.0
2024-01-25 06:00:00,7.0,1025.0,97.29232745823914
2024-01-25 09:00:00,14.0,1021.5,75.31197286309917
2024-01-25 12:00:00,13.4,1021.9,83.71563678912267
2024-01-25 15:00:00,10.4,1023.1,97.36358526068923
2024-01-25 18:00:00,9.4,1022.8,97.3429205497449
2024-01-25 21:00:00,7.5,1022.4,99.31963101774276
2024-01-26 00:00:00,6.4,1022.6,100.0
2024-01-26 03:00:00,6.0,1024.3,100.0
2024-01-26 06:00:00,10.2,1025.3,92.2622322184272
2024-01-26 09:00:00,18.4,1021.9,56.892804139194276
2024-01-26 12:00:00,16.0,1021.1,77.15504026859813
2024-01-26 15:00:00,11.2,1023.5,89.87916379213625
2024-01-26 18:00:00,9.6,1024.4,94.75643218583839
2024-01-26 21:00:00,9.2,1022.6,97.33875859464965
2024-01-27 00:00:00,8.4,1021.0,97.32201306016589
2024-01-27 03:00:00,8.0,1021.8,100.0
2024-01-27 06:00:00,17.4,1021.2,68.30159212964803
2024-01-27 09:00:00,21.0,1018.3,52.802638324228326
2024-01-27 12:00:00,18.0,1018.0,70.7067670476825
2024-01-27 15:00:00,13.8,1019.6,79.9521193895084
2024-01-27 18:00:00,10.0,1020.7,89.78774143747167
2024-01-27 21:00:00,9.8,1019.9,86.77152868364809
2024-01-28 00:00:00,7.8,1019.3,91.48787016012284
2024-01-28 03:00:00,7.8,1020.5,100.0
2024-01-28 06:00:00,10.0,1021.1,97.35534826961502
2024-01-28 09:00:00,11.6,1019.3,97.3880676886059
2024-01-28 12:00:00,11.0,1017.8,100.0
2024-01-28 15:00:00,10.2,1020.4,100.0
2024-01-28 18:00:00,9.6,1021.1,100.0
2024-01-28 21:00:00,9.6,1020.3,100.0
2024-01-29 00:00:00,9.4,1019.6,100.0
2024-01-29 03:00:00,9.4,1021.6,100.0
2024-01-29 06:00:00,15.0,1021.5,78.5453271453219
2024-01-29 09:00:00,19.2,1018.2,68.21654074266358
2024-01-29 12:00:00,18.4,1017.3,80.58262590477159
2024-01-29 15:00:00,13.4,1019.1,88.27738011354035
2024-01-29 18:00:00,11.8,1019.6,97.3921150705423
2024-01-29 21:00:00,11.8,1018.3,97.3921150705423
2024-01-30 00:00:00,10.8,1017.9,100.0
2024-01-30 03:00:00,10.2,1020.5,100.0
2024-01-30 06:00:00,11.6,1020.5,97.3880676886059
2024-01-30 09:00:00,17.4,1016.8,66.51621615947698
2024-01-30 12:00:00,17.2,1016.3,85.79475151324434
2024-01-30 15:00:00,13.0,1018.7,93.03577109694395
2024-01-30 18:00:00,11.6,1019.3,100.0
2024-01-30 21:00:00,11.0,1018.6,100.0
2024-01-31 00:00:00,11.4,1017.3,100.0
2024-01-31 03:00:00,12.0,1018.7,100.0
2024-01-31 06:00:00,16.6,1019.4,81.39364015704444
2024-01-31 09:00:00,16.8,1016.7,83.56210204241829
2024-01-31 12:00:00,17.4,1014.5,88.04847038525622
2024-01-31 15:00:00,15.0,1015.5,91.34219794839412
2024-01-31 18:00:00,14.0,1016.1,100.0
2024-01-31 21:00:00,13.4,1015.6,97.42415963862136
2024-02-01 00:00:00,13.2,1014.2,100.0
2024-02-01 03:00:00,13.6,1015.8,100.0
2024-02-01 06:00:00,15.0,1017.9,95.58488420598349
2024-02-01 09:00:00,15.6,1016.9,95.604915778585
2024-02-01 12:00:00,15.2,1017.2,95.59157646693424
2024-02-01 15:00:00,13.8,1020.2,93.07764210464569
2024-02-01 18:00:00,12.8,1021.8,97.41221218415632
2024-02-01 21:00:00,11.2,1021.5,97.3799447357553
2024-02-02 00:00:00,9.6,1021.1,100.0
2024-02-02 03:00:00,9.6,1022.7,97.34707279392693
2024-02-02 06:00:00,16.6,1023.1,81.39364015704444
2024-02-02 09:00:00,19.0,1020.6,61.36820112291568
2024-02-02 12:00:00,16.0,1018.8,63.17442886693302
2024-02-02 15:00:00,12.8,1020.1,81.43501326288664
2024-02-02 18:00:00,9.8,1021.4,84.43497214693208
2024-02-02 21:00:00,9.4,1020.3,89.13245547601107
2024-02-03 00:00:00,9.6,1018.7,86.75194782273013
2024-02-03 03:00:00,11.2,1019.0,77.9719252764602
2024-02-03 06:00:00,17.0,1020.1,64.25395673809568
2024-02-03 09:00:00,18.2,1018.3,65.81041709610372
2024-02-03 12:00:00,17.8,1017.4,74.46723613296626
2024-02-03 15:00:00,14.8,1018.8,86.6778489821316
2024-02-03 18:00:00,14.2,1019.3,93.09843795330515
2024-02-03 21:00:00,13.4,1018.7,97.42415963862136
2024-02-04 00:00:00,12.4,1017.3,94.86794490544092
2024-02-04 03:00:00,12.4,1018.5,100.0
2024-02-04 06:00:00,13.6,1019.0,93.06720936893215
2024-02-04 09:00:00,15.8,1017.1,91.39340279686098
2024-02-04 12:00:00,15.8,1016.5,95.61156291898422
2024-02-04 15:00:00,15.4,1017.8,100.0
2024-02-04 18:00:00,14.4,1018.9,100.0
2024-02-04 21:00:00,13.0,1018.4,100.0
2024-02-05 00:00:00,12.6,1018.2,100.0
2024-02-05 03:00:00,12.0,1020.4,100.0
2024-02-05 06:00:00,13.2,1022.2,95.52396753285181
2024-02-05 09:00:00,14.0,1020.4,90.68098930379763
2024-02-05 12:00:00,15.4,1018.7,87.30307866082929
2024-02-05 15:00:00,11.8,1020.7,94.84434797549758
2024-02-05 18:00:00,9.6,1021.8,97.34707279392693
2024-02-05 21:00:00,8.2,1021.4,97.31780209575075
2024-02-06 00:00:00,7.4,1020.1,100.0
2024-02-06 03:00:00,7.8,1021.9,94.03607061890503
2024-02-06 06:00:00,16.6,1022.2,65.90545218298234
2024-02-06 09:00:00,19.0,1020.3,54.43155899368546
2024-02-06 12:00:00,16.4,1019.8,65.86254666524192
2024-02-06 15:00:00,11.4,1021.9,82.9172741443641
2024-02-06 18:00:00,9.4,1022.8,89.13245547601107
2024-02-06 21:00:00,8.6,1022.2,89.06695308695994
2024-02-07 00:00:00,6.4,1021.3,100.0
2024-02-07 03:00:00,8.8,1022.7,83.74159475448431
2024-02-07 06:00:00,17.2,1023.5,59.330533919925585
2024-02-07 09:00:00,18.6,1021.0,48.74681954107937
2024-02-07 12:00:00,16.0,1020.7,63.17442886693302
2024-02-07 15:00:00,12.0,1022.2,71.47227107272683
2024-02-07 18:00:00,10.6,1022.7,80.04154011189422
2024-02-07 21:00:00,7.6,1021.7,94.02682246707201
2024-02-08 00:00:00,8.2,1020.4,89.03398442404576
2024-02-08 03:00:00,8.0,1022.0,91.50086826671931
2024-02-08 06:00:00,16.6,1021.1,58.38914128448751
2024-02-08 09:00:00,20.8,1017.8,45.823740322561
2024-02-08 12:00:00,17.4,1016.7,59.37885920664211
2024-02-08 15:00:00,12.6,1018.0,76.61682484813711
2024-02-08 18:00:00,9.4,1018.6,86.7323246423674
2024-02-08 21:00:00,8.8,1017.8,86.67320000098768
2024-02-09 00:00:00,7.8,1017.7,94.03607061890503
2024-02-09 03:00:00,9.0,1020.3,89.09977649380758
2024-02-09 06:00:00,17.6,1021.7,59.42711074430772
2024-02-09 09:00:00,21.8,1019.8,44.27824724894494
2024-02-09 12:00:00,19.4,1019.4,56.7625297206137
2024-02-09 15:00:00,12.2,1021.8,85.8468839050642
2024-02-09 18:00:00,10.0,1023.4,92.25045456238455
2024-02-09 21:00:00,8.4,1023.4,91.52677675681028
2024-02-10 00:00:00,7.6,1023.3,97.30510971707946
2024-02-10 03:00:00,8.0,1024.9,98.64871725819265
2024-02-10 06:00:00,18.0,1024.8,70.7067670476825
2024-02-10 09:00:00,21.4,1021.9,61.92008126297963
2024-02-10 12:00:00,19.6,1021.0,73.81379105585982
2024-02-10 15:00:00,13.8,1022.9,88.31177198292333
2024-02-10 18:00:00,11.6,1023.7,89.90937059711342
2024-02-10 21:00:00,9.4,1022.6,100.0
2024-02-11 00:00:00,8.8,1022.9,97.33040543095919
2024-02-11 03:00:00,9.6,1023.2,100.0
2024-02-11 06:00:00,19.0,1023.6,69.9787836428256
2024-02-11 09:00:00,23.0,1021.0,56.172285693768046
2024-02-11 12:00:00,20.6,1020.4,66.31767050651304
2024-02-11 15:00:00,14.0,1022.2,88.91183607623559
2024-02-11 18:00:00,11.4,1022.5,89.89428379005945
2024-02-11 21:00:00,10.0,1022.1,94.77258174880322
2024-02-12 00:00:00,8.6,1021.5,97.32621416169187
2024-02-12 03:00:00,8.6,1022.8,100.0
2024-02-12 06:00:00,15.6,1023.2,89.04126423426794
2024-02-12 09:00:00,21.4,1019.9,66.91376191861946
2024-02-12 12:00:00,21.4,1019.9,66.91376191861946
2024-02-12 15:00:00,15.6,1020.1,91.38064355522546
2024-02-12 18:00:00,14.0,1021.5,93.0880516101139
2024-02-12 21:00:00,12.4,1020.4,97.40420118369903
2024-02-13 00:00:00,11.2,1020.8,100.0
2024-02-13 03:00:00,9.6,1022.2,100.0
2024-02-13 06:00:00,19.2,1021.7,75.6731269890769
2024-02-13 09:00:00,21.6,1018.9,64.00324121036401
2024-02-13 12:00:00,20.6,1018.0,64.61860815257197
2024-02-13 15:00:00,14.4,1020.4,88.9444025377394
2024-02-13 18:00:00,12.2,1021.0,94.86009712729937
2024-02-13 21:00:00,11.0,1020.4,97.37586910690435
2024-02-14 00:00:00,9.8,1019.9,100.0
2024-02-14 03:00:00,10.2,1021.9,97.35947156086468
2024-02-14 06:00:00,20.4,1021.4,62.50352697353663
2024-02-14 09:00:00,24.4,1018.0,47.74374374548634
2024-02-14 12:00:00,21.4,1017.8,63.54690629634292
2024-02-14 15:00:00,16.2,1019.6,83.49220888976578
2024-02-14 18:00:00,13.6,1020.6,85.99018734987953
2024-02-14 21:00:00,11.2,1020.7,92.32072545539636
2024-02-15 00:00:00,10.2,1020.4,100.0
2024-02-15 03:00:00,10.2,1022.1,100.0
2024-02-15 06:00:00,19.4,1022.4,73.77930870906046
2024-02-15 09:00:00,24.4,1019.8,53.33223433397086
2024-02-15 12:00:00,21.2,1018.9,66.8725579630163
2024-02-15 15:00:00,15.2,1020.9,85.03111830312803
2024-02-15 18:00:00,12.4,1021.9,93.0041212821806
2024-02-16 00:00:00,9.6,1021.0,94.75643218583839
2024-02-16 03:00:00,9.8,1023.0,97.35121535724053
2024-02-16 06:00:00,20.6,1022.9,64.61860815257197
2024-02-16 09:00:00,24.6,1020.0,45.35219572709555
2024-02-16 12:00:00,21.8,1018.4,53.01044026193279
2024-02-16 15:00:00,15.6,1020.1,78.63391824127898
2024-02-16 18:00:00,13.4,1020.6,88.27738011354035
2024-02-16 21:00:00,11.6,1018.2,89.90937059711342
2024-02-17 00:00:00,11.8,1017.3,89.92442430824241
2024-02-17 03:00:00,11.8,1018.2,92.35550813991742
2024-02-17 06:00:00,21.6,1017.2,62.36850267963901
2024-02-17 09:00:00,25.0,1013.4,45.76123229533659
2024-02-17 12:00:00,21.8,1013.2,65.71780100063405
2024-02-17 15:00:00,17.4,1014.3,77.87699805374835
2024-02-17 18:00:00,13.6,1015.1,93.06720936893215
2024-02-17 21:00:00,11.4,1013.7,94.82852700449433
2024-02-18 00:00:00,10.2,1013.0,92.2622322184272
2024-02-18 03:00:00,11.4,1015.4,97.38401091998121
2024-02-18 06:00:00,19.2,1014.6,80.68937210624178
2024-02-18 09:00:00,23.6,1013.1,56.68577345977045
2024-02-18 12:00:00,22.2,1011.1,65.80207905470317
2024-02-18 15:00:00,17.8,1012.5,84.21749046722671
2024-02-18 18:00:00,16.8,1013.2,89.71195364563357
2024-02-18 21:00:00,16.2,1011.1,91.41883781841517
2024-02-19 00:00:00,15.4,1011.9,91.36785638670548
2024-02-19 03:00:00,16.6,1012.2,87.41291612542301
2024-02-19 06:00:00,21.4,1010.6500000000001,69.98744152646606
2024-02-19 09:00:00,24.0,1009.1,54.274904100279755
2024-02-19 12:00:00,22.0,1008.6,64.09062804138038
2024-02-19 15:00:00,20.2,1010.3,69.30783373165526
2024-02-19 18:00:00,17.0,1011.8,95.65113334501886
2024-02-19 21:00:00,15.4,1011.5,98.09218170103145
2024-02-20 00:00:00,15.2,1010.0,93.15002459693396
2024-02-20 03:00:00,15.8,1012.8,91.39340279686098
2024-02-20 06:00:00,21.2,1013.2,79.93886151677536
2024-02-20 09:00:00,23.8,1010.2,70.44100737751522
2024-02-20 12:00:00,22.4,1009.5,75.7070072653873
2024-02-20 15:00:00,17.6,1011.6,95.67071969670096
2024-02-20 18:00:00,17.0,1013.1,100.0
2024-02-20 21:00:00,15.0,1011.9,100.0
2024-02-21 00:00:00,14.4,1011.5,100.0
2024-02-21 03:00:00,13.4,1013.0,100.0
2024-02-21 06:00:00,15.6,1014.2,98.0951045226394
2024-02-21 09:00:00,22.0,1011.1,61.25880440963451
2024-02-21 12:00:00,19.8,1010.8,63.60648802126187
2024-02-21 15:00:00,15.6,1013.1,85.07395174159251
2024-02-21 18:00:00,15.6,1013.6,85.07395174159251
2024-02-21 21:00:00,11.4,1013.1,94.82852700449433
2024-02-22 00:00:00,9.6,1013.1,100.0
2024-02-22 03:00:00,10.6,1015.8,94.79666786957364
2024-02-22 06:00:00,19.8,1016.3,57.240597392790995
2024-02-22 09:00:00,23.4,1014.1,38.32372576972998
2024-02-22 12:00:00,19.8,1014.2,50.756076169875044
2024-02-22 15:00:00,14.8,1016.8,65.96191297887852
2024-02-22 18:00:00,11.0,1018.5,85.14464886078251
2024-02-22 21:00:00,11.0,1017.1,80.09799915506139
2024-02-23 00:00:00,10.0,1017.0,82.17982566045673
2024-02-23 03:00:00,10.4,1018.6,79.46710262485499
2024-02-23 06:00:00,20.4,1018.8,45.09634101437129
2024-02-23 09:00:00,23.4,1015.9,34.362564324345044
2024-02-23 12:00:00,20.4,1015.2,37.726812273599585
2024-02-23 15:00:00,15.0,1017.7,60.013573119596956
2024-02-23 18:00:00,11.0,1018.2,75.31730938613637
2024-02-23 21:00:00,9.0,1017.0,81.48642001785869
2024-02-24 00:00:00,9.4,1016.1,76.62346665847538
2024-02-24 03:00:00,11.0,1018.9,68.38089363944304
2024-02-24 06:00:00,19.2,1019.1,41.78219681153247
2024-02-24 09:00:00,22.0,1016.9,41.72047144372751
2024-02-24 12:00:00,20.4,1016.7,40.703507930309755
2024-02-24 15:00:00,13.6,1019.3,75.24482032830701
2024-02-24 18:00:00,11.2,1020.9,82.89269426508937
2024-02-24 21:00:00,10.6,1019.5,74.73289707699097
2024-02-25 00:00:00,10.2,1019.3,79.43805206370575
2024-02-25 03:00:00,10.2,1022.2,77.2837290986668
2024-02-25 06:00:00,19.4,1021.9,40.41740132895785
2024-02-25 09:00:00,22.6,1019.5,35.8204925776952
2024-02-25 12:00:00,19.8,1018.8,41.09531601727599
2024-02-25 15:00:00,14.0,1020.4,67.14579806449841
2024-02-25 18:00:00,11.2,1021.8,75.35117512899514
2024-02-25 21:00:00,11.2,1020.8,73.3109120501332
2024-02-26 00:00:00,10.2,1019.3,79.43805206370575
2024-02-26 03:00:00,11.6,1020.7,71.39608065051806
2024-02-26 06:00:00,21.0,1021.3,41.720987584628325
2024-02-26 09:00:00,23.0,1018.8,34.96245982322969
2024-02-26 12:00:00,21.2,1017.9,39.01540379434717
2024-02-26 15:00:00,18.0,1019.0,61.95539331922447
2024-02-26 18:00:00,14.8,1019.0,70.09075096388064
2024-02-26 21:00:00,13.8,1018.4,75.27842866105614
2024-02-27 00:00:00,13.6,1019.9,70.80895721935863
2024-02-27 03:00:00,14.2,1021.7,67.18787800476484
2024-02-27 06:00:00,18.0,1022.1,58.33927054435667
2024-02-27 09:00:00,19.2,1019.6,63.056482911986
2024-02-27 12:00:00,19.6,1017.6,63.56204708093991
2024-02-27 15:00:00,15.0,1019.0,82.80466099679545
2024-02-27 18:00:00,13.6,1019.5,79.39176368530111
2024-02-27 21:00:00,11.4,1018.8,87.51317780630974
2024-02-28 00:00:00,10.8,1019.7,87.45772973993424
2024-02-28 03:00:00,13.4,1018.9,75.21114771532659
2024-02-28 06:00:00,21.0,1018.7,52.10577333966127
2024-02-28 09:00:00,23.4,1015.8,45.02160691736955
2024-02-28 12:00:00,21.4,1014.8,49.50641729745809
2024-02-28 15:00:00,17.4,1016.1,66.51621615947698
2024-02-28 18:00:00,14.4,1016.9,80.03600697911848
2024-02-29 00:00:00,12.6,1015.0,81.40867867317884
2024-02-29 03:00:00,14.6,1015.9,71.96072599993553
2024-02-29 09:00:00,26.0,1015.4,39.57998578877927
2024-02-29 12:00:00,23.2,1014.9,49.01034651636725
2024-02-29 15:00:00,18.4,1015.9,71.24637545433755
2024-02-29 18:00:00,16.4,1016.3,75.21280024618457
2024-02-29 21:00:00,15.0,1015.6,82.80466099679545
2024-03-01 00:00:00,13.6,1015.5,85.99018734987953
2024-03-01 03:00:00,14.6,1018.2,84.40903988678241
2024-03-01 06:00:00,19.4,1016.7,63.5175342376094
2024-03-01 09:00:00,22.4,1013.7,58.25434943203264
2024-03-01 12:00:00,22.0,1011.8,69.21375914661385
2024-03-01 15:00:00,19.6,1011.8,68.74238404537456
2024-03-01 18:00:00,18.2,1012.2,76.49639500269146
2024-03-02 00:00:00,16.8,1012.2,79.32557950867556
2024-03-02 03:00:00,17.4,1014.2,77.87699805374835
2024-03-02 06:00:00,19.4,1013.6,82.8002759006202
2024-03-02 09:00:00,22.4,1010.8,66.26660576599681
2024-03-02 12:00:00,17.2,1007.9,93.84800065349559
2024-03-02 15:00:00,17.2,1009.1,89.7419745584916
2024-03-02 18:00:00,16.4,1010.3,91.43151375710556
2024-03-02 21:00:00,16.4,1011.9,91.43151375710556
2024-03-03 00:00:00,12.4,1013.1,74.02859031213505
2024-03-03 03:00:00,12.6,1014.4,67.77376122257378
2024-03-03 06:00:00,18.4,1014.9,29.348002011172163
2024-03-03 09:00:00,21.6,1012.3,34.08499467017848
2024-03-03 12:00:00,19.6,1012.2,33.273981630266455
2024-03-03 15:00:00,14.0,1014.9,67.14579806449841
2024-03-03 18:00:00,11.4,1016.0,73.34701679723106
2024-03-04 00:00:00,10.4,1016.0,74.69824206040086
2024-03-04 03:00:00,10.4,1018.0,79.46710262485499
2024-03-04 06:00:00,19.8,1020.1,42.82698207029578
2024-03-04 09:00:00,21.6,1018.8,25.873189993191787
2024-03-04 12:00:00,18.2,1018.3,45.096776701409254
2024-03-04 15:00:00,14.0,1019.8,64.89776771433623
2024-03-04 18:00:00,12.4,1020.7,67.73199445617765
2024-03-04 21:00:00,9.8,1019.7,79.37977462249532
2024-03-05 00:00:00,9.0,1018.9,81.48642001785869
2024-03-05 03:00:00,10.8,1020.2,85.12296293659057
2024-03-05 06:00:00,18.4,1020.8,42.13506237933372
2024-03-05 09:00:00,20.4,1018.2,39.055115321824644
2024-03-05 12:00:00,17.4,1016.9,52.20895615284719
2024-03-05 15:00:00,14.0,1018.5,63.14746557706206
2024-03-05 18:00:00,12.2,1018.2,69.57705137382997
2024-03-05 21:00:00,10.2,1017.5,79.43805206370575
2024-03-06 00:00:00,8.0,1016.7,85.99703737708452
2024-03-06 03:00:00,10.4,1018.1,74.69824206040086
2024-03-06 06:00:00,19.6,1018.3,45.48952320190212
2024-03-06 09:00:00,22.8,1015.5,34.66600799191977
2024-03-06 12:00:00,19.8,1014.3,41.09531601727599
2024-03-06 15:00:00,15.2,1016.0,66.49505003958363
2024-03-06 18:00:00,12.2,1017.3,76.55232966087422
2024-03-06 21:00:00,9.8,1016.0,86.77152868364809
2024-03-07 00:00:00,9.0,1015.8,91.56542147352353
2024-03-07 03:00:00,11.4,1017.4,87.51317780630974
2024-03-07 06:00:00,20.0,1017.6,52.54132558106588
2024-03-07 09:00:00,25.2,1015.4,34.6382334939004
2024-03-07 12:00:00,22.0,1015.3,46.15572373602734
2024-03-07 15:00:00,17.2,1017.3,66.47401101986013
2024-03-07 18:00:00,14.6,1017.8,71.96072599993553
2024-03-08 00:00:00,11.2,1016.7,82.89269426508937
2024-03-08 03:00:00,13.6,1018.1,70.80895721935863
2024-03-08 06:00:00,22.6,1018.8,42.744837042491795
2024-03-08 09:00:00,24.4,1016.4,36.08778417274881
2024-03-08 12:00:00,22.4,1015.3,42.40188422169726
2024-03-08 15:00:00,17.6,1017.1,63.11366254801094
2024-03-08 18:00:00,15.4,1018.4,72.59099131789519
2024-03-08 21:00:00,13.4,1017.4,75.21114771532659
2024-03-09 00:00:00,12.6,1016.0,78.71490216324472
2024-03-09 03:00:00,14.8,1017.2,70.09075096388064
2024-03-09 06:00:00,23.6,1017.2,44.1871025717612
2024-03-09 09:00:00,25.6,1015.5,35.461200847011675
2024-03-09 12:00:00,23.4,1014.7,42.397874183870684
2024-03-09 15:00:00,18.4,1016.5,56.892804139194276
2024-03-09 18:00:00,15.6,1017.3,70.71700721496103
2024-03-09 21:00:00,14.8,1015.9,70.09075096388064
2024-03-10 00:00:00,12.2,1015.0,80.80930868971613
2024-03-10 03:00:00,16.4,1016.0,63.69165384807632
2024-03-10 06:00:00,25.0,1015.7,36.99794724063112
2024-03-10 09:00:00,26.0,1014.3,42.003648619630106
2024-03-10 12:00:00,24.4,1014.8,46.5063267929088
2024-03-10 15:00:00,19.8,1016.4,63.60648802126187
2024-03-10 18:00:00,17.8,1018.5,74.46723613296626
2024-03-10 21:00:00,17.0,1018.2,79.87241483728825
2024-03-11 00:00:00,14.8,1016.9,84.43134229184749
2024-03-11 03:00:00,14.4,1020.0,84.38669112870622
2024-03-11 06:00:00,24.4,1019.6,42.394887264005554
2024-03-11 09:00:00,26.8,1016.9,40.597376966612664
2024-03-11 12:00:00,24.6,1015.8,48.11143498574913
2024-03-11 15:00:00,20.2,1017.0,67.53624912686811
2024-03-11 18:00:00,17.4,1016.9,70.59260356670579
2024-03-11 21:00:00,15.2,1016.2,82.82899336921116
2024-03-12 00:00:00,14.6,1015.7,84.40903988678241
2024-03-12 03:00:00,16.4,1017.4,79.2685041939678
2024-03-12 06:00:00,25.6,1017.2,48.06668688692607
2024-03-12 09:00:00,28.8,1014.2,35.41647118801022
2024-03-12 12:00:00,25.4,1013.0,43.812601828348534
2024-03-12 15:00:00,20.0,1015.3,67.49544844818791
2024-03-12 18:00:00,17.4,1014.4,79.92790572070956
2024-03-13 00:00:00,14.6,1012.3,88.96063316846961
2024-03-13 03:00:00,15.6,1013.4,85.07395174159251
2024-03-13 06:00:00,24.8,1013.6,48.16521495527968
2024-03-13 09:00:00,24.0,1013.3,55.69638229748551
2024-03-13 12:00:00,21.4,1012.1,73.65162613086753
2024-03-13 15:00:00,18.6,1013.7,84.30632435360548
2024-03-13 18:00:00,15.8,1015.1,89.05728670930709
2024-03-13 21:00:00,15.6,1015.3,80.7311582049925
2024-03-14 00:00:00,13.6,1015.8,90.6532389811529
2024-03-14 03:00:00,15.4,1018.3,78.60444584054494
2024-03-14 06:00:00,25.0,1018.1,38.26103217015718
2024-03-14 09:00:00,28.4,1015.6,32.601697497011614
2024-03-14 12:00:00,25.4,1014.8,42.67355382749974
2024-03-14 15:00:00,19.8,1015.9,65.2922046207685
2024-03-14 18:00:00,17.4,1016.5,66.51621615947698
2024-03-14 21:00:00,14.4,1015.2,75.88424619026374
2024-03-15 00:00:00,13.6,1014.0,75.24482032830701
2024-03-15 03:00:00,15.2,1015.7,62.56593465042736
2024-03-15 06:00:00,24.6,1015.8,41.336768101900304
2024-03-15 09:00:00,28.4,1014.0,27.36253589769284
2024-03-15 12:00:00,25.0,1013.0,47.905497936524434
2024-03-15 15:00:00,20.4,1014.9,57.76849620084692
2024-03-15 18:00:00,17.8,1016.2,70.66878053078243
2024-03-15 21:00:00,16.2,1016.2,77.18615187769502
2024-03-16 00:00:00,14.0,1016.9,84.34185405958227
2024-03-16 03:00:00,16.2,1018.7,77.18615187769502
2024-03-16 09:00:00,28.8,1015.5,28.99895239501748
2024-03-16 12:00:00,26.2,1014.8,37.58632040471237
2024-03-16 15:00:00,20.0,1016.8,67.49544844818791
2024-03-16 18:00:00,17.2,1017.2,70.09039542480637
2024-03-16 21:00:00,15.8,1017.0,77.12386853020143
2024-03-17 00:00:00,13.6,1015.9,82.0847709323328
2024-03-17 03:00:00,17.4,1017.5,64.77209984585141
2024-03-17 06:00:00,23.8,1017.6,52.491312711001505
2024-03-17 09:00:00,28.4,1015.2,36.97090641348185
2024-03-17 12:00:00,26.0,1014.5,38.28748664717827
2024-03-17 15:00:00,20.0,1015.7,65.7622185890749
2024-03-17 18:00:00,17.0,1016.1,70.05166142718224
2024-03-17 21:00:00,15.2,1014.9,78.57491552248868
2024-03-18 00:00:00,13.0,1014.6,83.66887270865111
2024-03-18 03:00:00,18.0,1015.5,70.7067670476825
2024-03-18 06:00:00,26.4,1015.4,45.25206230902034
2024-03-18 09:00:00,28.8,1013.1,31.013590488632943
2024-03-18 12:00:00,27.0,1011.7,36.33614855550992
2024-03-18 15:00:00,20.6,1014.2,68.055920529955
2024-03-18 18:00:00,17.4,1014.6,82.0261957179648
2024-03-18 21:00:00,15.6,1013.4,82.87750924942381
2024-03-19 00:00:00,14.4,1013.3,86.63915156865335
2024-03-19 03:00:00,19.0,1015.6,64.69337791269749
2024-03-19 06:00:00,26.0,1015.4,36.05448973800417
2024-03-19 09:00:00,29.6,1013.2,38.53724523303667
2024-03-19 12:00:00,28.8,1011.7,35.41647118801022
2024-03-19 15:00:00,22.0,1014.1,69.21375914661385
2024-03-19 18:00:00,18.8,1015.0,79.09771409474659
2024-03-19 21:00:00,17.2,1014.8,83.60845992494205
2024-03-20 00:00:00,15.0,1014.7,88.99298972017739
2024-03-20 03:00:00,18.8,1016.5,59.31925660752633
2024-03-20 06:00:00,28.0,1015.3,35.426561671816984
2024-03-20 09:00:00,31.4,1011.7,33.65279557525411
2024-03-20 12:00:00,28.4,1010.7,47.584581154356115
2024-03-20 15:00:00,23.6,1013.0,66.93757991376943
2024-03-20 18:00:00,20.2,1014.5,81.33582680524137
2024-03-20 21:00:00,18.0,1013.9,88.1001435273896
2024-03-21 00:00:00,17.4,1014.8,93.8571670455613
2024-03-21 03:00:00,18.4,1016.9,80.58262590477159
2024-03-21 06:00:00,23.0,1015.8,60.70242277903299
2024-03-21 09:00:00,26.4,1012.7,56.64557967688834
2024-03-21 12:00:00,25.4,1011.5,61.2525557727852
2024-03-21 15:00:00,22.4,1013.0,75.7070072653873
2024-03-21 18:00:00,20.2,1014.3,79.80178488426841
2024-03-21 21:00:00,19.5,1012.5,80.72918507981375
2024-03-22 00:00:00,18.6,1011.7,84.30632435360548
2024-03-22 03:00:00,19.6,1013.6,81.25851516552751
2024-03-22 06:00:00,26.4,1012.4,58.095861840456465
2024-03-22 09:00:00,29.4,1009.0,49.6968017663282
2024-03-22 12:00:00,28.4,1006.9,54.68305210736864
2024-03-22 15:00:00,24.0,1008.3,71.81547029707296
2024-03-22 18:00:00,21.2,1009.7,81.97757756705623
2024-03-22 21:00:00,18.8,1009.4,90.4311677327325
2024-03-23 00:00:00,19.0,1008.7,88.18554132284771
2024-03-23 03:00:00,21.4,1010.1,78.46820659148995
2024-03-23 06:00:00,28.4,1010.2,49.74976238640901
2024-03-23 09:00:00,31.2,1008.1,39.482199010066786
2024-03-23 12:00:00,30.0,1007.2,43.381508191392854
2024-03-23 15:00:00,24.0,1009.0,69.16319209999386
2024-03-23 18:00:00,21.4,1007.8,71.79898970107504
2024-03-23 21:00:00,17.6,1009.3,83.65462891785485
2024-03-24 00:00:00,16.8,1009.8,81.41959056140895
2024-03-24 03:00:00,21.4,1012.0,66.91376191861946
2024-03-24 06:00:00,25.6,1014.7,54.677740314134674
2024-03-24 09:00:00,27.2,1012.3,48.493766828758595
2024-03-24 12:00:00,28.0,1011.0,46.87414986837853
2024-03-24 15:00:00,22.0,1013.0,75.64284085753373
2024-03-24 18:00:00,20.4,1014.2,79.82930712381024
2024-03-24 21:00:00,18.4,1014.0,86.46578762764692
2024-03-25 00:00:00,18.6,1014.1,92.1499281632111
2024-03-25 03:00:00,19.8,1015.2,86.60007203334754
2024-03-25 06:00:00,30.2,1014.2,44.837591607463104
2024-03-25 09:00:00,31.4,1012.1,42.940609772515394
2024-03-25 12:00:00,30.0,1010.7,49.23154765101147
2024-03-25 15:00:00,25.6,1011.6,61.297946446303996
2024-03-25 18:00:00,22.8,1012.9,69.80971849730659
2024-03-25 21:00:00,19.8,1010.9,81.28433674432983
2024-03-26 00:00:00,19.0,1010.4,80.66276457451087
2024-03-26 03:00:00,22.4,1011.9,71.07373433061426
2024-03-26 06:00:00,30.4,1012.5,41.85979912286083
2024-03-26 09:00:00,31.2,1011.2,47.132101292464135
2024-03-26 18:00:00,22.0,1013.5,84.15029745167602
2024-03-27 03:00:00,22.4,1015.1,75.7070072653873
2024-03-27 06:00:00,31.0,1015.2,45.62401460732669
2024-03-27 09:00:00,33.4,1012.7,38.113587359392156
2024-03-27 12:00:00,29.2,1012.5,56.613567993649895
2024-03-27 15:00:00,25.2,1014.1,61.20709568792682
2024-04-01 18:00:00,20.2,1010.3,64.11222275274461
2024-04-01 21:00:00,17.4,1009.1,75.87255538725047
2024-04-02 00:00:00,16.2,1008.1,81.34158287457663
2024-04-02 03:00:00,21.0,1009.3,64.70523940925912
2024-04-02 21:00:00,17.5,1009.3,85.27499840410066
2024-04-03 00:00:00,16.0,1008.8,89.0732748299233
2024-04-03 03:00:00,21.4,1010.2,65.21122138445863
2024-04-03 06:00:00,31.0,1010.4,35.106357858138395
2024-04-03 09:00:00,34.0,1008.1,24.99202706000119
2024-04-03 12:00:00,32.0,1007.5,35.38306345014907
2024-04-03 15:00:00,26.2,1009.2,56.59689584142209
2024-04-03 18:00:00,23.4,1010.1,63.985292032244004
2024-04-03 21:00:00,21.8,1009.2,72.32987810546678
2024-04-04 00:00:00,19.4,1009.2,79.18307531300236
2024-04-04 03:00:00,23.0,1010.8,65.13417424120837
2024-04-04 06:00:00,31.6,1010.3,38.84158693308344
2024-04-04 09:00:00,35.2,1008.2,24.975188283986967
2024-04-04 12:00:00,32.8,1007.3,32.53492543584346
2024-04-04 15:00:00,26.2,1009.2,55.177580931586704
2024-04-04 18:00:00,23.4,1010.2,63.985292032244004
2024-04-04 21:00:00,21.2,1009.0,66.8725579630163
2024-04-05 00:00:00,18.6,1009.0,78.56151959545844
2024-04-05 03:00:00,23.0,1010.3,65.13417424120837
2024-04-05 06:00:00,32.0,1009.6,32.52621265064335
2024-04-05 09:00:00,34.8,1007.4,21.920936649634324
2024-04-05 12:00:00,32.8,1006.7,26.90860620986931
2024-04-05 15:00:00,25.2,1009.0,48.90458431872265
2024-04-05 18:00:00,22.0,1010.3,59.6905556570869
2024-04-05 21:00:00,19.4,1009.3,68.70265881807667
2024-04-06 00:00:00,18.6,1009.2,71.2836802364205
2024-04-06 03:00:00,23.0,1010.5,60.70242277903299
2024-04-06 06:00:00,33.0,1009.6,28.05040918905623
2024-04-06 09:00:00,34.2,1007.4,27.103775005816594
2024-04-06 12:00:00,32.0,1006.2,28.526935622931493
2024-04-06 15:00:00,25.2,1008.3,47.33806540677984
2024-04-06 18:00:00,21.0,1009.5,64.70523940925912
2024-04-06 21:00:00,18.8,1008.9,69.94020031223228
2024-04-07 00:00:00,16.2,1009.1,81.34158287457663
2024-04-07 03:00:00,23.4,1010.5,55.18780861417479
2024-04-07 06:00:00,32.4,1009.6,29.20629604033377
2024-04-07 09:00:00,34.6,1006.9,21.724451378911148
2024-04-07 12:00:00,32.6,1005.8,26.677619588896867
2024-04-07 15:00:00,26.0,1008.2,47.24624692269561
2024-04-07 18:00:00,22.4,1009.7,58.25434943203264
2024-04-07 21:00:00,19.6,1008.7,66.97577523650703
2024-04-08 00:00:00,18.2,1009.1,63.66965104768998
2024-04-08 03:00:00,23.0,1010.8,50.26443539901982
2024-04-08 06:00:00,34.0,1010.7,26.87348672924265
2024-04-08 09:00:00,36.2,1008.9,23.948129638346664
2024-04-08 12:00:00,33.4,1008.0,28.71689739806738
2024-04-08 15:00:00,25.4,1010.2,51.55799129462455
2024-04-08 18:00:00,21.4,1011.2,63.54690629634292
2024-04-08 21:00:00,19.0,1010.2,66.41470677414787
2024-04-09 00:00:00,17.4,1010.3,72.47387967750177
2024-04-09 03:00:00,23.4,1012.2,51.370384976461544
2024-04-09 06:00:00,33.0,1011.8,29.950617256444566
2024-04-09 09:00:00,35.2,1009.7,26.665706177265104
2024-04-09 12:00:00,33.8,1008.0,30.959825758917216
2024-04-09 15:00:00,26.0,1010.6,59.11107828570813
2024-04-09 18:00:00,22.6,1011.4,66.30818558790568
2024-04-09 21:00:00,19.6,1010.7,75.73790348891934
2024-04-10 00:00:00,17.8,1011.1,84.21749046722671
2024-04-10 03:00:00,24.6,1012.6,46.86737390966147
2024-04-10 09:00:00,36.2,1009.4,23.948129638346664
2024-04-10 12:00:00,35.4,1007.3,28.69445233364995
2024-04-10 15:00:00,27.5,1009.7,45.84601655310775
2024-04-10 18:00:00,23.7,1011.4,58.9438927892027
2024-04-10 21:00:00,21.5,1011.1,59.96172992674115
2024-04-11 00:00:00,19.5,1012.0,66.08644500368686
2024-04-11 03:00:00,24.0,1013.9,52.885445858804225
2024-04-11 06:00:00,33.4,1013.2,28.71689739806738
2024-04-11 09:00:00,35.8,1010.9,27.351232418018512
2024-04-11 12:00:00,33.6,1009.5,29.918441684822923
2024-04-11 15:00:00,26.2,1011.3,46.08829338900369
2024-04-11 18:00:00,22.0,1012.1,61.25880440963451
2024-04-11 21:00:00,20.4,1011.5,64.15608531331758
2024-04-12 00:00:00,18.6,1011.5,71.2836802364205
2024-04-12 03:00:00,24.0,1012.5,70.47837778915957
2024-04-12 06:00:00,35.0,1011.4,25.587325241775638
2024-04-12 09:00:00,37.6,1009.3,22.624561200787944
2024-04-12 12:00:00,35.6,1007.7,29.688118952217764
2024-04-12 15:00:00,28.2,1009.3,47.22867288372724
2024-04-12 18:00:00,24.8,1009.9,59.20403395936841
2024-04-12 21:00:00,22.2,1009.5,69.25260054643807
2024-04-13 00:00:00,21.6,1010.3,66.95489662993805
2024-04-13 03:00:00,25.0,1011.9,56.66462278579749
2024-04-13 09:00:00,33.8,1009.0,36.56841511852398
2024-04-13 12:00:00,32.4,1007.7,40.832094020252626
2024-04-13 15:00:00,25.0,1011.5,74.26066874835885
2024-04-13 18:00:00,22.8,1013.7,72.96625982394418
2024-04-13 21:00:00,24.2,1010.3,60.20575079871314
2024-04-14 00:00:00,20.0,1011.7,100.0
2024-04-14 03:00:00,21.4,1014.3,87.29342856926559
2024-04-14 06:00:00,24.6,1015.0,72.37235517024858
2024-04-14 09:00:00,29.0,1011.8,50.539789986140434
2024-04-14 12:00:00,28.8,1011.4,65.53389236922786
2024-04-14 15:00:00,25.6,1011.8,79.0650667975322
2024-04-14 18:00:00,24.0,1013.3,83.33878752130364
2024-04-14 21:00:00,22.8,1011.6,84.23807515262574
2024-04-15 00:00:00,21.4,1012.1,88.9380830861729
2024-04-15 03:00:00,22.4,1018.4,79.10614032603415
2024-04-15 06:00:00,29.2,1013.9,56.613567993649895
2024-04-15 09:00:00,32.8,1011.0,40.42859587319974
2024-04-15 12:00:00,33.0,1008.9,41.51407336750425
2024-04-15 15:00:00,26.8,1011.0,69.26993747765529
2024-04-15 18:00:00,24.7,1011.9,73.29538174711712
2024-04-15 21:00:00,22.4,1011.6,84.19427459892609
2024-04-19 00:00:00,24.0,1005.0,69.16319209999386
2024-04-19 03:00:00,28.0,1006.0,51.89860867537005
2024-04-19 06:00:00,35.2,1005.1,36.2620391271551
2024-04-19 09:00:00,35.8,1002.8,34.20803917961997
2024-04-19 12:00:00,25.4,1002.3,83.49784757524912
2024-04-19 15:00:00,23.4,1004.7,84.303446850675
2024-04-19 18:00:00,22.9,1006.0,80.16885568774495
2024-04-19 21:00:00,21.6,1006.2,83.58209369896291
2024-04-20 00:00:00,22.6,1005.4,69.33008235227456
2024-04-20 03:00:00,25.0,1006.6,63.92706944237422
2024-04-20 06:00:00,32.0,1006.4,45.60543175171839
2024-04-20 09:00:00,34.2,1003.7,39.80263123545171
2024-04-20 12:00:00,33.6,1002.3,38.16841802933758
2024-04-20 15:00:00,28.2,1005.0,56.02032023794125
2024-04-20 18:00:00,25.0,1006.4,62.33363766021803
2024-04-20 21:00:00,23.0,1005.8,68.1002284486751
2024-04-21 00:00:00,21.2,1005.9,76.9642757068897
2024-04-21 03:00:00,25.4,1007.5,57.125066941783295
2024-04-21 06:00:00,33.0,1006.9,39.47490249086487
2024-04-21 09:00:00,35.6,1004.6,33.08993982216657
2024-04-21 12:00:00,34.4,1003.6,34.478117246908965
2024-04-21 15:00:00,28.0,1005.5,53.22632223446673
2024-04-21 18:00:00,24.6,1007.0,57.66431548980472
2024-04-21 21:00:00,23.0,1006.5,65.13417424120837
2024-04-22 00:00:00,24.0,1006.8,62.905264442630205
2024-04-22 03:00:00,28.6,1008.2,51.40032863646419
2024-04-22 06:00:00,34.0,1007.8,36.85574088649532
2024-04-22 12:00:00,35.2,1004.2,35.36023154295352
2024-04-22 15:00:00,28.4,1006.4,49.74976238640901
2024-04-22 18:00:00,24.6,1007.6,61.85075620714107
2024-04-22 21:00:00,23.4,1006.0,60.79481363332311
2024-04-23 00:00:00,20.6,1005.7,72.11426804530038
2024-04-23 03:00:00,25.8,1009.3,56.14103766785647
2024-04-23 06:00:00,26.0,1010.5,51.0534495107056
2024-04-23 09:00:00,28.4,1008.1,51.0254769121298
2024-04-23 12:00:00,30.6,1005.3,36.6234764027544
2024-04-23 15:00:00,25.2,1006.6,61.20709568792682
2024-04-23 18:00:00,22.2,1007.7,67.50796167415882
2024-04-23 21:00:00,19.8,1006.6,77.73604009831854
2024-04-24 00:00:00,18.0,1006.4,84.23976712899662
2024-04-24 03:00:00,25.4,1007.7,58.596770845043764
2024-04-24 06:00:00,32.6,1007.7,38.13566001710435
2024-04-24 09:00:00,36.0,1005.7,32.7814069388172
2024-04-24 12:00:00,34.9,1004.1,31.865351684847425
2024-04-24 15:00:00,27.6,1006.4,43.001947059179145
2024-04-24 18:00:00,25.0,1007.6,53.83064226424435
2024-04-24 21:00:00,22.4,1006.5,58.25434943203264
2024-04-25 00:00:00,20.6,1006.8,64.61860815257197
2024-04-25 03:00:00,28.4,1007.9,39.21479590600326
2024-04-25 06:00:00,35.6,1007.7,23.951559636440738
2024-04-25 09:00:00,37.8,1005.1,19.874531601797795
2024-04-25 12:00:00,36.6,1003.4,23.58261711211373
2024-04-25 15:00:00,29.2,1005.3,43.71989435390604
2024-04-25 18:00:00,25.4,1006.4,52.90301503946089
2024-04-25 21:00:00,23.0,1005.4,60.70242277903299
2024-04-26 00:00:00,21.4,1005.1,63.54690629634292
2024-04-26 03:00:00,29.4,1006.3,39.49270164196813
2024-04-26 06:00:00,37.8,1005.7,20.680709249230915
2024-04-26 09:00:00,40.0,1003.2,16.513755126362717
2024-04-26 12:00:00,39.4,1000.4,23.376576946970154
2024-04-26 18:00:00,28.4,1004.8,42.66751391898363
2024-04-26 21:00:00,26.7,1004.3,48.67297727445933
2024-04-27 00:00:00,24.5,1004.7,54.05146026994336
2024-04-27 03:00:00,28.8,1007.0,41.95814954833537
2024-04-27 06:00:00,34.6,1006.9,30.18931657100098
2024-04-27 09:00:00,36.4,1005.3,26.4637729952649
2024-04-27 12:00:00,34.4,1004.7,31.729278891519876
2024-04-27 15:00:00,28.0,1007.5,44.52628235186481
2024-04-27 18:00:00,24.4,1008.9,54.72792511451124
2024-04-27 21:00:00,21.8,1007.7,64.04696990077424
2024-04-28 00:00:00,21.6,1007.5,64.00324121036401
2024-04-28 03:00:00,28.4,1008.5,45.2118862197426
2024-04-28 06:00:00,34.2,1008.9,35.086612583646954
2024-04-28 09:00:00,36.5,1006.5,24.025096191547114
2024-04-28 12:00:00,35.6,1005.0,28.933895820091198
2024-04-28 15:00:00,29.0,1006.8,42.832266552225946
2024-04-28 18:00:00,25.6,1007.5,51.943130192426814
2024-04-28 21:00:00,28.0,1006.9,42.28248962275748
2024-04-29 00:00:00,27.8,1006.6,40.87569237222421
2024-04-29 03:00:00,28.0,1008.3,41.19837712141769
2024-04-29 06:00:00,24.8,1010.8,59.20403395936841
2024-04-29 09:00:00,28.2,1008.2,49.697414479353036
2024-04-29 12:00:00,30.0,1006.5,43.381508191392854
2024-04-29 15:00:00,24.0,1008.7,57.150508542239244
2024-04-29 18:00:00,20.6,1010.5,69.38578733821737
2024-04-29 21:00:00,18.0,1009.0,85.87560769615662
2024-04-30 00:00:00,17.6,1008.9,85.83526358356409
2024-04-30 03:00:00,23.4,1009.0,63.985292032244004
2024-04-30 06:00:00,32.0,1007.0,28.526935622931493
2024-04-30 09:00:00,34.6,1003.6,21.724451378911148
2024-04-30 12:00:00,34.0,1001.8,18.448201642178393
2024-04-30 15:00:00,26.4,1003.7,37.64261996512116
2024-04-30 18:00:00,24.4,1004.3,38.607266934347514
2024-04-30 21:00:00,20.2,1003.8,55.840490093853
2024-05-02 00:00:00,17.4,1004.9,66.51621615947698
2024-05-02 03:00:00,25.4,1005.7,42.67355382749974
2024-05-02 06:00:00,32.4,1006.0,25.410424006978268
2024-05-02 09:00:00,35.0,1004.0,23.955308830753978
2024-05-02 12:00:00,34.0,1002.7,22.462624936233485
2024-05-02 15:00:00,27.8,1005.1,40.87569237222421
2024-05-02 18:00:00,25.4,1005.9,41.286485844105634
2024-05-02 21:00:00,21.8,1005.6,53.01044026193279
2024-05-03 00:00:00,20.0,1005.2,60.795284486151715
2024-05-03 03:00:00,28.2,1005.7,39.15907151308303
2024-05-03 06:00:00,34.8,1006.1,24.38319255987576
2024-05-03 09:00:00,38.0,1003.7,21.56501877218411
2024-05-03 12:00:00,34.2,1004.1,24.551501513974657
2024-05-03 15:00:00,29.8,1006.1,38.843308734563934
2024-05-03 18:00:00,28.0,1006.8,42.28248962275748
2024-05-03 21:00:00,27.2,1005.4,43.73644973810253
2024-05-04 00:00:00,23.4,1007.4,58.1187801388663
2024-05-04 03:00:00,29.4,1007.2,46.35792582818312
2024-05-04 06:00:00,39.0,1006.1,24.984600421891002
2024-05-04 09:00:00,41.0,1003.7,19.472674103167517
2024-05-04 12:00:00,39.0,1002.0,22.827893832265584
2024-05-04 15:00:00,31.0,1003.3,37.21158145744114
2024-05-04 18:00:00,27.8,1002.7,44.47172614692537
2024-05-04 21:00:00,24.8,1002.0,51.06978658634824
2024-05-05 00:00:00,23.0,1002.1,54.72982571968843
2024-05-05 03:00:00,30.2,1003.0,45.98734517749429
2024-05-05 06:00:00,37.6,1002.2,26.436963965284022
2024-05-05 09:00:00,40.0,1000.0,24.763539110753115
2024-05-05 12:00:00,38.2,999.1,26.42416746934053
2024-05-05 15:00:00,33.0,1001.1,37.524246972641585
2024-05-05 18:00:00,30.0,1002.5,45.6437789332581
2024-05-05 21:00:00,26.4,1002.1,56.64557967688834
2024-05-06 00:00:00,25.4,1002.7,61.2525557727852
2024-05-06 03:00:00,32.4,1004.1,45.14572740311554
2024-05-06 06:00:00,38.4,1004.4,29.682037802227136
2024-05-06 09:00:00,40.6,1002.3,26.046110463856557
2024-05-06 12:00:00,39.8,1001.0,26.004205192911417
2024-05-06 15:00:00,32.6,1003.3,46.337718597018466
2024-05-06 18:00:00,28.4,1004.7,46.38489762866087
2024-05-06 21:00:00,27.0,1003.6,49.69935142548929
2024-05-07 00:00:00,24.8,1004.6,59.20403395936841
2024-05-07 03:00:00,30.6,1006.9,38.81441450611498
2024-05-07 06:00:00,37.6,1006.5,30.416667598915254
2024-05-07 09:00:00,39.4,1004.6,26.907251829409763
2024-05-07 12:00:00,40.0,1002.8,29.182620065594893
2024-05-07 15:00:00,31.8,1004.7,41.18686392545643
2024-05-07 18:00:00,28.0,1005.7,45.68695398579168
2024-05-07 21:00:00,25.5,1005.2,58.249606873913564
2024-05-08 00:00:00,26.4,1006.8,84.11596226208941
2024-05-08 03:00:00,29.2,1008.2,72.29347307388345
2024-05-08 06:00:00,33.8,1007.1,57.01603340699637
2024-05-08 12:00:00,37.4,1002.3,44.01164944015777
2024-05-08 21:00:00,28.2,1006.4,69.11274246935643
2024-05-09 00:00:00,26.6,1006.7,66.29880634587681
2024-05-09 03:00:00,29.0,1008.3,57.98691806209805
2024-05-09 06:00:00,32.6,1007.0,55.0366623119638
2024-05-09 09:00:00,35.8,1004.6,48.33450439193775
2024-05-09 12:00:00,35.6,1003.0,49.166526532934895
2024-05-09 15:00:00,31.8,1004.0,58.99875377243572
2024-05-09 18:00:00,29.4,1005.0,68.50651160978764
2024-05-09 21:00:00,27.8,1005.5,71.61107092213882
2024-05-10 00:00:00,27.2,1007.2,74.17038364277866
2024-05-10 03:00:00,29.8,1008.9,66.13938425088851
2024-05-10 06:00:00,34.2,1008.0,55.091425528710424
2024-05-10 09:00:00,37.0,1005.6,51.32764145585129
2024-05-10 12:00:00,36.6,1002.9,51.842111339562344
2024-05-10 15:00:00,27.0,1005.8,72.34810781589086
2024-05-10 18:00:00,26.0,1006.8,71.7285371211518
2024-05-10 21:00:00,26.4,1011.2,66.25782759838835
2024-05-11 00:00:00,24.8,1009.0,74.2273526631688
2024-05-11 03:00:00,28.8,1010.9,62.782198156408256
2024-05-11 06:00:00,34.4,1009.9,45.11935390234125
2024-05-11 09:00:00,37.6,1007.5,41.47296725483938
2024-05-11 12:00:00,35.4,1006.2,45.941504385664295
2024-05-11 15:00:00,29.6,1007.7,60.68601439855552
2024-05-11 18:00:00,26.4,1008.0,69.19353375788072
2024-05-11 21:00:00,25.6,1007.7,74.36025581723416
2024-05-12 00:00:00,24.2,1008.9,79.84839136491931
2024-05-12 03:00:00,29.6,1010.5,59.5780698373617
2024-05-12 06:00:00,35.6,1010.0,45.99410771518181
2024-05-12 09:00:00,38.0,1007.7,42.59958093648928
2024-05-12 12:00:00,36.8,1005.7,43.32271430429066
2024-05-12 15:00:00,32.4,1007.5,52.68765751422521
2024-05-12 18:00:00,24.2,1009.1,96.45739545380262
2024-05-12 21:00:00,23.4,1008.0,100.0
2024-05-13 00:00:00,22.0,1009.3,94.64202501465911
2024-05-13 03:00:00,28.6,1010.6,62.738525974561355
2024-05-13 06:00:00,35.2,1010.1,47.59759469820323
2024-05-13 09:00:00,38.6,1008.4,38.105859618656055
2024-05-13 12:00:00,38.0,1006.3,44.43675337267405
2024-05-13 15:00:00,31.8,1007.5,48.78382679727445
2024-05-13 18:00:00,27.2,1008.2,60.1390247692376
2024-05-13 21:00:00,24.6,1008.6,67.98894000118018
2024-05-14 00:00:00,22.4,1009.0,74.28995470707756
2024-05-14 03:00:00,31.0,1010.8,50.112031687266324
2024-05-14 06:00:00,37.4,1010.2,42.18265749734871
2024-05-14 09:00:00,40.0,1007.6,39.42202473783078
2024-05-14 12:00:00,38.8,1005.3,35.674038342604646
2024-05-14 15:00:00,31.0,1006.4,50.112031687266324
2024-05-14 18:00:00,27.0,1007.6,57.1500388456088
2024-05-14 21:00:00,25.0,1007.6,62.33363766021803
2024-05-15 00:00:00,23.0,1008.7,74.39041066627999
2024-05-15 03:00:00,29.8,1010.2,53.6783681185955
2024-05-15 06:00:00,38.0,1009.4,38.4121359613966
2024-05-15 09:00:00,41.0,1006.9,35.39725340903036
2024-05-15 12:00:00,40.2,1005.2,36.270743925811175
2024-05-15 15:00:00,32.0,1007.3,45.60543175171839
2024-05-15 18:00:00,29.0,1008.6,54.151080144894756
2024-05-15 21:00:00,27.0,1008.3,65.56431854728334
2024-05-16 00:00:00,26.4,1009.7,65.03350399798012
2024-05-16 03:00:00,30.4,1011.0,54.16202439894491
2024-05-16 06:00:00,37.6,1009.5,43.27257067611209
2024-05-16 09:00:00,40.8,1005.9,36.874968388669274
2024-05-16 12:00:00,40.4,1003.4,38.12643108237086
2024-05-16 15:00:00,32.8,1004.2,62.13958951433999
2024-05-16 18:00:00,30.4,1005.0,59.034988113686474
2024-05-16 21:00:00,29.0,1004.5,59.073562416700796
2024-05-17 00:00:00,27.2,1005.6,65.60582769317126
2024-05-17 03:00:00,31.6,1006.6,56.49370308745102
2024-05-17 06:00:00,40.4,1005.2,38.12643108237086
2024-05-17 09:00:00,44.4,1002.0,32.809339058335524
2024-05-17 12:00:00,40.8,1000.3,33.66210610669559
2024-05-17 15:00:00,34.6,1001.6,50.11251052096988
2024-05-17 18:00:00,33.0,1002.6,45.588005651994514
2024-05-17 21:00:00,29.4,1002.4,59.53202238671283
2024-05-18 00:00:00,27.4,1003.0,64.44152051921621
2024-05-18 03:00:00,34.2,1003.6,48.80620230029397
2024-05-18 06:00:00,42.2,1001.8,38.83700761697526
2024-05-18 09:00:00,45.0,999.1,31.806497715361733
2024-05-18 12:00:00,42.6,996.2,28.25940049441099
2024-05-18 15:00:00,36.6,998.8,37.798596899556465
2024-05-18 18:00:00,33.0,1000.2,45.588005651994514
2024-05-18 21:00:00,29.4,999.8,59.53202238671283
2024-05-19 00:00:00,27.4,1000.5,62.864093985522686
2024-05-19 03:00:00,35.5,1001.7,42.71237762167864
2024-05-19 06:00:00,42.4,1000.8,30.931620453748764
2024-05-19 09:00:00,44.8,998.1,28.310688460950107
2024-05-19 12:00:00,42.8,995.8,31.22689684810978
2024-05-19 15:00:00,36.4,998.0,45.92506574150559
2024-05-19 18:00:00,31.6,999.1,53.13694270651922
2024-05-19 21:00:00,29.2,999.0,56.613567993649895
2024-05-20 00:00:00,28.2,1001.2,59.62356658779815
2024-05-20 03:00:00,32.8,1002.7,50.885501441878056
2024-05-20 06:00:00,38.4,1002.8,42.964029495257186
2024-05-20 09:00:00,43.0,999.7,35.716809718978716
2024-05-20 12:00:00,42.4,997.7,30.931620453748764
2024-05-20 15:00:00,35.4,999.4,44.01674985155224
2024-05-20 18:00:00,31.0,1001.1,54.645691707211896
2024-05-20 21:00:00,29.2,1001.4,60.59552793348259
2024-05-21 00:00:00,27.4,1002.8,67.28568959900366
2024-05-21 03:00:00,31.4,1004.1,59.989475281496674
2024-05-21 06:00:00,36.0,1003.5,53.578100478732416
2024-05-21 09:00:00,39.4,1001.0,44.80410292633296
2024-05-21 12:00:00,40.8,999.0,39.398731382365504
2024-05-21 15:00:00,35.2,1000.6,55.00284442441817
2024-05-21 18:00:00,32.2,1001.7,65.05199403084112
2024-05-21 21:00:00,30.0,1002.0,71.5698382304094
2024-05-22 00:00:00,29.6,1003.6,72.36298568854065
2024-05-22 03:00:00,32.8,1004.8,64.40448947276589
2024-05-22 06:00:00,37.4,1003.8,44.01164944015777
2024-05-22 09:00:00,39.6,1001.1,47.59318465246566
2024-05-22 12:00:00,39.6,998.7,51.36857920157979
2024-05-22 15:00:00,35.4,999.9,62.6999662963903
2024-05-22 18:00:00,32.4,1001.6,76.33977457356784
2024-05-22 21:00:00,31.0,1001.8,76.1271052167908
2024-05-23 00:00:00,29.6,1002.7,72.36298568854065
2024-05-23 03:00:00,32.4,1004.2,65.48228630790443
2024-05-23 06:00:00,36.4,1003.6,56.948184707590556
2024-05-23 09:00:00,38.6,1001.1,51.422109662955364
2024-05-23 12:00:00,38.6,998.8,51.422109662955364
2024-05-23 15:00:00,34.8,1000.2,62.20391825591429
2024-05-23 18:00:00,32.5,1000.9,69.91710072643073
2024-05-23 21:00:00,30.4,1000.8,78.31948639832048
2024-05-24 00:00:00,29.6,1002.5,80.5611085480825
2024-05-24 03:00:00,33.0,1004.1,66.78088716309055
2024-05-24 06:00:00,37.4,1003.5,55.52905138673923
2024-05-24 09:00:00,40.2,1000.7,50.037044529949895
2024-05-24 12:00:00,40.4,997.9,48.361274386604784
2024-05-24 15:00:00,35.8,1000.6,59.555580295945774
2024-05-24 18:00:00,33.8,1001.6,64.9948432310438
2024-05-24 21:00:00,30.2,999.9,61.19367991310041
2024-05-25 00:00:00,29.2,999.6,64.42644761526883
2024-05-25 03:00:00,33.0,1002.3,56.48476343652975
2024-05-25 06:00:00,39.4,1000.9,44.01012573557359
2024-05-25 09:00:00,42.4,998.1,38.43049457091979
2024-05-25 12:00:00,41.4,995.8,39.79511677541588
2024-05-25 15:00:00,35.8,997.4,50.11512177516556
2024-05-25 18:00:00,31.4,998.6,61.08987992237482
2024-05-25 21:00:00,28.6,998.5,67.93691867434151
2024-05-26 00:00:00,26.2,999.8,74.9169893866901
2024-05-26 03:00:00,35.6,1000.1,49.166526532934895
2024-05-26 06:00:00,41.6,998.6,43.293046026486046
2024-05-26 09:00:00,45.0,995.9,38.214007893804904
2024-05-26 12:00:00,44.0,993.5,33.69896511645762
2024-05-26 15:00:00,37.6,994.7,42.23603319887071
2024-05-26 18:00:00,34.0,995.9,47.575273109543275
2024-05-26 21:00:00,29.7,995.4,61.4569285519101
2024-05-27 00:00:00,28.0,996.4,64.9673083542988
2024-05-27 03:00:00,34.4,997.2,64.35595460211525
2024-05-27 06:00:00,40.8,996.0,47.620169620262274
2024-05-27 09:00:00,44.6,993.2,35.08703277654598
2024-05-27 12:00:00,43.4,991.4,33.94537787783717
2024-05-27 15:00:00,35.0,993.0,46.68397984064333
2024-05-27 18:00:00,31.0,993.5,49.18465336588453
2024-05-27 21:00:00,27.8,992.8,58.06387612446219
2024-05-28 00:00:00,26.6,993.7,62.29807222676058
2024-05-28 03:00:00,34.0,994.8,48.75448871884437
2024-05-28 06:00:00,41.6,993.9,40.08608577170979
2024-05-28 09:00:00,45.4,991.4,33.66731975280168
2024-05-28 12:00:00,44.6,989.8,33.65645374924141
2024-05-28 15:00:00,35.4,991.6,45.941504385664295
2024-05-28 18:00:00,30.6,992.8,59.08123488638958
2024-05-28 21:00:00,28.0,992.4,57.03259150658151
2024-05-29 00:00:00,26.6,994.1,62.29807222676058
2024-05-29 03:00:00,33.8,995.5,51.765014611076786
2024-05-29 06:00:00,41.0,994.7,42.627852340159414
2024-05-29 09:00:00,44.8,993.1,36.62337470211621
2024-05-29 12:00:00,45.0,991.5,32.57648842761202
2024-05-29 15:00:00,38.6,993.7,43.27649354524844
2024-05-29 18:00:00,33.6,994.7,52.66619140083634
2024-05-29 21:00:00,32.4,995.5,63.9379440059793
2024-05-30 00:00:00,31.6,996.0,63.38657962285459
2024-05-30 03:00:00,35.6,998.5,58.46599770220743
2024-05-30 06:00:00,41.8,998.2,44.116290892331975
2024-05-30 09:00:00,45.0,996.1,36.033882681623155
2024-05-30 12:00:00,45.2,994.8,35.4542324510547
2024-05-30 15:00:00,34.6,997.7,50.11251052096988
2024-05-30 18:00:00,32.2,998.6,50.11093393474899
2024-05-30 21:00:00,30.4,998.5,59.034988113686474
2024-05-31 00:00:00,28.0,999.4,63.385341541150645
2024-05-31 03:00:00,35.0,1000.9,49.610234682009505
2024-05-31 06:00:00,41.2,1000.1,46.347343483412914
2024-05-31 09:00:00,45.4,997.7,39.222911521642125
2024-05-31 12:00:00,44.6,996.3,38.55821200429713
2024-05-31 15:00:00,35.4,998.2,50.0134364106607
2024-05-31 18:00:00,35.0,998.9,47.54554171711145
2024-05-31 21:00:00,30.0,998.0,60.03674120681294
2024-06-01 00:00:00,30.8,999.1,58.05357342222434
2024-06-01 03:00:00,35.0,1000.7,53.65377696725721
2024-06-01 06:00:00,40.6,1001.3,48.41201861583922
2024-06-01 09:00:00,43.8,998.8,44.893319897977705
2024-06-01 12:00:00,39.4,998.7,48.39128379171461
2024-06-01 15:00:00,32.2,1001.2,61.63719881412483
2024-06-01 18:00:00,30.4,1002.7,66.66180868247822
2024-06-01 21:00:00,29.2,1001.6,70.99802751141195
2024-06-02 00:00:00,26.6,1002.3,82.62997382431229
2024-06-02 03:00:00,32.4,1004.4,60.57918429384643
2024-06-02 06:00:00,39.0,1003.6,51.82423683394255
2024-06-02 09:00:00,41.2,1001.3,52.363531379029894
2024-06-02 12:00:00,41.8,999.1,49.28293471242904
2024-06-02 15:00:00,36.0,1000.4,56.5192316286057
2024-06-02 18:00:00,33.2,1000.7,62.22651784699078
2024-06-02 21:00:00,30.8,1000.4,66.74179537984483
2024-06-03 00:00:00,30.4,1001.6,69.11197515651446
2024-06-03 03:00:00,34.4,1003.2,59.59215392807818
2024-06-03 06:00:00,39.4,1002.2,53.14902029768916
2024-06-03 09:00:00,44.0,999.3,45.99282749818753
2024-06-03 12:00:00,42.8,996.7,49.24894098295751
2024-06-03 15:00:00,35.4,999.4,55.05099865764974
2024-06-03 18:00:00,30.4,1001.0,66.66180868247822
2024-06-04 00:00:00,28.0,1000.9,67.40516935791447
2024-06-04 03:00:00,30.8,1003.2,61.70099247044744
2024-06-04 06:00:00,38.6,1002.9,46.77644580674773
2024-06-04 09:00:00,43.0,999.2,43.65826566633181
2024-06-04 12:00:00,42.4,998.1,46.38482817050915
2024-06-04 15:00:00,36.4,999.0,55.94863203705148
2024-06-04 18:00:00,32.8,1000.3,61.03350741643827
2024-06-04 21:00:00,31.0,999.8,65.58856385714532
2024-06-05 00:00:00,30.4,1001.2,65.07093044891502
2024-06-05 03:00:00,34.0,1003.0,66.19513066409054
2024-06-05 06:00:00,38.4,1002.8,59.101391673375204
2024-06-05 09:00:00,42.2,999.5,51.413581091604996
2024-06-05 12:00:00,41.0,997.3,38.74925593246786
2024-06-05 15:00:00,33.0,1001.2,57.5169590004615
2024-06-05 18:00:00,24.2,1006.1,83.36164573364587
2024-06-05 21:00:00,24.6,1002.9,83.4072263549273
2024-06-06 00:00:00,24.8,1005.0,83.42994899232998
2024-06-06 03:00:00,27.4,1007.6,72.86085146609882
2024-06-06 06:00:00,34.8,1006.8,53.604715254024796
2024-06-06 09:00:00,39.2,1004.8,49.20329950849688
2024-06-06 12:00:00,38.6,1002.3,46.77644580674773
2024-06-06 15:00:00,33.5,1002.9,57.28875638783701
2024-06-06 18:00:00,31.0,1004.2,59.53505705723449
2024-06-06 21:00:00,28.8,1003.0,69.22673360721909
2024-06-07 00:00:00,26.4,1003.3,77.7445561070048
2024-06-07 03:00:00,33.6,1003.5,54.61531066815499
2024-06-07 06:00:00,38.6,1003.3,46.77644580674773
2024-06-07 09:00:00,40.4,1001.4,46.41371262962103
2024-06-07 12:00:00,39.6,999.3,48.44219042012266
2024-06-07 15:00:00,34.2,1000.2,56.430169062022074
2024-06-07 18:00:00,32.0,1001.2,60.12540926930006
2024-06-07 21:00:00,29.4,1000.0,73.6429959001216
2024-06-08 00:00:00,28.6,1000.7,69.18880061124511
2024-06-08 03:00:00,31.6,1003.3,58.95264595485285
2024-06-08 06:00:00,36.4,1003.1,50.87246310030946
2024-06-08 09:00:00,39.0,1000.5,48.004473503751846
2024-06-08 12:00:00,38.8,998.9,47.9532743046255
2024-06-08 15:00:00,33.8,1000.0,57.01603340699637
2024-06-08 18:00:00,30.4,1001.0,62.74695361986276
2024-06-08 21:00:00,28.4,1001.0,66.25795810970587
2024-06-09 00:00:00,26.8,1001.9,69.26993747765529
2024-06-09 03:00:00,33.4,1002.5,54.566580431863855
2024-06-09 06:00:00,39.4,1001.6,46.705622136359246
2024-06-09 09:00:00,42.3,999.0,43.47596312226265
2024-06-09 12:00:00,41.4,997.6,44.79539566517195
2024-06-09 15:00:00,35.0,998.9,51.75303582520855
2024-06-09 18:00:00,33.0,1000.3,54.139154488709806
2024-06-09 21:00:00,29.0,1000.9,64.38421540041374
2024-06-10 00:00:00,26.4,1001.6,73.58514111197726
2024-06-10 03:00:00,34.2,1002.0,54.105694175209415
2024-06-10 06:00:00,41.0,1001.3,45.220749940380564
2024-06-10 09:00:00,43.2,999.4,44.47957867982762
2024-06-10 12:00:00,42.4,998.2,46.38482817050915
2024-06-10 15:00:00,35.4,999.4,50.9259925271208
2024-06-10 18:00:00,31.6,1000.4,56.49370308745102
2024-06-10 21:00:00,29.0,1000.3,64.38421540041374
2024-06-11 00:00:00,27.0,1001.0,71.03120402884956
2024-06-11 03:00:00,34.2,1001.6,56.430169062022074
2024-06-11 06:00:00,42.4,1000.5,45.58253460794093
2024-06-11 09:00:00,43.4,998.5,45.57509527591731
2024-06-11 12:00:00,42.8,996.8,45.95131274317839
2024-06-11 15:00:00,35.8,998.0,54.49487551182243
2024-06-11 18:00:00,32.8,999.1,57.470006935954075
2024-06-11 21:00:00,29.8,999.5,66.13938425088851
2024-06-12 00:00:00,27.6,1000.2,71.57535111923292
2024-06-12 03:00:00,34.8,1001.2,54.57837119757018
2024-06-12 06:00:00,43.6,1000.2,44.84181132127373
2024-06-12 09:00:00,44.8,998.1,46.46164220121516
2024-06-12 12:00:00,44.0,996.0,46.79279941346939
2024-06-12 15:00:00,37.4,997.5,35.95888767942709
2024-06-12 18:00:00,35.0,998.4,36.89697020749243
2024-06-12 21:00:00,31.4,998.8,44.03829851530411
2024-06-13 00:00:00,28.6,999.9,56.11768390700195
2024-06-13 03:00:00,36.2,1000.1,33.0438079828379
2024-06-13 06:00:00,43.4,999.1,16.93860517726497
2024-06-13 09:00:00,45.2,996.3,16.680688489087796
2024-06-13 12:00:00,44.0,994.5,18.81091694094082
2024-06-13 15:00:00,38.4,996.0,30.439031906524516
2024-06-13 18:00:00,34.4,997.9,33.61085308184106
2024-06-13 21:00:00,32.2,997.2,36.59446831758668
2024-06-14 00:00:00,30.8,998.2,42.237153447307406
2024-06-14 03:00:00,37.6,998.5,34.481722841253834
2024-06-14 06:00:00,41.8,998.4,23.38088132319315
2024-06-14 09:00:00,45.0,996.1,21.61227007567338
2024-06-14 12:00:00,43.0,994.8,22.658032452622983
2024-06-14 15:00:00,38.4,995.9,32.00404197179756
2024-06-14 18:00:00,36.0,998.0,39.06432377676067
2024-06-14 21:00:00,34.5,997.8,43.77647973477926
2024-06-15 00:00:00,32.2,998.5,54.60518702638903
2024-06-15 03:00:00,36.4,999.3,47.908694402066544
2024-06-15 06:00:00,42.4,998.3,28.033378593897595
2024-06-15 09:00:00,44.6,996.3,23.63545788282168
2024-06-15 12:00:00,43.8,995.0,23.436602717327148
2024-06-15 15:00:00,38.4,996.0,36.22948235999917
2024-06-15 18:00:00,36.4,997.5,35.02390148189525
2024-06-15 21:00:00,32.8,997.9,52.78760917390096
2024-06-16 00:00:00,31.0,999.4,60.63128269788534
2024-06-16 03:00:00,37.2,999.7,48.40385237537138
2024-06-16 06:00:00,42.6,998.5,28.964696587398
2024-06-16 09:00:00,44.8,996.5,23.83287092244187
2024-06-16 12:00:00,43.4,995.1,25.000739050989484
2024-06-16 15:00:00,38.8,996.5,36.56097935402574
2024-06-16 18:00:00,36.0,997.8,42.58451355254139
2024-06-16 21:00:00,32.0,998.0,54.55620730373795
2024-06-17 00:00:00,30.8,998.5,61.70099247044744
2024-06-17 03:00:00,37.6,1000.0,47.078016933937796
2024-06-17 06:00:00,43.0,999.3,29.97309946921713
2024-06-17 09:00:00,45.0,997.4,24.786488408194028
2024-06-17 12:00:00,43.6,995.3,25.2077249541271
2024-06-17 15:00:00,39.0,996.2,35.94792220918703
2024-06-17 18:00:00,34.6,997.7,49.20781804636321
2024-06-17 21:00:00,32.0,997.0,57.981228496846505
2024-06-18 00:00:00,30.8,997.8,61.70099247044744
2024-06-18 03:00:00,37.6,997.9,47.93054682487327
2024-06-18 06:00:00,41.0,997.4,36.26529553998195
2024-06-18 09:00:00,43.2,995.4,29.48031160714789
2024-06-18 12:00:00,42.4,992.4,30.931620453748764
2024-06-18 15:00:00,38.4,993.0,40.44271542077497
2024-06-18 18:00:00,34.8,994.2,55.567469839769586
2024-06-18 21:00:00,33.0,993.9,61.07786865205016
2024-06-19 00:00:00,31.8,994.2,69.78813164326573
2024-06-19 03:00:00,37.0,994.6,51.32764145585129
2024-06-19 06:00:00,39.2,994.9,47.490602162122514
2024-06-19 09:00:00,41.8,992.7,38.50016731699172
2024-06-19 12:00:00,41.6,990.3,36.86667433498905
2024-06-19 15:00:00,30.8,995.7,56.99686339899115
2024-06-19 18:00:00,28.2,995.8,65.0091901629649
2024-06-19 21:00:00,27.6,995.2,68.57664693138325
2024-06-20 00:00:00,24.4,999.7,94.73534893450257
2024-06-20 03:00:00,24.6,998.8,93.04529191975669
2024-06-20 06:00:00,28.8,999.5,77.62630156297041
2024-06-20 09:00:00,32.4,998.5,63.9379440059793
2024-06-20 12:00:00,36.4,995.2,47.908694402066544
2024-06-20 15:00:00,32.0,996.2,63.85356133058713
2024-06-20 18:00:00,30.4,998.5,78.31948639832048
2024-06-20 21:00:00,28.0,1000.3,70.35037364356444
2024-06-21 00:00:00,27.0,999.8,79.73938187381316
2024-06-21 03:00:00,28.0,1001.2,77.04380991773094
2024-06-21 06:00:00,34.2,1001.0,55.091425528710424
2024-06-21 09:00:00,36.8,999.5,46.308552225333045
2024-06-21 12:00:00,36.6,997.4,45.14992148381815
2024-06-21 15:00:00,32.6,998.1,55.0366623119638
2024-06-21 18:00:00,30.0,999.7,67.39116386417841
2024-06-21 21:00:00,28.8,999.2,74.88236905493878
2024-06-22 00:00:00,27.6,999.2,78.39069896683198
2024-06-22 03:00:00,31.2,1000.3,64.45604167734498
2024-06-22 06:00:00,36.8,1000.0,43.32271430429066
2024-06-22 09:00:00,37.8,998.4,38.12347027279238
2024-06-22 12:00:00,38.4,996.5,37.819849129229176
2024-06-22 15:00:00,34.4,998.5,50.981169991683494
2024-06-22 18:00:00,31.4,1000.6,64.49787905022467
2024-06-22 21:00:00,30.8,1001.0,74.31499881924898
2024-06-23 00:00:00,29.0,1001.7,79.0585121873896
2024-06-23 03:00:00,31.6,1002.4,66.1056160585513
2024-06-23 06:00:00,35.6,1001.2,57.43753526548385
2024-06-23 09:00:00,38.6,998.4,44.063145581272
2024-06-23 12:00:00,40.0,995.4,41.115663603153415
2024-06-23 15:00:00,34.4,997.8,57.499557963952576
2024-06-23 18:00:00,32.4,999.4,59.49445671738769
2024-06-23 21:00:00,31.0,998.0,66.78169156880611
2024-06-24 00:00:00,29.8,999.1,75.49139258129554
2024-06-24 03:00:00,32.6,1000.3,71.60318423066752
2024-06-24 06:00:00,37.0,999.4,57.42407748600632
2024-06-24 09:00:00,38.8,996.7,49.685274501804
2024-06-24 12:00:00,32.6,996.3,58.47312526786792
2024-06-24 15:00:00,30.6,997.7,67.91613145039247
2024-06-24 18:00:00,29.4,998.1,81.97957178446406
2024-06-24 21:00:00,28.8,998.8,87.93540259721783
2024-06-25 00:00:00,28.6,999.8,87.91868204829599
2024-06-25 03:00:00,31.8,999.7,78.9760771648778
2024-06-25 06:00:00,36.0,998.6,56.5192316286057
2024-06-25 09:00:00,38.6,996.2,48.76167270493003
2024-06-25 12:00:00,38.4,994.1,49.5842413396706
2024-06-25 15:00:00,36.0,995.7,55.52354788757412
2024-06-25 18:00:00,34.2,997.3,68.60580036819208
2024-06-25 21:00:00,33.0,997.0,70.42167655411042
2024-06-26 00:00:00,30.8,998.1,86.57804199503519
2024-06-26 03:00:00,32.4,998.6,76.33977457356784
2024-06-26 06:00:00,25.4,1000.6,100.0
2024-06-26 09:00:00,32.8,997.8,83.33780998062326
2024-06-26 12:00:00,33.6,995.8,82.0029416263607
2024-06-26 15:00:00,32.4,998.4,83.29341218403941
2024-06-26 18:00:00,31.0,1000.9,89.66115996376658
2024-06-26 21:00:00,29.6,1000.9,95.48152083120165
2024-06-27 00:00:00,28.6,1001.0,97.13390683461627
2024-06-27 03:00:00,30.0,1002.4,92.23260387388135
2024-06-27 06:00:00,27.6,1004.3,100.0
2024-06-27 09:00:00,29.6,1001.4,100.0
2024-06-27 12:00:00,33.4,998.3,76.93488778157425
2024-06-27 15:00:00,30.8,1000.0,85.5757112364315
2024-06-27 18:00:00,29.8,1003.1,89.57463737404579
2024-06-27 21:00:00,28.8,1002.1,95.45546286072076
2024-06-28 00:00:00,28.0,1000.6,98.26401833820742
2024-06-28 03:00:00,30.8,1001.6,91.21649862659174
2024-06-28 06:00:00,34.0,1000.1,76.13839736895406
2024-06-28 09:00:00,34.6,998.9,66.70410661306867
2024-06-28 12:00:00,34.8,996.3,63.31273208033373
2024-06-28 15:00:00,32.4,997.8,75.45207406041715
2024-06-28 18:00:00,30.6,999.3,81.16467826556904
2024-06-28 21:00:00,29.6,998.6,88.00194722290112
2024-06-29 00:00:00,28.8,997.2,92.16646996907035
2024-06-29 03:00:00,30.4,999.3,88.06795596655172
2024-06-29 06:00:00,33.2,999.4,78.25501278200157
2024-06-29 09:00:00,36.6,997.1,64.43389892678084
2024-06-29 12:00:00,36.4,995.2,63.27982174948985
2024-06-29 15:00:00,33.0,996.5,80.52487639907791
2024-06-29 18:00:00,31.0,998.5,82.65241993308152
2024-06-29 21:00:00,29.4,998.6,97.15048769208273
2024-06-30 00:00:00,28.2,998.0,98.266556555781
2024-06-30 03:00:00,30.4,999.2,88.06795596655172
2024-06-30 06:00:00,33.0,998.8,81.9317089807124
2024-06-30 09:00:00,35.6,996.7,72.95693339267173
2024-06-30 12:00:00,36.0,993.7,68.54618498101536
2024-06-30 15:00:00,34.2,994.9,73.57062313064857
2024-06-30 18:00:00,32.4,996.8,84.26110022546011
2024-06-30 21:00:00,32.0,995.8,88.70718205173671
2024-07-01 00:00:00,29.6,995.6,91.14232765587903
2024-07-01 03:00:00,31.0,996.7,85.59526014060029
2024-07-01 06:00:00,33.6,996.6,78.31091853265852
2024-07-01 09:00:00,34.6,994.4,72.36915474543733
2024-07-01 12:00:00,33.4,992.1,74.29936225533098
2024-07-01 15:00:00,33.0,993.4,79.59874471979789
2024-07-01 18:00:00,32.0,994.5,85.69242885926471
2024-07-01 21:00:00,31.0,992.5,93.89464876034361
2024-07-02 00:00:00,30.4,992.5,95.50735710931146
2024-07-02 03:00:00,33.0,993.7,80.52487639907791
2024-07-02 06:00:00,31.2,994.9,84.13393763597708
2024-07-02 09:00:00,36.0,993.1,72.19099940684268
2024-07-02 12:00:00,35.4,991.5,71.67411835463814
2024-07-02 15:00:00,34.2,993.0,74.85977574399823
2024-07-02 18:00:00,31.4,994.6,92.84044571447878
2024-07-02 21:00:00,28.8,994.9,89.50172004038727
2024-07-03 00:00:00,28.2,995.9,94.32356822934047
2024-07-03 03:00:00,28.8,996.2,97.13806552294287
2024-07-03 06:00:00,30.4,997.6,92.25446518885005
2024-07-03 09:00:00,33.4,996.4,81.97924240065568
2024-07-03 12:00:00,31.4,995.8,92.84044571447878
2024-07-03 15:00:00,29.0,998.1,95.46199827430759
2024-07-03 18:00:00,28.0,999.9,98.26401833820742
2024-07-03 21:00:00,27.9,999.4,97.6895519500475
2024-07-04 00:00:00,27.4,1000.7,100.0
2024-07-04 03:00:00,26.6,1001.7,100.0
2024-07-04 06:00:00,29.6,1002.2,91.14232765587903
2024-07-04 09:00:00,33.0,999.3,79.59874471979789
2024-07-04 12:00:00,33.6,997.1,75.63793705039468
2024-07-04 15:00:00,31.8,998.1,81.78802115273777
2024-07-04 18:00:00,30.4,999.4,89.61803111590942
2024-07-04 21:00:00,29.4,997.2,95.47502722014593
2024-07-05 00:00:00,29.0,997.7,98.27665412427832
2024-07-05 03:00:00,30.8,998.0,86.57804199503519
2024-07-05 06:00:00,33.4,997.5,76.93488778157425
2024-07-05 09:00:00,34.4,995.0,71.08573973066518
2024-07-05 12:00:00,33.0,993.7,72.94417143512577
2024-07-05 15:00:00,29.6,995.4,83.46865512129703
2024-07-05 18:00:00,28.2,997.5,92.13309053912468
2024-07-05 21:00:00,27.6,995.8,98.25892519962696
2024-07-06 00:00:00,26.6,995.1,100.0
2024-07-06 03:00:00,27.0,997.3,100.0
2024-07-06 06:00:00,25.0,996.6,100.0
2024-07-06 09:00:00,27.8,995.2,90.49280598950578
2024-07-06 12:00:00,30.4,994.6,86.54134775739186
2024-07-06 15:00:00,29.6,996.1,95.48152083120165
2024-07-06 18:00:00,27.4,998.4,96.53936698995483
2024-07-06 21:00:00,26.8,997.8,96.52421418955653
2024-07-07 00:00:00,26.4,998.6,96.51405730461323
2024-07-07 03:00:00,26.8,1000.5,100.0
2024-07-07 06:00:00,29.4,999.8,84.9360766224706
2024-07-07 09:00:00,33.0,998.5,76.87590749996318
2024-07-07 12:00:00,34.2,997.0,72.30089569944718
2024-07-07 15:00:00,32.0,999.0,81.81208304952762
2024-07-07 18:00:00,30.2,1000.6,91.17952811176471
2024-07-07 21:00:00,28.8,1001.1,87.93540259721783
2024-07-08 00:00:00,27.4,1001.1,90.46596324112937
2024-07-08 03:00:00,29.0,1003.1,86.41175942849821
2024-07-08 06:00:00,30.4,1004.0,85.53649748682237
2024-07-08 09:00:00,32.6,1002.0,76.81671358719
2024-07-08 12:00:00,31.6,1000.8,80.34554512689967
2024-07-08 15:00:00,29.4,1002.4,83.4463778105949
2024-07-08 18:00:00,28.4,1003.5,88.94616815571688
2024-07-08 21:00:00,27.6,1002.9,95.41595470562915
2024-07-09 00:00:00,27.4,1003.2,98.25637024612985
2024-07-09 03:00:00,28.4,1004.2,95.44234995416194
2024-07-09 06:00:00,32.6,1003.8,69.11441091335229
2024-07-09 09:00:00,35.0,1001.9,59.02423742118093
2024-07-09 12:00:00,35.6,999.7,47.126320222245404
2024-07-09 15:00:00,33.4,1000.4,67.25543915862544
2024-07-09 18:00:00,32.2,1002.1,73.6706835261597
2024-07-09 21:00:00,30.8,1002.5,82.62927198490198
2024-07-10 00:00:00,30.0,1003.4,79.66535824918688
2024-07-10 03:00:00,32.0,1004.3,73.63761837389029
2024-07-10 06:00:00,33.6,1003.3,63.81035576931347
2024-07-10 09:00:00,37.0,1001.2,54.14093100320115
2024-07-10 12:00:00,37.2,999.0,49.57475611529291
2024-07-10 15:00:00,34.4,998.7,65.50141485922862
2024-07-10 18:00:00,33.2,1001.1,75.57620351995676
2024-07-10 21:00:00,32.2,1000.1,77.65969087917847
2024-07-11 00:00:00,30.0,999.8,84.99729439748566
2024-07-11 03:00:00,30.4,1000.2,81.13972960661955
2024-07-11 06:00:00,34.2,999.7,66.2350556156083
2024-07-11 09:00:00,36.0,997.2,59.60057162936797
2024-07-11 12:00:00,37.6,993.7,52.70943150692582
2024-07-11 15:00:00,34.4,993.7,62.11744798829246
2024-07-11 18:00:00,32.4,995.7,74.13743365834232
2024-07-11 21:00:00,31.2,994.1,78.89384535394599
2024-07-12 00:00:00,31.0,994.7,78.40390010984709
2024-07-12 03:00:00,31.0,996.9,69.22506422320274
2024-07-12 06:00:00,29.0,997.9,77.65543578652992
2024-07-12 09:00:00,32.4,997.3,56.00051948884619
2024-07-12 12:00:00,32.8,994.7,57.470006935954075
2024-07-12 15:00:00,29.2,996.5,69.72295309892432
2024-07-12 18:00:00,27.8,998.2,78.41909711972701
2024-07-12 21:00:00,27.2,997.4,82.70035172790627
2024-07-13 00:00:00,27.4,998.3,76.95386898986409
2024-07-13 03:00:00,30.2,998.8,70.32973763313946
2024-07-13 06:00:00,33.0,998.6,54.139154488709806
2024-07-13 09:00:00,35.6,996.9,44.06999634612839
2024-07-13 12:00:00,35.4,994.6,51.85309266039345
2024-07-13 18:00:00,30.6,997.9,75.61652127297627
2024-07-13 21:00:00,29.6,997.4,82.00361602371757
2024-07-14 03:00:00,31.6,998.5,69.75114396222972
2024-07-14 06:00:00,34.6,997.8,52.28033074523809
2024-07-14 09:00:00,35.8,996.6,51.333862410819144
2024-07-14 12:00:00,36.6,994.1,52.77597731364829
2024-07-14 15:00:00,33.7,995.9,65.359261119981
2024-07-14 18:00:00,32.0,998.9,73.63761837389029
2024-07-14 21:00:00,30.4,998.7,82.58284223811447
2024-07-15 00:00:00,30.5,999.6,85.04803360376484
2024-07-15 03:00:00,30.4,1002.2,70.36635155961307
2024-07-15 06:00:00,33.6,1001.9,58.00441896805416
2024-07-15 09:00:00,34.4,1000.2,59.59215392807818
2024-07-15 12:00:00,35.8,997.9,53.210609064464286
2024-07-15 15:00:00,33.8,998.6,63.852375094977866
2024-07-15 18:00:00,32.4,1000.9,74.13743365834232
2024-07-15 21:00:00,31.4,999.9,80.31973345807687
2024-07-16 00:00:00,30.6,1001.4,84.06979751556185
2024-07-16 03:00:00,32.4,1002.9,74.13743365834232
2024-07-16 06:00:00,36.0,1001.8,58.557536758933935
2024-07-16 09:00:00,37.6,1000.4,52.70943150692582
2024-07-16 12:00:00,31.6,999.4,72.27808999036708
2024-07-16 15:00:00,31.0,999.1,69.22506422320274
2024-07-16 18:00:00,30.4,1000.8,75.58532357148971
2024-07-16 21:00:00,30.2,1000.6,84.02682856635852
2024-07-17 00:00:00,30.0,1000.8,88.03501822943302
2024-07-17 03:00:00,25.2,1004.6,98.227891780213
2024-07-17 06:00:00,25.0,1004.5,96.47815756865955
2024-07-17 09:00:00,27.6,1001.7,85.767643247121
2024-07-17 12:00:00,31.2,998.4,82.67552340966292
2024-07-17 15:00:00,29.4,998.7,90.59907165857443
2024-07-17 18:00:00,29.0,1001.1,92.17754994106518
2024-07-17 21:00:00,28.4,1000.3,92.14424033203443
2024-07-18 00:00:00,28.4,1000.3,93.78062725022617
2024-07-18 03:00:00,30.4,1000.5,84.04833399732397
2024-07-18 06:00:00,33.4,1001.0,74.29936225533098
2024-07-18 09:00:00,35.2,997.8,66.04734321889784
2024-07-18 12:00:00,34.8,995.5,65.58229461658019
2024-07-18 15:00:00,33.2,996.5,78.25501278200157
2024-07-18 18:00:00,29.8,998.7,98.28666397637384
2024-07-18 21:00:00,29.8,998.7,93.8424120667361
2024-07-19 00:00:00,28.2,998.9,92.67649921276428
2024-07-19 03:00:00,29.4,998.5,83.4463778105949
2024-07-19 06:00:00,34.0,998.2,65.03583657618948
2024-07-19 09:00:00,35.4,997.0,64.18620889352425
2024-07-19 12:00:00,35.4,994.5,60.52699050467956
2024-07-19 15:00:00,32.8,996.5,79.11211842158119
2024-07-19 18:00:00,31.6,998.2,84.17649005771236
2024-07-19 21:00:00,30.2,998.4,91.17952811176471
2024-07-20 03:00:00,29.6,1000.6,88.00194722290112
2024-07-20 06:00:00,32.4,999.9,76.33977457356784
2024-07-20 09:00:00,34.2,998.5,69.81872821780838
2024-07-20 12:00:00,34.4,995.9,69.0453935523037
2024-07-20 15:00:00,32.8,997.5,80.49940153796635
2024-07-20 18:00:00,31.8,999.5,85.67307156552697
2024-07-20 21:00:00,31.0,998.7,89.66115996376658
2024-07-21 00:00:00,30.4,998.1,92.25446518885005
2024-07-21 03:00:00,32.0,999.6,82.76749476574489
2024-07-21 06:00:00,34.8,999.7,69.11990047734456
2024-07-21 09:00:00,36.6,998.0,62.226614425904756
2024-07-21 12:00:00,31.0,997.0,87.10069428371511
2024-07-21 15:00:00,31.0,997.1,91.22877135492058
2024-07-21 18:00:00,30.4,999.4,88.06795596655172
2024-07-21 21:00:00,29.8,998.9,89.57463737404579
2024-07-22 00:00:00,29.0,999.0,93.80721852350113
2024-07-22 03:00:00,30.8,1000.2,85.5757112364315
2024-07-22 06:00:00,31.4,1000.4,82.69858252316531
2024-07-22 09:00:00,32.4,998.9,72.8428529693439
2024-07-22 12:00:00,31.2,996.6,77.51519693628545
2024-07-22 15:00:00,29.4,997.5,84.9360766224706
2024-07-22 18:00:00,28.8,1000.6,87.93540259721783
2024-07-22 21:00:00,28.2,999.6,84.81254813644145
2024-07-23 00:00:00,28.4,998.4,84.83323810049623
2024-07-23 03:00:00,29.6,999.7,80.5611085480825
2024-07-23 06:00:00,32.4,999.5,72.8428529693439
2024-07-23 09:00:00,33.8,997.0,68.53017385519429
2024-07-23 12:00:00,33.8,994.7,67.33350659401705
2024-07-23 15:00:00,32.4,995.3,76.33977457356784
2024-07-23 18:00:00,31.2,996.4,82.67552340966292
2024-07-24 00:00:00,29.2,994.7,89.53097661456914
2024-07-24 03:00:00,29.8,995.6,88.01849942848882
2024-07-24 06:00:00,32.0,995.4,74.94828132337592
2024-07-24 09:00:00,33.4,993.2,67.25543915862544
2024-07-24 12:00:00,34.0,991.4,69.78208647156907
2024-07-24 15:00:00,32.0,992.7,80.39702320863196
2024-07-24 18:00:00,31.2,994.2,84.13393763597708
2024-07-24 21:00:00,30.0,993.8,88.03501822943302
2024-07-25 00:00:00,29.0,993.6,92.17754994106518
2024-07-25 03:00:00,29.4,995.1,86.44896966030107
2024-07-25 06:00:00,32.4,994.7,75.45207406041715
2024-07-25 09:00:00,34.4,993.0,67.84590048124622
2024-07-25 12:00:00,34.4,991.1,66.66465260488106
2024-07-25 15:00:00,32.6,992.7,79.08501080164618
2024-07-25 18:00:00,32.0,994.8,84.21887731452384
2024-07-25 21:00:00,30.4,994.2,85.53649748682237
2024-07-26 00:00:00,29.2,994.9,87.96874224697314
2024-07-26 03:00:00,30.0,996.0,78.26294962837345
2024-07-26 06:00:00,33.8,995.5,66.15514213531858
2024-07-26 09:00:00,35.0,994.2,69.1570619759759
2024-07-26 12:00:00,35.0,992.6,67.96088926567721
2024-07-26 15:00:00,33.6,994.0,78.31091853265852
2024-07-26 18:00:00,29.0,996.4,86.41175942849821
2024-07-26 21:00:00,28.6,996.4,90.54615869442738
2024-07-27 00:00:00,28.4,996.5,93.78062725022617
2024-07-27 03:00:00,28.4,998.7,96.56440368283046
2024-07-27 06:00:00,30.2,999.0,84.02682856635852
2024-07-27 09:00:00,35.0,994.2,69.1570619759759
2024-07-27 12:00:00,33.4,995.5,74.29936225533098
2024-07-27 15:00:00,32.4,996.7,81.86006980374913
2024-07-27 18:00:00,31.6,998.9,85.65367614358674
2024-07-27 21:00:00,30.6,998.1,88.08437507661748
2024-07-28 00:00:00,30.0,998.0,88.03501822943302
2024-07-28 03:00:00,32.8,998.8,74.20237605491754
2024-07-28 06:00:00,35.6,998.8,61.64862011453256
2024-07-28 09:00:00,37.2,996.6,55.4815305813256
2024-07-28 12:00:00,36.4,994.9,58.99422053734538
2024-07-28 15:00:00,33.8,996.4,76.9936553815722
2024-07-28 18:00:00,32.8,997.7,79.11211842158119
2024-07-28 21:00:00,30.4,997.1,85.53649748682237
2024-07-29 00:00:00,29.4,998.0,84.9360766224706
2024-07-29 03:00:00,30.4,1000.1,82.58284223811447
2024-07-29 06:00:00,34.4,998.5,66.66465260488106
2024-07-29 09:00:00,36.4,996.6,57.96331263280552
2024-07-29 12:00:00,35.6,995.3,67.29007937459438
2024-07-29 15:00:00,33.6,997.5,78.31091853265852
2024-07-29 18:00:00,31.0,999.0,84.11259923098856
2024-07-29 21:00:00,30.8,999.2,88.10076112982445
2024-07-30 00:00:00,30.2,999.6,84.02682856635852
2024-07-30 03:00:00,32.6,1000.6,75.48318952612465
2024-07-30 06:00:00,34.6,1000.0,72.36915474543733
2024-07-30 09:00:00,32.0,999.2,81.81208304952762
2024-07-30 12:00:00,35.0,997.8,76.28889111904704
2024-07-30 15:00:00,31.4,999.1,85.63424249679542
2024-07-30 18:00:00,30.8,999.9,86.57804199503519
2024-07-30 21:00:00,30.4,999.3,91.19187707365737
2024-07-31 00:00:00,30.0,999.0,92.23260387388135
2024-07-31 03:00:00,32.6,999.6,84.76906802759436
2024-07-31 06:00:00,36.8,998.4,66.74834535049528
2024-07-31 09:00:00,37.6,996.8,62.802007644830404
2024-07-31 12:00:00,34.4,994.0,73.60349729909754
2024-07-31 15:00:00,33.2,995.0,81.95549822146545
2024-07-31 18:00:00,29.6,999.6,84.95652278782288
2024-08-01 00:00:00,25.8,999.3,100.0
2024-08-01 03:00:00,26.8,1000.6,96.52421418955653
2024-08-01 06:00:00,28.8,1001.0,89.50172004038727
2024-08-01 09:00:00,31.0,999.5,76.1271052167908
2024-08-01 12:00:00,31.2,997.4,81.23924051845427
2024-08-01 15:00:00,30.2,999.0,86.52294575570109
2024-08-01 18:00:00,29.0,999.8,93.80721852350113
2024-08-01 21:00:00,28.4,998.2,93.78062725022617
2024-08-02 00:00:00,28.0,997.7,95.42918067606378
2024-08-02 03:00:00,29.8,998.9,89.57463737404579
2024-08-02 06:00:00,33.4,998.3,70.9081702429426
2024-08-02 09:00:00,33.8,996.3,70.9793781952042
2024-08-02 12:00:00,31.8,996.3,77.60205183026918
2024-08-02 15:00:00,30.4,997.8,86.54134775739186
2024-08-02 18:00:00,29.8,998.8,88.01849942848882
2024-08-03 00:00:00,29.0,998.3,83.40169277956687
2024-08-03 03:00:00,30.6,999.9,78.34767637456054
2024-08-03 06:00:00,32.8,1000.2,70.38545749833996
2024-08-03 09:00:00,33.2,999.2,69.2266032222682
2024-08-03 12:00:00,32.4,998.3,74.13743365834232
2024-08-03 15:00:00,30.0,1000.2,91.1671536010179
2024-08-03 18:00:00,30.2,1002.1,86.52294575570109
2024-08-04 00:00:00,28.6,1001.4,84.8538871735531
2024-08-04 03:00:00,30.6,1002.5,75.61652127297627
2024-08-04 06:00:00,34.2,1002.7,59.54690108998311
2024-08-04 09:00:00,33.4,1000.8,69.67179428866176
2024-08-04 12:00:00,33.2,999.5,71.70815945941659
2024-08-04 15:00:00,30.0,1001.0,78.26294962837345
2024-08-04 18:00:00,29.4,1002.0,84.9360766224706
2024-08-04 21:00:00,29.2,1001.1,86.43038313933076
2024-08-05 00:00:00,29.0,1002.2,80.48371679996085
2024-08-05 03:00:00,29.6,1003.1,80.5611085480825
2024-08-05 06:00:00,30.6,1003.4,79.74530566981048
2024-08-05 09:00:00,34.0,1000.9,67.37244576814547
2024-08-05 12:00:00,33.6,998.9,67.29450442917697
2024-08-05 15:00:00,31.4,999.9,78.92130681911149
2024-08-05 18:00:00,29.4,1001.5,87.98536152503398
2024-08-05 21:00:00,28.4,1001.6,92.14424033203443
2024-08-06 00:00:00,27.8,999.5,95.42257479752661
2024-08-06 03:00:00,30.0,1000.6,84.99729439748566
2024-08-06 06:00:00,32.0,999.6,76.27928569930424
2024-08-06 09:00:00,35.0,997.8,65.62263913987401
2024-08-06 12:00:00,33.4,996.6,70.9081702429426
2024-08-06 15:00:00,31.8,997.9,80.37130833898534
2024-08-06 18:00:00,29.4,1000.0,92.19964051006788
2024-08-06 21:00:00,28.0,999.2,93.76280556198172
2024-08-07 00:00:00,27.4,999.2,85.74806761675889
2024-08-07 03:00:00,29.0,1001.2,84.89506306062921
2024-08-07 06:00:00,29.8,1001.4,82.0276141014992
2024-08-07 09:00:00,31.0,1000.6,79.79835457938422
2024-08-07 12:00:00,30.8,999.8,78.37581423848806
2024-08-07 15:00:00,28.6,1001.1,87.91868204829599
2024-08-07 21:00:00,26.8,1002.0,93.70888380751718
2024-08-08 00:00:00,26.6,1001.8,94.8187901348208
2024-08-08 03:00:00,28.8,1003.3,86.39309843177878
2024-08-08 06:00:00,31.4,1003.4,76.18814229624397
2024-08-08 09:00:00,33.0,1001.9,74.23476165310379
2024-08-08 12:00:00,33.0,1000.7,75.5452541352859
2024-08-08 15:00:00,31.0,1002.5,85.59526014060029
2024-08-08 18:00:00,28.4,1004.0,90.53286192976505
2024-08-08 21:00:00,28.0,1003.8,92.12191734434786
2024-08-09 00:00:00,27.6,1003.4,93.74490804295253
2024-08-09 03:00:00,29.4,1005.0,89.54556000162309
2024-08-09 06:00:00,32.4,1004.5,79.05785298228113
2024-08-09 09:00:00,33.8,1002.5,74.7965304973466
2024-08-09 12:00:00,33.8,1000.5,73.5047030667105
2024-08-09 15:00:00,31.8,1002.5,81.78802115273777
2024-08-09 18:00:00,30.0,1003.9,83.5130798716472
2024-08-09 21:00:00,27.6,1003.4,100.0
2024-08-10 00:00:00,26.0,1003.5,100.0
2024-08-10 03:00:00,27.0,1003.7,100.0
2024-08-10 06:00:00,29.2,1004.0,92.18860676693177
2024-08-10 09:00:00,31.4,1001.5,81.26400040514575
2024-08-10 12:00:00,32.0,1000.2,82.76749476574489
2024-08-10 15:00:00,30.4,1001.2,92.25446518885005
2024-08-10 18:00:00,28.8,1001.8,93.7983735302794
2024-08-10 21:00:00,28.0,1000.8,96.5544215144089
2024-08-11 00:00:00,27.2,1000.7,98.25380968140279
2024-08-11 03:00:00,27.6,1001.8,98.25892519962696
2024-08-11 06:00:00,27.8,1002.7,100.0
2024-08-11 09:00:00,23.6,1002.4,100.0
2024-08-11 12:00:00,24.4,999.9,98.21736330604563
2024-08-11 15:00:00,24.6,1002.6,98.22000417681151
2024-08-11 18:00:00,24.2,1003.2,96.45739545380262
2024-08-13 00:00:00,27.2,1003.6,95.40267171979633
2024-08-13 03:00:00,28.0,1005.2,93.76280556198172
2024-08-13 06:00:00,30.0,1005.7,88.03501822943302
2024-08-13 09:00:00,32.4,1003.6,76.78703622110372
2024-08-13 12:00:00,33.0,1001.8,72.94417143512577
2024-08-13 15:00:00,31.2,1002.8,87.11831238068854
2024-08-13 18:00:00,29.8,1004.6,92.22163900067571
2024-08-13 21:00:00,28.0,1004.0,95.42918067606378
2024-08-14 00:00:00,28.2,1004.2,93.77172585847173
2024-08-14 03:00:00,30.0,1005.4,84.99729439748566
2024-08-14 06:00:00,32.2,1005.3,79.03064484736562
2024-08-14 09:00:00,32.8,1003.4,76.84633730700138
2024-08-14 12:00:00,30.4,1001.7,85.53649748682237
2024-08-14 15:00:00,29.4,1002.9,90.59907165857443
2024-08-14 18:00:00,29.0,1004.4,95.46199827430759
2024-08-14 21:00:00,28.4,1003.1,96.56440368283046
2024-08-15 00:00:00,28.0,1003.7,98.26401833820742
2024-08-15 03:00:00,24.8,1006.2,100.0
2024-08-15 06:00:00,28.0,1005.0,98.26401833820742
2024-08-15 09:00:00,29.4,1002.7,90.59907165857443
2024-08-15 12:00:00,30.8,999.8,75.64766286638326
2024-08-15 15:00:00,29.2,1002.1,93.81604482183465
2024-08-15 18:00:00,28.6,1003.1,95.44891343392182
2024-08-15 21:00:00,28.0,1001.6,96.5544215144089
2024-08-16 00:00:00,27.6,1001.0,96.54439604252043
2024-08-16 03:00:00,29.6,1003.1,91.14232765587903
2024-08-16 06:00:00,32.8,1002.9,76.84633730700138
2024-08-16 09:00:00,34.6,1000.3,71.53499606287743
2024-08-16 12:00:00,28.6,1000.0,95.44891343392182
2024-08-16 15:00:00,29.0,1002.1,97.14221521143318
2024-08-16 18:00:00,28.6,1003.8,97.13390683461627
2024-08-16 21:00:00,28.5,1003.0,86.87746731371037
2024-08-17 00:00:00,28.0,1003.5,95.42918067606378
2024-08-17 03:00:00,28.8,1005.1,95.45546286072076
2024-08-17 06:00:00,32.2,1005.2,79.03064484736562
2024-08-17 09:00:00,33.6,1003.9,75.63793705039468
2024-08-17 12:00:00,32.6,1002.7,84.76906802759436
2024-08-17 15:00:00,30.2,1004.1,92.2435459158258
2024-08-17 18:00:00,28.8,1004.7,93.7983735302794
2024-08-17 21:00:00,27.8,1003.9,95.42257479752661
2024-08-18 00:00:00,27.6,1004.3,96.54439604252043
2024-08-18 03:00:00,30.0,1005.2,88.03501822943302
2024-08-18 06:00:00,34.2,1005.7,72.30089569944718
2024-08-18 09:00:00,32.4,1004.7,76.33977457356784
2024-08-18 12:00:00,30.4,1003.2,85.53649748682237
2024-08-18 15:00:00,29.2,1003.5,90.58588438387352
2024-08-18 18:00:00,29.0,1004.9,92.17754994106518
2024-08-18 21:00:00,28.6,1004.1,95.44891343392182
2024-08-19 00:00:00,28.2,1004.3,95.43577238155224
2024-08-19 03:00:00,30.0,1005.0,92.23260387388135
2024-08-19 06:00:00,29.4,1005.3,86.44896966030107
2024-08-19 09:00:00,33.2,1002.4,75.57620351995676
2024-08-19 12:00:00,30.2,1001.2,86.52294575570109
2024-08-19 15:00:00,28.4,1001.9,92.14424033203443
2024-08-19 18:00:00,28.4,1003.5,93.78062725022617
2024-08-19 21:00:00,27.8,1003.4,95.42257479752661
2024-08-20 00:00:00,27.2,1003.3,98.25380968140279
2024-08-20 03:00:00,28.6,1004.0,83.35683314726084
2024-08-20 06:00:00,28.5,1005.4,93.23718802407961
2024-08-20 09:00:00,30.0,1003.7,88.03501822943302
2024-08-20 12:00:00,30.0,1001.5,83.5130798716472
2024-08-20 15:00:00,28.2,1003.9,95.43577238155224
2024-08-20 18:00:00,27.6,1005.5,96.54439604252043
2024-08-20 21:00:00,27.0,1005.3,96.5292760949642
2024-08-21 00:00:00,26.6,1005.5,98.24609415561163
2024-08-21 03:00:00,28.4,1006.4,90.53286192976505
2024-08-21 06:00:00,32.8,1006.8,74.20237605491754
2024-08-21 09:00:00,34.8,1003.4,71.56986516155143
2024-08-21 12:00:00,33.4,1001.4,78.2829912421804
2024-08-21 15:00:00,30.4,1003.9,91.19187707365737
2024-08-21 18:00:00,28.7,1004.8,94.34387391915817
2024-08-21 21:00:00,28.2,1005.6,92.13309053912468
2024-08-22 00:00:00,27.6,1004.3,96.54439604252043
2024-08-22 03:00:00,29.5,1004.6,90.07790410326709
2024-08-22 06:00:00,33.8,1004.4,69.745383646869
2024-08-22 09:00:00,35.2,1001.9,67.9990946304605
2024-08-22 12:00:00,34.0,999.9,74.82818100424117
2024-08-22 15:00:00,31.0,1002.7,85.59526014060029
2024-08-22 18:00:00,30.2,1004.0,89.60359607240078
2024-08-22 21:00:00,29.6,1004.0,92.2106512336583
2024-08-23 00:00:00,25.4,1005.4,96.48847066905626
2024-08-23 03:00:00,25.5,1005.9,97.64853030704535
2024-08-23 06:00:00,28.0,1006.7,90.50618565208272
2024-08-23 09:00:00,32.0,1004.2,74.94828132337592
2024-08-23 12:00:00,31.0,1002.4,82.65241993308152
2024-08-23 15:00:00,29.2,1004.2,90.58588438387352
2024-08-23 18:00:00,28.5,1005.7,91.61028362766847
2024-08-23 21:00:00,27.7,1005.1,97.11508066728288
2024-08-24 00:00:00,28.2,1005.2,96.55941799604423
2024-08-24 03:00:00,28.4,1007.2,84.83323810049623
2024-08-24 06:00:00,33.0,1005.8,70.42167655411042
2024-08-24 09:00:00,34.0,1003.4,73.53769175979289
2024-08-24 12:00:00,30.6,1001.6,88.08437507661748
2024-08-24 15:00:00,27.8,1002.2,88.89979374390309
2024-08-24 18:00:00,27.8,1003.8,92.11072068322818
2024-08-24 21:00:00,27.4,1003.8,93.73593071403404
2024-08-25 00:00:00,27.8,1003.6,96.54941420693457
2024-08-25 03:00:00,29.4,1004.5,90.59907165857443
2024-08-25 06:00:00,32.4,1003.9,75.45207406041715
2024-08-25 09:00:00,34.0,1001.8,69.78208647156907
2024-08-25 12:00:00,34.4,999.9,74.89131483599449
2024-08-25 15:00:00,31.2,1001.1,87.11831238068854
2024-08-25 18:00:00,29.6,1001.9,91.14232765587903
2024-08-25 21:00:00,28.8,1001.5,93.7983735302794
2024-08-26 00:00:00,27.8,1002.1,85.78717977072007
2024-08-26 03:00:00,29.6,1003.7,83.46865512129703
2024-08-26 06:00:00,33.4,1003.5,67.25543915862544
2024-08-26 09:00:00,34.0,1001.6,73.53769175979289
2024-08-26 12:00:00,33.6,999.9,78.31091853265852
2024-08-26 15:00:00,29.8,1002.1,92.22163900067571
2024-08-26 18:00:00,26.4,1004.2,94.81128607168019
2024-08-26 21:00:00,25.2,1005.2,98.227891780213
2024-08-27 00:00:00,24.6,1004.1,100.0
2024-08-27 03:00:00,27.4,1005.6,93.73593071403404
2024-08-27 06:00:00,31.4,1005.5,80.31973345807687
2024-08-27 09:00:00,32.2,1003.6,87.2058778409247
2024-08-27 12:00:00,29.0,1002.6,92.17754994106518
2024-08-27 15:00:00,27.6,1005.7,95.41595470562915
2024-08-27 18:00:00,24.0,1007.3,100.0
2024-08-27 21:00:00,25.4,1005.9,96.48847066905626
2024-08-28 00:00:00,25.6,1005.4,96.49361034454672
2024-08-28 03:00:00,29.0,1005.7,89.51636332080271
2024-08-28 06:00:00,32.0,1005.3,79.0033862804747
2024-08-28 09:00:00,33.4,1002.9,76.93488778157425
2024-08-28 12:00:00,32.4,1001.1,81.86006980374913
2024-08-28 15:00:00,30.4,1002.7,92.25446518885005
2024-08-28 18:00:00,29.0,1003.0,93.80721852350113
2024-08-28 21:00:00,25.0,1003.4,100.0
2024-08-29 00:00:00,25.4,1003.2,100.0
2024-08-29 03:00:00,25.2,1004.9,98.227891780213
2024-08-29 06:00:00,25.0,1006.7,100.0
2024-08-29 09:00:00,25.6,1005.2,100.0
2024-08-29 12:00:00,27.2,1003.3,95.40267171979633
2024-08-29 15:00:00,26.6,1004.7,98.24609415561163
2024-08-29 18:00:00,26.4,1005.9,98.24351098143454
2024-08-29 21:00:00,26.4,1005.9,98.24351098143454
2024-08-30 00:00:00,26.2,1005.8,100.0
2024-08-30 03:00:00,27.6,1007.3,95.41595470562915
2024-08-30 06:00:00,31.6,1007.7,78.94871738353811
2024-08-30 09:00:00,34.8,1005.5,73.66907450675002
2024-08-30 12:00:00,33.8,1004.2,83.44806102418814
2024-08-30 15:00:00,30.4,1005.9,92.25446518885005
2024-08-30 18:00:00,29.0,1007.0,95.46199827430759
2024-08-30 21:00:00,28.0,1006.4,95.42918067606378
2024-08-31 00:00:00,27.0,1005.8,98.25124348905271
2024-08-31 03:00:00,29.6,1006.1,91.14232765587903
2024-08-31 06:00:00,33.8,1005.6,73.5047030667105
2024-08-31 09:00:00,34.8,1004.1,73.66907450675002
2024-08-31 12:00:00,33.0,1002.5,81.9317089807124
2024-08-31 15:00:00,30.2,1004.5,92.2435459158258
2024-08-31 18:00:00,29.0,1005.1,93.80721852350113
2024-08-31 21:00:00,28.0,1004.1,95.42918067606378
2024-09-01 00:00:00,27.4,1004.8,96.53936698995483
2024-09-01 03:00:00,30.0,1005.9,89.58913151799659
2024-09-01 06:00:00,33.8,1005.4,73.5047030667105
2024-09-01 09:00:00,35.0,1003.6,74.12757021597365
2024-09-01 12:00:00,34.0,1002.1,78.36662006934154
2024-09-01 15:00:00,30.8,1004.4,92.81012221210993
2024-09-01 18:00:00,29.6,1005.3,97.15461053560112
2024-09-01 21:00:00,29.2,1005.6,93.81604482183465
2024-09-02 00:00:00,27.2,1005.7,100.0
2024-09-02 03:00:00,27.4,1007.7,92.08825670296545
2024-09-02 06:00:00,30.4,1008.1,85.53649748682237
2024-09-02 09:00:00,31.6,1006.0,81.2887133807776
2024-09-02 12:00:00,31.4,1003.6,89.68976640506959
2024-09-02 15:00:00,29.4,1005.1,93.82485247729203
2024-09-02 18:00:00,28.6,1006.5,95.44891343392182
2024-09-02 21:00:00,27.8,1006.8,96.54941420693457
2024-09-03 00:00:00,27.4,1006.6,96.53936698995483
2024-09-03 03:00:00,29.4,1007.9,89.54556000162309
2024-09-03 06:00:00,33.0,1007.3,81.9317089807124
2024-09-03 09:00:00,27.6,1005.6,100.0
2024-09-03 12:00:00,26.2,1006.6,100.0
2024-09-03 15:00:00,25.6,1007.0,100.0
2024-09-03 18:00:00,25.4,1006.6,100.0
2024-09-03 21:00:00,25.0,1005.8,100.0
2024-09-04 00:00:00,25.8,1005.7,100.0
2024-09-04 03:00:00,24.0,1007.1,100.0
2024-09-04 06:00:00,26.0,1006.6,100.0
2024-09-04 09:00:00,28.4,1003.1,87.90192756472376
2024-09-04 12:00:00,29.0,1001.4,87.95208930052544
2024-09-04 15:00:00,27.4,1002.0,96.53936698995483
2024-09-04 18:00:00,26.6,1002.8,96.51914127003087
2024-09-04 21:00:00,26.0,1002.2,96.503856108436
2024-09-05 00:00:00,25.8,1002.2,100.0
2024-09-05 03:00:00,27.0,1003.4,98.25124348905271
2024-09-05 06:00:00,29.8,1003.9,82.0276141014992
2024-09-05 09:00:00,32.0,1001.4,81.81208304952762
2024-09-05 12:00:00,30.4,999.4,89.61803111590942
2024-09-05 15:00:00,28.8,1001.2,97.13806552294287
2024-09-05 18:00:00,27.8,1002.3,96.54941420693457
2024-09-05 21:00:00,26.8,1002.4,96.52421418955653
2024-09-06 00:00:00,26.4,1002.1,98.24351098143454
2024-09-06 03:00:00,28.2,1004.6,93.77172585847173
2024-09-06 06:00:00,32.0,1005.1,81.81208304952762
2024-09-06 09:00:00,33.4,1002.6,73.0114248312194
2024-09-06 12:00:00,28.2,1003.0,95.43577238155224
2024-09-06 15:00:00,27.2,1004.6,96.53432701791446
2024-09-06 18:00:00,26.4,1006.1,98.24351098143454
2024-09-06 21:00:00,26.2,1005.2,100.0
2024-09-07 00:00:00,25.8,1005.8,100.0
2024-09-07 03:00:00,26.4,1006.8,94.81128607168019
2024-09-07 06:00:00,26.4,1007.4,100.0
2024-09-07 09:00:00,26.8,1004.8,98.24867165262664
2024-09-07 12:00:00,28.6,1003.1,87.91868204829599
2024-09-07 15:00:00,27.4,1004.9,96.53936698995483
2024-09-07 18:00:00,26.4,1006.0,100.0
2024-09-07 21:00:00,26.2,1005.6,100.0
2024-09-08 00:00:00,26.0,1005.5,100.0
2024-09-08 03:00:00,27.4,1006.3,98.25637024612985
2024-09-08 06:00:00,31.0,1006.2,87.10069428371511
2024-09-08 09:00:00,32.2,1003.8,83.2711491443401
2024-09-08 12:00:00,31.8,1002.1,85.67307156552697
2024-09-08 15:00:00,29.0,1003.0,93.80721852350113
2024-09-08 18:00:00,28.2,1003.1,95.43577238155224
2024-09-08 21:00:00,27.4,1002.8,96.53936698995483
2024-09-09 00:00:00,26.8,1002.8,96.52421418955653
2024-09-09 03:00:00,28.6,1004.0,95.44891343392182
2024-09-09 06:00:00,33.6,1003.6,74.33157750097828
2024-09-09 09:00:00,34.8,1000.9,76.25889976425893
2024-09-09 12:00:00,33.4,999.4,81.97924240065568
2024-09-09 15:00:00,30.8,1001.0,82.62927198490198
2024-09-09 18:00:00,29.6,1001.5,88.00194722290112
2024-09-09 21:00:00,28.8,1004.1,89.50172004038727
2024-09-10 00:00:00,28.4,1001.5,92.14424033203443
2024-09-10 03:00:00,28.2,1003.6,81.83433063230953
2024-09-10 06:00:00,31.4,1003.7,72.24352874821913
2024-09-10 09:00:00,31.4,1001.5,72.24352874821913
2024-09-10 12:00:00,29.0,1001.1,80.48371679996085
2024-09-10 15:00:00,27.2,1002.0,85.72845277885752
2024-09-10 18:00:00,26.6,1002.7,88.80618472944694
2024-09-10 21:00:00,26.0,1002.0,90.37112970835472
2024-09-11 00:00:00,25.8,1002.4,91.99744908137737
2024-09-11 03:00:00,28.2,1004.1,78.94802076163292
2024-09-11 06:00:00,32.0,1003.8,68.5931528079531
2024-09-11 09:00:00,33.6,1001.1,68.49226741509385
2024-09-11 12:00:00,33.6,999.6,70.9438043249328
2024-09-11 15:00:00,30.4,1001.0,84.04833399732397
2024-09-11 18:00:00,29.0,1000.6,87.95208930052544
2024-09-11 21:00:00,28.2,999.2,90.51953760720181
2024-09-12 00:00:00,27.4,998.8,92.08825670296545
2024-09-12 03:00:00,28.4,1000.9,88.94616815571688
2024-09-12 06:00:00,28.2,1002.3,88.93074165144274
2024-09-12 09:00:00,30.4,1001.2,74.24982249791255
2024-09-12 12:00:00,28.6,1001.2,76.21281246926864
2024-09-12 15:00:00,27.2,1002.5,85.72845277885752
2024-09-12 18:00:00,25.8,1002.0,87.15410439808417
2024-09-12 21:00:00,25.2,1000.9,94.76592069291524
2024-09-13 00:00:00,25.0,1000.1,96.47815756865955
2024-09-13 03:00:00,25.4,1000.9,96.48847066905626
2024-09-13 06:00:00,28.4,1001.3,77.56787120852722
2024-09-13 09:00:00,31.0,1000.3,70.89711040322032
2024-09-13 21:00:00,23.6,1002.2,92.9947891827328
2024-09-14 00:00:00,23.4,1002.5,94.69675973556869
2024-09-14 03:00:00,24.8,1003.9,93.05532775865673
2024-09-14 06:00:00,31.4,1003.1,69.71409411644107
2024-09-14 09:00:00,32.2,1001.7,70.27643339934488
2024-09-14 12:00:00,31.4,1001.1,74.85285642920122
2024-09-14 15:00:00,25.2,1003.3,88.1609235163349
2024-09-14 18:00:00,25.0,1003.9,91.39891921824884
2024-09-14 21:00:00,25.0,1003.0,93.06534216930645
2024-09-15 00:00:00,24.8,1002.8,93.05532775865673
2024-09-15 03:00:00,25.6,1004.0,93.09525743190015
2024-09-15 06:00:00,31.8,1003.8,72.31259150236149
2024-09-15 09:00:00,33.0,1002.3,67.97575322043862
2024-09-15 12:00:00,32.0,1001.3,72.34703340707203
2024-09-15 15:00:00,26.0,1004.3,84.07244076824206
2024-09-15 18:00:00,25.4,1005.0,89.78766263040568
2024-09-15 21:00:00,25.0,1004.0,91.39891921824884
2024-09-16 00:00:00,24.0,1004.4,96.45217641736166
2024-09-16 03:00:00,27.4,1005.5,88.86871874139695
2024-09-16 06:00:00,32.6,1005.8,69.11441091335229
2024-09-16 09:00:00,34.0,1004.3,63.89432970526357
2024-09-16 12:00:00,32.2,1003.8,69.03930501374236
2024-09-16 15:00:00,29.0,1005.3,84.89506306062921
2024-09-16 18:00:00,27.2,1006.2,90.45250000428203
2024-09-16 21:00:00,26.6,1006.3,90.41194193154737
2024-09-17 00:00:00,26.0,1006.3,94.79622941585653
2024-09-17 03:00:00,27.8,1007.1,85.78717977072007
2024-09-17 06:00:00,33.4,1007.0,62.269883795368706
2024-09-17 09:00:00,33.8,1005.5,64.9948432310438
2024-09-17 12:00:00,33.0,1004.4,72.94417143512577
2024-09-17 15:00:00,29.6,1006.2,82.00361602371757
2024-09-17 18:00:00,27.0,1007.4,82.67693820709039
2024-09-17 21:00:00,25.8,1005.9,88.74313412721081
2024-09-18 00:00:00,25.6,1005.9,93.09525743190015
2024-09-18 03:00:00,27.0,1006.6,90.43900875787912
2024-09-18 06:00:00,31.0,1007.8,72.1742265807024
2024-09-18 09:00:00,31.0,1005.9,60.63128269788534
2024-09-18 12:00:00,29.8,1004.6,67.3516781237725
2024-09-18 15:00:00,28.4,1005.9,81.85865421535438
2024-09-18 18:00:00,27.4,1006.3,81.24686676192346
2024-09-18 21:00:00,26.4,1005.2,90.39836619855579
2024-09-19 00:00:00,25.8,1006.7,91.99744908137737
2024-09-19 03:00:00,26.0,1008.4,94.79622941585653
2024-09-19 06:00:00,31.4,1008.1,69.71409411644107
2024-09-19 09:00:00,33.4,1006.1,63.76827162149033
2024-09-19 12:00:00,31.2,1005.1,70.93306375697343
2024-09-19 15:00:00,27.4,1005.6,79.79314536748959
2024-09-19 18:00:00,25.4,1005.4,86.59275173505719
2024-09-19 21:00:00,24.6,1004.7,88.1108765345105
2024-09-20 00:00:00,23.6,1005.2,89.65628406436801
2024-09-20 03:00:00,25.8,1007.3,80.55257262849392
2024-09-20 06:00:00,33.2,1007.1,56.53234399526844
2024-09-20 09:00:00,35.3,1004.9,53.40655993499859
2024-09-20 12:00:00,32.8,1004.1,62.13958951433999
2024-09-20 15:00:00,29.4,1005.0,79.11344799319119
2024-09-20 18:00:00,27.8,1005.7,84.2669381064797
2024-09-20 21:00:00,26.6,1005.9,90.41194193154737
2024-09-21 00:00:00,26.0,1006.4,90.37112970835472
2024-09-21 03:00:00,27.8,1008.1,85.78717977072007
2024-09-21 06:00:00,33.8,1008.0,61.62000418347626
2024-09-21 09:00:00,35.4,1005.9,57.05144460973204
2024-09-21 12:00:00,32.4,1005.1,71.56807265043355
2024-09-21 15:00:00,30.0,1006.1,82.05156613004829
2024-09-21 18:00:00,28.6,1006.6,86.37440005285019
2024-09-21 21:00:00,27.3,1005.9,89.92369577023814
2024-09-22 00:00:00,26.4,1006.5,93.69075623120435
2024-09-22 03:00:00,28.4,1008.0,84.83323810049623
2024-09-22 06:00:00,33.8,1007.4,67.33350659401705
2024-09-22 09:00:00,34.4,1004.9,65.50141485922862
2024-09-22 12:00:00,33.4,1004.1,72.1636734164623
2024-09-22 15:00:00,30.6,1005.4,82.60607945629376
2024-09-22 18:00:00,29.2,1005.7,86.43038313933076
2024-09-22 21:00:00,27.8,1005.2,90.49280598950578
2024-09-23 00:00:00,27.0,1006.2,92.06569807815053
2024-09-23 03:00:00,29.4,1007.2,83.4463778105949
2024-09-23 06:00:00,34.6,1006.9,66.70410661306867
2024-09-23 09:00:00,36.0,1004.9,62.827732110229384
2024-09-23 12:00:00,34.2,1003.7,71.05034577880605
2024-09-23 15:00:00,30.8,1003.9,82.62927198490198
2024-09-23 18:00:00,29.8,1004.1,86.48603151527291
2024-09-23 21:00:00,28.8,1004.5,89.50172004038727
2024-09-24 00:00:00,28.0,1005.0,92.12191734434786
2024-09-24 03:00:00,29.4,1006.0,89.54556000162309
2024-09-24 06:00:00,34.4,1005.7,70.26336932149452
2024-09-24 09:00:00,36.2,1003.2,62.14072879051603
2024-09-24 12:00:00,34.8,1001.8,71.56986516155143
2024-09-24 15:00:00,31.4,1002.7,82.69858252316531
2024-09-24 18:00:00,30.0,1004.0,88.03501822943302
2024-09-24 21:00:00,29.0,1003.6,92.17754994106518
2024-09-25 00:00:00,28.4,1004.4,92.14424033203443
2024-09-25 03:00:00,28.6,1006.5,90.54615869442738
2024-09-25 06:00:00,34.2,1005.8,69.41235421088759
2024-09-25 09:00:00,35.2,1003.2,63.76997746892072
2024-09-25 12:00:00,32.4,1002.3,69.07688914571028
2024-09-25 15:00:00,30.2,1003.3,81.1147334710309
2024-09-25 18:00:00,27.6,1005.7,88.88427217188078
2024-09-25 21:00:00,26.8,1005.8,92.05438311051279
2024-09-26 00:00:00,26.2,1005.2,92.0202947964304
2024-09-26 03:00:00,26.8,1007.4,90.42548942576907
2024-09-26 06:00:00,26.0,1008.6,94.79622941585653
2024-09-26 09:00:00,26.8,1005.2,88.82186644716782
2024-09-26 12:00:00,29.2,1002.6,79.08600581526997
2024-09-26 15:00:00,27.6,1004.6,91.55667114398874
2024-09-26 18:00:00,26.6,1004.6,88.80618472944694
2024-09-26 21:00:00,26.0,1005.1,90.9141898350019
2024-09-27 00:00:00,25.2,1004.7,91.41120774609278
2024-09-27 03:00:00,27.4,1005.9,84.22401507730588
2024-09-27 06:00:00,32.0,1006.0,72.34703340707203
2024-09-27 09:00:00,26.6,1005.0,85.66937200749226
2024-09-27 12:00:00,26.8,1002.0,75.01402814660541
2024-09-27 15:00:00,25.4,1004.5,86.59275173505719
2024-09-27 18:00:00,25.0,1006.5,93.06534216930645
2024-09-27 21:00:00,24.6,1006.5,84.95004486909127
2024-09-28 00:00:00,24.4,1005.6,96.4626030540391
2024-09-28 03:00:00,25.4,1007.6,88.17753730223563
2024-09-28 06:00:00,31.6,1008.2,66.1056160585513
2024-09-28 09:00:00,32.4,1005.7,67.85998060995067
2024-09-28 12:00:00,30.8,1004.5,78.37581423848806
2024-09-28 15:00:00,28.0,1007.6,85.80667728802291
2024-09-28 18:00:00,27.4,1009.3,90.46596324112937
2024-09-28 21:00:00,26.0,1009.6,94.79622941585653
2024-09-29 03:00:00,26.4,1011.2,92.03168153578638
2024-09-29 06:00:00,31.6,1010.5,68.51690400466761
2024-09-29 09:00:00,33.4,1007.9,63.76827162149033
2024-09-29 12:00:00,31.4,1007.4,74.85285642920122
2024-09-29 15:00:00,28.2,1009.2,86.33689076158295
2024-09-29 18:00:00,26.8,1009.8,90.42548942576907
2024-09-29 21:00:00,25.6,1009.0,90.34377933678581
2024-09-30 00:00:00,24.4,1008.8,94.73534893450257
2024-09-30 03:00:00,26.0,1010.0,92.00888400052642
2024-09-30 06:00:00,32.4,1009.6,62.800694130044874
2024-09-30 09:00:00,33.6,1007.2,60.1250386542125
2024-09-30 12:00:00,30.6,1006.3,70.40290332892224
2024-09-30 15:00:00,28.0,1007.0,84.79181717750924
2024-09-30 18:00:00,27.0,1006.7,87.26088849314073
2024-09-30 21:00:00,26.4,1006.0,93.69075623120435
2024-10-01 00:00:00,25.4,1005.3,93.08530694612072
2024-10-01 03:00:00,26.8,1006.6,90.42548942576907
2024-10-01 06:00:00,32.6,1006.6,67.89863459456423
2024-10-01 09:00:00,35.0,1003.8,63.354980624753985
2024-10-01 12:00:00,32.2,1003.1,71.53290094917851
2024-10-01 15:00:00,29.2,1004.3,86.43038313933076
2024-10-01 18:00:00,27.8,1004.5,90.49280598950578
2024-10-01 21:00:00,26.4,1004.8,96.51405730461323
2024-10-02 00:00:00,25.0,1005.5,96.47815756865955
2024-10-02 03:00:00,26.4,1007.3,94.81128607168019
2024-10-02 06:00:00,33.6,1006.0,60.1250386542125
2024-10-02 09:00:00,35.6,1003.9,50.97641213445036
2024-10-02 12:00:00,32.6,1002.4,66.70160074556692
2024-10-02 15:00:00,29.0,1004.0,79.0585121873896
2024-10-02 18:00:00,26.6,1004.2,88.80618472944694
2024-10-02 21:00:00,25.0,1003.9,94.7583025301895
2024-10-03 00:00:00,24.2,1004.1,94.7276645424548
2024-10-03 03:00:00,26.4,1005.8,88.79047072518293
2024-10-03 06:00:00,33.4,1005.4,59.010628693089586
2024-10-03 09:00:00,35.4,1002.8,51.85309266039345
2024-10-03 12:00:00,32.4,1001.7,69.07688914571028
2024-10-03 15:00:00,28.4,1003.9,83.33433758376981
2024-10-03 18:00:00,26.4,1004.3,88.79047072518293
2024-10-03 21:00:00,25.6,1004.0,93.09525743190015
2024-10-04 00:00:00,24.4,1004.7,93.03523459227986
2024-10-04 03:00:00,26.0,1006.6,92.00888400052642
2024-10-04 06:00:00,33.2,1006.5,65.6450112786814
2024-10-04 09:00:00,34.4,1004.4,57.499557963952576
2024-10-04 12:00:00,32.6,1003.6,63.22051607138405
2024-10-04 15:00:00,28.0,1005.8,84.79181717750924
2024-10-04 18:00:00,26.0,1006.1,90.37112970835472
2024-10-04 21:00:00,25.0,1006.5,91.39891921824884
2024-10-05 00:00:00,24.4,1007.2,94.73534893450257
2024-10-05 03:00:00,26.4,1009.0,84.11596226208941
2024-10-05 06:00:00,32.4,1008.8,62.800694130044874
2024-10-05 09:00:00,35.0,1006.4,59.02423742118093
2024-10-05 12:00:00,32.2,1005.9,69.03930501374236
2024-10-05 15:00:00,28.4,1007.8,83.33433758376981
2024-10-05 18:00:00,27.0,1009.1,88.83751596451742
2024-10-05 21:00:00,26.0,1009.9,94.79622941585653
2024-10-06 00:00:00,21.4,1012.3,87.29342856926559
2024-10-06 03:00:00,23.8,1013.0,82.80457657896673
2024-10-06 06:00:00,32.4,1012.6,54.988018967303006
2024-10-06 09:00:00,35.2,1010.1,46.73637773077028
2024-10-06 12:00:00,30.6,1010.1,66.70183445693432
2024-10-06 15:00:00,26.4,1011.9,84.11596226208941
2024-10-06 18:00:00,24.2,1012.4,89.70035155341864
2024-10-06 21:00:00,23.0,1013.2,92.96422650821278
2024-10-07 00:00:00,21.8,1013.9,96.39400261837231
2024-10-07 03:00:00,23.8,1015.3,84.86645400274385
2024-10-07 06:00:00,31.2,1014.9,62.164195185628046
2024-10-07 09:00:00,34.8,1011.8,44.39977355119524
2024-10-07 12:00:00,30.2,1011.4,60.08231213848365
2024-10-07 15:00:00,26.2,1013.8,77.71524355462877
2024-10-07 18:00:00,24.4,1014.1,84.9292101215455
2024-10-07 21:00:00,22.8,1013.5,89.59709513251278
2024-10-08 00:00:00,21.8,1013.3,88.96967283294491
2024-10-08 03:00:00,24.2,1015.1,84.90833346681126
2024-10-08 06:00:00,31.6,1014.8,61.134420163955696
2024-10-08 09:00:00,33.6,1011.8,53.632996598820334
2024-10-08 12:00:00,30.6,1011.0,60.541168204253225
2024-10-08 15:00:00,25.6,1012.2,79.0650667975322
2024-10-08 18:00:00,23.6,1012.0,84.84545097606222
2024-10-08 21:00:00,22.6,1011.8,89.58222014288508
2024-10-09 00:00:00,21.4,1011.3,92.8817543813387
2024-10-09 03:00:00,23.6,1012.7,86.42328080854222
2024-10-09 06:00:00,31.4,1011.3,55.08058002977347
2024-10-09 09:00:00,33.8,1009.5,45.518660486367004
2024-10-09 12:00:00,29.8,1008.5,59.624049885095886
2024-10-09 15:00:00,25.4,1010.1,74.3271201935749
2024-10-09 18:00:00,24.6,1010.6,75.58646829846579
2024-10-09 21:00:00,22.6,1010.0,92.9437416009186
2024-10-10 00:00:00,20.4,1010.5,90.54172022816981
2024-10-10 03:00:00,22.8,1011.7,84.23807515262574
2024-10-10 06:00:00,31.6,1010.6,42.18771125473293
2024-10-10 09:00:00,34.0,1008.1,38.76260999542678
2024-10-10 12:00:00,29.4,1008.5,52.25595491573255
2024-10-10 15:00:00,25.0,1010.4,74.26066874835885
2024-10-10 18:00:00,22.2,1011.0,82.61460691740075
2024-10-10 21:00:00,20.6,1010.3,85.05848941378555
2024-10-11 00:00:00,20.0,1010.3,86.61909675849209
2024-10-11 03:00:00,22.8,1011.9,79.1623178245659
2024-10-11 06:00:00,30.6,1011.0,46.385645157686106
2024-10-11 09:00:00,33.4,1008.2,40.08553584334777
2024-10-11 12:00:00,29.4,1007.9,53.245045415963254
2024-10-11 15:00:00,25.4,1009.6,69.86503547584091
2024-10-11 18:00:00,22.8,1010.1,79.1623178245659
2024-10-11 21:00:00,20.8,1010.1,85.0794567259643
2024-10-12 00:00:00,19.4,1010.4,88.21944930473586
2024-10-12 03:00:00,21.6,1012.0,85.69563499959355
2024-10-12 06:00:00,31.6,1011.6,46.36105984341474
2024-10-12 09:00:00,33.6,1009.9,44.07919835272044
2024-10-12 12:00:00,30.4,1009.7,57.95960848703658
2024-10-12 15:00:00,25.0,1011.4,77.06236252506079
2024-10-12 18:00:00,22.8,1011.3,81.15946153199087
2024-10-12 21:00:00,21.6,1011.4,87.31142912839378
2024-10-13 00:00:00,20.2,1012.3,88.84251349796529
2024-10-13 03:00:00,23.0,1013.6,82.70996817603475
2024-10-13 06:00:00,30.8,1012.6,53.2650956720093
2024-10-13 09:00:00,33.2,1010.4,45.92473341823114
2024-10-13 12:00:00,29.8,1009.7,59.624049885095886
2024-10-13 15:00:00,25.0,1011.4,78.98125580461064
2024-10-13 18:00:00,23.2,1012.2,82.73369056093227
2024-10-13 21:00:00,21.8,1012.2,88.96967283294491
2024-10-14 00:00:00,20.6,1012.6,94.58644690960507
2024-10-14 03:00:00,23.0,1014.7,87.97589377078442
2024-10-14 06:00:00,30.6,1014.0,55.56557299066436
2024-10-14 09:00:00,33.2,1010.8,46.78467883483004
2024-10-14 12:00:00,29.4,1010.0,58.0813190585354
2024-10-14 15:00:00,25.0,1011.1,74.26066874835885
2024-10-14 18:00:00,23.2,1012.1,77.7522586030719
2024-10-14 21:00:00,21.6,1012.0,82.02710335531518
2024-10-15 00:00:00,20.0,1012.0,90.51425911024681
2024-10-15 03:00:00,22.0,1013.6,82.07643342444838
2024-10-15 06:00:00,31.0,1012.1,49.18465336588453
2024-10-15 09:00:00,33.4,1009.1,42.943028957546275
2024-10-15 12:00:00,30.0,1008.9,55.07749010874436
2024-10-15 15:00:00,25.2,1010.6,71.1418217419436
2024-10-15 18:00:00,22.4,1010.8,80.60344588733471
2024-10-15 21:00:00,20.6,1009.9,90.55540690498621
2024-10-16 00:00:00,19.4,1010.0,90.4728467946595
2024-10-16 03:00:00,22.6,1011.4,80.62978631657926
2024-10-16 06:00:00,29.0,1011.2,59.073562416700796
2024-10-16 09:00:00,31.8,1008.4,44.42430274905143
2024-10-16 12:00:00,29.6,1008.6,54.63879144543691
2024-10-16 15:00:00,23.6,1010.4,82.78099464458583
2024-10-16 18:00:00,21.8,1011.4,87.32939245060646
2024-10-16 21:00:00,21.0,1011.4,94.60241342456621
2024-10-17 00:00:00,20.8,1010.9,96.36708897021879
2024-10-17 03:00:00,22.2,1012.2,89.00113039766441
2024-10-17 06:00:00,30.4,1011.7,59.034988113686474
2024-10-17 09:00:00,33.8,1008.3,41.4715829546882
2024-10-17 12:00:00,30.2,1008.9,65.02943476343613
2024-10-17 15:00:00,24.0,1010.7,83.33878752130364
2024-10-17 18:00:00,22.0,1011.0,88.98541809305104
2024-10-17 21:00:00,21.2,1010.7,92.87134485887553
2024-10-18 00:00:00,21.0,1011.1,94.60241342456621
2024-10-18 03:00:00,22.8,1013.0,87.95886336881536
2024-10-18 06:00:00,30.0,1012.2,64.98787314987105
2024-10-18 09:00:00,34.4,1008.8,42.94555629128223
2024-10-18 12:00:00,30.2,1008.7,66.22048006651374
2024-10-18 15:00:00,24.2,1010.6,81.33784349698335
2024-10-18 18:00:00,22.4,1010.7,89.56731388016964
2024-10-18 21:00:00,21.2,1010.8,90.59629238174392
2024-10-19 00:00:00,20.6,1011.7,94.58644690960507
2024-10-19 03:00:00,22.4,1014.0,91.23677973971499
2024-10-19 06:00:00,30.0,1012.7,62.279197326402645
2024-10-19 09:00:00,33.6,1009.4,47.17954352157042
2024-10-19 12:00:00,30.4,1008.7,65.07093044891502
2024-10-19 15:00:00,24.2,1010.5,83.36164573364587
2024-10-19 18:00:00,22.2,1011.4,87.3652077823185
2024-10-19 21:00:00,20.6,1011.5,92.26414709561166
2024-10-20 00:00:00,20.0,1012.4,96.3453419192486
2024-10-20 03:00:00,22.2,1014.7,89.00113039766441
2024-10-20 06:00:00,29.2,1014.5,66.82547661101904
2024-10-20 09:00:00,32.0,1011.8,54.55620730373795
2024-10-20 12:00:00,29.4,1011.2,72.32825969825754
2024-10-20 15:00:00,24.0,1012.7,86.46120985687485
2024-10-20 18:00:00,21.8,1013.8,92.90250604151835
2024-10-20 21:00:00,20.4,1013.7,92.25283612662764
2024-10-21 00:00:00,20.0,1013.9,93.97450936662143
2024-10-21 03:00:00,21.8,1015.4,87.32939245060646
2024-10-21 06:00:00,29.4,1014.2,63.298643541066646
2024-10-21 09:00:00,33.2,1011.0,48.84635245467483
2024-10-21 12:00:00,28.8,1010.7,73.54252536250394
2024-10-21 15:00:00,24.2,1012.7,86.48011646915207
2024-10-21 18:00:00,22.0,1013.8,91.21143560546284
2024-10-21 21:00:00,21.0,1013.8,94.60241342456621
2024-10-22 00:00:00,20.0,1014.6,96.3453419192486
2024-10-22 03:00:00,21.6,1016.6,94.62623236125361
2024-10-22 06:00:00,29.2,1015.8,68.46797755568882
2024-10-22 09:00:00,32.6,1012.8,54.04084502929489
2024-10-22 12:00:00,29.2,1012.1,69.72295309892432
2024-10-22 15:00:00,24.4,1013.4,88.0941253601151
2024-10-22 18:00:00,22.6,1013.9,89.58222014288508
2024-10-22 21:00:00,21.8,1013.9,96.39400261837231
2024-10-23 00:00:00,20.8,1014.2,96.36708897021879
2024-10-23 03:00:00,22.2,1015.8,96.40468492682572
2024-10-23 06:00:00,29.6,1014.8,67.31212756795189
2024-10-23 09:00:00,32.6,1011.3,54.04084502929489
2024-10-23 12:00:00,29.4,1011.0,67.27251207661499
2024-10-23 15:00:00,24.6,1012.6,81.88902089566457
2024-10-23 18:00:00,22.6,1012.9,85.795575729377
2024-10-23 21:00:00,20.8,1012.3,88.8904490414604
2024-10-24 00:00:00,19.4,1012.5,92.1959129371279
2024-10-24 03:00:00,20.8,1014.1,90.5690644355442
2024-10-24 06:00:00,30.2,1013.2,58.98867435336403
2024-10-24 09:00:00,34.4,1009.8,39.11613497299796
2024-10-24 12:00:00,29.8,1009.4,61.10417493715189
2024-10-24 15:00:00,24.8,1010.9,74.2273526631688
2024-10-24 18:00:00,22.2,1011.3,84.17230815633675
2024-10-24 21:00:00,20.6,1010.7,90.55540690498621
2024-10-25 00:00:00,18.4,1011.8,95.69663123794629
2024-10-25 03:00:00,20.4,1013.8,90.54172022816981
2024-10-25 06:00:00,30.8,1012.2,50.060346676804734
2024-10-25 09:00:00,34.2,1009.4,35.086612583646954
2024-10-25 12:00:00,29.2,1008.7,50.591568433033885
2024-10-25 15:00:00,24.2,1010.1,66.2193191089837
2024-10-25 18:00:00,21.2,1010.55,79.93886151677536
2024-10-25 21:00:00,19.0,1011.0,88.18554132284771
2024-10-26 00:00:00,18.0,1012.2,92.1151763066067
2024-10-26 03:00:00,21.0,1013.9,87.25731534029728
2024-10-26 06:00:00,30.2,1012.6,67.83823315041917
2024-10-26 09:00:00,33.8,1009.0,43.86006957213443
2024-10-26 12:00:00,29.4,1008.4,62.147323833199586
2024-10-26 15:00:00,23.6,1010.4,81.2616924191531
2024-10-26 18:00:00,21.4,1011.4,90.6098629586287
2024-10-27 00:00:00,20.8,1010.7,96.36708897021879
2024-10-27 03:00:00,21.8,1013.1,96.39400261837231
2024-10-27 06:00:00,28.6,1012.4,73.50891633549199
2024-10-27 09:00:00,31.2,1009.0,63.301037088202364
2024-10-27 12:00:00,29.4,1008.4,76.33535606218936
2024-10-27 15:00:00,24.4,1009.7,89.71497940989825
2024-10-27 18:00:00,23.466666666666665,1010.0,93.14331960659884
2024-10-27 21:00:00,22.533333333333335,1008.8,96.57165980329941
2024-10-28 00:00:00,21.6,1008.8,100.0
2024-10-28 03:00:00,22.4,1011.2,98.1906292263431
2024-10-28 06:00:00,29.8,1010.5,66.13938425088851
2024-10-28 09:00:00,31.8,1007.8,55.51617347239948
2024-10-28 12:00:00,28.6,1007.7,73.50891633549199
2024-10-28 15:00:00,24.2,1009.5,86.48011646915207
2024-10-28 18:00:00,23.066666666666666,1010.2,90.3763469593642
2024-10-28 21:00:00,21.933333333333334,1009.1,94.27257744957633
2024-10-29 00:00:00,20.8,1010.0,98.16880793978846
2024-10-29 03:00:00,22.6,1011.8,94.66558503403643
2024-10-29 06:00:00,30.4,1011.0,65.07093044891502
2024-10-29 09:00:00,33.6,1008.1,51.40088317557658
2024-10-29 12:00:00,29.6,1007.7,72.36298568854065
2024-10-29 15:00:00,24.6,1009.4,88.1108765345105
2024-10-29 18:00:00,22.4,1010.0,94.6577488230315
2024-10-29 21:00:00,21.4,1009.5,98.17703680741113
2024-10-30 00:00:00,20.4,1009.6,100.0
2024-10-30 03:00:00,22.0,1011.9,91.21143560546284
2024-10-30 09:00:00,33.4,1009.1,52.2972859735491
2024-10-30 12:00:00,29.2,1009.5,70.99802751141195
2024-10-30 15:00:00,24.4,1011.6,83.38445864005315
2024-10-30 18:00:00,22.8,1012.5,87.95886336881536
2024-10-30 21:00:00,20.8,1011.7,92.27543367040356
2024-10-31 00:00:00,19.6,1011.6,96.33439556837557
2024-10-31 03:00:00,21.4,1013.6,85.67552411246282
2024-10-31 06:00:00,31.0,1012.8,42.56104163490366
2024-10-31 09:00:00,33.4,1010.1,41.10468724232743
2024-10-31 12:00:00,28.6,1009.9,53.713553895834856
2024-10-31 15:00:00,23.6,1011.6,70.40357180300315
2024-10-31 18:00:00,22.4,1011.9,71.07373433061426
2024-10-31 21:00:00,20.2,1011.1,79.80178488426841
2024-11-01 00:00:00,19.4,1011.1,81.75226295106319
2024-11-01 03:00:00,20.4,1013.2,77.82585599299374
2024-11-01 06:00:00,30.8,1013.1,43.323605963431596
2024-11-01 09:00:00,34.0,1010.9,33.07506960970222
2024-11-01 12:00:00,27.8,1011.5,52.84087610557299
2024-11-01 15:00:00,20.8,1014.0,74.96971606580898
2024-11-01 18:00:00,18.4,1014.9,82.15112268771666
2024-11-01 21:00:00,16.4,1013.9,89.68180342228284
2024-11-02 00:00:00,15.4,1013.5,93.16027338017237
2024-11-02 03:00:00,17.6,1015.1,92.09188195528188
2024-11-02 06:00:00,28.4,1014.9,52.329838724842595
2024-11-02 09:00:00,32.6,1012.1,36.00718145082253
2024-11-02 12:00:00,26.6,1012.6,61.139934561733845
2024-11-02 15:00:00,20.8,1014.7,79.8841909723908
2024-11-02 18:00:00,18.6,1015.8,86.48509093163098
2024-11-02 21:00:00,17.0,1015.2,93.83881396078476
2024-11-03 00:00:00,16.0,1015.1,95.61819510862335
2024-11-03 03:00:00,17.4,1017.1,93.8571670455613
2024-11-03 06:00:00,28.4,1016.4,56.06903573472428
2024-11-03 09:00:00,32.0,1013.3,43.64873094146102
2024-11-03 12:00:00,26.8,1013.5,63.91522821831225
2024-11-03 15:00:00,20.0,1015.4,92.23014072890136
2024-11-03 18:00:00,19.0,1015.4,88.18554132284771
2024-11-03 21:00:00,17.8,1014.2,88.08295555066682
2024-11-04 00:00:00,16.6,1013.4,91.44416208645718
2024-11-04 03:00:00,18.4,1014.3,93.90269655568989
2024-11-04 06:00:00,28.0,1013.7,58.11126126861089
2024-11-04 09:00:00,32.0,1010.6,43.64873094146102
2024-11-04 12:00:00,27.4,1011.0,67.28568959900366
2024-11-04 15:00:00,21.6,1013.5,82.02710335531518
2024-11-04 21:00:00,19.0,1014.6,93.92977440102698
2024-11-05 00:00:00,18.6,1015.1,98.13815532728205
2024-11-05 03:00:00,20.6,1017.5,88.87450414906138
2024-11-05 06:00:00,27.6,1017.2,67.32558202207488
2024-11-05 09:00:00,30.2,1014.4,54.11245736689154
2024-11-05 12:00:00,26.8,1014.3,73.6526814430667
2024-11-05 15:00:00,21.8,1016.3,88.96967283294491
2024-11-05 18:00:00,20.2,1016.7,92.2415006942163
2024-11-05 21:00:00,19.2,1016.1,96.32340028393683
2024-11-06 00:00:00,18.4,1015.9,98.13533075121077
2024-11-06 03:00:00,19.0,1017.9,98.14378532063967
2024-11-06 06:00:00,27.0,1017.1,68.03983194402242
2024-11-06 09:00:00,30.2,1014.0,55.12649636528158
2024-11-06 12:00:00,26.4,1013.7,81.1206589392812
2024-11-06 15:00:00,22.2,1015.4,89.00113039766441
2024-11-06 18:00:00,20.6,1015.6,96.36167032455968
2024-11-06 21:00:00,19.4,1014.9,98.14938989668333
2024-11-07 00:00:00,18.8,1014.8,100.0
2024-11-07 03:00:00,20.6,1017.0,94.58644690960507
2024-11-07 06:00:00,26.2,1016.4,73.55128024517502
2024-11-07 09:00:00,29.0,1013.5,65.57515728735507
2024-11-07 12:00:00,26.6,1013.2,81.14599787426259
2024-11-07 15:00:00,22.4,1015.4,89.56731388016964
2024-11-07 18:00:00,20.8,1015.6,96.36708897021879
2024-11-07 21:00:00,19.6,1014.7,96.33439556837557
2024-11-08 00:00:00,19.2,1014.4,98.14659077628163
2024-11-08 03:00:00,20.0,1017.0,93.97450936662143
2024-11-08 06:00:00,26.0,1016.1,76.27392919082712
2024-11-08 09:00:00,28.8,1013.1,66.74517682756588
2024-11-08 12:00:00,26.4,1012.8,84.11596226208941
2024-11-08 15:00:00,21.8,1014.8,94.63413731841499
2024-11-08 18:00:00,20.8,1015.1,96.36708897021879
2024-11-08 21:00:00,20.2,1014.7,98.16052340480562
2024-11-09 00:00:00,19.6,1014.7,98.15218270084362
2024-11-09 03:00:00,20.2,1016.9,96.3507968346821
2024-11-09 06:00:00,26.0,1016.4,76.27392919082712
2024-11-09 09:00:00,28.4,1013.7,70.42408506037569
2024-11-09 12:00:00,26.0,1013.8,82.55918218789247
2024-11-09 15:00:00,22.6,1014.8,92.9437416009186
2024-11-09 18:00:00,21.2,1014.6,98.17430000606501
2024-11-09 21:00:00,20.6,1015.0,98.16605263804577
2024-11-10 00:00:00,19.4,1015.4,98.14938989668333
2024-11-10 03:00:00,19.6,1017.4,96.33439556837557
2024-11-10 06:00:00,25.4,1016.6,80.5002818626729
2024-11-10 09:00:00,28.4,1013.7,69.15080360685214
2024-11-10 12:00:00,25.6,1013.7,88.72729010944434
2024-11-10 15:00:00,21.8,1015.4,96.39400261837231
2024-11-10 18:00:00,20.6,1016.2,96.36167032455968
2024-11-10 21:00:00,20.0,1015.0,100.0
2024-11-11 00:00:00,18.8,1014.7,100.0
2024-11-11 03:00:00,20.0,1016.6,93.97450936662143
2024-11-11 06:00:00,24.8,1016.4,78.46904480661803
2024-11-11 09:00:00,27.6,1013.5,74.23649168800932
2024-11-11 12:00:00,24.8,1012.8,89.74414366257271
2024-11-11 15:00:00,21.6,1014.4,87.31142912839378
2024-11-11 18:00:00,21.0,1014.9,96.37249559695171
2024-11-11 21:00:00,19.8,1014.7,98.15496920769087
2024-11-12 03:00:00,19.8,1016.5,98.15496920769087
2024-11-12 06:00:00,24.6,1016.0,80.39509424447246
2024-11-12 09:00:00,28.2,1013.1,70.38726092133687
2024-11-12 12:00:00,25.4,1012.6,86.59275173505719
2024-11-12 15:00:00,21.6,1014.3,94.62623236125361
2024-11-12 18:00:00,20.2,1014.6,98.16052340480562
2024-11-12 21:00:00,19.6,1013.7,100.0
2024-11-13 00:00:00,19.4,1013.2,100.0
2024-11-13 03:00:00,19.8,1015.1,100.0
2024-11-13 06:00:00,20.8,1015.5,92.27543367040356
2024-11-13 09:00:00,20.6,1013.5,90.55540690498621
2024-11-13 12:00:00,20.0,1012.6,93.97450936662143
2024-11-13 15:00:00,17.6,1014.3,95.67071969670096
2024-11-13 18:00:00,16.8,1015.4,100.0
2024-11-13 21:00:00,16.2,1015.3,100.0
2024-11-14 00:00:00,17.0,1015.6,100.0
2024-11-14 03:00:00,17.4,1018.0,100.0
2024-11-14 06:00:00,18.4,1018.1,95.69663123794629
2024-11-14 09:00:00,23.0,1015.5,74.39041066627999
2024-11-14 12:00:00,20.4,1015.2,85.03747927565317
2024-11-14 15:00:00,17.8,1016.8,95.67721930970805
2024-11-14 18:00:00,17.4,1016.8,100.0
2024-11-14 21:00:00,17.6,1016.1,100.0
2024-11-15 00:00:00,16.8,1015.7,100.0
2024-11-15 03:00:00,16.8,1016.9,98.11250167702032
2024-11-15 06:00:00,19.0,1017.4,88.18554132284771
2024-11-15 09:00:00,24.0,1014.6,67.44315945194963
2024-11-15 12:00:00,21.4,1013.6,78.46820659148995
2024-11-15 15:00:00,18.2,1014.9,88.11729523295126
2024-11-15 18:00:00,17.0,1014.8,93.83881396078476
2024-11-15 21:00:00,15.4,1014.2,100.0
2024-11-16 00:00:00,14.8,1013.8,97.45171872435017
2024-11-16 03:00:00,15.4,1015.3,98.09218170103145
2024-11-16 06:00:00,20.8,1015.4,78.38096858207
2024-11-16 09:00:00,26.0,1012.7,55.12789240334629
2024-11-16 12:00:00,22.6,1012.5,71.11065930748565
2024-11-16 15:00:00,18.2,1014.6,89.8164658325339
2024-11-16 18:00:00,16.8,1014.8,89.71195364563357
2024-11-16 21:00:00,15.4,1014.3,95.59825364282388
2024-11-17 00:00:00,15.0,1014.9,98.08631590693014
2024-11-17 03:00:00,15.4,1016.6,98.09218170103145
2024-11-17 06:00:00,18.4,1017.2,86.46578762764692
2024-11-17 09:00:00,23.4,1014.1,66.89673414384397
2024-11-17 12:00:00,21.0,1013.9,78.41010370884172
2024-11-17 15:00:00,17.4,1015.7,89.75693674926578
2024-11-17 18:00:00,16.0,1016.3,91.40613419141593
2024-11-21 21:00:00,13.0,1015.9,83.66887270865111
2024-11-22 00:00:00,11.4,1015.6,94.82852700449433
2024-11-22 03:00:00,13.0,1017.7,88.24283981555196
2024-11-22 06:00:00,24.0,1017.3,47.32328485634583
2024-11-22 09:00:00,27.0,1013.9,37.31379048746601
2024-11-22 12:00:00,21.4,1014.0,65.21122138445863
2024-11-22 15:00:00,16.4,1015.6,79.2685041939678
2024-11-22 18:00:00,14.6,1015.9,86.65852074243855
2024-11-22 21:00:00,13.2,1015.2,90.62536676786807
2024-11-23 00:00:00,12.4,1015.5,88.19074924278162
2024-11-23 03:00:00,13.6,1017.6,85.99018734987953
2024-11-23 06:00:00,23.0,1017.6,51.60290780194083
2024-11-23 09:00:00,25.4,1015.0,43.812601828348534
2024-11-23 12:00:00,22.4,1015.0,64.59081281252107
2024-11-23 15:00:00,18.4,1016.8,73.12860116909184
2024-11-23 18:00:00,16.4,1016.9,81.36763763886353
2024-11-23 21:00:00,14.4,1016.4,86.63915156865335
2024-11-24 00:00:00,13.2,1016.0,85.94945987526894
2024-11-24 03:00:00,13.6,1018.0,93.06720936893215
2024-11-24 06:00:00,23.0,1017.3,54.72982571968843
2024-11-24 09:00:00,28.4,1014.2,33.704905272398875
2024-11-24 12:00:00,23.0,1013.9,65.13417424120837
2024-11-24 15:00:00,17.0,1015.6,79.87241483728825
2024-11-24 18:00:00,15.6,1016.1,82.87750924942381
2024-11-24 21:00:00,14.6,1014.4,86.65852074243855
2024-11-25 00:00:00,14.4,1015.8,91.30349882802155
2024-11-25 03:00:00,14.0,1018.3,90.68098930379763
2024-11-25 06:00:00,22.4,1017.7,61.35065070870822
2024-11-25 09:00:00,25.6,1014.4,46.52818809498636
2024-11-25 12:00:00,21.6,1013.5,64.00324121036401
2024-11-25 15:00:00,17.0,1015.4,73.84428683469146
2024-11-25 18:00:00,14.6,1016.5,80.06385792190865
2024-11-25 21:00:00,13.0,1016.0,83.66887270865111
2024-11-26 00:00:00,11.6,1016.1,89.90937059711342
2024-11-26 03:00:00,12.0,1018.5,92.98290295662396
2024-11-26 06:00:00,22.0,1018.0,54.83498138230474
2024-11-26 09:00:00,26.2,1014.6,36.35320210408891
2024-11-26 12:00:00,20.4,1013.9,59.31046034978106
2024-11-26 15:00:00,15.6,1015.8,72.62729544777584
2024-11-26 18:00:00,13.8,1016.2,79.9521193895084
2024-11-27 00:00:00,11.0,1015.1,87.47625235168279
2024-11-27 03:00:00,11.4,1018.0,89.89428379005945
2024-11-27 06:00:00,22.0,1017.6,52.02296792971393
2024-11-27 09:00:00,26.0,1014.2,39.57998578877927
2024-11-27 12:00:00,20.8,1014.2,62.18731412928011
2024-11-27 15:00:00,15.0,1016.3,78.5453271453219
2024-11-27 18:00:00,13.0,1017.1,88.24283981555196
2024-11-27 21:00:00,11.4,1016.8,87.51317780630974
2024-11-28 00:00:00,10.0,1017.4,92.25045456238455
2024-11-28 03:00:00,11.4,1019.3,92.3323456350743
2024-11-28 06:00:00,21.4,1019.3,52.557633204221474
2024-11-28 09:00:00,25.8,1016.3,36.97591713234302
2024-11-28 12:00:00,20.4,1016.4,65.84698390364156
2024-11-28 15:00:00,14.4,1018.2,82.18598332829268
2024-11-28 18:00:00,12.2,1018.9,88.17331059899422
2024-11-28 21:00:00,11.0,1018.6,87.47625235168279
2024-11-29 00:00:00,9.4,1019.2,92.21496217334533
2024-11-29 03:00:00,10.4,1021.0,94.78865751832757
2024-11-29 06:00:00,23.0,1019.8,48.956639538983296
2024-11-29 09:00:00,25.8,1016.1,35.75715537812928
2024-11-29 12:00:00,20.4,1016.4,60.888563248098706
2024-11-29 15:00:00,15.2,1017.9,76.52099903741194
2024-11-29 18:00:00,13.4,1018.1,81.51369611551115
2024-11-29 21:00:00,12.0,1017.9,92.98290295662396
2024-11-30 00:00:00,11.0,1018.0,92.30907922238288
2024-11-30 03:00:00,12.4,1018.9,90.56925386231363
2024-11-30 06:00:00,22.0,1017.7,50.33069779383232
2024-11-30 09:00:00,26.0,1013.9,40.910784503379595
2024-11-30 12:00:00,21.4,1013.0,58.77601736607697
2024-11-30 15:00:00,17.0,1014.8,73.84428683469146
2024-11-30 18:00:00,14.4,1015.3,82.18598332829268
2024-12-01 21:00:00,12.4,1013.6,88.19074924278162
2024-12-02 00:00:00,11.6,1014.0,92.343939837859
2024-12-02 03:00:00,13.6,1016.1,84.29683009269557
2024-12-02 06:00:00,24.0,1015.4,47.32328485634583
2024-12-02 09:00:00,27.2,1013.1,37.61793326193609
2024-12-02 12:00:00,22.0,1013.3,61.25880440963451
2024-12-02 15:00:00,16.4,1015.2,75.21280024618457
2024-12-02 18:00:00,14.2,1016.3,80.00810033609724
2024-12-02 21:00:00,13.6,1016.2,82.0847709323328
2024-12-03 00:00:00,12.8,1016.5,88.22551374596415
2024-12-03 03:00:00,13.2,1018.3,90.62536676786807
2024-12-03 06:00:00,24.0,1017.7,48.58343848769498
2024-12-03 09:00:00,27.0,1015.6,35.1458939333521
2024-12-03 12:00:00,22.0,1015.4,56.29053692670561
2024-12-03 15:00:00,19.6,1016.9,56.43575654237812
2024-12-03 21:00:00,15.6,1016.1,74.58292836853072
2024-12-04 00:00:00,13.6,1015.2,79.39176368530111
2024-12-04 03:00:00,14.2,1016.9,77.90531464520272
2024-12-04 06:00:00,24.0,1016.2,43.136482105299315
2024-12-04 09:00:00,26.0,1014.1,32.36697584826837
2024-12-04 12:00:00,21.0,1013.6,50.73632107006152
2024-12-04 15:00:00,14.8,1016.1,67.76967071532964
2024-12-04 18:00:00,13.0,1016.0,66.02262538735461
2024-12-04 21:00:00,12.6,1016.0,70.13480189477035
2024-12-05 00:00:00,10.2,1015.3,82.20544269481636
2024-12-05 03:00:00,11.2,1016.4,80.1261430014377
2024-12-05 06:00:00,22.6,1016.1,39.953197640847385
2024-12-05 09:00:00,24.4,1013.6,32.136347540603374
2024-12-05 12:00:00,19.6,1013.8,50.36195682388848
2024-12-05 15:00:00,13.8,1015.2,64.85349924776781
2024-12-05 18:00:00,11.8,1015.9,73.92277109335573
2024-12-05 21:00:00,9.6,1015.2,79.35054744487252
2024-12-06 00:00:00,8.6,1014.8,86.05912411787324
2024-12-06 03:00:00,10.2,1016.1,79.43805206370575
2024-12-06 06:00:00,21.4,1015.4,42.119788985302314
2024-12-06 09:00:00,23.4,1012.7,34.362564324345044
2024-12-06 12:00:00,18.4,1012.2,58.82884579624172
2024-12-06 15:00:00,12.4,1013.8,72.03830729798027
2024-12-06 18:00:00,10.2,1014.8,77.2837290986668
2024-12-06 21:00:00,8.6,1013.6,80.87051981646431
2024-12-07 00:00:00,7.2,1013.9,85.31729361848474
2024-12-07 03:00:00,8.4,1015.9,86.03847316128356
2024-12-07 06:00:00,19.2,1015.6,49.915442172931144
2024-12-07 09:00:00,22.8,1012.8,32.12691888415674
2024-12-07 12:00:00,17.2,1013.1,60.947424732042855
2024-12-07 15:00:00,11.6,1014.9,75.93535136634827
2024-12-07 18:00:00,9.8,1015.9,84.43497214693208
2024-12-07 21:00:00,9.6,1015.4,89.1487410661114
2024-12-08 00:00:00,9.6,1014.9,89.1487410661114
2024-12-08 03:00:00,10.8,1016.5,77.37853552234377
2024-12-08 06:00:00,18.6,1016.0,52.172560403352406
2024-12-08 09:00:00,19.8,1012.8,46.484772860249954
2024-12-08 12:00:00,17.4,1011.8,66.51621615947698
2024-12-08 15:00:00,12.8,1013.5,85.90855977917565
2024-12-08 18:00:00,13.8,1015.0,79.9521193895084
2024-12-08 21:00:00,12.4,1014.0,88.19074924278162
2024-12-09 00:00:00,9.6,1015.3,97.34707279392693
2024-12-09 03:00:00,9.4,1018.3,97.3429205497449
2024-12-09 06:00:00,18.4,1018.8,60.41926860908187
2024-12-09 09:00:00,20.4,1017.5,56.261960294450695
2024-12-09 12:00:00,16.6,1017.8,77.24819528018222
2024-12-09 15:00:00,12.0,1020.2,88.15583421968617
2024-12-09 18:00:00,9.6,1020.1,92.22681961838842
2024-12-09 21:00:00,10.0,1019.1,89.78774143747167
2024-12-10 00:00:00,8.6,1018.4,94.71573248516182
2024-12-10 03:00:00,8.4,1019.8,94.70753624146667
2024-12-10 06:00:00,18.4,1019.8,53.549144806675685
2024-12-10 09:00:00,20.6,1017.1,35.00177287562434
2024-12-10 12:00:00,16.4,1016.7,54.49739610080868
2024-12-10 15:00:00,11.1,1018.9,69.35607150958731
2024-12-10 18:00:00,9.0,1019.7,78.71498638600912
2024-12-10 21:00:00,9.0,1018.5,73.42089459172566
2024-12-11 00:00:00,7.0,1018.7,85.29551404879574
2024-12-11 03:00:00,8.4,1019.9,86.03847316128356
2024-12-11 06:00:00,19.0,1019.4,38.383174582491485
2024-12-11 09:00:00,21.4,1016.7,34.987883564488904
2024-12-11 12:00:00,17.0,1016.5,51.74690678526307
2024-12-11 15:00:00,11.8,1017.5,66.67806433243709
2024-12-11 18:00:00,8.8,1017.9,78.68484647411393
2024-12-11 21:00:00,6.6,1017.1,85.25181381225079
2024-12-12 00:00:00,6.0,1016.8,84.58840038399022
2024-12-12 03:00:00,6.4,1018.8,85.22989288438959
2024-12-12 06:00:00,17.6,1018.4,49.14277657359744
2024-12-12 09:00:00,20.4,1016.8,43.587705859091386
2024-12-12 12:00:00,16.6,1017.1,62.04695871265072
2024-12-12 15:00:00,12.4,1019.4,72.03830729798027
2024-12-12 18:00:00,10.0,1020.5,79.40894277910813
2024-12-12 21:00:00,8.8,1020.4,80.89795551964804
2024-12-13 00:00:00,8.0,1019.7,80.78787272031882
2024-12-13 03:00:00,9.0,1020.3,76.02720503461788
2024-12-13 06:00:00,18.8,1019.8,42.83792732187129
2024-12-13 09:00:00,21.6,1017.1,38.33330717730097
2024-12-13 12:00:00,16.6,1017.3,58.38914128448751
2024-12-13 15:00:00,13.6,1018.6,64.36680799727007
2024-12-13 18:00:00,10.0,1019.1,76.72092380369689
2024-12-13 21:00:00,8.8,1018.6,80.89795551964804
2024-12-14 00:00:00,7.8,1017.8,83.04285220555747
2024-12-14 03:00:00,8.0,1019.5,78.01616255071606
2024-12-14 06:00:00,17.2,1019.9,50.05516426597785
2024-12-14 09:00:00,21.6,1017.6,38.33330717730097
2024-12-14 12:00:00,17.0,1018.2,60.90030424445174
2024-12-14 15:00:00,11.0,1019.5,77.94114533050845
2024-12-14 18:00:00,8.6,1020.2,83.71784646587022
2024-12-14 21:00:00,6.6,1019.6,90.77631012430956
2024-12-15 00:00:00,6.4,1019.2,88.2653656716316
2024-12-15 03:00:00,5.8,1022.7,87.59475627598559
2024-12-15 06:00:00,16.8,1023.0,60.44462846023904
2024-12-15 09:00:00,20.4,1020.0,52.99818630774301
2024-12-15 12:00:00,16.0,1019.4,79.21120375812941
2024-12-15 15:00:00,10.4,1020.6,89.81834998122066
2024-12-15 18:00:00,9.0,1021.2,91.56542147352353
2024-12-15 21:00:00,7.4,1019.9,97.30085899241799
2024-12-16 00:00:00,7.4,1019.8,98.64227637200382
2024-12-16 03:00:00,6.6,1021.8,85.25181381225079
2024-12-16 06:00:00,18.4,1020.9,62.46052062056043
2024-12-16 09:00:00,21.6,1017.5,46.981395351554426
2024-12-16 12:00:00,18.0,1016.2,72.58214163091449
2024-12-16 15:00:00,11.4,1017.2,89.89428379005945
2024-12-16 18:00:00,9.8,1018.1,89.7723864169713
2024-12-16 21:00:00,7.8,1017.2,88.38853300214457
2024-12-17 00:00:00,6.4,1017.0,93.97088413971979
2024-12-17 03:00:00,6.8,1019.2,97.28804658589654
2024-12-17 06:00:00,18.2,1019.2,67.56843381939265
2024-12-17 09:00:00,21.2,1016.7,53.91475383807344
2024-12-17 12:00:00,17.4,1016.4,79.92790572070956
2024-12-17 15:00:00,11.7,1018.3,91.12615621048032
2024-12-17 18:00:00,10.4,1018.7,94.78865751832757
2024-12-17 21:00:00,8.6,1018.4,94.71573248516182
2024-12-18 00:00:00,8.2,1017.9,100.0
2024-12-18 03:00:00,7.2,1019.4,97.29659824992171
2024-12-18 06:00:00,19.2,1018.0,64.73692319807121
2024-12-18 15:00:00,11.8,1015.8,87.54994431065455
2024-12-18 18:00:00,10.0,1015.8,92.25045456238455
2024-12-18 21:00:00,8.6,1016.0,94.71573248516182
2024-12-19 00:00:00,7.6,1016.7,97.30510971707946
2024-12-19 03:00:00,8.4,1019.1,100.0
2024-12-19 06:00:00,16.4,1019.4,73.2543740745044
2024-12-19 09:00:00,19.6,1016.4,65.24925637161338
2024-12-19 12:00:00,16.2,1015.4,85.1378687966253
2024-12-19 15:00:00,10.8,1017.3,91.67980726135467
2024-12-19 18:00:00,9.6,1018.2,97.34707279392693
2024-12-19 21:00:00,8.4,1017.9,100.0
2024-12-20 00:00:00,8.0,1018.0,100.0
2024-12-20 03:00:00,8.0,1019.6,100.0
2024-12-20 06:00:00,17.6,1019.2,67.00037536557673
2024-12-20 09:00:00,21.4,1015.8,57.257364890479664
2024-12-20 12:00:00,17.4,1015.0,79.92790572070956
2024-12-20 15:00:00,12.6,1016.5,88.20815025668014
2024-12-20 18:00:00,10.4,1016.8,92.27398343475242
2024-12-20 21:00:00,8.4,1016.5,94.70753624146667
2024-12-21 00:00:00,6.8,1016.7,97.28804658589654
2024-12-21 03:00:00,8.0,1018.7,97.31358123769705
2024-12-21 06:00:00,17.6,1018.1,65.24765286244165
2024-12-21 09:00:00,21.4,1015.9,49.50641729745809
2024-12-21 12:00:00,17.0,1016.1,71.92595452180186
2024-12-21 15:00:00,10.8,1018.0,85.12296293659057
2024-12-21 18:00:00,9.4,1018.6,94.74832959201001
2024-12-21 21:00:00,8.4,1016.9,94.70753624146667
2024-12-22 00:00:00,8.0,1016.8,97.31358123769705
2024-12-22 03:00:00,8.4,1018.2,100.0
2024-12-22 06:00:00,18.4,1018.4,55.38465855750283
2024-12-22 09:00:00,20.4,1015.8,51.25809072100949
2024-12-22 12:00:00,16.6,1015.1,75.74227895112233
2024-12-22 15:00:00,10.8,1017.2,89.84882384224436
2024-12-22 18:00:00,9.4,1016.7,94.74832959201001
2024-12-22 21:00:00,10.0,1016.2,92.25045456238455
2024-12-23 00:00:00,10.6,1017.1,92.28570828919668
2024-12-23 03:00:00,11.2,1019.2,87.49473500330369
2024-12-23 06:00:00,11.4,1022.4,100.0
2024-12-23 09:00:00,12.0,1019.2,100.0
2024-12-23 12:00:00,12.8,1017.4,88.22551374596415
2024-12-23 15:00:00,12.0,1017.8,94.85223150186052
2024-12-23 18:00:00,11.4,1018.6,97.38401091998121
2024-12-23 21:00:00,9.4,1018.6,100.0
2024-12-24 00:00:00,9.0,1018.0,100.0
2024-12-24 03:00:00,7.8,1019.6,100.0
2024-12-24 06:00:00,15.8,1020.1,79.18246877292226
2024-12-24 09:00:00,18.6,1017.9,73.16391793414729
2024-12-24 12:00:00,16.6,1017.7,85.73366651470809
2024-12-24 15:00:00,12.0,1019.9,94.85223150186052
2024-12-24 18:00:00,11.0,1020.8,97.37586910690435
2024-12-24 21:00:00,9.6,1020.4,97.34707279392693
2024-12-25 00:00:00,9.0,1019.7,100.0
2024-12-25 03:00:00,9.0,1021.1,100.0
2024-12-25 06:00:00,16.8,1021.1,75.7749408151138
2024-12-25 09:00:00,21.6,1018.6,62.36850267963901
2024-12-25 12:00:00,17.0,1018.9,87.449220109464
2024-12-25 15:00:00,12.8,1021.0,95.51026070272563
2024-12-25 18:00:00,11.2,1021.8,97.3799447357553
2024-12-25 21:00:00,10.0,1021.2,100.0
2024-12-26 00:00:00,8.8,1021.2,100.0
2024-12-26 03:00:00,8.4,1023.7,100.0
2024-12-26 06:00:00,17.4,1024.2,77.87699805374835
2024-12-26 09:00:00,21.8,1020.9,48.633033123964324
2024-12-26 12:00:00,18.0,1020.8,80.01073261351038
2024-12-26 15:00:00,12.6,1021.8,93.01469484053409
2024-12-26 18:00:00,11.0,1022.1,97.37586910690435
2024-12-26 21:00:00,10.0,1021.4,100.0
2024-12-27 00:00:00,11.4,1020.4,97.38401091998121
2024-12-27 03:00:00,12.0,1022.4,100.0
2024-12-27 06:00:00,14.0,1023.0,97.43602491004624
2024-12-27 09:00:00,14.4,1019.7,100.0
2024-12-27 12:00:00,14.2,1019.2,88.92813687312545
2024-12-27 15:00:00,14.2,1019.6,97.43996186725943
2024-12-27 18:00:00,14.0,1020.5,100.0
2024-12-27 21:00:00,14.0,1019.3,100.0
2024-12-28 00:00:00,14.2,1018.4,100.0
2024-12-28 03:00:00,14.2,1020.4,100.0
2024-12-28 06:00:00,14.8,1021.8,100.0
2024-12-28 09:00:00,15.0,1020.0,100.0
2024-12-28 12:00:00,15.2,1020.0,98.08925216929067
2024-12-28 15:00:00,14.0,1021.7,97.43602491004624
2024-12-28 18:00:00,13.4,1022.6,97.42415963862136
2024-12-28 21:00:00,12.4,1021.8,97.40420118369903
2024-12-29 00:00:00,11.4,1021.9,100.0
2024-12-29 03:00:00,11.6,1023.4,100.0
2024-12-29 06:00:00,12.4,1023.9,100.0
2024-12-29 09:00:00,15.2,1021.6,91.35504121121689
2024-12-29 12:00:00,14.6,1020.5,95.5714542483362
2024-12-29 15:00:00,12.6,1021.8,97.40821130581216
2024-12-29 18:00:00,11.2,1022.0,100.0
2024-12-29 21:00:00,11.8,1020.9,97.3921150705423
2024-12-30 00:00:00,11.6,1019.6,94.8364464943844
2024-12-30 03:00:00,10.8,1021.6,97.37178400429313
2024-12-30 06:00:00,10.6,1022.9,94.79666786957364
2024-12-30 09:00:00,11.8,1021.5,87.54994431065455
2024-12-30 12:00:00,11.8,1020.4,100.0
2024-12-30 15:00:00,11.0,1021.4,97.37586910690435
2024-12-30 18:00:00,11.0,1022.5,94.81263378127055
2024-12-30 21:00:00,10.6,1022.1,94.79666786957364
2024-12-31 00:00:00,9.8,1021.8,92.23865038850573
2024-12-31 03:00:00,10.0,1023.9,92.25045456238455
2024-12-31 06:00:00,11.0,1024.9,87.47625235168279
2024-12-31 09:00:00,12.6,1022.6,83.62191407370018
2024-12-31 12:00:00,11.4,1021.3,87.51317780630974
2024-12-31 15:00:00,10.8,1022.8,89.84882384224436
2024-12-31 18:00:00,10.2,1022.5,89.80306259312263
2024-12-31 21:00:00,9.6,1021.0,92.22681961838842
