time,temp_c,slp_hpa,rh_pct
2023-01-01 00:00:00,7.2,1020.0,100.0
2023-01-01 03:00:00,7.6,1022.5,100.0
2023-01-01 06:00:00,9.8,1024.3,100.0
2023-01-01 09:00:00,12.4,1021.9,90.56925386231363
2023-01-01 12:00:00,12.2,1021.5,90.5551483537168
2023-01-01 15:00:00,8.2,1023.3,94.69932109658993
2023-01-01 18:00:00,7.4,1023.8,100.0
2023-01-01 21:00:00,6.6,1023.4,100.0
2023-01-02 00:00:00,7.4,1021.9,100.0
2023-01-02 03:00:00,7.0,1023.7,100.0
2023-01-02 06:00:00,9.2,1024.8,94.74020838163513
2023-01-02 09:00:00,14.2,1022.6,73.8454018876167
2023-01-02 12:00:00,12.0,1022.1,88.15583421968617
2023-01-02 15:00:00,8.0,1024.1,91.50086826671931
2023-01-02 18:00:00,6.2,1024.8,97.27514316832789
2023-01-02 21:00:00,5.4,1024.5,100.0
2023-01-03 00:00:00,8.0,1023.2,100.0
2023-01-03 03:00:00,7.6,1025.6,100.0
2023-01-03 06:00:00,8.2,1026.6,100.0
2023-01-03 09:00:00,9.4,1024.1,94.74832959201001
2023-01-03 12:00:00,9.6,1023.5,94.75643218583839
2023-01-03 15:00:00,9.4,1023.9,94.74832959201001
2023-01-03 18:00:00,8.2,1024.2,97.31780209575075
2023-01-03 21:00:00,7.6,1023.6,97.30510971707946
2023-01-04 00:00:00,7.2,1023.3,97.29659824992171
2023-01-04 03:00:00,7.0,1026.2,97.29232745823914
2023-01-04 06:00:00,8.2,1026.8,91.51383710352641
2023-01-04 09:00:00,9.6,1024.4,86.75194782273013
2023-01-04 12:00:00,10.0,1023.4,86.79106734289007
2023-01-04 15:00:00,6.2,1024.8,93.96148557333319
2023-01-04 18:00:00,7.0,1025.6,100.0
2023-01-04 21:00:00,7.4,1024.8,100.0
2023-01-05 00:00:00,6.0,1024.2,100.0
2023-01-05 03:00:00,6.2,1026.4,100.0
2023-01-05 09:00:00,9.4,1024.6,86.7323246423674
2023-01-05 12:00:00,9.0,1024.5,91.56542147352353
2023-01-05 15:00:00,8.5,1026.4,94.06827239868753
2023-01-05 18:00:00,8.4,1027.3,94.70753624146667
2023-01-06 00:00:00,6.6,1025.3,97.28375560129753
2023-01-06 03:00:00,6.4,1026.4,97.27945447272248
2023-01-06 06:00:00,7.8,1028.0,91.48787016012284
2023-01-06 09:00:00,9.0,1026.3,83.76529294858229
2023-01-06 12:00:00,9.0,1025.3,91.56542147352353
2023-01-06 15:00:00,7.0,1026.6,97.29232745823914
2023-01-06 18:00:00,7.0,1027.1,93.9989499969984
2023-01-06 21:00:00,6.8,1023.4,100.0
2023-01-07 00:00:00,5.8,1024.3,100.0
2023-01-07 03:00:00,6.5,1025.6,93.32641752485816
2023-01-07 06:00:00,9.2,1025.6,83.7889411829924
2023-01-07 09:00:00,13.8,1022.1,68.95310375459053
2023-01-07 12:00:00,11.6,1022.4,87.53158087183863
2023-01-07 15:00:00,8.2,1022.7,94.69932109658993
2023-01-07 18:00:00,5.7,1022.5,94.59501326339685
2023-01-08 00:00:00,7.4,1019.8,100.0
2023-01-08 03:00:00,8.0,1021.6,100.0
2023-01-08 06:00:00,9.4,1022.4,97.3429205497449
2023-01-08 09:00:00,14.0,1019.6,77.87481220532347
2023-01-08 12:00:00,12.6,1019.1,90.58332836922459
2023-01-08 15:00:00,10.4,1021.4,94.78865751832757
2023-01-08 18:00:00,8.0,1022.2,97.31358123769705
2023-01-08 21:00:00,9.8,1021.0,100.0
2023-01-09 00:00:00,9.4,1021.4,100.0
2023-01-09 03:00:00,9.4,1023.5,100.0
2023-01-09 06:00:00,10.0,1024.3,100.0
2023-01-09 09:00:00,12.3,1020.5,89.36513421360745
2023-01-09 12:00:00,11.2,1020.6,94.82058945159967
2023-01-09 15:00:00,11.2,1022.3,94.82058945159967
2023-01-09 18:00:00,10.4,1022.7,97.36358526068923
2023-01-09 21:00:00,10.0,1021.8,100.0
2023-01-10 00:00:00,9.2,1021.6,100.0
2023-01-10 03:00:00,8.8,1021.8,100.0
2023-01-10 06:00:00,9.8,1023.0,97.35121535724053
2023-01-10 09:00:00,11.4,1020.6,89.89428379005945
2023-01-10 12:00:00,11.4,1019.2,92.3323456350743
2023-01-10 15:00:00,11.4,1019.7,94.82852700449433
2023-01-10 18:00:00,10.6,1019.8,97.36768939867459
2023-01-10 21:00:00,10.2,1017.3,100.0
2023-01-11 00:00:00,9.8,1015.9,100.0
2023-01-11 03:00:00,10.0,1017.5,100.0
2023-01-11 06:00:00,11.0,1017.3,94.81263378127055
2023-01-11 09:00:00,12.0,1015.0,92.98290295662396
2023-01-11 12:00:00,12.0,1014.2,92.98290295662396
2023-01-11 15:00:00,11.0,1014.4,97.37586910690435
2023-01-11 18:00:00,10.4,1016.0,100.0
2023-01-11 21:00:00,10.0,1015.1,100.0
2023-01-12 00:00:00,9.4,1014.2,100.0
2023-01-12 03:00:00,9.4,1015.5,100.0
2023-01-12 06:00:00,12.4,1016.1,85.86748611851132
2023-01-12 09:00:00,17.6,1012.5,70.63072608460887
2023-01-12 12:00:00,17.0,1011.4,81.44548898385827
2023-01-12 15:00:00,12.6,1013.4,93.01469484053409
2023-01-12 18:00:00,12.6,1013.9,93.01469484053409
2023-01-12 21:00:00,10.6,1013.8,92.28570828919668
2023-01-13 00:00:00,11.0,1013.3,92.30907922238288
2023-01-13 03:00:00,10.8,1015.4,94.8046599388741
2023-01-13 06:00:00,17.4,1016.1,68.30159212964803
2023-01-13 09:00:00,20.2,1014.0,62.45824686119664
2023-01-13 12:00:00,17.8,1014.4,84.21749046722671
2023-01-13 15:00:00,14.4,1016.8,93.10880120194317
2023-01-13 18:00:00,13.8,1017.3,93.07764210464569
2023-01-13 21:00:00,12.6,1017.2,93.01469484053409
2023-01-14 00:00:00,11.4,1017.0,94.82852700449433
2023-01-14 03:00:00,11.0,1019.0,97.37586910690435
2023-01-14 06:00:00,11.6,1020.7,94.8364464943844
2023-01-14 09:00:00,14.4,1017.9,80.03600697911848
2023-01-14 12:00:00,13.8,1017.3,77.32500263724282
2023-01-14 15:00:00,9.4,1018.8,92.21496217334533
2023-01-14 18:00:00,7.6,1018.8,85.95542226925078
2023-01-14 21:00:00,6.2,1018.0,87.6321162616729
2023-01-15 00:00:00,5.2,1017.0,87.53840615249445
2023-01-15 03:00:00,6.0,1017.9,81.65613337938765
2023-01-15 06:00:00,14.8,1017.9,50.093889915524294
2023-01-15 09:00:00,17.4,1015.4,48.751619951838066
2023-01-15 12:00:00,13.6,1014.7,62.623965611120056
2023-01-15 15:00:00,8.4,1016.5,75.39733483046426
2023-01-15 18:00:00,6.4,1017.7,85.22989288438959
2023-01-15 21:00:00,4.6,1017.8,86.86308226839725
2023-01-16 00:00:00,3.6,1017.4,93.17376005243975
2023-01-16 03:00:00,4.8,1019.3,96.56642687957566
2023-01-16 06:00:00,14.8,1020.0,54.07952990701188
2023-01-16 09:00:00,18.4,1017.2,42.13506237933372
2023-01-16 12:00:00,14.4,1017.1,55.49366457043211
2023-01-16 15:00:00,9.0,1019.0,76.02720503461788
2023-01-16 18:00:00,7.2,1019.6,82.96839713018191
2023-01-16 21:00:00,5.0,1018.7,90.66236117966048
2023-01-17 00:00:00,3.8,1018.7,89.9334960873954
2023-01-17 03:00:00,4.6,1019.5,80.8868317006048
2023-01-17 06:00:00,15.4,1019.9,47.528836937291224
2023-01-17 09:00:00,18.0,1017.2,36.51285102572723
2023-01-17 12:00:00,14.4,1017.1,57.4459141407073
2023-01-17 15:00:00,8.4,1019.6,72.79820723154313
2023-01-17 18:00:00,6.0,1021.2,81.65613337938765
2023-01-17 21:00:00,4.4,1020.6,83.80377295983543
2023-01-18 00:00:00,3.6,1020.7,86.76332973065807
2023-01-18 03:00:00,4.6,1022.3,86.86308226839725
2023-01-18 06:00:00,13.0,1023.1,66.02262538735461
2023-01-18 09:00:00,18.2,1019.1,46.67680188219872
2023-01-18 12:00:00,15.6,1018.5,64.81090963722819
2023-01-18 15:00:00,10.6,1020.0,80.04154011189422
2023-01-18 18:00:00,10.6,1021.6,77.34699579774643
2023-01-18 21:00:00,9.6,1020.9,89.1487410661114
2023-01-19 00:00:00,9.6,1019.8,84.41223530202846
2023-01-19 03:00:00,9.0,1021.4,86.69295085025564
2023-01-19 06:00:00,15.4,1021.9,58.89226965821987
2023-01-19 09:00:00,19.4,1018.9,66.93435053606306
2023-01-19 12:00:00,16.8,1019.3,70.01285846326039
2023-01-19 15:00:00,14.4,1020.3,84.38669112870622
2023-01-19 18:00:00,13.6,1020.9,73.24394075695166
2023-01-19 21:00:00,13.0,1020.7,77.19968844926123
2023-01-20 00:00:00,10.8,1019.0,94.8046599388741
2023-01-20 03:00:00,9.6,1020.1,97.34707279392693
2023-01-20 06:00:00,13.0,1021.3,85.92903146370658
2023-01-20 09:00:00,14.4,1019.3,84.38669112870622
2023-01-20 12:00:00,14.4,1018.6,95.56471646093954
2023-01-20 15:00:00,11.0,1019.7,92.30907922238288
2023-01-20 18:00:00,9.0,1020.1,97.33458689848021
2023-01-20 21:00:00,7.8,1020.0,97.30935045513615
2023-01-21 00:00:00,6.4,1019.4,100.0
2023-01-21 03:00:00,7.2,1020.9,100.0
2023-01-21 06:00:00,16.4,1020.3,67.64597512396053
2023-01-21 09:00:00,21.0,1016.9,56.78422528555351
2023-01-21 12:00:00,17.6,1016.1,79.95556914093304
2023-01-21 15:00:00,12.4,1018.0,88.19074924278162
2023-01-21 18:00:00,10.4,1018.5,97.36358526068923
2023-01-21 21:00:00,8.4,1018.2,97.32201306016589
2023-01-22 00:00:00,7.6,1017.0,97.30510971707946
2023-01-22 03:00:00,8.0,1019.2,100.0
2023-01-22 06:00:00,16.0,1019.4,79.21120375812941
2023-01-22 09:00:00,21.4,1016.4,54.32336862127332
2023-01-22 12:00:00,18.4,1016.7,73.12860116909184
2023-01-22 15:00:00,13.4,1018.6,85.96984513155628
2023-01-22 18:00:00,10.4,1019.1,92.27398343475242
2023-01-22 21:00:00,9.0,1018.9,97.33458689848021
2023-01-23 00:00:00,7.8,1018.6,100.0
2023-01-23 03:00:00,9.6,1020.5,81.56608156666823
2023-01-23 06:00:00,17.8,1019.4,61.497585379248754
2023-01-23 09:00:00,22.2,1015.7,59.73774579082662
2023-01-23 12:00:00,20.0,1014.2,72.470856291407
2023-01-23 15:00:00,14.4,1015.7,86.63915156865335
2023-01-23 18:00:00,12.2,1015.7,92.99352401086504
2023-01-23 21:00:00,10.6,1015.4,92.28570828919668
2023-01-24 00:00:00,10.6,1014.8,97.36768939867459
2023-01-24 03:00:00,12.0,1016.7,88.15583421968617
2023-01-24 06:00:00,13.6,1018.8,95.53761218815481
2023-01-24 09:00:00,16.8,1015.0,87.43108727612648
2023-01-24 12:00:00,15.8,1014.5,95.61156291898422
2023-01-25 00:00:00,12.6,1016.0,100.0
2023-01-25 03:00:00,12.6,1018.1,97.40821130581216
2023-01-25 06:00:00,16.4,1019.1,93.8111314850518
2023-01-25 09:00:00,17.0,1017.2,93.83881396078476
2023-01-25 12:00:00,17.2,1016.6,93.84800065349559
2023-01-25 15:00:00,14.4,1018.8,100.0
2023-01-25 18:00:00,13.8,1019.7,100.0
2023-01-25 21:00:00,12.0,1019.6,100.0
2023-01-26 00:00:00,11.6,1019.4,100.0
2023-01-26 03:00:00,12.0,1020.8,100.0
2023-01-26 06:00:00,12.8,1022.1,97.41221218415632
2023-01-26 09:00:00,15.8,1019.7,87.33984624682459
2023-01-26 12:00:00,15.6,1019.1,89.04126423426794
2023-01-26 15:00:00,11.6,1020.4,94.8364464943844
2023-01-26 18:00:00,10.0,1021.0,94.77258174880322
2023-01-26 21:00:00,8.8,1019.9,94.72390988503051
2023-01-27 00:00:00,7.0,1019.9,91.43558329955191
2023-01-27 03:00:00,7.8,1022.3,85.97625230099969
2023-01-27 06:00:00,16.2,1021.7,61.537384689166515
2023-01-27 09:00:00,19.6,1018.2,63.56204708093991
2023-01-27 12:00:00,17.0,1017.9,75.80754074677424
2023-01-27 15:00:00,13.0,1019.1,83.66887270865111
2023-01-27 18:00:00,10.4,1018.8,89.81834998122066
2023-01-27 21:00:00,8.6,1018.1,91.5396873125259
2023-01-28 00:00:00,7.6,1016.4,94.02682246707201
2023-01-28 03:00:00,8.4,1018.3,80.84302754695561
2023-01-28 06:00:00,17.2,1017.7,66.47401101986013
2023-01-28 09:00:00,21.2,1014.1,58.7279584620031
2023-01-28 12:00:00,18.4,1013.7,71.24637545433755
2023-01-28 15:00:00,13.2,1014.8,83.69227900381789
2023-01-28 18:00:00,10.0,1015.3,89.78774143747167
2023-01-28 21:00:00,8.8,1014.2,91.55256885631819
2023-01-29 00:00:00,7.2,1014.7,94.00826222089151
2023-01-29 03:00:00,9.0,1016.5,86.69295085025564
2023-01-29 06:00:00,13.4,1018.1,93.05675333475915
2023-01-29 09:00:00,14.4,1015.8,88.9444025377394
2023-01-29 12:00:00,13.8,1015.5,100.0
2023-01-29 15:00:00,13.4,1015.8,95.53079760901926
2023-01-29 18:00:00,14.4,1017.2,88.9444025377394
2023-01-29 21:00:00,14.4,1018.1,88.9444025377394
2023-01-30 00:00:00,14.2,1018.4,95.55796340708035
2023-01-30 03:00:00,14.2,1020.2,88.92813687312545
2023-01-30 06:00:00,17.8,1021.7,79.9831780603204
2023-01-30 09:00:00,18.8,1019.8,80.6361044510389
2023-01-30 12:00:00,18.6,1019.1,80.60939160489468
2023-01-30 15:00:00,14.0,1020.7,95.55119504098639
2023-01-30 18:00:00,13.4,1021.5,95.53079760901926
2023-01-30 21:00:00,11.2,1021.3,94.82058945159967
2023-01-31 00:00:00,11.2,1019.9,97.3799447357553
2023-01-31 03:00:00,11.6,1021.4,100.0
2023-01-31 06:00:00,17.6,1021.7,83.65462891785485
2023-01-31 09:00:00,21.2,1018.8,73.14964788312554
2023-01-31 12:00:00,17.4,1018.4,89.75693674926578
2023-01-31 15:00:00,15.0,1019.3,93.13975305412771
2023-01-31 18:00:00,12.6,1020.2,95.50338385498358
2023-01-31 21:00:00,11.0,1019.2,94.81263378127055
2023-02-01 00:00:00,9.8,1018.4,97.35121535724053
2023-02-01 03:00:00,9.6,1019.9,89.1487410661114
2023-02-01 06:00:00,16.8,1020.6,65.94828526242769
2023-02-01 09:00:00,21.4,1017.0,54.32336862127332
2023-02-01 12:00:00,18.8,1016.5,66.37266162690366
2023-02-01 15:00:00,14.8,1018.3,82.23628087953296
2023-02-01 18:00:00,12.8,1018.8,85.90855977917565
2023-02-01 21:00:00,11.6,1017.3,89.90937059711342
2023-02-02 00:00:00,9.8,1016.8,89.7723864169713
2023-02-02 03:00:00,11.2,1017.6,75.35117512899514
2023-02-02 06:00:00,20.8,1017.9,48.68735716569926
2023-02-02 09:00:00,23.6,1015.8,39.9665095184025
2023-02-02 12:00:00,19.8,1016.1,58.77700449776376
2023-02-02 15:00:00,15.0,1017.5,80.6502233316019
2023-02-02 18:00:00,12.2,1017.7,83.01508546625162
2023-02-02 21:00:00,11.2,1018.0,87.49473500330369
2023-02-03 00:00:00,9.0,1017.3,91.56542147352353
2023-02-03 03:00:00,10.4,1018.7,89.81834998122066
2023-02-03 06:00:00,20.2,1019.1,47.873608167255206
2023-02-03 09:00:00,24.4,1015.5,39.924232370418196
2023-02-03 12:00:00,20.8,1015.1,58.24782501549027
2023-02-03 15:00:00,16.6,1016.9,73.77464045947974
2023-02-03 18:00:00,13.8,1016.8,86.58079732128753
2023-02-04 00:00:00,10.8,1014.6,87.45772973993424
2023-02-04 03:00:00,11.2,1015.8,94.82058945159967
2023-02-04 06:00:00,21.8,1015.7,51.62798897930267
2023-02-04 09:00:00,24.4,1013.2,43.8248979213649
2023-02-04 12:00:00,21.4,1012.4,58.77601736607697
2023-02-04 15:00:00,17.0,1013.7,79.87241483728825
2023-02-04 18:00:00,14.6,1014.3,86.65852074243855
2023-02-04 21:00:00,14.0,1013.5,86.600289970592
2023-02-05 00:00:00,11.8,1012.6,92.35550813991742
2023-02-05 03:00:00,12.8,1014.0,85.90855977917565
2023-02-05 06:00:00,21.2,1014.6,50.789530615242015
2023-02-05 09:00:00,24.8,1011.5,43.07320487119796
2023-02-05 12:00:00,21.2,1011.6,58.7279584620031
2023-02-05 15:00:00,15.6,1013.0,78.63391824127898
2023-02-05 18:00:00,13.0,1014.4,93.03577109694395
2023-02-05 21:00:00,11.6,1013.6,87.53158087183863
2023-02-06 00:00:00,10.8,1013.0,94.8046599388741
2023-02-06 03:00:00,12.2,1015.2,92.99352401086504
2023-02-06 06:00:00,17.2,1015.9,75.84007888973122
2023-02-06 09:00:00,23.6,1012.1,53.822735105171496
2023-02-06 12:00:00,22.2,1010.7,64.54765713917364
2023-02-06 15:00:00,16.6,1013.0,83.53885195933492
2023-02-06 18:00:00,14.4,1013.1,84.38669112870622
2023-02-06 21:00:00,12.6,1012.3,93.01469484053409
2023-02-07 00:00:00,11.6,1011.5,94.8364464943844
2023-02-07 03:00:00,12.0,1013.5,90.54101175416311
2023-02-07 06:00:00,20.4,1013.6,59.31046034978106
2023-02-07 09:00:00,23.6,1011.6,44.1871025717612
2023-02-07 12:00:00,20.4,1011.6,51.25809072100949
2023-02-07 15:00:00,15.6,1014.5,72.62729544777584
2023-02-07 18:00:00,13.2,1015.1,81.48752184657413
2023-02-07 21:00:00,13.2,1014.2,77.23110881689198
2023-02-08 00:00:00,11.8,1014.7,78.595674314404
2023-02-08 03:00:00,10.2,1016.2,84.48030179168389
2023-02-08 06:00:00,19.8,1016.8,55.36993599891513
2023-02-08 09:00:00,22.4,1014.2,45.04517723462788
2023-02-08 12:00:00,19.6,1013.4,53.501473169296055
2023-02-08 15:00:00,16.0,1015.0,70.79345029633299
2023-02-08 18:00:00,14.6,1015.5,75.91702201924505
2023-02-08 21:00:00,12.4,1014.4,85.86748611851132
2023-02-09 00:00:00,11.2,1013.2,89.87916379213625
2023-02-09 03:00:00,11.6,1014.1,89.90937059711342
2023-02-09 06:00:00,20.8,1014.2,58.24782501549027
2023-02-09 09:00:00,23.2,1011.8,59.20534118595157
2023-02-09 12:00:00,21.8,1011.6,70.51187349579016
2023-02-09 15:00:00,17.6,1011.7,68.79445560561811
2023-02-09 18:00:00,16.2,1012.5,73.21885864000632
2023-02-09 21:00:00,15.6,1012.2,74.58292836853072
2023-02-10 00:00:00,14.6,1011.6,82.21115771380671
2023-02-10 03:00:00,15.4,1013.7,85.05255730831114
2023-02-10 06:00:00,22.0,1014.6,62.45866938263309
2023-02-10 09:00:00,24.8,1010.8,56.615701950203146
2023-02-10 12:00:00,22.4,1010.0,71.07373433061426
2023-02-10 15:00:00,18.4,1011.9,88.13441076656039
2023-02-10 18:00:00,16.6,1013.8,91.44416208645718
2023-02-10 21:00:00,15.0,1013.0,95.58488420598349
2023-02-11 00:00:00,13.8,1013.5,95.54441131671555
2023-02-11 03:00:00,14.0,1015.7,97.43602491004624
2023-02-11 06:00:00,22.4,1016.2,69.29137490376931
2023-02-11 09:00:00,24.8,1014.3,63.4817355359212
2023-02-11 12:00:00,21.2,1014.5,61.87448662932952
2023-02-11 15:00:00,16.4,1017.0,69.47184527396357
2023-02-11 18:00:00,12.6,1018.7,85.88804470359835
2023-02-11 21:00:00,11.6,1017.7,89.90937059711342
2023-02-12 00:00:00,9.8,1017.9,79.37977462249532
2023-02-12 03:00:00,12.6,1019.7,59.016517510040934
2023-02-12 06:00:00,19.6,1020.6,42.4771554603953
2023-02-12 09:00:00,22.0,1018.9,31.899369037040508
2023-02-12 12:00:00,18.4,1019.0,45.15306982429587
2023-02-12 15:00:00,13.0,1020.6,68.32266158149196
2023-02-12 18:00:00,11.4,1020.2,63.86963661212999
2023-02-12 21:00:00,9.6,1017.2,74.04267915920606
2023-02-13 00:00:00,6.6,1017.6,79.46413504686603
2023-02-13 03:00:00,8.8,1018.4,67.92117237806535
2023-02-13 06:00:00,18.0,1018.2,44.73004138770133
2023-02-13 09:00:00,21.0,1015.4,43.16618438618589
2023-02-13 12:00:00,18.0,1014.5,53.083679116365815
2023-02-13 15:00:00,14.0,1016.4,67.14579806449841
2023-02-13 18:00:00,12.6,1017.8,72.07563192824672
2023-02-13 21:00:00,10.4,1017.3,82.2310067121659
2023-02-14 00:00:00,10.4,1015.9,74.69824206040086
2023-02-14 03:00:00,13.6,1017.5,56.45377419355957
2023-02-14 06:00:00,18.2,1019.5,49.9842596949574
2023-02-14 09:00:00,22.2,1016.4,52.07527839165964
2023-02-14 12:00:00,20.6,1013.6,51.65488057387804
2023-02-14 15:00:00,16.4,1016.7,71.34101940854292
2023-02-14 18:00:00,14.0,1016.2,75.31197286309917
2023-02-14 21:00:00,12.8,1014.1,81.43501326288664
2023-02-15 00:00:00,12.4,1013.3,85.86748611851132
2023-02-15 03:00:00,14.4,1014.8,73.88050108878636
2023-02-15 06:00:00,23.4,1014.8,50.701870022376326
2023-02-15 09:00:00,26.6,1012.4,45.306629350599906
2023-02-15 12:00:00,23.4,1011.9,56.636614581770104
2023-02-15 15:00:00,19.0,1013.5,66.41470677414787
2023-02-15 18:00:00,16.0,1015.1,89.0732748299233
2023-02-15 21:00:00,14.4,1015.3,91.30349882802155
2023-02-16 00:00:00,11.8,1015.5,97.3921150705423
2023-02-16 03:00:00,12.6,1017.9,97.40821130581216
2023-02-16 06:00:00,21.8,1017.7,67.42684674439127
2023-02-16 09:00:00,25.4,1014.8,58.596770845043764
2023-02-16 12:00:00,24.0,1014.4,70.47837778915957
2023-02-16 15:00:00,18.6,1016.6,88.15149022709771
2023-02-16 18:00:00,16.6,1017.6,93.82037943614978
2023-02-16 21:00:00,14.6,1017.6,97.44780874705047
2023-02-17 00:00:00,12.8,1017.3,100.0
2023-02-17 03:00:00,13.0,1018.9,100.0
2023-02-17 06:00:00,22.6,1019.1,69.33008235227456
2023-02-17 09:00:00,27.4,1016.0,43.79135513379636
2023-02-17 12:00:00,24.6,1015.5,67.98894000118018
2023-02-17 15:00:00,18.4,1016.7,88.13441076656039
2023-02-17 18:00:00,16.6,1017.1,89.69689474307988
2023-02-17 21:00:00,15.6,1016.3,100.0
2023-02-18 00:00:00,14.0,1015.5,100.0
2023-02-18 03:00:00,13.0,1018.1,100.0
2023-02-18 06:00:00,18.4,1018.7,88.13441076656039
2023-02-18 09:00:00,25.2,1014.9,72.92833389963405
2023-02-18 12:00:00,24.0,1013.7,83.33878752130364
2023-02-18 15:00:00,19.0,1016.0,93.92977440102698
2023-02-18 18:00:00,16.8,1017.0,98.11250167702032
2023-02-18 21:00:00,15.0,1015.9,100.0
2023-02-19 00:00:00,14.6,1015.1,100.0
2023-02-19 03:00:00,14.2,1019.3,100.0
2023-02-19 06:00:00,22.4,1016.8,77.6333068665811
2023-02-19 09:00:00,26.4,1013.5,63.431976186978964
2023-02-19 12:00:00,24.4,1012.7,69.24033252213863
2023-02-19 15:00:00,18.8,1014.1,90.4311677327325
2023-02-19 21:00:00,15.6,1014.1,98.0951045226394
2023-02-20 00:00:00,15.6,1012.4,98.0951045226394
2023-02-20 03:00:00,16.0,1013.8,98.10093011701596
2023-02-20 06:00:00,23.6,1013.3,76.37249952757334
2023-02-20 09:00:00,27.0,1010.1,65.56431854728334
2023-02-20 12:00:00,25.4,1009.4,66.88311494829222
2023-02-20 15:00:00,21.2,1010.7,92.87134485887553
2023-02-20 18:00:00,20.0,1011.3,90.51425911024681
2023-02-20 21:00:00,18.4,1010.9,93.90269655568989
2023-02-21 00:00:00,17.0,1011.2,98.11537809485195
2023-02-21 03:00:00,17.8,1013.3,93.87543916375934
2023-02-21 06:00:00,25.4,1013.1,72.96297423706713
2023-02-21 09:00:00,28.0,1010.5,59.577319147693366
2023-02-21 12:00:00,26.2,1010.1,66.2167817215212
2023-02-21 15:00:00,21.6,1012.6,90.62340471174356
2023-02-21 18:00:00,18.4,1013.9,100.0
2023-02-21 21:00:00,15.4,1013.8,95.59825364282388
2023-02-22 00:00:00,12.6,1013.8,95.50338385498358
2023-02-22 03:00:00,14.6,1014.8,91.3164268378706
2023-02-22 06:00:00,25.0,1015.0,58.13017769528709
2023-02-22 09:00:00,26.4,1013.3,55.57883796392953
2023-02-22 12:00:00,24.6,1012.6,57.66431548980472
2023-02-22 15:00:00,19.4,1014.1,82.8002759006202
2023-02-22 18:00:00,16.6,1015.1,98.10961869030947
2023-02-22 21:00:00,14.4,1013.9,95.56471646093954
2023-02-23 00:00:00,12.8,1013.4,95.51026070272563
2023-02-23 03:00:00,14.4,1014.4,86.63915156865335
2023-02-23 06:00:00,24.6,1014.1,54.77816081633107
2023-02-23 09:00:00,27.0,1012.1,48.440600801845854
2023-02-23 12:00:00,24.0,1011.8,57.150508542239244
2023-02-23 15:00:00,19.8,1013.9,74.32464288933063
2023-02-23 18:00:00,16.4,1014.6,91.43151375710556
2023-02-23 21:00:00,15.2,1014.5,95.59157646693424
2023-02-24 00:00:00,12.6,1014.6,100.0
2023-02-24 03:00:00,15.0,1016.4,91.34219794839412
2023-02-24 06:00:00,24.6,1016.3,61.85075620714107
2023-02-24 09:00:00,28.4,1014.3,41.577721781983016
2023-02-24 12:00:00,24.6,1014.0,59.15689306068407
2023-02-24 15:00:00,20.2,1015.8,71.12017585620825
2023-02-24 18:00:00,17.2,1017.4,77.8468347395206
2023-02-24 21:00:00,15.0,1016.5,88.99298972017739
2023-02-25 00:00:00,15.2,1016.4,89.0091158362736
2023-02-25 03:00:00,15.0,1018.6,88.99298972017739
2023-02-25 06:00:00,24.0,1018.3,64.5233560338738
2023-02-25 09:00:00,28.4,1015.4,47.584581154356115
2023-02-25 12:00:00,25.4,1014.9,54.27880168034746
2023-02-25 15:00:00,19.6,1017.9,79.21141854904147
2023-02-25 18:00:00,16.6,1019.1,93.82037943614978
2023-02-25 21:00:00,15.2,1018.7,98.08925216929067
2023-02-26 00:00:00,13.4,1019.1,100.0
2023-02-26 03:00:00,15.4,1020.4,91.36785638670548
2023-02-26 06:00:00,23.6,1020.8,74.95700457694504
2023-02-26 09:00:00,28.0,1017.8,46.87414986837853
2023-02-26 12:00:00,25.6,1017.1,57.173530456297016
2023-02-26 15:00:00,20.0,1019.2,83.39836242248586
2023-02-26 18:00:00,17.6,1020.0,93.8663131960353
2023-02-26 21:00:00,16.6,1017.8,93.82037943614978
2023-02-27 00:00:00,14.6,1018.2,97.44780874705047
2023-02-27 03:00:00,15.8,1020.3,95.61156291898422
2023-02-27 06:00:00,24.4,1020.1,73.70091272937036
2023-02-27 09:00:00,29.0,1017.2,49.28004652644674
2023-02-27 12:00:00,26.4,1016.5,59.578657328843455
2023-02-27 15:00:00,21.2,1018.1,79.93886151677536
2023-02-27 18:00:00,17.4,1018.6,79.92790572070956
2023-02-27 21:00:00,16.2,1017.9,89.6666795922352
2023-02-28 00:00:00,13.8,1017.7,95.54441131671555
2023-02-28 03:00:00,16.0,1019.3,82.92582750051312
2023-02-28 06:00:00,21.0,1021.7,69.9109186693193
2023-02-28 09:00:00,25.4,1018.9,54.27880168034746
2023-02-28 12:00:00,22.8,1018.2,63.44677270636492
2023-02-28 15:00:00,19.8,1018.4,61.95921539888884
2023-02-28 18:00:00,17.6,1018.7,74.43323600853022
2023-02-28 21:00:00,14.6,1020.1,95.5714542483362
2023-03-01 00:00:00,16.8,1022.9,89.71195364563357
2023-03-01 03:00:00,16.0,1022.2,93.79257390574581
2023-03-01 06:00:00,25.2,1022.1,58.1780014517342
2023-03-01 09:00:00,28.6,1019.7,48.86418183564483
2023-03-01 12:00:00,25.6,1018.9,64.45946580818865
2023-03-01 15:00:00,20.0,1020.8,81.3101072483957
2023-03-01 18:00:00,17.6,1020.6,88.06573120324506
2023-03-01 21:00:00,16.0,1019.9,91.40613419141593
2023-03-02 00:00:00,16.0,1019.7,91.40613419141593
2023-03-02 03:00:00,16.2,1021.8,89.6666795922352
2023-03-02 06:00:00,26.8,1021.1,55.677419950299736
2023-03-02 09:00:00,29.6,1018.7,42.99653296618901
2023-03-02 12:00:00,27.0,1017.9,51.97148473300338
2023-03-02 15:00:00,21.8,1019.8,77.05626826357745
2023-03-02 18:00:00,18.2,1021.1,89.8164658325339
2023-03-02 21:00:00,18.4,1020.0,89.83126862847055
2023-03-03 09:00:00,29.6,1018.9,44.109451071360205
2023-03-03 12:00:00,25.4,1018.5,59.722310592735006
2023-03-03 15:00:00,20.4,1019.8,81.36149554201421
2023-03-03 18:00:00,17.4,1020.7,92.08019662818475
2023-03-03 21:00:00,16.4,1020.8,91.43151375710556
2023-03-04 00:00:00,15.8,1020.5,95.61156291898422
2023-03-04 03:00:00,17.8,1022.7,88.08295555066682
2023-03-04 06:00:00,26.0,1022.5,61.77549134798711
2023-03-04 09:00:00,28.0,1019.0,50.60007897036122
2023-03-04 12:00:00,26.0,1018.1,57.63433267904622
2023-03-04 15:00:00,21.6,1020.2,78.49717461310503
2023-03-04 18:00:00,18.6,1020.0,92.1499281632111
2023-03-04 21:00:00,17.2,1019.7,92.0684857695993
2023-03-05 00:00:00,15.6,1019.3,93.77393368836664
2023-03-05 03:00:00,18.0,1021.1,92.1151763066067
2023-03-05 06:00:00,25.6,1021.1,61.297946446303996
2023-03-05 09:00:00,27.6,1017.9,54.14162894034234
2023-03-05 12:00:00,25.4,1016.5,58.596770845043764
2023-03-05 15:00:00,21.4,1018.4,76.99499781655292
2023-03-05 18:00:00,18.8,1018.6,90.4311677327325
2023-03-05 21:00:00,17.0,1017.7,91.46937623164787
2023-03-06 00:00:00,15.8,1017.2,98.09802065452361
2023-03-06 03:00:00,18.4,1018.7,89.83126862847055
2023-03-06 06:00:00,26.4,1018.6,59.578657328843455
2023-03-06 09:00:00,28.8,1015.5,49.22758668513023
2023-03-06 12:00:00,26.2,1014.1,56.59689584142209
2023-03-06 15:00:00,22.0,1015.1,77.08681687030213
2023-03-06 18:00:00,19.6,1015.6,86.58100783026312
2023-03-06 21:00:00,18.4,1014.9,89.83126862847055
2023-03-07 00:00:00,15.6,1015.5,95.604915778585
2023-03-07 03:00:00,16.6,1018.1,95.63800241653746
2023-03-07 06:00:00,26.4,1018.1,62.25365124486911
2023-03-07 09:00:00,29.6,1015.1,46.41150114714314
2023-03-07 12:00:00,26.8,1014.3,58.55809877032945
2023-03-07 15:00:00,22.6,1015.6,77.66312926099062
2023-03-07 18:00:00,19.8,1016.9,90.50048450568904
2023-03-07 21:00:00,18.0,1017.0,89.80163133535805
2023-03-08 00:00:00,15.4,1017.0,95.59825364282388
2023-03-08 03:00:00,18.4,1019.3,80.58262590477159
2023-03-08 06:00:00,26.0,1018.9,51.0534495107056
2023-03-08 09:00:00,29.2,1015.8,40.21087920229749
2023-03-08 12:00:00,26.4,1015.2,54.183993266159504
2023-03-08 15:00:00,22.2,1017.4,73.7886969502603
2023-03-08 18:00:00,18.6,1018.4,69.44611108171303
2023-03-08 21:00:00,15.6,1017.8,80.7311582049925
2023-03-09 00:00:00,14.4,1018.1,91.30349882802155
2023-03-09 03:00:00,16.8,1020.1,83.56210204241829
2023-03-09 06:00:00,26.4,1019.5,52.820008231230375
2023-03-09 09:00:00,28.8,1016.6,41.95814954833537
2023-03-09 12:00:00,26.4,1015.7,54.183993266159504
2023-03-09 15:00:00,22.2,1017.1,73.7886969502603
2023-03-09 18:00:00,19.4,1018.0,84.93178225244176
2023-03-09 21:00:00,17.0,1017.5,91.46937623164787
2023-03-10 00:00:00,16.4,1016.9,93.8111314850518
2023-03-10 03:00:00,18.0,1017.8,88.1001435273896
2023-03-10 06:00:00,26.4,1017.2,59.578657328843455
2023-03-10 09:00:00,29.6,1014.7,47.601613890075406
2023-03-10 12:00:00,26.8,1014.0,55.677419950299736
2023-03-10 15:00:00,23.2,1015.2,66.85582014146925
2023-03-10 18:00:00,20.2,1016.6,81.33582680524137
2023-03-10 21:00:00,18.0,1015.8,92.1151763066067
2023-03-11 00:00:00,16.6,1015.3,95.63800241653746
2023-03-11 03:00:00,19.6,1017.8,81.25851516552751
2023-03-11 06:00:00,26.2,1017.8,59.15801200288633
2023-03-11 09:00:00,29.4,1014.9,44.055074845331326
2023-03-11 12:00:00,27.4,1014.0,52.40576058219158
2023-03-11 15:00:00,21.6,1016.1,75.10136432642726
2023-03-11 18:00:00,19.0,1016.5,82.75226606225803
2023-03-11 21:00:00,17.6,1015.3,88.06573120324506
2023-03-12 00:00:00,16.0,1015.9,89.0732748299233
2023-03-12 03:00:00,19.6,1018.2,81.25851516552751
2023-03-12 06:00:00,27.8,1017.2,51.84729878092747
2023-03-12 09:00:00,30.8,1014.3,45.570414898390574
2023-03-12 12:00:00,27.8,1013.0,48.035192948546424
2023-03-12 15:00:00,23.0,1014.8,76.27881450654198
2023-03-12 18:00:00,20.2,1015.7,88.84251349796529
2023-03-12 21:00:00,18.4,1014.9,92.13836940421315
2023-03-13 00:00:00,16.6,1014.7,98.10961869030947
2023-03-13 03:00:00,19.4,1016.5,90.4728467946595
2023-03-13 06:00:00,26.8,1016.1,66.75154657469582
2023-03-13 09:00:00,30.4,1012.5,47.2160211879818
2023-03-13 12:00:00,28.0,1011.2,62.22113735241833
2023-03-13 15:00:00,23.2,1013.2,79.71231483560945
2023-03-13 18:00:00,21.2,1013.2,85.6553720601642
2023-03-13 21:00:00,18.8,1011.8,90.4311677327325
2023-03-14 00:00:00,16.6,1012.5,100.0
2023-03-14 03:00:00,19.0,1013.4,79.126223220217
2023-03-14 06:00:00,28.6,1012.3,45.26607525457315
2023-03-14 09:00:00,31.4,1009.2,40.81710416937464
2023-03-14 12:00:00,28.4,1007.8,57.48575855515023
2023-03-14 15:00:00,23.6,1009.5,74.95700457694504
2023-03-14 18:00:00,20.6,1010.0,85.05848941378555
2023-03-14 21:00:00,18.6,1009.3,88.15149022709771
2023-03-15 00:00:00,17.4,1010.0,95.66420552704284
2023-03-15 03:00:00,20.6,1012.1,78.35177748724496
2023-03-15 06:00:00,27.6,1012.1,64.48394964994625
2023-03-15 09:00:00,30.6,1009.1,45.230322869618256
2023-03-15 12:00:00,29.2,1007.9,50.591568433033885
2023-03-15 15:00:00,23.8,1010.1,78.32521755630039
2023-03-15 18:00:00,19.6,1011.2,73.81379105585982
2023-03-15 21:00:00,18.0,1010.9,76.46472676151815
2023-03-16 00:00:00,17.4,1010.4,82.0261957179648
2023-03-16 03:00:00,20.2,1012.6,72.50665915505505
2023-03-16 06:00:00,28.8,1012.5,50.17022945547514
2023-03-16 09:00:00,31.4,1009.8,36.60859670025432
2023-03-16 12:00:00,29.4,1009.0,52.25595491573255
2023-03-16 15:00:00,25.0,1011.3,60.775201917596824
2023-03-16 18:00:00,21.2,1012.7,63.50267951350905
2023-03-16 21:00:00,19.2,1012.0,70.01729897448654
2023-03-17 00:00:00,17.6,1013.7,92.09188195528188
2023-03-17 03:00:00,18.4,1016.2,86.46578762764692
2023-03-17 06:00:00,24.6,1015.3,61.85075620714107
2023-03-17 09:00:00,29.2,1011.5,48.40624725511165
2023-03-17 12:00:00,24.6,1010.6,72.37235517024858
2023-03-17 15:00:00,21.6,1011.6,80.49756918337606
2023-03-17 18:00:00,20.6,1012.6,73.04449468125938
2023-03-17 21:00:00,17.8,1012.2,95.67721930970805
2023-03-18 00:00:00,16.6,1013.0,98.10961869030947
2023-03-18 03:00:00,16.0,1015.8,100.0
2023-03-18 06:00:00,16.2,1016.3,100.0
2023-03-18 09:00:00,20.2,1012.7,83.42149095195703
2023-03-18 12:00:00,22.0,1010.8,77.08681687030213
2023-03-18 15:00:00,19.6,1011.8,93.95667425471608
2023-03-18 18:00:00,17.0,1012.2,98.11537809485195
2023-03-18 21:00:00,15.7,1011.8,99.05768904742598
2023-03-19 00:00:00,14.8,1011.4,100.0
2023-03-19 03:00:00,16.6,1012.7,95.63800241653746
2023-03-19 06:00:00,24.6,1012.2,59.15689306068407
2023-03-19 09:00:00,26.8,1008.8,51.92002876756459
2023-03-19 12:00:00,25.4,1007.1,54.27880168034746
2023-03-19 15:00:00,21.0,1008.5,88.9063604341973
2023-03-19 18:00:00,19.0,1009.3,93.92977440102698
2023-03-19 21:00:00,19.0,1009.0,88.18554132284771
2023-03-20 00:00:00,17.2,1008.4,91.48194220405334
2023-03-20 03:00:00,20.0,1009.7,74.35848005153662
2023-03-20 06:00:00,25.4,1009.6,64.01349525201712
2023-03-20 09:00:00,20.0,1008.4,84.99533007192596
2023-03-20 12:00:00,15.6,1010.1,100.0
2023-03-20 15:00:00,14.8,1009.7,100.0
2023-03-20 18:00:00,14.6,1010.7,100.0
2023-03-20 21:00:00,14.2,1010.5,100.0
2023-03-21 00:00:00,13.6,1010.0,100.0
2023-03-21 03:00:00,15.0,1011.7,100.0
2023-03-21 06:00:00,22.0,1012.0,72.36558787435905
2023-03-21 09:00:00,24.8,1009.8,57.34487145678009
2023-03-21 12:00:00,22.0,1009.1,70.54945136907497
2023-03-21 15:00:00,18.2,1010.8,89.8164658325339
2023-03-21 21:00:00,15.7,1012.1,96.22505923587116
2023-03-22 00:00:00,14.8,1011.9,100.0
2023-03-22 03:00:00,17.6,1014.0,89.77186688273888
2023-03-22 06:00:00,23.6,1013.8,66.93757991376943
2023-03-22 09:00:00,26.4,1010.9,58.095861840456465
2023-03-22 12:00:00,24.8,1008.9,60.72929795521744
2023-03-22 15:00:00,21.4,1010.2,78.46820659148995
2023-03-22 18:00:00,18.8,1010.8,92.16146182468223
2023-03-22 21:00:00,17.2,1010.5,92.0684857695993
2023-03-23 00:00:00,15.6,1009.8,98.0951045226394
2023-03-23 03:00:00,18.2,1011.4,88.11729523295126
2023-03-23 06:00:00,26.0,1011.3,57.63433267904622
2023-03-23 09:00:00,28.0,1009.3,50.60007897036122
2023-03-23 12:00:00,26.2,1008.0,63.38846253625371
2023-03-23 15:00:00,22.4,1009.4,79.10614032603415
2023-03-23 18:00:00,20.0,1010.1,90.51425911024681
2023-03-23 21:00:00,18.0,1009.6,92.1151763066067
2023-03-24 00:00:00,16.6,1008.7,100.0
2023-03-24 03:00:00,18.4,1010.8,92.13836940421315
2023-03-24 06:00:00,18.0,1013.7,100.0
2023-03-24 09:00:00,24.2,1010.4,67.48340579969009
2023-03-24 12:00:00,22.6,1007.5,72.47233379539851
2023-03-24 15:00:00,19.4,1011.0,93.9477273183699
2023-03-24 18:00:00,17.6,1011.6,98.12396813345299
2023-03-24 21:00:00,16.4,1011.0,98.10672911476868
2023-03-25 00:00:00,17.0,1010.8,91.46937623164787
2023-03-25 03:00:00,18.2,1014.9,89.8164658325339
2023-03-25 06:00:00,22.0,1015.5,72.36558787435905
2023-03-25 09:00:00,26.0,1012.8,61.77549134798711
2023-03-25 12:00:00,25.8,1011.3,61.73054888864948
2023-03-25 15:00:00,20.8,1013.3,88.8904490414604
2023-03-25 18:00:00,19.0,1014.9,96.31788420104945
2023-03-25 21:00:00,17.0,1014.1,100.0
2023-03-26 00:00:00,17.0,1013.5,100.0
2023-03-26 03:00:00,19.8,1014.3,84.97419078065248
2023-03-26 06:00:00,25.4,1014.4,65.63974012452589
2023-03-26 09:00:00,28.0,1011.3,45.68695398579168
2023-03-26 12:00:00,25.2,1010.4,61.20709568792682
2023-03-26 15:00:00,20.6,1012.4,85.05848941378555
2023-03-26 18:00:00,18.6,1011.1,89.84603981142992
2023-03-26 21:00:00,17.2,1011.4,95.65767675758462
2023-03-27 00:00:00,15.6,1011.2,93.77393368836664
2023-03-27 03:00:00,18.6,1012.7,84.30632435360548
2023-03-27 06:00:00,25.4,1013.2,59.722310592735006
2023-03-27 09:00:00,26.6,1011.0,51.53806668573736
2023-03-27 12:00:00,25.0,1009.8,55.2316510124865
2023-03-27 15:00:00,21.0,1011.4,73.11466043664565
2023-03-27 18:00:00,18.8,1012.0,80.6361044510389
2023-03-27 21:00:00,17.0,1011.2,91.46937623164787
2023-03-28 00:00:00,15.6,1010.4,95.604915778585
2023-03-28 03:00:00,20.6,1011.7,76.38391108279227
2023-03-28 06:00:00,26.8,1012.0,55.677419950299736
2023-03-28 09:00:00,28.2,1010.0,50.9737734270589
2023-03-28 12:00:00,27.2,1009.5,53.70027276375083
2023-03-28 15:00:00,22.6,1011.1,74.32350126867689
2023-03-28 18:00:00,19.4,1012.4,90.4728467946595
2023-03-28 21:00:00,18.0,1011.7,92.1151763066067
2023-03-29 00:00:00,16.4,1011.5,98.10672911476868
2023-03-29 03:00:00,20.4,1012.9,81.36149554201421
2023-03-29 06:00:00,28.6,1012.5,55.07601922060314
2023-03-29 09:00:00,30.6,1010.4,41.91458094264047
2023-03-29 12:00:00,27.6,1009.7,58.01642284156709
2023-03-29 15:00:00,22.6,1011.4,80.62978631657926
2023-03-29 18:00:00,20.2,1011.5,94.57041014289584
2023-03-29 21:00:00,20.8,1011.5,78.38096858207
2023-03-30 00:00:00,18.4,1011.5,93.90269655568989
2023-03-30 03:00:00,22.6,1011.9,74.32350126867689
2023-03-30 06:00:00,29.0,1010.3,45.66475006650691
2023-03-30 09:00:00,31.4,1007.4,37.56287712753267
2023-03-30 12:00:00,29.8,1005.5,44.44583690114762
2023-03-30 15:00:00,18.0,1010.1,100.0
2023-03-30 18:00:00,18.4,1009.9,100.0
2023-03-30 21:00:00,18.8,1008.4,96.31235577580728
2023-03-31 00:00:00,18.4,1009.0,95.69663123794629
2023-03-31 03:00:00,16.8,1011.2,100.0
2023-03-31 06:00:00,18.0,1012.2,100.0
2023-03-31 09:00:00,19.6,1010.3,90.48668042796811
2023-03-31 12:00:00,19.8,1009.2,86.60007203334754
2023-03-31 15:00:00,18.6,1010.2,93.91174237662614
2023-03-31 18:00:00,17.2,1011.2,100.0
2023-03-31 21:00:00,16.8,1011.1,100.0
2023-04-01 00:00:00,16.4,1010.7,100.0
2023-04-01 03:00:00,18.2,1012.3,92.12678547599367
2023-04-01 06:00:00,24.2,1012.1,61.760459816300205
2023-04-01 09:00:00,26.6,1009.3,54.23420155768275
2023-04-01 12:00:00,21.6,1008.6,75.10136432642726
2023-04-01 15:00:00,17.6,1010.2,100.0
2023-04-01 18:00:00,17.0,1011.4,100.0
2023-04-01 21:00:00,16.6,1010.8,100.0
2023-04-02 00:00:00,15.0,1010.3,100.0
2023-04-02 03:00:00,18.0,1011.5,88.1001435273896
2023-04-02 06:00:00,25.4,1011.5,68.57308221822572
2023-04-02 09:00:00,27.2,1009.0,60.1390247692376
2023-04-02 12:00:00,26.4,1007.4,60.71246271379855
2023-04-02 15:00:00,21.4,1008.0,87.29342856926559
2023-04-02 18:00:00,18.8,1008.6,96.31235577580728
2023-04-02 21:00:00,17.6,1007.7,98.12396813345299
2023-04-03 00:00:00,16.8,1007.8,98.11250167702032
2023-04-03 03:00:00,19.8,1008.5,79.23970675671094
2023-04-03 06:00:00,24.6,1009.9,66.30194413180494
2023-04-03 09:00:00,26.4,1009.5,52.820008231230375
2023-04-03 12:00:00,23.0,1007.7,65.13417424120837
2023-04-03 15:00:00,19.2,1009.1,84.3724749251044
2023-04-03 18:00:00,17.6,1009.0,89.77186688273888
2023-04-03 21:00:00,16.8,1008.9,91.45678288516467
2023-04-04 00:00:00,17.8,1011.2,82.07631714611342
2023-04-04 03:00:00,18.2,1012.0,93.89363078527036
2023-04-04 06:00:00,26.8,1012.2,55.677419950299736
2023-04-04 09:00:00,29.0,1010.6,48.047970414933914
2023-04-04 12:00:00,27.4,1009.5,47.62210325150437
2023-04-04 15:00:00,22.0,1011.6,75.64284085753373
2023-04-04 18:00:00,20.0,1012.0,86.61909675849209
2023-04-04 21:00:00,18.2,1011.2,92.12678547599367
2023-04-05 00:00:00,16.0,1010.3,93.79257390574581
2023-04-05 03:00:00,20.0,1012.7,74.35848005153662
2023-04-05 06:00:00,28.8,1011.9,37.57121840891593
2023-04-05 09:00:00,30.4,1009.6,30.230706402917875
2023-04-05 12:00:00,28.4,1008.6,36.01047348833807
2023-04-05 15:00:00,23.0,1010.8,56.172285693768046
2023-04-05 18:00:00,19.4,1013.5,70.0557464467342
2023-04-05 21:00:00,18.2,1013.4,76.49639500269146
2023-04-06 00:00:00,17.6,1013.6,77.90710307634244
2023-04-06 03:00:00,22.4,1014.7,61.35065070870822
2023-04-06 06:00:00,29.2,1014.5,38.17685964791114
2023-04-06 09:00:00,31.4,1012.5,34.539049259716016
2023-04-06 12:00:00,29.0,1011.8,36.65554173511874
2023-04-06 15:00:00,23.6,1014.1,59.68194765625472
2023-04-06 18:00:00,21.2,1015.1,68.1762342215557
2023-04-06 21:00:00,18.4,1015.3,73.12860116909184
2023-04-07 00:00:00,17.2,1014.6,83.60845992494205
2023-04-07 03:00:00,21.2,1016.0,71.76260834841655
2023-04-07 06:00:00,30.0,1015.8,39.15069222038928
2023-04-07 09:00:00,32.6,1013.6,27.576036788008768
2023-04-07 12:00:00,30.2,1012.7,33.10220369576136
2023-04-07 15:00:00,24.0,1014.5,48.58343848769498
2023-04-07 18:00:00,20.4,1015.4,59.31046034978106
2023-04-07 21:00:00,17.0,1015.5,75.80754074677424
2023-04-08 00:00:00,17.0,1015.2,71.92595452180186
2023-04-08 03:00:00,22.6,1015.5,62.99689602797345
2023-04-08 06:00:00,31.4,1015.8,33.65279557525411
2023-04-08 09:00:00,33.4,1013.7,29.47735831977744
2023-04-08 12:00:00,31.6,1012.8,31.995193497361473
2023-04-08 15:00:00,23.4,1014.7,55.18780861417479
2023-04-08 18:00:00,19.6,1016.1,70.54987572913048
2023-04-08 21:00:00,17.2,1015.4,79.90018766462913
2023-04-09 00:00:00,16.0,1016.0,87.35817171892187
2023-04-09 03:00:00,25.2,1017.3,51.50600731119277
2023-04-09 06:00:00,32.4,1016.5,29.20629604033377
2023-04-09 09:00:00,33.6,1013.6,30.705728925665714
2023-04-09 12:00:00,32.0,1011.8,30.468831267374902
2023-04-09 15:00:00,24.2,1013.4,54.325498329362695
2023-04-09 18:00:00,20.2,1014.5,71.12017585620825
2023-04-09 21:00:00,18.4,1013.0,78.53229749671034
2023-04-10 00:00:00,16.6,1013.1,81.39364015704444
2023-04-10 03:00:00,23.4,1014.5,56.636614581770104
2023-04-10 06:00:00,32.2,1014.1,31.74393634099325
2023-04-10 09:00:00,34.0,1011.9,31.21511716856999
2023-04-10 12:00:00,32.8,1010.5,34.479718239688424
2023-04-10 15:00:00,24.8,1012.6,56.615701950203146
2023-04-10 18:00:00,21.6,1013.3,68.69474949084032
2023-04-10 21:00:00,19.8,1011.9,79.23970675671094
2023-04-11 00:00:00,18.4,1012.5,86.46578762764692
2023-04-11 03:00:00,22.6,1013.8,74.32350126867689
2023-04-11 06:00:00,33.8,1013.3,36.56841511852398
2023-04-11 09:00:00,35.4,1011.1,31.194440729171667
2023-04-11 12:00:00,33.2,1009.8,34.812067231790884
2023-04-11 15:00:00,26.8,1011.5,58.55809877032945
2023-04-11 21:00:00,21.4,1011.9,78.46820659148995
2023-04-12 00:00:00,22.0,1011.6,69.21375914661385
2023-04-12 03:00:00,25.6,1013.0,65.68142590172316
2023-04-12 06:00:00,34.6,1012.4,37.48878141160586
2023-04-12 09:00:00,36.0,1009.8,32.7814069388172
2023-04-12 12:00:00,34.4,1008.6,28.986295807369917
2023-04-12 15:00:00,26.4,1010.6,55.57883796392953
2023-04-12 18:00:00,24.0,1011.6,67.44315945194963
2023-04-12 21:00:00,21.4,1010.7,78.46820659148995
2023-04-13 00:00:00,21.0,1010.4,81.95274097068757
2023-04-13 03:00:00,26.0,1011.5,69.11686987087296
2023-04-13 06:00:00,35.6,1010.5,35.91782742792988
2023-04-13 09:00:00,37.0,1007.7,30.448368465568105
2023-04-13 12:00:00,35.4,1006.5,36.54521854055506
2023-04-13 15:00:00,27.8,1008.7,58.06387612446219
2023-04-13 18:00:00,25.2,1009.6,62.37822151444744
2023-04-13 21:00:00,23.4,1008.8,68.61214204484527
2023-04-14 00:00:00,21.4,1009.3,81.48908134926712
2023-04-14 03:00:00,27.0,1010.7,65.56431854728334
2023-04-14 06:00:00,36.4,1009.5,35.91092225571163
2023-04-14 09:00:00,38.6,1006.9,35.62006321322052
2023-04-14 12:00:00,36.4,1005.6,36.817599678809614
2023-04-14 15:00:00,27.0,1008.0,56.07951487572317
2023-04-14 18:00:00,24.0,1008.8,64.5233560338738
2023-04-15 00:00:00,21.6,1008.4,73.68598756326635
2023-04-15 03:00:00,28.4,1009.8,52.329838724842595
2023-04-15 06:00:00,37.6,1008.5,36.23664784822193
2023-04-15 09:00:00,38.8,1006.9,33.331483163783474
2023-04-15 12:00:00,37.4,1004.9,35.07668384763683
2023-04-15 15:00:00,28.0,1007.2,60.69806228799576
2023-04-15 18:00:00,24.0,1008.4,70.47837778915957
2023-04-15 21:00:00,23.8,1007.9,64.07212844582271
2023-04-16 00:00:00,22.4,1008.0,71.07373433061426
2023-04-16 03:00:00,26.4,1009.3,56.64557967688834
2023-04-16 09:00:00,39.0,1005.4,42.864884209929116
2023-04-16 15:00:00,32.8,1006.6,43.31968651645407
2023-04-16 18:00:00,29.0,1006.4,51.827728335121904
2023-04-16 21:00:00,25.0,1006.3,60.775201917596824
2023-04-17 00:00:00,22.0,1006.9,75.64284085753373
2023-04-17 03:00:00,27.8,1008.4,58.06387612446219
2023-04-17 06:00:00,37.2,1007.6,35.904653948451546
2023-04-17 09:00:00,39.4,1005.9,33.08167247606541
2023-04-17 12:00:00,38.4,1004.3,36.22948235999917
2023-04-17 15:00:00,29.6,1007.2,58.4879003480961
2023-04-17 18:00:00,27.0,1008.2,62.77637062843983
2023-04-17 21:00:00,25.0,1007.5,65.14551045571683
2023-04-18 00:00:00,24.2,1007.7,70.51568317062028
2023-04-18 03:00:00,29.4,1009.6,54.5893740362844
2023-04-18 06:00:00,36.8,1009.5,40.75608687539693
2023-04-18 09:00:00,39.6,1006.5,34.17191735706475
2023-04-18 15:00:00,31.0,1007.9,53.64502413942176
2023-04-18 18:00:00,29.0,1008.5,59.073562416700796
2023-04-19 00:00:00,21.0,1009.8,96.37249559695171
2023-04-19 06:00:00,33.0,1007.7,32.80103853289177
2023-04-19 09:00:00,35.4,1004.7,29.444198692430557
2023-04-19 12:00:00,28.0,1003.5,48.08838553713478
2023-04-19 15:00:00,24.6,1005.5,67.98894000118018
2023-04-19 18:00:00,24.0,1006.0,71.81547029707296
2023-04-19 21:00:00,22.4,1004.7,75.7070072653873
2023-04-20 00:00:00,21.6,1006.3,73.68598756326635
2023-04-20 03:00:00,26.0,1006.1,52.38113667098585
2023-04-20 06:00:00,31.0,1005.4,39.175305310064076
2023-04-20 09:00:00,34.8,1002.5,30.438837990395246
2023-04-20 12:00:00,32.2,999.0,49.19123426488576
2023-04-20 15:00:00,23.2,1003.6,53.37143752203796
2023-04-20 18:00:00,21.0,1005.0,64.70523940925912
2023-04-20 21:00:00,20.0,1004.6,72.470856291407
2023-04-21 00:00:00,19.0,1003.8,80.66276457451087
2023-04-21 03:00:00,23.0,1006.7,56.172285693768046
2023-04-21 06:00:00,30.0,1007.0,38.15149167807132
2023-04-21 09:00:00,33.8,1004.3,25.609690689405625
2023-04-21 12:00:00,32.8,1003.0,37.23145478772507
2023-04-21 15:00:00,23.4,1007.6,50.701870022376326
2023-04-21 18:00:00,23.4,1006.8,43.83834184284298
2023-04-21 21:00:00,20.4,1005.4,59.31046034978106
2023-04-22 00:00:00,18.0,1005.0,67.08359313595335
2023-04-22 03:00:00,23.4,1008.6,52.04664934594763
2023-04-22 06:00:00,31.0,1008.6,34.204854288884526
2023-04-22 09:00:00,33.0,1005.9,28.05040918905623
2023-04-22 12:00:00,31.8,1004.9,28.284798540690392
2023-04-22 15:00:00,24.0,1007.1,46.09201277446216
2023-04-22 18:00:00,21.0,1007.3,56.78422528555351
2023-04-22 21:00:00,20.0,1006.0,62.41289483828575
2023-04-23 00:00:00,22.0,1006.9,52.02296792971393
2023-04-23 03:00:00,26.4,1007.6,35.448913855110185
2023-04-23 06:00:00,28.8,1009.0,34.26706549318716
2023-04-23 09:00:00,29.8,1008.6,29.469577259729064
2023-04-23 12:00:00,30.6,1006.7,30.486908853369286
2023-04-23 15:00:00,23.6,1008.5,58.16689433121799
2023-04-23 18:00:00,21.4,1009.8,61.92008126297963
2023-04-23 21:00:00,20.4,1009.1,62.50352697353663
2023-04-24 00:00:00,17.2,1010.1,82.00105929920944
2023-04-24 03:00:00,25.0,1011.5,47.2840066651506
2023-04-24 06:00:00,32.0,1012.0,28.526935622931493
2023-04-24 09:00:00,33.8,1010.3,25.609690689405625
2023-04-24 12:00:00,32.2,1008.9,26.044821335151052
2023-04-24 15:00:00,26.0,1010.2,51.0534495107056
2023-04-24 18:00:00,23.4,1012.1,56.636614581770104
2023-04-25 00:00:00,20.0,1013.0,68.82162822950846
2023-04-25 03:00:00,24.4,1014.9,54.72792511451124
2023-04-25 06:00:00,29.6,1014.6,37.549159864907224
2023-04-25 09:00:00,32.4,1011.8,33.06218344132711
2023-04-25 12:00:00,32.8,1009.1,35.3763918168052
2023-04-25 15:00:00,27.4,1010.9,48.8586154318638
2023-04-25 18:00:00,24.4,1010.5,60.25216397184846
2023-04-25 21:00:00,23.0,1009.1,66.81483777876102
2023-04-26 00:00:00,20.0,1009.7,74.35848005153662
2023-04-26 03:00:00,24.0,1011.5,60.159267516551964
2023-04-26 06:00:00,32.2,1010.8,35.66692056260536
2023-04-26 09:00:00,35.6,1008.2,30.655174972735665
2023-04-26 12:00:00,34.6,1005.2,35.64457641060854
2023-04-26 15:00:00,28.6,1006.7,51.40032863646419
2023-04-26 18:00:00,25.6,1007.8,61.297946446303996
2023-04-26 21:00:00,23.6,1007.8,68.65136550436802
2023-04-27 00:00:00,23.6,1007.5,66.93757991376943
2023-04-27 03:00:00,25.0,1010.1,63.92706944237422
2023-04-27 06:00:00,29.6,1008.7,38.53724523303667
2023-04-27 09:00:00,31.6,1008.1,41.13215316466405
2023-04-27 12:00:00,33.0,1006.2,32.80103853289177
2023-04-27 15:00:00,27.4,1008.5,47.62210325150437
2023-04-27 18:00:00,24.0,1010.3,60.159267516551964
2023-04-27 21:00:00,23.0,1009.3,66.81483777876102
2023-04-28 00:00:00,20.0,1010.6,77.76603602176817
2023-04-28 03:00:00,25.6,1011.9,57.53812239402571
2023-04-28 06:00:00,32.4,1010.6,37.838777202693656
2023-04-28 09:00:00,35.6,1008.6,33.938452756931795
2023-04-28 12:00:00,32.4,1006.4,36.8848010082774
2023-04-28 15:00:00,27.8,1007.9,50.548080356196145
2023-04-28 18:00:00,24.6,1008.0,63.438007568137486
2023-04-28 21:00:00,22.4,1007.8,69.29137490376931
2023-04-29 00:00:00,21.2,1008.5,71.76260834841655
2023-04-29 03:00:00,26.8,1008.4,51.92002876756459
2023-04-29 06:00:00,32.4,1008.9,39.81200409457464
2023-04-29 09:00:00,33.8,1006.9,35.65136664731109
2023-04-29 12:00:00,31.4,1005.6,47.185028529026276
2023-04-29 15:00:00,24.6,1008.8,59.15689306068407
2023-04-29 18:00:00,22.4,1008.5,71.07373433061426
2023-04-29 21:00:00,22.0,1007.6,73.75452283587201
2023-04-30 00:00:00,21.2,1007.7,78.43918300096577
2023-04-30 03:00:00,21.6,1010.3,85.69563499959355
2023-04-30 06:00:00,22.4,1010.0,82.63851822798792
2023-04-30 09:00:00,25.6,1007.2,63.65595654019517
2023-04-30 12:00:00,27.6,1005.0,52.79005868609021
2023-04-30 18:00:00,21.0,1009.9,85.10038132415258
2023-05-01 00:00:00,20.4,1008.3,92.25283612662764
2023-05-01 03:00:00,22.4,1010.1,84.19427459892609
2023-05-01 06:00:00,27.0,1009.8,69.73535987777385
2023-05-01 09:00:00,25.2,1008.6,74.29392454783775
2023-05-01 12:00:00,22.4,1007.7,85.77566905335271
2023-05-01 15:00:00,21.4,1008.9,88.9380830861729
2023-05-01 18:00:00,20.6,1010.8,94.58644690960507
2023-05-02 00:00:00,20.2,1010.1,94.57041014289584
2023-05-02 03:00:00,20.6,1012.1,94.58644690960507
2023-05-02 06:00:00,21.4,1013.2,92.8817543813387
2023-05-02 09:00:00,24.8,1010.5,78.46904480661803
2023-05-02 12:00:00,24.2,1009.0,79.84839136491931
2023-05-02 15:00:00,21.6,1010.6,88.95389452740015
2023-05-02 18:00:00,21.0,1012.2,90.58269290087725
2023-05-02 21:00:00,20.8,1011.9,92.27543367040356
2023-05-03 00:00:00,20.6,1011.6,92.26414709561166
2023-05-03 03:00:00,23.6,1012.6,79.76690260624395
2023-05-03 06:00:00,25.8,1012.7,71.69270020375919
2023-05-03 09:00:00,27.0,1011.1,49.69935142548929
2023-05-03 12:00:00,27.8,1008.2,44.47172614692537
2023-05-03 15:00:00,22.4,1011.0,72.43681558289073
2023-05-03 18:00:00,20.6,1011.4,79.8567757762695
2023-05-03 21:00:00,18.4,1011.5,88.13441076656039
2023-05-04 00:00:00,17.6,1012.3,89.77186688273888
2023-05-04 03:00:00,23.8,1013.1,65.71895042604378
2023-05-04 06:00:00,29.0,1012.4,40.15547110727159
2023-05-04 09:00:00,32.4,1009.5,37.838777202693656
2023-05-04 15:00:00,26.6,1009.0,58.14346599287039
2023-05-04 18:00:00,25.0,1010.3,65.14551045571683
2023-05-04 21:00:00,23.8,1010.1,68.69052211302972
2023-05-05 00:00:00,21.4,1008.5,73.65162613086753
2023-05-05 03:00:00,25.4,1010.8,58.596770845043764
2023-05-05 06:00:00,31.8,1009.3,36.01759129035782
2023-05-05 09:00:00,34.2,1006.9,30.67023122899543
2023-05-05 12:00:00,33.4,1004.8,31.456596314417652
2023-05-05 15:00:00,27.8,1006.8,49.27755916212099
2023-05-05 18:00:00,24.0,1007.6,61.32294249463855
2023-05-05 21:00:00,22.4,1006.8,64.59081281252107
2023-05-06 00:00:00,21.2,1006.5,71.76260834841655
2023-05-06 03:00:00,27.0,1007.9,49.69935142548929
2023-05-06 06:00:00,33.0,1007.6,34.75704782927792
2023-05-06 09:00:00,36.6,1005.1,30.14831236960195
2023-05-06 12:00:00,35.0,1003.2,31.487014466247132
2023-05-06 15:00:00,29.0,1004.3,51.827728335121904
2023-05-06 18:00:00,25.4,1005.7,62.81713542633776
2023-05-06 21:00:00,24.2,1004.8,64.56624616462973
2023-05-07 00:00:00,20.8,1004.9,66.35948323849591
2023-05-07 03:00:00,25.0,1008.9,48.53416938934112
2023-05-07 06:00:00,33.2,1007.0,28.47562138126054
2023-05-07 09:00:00,35.4,1004.5,26.893084347345
2023-05-07 12:00:00,34.6,1002.4,29.418827474150653
2023-05-07 15:00:00,29.4,1003.7,44.055074845331326
2023-05-07 18:00:00,26.6,1004.6,51.53806668573736
2023-05-07 21:00:00,25.0,1004.1,58.13017769528709
2023-05-08 00:00:00,22.6,1004.1,58.68162414536218
2023-05-08 03:00:00,29.0,1005.7,43.38606734691948
2023-05-08 06:00:00,34.8,1005.2,29.663764836352225
2023-05-08 09:00:00,35.0,1003.5,28.959826043818847
2023-05-08 12:00:00,33.6,1002.5,37.214873528497584
2023-05-08 15:00:00,29.4,1004.4,47.24837913111553
2023-05-08 18:00:00,26.0,1007.4,47.24624692269561
2023-05-08 21:00:00,24.0,1006.7,55.69638229748551
2023-05-09 00:00:00,19.6,1007.9,81.25851516552751
2023-05-09 03:00:00,27.2,1009.9,48.493766828758595
2023-05-09 06:00:00,33.6,1009.3,30.705728925665714
2023-05-09 09:00:00,36.0,1007.1,25.183331982544292
2023-05-09 12:00:00,34.6,1006.1,23.38142730852004
2023-05-09 15:00:00,28.0,1007.4,37.59413786233745
2023-05-09 18:00:00,24.4,1008.2,43.8248979213649
2023-05-09 21:00:00,22.6,1007.7,52.52351199435458
2023-05-10 00:00:00,19.6,1007.9,63.56204708093991
2023-05-10 03:00:00,26.6,1008.2,43.00613273098813
2023-05-10 06:00:00,34.6,1007.6,24.170731527001447
2023-05-10 09:00:00,36.4,1005.6,21.029032099499727
2023-05-10 12:00:00,35.2,1004.4,24.165894024388557
2023-05-10 15:00:00,28.4,1005.3,45.2118862197426
2023-05-10 18:00:00,25.0,1006.5,51.12208134401761
2023-05-10 21:00:00,22.7,1006.1,51.86401924546512
2023-05-11 00:00:00,20.0,1006.8,68.82162822950846
2023-05-11 03:00:00,28.0,1009.0,42.28248962275748
2023-05-11 06:00:00,36.0,1008.5,25.183331982544292
2023-05-11 09:00:00,39.0,1006.3,23.578551469409316
2023-05-11 12:00:00,38.0,1004.2,22.43002432080445
2023-05-11 15:00:00,29.2,1006.1,34.83446413508239
2023-05-11 18:00:00,24.4,1007.2,47.74374374548634
2023-05-11 21:00:00,22.0,1005.9,53.41267569409421
2023-05-12 00:00:00,19.0,1007.2,71.8231453434557
2023-05-12 03:00:00,27.4,1008.2,47.62210325150437
2023-05-12 06:00:00,36.4,1007.4,22.619906736842747
2023-05-12 09:00:00,39.8,1004.9,15.606324293360627
2023-05-12 12:00:00,39.8,1003.3,20.356509256776373
2023-05-12 15:00:00,30.6,1004.7,46.385645157686106
2023-05-12 18:00:00,26.0,1006.0,52.38113667098585
2023-05-12 21:00:00,23.4,1005.2,65.63502207200914
2023-05-13 00:00:00,21.0,1006.4,78.41010370884172
2023-05-13 03:00:00,29.0,1008.7,42.28469233863707
2023-05-13 06:00:00,36.8,1007.0,26.227596242259597
2023-05-13 09:00:00,39.4,1004.0,21.911260293855783
2023-05-13 12:00:00,40.4,1002.2,28.03449943061562
2023-05-13 15:00:00,31.2,1003.6,47.132101292464135
2023-05-13 18:00:00,28.0,1004.7,53.22632223446673
2023-05-13 21:00:00,26.0,1004.0,55.12789240334629
2023-05-14 03:00:00,28.8,1005.3,43.3313576867181
2023-05-14 06:00:00,36.8,1003.8,27.794113327638424
2023-05-14 09:00:00,40.8,1000.4,20.866580582417445
2023-05-14 12:00:00,38.8,999.1,24.143656028481185
2023-05-14 15:00:00,32.0,1000.2,41.50310192464845
2023-05-14 18:00:00,27.4,1000.9,53.75062877635818
2023-05-14 21:00:00,24.8,1000.5,62.288984382470915
2023-05-15 00:00:00,27.0,1001.5,47.209973097959896
2023-05-15 03:00:00,30.6,1003.7,44.100353961543746
2023-05-15 06:00:00,36.8,1003.4,30.202032052493628
2023-05-15 09:00:00,40.4,1001.2,23.030656022132266
2023-05-15 12:00:00,39.0,999.3,24.984600421891002
2023-05-15 15:00:00,31.4,1000.5,46.01865075668593
2023-05-15 18:00:00,26.6,1001.0,54.23420155768275
2023-05-15 21:00:00,25.0,1000.6,61.16156608407452
2023-05-16 00:00:00,28.0,1003.4,54.583776611197585
2023-05-16 03:00:00,29.4,1005.5,46.35792582818312
2023-05-16 06:00:00,36.0,1004.6,32.7814069388172
2023-05-16 09:00:00,40.6,1002.1,20.549492142569097
2023-05-16 12:00:00,38.8,1001.5,24.773505831199433
2023-05-16 15:00:00,32.0,1003.2,38.45833983449539
2023-05-16 21:00:00,27.2,1003.8,55.076217243268445
2023-05-17 00:00:00,25.0,1004.2,53.83064226424435
2023-05-17 03:00:00,32.2,1005.4,37.54315973232596
2023-05-17 06:00:00,39.4,1005.5,23.986415505012403
2023-05-17 09:00:00,41.2,1003.6,22.644670315445705
2023-05-17 12:00:00,39.8,1001.9,23.028478858803794
2023-05-17 15:00:00,33.0,1003.9,41.51407336750425
2023-05-17 18:00:00,30.0,1004.2,46.813294513259635
2023-05-17 21:00:00,21.6,1012.5,87.31142912839378
2023-05-18 00:00:00,21.4,1010.4,88.9380830861729
2023-05-18 03:00:00,23.8,1012.4,79.7941177858265
2023-05-18 06:00:00,31.0,1011.8,51.372385333162065
2023-05-18 09:00:00,35.0,1009.9,38.79252543220958
2023-05-18 12:00:00,34.4,1008.2,41.11941095890131
2023-05-18 15:00:00,29.6,1008.8,58.4879003480961
2023-05-18 18:00:00,27.6,1009.0,65.68864481870233
2023-05-18 21:00:00,25.0,1007.7,75.65014160748107
2023-05-19 00:00:00,23.4,1007.4,84.303446850675
2023-05-19 03:00:00,29.4,1008.1,53.245045415963254
2023-05-19 06:00:00,35.4,1007.2,36.54521854055506
2023-05-19 15:00:00,32.0,1004.9,37.48800396186362
2023-05-19 18:00:00,29.8,1005.8,46.75995263253307
2023-05-19 21:00:00,27.0,1004.2,60.09299888935582
2023-05-20 00:00:00,24.0,1004.2,71.81547029707296
2023-05-20 03:00:00,31.0,1005.0,44.48852270376722
2023-05-20 06:00:00,37.6,1004.1,25.599153750941568
2023-05-20 09:00:00,40.2,1002.6,22.10914387209171
2023-05-20 12:00:00,39.6,1001.3,23.578256334436613
2023-05-20 15:00:00,33.6,1002.9,35.370369819266124
2023-05-20 18:00:00,28.6,1003.9,51.40032863646419
2023-05-20 21:00:00,26.4,1003.1,56.64557967688834
2023-05-21 00:00:00,24.2,1004.2,69.20179535984853
2023-05-21 03:00:00,32.4,1005.8,44.03144254531665
2023-05-21 06:00:00,38.6,1005.3,28.44991904388325
2023-05-21 09:00:00,42.6,1003.1,19.72382694370363
2023-05-21 12:00:00,41.2,1002.3,20.034448974328452
2023-05-21 15:00:00,34.6,1003.1,37.48878141160586
2023-05-21 18:00:00,28.8,1004.1,52.76189312845306
2023-05-21 21:00:00,26.4,1003.5,59.578657328843455
2023-05-22 00:00:00,25.4,1004.6,65.63974012452589
2023-05-22 03:00:00,34.0,1005.7,33.93252255336334
2023-05-22 06:00:00,40.8,1004.7,23.578507207239216
2023-05-22 09:00:00,43.8,1002.7,15.031542509530746
2023-05-22 12:00:00,42.8,1001.3,17.47875389755728
2023-05-22 15:00:00,36.0,1002.8,30.959972860837166
2023-05-22 18:00:00,33.0,1004.4,45.588005651994514
2023-05-22 21:00:00,30.4,1004.1,51.860643353792355
2023-05-23 00:00:00,30.0,1005.5,49.23154765101147
2023-05-23 03:00:00,32.2,1006.3,49.19123426488576
2023-05-23 06:00:00,38.0,1005.8,36.56968070154563
2023-05-23 09:00:00,40.6,1003.3,30.454961739515664
2023-05-23 12:00:00,39.4,1000.3,32.27249344571782
2023-05-23 15:00:00,34.6,1003.6,27.567805179411252
2023-05-23 18:00:00,31.0,1005.8,49.18465336588453
2023-05-23 21:00:00,22.4,1004.1,85.77566905335271
2023-05-24 00:00:00,22.2,1007.8,96.40468492682572
2023-05-24 03:00:00,24.0,1005.6,71.81547029707296
2023-05-24 06:00:00,30.4,1006.4,54.16202439894491
2023-05-24 09:00:00,31.8,1005.5,52.21507571697287
2023-05-24 12:00:00,29.8,1003.0,55.02841769124526
2023-05-24 15:00:00,28.4,1004.4,57.48575855515023
2023-05-24 18:00:00,25.4,1009.2,72.96297423706713
2023-05-24 21:00:00,20.8,1005.5,83.49059767012783
2023-05-25 00:00:00,20.6,1005.7,83.46760845652952
2023-05-25 03:00:00,25.2,1007.5,68.53404397143257
2023-05-25 06:00:00,30.0,1007.3,52.73546662209652
2023-05-25 09:00:00,33.2,1006.0,45.92473341823114
2023-05-25 12:00:00,24.0,1003.8,76.91061342319855
2023-05-25 15:00:00,24.2,1005.2,81.33784349698335
2023-05-25 18:00:00,23.6,1004.2,82.78099464458583
2023-05-25 21:00:00,23.0,1003.6,82.70996817603475
2023-05-26 00:00:00,21.4,1005.6,87.29342856926559
2023-05-26 03:00:00,25.6,1008.4,72.99755286782062
2023-05-26 06:00:00,30.0,1007.7,44.50001175620574
2023-05-26 09:00:00,32.6,1006.4,40.11966376684985
2023-05-26 12:00:00,32.6,1004.7,36.2384025408733
2023-05-26 15:00:00,28.6,1006.0,57.533446890831016
2023-05-26 18:00:00,26.0,1006.7,73.06652553542901
2023-05-26 21:00:00,25.0,1005.3,80.44778939452424
2023-05-27 00:00:00,24.6,1005.3,75.58646829846579
2023-05-27 03:00:00,22.4,1008.1,82.63851822798792
2023-05-27 06:00:00,27.0,1008.8,56.07951487572317
2023-05-27 09:00:00,31.0,1006.3,40.44839100350285
2023-05-27 12:00:00,31.6,1004.8,40.099872392856064
2023-05-27 15:00:00,28.2,1005.8,62.265326482850305
2023-05-27 18:00:00,25.4,1007.5,71.62083740281858
2023-05-27 21:00:00,23.4,1006.9,81.23620952648784
2023-05-28 00:00:00,22.4,1007.1,85.77566905335271
2023-05-28 09:00:00,35.4,1006.3,33.88393734326791
2023-05-28 12:00:00,34.4,1004.4,32.55377835955569
2023-05-28 15:00:00,29.8,1006.0,48.870951120558274
2023-05-28 18:00:00,28.6,1009.6,66.70492848245004
2023-05-28 21:00:00,25.6,1009.2,72.99755286782062
2023-05-29 00:00:00,23.8,1009.3,81.28712563035198
2023-05-29 03:00:00,26.4,1010.0,70.48621381671374
2023-05-29 06:00:00,33.4,1009.7,50.11110420939171
2023-05-29 09:00:00,35.2,1006.5,36.2620391271551
2023-05-29 12:00:00,27.2,1007.3,55.076217243268445
2023-05-29 15:00:00,20.6,1013.0,100.0
2023-05-29 18:00:00,21.6,1011.3,87.31142912839378
2023-05-29 21:00:00,21.4,1010.8,90.6098629586287
2023-05-30 00:00:00,21.6,1010.3,85.69563499959355
2023-05-30 03:00:00,24.6,1010.6,75.58646829846579
2023-05-30 06:00:00,30.4,1010.4,54.16202439894491
2023-05-30 09:00:00,32.0,1008.3,52.26545370306257
2023-05-30 12:00:00,31.8,1005.9,54.17441650106471
2023-05-30 15:00:00,26.4,1007.4,88.79047072518293
2023-05-30 18:00:00,23.0,1008.6,87.97589377078442
2023-05-30 21:00:00,22.6,1006.6,91.24941140171894
2023-05-31 00:00:00,22.6,1006.6,96.4153201366785
2023-05-31 03:00:00,24.0,1008.3,89.68569309935684
2023-05-31 06:00:00,24.4,1008.5,86.49898460860861
2023-05-31 09:00:00,25.0,1007.7,75.65014160748107
2023-05-31 12:00:00,21.6,1007.7,98.17976747865679
2023-05-31 15:00:00,22.0,1008.7,96.39934967716894
2023-05-31 18:00:00,22.0,1009.7,98.18521050372321
2023-05-31 21:00:00,20.6,1008.1,98.16605263804577
2023-06-01 00:00:00,20.6,1008.1,100.0
2023-06-01 03:00:00,23.4,1008.3,88.00984897364455
2023-06-01 06:00:00,27.0,1009.2,72.34810781589086
2023-06-01 09:00:00,30.6,1007.7,55.56557299066436
2023-06-01 15:00:00,27.0,1006.3,78.30518483755301
2023-06-01 18:00:00,25.6,1007.4,79.0650667975322
2023-06-01 21:00:00,21.6,1007.5,90.62340471174356
2023-06-02 00:00:00,20.8,1007.3,100.0
2023-06-02 03:00:00,24.8,1008.0,71.06867975286194
2023-06-02 06:00:00,29.8,1008.0,51.38560253203829
2023-06-02 09:00:00,31.8,1006.4,47.586079386321714
2023-06-02 12:00:00,31.6,1005.1,44.09229390843783
2023-06-02 15:00:00,27.4,1006.1,67.28568959900366
2023-06-02 18:00:00,25.2,1006.5,77.56785584692332
2023-06-02 21:00:00,23.4,1005.8,88.00984897364455
2023-06-03 00:00:00,22.0,1006.6,91.21143560546284
2023-06-03 03:00:00,27.4,1007.5,69.81054652981949
2023-06-03 06:00:00,32.4,1007.5,48.33862566912473
2023-06-03 09:00:00,34.0,1006.5,45.57171219777677
2023-06-03 12:00:00,33.6,1004.9,43.265309781624985
2023-06-03 15:00:00,29.0,1004.9,68.01508576459278
2023-06-03 18:00:00,26.6,1006.5,78.2479077819723
2023-06-03 21:00:00,24.8,1005.2,83.42994899232998
2023-06-04 00:00:00,24.4,1007.3,83.38445864005315
2023-06-04 03:00:00,28.6,1007.8,66.70492848245004
2023-06-04 06:00:00,33.4,1007.7,50.11110420939171
2023-06-04 09:00:00,36.0,1004.7,44.44663958001136
2023-06-04 12:00:00,36.4,1003.0,42.95315514464676
2023-06-04 15:00:00,31.4,1003.7,61.08987992237482
2023-06-04 18:00:00,28.4,1004.9,66.25795810970587
2023-06-04 21:00:00,27.4,1003.1,67.28568959900366
2023-06-05 00:00:00,25.2,1004.1,79.00924587469251
2023-06-05 03:00:00,29.8,1005.3,63.38474620448235
2023-06-05 06:00:00,35.4,1004.7,41.13483185208627
2023-06-05 09:00:00,38.0,1002.6,36.12135954009523
2023-06-05 12:00:00,37.8,1001.2,35.18503439558192
2023-06-05 15:00:00,32.6,1002.9,47.50135055929089
2023-06-05 18:00:00,29.0,1004.4,64.38421540041374
2023-06-05 21:00:00,26.6,1004.7,76.36659730018178
2023-06-06 00:00:00,23.0,1004.8,94.6812063155598
2023-06-06 03:00:00,28.4,1006.4,61.16586545008611
2023-06-06 06:00:00,29.2,1007.0,63.255491800252074
2023-06-06 09:00:00,35.6,1003.9,36.829603053864346
2023-06-06 12:00:00,36.8,1001.4,37.15602939283433
2023-06-06 15:00:00,30.4,1003.1,53.164975840995425
2023-06-06 18:00:00,27.0,1004.9,60.09299888935582
2023-06-06 21:00:00,25.0,1004.5,68.06816085251297
2023-06-07 00:00:00,24.4,1003.9,79.87545001594653
2023-06-07 03:00:00,29.0,1005.9,59.073562416700796
2023-06-07 06:00:00,32.0,1006.8,44.478100402104666
2023-06-07 09:00:00,35.4,1004.1,34.75145905000492
2023-06-07 12:00:00,35.2,1002.0,31.74353999016848
2023-06-07 15:00:00,30.0,1003.3,58.58138510397075
2023-06-07 18:00:00,27.4,1004.7,69.81054652981949
2023-06-07 21:00:00,25.0,1004.3,78.98125580461064
2023-06-08 00:00:00,23.4,1004.6,84.303446850675
2023-06-08 03:00:00,30.4,1004.8,59.034988113686474
2023-06-08 06:00:00,35.6,1004.7,33.08993982216657
2023-06-08 09:00:00,38.0,1002.3,27.75594340002457
2023-06-08 12:00:00,37.6,1000.4,27.124479068570807
2023-06-08 15:00:00,31.8,1000.8,52.21507571697287
2023-06-08 18:00:00,28.4,1001.3,58.568820751413384
2023-06-08 21:00:00,26.2,1001.0,69.15523439911932
2023-06-09 00:00:00,25.4,1001.2,79.03718283041701
2023-06-09 03:00:00,32.0,1002.5,54.55620730373795
2023-06-09 06:00:00,37.4,1001.3,37.781873243647226
2023-06-09 09:00:00,39.8,998.5,28.947832519722212
2023-06-09 12:00:00,39.8,996.2,31.19807088810356
2023-06-09 15:00:00,34.4,997.2,50.981169991683494
2023-06-09 18:00:00,31.6,997.8,56.49370308745102
2023-06-09 21:00:00,29.6,997.8,60.68601439855552
2023-06-10 00:00:00,28.2,998.8,77.5385748300523
2023-06-10 06:00:00,39.4,998.7,37.17322598516377
2023-06-10 09:00:00,36.2,996.9,40.09712013821042
2023-06-10 12:00:00,35.0,996.2,41.7961255281048
2023-06-10 15:00:00,30.5,997.8,59.78445064036215
2023-06-10 18:00:00,27.0,1000.4,76.8936310454662
2023-06-10 21:00:00,27.0,999.3,73.68636116732236
2023-06-11 00:00:00,26.8,998.7,73.6526814430667
2023-06-11 03:00:00,29.0,1001.3,70.96187714437761
2023-06-11 06:00:00,34.4,1000.7,47.09995965271869
2023-06-11 09:00:00,38.0,998.1,35.67786577629026
2023-06-11 12:00:00,36.6,996.7,41.458005382437314
2023-06-11 15:00:00,32.6,998.0,55.0366623119638
2023-06-11 18:00:00,30.0,999.0,64.98787314987105
2023-06-11 21:00:00,28.0,998.2,70.35037364356444
2023-06-12 00:00:00,26.0,998.6,84.07244076824206
2023-06-12 03:00:00,32.2,999.3,65.05199403084112
2023-06-12 06:00:00,37.5,998.8,41.69922821011088
2023-06-12 09:00:00,40.0,997.1,34.490094100004214
2023-06-12 12:00:00,39.4,995.9,36.27680405017371
2023-06-12 15:00:00,34.6,996.9,52.28033074523809
2023-06-12 18:00:00,32.4,998.9,61.68118591242464
2023-06-12 21:00:00,30.6,998.3,71.67589990470815
2023-06-13 00:00:00,29.2,998.7,77.68451620551635
2023-06-13 06:00:00,40.0,998.3,40.14023982396818
2023-06-13 09:00:00,41.6,996.2,32.264159085404906
2023-06-13 12:00:00,40.0,994.6,36.217035230087
2023-06-13 15:00:00,33.4,998.7,47.12702532059198
2023-06-13 18:00:00,29.6,998.6,52.30674462542291
2023-06-14 00:00:00,27.2,999.2,69.77298528509857
2023-06-14 03:00:00,33.0,1000.9,51.87931731051191
2023-06-14 06:00:00,38.4,999.9,38.75583054883156
2023-06-14 09:00:00,38.4,998.0,45.89544325986343
2023-06-14 12:00:00,27.0,998.7,88.83751596451742
2023-06-14 15:00:00,24.6,1001.5,89.72957675197986
2023-06-14 18:00:00,23.6,1000.7,98.20674101429967
2023-06-14 21:00:00,23.4,998.7,100.0
2023-06-15 00:00:00,24.0,1001.3,93.01505522924245
2023-06-15 03:00:00,25.0,1003.6,93.06534216930645
2023-06-15 06:00:00,30.6,1003.7,75.61652127297627
2023-06-15 09:00:00,32.4,1002.4,59.49445671738769
2023-06-15 12:00:00,33.0,1001.1,51.87931731051191
2023-06-15 15:00:00,29.6,1001.0,63.341728305764846
2023-06-15 18:00:00,26.8,1002.1,72.3130352999761
2023-06-15 21:00:00,25.2,1001.1,79.00924587469251
2023-06-16 00:00:00,25.2,1000.7,96.48331975462109
2023-06-16 06:00:00,35.4,1001.2,55.05099865764974
2023-06-16 09:00:00,36.4,999.6,55.94863203705148
2023-06-16 12:00:00,36.0,998.0,52.31450796094774
2023-06-16 15:00:00,32.8,999.7,67.93722542562669
2023-06-16 18:00:00,30.4,1001.2,82.58284223811447
2023-06-16 21:00:00,28.4,1000.2,86.35566419509173
2023-06-17 00:00:00,27.4,1000.4,92.08825670296545
2023-06-17 03:00:00,32.8,1001.2,71.63823581141993
2023-06-17 06:00:00,37.4,1001.4,50.51945495880389
2023-06-17 09:00:00,39.0,999.2,49.15265998034186
2023-06-17 12:00:00,37.2,997.3,53.23747234591052
2023-06-17 15:00:00,34.4,999.2,58.53767634739428
2023-06-17 18:00:00,32.8,1001.1,66.74127585978114
2023-06-17 21:00:00,30.4,1001.1,75.58532357148971
2023-06-18 00:00:00,30.4,1001.1,84.04833399732397
2023-06-18 03:00:00,31.0,1003.0,88.11711421243372
2023-06-18 06:00:00,29.4,1003.3,68.50651160978764
2023-06-18 09:00:00,30.6,1001.2,62.79033585952567
2023-06-18 12:00:00,31.6,999.0,64.9280664556721
2023-06-18 15:00:00,30.4,999.7,74.24982249791255
2023-06-18 18:00:00,28.8,1001.4,83.37928484286573
2023-06-18 21:00:00,28.0,1001.1,84.79181717750924
2023-06-19 00:00:00,27.8,1000.5,81.29701074620921
2023-06-19 03:00:00,30.0,1001.4,63.8146323928593
2023-06-19 06:00:00,35.6,1000.3,50.97641213445036
2023-06-19 09:00:00,36.6,997.9,42.226041971973615
2023-06-19 12:00:00,37.8,996.3,38.12347027279238
2023-06-19 15:00:00,25.4,998.8,100.0
2023-06-19 18:00:00,25.8,1000.2,96.49873881355717
2023-06-19 21:00:00,25.6,999.6,96.49361034454672
2023-06-20 00:00:00,25.6,999.2,96.49361034454672
2023-06-20 03:00:00,31.8,1000.2,66.14596424716504
2023-06-20 06:00:00,35.4,1000.3,51.85309266039345
2023-06-20 09:00:00,37.8,998.1,45.19267932722998
2023-06-20 12:00:00,37.4,996.2,42.95819143304986
2023-06-20 15:00:00,33.8,998.0,61.62000418347626
2023-06-20 18:00:00,32.0,1000.1,63.85356133058713
2023-06-20 21:00:00,29.2,999.3,73.60956501820533
2023-06-21 00:00:00,28.4,1000.4,78.97572139747378
2023-06-21 03:00:00,30.4,1001.4,72.93500760473812
2023-06-21 06:00:00,34.4,1001.4,57.499557963952576
2023-06-21 09:00:00,36.8,998.8,48.30109559331659
2023-06-21 12:00:00,37.8,996.6,51.83250399681967
2023-06-21 15:00:00,35.0,997.9,62.2470562760692
2023-06-21 18:00:00,33.0,999.2,72.94417143512577
2023-06-21 21:00:00,29.2,1000.9,73.60956501820533
2023-06-22 00:00:00,27.0,1001.1,95.39600874452509
2023-06-22 03:00:00,27.0,1002.4,98.25124348905271
2023-06-22 06:00:00,30.6,1002.5,82.60607945629376
2023-06-22 09:00:00,33.8,1000.5,70.9793781952042
2023-06-22 12:00:00,34.6,998.1,64.39740048201318
2023-06-22 15:00:00,32.8,998.3,80.49940153796635
2023-06-22 18:00:00,31.6,999.7,81.2887133807776
2023-06-22 21:00:00,31.0,999.1,87.10069428371511
2023-06-23 00:00:00,29.6,999.3,84.95652278782288
2023-06-23 03:00:00,30.0,1000.5,89.58913151799659
2023-06-23 06:00:00,32.0,1002.7,79.0033862804747
2023-06-23 09:00:00,32.0,1001.1,79.0033862804747
2023-06-23 12:00:00,32.4,998.8,75.45207406041715
2023-06-23 15:00:00,31.0,999.2,81.21443360821415
2023-06-23 18:00:00,30.2,1000.0,91.17952811176471
2023-06-23 21:00:00,29.4,999.7,97.15048769208273
2023-06-24 00:00:00,29.4,999.7,92.19964051006788
2023-06-24 03:00:00,30.0,1001.8,88.03501822943302
2023-06-24 06:00:00,32.8,1000.9,83.33780998062326
2023-06-24 09:00:00,32.4,999.1,77.68843149770223
2023-06-24 12:00:00,33.6,997.2,73.47165693131991
2023-06-24 15:00:00,30.6,999.0,76.97150804274018
2023-06-24 18:00:00,29.6,1000.4,88.00194722290112
2023-06-24 21:00:00,28.6,999.6,90.54615869442738
2023-06-25 00:00:00,28.2,999.5,88.93074165144274
2023-06-25 03:00:00,28.6,1002.4,87.91868204829599
2023-06-25 06:00:00,28.2,1003.6,78.94802076163292
2023-06-25 09:00:00,29.0,1002.7,80.48371679996085
2023-06-25 12:00:00,29.0,1000.7,79.0585121873896
2023-06-25 15:00:00,27.5,1001.6,83.73234961805122
2023-06-25 18:00:00,27.0,1003.3,88.83751596451742
2023-06-25 21:00:00,26.4,1002.9,93.69075623120435
2023-06-26 00:00:00,26.4,1002.4,92.03168153578638
2023-06-26 03:00:00,28.0,1003.8,85.80667728802291
2023-06-26 06:00:00,30.6,1004.3,78.34767637456054
2023-06-26 12:00:00,30.2,999.5,76.91200889831605
2023-06-26 15:00:00,29.0,1001.3,81.9313443709877
2023-06-26 18:00:00,28.6,1003.4,86.37440005285019
2023-06-26 21:00:00,27.4,1002.7,90.46596324112937
2023-06-27 00:00:00,27.0,1001.2,92.06569807815053
2023-06-27 03:00:00,29.4,1001.3,79.11344799319119
2023-06-27 06:00:00,32.4,1002.1,67.85998060995067
2023-06-27 09:00:00,33.6,1000.3,63.81035576931347
2023-06-27 12:00:00,31.4,999.6,73.53807422593974
2023-06-27 15:00:00,28.6,1000.9,84.8538871735531
2023-06-27 18:00:00,28.0,1002.9,80.3537462205201
2023-06-27 21:00:00,27.6,1002.8,82.7470419948832
2023-06-28 00:00:00,27.0,1002.3,88.83751596451742
2023-06-28 03:00:00,30.0,1003.9,74.18441432342445
2023-06-28 06:00:00,30.6,1004.9,74.28243957799879
2023-06-28 09:00:00,31.6,1002.8,69.75114396222972
2023-06-28 12:00:00,32.8,1000.9,62.13958951433999
2023-06-28 15:00:00,30.6,1001.4,71.67589990470815
2023-06-28 18:00:00,29.6,1002.4,80.5611085480825
2023-06-28 21:00:00,29.0,1002.7,83.40169277956687
2023-06-29 00:00:00,29.2,1002.2,83.42405706602797
2023-06-29 03:00:00,31.0,1002.8,72.1742265807024
2023-06-29 06:00:00,31.6,1002.7,78.94871738353811
2023-06-29 09:00:00,29.4,1001.1,89.54556000162309
2023-06-29 12:00:00,31.8,998.5,77.60205183026918
2023-06-29 15:00:00,30.2,999.4,86.52294575570109
2023-06-29 21:00:00,28.0,1000.7,92.12191734434786
2023-06-30 03:00:00,28.0,1001.5,87.34888747491027
2023-06-30 06:00:00,32.4,1001.4,71.56807265043355
2023-06-30 09:00:00,35.2,998.9,62.65724917989903
2023-06-30 12:00:00,35.8,996.1,60.61559953954328
2023-06-30 15:00:00,32.0,998.1,79.0033862804747
2023-06-30 18:00:00,25.4,1001.8,96.48847066905626
2023-06-30 21:00:00,26.2,1000.8,100.0
2023-07-01 00:00:00,26.0,1001.2,94.79622941585653
2023-07-01 03:00:00,28.8,1001.4,86.39309843177878
2023-07-01 06:00:00,32.4,1001.4,70.31283604150148
2023-07-01 09:00:00,34.8,999.7,66.74349760257904
2023-07-01 12:00:00,34.4,998.1,65.50141485922862
2023-07-01 15:00:00,31.2,1000.0,77.51519693628545
2023-07-01 18:00:00,30.6,1002.7,84.06979751556185
2023-07-01 21:00:00,28.3,1003.3,89.99422427742483
2023-07-02 00:00:00,27.6,1002.1,92.09950049107172
2023-07-02 03:00:00,29.4,1002.7,81.97957178446406
2023-07-02 06:00:00,33.4,1001.9,69.67179428866176
2023-07-02 09:00:00,35.6,999.9,61.64862011453256
2023-07-02 12:00:00,35.8,998.4,58.51179943614358
2023-07-02 15:00:00,32.8,999.7,78.19890188592703
2023-07-02 18:00:00,31.2,1000.7,84.13393763597708
2023-07-02 21:00:00,30.4,1000.9,88.06795596655172
2023-07-03 00:00:00,29.6,1001.4,92.2106512336583
2023-07-03 03:00:00,30.8,1001.9,85.5757112364315
2023-07-03 06:00:00,34.0,1001.3,73.53769175979289
2023-07-03 09:00:00,36.4,999.2,60.04111528806353
2023-07-03 12:00:00,36.6,996.8,61.14795125757947
2023-07-03 15:00:00,33.4,997.4,79.65166981888454
2023-07-03 18:00:00,32.0,999.5,84.21887731452384
2023-07-03 21:00:00,31.8,998.8,88.6916477664875
2023-07-04 00:00:00,29.6,998.3,89.56011356164207
2023-07-04 03:00:00,29.8,1000.8,78.23460259362332
2023-07-04 06:00:00,30.8,1000.3,81.1895795616241
2023-07-04 09:00:00,33.6,999.4,69.70861962540543
2023-07-04 12:00:00,27.2,997.7,95.40267171979633
2023-07-04 15:00:00,28.0,998.5,93.76280556198172
2023-07-04 18:00:00,28.2,999.9,93.77172585847173
2023-07-04 21:00:00,28.2,999.5,96.55941799604423
2023-07-05 00:00:00,28.0,999.0,100.0
2023-07-05 03:00:00,29.2,1000.0,92.18860676693177
2023-07-05 06:00:00,31.0,1000.7,85.59526014060029
2023-07-05 09:00:00,25.0,1003.6,96.47815756865955
2023-07-05 12:00:00,26.8,997.8,88.82186644716782
2023-07-05 15:00:00,26.4,999.8,96.51405730461323
2023-07-05 18:00:00,26.4,1001.0,96.51405730461323
2023-07-05 21:00:00,26.0,1002.4,96.503856108436
2023-07-06 00:00:00,25.8,1001.7,91.99744908137737
2023-07-06 03:00:00,28.0,1000.2,88.91528354225218
2023-07-06 06:00:00,31.2,1003.4,74.82093472023674
2023-07-06 09:00:00,31.2,1001.8,74.82093472023674
2023-07-06 12:00:00,30.2,1001.0,78.29124418971334
2023-07-06 15:00:00,29.0,1001.1,84.89506306062921
2023-07-06 18:00:00,27.2,1002.9,98.25380968140279
2023-07-06 21:00:00,27.4,1003.1,96.53936698995483
2023-07-07 00:00:00,27.2,1003.0,92.07698925377626
2023-07-07 03:00:00,29.8,1003.3,81.06459831337503
2023-07-07 06:00:00,32.4,1003.3,75.45207406041715
2023-07-07 09:00:00,31.2,1001.7,85.61477052821168
2023-07-07 12:00:00,30.6,1000.2,79.74530566981048
2023-07-07 15:00:00,29.2,1002.0,87.96874224697314
2023-07-07 18:00:00,28.8,1002.5,90.55942797559786
2023-07-07 21:00:00,28.0,1002.8,93.76280556198172
2023-07-08 00:00:00,27.8,1002.4,93.7538663078413
2023-07-08 03:00:00,26.6,1004.5,100.0
2023-07-08 06:00:00,25.8,1004.0,100.0
2023-07-08 09:00:00,25.8,1003.0,100.0
2023-07-08 12:00:00,25.4,1002.2,100.0
2023-07-08 15:00:00,25.6,1002.7,100.0
2023-07-08 18:00:00,25.6,1002.7,100.0
2023-07-08 21:00:00,25.6,1001.1,100.0
2023-07-09 00:00:00,25.6,1000.9,100.0
2023-07-09 03:00:00,25.6,1002.0,100.0
2023-07-09 06:00:00,25.6,1002.9,100.0
2023-07-09 09:00:00,25.8,1002.3,100.0
2023-07-09 12:00:00,26.0,1001.6,96.503856108436
2023-07-09 15:00:00,26.2,1002.1,93.68166338882529
2023-07-09 18:00:00,26.2,1003.2,96.5089622614157
2023-07-09 21:00:00,26.0,1002.6,98.23832753499846
2023-07-10 00:00:00,26.2,1002.7,100.0
2023-07-10 03:00:00,25.2,1003.2,100.0
2023-07-10 06:00:00,25.0,1003.6,100.0
2023-07-10 09:00:00,24.6,1002.4,100.0
2023-07-10 12:00:00,24.4,1001.5,91.9167235460115
2023-07-10 15:00:00,25.0,1002.6,100.0
2023-07-10 18:00:00,23.8,1003.1,100.0
2023-07-10 21:00:00,23.8,1002.6,100.0
2023-07-11 00:00:00,24.0,1002.1,100.0
2023-07-11 03:00:00,27.4,1003.0,88.34181353348015
2023-07-11 06:00:00,29.8,1002.9,76.85229197010862
2023-07-11 09:00:00,31.4,1001.5,74.41233074956402
2023-07-11 12:00:00,31.2,1000.5,74.82093472023674
2023-07-11 15:00:00,29.4,1000.8,87.98536152503398
2023-07-11 18:00:00,28.4,1002.2,92.14424033203443
2023-07-11 21:00:00,28.0,1002.2,92.12191734434786
2023-07-12 00:00:00,27.4,1001.8,92.08825670296545
2023-07-12 03:00:00,27.4,1003.0,90.46596324112937
2023-07-12 06:00:00,30.2,1002.3,81.1147334710309
2023-07-12 09:00:00,30.4,1001.1,78.31948639832048
2023-07-12 12:00:00,29.6,1000.1,82.00361602371757
2023-07-12 15:00:00,28.4,1001.3,86.35566419509173
2023-07-12 18:00:00,27.4,1002.7,92.63464483709329
2023-07-12 21:00:00,27.2,1002.1,92.07698925377626
2023-07-13 00:00:00,27.0,1001.1,96.5292760949642
2023-07-13 03:00:00,27.4,1002.4,88.34181353348015
2023-07-13 06:00:00,30.0,1002.7,79.1954670273341
2023-07-13 09:00:00,31.0,1001.1,79.33114757208126
2023-07-13 12:00:00,32.0,999.9,77.63089769639963
2023-07-13 15:00:00,30.0,1001.2,84.99729439748566
2023-07-13 18:00:00,29.4,1002.6,89.54556000162309
2023-07-13 21:00:00,28.8,1002.9,92.16646996907035
2023-07-14 00:00:00,27.4,1002.6,95.40932035991787
2023-07-14 03:00:00,28.8,1003.5,89.50172004038727
2023-07-14 06:00:00,31.8,1003.8,80.37130833898534
2023-07-14 09:00:00,31.6,1002.6,80.34554512689967
2023-07-14 12:00:00,32.6,999.7,75.48318952612465
2023-07-14 15:00:00,30.4,1001.1,89.61803111590942
2023-07-14 18:00:00,29.2,1002.5,92.18860676693177
2023-07-14 21:00:00,28.6,1001.9,90.54615869442738
2023-07-15 00:00:00,27.6,1001.5,96.54439604252043
2023-07-15 03:00:00,29.6,1002.2,88.00194722290112
2023-07-15 06:00:00,33.2,1001.8,78.25501278200157
2023-07-15 09:00:00,34.2,1000.1,69.81872821780838
2023-07-15 12:00:00,33.6,998.3,75.63793705039468
2023-07-15 15:00:00,31.4,1000.4,82.69858252316531
2023-07-15 18:00:00,27.8,1002.3,96.54941420693457
2023-07-15 21:00:00,28.0,1001.8,93.76280556198172
2023-07-16 00:00:00,27.4,1001.7,96.53936698995483
2023-07-16 03:00:00,29.8,1002.8,84.97692867892383
2023-07-16 06:00:00,31.0,1002.7,84.11259923098856
2023-07-16 09:00:00,33.4,1000.7,75.60709778502641
2023-07-16 12:00:00,30.2,999.5,91.17952811176471
2023-07-16 15:00:00,30.4,1000.5,91.19187707365737
2023-07-16 18:00:00,30.0,1001.6,92.23260387388135
2023-07-16 21:00:00,29.4,1000.9,93.82485247729203
2023-07-17 00:00:00,28.6,1000.8,93.78950978997815
2023-07-17 03:00:00,30.2,1001.8,88.051503713093
2023-07-17 06:00:00,33.2,1001.3,75.57620351995676
2023-07-17 09:00:00,31.4,1000.1,85.63424249679542
2023-07-17 12:00:00,33.2,997.7,72.97782727710387
2023-07-17 15:00:00,31.6,999.1,84.17649005771236
2023-07-17 18:00:00,30.6,1000.7,88.08437507661748
2023-07-17 21:00:00,29.0,1000.5,92.17754994106518
2023-07-18 00:00:00,28.6,1000.2,97.13390683461627
2023-07-18 03:00:00,29.4,1001.9,92.19964051006788
2023-07-18 06:00:00,31.4,1001.8,81.26400040514575
2023-07-18 09:00:00,30.2,1001.0,88.051503713093
2023-07-18 12:00:00,30.4,999.3,85.53649748682237
2023-07-18 15:00:00,29.0,999.9,90.57266984744003
2023-07-18 18:00:00,28.2,1001.6,92.13309053912468
2023-07-18 21:00:00,27.8,1001.3,93.7538663078413
2023-07-19 00:00:00,27.6,1001.3,95.41595470562915
2023-07-19 03:00:00,26.0,1003.3,100.0
2023-07-19 06:00:00,25.4,1003.2,100.0
2023-07-19 09:00:00,31.4,1000.6,82.69858252316531
2023-07-19 12:00:00,27.2,999.6,98.25380968140279
2023-07-19 15:00:00,28.6,1000.0,97.13390683461627
2023-07-19 18:00:00,28.2,1001.5,98.266556555781
2023-07-19 21:00:00,27.8,1001.4,98.261474558228
2023-07-20 00:00:00,28.2,1001.5,98.266556555781
2023-07-20 03:00:00,31.0,1002.1,84.11259923098856
2023-07-20 06:00:00,33.4,1001.5,68.4542986966963
2023-07-20 09:00:00,35.6,999.9,58.46599770220743
2023-07-20 15:00:00,32.6,999.6,83.31563242787468
2023-07-20 18:00:00,31.0,1001.4,89.66115996376658
2023-07-20 21:00:00,30.0,1000.8,92.23260387388135
2023-07-21 00:00:00,29.4,1001.8,95.47502722014593
2023-07-21 03:00:00,32.2,1002.5,79.03064484736562
2023-07-21 06:00:00,35.2,1003.3,69.19416232051461
2023-07-21 09:00:00,36.4,1001.1,66.67006599703787
2023-07-21 12:00:00,36.0,999.5,66.20650251313988
2023-07-21 15:00:00,32.8,1001.6,83.33780998062326
2023-07-21 18:00:00,31.4,1003.5,89.68976640506959
2023-07-21 21:00:00,30.8,1003.8,91.21649862659174
2023-07-22 00:00:00,28.0,1005.6,92.12191734434786
2023-07-22 03:00:00,26.2,1007.0,96.5089622614157
2023-07-22 06:00:00,28.2,1008.4,96.55941799604423
2023-07-22 09:00:00,30.8,1006.8,73.00291172196927
2023-07-22 12:00:00,31.4,1004.3,69.71409411644107
2023-07-22 15:00:00,29.6,1003.4,83.46865512129703
2023-07-22 18:00:00,29.0,1007.1,89.51636332080271
2023-07-22 21:00:00,28.8,1006.6,86.39309843177878
2023-07-23 00:00:00,28.2,1006.5,84.81254813644145
2023-07-23 06:00:00,33.6,1006.8,64.95378562281357
2023-07-23 09:00:00,35.0,1004.1,62.2470562760692
2023-07-23 12:00:00,35.0,1002.0,62.2470562760692
2023-07-23 15:00:00,32.4,1002.6,76.33977457356784
2023-07-23 18:00:00,31.4,1003.6,81.26400040514575
2023-07-23 21:00:00,30.4,1003.5,85.53649748682237
2023-07-24 00:00:00,29.6,1003.6,88.00194722290112
2023-07-24 03:00:00,30.4,1004.8,82.58284223811447
2023-07-24 06:00:00,32.6,1003.8,71.60318423066752
2023-07-24 09:00:00,34.6,1001.7,65.54188655974544
2023-07-24 12:00:00,32.4,999.9,76.33977457356784
2023-07-24 15:00:00,31.6,1001.1,78.94871738353811
2023-07-24 21:00:00,30.0,1002.4,84.99729439748566
2023-07-25 00:00:00,29.4,1001.8,89.54556000162309
2023-07-25 03:00:00,31.6,1003.0,78.94871738353811
2023-07-25 06:00:00,33.8,1003.5,68.53017385519429
2023-07-25 09:00:00,35.2,1001.6,66.04734321889784
2023-07-25 12:00:00,33.5,999.8,73.88420088117627
2023-07-25 15:00:00,31.5,1002.8,82.22974977009818
2023-07-25 18:00:00,27.0,1004.7,95.39600874452509
2023-07-25 21:00:00,25.4,1004.9,100.0
2023-07-26 00:00:00,24.4,1004.3,100.0
2023-07-26 03:00:00,25.4,1006.0,96.48847066905626
2023-07-26 06:00:00,27.6,1006.2,87.31379479213656
2023-07-26 09:00:00,30.4,1004.4,78.31948639832048
2023-07-26 12:00:00,30.6,1002.4,76.97150804274018
2023-07-26 15:00:00,29.4,1004.2,84.9360766224706
2023-07-26 18:00:00,28.4,1004.9,88.94616815571688
2023-07-26 21:00:00,27.6,1004.6,92.09950049107172
2023-07-27 00:00:00,27.4,1004.2,92.08825670296545
2023-07-27 06:00:00,31.6,1004.4,68.51690400466761
2023-07-27 09:00:00,33.4,1001.8,64.91266364161814
2023-07-27 12:00:00,33.0,1000.3,72.94417143512577
2023-07-27 15:00:00,31.4,1001.7,82.69858252316531
2023-07-27 18:00:00,30.2,1002.5,88.051503713093
2023-07-27 21:00:00,29.2,1002.1,93.81604482183465
2023-07-28 00:00:00,26.4,1001.2,100.0
2023-07-28 03:00:00,26.0,1003.3,100.0
2023-07-28 06:00:00,26.4,1002.9,100.0
2023-07-28 09:00:00,28.0,1000.3,93.76280556198172
2023-07-28 12:00:00,28.6,998.7,88.96156313904507
2023-07-28 15:00:00,28.4,999.9,93.78062725022617
2023-07-28 18:00:00,27.6,1001.3,96.54439604252043
2023-07-28 21:00:00,27.0,999.5,96.5292760949642
2023-07-29 00:00:00,26.8,999.4,96.52421418955653
2023-07-29 03:00:00,28.0,1000.8,90.50618565208272
2023-07-29 06:00:00,31.0,1001.7,78.40390010984709
2023-07-29 09:00:00,32.8,1000.2,70.38545749833996
2023-07-29 12:00:00,31.2,998.6,78.89384535394599
2023-07-29 15:00:00,29.4,1000.1,84.9360766224706
2023-07-29 18:00:00,29.0,1001.1,89.51636332080271
2023-07-29 21:00:00,28.6,1000.7,92.1553667873356
2023-07-30 00:00:00,28.2,999.8,96.55941799604423
2023-07-30 03:00:00,30.0,1000.4,86.50450703984572
2023-07-30 06:00:00,32.6,1000.5,72.87668440277191
2023-07-30 09:00:00,34.0,998.5,69.78208647156907
2023-07-30 12:00:00,28.4,997.5,100.0
2023-07-30 15:00:00,28.0,998.1,100.0
2023-07-30 18:00:00,27.4,999.6,100.0
2023-07-30 21:00:00,27.0,999.0,100.0
2023-07-31 00:00:00,26.8,999.0,96.52421418955653
2023-07-31 03:00:00,30.2,999.9,85.01762004491522
2023-07-31 06:00:00,33.6,999.9,69.70861962540543
2023-07-31 09:00:00,35.0,998.4,67.96088926567721
2023-07-31 12:00:00,33.8,996.9,70.9793781952042
2023-07-31 15:00:00,31.2,997.6,82.67552340966292
2023-07-31 18:00:00,30.4,998.6,86.54134775739186
2023-07-31 21:00:00,29.2,998.0,90.58588438387352
2023-08-01 00:00:00,28.6,997.8,93.78950978997815
2023-08-01 03:00:00,32.0,998.3,82.76749476574489
2023-08-01 06:00:00,34.4,998.3,71.08573973066518
2023-08-01 09:00:00,36.0,997.1,65.06303535678583
2023-08-01 12:00:00,35.0,995.3,67.96088926567721
2023-08-01 15:00:00,32.4,996.3,79.05785298228113
2023-08-01 18:00:00,31.2,997.6,84.13393763597708
2023-08-01 21:00:00,30.2,997.1,91.17952811176471
2023-08-02 00:00:00,29.0,997.6,92.17754994106518
2023-08-02 03:00:00,31.4,998.5,80.31973345807687
2023-08-02 06:00:00,35.0,998.8,74.12757021597365
2023-08-02 09:00:00,34.8,996.9,69.11990047734456
2023-08-02 12:00:00,30.0,996.7,83.5130798716472
2023-08-02 15:00:00,27.6,998.9,95.41595470562915
2023-08-02 18:00:00,27.8,1000.2,95.42257479752661
2023-08-02 21:00:00,27.4,999.1,95.40932035991787
2023-08-03 00:00:00,27.6,998.6,95.41595470562915
2023-08-03 03:00:00,28.8,999.8,89.50172004038727
2023-08-03 06:00:00,33.2,999.0,78.25501278200157
2023-08-03 09:00:00,35.2,997.6,74.15977940682652
2023-08-03 12:00:00,34.4,996.3,77.52607304620982
2023-08-03 15:00:00,31.8,998.0,84.19770428043
2023-08-03 18:00:00,31.0,999.3,88.11711421243372
2023-08-03 21:00:00,30.4,998.6,93.86861291941864
2023-08-04 00:00:00,30.0,998.9,92.23260387388135
2023-08-04 03:00:00,31.0,1000.7,92.8202511305883
2023-08-04 06:00:00,34.0,1000.7,73.53769175979289
2023-08-04 09:00:00,30.2,1001.5,86.52294575570109
2023-08-04 12:00:00,29.4,1000.7,89.54556000162309
2023-08-04 15:00:00,29.2,1002.5,92.18860676693177
2023-08-04 18:00:00,28.6,1003.1,95.44891343392182
2023-08-04 21:00:00,28.2,1001.8,96.55941799604423
2023-08-05 00:00:00,28.0,1002.6,95.42918067606378
2023-08-05 03:00:00,30.4,1004.0,85.53649748682237
2023-08-05 06:00:00,30.6,1004.0,85.55612371787966
2023-08-05 09:00:00,34.4,1001.9,74.89131483599449
2023-08-05 12:00:00,34.0,999.9,79.73069031028135
2023-08-05 15:00:00,31.8,1001.3,87.17095630129825
2023-08-05 18:00:00,30.4,1001.7,92.25446518885005
2023-08-05 21:00:00,29.6,1001.2,92.2106512336583
2023-08-06 00:00:00,29.0,1000.1,92.17754994106518
2023-08-06 03:00:00,29.4,1000.3,95.47502722014593
2023-08-06 06:00:00,28.8,1000.3,100.0
2023-08-06 09:00:00,29.8,998.8,89.57463737404579
2023-08-06 12:00:00,33.2,996.3,80.55030359706466
2023-08-06 15:00:00,27.6,998.2,87.31379479213656
2023-08-06 18:00:00,28.4,997.8,92.14424033203443
2023-08-06 21:00:00,28.4,996.0,93.78062725022617
2023-08-07 00:00:00,28.0,996.4,93.76280556198172
2023-08-07 03:00:00,29.8,998.6,82.0276141014992
2023-08-07 06:00:00,32.0,997.8,77.63089769639963
2023-08-07 09:00:00,32.8,996.4,78.19890188592703
2023-08-07 12:00:00,33.0,995.3,79.59874471979789
2023-08-07 18:00:00,30.2,997.0,91.17952811176471
2023-08-07 21:00:00,29.2,996.2,93.81604482183465
2023-08-08 00:00:00,28.6,996.5,95.44891343392182
2023-08-08 03:00:00,29.4,998.1,84.9360766224706
2023-08-08 06:00:00,32.6,998.5,77.71711967076688
2023-08-08 09:00:00,33.8,998.0,78.33879476971752
2023-08-08 12:00:00,33.6,997.4,78.31091853265852
2023-08-08 15:00:00,31.2,999.1,88.13343441043459
2023-08-08 18:00:00,30.6,1000.5,89.63243672691948
2023-08-08 21:00:00,29.8,999.8,89.57463737404579
2023-08-09 00:00:00,29.0,1000.8,92.17754994106518
2023-08-09 03:00:00,30.0,1003.1,79.66535824918688
2023-08-09 06:00:00,33.0,1003.4,74.23476165310379
2023-08-09 09:00:00,34.4,1002.1,74.89131483599449
2023-08-09 12:00:00,33.4,1001.1,79.65166981888454
2023-08-09 15:00:00,31.6,1002.4,85.65367614358674
2023-08-09 18:00:00,31.6,1002.9,82.72159738179782
2023-08-09 21:00:00,27.7,1002.1,100.0
2023-08-10 00:00:00,29.0,1002.3,87.95208930052544
2023-08-10 03:00:00,28.8,1004.6,84.87449545917907
2023-08-10 06:00:00,32.4,1005.0,77.68843149770223
2023-08-10 09:00:00,33.6,1003.8,81.06598213389549
2023-08-10 12:00:00,32.4,1002.7,83.29341218403941
2023-08-10 15:00:00,30.8,1003.9,88.10076112982445
2023-08-10 18:00:00,30.6,1004.3,91.20420055568071
2023-08-10 21:00:00,30.2,1003.3,92.2435459158258
2023-08-11 00:00:00,29.6,1003.5,92.2106512336583
2023-08-11 03:00:00,27.0,1005.8,96.5292760949642
2023-08-11 06:00:00,32.4,1005.0,74.13743365834232
2023-08-11 09:00:00,35.0,1003.2,72.85659187470482
2023-08-11 12:00:00,32.6,1002.4,80.47387890127715
2023-08-11 15:00:00,31.0,1002.5,88.11711421243372
2023-08-11 18:00:00,30.8,1002.8,89.64681298357475
2023-08-11 21:00:00,29.8,1001.6,89.57463737404579
2023-08-12 00:00:00,29.0,1001.6,87.95208930052544
2023-08-12 03:00:00,30.4,1002.7,75.58532357148971
2023-08-12 06:00:00,34.0,1002.7,69.78208647156907
2023-08-12 09:00:00,34.4,1000.9,70.26336932149452
2023-08-12 12:00:00,34.2,998.9,73.57062313064857
2023-08-12 15:00:00,31.6,999.8,84.17649005771236
2023-08-12 18:00:00,30.8,999.5,81.1895795616241
2023-08-12 21:00:00,30.0,998.4,86.50450703984572
2023-08-13 00:00:00,28.8,997.9,79.97971962549599
2023-08-13 03:00:00,29.6,999.2,80.5611085480825
2023-08-13 06:00:00,33.0,1000.0,74.23476165310379
2023-08-13 09:00:00,34.0,998.4,73.53769175979289
2023-08-13 12:00:00,33.8,997.3,75.66872143567944
2023-08-13 18:00:00,30.4,1000.4,91.19187707365737
2023-08-14 03:00:00,28.8,1004.7,84.87449545917907
2023-08-14 06:00:00,30.8,1005.3,81.1895795616241
2023-08-14 09:00:00,32.4,1004.1,74.13743365834232
2023-08-14 12:00:00,30.4,1002.9,84.04833399732397
2023-08-14 15:00:00,29.0,1005.0,87.95208930052544
2023-08-14 18:00:00,28.6,1005.7,93.78950978997815
2023-08-14 21:00:00,28.0,1004.7,92.12191734434786
2023-08-15 00:00:00,27.4,1004.6,96.53936698995483
2023-08-15 03:00:00,28.2,1005.9,92.13309053912468
2023-08-15 06:00:00,31.8,1005.8,80.37130833898534
2023-08-15 09:00:00,34.6,1004.2,70.2994993152342
2023-08-15 12:00:00,34.4,1002.6,73.60349729909754
2023-08-15 15:00:00,30.8,1003.7,85.5757112364315
2023-08-15 18:00:00,29.8,1004.4,88.01849942848882
2023-08-15 21:00:00,28.8,1004.3,95.45546286072076
2023-08-16 00:00:00,28.6,1004.3,92.1553667873356
2023-08-16 03:00:00,29.4,1005.4,92.19964051006788
2023-08-16 06:00:00,33.6,1005.3,74.33157750097828
2023-08-16 09:00:00,35.4,1003.3,71.67411835463814
2023-08-16 12:00:00,34.8,1001.2,74.95422655284658
2023-08-16 15:00:00,30.6,1002.1,84.06979751556185
2023-08-16 18:00:00,30.0,1002.8,89.58913151799659
2023-08-16 21:00:00,29.2,1003.1,93.81604482183465
2023-08-17 00:00:00,28.4,1002.4,93.78062725022617
2023-08-17 03:00:00,30.6,1004.4,81.16467826556904
2023-08-17 06:00:00,34.0,1004.4,71.01489197336855
2023-08-17 09:00:00,35.4,1002.9,70.44341675917931
2023-08-17 12:00:00,34.2,1001.2,74.85977574399823
2023-08-17 15:00:00,31.6,1002.3,84.17649005771236
2023-08-17 21:00:00,29.2,1002.7,92.18860676693177
2023-08-18 00:00:00,28.6,1002.9,93.78950978997815
2023-08-18 03:00:00,31.0,1004.6,85.59526014060029
2023-08-18 06:00:00,34.8,1004.6,67.92262186231758
2023-08-18 09:00:00,36.2,1003.0,67.4060829963709
2023-08-18 12:00:00,35.6,1001.4,71.70875177874258
2023-08-18 15:00:00,32.4,1003.1,85.73102944726914
2023-08-18 18:00:00,30.8,1003.8,86.57804199503519
2023-08-18 21:00:00,29.0,1003.2,90.57266984744003
2023-08-19 00:00:00,28.4,1003.9,90.53286192976505
2023-08-19 03:00:00,28.8,1005.5,89.50172004038727
2023-08-19 06:00:00,30.8,1004.8,82.62927198490198
2023-08-19 09:00:00,34.0,1003.6,74.82818100424117
2023-08-19 12:00:00,28.4,1003.5,96.56440368283046
2023-08-19 15:00:00,28.6,1004.0,97.13390683461627
2023-08-19 18:00:00,28.4,1004.5,98.26908922710548
2023-08-19 21:00:00,28.2,1003.9,100.0
2023-08-20 00:00:00,27.6,1004.5,98.25892519962696
2023-08-20 03:00:00,29.6,1005.9,92.2106512336583
2023-08-20 06:00:00,33.8,1005.5,78.33879476971752
2023-08-20 09:00:00,36.2,1003.8,70.99297264682455
2023-08-20 12:00:00,31.6,1003.2,88.16597649521329
2023-08-20 15:00:00,29.0,1004.2,97.14221521143318
2023-08-20 18:00:00,28.6,1004.3,98.27161636827928
2023-08-20 21:00:00,28.4,1003.6,98.26908922710548
2023-08-21 00:00:00,28.0,1003.5,100.0
2023-08-21 03:00:00,30.0,1004.6,92.23260387388135
2023-08-21 06:00:00,33.4,1003.8,79.65166981888454
2023-08-21 09:00:00,35.2,1002.0,74.15977940682652
2023-08-21 12:00:00,35.0,1000.4,78.95488078876221
2023-08-21 15:00:00,31.4,1001.5,89.68976640506959
2023-08-21 18:00:00,30.8,1002.6,91.21649862659174
2023-08-21 21:00:00,30.0,1001.9,97.16282955673834
2023-08-22 00:00:00,28.4,1001.4,98.26908922710548
2023-08-22 03:00:00,30.4,1001.5,91.19187707365737
2023-08-22 06:00:00,33.0,1001.5,85.78864676724835
2023-08-22 09:00:00,36.2,1000.0,74.31998611629275
2023-08-22 12:00:00,28.8,998.5,97.13806552294287
2023-08-22 15:00:00,29.0,1000.5,97.14221521143318
2023-08-22 18:00:00,28.8,1000.5,98.27413799534281
2023-08-22 21:00:00,28.2,999.8,98.266556555781
2023-08-23 00:00:00,27.8,998.3,100.0
2023-08-23 03:00:00,25.2,1000.4,100.0
2023-08-23 06:00:00,27.2,1001.2,98.25380968140279
2023-08-23 09:00:00,28.4,1000.6,93.78062725022617
2023-08-23 12:00:00,28.4,999.6,93.78062725022617
2023-08-23 15:00:00,27.0,1000.6,98.25124348905271
2023-08-23 18:00:00,26.4,1000.4,100.0
2023-08-23 21:00:00,26.4,999.5,100.0
2023-08-24 00:00:00,25.6,999.6,100.0
2023-08-24 03:00:00,27.2,1000.6,95.40267171979633
2023-08-24 06:00:00,30.8,1000.2,79.77185498360923
2023-08-24 09:00:00,33.4,998.5,75.60709778502641
2023-08-24 15:00:00,30.0,998.2,91.1671536010179
2023-08-24 18:00:00,28.8,998.9,98.27413799534281
2023-08-24 21:00:00,28.0,998.4,98.26401833820742
2023-08-25 00:00:00,27.8,998.7,92.11072068322818
2023-08-25 03:00:00,30.4,999.6,79.71870652103674
2023-08-25 06:00:00,33.4,999.4,72.1636734164623
2023-08-25 09:00:00,35.0,998.6,71.60467516414084
2023-08-25 15:00:00,30.6,999.8,86.55971313917948
2023-08-25 18:00:00,29.6,1000.6,91.14232765587903
2023-08-25 21:00:00,28.6,1000.1,95.44891343392182
2023-08-26 00:00:00,24.6,1001.5,100.0
2023-08-26 03:00:00,27.4,1002.2,87.29619508920601
2023-08-26 06:00:00,32.4,1002.0,74.13743365834232
2023-08-26 09:00:00,34.8,1000.8,73.66907450675002
2023-08-26 12:00:00,33.8,999.8,78.33879476971752
2023-08-26 15:00:00,30.6,1001.8,91.20420055568071
2023-08-26 18:00:00,29.6,1002.6,92.2106512336583
2023-08-26 21:00:00,28.8,1002.0,92.16646996907035
2023-08-27 00:00:00,27.2,1001.5,95.40267171979633
2023-08-27 03:00:00,29.4,1002.2,89.54556000162309
2023-08-27 06:00:00,33.0,1001.7,75.5452541352859
2023-08-27 09:00:00,34.4,1000.1,73.60349729909754
2023-08-27 12:00:00,33.0,998.9,79.59874471979789
2023-08-27 15:00:00,30.4,1000.2,85.53649748682237
2023-08-27 18:00:00,28.6,1001.6,92.1553667873356
2023-08-28 00:00:00,27.4,1000.2,95.40932035991787
2023-08-28 03:00:00,29.6,1001.3,88.00194722290112
2023-08-28 06:00:00,23.6,1003.5,98.20674101429967
2023-08-28 09:00:00,30.4,1000.8,69.11197515651446
2023-08-28 12:00:00,31.6,1000.2,76.21857827105511
2023-08-28 15:00:00,28.4,1001.8,90.53286192976505
2023-08-28 18:00:00,27.6,1002.6,95.41595470562915
2023-08-28 21:00:00,27.0,1002.8,95.39600874452509
2023-08-29 00:00:00,26.4,1003.8,96.51405730461323
2023-08-29 03:00:00,28.4,1005.3,93.78062725022617
2023-08-29 06:00:00,32.6,1004.1,70.34917736761386
2023-08-29 09:00:00,34.8,1002.6,70.33556893814918
2023-08-29 12:00:00,33.4,1002.4,75.60709778502641
2023-08-29 15:00:00,29.2,1004.6,80.5095630310082
2023-08-29 18:00:00,27.8,1005.1,92.11072068322818
2023-08-29 21:00:00,27.0,1004.7,95.39600874452509
2023-08-30 00:00:00,26.6,1005.2,94.8187901348208
2023-08-30 03:00:00,30.0,1006.5,86.50450703984572
2023-08-30 06:00:00,33.8,1006.6,70.9793781952042
2023-08-30 09:00:00,35.0,1005.0,62.2470562760692
2023-08-30 12:00:00,33.6,1004.2,73.47165693131991
2023-08-30 15:00:00,30.4,1005.2,85.53649748682237
2023-08-30 18:00:00,29.0,1005.7,89.51636332080271
2023-08-30 21:00:00,28.2,1005.7,93.77172585847173
2023-08-31 00:00:00,27.6,1006.1,93.74490804295253
2023-08-31 03:00:00,30.0,1007.3,88.03501822943302
2023-08-31 06:00:00,34.4,1007.3,71.08573973066518
2023-08-31 09:00:00,35.4,1006.0,70.44341675917931
2023-08-31 12:00:00,34.2,1004.9,74.85977574399823
2023-08-31 15:00:00,31.4,1005.8,84.15523454383928
2023-08-31 18:00:00,30.2,1005.8,88.051503713093
2023-08-31 21:00:00,28.8,1005.2,92.16646996907035
2023-09-01 00:00:00,28.0,1005.5,93.76280556198172
2023-09-01 03:00:00,30.6,1007.3,79.74530566981048
2023-09-01 06:00:00,35.0,1007.0,62.2470562760692
2023-09-01 09:00:00,36.0,1005.5,58.2134222898252
2023-09-01 12:00:00,34.2,1004.4,72.30089569944718
2023-09-01 15:00:00,31.4,1005.4,82.69858252316531
2023-09-01 18:00:00,29.6,1005.2,86.46751908713752
2023-09-01 21:00:00,28.5,1004.5,90.00824282803232
2023-09-02 00:00:00,27.6,1004.9,92.09950049107172
2023-09-02 03:00:00,30.6,1006.3,79.74530566981048
2023-09-02 06:00:00,35.0,1005.7,65.62263913987401
2023-09-02 09:00:00,35.4,1004.2,66.08722744082345
2023-09-02 12:00:00,32.4,1002.8,76.33977457356784
2023-09-02 15:00:00,30.0,1003.4,82.53623329490637
2023-09-02 18:00:00,28.6,1004.3,84.8538871735531
2023-09-03 00:00:00,26.6,1004.2,92.04304428506519
2023-09-03 03:00:00,29.4,1004.5,83.4463778105949
2023-09-03 06:00:00,34.2,1004.6,62.81318702880705
2023-09-03 09:00:00,35.4,1002.8,63.81179206152036
2023-09-03 12:00:00,33.0,1001.7,71.67322751398581
2023-09-03 15:00:00,30.0,1002.9,86.50450703984572
2023-09-03 18:00:00,28.2,1003.4,92.13309053912468
2023-09-03 21:00:00,27.6,1002.8,92.09950049107172
2023-09-04 00:00:00,26.2,1002.7,92.0202947964304
2023-09-04 03:00:00,29.4,1004.0,80.53536024141098
2023-09-04 06:00:00,33.6,1004.2,61.576188549831414
2023-09-04 09:00:00,35.6,1002.4,60.57132730175924
2023-09-04 12:00:00,33.4,1002.0,72.1636734164623
2023-09-04 15:00:00,30.2,1002.9,78.29124418971334
2023-09-04 18:00:00,28.6,1003.9,87.91868204829599
2023-09-04 21:00:00,27.2,1005.2,88.85313336738866
2023-09-05 00:00:00,26.2,1005.0,90.38476214988123
2023-09-05 03:00:00,28.0,1007.2,84.79181717750924
2023-09-05 06:00:00,33.6,1005.5,67.29450442917697
2023-09-05 09:00:00,35.8,1003.5,63.89522935666694
2023-09-05 12:00:00,34.2,1002.4,74.85977574399823
2023-09-05 15:00:00,30.2,1004.2,84.02682856635852
2023-09-05 18:00:00,28.6,1005.1,87.91868204829599
2023-09-05 21:00:00,27.2,1006.1,88.85313336738866
2023-09-06 00:00:00,25.8,1005.4,98.23572722928968
2023-09-06 03:00:00,30.0,1006.9,83.5130798716472
2023-09-06 06:00:00,34.4,1004.2,70.26336932149452
2023-09-06 09:00:00,36.4,1004.3,65.52278401417038
2023-09-06 12:00:00,34.8,1003.1,69.11990047734456
2023-09-06 15:00:00,30.6,1004.7,81.16467826556904
2023-09-06 18:00:00,28.6,1005.0,87.91868204829599
2023-09-06 21:00:00,27.0,1004.9,92.06569807815053
2023-09-07 00:00:00,25.8,1005.5,95.92574387583933
2023-09-07 03:00:00,29.8,1006.6,84.97692867892383
2023-09-07 06:00:00,34.8,1005.9,69.11990047734456
2023-09-07 09:00:00,36.2,1003.4,63.237721036518394
2023-09-07 15:00:00,30.2,1003.2,82.5595602209085
2023-09-07 18:00:00,29.0,1004.9,87.95208930052544
2023-09-07 21:00:00,28.0,1004.8,92.12191734434786
2023-09-08 00:00:00,27.4,1005.9,95.40932035991787
2023-09-08 03:00:00,28.2,1007.3,84.81254813644145
2023-09-08 06:00:00,33.0,1006.0,67.97575322043862
2023-09-08 09:00:00,34.4,1003.6,74.89131483599449
2023-09-08 12:00:00,33.4,1002.0,75.60709778502641
2023-09-08 15:00:00,30.6,1003.8,88.08437507661748
2023-09-08 18:00:00,29.4,1004.6,90.59907165857443
2023-09-08 21:00:00,29.0,1004.2,93.80721852350113
2023-09-09 00:00:00,27.4,1005.5,95.40932035991787
2023-09-09 03:00:00,28.0,1006.4,84.79181717750924
2023-09-09 06:00:00,30.8,1005.6,75.64766286638326
2023-09-09 09:00:00,34.0,1003.0,71.01489197336855
2023-09-09 12:00:00,32.4,1001.7,74.13743365834232
2023-09-09 15:00:00,26.4,1004.5,92.03168153578638
2023-09-09 18:00:00,25.0,1004.9,96.47815756865955
2023-09-09 21:00:00,24.4,1003.8,96.4626030540391
2023-09-10 00:00:00,25.0,1002.6,98.22526839673633
2023-09-10 03:00:00,26.4,1004.3,94.81128607168019
2023-09-10 06:00:00,31.0,1003.2,72.1742265807024
2023-09-10 09:00:00,32.4,1001.2,72.8428529693439
2023-09-10 12:00:00,30.6,1000.9,79.74530566981048
2023-09-10 15:00:00,28.0,1002.7,87.34888747491027
2023-09-10 18:00:00,26.6,1004.1,87.22543835052973
2023-09-10 21:00:00,25.6,1003.5,91.43570721258781
2023-09-11 00:00:00,24.6,1003.1,96.46779925124456
2023-09-11 03:00:00,27.6,1004.4,87.31379479213656
2023-09-11 06:00:00,32.2,1003.5,73.6706835261597
2023-09-11 09:00:00,34.0,1001.6,69.78208647156907
2023-09-11 12:00:00,33.0,1001.0,76.87590749996318
2023-09-11 15:00:00,30.4,1002.5,78.31948639832048
2023-09-11 18:00:00,29.2,1003.4,83.42405706602797
2023-09-11 21:00:00,28.0,1003.0,85.80667728802291
2023-09-12 00:00:00,27.8,1002.6,92.11072068322818
2023-09-12 03:00:00,30.4,1003.7,78.31948639832048
2023-09-12 06:00:00,28.4,1004.4,100.0
2023-09-12 09:00:00,33.6,1001.9,68.49226741509385
2023-09-12 12:00:00,31.4,1001.0,77.54420157006253
2023-09-12 15:00:00,30.6,1002.3,82.60607945629376
2023-09-12 18:00:00,29.4,1003.0,87.98536152503398
2023-09-12 21:00:00,28.8,1002.8,89.50172004038727
2023-09-13 00:00:00,28.2,1003.2,92.13309053912468
2023-09-13 03:00:00,30.0,1004.7,84.99729439748566
2023-09-13 06:00:00,33.2,1004.4,66.8204347704166
2023-09-13 09:00:00,34.0,1001.9,66.19513066409054
2023-09-13 12:00:00,33.6,1001.1,72.19806731088487
2023-09-13 15:00:00,31.0,1002.1,81.21443360821415
2023-09-13 18:00:00,29.6,1003.2,88.00194722290112
2023-09-13 21:00:00,29.4,1003.9,89.54556000162309
2023-09-14 00:00:00,28.6,1003.9,88.96156313904507
2023-09-14 03:00:00,30.0,1006.2,84.99729439748566
2023-09-14 06:00:00,34.2,1005.6,67.41132206638726
2023-09-14 09:00:00,36.0,1003.3,50.46801146991017
2023-09-14 15:00:00,31.4,1003.2,76.18814229624397
2023-09-14 18:00:00,30.0,1005.0,84.99729439748566
2023-09-14 21:00:00,29.0,1004.4,89.51636332080271
2023-09-15 00:00:00,28.6,1004.2,88.96156313904507
2023-09-15 03:00:00,28.2,1007.3,88.93074165144274
2023-09-15 06:00:00,24.2,1009.0,98.21471657176035
2023-09-15 12:00:00,26.4,1004.7,90.39836619855579
2023-09-15 15:00:00,25.6,1005.7,93.09525743190015
2023-09-15 18:00:00,25.2,1006.8,94.76592069291524
2023-09-15 21:00:00,25.2,1006.0,93.07533521182425
2023-09-16 00:00:00,24.8,1005.5,96.47298407847299
2023-09-16 03:00:00,27.8,1007.2,84.2669381064797
2023-09-16 06:00:00,33.0,1007.1,66.78088716309055
2023-09-16 09:00:00,27.0,1006.5,84.18092213796281
2023-09-16 12:00:00,27.6,1003.7,78.39069896683198
2023-09-16 15:00:00,27.4,1005.8,85.74806761675889
2023-09-16 18:00:00,27.0,1005.5,88.83751596451742
2023-09-16 21:00:00,27.0,1004.2,88.83751596451742
2023-09-17 00:00:00,26.0,1004.7,94.79622941585653
2023-09-17 03:00:00,24.4,1006.8,100.0
2023-09-17 06:00:00,25.0,1007.0,100.0
2023-09-17 09:00:00,28.8,1003.8,86.39309843177878
2023-09-17 12:00:00,28.0,1003.1,87.34888747491027
2023-09-17 15:00:00,26.2,1003.1,92.0202947964304
2023-09-17 18:00:00,26.4,1004.1,92.03168153578638
2023-09-17 21:00:00,26.0,1003.2,92.00888400052642
2023-09-18 00:00:00,25.4,1004.3,93.08530694612072
2023-09-18 03:00:00,27.2,1005.6,85.72845277885752
2023-09-18 06:00:00,30.2,1005.8,72.90096632227306
2023-09-18 12:00:00,31.4,1002.7,69.71409411644107
2023-09-18 15:00:00,29.4,1004.7,81.97957178446406
2023-09-18 18:00:00,28.2,1003.8,84.81254813644145
2023-09-18 21:00:00,27.0,1003.3,84.18092213796281
2023-09-19 00:00:00,26.2,1006.4,90.38476214988123
2023-09-19 03:00:00,27.2,1007.8,85.72845277885752
2023-09-19 06:00:00,30.4,1008.1,78.31948639832048
2023-09-19 09:00:00,32.2,1005.8,65.05199403084112
2023-09-19 12:00:00,27.0,1006.9,88.83751596451742
2023-09-20 00:00:00,26.4,1007.7,93.69075623120435
2023-09-20 03:00:00,28.0,1008.8,92.12191734434786
2023-09-20 06:00:00,33.4,1008.0,64.91266364161814
2023-09-20 09:00:00,29.0,1005.9,95.46199827430759
2023-09-20 12:00:00,31.0,1004.2,82.65241993308152
2023-09-20 15:00:00,28.2,1005.6,88.93074165144274
2023-09-20 18:00:00,27.4,1006.6,90.46596324112937
2023-09-20 21:00:00,26.4,1006.3,93.69075623120435
2023-09-21 00:00:00,26.0,1006.3,93.67255110424425
2023-09-21 03:00:00,28.8,1008.0,81.90716097068722
2023-09-21 06:00:00,33.6,1007.0,63.81035576931347
2023-09-21 09:00:00,35.4,1004.5,61.605105555159014
2023-09-21 12:00:00,33.0,1003.3,72.94417143512577
2023-09-21 15:00:00,29.6,1004.9,82.00361602371757
2023-09-21 18:00:00,28.4,1005.9,84.83323810049623
2023-09-21 21:00:00,27.6,1005.8,88.88427217188078
2023-09-22 00:00:00,26.4,1006.9,88.79047072518293
2023-09-22 03:00:00,29.0,1007.6,86.41175942849821
2023-09-22 06:00:00,32.8,1007.1,64.40448947276589
2023-09-22 09:00:00,35.0,1004.9,61.15610416717985
2023-09-22 12:00:00,29.8,1004.2,74.15162297941144
2023-09-22 15:00:00,27.6,1005.4,81.27196286112057
2023-09-22 18:00:00,26.6,1006.7,84.13765842724912
2023-09-22 21:00:00,26.0,1006.2,84.07244076824206
2023-09-23 00:00:00,25.0,1005.7,89.75868022431183
2023-09-23 03:00:00,26.4,1009.5,90.39836619855579
2023-09-23 06:00:00,24.4,1010.2,96.4626030540391
2023-09-23 09:00:00,29.8,1006.9,68.58338730413207
2023-09-23 12:00:00,29.8,1005.6,81.06459831337503
2023-09-23 15:00:00,26.6,1006.7,92.04304428506519
2023-09-23 18:00:00,25.4,1007.6,93.08530694612072
2023-09-23 21:00:00,24.6,1007.4,94.74301669819423
2023-09-24 00:00:00,23.6,1007.6,92.9947891827328
2023-09-24 03:00:00,25.2,1008.2,94.76592069291524
2023-09-24 06:00:00,30.4,1008.2,67.87721438855921
2023-09-24 09:00:00,29.0,1006.0,79.0585121873896
2023-09-24 12:00:00,28.4,1004.9,81.85865421535438
2023-09-24 15:00:00,26.4,1005.7,88.79047072518293
2023-09-24 18:00:00,25.0,1006.6,94.7583025301895
2023-09-24 21:00:00,24.4,1006.8,94.73534893450257
2023-09-25 00:00:00,23.6,1007.2,98.20674101429967
2023-09-25 03:00:00,24.0,1009.6,98.2120639566388
2023-09-25 06:00:00,29.0,1008.7,77.65543578652992
2023-09-25 09:00:00,32.6,1006.3,64.36278271700262
2023-09-25 12:00:00,30.6,1005.9,70.40290332892224
2023-09-25 15:00:00,27.0,1007.1,84.18092213796281
2023-09-25 18:00:00,25.4,1008.0,88.17753730223563
2023-09-25 21:00:00,24.8,1007.7,91.38660473195172
2023-09-26 00:00:00,24.0,1008.3,91.33708576167582
2023-09-26 03:00:00,25.2,1010.6,93.07533521182425
2023-09-26 06:00:00,30.6,1009.9,70.40290332892224
2023-09-26 09:00:00,33.2,1007.7,58.9647920354539
2023-09-26 12:00:00,31.0,1006.8,66.78169156880611
2023-09-26 15:00:00,27.8,1008.0,81.29701074620921
2023-09-26 18:00:00,25.6,1008.4,87.13618000678832
2023-09-26 21:00:00,25.0,1008.3,89.75868022431183
2023-09-27 00:00:00,24.8,1008.4,91.38660473195172
2023-09-27 03:00:00,25.4,1010.3,86.59275173505719
2023-09-27 06:00:00,31.0,1009.5,64.4141386029017
2023-09-27 09:00:00,33.2,1007.0,56.53234399526844
2023-09-27 12:00:00,30.2,1006.1,71.60525312499601
2023-09-27 15:00:00,27.0,1006.9,81.19652945190819
2023-09-27 18:00:00,24.8,1007.6,88.12759322404811
2023-09-27 21:00:00,24.4,1007.5,89.71497940989825
2023-09-28 00:00:00,23.0,1007.7,91.27459428964966
2023-09-28 03:00:00,25.0,1009.7,89.75868022431183
2023-09-28 06:00:00,31.8,1009.0,62.67121379518331
2023-09-28 09:00:00,33.8,1006.9,55.99737982292572
2023-09-28 15:00:00,27.0,1006.5,82.67693820709039
2023-09-28 18:00:00,25.4,1007.4,85.03296693933086
2023-09-28 21:00:00,24.7,1007.2,88.65558582828427
2023-09-29 00:00:00,22.4,1007.3,89.56731388016964
2023-09-29 03:00:00,24.8,1009.5,91.38660473195172
2023-09-29 06:00:00,31.6,1008.9,64.9280664556721
2023-09-29 09:00:00,34.6,1006.0,55.51953672301835
2023-09-29 12:00:00,31.0,1005.4,67.99377352527183
2023-09-29 15:00:00,26.8,1006.9,79.71242342812477
2023-09-29 18:00:00,25.4,1008.0,80.5002818626729
2023-09-29 21:00:00,24.2,1007.9,88.07733960854361
2023-09-30 00:00:00,22.4,1007.6,96.41000840186356
2023-09-30 03:00:00,25.0,1008.9,84.99158907366431
2023-09-30 06:00:00,32.0,1008.8,63.85356133058713
2023-09-30 09:00:00,34.0,1006.6,59.50158303199722
2023-09-30 12:00:00,31.6,1005.3,64.9280664556721
2023-09-30 15:00:00,26.8,1006.6,81.17128800561531
2023-09-30 18:00:00,25.0,1008.1,86.5553591977721
2023-09-30 21:00:00,23.8,1008.0,91.32464040055407
2023-10-01 00:00:00,22.0,1007.5,94.64202501465911
2023-10-01 03:00:00,23.8,1009.0,86.44226467052783
2023-10-01 06:00:00,31.0,1008.3,65.58856385714532
2023-10-01 09:00:00,33.8,1005.7,49.60427705148923
2023-10-01 12:00:00,29.6,1005.0,63.341728305764846
2023-10-01 15:00:00,25.0,1006.7,77.06236252506079
2023-10-01 18:00:00,23.6,1007.1,81.2616924191531
2023-10-01 21:00:00,22.2,1007.9,89.00113039766441
2023-10-02 00:00:00,20.0,1007.6,93.97450936662143
2023-10-02 03:00:00,23.2,1009.1,82.73369056093227
2023-10-02 06:00:00,31.4,1009.0,55.08058002977347
2023-10-02 09:00:00,33.2,1006.8,39.77958927561719
2023-10-02 12:00:00,29.0,1006.6,54.151080144894756
2023-10-02 15:00:00,24.4,1008.4,75.5545437025466
2023-10-02 18:00:00,23.2,1009.0,76.31010103455979
2023-10-02 21:00:00,21.0,1009.0,88.9063604341973
2023-10-03 00:00:00,20.4,1008.8,90.54172022816981
2023-10-03 03:00:00,23.0,1010.0,82.70996817603475
2023-10-03 06:00:00,31.6,1009.2,53.13694270651922
2023-10-03 09:00:00,33.0,1006.5,53.160307816284856
2023-10-03 12:00:00,29.2,1006.5,63.255491800252074
2023-10-03 15:00:00,25.8,1008.1,79.09289790144875
2023-10-03 18:00:00,24.2,1008.9,84.90833346681126
2023-10-03 21:00:00,22.6,1008.8,89.58222014288508
2023-10-04 00:00:00,21.2,1008.8,94.61037046447788
2023-10-04 03:00:00,23.8,1010.5,84.86645400274385
2023-10-04 06:00:00,30.4,1009.7,65.07093044891502
2023-10-04 09:00:00,33.4,1006.9,50.11110420939171
2023-10-04 12:00:00,29.6,1006.6,63.341728305764846
2023-10-04 15:00:00,26.2,1008.2,77.71524355462877
2023-10-04 18:00:00,24.0,1008.7,84.88741479671322
2023-10-04 21:00:00,23.0,1008.2,91.27459428964966
2023-10-05 00:00:00,20.8,1008.3,92.27543367040356
2023-10-05 03:00:00,23.2,1009.8,86.38519664977352
2023-10-05 06:00:00,31.0,1008.9,57.04447541902918
2023-10-05 09:00:00,33.6,1005.8,53.632996598820334
2023-10-05 12:00:00,30.4,1005.7,62.74695361986276
2023-10-05 15:00:00,26.0,1007.4,76.27392919082712
2023-10-05 18:00:00,24.2,1007.3,83.36164573364587
2023-10-06 00:00:00,20.6,1006.6,92.26414709561166
2023-10-06 03:00:00,24.0,1008.3,84.88741479671322
2023-10-06 06:00:00,31.0,1007.7,57.04447541902918
2023-10-06 09:00:00,34.2,1004.8,52.49709792628761
2023-10-06 12:00:00,31.0,1005.0,65.58856385714532
2023-10-06 15:00:00,24.8,1007.1,80.42146721617324
2023-10-06 18:00:00,22.8,1007.6,91.2620162268376
2023-10-06 21:00:00,22.0,1007.1,91.21143560546284
2023-10-07 00:00:00,21.0,1007.6,92.28669591999777
2023-10-07 03:00:00,23.6,1009.4,89.65628406436801
2023-10-07 06:00:00,31.8,1008.6,53.1868368284505
2023-10-07 09:00:00,34.6,1006.3,51.341412942219854
2023-10-07 12:00:00,32.6,1006.6,65.52306428907129
2023-10-07 15:00:00,27.4,1008.7,82.72371961951407
2023-10-07 18:00:00,25.6,1008.8,90.34377933678581
2023-10-07 21:00:00,24.2,1008.3,93.02515571569042
2023-10-08 00:00:00,23.6,1007.8,89.65628406436801
2023-10-08 03:00:00,25.6,1009.4,87.13618000678832
2023-10-08 06:00:00,32.2,1009.0,63.89578539017188
2023-10-08 09:00:00,34.0,1006.7,57.063126075057056
2023-10-08 12:00:00,32.0,1006.9,68.5931528079531
2023-10-08 15:00:00,27.8,1009.0,84.2669381064797
2023-10-08 18:00:00,26.6,1008.9,87.22543835052973
2023-10-08 21:00:00,25.2,1008.5,89.77318651955946
2023-10-09 00:00:00,24.6,1008.4,93.04529191975669
2023-10-09 03:00:00,27.0,1010.0,84.18092213796281
2023-10-09 06:00:00,32.6,1010.5,63.22051607138405
2023-10-09 09:00:00,33.4,1007.6,62.269883795368706
2023-10-09 12:00:00,32.4,1007.0,71.56807265043355
2023-10-09 15:00:00,27.6,1008.6,84.24549777703992
2023-10-09 18:00:00,25.6,1008.8,87.13618000678832
2023-10-09 21:00:00,21.6,1011.4,100.0
2023-10-10 00:00:00,21.2,1009.9,71.76260834841655
2023-10-10 03:00:00,23.2,1012.1,71.67103318664823
2023-10-10 06:00:00,31.0,1012.3,47.971595124977725
2023-10-10 12:00:00,29.4,1010.1,69.76029011528094
2023-10-10 15:00:00,25.0,1011.4,80.44778939452424
2023-10-10 18:00:00,23.0,1011.3,85.83526762261728
2023-10-11 00:00:00,19.8,1010.8,90.50048450568904
2023-10-11 03:00:00,22.0,1012.9,84.15029745167602
2023-10-11 06:00:00,29.0,1012.8,55.51934107513355
2023-10-11 09:00:00,32.0,1010.3,48.83593138119181
2023-10-11 12:00:00,28.4,1010.6,62.30944777937724
2023-10-11 15:00:00,23.6,1012.3,79.76690260624395
2023-10-11 18:00:00,22.0,1012.3,82.07643342444838
2023-10-11 21:00:00,20.6,1011.4,88.87450414906138
2023-10-12 00:00:00,19.4,1012.2,86.56190404346255
2023-10-12 03:00:00,22.0,1014.1,82.07643342444838
2023-10-12 06:00:00,30.0,1013.8,52.73546662209652
2023-10-12 09:00:00,32.2,1012.2,43.70272894159685
2023-10-12 12:00:00,28.8,1012.0,62.782198156408256
2023-10-12 15:00:00,24.0,1013.6,79.82128066340769
2023-10-12 21:00:00,21.0,1013.4,90.58269290087725
2023-10-13 00:00:00,19.6,1013.2,86.58100783026312
2023-10-13 03:00:00,22.8,1015.5,82.68619873809317
2023-10-13 06:00:00,29.6,1015.4,58.4879003480961
2023-10-13 09:00:00,32.6,1012.1,49.59948094859373
2023-10-13 12:00:00,29.0,1011.5,69.68555280505707
2023-10-13 15:00:00,24.0,1013.3,81.31250928232977
2023-10-13 18:00:00,22.8,1013.7,81.15946153199087
2023-10-13 21:00:00,21.0,1013.1,90.58269290087725
2023-10-14 00:00:00,21.2,1012.6,88.92223841871977
2023-10-14 03:00:00,24.2,1014.5,79.84839136491931
2023-10-14 06:00:00,30.8,1013.8,52.28529670371479
2023-10-14 09:00:00,34.0,1010.9,48.75448871884437
2023-10-14 12:00:00,30.0,1010.6,68.62172918900315
2023-10-14 15:00:00,22.6,1011.3,87.40087535726879
2023-10-14 18:00:00,23.8,1011.6,84.86645400274385
2023-10-14 21:00:00,22.6,1011.65,87.40087535726879
2023-10-15 00:00:00,20.4,1011.7,76.35240172029633
2023-10-15 03:00:00,19.2,1012.9,90.45898352305713
2023-10-15 06:00:00,27.0,1011.7,56.07951487572317
2023-10-15 09:00:00,30.6,1009.7,50.95223924737435
2023-10-15 12:00:00,27.0,1009.5,69.73535987777385
2023-10-15 15:00:00,23.8,1011.0,81.28712563035198
2023-10-15 18:00:00,22.6,1011.4,84.21619689321432
2023-10-15 21:00:00,21.6,1010.8,85.69563499959355
2023-10-16 00:00:00,21.4,1010.3,85.67552411246282
2023-10-16 03:00:00,17.8,1016.4,100.0
2023-10-16 06:00:00,20.0,1015.5,88.82646755484863
2023-10-16 09:00:00,25.4,1013.0,52.90301503946089
2023-10-16 12:00:00,22.0,1012.2,70.54945136907497
2023-10-16 15:00:00,20.0,1013.0,72.470856291407
2023-10-16 18:00:00,19.8,1015.4,77.73604009831854
2023-10-16 21:00:00,18.0,1014.9,85.87560769615662
2023-10-17 00:00:00,17.8,1015.4,84.21749046722671
2023-10-17 03:00:00,18.4,1020.0,88.13441076656039
2023-10-17 06:00:00,23.8,1019.0,61.27730375134291
2023-10-17 09:00:00,26.4,1015.3,52.820008231230375
2023-10-17 12:00:00,25.0,1015.9,71.10528271258221
2023-10-17 15:00:00,20.8,1017.3,83.49059767012783
2023-10-17 18:00:00,19.2,1017.4,88.20251315419341
2023-10-17 21:00:00,18.2,1016.4,92.12678547599367
2023-10-18 00:00:00,16.8,1016.7,93.82960690816272
2023-10-18 03:00:00,19.0,1018.1,82.75226606225803
2023-10-18 06:00:00,26.8,1017.8,57.101806215949566
2023-10-18 09:00:00,29.0,1014.9,48.047970414933914
2023-10-18 12:00:00,25.0,1014.8,62.33363766021803
2023-10-18 15:00:00,21.2,1016.5,78.43918300096577
2023-10-18 18:00:00,19.0,1016.3,84.35046972174376
2023-10-18 21:00:00,17.6,1015.6,92.09188195528188
2023-10-19 00:00:00,16.4,1016.1,93.8111314850518
2023-10-19 03:00:00,18.4,1017.7,88.13441076656039
2023-10-19 06:00:00,26.0,1017.2,57.63433267904622
2023-10-19 09:00:00,29.2,1014.4,44.85242167030182
2023-10-19 12:00:00,25.2,1014.3,62.37822151444744
2023-10-19 15:00:00,20.6,1016.2,76.38391108279227
2023-10-19 18:00:00,18.8,1016.5,80.6361044510389
2023-10-19 21:00:00,17.4,1015.9,83.63156797114554
2023-10-20 00:00:00,16.2,1016.7,89.6666795922352
2023-10-20 03:00:00,19.4,1018.4,81.23264238410255
2023-10-20 06:00:00,27.4,1017.6,53.75062877635818
2023-10-20 09:00:00,30.2,1014.8,44.837591607463104
2023-10-20 12:00:00,26.2,1014.5,59.15801200288633
2023-10-20 15:00:00,21.2,1016.4,78.43918300096577
2023-10-20 18:00:00,19.6,1015.9,82.82420852335207
2023-10-20 21:00:00,18.4,1016.3,86.46578762764692
2023-10-21 00:00:00,16.8,1016.3,91.45678288516467
2023-10-21 03:00:00,19.8,1018.7,90.50048450568904
2023-10-21 06:00:00,27.8,1018.1,55.57264582369571
2023-10-21 09:00:00,30.0,1015.5,44.50001175620574
2023-10-21 12:00:00,26.4,1015.4,69.19353375788072
2023-10-21 15:00:00,20.8,1017.1,90.5690644355442
2023-10-21 18:00:00,19.4,1017.5,84.93178225244176
2023-10-21 21:00:00,18.2,1017.1,88.11729523295126
2023-10-22 00:00:00,17.6,1017.2,95.67071969670096
2023-10-22 03:00:00,21.0,1019.0,81.95274097068757
2023-10-22 06:00:00,24.6,1019.3,71.03201273104008
2023-10-22 09:00:00,25.6,1016.8,69.90275516565127
2023-10-22 12:00:00,25.4,1015.6,77.59744380650201
2023-10-22 15:00:00,21.0,1017.0,87.25731534029728
2023-10-22 18:00:00,19.0,1017.2,88.18554132284771
2023-10-22 21:00:00,18.0,1016.7,89.80163133535805
2023-10-23 00:00:00,17.4,1017.0,92.08019662818475
2023-10-23 03:00:00,18.6,1018.0,92.1499281632111
2023-10-23 06:00:00,26.8,1016.9,61.18521534996033
2023-10-23 09:00:00,31.0,1013.2,43.65326872157307
2023-10-23 12:00:00,26.8,1013.3,66.75154657469582
2023-10-23 15:00:00,21.2,1014.9,79.93886151677536
2023-10-23 18:00:00,19.8,1015.4,84.97419078065248
2023-10-23 21:00:00,18.4,1014.9,88.13441076656039
2023-10-24 00:00:00,17.2,1014.6,93.84800065349559
2023-10-24 03:00:00,18.8,1016.5,80.6361044510389
2023-10-24 06:00:00,28.2,1015.6,42.61248838373374
2023-10-24 09:00:00,30.4,1013.6,46.040907374813855
2023-10-24 12:00:00,26.6,1013.5,66.29880634587681
2023-10-24 15:00:00,21.0,1015.5,78.41010370884172
2023-10-24 18:00:00,19.4,1015.6,84.93178225244176
2023-10-24 21:00:00,18.0,1015.3,92.1151763066067
2023-10-25 00:00:00,16.6,1015.5,89.69689474307988
2023-10-25 03:00:00,18.6,1017.6,86.48509093163098
2023-10-25 06:00:00,28.2,1017.1,54.63344776811594
2023-10-25 09:00:00,30.2,1014.3,45.98734517749429
2023-10-25 12:00:00,26.6,1014.0,59.62517376441938
2023-10-25 15:00:00,21.6,1015.7,77.02566195716373
2023-10-25 18:00:00,19.4,1016.0,82.8002759006202
2023-10-25 21:00:00,18.0,1016.1,88.1001435273896
2023-10-26 00:00:00,16.8,1015.0,89.71195364563357
2023-10-26 03:00:00,19.0,1016.9,86.52357729390393
2023-10-26 06:00:00,28.0,1016.3,53.22632223446673
2023-10-26 09:00:00,31.2,1013.4,40.50335344032537
2023-10-26 12:00:00,27.0,1013.4,56.07951487572317
2023-10-26 15:00:00,21.2,1015.1,73.14964788312554
2023-10-26 18:00:00,18.6,1015.9,80.60939160489468
2023-10-26 21:00:00,17.8,1015.5,84.21749046722671
2023-10-27 00:00:00,15.2,1014.5,89.0091158362736
2023-10-27 03:00:00,17.4,1016.0,85.81502859929192
2023-10-27 06:00:00,28.0,1015.2,50.60007897036122
2023-10-27 09:00:00,31.2,1012.9,41.54764966465231
2023-10-27 12:00:00,26.4,1012.7,63.431976186978964
2023-10-27 15:00:00,20.4,1014.7,77.82585599299374
2023-10-27 18:00:00,19.2,1015.1,80.68937210624178
2023-10-27 21:00:00,18.4,1014.2,84.28418395334555
2023-10-28 00:00:00,16.4,1014.6,87.39470655250722
2023-10-28 03:00:00,18.8,1016.3,86.50435411788642
2023-10-28 06:00:00,27.4,1016.1,53.75062877635818
2023-10-28 09:00:00,30.0,1013.4,49.23154765101147
2023-10-28 12:00:00,27.4,1013.4,65.64726974382171
2023-10-28 15:00:00,21.6,1015.1,83.58209369896291
2023-10-28 18:00:00,20.0,1015.4,88.82646755484863
2023-10-28 21:00:00,18.6,1015.0,84.30632435360548
2023-10-29 00:00:00,17.4,1015.1,92.08019662818475
2023-10-29 03:00:00,18.4,1017.0,92.13836940421315
2023-10-29 06:00:00,27.4,1016.6,56.531617874228566
2023-10-29 09:00:00,30.4,1013.7,48.417392184797706
2023-10-29 12:00:00,27.2,1013.1,71.06754970374743
2023-10-29 15:00:00,21.2,1015.3,83.5364376134923
2023-10-29 18:00:00,19.2,1016.0,86.54276056682889
2023-10-29 21:00:00,17.8,1015.6,89.78676504838093
2023-10-30 00:00:00,16.8,1015.8,93.82960690816272
2023-10-30 03:00:00,19.0,1017.9,86.52357729390393
2023-10-30 06:00:00,27.2,1016.9,60.1390247692376
2023-10-30 09:00:00,31.4,1013.9,46.01865075668593
2023-10-30 12:00:00,26.4,1014.2,72.24270469942108
2023-10-30 15:00:00,21.0,1016.2,85.10038132415258
2023-10-30 18:00:00,18.6,1017.2,88.15149022709771
2023-10-30 21:00:00,17.4,1017.0,92.08019662818475
2023-10-31 00:00:00,16.4,1017.1,95.63141481320746
2023-10-31 03:00:00,18.4,1019.2,89.83126862847055
2023-10-31 06:00:00,27.4,1018.4,56.531617874228566
2023-10-31 09:00:00,29.8,1015.5,44.44583690114762
2023-10-31 12:00:00,26.4,1015.4,70.48621381671374
2023-10-31 15:00:00,20.6,1017.4,85.05848941378555
2023-10-31 18:00:00,19.0,1018.6,88.18554132284771
2023-10-31 21:00:00,17.8,1018.4,89.78676504838093
2023-11-01 00:00:00,17.0,1018.7,89.72698022064127
2023-11-01 06:00:00,27.0,1019.0,58.6053007570548
2023-11-01 09:00:00,30.0,1015.9,52.73546662209652
2023-11-01 12:00:00,26.4,1015.2,73.58514111197726
2023-11-01 15:00:00,21.4,1016.9,85.67552411246282
2023-11-01 18:00:00,19.4,1017.2,86.56190404346255
2023-11-01 21:00:00,18.0,1016.9,89.80163133535805
2023-11-02 00:00:00,16.6,1016.5,91.44416208645718
2023-11-02 03:00:00,18.0,1016.85,89.80163133535805
2023-11-02 06:00:00,27.2,1017.2,57.55876022674434
2023-11-02 09:00:00,30.2,1014.2,48.364800780647826
2023-11-02 12:00:00,25.0,1013.8,72.89363172362464
2023-11-02 15:00:00,20.2,1015.0,81.33582680524137
2023-11-02 18:00:00,18.4,1014.9,86.46578762764692
2023-11-02 21:00:00,17.2,1013.3,91.48194220405334
2023-11-03 00:00:00,17.0,1013.8,91.46937623164787
2023-11-03 03:00:00,19.0,1015.2,84.35046972174376
2023-11-03 06:00:00,25.4,1014.1,65.63974012452589
2023-11-03 09:00:00,29.4,1011.2,48.45900885580284
2023-11-03 12:00:00,25.6,1011.3,72.99755286782062
2023-11-03 15:00:00,20.6,1013.4,85.05848941378555
2023-11-03 18:00:00,19.6,1014.0,84.95300821206541
2023-11-03 21:00:00,18.2,1013.7,89.8164658325339
2023-11-04 00:00:00,17.0,1013.7,91.46937623164787
2023-11-04 03:00:00,18.0,1015.3,89.80163133535805
2023-11-04 06:00:00,25.4,1015.2,62.81713542633776
2023-11-04 09:00:00,29.4,1012.1,50.962275319663796
2023-11-04 12:00:00,25.2,1012.2,74.29392454783775
2023-11-04 15:00:00,19.8,1014.2,81.28433674432983
2023-11-04 18:00:00,18.8,1014.8,88.1685337131173
2023-11-04 21:00:00,17.8,1014.3,93.87543916375934
2023-11-05 00:00:00,15.8,1014.8,93.78326415706879
2023-11-05 03:00:00,17.4,1017.2,89.75693674926578
2023-11-05 06:00:00,26.8,1016.3,50.61004329658352
2023-11-05 09:00:00,30.0,1013.6,41.218389755870184
2023-11-05 12:00:00,24.4,1013.7,67.94922933383891
2023-11-06 00:00:00,14.0,1017.5,88.91183607623559
2023-11-06 03:00:00,16.8,1019.4,87.43108727612648
2023-11-06 06:00:00,26.4,1018.1,52.820008231230375
2023-11-06 09:00:00,29.6,1015.4,42.99653296618901
2023-11-06 12:00:00,24.4,1015.3,73.70091272937036
2023-11-06 15:00:00,18.6,1017.1,84.30632435360548
2023-11-06 21:00:00,15.4,1016.9,91.36785638670548
2023-11-07 00:00:00,15.0,1016.8,88.99298972017739
2023-11-07 03:00:00,16.2,1018.6,83.49220888976578
2023-11-07 06:00:00,25.2,1017.7,54.2284006146774
2023-11-07 09:00:00,28.8,1014.3,40.887297325663276
2023-11-07 12:00:00,24.4,1013.9,67.94922933383891
2023-11-07 15:00:00,19.8,1015.5,79.23970675671094
2023-11-07 21:00:00,16.8,1015.9,89.71195364563357
2023-11-08 00:00:00,16.2,1015.1,91.41883781841517
2023-11-08 03:00:00,17.0,1016.6,87.449220109464
2023-11-08 06:00:00,26.0,1015.8,55.12789240334629
2023-11-08 09:00:00,29.4,1012.8,40.527028929384194
2023-11-08 12:00:00,25.4,1013.1,64.01349525201712
2023-11-08 15:00:00,19.8,1015.4,77.73604009831854
2023-11-08 18:00:00,18.4,1015.5,80.58262590477159
2023-11-08 21:00:00,16.8,1014.6,89.71195364563357
2023-11-09 00:00:00,16.4,1014.4,89.68180342228284
2023-11-09 03:00:00,17.4,1016.5,85.81502859929192
2023-11-09 06:00:00,25.6,1015.9,54.677740314134674
2023-11-09 09:00:00,29.6,1013.0,42.99653296618901
2023-11-09 12:00:00,24.8,1013.4,71.06867975286194
2023-11-09 15:00:00,20.4,1015.6,81.36149554201421
2023-11-09 18:00:00,18.6,1016.1,86.48509093163098
2023-11-09 21:00:00,17.0,1015.7,89.72698022064127
2023-11-10 00:00:00,16.8,1015.3,89.71195364563357
2023-11-10 03:00:00,17.8,1017.2,85.85545657849421
2023-11-10 06:00:00,22.0,1019.1,70.54945136907497
2023-11-10 09:00:00,20.0,1017.7,88.82646755484863
2023-11-10 12:00:00,18.6,1017.7,88.15149022709771
2023-11-10 15:00:00,16.6,1019.8,87.41291612542301
2023-11-10 18:00:00,16.6,1019.6,89.69689474307988
2023-11-10 21:00:00,15.2,1019.4,89.0091158362736
2023-11-11 00:00:00,14.6,1018.6,95.5714542483362
2023-11-11 03:00:00,15.0,1020.2,95.58488420598349
2023-11-11 06:00:00,22.8,1019.2,63.44677270636492
2023-11-11 09:00:00,25.0,1018.0,59.62894557326245
2023-11-11 12:00:00,22.0,1018.1,70.54945136907497
2023-11-11 15:00:00,17.6,1019.9,83.65462891785485
2023-11-11 18:00:00,16.6,1020.4,89.69689474307988
2023-11-11 21:00:00,15.4,1019.5,93.16027338017237
2023-11-12 00:00:00,14.6,1019.7,95.5714542483362
2023-11-12 03:00:00,15.6,1021.0,95.604915778585
2023-11-12 09:00:00,27.8,1016.7,48.035192948546424
2023-11-12 12:00:00,22.4,1017.0,69.29137490376931
2023-11-12 15:00:00,17.8,1019.2,79.9831780603204
2023-11-12 18:00:00,15.6,1019.8,85.07395174159251
2023-11-12 21:00:00,14.6,1019.1,90.13175358203716
2023-11-13 00:00:00,13.2,1019.2,90.62536676786807
2023-11-13 03:00:00,15.4,1021.1,91.36785638670548
2023-11-13 06:00:00,23.2,1020.7,57.69662256232537
2023-11-13 09:00:00,27.8,1016.2,41.95386366562598
2023-11-13 12:00:00,22.6,1016.0,66.30818558790568
2023-11-13 15:00:00,17.4,1019.3,79.92790572070956
2023-11-13 18:00:00,15.4,1021.0,85.05255730831114
2023-11-13 21:00:00,14.0,1020.3,88.91183607623559
2023-11-14 00:00:00,13.2,1019.0,95.52396753285181
2023-11-14 03:00:00,14.0,1020.9,95.55119504098639
2023-11-14 06:00:00,22.6,1020.2,69.33008235227456
2023-11-14 09:00:00,26.6,1016.8,43.00613273098813
2023-11-14 12:00:00,21.4,1016.9,73.65162613086753
2023-11-14 15:00:00,16.4,1018.9,81.36763763886353
2023-11-14 18:00:00,15.0,1019.1,85.00963460681639
2023-11-15 00:00:00,13.4,1018.6,90.63931815450903
2023-11-15 03:00:00,15.2,1020.1,91.35504121121689
2023-11-15 06:00:00,25.0,1019.2,58.13017769528709
2023-11-15 09:00:00,28.0,1016.1,48.08838553713478
2023-11-15 12:00:00,22.2,1016.3,75.67495386222414
2023-11-15 15:00:00,18.0,1018.1,84.23976712899662
2023-11-15 18:00:00,15.8,1018.6,82.90169301452688
2023-11-15 21:00:00,14.2,1018.4,88.92813687312545
2023-11-16 00:00:00,13.6,1019.1,88.29459455000975
2023-11-16 03:00:00,15.6,1021.1,89.04126423426794
2023-11-16 06:00:00,24.6,1020.4,60.68332422098103
2023-11-16 09:00:00,28.6,1017.6,47.63785276074488
2023-11-16 12:00:00,23.4,1018.1,73.0708008953474
2023-11-16 15:00:00,18.4,1020.0,82.15112268771666
2023-11-16 18:00:00,16.6,1020.2,91.44416208645718
2023-11-16 21:00:00,15.0,1020.6,91.34219794839412
2023-11-17 00:00:00,14.2,1020.6,93.09843795330515
2023-11-17 03:00:00,15.6,1021.8,91.38064355522546
2023-11-17 06:00:00,25.8,1020.1,54.727787543447995
2023-11-17 09:00:00,29.4,1016.8,38.232503970251564
2023-11-17 12:00:00,22.6,1017.0,69.33008235227456
2023-11-17 15:00:00,17.8,1018.2,79.9831780603204
2023-11-17 18:00:00,15.8,1017.6,85.09530172182048
2023-11-17 21:00:00,14.4,1017.3,88.9444025377394
2023-11-18 00:00:00,13.4,1017.6,88.27738011354035
2023-11-18 03:00:00,14.8,1019.5,91.32932651758927
2023-11-18 06:00:00,25.2,1018.4,57.07653428863906
2023-11-18 09:00:00,28.4,1015.3,40.512498270619396
2023-11-18 12:00:00,21.0,1015.5,76.44675215115228
2023-11-18 15:00:00,17.2,1017.1,82.00105929920944
2023-11-18 18:00:00,15.4,1017.6,89.02520730872563
2023-11-18 21:00:00,14.2,1017.9,88.92813687312545
2023-11-19 00:00:00,12.8,1018.1,95.51026070272563
2023-11-19 03:00:00,16.0,1020.1,87.35817171892187
2023-11-19 06:00:00,24.0,1019.7,60.159267516551964
2023-11-19 09:00:00,27.2,1017.0,52.35462148724832
2023-11-19 12:00:00,22.6,1017.0,75.73900120222518
2023-11-19 15:00:00,18.0,1018.8,84.23976712899662
2023-11-19 18:00:00,16.4,1019.0,89.68180342228284
2023-11-19 21:00:00,15.0,1019.3,88.99298972017739
2023-11-20 00:00:00,14.2,1018.5,90.69481897371098
2023-11-20 03:00:00,15.2,1020.7,93.15002459693396
2023-11-20 06:00:00,23.6,1020.1,61.23159477777704
2023-11-20 09:00:00,27.0,1016.7,49.69935142548929
2023-11-20 12:00:00,22.0,1016.8,75.64284085753373
2023-11-20 15:00:00,17.4,1018.1,85.81502859929192
2023-11-20 18:00:00,15.6,1019.2,89.04126423426794
2023-11-20 21:00:00,14.4,1019.6,88.9444025377394
2023-11-21 00:00:00,13.6,1018.7,93.06720936893215
2023-11-21 03:00:00,14.6,1020.0,95.5714542483362
2023-11-21 06:00:00,23.4,1018.2,53.42273368228781
2023-11-21 09:00:00,26.2,1015.1,44.9038714895109
2023-11-21 12:00:00,22.2,1015.1,59.73774579082662
2023-11-21 15:00:00,18.0,1016.3,67.08359313595335
2023-11-21 18:00:00,16.6,1017.0,69.51125557277939
2023-11-21 21:00:00,15.0,1016.6,78.5453271453219
2023-11-22 00:00:00,12.8,1014.7,83.64541777496521
2023-11-22 03:00:00,14.0,1016.5,83.23222427076443
2023-11-22 06:00:00,22.6,1016.2,49.827976421206955
2023-11-22 09:00:00,25.6,1013.6,41.61652075262736
2023-11-22 12:00:00,20.6,1013.9,68.055920529955
2023-11-22 15:00:00,15.8,1015.2,77.12386853020143
2023-11-22 18:00:00,13.6,1016.0,82.0847709323328
2023-11-22 21:00:00,12.2,1015.2,85.8468839050642
2023-11-23 00:00:00,11.0,1015.5,89.86401050806772
2023-11-23 03:00:00,11.6,1017.2,94.8364464943844
2023-11-23 06:00:00,21.6,1016.7,62.36850267963901
2023-11-23 09:00:00,25.6,1013.4,36.67279763142367
2023-11-23 12:00:00,20.0,1013.9,70.62550939676852
2023-11-23 15:00:00,15.4,1016.1,85.05255730831114
2023-11-23 18:00:00,14.0,1016.8,86.600289970592
2023-11-23 21:00:00,12.6,1016.8,90.58332836922459
2023-11-24 00:00:00,12.2,1017.2,94.86009712729937
2023-11-24 06:00:00,22.4,1019.1,59.78486476769296
2023-11-24 09:00:00,27.0,1015.5,43.39821017416529
2023-11-24 12:00:00,20.2,1015.9,72.50665915505505
2023-11-24 15:00:00,15.2,1018.2,78.57491552248868
2023-11-24 18:00:00,13.8,1018.6,86.58079732128753
2023-11-24 21:00:00,12.8,1018.3,90.59737196340785
2023-11-25 00:00:00,11.2,1018.1,92.32072545539636
2023-11-25 03:00:00,13.0,1020.0,95.51712191302202
2023-11-25 06:00:00,21.0,1016.3,66.40122606049283
2023-11-25 09:00:00,25.0,1016.8,52.460986040966226
2023-11-25 12:00:00,21.2,1016.9,75.0356621166813
2023-11-25 15:00:00,15.6,1019.1,87.32148192965687
2023-11-25 18:00:00,14.0,1019.6,88.91183607623559
2023-11-25 21:00:00,13.6,1019.8,90.6532389811529
2023-11-26 00:00:00,13.4,1019.5,95.53079760901926
2023-11-26 03:00:00,14.2,1021.5,93.09843795330515
2023-11-26 06:00:00,23.0,1021.1,59.15792233039937
2023-11-26 09:00:00,24.2,1018.3,51.57959034345375
2023-11-26 12:00:00,20.6,1018.3,79.8567757762695
2023-11-26 15:00:00,16.2,1019.6,85.1378687966253
2023-11-26 18:00:00,15.4,1018.2,91.36785638670548
2023-11-26 21:00:00,14.6,1017.7,93.11914142350814
2023-11-27 00:00:00,14.4,1016.2,95.56471646093954
2023-11-27 03:00:00,15.6,1018.0,91.38064355522546
2023-11-27 06:00:00,19.2,1019.3,75.6731269890769
2023-11-27 09:00:00,20.0,1017.2,75.80243725044951
2023-11-27 12:00:00,19.2,1016.3,86.54276056682889
2023-11-27 15:00:00,16.0,1017.6,93.79257390574581
2023-11-27 18:00:00,15.4,1017.8,93.16027338017237
2023-11-27 21:00:00,14.8,1016.9,95.5781768148728
2023-11-28 00:00:00,14.8,1016.7,95.5781768148728
2023-11-28 03:00:00,14.4,1018.3,95.56471646093954
2023-11-28 06:00:00,21.4,1017.6,71.79898970107504
2023-11-28 09:00:00,24.0,1015.4,60.159267516551964
2023-11-28 12:00:00,21.6,1015.1,77.02566195716373
2023-11-28 15:00:00,18.6,1016.9,88.15149022709771
2023-11-28 18:00:00,17.4,1016.4,92.08019662818475
2023-11-28 21:00:00,16.0,1015.9,89.65152316161863
2023-11-29 00:00:00,13.4,1016.8,95.53079760901926
2023-11-29 03:00:00,14.0,1018.7,93.0880516101139
2023-11-29 06:00:00,22.0,1018.4,72.36558787435905
2023-11-29 09:00:00,24.4,1015.8,53.33223433397086
2023-11-29 12:00:00,21.0,1015.0,79.91155284255397
2023-11-29 15:00:00,17.4,1017.3,89.75693674926578
2023-11-29 18:00:00,16.4,1017.0,90.26173870461339
2023-11-29 21:00:00,15.8,1016.8,91.39340279686098
2023-11-30 00:00:00,16.0,1016.4,93.79257390574581
2023-11-30 03:00:00,16.4,1018.5,95.63141481320746
2023-11-30 06:00:00,19.2,1019.4,84.3724749251044
2023-11-30 09:00:00,16.8,1018.8,100.0
2023-11-30 12:00:00,16.4,1018.7,91.43151375710556
2023-11-30 15:00:00,14.4,1019.4,95.56471646093954
2023-11-30 18:00:00,14.6,1019.9,95.5714542483362
2023-11-30 21:00:00,14.2,1019.8,97.43996186725943
2023-12-01 00:00:00,13.6,1019.2,97.42812382340092
2023-12-01 03:00:00,14.0,1020.5,97.43602491004624
2023-12-01 06:00:00,20.6,1019.6,71.19447449796581
2023-12-01 09:00:00,24.0,1016.5,62.905264442630205
2023-12-01 12:00:00,20.2,1016.4,83.42149095195703
2023-12-01 15:00:00,16.4,1018.3,87.39470655250722
2023-12-01 18:00:00,15.0,1018.5,88.99298972017739
2023-12-01 21:00:00,13.6,1018.4,93.06720936893215
2023-12-02 00:00:00,12.4,1018.9,94.86794490544092
2023-12-02 03:00:00,12.6,1020.7,94.2518024190737
2023-12-02 06:00:00,20.2,1020.4,72.50665915505505
2023-12-02 09:00:00,24.0,1017.3,60.159267516551964
2023-12-02 12:00:00,20.4,1017.2,76.35240172029633
2023-12-02 15:00:00,15.2,1018.9,89.0091158362736
2023-12-02 18:00:00,13.8,1019.5,88.31177198292333
2023-12-02 21:00:00,12.8,1019.3,93.02524475563575
2023-12-03 00:00:00,11.6,1019.4,92.343939837859
2023-12-03 03:00:00,12.4,1021.7,100.0
2023-12-03 06:00:00,17.0,1021.8,89.72698022064127
2023-12-03 09:00:00,22.2,1018.1,67.50796167415882
2023-12-03 12:00:00,19.8,1017.1,77.73604009831854
2023-12-03 15:00:00,15.0,1018.5,88.99298972017739
2023-12-03 18:00:00,13.2,1019.1,93.04627393366597
2023-12-03 21:00:00,12.0,1018.5,94.85223150186052
2023-12-04 00:00:00,11.6,1017.9,97.3880676886059
2023-12-04 03:00:00,10.8,1020.0,94.8046599388741
2023-12-04 06:00:00,20.0,1019.9,74.35848005153662
2023-12-04 09:00:00,23.0,1017.2,50.26443539901982
2023-12-04 12:00:00,18.4,1017.2,82.15112268771666
2023-12-04 15:00:00,14.6,1018.0,84.40903988678241
2023-12-04 18:00:00,13.4,1018.8,93.05675333475915
2023-12-04 21:00:00,11.6,1018.3,97.3880676886059
2023-12-05 00:00:00,11.2,1018.4,100.0
2023-12-05 03:00:00,10.6,1019.7,97.36768939867459
2023-12-05 06:00:00,19.4,1018.9,79.18307531300236
2023-12-05 09:00:00,23.4,1015.1,56.636614581770104
2023-12-05 12:00:00,19.4,1015.0,81.23264238410255
2023-12-05 15:00:00,15.0,1017.2,88.99298972017739
2023-12-05 21:00:00,12.8,1017.8,95.51026070272563
2023-12-06 00:00:00,11.8,1017.6,94.84434797549758
2023-12-06 03:00:00,11.8,1019.7,97.3921150705423
2023-12-06 06:00:00,19.0,1019.3,77.11756813613941
2023-12-06 09:00:00,24.6,1015.9,53.38332827081842
2023-12-06 12:00:00,20.2,1016.3,79.80178488426841
2023-12-06 15:00:00,14.6,1018.2,88.96063316846961
2023-12-06 18:00:00,12.4,1019.0,93.0041212821806
2023-12-06 21:00:00,11.6,1018.3,94.8364464943844
2023-12-07 00:00:00,11.4,1018.2,94.82852700449433
2023-12-07 03:00:00,11.0,1019.5,100.0
2023-12-07 06:00:00,21.2,1018.2,63.50267951350905
2023-12-07 09:00:00,25.0,1014.9,51.12208134401761
2023-12-07 12:00:00,20.0,1014.7,72.470856291407
2023-12-07 15:00:00,15.0,1016.9,85.00963460681639
2023-12-07 18:00:00,12.6,1017.2,88.20815025668014
2023-12-07 21:00:00,12.0,1016.8,92.98290295662396
2023-12-08 00:00:00,9.4,1017.3,92.21496217334533
2023-12-08 03:00:00,10.4,1018.8,100.0
2023-12-08 06:00:00,20.4,1018.3,67.57698037006995
2023-12-08 09:00:00,23.2,1015.3,49.01034651636725
2023-12-08 12:00:00,18.0,1014.9,70.7067670476825
2023-12-08 15:00:00,13.5,1016.8,82.6205720377137
2023-12-08 18:00:00,11.4,1017.6,87.51317780630974
2023-12-08 21:00:00,10.4,1017.7,92.27398343475242
2023-12-09 00:00:00,9.4,1017.8,92.21496217334533
2023-12-09 03:00:00,11.4,1019.4,94.82852700449433
2023-12-09 09:00:00,22.4,1017.0,51.10736991039426
2023-12-09 12:00:00,18.0,1016.0,70.7067670476825
2023-12-09 18:00:00,11.6,1017.6,85.20943174898376
2023-12-09 21:00:00,10.0,1015.8,92.25045456238455
2023-12-10 00:00:00,9.4,1015.2,100.0
2023-12-10 03:00:00,11.0,1016.6,92.30907922238288
2023-12-10 06:00:00,20.0,1016.4,58.825278327005336
2023-12-10 09:00:00,22.4,1013.9,48.15165677300655
2023-12-10 12:00:00,18.4,1013.8,65.85307897158431
2023-12-10 15:00:00,13.2,1016.1,79.33414165242704
2023-12-10 18:00:00,11.0,1017.0,87.47625235168279
2023-12-10 21:00:00,9.6,1016.1,89.1487410661114
2023-12-11 00:00:00,8.4,1016.1,94.70753624146667
2023-12-11 03:00:00,8.2,1018.2,94.69932109658993
2023-12-11 06:00:00,18.0,1016.3,63.62499650833061
2023-12-11 09:00:00,20.4,1016.1,59.31046034978106
2023-12-11 12:00:00,16.8,1015.6,77.78633267574237
2023-12-11 15:00:00,12.6,1017.4,85.88804470359835
2023-12-11 18:00:00,10.2,1017.8,86.81056391783137
2023-12-11 21:00:00,9.0,1016.7,91.56542147352353
2023-12-12 00:00:00,8.8,1016.4,94.72390988503051
2023-12-12 03:00:00,9.4,1017.5,97.3429205497449
2023-12-12 06:00:00,17.4,1017.5,77.87699805374835
2023-12-12 09:00:00,20.8,1014.7,50.34550304599599
2023-12-12 12:00:00,17.0,1014.5,79.87241483728825
2023-12-12 15:00:00,11.7,1015.9,88.12954866466993
2023-12-12 18:00:00,10.0,1017.6,92.25045456238455
2023-12-12 21:00:00,8.6,1017.6,94.71573248516182
2023-12-13 00:00:00,7.4,1017.8,97.30085899241799
2023-12-13 03:00:00,7.4,1019.9,97.30085899241799
2023-12-13 06:00:00,17.8,1019.8,63.580269216740625
2023-12-13 09:00:00,21.8,1016.6,48.633033123964324
2023-12-13 12:00:00,16.8,1017.2,71.88909737047403
2023-12-13 15:00:00,11.6,1019.1,85.20943174898376
2023-12-13 18:00:00,10.2,1019.5,89.80306259312263
2023-12-13 21:00:00,8.8,1018.8,94.72390988503051
2023-12-14 00:00:00,8.4,1018.3,97.32201306016589
2023-12-14 03:00:00,9.4,1019.3,94.74832959201001
2023-12-14 06:00:00,18.6,1019.0,57.32508396920274
2023-12-14 09:00:00,21.6,1016.9,46.981395351554426
2023-12-14 12:00:00,18.0,1017.3,65.33413022042211
2023-12-14 15:00:00,14.2,1018.6,77.90531464520272
2023-12-14 18:00:00,11.4,1020.1,82.9172741443641
2023-12-14 21:00:00,9.8,1020.1,89.7723864169713
2023-12-15 00:00:00,8.8,1020.0,94.72390988503051
2023-12-15 03:00:00,8.0,1021.7,100.0
2023-12-15 06:00:00,17.0,1021.9,71.92595452180186
2023-12-15 09:00:00,20.8,1019.2,54.891970429038786
2023-12-15 12:00:00,17.0,1018.4,70.05166142718224
2023-12-15 15:00:00,11.8,1019.6,85.23093483100948
2023-12-15 18:00:00,9.6,1020.5,89.1487410661114
2023-12-15 21:00:00,8.8,1020.2,91.55256885631819
2023-12-16 00:00:00,8.4,1019.0,89.05048696470176
2023-12-16 03:00:00,7.0,1020.7,100.0
2023-12-16 09:00:00,20.8,1017.0,50.34550304599599
2023-12-16 12:00:00,16.4,1016.3,69.47184527396357
2023-12-16 15:00:00,11.8,1018.8,85.23093483100948
2023-12-16 18:00:00,10.2,1019.4,92.2622322184272
2023-12-16 21:00:00,9.2,1019.2,92.20307797440333
2023-12-17 00:00:00,7.8,1019.0,94.03607061890503
2023-12-17 03:00:00,8.8,1021.5,94.72390988503051
2023-12-17 06:00:00,17.4,1021.3,63.06842384652679
2023-12-17 09:00:00,20.8,1018.6,50.34550304599599
2023-12-17 12:00:00,17.0,1018.7,73.84428683469146
2023-12-17 15:00:00,12.4,1020.4,83.59836147539178
2023-12-17 18:00:00,10.4,1021.3,87.42056418811993
2023-12-17 21:00:00,9.2,1021.8,92.20307797440333
2023-12-18 00:00:00,9.6,1021.5,97.34707279392693
2023-12-18 03:00:00,9.8,1022.9,81.59252591469206
2023-12-18 06:00:00,18.4,1022.2,62.46052062056043
2023-12-18 09:00:00,21.4,1019.3,51.18166333331645
2023-12-18 12:00:00,16.8,1019.2,71.88909737047403
2023-12-18 15:00:00,13.8,1021.1,82.11015152601426
2023-12-18 18:00:00,11.6,1021.5,87.53158087183863
2023-12-18 21:00:00,9.8,1021.3,89.7723864169713
2023-12-19 00:00:00,7.4,1021.5,97.30085899241799
2023-12-19 03:00:00,8.0,1022.8,94.04529754252728
2023-12-19 06:00:00,18.0,1022.3,61.95539331922447
2023-12-19 09:00:00,21.0,1019.5,47.45056845222154
2023-12-19 12:00:00,17.0,1018.9,68.2205393539918
2023-12-19 15:00:00,12.0,1020.9,80.78212549748872
2023-12-19 18:00:00,10.4,1021.9,87.42056418811993
2023-12-19 21:00:00,9.2,1021.5,94.74020838163513
2023-12-20 00:00:00,6.8,1021.5,91.42243753902945
2023-12-20 03:00:00,6.4,1023.6,97.27945447272248
2023-12-20 06:00:00,15.6,1022.5,76.58482468468476
2023-12-20 09:00:00,19.4,1018.9,56.7625297206137
2023-12-20 12:00:00,16.0,1018.7,79.21120375812941
2023-12-20 15:00:00,11.4,1020.3,87.51317780630974
2023-12-20 18:00:00,9.4,1021.4,92.21496217334533
2023-12-20 21:00:00,8.2,1021.1,94.69932109658993
2023-12-21 00:00:00,6.8,1020.2,97.28804658589654
2023-12-21 03:00:00,6.4,1021.3,100.0
2023-12-21 06:00:00,17.0,1020.3,68.2205393539918
2023-12-21 09:00:00,20.8,1017.5,54.891970429038786
2023-12-21 12:00:00,16.6,1017.2,73.77464045947974
2023-12-21 15:00:00,11.4,1019.2,87.51317780630974
2023-12-21 18:00:00,9.2,1019.6,89.11613398625194
2023-12-21 21:00:00,7.8,1019.5,94.03607061890503
2023-12-22 00:00:00,6.6,1019.6,97.28375560129753
2023-12-22 03:00:00,7.4,1021.1,97.30085899241799
2023-12-22 06:00:00,18.4,1019.3,58.82884579624172
2023-12-22 09:00:00,21.0,1016.8,56.78422528555351
2023-12-22 12:00:00,18.0,1017.8,75.47732985732259
2023-12-22 15:00:00,12.6,1019.6,93.01469484053409
2023-12-22 18:00:00,10.8,1020.3,92.29740685931507
2023-12-22 21:00:00,11.4,1018.5,97.38401091998121
2023-12-23 00:00:00,10.2,1019.4,97.35947156086468
2023-12-23 03:00:00,10.4,1023.3,97.36358526068923
2023-12-23 06:00:00,17.5,1024.0,75.39509273805926
2023-12-23 09:00:00,21.6,1020.4,60.77061822191757
2023-12-23 12:00:00,17.6,1020.5,83.65462891785485
2023-12-23 15:00:00,12.6,1022.7,90.58332836922459
2023-12-23 18:00:00,11.2,1024.0,92.32072545539636
2023-12-23 21:00:00,10.8,1023.3,97.37178400429313
2023-12-24 00:00:00,9.6,1022.9,86.75194782273013
2023-12-24 03:00:00,8.6,1024.9,91.5396873125259
2023-12-24 06:00:00,19.2,1024.6,66.4566810942421
2023-12-24 09:00:00,22.6,1021.8,55.70877664423919
2023-12-24 12:00:00,17.8,1021.3,79.9831780603204
2023-12-24 15:00:00,14.0,1021.8,88.91183607623559
2023-12-24 18:00:00,13.0,1021.6,95.51712191302202
2023-12-26 15:00:00,12.6,1022.4,97.40821130581216
2023-12-26 21:00:00,11.8,1021.6,100.0
2023-12-27 00:00:00,10.0,1021.7,100.0
2023-12-27 03:00:00,9.8,1024.0,100.0
2023-12-27 09:00:00,19.2,1021.4,68.21654074266358
2023-12-27 12:00:00,17.0,1020.6,87.449220109464
2023-12-27 15:00:00,12.4,1021.6,94.86794490544092
2023-12-27 18:00:00,12.6,1021.6,100.0
2023-12-27 21:00:00,11.0,1020.3,100.0
2023-12-28 00:00:00,10.8,1019.9,100.0
2023-12-28 06:00:00,11.2,1022.3,100.0
2023-12-28 09:00:00,13.2,1020.0,90.62536676786807
2023-12-28 12:00:00,12.2,1020.1,97.40018178945084
2023-12-28 15:00:00,11.2,1021.4,98.68230854951278
2023-12-28 18:00:00,11.0,1022.2,100.0
2023-12-28 21:00:00,10.8,1021.8,100.0
2023-12-29 00:00:00,11.0,1021.2,97.37586910690435
2023-12-29 03:00:00,10.4,1023.3,100.0
2023-12-29 06:00:00,11.6,1023.9,100.0
2023-12-29 09:00:00,16.6,1020.3,77.24819528018222
2023-12-29 12:00:00,14.6,1020.3,93.11914142350814
2023-12-29 15:00:00,10.8,1021.6,97.37178400429313
2023-12-29 18:00:00,10.4,1022.0,100.0
2023-12-29 21:00:00,10.6,1020.6,100.0
2023-12-30 00:00:00,10.6,1020.2,100.0
2023-12-30 03:00:00,10.2,1021.9,100.0
2023-12-30 06:00:00,11.0,1022.3,100.0
2023-12-30 09:00:00,12.2,1020.4,94.86009712729937
2023-12-30 12:00:00,12.2,1019.5,94.86009712729937
2023-12-30 15:00:00,11.4,1020.2,97.38401091998121
2023-12-30 18:00:00,11.0,1020.1,100.0
2023-12-30 21:00:00,10.6,1019.8,100.0
2023-12-31 00:00:00,10.4,1021.1,97.36358526068923
2023-12-31 03:00:00,9.6,1022.0,100.0
2023-12-31 06:00:00,10.2,1023.0,100.0
2023-12-31 09:00:00,11.2,1020.5,97.3799447357553
2023-12-31 12:00:00,10.8,1019.6,94.8046599388741
2023-12-31 15:00:00,10.2,1020.7,100.0
2023-12-31 18:00:00,10.2,1021.0,100.0
2023-12-31 21:00:00,10.0,1020.8,100.0
