time,temp_c,slp_hpa,rh_pct
2024-01-01 00:00:00,10.8,1018.9,94.8046599388741
2024-01-01 06:00:00,13.4,1020.6,81.51369611551115
2024-01-01 09:00:00,16.6,1017.1,60.39703129424253
2024-01-01 12:00:00,12.6,1017.4,76.61682484813711
2024-01-01 15:00:00,11.2,1018.6,85.1662888878942
2024-01-01 18:00:00,10.4,1019.4,89.81834998122066
2024-01-01 21:00:00,9.6,1019.0,94.75643218583839
2024-01-02 00:00:00,9.6,1017.9,92.22681961838842
2024-01-02 03:00:00,10.0,1019.5,84.45766093349363
2024-01-02 06:00:00,12.6,1020.2,67.77376122257378
2024-01-02 09:00:00,16.8,1016.5,54.974568005498504
2024-01-02 12:00:00,14.9,1016.0,59.58032231410604
2024-01-02 15:00:00,9.0,1018.0,91.56542147352353
2024-01-02 18:00:00,9.0,1018.4,94.73206849821293
2024-01-02 21:00:00,8.6,1018.1,94.71573248516182
2024-01-03 00:00:00,9.2,1018.1,86.71265902439605
2024-01-03 03:00:00,9.6,1019.6,89.1487410661114
2024-01-03 06:00:00,11.2,1020.2,87.49473500330369
2024-01-03 09:00:00,15.2,1017.0,62.56593465042736
2024-01-03 12:00:00,13.8,1016.7,75.27842866105614
2024-01-03 15:00:00,9.6,1017.6,92.22681961838842
2024-01-03 18:00:00,9.4,1018.0,94.74832959201001
2024-01-03 21:00:00,9.6,1017.8,94.75643218583839
2024-01-04 00:00:00,9.4,1018.3,94.74832959201001
2024-01-04 03:00:00,10.0,1020.5,89.78774143747167
2024-01-04 06:00:00,12.0,1020.5,82.99070859727301
2024-01-04 15:00:00,10.8,1018.2,89.84882384224436
2024-01-04 18:00:00,10.2,1017.8,92.2622322184272
2024-01-04 21:00:00,9.8,1017.5,92.23865038850573
2024-01-05 00:00:00,9.8,1017.7,92.23865038850573
2024-01-05 03:00:00,11.6,1019.4,92.343939837859
2024-01-05 06:00:00,13.4,1019.8,85.96984513155628
2024-01-05 09:00:00,14.0,1017.3,86.600289970592
2024-01-05 12:00:00,13.0,1017.4,93.03577109694395
2024-01-05 15:00:00,12.6,1019.3,93.01469484053409
2024-01-05 18:00:00,11.6,1019.6,97.3880676886059
2024-01-05 21:00:00,10.4,1019.2,100.0
2024-01-06 00:00:00,9.6,1018.8,100.0
2024-01-06 03:00:00,10.4,1020.7,100.0
2024-01-06 06:00:00,12.8,1021.6,79.2762893731848
2024-01-06 09:00:00,14.7,1019.0,70.54399897961912
2024-01-06 12:00:00,13.5,1019.2,76.76102500126144
2024-01-06 15:00:00,11.7,1020.7,83.51554043842371
2024-01-06 18:00:00,8.4,1020.9,94.70753624146667
2024-01-06 21:00:00,8.0,1020.5,94.04529754252728
2024-01-07 00:00:00,9.8,1020.5,86.77152868364809
2024-01-07 03:00:00,10.4,1020.5,79.46710262485499
2024-01-07 06:00:00,13.8,1023.2,68.95310375459053
2024-01-07 09:00:00,17.8,1019.5,52.672044735667036
2024-01-07 12:00:00,16.2,1018.3,71.30346129346935
2024-01-07 15:00:00,12.4,1020.1,90.56925386231363
2024-01-07 18:00:00,11.0,1020.2,92.30907922238288
2024-01-07 21:00:00,7.6,1020.0,97.30510971707946
2024-01-08 00:00:00,7.2,1020.5,100.0
2024-01-08 03:00:00,10.0,1022.5,94.77258174880322
2024-01-08 06:00:00,11.8,1022.6,85.23093483100948
2024-01-08 09:00:00,15.0,1020.1,70.1297715091159
2024-01-08 12:00:00,14.4,1018.7,84.38669112870622
2024-01-08 15:00:00,11.0,1019.8,94.81263378127055
2024-01-08 18:00:00,10.4,1020.1,97.36358526068923
2024-01-08 21:00:00,9.6,1020.2,97.34707279392693
2024-01-09 00:00:00,9.4,1019.9,97.3429205497449
2024-01-09 03:00:00,11.2,1021.1,89.87916379213625
2024-01-09 06:00:00,11.8,1022.1,87.54994431065455
2024-01-09 09:00:00,12.8,1020.4,81.43501326288664
2024-01-09 12:00:00,12.6,1019.5,83.62191407370018
2024-01-09 15:00:00,11.2,1020.7,85.1662888878942
2024-01-09 18:00:00,10.4,1021.1,89.81834998122066
2024-01-09 21:00:00,10.0,1020.8,86.79106734289007
2024-01-10 00:00:00,8.6,1019.5,91.5396873125259
2024-01-10 03:00:00,8.6,1020.6,94.71573248516182
2024-01-10 06:00:00,10.4,1021.2,77.31539370734886
2024-01-10 09:00:00,13.6,1017.3,66.6055165676662
2024-01-10 12:00:00,12.8,1016.6,72.1128874717968
2024-01-10 15:00:00,9.8,1018.0,94.1273950952124
2024-01-10 18:00:00,8.2,1018.0,97.31780209575075
2024-01-10 21:00:00,9.0,1019.2,97.33458689848021
2024-01-11 00:00:00,8.8,1019.6,94.72390988503051
2024-01-11 03:00:00,8.2,1021.6,96.00067900865145
2024-01-11 06:00:00,13.0,1021.7,66.02262538735461
2024-01-11 09:00:00,17.4,1018.7,50.454136978491384
2024-01-11 12:00:00,15.2,1017.8,62.56593465042736
2024-01-11 15:00:00,9.6,1018.7,89.1487410661114
2024-01-11 18:00:00,7.4,1018.9,94.01755302261805
2024-01-11 21:00:00,6.4,1018.6,100.0
2024-01-12 00:00:00,5.4,1017.8,100.0
2024-01-12 03:00:00,7.0,1020.1,100.0
2024-01-12 06:00:00,11.4,1020.6,80.15422992436918
2024-01-12 09:00:00,18.4,1017.2,45.15306982429587
2024-01-12 12:00:00,15.6,1015.5,56.96171696901057
2024-01-12 15:00:00,10.2,1018.5,84.48030179168389
2024-01-12 18:00:00,7.2,1018.9,94.00826222089151
2024-01-12 21:00:00,6.0,1018.0,93.95206525663527
2024-01-13 00:00:00,5.0,1017.4,96.57187129040786
2024-01-13 03:00:00,6.0,1019.5,90.73382056884535
2024-01-13 06:00:00,13.2,1019.8,77.23110881689198
2024-01-13 09:00:00,16.0,1016.9,68.9313969976708
2024-01-13 12:00:00,15.2,1015.7,78.57491552248868
2024-01-13 15:00:00,9.4,1017.4,97.3429205497449
2024-01-13 18:00:00,8.0,1018.4,100.0
2024-01-13 21:00:00,6.4,1017.8,100.0
2024-01-14 00:00:00,6.2,1017.1,100.0
2024-01-14 03:00:00,7.6,1018.2,100.0
2024-01-14 06:00:00,11.0,1019.6,85.14464886078251
2024-01-14 09:00:00,18.0,1016.4,49.590050995088895
2024-01-14 12:00:00,17.0,1016.0,55.40152305736491
2024-01-14 15:00:00,18.0,1018.5,46.301060322900966
2024-01-14 18:00:00,7.6,1018.5,80.1698607311087
2024-01-14 21:00:00,4.8,1017.0,96.56642687957566
2024-01-15 00:00:00,7.2,1017.7,100.0
2024-01-15 03:00:00,6.6,1018.9,97.28375560129753
2024-01-15 06:00:00,14.0,1018.8,61.01830273250973
2024-01-15 09:00:00,18.4,1015.1,43.621002800740584
2024-01-15 12:00:00,16.2,1015.1,54.07351069543286
2024-01-15 15:00:00,9.6,1016.9,84.41223530202846
2024-01-15 18:00:00,6.8,1017.2,93.98961628580115
2024-01-15 21:00:00,5.8,1016.2,96.59352072167025
2024-01-16 00:00:00,4.8,1015.6,96.56642687957566
2024-01-16 03:00:00,8.2,1016.6,100.0
2024-01-16 06:00:00,11.6,1017.1,80.72759319979438
2024-01-16 09:00:00,16.0,1014.1,68.9313969976708
2024-01-16 12:00:00,11.8,1014.2,82.9662811763544
2024-01-16 15:00:00,9.6,1015.4,94.75643218583839
2024-01-16 18:00:00,8.8,1016.1,94.72390988503051
2024-01-16 21:00:00,7.2,1014.9,97.29659824992171
2024-01-17 00:00:00,7.0,1015.0,97.29232745823914
2024-01-17 03:00:00,8.0,1016.3,91.50086826671931
2024-01-17 06:00:00,13.2,1016.4,64.27709284911697
2024-01-17 09:00:00,16.8,1013.9,56.875777538603025
2024-01-17 12:00:00,15.4,1013.9,68.35085631112041
2024-01-17 15:00:00,10.2,1016.7,97.35947156086468
2024-01-17 18:00:00,9.0,1017.1,100.0
2024-01-17 21:00:00,8.0,1016.8,100.0
2024-01-18 00:00:00,8.0,1016.9,100.0
2024-01-18 03:00:00,8.4,1018.6,94.70753624146667
2024-01-18 06:00:00,11.0,1019.3,80.09799915506139
2024-01-18 09:00:00,17.6,1015.9,55.93181986854145
2024-01-18 12:00:00,15.4,1015.9,70.67868220689287
2024-01-18 15:00:00,10.4,1018.1,92.27398343475242
2024-01-18 18:00:00,9.8,1019.0,97.35121535724053
2024-01-18 21:00:00,9.2,1018.8,97.33875859464965
2024-01-19 00:00:00,9.0,1018.3,97.33458689848021
2024-01-19 03:00:00,8.6,1020.2,94.71573248516182
2024-01-19 06:00:00,11.2,1020.8,85.1662888878942
2024-01-19 09:00:00,13.2,1018.6,75.1774106722144
2024-01-19 12:00:00,12.2,1018.1,73.99338409157926
2024-01-19 15:00:00,11.0,1019.5,89.86401050806772
2024-01-19 18:00:00,9.6,1020.1,94.75643218583839
2024-01-19 21:00:00,9.4,1019.6,94.74832959201001
2024-01-20 00:00:00,10.0,1018.7,92.25045456238455
2024-01-20 03:00:00,9.8,1020.7,86.77152868364809
2024-01-20 06:00:00,11.6,1021.6,78.0333023825093
2024-01-20 09:00:00,16.4,1018.2,57.94519114371332
2024-01-20 12:00:00,16.6,1017.4,62.04695871265072
2024-01-20 15:00:00,9.6,1015.4,94.75643218583839
2024-01-20 18:00:00,6.8,1020.5,97.28804658589654
2024-01-20 21:00:00,6.0,1020.0,97.27082165614588
2024-01-21 00:00:00,6.0,1018.5,97.27082165614588
2024-01-21 03:00:00,8.4,1019.7,100.0
2024-01-21 06:00:00,9.4,1020.1,92.21496217334533
2024-01-21 09:00:00,14.8,1017.5,65.96191297887852
2024-01-21 12:00:00,13.6,1016.9,70.80895721935863
2024-01-21 15:00:00,9.6,1018.6,94.75643218583839
2024-01-21 18:00:00,8.6,1019.0,91.5396873125259
2024-01-21 21:00:00,8.4,1019.8,94.70753624146667
2024-01-22 00:00:00,7.4,1019.0,94.01755302261805
2024-01-22 03:00:00,8.4,1020.7,89.05048696470176
2024-01-22 06:00:00,13.0,1021.9,63.79125675065534
2024-01-22 09:00:00,16.6,1018.5,54.54930074353959
2024-01-22 12:00:00,14.4,1018.5,71.92356572195285
2024-01-22 15:00:00,9.8,1020.5,96.0501838519562
2024-01-22 18:00:00,9.0,1021.1,97.33458689848021
2024-01-22 21:00:00,9.6,1020.3,94.75643218583839
2024-01-23 00:00:00,9.0,1019.3,97.33458689848021
2024-01-23 03:00:00,9.0,1020.2,97.33458689848021
2024-01-23 06:00:00,12.0,1020.3,78.62557026245203
2024-01-23 09:00:00,18.0,1016.4,58.33927054435667
2024-01-23 12:00:00,16.6,1016.1,69.51125557277939
2024-01-23 15:00:00,12.8,1017.7,85.90855977917565
2024-01-23 18:00:00,10.8,1017.7,89.84882384224436
2024-01-23 21:00:00,10.6,1017.8,94.79666786957364
2024-01-24 00:00:00,10.0,1017.8,94.77258174880322
2024-01-24 03:00:00,9.6,1020.0,97.34707279392693
2024-01-24 06:00:00,10.4,1020.6,87.42056418811993
2024-01-24 09:00:00,16.2,1017.4,59.89458600957478
2024-01-24 12:00:00,15.4,1017.2,64.76683280888665
2024-01-24 15:00:00,10.4,1019.6,87.42056418811993
2024-01-24 18:00:00,8.0,1020.6,94.04529754252728
2024-01-24 21:00:00,7.2,1020.2,94.00826222089151
2024-01-25 00:00:00,7.2,1020.6,97.29659824992171
2024-01-25 03:00:00,7.2,1022.8,97.29659824992171
2024-01-25 06:00:00,14.2,1023.1,63.19322493660834
2024-01-25 09:00:00,19.0,1019.0,54.43155899368546
2024-01-25 12:00:00,16.4,1019.6,69.47184527396357
2024-01-25 15:00:00,11.4,1021.6,87.51317780630974
2024-01-25 18:00:00,8.4,1021.9,91.52677675681028
2024-01-25 21:00:00,6.8,1020.6,97.28804658589654
2024-01-26 00:00:00,6.0,1020.5,100.0
2024-01-26 03:00:00,6.4,1023.0,100.0
2024-01-26 06:00:00,16.2,1023.5,67.6046896295471
2024-01-26 09:00:00,20.0,1020.2,62.41289483828575
2024-01-26 12:00:00,18.2,1019.5,71.209003659982
2024-01-26 15:00:00,10.6,1021.8,92.28570828919668
2024-01-26 18:00:00,8.2,1022.9,97.31780209575075
2024-01-26 21:00:00,6.4,1021.7,97.27945447272248
2024-01-27 00:00:00,5.8,1020.3,100.0
2024-01-27 03:00:00,8.2,1021.0,97.31780209575075
2024-01-27 06:00:00,18.2,1020.1,41.78601579282942
2024-01-27 09:00:00,23.6,1016.9,28.349435698249202
2024-01-27 12:00:00,21.2,1016.3,43.51671422306602
2024-01-27 15:00:00,13.0,1018.8,77.19968844926123
2024-01-27 18:00:00,9.4,1019.5,89.13245547601107
2024-01-27 21:00:00,8.2,1018.9,94.69932109658993
2024-01-28 00:00:00,7.4,1018.3,97.30085899241799
2024-01-28 03:00:00,8.6,1019.7,97.32621416169187
2024-01-28 06:00:00,17.0,1018.9,68.2205393539918
2024-01-28 09:00:00,17.4,1016.7,66.51621615947698
2024-01-28 12:00:00,15.2,1016.8,82.82899336921116
2024-01-28 15:00:00,13.0,1018.3,90.61138473351019
2024-01-28 18:00:00,11.4,1019.3,94.82852700449433
2024-01-28 21:00:00,10.2,1019.2,94.78062882988873
2024-01-29 00:00:00,9.8,1017.9,100.0
2024-01-29 03:00:00,9.8,1020.3,98.66776791047832
2024-01-29 06:00:00,17.6,1019.1,63.11366254801094
2024-01-29 09:00:00,20.4,1016.3,60.888563248098706
2024-01-29 12:00:00,20.2,1015.5,69.30783373165526
2024-01-29 15:00:00,13.4,1017.1,83.71563678912267
2024-01-29 18:00:00,12.2,1018.4,94.86009712729937
2024-01-29 21:00:00,10.4,1017.9,100.0
2024-01-30 00:00:00,11.4,1016.7,100.0
2024-01-30 03:00:00,11.2,1018.7,100.0
2024-01-30 06:00:00,12.4,1019.2,97.40420118369903
2024-01-30 09:00:00,20.0,1015.3,64.06828882011946
2024-01-30 12:00:00,17.2,1015.0,79.90018766462913
2024-01-30 15:00:00,12.2,1017.6,94.86009712729937
2024-01-30 18:00:00,10.0,1018.0,100.0
2024-01-30 21:00:00,8.8,1016.1,100.0
2024-01-31 00:00:00,8.8,1016.2,97.33040543095919
2024-01-31 03:00:00,11.8,1017.6,100.0
2024-01-31 06:00:00,15.6,1017.7,87.32148192965687
2024-01-31 09:00:00,15.2,1015.8,91.35504121121689
2024-01-31 12:00:00,14.0,1013.9,100.0
2024-01-31 15:00:00,14.6,1015.7,100.0
2024-01-31 18:00:00,14.4,1015.4,100.0
2024-01-31 21:00:00,14.0,1013.8,100.0
2024-02-01 00:00:00,13.8,1013.6,100.0
2024-02-01 03:00:00,13.8,1016.3,100.0
2024-02-01 06:00:00,15.8,1017.3,93.78326415706879
2024-02-01 09:00:00,18.0,1015.7,80.52893541547579
2024-02-01 12:00:00,17.4,1015.8,85.81502859929192
2024-02-01 15:00:00,15.0,1018.2,95.58488420598349
2024-02-01 18:00:00,13.0,1019.7,97.4162038469898
2024-02-01 21:00:00,12.2,1019.4,97.40018178945084
2024-02-02 00:00:00,9.0,1019.4,100.0
2024-02-02 03:00:00,10.4,1020.9,100.0
2024-02-02 06:00:00,16.0,1021.1,82.92582750051312
2024-02-02 09:00:00,17.4,1017.6,75.87255538725047
2024-02-02 12:00:00,16.6,1017.8,73.77464045947974
2024-02-02 15:00:00,13.0,1018.9,97.4162038469898
2024-02-02 18:00:00,12.0,1019.6,100.0
2024-02-02 21:00:00,11.2,1019.2,100.0
2024-02-03 00:00:00,8.2,1017.7,100.0
2024-02-03 03:00:00,8.6,1018.6,94.71573248516182
2024-02-03 06:00:00,16.0,1019.4,55.90469676609251
2024-02-03 09:00:00,22.0,1016.0,36.1439337487719
2024-02-03 12:00:00,19.2,1016.0,51.283428980490655
2024-02-03 15:00:00,16.0,1017.9,85.11660736746623
2024-02-03 18:00:00,14.6,1018.9,91.3164268378706
2024-02-03 21:00:00,14.6,1016.1,94.338284794746
2024-02-04 00:00:00,14.0,1016.9,97.43602491004624
2024-02-04 03:00:00,14.0,1017.6,97.43602491004624
2024-02-04 06:00:00,16.0,1018.0,89.65152316161863
2024-02-04 09:00:00,19.8,1015.9,72.43498859575087
2024-02-04 12:00:00,18.6,1014.8,82.70406260968356
2024-02-04 15:00:00,16.0,1017.7,98.10093011701596
2024-02-04 18:00:00,16.2,1016.9,93.80186299495907
2024-02-04 21:00:00,16.2,1015.9,95.62481239193981
2024-02-05 00:00:00,16.0,1016.0,95.61819510862335
2024-02-05 03:00:00,15.0,1018.4,95.58488420598349
2024-02-05 06:00:00,18.2,1019.6,71.209003659982
2024-02-05 09:00:00,20.0,1017.2,60.795284486151715
2024-02-05 12:00:00,18.8,1016.5,64.64976086204504
2024-02-05 15:00:00,14.2,1018.6,90.69481897371098
2024-02-05 18:00:00,12.0,1020.3,97.39615309459306
2024-02-05 21:00:00,11.4,1019.3,97.38401091998121
2024-02-06 00:00:00,9.0,1018.9,97.33458689848021
2024-02-06 03:00:00,10.2,1021.1,94.78062882988873
2024-02-06 06:00:00,17.0,1021.1,56.925993734957856
2024-02-06 09:00:00,19.8,1018.9,39.699829660259084
2024-02-06 12:00:00,18.8,1018.5,47.488432075189664
2024-02-06 15:00:00,13.2,1020.9,70.73183788051104
2024-02-06 18:00:00,9.8,1021.6,92.23865038850573
2024-02-06 21:00:00,9.2,1020.8,89.11613398625194
2024-02-07 00:00:00,9.4,1019.5,89.13245547601107
2024-02-07 03:00:00,10.0,1021.2,79.40894277910813
2024-02-07 06:00:00,18.4,1021.6,42.13506237933372
2024-02-07 09:00:00,20.6,1019.9,32.1743896234315
2024-02-07 12:00:00,16.8,1019.8,51.33971004161866
2024-02-07 15:00:00,13.4,1021.3,75.21114771532659
2024-02-07 18:00:00,11.6,1021.9,87.53158087183863
2024-02-07 21:00:00,10.6,1020.1,87.43916705616897
2024-02-08 00:00:00,9.6,1019.4,89.1487410661114
2024-02-08 03:00:00,11.0,1020.9,75.31730938613637
2024-02-08 06:00:00,17.8,1020.1,45.92694380700722
2024-02-08 09:00:00,20.8,1017.2,32.68843417582989
2024-02-08 12:00:00,21.0,1016.0,34.390029059391544
2024-02-08 15:00:00,15.4,1016.8,60.52066875666976
2024-02-08 18:00:00,13.4,1017.5,77.26246787235075
2024-02-08 21:00:00,11.4,1016.9,75.90221347982077
2024-02-09 00:00:00,9.2,1017.5,83.7889411829924
2024-02-09 03:00:00,9.2,1019.4,81.51302876137727
2024-02-09 06:00:00,20.0,1020.6,38.403949491601814
2024-02-09 09:00:00,23.0,1018.6,28.581588740158775
2024-02-09 12:00:00,21.8,1018.2,37.09504179386282
2024-02-09 15:00:00,13.4,1020.4,72.71466709434519
2024-02-09 18:00:00,10.2,1021.6,92.2622322184272
2024-02-09 21:00:00,9.2,1021.7,94.74020838163513
2024-02-10 00:00:00,7.2,1021.3,94.00826222089151
2024-02-10 03:00:00,7.4,1023.2,97.30085899241799
2024-02-10 06:00:00,19.8,1022.8,52.13818367063928
2024-02-10 09:00:00,22.8,1019.7,44.25980132916405
2024-02-10 12:00:00,21.0,1018.8,50.73632107006152
2024-02-10 15:00:00,13.8,1021.1,84.3193655005902
2024-02-10 18:00:00,11.4,1021.7,92.3323456350743
2024-02-10 21:00:00,10.2,1020.7,97.35947156086468
2024-02-11 00:00:00,8.6,1020.2,100.0
2024-02-11 03:00:00,9.2,1022.0,100.0
2024-02-11 06:00:00,19.8,1022.5,57.240597392790995
2024-02-11 09:00:00,23.6,1019.2,36.1056583963085
2024-02-11 12:00:00,22.2,1018.5,46.21083735001951
2024-02-11 15:00:00,15.2,1020.6,80.6772556893555
2024-02-11 18:00:00,12.0,1020.9,90.54101175416311
2024-02-11 21:00:00,10.4,1020.5,94.78865751832757
2024-02-12 00:00:00,9.0,1019.8,100.0
2024-02-12 03:00:00,9.6,1021.5,97.34707279392693
2024-02-12 06:00:00,19.8,1020.8,57.240597392790995
2024-02-12 09:00:00,22.6,1018.0,49.827976421206955
2024-02-12 12:00:00,20.2,1017.1,62.45824686119664
2024-02-12 15:00:00,16.2,1019.1,83.49220888976578
2024-02-12 18:00:00,13.2,1020.3,93.04627393366597
2024-02-12 21:00:00,11.2,1020.6,94.82058945159967
2024-02-13 00:00:00,10.0,1018.9,100.0
2024-02-13 03:00:00,11.0,1020.4,97.37586910690435
2024-02-13 06:00:00,19.2,1019.8,59.81048114860808
2024-02-13 09:00:00,22.2,1016.9,44.98967489901452
2024-02-13 12:00:00,21.4,1016.7,54.32336862127332
2024-02-13 15:00:00,16.4,1018.6,83.51555428322855
2024-02-13 18:00:00,14.0,1019.3,90.68098930379763
2024-02-13 21:00:00,12.8,1019.4,95.51026070272563
2024-02-14 00:00:00,11.6,1018.4,97.3880676886059
2024-02-14 03:00:00,11.2,1020.1,97.3799447357553
2024-02-14 06:00:00,21.2,1020.3,55.72319363893078
2024-02-14 09:00:00,23.2,1016.6,44.96629978492457
2024-02-14 12:00:00,22.4,1016.2,51.10736991039426
2024-02-14 15:00:00,16.0,1017.9,82.92582750051312
2024-02-14 18:00:00,15.0,1018.5,88.99298972017739
2024-02-14 21:00:00,13.0,1019.3,95.51712191302202
2024-02-15 00:00:00,10.2,1019.2,100.0
2024-02-15 03:00:00,10.4,1020.7,100.0
2024-02-15 06:00:00,21.4,1020.7,49.50641729745809
2024-02-15 09:00:00,25.0,1018.3,34.34784164691521
2024-02-15 12:00:00,23.6,1017.6,41.33203841364714
2024-02-15 15:00:00,15.2,1019.9,80.6772556893555
2024-02-15 18:00:00,14.0,1019.8,88.91183607623559
2024-02-15 21:00:00,10.6,1020.0,94.79666786957364
2024-02-16 00:00:00,8.8,1020.8,97.33040543095919
2024-02-16 03:00:00,11.6,1022.0,94.8364464943844
2024-02-16 06:00:00,22.0,1021.3,49.99812699354031
2024-02-16 09:00:00,26.0,1018.6,26.523721492927386
2024-02-16 12:00:00,24.8,1017.4,32.917655748664195
2024-02-16 15:00:00,14.6,1018.9,71.96072599993553
2024-02-16 18:00:00,11.2,1018.9,89.87916379213625
2024-02-16 21:00:00,9.8,1017.5,94.76451621940971
2024-02-17 00:00:00,9.0,1016.4,100.0
2024-02-17 03:00:00,11.6,1017.8,89.90937059711342
2024-02-17 06:00:00,22.4,1016.9,40.99334078041695
2024-02-17 09:00:00,25.8,1012.9,30.805327511007185
2024-02-17 12:00:00,24.2,1012.2,40.949946475321205
2024-02-17 15:00:00,16.0,1013.8,77.15504026859813
2024-02-17 18:00:00,13.0,1013.8,88.24283981555196
2024-02-17 21:00:00,11.8,1013.1,92.35550813991742
2024-02-18 00:00:00,10.0,1012.6,94.77258174880322
2024-02-18 03:00:00,10.8,1014.3,92.29740685931507
2024-02-18 06:00:00,25.0,1014.6,36.99794724063112
2024-02-18 09:00:00,28.8,1010.4,16.731726737418974
2024-02-18 12:00:00,25.0,1010.0,53.83064226424435
2024-02-18 15:00:00,18.6,1011.6,77.05578821552338
2024-02-18 18:00:00,16.2,1012.1,81.34158287457663
2024-02-18 21:00:00,16.4,1011.6,77.21720350063477
2024-02-19 00:00:00,15.4,1011.0,82.85327607713758
2024-02-19 03:00:00,16.6,1012.0,73.77464045947974
2024-02-19 06:00:00,23.6,1012.6,51.08774579567515
2024-02-19 09:00:00,27.8,1008.0,44.47172614692537
2024-02-19 12:00:00,25.0,1007.4,53.83064226424435
2024-02-19 15:00:00,21.2,1009.5,69.94921355360336
2024-02-19 18:00:00,19.6,1010.7,75.73790348891934
2024-02-19 21:00:00,18.4,1009.1,85.91578474618983
2024-02-20 00:00:00,16.8,1009.6,95.64457524587876
2024-02-20 03:00:00,17.4,1011.9,93.8571670455613
2024-02-20 06:00:00,23.2,1012.3,66.85582014146925
2024-02-20 09:00:00,27.0,1009.2,54.67956800189647
2024-02-20 12:00:00,25.4,1008.0,58.596770845043764
2024-02-20 15:00:00,21.8,1008.8,73.72028641918511
2024-02-20 18:00:00,18.4,1010.5,89.83126862847055
2024-02-20 21:00:00,17.4,1010.1,82.0261957179648
2024-02-21 00:00:00,14.4,1009.5,93.10880120194317
2024-02-21 03:00:00,14.2,1011.4,95.55796340708035
2024-02-21 06:00:00,21.0,1011.8,64.70523940925912
2024-02-21 09:00:00,25.6,1008.8,36.67279763142367
2024-02-21 12:00:00,24.4,1008.5,37.32877350262457
2024-02-21 15:00:00,19.0,1010.6,73.71015337762445
2024-02-21 18:00:00,18.0,1011.9,76.46472676151815
2024-02-21 21:00:00,17.0,1011.0,79.87241483728825
2024-02-22 00:00:00,13.4,1011.7,83.71563678912267
2024-02-22 03:00:00,13.8,1013.4,82.11015152601426
2024-02-22 06:00:00,23.0,1013.8,41.720940729865816
2024-02-22 09:00:00,25.4,1012.1,30.274956035198404
2024-02-22 12:00:00,22.8,1011.9,37.380792936423276
2024-02-22 15:00:00,17.0,1014.3,64.25395673809568
2024-02-22 18:00:00,15.0,1014.9,76.48899399134608
2024-02-22 21:00:00,12.4,1015.6,76.58460864026941
2024-02-23 00:00:00,9.6,1015.0,84.41223530202846
2024-02-23 03:00:00,12.2,1017.2,73.99338409157926
2024-02-23 06:00:00,21.2,1017.3,36.16436498319325
2024-02-23 09:00:00,23.6,1014.6,34.65602312264515
2024-02-23 12:00:00,21.8,1014.2,38.65431573961301
2024-02-23 15:00:00,15.6,1017.0,62.657963291362385
2024-02-23 18:00:00,11.6,1016.1,80.72759319979438
2024-02-23 21:00:00,10.0,1016.0,86.79106734289007
2024-02-24 00:00:00,10.4,1015.4,89.81834998122066
2024-02-24 03:00:00,11.0,1017.4,92.30907922238288
2024-02-24 06:00:00,22.2,1017.1,34.97478382125319
2024-02-24 09:00:00,24.2,1014.9,30.56755207404217
2024-02-24 12:00:00,22.2,1014.4,37.72287245977508
2024-02-24 15:00:00,15.2,1016.8,82.82899336921116
2024-02-24 18:00:00,13.2,1018.2,81.48752184657413
2024-02-24 21:00:00,11.0,1018.2,94.18119708416
2024-02-25 00:00:00,10.0,1017.4,92.25045456238455
2024-02-25 03:00:00,12.0,1019.8,80.78212549748872
2024-02-25 06:00:00,24.8,1019.6,30.525164264276384
2024-02-25 09:00:00,25.4,1016.5,29.049856991246457
2024-02-25 12:00:00,22.6,1016.3,38.35658798241381
2024-02-25 15:00:00,16.4,1018.7,65.86254666524192
2024-02-25 18:00:00,13.0,1019.7,79.3052443654048
2024-02-25 21:00:00,12.0,1019.1,85.25239251205348
2024-02-26 00:00:00,11.6,1017.7,85.20943174898376
2024-02-26 03:00:00,14.0,1019.1,77.87481220532347
2024-02-26 06:00:00,23.6,1019.0,30.8239558119352
2024-02-26 09:00:00,24.8,1017.0,30.525164264276384
2024-02-26 12:00:00,23.6,1016.2,30.8239558119352
2024-02-26 15:00:00,16.2,1017.8,69.43236513782092
2024-02-26 18:00:00,14.8,1018.9,77.7011051346886
2024-02-26 21:00:00,13.4,1017.4,85.96984513155628
2024-02-27 00:00:00,15.0,1017.1,78.5453271453219
2024-02-27 03:00:00,15.0,1020.3,76.48899399134608
2024-02-27 06:00:00,22.4,1019.7,39.626254609266134
2024-02-27 09:00:00,24.0,1016.8,42.00187956141093
2024-02-27 12:00:00,23.0,1015.6,44.61230382169569
2024-02-27 15:00:00,17.4,1017.0,74.39917239585012
2024-02-27 18:00:00,14.8,1017.7,84.43134229184749
2024-02-27 21:00:00,14.0,1016.9,84.34185405958227
2024-02-28 00:00:00,12.2,1016.8,92.99352401086504
2024-02-28 03:00:00,13.6,1017.8,84.29683009269557
2024-02-28 06:00:00,22.0,1017.3,46.15572373602734
2024-02-28 09:00:00,24.8,1014.3,41.668809442718235
2024-02-28 12:00:00,23.0,1014.1,52.97267025402695
2024-02-28 15:00:00,18.2,1014.9,69.36768777018142
2024-02-28 18:00:00,14.6,1015.2,82.21115771380671
2024-02-29 00:00:00,12.8,1014.4,88.22551374596415
2024-02-29 03:00:00,15.0,1015.4,74.48026125044981
2024-02-29 06:00:00,23.4,1015.0,43.83834184284298
2024-02-29 09:00:00,25.6,1013.8,44.156665179924964
2024-02-29 12:00:00,26.0,1013.4,44.557102524016656
2024-02-29 15:00:00,18.2,1015.3,71.209003659982
2024-02-29 18:00:00,15.0,1015.6,85.00963460681639
2024-02-29 21:00:00,13.8,1014.2,88.31177198292333
2024-03-01 00:00:00,13.2,1013.9,95.52396753285181
2024-03-01 03:00:00,15.0,1016.8,88.99298972017739
2024-03-01 06:00:00,25.6,1016.2,45.32877242250413
2024-03-01 09:00:00,28.6,1012.1,36.30442532580979
2024-03-01 12:00:00,28.0,1010.3,44.52628235186481
2024-03-01 15:00:00,23.0,1010.5,60.70242277903299
2024-03-01 18:00:00,21.2,1011.2,69.94921355360336
2024-03-02 00:00:00,20.2,1011.8,74.3922547674494
2024-03-02 03:00:00,20.0,1014.0,75.80243725044951
2024-03-02 06:00:00,24.6,1012.9,62.244261568923164
2024-03-02 09:00:00,23.2,1009.8,68.57285160352308
2024-03-02 12:00:00,22.8,1007.5,69.80971849730659
2024-03-02 15:00:00,19.4,1009.6,84.93178225244176
2024-03-02 18:00:00,25.2,1010.3,57.80878800920979
2024-03-02 21:00:00,17.2,1010.6,95.65767675758462
2024-03-03 00:00:00,16.8,1011.4,100.0
2024-03-03 03:00:00,15.4,1013.4,72.59099131789519
2024-03-03 06:00:00,21.4,1013.3,48.20122281492322
2024-03-03 09:00:00,25.0,1009.8,58.13017769528709
2024-03-03 12:00:00,23.8,1009.6,95.86564657238323
2024-03-03 15:00:00,23.8,1009.6,95.86564657238323
2024-03-03 18:00:00,16.0,1013.1,75.14604114019876
2024-03-03 21:00:00,14.6,1012.4,80.06385792190865
2024-03-04 00:00:00,11.0,1014.0,94.81263378127055
2024-03-04 03:00:00,12.2,1016.4,88.17331059899422
2024-03-04 06:00:00,22.0,1017.8,24.00755297052827
2024-03-04 09:00:00,24.0,1016.0,26.53316268364155
2024-03-04 12:00:00,21.8,1015.5,29.471786512556903
2024-03-04 15:00:00,16.4,1017.2,57.94519114371332
2024-03-04 18:00:00,14.6,1018.4,59.50735002252196
2024-03-04 21:00:00,13.2,1017.5,66.06594222623225
2024-03-05 00:00:00,11.2,1017.2,70.82931343165484
2024-03-05 03:00:00,12.8,1019.5,65.97923415621277
2024-03-05 06:00:00,20.0,1019.8,37.09157960867861
2024-03-05 09:00:00,22.8,1015.9,29.545801478807153
2024-03-05 12:00:00,20.4,1015.2,40.703507930309755
2024-03-05 15:00:00,17.4,1015.0,61.40438215654258
2024-03-05 18:00:00,15.8,1017.1,70.75526319616348
2024-03-05 21:00:00,15.0,1016.6,68.26927972119368
2024-03-06 00:00:00,11.0,1015.3,75.31730938613637
2024-03-06 03:00:00,12.2,1016.9,72.00091342872811
2024-03-06 06:00:00,19.0,1017.4,42.89481332351549
2024-03-06 09:00:00,22.6,1014.8,35.8204925776952
2024-03-06 12:00:00,22.4,1013.2,34.077404987469286
2024-03-06 15:00:00,18.0,1014.6,61.95539331922447
2024-03-06 18:00:00,14.0,1015.3,82.13548036749823
2024-03-06 21:00:00,12.0,1014.1,88.15583421968617
2024-03-07 00:00:00,11.0,1014.1,87.47625235168279
2024-03-07 03:00:00,13.8,1015.8,75.27842866105614
2024-03-07 06:00:00,22.2,1016.6,34.97478382125319
2024-03-07 09:00:00,25.4,1014.0,29.049856991246457
2024-03-07 12:00:00,24.6,1013.1,33.771213428396834
2024-03-07 15:00:00,18.2,1015.1,63.66965104768998
2024-03-07 18:00:00,15.0,1015.8,78.5453271453219
2024-03-08 00:00:00,11.4,1015.4,89.89428379005945
2024-03-08 03:00:00,15.2,1016.9,74.51454812270427
2024-03-08 06:00:00,24.8,1016.5,34.76018134817394
2024-03-08 09:00:00,27.2,1014.3,24.20300836906938
2024-03-08 12:00:00,24.4,1014.4,46.5063267929088
2024-03-08 15:00:00,19.2,1015.4,64.73692319807121
2024-03-08 18:00:00,15.2,1016.6,80.6772556893555
2024-03-08 21:00:00,13.8,1016.2,86.58079732128753
2024-03-09 00:00:00,12.0,1014.8,90.54101175416311
2024-03-09 03:00:00,15.4,1016.9,70.67868220689287
2024-03-09 06:00:00,23.4,1016.7,38.32372576972998
2024-03-09 09:00:00,26.0,1014.6,25.4385208104098
2024-03-09 12:00:00,24.4,1013.8,36.08778417274881
2024-03-09 15:00:00,18.6,1015.5,60.86968290268062
2024-03-09 18:00:00,14.4,1016.2,80.03600697911848
2024-03-09 21:00:00,12.6,1014.4,83.62191407370018
2024-03-10 00:00:00,12.4,1014.9,83.59836147539178
2024-03-10 03:00:00,16.0,1015.7,65.33638026156629
2024-03-10 06:00:00,24.8,1015.9,34.05883444417959
2024-03-10 09:00:00,27.6,1013.8,29.260013877784
2024-03-10 12:00:00,25.4,1013.7,33.767857865679716
2024-03-10 15:00:00,20.2,1015.4,65.8046365225661
2024-03-10 18:00:00,18.2,1016.3,82.12623755031767
2024-03-10 21:00:00,18.2,1016.5,82.12623755031767
2024-03-11 00:00:00,15.4,1016.6,91.36785638670548
2024-03-11 03:00:00,16.0,1018.4,87.35817171892187
2024-03-11 06:00:00,28.2,1017.2,35.71785165766372
2024-03-11 09:00:00,30.4,1014.1,27.349677531640133
2024-03-11 12:00:00,28.6,1012.7,29.33735512956112
2024-03-11 15:00:00,22.2,1014.6,58.20608486944994
2024-03-11 18:00:00,19.8,1015.6,68.7820404702357
2024-03-11 21:00:00,17.2,1014.5,79.90018766462913
2024-03-12 00:00:00,15.6,1014.1,89.04126423426794
2024-03-12 03:00:00,19.4,1015.6,68.70265881807667
2024-03-12 06:00:00,27.0,1015.3,38.568392868643805
2024-03-12 09:00:00,29.8,1012.6,32.558519624110794
2024-03-12 12:00:00,28.0,1011.7,34.27058953846036
2024-03-12 15:00:00,22.4,1012.8,58.25434943203264
2024-03-12 18:00:00,20.2,1013.3,72.50665915505505
2024-03-13 00:00:00,14.4,1011.3,90.70861843145448
2024-03-13 03:00:00,17.8,1012.5,79.9831780603204
2024-03-13 06:00:00,28.4,1011.9,36.01047348833807
2024-03-13 09:00:00,30.2,1009.3,26.03667297290958
2024-03-13 12:00:00,25.8,1010.5,53.345906430885925
2024-03-13 15:00:00,22.0,1011.7,68.77349522244712
2024-03-13 18:00:00,20.0,1012.5,77.76603602176817
2024-03-14 00:00:00,15.6,1013.3,91.38064355522546
2024-03-14 03:00:00,18.8,1015.7,82.7281885997089
2024-03-14 06:00:00,27.8,1015.7,31.788037379843885
2024-03-14 09:00:00,29.4,1013.3,32.880084305825264
2024-03-14 12:00:00,27.8,1012.3,31.788037379843885
2024-03-14 15:00:00,23.0,1014.3,51.60290780194083
2024-03-14 18:00:00,21.4,1014.4,78.46820659148995
2024-03-14 21:00:00,18.4,1013.3,78.53229749671034
2024-03-15 00:00:00,16.2,1013.1,67.6046896295471
2024-03-15 03:00:00,18.8,1014.6,52.579231613696244
2024-03-15 06:00:00,25.8,1014.8,21.73592680388131
2024-03-15 09:00:00,28.4,1012.8,22.09804141611884
2024-03-15 12:00:00,26.8,1011.7,30.25169244347119
2024-03-15 15:00:00,19.6,1014.2,58.34090031843224
2024-03-15 18:00:00,15.2,1015.5,74.51454812270427
2024-03-15 21:00:00,13.4,1015.2,81.51369611551115
2024-03-16 00:00:00,11.8,1015.7,90.52684397406745
2024-03-16 03:00:00,17.2,1017.3,70.09039542480637
2024-03-16 06:00:00,27.4,1016.3,32.3225028820276
2024-03-16 09:00:00,28.6,1013.9,27.60384483897434
2024-03-16 12:00:00,27.4,1013.4,32.3225028820276
2024-03-16 15:00:00,21.4,1015.1,60.3300224339597
2024-03-16 18:00:00,17.0,1016.2,77.81661299364781
2024-03-16 21:00:00,14.6,1014.7,84.40903988678241
2024-03-17 00:00:00,13.6,1014.6,86.56126328783157
2024-03-17 03:00:00,17.8,1016.5,67.04201977928965
2024-03-17 06:00:00,26.2,1016.2,31.554877843815206
2024-03-17 09:00:00,30.0,1013.4,24.77632712662139
2024-03-17 12:00:00,28.8,1012.3,27.84640243841005
2024-03-17 15:00:00,21.0,1014.3,59.84374474323976
2024-03-17 18:00:00,17.6,1014.7,85.83526358356409
2024-03-17 21:00:00,15.6,1014.6,93.77393368836664
2024-03-18 00:00:00,14.0,1013.6,88.91183607623559
2024-03-18 03:00:00,16.8,1014.9,73.80949600911026
2024-03-18 06:00:00,26.4,1014.7,31.826059023374135
2024-03-18 09:00:00,29.8,1011.9,25.40648806955101
2024-03-18 12:00:00,28.6,1010.3,25.608345363599955
2024-03-18 15:00:00,21.4,1012.8,60.3300224339597
2024-03-18 18:00:00,17.0,1013.4,75.80754074677424
2024-03-18 21:00:00,15.0,1012.3,85.00963460681639
2024-03-19 00:00:00,13.8,1012.4,90.66712933521302
2024-03-19 03:00:00,18.0,1014.6,69.3283727086829
2024-03-19 06:00:00,28.2,1014.1,34.55507674854729
2024-03-19 09:00:00,30.4,1011.4,27.349677531640133
2024-03-19 12:00:00,29.6,1009.6,27.13348169868665
2024-03-19 15:00:00,21.4,1013.0,61.92008126297963
2024-03-19 18:00:00,18.8,1013.2,73.19917002586746
2024-03-19 21:00:00,17.0,1013.2,83.58530465643025
2024-03-20 00:00:00,15.4,1013.3,89.02520730872563
2024-03-20 03:00:00,19.6,1015.0,71.46920391114996
2024-03-20 06:00:00,29.0,1013.4,37.87337392457684
2024-03-20 12:00:00,31.0,1008.8,32.03965741466953
2024-03-20 15:00:00,24.2,1011.7,57.19920383471323
2024-03-20 18:00:00,20.0,1013.8,74.35848005153662
2024-03-20 21:00:00,18.2,1012.9,82.12623755031767
2024-03-21 00:00:00,17.8,1013.8,85.30638248490635
2024-03-21 03:00:00,19.2,1015.1,77.14836978029265
2024-03-21 06:00:00,25.2,1014.0,58.1780014517342
2024-03-21 09:00:00,28.8,1010.9,44.458225465282275
2024-03-21 12:00:00,28.2,1009.9,52.609658820416335
2024-03-21 15:00:00,23.6,1011.6,71.74337958668197
2024-03-21 18:00:00,21.4,1013.1,83.5592885796014
2024-03-21 21:00:00,19.8,1012.5,88.81038774322853
2024-03-22 00:00:00,19.0,1010.8,90.44509053017224
2024-03-22 03:00:00,21.6,1011.4,73.68598756326635
2024-03-22 06:00:00,28.6,1010.3,48.86418183564483
2024-03-22 09:00:00,31.8,1006.6,41.18686392545643
2024-03-22 12:00:00,31.2,1004.9,50.47601592432225
2024-03-22 15:00:00,24.6,1006.8,72.37235517024858
2024-03-22 18:00:00,22.0,1007.5,82.07643342444838
2024-03-22 21:00:00,20.0,1007.9,90.51425911024681
2024-03-23 00:00:00,18.0,1007.7,92.1151763066067
2024-03-23 03:00:00,22.2,1009.2,77.11730791149994
2024-03-23 06:00:00,31.4,1008.2,33.65279557525411
2024-03-23 09:00:00,32.8,1006.4,30.68731372350643
2024-03-23 12:00:00,32.0,1005.6,29.483802567589102
2024-03-23 15:00:00,25.0,1007.6,61.16156608407452
2024-03-23 18:00:00,20.2,1008.2,81.33582680524137
2024-03-23 21:00:00,18.8,1007.7,88.1685337131173
2024-03-24 00:00:00,18.2,1008.1,92.12678547599367
2024-03-24 03:00:00,23.0,1010.9,69.84785753064332
2024-03-24 06:00:00,27.4,1011.7,47.62210325150437
2024-03-24 09:00:00,29.0,1010.6,42.28469233863707
2024-03-24 12:00:00,27.4,1009.6,55.125722260708386
2024-03-24 15:00:00,23.0,1011.9,74.39041066627999
2024-03-24 18:00:00,19.6,1012.6,84.95300821206541
2024-03-24 21:00:00,17.8,1012.0,89.78676504838093
2024-03-25 00:00:00,17.0,1013.1,93.83881396078476
2024-03-25 03:00:00,22.0,1014.1,73.75452283587201
2024-03-25 06:00:00,29.4,1013.2,45.19361012606338
2024-03-25 09:00:00,32.6,1010.2,40.11966376684985
2024-03-25 12:00:00,32.0,1009.4,43.64873094146102
2024-03-25 15:00:00,25.0,1010.5,65.14551045571683
2024-03-25 18:00:00,21.8,1011.6,82.05179279343892
2024-03-25 21:00:00,20.0,1011.2,88.27004464253949
2024-03-26 00:00:00,19.0,1010.2,90.44509053017224
2024-03-26 03:00:00,22.8,1011.9,69.80971849730659
2024-03-26 06:00:00,30.4,1011.8,46.33225116411736
2024-03-26 09:00:00,33.8,1010.0,25.609690689405625
2024-03-26 15:00:00,26.0,1010.9,57.63433267904622
2024-03-26 18:00:00,22.4,1011.9,77.6333068665811
2024-03-27 03:00:00,25.6,1014.4,60.147977437432424
2024-03-27 06:00:00,32.2,1014.0,42.618341933892076
2024-03-27 09:00:00,35.6,1011.1,33.08993982216657
2024-03-27 12:00:00,33.6,1009.3,40.140099313942
2024-03-27 15:00:00,28.8,1011.0,54.10125610159533
2024-04-01 18:00:00,21.8,1008.4,59.25650266469661
2024-04-01 21:00:00,20.6,1007.0,62.95797615726987
2024-04-02 00:00:00,17.6,1006.9,77.90710307634244
2024-04-02 03:00:00,22.6,1008.0,55.70877664423919
2024-04-03 00:00:00,18.6,1008.0,75.08766810739822
2024-04-03 03:00:00,22.8,1009.4,63.44677270636492
2024-04-03 06:00:00,33.0,1009.0,31.756769544913187
2024-04-03 09:00:00,36.2,1005.9,23.948129638346664
2024-04-03 12:00:00,33.4,1005.4,29.67022136496883
2024-04-03 15:00:00,26.8,1007.5,50.61004329658352
2024-04-03 18:00:00,25.0,1008.1,59.62894557326245
2024-04-03 21:00:00,22.6,1007.9,61.79318420370474
2024-04-04 00:00:00,21.4,1007.6,63.54690629634292
2024-04-04 03:00:00,25.6,1008.8,53.29501411484861
2024-04-04 06:00:00,34.0,1008.4,28.504529631592796
2024-04-04 09:00:00,36.2,1006.1,25.56651196888003
2024-04-04 12:00:00,35.2,1005.1,27.548132036202155
2024-04-04 15:00:00,27.4,1007.5,50.1232671132093
2024-04-04 18:00:00,24.0,1008.2,61.32294249463855
2024-04-04 21:00:00,26.6,1007.1,48.023532815754834
2024-04-05 00:00:00,21.6,1006.8,68.69474949084032
2024-04-05 03:00:00,26.0,1008.7,52.38113667098585
2024-04-05 06:00:00,34.6,1007.8,26.681352321869277
2024-04-05 09:00:00,35.0,1005.5,27.316482202350663
2024-04-05 12:00:00,32.4,1005.2,30.980353151290362
2024-04-05 15:00:00,29.0,1006.9,43.38606734691948
2024-04-05 18:00:00,26.8,1007.8,43.06136923611498
2024-04-05 21:00:00,25.2,1006.8,44.92342577358784
2024-04-06 00:00:00,21.8,1007.6,59.25650266469661
2024-04-06 03:00:00,25.4,1009.4,46.47387930481293
2024-04-06 06:00:00,33.0,1008.6,26.25721146956644
2024-04-06 09:00:00,34.6,1005.7,25.820097182315926
2024-04-06 12:00:00,33.0,1004.6,28.235526880881118
2024-04-06 15:00:00,27.6,1006.2,46.46713497984191
2024-04-06 18:00:00,26.0,1007.9,44.557102524016656
2024-04-06 21:00:00,24.6,1007.2,45.35219572709555
2024-04-07 00:00:00,19.0,1007.5,63.0114676927038
2024-04-07 03:00:00,22.4,1009.1,46.575587007480145
2024-04-07 06:00:00,32.4,1008.6,22.8173934649607
2024-04-07 09:00:00,34.4,1005.4,21.384641297497424
2024-04-07 12:00:00,34.2,1004.5,22.816891777674815
2024-04-07 15:00:00,26.4,1006.7,47.66111593751544
2024-04-07 18:00:00,21.8,1008.2,59.25650266469661
2024-04-07 21:00:00,19.6,1007.5,66.97577523650703
2024-04-08 00:00:00,19.0,1007.8,68.17624188935186
2024-04-08 03:00:00,25.8,1009.6,40.585545662903534
2024-04-08 06:00:00,34.4,1009.6,23.959381238404717
2024-04-08 09:00:00,36.2,1007.3,20.701525681854367
2024-04-08 12:00:00,34.8,1006.3,23.588797058685557
2024-04-08 15:00:00,26.8,1008.2,46.85276383068361
2024-04-08 18:00:00,22.4,1009.4,56.75842370399915
2024-04-08 21:00:00,20.6,1008.8,59.74903359457973
2024-04-09 00:00:00,19.2,1008.9,70.01729897448654
2024-04-09 03:00:00,25.2,1010.6,47.33806540677984
2024-04-09 06:00:00,34.0,1010.0,26.87348672924265
2024-04-09 09:00:00,37.0,1007.7,19.55078015012992
2024-04-09 12:00:00,36.0,1005.8,22.81896583142033
2024-04-09 15:00:00,26.8,1008.5,44.48636302711314
2024-04-09 18:00:00,22.2,1009.6,56.70909643936152
2024-04-09 21:00:00,20.0,1009.1,64.06828882011946
2024-04-10 00:00:00,18.4,1009.8,76.528003069259
2024-04-10 03:00:00,24.8,1010.9,55.1817788084762
2024-04-10 06:00:00,34.8,1010.1,30.438837990395246
2024-04-10 12:00:00,36.6,1005.5,26.006131266508042
2024-04-10 15:00:00,29.0,1008.1,41.20798468412713
2024-04-10 18:00:00,26.0,1010.0,52.38113667098585
2024-04-10 21:00:00,23.4,1009.3,74.45707599828299
2024-04-11 00:00:00,21.0,1010.2,73.11466043664565
2024-04-11 03:00:00,25.6,1012.0,57.53812239402571
2024-04-11 06:00:00,33.8,1011.5,36.107332646097966
2024-04-11 09:00:00,36.6,1008.6,27.035271671521972
2024-04-11 12:00:00,35.8,1007.5,33.354730599537746
2024-04-11 15:00:00,28.8,1010.0,43.3313576867181
2024-04-11 18:00:00,26.6,1010.3,54.23420155768275
2024-04-11 21:00:00,23.8,1009.3,64.07212844582271
2024-04-12 00:00:00,22.0,1009.2,72.36558787435905
2024-04-12 03:00:00,26.4,1011.3,60.71246271379855
2024-04-12 06:00:00,34.6,1010.5,34.75273089734725
2024-04-12 09:00:00,38.8,1008.1,25.581108841091588
2024-04-12 12:00:00,37.2,1005.9,31.68095607819134
2024-04-12 15:00:00,29.6,1008.1,51.0137619532381
2024-04-12 18:00:00,27.0,1009.5,62.77637062843983
2024-04-12 21:00:00,24.0,1008.6,70.47837778915957
2024-04-13 00:00:00,24.2,1009.0,62.949538189695744
2024-04-13 03:00:00,28.0,1010.1,53.22632223446673
2024-04-13 06:00:00,36.2,1008.9,31.21190917943958
2024-04-13 09:00:00,39.0,1006.2,30.408376308266917
2024-04-13 12:00:00,25.8,1008.2,67.38241642118969
2024-04-13 15:00:00,24.2,1008.2,76.94107668815431
2024-04-13 18:00:00,25.8,1010.7,57.58626205974758
2024-04-13 21:00:00,24.4,1009.5,63.39421028075536
2024-04-14 00:00:00,24.4,1010.2,69.24033252213863
2024-04-14 03:00:00,25.4,1013.0,68.57308221822572
2024-04-14 06:00:00,26.2,1013.7,69.15523439911932
2024-04-14 09:00:00,31.8,1009.6,49.699414541937024
2024-04-14 12:00:00,29.2,1009.2,56.96582316395901
2024-04-14 15:00:00,26.0,1011.1,71.7285371211518
2024-04-14 18:00:00,24.0,1011.1,82.32018205581834
2024-04-14 21:00:00,22.6,1010.6,84.21619689321432
2024-04-15 00:00:00,23.0,1011.0,84.25990949023968
2024-04-15 03:00:00,25.8,1012.1,74.85200261699907
2024-04-15 06:00:00,32.8,1012.1,43.31968651645407
2024-04-15 09:00:00,33.8,1009.5,42.518655700339295
2024-04-15 12:00:00,33.8,1007.8,45.518660486367004
2024-04-15 15:00:00,28.0,1009.9,67.40516935791447
2024-04-15 18:00:00,25.0,1010.1,78.98125580461064
2024-04-15 21:00:00,24.8,1009.5,75.61833422287444
2024-04-19 00:00:00,26.6,1004.3,52.87103005765299
2024-04-19 03:00:00,29.8,1004.8,45.589994727149644
2024-04-19 06:00:00,36.0,1004.7,33.620700844029585
2024-04-19 09:00:00,38.0,1002.1,33.32297862323403
2024-04-19 12:00:00,37.8,999.0,26.659771157612482
2024-04-19 15:00:00,31.2,1001.8,51.423363121411846
2024-04-19 18:00:00,30.6,1003.0,45.230322869618256
2024-04-19 21:00:00,26.2,1002.9,69.15523439911932
2024-04-20 00:00:00,24.4,1003.0,70.99528151510849
2024-04-20 03:00:00,27.0,1004.8,60.09299888935582
2024-04-20 06:00:00,33.0,1004.8,41.51407336750425
2024-04-20 09:00:00,36.6,1001.8,31.719253448790237
2024-04-20 12:00:00,34.6,1000.8,33.88055248914352
2024-04-20 18:00:00,29.8,1004.4,45.589994727149644
2024-04-20 21:00:00,27.7,1004.2,52.15106321306756
2024-04-21 00:00:00,25.0,1004.7,59.62894557326245
2024-04-21 03:00:00,28.2,1006.3,52.27884179837241
2024-04-21 06:00:00,34.0,1006.0,35.9335914192412
2024-04-21 09:00:00,35.8,1003.7,31.70402946638879
2024-04-21 12:00:00,35.4,1002.6,30.40557545748173
2024-04-21 15:00:00,30.0,1003.8,50.48129264923812
2024-04-21 18:00:00,25.6,1005.2,65.68142590172316
2024-04-21 21:00:00,24.4,1005.5,69.24033252213863
2024-04-22 00:00:00,25.4,1006.6,55.685949687242655
2024-04-22 03:00:00,27.8,1007.3,54.19164488057315
2024-04-22 06:00:00,35.4,1006.4,31.194440729171667
2024-04-22 12:00:00,36.6,1002.9,26.861299999603084
2024-04-22 15:00:00,31.4,1004.4,40.81710416937464
2024-04-22 18:00:00,27.0,1005.6,53.310417727475865
2024-04-22 21:00:00,25.0,1005.1,61.16156608407452
2024-04-23 00:00:00,23.8,1004.4,65.71895042604378
2024-04-23 03:00:00,29.4,1005.8,46.35792582818312
2024-04-23 09:00:00,36.6,1003.8,27.563148622906443
2024-04-23 12:00:00,33.0,1004.9,41.51407336750425
2024-04-23 15:00:00,23.4,1005.5,81.23620952648784
2024-04-23 18:00:00,22.6,1006.0,87.40087535726879
2024-04-23 21:00:00,21.6,1004.8,91.18598322234278
2024-04-24 00:00:00,20.0,1005.2,92.23014072890136
2024-04-24 03:00:00,26.5,1006.5,53.86534435232616
2024-04-24 06:00:00,34.2,1006.3,35.086612583646954
2024-04-24 09:00:00,36.6,1004.2,28.46310759052904
2024-04-24 12:00:00,36.4,1002.8,28.227869021452562
2024-04-24 18:00:00,24.8,1006.0,62.288984382470915
2024-04-24 21:00:00,23.2,1004.9,68.57285160352308
2024-04-25 00:00:00,21.2,1005.8,75.0356621166813
2024-04-25 03:00:00,28.4,1007.0,48.81145236907877
2024-04-25 06:00:00,35.6,1006.5,30.655174972735665
2024-04-25 09:00:00,38.6,1003.7,20.20008394944364
2024-04-25 12:00:00,38.2,1002.1,16.22357087467851
2024-04-25 15:00:00,30.2,1003.8,42.613608788406225
2024-04-25 18:00:00,25.6,1004.7,56.09190715788293
2024-04-25 21:00:00,23.8,1004.1,61.27730375134291
2024-04-26 00:00:00,22.4,1004.4,66.26660576599681
2024-04-26 03:00:00,29.6,1005.7,38.53724523303667
2024-04-26 06:00:00,37.2,1004.9,25.994630492916986
2024-04-26 09:00:00,39.6,1002.3,16.646679163372706
2024-04-26 12:00:00,39.0,1000.0,24.350839831346814
2024-04-26 15:00:00,25.0,1003.6,75.65014160748107
2024-04-26 18:00:00,24.6,1004.9,77.00183279014861
2024-04-26 21:00:00,24.0,1004.0,72.2660894358301
2024-04-27 00:00:00,24.0,1004.7,79.82128066340769
2024-04-27 03:00:00,29.4,1006.6,50.962275319663796
2024-04-27 06:00:00,34.2,1006.5,33.34235827532834
2024-04-27 09:00:00,37.4,1003.8,23.94221147195194
2024-04-27 12:00:00,35.8,1002.6,24.96731363771892
2024-04-27 15:00:00,31.7,1004.9,39.36819351947831
2024-04-27 18:00:00,28.2,1006.1,46.03523480302828
2024-04-27 21:00:00,25.0,1005.5,55.2316510124865
2024-04-28 00:00:00,24.4,1006.3,59.10968227987573
2024-04-28 03:00:00,27.6,1007.7,47.67555123925272
2024-04-28 06:00:00,35.4,1006.9,31.194440729171667
2024-04-28 09:00:00,37.2,1004.9,19.081283839849448
2024-04-28 12:00:00,36.4,1003.1,21.029032099499727
2024-04-28 15:00:00,30.2,1005.0,45.98734517749429
2024-04-28 18:00:00,26.4,1006.0,59.578657328843455
2024-04-28 21:00:00,25.0,1005.1,63.92706944237422
2024-04-29 00:00:00,23.4,1005.2,71.70723841493773
2024-04-29 03:00:00,29.4,1006.6,45.19361012606338
2024-04-29 06:00:00,34.8,1006.2,27.801545766681397
2024-04-29 09:00:00,38.0,1003.4,23.17405024287367
2024-04-29 12:00:00,32.4,1003.2,35.95203421110212
2024-04-29 15:00:00,30.0,1005.7,40.17284207482451
2024-04-29 18:00:00,27.8,1006.9,45.63279804194258
2024-04-29 21:00:00,26.4,1006.4,47.66111593751544
2024-04-30 00:00:00,23.6,1006.4,56.68577345977045
2024-04-30 03:00:00,26.2,1007.6,47.30012518936924
2024-04-30 06:00:00,32.6,1005.9,25.805101125515584
2024-04-30 09:00:00,35.4,1002.3,18.908829843974946
2024-04-30 12:00:00,35.2,1000.5,17.859822332559666
2024-04-30 15:00:00,29.0,1002.2,33.42708851963113
2024-04-30 18:00:00,26.0,1001.9,42.003648619630106
2024-04-30 21:00:00,24.6,1001.3,46.86737390966147
2024-05-02 00:00:00,20.2,1003.9,51.20497485472981
2024-05-02 03:00:00,25.6,1005.0,35.461200847011675
2024-05-02 06:00:00,31.6,1004.8,23.394231930771788
2024-05-02 09:00:00,35.2,1002.6,17.02248624913659
2024-05-02 12:00:00,33.4,1001.3,24.181413072816248
2024-05-02 15:00:00,29.4,1003.5,36.28972849758949
2024-05-02 18:00:00,24.2,1005.1,46.14674793000722
2024-05-02 21:00:00,21.2,1004.2,58.7279584620031
2024-05-03 00:00:00,19.2,1004.5,61.414588633023804
2024-05-03 03:00:00,27.0,1005.7,33.990150562352525
2024-05-03 06:00:00,35.0,1005.4,19.863089095325343
2024-05-03 09:00:00,38.0,1002.9,14.501765764065649
2024-05-03 12:00:00,35.8,1002.2,17.16003612787326
2024-05-03 15:00:00,30.4,1004.8,39.514678436018755
2024-05-03 18:00:00,26.6,1005.5,45.306629350599906
2024-05-03 21:00:00,23.2,1004.9,57.69662256232537
2024-05-04 00:00:00,23.8,1006.1,58.21493824101156
2024-05-04 03:00:00,27.8,1007.0,44.47172614692537
2024-05-04 06:00:00,35.8,1006.0,23.378462570094896
2024-05-04 09:00:00,39.8,1003.0,17.606867332328672
2024-05-04 12:00:00,39.2,1000.9,21.022567221765705
2024-05-04 15:00:00,30.6,1002.0,44.100353961543746
2024-05-04 18:00:00,28.0,1002.2,50.60007897036122
2024-05-04 21:00:00,26.2,1000.1,59.15801200288633
2024-05-05 00:00:00,23.8,1000.7,62.86092090496198
2024-05-05 03:00:00,30.6,1001.5,30.68937776994295
2024-05-05 06:00:00,38.4,1001.0,19.238661568871358
2024-05-05 09:00:00,40.8,998.4,19.552672213871247
2024-05-05 12:00:00,39.4,997.6,21.911260293855783
2024-05-05 15:00:00,31.8,1000.0,38.15857338999128
2024-05-05 18:00:00,28.2,1001.1,47.22867288372724
2024-05-05 21:00:00,26.2,1001.0,52.432484140398515
2024-05-06 00:00:00,25.0,1002.1,59.62894557326245
2024-05-06 03:00:00,30.8,1003.9,39.120089148586175
2024-05-06 06:00:00,38.0,1003.7,30.910618646762583
2024-05-06 09:00:00,40.2,1001.0,37.16224121372123
2024-05-06 12:00:00,38.6,1000.0,23.174854186804634
2024-05-06 15:00:00,32.4,1002.0,38.81437277218495
2024-05-06 18:00:00,28.8,1003.4,55.12527410197304
2024-05-06 21:00:00,26.6,1002.7,61.139934561733845
2024-05-07 00:00:00,24.6,1003.4,71.03201273104008
2024-05-07 03:00:00,30.8,1005.3,50.060346676804734
2024-05-07 06:00:00,39.8,1004.6,27.528038982058895
2024-05-07 09:00:00,41.6,1002.5,23.77969989073489
2024-05-07 12:00:00,38.8,1001.6,36.56097935402574
2024-05-07 15:00:00,33.6,1003.5,51.714686867477646
2024-05-07 18:00:00,30.8,1004.9,65.54760808729463
2024-05-07 21:00:00,28.6,1004.5,73.50891633549199
2024-05-08 00:00:00,28.4,1004.8,70.42408506037569
2024-05-08 03:00:00,29.2,1006.5,61.723255448317445
2024-05-08 06:00:00,34.4,1005.9,47.971851880140846
2024-05-08 12:00:00,36.6,1002.2,45.97749152844388
2024-05-08 15:00:00,32.4,1003.7,53.6629865677201
2024-05-08 18:00:00,30.5,1005.1,59.78445064036215
2024-05-08 21:00:00,29.0,1004.9,64.38421540041374
2024-05-09 00:00:00,26.2,1004.9,69.15523439911932
2024-05-09 03:00:00,28.2,1006.8,58.521832010014805
2024-05-09 06:00:00,34.6,1004.5,44.07412084316889
2024-05-09 09:00:00,37.4,1003.3,40.42059918310621
2024-05-09 12:00:00,37.2,1001.3,43.69317664347629
2024-05-09 15:00:00,32.4,1003.1,56.00051948884619
2024-05-09 18:00:00,30.4,1004.3,60.12781595604137
2024-05-09 21:00:00,29.4,1003.9,60.640804904992116
2024-05-10 00:00:00,28.4,1005.5,69.15080360685214
2024-05-10 03:00:00,30.0,1008.0,63.8146323928593
2024-05-10 06:00:00,35.4,1006.3,47.07414899040804
2024-05-10 09:00:00,38.4,1004.2,43.22357105871665
2024-05-10 12:00:00,37.4,1001.8,46.74486751182032
2024-05-10 15:00:00,33.8,1003.7,54.99469378792191
2024-05-10 18:00:00,28.8,1008.6,44.458225465282275
2024-05-10 21:00:00,27.6,1004.4,56.58013366480121
2024-05-11 00:00:00,26.0,1010.3,76.27392919082712
2024-05-11 06:00:00,35.0,1008.2,36.89697020749243
2024-05-11 09:00:00,38.4,1006.7,33.63924034184843
2024-05-11 12:00:00,36.8,1004.7,37.15602939283433
2024-05-11 15:00:00,31.2,1006.3,55.03175537814078
2024-05-11 18:00:00,28.0,1006.9,67.40516935791447
2024-05-11 21:00:00,26.2,1006.5,74.9169893866901
2024-05-12 00:00:00,27.4,1007.9,61.70335673214363
2024-05-12 03:00:00,30.4,1008.6,53.164975840995425
2024-05-12 06:00:00,36.6,1008.4,37.798596899556465
2024-05-12 09:00:00,38.6,1006.3,31.462728534772
2024-05-12 12:00:00,37.2,1004.1,37.49549260965563
2024-05-12 15:00:00,32.2,1005.6,53.6134760314917
2024-05-12 18:00:00,30.2,1006.6,57.5576548506657
2024-05-12 21:00:00,28.2,1006.4,66.21721115814579
2024-05-13 00:00:00,28.2,1006.9,63.820534212683214
2024-05-13 03:00:00,31.0,1008.7,54.645691707211896
2024-05-13 06:00:00,37.0,1008.2,40.80988480928598
2024-05-13 09:00:00,40.0,1005.8,26.89344725310161
2024-05-13 12:00:00,38.8,1004.9,24.773505831199433
2024-05-13 15:00:00,30.2,1006.1,47.162917470936314
2024-05-13 18:00:00,26.8,1007.5,61.18521534996033
2024-05-13 21:00:00,25.0,1007.3,71.10528271258221
2024-05-14 00:00:00,24.4,1008.1,76.97148310021424
2024-05-14 03:00:00,29.6,1009.3,54.63879144543691
2024-05-14 06:00:00,39.0,1008.5,22.827893832265584
2024-05-14 09:00:00,40.2,1006.0,20.856441259670326
2024-05-14 12:00:00,39.0,1003.8,23.578551469409316
2024-05-14 15:00:00,32.4,1005.6,39.81200409457464
2024-05-14 18:00:00,27.4,1006.9,49.80443648555081
2024-05-14 21:00:00,25.2,1007.0,59.675662881987066
2024-05-15 00:00:00,23.8,1007.7,68.69052211302972
2024-05-15 03:00:00,29.8,1009.1,48.870951120558274
2024-05-15 06:00:00,39.6,1007.8,22.830470504954718
2024-05-15 09:00:00,40.8,1005.7,16.915455964064467
2024-05-15 12:00:00,39.0,1004.4,28.019540463530106
2024-05-15 15:00:00,31.4,1006.8,49.59587656532929
2024-05-15 18:00:00,27.8,1007.7,62.17688027991124
2024-05-15 21:00:00,26.6,1007.4,65.075572953862
2024-05-16 00:00:00,26.2,1008.3,58.04818884609648
2024-05-16 03:00:00,30.2,1009.2,52.78587755627143
2024-05-16 06:00:00,38.6,1007.8,32.258326888987376
2024-05-16 09:00:00,41.4,1004.2,24.96295497382048
2024-05-16 12:00:00,40.2,1002.1,31.694485923523214
2024-05-16 15:00:00,33.2,1003.5,52.24717555279882
2024-05-16 18:00:00,29.6,1004.2,58.4879003480961
2024-05-16 21:00:00,28.0,1003.7,66.1763979306175
2024-05-17 00:00:00,25.6,1004.7,60.147977437432424
2024-05-17 03:00:00,32.0,1005.3,50.99468465735812
2024-05-17 06:00:00,42.4,1003.6,21.39087689632155
2024-05-17 09:00:00,43.4,1000.6,25.000739050989484
2024-05-17 12:00:00,42.4,998.6,20.716588297897303
2024-05-17 15:00:00,33.4,1000.6,50.11110420939171
2024-05-17 18:00:00,31.2,1001.9,50.47601592432225
2024-05-17 21:00:00,29.0,1001.8,60.550183383368285
2024-05-18 00:00:00,27.2,1002.0,69.77298528509857
2024-05-18 03:00:00,33.6,1002.4,39.1433574339644
2024-05-18 06:00:00,41.2,1001.0,26.867045812510188
2024-05-18 09:00:00,43.6,997.9,18.359406320479145
2024-05-18 12:00:00,41.4,997.9,22.839726065668916
2024-05-18 15:00:00,35.6,997.7,41.44373316515145
2024-05-18 18:00:00,30.8,999.2,54.59652641434426
2024-05-18 21:00:00,31.0,998.7,51.372385333162065
2024-05-19 00:00:00,28.4,999.4,57.48575855515023
2024-05-19 03:00:00,33.8,1000.6,45.518660486367004
2024-05-19 06:00:00,41.6,999.8,24.5446439408717
2024-05-19 09:00:00,44.0,996.9,17.07216366579057
2024-05-19 12:00:00,43.6,994.4,15.391002895188949
2024-05-19 15:00:00,37.0,996.5,37.44128774112922
2024-05-19 18:00:00,35.0,998.4,34.20610144182049
2024-05-19 21:00:00,32.6,998.3,41.1452408025427
2024-05-20 00:00:00,29.4,999.9,49.6968017663282
2024-05-20 03:00:00,34.0,1001.6,42.57262209391062
2024-05-20 06:00:00,41.6,1000.9,24.5446439408717
2024-05-20 09:00:00,43.6,998.1,20.21712564820332
2024-05-20 12:00:00,42.6,996.0,23.58093605330137
2024-05-20 15:00:00,35.8,998.5,42.53092676973995
2024-05-20 18:00:00,32.4,1000.2,52.68765751422521
2024-05-20 21:00:00,31.4,999.9,57.48913124065053
2024-05-21 00:00:00,31.2,1000.9,61.04527320720593
2024-05-21 03:00:00,31.4,1002.9,62.20792223032527
2024-05-21 06:00:00,37.4,1002.2,44.01164944015777
2024-05-21 09:00:00,40.6,999.7,36.8213921624262
2024-05-21 12:00:00,41.2,997.9,34.18280669155462
2024-05-21 15:00:00,35.2,999.3,49.66137214526371
2024-05-21 18:00:00,33.2,1000.9,56.53234399526844
2024-05-21 21:00:00,32.2,1000.8,59.090770552518066
2024-05-22 00:00:00,31.2,1002.1,62.164195185628046
2024-05-22 03:00:00,33.0,1003.2,58.56563201949948
2024-05-22 06:00:00,38.8,1002.1,45.18377050873922
2024-05-22 09:00:00,42.0,999.3,37.19560043649596
2024-05-22 12:00:00,42.0,997.4,37.19560043649596
2024-05-22 15:00:00,35.8,998.8,52.26486455820921
2024-05-22 18:00:00,33.8,1000.3,55.99737982292572
2024-05-22 21:00:00,32.2,1000.5,56.98193041235249
2024-05-23 00:00:00,30.8,1001.5,61.70099247044744
2024-05-23 03:00:00,32.0,1002.8,60.12540926930006
2024-05-23 06:00:00,38.4,1001.7,45.89544325986343
2024-05-23 09:00:00,40.0,999.3,39.42202473783078
2024-05-23 12:00:00,40.0,997.5,41.8607838064624
2024-05-23 15:00:00,35.4,999.1,50.0134364106607
2024-05-23 18:00:00,33.6,999.8,54.61531066815499
2024-05-23 21:00:00,32.4,999.6,58.42677310946739
2024-05-24 00:00:00,31.0,1001.2,63.258166707380134
2024-05-24 03:00:00,32.8,1002.7,61.03350741643827
2024-05-24 06:00:00,38.6,1002.1,41.488604277937846
2024-05-24 09:00:00,40.8,999.0,36.874968388669274
2024-05-24 12:00:00,39.4,997.2,41.45172720267665
2024-05-24 15:00:00,35.2,998.1,50.87551178411221
2024-05-24 18:00:00,32.0,999.6,54.55620730373795
2024-05-24 21:00:00,30.8,999.3,56.99686339899115
2024-05-25 00:00:00,30.6,999.6,63.94211751218886
2024-05-25 03:00:00,34.2,1000.2,54.105694175209415
2024-05-25 06:00:00,41.2,999.0,38.1108857136664
2024-05-25 09:00:00,42.8,996.1,31.22689684810978
2024-05-25 12:00:00,42.4,994.3,26.018812469191154
2024-05-25 15:00:00,35.6,996.4,42.21680392673285
2024-05-25 18:00:00,31.4,997.8,49.59587656532929
2024-05-25 21:00:00,29.0,997.6,56.56535492258467
2024-05-26 00:00:00,27.4,998.4,65.64726974382171
2024-05-26 03:00:00,34.6,998.5,38.44191184176878
2024-05-26 06:00:00,43.2,997.4,20.909023322733546
2024-05-26 09:00:00,44.4,994.9,21.06420662118999
2024-05-26 12:00:00,43.0,992.3,27.333175721923137
2024-05-26 15:00:00,36.2,993.8,50.51855496259853
2024-05-26 18:00:00,32.2,994.3,60.53434625894101
2024-05-27 00:00:00,29.4,994.9,63.298643541066646
2024-05-27 03:00:00,33.8,995.3,47.52299059016502
2024-05-27 06:00:00,42.8,994.3,22.465837231491363
2024-05-27 09:00:00,44.6,991.6,18.949710804550087
2024-05-27 12:00:00,43.4,990.4,24.384137114020284
2024-05-27 15:00:00,35.2,991.8,47.887740242840856
2024-05-27 18:00:00,32.0,992.8,59.04479527455803
2024-05-27 21:00:00,30.8,992.0,62.83365155694164
2024-05-28 00:00:00,27.6,992.6,69.84804373904335
2024-05-28 03:00:00,35.4,992.9,42.948937628723854
2024-05-28 06:00:00,43.8,992.3,15.638347418908854
2024-05-28 09:00:00,45.4,990.5,17.496560174521385
2024-05-28 12:00:00,44.8,988.8,16.809544410634192
2024-05-28 15:00:00,35.4,990.6,42.948937628723854
2024-05-28 18:00:00,33.0,992.2,47.606318875900186
2024-05-28 21:00:00,31.0,992.1,56.00535491373798
2024-05-29 00:00:00,29.6,992.5,64.51071215170371
2024-05-29 03:00:00,36.0,993.5,42.58451355254139
2024-05-29 06:00:00,42.2,1000.6,27.80839741066174
2024-05-29 09:00:00,45.8,991.6,21.942175295540576
2024-05-29 12:00:00,41.4,991.2,29.919748395858925
2024-05-29 15:00:00,34.0,993.7,46.70734273672021
2024-05-29 18:00:00,33.4,994.4,47.12702532059198
2024-05-29 21:00:00,33.8,993.7,44.40694259053556
2024-05-30 00:00:00,30.8,995.6,59.48920941788979
2024-05-30 03:00:00,36.0,997.9,36.252915374310945
2024-05-30 06:00:00,41.8,997.9,22.077871458574162
2024-05-30 09:00:00,44.8,995.2,19.11769764586179
2024-05-30 12:00:00,44.6,994.0,13.22655761158381
2024-05-30 15:00:00,36.8,997.0,35.35256436255473
2024-05-30 18:00:00,34.8,997.5,36.8423128086216
2024-05-30 21:00:00,33.2,996.5,43.69896640701049
2024-05-31 00:00:00,29.2,998.1,59.120014838601264
2024-05-31 03:00:00,35.0,998.4,37.83432737530233
2024-05-31 06:00:00,42.2,998.7,21.205993291556084
2024-05-31 09:00:00,45.4,995.9,13.121528916730005
2024-05-31 12:00:00,43.0,995.3,23.384622564250936
2024-05-31 15:00:00,35.4,997.0,47.93961366717973
2024-05-31 18:00:00,33.4,997.8,51.35032689190111
2024-05-31 21:00:00,32.0,997.4,54.55620730373795
2024-06-01 00:00:00,31.6,998.6,47.53339246136735
2024-06-01 03:00:00,37.6,1000.3,27.29879481862595
2024-06-01 06:00:00,41.4,1000.3,22.839726065668916
2024-06-01 09:00:00,44.0,997.8,22.477132245601915
2024-06-01 12:00:00,38.8,998.1,27.790186489437684
2024-06-01 15:00:00,34.0,1000.6,40.755573338853395
2024-06-01 18:00:00,31.2,1001.6,52.710735539122425
2024-06-01 21:00:00,30.4,1000.1,56.552501126573276
2024-06-02 00:00:00,30.4,1000.9,56.552501126573276
2024-06-02 03:00:00,34.4,1002.8,44.02068870730294
2024-06-02 06:00:00,40.4,1002.4,27.859288544701055
2024-06-02 09:00:00,42.0,1000.1,24.184036103450424
2024-06-02 12:00:00,41.6,998.0,29.422446974733553
2024-06-02 15:00:00,37.2,999.6,33.31494158424672
2024-06-02 18:00:00,35.0,1000.7,38.79252543220958
2024-06-02 21:00:00,33.0,999.6,44.74625811198047
2024-06-03 00:00:00,30.8,1000.9,54.59652641434426
2024-06-03 03:00:00,34.4,1002.1,39.11613497299796
2024-06-03 06:00:00,40.0,1001.6,33.03867210102478
2024-06-03 09:00:00,43.8,998.6,19.25343225214416
2024-06-03 12:00:00,43.2,996.0,19.738512162749497
2024-06-03 15:00:00,36.2,997.6,41.86135583652421
2024-06-03 18:00:00,32.8,998.8,49.65105863118352
2024-06-04 00:00:00,30.8,999.7,54.59652641434426
2024-06-04 03:00:00,34.6,1001.4,43.265824666661075
2024-06-04 06:00:00,38.0,1001.7,41.07815749378226
2024-06-04 09:00:00,43.0,998.9,26.01042427037834
2024-06-04 12:00:00,40.0,997.5,33.03867210102478
2024-06-04 15:00:00,36.2,998.0,49.617324489439085
2024-06-04 18:00:00,34.0,999.5,48.75448871884437
2024-06-04 21:00:00,32.4,999.0,51.41140557397461
2024-06-05 00:00:00,31.4,1000.9,48.377274941391825
2024-06-05 03:00:00,35.6,1001.6,33.08993982216657
2024-06-05 06:00:00,40.6,1001.6,26.211055481517132
2024-06-05 09:00:00,43.4,998.9,21.225592879559976
2024-06-05 12:00:00,42.8,996.7,22.465837231491363
2024-06-05 15:00:00,38.0,998.9,44.43675337267405
2024-06-05 18:00:00,30.0,1002.4,64.98787314987105
2024-06-05 21:00:00,28.0,999.5,74.30236303611937
2024-06-06 00:00:00,25.8,1004.0,73.03206992350184
2024-06-06 03:00:00,30.2,1008.2,56.504455252841076
2024-06-06 06:00:00,37.2,1004.8,34.15933416663978
2024-06-06 09:00:00,40.6,1002.3,31.217981708760373
2024-06-06 12:00:00,38.4,1000.6,38.75583054883156
2024-06-06 15:00:00,33.8,1001.3,57.01603340699637
2024-06-06 18:00:00,31.5,1004.4,43.7886376855367
2024-06-06 21:00:00,29.6,1002.0,51.0137619532381
2024-06-07 00:00:00,28.6,1002.8,55.07601922060314
2024-06-07 03:00:00,32.0,1003.2,45.60543175171839
2024-06-07 06:00:00,39.4,1001.9,29.20676293044137
2024-06-07 09:00:00,41.6,999.4,25.172077493687645
2024-06-07 12:00:00,41.0,997.3,25.177746848980597
2024-06-07 15:00:00,36.8,998.8,35.35256436255473
2024-06-07 18:00:00,35.0,1000.0,37.83432737530233
2024-06-07 21:00:00,32.0,999.0,45.60543175171839
2024-06-08 00:00:00,30.4,1000.5,50.90090504824205
2024-06-08 03:00:00,34.0,1002.1,41.52579848274434
2024-06-08 06:00:00,38.4,1001.3,32.20454955519995
2024-06-08 09:00:00,41.0,998.8,25.177746848980597
2024-06-08 12:00:00,40.0,997.3,24.763539110753115
2024-06-08 15:00:00,35.2,998.4,40.07444958268911
2024-06-08 18:00:00,33.4,999.7,37.15996593072932
2024-06-08 21:00:00,32.0,999.6,40.4654612558719
2024-06-09 00:00:00,27.8,1000.8,60.6525992163582
2024-06-09 03:00:00,33.4,1001.7,40.08553584334777
2024-06-09 06:00:00,38.8,1000.9,25.581108841091588
2024-06-09 09:00:00,41.6,997.9,17.32201839946636
2024-06-09 12:00:00,41.4,996.6,16.385447013223136
2024-06-09 15:00:00,34.2,998.2,39.06156806619288
2024-06-09 18:00:00,30.2,999.8,47.162917470936314
2024-06-09 21:00:00,29.8,1000.0,48.870951120558274
2024-06-10 00:00:00,30.6,1000.2,44.100353961543746
2024-06-10 03:00:00,35.0,1000.9,36.89697020749243
2024-06-10 06:00:00,41.4,1000.0,20.876910656537135
2024-06-10 09:00:00,43.2,998.1,18.505883597661583
2024-06-10 12:00:00,42.0,997.1,20.22548859202352
2024-06-10 15:00:00,36.6,998.5,36.87195527290213
2024-06-10 18:00:00,31.8,999.6,52.21507571697287
2024-06-10 21:00:00,29.4,999.1,58.0813190585354
2024-06-11 00:00:00,28.6,1000.2,57.533446890831016
2024-06-11 03:00:00,34.4,1000.9,37.199052957418445
2024-06-11 06:00:00,41.0,999.8,25.177746848980597
2024-06-11 09:00:00,42.2,997.8,22.460531260981607
2024-06-11 12:00:00,42.0,996.1,21.568348256816964
2024-06-11 15:00:00,35.2,997.2,39.08979535895464
2024-06-11 18:00:00,30.6,998.7,52.234713311802714
2024-06-11 21:00:00,29.4,998.6,58.0813190585354
2024-06-12 00:00:00,29.6,999.8,52.30674462542291
2024-06-12 03:00:00,34.6,1001.2,29.418827474150653
2024-06-12 06:00:00,40.8,1000.2,23.527079629238806
2024-06-12 09:00:00,44.0,997.6,17.63533178432696
2024-06-12 12:00:00,43.2,995.4,18.505883597661583
2024-06-12 15:00:00,36.2,996.5,40.09712013821042
2024-06-12 18:00:00,31.6,998.0,51.84401660919995
2024-06-12 21:00:00,29.6,998.1,58.4879003480961
2024-06-13 00:00:00,31.2,999.0,47.132101292464135
2024-06-13 03:00:00,36.4,999.5,36.817599678809614
2024-06-13 06:00:00,42.0,998.4,24.958353238215775
2024-06-13 09:00:00,44.2,995.7,15.519237210086215
2024-06-13 12:00:00,43.8,993.8,18.644204530009176
2024-06-13 15:00:00,39.0,995.2,24.984600421891002
2024-06-13 18:00:00,37.0,996.9,31.427829871773007
2024-06-13 21:00:00,35.6,997.1,34.15354409695408
2024-06-14 00:00:00,34.0,997.7,39.74812677532778
2024-06-14 03:00:00,37.6,997.3,31.989149692264913
2024-06-14 06:00:00,41.4,997.4,27.087804098135454
2024-06-14 09:00:00,43.6,995.5,24.58742205511402
2024-06-14 12:00:00,42.8,993.8,23.780244800538604
2024-06-14 15:00:00,35.2,996.9,40.07444958268911
2024-06-14 18:00:00,34.6,997.9,42.20833515582447
2024-06-15 00:00:00,33.2,997.9,42.88904573295336
2024-06-15 03:00:00,35.6,998.8,37.761634044205586
2024-06-15 06:00:00,41.2,997.6,28.244080188420934
2024-06-15 09:00:00,44.0,995.4,22.477132245601915
2024-06-15 12:00:00,43.4,993.9,21.90997956788819
2024-06-15 15:00:00,39.0,994.9,34.43290659695212
2024-06-15 18:00:00,35.4,996.7,44.01674985155224
2024-06-15 21:00:00,35.2,996.9,41.85004067497884
2024-06-16 00:00:00,33.4,998.0,47.12702532059198
2024-06-16 03:00:00,36.4,999.4,42.17247812997893
2024-06-16 06:00:00,41.6,998.5,30.15789952433755
2024-06-16 09:00:00,44.4,996.0,20.407234711868735
2024-06-16 12:00:00,44.2,994.5,18.978544348151214
2024-06-16 15:00:00,38.6,995.6,37.18488831256532
2024-06-16 18:00:00,35.8,997.0,42.53092676973995
2024-06-16 21:00:00,33.6,997.0,48.35343825000899
2024-06-17 00:00:00,34.0,997.7,42.57262209391062
2024-06-17 03:00:00,38.2,999.1,35.07566021250202
2024-06-17 06:00:00,42.4,998.3,28.734648453829386
2024-06-17 09:00:00,44.4,996.4,24.7889464173468
2024-06-17 12:00:00,44.4,994.0,24.180782346467087
2024-06-17 15:00:00,39.0,995.2,43.64287817049415
2024-06-17 18:00:00,36.0,996.7,48.38607729606916
2024-06-17 21:00:00,34.0,996.4,50.879846925795135
2024-06-18 00:00:00,34.6,996.2,49.20781804636321
2024-06-18 03:00:00,34.8,996.1,43.05298585113426
2024-06-18 06:00:00,41.6,996.4,31.483791964053527
2024-06-18 09:00:00,43.2,994.4,28.943701387881266
2024-06-18 12:00:00,43.0,991.2,29.427927911119184
2024-06-18 15:00:00,40.6,992.2,34.44033538927595
2024-06-18 18:00:00,38.0,993.7,38.4121359613966
2024-06-18 21:00:00,36.0,993.1,47.51709753362507
2024-06-19 00:00:00,36.2,994.0,41.86135583652421
2024-06-19 03:00:00,37.4,994.7,42.18265749734871
2024-06-19 06:00:00,40.8,994.2,36.874968388669274
2024-06-19 09:00:00,42.6,992.1,33.93709726284075
2024-06-19 12:00:00,42.6,989.6,31.174048708342244
2024-06-19 15:00:00,39.6,991.8,39.79271921792334
2024-06-19 18:00:00,32.6,995.6,51.77843588862952
2024-06-19 21:00:00,30.2,993.7,62.70350473078234
2024-06-20 00:00:00,30.2,994.4,57.5576548506657
2024-06-20 03:00:00,29.6,1000.3,67.31212756795189
2024-06-20 06:00:00,35.2,997.8,45.8888450476227
2024-06-20 09:00:00,38.0,995.5,42.857891490135415
2024-06-20 12:00:00,38.8,992.9,46.274304923769186
2024-06-20 15:00:00,35.2,994.9,55.99588621396323
2024-06-20 18:00:00,34.0,996.9,52.76574284376031
2024-06-20 21:00:00,32.8,997.6,53.110611200120836
2024-06-21 00:00:00,30.0,998.8,70.29306142592459
2024-06-21 03:00:00,30.4,998.9,70.36635155961307
2024-06-21 06:00:00,38.0,998.4,47.18150187113982
2024-06-21 09:00:00,35.4,996.9,50.0134364106607
2024-06-21 12:00:00,31.0,996.2,72.1742265807024
2024-06-21 15:00:00,30.2,997.7,74.2171474546091
2024-06-21 18:00:00,29.6,998.5,76.82235153000387
2024-06-21 21:00:00,29.0,997.8,77.65543578652992
2024-06-22 00:00:00,29.2,997.9,76.30480387190515
2024-06-22 03:00:00,33.2,998.9,62.22651784699078
2024-06-22 06:00:00,38.4,998.6,44.809839055977356
2024-06-22 09:00:00,38.6,996.5,45.94751656568214
2024-06-22 12:00:00,35.4,995.9,50.31601779194453
2024-06-22 15:00:00,33.0,997.7,59.989879094366785
2024-06-22 18:00:00,31.6,999.7,68.51690400466761
2024-06-22 21:00:00,31.0,999.5,69.22506422320274
2024-06-23 00:00:00,30.2,999.9,72.90096632227306
2024-06-23 03:00:00,33.6,1000.6,67.29450442917697
2024-06-23 06:00:00,38.0,999.3,52.18894930757463
2024-06-23 09:00:00,39.4,996.7,49.544384480712175
2024-06-23 12:00:00,36.0,994.9,62.827732110229384
2024-06-23 15:00:00,34.0,996.5,69.78208647156907
2024-06-23 18:00:00,33.6,998.2,70.9438043249328
2024-06-23 21:00:00,33.0,998.0,70.42167655411042
2024-06-24 00:00:00,32.0,998.1,72.34703340707203
2024-06-24 03:00:00,34.2,998.7,69.81872821780838
2024-06-24 06:00:00,39.0,998.0,50.02948493172346
2024-06-24 09:00:00,38.0,996.3,45.517402788129154
2024-06-24 12:00:00,34.6,995.5,62.160715526838395
2024-06-24 15:00:00,30.2,996.7,92.2435459158258
2024-06-24 18:00:00,30.2,997.0,79.69205742002245
2024-06-24 21:00:00,30.0,997.3,82.53623329490637
2024-06-25 00:00:00,29.8,997.5,81.06459831337503
2024-06-25 03:00:00,32.0,998.1,76.27928569930424
2024-06-25 06:00:00,36.2,997.5,61.06039641079036
2024-06-25 09:00:00,39.4,994.4,47.54192156545255
2024-06-25 12:00:00,38.6,992.7,50.521539679610605
2024-06-25 15:00:00,36.0,994.6,62.827732110229384
2024-06-25 18:00:00,34.2,996.8,61.707439726266486
2024-06-25 21:00:00,32.2,995.8,65.05199403084112
2024-06-26 00:00:00,32.2,996.8,71.53290094917851
2024-06-26 03:00:00,34.8,997.3,62.20391825591429
2024-06-26 06:00:00,35.0,997.5,61.15610416717985
2024-06-26 09:00:00,37.0,995.7,56.421343804401914
2024-06-26 12:00:00,35.2,995.1,59.06973996646835
2024-06-26 15:00:00,33.0,998.1,65.60442666205464
2024-06-26 18:00:00,31.6,1000.2,71.00478678077775
2024-06-27 00:00:00,30.2,999.6,82.5595602209085
2024-06-27 03:00:00,29.0,1001.9,81.9313443709877
2024-06-27 06:00:00,30.0,1000.9,83.5130798716472
2024-06-27 09:00:00,33.8,999.8,67.33350659401705
2024-06-27 12:00:00,34.8,996.9,61.1121171224814
2024-06-27 15:00:00,31.4,998.5,73.53807422593974
2024-06-27 18:00:00,30.6,1001.6,81.16467826556904
2024-06-27 21:00:00,30.0,999.6,83.5130798716472
2024-06-28 00:00:00,25.6,1001.9,100.0
2024-06-28 03:00:00,25.2,1000.1,100.0
2024-06-28 06:00:00,26.0,1000.7,96.503856108436
2024-06-28 09:00:00,30.4,998.4,82.58284223811447
2024-06-28 12:00:00,32.4,995.6,71.56807265043355
2024-06-28 15:00:00,30.4,997.4,82.58284223811447
2024-06-28 18:00:00,29.6,997.5,86.46751908713752
2024-06-28 21:00:00,29.4,997.1,86.44896966030107
2024-06-29 00:00:00,29.0,997.0,92.17754994106518
2024-06-29 03:00:00,30.6,998.7,79.74530566981048
2024-06-29 06:00:00,34.0,997.8,67.37244576814547
2024-06-29 09:00:00,34.8,997.1,61.1121171224814
2024-06-29 12:00:00,28.4,995.4,97.12973912054358
2024-06-29 15:00:00,28.4,997.1,97.12973912054358
2024-06-29 18:00:00,28.2,997.8,95.43577238155224
2024-06-29 21:00:00,28.0,997.0,96.5544215144089
2024-06-30 00:00:00,29.0,997.0,95.46199827430759
2024-06-30 03:00:00,31.0,997.8,78.40390010984709
2024-06-30 06:00:00,34.2,998.1,68.60580036819208
2024-06-30 09:00:00,36.4,995.6,61.104205909744444
2024-06-30 12:00:00,36.8,993.4,60.48216537492823
2024-06-30 15:00:00,33.2,994.9,78.25501278200157
2024-06-30 18:00:00,31.4,996.1,76.18814229624397
2024-06-30 21:00:00,30.6,995.3,79.74530566981048
2024-07-01 00:00:00,29.2,994.7,81.95548127118022
2024-07-01 03:00:00,31.2,996.1,70.93306375697343
2024-07-01 06:00:00,33.0,995.9,66.78088716309055
2024-07-01 09:00:00,35.6,993.5,59.51052447634323
2024-07-01 12:00:00,35.0,991.3,62.2470562760692
2024-07-01 15:00:00,33.4,993.2,70.9081702429426
2024-07-01 18:00:00,32.8,993.4,72.91045718414733
2024-07-01 21:00:00,32.0,991.8,73.63761837389029
2024-07-02 00:00:00,31.6,992.2,73.57131384659597
2024-07-02 03:00:00,32.0,993.9,76.27928569930424
2024-07-02 06:00:00,34.2,994.3,63.93621970684363
2024-07-02 09:00:00,36.0,992.3,60.659807311928596
2024-07-02 12:00:00,35.8,991.3,61.692070231226595
2024-07-02 15:00:00,32.6,993.3,72.87668440277191
2024-07-02 18:00:00,30.8,994.2,79.77185498360923
2024-07-02 21:00:00,30.2,993.0,79.69205742002245
2024-07-03 00:00:00,30.0,993.6,83.5130798716472
2024-07-03 03:00:00,32.0,995.0,74.94828132337592
2024-07-03 06:00:00,33.8,996.1,74.7965304973466
2024-07-03 09:00:00,30.0,996.7,86.50450703984572
2024-07-03 12:00:00,25.4,996.1,100.0
2024-07-03 15:00:00,26.2,998.0,100.0
2024-07-03 18:00:00,26.6,999.2,98.24609415561163
2024-07-03 21:00:00,26.6,998.0,98.24609415561163
2024-07-04 00:00:00,26.8,998.6,98.24867165262664
2024-07-04 03:00:00,27.4,1000.6,93.73593071403404
2024-07-04 06:00:00,29.8,1000.0,83.49088910584811
2024-07-04 09:00:00,30.0,998.6,84.99729439748566
2024-07-04 12:00:00,31.6,995.5,77.57315316138988
2024-07-04 15:00:00,30.0,997.6,83.5130798716472
2024-07-04 18:00:00,29.0,998.1,87.95208930052544
2024-07-04 21:00:00,28.6,996.6,88.96156313904507
2024-07-05 00:00:00,28.0,996.1,90.50618565208272
2024-07-05 03:00:00,30.0,996.5,84.99729439748566
2024-07-05 06:00:00,30.0,996.3,95.49446652556568
2024-07-05 09:00:00,32.6,993.6,72.87668440277191
2024-07-05 12:00:00,31.8,992.7,74.91652960815853
2024-07-05 15:00:00,29.6,994.2,84.95652278782288
2024-07-05 18:00:00,28.0,993.4,92.12191734434786
2024-07-05 21:00:00,28.4,994.9,88.94616815571688
2024-07-06 00:00:00,28.0,993.4,92.12191734434786
2024-07-06 03:00:00,29.2,994.7,86.43038313933076
2024-07-06 06:00:00,30.6,994.8,81.16467826556904
2024-07-06 09:00:00,34.4,992.6,69.0453935523037
2024-07-06 12:00:00,33.2,993.0,71.70815945941659
2024-07-06 15:00:00,29.8,995.3,82.51286135002354
2024-07-06 18:00:00,28.6,996.7,84.8538871735531
2024-07-06 21:00:00,27.6,996.3,84.24549777703992
2024-07-07 00:00:00,26.8,997.1,93.70888380751718
2024-07-07 03:00:00,29.0,998.7,80.48371679996085
2024-07-07 06:00:00,35.0,997.1,59.02423742118093
2024-07-07 09:00:00,35.0,997.6,56.95764470575925
2024-07-07 12:00:00,32.6,996.9,59.54003872035679
2024-07-07 15:00:00,29.2,998.7,77.68451620551635
2024-07-07 18:00:00,28.0,1000.4,81.80996009312997
2024-07-07 21:00:00,27.0,1000.4,84.18092213796281
2024-07-08 00:00:00,26.4,1000.5,90.39836619855579
2024-07-08 03:00:00,27.8,1002.0,82.77031896665545
2024-07-08 06:00:00,31.2,1002.1,66.82152314124305
2024-07-08 09:00:00,30.6,1000.5,71.67589990470815
2024-07-08 12:00:00,30.4,999.2,75.58532357148971
2024-07-08 15:00:00,29.0,1000.6,84.89506306062921
2024-07-08 18:00:00,28.6,1001.8,86.37440005285019
2024-07-08 21:00:00,28.2,1001.3,90.51953760720181
2024-07-09 00:00:00,28.2,1001.4,90.51953760720181
2024-07-09 03:00:00,30.4,1002.4,84.04833399732397
2024-07-09 06:00:00,31.8,1002.2,73.60449518826249
2024-07-09 09:00:00,27.4,1001.3,98.25637024612985
2024-07-09 12:00:00,30.0,999.5,92.23260387388135
2024-07-09 15:00:00,29.6,1000.4,93.8336415417071
2024-07-09 18:00:00,28.8,1001.9,93.7983735302794
2024-07-09 21:00:00,28.4,1001.8,97.12973912054358
2024-07-10 00:00:00,28.6,1002.3,97.13390683461627
2024-07-10 03:00:00,32.0,1002.9,85.69242885926471
2024-07-10 06:00:00,36.0,1001.5,60.659807311928596
2024-07-10 09:00:00,31.6,1001.1,76.21857827105511
2024-07-10 12:00:00,29.0,998.9,98.27665412427832
2024-07-10 15:00:00,28.6,1000.2,98.27161636827928
2024-07-10 18:00:00,28.2,1000.6,96.55941799604423
2024-07-10 21:00:00,28.4,999.4,93.78062725022617
2024-07-11 00:00:00,28.0,999.3,100.0
2024-07-11 03:00:00,30.2,999.2,91.17952811176471
2024-07-11 06:00:00,34.8,998.5,67.92262186231758
2024-07-11 09:00:00,37.6,997.4,54.60603761012383
2024-07-11 12:00:00,38.2,992.1,56.04470922119711
2024-07-11 15:00:00,35.0,993.6,71.60467516414084
2024-07-11 18:00:00,33.0,994.3,72.94417143512577
2024-07-11 21:00:00,31.0,994.2,78.86633287008074
2024-07-12 00:00:00,30.0,994.7,71.5698382304094
2024-07-12 03:00:00,30.6,996.1,66.70183445693432
2024-07-12 06:00:00,32.6,997.0,63.22051607138405
2024-07-12 09:00:00,34.0,995.3,57.40603103345707
2024-07-12 12:00:00,32.8,994.3,63.26317222090716
2024-07-12 15:00:00,31.0,995.6,72.1742265807024
2024-07-12 18:00:00,30.2,997.6,79.69205742002245
2024-07-13 00:00:00,29.0,997.2,84.89506306062921
2024-07-13 06:00:00,32.6,997.7,70.34917736761386
2024-07-13 09:00:00,35.4,995.4,56.04341471814388
2024-07-13 12:00:00,29.0,994.1,93.80721852350113
2024-07-13 18:00:00,28.8,997.5,90.55942797559786
2024-07-13 21:00:00,28.8,996.2,90.55942797559786
2024-07-14 00:00:00,28.8,996.2,90.55942797559786
2024-07-14 03:00:00,30.6,997.4,84.06979751556185
2024-07-14 06:00:00,35.4,996.6,60.52699050467956
2024-07-14 12:00:00,35.7,993.0,58.83516463292169
2024-07-14 18:00:00,31.6,997.4,78.94871738353811
2024-07-14 21:00:00,30.6,997.2,84.06979751556185
2024-07-15 00:00:00,30.0,998.4,88.03501822943302
2024-07-15 03:00:00,32.8,1000.1,75.51424951083074
2024-07-15 06:00:00,29.2,1000.3,81.95548127118022
2024-07-15 09:00:00,34.2,998.3,69.81872821780838
2024-07-15 12:00:00,34.0,996.3,69.78208647156907
2024-07-15 15:00:00,32.2,997.9,76.30955739524246
2024-07-15 18:00:00,31.2,999.6,84.13393763597708
2024-07-15 21:00:00,30.6,998.6,85.55612371787966
2024-07-16 00:00:00,30.0,999.8,88.03501822943302
2024-07-16 03:00:00,32.4,1001.0,80.4483083762525
2024-07-16 06:00:00,33.8,999.7,73.5047030667105
2024-07-16 09:00:00,37.6,998.7,56.56201845415031
2024-07-16 12:00:00,37.6,996.6,55.576509233778346
2024-07-16 15:00:00,34.0,997.7,68.56801813396841
2024-07-16 18:00:00,32.8,999.3,80.49940153796635
2024-07-16 21:00:00,32.0,998.8,77.63089769639963
2024-07-17 00:00:00,31.0,999.3,81.21443360821415
2024-07-17 03:00:00,32.4,1001.4,76.78703622110372
2024-07-17 06:00:00,34.6,1000.8,65.54188655974544
2024-07-17 09:00:00,34.4,999.0,65.50141485922862
2024-07-17 12:00:00,34.6,996.4,67.88429230577138
2024-07-17 15:00:00,32.4,997.3,77.68843149770223
2024-07-17 18:00:00,31.6,999.9,82.72159738179782
2024-07-17 21:00:00,31.0,998.4,85.59526014060029
2024-07-18 00:00:00,30.4,998.2,89.61803111590942
2024-07-18 03:00:00,32.4,999.1,79.05785298228113
2024-07-18 06:00:00,36.0,998.5,62.827732110229384
2024-07-18 09:00:00,28.2,997.9,93.77172585847173
2024-07-18 12:00:00,30.8,995.5,82.62927198490198
2024-07-18 15:00:00,30.2,996.3,86.52294575570109
2024-07-18 18:00:00,29.2,997.9,87.96874224697314
2024-07-18 21:00:00,28.8,996.7,87.4186485454691
2024-07-19 00:00:00,28.2,997.5,95.43577238155224
2024-07-19 03:00:00,31.0,997.7,85.59526014060029
2024-07-19 06:00:00,35.0,996.6,66.78282568606839
2024-07-19 09:00:00,35.4,995.9,68.43321237124071
2024-07-19 12:00:00,34.0,994.2,76.13839736895406
2024-07-19 15:00:00,31.0,996.8,84.11259923098856
2024-07-19 18:00:00,30.2,997.9,88.051503713093
2024-07-19 21:00:00,29.0,997.6,89.51636332080271
2024-07-20 06:00:00,34.6,998.4,65.54188655974544
2024-07-20 09:00:00,36.8,996.8,57.041536288838834
2024-07-20 12:00:00,37.4,994.2,57.51659719563933
2024-07-20 15:00:00,34.2,996.7,71.05034577880605
2024-07-20 18:00:00,32.8,997.7,79.11211842158119
2024-07-20 21:00:00,32.0,996.9,79.0033862804747
2024-07-21 00:00:00,30.2,997.4,81.1147334710309
2024-07-21 03:00:00,29.2,998.7,98.27916477101063
2024-07-21 06:00:00,34.8,998.5,71.15634854908578
2024-07-21 09:00:00,35.0,996.5,74.12757021597365
2024-07-21 12:00:00,34.6,995.4,70.2994993152342
2024-07-21 15:00:00,32.4,996.4,79.05785298228113
2024-07-21 18:00:00,31.8,998.3,79.43878445719032
2024-07-21 21:00:00,31.0,997.4,84.11259923098856
2024-07-22 00:00:00,30.2,997.9,89.60359607240078
2024-07-22 03:00:00,31.8,998.5,84.19770428043
2024-07-22 06:00:00,35.8,998.3,65.02235510857332
2024-07-22 09:00:00,27.6,999.3,100.0
2024-07-22 12:00:00,30.0,995.3,91.1671536010179
2024-07-22 15:00:00,29.2,996.4,93.81604482183465
2024-07-22 18:00:00,28.8,999.2,95.45546286072076
2024-07-22 21:00:00,28.6,997.3,93.78950978997815
2024-07-23 00:00:00,28.8,996.9,95.45546286072076
2024-07-23 03:00:00,31.4,998.4,85.63424249679542
2024-07-23 06:00:00,33.4,997.6,78.2829912421804
2024-07-23 09:00:00,35.8,995.7,65.02235510857332
2024-07-23 12:00:00,35.2,993.7,67.9990946304605
2024-07-23 15:00:00,32.4,994.3,79.05785298228113
2024-07-23 18:00:00,31.0,995.6,82.65241993308152
2024-07-24 00:00:00,29.0,993.8,90.57266984744003
2024-07-24 03:00:00,25.8,995.1,100.0
2024-07-24 06:00:00,27.8,994.8,98.261474558228
2024-07-24 09:00:00,33.0,992.3,75.5452541352859
2024-07-24 12:00:00,33.4,990.4,74.29936225533098
2024-07-24 15:00:00,31.6,991.8,85.65367614358674
2024-07-24 18:00:00,30.8,993.1,88.10076112982445
2024-07-24 21:00:00,30.2,992.2,92.2435459158258
2024-07-25 00:00:00,29.2,992.3,92.18860676693177
2024-07-25 03:00:00,27.4,993.8,100.0
2024-07-25 06:00:00,29.4,993.9,93.82485247729203
2024-07-25 09:00:00,34.6,991.5,69.0826777082959
2024-07-25 12:00:00,35.2,989.6,67.21243272771655
2024-07-25 15:00:00,31.8,992.6,77.60205183026918
2024-07-25 18:00:00,30.8,993.8,86.57804199503519
2024-07-25 21:00:00,30.2,993.0,91.17952811176471
2024-07-26 00:00:00,26.6,994.0,100.0
2024-07-26 03:00:00,27.8,995.4,100.0
2024-07-26 06:00:00,30.8,994.8,91.21649862659174
2024-07-26 09:00:00,32.8,993.3,76.84633730700138
2024-07-26 12:00:00,33.0,992.4,78.22698303554304
2024-07-26 15:00:00,32.0,993.7,85.69242885926471
2024-07-26 18:00:00,30.6,995.4,89.63243672691948
2024-07-26 21:00:00,29.8,995.4,92.22163900067571
2024-07-27 00:00:00,29.2,995.8,95.46851971429227
2024-07-27 03:00:00,29.2,997.2,97.14635592590467
2024-07-27 06:00:00,34.0,997.1,73.53769175979289
2024-07-27 09:00:00,34.8,994.9,70.33556893814918
2024-07-27 12:00:00,34.2,993.9,72.30089569944718
2024-07-27 15:00:00,30.4,996.5,86.54134775739186
2024-07-27 18:00:00,29.2,997.6,90.58588438387352
2024-07-27 21:00:00,28.6,996.7,92.1553667873356
2024-07-28 00:00:00,28.6,997.2,93.78950978997815
2024-07-28 03:00:00,32.0,997.7,77.63089769639963
2024-07-28 06:00:00,36.6,996.9,60.08565672829613
2024-07-28 09:00:00,37.2,994.8,58.48794202473472
2024-07-28 12:00:00,37.2,993.7,60.57040576366421
2024-07-28 15:00:00,33.8,995.5,73.5047030667105
2024-07-28 18:00:00,32.4,996.1,74.13743365834232
2024-07-28 21:00:00,31.4,996.1,78.92130681911149
2024-07-29 00:00:00,30.2,996.7,85.01762004491522
2024-07-29 03:00:00,32.4,998.0,77.68843149770223
2024-07-29 06:00:00,35.8,997.3,63.89522935666694
2024-07-29 09:00:00,37.8,994.7,58.96628826330852
2024-07-29 12:00:00,37.0,993.7,59.47636032563509
2024-07-29 15:00:00,34.0,996.4,69.78208647156907
2024-07-29 18:00:00,32.8,998.1,79.11211842158119
2024-07-29 21:00:00,32.2,997.3,77.65969087917847
2024-07-30 00:00:00,31.4,997.8,85.63424249679542
2024-07-30 03:00:00,33.0,999.0,78.22698303554304
2024-07-30 06:00:00,37.2,998.4,58.48794202473472
2024-07-30 09:00:00,38.8,996.8,53.626626943232445
2024-07-30 12:00:00,38.0,995.2,56.986928936313674
2024-07-30 15:00:00,34.6,997.7,70.2994993152342
2024-07-30 18:00:00,32.6,998.4,77.71711967076688
2024-07-30 21:00:00,31.6,997.7,82.72159738179782
2024-07-31 00:00:00,31.4,997.6,82.69858252316531
2024-07-31 03:00:00,32.2,998.8,79.03064484736562
2024-07-31 06:00:00,34.4,998.1,71.08573973066518
2024-07-31 09:00:00,36.4,996.3,64.39277594900302
2024-07-31 12:00:00,37.0,993.6,62.674899556504094
2024-07-31 15:00:00,26.2,998.2,100.0
2024-07-31 18:00:00,25.6,999.9,100.0
2024-08-01 00:00:00,26.0,998.1,100.0
2024-08-01 03:00:00,26.6,999.3,96.51914127003087
2024-08-01 06:00:00,29.0,999.6,87.95208930052544
2024-08-01 09:00:00,32.0,997.6,73.63761837389029
2024-08-01 12:00:00,32.8,995.7,69.15187043596707
2024-08-01 15:00:00,30.2,997.5,84.02682856635852
2024-08-01 18:00:00,29.4,998.3,86.44896966030107
2024-08-01 21:00:00,27.6,996.6,100.0
2024-08-02 00:00:00,27.6,996.7,100.0
2024-08-02 03:00:00,30.2,997.5,88.051503713093
2024-08-02 06:00:00,33.0,996.5,74.23476165310379
2024-08-02 09:00:00,31.2,995.5,76.157651318818
2024-08-02 12:00:00,32.4,994.5,76.78703622110372
2024-08-02 15:00:00,30.6,996.3,84.06979751556185
2024-08-02 18:00:00,29.8,997.4,88.01849942848882
2024-08-02 21:00:00,29.0,997.0,90.57266984744003
2024-08-03 00:00:00,28.0,997.4,90.50618565208272
2024-08-03 03:00:00,29.4,998.7,84.9360766224706
2024-08-03 06:00:00,33.4,998.9,67.25543915862544
2024-08-03 09:00:00,34.4,997.7,65.50141485922862
2024-08-03 12:00:00,33.6,996.9,67.29450442917697
2024-08-03 15:00:00,31.0,999.2,72.1742265807024
2024-08-03 18:00:00,29.6,1001.2,81.03945906223336
2024-08-04 00:00:00,28.6,999.9,84.8538871735531
2024-08-04 03:00:00,30.4,1001.1,74.24982249791255
2024-08-04 06:00:00,34.2,1000.9,58.491665561139094
2024-08-04 09:00:00,34.6,998.6,61.06806519838046
2024-08-04 12:00:00,34.8,997.2,63.31273208033373
2024-08-04 15:00:00,27.0,999.4,100.0
2024-08-04 18:00:00,28.2,1000.5,91.0546218094772
2024-08-04 21:00:00,27.8,999.1,93.7538663078413
2024-08-05 00:00:00,28.2,999.6,86.33689076158295
2024-08-05 03:00:00,29.4,1000.2,81.97957178446406
2024-08-05 06:00:00,31.4,1000.9,72.24352874821913
2024-08-05 09:00:00,32.4,999.3,70.31283604150148
2024-08-05 12:00:00,32.4,997.5,74.13743365834232
2024-08-05 15:00:00,30.6,999.0,79.74530566981048
2024-08-05 18:00:00,29.8,1000.2,84.97692867892383
2024-08-05 21:00:00,29.0,998.8,86.41175942849821
2024-08-06 00:00:00,28.0,998.4,90.50618565208272
2024-08-06 03:00:00,28.8,999.5,81.90716097068722
2024-08-06 06:00:00,31.2,999.0,73.50477620307173
2024-08-06 09:00:00,34.0,997.3,62.77037868066636
2024-08-06 12:00:00,33.2,995.8,66.03479395995936
2024-08-06 15:00:00,30.8,997.3,75.64766286638326
2024-08-06 18:00:00,29.2,999.2,79.08600581526997
2024-08-06 21:00:00,28.4,998.3,88.94616815571688
2024-08-07 00:00:00,28.0,998.5,87.34888747491027
2024-08-07 03:00:00,27.8,1000.0,92.11072068322818
2024-08-07 06:00:00,29.0,1000.4,89.51636332080271
2024-08-07 09:00:00,31.2,998.6,78.89384535394599
2024-08-07 12:00:00,27.2,998.9,100.0
2024-08-07 15:00:00,27.4,1000.5,100.0
2024-08-07 18:00:00,27.0,1001.6,100.0
2024-08-07 21:00:00,26.4,1000.0,98.24351098143454
2024-08-08 00:00:00,26.6,1000.5,98.24609415561163
2024-08-08 03:00:00,28.0,1002.0,95.42918067606378
2024-08-08 06:00:00,31.2,1002.1,81.23924051845427
2024-08-08 09:00:00,32.8,1000.0,71.63823581141993
2024-08-08 12:00:00,32.0,999.4,79.0033862804747
2024-08-08 15:00:00,28.8,1001.8,87.93540259721783
2024-08-08 18:00:00,28.0,1002.7,92.12191734434786
2024-08-08 21:00:00,27.8,1001.5,93.7538663078413
2024-08-09 00:00:00,27.8,1001.5,93.7538663078413
2024-08-09 03:00:00,29.8,1003.2,84.97692867892383
2024-08-09 06:00:00,32.8,1002.6,75.51424951083074
2024-08-09 09:00:00,34.6,1000.4,67.88429230577138
2024-08-09 12:00:00,28.0,1000.8,100.0
2024-08-09 15:00:00,27.8,1002.6,96.54941420693457
2024-08-09 18:00:00,27.4,1002.8,98.25637024612985
2024-08-09 21:00:00,27.4,1001.3,100.0
2024-08-10 00:00:00,27.4,1001.9,98.25637024612985
2024-08-10 03:00:00,29.0,1002.3,92.17754994106518
2024-08-10 06:00:00,31.6,1002.4,81.76391342930833
2024-08-10 09:00:00,30.8,1000.0,84.09121922543238
2024-08-10 12:00:00,29.4,999.3,91.12987608237039
2024-08-10 15:00:00,29.0,1000.7,90.57266984744003
2024-08-10 18:00:00,28.4,1000.6,93.78062725022617
2024-08-10 21:00:00,28.4,999.7,97.12973912054358
2024-08-11 00:00:00,27.4,999.3,100.0
2024-08-11 03:00:00,29.0,1000.5,92.17754994106518
2024-08-11 06:00:00,28.2,1001.5,93.77172585847173
2024-08-11 09:00:00,29.8,999.0,83.49088910584811
2024-08-11 12:00:00,26.2,999.1,100.0
2024-08-11 15:00:00,26.8,1000.4,100.0
2024-08-11 18:00:00,27.0,1001.5,98.25124348905271
2024-08-13 00:00:00,27.2,1001.8,95.40267171979633
2024-08-13 03:00:00,27.6,1003.4,96.54439604252043
2024-08-13 06:00:00,32.0,1003.7,77.63089769639963
2024-08-13 09:00:00,27.8,1001.8,100.0
2024-08-13 12:00:00,29.6,1000.4,92.2106512336583
2024-08-13 15:00:00,29.0,1002.3,95.46199827430759
2024-08-13 18:00:00,28.6,1003.3,97.13390683461627
2024-08-13 21:00:00,28.0,1002.4,97.69123792598171
2024-08-14 00:00:00,27.8,1002.5,98.261474558228
2024-08-14 03:00:00,29.2,1003.9,92.18860676693177
2024-08-14 06:00:00,33.6,1003.5,69.70861962540543
2024-08-14 09:00:00,35.2,1001.8,62.65724917989903
2024-08-14 12:00:00,34.0,999.7,69.78208647156907
2024-08-14 15:00:00,31.0,1001.8,82.65241993308152
2024-08-14 18:00:00,30.0,1002.9,88.03501822943302
2024-08-14 21:00:00,29.4,1001.7,91.12987608237039
2024-08-15 00:00:00,28.8,1002.2,92.16646996907035
2024-08-15 03:00:00,29.4,1003.1,92.19964051006788
2024-08-15 06:00:00,32.8,1002.4,72.91045718414733
2024-08-15 09:00:00,33.6,1000.0,70.9438043249328
2024-08-15 12:00:00,29.8,998.4,98.28666397637384
2024-08-15 15:00:00,29.4,1000.4,92.19964051006788
2024-08-15 18:00:00,27.0,1001.6,100.0
2024-08-15 21:00:00,27.0,1000.4,100.0
2024-08-16 00:00:00,27.2,1000.2,98.25380968140279
2024-08-16 03:00:00,29.0,1001.3,97.14221521143318
2024-08-16 06:00:00,33.2,1001.1,74.2670903462619
2024-08-16 09:00:00,34.6,999.0,65.54188655974544
2024-08-16 12:00:00,32.8,998.3,70.38545749833996
2024-08-16 15:00:00,29.0,1001.6,98.27665412427832
2024-08-16 18:00:00,29.2,1002.7,93.81604482183465
2024-08-16 21:00:00,28.8,1002.8,95.45546286072076
2024-08-17 00:00:00,28.2,1002.5,96.55941799604423
2024-08-17 03:00:00,29.4,1003.9,92.19964051006788
2024-08-17 06:00:00,33.2,1003.5,72.97782727710387
2024-08-17 09:00:00,34.0,1002.0,71.01489197336855
2024-08-17 12:00:00,31.8,1001.6,73.60449518826249
2024-08-17 15:00:00,30.2,1003.4,85.01762004491522
2024-08-17 18:00:00,29.6,1003.7,89.56011356164207
2024-08-17 21:00:00,29.0,1003.3,92.17754994106518
2024-08-18 00:00:00,28.6,1003.3,92.1553667873356
2024-08-18 03:00:00,30.0,1004.5,84.99729439748566
2024-08-18 06:00:00,33.8,1005.0,68.53017385519429
2024-08-18 09:00:00,31.6,1003.2,78.94871738353811
2024-08-18 12:00:00,32.6,1001.8,71.60318423066752
2024-08-18 15:00:00,31.2,1003.2,82.19431751290914
2024-08-18 18:00:00,30.2,1003.9,88.051503713093
2024-08-18 21:00:00,29.6,1003.5,91.14232765587903
2024-08-19 00:00:00,28.6,1003.1,90.54615869442738
2024-08-19 03:00:00,30.2,1004.3,86.52294575570109
2024-08-19 06:00:00,34.2,1003.5,63.93621970684363
2024-08-19 09:00:00,35.0,1000.6,61.15610416717985
2024-08-19 12:00:00,33.0,999.8,66.78088716309055
2024-08-19 15:00:00,31.0,1001.4,72.1742265807024
2024-08-19 18:00:00,29.6,1003.0,84.95652278782288
2024-08-19 21:00:00,29.0,1002.4,81.9313443709877
2024-08-20 00:00:00,28.5,1002.4,82.85143243314499
2024-08-20 03:00:00,25.2,1004.5,100.0
2024-08-20 06:00:00,26.8,1004.3,98.24867165262664
2024-08-20 09:00:00,30.6,1002.1,82.60607945629376
2024-08-20 12:00:00,32.4,1001.6,71.56807265043355
2024-08-20 15:00:00,30.0,1003.0,79.66535824918688
2024-08-20 18:00:00,28.8,1004.7,86.39309843177878
2024-08-20 21:00:00,28.0,1004.1,88.91528354225218
2024-08-21 00:00:00,27.0,1004.3,93.71791865005993
2024-08-21 03:00:00,28.7,1005.1,82.38350599117994
2024-08-21 06:00:00,34.0,1005.2,59.50158303199722
2024-08-21 09:00:00,35.6,1002.5,57.43753526548385
2024-08-21 12:00:00,33.0,1001.2,69.1892678326449
2024-08-21 15:00:00,30.2,1003.5,78.29124418971334
2024-08-21 18:00:00,29.2,1004.0,81.95548127118022
2024-08-21 21:00:00,28.6,1003.5,87.91868204829599
2024-08-22 00:00:00,28.2,1003.0,87.36638064071765
2024-08-22 03:00:00,30.0,1004.1,81.08968974474207
2024-08-22 06:00:00,34.6,1003.3,62.160715526838395
2024-08-22 09:00:00,36.0,1000.2,57.530492699389136
2024-08-22 12:00:00,35.4,999.0,61.605105555159014
2024-08-22 15:00:00,29.7,1002.9,83.97288093311289
2024-08-22 18:00:00,28.6,1003.6,82.3716780795566
2024-08-22 21:00:00,27.8,1003.1,87.33135888966177
2024-08-23 00:00:00,27.8,1003.5,93.7538663078413
2024-08-23 03:00:00,29.0,1005.0,84.89506306062921
2024-08-23 06:00:00,27.0,1006.3,87.26088849314073
2024-08-23 09:00:00,29.2,1003.0,81.95548127118022
2024-08-23 12:00:00,30.8,1001.4,79.77185498360923
2024-08-23 15:00:00,29.2,1003.4,84.91559008084812
2024-08-23 18:00:00,27.6,1004.7,92.09950049107172
2024-08-23 21:00:00,27.0,1003.8,93.71791865005993
2024-08-24 00:00:00,26.8,1003.7,96.52421418955653
2024-08-24 03:00:00,29.8,1005.0,91.15475347220371
2024-08-24 06:00:00,32.4,1004.3,77.68843149770223
2024-08-24 09:00:00,34.8,1001.2,64.43878221437471
2024-08-24 12:00:00,34.0,999.0,76.13839736895406
2024-08-24 15:00:00,30.8,1001.2,82.62927198490198
2024-08-24 18:00:00,29.8,1002.4,82.51286135002354
2024-08-24 21:00:00,29.0,1002.0,84.89506306062921
2024-08-25 00:00:00,27.0,1001.9,95.39600874452509
2024-08-25 03:00:00,29.2,1002.3,86.43038313933076
2024-08-25 06:00:00,33.4,1001.4,68.4542986966963
2024-08-25 09:00:00,34.2,999.0,63.93621970684363
2024-08-25 12:00:00,34.2,997.6,62.81318702880705
2024-08-25 15:00:00,31.4,999.7,73.53807422593974
2024-08-25 18:00:00,30.4,1000.3,79.71870652103674
2024-08-25 21:00:00,29.4,999.2,81.97957178446406
2024-08-26 00:00:00,28.2,1000.1,88.93074165144274
2024-08-26 03:00:00,30.0,1001.5,82.53623329490637
2024-08-26 06:00:00,33.6,1001.2,68.49226741509385
2024-08-26 09:00:00,34.8,998.7,64.43878221437471
2024-08-26 12:00:00,31.0,998.8,76.1271052167908
2024-08-26 15:00:00,30.0,1001.5,81.08968974474207
2024-08-26 18:00:00,29.0,1002.8,84.89506306062921
2024-08-26 21:00:00,26.4,1002.1,93.69075623120435
2024-08-27 00:00:00,26.4,1002.4,98.24351098143454
2024-08-27 03:00:00,29.0,1003.5,86.41175942849821
2024-08-27 06:00:00,32.6,1003.4,67.89863459456423
2024-08-27 09:00:00,33.0,1001.5,72.94417143512577
2024-08-27 12:00:00,29.4,1000.8,79.11344799319119
2024-08-27 15:00:00,29.0,1004.6,84.89506306062921
2024-08-27 18:00:00,28.4,1004.3,90.53286192976505
2024-08-27 21:00:00,27.6,1003.6,90.47939854432097
2024-08-28 00:00:00,25.0,1003.9,100.0
2024-08-28 03:00:00,27.4,1004.6,96.53936698995483
2024-08-28 06:00:00,31.8,1004.1,76.24895936494288
2024-08-28 09:00:00,33.6,1001.6,67.29450442917697
2024-08-28 12:00:00,30.0,1000.0,84.99729439748566
2024-08-28 15:00:00,27.4,1002.1,96.53936698995483
2024-08-28 18:00:00,27.6,1002.7,95.41595470562915
2024-08-28 21:00:00,27.2,1000.9,95.40267171979633
2024-08-29 00:00:00,25.2,1002.3,100.0
2024-08-29 03:00:00,25.8,1004.5,100.0
2024-08-29 06:00:00,27.2,1004.8,100.0
2024-08-29 09:00:00,28.0,1003.2,100.0
2024-08-29 12:00:00,27.6,1001.3,96.54439604252043
2024-08-29 15:00:00,27.2,1003.9,96.53432701791446
2024-08-29 18:00:00,26.6,1004.7,98.24609415561163
2024-08-29 21:00:00,26.0,1004.6,98.23832753499846
2024-08-30 00:00:00,25.6,1004.6,98.23312117951836
2024-08-30 03:00:00,28.2,1005.7,96.55941799604423
2024-08-30 06:00:00,32.4,1006.6,70.31283604150148
2024-08-30 09:00:00,33.8,1003.7,67.33350659401705
2024-08-30 12:00:00,32.0,1003.2,73.63761837389029
2024-08-30 15:00:00,28.8,1005.6,83.87510816196956
2024-08-30 18:00:00,28.4,1006.0,87.90192756472376
2024-08-30 21:00:00,28.0,1005.2,88.91528354225218
2024-08-31 00:00:00,27.0,1004.8,92.06569807815053
2024-08-31 03:00:00,29.2,1005.2,86.43038313933076
2024-08-31 06:00:00,33.8,1004.6,64.9948432310438
2024-08-31 09:00:00,35.0,1002.8,59.02423742118093
2024-08-31 12:00:00,34.4,1001.4,63.22804159557269
2024-08-31 15:00:00,31.4,1003.5,78.92130681911149
2024-08-31 18:00:00,30.4,1003.8,84.04833399732397
2024-08-31 21:00:00,29.2,1003.2,90.58588438387352
2024-09-01 00:00:00,28.0,1003.7,93.76280556198172
2024-09-01 03:00:00,30.2,1004.8,84.02682856635852
2024-09-01 06:00:00,34.2,1004.4,61.707439726266486
2024-09-01 09:00:00,35.2,1002.4,60.12663558886312
2024-09-01 12:00:00,35.2,1000.9,60.12663558886312
2024-09-01 15:00:00,31.8,1003.4,77.60205183026918
2024-09-01 18:00:00,30.6,1004.5,75.61652127297627
2024-09-01 21:00:00,29.6,1004.5,84.95652278782288
2024-09-02 00:00:00,28.2,1004.5,90.51953760720181
2024-09-02 03:00:00,28.8,1006.7,87.93540259721783
2024-09-02 06:00:00,27.2,1006.9,100.0
2024-09-02 09:00:00,30.4,1003.8,86.54134775739186
2024-09-02 12:00:00,32.4,1001.7,71.56807265043355
2024-09-02 15:00:00,30.0,1003.8,83.5130798716472
2024-09-02 18:00:00,29.0,1005.3,87.95208930052544
2024-09-02 21:00:00,28.8,1004.7,89.50172004038727
2024-09-03 00:00:00,28.4,1004.6,90.53286192976505
2024-09-03 03:00:00,30.6,1006.3,82.60607945629376
2024-09-03 06:00:00,32.6,1005.7,70.34917736761386
2024-09-03 09:00:00,35.6,1002.5,57.43753526548385
2024-09-03 12:00:00,34.6,1001.7,59.992245908871396
2024-09-03 15:00:00,31.4,1004.7,76.18814229624397
2024-09-03 18:00:00,28.0,1005.8,84.79181717750924
2024-09-03 21:00:00,27.6,1003.8,95.41595470562915
2024-09-04 00:00:00,27.2,1004.1,95.40267171979633
2024-09-04 03:00:00,28.2,1003.5,84.81254813644145
2024-09-04 06:00:00,32.2,1003.5,70.27643339934488
2024-09-04 09:00:00,24.8,1003.5,100.0
2024-09-04 12:00:00,25.8,1000.2,98.23572722928968
2024-09-04 15:00:00,26.0,1001.6,96.503856108436
2024-09-04 18:00:00,25.4,1001.7,98.23050936880627
2024-09-04 21:00:00,25.2,1001.1,98.227891780213
2024-09-05 00:00:00,25.0,1001.2,100.0
2024-09-05 03:00:00,26.6,1002.5,90.41194193154737
2024-09-05 06:00:00,30.6,1002.9,74.28243957799879
2024-09-05 09:00:00,32.4,999.6,67.85998060995067
2024-09-05 12:00:00,32.4,998.2,69.07688914571028
2024-09-05 15:00:00,28.4,1000.4,88.94616815571688
2024-09-05 18:00:00,28.4,1001.5,88.94616815571688
2024-09-05 21:00:00,28.0,1000.9,92.12191734434786
2024-09-06 00:00:00,27.6,1001.1,96.54439604252043
2024-09-06 03:00:00,25.6,1003.8,100.0
2024-09-06 06:00:00,27.6,1004.6,92.09950049107172
2024-09-06 09:00:00,30.6,1001.8,78.34767637456054
2024-09-06 12:00:00,31.0,1001.5,81.21443360821415
2024-09-06 15:00:00,28.2,1003.3,86.33689076158295
2024-09-06 18:00:00,26.8,1004.3,88.82186644716782
2024-09-06 21:00:00,26.6,1003.7,90.41194193154737
2024-09-07 00:00:00,26.2,1003.2,93.68166338882529
2024-09-07 03:00:00,26.8,1005.2,92.05438311051279
2024-09-07 06:00:00,29.6,1005.0,79.6118092261478
2024-09-07 09:00:00,33.4,1002.0,68.4542986966963
2024-09-07 12:00:00,28.8,1002.2,92.16646996907035
2024-09-07 15:00:00,27.2,1003.9,96.53432701791446
2024-09-07 18:00:00,27.0,1004.6,96.5292760949642
2024-09-07 21:00:00,27.0,1003.8,96.5292760949642
2024-09-08 00:00:00,27.0,1003.7,96.5292760949642
2024-09-08 03:00:00,28.2,1004.9,90.51953760720181
2024-09-08 06:00:00,29.4,1005.0,86.44896966030107
2024-09-08 09:00:00,28.0,1003.3,93.76280556198172
2024-09-08 12:00:00,29.0,1001.7,90.57266984744003
2024-09-08 15:00:00,28.2,1002.6,93.77172585847173
2024-09-08 18:00:00,27.2,1002.4,96.53432701791446
2024-09-08 21:00:00,27.0,1001.5,98.25124348905271
2024-09-09 00:00:00,26.8,1002.0,98.24867165262664
2024-09-09 03:00:00,28.4,1003.0,92.14424033203443
2024-09-09 06:00:00,32.2,1002.4,74.10487661671202
2024-09-09 09:00:00,34.2,999.4,62.81318702880705
2024-09-09 12:00:00,31.0,999.4,74.7889561009917
2024-09-09 15:00:00,29.2,1000.0,81.95548127118022
2024-09-09 18:00:00,28.2,1001.0,88.93074165144274
2024-09-09 21:00:00,27.0,1000.4,96.5292760949642
2024-09-10 00:00:00,26.6,1000.7,96.51914127003087
2024-09-10 03:00:00,29.0,1002.2,84.89506306062921
2024-09-10 06:00:00,33.6,1001.8,67.29450442917697
2024-09-10 09:00:00,34.8,998.5,64.43878221437471
2024-09-10 12:00:00,25.8,1000.1,100.0
2024-09-10 15:00:00,25.8,1000.6,96.49873881355717
2024-09-10 18:00:00,26.2,1000.8,96.5089622614157
2024-09-10 21:00:00,26.2,1000.1,96.5089622614157
2024-09-11 00:00:00,26.0,1000.8,96.503856108436
2024-09-11 03:00:00,27.0,1003.7,92.06569807815053
2024-09-11 06:00:00,29.4,1002.1,81.97957178446406
2024-09-11 09:00:00,32.2,999.9,71.53290094917851
2024-09-11 12:00:00,30.4,998.4,82.58284223811447
2024-09-11 15:00:00,29.2,1000.1,92.18860676693177
2024-09-11 18:00:00,29.4,999.2,86.44896966030107
2024-09-11 21:00:00,27.6,998.1,98.25892519962696
2024-09-12 00:00:00,25.4,998.6,100.0
2024-09-12 03:00:00,25.2,999.9,100.0
2024-09-12 06:00:00,27.0,1000.5,96.5292760949642
2024-09-12 09:00:00,27.4,999.0,90.46596324112937
2024-09-12 12:00:00,26.8,999.1,87.24318141227258
2024-09-12 15:00:00,24.8,1000.0,100.0
2024-09-12 18:00:00,24.6,999.8,98.22000417681151
2024-09-12 21:00:00,24.0,998.4,98.2120639566388
2024-09-13 00:00:00,23.8,998.5,100.0
2024-09-13 03:00:00,24.8,1000.1,95.89585901943668
2024-09-13 06:00:00,27.2,1000.7,85.72845277885752
2024-09-13 09:00:00,25.2,999.8,100.0
2024-09-13 21:00:00,23.0,1001.1,100.0
2024-09-14 00:00:00,22.6,1001.0,100.0
2024-09-14 03:00:00,24.4,1002.8,100.0
2024-09-14 06:00:00,28.4,1003.2,86.35566419509173
2024-09-14 09:00:00,31.4,1001.1,70.96895584191402
2024-09-14 12:00:00,31.2,1000.2,87.11831238068854
2024-09-14 15:00:00,27.4,1003.1,95.40932035991787
2024-09-14 18:00:00,26.0,1003.4,92.00888400052642
2024-09-14 21:00:00,25.6,1001.7,91.43570721258781
2024-09-15 00:00:00,25.4,1001.9,90.33006125111788
2024-09-15 03:00:00,26.8,1003.5,82.65347894376836
2024-09-15 06:00:00,30.6,1003.7,66.70183445693432
2024-09-15 09:00:00,33.0,1002.0,58.56563201949948
2024-09-15 12:00:00,31.4,1000.8,69.71409411644107
2024-09-15 15:00:00,29.2,1002.9,83.42405706602797
2024-09-15 18:00:00,27.4,1003.7,88.86871874139695
2024-09-15 21:00:00,26.4,1002.2,92.03168153578638
2024-09-16 00:00:00,26.0,1003.4,94.79622941585653
2024-09-16 03:00:00,27.6,1005.1,81.27196286112057
2024-09-16 06:00:00,31.6,1005.3,62.25158297844957
2024-09-16 09:00:00,33.8,1003.8,66.15514213531858
2024-09-16 12:00:00,32.0,1003.2,60.12540926930006
2024-09-16 15:00:00,29.0,1004.6,81.9313443709877
2024-09-16 18:00:00,27.4,1005.4,90.46596324112937
2024-09-16 21:00:00,26.4,1004.7,92.03168153578638
2024-09-17 00:00:00,26.0,1005.3,94.79622941585653
2024-09-17 03:00:00,28.0,1006.4,78.44744220055776
2024-09-17 06:00:00,32.0,1006.8,66.1862478230639
2024-09-17 09:00:00,34.0,1005.1,56.04514311511978
2024-09-17 12:00:00,32.4,1004.0,66.6618617053601
2024-09-17 15:00:00,27.2,1005.8,84.20248990010974
2024-09-17 18:00:00,27.6,1005.3,85.767643247121
2024-09-17 21:00:00,27.4,1003.9,85.74806761675889
2024-09-18 00:00:00,27.0,1004.3,90.43900875787912
2024-09-18 03:00:00,28.0,1005.4,84.79181717750924
2024-09-18 06:00:00,28.4,1006.4,69.15080360685214
2024-09-18 09:00:00,24.0,1004.4,96.45217641736166
2024-09-18 12:00:00,24.0,1003.9,100.0
2024-09-18 15:00:00,23.4,1004.6,96.43645035727725
2024-09-18 18:00:00,23.8,1004.5,96.4469459114231
2024-09-18 21:00:00,23.6,1003.7,100.0
2024-09-19 00:00:00,23.6,1004.4,98.20674101429967
2024-09-19 03:00:00,24.2,1006.1,98.21471657176035
2024-09-19 06:00:00,28.0,1006.1,88.91528354225218
2024-09-19 09:00:00,31.2,1003.7,74.82093472023674
2024-09-19 12:00:00,31.0,1003.0,76.1271052167908
2024-09-19 15:00:00,28.0,1004.5,87.34888747491027
2024-09-19 18:00:00,26.4,1004.0,92.03168153578638
2024-09-19 21:00:00,25.4,1003.2,93.08530694612072
2024-09-20 00:00:00,25.6,1004.3,94.78110774663195
2024-09-20 03:00:00,27.4,1006.2,84.22401507730588
2024-09-20 06:00:00,32.2,1005.8,60.53434625894101
2024-09-20 09:00:00,34.6,1003.8,57.54622405958298
2024-09-20 12:00:00,33.0,1002.9,63.305763001067604
2024-09-20 15:00:00,29.0,1004.2,83.40169277956687
2024-09-20 18:00:00,27.8,1005.1,88.89979374390309
2024-09-20 21:00:00,26.8,1004.6,92.05438311051279
2024-09-21 00:00:00,26.4,1005.6,92.03168153578638
2024-09-21 03:00:00,28.4,1007.3,84.83323810049623
2024-09-21 06:00:00,33.0,1007.2,64.44613125580591
2024-09-21 09:00:00,35.2,1004.8,54.02524542945505
2024-09-21 12:00:00,33.8,1003.5,60.52964398250845
2024-09-21 15:00:00,29.8,1005.0,83.49088910584811
2024-09-21 18:00:00,28.6,1005.7,87.91868204829599
2024-09-21 21:00:00,27.6,1005.3,90.47939854432097
2024-09-22 00:00:00,27.4,1005.5,92.08825670296545
2024-09-22 03:00:00,29.2,1006.8,81.47100572613344
2024-09-22 06:00:00,33.6,1006.3,61.576188549831414
2024-09-22 09:00:00,35.0,1003.6,56.95764470575925
2024-09-22 12:00:00,33.8,1003.0,62.727505384680136
2024-09-22 15:00:00,30.6,1004.2,81.16467826556904
2024-09-22 18:00:00,28.8,1004.5,87.93540259721783
2024-09-22 21:00:00,27.4,1004.2,92.08825670296545
2024-09-23 00:00:00,26.8,1004.8,93.70888380751718
2024-09-23 03:00:00,29.4,1006.5,87.98536152503398
2024-09-23 06:00:00,33.8,1006.1,61.62000418347626
2024-09-23 09:00:00,36.4,1003.5,52.72669227146169
2024-09-23 12:00:00,35.4,1002.4,57.05144460973204
2024-09-23 15:00:00,31.6,1003.3,73.57131384659597
2024-09-23 18:00:00,30.0,1003.5,82.53623329490637
2024-09-23 21:00:00,29.4,1003.0,84.9360766224706
2024-09-24 00:00:00,28.4,1003.8,92.14424033203443
2024-09-24 03:00:00,30.2,1005.2,85.01762004491522
2024-09-24 09:00:00,37.2,1001.9,52.30029347909756
2024-09-24 12:00:00,35.0,1000.4,60.081903913300884
2024-09-24 15:00:00,32.2,1002.2,76.30955739524246
2024-09-24 18:00:00,30.8,1002.7,84.09121922543238
2024-09-24 21:00:00,29.4,1002.3,89.54556000162309
2024-09-25 00:00:00,28.8,1003.2,90.55942797559786
2024-09-25 03:00:00,30.8,1004.8,84.09121922543238
2024-09-25 06:00:00,35.0,1004.6,60.081903913300884
2024-09-25 09:00:00,37.0,1002.0,53.18854985835784
2024-09-25 12:00:00,32.4,1001.6,65.48228630790443
2024-09-25 15:00:00,29.8,1003.8,78.23460259362332
2024-09-25 18:00:00,28.2,1004.3,81.83433063230953
2024-09-25 21:00:00,27.0,1003.7,87.7836884707405
2024-09-26 00:00:00,27.2,1004.3,92.07698925377626
2024-09-26 03:00:00,29.0,1005.9,84.89506306062921
2024-09-26 06:00:00,32.4,1004.6,69.07688914571028
2024-09-26 09:00:00,34.6,1002.1,61.06806519838046
2024-09-26 12:00:00,33.4,1000.6,62.269883795368706
2024-09-26 15:00:00,30.4,1003.4,75.58532357148971
2024-09-26 18:00:00,29.4,1003.8,80.53536024141098
2024-09-26 21:00:00,28.6,1002.9,83.35683314726084
2024-09-27 00:00:00,28.0,1003.5,81.80996009312997
2024-09-27 03:00:00,28.8,1004.6,76.24353220041739
2024-09-27 06:00:00,33.0,1004.6,57.5169590004615
2024-09-27 09:00:00,33.6,1002.7,58.00441896805416
2024-09-27 12:00:00,32.4,1001.9,61.68118591242464
2024-09-27 15:00:00,30.4,1004.0,71.64060697493404
2024-09-27 18:00:00,27.0,1005.0,78.30518483755301
2024-09-27 21:00:00,26.0,1004.9,84.07244076824206
2024-09-28 00:00:00,25.6,1004.2,85.05359376201457
2024-09-28 03:00:00,26.8,1006.0,82.65347894376836
2024-09-28 06:00:00,31.0,1006.7,65.58856385714532
2024-09-28 09:00:00,32.2,1005.3,61.63719881412483
2024-09-28 12:00:00,32.2,1003.3,65.05199403084112
2024-09-28 15:00:00,28.2,1007.1,78.94802076163292
2024-09-28 18:00:00,27.6,1008.5,82.7470419948832
2024-09-28 21:00:00,27.0,1008.1,84.18092213796281
2024-09-29 03:00:00,26.8,1009.6,85.68910507577876
2024-09-29 06:00:00,32.4,1008.9,62.800694130044874
2024-09-29 09:00:00,33.4,1006.7,61.166394066179166
2024-09-29 12:00:00,32.0,1006.2,66.1862478230639
2024-09-29 15:00:00,29.4,1008.2,80.53536024141098
2024-09-29 18:00:00,28.6,1008.4,84.8538871735531
2024-09-29 21:00:00,28.0,1007.4,85.80667728802291
2024-09-30 00:00:00,26.2,1007.7,92.0202947964304
2024-09-30 03:00:00,28.2,1009.1,84.81254813644145
2024-09-30 06:00:00,32.4,1008.5,62.800694130044874
2024-09-30 09:00:00,34.0,1005.9,55.04309180081118
2024-09-30 12:00:00,32.2,1004.8,63.89578539017188
2024-09-30 15:00:00,29.8,1006.1,78.23460259362332
2024-09-30 18:00:00,28.2,1005.6,86.33689076158295
2024-09-30 21:00:00,27.2,1004.6,90.45250000428203
2024-10-01 00:00:00,26.4,1004.5,93.69075623120435
2024-10-01 03:00:00,28.2,1006.0,84.81254813644145
2024-10-01 06:00:00,33.0,1005.8,57.5169590004615
2024-10-01 09:00:00,34.8,1003.0,50.4681130797898
2024-10-01 12:00:00,33.6,1002.3,56.9688756885708
2024-10-01 15:00:00,29.6,1003.6,78.20620296447258
2024-10-01 18:00:00,28.4,1004.1,86.35566419509173
2024-10-01 21:00:00,27.4,1004.1,90.46596324112937
2024-10-02 00:00:00,26.6,1004.3,92.04304428506519
2024-10-02 03:00:00,28.8,1005.8,73.54252536250394
2024-10-02 06:00:00,34.6,1004.4,51.341412942219854
2024-10-02 09:00:00,36.4,1001.9,41.15093514291351
2024-10-02 12:00:00,34.4,1001.3,47.971851880140846
2024-10-02 15:00:00,29.8,1003.2,75.49139258129554
2024-10-02 18:00:00,28.0,1003.5,84.79181717750924
2024-10-02 21:00:00,27.6,1002.4,85.767643247121
2024-10-03 00:00:00,27.0,1002.9,69.73535987777385
2024-10-03 03:00:00,29.0,1005.0,61.67879224265577
2024-10-03 06:00:00,33.2,1004.7,49.14728523903349
2024-10-03 09:00:00,36.0,1001.8,42.58451355254139
2024-10-03 12:00:00,34.8,1000.7,46.34728534896258
2024-10-03 15:00:00,28.4,1002.8,77.56787120852722
2024-10-03 18:00:00,26.8,1003.3,82.65347894376836
2024-10-03 21:00:00,26.0,1003.0,88.7589455109383
2024-10-04 00:00:00,25.4,1003.6,90.33006125111788
2024-10-04 03:00:00,28.6,1005.6,63.906136265197986
2024-10-04 06:00:00,33.2,1005.5,54.188212715085356
2024-10-04 09:00:00,35.4,1003.2,53.11218922804798
2024-10-04 12:00:00,34.0,1002.5,56.04514311511978
2024-10-04 15:00:00,29.2,1004.4,79.08600581526997
2024-10-04 18:00:00,27.2,1005.2,85.72845277885752
2024-10-04 21:00:00,26.4,1004.6,88.79047072518293
2024-10-05 00:00:00,26.4,1005.7,81.1206589392812
2024-10-05 03:00:00,28.4,1007.9,69.15080360685214
2024-10-05 06:00:00,33.0,1007.5,57.5169590004615
2024-10-05 09:00:00,35.6,1005.1,47.991428750902024
2024-10-05 12:00:00,33.8,1004.7,49.60427705148923
2024-10-05 15:00:00,28.6,1006.9,84.8538871735531
2024-10-05 18:00:00,27.2,1008.5,85.72845277885752
2024-10-05 21:00:00,26.2,1007.6,88.7747243479242
2024-10-06 00:00:00,25.6,1009.8,90.34377933678581
2024-10-06 03:00:00,26.8,1011.3,72.3130352999761
2024-10-06 06:00:00,33.8,1011.1,47.52299059016502
2024-10-06 09:00:00,35.4,1008.3,37.47220231720378
2024-10-06 12:00:00,32.8,1008.6,51.828908082248226
2024-10-06 15:00:00,28.6,1010.5,73.50891633549199
2024-10-06 18:00:00,26.2,1011.3,84.09422307879059
2024-10-06 21:00:00,25.8,1012.0,85.59004257177266
2024-10-07 00:00:00,23.8,1012.7,89.67100396425253
2024-10-07 03:00:00,26.4,1014.2,82.60642273476351
2024-10-07 06:00:00,33.0,1013.1,46.73192939565313
2024-10-07 09:00:00,35.0,1010.4,36.89697020749243
2024-10-07 12:00:00,32.8,1010.0,49.65105863118352
2024-10-07 15:00:00,27.0,1011.9,75.50441651181359
2024-10-07 18:00:00,25.4,1012.5,81.48881738368704
2024-10-07 21:00:00,24.2,1012.0,88.07733960854361
2024-10-08 00:00:00,23.6,1012.0,91.3121686462366
2024-10-08 03:00:00,26.6,1014.0,82.62997382431229
2024-10-08 06:00:00,33.2,1013.2,46.78467883483004
2024-10-08 09:00:00,35.0,1010.1,39.7719574485718
2024-10-08 12:00:00,32.0,1009.3,50.05946898334762
2024-10-08 15:00:00,26.8,1011.0,75.01402814660541
2024-10-08 18:00:00,25.8,1010.9,76.24292581518071
2024-10-08 21:00:00,24.2,1009.9,86.48011646915207
2024-10-09 00:00:00,23.2,1010.2,87.992888940916
2024-10-09 03:00:00,26.2,1011.7,77.71524355462877
2024-10-09 06:00:00,32.2,1011.0,50.11093393474899
2024-10-09 09:00:00,34.4,1008.1,40.10679628839683
2024-10-09 12:00:00,32.0,1007.2,50.05946898334762
2024-10-09 15:00:00,26.8,1009.2,75.01402814660541
2024-10-09 18:00:00,26.4,1009.6,72.24270469942108
2024-10-09 21:00:00,25.0,1008.6,78.98125580461064
2024-10-10 00:00:00,23.6,1009.3,86.42328080854222
2024-10-10 03:00:00,25.6,1010.7,76.21186522133068
2024-10-10 06:00:00,31.2,1010.3,45.96527087361078
2024-10-10 09:00:00,34.2,1007.2,33.34235827532834
2024-10-10 12:00:00,32.2,1007.0,40.77742717120105
2024-10-10 15:00:00,25.6,1009.2,68.61205443506742
2024-10-10 18:00:00,23.0,1010.0,81.18509420602786
2024-10-10 21:00:00,22.4,1008.8,82.63851822798792
2024-10-11 00:00:00,21.0,1009.5,87.25731534029728
2024-10-11 03:00:00,24.4,1010.8,72.33699619216402
2024-10-11 06:00:00,31.4,1010.6,45.16055512731829
2024-10-11 09:00:00,32.6,1007.4,36.2384025408733
2024-10-11 12:00:00,31.0,1007.2,47.971595124977725
2024-10-11 15:00:00,25.0,1009.0,75.65014160748107
2024-10-11 18:00:00,22.4,1009.5,80.60344588733471
2024-10-11 21:00:00,21.6,1009.1,85.69563499959355
2024-10-12 00:00:00,20.4,1009.4,92.25283612662764
2024-10-12 03:00:00,24.2,1010.9,82.34429379711314
2024-10-12 06:00:00,32.2,1010.8,45.944408730541696
2024-10-12 09:00:00,33.8,1008.8,35.65136664731109
2024-10-12 12:00:00,30.8,1008.5,47.61966467250174
2024-10-12 15:00:00,24.6,1010.2,69.2788037175175
2024-10-12 18:00:00,23.0,1010.4,79.19032580005634
2024-10-12 21:00:00,22.0,1010.4,84.15029745167602
2024-10-13 00:00:00,20.8,1011.0,90.5690644355442
2024-10-13 03:00:00,23.4,1012.6,76.34132933055753
2024-10-13 06:00:00,32.4,1011.6,39.81200409457464
2024-10-13 09:00:00,34.6,1008.9,28.48008344433835
2024-10-13 12:00:00,31.0,1008.6,38.18234194260357
2024-10-13 15:00:00,25.0,1010.3,68.06816085251297
2024-10-13 18:00:00,23.0,1011.4,77.72260499738547
2024-10-13 21:00:00,21.8,1011.1,85.18365480409864
2024-10-14 00:00:00,20.2,1011.2,94.57041014289584
2024-10-14 03:00:00,23.6,1013.9,74.95700457694504
2024-10-14 06:00:00,31.4,1012.5,46.01865075668593
2024-10-14 09:00:00,33.8,1009.4,28.265399607297308
2024-10-14 12:00:00,30.8,1008.6,39.120089148586175
2024-10-14 15:00:00,24.0,1010.7,62.905264442630205
2024-10-14 18:00:00,21.8,1011.8,77.05626826357745
2024-10-14 21:00:00,20.6,1011.1,83.46760845652952
2024-10-15 00:00:00,19.4,1010.9,82.8002759006202
2024-10-15 03:00:00,23.4,1012.6,63.985292032244004
2024-10-15 06:00:00,31.2,1011.2,38.483747525733364
2024-10-15 09:00:00,33.4,1008.5,35.090602754265774
2024-10-15 12:00:00,31.4,1008.1,46.01865075668593
2024-10-15 15:00:00,24.4,1009.8,72.33699619216402
2024-10-15 18:00:00,21.8,1009.9,92.90250604151835
2024-10-15 21:00:00,20.4,1009.2,94.57843733317726
2024-10-16 00:00:00,19.6,1009.2,93.95667425471608
2024-10-16 03:00:00,22.4,1010.6,77.6333068665811
2024-10-16 06:00:00,31.8,1010.0,41.18686392545643
2024-10-16 09:00:00,35.0,1007.1,35.980066757968615
2024-10-16 12:00:00,31.0,1007.4,57.04447541902918
2024-10-16 15:00:00,25.6,1009.2,76.21186522133068
2024-10-16 18:00:00,24.0,1010.2,84.88741479671322
2024-10-16 21:00:00,22.2,1009.6,89.00113039766441
2024-10-17 00:00:00,21.2,1009.3,92.87134485887553
2024-10-17 03:00:00,22.8,1010.8,91.2620162268376
2024-10-17 06:00:00,33.6,1010.2,39.1433574339644
2024-10-17 09:00:00,35.0,1007.7,36.89697020749243
2024-10-17 12:00:00,31.6,1007.6,55.46769384647515
2024-10-17 15:00:00,25.0,1009.5,78.98125580461064
2024-10-17 18:00:00,22.6,1009.8,85.795575729377
2024-10-17 21:00:00,21.2,1009.8,90.59629238174392
2024-10-18 00:00:00,20.6,1009.9,94.58644690960507
2024-10-18 03:00:00,22.0,1011.6,91.21143560546284
2024-10-18 06:00:00,33.6,1010.4,40.140099313942
2024-10-18 09:00:00,35.6,1007.2,35.025931208261305
2024-10-18 12:00:00,32.8,1007.2,50.885501441878056
2024-10-18 15:00:00,24.8,1009.1,77.03212588839541
2024-10-18 18:00:00,23.0,1009.8,84.25990949023968
2024-10-18 21:00:00,21.8,1009.8,88.96967283294491
2024-10-19 00:00:00,20.8,1010.4,92.27543367040356
2024-10-19 03:00:00,23.4,1012.4,89.64153331568741
2024-10-19 06:00:00,34.2,1010.2,40.80989937663448
2024-10-19 09:00:00,36.0,1007.5,33.620700844029585
2024-10-19 12:00:00,32.2,1007.1,53.6134760314917
2024-10-19 15:00:00,25.6,1008.9,77.6269764291538
2024-10-19 18:00:00,23.2,1010.2,84.2817000187918
2024-10-19 21:00:00,22.2,1010.0,89.00113039766441
2024-10-20 00:00:00,21.2,1010.9,90.59629238174392
2024-10-20 03:00:00,23.0,1012.8,91.27459428964966
2024-10-20 06:00:00,33.0,1012.1,51.249027256420135
2024-10-20 09:00:00,35.4,1009.6,47.07414899040804
2024-10-20 12:00:00,32.0,1009.2,62.71443976755974
2024-10-20 15:00:00,25.8,1010.9,82.03579612571595
2024-10-20 18:00:00,24.0,1012.1,88.06051918717874
2024-10-20 21:00:00,22.8,1011.8,91.2620162268376
2024-10-21 00:00:00,21.2,1011.8,94.61037046447788
2024-10-21 03:00:00,24.2,1014.1,86.48011646915207
2024-10-21 06:00:00,31.2,1012.0,59.58083797061803
2024-10-21 09:00:00,34.2,1009.2,48.80620230029397
2024-10-21 12:00:00,31.2,1009.0,59.58083797061803
2024-10-21 15:00:00,25.6,1011.4,79.0650667975322
2024-10-21 18:00:00,23.4,1012.5,88.00984897364455
2024-10-21 21:00:00,22.2,1012.2,91.22412116599256
2024-10-22 00:00:00,21.2,1013.0,92.87134485887553
2024-10-22 03:00:00,23.4,1015.2,92.98462350012163
2024-10-22 06:00:00,30.6,1014.0,60.541168204253225
2024-10-22 09:00:00,33.2,1010.8,49.14728523903349
2024-10-22 12:00:00,30.8,1010.5,59.48920941788979
2024-10-22 15:00:00,24.2,1012.1,79.84839136491931
2024-10-22 18:00:00,23.0,1012.4,85.83526762261728
2024-10-22 21:00:00,21.8,1012.4,91.76358006209556
2024-10-23 00:00:00,21.2,1013.0,92.87134485887553
2024-10-23 03:00:00,24.0,1014.6,83.33878752130364
2024-10-23 06:00:00,30.8,1013.2,55.61416368568698
2024-10-23 09:00:00,32.6,1010.1,45.19917194672379
2024-10-23 12:00:00,30.0,1009.3,55.07749010874436
2024-10-23 15:00:00,26.4,1011.2,69.19353375788072
2024-10-23 18:00:00,23.4,1011.6,79.73963499838084
2024-10-23 21:00:00,22.4,1011.0,79.10614032603415
2024-10-24 00:00:00,21.8,1011.4,82.05179279343892
2024-10-24 03:00:00,23.8,1013.2,70.44100737751522
2024-10-24 06:00:00,31.0,1011.9,47.971595124977725
2024-10-24 09:00:00,33.8,1008.5,43.31911377858115
2024-10-24 12:00:00,30.6,1008.3,52.234713311802714
2024-10-24 15:00:00,24.4,1010.1,78.41167733084453
2024-10-24 18:00:00,22.8,1010.6,82.68619873809317
2024-10-24 21:00:00,21.2,1009.8,87.27539067331128
2024-10-25 00:00:00,20.0,1010.6,90.51425911024681
2024-10-25 03:00:00,23.0,1012.4,76.27881450654198
2024-10-25 06:00:00,30.4,1010.7,49.6455182941857
2024-10-25 09:00:00,33.2,1007.7,36.869899474284715
2024-10-25 12:00:00,30.2,1007.6,52.78587755627143
2024-10-25 15:00:00,23.4,1009.9,74.9242703691049
2024-10-25 18:00:00,21.0,1009.9,83.51354068299872
2024-10-25 21:00:00,20.2,1010.2,90.52800432378555
2024-10-26 00:00:00,19.4,1010.7,90.4728467946595
2024-10-26 03:00:00,22.6,1011.8,68.02047939216396
2024-10-26 06:00:00,30.0,1010.6,51.436792688979914
2024-10-26 09:00:00,32.8,1007.7,42.24804823188427
2024-10-26 12:00:00,30.4,1007.4,59.034988113686474
2024-10-26 15:00:00,24.0,1009.8,80.81274141806051
2024-10-26 18:00:00,22.2,1010.1,85.75572174928098
2024-10-27 00:00:00,20.6,1009.8,92.26414709561166
2024-10-27 03:00:00,23.4,1011.7,92.98462350012163
2024-10-27 06:00:00,31.4,1010.7,57.48913124065053
2024-10-27 09:00:00,33.2,1007.1,54.188212715085356
2024-10-27 12:00:00,30.8,1007.0,65.54760808729463
2024-10-27 15:00:00,25.4,1008.4,83.49784757524912
2024-10-27 18:00:00,23.4,1008.5,89.64153331568741
2024-10-27 21:00:00,22.6,1007.5,91.24941140171894
2024-10-28 00:00:00,21.0,1007.9,94.60241342456621
2024-10-28 03:00:00,23.8,1010.1,88.04366400310334
2024-10-28 06:00:00,31.4,1009.1,57.48913124065053
2024-10-28 09:00:00,33.6,1006.4,52.66619140083634
2024-10-28 12:00:00,30.4,1006.2,63.899688803812836
2024-10-28 15:00:00,25.4,1008.2,80.5002818626729
2024-10-28 18:00:00,23.2,1008.5,87.992888940916
2024-10-28 21:00:00,22.0,1007.9,92.91284830656912
2024-10-29 00:00:00,21.2,1008.6,94.61037046447788
2024-10-29 03:00:00,23.8,1010.4,84.86645400274385
2024-10-29 06:00:00,33.0,1009.6,55.468825283877344
2024-10-29 09:00:00,35.0,1006.8,50.518869936452916
2024-10-29 12:00:00,33.6,1006.3,59.056399786976336
2024-10-29 15:00:00,25.8,1008.2,84.05061522100549
2024-10-29 18:00:00,24.0,1008.4,89.68569309935684
2024-10-29 21:00:00,22.6,1007.5,92.9437416009186
2024-10-30 00:00:00,22.0,1008.0,94.64202501465911
2024-10-30 03:00:00,24.0,1010.1,83.33878752130364
2024-10-30 06:00:00,32.8,1009.5,50.885501441878056
2024-10-30 09:00:00,35.4,1007.3,47.93961366717973
2024-10-30 12:00:00,33.0,1007.6,61.07786865205016
2024-10-30 15:00:00,25.4,1010.1,83.49784757524912
2024-10-30 18:00:00,23.8,1011.0,86.44226467052783
2024-10-30 21:00:00,23.2,1010.4,87.992888940916
2024-10-31 00:00:00,21.6,1010.7,94.62623236125361
2024-10-31 03:00:00,25.0,1012.8,75.65014160748107
2024-10-31 06:00:00,31.2,1011.9,57.44189089337356
2024-10-31 09:00:00,33.0,1009.3,50.00855048668853
2024-10-31 12:00:00,31.4,1008.9,58.549296934220294
2024-10-31 15:00:00,23.4,1010.6,79.73963499838084
2024-10-31 18:00:00,22.0,1011.0,75.64284085753373
2024-10-31 21:00:00,21.4,1010.3,80.47097062716614
2024-11-01 00:00:00,19.2,1010.6,81.20671827179753
2024-11-01 03:00:00,21.4,1012.9,69.98744152646606
2024-11-01 06:00:00,30.0,1011.8,53.7282668311392
2024-11-01 09:00:00,33.2,1010.2,47.95322476996969
2024-11-01 12:00:00,30.4,1010.4,59.034988113686474
2024-11-01 15:00:00,21.6,1013.0,84.10614279932157
2024-11-01 18:00:00,20.4,1013.2,85.03747927565317
2024-11-01 21:00:00,19.4,1012.1,90.4728467946595
2024-11-02 00:00:00,17.8,1012.4,92.10354182385356
2024-11-02 03:00:00,19.0,1014.3,88.18554132284771
2024-11-02 06:00:00,31.0,1013.5,47.971595124977725
2024-11-02 09:00:00,33.0,1011.1,43.645157807317524
2024-11-02 12:00:00,29.0,1011.3,61.67879224265577
2024-11-02 15:00:00,22.6,1013.2,82.66238212842283
2024-11-02 18:00:00,20.8,1014.2,81.92785507473593
2024-11-02 21:00:00,18.8,1013.7,82.7281885997089
2024-11-03 00:00:00,17.2,1013.9,87.46731472993724
2024-11-03 03:00:00,18.6,1015.6,93.91174237662614
2024-11-03 06:00:00,30.4,1014.7,42.940755780776726
2024-11-03 09:00:00,32.0,1012.5,48.83593138119181
2024-11-03 12:00:00,30.2,1011.9,63.85719380100154
2024-11-03 15:00:00,21.6,1014.0,86.2312924524305
2024-11-03 18:00:00,19.6,1014.0,84.95300821206541
2024-11-03 21:00:00,18.8,1012.8,86.50435411788642
2024-11-04 00:00:00,17.4,1012.4,89.75693674926578
2024-11-04 03:00:00,18.8,1014.1,82.7281885997089
2024-11-04 06:00:00,28.0,1013.0,47.17515349018581
2024-11-04 09:00:00,31.6,1010.3,49.64767639109842
2024-11-04 12:00:00,30.0,1009.7,60.03674120681294
2024-11-04 15:00:00,22.6,1009.7,82.66238212842283
2024-11-04 18:00:00,20.0,1013.7,90.51425911024681
2024-11-04 21:00:00,18.8,1013.5,92.16146182468223
2024-11-05 00:00:00,18.2,1013.9,95.69017503757527
2024-11-05 03:00:00,19.6,1016.0,93.95667425471608
2024-11-05 06:00:00,29.4,1015.8,54.5893740362844
2024-11-05 09:00:00,31.6,1012.6,51.84401660919995
2024-11-05 12:00:00,28.6,1012.7,66.70492848245004
2024-11-05 15:00:00,21.6,1015.1,85.69563499959355
2024-11-05 18:00:00,20.2,1015.3,88.84251349796529
2024-11-05 21:00:00,18.8,1014.7,93.92076830587527
2024-11-06 00:00:00,18.0,1014.9,95.68370440905488
2024-11-06 03:00:00,19.0,1016.9,98.14378532063967
2024-11-06 06:00:00,30.0,1015.5,56.10882184768884
2024-11-06 09:00:00,31.8,1012.6,54.17441650106471
2024-11-06 12:00:00,28.4,1012.5,69.15080360685214
2024-11-06 15:00:00,22.8,1014.3,84.23807515262574
2024-11-06 18:00:00,20.8,1014.3,90.5690644355442
2024-11-06 21:00:00,19.6,1013.5,93.95667425471608
2024-11-07 00:00:00,18.8,1013.9,93.92076830587527
2024-11-07 03:00:00,20.0,1015.8,93.97450936662143
2024-11-07 06:00:00,29.0,1014.5,60.550183383368285
2024-11-07 09:00:00,31.4,1011.7,58.549296934220294
2024-11-07 12:00:00,27.6,1012.0,74.23649168800932
2024-11-07 15:00:00,22.8,1013.9,87.95886336881536
2024-11-07 18:00:00,21.0,1014.3,92.86091278956886
2024-11-07 21:00:00,19.8,1013.3,92.21875616096395
2024-11-08 00:00:00,19.0,1013.4,96.31788420104945
2024-11-08 03:00:00,20.0,1015.7,96.3453419192486
2024-11-08 06:00:00,28.6,1014.5,65.09275319702243
2024-11-08 09:00:00,31.0,1011.6,59.53505705723449
2024-11-08 12:00:00,28.0,1011.4,74.30236303611937
2024-11-08 15:00:00,23.0,1013.3,92.96422650821278
2024-11-08 18:00:00,21.0,1013.7,92.86091278956886
2024-11-08 21:00:00,20.0,1013.4,93.97450936662143
2024-11-09 00:00:00,19.0,1013.6,98.14378532063967
2024-11-09 03:00:00,20.0,1015.7,98.15774943608241
2024-11-09 06:00:00,29.0,1014.5,64.38421540041374
2024-11-09 09:00:00,31.6,1011.5,57.536305303603164
2024-11-09 12:00:00,27.8,1011.4,74.26945688504365
2024-11-09 15:00:00,23.4,1013.3,86.40425816902815
2024-11-09 18:00:00,21.8,1013.7,91.19872298278054
2024-11-09 21:00:00,20.4,1013.3,94.57843733317726
2024-11-10 00:00:00,19.4,1013.6,96.32890406093485
2024-11-10 03:00:00,21.0,1015.3,90.58269290087725
2024-11-10 06:00:00,27.4,1014.6,62.864093985522686
2024-11-10 09:00:00,30.6,1011.8,60.541168204253225
2024-11-10 12:00:00,28.0,1011.6,74.30236303611937
2024-11-10 15:00:00,22.6,1014.0,87.40087535726879
2024-11-10 18:00:00,20.8,1014.5,92.27543367040356
2024-11-10 21:00:00,19.6,1013.6,93.95667425471608
2024-11-11 00:00:00,18.2,1013.7,95.69017503757527
2024-11-11 03:00:00,19.4,1015.6,96.32890406093485
2024-11-11 06:00:00,28.2,1014.4,66.21721115814579
2024-11-11 09:00:00,31.4,1011.4,56.445824525394414
2024-11-11 12:00:00,28.2,1011.1,71.68232431462354
2024-11-11 15:00:00,22.6,1012.8,89.58222014288508
2024-11-11 18:00:00,20.8,1013.5,92.27543367040356
2024-11-11 21:00:00,19.6,1013.3,93.95667425471608
2024-11-12 00:00:00,18.8,1013.5,95.70950052417025
2024-11-12 03:00:00,20.0,1015.0,96.3453419192486
2024-11-12 06:00:00,30.2,1013.7,56.504455252841076
2024-11-12 09:00:00,32.4,1011.3,45.9976071691649
2024-11-12 12:00:00,28.4,1010.8,63.863368876015656
2024-11-12 15:00:00,20.6,1013.3,78.35177748724496
2024-11-12 18:00:00,19.4,1013.2,79.18307531300236
2024-11-12 21:00:00,18.2,1012.2,95.69017503757527
2024-11-13 00:00:00,19.2,1011.9,100.0
2024-11-13 03:00:00,20.4,1014.6,92.25283612662764
2024-11-13 06:00:00,23.0,1014.2,82.70996817603475
2024-11-13 09:00:00,27.0,1011.1,68.03983194402242
2024-11-13 12:00:00,24.8,1011.0,78.46904480661803
2024-11-13 15:00:00,19.6,1013.0,92.2073469204417
2024-11-13 18:00:00,18.0,1014.1,95.68370440905488
2024-11-13 21:00:00,17.2,1013.9,98.1182479636799
2024-11-14 00:00:00,16.8,1014.4,100.0
2024-11-14 03:00:00,18.6,1016.5,98.13815532728205
2024-11-14 06:00:00,25.0,1016.4,72.89363172362464
2024-11-14 09:00:00,28.4,1013.5,62.30944777937724
2024-11-14 12:00:00,25.0,1013.3,77.06236252506079
2024-11-14 15:00:00,19.8,1014.9,90.50048450568904
2024-11-14 18:00:00,18.0,1015.1,98.12966234385276
2024-11-14 21:00:00,16.6,1014.7,98.10961869030947
2024-11-15 00:00:00,16.2,1014.5,100.0
2024-11-15 03:00:00,18.0,1016.2,98.12966234385276
2024-11-15 06:00:00,27.4,1014.7,64.44152051921621
2024-11-15 09:00:00,30.0,1012.1,56.10882184768884
2024-11-15 12:00:00,25.8,1011.6,70.37492245088673
2024-11-15 15:00:00,19.8,1013.1,86.60007203334754
2024-11-15 18:00:00,17.6,1013.4,92.09188195528188
2024-11-15 21:00:00,17.0,1013.0,91.46937623164787
2024-11-16 00:00:00,16.2,1012.8,95.62481239193981
2024-11-16 03:00:00,17.2,1014.2,93.84800065349559
2024-11-16 06:00:00,27.0,1013.7,58.6053007570548
2024-11-16 09:00:00,29.0,1011.4,57.98691806209805
2024-11-16 12:00:00,26.2,1010.7,79.14840201964623
2024-11-16 15:00:00,19.8,1013.0,92.21875616096395
2024-11-16 18:00:00,17.8,1013.4,92.10354182385356
2024-11-16 21:00:00,17.2,1013.1,95.65767675758462
2024-11-17 00:00:00,17.0,1013.1,93.83881396078476
2024-11-17 03:00:00,18.0,1014.6,93.88454500736407
2024-11-17 06:00:00,25.8,1014.5,70.37492245088673
2024-11-17 09:00:00,26.8,1012.2,69.26993747765529
2024-11-17 12:00:00,21.6,1012.6,85.69563499959355
2024-11-17 15:00:00,18.2,1014.7,93.89363078527036
2024-11-17 18:00:00,17.2,1015.1,95.65767675758462
2024-11-22 00:00:00,11.8,1014.5,98.68846763395048
2024-11-22 03:00:00,12.4,1016.6,97.40420118369903
2024-11-22 06:00:00,23.2,1016.2,50.64904514681668
2024-11-22 09:00:00,26.6,1013.0,42.170342316629736
2024-11-22 12:00:00,22.2,1013.0,71.03674414558692
2024-11-22 15:00:00,16.4,1014.5,87.39470655250722
2024-11-22 18:00:00,14.2,1014.6,95.55796340708035
2024-11-22 21:00:00,13.0,1014.4,95.51712191302202
2024-11-23 00:00:00,12.0,1014.9,100.0
2024-11-23 03:00:00,13.0,1017.2,97.4162038469898
2024-11-23 06:00:00,25.2,1016.4,50.19046683038073
2024-11-23 09:00:00,28.2,1013.8,35.71785165766372
2024-11-23 12:00:00,23.4,1014.0,65.63502207200914
2024-11-23 15:00:00,17.2,1015.7,85.79475151324434
2024-11-23 18:00:00,15.0,1015.8,93.13975305412771
2024-11-23 21:00:00,14.0,1014.8,95.55119504098639
2024-11-24 00:00:00,12.8,1014.9,97.41221218415632
2024-11-24 03:00:00,16.0,1016.9,75.14604114019876
2024-11-24 06:00:00,24.8,1015.9,44.22658327114008
2024-11-24 09:00:00,28.2,1013.3,33.42579349539827
2024-11-24 12:00:00,24.2,1013.1,58.685550665822504
2024-11-24 15:00:00,17.4,1014.5,82.0261957179648
2024-11-24 18:00:00,15.4,1014.8,85.05255730831114
2024-11-24 21:00:00,15.0,1014.8,88.99298972017739
2024-11-25 00:00:00,14.8,1015.2,88.97682886337391
2024-11-25 03:00:00,16.4,1017.2,85.15908612701891
2024-11-25 06:00:00,23.4,1016.2,62.372120309898094
2024-11-25 09:00:00,25.6,1013.3,50.621499453276996
2024-11-25 12:00:00,22.8,1012.4,68.0603877774896
2024-11-25 15:00:00,17.4,1014.6,85.81502859929192
2024-11-25 18:00:00,15.4,1015.3,91.36785638670548
2024-11-25 21:00:00,14.8,1015.1,91.32932651758927
2024-11-26 00:00:00,12.8,1015.6,95.51026070272563
2024-11-26 03:00:00,15.4,1017.5,80.70423393504583
2024-11-26 06:00:00,24.0,1016.6,50.200126046479014
2024-11-26 09:00:00,26.4,1013.2,40.21963869468573
2024-11-26 12:00:00,22.2,1012.7,62.907831584132786
2024-11-26 15:00:00,16.4,1014.5,83.51555428322855
2024-11-26 18:00:00,14.0,1015.0,90.68098930379763
2024-11-27 00:00:00,11.6,1014.6,94.8364464943844
2024-11-27 03:00:00,12.6,1016.6,93.01469484053409
2024-11-27 06:00:00,23.6,1015.7,48.157812114060874
2024-11-27 09:00:00,26.6,1012.7,35.743295774420865
2024-11-27 12:00:00,22.0,1012.9,59.6905556570869
2024-11-27 15:00:00,15.6,1015.3,89.04126423426794
2024-11-27 18:00:00,13.0,1016.0,90.61138473351019
2024-11-27 21:00:00,12.0,1015.7,92.98290295662396
2024-11-28 00:00:00,10.8,1016.3,97.37178400429313
2024-11-28 03:00:00,11.6,1017.9,97.3880676886059
2024-11-28 06:00:00,23.8,1017.7,43.080702285783076
2024-11-28 09:00:00,26.2,1014.6,35.155897307086114
2024-11-28 12:00:00,21.8,1014.8,53.36110751708807
2024-11-28 15:00:00,14.4,1016.8,82.18598332829268
2024-11-28 18:00:00,12.4,1017.5,90.56925386231363
2024-11-28 21:00:00,11.0,1017.3,94.81263378127055
2024-11-29 00:00:00,10.0,1017.7,100.0
2024-11-29 03:00:00,11.0,1019.8,98.68024589929001
2024-11-29 06:00:00,23.4,1018.2,49.38778468739456
2024-11-29 09:00:00,25.4,1015.1,43.812601828348534
2024-11-29 12:00:00,22.0,1014.9,64.09062804138038
2024-11-29 15:00:00,15.0,1016.9,88.99298972017739
2024-11-29 18:00:00,13.0,1016.9,93.03577109694395
2024-11-29 21:00:00,11.6,1016.1,94.8364464943844
2024-11-30 00:00:00,10.4,1016.4,100.0
2024-11-30 03:00:00,11.6,1017.9,97.3880676886059
2024-11-30 06:00:00,23.2,1016.5,50.64904514681668
2024-11-30 09:00:00,26.0,1012.7,32.36697584826837
2024-11-30 12:00:00,21.6,1012.1,62.36850267963901
2024-11-30 15:00:00,16.0,1014.1,85.11660736746623
2024-11-30 18:00:00,14.4,1014.3,90.70861843145448
2024-11-30 21:00:00,13.6,1013.7,93.06720936893215
2024-12-02 00:00:00,11.4,1012.8,100.0
2024-12-02 03:00:00,15.0,1015.3,88.99298972017739
2024-12-02 06:00:00,23.8,1014.9,48.52969025735644
2024-12-02 09:00:00,26.2,1012.3,42.336399663448255
2024-12-02 12:00:00,23.6,1011.9,61.23159477777704
2024-12-02 15:00:00,16.0,1014.5,85.11660736746623
2024-12-02 18:00:00,13.6,1015.5,93.06720936893215
2024-12-02 21:00:00,12.0,1015.2,97.39615309459306
2024-12-03 00:00:00,11.2,1015.1,100.0
2024-12-03 03:00:00,12.8,1017.5,95.51026070272563
2024-12-03 06:00:00,24.8,1016.7,45.70651191028553
2024-12-03 09:00:00,27.6,1014.1,33.93139103169961
2024-12-03 12:00:00,23.0,1013.7,61.883962270664874
2024-12-03 15:00:00,16.6,1015.8,83.53885195933492
2024-12-03 21:00:00,13.4,1015.0,90.63931815450903
2024-12-04 00:00:00,14.2,1014.2,82.16075759049019
2024-12-04 03:00:00,16.8,1016.2,68.17990713063367
2024-12-04 06:00:00,23.4,1015.9,46.540218756159454
2024-12-04 12:00:00,23.4,1012.9,43.83834184284298
2024-12-04 15:00:00,15.0,1015.2,78.5453271453219
2024-12-04 18:00:00,13.0,1015.2,81.46129427479043
2024-12-04 21:00:00,10.4,1014.9,92.27398343475242
2024-12-05 00:00:00,9.0,1014.5,91.56542147352353
2024-12-05 03:00:00,13.6,1015.9,64.36680799727007
2024-12-05 06:00:00,22.0,1015.8,36.1439337487719
2024-12-05 09:00:00,24.6,1012.8,32.63700477210939
2024-12-05 12:00:00,21.2,1012.4,46.245073253979214
2024-12-05 15:00:00,13.6,1014.6,79.39176368530111
2024-12-05 18:00:00,11.0,1014.9,87.47625235168279
2024-12-05 21:00:00,10.0,1014.1,89.78774143747167
2024-12-06 00:00:00,9.8,1013.6,89.7723864169713
2024-12-06 03:00:00,13.6,1015.3,66.6055165676662
2024-12-06 06:00:00,22.8,1014.6,34.66600799191977
2024-12-06 09:00:00,24.2,1011.4,31.85982695798206
2024-12-06 12:00:00,20.6,1011.2,50.29198184383752
2024-12-06 15:00:00,12.8,1013.2,76.64897843457975
2024-12-06 18:00:00,10.4,1013.5,92.27398343475242
2024-12-06 21:00:00,9.2,1012.6,92.20307797440333
2024-12-07 00:00:00,8.0,1013.1,91.50086826671931
2024-12-07 03:00:00,9.0,1015.0,89.09977649380758
2024-12-07 06:00:00,22.4,1014.3,38.03899565598593
2024-12-07 09:00:00,23.8,1011.7,30.034895956707675
2024-12-07 12:00:00,19.6,1011.7,56.81233648843141
2024-12-07 15:00:00,12.2,1014.1,85.8468839050642
2024-12-07 18:00:00,10.2,1014.5,92.2622322184272
2024-12-07 21:00:00,9.0,1013.8,94.73206849821293
2024-12-08 00:00:00,8.4,1014.1,97.32201306016589
2024-12-08 03:00:00,9.0,1015.9,97.33458689848021
2024-12-08 06:00:00,21.0,1014.3,41.720987584628325
2024-12-08 09:00:00,23.0,1011.1,43.14526546709533
2024-12-08 12:00:00,19.2,1010.3,68.21654074266358
2024-12-08 15:00:00,16.4,1010.8,71.34101940854292
2024-12-08 18:00:00,15.0,1011.9,78.5453271453219
2024-12-08 21:00:00,12.0,1012.4,90.54101175416311
2024-12-09 00:00:00,9.4,1013.7,100.0
2024-12-09 03:00:00,9.6,1016.4,100.0
2024-12-09 06:00:00,18.0,1017.2,57.56144478604095
2024-12-09 09:00:00,21.0,1014.9,44.65539638256522
2024-12-09 12:00:00,18.0,1015.8,65.33413022042211
2024-12-09 15:00:00,12.4,1018.2,88.19074924278162
2024-12-09 18:00:00,10.0,1018.4,94.77258174880322
2024-12-09 21:00:00,9.2,1017.2,92.20307797440333
2024-12-10 00:00:00,9.0,1017.3,97.33458689848021
2024-12-10 03:00:00,10.0,1019.2,92.25045456238455
2024-12-10 06:00:00,19.4,1018.5,46.690880392650506
2024-12-10 09:00:00,22.2,1015.9,29.584610172156683
2024-12-10 12:00:00,18.0,1015.8,38.09382324438499
2024-12-10 15:00:00,10.2,1017.6,84.48030179168389
2024-12-10 18:00:00,7.4,1018.5,85.33902632907187
2024-12-10 21:00:00,7.0,1017.6,85.29551404879574
2024-12-11 00:00:00,5.6,1017.6,87.5760143723983
2024-12-11 03:00:00,9.4,1019.4,63.86047977840147
2024-12-11 06:00:00,19.0,1019.1,30.59967719343667
2024-12-11 09:00:00,22.0,1015.5,27.903076733084887
2024-12-11 12:00:00,19.2,1015.2,38.71001899022129
2024-12-11 15:00:00,10.2,1016.8,79.43805206370575
2024-12-11 18:00:00,7.8,1017.3,89.00086966782482
2024-12-11 21:00:00,6.0,1016.6,93.95206525663527
2024-12-12 00:00:00,4.8,1016.0,96.56642687957566
2024-12-12 03:00:00,6.8,1017.6,88.3007508819152
2024-12-12 06:00:00,20.0,1017.1,40.032851416547075
2024-12-12 09:00:00,22.0,1015.5,32.123056198797414
2024-12-12 12:00:00,18.4,1015.8,51.767520073104144
2024-12-12 15:00:00,11.0,1018.3,77.94114533050845
2024-12-12 18:00:00,10.0,1019.0,84.45766093349363
2024-12-12 21:00:00,9.8,1018.7,86.77152868364809
2024-12-13 00:00:00,9.8,1017.8,81.59252591469206
2024-12-13 03:00:00,11.0,1019.2,63.33342132311826
2024-12-13 06:00:00,18.6,1019.0,39.08025733692821
2024-12-13 09:00:00,22.2,1015.2,24.410734988938437
2024-12-13 12:00:00,19.0,1015.6,42.89481332351549
2024-12-13 15:00:00,15.0,1017.6,52.288023511577755
2024-12-13 18:00:00,12.0,1018.1,60.538472476512936
2024-12-13 21:00:00,11.0,1017.9,75.31730938613637
2024-12-14 00:00:00,9.4,1017.2,76.62346665847538
2024-12-14 03:00:00,9.6,1019.5,69.05117844513045
2024-12-14 06:00:00,19.6,1019.2,31.887536394554196
2024-12-14 09:00:00,22.4,1016.5,24.81880011255008
2024-12-14 12:00:00,19.0,1016.6,44.70378590499743
2024-12-14 15:00:00,10.8,1018.8,77.37853552234377
2024-12-14 18:00:00,8.0,1019.1,91.50086826671931
2024-12-14 21:00:00,7.2,1018.5,94.00826222089151
2024-12-15 00:00:00,6.0,1019.1,93.95206525663527
2024-12-15 03:00:00,6.6,1022.0,90.77631012430956
2024-12-15 06:00:00,19.0,1021.7,41.43707029460743
2024-12-15 09:00:00,22.2,1018.7,28.357763536982816
2024-12-15 12:00:00,19.0,1017.9,47.86881960075915
2024-12-15 15:00:00,10.2,1019.3,82.20544269481636
2024-12-15 18:00:00,7.6,1019.6,94.02682246707201
2024-12-15 21:00:00,6.2,1018.7,97.27514316832789
2024-12-16 00:00:00,5.0,1018.5,96.57187129040786
2024-12-16 03:00:00,6.2,1020.7,100.0
2024-12-16 06:00:00,19.0,1019.9,46.262403409175434
2024-12-16 09:00:00,23.6,1015.7,41.33203841364714
2024-12-16 12:00:00,18.6,1014.8,65.89566936008023
2024-12-16 15:00:00,11.2,1016.0,82.89269426508937
2024-12-16 18:00:00,9.2,1016.6,94.74020838163513
2024-12-16 21:00:00,7.4,1016.2,94.01755302261805
2024-12-17 00:00:00,7.0,1016.3,93.9989499969984
2024-12-17 03:00:00,7.0,1018.2,97.29232745823914
2024-12-17 06:00:00,20.0,1017.5,50.80951300952906
2024-12-17 09:00:00,23.2,1014.5,40.66805097913753
2024-12-17 12:00:00,17.8,1014.7,67.04201977928965
2024-12-17 15:00:00,11.6,1016.7,89.90937059711342
2024-12-17 18:00:00,9.2,1017.3,97.33875859464965
2024-12-17 21:00:00,8.0,1017.0,97.31358123769705
2024-12-18 00:00:00,8.4,1016.6,100.0
2024-12-18 03:00:00,7.8,1018.7,92.7542403082999
2024-12-18 06:00:00,17.2,1016.7,66.47401101986013
2024-12-18 15:00:00,11.2,1015.2,94.82058945159967
2024-12-18 18:00:00,9.0,1015.4,97.33458689848021
2024-12-18 21:00:00,7.8,1015.2,100.0
2024-12-19 00:00:00,6.2,1015.8,100.0
2024-12-19 03:00:00,6.4,1018.4,100.0
2024-12-19 06:00:00,18.0,1018.1,65.33413022042211
2024-12-19 09:00:00,22.4,1014.7,42.40188422169726
2024-12-19 12:00:00,19.0,1013.9,71.8231453434557
2024-12-19 15:00:00,12.0,1015.4,88.15583421968617
2024-12-19 18:00:00,10.0,1016.1,94.77258174880322
2024-12-19 21:00:00,8.8,1015.9,97.33040543095919
2024-12-20 00:00:00,8.2,1016.0,100.0
2024-12-20 03:00:00,9.8,1017.8,94.76451621940971
2024-12-20 06:00:00,20.4,1016.7,59.31046034978106
2024-12-20 09:00:00,22.4,1013.6,52.471534417535935
2024-12-20 12:00:00,18.6,1013.2,71.2836802364205
2024-12-20 15:00:00,13.0,1014.9,93.03577109694395
2024-12-20 18:00:00,10.8,1015.2,97.37178400429313
2024-12-20 21:00:00,9.8,1014.8,100.0
2024-12-21 00:00:00,8.0,1015.5,100.0
2024-12-21 03:00:00,9.0,1017.2,100.0
2024-12-21 06:00:00,19.8,1016.8,52.13818367063928
2024-12-21 09:00:00,22.8,1014.2,42.80095575365026
2024-12-21 12:00:00,19.4,1014.7,63.5175342376094
2024-12-21 15:00:00,11.6,1016.9,87.53158087183863
2024-12-21 18:00:00,9.6,1017.2,97.34707279392693
2024-12-21 21:00:00,8.0,1016.1,100.0
2024-12-22 00:00:00,8.0,1015.5,100.0
2024-12-22 03:00:00,8.6,1017.3,97.32621416169187
2024-12-22 06:00:00,20.4,1016.8,52.99818630774301
2024-12-22 09:00:00,23.2,1015.0,49.01034651636725
2024-12-22 12:00:00,19.0,1013.7,68.17624188935186
2024-12-22 15:00:00,12.0,1015.7,90.54101175416311
2024-12-22 18:00:00,10.0,1015.8,92.25045456238455
2024-12-22 21:00:00,9.2,1014.8,94.74020838163513
2024-12-23 00:00:00,9.2,1014.2,97.33875859464965
2024-12-23 03:00:00,12.2,1016.8,94.86009712729937
2024-12-23 06:00:00,15.4,1018.1,89.02520730872563
2024-12-23 09:00:00,18.0,1015.4,70.7067670476825
2024-12-23 12:00:00,16.0,1015.1,79.21120375812941
2024-12-23 15:00:00,14.2,1015.9,95.55796340708035
2024-12-23 18:00:00,12.2,1015.8,97.40018178945084
2024-12-23 21:00:00,11.6,1016.2,97.3880676886059
2024-12-24 00:00:00,10.8,1016.3,100.0
2024-12-24 03:00:00,11.6,1017.9,100.0
2024-12-24 06:00:00,18.2,1018.4,63.66965104768998
2024-12-24 09:00:00,20.4,1015.4,54.42754746004215
2024-12-24 12:00:00,17.8,1015.4,72.54612018992461
2024-12-24 15:00:00,14.6,1017.8,98.08042310801271
2024-12-24 18:00:00,12.6,1018.8,100.0
2024-12-24 21:00:00,10.8,1018.8,100.0
2024-12-25 00:00:00,9.6,1018.3,100.0
2024-12-25 03:00:00,9.8,1019.8,100.0
2024-12-25 06:00:00,18.0,1019.8,78.47368296970863
2024-12-25 09:00:00,22.0,1017.2,56.659698507038094
2024-12-25 12:00:00,19.4,1017.4,66.93435053606306
2024-12-25 15:00:00,13.2,1019.8,93.04627393366597
2024-12-25 18:00:00,11.6,1021.0,97.3880676886059
2024-12-25 21:00:00,10.6,1020.3,94.79666786957364
2024-12-26 00:00:00,9.6,1020.2,100.0
2024-12-26 03:00:00,9.2,1023.1,100.0
2024-12-26 06:00:00,20.2,1022.2,57.719517053231016
2024-12-26 09:00:00,23.0,1019.7,47.36411488416402
2024-12-26 12:00:00,19.6,1019.1,72.39905592806319
2024-12-26 15:00:00,14.0,1020.6,93.0880516101139
2024-12-26 18:00:00,13.6,1020.2,95.53761218815481
2024-12-26 21:00:00,14.2,1019.2,95.55796340708035
2024-12-27 00:00:00,13.8,1017.5,100.0
2024-12-27 03:00:00,14.0,1021.3,100.0
2024-12-27 06:00:00,14.2,1022.5,100.0
2024-12-27 09:00:00,14.0,1019.7,100.0
2024-12-27 12:00:00,14.0,1018.8,100.0
2024-12-27 15:00:00,15.0,1019.0,100.0
2024-12-27 18:00:00,14.6,1019.3,100.0
2024-12-27 21:00:00,14.8,1017.6,100.0
2024-12-28 00:00:00,13.8,1017.2,100.0
2024-12-28 03:00:00,14.0,1019.9,100.0
2024-12-28 06:00:00,15.4,1020.1,98.09218170103145
2024-12-28 09:00:00,15.4,1017.9,98.09218170103145
2024-12-28 12:00:00,15.2,1018.5,98.08925216929067
2024-12-28 15:00:00,14.8,1020.1,100.0
2024-12-28 18:00:00,13.8,1020.6,100.0
2024-12-28 21:00:00,13.4,1019.8,100.0
2024-12-29 00:00:00,13.8,1019.7,100.0
2024-12-29 03:00:00,14.2,1022.0,95.55796340708035
2024-12-29 06:00:00,17.0,1021.5,77.81661299364781
2024-12-29 09:00:00,15.2,1020.0,82.82899336921116
2024-12-29 12:00:00,13.2,1020.0,90.62536676786807
2024-12-29 15:00:00,12.0,1020.9,97.39615309459306
2024-12-29 18:00:00,12.0,1020.9,97.39615309459306
2024-12-29 21:00:00,12.0,1019.6,97.39615309459306
2024-12-30 00:00:00,12.0,1018.9,97.39615309459306
2024-12-30 03:00:00,11.0,1021.3,87.47625235168279
2024-12-30 06:00:00,12.2,1021.8,80.80930868971613
2024-12-30 09:00:00,14.4,1019.6,73.88050108878636
2024-12-30 12:00:00,13.2,1019.8,81.48752184657413
2024-12-30 15:00:00,10.8,1020.7,92.29740685931507
2024-12-30 18:00:00,10.6,1021.3,94.79666786957364
2024-12-30 21:00:00,10.8,1021.0,92.29740685931507
2024-12-31 00:00:00,10.2,1020.9,89.80306259312263
2024-12-31 03:00:00,10.4,1022.9,87.42056418811993
2024-12-31 06:00:00,13.0,1023.8,72.64156333060996
2024-12-31 09:00:00,16.8,1019.7,60.44462846023904
2024-12-31 12:00:00,15.6,1019.4,76.58482468468476
2024-12-31 15:00:00,11.6,1021.2,92.343939837859
2024-12-31 18:00:00,9.4,1021.1,97.3429205497449
2024-12-31 21:00:00,8.0,1020.2,97.31358123769705
