time,temp_c,slp_hpa,rh_pct
2023-01-01 00:00:00,7.4,1019.9,97.30085899241799
2023-01-01 03:00:00,9.8,1021.9,97.35121535724053
2023-01-01 06:00:00,17.6,1022.3,65.24765286244165
2023-01-01 09:00:00,20.6,1019.0,50.29198184383752
2023-01-01 12:00:00,18.0,1018.9,61.95539331922447
2023-01-01 15:00:00,13.8,1021.0,86.58079732128753
2023-01-01 18:00:00,12.4,1021.6,88.19074924278162
2023-01-01 21:00:00,11.2,1020.9,92.32072545539636
2023-01-02 00:00:00,9.4,1020.8,94.74832959201001
2023-01-02 03:00:00,11.6,1022.7,89.90937059711342
2023-01-02 06:00:00,15.8,1023.2,70.75526319616348
2023-01-02 09:00:00,16.4,1020.6,69.47184527396357
2023-01-02 12:00:00,15.0,1020.5,79.59164407970796
2023-01-02 15:00:00,12.2,1022.1,90.5551483537168
2023-01-02 18:00:00,10.2,1022.8,94.78062882988873
2023-01-02 21:00:00,9.2,1022.1,97.33875859464965
2023-01-03 00:00:00,11.2,1021.5,87.49473500330369
2023-01-03 03:00:00,11.2,1023.6,85.1662888878942
2023-01-03 06:00:00,13.4,1024.0,77.26246787235075
2023-01-03 09:00:00,15.6,1021.3,65.69019749813549
2023-01-03 12:00:00,14.6,1021.1,69.58143295918853
2023-01-03 15:00:00,10.0,1022.7,89.78774143747167
2023-01-03 18:00:00,7.4,1022.1,94.01755302261805
2023-01-03 21:00:00,6.6,1022.5,97.28375560129753
2023-01-04 00:00:00,7.6,1022.5,97.30510971707946
2023-01-04 03:00:00,6.6,1025.1,100.0
2023-01-04 06:00:00,10.4,1024.4,77.31539370734886
2023-01-04 09:00:00,15.6,1012.5,58.9412635883884
2023-01-04 12:00:00,13.2,1012.6,75.1774106722144
2023-01-04 15:00:00,8.4,1023.0,91.52677675681028
2023-01-04 18:00:00,6.6,1023.8,93.98026102191757
2023-01-04 21:00:00,5.4,1023.3,97.25779555131783
2023-01-05 00:00:00,7.0,1023.0,100.0
2023-01-05 03:00:00,7.0,1025.3,100.0
2023-01-05 09:00:00,15.0,1022.7,64.2415402723167
2023-01-05 12:00:00,13.8,1023.2,73.2797847870777
2023-01-05 15:00:00,9.5,1025.2,86.15150502114363
2023-01-05 18:00:00,8.2,1026.0,91.51383710352641
2023-01-06 00:00:00,5.6,1023.9,100.0
2023-01-06 03:00:00,7.6,1025.6,97.30510971707946
2023-01-06 06:00:00,11.0,1026.6,75.31730938613637
2023-01-06 09:00:00,15.5,1023.2,57.32778204228922
2023-01-06 12:00:00,13.6,1022.7,64.36680799727007
2023-01-06 15:00:00,9.0,1024.4,94.73206849821293
2023-01-06 18:00:00,6.6,1024.7,90.77631012430956
2023-01-06 21:00:00,5.4,1024.4,93.92367313970666
2023-01-07 00:00:00,6.2,1022.7,100.0
2023-01-07 03:00:00,6.2,1024.0,100.0
2023-01-07 06:00:00,11.0,1024.3,70.79045008881927
2023-01-07 09:00:00,15.2,1020.9,58.44189259795963
2023-01-07 12:00:00,14.2,1020.1,69.50207850873608
2023-01-07 15:00:00,8.4,1022.4,89.05048696470176
2023-01-07 18:00:00,6.5,1022.0,96.61229717933779
2023-01-07 21:00:00,5.5,1020.0,99.30867298554894
2023-01-08 00:00:00,6.6,1019.6,100.0
2023-01-08 03:00:00,5.0,1020.6,100.0
2023-01-08 06:00:00,8.6,1021.6,89.06695308695994
2023-01-08 09:00:00,18.0,1017.8,54.91060062099143
2023-01-08 12:00:00,15.4,1017.8,72.59099131789519
2023-01-08 18:00:00,7.4,1020.7,97.30085899241799
2023-01-08 21:00:00,5.6,1019.3,97.26214787992244
2023-01-09 00:00:00,7.2,1020.0,100.0
2023-01-09 03:00:00,8.2,1022.2,100.0
2023-01-09 06:00:00,10.4,1022.8,97.36358526068923
2023-01-09 09:00:00,18.4,1019.3,65.85307897158431
2023-01-09 12:00:00,15.0,1018.9,80.6502233316019
2023-01-09 15:00:00,12.6,1020.5,85.88804470359835
2023-01-09 18:00:00,11.2,1021.2,89.87916379213625
2023-01-09 21:00:00,9.6,1020.9,94.75643218583839
2023-01-10 00:00:00,7.8,1020.3,100.0
2023-01-10 03:00:00,8.2,1021.4,100.0
2023-01-10 06:00:00,11.6,1021.3,82.94180307001605
2023-01-10 09:00:00,17.0,1017.6,60.90030424445174
2023-01-10 12:00:00,16.8,1017.1,62.511494256612266
2023-01-10 15:00:00,10.2,1018.5,94.78062882988873
2023-01-10 18:00:00,8.0,1019.2,97.31358123769705
2023-01-10 21:00:00,6.4,1018.8,100.0
2023-01-11 00:00:00,6.0,1016.5,100.0
2023-01-11 03:00:00,7.8,1016.5,100.0
2023-01-11 06:00:00,12.6,1016.7,81.40867867317884
2023-01-11 09:00:00,18.4,1012.3,64.13703680020836
2023-01-11 12:00:00,17.6,1011.7,67.00037536557673
2023-01-11 15:00:00,12.6,1014.2,85.88804470359835
2023-01-11 18:00:00,11.4,1015.3,87.51317780630974
2023-01-11 21:00:00,10.6,1013.7,89.83360369872206
2023-01-12 00:00:00,10.8,1012.5,94.8046599388741
2023-01-12 03:00:00,10.6,1013.6,97.36768939867459
2023-01-12 06:00:00,14.8,1013.9,73.95050215342924
2023-01-12 09:00:00,20.6,1010.1,64.61860815257197
2023-01-12 12:00:00,18.8,1010.0,73.19917002586746
2023-01-12 15:00:00,15.4,1011.6,87.30307866082929
2023-01-12 18:00:00,14.2,1012.3,90.69481897371098
2023-01-12 21:00:00,12.6,1011.0,93.01469484053409
2023-01-13 00:00:00,12.2,1011.8,97.40018178945084
2023-01-13 03:00:00,12.8,1014.0,97.41221218415632
2023-01-13 06:00:00,18.2,1014.2,71.209003659982
2023-01-13 09:00:00,21.4,1011.7,63.54690629634292
2023-01-13 12:00:00,19.2,1012.4,77.14836978029265
2023-01-13 15:00:00,16.0,1015.1,89.65152316161863
2023-01-13 18:00:00,15.2,1016.1,91.35504121121689
2023-01-13 21:00:00,13.7,1015.5,93.68424911400093
2023-01-14 00:00:00,11.6,1015.9,97.3880676886059
2023-01-14 03:00:00,12.0,1017.6,88.15583421968617
2023-01-14 06:00:00,15.4,1017.9,64.76683280888665
2023-01-14 09:00:00,18.0,1014.8,51.31061883509035
2023-01-14 12:00:00,15.6,1014.9,56.96171696901057
2023-01-14 15:00:00,12.0,1017.6,76.0014346532355
2023-01-14 18:00:00,10.6,1016.6,80.04154011189422
2023-01-14 21:00:00,9.6,1016.1,81.56608156666823
2023-01-15 00:00:00,7.0,1015.6,76.7684668281817
2023-01-15 03:00:00,6.8,1016.8,75.12196299115038
2023-01-15 06:00:00,15.2,1017.1,32.4697409324575
2023-01-15 09:00:00,16.6,1014.4,30.350465340290135
2023-01-15 12:00:00,14.8,1013.8,46.37028829347879
2023-01-15 15:00:00,8.6,1015.7,75.4314544616124
2023-01-15 18:00:00,5.8,1016.8,87.59475627598559
2023-01-15 21:00:00,5.2,1016.1,90.67671784875996
2023-01-16 00:00:00,4.2,1016.6,89.96444551445045
2023-01-16 03:00:00,5.4,1018.3,81.57567479905072
2023-01-16 06:00:00,15.4,1018.8,43.68058593671271
2023-01-16 09:00:00,17.8,1015.8,39.39941548070628
2023-01-16 12:00:00,15.4,1015.8,50.96168296181851
2023-01-16 15:00:00,9.8,1018.0,76.68850202511193
2023-01-16 18:00:00,7.0,1018.1,91.43558329955191
2023-01-16 21:00:00,15.6,1017.1,48.25417201387875
2023-01-17 00:00:00,4.6,1016.9,93.22697959115234
2023-01-17 03:00:00,5.4,1018.8,97.25779555131783
2023-01-17 06:00:00,15.8,1018.9,44.416407465247346
2023-01-17 09:00:00,19.4,1015.8,29.846691015330755
2023-01-17 12:00:00,16.0,1015.2,41.152124132223335
2023-01-17 15:00:00,11.6,1018.1,66.63509803210418
2023-01-17 18:00:00,9.8,1019.9,79.37977462249532
2023-01-17 21:00:00,7.6,1019.4,94.02682246707201
2023-01-18 00:00:00,5.8,1019.2,96.59352072167025
2023-01-18 03:00:00,5.2,1021.2,93.91416515554167
2023-01-18 06:00:00,16.4,1021.4,40.116193074204496
2023-01-18 09:00:00,18.6,1018.1,34.42426155661795
2023-01-18 12:00:00,17.0,1016.6,42.92068210191529
2023-01-18 15:00:00,9.0,1018.5,78.71498638600912
2023-01-18 18:00:00,7.6,1019.4,85.95542226925078
2023-01-18 21:00:00,6.4,1018.7,90.76217889106617
2023-01-19 00:00:00,9.4,1018.9,81.53958256319952
2023-01-19 03:00:00,10.0,1020.3,82.17982566045673
2023-01-19 06:00:00,19.4,1020.8,37.43865481681757
2023-01-19 09:00:00,21.6,1017.2,35.53427516221728
2023-01-19 12:00:00,20.4,1017.1,43.587705859091386
2023-01-19 15:00:00,14.8,1018.1,71.99781811318456
2023-01-19 18:00:00,13.6,1018.2,77.2937657633589
2023-01-19 21:00:00,12.8,1017.5,83.64541777496521
2023-01-20 00:00:00,12.2,1016.8,80.80930868971613
2023-01-20 03:00:00,11.6,1018.9,82.94180307001605
2023-01-20 06:00:00,18.2,1018.6,58.38819950727093
2023-01-20 09:00:00,22.8,1014.8,41.66458947264538
2023-01-20 12:00:00,20.2,1014.5,47.873608167255206
2023-01-20 15:00:00,15.4,1017.1,78.60444584054494
2023-01-20 18:00:00,13.4,1018.1,83.71563678912267
2023-01-20 21:00:00,12.0,1017.8,88.15583421968617
2023-01-21 00:00:00,8.8,1017.3,94.72390988503051
2023-01-21 03:00:00,8.6,1018.5,91.5396873125259
2023-01-21 06:00:00,17.8,1017.8,70.66878053078243
2023-01-21 09:00:00,23.0,1014.3,43.14526546709533
2023-01-21 12:00:00,20.8,1014.5,54.891970429038786
2023-01-21 15:00:00,16.2,1015.4,79.2398821854657
2023-01-21 18:00:00,14.6,1016.1,86.65852074243855
2023-01-21 21:00:00,13.4,1015.4,90.63931815450903
2023-01-22 00:00:00,11.6,1015.1,94.8364464943844
2023-01-22 03:00:00,10.2,1016.4,97.35947156086468
2023-01-22 06:00:00,19.2,1017.2,64.73692319807121
2023-01-22 09:00:00,23.2,1014.4,40.66805097913753
2023-01-22 12:00:00,21.0,1014.4,50.73632107006152
2023-01-22 15:00:00,16.0,1015.0,75.14604114019876
2023-01-22 18:00:00,13.2,1016.4,81.48752184657413
2023-01-22 21:00:00,11.2,1016.2,92.32072545539636
2023-01-23 00:00:00,9.6,1016.3,97.34707279392693
2023-01-23 03:00:00,9.4,1017.1,100.0
2023-01-23 06:00:00,20.2,1016.7,55.840490093853
2023-01-23 09:00:00,25.0,1013.3,36.99794724063112
2023-01-23 12:00:00,22.6,1012.4,48.20585420316496
2023-01-23 15:00:00,15.2,1013.0,78.57491552248868
2023-01-23 18:00:00,14.2,1013.5,84.36429589423176
2023-01-23 21:00:00,13.0,1013.7,90.61138473351019
2023-01-24 00:00:00,13.6,1012.6,95.53761218815481
2023-01-24 03:00:00,15.2,1015.1,91.35504121121689
2023-01-24 06:00:00,18.2,1016.3,76.49639500269146
2023-01-24 09:00:00,20.8,1013.0,68.09609375395668
2023-01-24 12:00:00,19.8,1012.1,74.32464288933063
2023-01-24 15:00:00,17.2,1014.2,87.46731472993724
2023-01-24 18:00:00,17.0,1014.3,88.01383893644437
2023-01-24 21:00:00,16.0,1014.3,91.40613419141593
2023-01-25 00:00:00,12.8,1014.4,95.51026070272563
2023-01-25 03:00:00,12.0,1016.5,94.85223150186052
2023-01-25 06:00:00,18.0,1017.1,80.52893541547579
2023-01-25 09:00:00,18.6,1015.0,77.05578821552338
2023-01-25 12:00:00,17.0,1014.6,86.88778962553143
2023-01-25 15:00:00,16.4,1016.8,89.68180342228284
2023-01-25 18:00:00,16.0,1017.1,91.40613419141593
2023-01-25 21:00:00,15.6,1016.9,93.77393368836664
2023-01-26 00:00:00,15.2,1017.1,93.15002459693396
2023-01-26 03:00:00,14.0,1018.7,95.55119504098639
2023-01-26 06:00:00,13.8,1020.6,90.66712933521302
2023-01-26 09:00:00,16.6,1017.4,73.77464045947974
2023-01-26 12:00:00,15.2,1017.5,85.03111830312803
2023-01-26 15:00:00,14.2,1018.4,93.09843795330515
2023-01-26 18:00:00,12.0,1018.8,92.98290295662396
2023-01-26 21:00:00,10.6,1018.4,94.79666786957364
2023-01-27 00:00:00,8.4,1017.7,86.03847316128356
2023-01-27 03:00:00,7.8,1019.8,80.1982929376005
2023-01-27 06:00:00,17.0,1020.6,44.75771193270204
2023-01-27 09:00:00,20.2,1016.9,43.53131563523209
2023-01-27 12:00:00,18.4,1016.4,47.05416502604182
2023-01-27 15:00:00,12.8,1017.4,67.815454599473
2023-01-27 18:00:00,10.6,1016.9,82.25651785158969
2023-01-27 21:00:00,8.8,1016.5,91.55256885631819
2023-01-28 00:00:00,7.8,1015.7,85.97625230099969
2023-01-28 03:00:00,8.4,1017.7,89.05048696470176
2023-01-28 06:00:00,17.4,1016.6,52.20895615284719
2023-01-28 09:00:00,23.0,1013.9,34.96245982322969
2023-01-28 12:00:00,21.0,1011.9,50.73632107006152
2023-01-28 15:00:00,13.2,1013.6,81.48752184657413
2023-01-28 18:00:00,9.8,1014.8,92.23865038850573
2023-01-28 21:00:00,8.6,1014.7,94.71573248516182
2023-01-29 00:00:00,8.6,1013.1,94.71573248516182
2023-01-29 03:00:00,11.6,1015.9,94.8364464943844
2023-01-29 06:00:00,16.4,1016.2,77.21720350063477
2023-01-29 09:00:00,14.6,1013.1,93.11914142350814
2023-01-29 12:00:00,14.4,1014.8,95.56471646093954
2023-01-29 15:00:00,14.6,1016.4,95.5714542483362
2023-01-29 18:00:00,14.2,1017.8,97.43996186725943
2023-01-29 21:00:00,13.4,1016.8,97.42415963862136
2023-01-30 00:00:00,12.4,1016.6,100.0
2023-01-30 03:00:00,12.2,1018.8,100.0
2023-01-30 06:00:00,16.0,1019.8,87.35817171892187
2023-01-30 09:00:00,18.8,1017.5,77.08670766079658
2023-01-30 12:00:00,17.8,1016.5,85.85545657849421
2023-01-30 15:00:00,14.0,1018.5,95.55119504098639
2023-01-30 18:00:00,13.0,1019.2,97.4162038469898
2023-01-30 21:00:00,11.8,1018.9,97.3921150705423
2023-01-31 00:00:00,13.6,1017.9,100.0
2023-01-31 03:00:00,13.2,1019.6,100.0
2023-01-31 06:00:00,17.4,1019.4,83.63156797114554
2023-01-31 09:00:00,19.8,1018.1,70.58772605911892
2023-01-31 12:00:00,17.2,1017.4,79.90018766462913
2023-01-31 15:00:00,14.4,1018.9,88.9444025377394
2023-01-31 18:00:00,12.4,1019.3,93.0041212821806
2023-01-31 21:00:00,11.8,1018.5,94.84434797549758
2023-02-01 00:00:00,11.0,1017.6,94.81263378127055
2023-02-01 03:00:00,10.2,1019.7,100.0
2023-02-01 06:00:00,15.4,1019.8,78.60444584054494
2023-02-01 09:00:00,20.2,1016.2,52.59372717806794
2023-02-01 12:00:00,19.4,1015.5,49.96943652504709
2023-02-01 15:00:00,14.8,1016.9,78.51568056686486
2023-02-01 18:00:00,13.2,1017.5,81.48752184657413
2023-02-01 21:00:00,11.8,1017.2,85.23093483100948
2023-02-02 00:00:00,10.4,1015.6,89.81834998122066
2023-02-02 03:00:00,11.4,1017.4,82.9172741443641
2023-02-02 06:00:00,19.8,1017.9,49.073959168989155
2023-02-02 09:00:00,23.6,1014.7,39.9665095184025
2023-02-02 12:00:00,22.6,1014.8,48.20585420316496
2023-02-02 15:00:00,17.6,1016.4,67.00037536557673
2023-02-02 18:00:00,16.2,1016.9,71.30346129346935
2023-02-02 21:00:00,14.8,1016.3,75.94973508166241
2023-02-03 00:00:00,12.4,1016.3,88.19074924278162
2023-02-03 03:00:00,11.6,1017.8,82.94180307001605
2023-02-03 06:00:00,20.4,1018.4,46.650883856342965
2023-02-03 09:00:00,23.6,1014.9,37.354316174487145
2023-02-03 12:00:00,21.8,1014.2,48.633033123964324
2023-02-03 15:00:00,17.4,1015.6,70.59260356670579
2023-02-03 18:00:00,14.6,1015.5,80.06385792190865
2023-02-03 21:00:00,11.6,1014.5,87.53158087183863
2023-02-04 00:00:00,11.0,1013.7,89.86401050806772
2023-02-04 03:00:00,13.4,1014.9,81.51369611551115
2023-02-04 06:00:00,21.6,1014.9,45.43043111795126
2023-02-04 09:00:00,25.2,1012.3,26.305541745996443
2023-02-04 12:00:00,23.2,1011.2,42.0586692311669
2023-02-04 15:00:00,16.2,1013.1,79.2398821854657
2023-02-04 18:00:00,16.0,1013.4,79.21120375812941
2023-02-04 21:00:00,13.2,1012.4,83.69227900381789
2023-02-05 00:00:00,12.4,1011.8,88.19074924278162
2023-02-05 03:00:00,12.6,1013.8,88.20815025668014
2023-02-05 06:00:00,19.6,1014.0,53.501473169296055
2023-02-05 09:00:00,25.2,1010.8,37.304148575068645
2023-02-05 12:00:00,23.6,1010.1,43.89397866495113
2023-02-05 15:00:00,16.4,1011.7,79.2685041939678
2023-02-05 18:00:00,13.8,1012.6,86.58079732128753
2023-02-05 21:00:00,12.4,1011.8,90.56925386231363
2023-02-06 00:00:00,10.6,1011.8,94.79666786957364
2023-02-06 03:00:00,11.6,1012.4,88.71344991938643
2023-02-06 06:00:00,24.4,1013.2,47.74374374548634
2023-02-06 09:00:00,28.2,1009.5,39.15907151308303
2023-02-06 12:00:00,26.4,1008.7,54.183993266159504
2023-02-06 15:00:00,21.4,1010.9,65.21122138445863
2023-02-06 18:00:00,19.6,1010.3,70.54987572913048
2023-02-06 21:00:00,16.2,1010.1,87.37645845218667
2023-02-07 00:00:00,14.6,1009.6,95.5714542483362
2023-02-07 03:00:00,14.4,1011.7,95.56471646093954
2023-02-07 06:00:00,20.4,1012.3,62.50352697353663
2023-02-07 09:00:00,24.4,1009.9,39.924232370418196
2023-02-07 12:00:00,23.0,1010.0,40.33825891144123
2023-02-07 15:00:00,19.2,1011.7,49.915442172931144
2023-02-07 18:00:00,15.0,1012.7,72.03484221010554
2023-02-07 21:00:00,13.4,1012.4,79.36298137795895
2023-02-08 00:00:00,11.0,1011.1,87.47625235168279
2023-02-08 03:00:00,12.0,1014.9,80.78212549748872
2023-02-08 06:00:00,21.4,1015.6,43.57290085826072
2023-02-08 09:00:00,23.6,1013.2,38.640937807490175
2023-02-08 12:00:00,21.6,1011.3,48.57887095373697
2023-02-08 15:00:00,15.0,1014.3,80.6502233316019
2023-02-08 18:00:00,13.0,1014.6,83.66887270865111
2023-02-08 21:00:00,11.6,1014.0,87.53158087183863
2023-02-09 00:00:00,10.4,1012.5,94.78865751832757
2023-02-09 03:00:00,12.2,1014.1,88.17331059899422
2023-02-09 06:00:00,23.8,1013.4,38.95959676443359
2023-02-09 09:00:00,28.4,1010.2,30.490367573249312
2023-02-09 12:00:00,26.6,1009.3,49.27635105646181
2023-02-09 15:00:00,20.4,1011.5,73.00931609495443
2023-02-09 18:00:00,18.6,1011.9,78.56151959545844
2023-02-09 21:00:00,17.4,1011.3,83.63156797114554
2023-02-10 00:00:00,14.8,1010.5,88.97682886337391
2023-02-10 03:00:00,15.8,1012.5,82.90169301452688
2023-02-10 06:00:00,24.8,1012.7,53.7798922788436
2023-02-10 09:00:00,29.2,1008.9,40.21087920229749
2023-02-10 12:00:00,26.6,1008.4,52.87103005765299
2023-02-10 15:00:00,21.6,1010.2,73.68598756326635
2023-02-10 18:00:00,20.4,1011.1,73.00931609495443
2023-02-10 21:00:00,17.8,1010.9,88.08295555066682
2023-02-11 00:00:00,15.6,1011.2,93.77393368836664
2023-02-11 03:00:00,15.0,1013.5,95.58488420598349
2023-02-11 06:00:00,23.2,1014.7,66.85582014146925
2023-02-11 09:00:00,27.0,1012.4,43.39821017416529
2023-02-11 12:00:00,24.6,1012.4,45.35219572709555
2023-02-11 15:00:00,19.4,1014.4,72.8324605012531
2023-02-11 18:00:00,17.8,1016.5,79.9831780603204
2023-02-11 21:00:00,16.0,1015.9,85.11660736746623
2023-02-12 00:00:00,12.2,1016.3,78.65540678865287
2023-02-12 03:00:00,12.6,1018.4,76.61682484813711
2023-02-12 06:00:00,21.2,1019.0,34.68822248349237
2023-02-12 09:00:00,23.4,1017.1,24.211679213745555
2023-02-12 12:00:00,21.2,1017.1,36.16436498319325
2023-02-12 15:00:00,16.4,1018.5,50.88013574774185
2023-02-12 18:00:00,14.6,1018.2,55.54530325891438
2023-02-12 21:00:00,13.0,1016.9,61.626786400374975
2023-02-13 00:00:00,11.2,1015.8,50.16580504725847
2023-02-13 03:00:00,10.2,1016.9,57.591841010303156
2023-02-13 06:00:00,19.2,1016.9,25.0273096352906
2023-02-13 09:00:00,22.2,1013.8,25.668592873198115
2023-02-13 12:00:00,20.8,1014.3,32.68843417582989
2023-02-13 15:00:00,17.0,1015.2,48.30688933849665
2023-02-13 18:00:00,16.2,1015.9,45.1589215589595
2023-02-13 21:00:00,14.8,1015.3,52.2344053063801
2023-02-14 00:00:00,10.4,1016.0,89.81834998122066
2023-02-14 03:00:00,12.4,1017.7,56.541028780733825
2023-02-14 06:00:00,21.4,1018.0,32.403279392612234
2023-02-14 09:00:00,25.6,1014.6,22.469357802867513
2023-02-14 12:00:00,23.4,1013.0,35.80344558314886
2023-02-14 15:00:00,18.6,1014.8,52.172560403352406
2023-02-14 18:00:00,16.8,1015.1,58.8347909343566
2023-02-14 21:00:00,15.4,1014.8,64.76683280888665
2023-02-15 00:00:00,13.2,1012.6,79.33414165242704
2023-02-15 03:00:00,13.2,1013.7,75.1774106722144
2023-02-15 06:00:00,22.0,1014.0,41.72047144372751
2023-02-15 09:00:00,27.2,1011.2,33.145904884974556
2023-02-15 12:00:00,25.4,1010.5,38.889612646783306
2023-02-15 15:00:00,20.6,1012.6,58.19926758382522
2023-02-15 18:00:00,18.0,1013.7,67.08359313595335
2023-02-15 21:00:00,14.8,1014.0,80.62313672506868
2023-02-16 00:00:00,12.4,1014.0,88.19074924278162
2023-02-16 03:00:00,12.8,1015.4,88.22551374596415
2023-02-16 06:00:00,23.4,1015.6,55.18780861417479
2023-02-16 09:00:00,27.8,1012.6,44.47172614692537
2023-02-16 12:00:00,25.8,1012.5,56.14103766785647
2023-02-16 15:00:00,19.2,1014.8,81.20671827179753
2023-02-16 18:00:00,17.0,1015.8,88.01383893644437
2023-02-16 21:00:00,15.4,1015.5,91.36785638670548
2023-02-17 00:00:00,14.8,1015.4,93.12945868523758
2023-02-17 03:00:00,14.8,1017.3,88.97682886337391
2023-02-17 06:00:00,24.4,1017.4,51.967956826587525
2023-02-17 09:00:00,28.6,1013.8,45.26607525457315
2023-02-17 12:00:00,27.8,1013.3,55.57264582369571
2023-02-17 15:00:00,20.6,1015.1,81.90291975518062
2023-02-17 18:00:00,17.6,1015.5,89.77186688273888
2023-02-17 21:00:00,16.0,1015.0,93.79257390574581
2023-02-18 00:00:00,13.6,1014.9,95.53761218815481
2023-02-18 03:00:00,13.8,1016.6,93.07764210464569
2023-02-18 06:00:00,25.6,1016.1,53.29501411484861
2023-02-18 09:00:00,29.2,1012.9,41.5300195494097
2023-02-18 12:00:00,27.6,1012.0,46.46713497984191
2023-02-18 15:00:00,22.6,1013.7,71.11065930748565
2023-02-18 18:00:00,19.8,1015.3,86.60007203334754
2023-02-18 21:00:00,17.2,1014.7,92.0684857695993
2023-02-19 00:00:00,15.0,1014.1,95.58488420598349
2023-02-19 03:00:00,13.4,1016.0,95.53079760901926
2023-02-19 06:00:00,25.4,1015.4,60.10168842593349
2023-02-19 09:00:00,30.2,1011.7,41.538432027068275
2023-02-19 12:00:00,28.0,1010.9,50.60007897036122
2023-02-19 15:00:00,21.4,1012.6,78.46820659148995
2023-02-19 18:00:00,19.2,1014.2,84.3724749251044
2023-02-19 21:00:00,16.8,1013.2,89.71195364563357
2023-02-20 00:00:00,15.0,1011.3,93.13975305412771
2023-02-20 03:00:00,15.8,1013.0,91.39340279686098
2023-02-20 06:00:00,28.2,1011.8,50.9737734270589
2023-02-20 09:00:00,31.2,1008.8,48.02420849286768
2023-02-20 12:00:00,29.8,1008.0,50.114430384287324
2023-02-20 15:00:00,22.8,1010.0,72.96625982394418
2023-02-20 18:00:00,20.2,1010.1,81.33582680524137
2023-02-20 21:00:00,18.0,1008.7,85.87560769615662
2023-02-21 00:00:00,17.4,1009.0,89.75693674926578
2023-02-21 03:00:00,17.8,1011.2,84.21749046722671
2023-02-21 06:00:00,27.2,1011.1,46.06110405973983
2023-02-21 09:00:00,31.2,1008.6,38.483747525733364
2023-02-21 12:00:00,28.4,1008.5,51.0254769121298
2023-02-21 15:00:00,22.4,1010.7,80.60344588733471
2023-02-21 18:00:00,21.2,1012.0,88.92223841871977
2023-02-21 21:00:00,19.8,1010.9,92.21875616096395
2023-02-22 00:00:00,16.8,1011.4,98.11250167702032
2023-02-22 03:00:00,17.2,1013.4,100.0
2023-02-22 06:00:00,21.4,1013.4,80.47097062716614
2023-02-22 09:00:00,27.4,1011.3,51.41660273005798
2023-02-22 12:00:00,27.6,1010.6,38.23031017022512
2023-02-22 15:00:00,22.8,1012.4,57.22712564566126
2023-02-22 18:00:00,21.4,1012.8,63.54690629634292
2023-02-22 21:00:00,19.6,1012.1,70.54987572913048
2023-02-23 00:00:00,15.4,1011.7,93.16027338017237
2023-02-23 03:00:00,16.0,1013.5,91.40613419141593
2023-02-23 06:00:00,25.2,1013.3,40.95787437870971
2023-02-23 09:00:00,28.6,1011.1,24.40585094149811
2023-02-23 12:00:00,27.4,1010.9,33.42508336707753
2023-02-23 15:00:00,21.8,1012.3,53.36110751708807
2023-02-23 18:00:00,18.0,1013.7,78.47368296970863
2023-02-23 21:00:00,15.4,1013.6,93.16027338017237
2023-02-24 00:00:00,12.4,1013.2,93.0041212821806
2023-02-24 03:00:00,13.6,1015.3,86.56126328783157
2023-02-24 06:00:00,24.6,1015.6,45.35219572709555
2023-02-24 09:00:00,29.6,1013.1,25.009811894840244
2023-02-24 12:00:00,28.4,1012.7,32.601697497011614
2023-02-24 15:00:00,19.2,1015.1,71.8597654605954
2023-02-24 18:00:00,16.8,1016.0,83.56210204241829
2023-02-24 21:00:00,14.6,1015.6,88.96063316846961
2023-02-25 00:00:00,13.6,1015.7,93.06720936893215
2023-02-25 03:00:00,14.4,1017.6,93.10880120194317
2023-02-25 06:00:00,26.8,1017.3,45.65607414971515
2023-02-25 09:00:00,30.0,1014.2,32.829723677567
2023-02-25 12:00:00,28.2,1015.1,39.15907151308303
2023-02-25 15:00:00,21.2,1015.9,73.14964788312554
2023-02-25 18:00:00,17.8,1017.3,85.85545657849421
2023-02-25 21:00:00,16.2,1016.7,89.6666795922352
2023-02-26 00:00:00,14.6,1017.4,95.5714542483362
2023-02-26 03:00:00,15.8,1019.0,93.78326415706879
2023-02-26 06:00:00,26.8,1019.0,46.85276383068361
2023-02-26 09:00:00,31.6,1015.4,30.964000069086524
2023-02-26 12:00:00,29.2,1014.8,40.21087920229749
2023-02-26 15:00:00,23.6,1017.1,58.16689433121799
2023-02-26 18:00:00,22.0,1018.3,62.45866938263309
2023-02-26 21:00:00,19.4,1017.1,71.8963196457012
2023-02-27 00:00:00,16.2,1016.5,93.80186299495907
2023-02-27 03:00:00,17.2,1018.2,93.84800065349559
2023-02-27 06:00:00,28.0,1018.4,42.28248962275748
2023-02-27 09:00:00,31.8,1015.2,28.284798540690392
2023-02-27 12:00:00,28.8,1014.6,43.3313576867181
2023-02-27 15:00:00,23.0,1016.1,61.883962270664874
2023-02-27 18:00:00,21.4,1017.5,69.98744152646606
2023-02-27 21:00:00,18.0,1016.6,85.87560769615662
2023-02-28 00:00:00,15.2,1016.1,93.15002459693396
2023-02-28 03:00:00,17.4,1017.7,75.87255538725047
2023-02-28 06:00:00,28.0,1018.0,42.28248962275748
2023-02-28 09:00:00,29.6,1016.4,35.407088012188964
2023-02-28 12:00:00,27.6,1015.4,41.898539905911534
2023-02-28 15:00:00,21.4,1017.4,61.92008126297963
2023-02-28 18:00:00,20.2,1018.5,69.30783373165526
2023-02-28 21:00:00,19.2,1017.3,73.74476286331554
2023-03-01 00:00:00,20.4,1016.4,60.888563248098706
2023-03-01 03:00:00,20.4,1019.7,54.42754746004215
2023-03-01 06:00:00,24.2,1020.5,54.67762067213747
2023-03-01 09:00:00,28.4,1017.2,41.577721781983016
2023-03-01 12:00:00,29.4,1017.9,46.35792582818312
2023-03-01 15:00:00,21.6,1018.4,73.68598756326635
2023-03-01 18:00:00,18.4,1019.4,82.67988796779362
2023-03-01 21:00:00,16.2,1018.0,87.37645845218667
2023-03-02 00:00:00,16.0,1017.6,89.65152316161863
2023-03-02 03:00:00,16.2,1020.0,89.6666795922352
2023-03-02 06:00:00,28.8,1019.6,38.817492600158324
2023-03-02 09:00:00,30.6,1017.3,32.56559187447658
2023-03-02 12:00:00,29.0,1016.2,42.28469233863707
2023-03-02 15:00:00,23.6,1018.2,58.16689433121799
2023-03-02 18:00:00,21.2,1019.1,68.1762342215557
2023-03-02 21:00:00,19.4,1018.0,73.77930870906046
2023-03-03 09:00:00,31.4,1017.2,30.706483228920874
2023-03-03 12:00:00,29.4,1015.9,38.48167342028429
2023-03-03 15:00:00,24.2,1017.9,64.56624616462973
2023-03-03 18:00:00,22.0,1018.8,73.75452283587201
2023-03-03 21:00:00,20.2,1017.8,79.80178488426841
2023-03-04 00:00:00,18.4,1019.1,76.528003069259
2023-03-04 03:00:00,20.0,1020.5,65.7622185890749
2023-03-04 06:00:00,24.2,1022.7,57.19920383471323
2023-03-04 09:00:00,26.2,1018.2,47.30012518936924
2023-03-04 12:00:00,25.8,1017.6,49.38256381356927
2023-03-04 15:00:00,22.2,1018.9,62.907831584132786
2023-03-04 18:00:00,20.4,1017.7,73.00931609495443
2023-03-04 21:00:00,19.2,1019.0,77.14836978029265
2023-03-05 00:00:00,17.4,1018.3,79.92790572070956
2023-03-05 03:00:00,19.2,1020.1,71.8597654605954
2023-03-05 06:00:00,28.0,1019.7,38.84812789275419
2023-03-05 09:00:00,30.6,1016.1,35.685180929600556
2023-03-05 12:00:00,29.0,1015.0,41.20798468412713
2023-03-05 15:00:00,23.4,1015.6,65.63502207200914
2023-03-05 18:00:00,20.2,1017.6,83.42149095195703
2023-03-05 21:00:00,18.0,1017.3,85.87560769615662
2023-03-06 00:00:00,16.8,1015.9,89.71195364563357
2023-03-06 03:00:00,19.0,1018.4,80.66276457451087
2023-03-06 06:00:00,27.8,1017.3,40.87569237222421
2023-03-06 09:00:00,29.8,1014.0,32.558519624110794
2023-03-06 12:00:00,28.4,1012.4,36.97090641348185
2023-03-06 15:00:00,23.2,1014.2,59.20534118595157
2023-03-06 18:00:00,20.8,1014.6,69.87255673728518
2023-03-06 21:00:00,18.6,1014.4,77.05578821552338
2023-03-07 00:00:00,17.2,1014.7,83.60845992494205
2023-03-07 03:00:00,18.2,1016.5,80.5558072189858
2023-03-07 06:00:00,28.4,1017.3,36.97090641348185
2023-03-07 09:00:00,30.8,1014.2,27.092162553867503
2023-03-07 12:00:00,29.8,1012.8,31.498595022269072
2023-03-07 15:00:00,23.0,1014.5,54.72982571968843
2023-03-07 18:00:00,20.4,1015.3,65.84698390364156
2023-03-07 21:00:00,18.2,1014.9,76.49639500269146
2023-03-08 00:00:00,16.8,1015.3,79.32557950867556
2023-03-08 03:00:00,17.2,1017.1,81.47133555590639
2023-03-08 06:00:00,26.8,1018.0,45.65607414971515
2023-03-08 09:00:00,29.4,1014.7,37.24996780661884
2023-03-08 12:00:00,28.6,1013.7,41.90302498177393
2023-03-08 15:00:00,23.8,1015.9,62.86092090496198
2023-03-08 18:00:00,21.2,1016.8,73.14964788312554
2023-03-08 21:00:00,17.8,1016.3,82.07631714611342
2023-03-09 00:00:00,19.0,1016.2,79.126223220217
2023-03-09 03:00:00,19.6,1017.9,73.81379105585982
2023-03-09 06:00:00,27.0,1017.8,47.209973097959896
2023-03-09 09:00:00,29.2,1014.9,39.18225554283719
2023-03-09 12:00:00,27.0,1014.1,49.69935142548929
2023-03-09 15:00:00,22.4,1015.6,69.29137490376931
2023-03-09 18:00:00,19.8,1016.7,79.23970675671094
2023-03-09 21:00:00,18.6,1015.8,82.70406260968356
2023-03-10 00:00:00,16.6,1015.6,91.44416208645718
2023-03-10 03:00:00,19.2,1017.0,86.54276056682889
2023-03-10 06:00:00,27.6,1016.0,48.91151361917081
2023-03-10 09:00:00,30.2,1013.7,40.4871787997612
2023-03-10 12:00:00,28.6,1012.7,46.43865509469921
2023-03-10 15:00:00,24.6,1014.3,57.66431548980472
2023-03-10 18:00:00,22.4,1015.4,61.35065070870822
2023-03-10 21:00:00,20.0,1015.2,70.62550939676852
2023-03-11 00:00:00,17.6,1015.3,79.95556914093304
2023-03-11 03:00:00,18.0,1016.7,89.80163133535805
2023-03-11 06:00:00,29.0,1016.2,40.15547110727159
2023-03-11 09:00:00,31.6,1013.2,27.67346405389729
2023-03-11 12:00:00,29.8,1012.1,28.883786001229133
2023-03-11 15:00:00,25.0,1013.6,44.57428083930522
2023-03-11 18:00:00,22.6,1014.8,52.52351199435458
2023-03-11 21:00:00,19.6,1014.8,70.54987572913048
2023-03-12 00:00:00,16.8,1015.2,85.75407058428847
2023-03-12 03:00:00,18.2,1016.3,76.49639500269146
2023-03-12 06:00:00,30.6,1015.2,36.6234764027544
2023-03-12 09:00:00,33.2,1012.2,30.201123576947086
2023-03-12 12:00:00,31.6,1010.9,27.12594970361132
2023-03-12 15:00:00,23.4,1013.5,63.985292032244004
2023-03-12 18:00:00,20.4,1013.8,76.35240172029633
2023-03-12 21:00:00,18.2,1013.5,84.26199825136138
2023-03-13 00:00:00,18.0,1014.1,88.1001435273896
2023-03-13 03:00:00,19.8,1015.0,86.60007203334754
2023-03-13 06:00:00,29.6,1014.4,45.24761159831436
2023-03-13 09:00:00,32.8,1011.0,34.479718239688424
2023-03-13 12:00:00,31.2,1009.5,36.31801215344712
2023-03-13 15:00:00,25.0,1011.1,61.16156608407452
2023-03-13 18:00:00,21.6,1011.9,78.49717461310503
2023-03-13 21:00:00,20.2,1011.6,83.42149095195703
2023-03-14 00:00:00,19.6,1010.8,82.82420852335207
2023-03-14 03:00:00,20.2,1012.2,81.33582680524137
2023-03-14 06:00:00,30.2,1011.1,43.713171949044195
2023-03-14 09:00:00,33.0,1007.9,31.756769544913187
2023-03-14 12:00:00,31.0,1006.4,43.65326872157307
2023-03-14 15:00:00,26.2,1008.4,59.15801200288633
2023-03-14 18:00:00,23.8,1008.5,64.07212844582271
2023-03-14 21:00:00,20.6,1008.2,73.04449468125938
2023-03-15 00:00:00,19.4,1008.5,79.18307531300236
2023-03-15 03:00:00,20.0,1010.6,86.61909675849209
2023-03-15 06:00:00,30.6,1010.0,38.81441450611498
2023-03-15 09:00:00,33.6,1007.2,26.24249743315645
2023-03-15 12:00:00,32.6,1006.3,26.677619588896867
2023-03-15 15:00:00,25.8,1007.2,53.345906430885925
2023-03-15 18:00:00,23.0,1009.0,69.84785753064332
2023-03-15 21:00:00,21.0,1008.5,79.91155284255397
2023-03-16 00:00:00,21.0,1009.1,83.51354068299872
2023-03-16 03:00:00,22.8,1010.2,68.0603877774896
2023-03-16 06:00:00,28.8,1010.9,42.22968692294103
2023-03-16 09:00:00,32.4,1008.1,28.259897260039946
2023-03-16 12:00:00,31.8,1007.5,31.22274865260884
2023-03-16 15:00:00,25.2,1010.2,51.50600731119277
2023-03-16 18:00:00,22.2,1011.4,64.54765713917364
2023-03-16 21:00:00,21.2,1011.2,69.94921355360336
2023-03-17 00:00:00,19.4,1010.9,77.17911273163557
2023-03-17 03:00:00,22.6,1013.1,66.30818558790568
2023-03-17 06:00:00,27.2,1013.3,51.0386930535946
2023-03-17 09:00:00,27.8,1010.7,46.820447800043176
2023-03-17 12:00:00,28.2,1008.2,47.22867288372724
2023-03-17 15:00:00,24.4,1010.9,60.25216397184846
2023-03-17 18:00:00,22.4,1011.2,67.54841643617165
2023-03-17 21:00:00,21.0,1010.8,73.11466043664565
2023-03-18 00:00:00,21.0,1010.2,75.00271964013787
2023-03-18 03:00:00,19.8,1012.8,88.81038774322853
2023-03-18 06:00:00,24.0,1012.8,67.44315945194963
2023-03-18 09:00:00,22.6,1011.1,79.13425604294972
2023-03-18 12:00:00,18.8,1010.2,95.70950052417025
2023-03-18 15:00:00,19.6,1009.4,92.2073469204417
2023-03-18 18:00:00,19.2,1009.8,92.18445414057031
2023-03-18 21:00:00,18.6,1009.3,86.48509093163098
2023-03-19 00:00:00,17.8,1009.1,95.67721930970805
2023-03-19 03:00:00,19.0,1010.8,93.92977440102698
2023-03-19 06:00:00,25.8,1010.1,62.905305620072184
2023-03-19 09:00:00,26.0,1007.0,63.34488035972379
2023-03-19 12:00:00,24.4,1006.0,73.70091272937036
2023-03-19 15:00:00,20.0,1006.9,88.82646755484863
2023-03-19 18:00:00,19.4,1007.7,92.1959129371279
2023-03-19 21:00:00,18.8,1007.4,93.92076830587527
2023-03-20 00:00:00,18.8,1006.9,93.92076830587527
2023-03-20 03:00:00,20.0,1008.6,83.39836242248586
2023-03-20 06:00:00,23.8,1008.4,62.86092090496198
2023-03-20 09:00:00,26.6,1005.6,48.023532815754834
2023-03-20 12:00:00,22.8,1005.3,66.34969640130016
2023-03-20 15:00:00,15.8,1009.8,100.0
2023-03-20 18:00:00,16.4,1007.8,100.0
2023-03-20 21:00:00,16.2,1008.1,95.62481239193981
2023-03-21 00:00:00,16.6,1007.2,100.0
2023-03-21 03:00:00,17.4,1009.5,93.8571670455613
2023-03-21 06:00:00,22.4,1010.1,75.7070072653873
2023-03-21 09:00:00,23.8,1008.2,64.07212844582271
2023-03-21 12:00:00,24.0,1007.4,60.159267516551964
2023-03-21 15:00:00,20.8,1009.2,79.8841909723908
2023-03-21 18:00:00,18.2,1010.2,92.12678547599367
2023-03-21 21:00:00,16.7,1009.9,94.42702844855364
2023-03-22 00:00:00,15.8,1010.5,95.61156291898422
2023-03-22 03:00:00,18.4,1013.1,89.83126862847055
2023-03-22 06:00:00,23.6,1012.4,66.93757991376943
2023-03-22 09:00:00,27.6,1009.1,50.175556049808826
2023-03-22 12:00:00,26.8,1007.4,51.92002876756459
2023-03-22 15:00:00,23.2,1008.8,66.85582014146925
2023-03-22 18:00:00,21.4,1009.7,71.79898970107504
2023-03-22 21:00:00,19.0,1009.2,80.66276457451087
2023-03-23 00:00:00,17.6,1008.3,92.09188195528188
2023-03-23 03:00:00,19.0,1010.0,80.66276457451087
2023-03-23 06:00:00,27.2,1010.1,46.06110405973983
2023-03-23 09:00:00,29.8,1007.6,36.63912034977847
2023-03-23 12:00:00,28.4,1006.1,40.512498270619396
2023-03-23 15:00:00,24.6,1007.6,57.66431548980472
2023-03-23 18:00:00,22.0,1008.3,73.75452283587201
2023-03-23 21:00:00,20.0,1007.7,83.39836242248586
2023-03-24 00:00:00,19.0,1007.3,92.17297046007043
2023-03-24 03:00:00,21.6,1009.0,75.57843550109602
2023-03-24 06:00:00,20.6,1012.3,85.05848941378555
2023-03-24 09:00:00,27.6,1008.4,54.14162894034234
2023-03-24 12:00:00,27.4,1005.8,50.1232671132093
2023-03-24 15:00:00,20.6,1007.6,91.1218746895584
2023-03-24 18:00:00,19.0,1010.3,100.0
2023-03-24 21:00:00,18.0,1009.8,99.37310571520909
2023-03-25 00:00:00,17.4,1010.3,95.66420552704284
2023-03-25 03:00:00,19.4,1013.0,84.93178225244176
2023-03-25 06:00:00,25.6,1013.5,64.45946580818865
2023-03-25 09:00:00,29.2,1010.7,48.40624725511165
2023-03-25 12:00:00,28.0,1009.8,54.583776611197585
2023-03-25 15:00:00,22.8,1011.0,81.15946153199087
2023-03-25 18:00:00,20.8,1012.3,87.23920246966593
2023-03-26 00:00:00,17.8,1011.3,92.10354182385356
2023-03-26 03:00:00,18.8,1013.0,86.50435411788642
2023-03-26 06:00:00,28.2,1012.1,42.61248838373374
2023-03-26 09:00:00,30.4,1009.1,32.29694486959755
2023-03-26 12:00:00,28.4,1008.3,44.06503931299219
2023-03-26 15:00:00,24.4,1009.5,56.155644793581
2023-03-26 18:00:00,21.8,1010.5,67.42684674439127
2023-03-26 21:00:00,19.4,1009.2,81.23264238410255
2023-03-27 00:00:00,18.2,1009.9,84.26199825136138
2023-03-27 03:00:00,20.0,1011.5,75.80243725044951
2023-03-27 06:00:00,26.0,1011.9,53.73908875879271
2023-03-27 09:00:00,28.2,1009.3,37.897959465871814
2023-03-27 12:00:00,28.0,1008.1,39.8776916383061
2023-03-27 15:00:00,23.6,1009.1,61.23159477777704
2023-03-27 18:00:00,21.0,1010.2,69.9109186693193
2023-03-27 21:00:00,19.4,1009.7,77.17911273163557
2023-03-28 00:00:00,17.0,1009.2,89.72698022064127
2023-03-28 03:00:00,19.4,1010.8,75.70554565099692
2023-03-28 06:00:00,27.4,1010.6,45.23136161944047
2023-03-28 09:00:00,30.2,1008.5,35.11290713359887
2023-03-28 12:00:00,29.2,1007.6,40.21087920229749
2023-03-28 15:00:00,24.0,1009.6,64.5233560338738
2023-03-28 18:00:00,20.8,1010.8,78.38096858207
2023-03-28 21:00:00,19.2,1009.8,84.3724749251044
2023-03-29 00:00:00,17.8,1009.9,88.08295555066682
2023-03-29 03:00:00,21.2,1011.6,81.97757756705623
2023-03-29 06:00:00,29.8,1011.1,39.85982807907566
2023-03-29 09:00:00,33.0,1008.6,30.94253388440759
2023-03-29 12:00:00,32.0,1007.4,34.481403469497636
2023-03-29 15:00:00,20.6,1010.4,88.87450414906138
2023-03-29 18:00:00,21.0,1010.0,92.86091278956886
2023-03-30 00:00:00,19.6,1009.4,86.58100783026312
2023-03-30 03:00:00,22.0,1010.4,70.54945136907497
2023-03-30 06:00:00,29.2,1009.1,49.64461630711475
2023-03-30 09:00:00,32.0,1005.7,37.48800396186362
2023-03-30 12:00:00,25.2,1007.1,68.74400198093181
2023-03-30 15:00:00,18.4,1008.5,100.0
2023-03-30 18:00:00,18.0,1008.8,98.12966234385276
2023-03-30 21:00:00,17.2,1008.3,93.84800065349559
2023-03-31 00:00:00,16.8,1007.3,95.64457524587876
2023-03-31 03:00:00,19.2,1009.0,98.14659077628163
2023-03-31 06:00:00,23.0,1010.1,76.27881450654198
2023-03-31 09:00:00,27.0,1006.9,56.07951487572317
2023-03-31 12:00:00,25.0,1006.0,61.16156608407452
2023-03-31 15:00:00,20.0,1008.5,86.61909675849209
2023-03-31 18:00:00,18.8,1009.2,88.1685337131173
2023-03-31 21:00:00,18.0,1009.4,92.1151763066067
2023-04-01 00:00:00,17.0,1009.1,93.83881396078476
2023-04-01 03:00:00,19.4,1010.6,82.8002759006202
2023-04-01 06:00:00,25.2,1010.5,62.37822151444744
2023-04-01 09:00:00,27.4,1008.3,55.125722260708386
2023-04-01 12:00:00,26.2,1006.4,58.04818884609648
2023-04-01 15:00:00,18.8,1008.8,92.16146182468223
2023-04-01 18:00:00,18.6,1009.4,92.1499281632111
2023-04-01 21:00:00,18.2,1008.9,93.89363078527036
2023-04-02 00:00:00,16.8,1008.4,95.64457524587876
2023-04-02 03:00:00,19.4,1010.0,81.23264238410255
2023-04-02 06:00:00,26.0,1009.7,57.27025042393477
2023-04-02 09:00:00,28.6,1007.2,51.40032863646419
2023-04-02 12:00:00,29.4,1005.3,47.548518015880695
2023-04-02 15:00:00,24.2,1006.1,72.3015743251088
2023-04-02 18:00:00,21.0,1006.3,87.25731534029728
2023-04-02 21:00:00,19.4,1005.8,90.4728467946595
2023-04-03 00:00:00,18.4,1005.9,93.90269655568989
2023-04-03 03:00:00,22.2,1008.2,75.67495386222414
2023-04-03 06:00:00,28.8,1007.6,50.17022945547514
2023-04-03 09:00:00,31.4,1005.6,40.81710416937464
2023-04-03 12:00:00,26.8,1004.8,58.55809877032945
2023-04-03 15:00:00,24.2,1006.5,62.949538189695744
2023-04-03 18:00:00,22.6,1007.0,68.02047939216396
2023-04-03 21:00:00,20.4,1006.4,79.82930712381024
2023-04-04 00:00:00,17.6,1009.1,100.0
2023-04-04 03:00:00,18.2,1010.5,95.69017503757527
2023-04-04 06:00:00,27.4,1010.1,47.62210325150437
2023-04-04 09:00:00,30.0,1008.2,39.15069222038928
2023-04-04 12:00:00,29.6,1007.1,39.80447898053956
2023-04-04 15:00:00,25.2,1008.4,59.675662881987066
2023-04-04 18:00:00,22.0,1010.3,79.04974656784833
2023-04-04 21:00:00,20.4,1010.0,85.03747927565317
2023-04-05 00:00:00,17.2,1009.4,92.0684857695993
2023-04-05 03:00:00,21.0,1010.8,69.01854181461981
2023-04-05 06:00:00,28.8,1010.7,42.22968692294103
2023-04-05 09:00:00,30.8,1008.5,33.92728508266713
2023-04-05 12:00:00,31.2,1006.8,26.481026575369913
2023-04-05 15:00:00,23.4,1009.2,57.74507571138645
2023-04-05 18:00:00,19.8,1010.8,75.77020064235057
2023-04-05 21:00:00,18.2,1012.1,82.12623755031767
2023-04-06 00:00:00,18.4,1011.3,76.528003069259
2023-04-06 03:00:00,22.2,1012.6,56.70909643936152
2023-04-06 06:00:00,27.4,1013.1,39.19245073809359
2023-04-06 09:00:00,31.8,1010.8,27.36114793532399
2023-04-06 12:00:00,32.0,1009.5,23.97898558916218
2023-04-06 15:00:00,24.4,1011.7,56.155644793581
2023-04-06 18:00:00,21.0,1013.2,66.40122606049283
2023-04-06 21:00:00,19.6,1013.3,73.81379105585982
2023-04-07 00:00:00,17.0,1013.4,79.87241483728825
2023-04-07 03:00:00,22.6,1014.8,57.17819771780525
2023-04-07 06:00:00,30.2,1014.8,28.99307910118373
2023-04-07 09:00:00,33.2,1012.1,18.899140000750137
2023-04-07 12:00:00,32.2,1010.9,22.45919812126113
2023-04-07 15:00:00,26.8,1012.6,42.78124290156982
2023-04-07 18:00:00,25.2,1013.5,47.33806540677984
2023-04-07 21:00:00,21.6,1013.1,64.00324121036401
2023-04-08 00:00:00,19.6,1013.7,81.25851516552751
2023-04-08 03:00:00,21.4,1015.2,49.50641729745809
2023-04-08 06:00:00,31.2,1014.7,25.606145772189663
2023-04-08 09:00:00,33.2,1012.6,22.259539953643017
2023-04-08 12:00:00,32.8,1011.6,19.867734541809185
2023-04-08 15:00:00,24.6,1013.2,49.38448091361256
2023-04-08 18:00:00,22.0,1014.1,58.15774928642728
2023-04-08 21:00:00,20.2,1013.7,62.45824686119664
2023-04-09 00:00:00,17.0,1014.8,79.87241483728825
2023-04-09 03:00:00,22.0,1016.0,58.15774928642728
2023-04-09 06:00:00,32.6,1015.2,29.45320251087033
2023-04-09 09:00:00,34.2,1012.4,21.191272382234885
2023-04-09 12:00:00,33.8,1010.0,21.37893405392518
2023-04-09 15:00:00,24.4,1012.0,49.331227274554685
2023-04-09 18:00:00,20.6,1012.8,66.31767050651304
2023-04-09 21:00:00,19.2,1011.8,75.6731269890769
2023-04-10 00:00:00,17.2,1012.4,79.90018766462913
2023-04-10 03:00:00,22.2,1013.5,52.07527839165964
2023-04-10 06:00:00,31.8,1013.2,28.284798540690392
2023-04-10 09:00:00,34.2,1010.4,18.75088188402825
2023-04-10 12:00:00,33.6,1010.6999999999999,22.8167680597705
2023-04-10 15:00:00,25.8,1011.0,53.345906430885925
2023-04-10 18:00:00,21.6,1012.0,68.69474949084032
2023-04-10 21:00:00,20.2,1010.9,72.50665915505505
2023-04-11 00:00:00,18.2,1011.0,76.49639500269146
2023-04-11 03:00:00,22.4,1012.6,56.75842370399915
2023-04-11 06:00:00,33.4,1012.4,29.67022136496883
2023-04-11 09:00:00,36.4,1009.8,23.377427259621808
2023-04-11 12:00:00,35.2,1008.4,25.808260643049525
2023-04-11 15:00:00,28.6,1009.7,42.998754183391995
2023-04-11 21:00:00,25.4,1010.6,47.70165166704305
2023-04-12 00:00:00,23.2,1010.3,86.38519664977352
2023-04-12 03:00:00,27.0,1011.5,44.541111469836196
2023-04-12 06:00:00,34.0,1011.9,32.236726877241026
2023-04-12 09:00:00,34.4,1009.2,25.59831145970019
2023-04-12 12:00:00,34.4,1007.7,29.94097009014179
2023-04-12 15:00:00,28.0,1009.4,47.17515349018581
2023-04-12 18:00:00,25.0,1009.8,53.83064226424435
2023-04-12 21:00:00,23.0,1009.6,74.39041066627999
2023-04-13 00:00:00,20.4,1009.1,74.42596717658931
2023-04-13 03:00:00,24.4,1010.7,60.25216397184846
2023-04-13 06:00:00,34.2,1009.4,28.188350985686704
2023-04-13 09:00:00,37.2,1006.4,20.53427720251972
2023-04-13 12:00:00,36.8,1005.1,20.031717335341543
2023-04-13 15:00:00,28.2,1007.4,52.27884179837241
2023-04-13 18:00:00,24.6,1008.2,60.68332422098103
2023-04-13 21:00:00,22.8,1007.7,69.80971849730659
2023-04-14 00:00:00,21.6,1008.5,66.95489662993805
2023-04-14 03:00:00,26.8,1009.7,45.65607414971515
2023-04-14 06:00:00,35.4,1008.7,22.81799416030665
2023-04-14 09:00:00,38.4,1006.2,16.48982194282784
2023-04-14 12:00:00,37.0,1004.8,23.376685102980765
2023-04-14 15:00:00,29.0,1006.5,50.539789986140434
2023-04-14 18:00:00,25.0,1007.3,56.66462278579749
2023-04-14 21:00:00,23.6,1006.0,61.23159477777704
2023-04-15 00:00:00,21.6,1007.3,66.95489662993805
2023-04-15 03:00:00,25.6,1009.3,58.64418652447737
2023-04-15 06:00:00,38.8,1008.1,21.20098584588085
2023-04-15 09:00:00,40.2,1005.9,18.173401634662564
2023-04-15 12:00:00,39.0,1003.8,21.389402475181125
2023-04-15 15:00:00,32.4,1005.6,35.95203421110212
2023-04-15 18:00:00,30.6,1006.8,39.8246074370116
2023-04-15 21:00:00,27.4,1006.3,50.1232671132093
2023-04-16 00:00:00,25.2,1005.9,57.07653428863906
2023-04-16 03:00:00,26.4,1008.0,55.57883796392953
2023-04-16 06:00:00,36.2,1007.5,27.104578608671087
2023-04-16 09:00:00,39.8,1004.2,21.031754648990926
2023-04-16 12:00:00,38.6,1002.4,23.783247016437116
2023-04-16 15:00:00,32.6,1004.6,41.40520468804353
2023-04-16 18:00:00,29.0,1005.8,54.151080144894756
2023-04-16 21:00:00,27.0,1005.4,61.230427426020874
2023-04-17 00:00:00,23.0,1005.3,71.1843141777344
2023-04-17 03:00:00,28.6,1006.8,46.43865509469921
2023-04-17 06:00:00,37.8,1006.8,24.358461424311702
2023-04-17 09:00:00,39.8,1004.5,21.726639023970776
2023-04-17 12:00:00,30.4,1005.7,54.16202439894491
2023-04-17 15:00:00,30.4,1005.7,54.16202439894491
2023-04-17 18:00:00,27.2,1006.9,64.39902384767183
2023-04-17 21:00:00,25.4,1006.6,72.96297423706713
2023-04-18 00:00:00,23.6,1007.2,73.1055227428291
2023-04-18 03:00:00,31.6,1008.5,36.900458180534415
2023-04-18 06:00:00,37.2,1008.4,29.175588673832674
2023-04-18 09:00:00,36.8,1005.9,29.068815514772737
2023-04-18 12:00:00,38.8,1004.3,26.24376608156228
2023-04-18 15:00:00,32.0,1005.8,50.99468465735812
2023-04-18 18:00:00,27.6,1006.8,63.298675360868906
2023-04-19 00:00:00,26.6,1006.2,52.87103005765299
2023-04-19 03:00:00,26.0,1008.0,56.548143420491016
2023-04-19 06:00:00,33.8,1006.6,39.44511845228233
2023-04-19 09:00:00,37.4,1002.9,30.94445732474845
2023-04-19 12:00:00,35.8,1000.7,33.354730599537746
2023-04-19 15:00:00,33.4,1001.8,40.08553584334777
2023-04-19 18:00:00,31.2,1003.0,43.70745721912904
2023-04-19 21:00:00,29.6,1002.4,46.41150114714314
2023-04-20 00:00:00,26.4,1002.3,55.57883796392953
2023-04-20 03:00:00,26.6,1003.6,58.14346599287039
2023-04-20 06:00:00,33.0,1003.3,35.658810994961954
2023-04-20 09:00:00,34.6,1000.9,31.988146693890418
2023-04-20 12:00:00,35.2,998.7,32.77188198042116
2023-04-20 15:00:00,27.6,1000.2,48.91151361917081
2023-04-20 18:00:00,26.6,1001.0,51.86850699632642
2023-04-20 21:00:00,25.4,1001.8,52.90301503946089
2023-04-21 00:00:00,23.0,1002.2,61.883962270664874
2023-04-21 03:00:00,25.8,1004.9,52.32972267192697
2023-04-21 06:00:00,33.8,1004.9,36.56841511852398
2023-04-21 09:00:00,35.4,1002.0,24.377581178820627
2023-04-21 12:00:00,35.0,1000.8,26.43945938392723
2023-04-21 15:00:00,29.4,1003.3,46.35792582818312
2023-04-21 18:00:00,27.6,1004.3,50.175556049808826
2023-04-21 21:00:00,26.4,1003.9,55.57883796392953
2023-04-22 00:00:00,22.2,1003.4,59.73774579082662
2023-04-22 03:00:00,26.4,1005.6,43.80142891158694
2023-04-22 06:00:00,33.4,1005.5,27.79064969174882
2023-04-22 09:00:00,35.6,1003.5,25.576727047740604
2023-04-22 12:00:00,34.8,1002.0,27.801545766681397
2023-04-22 15:00:00,28.0,1003.9,45.98124630748456
2023-04-22 18:00:00,27.6,1004.4,39.506535687007
2023-04-22 21:00:00,25.0,1004.2,47.2840066651506
2023-04-23 00:00:00,24.6,1003.9,41.336768101900304
2023-04-23 03:00:00,25.6,1007.9,38.687379068980775
2023-04-23 06:00:00,27.6,1010.0,34.84798436000409
2023-04-23 09:00:00,29.4,1007.3,31.80803405497415
2023-04-23 12:00:00,29.6,1004.2,32.2885929161395
2023-04-23 15:00:00,26.6,1006.9,48.023532815754834
2023-04-23 18:00:00,25.4,1008.2,50.24314128044033
2023-04-23 21:00:00,24.8,1007.3,52.40942935383719
2023-04-24 00:00:00,23.4,1007.8,57.74507571138645
2023-04-24 03:00:00,23.4,1011.1,52.04664934594763
2023-04-24 06:00:00,30.8,1011.3,35.97324771071284
2023-04-24 09:00:00,33.6,1009.7,31.715436176430018
2023-04-24 12:00:00,32.4,1008.3,35.95203421110212
2023-04-24 15:00:00,27.6,1010.0,51.46822082273632
2023-04-24 18:00:00,25.4,1011.0,54.27880168034746
2023-04-24 21:00:00,23.8,1010.3,58.21493824101156
2023-04-25 00:00:00,21.8,1011.8,68.73415619857566
2023-04-25 03:00:00,25.0,1013.4,48.53416938934112
2023-04-25 06:00:00,31.2,1013.1,36.31801215344712
2023-04-25 09:00:00,33.6,1010.4,34.4786261295975
2023-04-25 12:00:00,33.0,1008.0,30.94253388440759
2023-04-25 15:00:00,27.2,1010.3,56.128403601107394
2023-04-25 18:00:00,24.2,1008.8,64.56624616462973
2023-04-25 21:00:00,23.0,1007.8,68.1002284486751
2023-04-26 00:00:00,22.4,1008.5,64.59081281252107
2023-04-26 03:00:00,25.6,1009.9,54.677740314134674
2023-04-26 06:00:00,32.6,1009.1,38.13566001710435
2023-04-26 09:00:00,36.2,1006.2,29.659109830704644
2023-04-26 12:00:00,34.4,1004.0,34.478117246908965
2023-04-26 15:00:00,28.8,1005.4,54.10125610159533
2023-04-26 18:00:00,25.6,1006.3,60.147977437432424
2023-04-26 21:00:00,24.0,1006.1,64.5233560338738
2023-04-27 00:00:00,22.2,1006.4,74.25634672260556
2023-04-27 03:00:00,26.0,1008.5,61.77549134798711
2023-04-27 06:00:00,34.6,1007.9,34.75273089734725
2023-04-27 09:00:00,38.0,1005.3,23.784825802142993
2023-04-27 12:00:00,36.6,1003.0,26.861299999603084
2023-04-27 15:00:00,28.8,1007.5,43.3313576867181
2023-04-27 18:00:00,26.4,1009.2,50.182289520321945
2023-04-27 21:00:00,25.2,1008.7,52.85178805612125
2023-04-28 00:00:00,24.8,1008.0,72.40765139233008
2023-04-28 03:00:00,25.2,1010.2,62.37822151444744
2023-04-28 06:00:00,29.8,1010.2,47.956204800317984
2023-04-28 09:00:00,33.8,1008.1,33.87770331280664
2023-04-28 12:00:00,32.8,1005.2,38.43380601863262
2023-04-28 15:00:00,28.4,1006.3,57.48575855515023
2023-04-28 18:00:00,27.6,1007.8,58.01642284156709
2023-04-28 21:00:00,26.0,1007.1,61.77549134798711
2023-04-29 00:00:00,23.4,1007.3,68.61214204484527
2023-04-29 03:00:00,27.0,1008.8,48.440600801845854
2023-04-29 06:00:00,30.2,1007.9,45.98734517749429
2023-04-29 09:00:00,32.0,1006.8,43.64873094146102
2023-04-29 12:00:00,30.4,1004.9,45.176507999615254
2023-04-29 15:00:00,27.0,1006.5,58.6053007570548
2023-04-29 18:00:00,25.8,1007.6,64.50215956457721
2023-04-29 21:00:00,25.4,1006.8,65.63974012452589
2023-04-30 00:00:00,24.0,1006.4,70.47837778915957
2023-04-30 03:00:00,25.6,1008.6,65.68142590172316
2023-04-30 06:00:00,26.2,1008.3,66.2167817215212
2023-04-30 09:00:00,27.2,1005.9,56.128403601107394
2023-04-30 12:00:00,27.2,1004.0,58.65243412962584
2023-04-30 15:00:00,23.0,1006.4,89.61193893447619
2023-04-30 18:00:00,21.8,1007.4,91.19872298278054
2023-04-30 21:00:00,21.0,1006.1,90.58269290087725
2023-05-01 00:00:00,21.2,1005.9,90.59629238174392
2023-05-01 03:00:00,22.4,1008.3,87.38305999003406
2023-05-01 06:00:00,25.2,1008.3,77.56785584692332
2023-05-01 09:00:00,21.0,1007.3,100.0
2023-05-01 12:00:00,22.6,1005.6,94.66558503403643
2023-05-01 15:00:00,22.8,1007.9,85.81544188377062
2023-05-01 18:00:00,22.4,1008.4,87.38305999003406
2023-05-01 21:00:00,21.6,1008.2,87.31142912839378
2023-05-02 00:00:00,21.2,1007.6,94.61037046447788
2023-05-02 03:00:00,21.8,1009.7,87.32939245060646
2023-05-02 06:00:00,25.4,1010.2,77.59744380650201
2023-05-02 09:00:00,27.6,1007.8,68.57664693138325
2023-05-02 12:00:00,25.7,1006.7,76.69631205622504
2023-05-02 15:00:00,23.4,1007.9,79.73963499838084
2023-05-02 18:00:00,22.7,1010.2,84.75041179102449
2023-05-02 21:00:00,22.0,1009.8,87.34731863549206
2023-05-03 00:00:00,21.2,1010.0,92.87134485887553
2023-05-03 03:00:00,24.2,1011.2,76.94107668815431
2023-05-03 06:00:00,29.8,1010.0,63.38474620448235
2023-05-03 09:00:00,20.2,1009.5,98.16052340480562
2023-05-03 12:00:00,19.4,1009.6,100.0
2023-05-03 15:00:00,20.2,1008.4,100.0
2023-05-03 18:00:00,21.6,1010.2,87.31142912839378
2023-05-03 21:00:00,20.8,1009.6,92.85045810919283
2023-05-04 00:00:00,18.4,1010.6,100.0
2023-05-04 03:00:00,20.2,1012.6,98.16052340480562
2023-05-04 06:00:00,25.6,1011.4,74.36025581723416
2023-05-04 09:00:00,30.2,1008.8,52.78587755627143
2023-05-04 12:00:00,30.2,1005.7,57.5576548506657
2023-05-04 15:00:00,26.2,1007.6,76.30487547759344
2023-05-04 18:00:00,23.6,1009.0,84.84545097606222
2023-05-04 21:00:00,21.4,1008.7,88.9380830861729
2023-05-05 00:00:00,21.2,1007.5,90.59629238174392
2023-05-05 03:00:00,25.4,1010.3,69.86503547584091
2023-05-05 06:00:00,29.6,1009.0,59.5780698373617
2023-05-05 09:00:00,33.0,1005.9,43.645157807317524
2023-05-05 15:00:00,28.6,1004.9,67.93691867434151
2023-05-05 18:00:00,26.8,1006.0,75.01402814660541
2023-05-05 21:00:00,25.2,1005.4,77.56785584692332
2023-05-06 00:00:00,23.6,1005.3,84.84545097606222
2023-05-06 03:00:00,26.0,1007.4,63.34488035972379
2023-05-06 06:00:00,31.8,1007.1,42.24218143373414
2023-05-06 09:00:00,33.0,1004.7,36.58107859246772
2023-05-06 12:00:00,33.6,1002.6,37.214873528497584
2023-05-06 15:00:00,29.4,1003.4,52.25595491573255
2023-05-06 18:00:00,26.2,1004.3,69.15523439911932
2023-05-06 21:00:00,24.6,1003.7,71.03201273104008
2023-05-07 00:00:00,22.2,1004.1,82.61460691740075
2023-05-07 03:00:00,27.2,1005.7,60.1390247692376
2023-05-07 06:00:00,35.4,1005.5,36.54521854055506
2023-05-07 09:00:00,35.6,1003.6,44.34047462772587
2023-05-07 12:00:00,35.2,1001.3,40.07444958268911
2023-05-07 15:00:00,25.0,1003.7,83.45262666598398
2023-05-07 18:00:00,24.6,1004.2,78.44038822062748
2023-05-07 21:00:00,23.4,1003.0,79.73963499838084
2023-05-08 00:00:00,23.0,1003.3,96.42590852260086
2023-05-08 03:00:00,24.6,1005.2,88.1108765345105
2023-05-08 06:00:00,31.2,1005.2,61.04527320720593
2023-05-08 09:00:00,35.6,1003.3,40.432297754745264
2023-05-08 12:00:00,35.0,1001.7,43.64082513984817
2023-05-08 15:00:00,29.2,1003.1,55.568241906041415
2023-05-08 18:00:00,25.8,1004.9,71.69270020375919
2023-05-08 21:00:00,24.4,1003.9,76.97148310021424
2023-05-09 00:00:00,22.2,1005.4,85.75572174928098
2023-05-09 03:00:00,25.4,1008.0,64.01349525201712
2023-05-09 06:00:00,33.2,1007.3,33.93037139308301
2023-05-09 09:00:00,37.2,1005.1,14.836685959143155
2023-05-09 12:00:00,36.0,1003.6,30.959972860837166
2023-05-09 15:00:00,32.4,1004.8,39.81200409457464
2023-05-09 18:00:00,30.6,1005.6,42.99526278512383
2023-05-09 21:00:00,28.8,1005.4,47.99495141967471
2023-05-10 00:00:00,25.4,1005.4,61.2525557727852
2023-05-10 03:00:00,26.2,1007.1,48.539907031693666
2023-05-10 06:00:00,33.2,1006.5,26.66076065858164
2023-05-10 09:00:00,35.2,1004.7,27.548132036202155
2023-05-10 12:00:00,36.0,1003.0,22.81896583142033
2023-05-10 15:00:00,31.8,1004.0,34.203946308294164
2023-05-10 18:00:00,27.0,1004.5,52.30341645916792
2023-05-10 21:00:00,24.6,1004.3,59.53530175711025
2023-05-11 00:00:00,21.0,1005.9,73.11466043664565
2023-05-11 03:00:00,28.0,1008.1,43.39162743594927
2023-05-11 06:00:00,35.4,1007.9,31.194440729171667
2023-05-11 09:00:00,37.6,1005.6,25.599153750941568
2023-05-11 12:00:00,37.0,1003.6,28.936968311978973
2023-05-11 15:00:00,29.0,1005.2,57.98691806209805
2023-05-11 18:00:00,26.0,1005.5,67.42245330571328
2023-05-11 21:00:00,24.2,1005.2,70.51568317062028
2023-05-12 00:00:00,22.0,1005.6,77.08681687030213
2023-05-12 03:00:00,25.4,1007.2,58.596770845043764
2023-05-12 06:00:00,36.2,1005.8,29.659109830704644
2023-05-12 09:00:00,40.0,1003.3,18.73618095576933
2023-05-12 12:00:00,40.4,1000.6,17.744124429651766
2023-05-12 15:00:00,33.2,1002.2,41.82966122972637
2023-05-12 18:00:00,28.6,1004.1,60.08656570259691
2023-05-12 21:00:00,26.6,1003.2,63.87218705566132
2023-05-13 00:00:00,24.2,1003.8,72.3015743251088
2023-05-13 03:00:00,28.6,1005.6,57.533446890831016
2023-05-13 06:00:00,36.2,1006.5,34.750765230103056
2023-05-13 09:00:00,40.2,1002.1,30.160674862275744
2023-05-13 12:00:00,40.4,1000.4,25.994489067059927
2023-05-13 15:00:00,34.6,1002.7,44.07412084316889
2023-05-13 18:00:00,33.2,1002.7,46.78467883483004
2023-05-13 21:00:00,30.6,1002.7,52.234713311802714
2023-05-14 00:00:00,28.4,1001.1,60.0407336708837
2023-05-14 03:00:00,30.0,1003.6,52.73546662209652
2023-05-14 06:00:00,36.0,1002.2,38.10665255354461
2023-05-14 09:00:00,40.2,999.3,31.694485923523214
2023-05-14 12:00:00,38.6,997.7,29.923040551748976
2023-05-14 15:00:00,33.6,998.1,36.282322547074884
2023-05-14 18:00:00,30.6,999.8,41.91458094264047
2023-05-14 21:00:00,29.0,999.7,44.51259047524573
2023-05-15 00:00:00,27.4,1000.3,50.1232671132093
2023-05-15 03:00:00,29.6,1001.7,46.41150114714314
2023-05-15 06:00:00,36.0,1002.5,37.169643234561036
2023-05-15 09:00:00,40.0,1000.1,26.89344725310161
2023-05-15 12:00:00,39.8,997.7,28.230098704209222
2023-05-15 15:00:00,35.2,998.5,32.77188198042116
2023-05-15 18:00:00,32.6,1000.3,38.13566001710435
2023-05-15 21:00:00,30.2,1000.1,41.538432027068275
2023-05-16 00:00:00,28.8,1002.8,44.458225465282275
2023-05-16 03:00:00,30.6,1003.6,47.566803806032624
2023-05-16 06:00:00,34.8,1004.5,37.77973372953484
2023-05-16 09:00:00,38.2,1002.1,32.75881704368271
2023-05-16 12:00:00,39.0,1000.6,29.65499937595699
2023-05-16 15:00:00,34.2,1002.3,40.80989937663448
2023-05-16 18:00:00,30.0,1003.8,53.7282668311392
2023-05-16 21:00:00,28.8,1003.7,56.51707465542158
2023-05-17 00:00:00,26.6,1003.0,62.29807222676058
2023-05-17 03:00:00,31.0,1005.1,44.770043106471554
2023-05-17 06:00:00,34.8,1005.6,40.46647720039389
2023-05-17 09:00:00,40.4,1002.9,27.339410835342598
2023-05-17 12:00:00,37.2,1001.5,40.120378794241006
2023-05-17 15:00:00,34.8,1003.2,44.39977355119524
2023-05-17 18:00:00,32.0,1005.0,52.26545370306257
2023-05-17 21:00:00,29.6,1004.1,56.01193746410319
2023-05-18 00:00:00,23.8,1010.0,82.80457657896673
2023-05-18 03:00:00,25.2,1010.3,75.68189058367413
2023-05-18 06:00:00,30.2,1010.1,55.12649636528158
2023-05-18 09:00:00,35.8,1007.1,40.73714199718271
2023-05-18 12:00:00,35.0,1006.2,49.610234682009505
2023-05-18 15:00:00,30.4,1006.9,60.12781595604137
2023-05-18 18:00:00,27.8,1007.0,71.61107092213882
2023-05-18 21:00:00,26.0,1006.5,77.68587617563927
2023-05-19 00:00:00,25.0,1006.2,77.06236252506079
2023-05-19 03:00:00,28.8,1007.5,57.58106758326406
2023-05-19 06:00:00,34.4,1006.9,40.10679628839683
2023-05-19 12:00:00,37.6,1002.5,24.945814388080937
2023-05-19 15:00:00,31.8,1003.4,54.17441650106471
2023-05-19 18:00:00,28.4,1004.6,57.48575855515023
2023-05-19 21:00:00,26.8,1002.8,59.67162131243744
2023-05-20 00:00:00,24.4,1003.0,69.24033252213863
2023-05-20 03:00:00,29.4,1004.4,52.25595491573255
2023-05-20 06:00:00,36.2,1004.2,40.09712013821042
2023-05-20 09:00:00,39.6,1002.0,27.302637033308002
2023-05-20 12:00:00,39.8,1000.7,28.230098704209222
2023-05-20 15:00:00,32.4,1001.8,49.24307764278141
2023-05-20 18:00:00,28.6,1002.8,62.738525974561355
2023-05-20 21:00:00,27.2,1001.0,66.83242139369942
2023-05-21 00:00:00,25.2,1002.9,74.29392454783775
2023-05-21 03:00:00,31.2,1004.5,50.47601592432225
2023-05-21 06:00:00,39.8,1004.1,27.528038982058895
2023-05-21 09:00:00,42.0,1002.1,24.958353238215775
2023-05-21 12:00:00,41.2,1001.1,33.35972590679592
2023-05-21 15:00:00,35.4,1001.8,47.07414899040804
2023-05-21 18:00:00,33.6,1002.8,48.35343825000899
2023-05-21 21:00:00,30.4,1002.6,53.164975840995425
2023-05-22 00:00:00,27.6,1002.8,58.01642284156709
2023-05-22 03:00:00,34.0,1004.4,35.03177732418056
2023-05-22 06:00:00,40.2,1004.1,35.61447168582961
2023-05-22 09:00:00,42.6,1002.1,33.93709726284075
2023-05-22 12:00:00,42.6,1000.2,27.569211439649283
2023-05-22 15:00:00,36.6,1001.8,43.26947320144839
2023-05-22 18:00:00,33.0,1003.7,48.794473971805594
2023-05-22 21:00:00,30.8,1003.4,53.595254858449735
2023-05-23 00:00:00,32.2,1004.2,37.54315973232596
2023-05-23 03:00:00,34.0,1004.8,37.798615236203595
2023-05-23 06:00:00,39.8,1004.6,33.600341369790975
2023-05-23 09:00:00,42.6,1001.6,31.174048708342244
2023-05-23 12:00:00,41.8,998.7,35.61117132255699
2023-05-23 15:00:00,35.8,1001.5,31.70402946638879
2023-05-23 18:00:00,33.4,1005.5,41.10468724232743
2023-05-23 21:00:00,29.4,1002.7,58.0813190585354
2023-05-24 00:00:00,27.2,1003.2,65.60582769317126
2023-05-24 03:00:00,30.6,1007.4,50.95223924737435
2023-05-24 06:00:00,32.8,1005.8,48.742535253752614
2023-05-24 09:00:00,32.6,1003.7,49.59948094859373
2023-05-24 12:00:00,32.8,1003.1,41.45966418882386
2023-05-24 15:00:00,29.6,1005.4,51.0137619532381
2023-05-24 18:00:00,26.4,1003.7,66.25782759838835
2023-05-24 21:00:00,25.2,1001.5,68.53404397143257
2023-05-25 00:00:00,24.0,1004.3,69.16319209999386
2023-05-25 03:00:00,27.8,1005.9,59.53100351964522
2023-05-25 06:00:00,32.8,1004.9,46.39069479422688
2023-05-25 09:00:00,35.4,1001.3,41.13483185208627
2023-05-25 12:00:00,35.2,1001.6,41.85004067497884
2023-05-25 15:00:00,29.4,1003.1,60.640804904992116
2023-05-25 18:00:00,26.0,1004.4,71.7285371211518
2023-05-25 21:00:00,23.4,1003.3,82.75736601112055
2023-05-26 00:00:00,22.6,1004.7,84.21619689321432
2023-05-26 03:00:00,25.4,1007.3,66.88311494829222
2023-05-26 06:00:00,31.4,1007.2,46.01865075668593
2023-05-26 09:00:00,33.6,1006.1,43.265309781624985
2023-05-26 12:00:00,33.2,1003.5,45.92473341823114
2023-05-26 15:00:00,29.6,1004.2,54.63879144543691
2023-05-26 18:00:00,28.2,1004.9,62.265326482850305
2023-05-26 21:00:00,27.0,1004.6,66.79201724100693
2023-05-27 00:00:00,26.6,1003.7,72.27790097107153
2023-05-27 03:00:00,20.6,1010.0,100.0
2023-05-27 06:00:00,25.6,1005.8,76.21186522133068
2023-05-27 09:00:00,31.8,1004.3,55.51617347239948
2023-05-27 12:00:00,32.0,1003.4,53.2366666229233
2023-05-27 15:00:00,28.4,1005.1,77.56787120852722
2023-05-27 18:00:00,27.6,1006.0,79.81995065848324
2023-05-27 21:00:00,26.6,1004.6,84.13765842724912
2023-05-28 00:00:00,24.8,1005.5,91.38660473195172
2023-05-28 03:00:00,28.4,1006.5,70.42408506037569
2023-05-28 06:00:00,32.4,1007.3,54.988018967303006
2023-05-28 09:00:00,34.0,1005.2,56.04514311511978
2023-05-28 12:00:00,34.4,1003.2,58.53767634739428
2023-05-28 15:00:00,31.0,1004.4,67.99377352527183
2023-05-28 18:00:00,27.8,1009.0,68.61530293019021
2023-05-28 21:00:00,24.4,1008.8,96.4626030540391
2023-05-29 00:00:00,22.4,1007.6,96.41000840186356
2023-05-29 03:00:00,26.6,1009.5,78.2479077819723
2023-05-29 06:00:00,33.4,1008.2,54.566580431863855
2023-05-29 09:00:00,30.2,1006.3,72.90096632227306
2023-05-29 12:00:00,26.8,1005.3,78.27657315656734
2023-05-29 15:00:00,27.6,1007.5,81.27196286112057
2023-05-29 18:00:00,25.8,1009.5,85.59004257177266
2023-05-29 21:00:00,24.2,1008.2,90.79686054581833
2023-05-30 00:00:00,23.4,1007.9,84.303446850675
2023-05-30 03:00:00,25.4,1009.0,77.59744380650201
2023-05-30 06:00:00,32.6,1008.0,54.04084502929489
2023-05-30 09:00:00,34.8,1005.8,48.369264142818636
2023-05-30 12:00:00,34.2,1003.8,50.93053928782519
2023-05-30 18:00:00,22.0,1007.0,98.18521050372321
2023-05-30 21:00:00,22.0,1006.6,98.18521050372321
2023-05-31 00:00:00,22.0,1006.1,100.0
2023-05-31 03:00:00,23.0,1007.3,98.19871205791138
2023-05-31 06:00:00,29.0,1007.1,66.78535949708609
2023-05-31 09:00:00,30.6,1005.6,63.94211751218886
2023-05-31 12:00:00,30.0,1006.9,60.03674120681294
2023-05-31 15:00:00,23.8,1007.5,88.04366400310334
2023-05-31 18:00:00,23.4,1008.4,92.98462350012163
2023-05-31 21:00:00,22.8,1006.1,94.67340418187906
2023-06-01 00:00:00,21.6,1007.3,98.17976747865679
2023-06-01 03:00:00,24.6,1007.7,81.88902089566457
2023-06-01 06:00:00,25.0,1006.7,75.65014160748107
2023-06-01 09:00:00,31.4,1005.2,52.76094443060454
2023-06-01 15:00:00,27.4,1005.4,76.95386898986409
2023-06-01 18:00:00,25.4,1005.1,75.71358128252226
2023-06-01 21:00:00,24.2,1003.7,78.38291200919527
2023-06-02 00:00:00,22.4,1005.5,87.38305999003406
2023-06-02 03:00:00,26.4,1006.9,66.25782759838835
2023-06-02 06:00:00,31.6,1007.0,46.36105984341474
2023-06-02 12:00:00,32.6,1003.5,57.25602310165981
2023-06-02 15:00:00,30.2,1003.8,62.70350473078234
2023-06-02 18:00:00,28.6,1004.7,66.70492848245004
2023-06-02 21:00:00,27.2,1003.9,69.77298528509857
2023-06-03 00:00:00,23.8,1004.4,79.7941177858265
2023-06-03 03:00:00,27.4,1006.3,67.28568959900366
2023-06-03 06:00:00,33.0,1006.3,50.936406587781846
2023-06-03 09:00:00,34.4,1004.9,49.15636027363035
2023-06-03 12:00:00,35.8,1003.3,35.972362202956724
2023-06-03 15:00:00,30.8,1003.7,52.28529670371479
2023-06-03 18:00:00,28.2,1004.4,63.820534212683214
2023-06-03 21:00:00,26.4,1004.0,72.24270469942108
2023-06-04 00:00:00,27.2,1005.9,69.77298528509857
2023-06-04 03:00:00,25.4,1006.0,86.59275173505719
2023-06-04 06:00:00,31.8,1005.5,66.14596424716504
2023-06-04 09:00:00,32.6,1003.9,64.36278271700262
2023-06-04 12:00:00,30.8,1002.5,67.95498445600064
2023-06-04 15:00:00,30.0,1003.8,67.39116386417841
2023-06-04 18:00:00,27.8,1003.9,77.0138849054383
2023-06-04 21:00:00,25.8,1002.1,82.03579612571595
2023-06-05 00:00:00,25.8,1002.9,80.06341363641829
2023-06-05 03:00:00,29.8,1004.5,67.3516781237725
2023-06-05 06:00:00,34.6,1004.2,49.20781804636321
2023-06-05 09:00:00,37.0,1002.0,41.81986488052018
2023-06-05 12:00:00,37.2,1000.5,40.120378794241006
2023-06-05 15:00:00,31.6,1002.0,62.25158297844957
2023-06-05 18:00:00,29.6,1002.9,71.07014207384191
2023-06-05 21:00:00,26.2,1002.9,82.58282556083142
2023-06-06 00:00:00,24.4,1003.6,89.71497940989825
2023-06-06 03:00:00,28.8,1004.9,62.782198156408256
2023-06-06 06:00:00,34.8,1003.9,46.34728534896258
2023-06-06 09:00:00,37.8,1001.8,38.358163168736645
2023-06-06 12:00:00,36.8,999.6,48.30109559331659
2023-06-06 15:00:00,33.2,1001.3,55.51706303841751
2023-06-06 18:00:00,31.4,1002.7,57.48913124065053
2023-06-06 21:00:00,29.0,1001.7,61.67879224265577
2023-06-07 00:00:00,25.6,1002.7,77.6269764291538
2023-06-07 03:00:00,29.2,1004.2,56.96582316395901
2023-06-07 06:00:00,35.0,1003.6,41.7961255281048
2023-06-07 09:00:00,37.6,1002.5,31.194207410141832
2023-06-07 12:00:00,37.8,1000.0,35.62374199796759
2023-06-07 15:00:00,33.0,1000.7,50.00855048668853
2023-06-07 18:00:00,30.0,1001.9,60.03674120681294
2023-06-07 21:00:00,27.0,1001.9,71.03120402884956
2023-06-08 00:00:00,25.0,1003.1,75.65014160748107
2023-06-08 03:00:00,31.8,1004.2,47.586079386321714
2023-06-08 06:00:00,37.2,1003.1,35.904653948451546
2023-06-08 09:00:00,38.6,1001.0,36.50702148542197
2023-06-08 12:00:00,38.8,998.1,35.02126882076273
2023-06-08 15:00:00,33.4,999.6,48.00543683508618
2023-06-08 18:00:00,30.0,1000.1,57.5102579017241
2023-06-08 21:00:00,28.2,999.7,63.820534212683214
2023-06-09 00:00:00,28.8,1000.8,63.94883649333304
2023-06-09 03:00:00,31.6,1000.9,58.95264595485285
2023-06-09 06:00:00,36.4,999.8,47.908694402066544
2023-06-09 09:00:00,40.0,997.2,31.445728078034875
2023-06-09 12:00:00,39.8,995.1,32.78216640912338
2023-06-09 15:00:00,32.2,997.2,49.19123426488576
2023-06-09 18:00:00,31.4,997.3,47.185028529026276
2023-06-09 21:00:00,30.2,997.2,49.28378027609706
2023-06-10 00:00:00,27.8,997.7,66.13551830732304
2023-06-10 03:00:00,32.6,999.3,49.59948094859373
2023-06-10 06:00:00,38.4,999.2,42.19357317571454
2023-06-10 09:00:00,40.8,995.9,35.34368365734114
2023-06-10 12:00:00,39.0,994.3,38.446811806277424
2023-06-10 15:00:00,34.7,996.1,45.75695158785809
2023-06-10 18:00:00,32.5,997.6,50.18801543127529
2023-06-10 21:00:00,30.6,996.8,54.547295560496046
2023-06-11 00:00:00,28.2,998.0,70.38726092133687
2023-06-11 03:00:00,29.2,999.9,66.82547661101904
2023-06-11 06:00:00,35.2,999.4,47.887740242840856
2023-06-11 09:00:00,38.0,997.2,37.48098388067243
2023-06-11 12:00:00,38.0,995.4,40.09051743468921
2023-06-11 15:00:00,34.0,996.6,48.75448871884437
2023-06-11 18:00:00,31.2,998.0,59.58083797061803
2023-06-11 21:00:00,30.0,997.0,63.8146323928593
2023-06-12 00:00:00,29.6,997.9,67.31212756795189
2023-06-12 03:00:00,33.6,998.6,53.632996598820334
2023-06-12 06:00:00,37.0,997.9,48.35250304538567
2023-06-12 09:00:00,39.6,996.1,41.50490228047933
2023-06-12 12:00:00,39.2,994.3,40.41199670192585
2023-06-12 15:00:00,36.4,996.4,51.79231822369732
2023-06-12 18:00:00,33.8,997.7,60.52964398250845
2023-06-12 21:00:00,31.4,997.3,67.26247234040332
2023-06-13 00:00:00,30.8,997.9,69.18743090524858
2023-06-13 03:00:00,33.8,998.9,53.682250230841014
2023-06-13 06:00:00,39.4,997.8,41.45172720267665
2023-06-13 09:00:00,41.2,995.9,37.20540787830379
2023-06-13 12:00:00,41.4,993.4,39.08886026144689
2023-06-13 15:00:00,37.2,994.6,44.76384345392164
2023-06-13 18:00:00,35.6,997.0,47.126320222245404
2023-06-13 21:00:00,33.4,996.8,52.2972859735491
2023-06-14 00:00:00,30.6,998.1,56.94918492640599
2023-06-14 03:00:00,34.0,1000.2,54.05676031075814
2023-06-14 06:00:00,38.2,998.0,47.51550944363905
2023-06-14 09:00:00,40.2,996.9,42.92536934286338
2023-06-14 12:00:00,40.0,994.8,46.31049650209447
2023-06-14 15:00:00,37.2,996.7,50.46912360311821
2023-06-14 18:00:00,36.0,998.7,52.31450796094774
2023-06-14 21:00:00,32.8,997.8,59.58555475694366
2023-06-15 00:00:00,30.2,998.1,69.0741524820506
2023-06-15 03:00:00,33.0,1000.1,55.468825283877344
2023-06-15 06:00:00,36.0,1001.1,50.46801146991017
2023-06-15 09:00:00,36.0,999.7,54.5432379644633
2023-06-15 15:00:00,33.6,998.5,58.00441896805416
2023-06-15 18:00:00,31.0,999.6,63.258166707380134
2023-06-15 21:00:00,29.8,999.2,67.3516781237725
2023-06-16 00:00:00,29.0,999.4,61.67879224265577
2023-06-16 03:00:00,33.2,1000.5,50.059858025093185
2023-06-16 06:00:00,37.0,1000.1,54.14093100320115
2023-06-16 09:00:00,37.8,997.9,41.77941499803934
2023-06-16 12:00:00,29.4,997.9,86.44896966030107
2023-06-16 15:00:00,30.4,998.6,89.61803111590942
2023-06-16 18:00:00,29.4,999.2,91.12987608237039
2023-06-16 21:00:00,28.8,998.4,90.55942797559786
2023-06-17 00:00:00,28.4,998.9,84.83323810049623
2023-06-17 03:00:00,30.2,1001.0,71.60525312499601
2023-06-17 06:00:00,34.2,1000.9,57.45282698261636
2023-06-17 09:00:00,37.8,998.5,47.12978764572158
2023-06-17 12:00:00,37.6,996.4,50.870668876310155
2023-06-17 15:00:00,32.6,998.9,65.52306428907129
2023-06-17 18:00:00,30.4,1000.6,71.64060697493404
2023-06-17 21:00:00,28.8,1000.1,76.24353220041739
2023-06-18 00:00:00,29.6,1000.0,71.07014207384191
2023-06-18 03:00:00,32.2,1002.1,69.03930501374236
2023-06-18 06:00:00,34.0,1000.8,62.77037868066636
2023-06-18 09:00:00,36.0,998.0,57.530492699389136
2023-06-18 12:00:00,34.6,997.4,54.52982508908034
2023-06-18 15:00:00,32.8,997.7,62.13958951433999
2023-06-18 18:00:00,31.2,998.6,66.82152314124305
2023-06-18 21:00:00,30.0,997.6,69.03626644470846
2023-06-19 00:00:00,28.6,998.3,72.18874813372028
2023-06-19 03:00:00,27.2,1000.0,96.53432701791446
2023-06-19 06:00:00,27.8,999.8,88.89979374390309
2023-06-19 09:00:00,33.4,997.2,63.76827162149033
2023-06-19 12:00:00,29.2,996.5,81.95548127118022
2023-06-19 15:00:00,29.0,997.1,84.89506306062921
2023-06-19 18:00:00,28.4,997.5,86.35566419509173
2023-06-19 21:00:00,27.6,997.1,87.31379479213656
2023-06-20 00:00:00,28.0,998.1,84.79181717750924
2023-06-20 03:00:00,30.2,999.9,81.1147334710309
2023-06-20 06:00:00,34.4,999.5,67.84590048124622
2023-06-20 09:00:00,37.6,997.5,48.79655470248206
2023-06-20 12:00:00,36.4,996.4,49.668243867326865
2023-06-20 15:00:00,31.4,997.7,72.24352874821913
2023-06-20 18:00:00,30.2,998.9,74.2171474546091
2023-06-20 21:00:00,29.4,998.8,77.71354294293734
2023-06-21 00:00:00,29.0,999.9,80.48371679996085
2023-06-21 03:00:00,29.2,1001.6,84.91559008084812
2023-06-21 06:00:00,30.8,1001.2,77.00117625197225
2023-06-21 09:00:00,36.2,998.5,56.90141318081153
2023-06-21 12:00:00,36.6,996.3,56.99489238429928
2023-06-21 15:00:00,33.4,998.2,68.4542986966963
2023-06-21 18:00:00,30.8,999.8,71.71113203855039
2023-06-21 21:00:00,29.4,999.5,74.97860136800087
2023-06-22 00:00:00,28.8,999.6,92.16646996907035
2023-06-22 03:00:00,29.6,1001.8,92.2106512336583
2023-06-22 06:00:00,32.4,1001.4,69.07688914571028
2023-06-22 09:00:00,36.8,998.6,54.09249800503277
2023-06-22 12:00:00,36.4,996.6,57.96331263280552
2023-06-22 15:00:00,34.0,997.3,62.77037868066636
2023-06-22 18:00:00,33.6,998.5,62.6845670375821
2023-06-22 21:00:00,32.4,997.9,69.07688914571028
2023-06-23 00:00:00,28.4,998.7,92.14424033203443
2023-06-23 03:00:00,31.6,1000.2,73.57131384659597
2023-06-23 06:00:00,35.2,1001.5,58.02912462233106
2023-06-23 09:00:00,37.0,998.5,53.18854985835784
2023-06-23 12:00:00,35.8,996.5,61.692070231226595
2023-06-23 15:00:00,34.0,997.8,67.37244576814547
2023-06-23 18:00:00,32.2,998.1,74.979976618763
2023-06-23 21:00:00,31.2,998.4,81.23924051845427
2023-06-24 00:00:00,31.2,998.5,81.23924051845427
2023-06-24 03:00:00,32.4,999.8,69.07688914571028
2023-06-24 06:00:00,36.6,999.4,51.842111339562344
2023-06-24 09:00:00,35.4,998.0,63.81179206152036
2023-06-24 12:00:00,32.8,996.4,65.56377770296238
2023-06-24 15:00:00,30.6,997.8,72.96898936310727
2023-06-24 18:00:00,30.0,999.7,78.26294962837345
2023-06-24 21:00:00,29.4,999.1,80.53536024141098
2023-06-25 00:00:00,25.2,1000.5,100.0
2023-06-25 03:00:00,24.6,1002.2,100.0
2023-06-25 06:00:00,25.4,1002.6,100.0
2023-06-25 09:00:00,25.4,1001.5,98.23050936880627
2023-06-25 12:00:00,28.6,998.9,87.91868204829599
2023-06-25 15:00:00,27.2,1000.0,92.07698925377626
2023-06-25 18:00:00,27.0,1002.1,93.71791865005993
2023-06-26 00:00:00,26.6,1000.9,96.51914127003087
2023-06-26 03:00:00,28.6,1001.9,88.96156313904507
2023-06-26 06:00:00,31.4,1002.6,76.18814229624397
2023-06-26 09:00:00,32.2,1000.6,69.03930501374236
2023-06-26 12:00:00,30.6,998.4,76.97150804274018
2023-06-26 15:00:00,30.4,999.5,70.36635155961307
2023-06-26 18:00:00,28.6,1001.3,77.59711341151534
2023-06-26 21:00:00,27.8,1000.1,78.41909711972701
2023-06-27 00:00:00,25.8,1000.1,100.0
2023-06-27 03:00:00,26.4,1000.6,96.51405730461323
2023-06-27 06:00:00,31.6,1000.8,76.21857827105511
2023-06-27 09:00:00,33.4,999.0,67.25543915862544
2023-06-27 12:00:00,32.0,997.6,79.0033862804747
2023-06-27 15:00:00,30.6,998.8,82.60607945629376
2023-06-27 18:00:00,29.6,1001.1,88.00194722290112
2023-06-27 21:00:00,28.6,1000.5,88.96156313904507
2023-06-28 00:00:00,28.0,1000.7,88.91528354225218
2023-06-28 03:00:00,30.4,1001.7,81.13972960661955
2023-06-28 06:00:00,34.4,1001.8,65.50141485922862
2023-06-28 09:00:00,35.4,999.8,60.52699050467956
2023-06-28 12:00:00,29.0,999.4,76.27419595958764
2023-06-28 15:00:00,29.6,1000.1,88.00194722290112
2023-06-28 18:00:00,29.0,1001.7,90.57266984744003
2023-06-28 21:00:00,28.2,1000.6,90.51953760720181
2023-06-29 00:00:00,28.4,1000.7,93.78062725022617
2023-06-29 03:00:00,24.6,1003.1,100.0
2023-06-29 06:00:00,26.6,1002.1,100.0
2023-06-29 09:00:00,32.2,998.4,74.10487661671202
2023-06-29 12:00:00,33.2,997.5,70.45783465512956
2023-06-29 18:00:00,29.2,999.5,84.91559008084812
2023-06-29 21:00:00,28.4,998.7,87.90192756472376
2023-06-30 00:00:00,26.0,998.7,94.79622941585653
2023-06-30 03:00:00,27.8,999.6,92.11072068322818
2023-06-30 06:00:00,32.0,1000.1,73.63761837389029
2023-06-30 09:00:00,28.4,997.6,90.53286192976505
2023-06-30 12:00:00,27.4,996.7,96.53936698995483
2023-06-30 15:00:00,27.2,997.9,95.40267171979633
2023-06-30 18:00:00,27.0,999.0,96.5292760949642
2023-06-30 21:00:00,25.6,998.2,98.23312117951836
2023-07-01 00:00:00,25.8,998.5,98.23572722928968
2023-07-01 03:00:00,28.0,999.8,88.91528354225218
2023-07-01 06:00:00,31.4,1000.6,73.53807422593974
2023-07-01 09:00:00,33.8,998.8,66.15514213531858
2023-07-01 12:00:00,34.2,997.6,65.46087940474851
2023-07-01 15:00:00,30.6,999.2,76.97150804274018
2023-07-01 18:00:00,28.8,1001.9,83.37928484286573
2023-07-01 21:00:00,27.6,1000.8,92.09950049107172
2023-07-02 00:00:00,27.2,1000.0,92.07698925377626
2023-07-02 03:00:00,29.4,1001.1,84.9360766224706
2023-07-02 06:00:00,32.8,1000.8,65.56377770296238
2023-07-02 09:00:00,34.8,998.5,54.57837119757018
2023-07-02 12:00:00,35.4,996.7,54.073991186560164
2023-07-02 15:00:00,32.0,998.45,71.07626571001893
2023-07-02 18:00:00,30.6,1000.2,76.97150804274018
2023-07-02 21:00:00,29.4,999.6,81.97957178446406
2023-07-03 00:00:00,29.0,999.8,87.95208930052544
2023-07-03 03:00:00,31.0,1000.5,76.1271052167908
2023-07-03 06:00:00,34.2,999.9,59.54690108998311
2023-07-03 09:00:00,36.4,997.9,51.79231822369732
2023-07-03 12:00:00,37.6,996.2,53.65040916887702
2023-07-03 15:00:00,34.2,997.1,67.80744627376714
2023-07-03 18:00:00,32.4,998.9,74.13743365834232
2023-07-03 21:00:00,30.8,998.3,79.77185498360923
2023-07-04 00:00:00,30.8,997.6,79.77185498360923
2023-07-04 03:00:00,32.4,998.2,75.45207406041715
2023-07-04 06:00:00,34.8,998.7,65.58229461658019
2023-07-04 09:00:00,34.4,998.1,71.08573973066518
2023-07-04 12:00:00,30.2,996.4,75.55406963834521
2023-07-04 15:00:00,31.4,996.4,77.54420157006253
2023-07-04 18:00:00,30.6,998.9,78.34767637456054
2023-07-04 21:00:00,29.8,997.6,82.51286135002354
2023-07-05 00:00:00,29.2,997.5,84.91559008084812
2023-07-05 03:00:00,30.0,998.7,84.99729439748566
2023-07-05 06:00:00,34.0,998.4,65.03583657618948
2023-07-05 09:00:00,34.8,995.9,63.31273208033373
2023-07-05 12:00:00,34.2,997.0,67.80744627376714
2023-07-05 15:00:00,27.0,998.2,96.5292760949642
2023-07-05 18:00:00,27.0,999.2,96.5292760949642
2023-07-05 21:00:00,26.6,998.4,96.51914127003087
2023-07-06 00:00:00,27.6,998.6,95.41595470562915
2023-07-06 03:00:00,29.8,999.8,83.49088910584811
2023-07-06 06:00:00,26.8,1001.5,93.70888380751718
2023-07-06 09:00:00,30.0,999.8,81.08968974474207
2023-07-06 12:00:00,29.8,998.1,79.63860889063328
2023-07-06 15:00:00,28.6,1000.4,83.35683314726084
2023-07-06 18:00:00,28.2,1000.8,87.36638064071765
2023-07-06 21:00:00,27.6,1000.5,88.88427217188078
2023-07-07 00:00:00,27.4,1000.7,92.08825670296545
2023-07-07 03:00:00,29.6,1001.9,79.6118092261478
2023-07-07 06:00:00,31.4,1002.0,73.53807422593974
2023-07-07 09:00:00,33.6,999.5,69.70861962540543
2023-07-07 12:00:00,32.8,998.3,74.20237605491754
2023-07-07 15:00:00,30.8,1000.5,79.77185498360923
2023-07-07 18:00:00,29.6,1001.3,81.03945906223336
2023-07-07 21:00:00,28.6,1000.9,81.88293095675748
2023-07-08 00:00:00,26.4,1001.1,96.51405730461323
2023-07-08 03:00:00,27.0,1002.1,96.5292760949642
2023-07-08 06:00:00,26.8,1001.6,100.0
2023-07-08 09:00:00,26.2,999.9,100.0
2023-07-08 12:00:00,26.4,998.9,100.0
2023-07-08 15:00:00,27.2,1000.1,96.53432701791446
2023-07-08 18:00:00,27.0,1000.8,98.25124348905271
2023-07-08 21:00:00,26.4,1000.1,100.0
2023-07-09 00:00:00,26.0,999.2,96.503856108436
2023-07-09 03:00:00,27.0,1000.4,100.0
2023-07-09 06:00:00,28.8,1000.3,93.7983735302794
2023-07-09 09:00:00,28.0,999.4,98.26401833820742
2023-07-09 12:00:00,25.8,998.1,100.0
2023-07-09 15:00:00,25.8,1000.0,100.0
2023-07-09 18:00:00,25.8,1001.8,100.0
2023-07-09 21:00:00,25.8,1000.4,100.0
2023-07-10 00:00:00,26.0,1000.3,100.0
2023-07-10 03:00:00,28.4,1000.5,95.44234995416194
2023-07-10 06:00:00,29.8,1000.5,91.15475347220371
2023-07-10 09:00:00,28.6,999.5,96.00771824394937
2023-07-10 12:00:00,28.4,998.7,92.14424033203443
2023-07-10 15:00:00,26.0,1000.2,100.0
2023-07-10 18:00:00,25.8,1000.2,96.49873881355717
2023-07-10 21:00:00,25.8,1000.6,98.23572722928968
2023-07-11 00:00:00,26.0,1000.1,100.0
2023-07-11 03:00:00,26.6,1001.1,96.51914127003087
2023-07-11 06:00:00,28.4,1001.4,92.14424033203443
2023-07-11 09:00:00,32.0,999.8,73.63761837389029
2023-07-11 12:00:00,31.4,998.9,77.54420157006253
2023-07-11 15:00:00,29.4,999.4,86.44896966030107
2023-07-11 18:00:00,28.2,1000.6,92.13309053912468
2023-07-11 21:00:00,27.2,999.9,93.72693426762005
2023-07-12 00:00:00,27.8,999.4,93.7538663078413
2023-07-12 03:00:00,29.2,1000.5,87.96874224697314
2023-07-12 06:00:00,31.0,1000.3,82.65241993308152
2023-07-12 09:00:00,32.0,998.9,76.27928569930424
2023-07-12 12:00:00,31.2,998.4,79.82480457377302
2023-07-12 15:00:00,29.4,999.0,80.53536024141098
2023-07-12 18:00:00,28.8,1000.9,81.90716097068722
2023-07-12 21:00:00,28.0,999.7,84.79181717750924
2023-07-13 00:00:00,27.4,998.6,92.08825670296545
2023-07-13 03:00:00,28.6,1000.4,90.54615869442738
2023-07-13 06:00:00,33.2,1000.9,71.70815945941659
2023-07-13 09:00:00,31.8,999.4,87.17095630129825
2023-07-13 12:00:00,33.0,998.5,74.23476165310379
2023-07-13 15:00:00,29.8,999.1,83.49088910584811
2023-07-13 18:00:00,29.0,1000.6,87.95208930052544
2023-07-13 21:00:00,28.4,1000.0,91.60435153776123
2023-07-14 00:00:00,28.0,1000.7,92.12191734434786
2023-07-14 03:00:00,29.4,1001.9,87.98536152503398
2023-07-14 06:00:00,31.6,1002.4,77.57315316138988
2023-07-14 09:00:00,32.6,1000.6,76.81671358719
2023-07-14 12:00:00,33.2,998.1,67.21631066718778
2023-07-14 15:00:00,30.0,1000.2,82.53623329490637
2023-07-14 18:00:00,29.4,1001.4,86.44896966030107
2023-07-14 21:00:00,28.8,1000.5,89.50172004038727
2023-07-15 00:00:00,28.2,1000.3,92.13309053912468
2023-07-15 03:00:00,29.6,1001.0,84.95652278782288
2023-07-15 06:00:00,32.4,1001.4,69.07688914571028
2023-07-15 09:00:00,34.4,999.0,64.35595460211525
2023-07-15 12:00:00,32.0,998.4,77.63089769639963
2023-07-15 15:00:00,27.2,1000.6,96.53432701791446
2023-07-15 18:00:00,27.2,1001.4,96.53432701791446
2023-07-15 21:00:00,26.6,1000.8,96.51914127003087
2023-07-16 00:00:00,26.6,1000.7,98.24609415561163
2023-07-16 03:00:00,27.2,1002.3,92.07698925377626
2023-07-16 06:00:00,30.6,1001.6,78.34767637456054
2023-07-16 09:00:00,33.4,999.4,67.25543915862544
2023-07-16 12:00:00,32.4,998.2,69.07688914571028
2023-07-16 15:00:00,28.2,999.0,93.77172585847173
2023-07-16 18:00:00,28.6,1000.6,97.13390683461627
2023-07-16 21:00:00,28.0,999.7,96.5544215144089
2023-07-17 00:00:00,28.4,999.6,98.26908922710548
2023-07-17 03:00:00,29.6,1001.1,81.03945906223336
2023-07-17 06:00:00,32.4,1000.5,71.56807265043355
2023-07-17 09:00:00,32.8,998.7,78.19890188592703
2023-07-17 12:00:00,33.2,996.3,75.57620351995676
2023-07-17 15:00:00,32.0,998.4,80.39702320863196
2023-07-17 18:00:00,30.4,1000.1,85.53649748682237
2023-07-17 21:00:00,29.2,999.4,89.53097661456914
2023-07-18 00:00:00,28.2,998.7,92.13309053912468
2023-07-18 03:00:00,29.6,1000.5,89.56011356164207
2023-07-18 06:00:00,32.2,1000.2,76.30955739524246
2023-07-18 09:00:00,30.4,999.4,86.54134775739186
2023-07-18 12:00:00,30.2,997.4,93.85989770437668
2023-07-18 15:00:00,29.0,998.9,87.95208930052544
2023-07-18 18:00:00,28.8,1000.3,92.16646996907035
2023-07-18 21:00:00,28.2,999.4,93.77172585847173
2023-07-19 00:00:00,28.4,999.6,93.78062725022617
2023-07-19 03:00:00,30.2,1000.1,85.01762004491522
2023-07-19 06:00:00,32.6,1000.0,76.81671358719
2023-07-19 09:00:00,35.4,998.1,61.605105555159014
2023-07-19 12:00:00,35.0,996.8,65.62263913987401
2023-07-19 15:00:00,32.2,998.4,71.53290094917851
2023-07-19 18:00:00,30.8,999.4,82.62927198490198
2023-07-19 21:00:00,29.4,998.0,87.98536152503398
2023-07-20 00:00:00,29.6,999.5,88.00194722290112
2023-07-20 03:00:00,32.2,1000.4,74.979976618763
2023-07-20 06:00:00,35.8,999.7,59.555580295945774
2023-07-20 09:00:00,37.0,997.9,56.421343804401914
2023-07-20 15:00:00,34.6,997.7,64.39740048201318
2023-07-20 18:00:00,33.2,999.9,67.21631066718778
2023-07-20 21:00:00,32.2,998.8,69.03930501374236
2023-07-21 00:00:00,29.8,1000.2,82.51286135002354
2023-07-21 03:00:00,33.0,1001.3,72.94417143512577
2023-07-21 06:00:00,36.0,1001.5,60.659807311928596
2023-07-21 09:00:00,37.4,999.5,54.557983485146366
2023-07-21 12:00:00,36.6,998.5,59.03952050036111
2023-07-21 15:00:00,33.0,1000.9,72.94417143512577
2023-07-21 18:00:00,32.2,1002.2,79.03064484736562
2023-07-21 21:00:00,31.4,1000.7,81.26400040514575
2023-07-22 00:00:00,30.2,1003.0,85.01762004491522
2023-07-22 03:00:00,32.4,1004.3,75.45207406041715
2023-07-22 06:00:00,34.4,1004.6,69.0453935523037
2023-07-22 09:00:00,35.4,1002.6,66.08722744082345
2023-07-22 12:00:00,35.6,1000.7,60.57132730175924
2023-07-22 15:00:00,32.6,1001.3,71.60318423066752
2023-07-22 18:00:00,31.4,1003.5,74.85285642920122
2023-07-22 21:00:00,30.2,1003.1,79.69205742002245
2023-07-23 00:00:00,29.8,1003.7,82.51286135002354
2023-07-23 03:00:00,31.6,1005.0,71.00478678077775
2023-07-23 06:00:00,35.4,1003.8,61.605105555159014
2023-07-23 12:00:00,34.4,999.9,70.26336932149452
2023-07-23 15:00:00,32.6,1000.7,72.87668440277191
2023-07-23 18:00:00,31.8,1001.7,74.91652960815853
2023-07-23 21:00:00,31.0,1001.0,77.48613913975385
2023-07-24 00:00:00,30.8,1001.8,78.83876924924562
2023-07-24 03:00:00,32.0,1002.8,77.63089769639963
2023-07-24 06:00:00,36.0,1001.4,59.60057162936797
2023-07-24 09:00:00,37.6,998.9,53.65040916887702
2023-07-24 12:00:00,36.2,997.2,63.237721036518394
2023-07-24 15:00:00,32.4,999.3,67.85998060995067
2023-07-24 18:00:00,31.6,1001.1,71.00478678077775
2023-07-24 21:00:00,30.2,1000.0,75.55406963834521
2023-07-25 00:00:00,30.8,999.5,78.37581423848806
2023-07-25 03:00:00,31.4,1002.3,82.69858252316531
2023-07-25 06:00:00,34.6,1001.6,66.70410661306867
2023-07-25 09:00:00,35.2,1000.1,60.12663558886312
2023-07-25 12:00:00,33.0,998.9,71.67322751398581
2023-07-25 15:00:00,31.0,1001.0,84.11259923098856
2023-07-25 18:00:00,30.0,1002.1,88.03501822943302
2023-07-25 21:00:00,29.4,1001.7,89.54556000162309
2023-07-26 00:00:00,26.4,1002.9,94.81128607168019
2023-07-26 03:00:00,25.2,1004.2,100.0
2023-07-26 06:00:00,25.6,1005.1,98.23312117951836
2023-07-26 09:00:00,27.0,1003.6,96.5292760949642
2023-07-26 12:00:00,30.2,1001.0,79.69205742002245
2023-07-26 15:00:00,28.6,1001.7,86.37440005285019
2023-07-26 18:00:00,27.8,1003.6,88.37426725854071
2023-07-26 21:00:00,27.0,1002.5,92.06569807815053
2023-07-27 00:00:00,26.8,1002.5,93.70888380751718
2023-07-27 03:00:00,28.6,1003.5,84.8538871735531
2023-07-27 06:00:00,32.2,1002.7,72.80896276194781
2023-07-27 09:00:00,33.8,1000.5,68.53017385519429
2023-07-27 12:00:00,31.0,999.2,78.40390010984709
2023-07-27 15:00:00,29.6,1000.9,83.46865512129703
2023-07-27 18:00:00,29.2,1002.1,84.91559008084812
2023-07-27 21:00:00,28.6,1001.8,86.37440005285019
2023-07-28 00:00:00,27.8,999.5,90.49280598950578
2023-07-28 03:00:00,29.6,1000.7,84.95652278782288
2023-07-28 06:00:00,32.0,1000.2,72.34703340707203
2023-07-28 09:00:00,31.8,999.8,77.60205183026918
2023-07-28 12:00:00,32.8,997.0,71.63823581141993
2023-07-28 15:00:00,26.4,999.8,100.0
2023-07-28 18:00:00,26.0,1000.5,100.0
2023-07-28 21:00:00,25.8,999.6,98.23572722928968
2023-07-29 00:00:00,26.2,998.0,100.0
2023-07-29 03:00:00,26.6,1000.2,96.51914127003087
2023-07-29 06:00:00,28.8,1000.7,86.39309843177878
2023-07-29 09:00:00,29.8,999.1,81.06459831337503
2023-07-29 12:00:00,30.0,997.6,81.08968974474207
2023-07-29 15:00:00,29.0,998.8,84.89506306062921
2023-07-29 18:00:00,28.2,1000.1,88.93074165144274
2023-07-29 21:00:00,26.4,999.2,97.66403999895587
2023-07-30 00:00:00,26.4,999.5,97.66403999895587
2023-07-30 03:00:00,28.0,999.7,85.80667728802291
2023-07-30 06:00:00,32.4,999.6,69.07688914571028
2023-07-30 09:00:00,34.0,997.0,65.03583657618948
2023-07-30 12:00:00,33.8,995.0,62.727505384680136
2023-07-30 15:00:00,30.6,997.6,76.97150804274018
2023-07-30 18:00:00,29.8,998.5,83.49088910584811
2023-07-30 21:00:00,28.8,997.5,87.93540259721783
2023-07-31 00:00:00,28.2,998.1,90.51953760720181
2023-07-31 03:00:00,30.0,999.0,86.50450703984572
2023-07-31 06:00:00,32.6,998.9,66.70160074556692
2023-07-31 09:00:00,34.2,997.4,62.81318702880705
2023-07-31 12:00:00,34.4,995.2,61.02394829813572
2023-07-31 15:00:00,32.2,996.6,72.80896276194781
2023-07-31 18:00:00,31.2,997.9,78.89384535394599
2023-07-31 21:00:00,30.0,996.7,83.5130798716472
2023-08-01 00:00:00,28.0,997.1,84.79181717750924
2023-08-01 03:00:00,30.2,998.3,79.69205742002245
2023-08-01 06:00:00,33.8,997.9,66.15514213531858
2023-08-01 09:00:00,35.4,995.8,57.05144460973204
2023-08-01 12:00:00,35.4,994.1,56.04341471814388
2023-08-01 15:00:00,32.6,995.4,65.52306428907129
2023-08-01 18:00:00,32.0,996.7,67.38029965170892
2023-08-01 21:00:00,31.2,995.9,69.67698198453844
2023-08-02 00:00:00,30.4,996.6,71.64060697493404
2023-08-02 03:00:00,30.4,998.4,78.31948639832048
2023-08-02 06:00:00,33.6,998.7,67.29450442917697
2023-08-02 09:00:00,35.2,996.7,63.76997746892072
2023-08-02 12:00:00,32.2,995.9,72.80896276194781
2023-08-02 15:00:00,30.0,997.2,78.26294962837345
2023-08-02 18:00:00,27.6,998.1,96.54439604252043
2023-08-02 21:00:00,27.2,997.1,100.0
2023-08-03 00:00:00,27.0,997.7,95.39600874452509
2023-08-03 03:00:00,30.2,997.7,78.29124418971334
2023-08-03 06:00:00,32.6,998.5,69.11441091335229
2023-08-03 09:00:00,34.0,996.8,65.03583657618948
2023-08-03 12:00:00,33.6,995.5,72.19806731088487
2023-08-03 15:00:00,30.8,997.5,77.00117625197225
2023-08-03 18:00:00,30.2,998.4,82.5595602209085
2023-08-03 21:00:00,29.0,997.4,84.89506306062921
2023-08-04 00:00:00,28.6,998.6,83.35683314726084
2023-08-04 03:00:00,28.0,999.5,93.76280556198172
2023-08-04 06:00:00,29.8,1001.5,86.48603151527291
2023-08-04 09:00:00,31.6,999.9,73.57131384659597
2023-08-04 12:00:00,33.2,998.0,70.45783465512956
2023-08-04 15:00:00,26.6,1001.5,100.0
2023-08-04 18:00:00,27.2,1002.0,100.0
2023-08-04 21:00:00,26.8,1000.9,100.0
2023-08-05 00:00:00,28.0,1001.1,98.26401833820742
2023-08-05 03:00:00,26.0,1002.8,100.0
2023-08-05 06:00:00,29.2,1002.9,89.53097661456914
2023-08-05 09:00:00,31.4,1001.1,84.15523454383928
2023-08-05 12:00:00,32.6,999.0,70.34917736761386
2023-08-05 15:00:00,31.6,1000.4,74.88472135092377
2023-08-05 18:00:00,30.8,1000.8,77.00117625197225
2023-08-05 21:00:00,30.0,999.5,79.66535824918688
2023-08-06 00:00:00,29.4,999.2,81.97957178446406
2023-08-06 03:00:00,29.8,1000.7,76.85229197010862
2023-08-06 06:00:00,33.4,1000.2,62.269883795368706
2023-08-06 09:00:00,34.6,997.3,58.933037767250966
2023-08-06 12:00:00,34.2,995.7,61.707439726266486
2023-08-06 15:00:00,31.4,997.3,61.08987992237482
2023-08-06 18:00:00,30.0,997.6,71.5698382304094
2023-08-06 21:00:00,28.8,996.0,74.88236905493878
2023-08-07 00:00:00,28.0,996.1,78.44744220055776
2023-08-07 03:00:00,29.4,998.1,73.6429959001216
2023-08-07 06:00:00,32.8,997.5,62.13958951433999
2023-08-07 09:00:00,33.2,995.3,63.34828851792842
2023-08-07 12:00:00,32.6,994.3,61.72510709079442
2023-08-07 18:00:00,29.2,996.6,73.60956501820533
2023-08-07 21:00:00,28.4,995.7,77.56787120852722
2023-08-08 00:00:00,27.8,996.6,79.84670514036797
2023-08-08 03:00:00,29.2,998.5,73.60956501820533
2023-08-08 06:00:00,31.8,998.2,63.81127171847181
2023-08-08 09:00:00,33.4,997.6,61.166394066179166
2023-08-08 12:00:00,32.8,997.1,66.74127585978114
2023-08-08 15:00:00,31.4,998.4,67.26247234040332
2023-08-08 18:00:00,30.2,1000.0,72.90096632227306
2023-08-08 21:00:00,29.0,998.8,77.65543578652992
2023-08-09 00:00:00,28.2,1000.2,77.5385748300523
2023-08-09 03:00:00,29.4,1002.4,73.6429959001216
2023-08-09 06:00:00,31.4,1003.1,69.71409411644107
2023-08-09 09:00:00,33.6,1001.7,61.576188549831414
2023-08-09 12:00:00,33.4,1000.6,66.07497389595794
2023-08-09 15:00:00,31.8,1001.6,71.04055669606059
2023-08-09 18:00:00,31.2,1002.5,73.50477620307173
2023-08-09 21:00:00,30.4,1001.6,75.58532357148971
2023-08-10 00:00:00,29.2,1001.9,80.5095630310082
2023-08-10 03:00:00,29.8,1004.1,74.15162297941144
2023-08-10 06:00:00,32.4,1004.5,63.9379440059793
2023-08-10 09:00:00,34.4,1002.6,61.02394829813572
2023-08-10 12:00:00,34.0,1001.5,66.19513066409054
2023-08-10 15:00:00,30.0,1002.9,85.99952899834169
2023-08-10 18:00:00,29.0,1003.8,74.91450415439337
2023-08-10 21:00:00,28.2,1003.0,76.15120458899845
2023-08-11 00:00:00,28.4,1003.4,76.18203664070896
2023-08-11 03:00:00,29.4,1004.6,72.764203450273
2023-08-11 06:00:00,33.4,1003.7,60.08005109311657
2023-08-11 09:00:00,34.6,1002.2,55.51953672301835
2023-08-11 12:00:00,34.2,1000.6,57.45282698261636
2023-08-11 15:00:00,31.6,1001.8,71.00478678077775
2023-08-11 18:00:00,31.0,1002.1,67.99377352527183
2023-08-11 21:00:00,29.8,1001.2,76.85229197010862
2023-08-12 00:00:00,28.8,1001.8,69.22673360721909
2023-08-12 03:00:00,29.2,1002.6,69.30240807153618
2023-08-12 06:00:00,33.4,1002.0,61.166394066179166
2023-08-12 09:00:00,35.0,1000.4,52.695904978436104
2023-08-12 12:00:00,34.4,997.9,54.154564287934356
2023-08-12 15:00:00,32.6,998.7,57.422989250564385
2023-08-12 18:00:00,31.0,999.8,60.63128269788534
2023-08-12 21:00:00,29.6,999.0,66.09873806993735
2023-08-13 00:00:00,28.0,998.3,72.96396353006286
2023-08-13 03:00:00,28.4,999.1,74.36799871191788
2023-08-13 06:00:00,32.6,999.8,63.22051607138405
2023-08-13 09:00:00,34.2,998.1,59.54690108998311
2023-08-13 12:00:00,32.8,997.5,63.26317222090716
2023-08-13 15:00:00,31.8,999.1,64.96944081021161
2023-08-13 18:00:00,31.4,1000.0,64.49787905022467
2023-08-13 21:00:00,30.6,998.9,67.91613145039247
2023-08-14 00:00:00,28.8,1001.9,76.24353220041739
2023-08-14 03:00:00,29.2,1003.5,74.94658155009306
2023-08-14 06:00:00,32.0,1004.1,63.85356133058713
2023-08-14 09:00:00,34.4,1002.3,58.53767634739428
2023-08-14 12:00:00,33.6,1000.9,61.576188549831414
2023-08-14 15:00:00,30.4,1002.9,72.93500760473812
2023-08-14 18:00:00,29.0,1004.0,83.40169277956687
2023-08-14 21:00:00,28.0,1003.5,85.80667728802291
2023-08-15 00:00:00,28.0,1003.1,85.80667728802291
2023-08-15 03:00:00,29.0,1003.9,84.89506306062921
2023-08-15 06:00:00,33.2,1003.7,67.21631066718778
2023-08-15 09:00:00,28.6,1003.4,83.35683314726084
2023-08-15 12:00:00,32.4,1001.5,67.85998060995067
2023-08-15 15:00:00,30.8,1002.7,78.37581423848806
2023-08-15 18:00:00,29.2,1004.1,84.91559008084812
2023-08-15 21:00:00,28.2,1003.7,88.93074165144274
2023-08-16 00:00:00,27.8,1003.0,90.49280598950578
2023-08-16 03:00:00,30.2,1004.1,79.69205742002245
2023-08-16 06:00:00,33.4,1003.9,68.4542986966963
2023-08-16 09:00:00,35.0,1001.6,60.081903913300884
2023-08-16 12:00:00,34.4,1001.6,58.53767634739428
2023-08-16 15:00:00,32.8,1000.9,66.74127585978114
2023-08-16 18:00:00,31.0,1002.2,79.79835457938422
2023-08-16 21:00:00,29.6,1001.6,84.95652278782288
2023-08-17 00:00:00,29.0,1002.1,79.0585121873896
2023-08-17 03:00:00,30.8,1004.1,66.74179537984483
2023-08-17 06:00:00,34.2,1003.7,55.091425528710424
2023-08-17 09:00:00,36.2,1001.8,51.742463746853154
2023-08-17 12:00:00,35.4,1000.2,53.11218922804798
2023-08-17 18:00:00,32.2,1001.9,65.05199403084112
2023-08-17 21:00:00,30.4,1001.1,72.93500760473812
2023-08-18 00:00:00,29.6,1001.8,76.82235153000387
2023-08-18 03:00:00,30.4,1003.6,69.11197515651446
2023-08-18 06:00:00,34.4,1003.5,57.499557963952576
2023-08-18 09:00:00,36.4,1001.1,52.72669227146169
2023-08-18 12:00:00,35.6,999.8,55.09908923504643
2023-08-18 15:00:00,33.2,1001.2,69.63490751790683
2023-08-18 18:00:00,32.4,1002.0,71.56807265043355
2023-08-18 21:00:00,31.0,1001.3,77.48613913975385
2023-08-19 00:00:00,27.0,1002.8,100.0
2023-08-19 03:00:00,27.6,1003.3,96.54439604252043
2023-08-19 06:00:00,29.2,1004.2,92.18860676693177
2023-08-19 09:00:00,34.2,1001.6,66.62513546519824
2023-08-19 12:00:00,34.0,999.6,65.03583657618948
2023-08-19 15:00:00,31.6,1001.7,80.34554512689967
2023-08-19 18:00:00,30.8,1003.1,84.09121922543238
2023-08-19 21:00:00,29.6,1002.6,88.00194722290112
2023-08-20 00:00:00,29.4,1003.2,92.19964051006788
2023-08-20 03:00:00,31.4,1004.4,78.92130681911149
2023-08-20 06:00:00,34.0,1004.1,67.37244576814547
2023-08-20 09:00:00,36.0,1002.6,58.557536758933935
2023-08-20 12:00:00,36.0,1000.7,54.5432379644633
2023-08-20 15:00:00,32.0,1002.3,74.94828132337592
2023-08-20 18:00:00,31.6,1002.5,78.94871738353811
2023-08-20 21:00:00,30.6,1002.1,82.60607945629376
2023-08-21 00:00:00,29.8,1001.8,88.01849942848882
2023-08-21 03:00:00,31.4,1003.5,77.54420157006253
2023-08-21 06:00:00,35.0,1002.4,63.354980624753985
2023-08-21 09:00:00,37.2,1000.1,52.30029347909756
2023-08-21 12:00:00,36.4,998.9,54.964452023066976
2023-08-21 15:00:00,34.2,1000.4,61.707439726266486
2023-08-21 18:00:00,32.6,1001.5,70.34917736761386
2023-08-21 21:00:00,31.0,1000.5,76.1271052167908
2023-08-22 00:00:00,30.2,999.2,79.69205742002245
2023-08-22 03:00:00,31.2,1000.2,76.157651318818
2023-08-22 06:00:00,33.8,1000.1,67.33350659401705
2023-08-22 09:00:00,35.4,997.7,62.6999662963903
2023-08-22 12:00:00,32.4,997.4,75.45207406041715
2023-08-22 15:00:00,29.0,999.7,87.95208930052544
2023-08-22 18:00:00,28.2,1000.3,93.77172585847173
2023-08-22 21:00:00,27.8,998.6,92.11072068322818
2023-08-23 00:00:00,29.0,997.7,86.41175942849821
2023-08-23 03:00:00,28.8,999.3,87.93540259721783
2023-08-23 06:00:00,27.6,1000.4,95.41595470562915
2023-08-23 09:00:00,27.2,999.3,95.40267171979633
2023-08-23 12:00:00,27.4,998.7,98.25637024612985
2023-08-23 15:00:00,27.2,999.2,95.40267171979633
2023-08-23 18:00:00,27.0,999.5,96.5292760949642
2023-08-23 21:00:00,26.8,998.2,95.38933139322062
2023-08-24 00:00:00,26.2,998.5,87.18984390567529
2023-08-24 03:00:00,27.6,999.6,81.27196286112057
2023-08-24 06:00:00,30.0,999.5,72.866865390855
2023-08-24 09:00:00,32.0,997.8,63.85356133058713
2023-08-24 12:00:00,31.6,997.2,67.30181208332723
2023-08-24 18:00:00,28.6,998.5,74.85017612547131
2023-08-24 21:00:00,27.0,997.8,78.30518483755301
2023-08-25 00:00:00,26.6,997.7,81.14599787426259
2023-08-25 03:00:00,28.8,999.9,74.88236905493878
2023-08-25 06:00:00,32.4,999.2,60.57918429384643
2023-08-25 09:00:00,34.6,997.9,55.51953672301835
2023-08-25 12:00:00,33.6,997.8,60.48499185110832
2023-08-25 15:00:00,32.4,998.8,65.48228630790443
2023-08-25 18:00:00,30.8,1000.2,67.95498445600064
2023-08-25 21:00:00,29.6,999.2,74.118773297339
2023-08-26 00:00:00,28.4,999.7,83.33433758376981
2023-08-26 03:00:00,29.0,1001.3,69.68555280505707
2023-08-26 06:00:00,32.8,1001.4,56.43711760467723
2023-08-26 09:00:00,34.8,999.6,50.4681130797898
2023-08-26 12:00:00,34.2,998.6,53.13543895263694
2023-08-26 15:00:00,32.0,999.9,60.12540926930006
2023-08-26 18:00:00,30.0,1001.3,70.29306142592459
2023-08-26 21:00:00,29.0,1000.7,70.96187714437761
2023-08-27 00:00:00,27.8,1000.6,70.31342310046378
2023-08-27 03:00:00,29.0,1001.8,66.78535949708609
2023-08-27 06:00:00,33.4,1000.9,54.566580431863855
2023-08-27 09:00:00,34.8,998.9,51.3917601011513
2023-08-27 12:00:00,34.2,997.4,53.13543895263694
2023-08-27 15:00:00,31.2,999.8,59.58083797061803
2023-08-27 18:00:00,29.2,1000.5,65.61635596786235
2023-08-28 00:00:00,27.6,999.5,72.89528290675949
2023-08-28 03:00:00,29.2,1000.9,66.82547661101904
2023-08-28 06:00:00,32.0,1002.2,60.12540926930006
2023-08-28 09:00:00,35.2,999.4,52.745450145920145
2023-08-28 12:00:00,34.4,998.3,55.47153939975632
2023-08-28 15:00:00,31.8,1000.0,71.04055669606059
2023-08-28 18:00:00,30.6,1001.0,76.97150804274018
2023-08-28 21:00:00,29.2,1000.4,80.5095630310082
2023-08-29 00:00:00,28.2,1002.6,70.38726092133687
2023-08-29 03:00:00,29.6,1004.0,64.51071215170371
2023-08-29 06:00:00,33.8,1003.7,53.682250230841014
2023-08-29 09:00:00,35.2,1001.3,51.80309518672777
2023-08-29 12:00:00,35.0,1000.9,51.75303582520855
2023-08-29 15:00:00,32.6,1002.8,64.36278271700262
2023-08-29 18:00:00,31.4,1003.5,68.47868492425357
2023-08-29 21:00:00,30.4,1002.6,72.93500760473812
2023-08-30 00:00:00,29.2,1003.8,77.68451620551635
2023-08-30 03:00:00,30.0,1005.6,81.08968974474207
2023-08-30 06:00:00,33.8,1005.8,59.45619966284473
2023-08-30 09:00:00,35.8,1003.7,49.217763132575975
2023-08-30 12:00:00,34.8,1002.5,50.4681130797898
2023-08-30 15:00:00,32.2,1004.0,60.53434625894101
2023-08-30 18:00:00,30.2,1004.4,70.32973763313946
2023-08-30 21:00:00,29.0,1003.9,76.27419595958764
2023-08-31 00:00:00,27.0,1004.8,87.26088849314073
2023-08-31 03:00:00,30.0,1006.4,72.866865390855
2023-08-31 06:00:00,34.0,1006.3,55.04309180081118
2023-08-31 09:00:00,35.6,1004.6,52.21515920700269
2023-08-31 12:00:00,35.8,1003.5,51.333862410819144
2023-08-31 15:00:00,31.8,1004.5,67.34108781459214
2023-08-31 18:00:00,30.0,1004.8,76.88217771852533
2023-08-31 21:00:00,28.8,1004.1,81.90716097068722
2023-09-01 00:00:00,28.4,1004.2,83.33433758376981
2023-09-01 03:00:00,30.0,1006.4,75.5227593496699
2023-09-01 06:00:00,35.2,1006.1,51.80309518672777
2023-09-01 09:00:00,36.0,1004.2,44.44663958001136
2023-09-01 12:00:00,35.2,1003.1,44.77976864883668
2023-09-01 15:00:00,32.2,1004.0,61.63719881412483
2023-09-01 18:00:00,30.0,1004.0,74.18441432342445
2023-09-01 21:00:00,28.8,1003.2,79.03096698905824
2023-09-02 00:00:00,28.6,1004.0,79.00337009946395
2023-09-02 03:00:00,30.4,1005.7,69.11197515651446
2023-09-02 06:00:00,34.8,1005.2,43.31943992612269
2023-09-02 09:00:00,35.6,1001.2,44.34047462772587
2023-09-02 12:00:00,35.6,1001.2,44.34047462772587
2023-09-02 15:00:00,33.4,1001.9,50.11110420939171
2023-09-02 18:00:00,32.6,1003.2,51.77843588862952
2023-09-03 00:00:00,29.6,1002.4,64.11896805335266
2023-09-03 03:00:00,29.2,1003.7,70.99802751141195
2023-09-03 06:00:00,33.4,1003.9,49.19896559376817
2023-09-03 09:00:00,36.2,1001.4,40.09712013821042
2023-09-03 12:00:00,35.4,999.7,42.16305078265748
2023-09-03 15:00:00,31.8,1001.0,61.549026452349075
2023-09-03 18:00:00,30.6,1001.9,67.91613145039247
2023-09-03 21:00:00,29.2,1001.4,74.05289841666965
2023-09-04 00:00:00,27.2,1001.7,85.72845277885752
2023-09-04 03:00:00,30.2,1003.2,70.32973763313946
2023-09-04 06:00:00,34.4,1002.8,44.02068870730294
2023-09-04 09:00:00,36.2,1000.7,39.11854885455013
2023-09-04 12:00:00,36.0,999.1,39.796368664073576
2023-09-04 15:00:00,31.6,1002.1,62.25158297844957
2023-09-04 18:00:00,30.0,1002.5,70.29306142592459
2023-09-04 21:00:00,28.8,1002.0,74.88236905493878
2023-09-05 00:00:00,27.8,1003.2,75.63076994448524
2023-09-05 03:00:00,29.0,1004.2,73.57607488115697
2023-09-05 06:00:00,34.8,1003.5,56.91064806529948
2023-09-05 09:00:00,37.2,1001.1,49.57475611529291
2023-09-05 12:00:00,36.0,1000.4,56.5192316286057
2023-09-05 15:00:00,32.8,1002.7,65.56377770296238
2023-09-05 18:00:00,30.6,1003.6,70.40290332892224
2023-09-05 21:00:00,29.4,1002.8,74.97860136800087
2023-09-06 00:00:00,28.8,1004.3,84.87449545917907
2023-09-06 03:00:00,28.8,1006.0,74.88236905493878
2023-09-06 06:00:00,32.6,1004.8,60.623956285700366
2023-09-06 09:00:00,36.2,1002.5,45.87258435676028
2023-09-06 12:00:00,36.0,1001.1,44.44663958001136
2023-09-06 15:00:00,33.2,1002.8,55.51706303841751
2023-09-06 18:00:00,32.2,1003.5,58.027960608356956
2023-09-06 21:00:00,30.6,1002.7,65.50658692237978
2023-09-07 00:00:00,29.8,1003.9,67.3516781237725
2023-09-07 03:00:00,29.6,1005.3,72.36298568854065
2023-09-07 06:00:00,34.2,1003.8,58.491665561139094
2023-09-07 09:00:00,37.0,1001.4,50.41873224708425
2023-09-07 12:00:00,30.4,1000.8,70.36635155961307
2023-09-07 15:00:00,29.0,1002.5,74.91450415439337
2023-09-07 18:00:00,29.0,1003.1,74.91450415439337
2023-09-07 21:00:00,28.6,1002.6,74.85017612547131
2023-09-08 00:00:00,28.0,1003.7,75.66221487345534
2023-09-08 03:00:00,28.6,1004.7,76.21281246926864
2023-09-08 06:00:00,35.0,1004.4,48.71594505052492
2023-09-08 09:00:00,35.6,1001.6,52.21515920700269
2023-09-08 12:00:00,36.0,1000.4,52.31450796094774
2023-09-08 15:00:00,29.4,1003.4,72.32825969825754
2023-09-08 18:00:00,29.2,1003.7,76.30480387190515
2023-09-08 21:00:00,28.2,1003.3,80.37983931978188
2023-09-09 00:00:00,25.4,1003.7,98.23050936880627
2023-09-09 03:00:00,26.4,1004.3,98.24351098143454
2023-09-09 06:00:00,28.8,1004.1,90.55942797559786
2023-09-09 09:00:00,30.4,1001.8,76.94178563223718
2023-09-09 12:00:00,27.4,1001.1,87.29619508920601
2023-09-09 15:00:00,26.4,1002.7,85.64959932544602
2023-09-09 18:00:00,25.2,1002.4,100.0
2023-09-09 21:00:00,25.0,1000.5,100.0
2023-09-10 00:00:00,24.8,1000.8,100.0
2023-09-10 03:00:00,25.4,1001.7,100.0
2023-09-10 06:00:00,26.4,1001.6,100.0
2023-09-10 09:00:00,27.6,999.8,90.47939854432097
2023-09-10 12:00:00,27.2,999.4,92.07698925377626
2023-09-10 15:00:00,26.8,1001.1,92.05438311051279
2023-09-10 18:00:00,26.2,1002.1,96.5089622614157
2023-09-10 21:00:00,26.2,1001.5,93.12498199209611
2023-09-11 00:00:00,25.2,1000.6,94.76592069291524
2023-09-11 03:00:00,26.4,1002.4,90.39836619855579
2023-09-11 06:00:00,28.6,1000.9,83.35683314726084
2023-09-11 09:00:00,31.2,1000.7,79.82480457377302
2023-09-11 12:00:00,32.4,999.6,67.85998060995067
2023-09-11 15:00:00,28.8,1001.2,81.90716097068722
2023-09-11 18:00:00,28.0,1002.2,87.34888747491027
2023-09-11 21:00:00,27.0,1001.7,92.06569807815053
2023-09-12 00:00:00,25.8,1001.4,93.10518672866101
2023-09-12 03:00:00,27.0,1003.4,87.26088849314073
2023-09-12 06:00:00,31.8,1002.8,69.78813164326573
2023-09-12 09:00:00,33.2,1000.6,63.34828851792842
2023-09-12 12:00:00,32.2,999.8,72.80896276194781
2023-09-12 15:00:00,29.6,1001.6,83.46865512129703
2023-09-12 18:00:00,28.8,1002.0,89.50172004038727
2023-09-12 21:00:00,27.8,1001.9,92.11072068322818
2023-09-13 00:00:00,27.0,1002.1,93.71791865005993
2023-09-13 03:00:00,28.4,1003.6,90.53286192976505
2023-09-13 06:00:00,33.2,1002.7,68.41626758283552
2023-09-13 09:00:00,34.8,1000.7,63.31273208033373
2023-09-13 12:00:00,35.0,999.4,66.78282568606839
2023-09-13 15:00:00,31.0,1001.0,79.79835457938422
2023-09-13 18:00:00,30.2,1002.1,84.02682856635852
2023-09-13 21:00:00,29.0,1001.9,89.51636332080271
2023-09-14 00:00:00,28.6,1003.2,90.54615869442738
2023-09-14 03:00:00,29.6,1004.4,86.46751908713752
2023-09-14 06:00:00,34.2,1004.0,62.81318702880705
2023-09-14 09:00:00,36.8,1001.3,55.06033914295501
2023-09-14 12:00:00,35.2,1000.5,63.76997746892072
2023-09-14 15:00:00,32.6,1001.9,71.60318423066752
2023-09-14 18:00:00,31.8,1003.6,72.74100553628992
2023-09-14 21:00:00,30.6,1002.8,78.34767637456054
2023-09-15 00:00:00,29.4,1002.9,80.53536024141098
2023-09-15 03:00:00,24.8,1006.8,100.0
2023-09-15 06:00:00,29.8,1007.3,79.63860889063328
2023-09-15 09:00:00,32.4,1003.9,69.07688914571028
2023-09-15 12:00:00,33.0,1001.5,69.1892678326449
2023-09-15 15:00:00,30.2,1003.6,84.02682856635852
2023-09-15 18:00:00,29.0,1004.0,87.95208930052544
2023-09-15 21:00:00,28.2,1003.8,90.51953760720181
2023-09-16 00:00:00,28.0,1003.3,90.50618565208272
2023-09-16 03:00:00,29.4,1004.6,84.9360766224706
2023-09-16 06:00:00,33.6,1004.3,67.29450442917697
2023-09-16 09:00:00,33.0,1001.5,71.67322751398581
2023-09-16 12:00:00,27.2,1001.8,96.53432701791446
2023-09-16 15:00:00,25.4,1003.5,100.0
2023-09-16 18:00:00,25.8,1002.8,98.23572722928968
2023-09-16 21:00:00,25.2,1001.3,96.48331975462109
2023-09-17 00:00:00,26.8,1001.2,96.52421418955653
2023-09-17 03:00:00,27.8,1003.1,90.49280598950578
2023-09-17 06:00:00,29.4,1002.9,83.4463778105949
2023-09-17 09:00:00,32.0,1000.2,71.07626571001893
2023-09-17 12:00:00,31.4,999.7,69.71409411644107
2023-09-17 15:00:00,28.6,1001.0,83.35683314726084
2023-09-17 18:00:00,28.0,1001.7,87.34888747491027
2023-09-17 21:00:00,27.4,1000.8,88.86871874139695
2023-09-18 00:00:00,26.4,1001.6,90.39836619855579
2023-09-18 03:00:00,28.6,1003.4,77.59711341151534
2023-09-18 06:00:00,31.4,1003.4,64.49787905022467
2023-09-18 09:00:00,33.0,1001.8,63.305763001067604
2023-09-18 12:00:00,33.2,1001.1,62.59849477657124
2023-09-18 15:00:00,30.6,1003.2,71.67589990470815
2023-09-18 18:00:00,29.8,1004.6,74.15162297941144
2023-09-18 21:00:00,28.6,1004.0,77.59711341151534
2023-09-19 00:00:00,27.8,1004.5,85.78717977072007
2023-09-19 03:00:00,29.0,1006.0,81.9313443709877
2023-09-19 06:00:00,33.6,1005.8,61.576188549831414
2023-09-19 09:00:00,35.2,1003.9,52.745450145920145
2023-09-19 12:00:00,33.8,1003.0,60.52964398250845
2023-09-20 00:00:00,27.6,1005.9,90.47939854432097
2023-09-20 03:00:00,29.6,1007.3,79.6118092261478
2023-09-20 06:00:00,33.4,1006.6,57.95790307855285
2023-09-20 09:00:00,35.8,1003.3,49.217763132575975
2023-09-20 12:00:00,36.0,1001.3,50.46801146991017
2023-09-20 15:00:00,31.4,1004.1,72.24352874821913
2023-09-20 18:00:00,30.2,1005.2,79.69205742002245
2023-09-20 21:00:00,28.8,1005.0,86.39309843177878
2023-09-21 00:00:00,28.4,1005.1,86.35566419509173
2023-09-21 03:00:00,30.0,1006.1,79.66535824918688
2023-09-21 06:00:00,34.4,1005.1,61.02394829813572
2023-09-21 09:00:00,36.4,1001.4,52.72669227146169
2023-09-21 12:00:00,33.6,1002.2,61.576188549831414
2023-09-21 15:00:00,28.4,1003.6,88.94616815571688
2023-09-21 18:00:00,27.8,1004.6,92.11072068322818
2023-09-21 21:00:00,27.2,1003.9,93.72693426762005
2023-09-22 00:00:00,27.0,1004.4,93.71791865005993
2023-09-22 03:00:00,29.0,1006.7,86.41175942849821
2023-09-22 06:00:00,33.4,1005.6,64.91266364161814
2023-09-22 09:00:00,35.8,1002.7,53.210609064464286
2023-09-22 12:00:00,34.2,1002.6,59.54690108998311
2023-09-22 15:00:00,32.0,1003.8,68.5931528079531
2023-09-22 18:00:00,30.6,1005.0,74.28243957799879
2023-09-22 21:00:00,29.4,1004.3,80.53536024141098
2023-09-23 00:00:00,28.6,1004.5,81.88293095675748
2023-09-23 03:00:00,29.4,1007.1,80.53536024141098
2023-09-23 06:00:00,33.2,1006.9,68.41626758283552
2023-09-23 09:00:00,24.4,1007.2,100.0
2023-09-23 12:00:00,29.0,1004.1,77.65543578652992
2023-09-23 15:00:00,27.2,1005.4,92.07698925377626
2023-09-23 18:00:00,26.8,1005.8,93.70888380751718
2023-09-23 21:00:00,26.4,1005.5,94.81128607168019
2023-09-24 00:00:00,25.4,1005.8,98.23050936880627
2023-09-24 03:00:00,27.6,1007.0,90.47939854432097
2023-09-24 06:00:00,31.0,1006.8,77.48613913975385
2023-09-24 09:00:00,33.6,1004.0,55.949551784696496
2023-09-24 12:00:00,29.8,1003.1,67.3516781237725
2023-09-24 15:00:00,27.4,1004.8,81.24686676192346
2023-09-24 18:00:00,26.2,1005.2,87.18984390567529
2023-09-24 21:00:00,25.8,1005.1,90.35746879655075
2023-09-25 00:00:00,25.0,1005.3,93.06534216930645
2023-09-25 03:00:00,26.6,1007.1,88.80618472944694
2023-09-25 06:00:00,31.6,1006.8,64.9280664556721
2023-09-25 09:00:00,34.6,1004.2,55.51953672301835
2023-09-25 12:00:00,33.6,1003.6,63.81035576931347
2023-09-25 15:00:00,29.6,1005.3,76.82235153000387
2023-09-25 18:00:00,28.2,1006.4,80.37983931978188
2023-09-25 21:00:00,27.0,1006.0,85.7087986323302
2023-09-26 00:00:00,26.0,1006.5,92.00888400052642
2023-09-26 03:00:00,28.0,1008.5,83.28921441559984
2023-09-26 06:00:00,33.4,1007.9,61.166394066179166
2023-09-26 09:00:00,34.6,1005.6,50.41729520575189
2023-09-26 12:00:00,33.2,1004.6,56.53234399526844
2023-09-26 15:00:00,30.4,1006.3,69.11197515651446
2023-09-26 18:00:00,29.2,1007.2,73.60956501820533
2023-09-26 21:00:00,27.6,1006.4,79.81995065848324
2023-09-27 00:00:00,26.4,1007.4,90.39836619855579
2023-09-27 03:00:00,27.6,1008.6,81.27196286112057
2023-09-27 06:00:00,32.8,1007.7,56.43711760467723
2023-09-27 09:00:00,34.0,1005.3,49.65563394804311
2023-09-27 12:00:00,32.0,1004.2,46.757765745898766
2023-09-27 15:00:00,30.2,1005.3,54.11245736689154
2023-09-27 18:00:00,27.4,1006.1,76.95386898986409
2023-09-27 21:00:00,25.6,1005.9,85.05359376201457
2023-09-28 00:00:00,23.4,1006.6,92.98462350012163
2023-09-28 03:00:00,25.8,1008.2,87.15410439808417
2023-09-28 06:00:00,31.8,1008.1,47.586079386321714
2023-09-28 18:00:00,26.2,1005.8,76.30487547759344
2023-09-28 21:00:00,24.7,1005.4,83.9297969335731
2023-09-29 00:00:00,23.4,1006.3,91.29967042540224
2023-09-29 03:00:00,26.0,1008.0,84.07244076824206
2023-09-29 06:00:00,31.5,1007.5,54.768318571499265
2023-09-29 12:00:00,33.0,1003.4,46.73192939565313
2023-09-29 15:00:00,28.2,1005.3,71.68232431462354
2023-09-29 21:00:00,25.0,1006.6,86.5553591977721
2023-09-30 00:00:00,24.2,1005.9,91.34950480267452
2023-09-30 03:00:00,26.4,1007.4,81.1206589392812
2023-09-30 06:00:00,32.6,1007.3,54.04084502929489
2023-09-30 09:00:00,35.2,1003.8,39.08979535895464
2023-09-30 12:00:00,33.2,1003.3,44.79972355987793
2023-09-30 15:00:00,29.8,1005.1,66.13938425088851
2023-09-30 18:00:00,27.6,1006.0,75.59926777139484
2023-09-30 21:00:00,26.4,1004.9,79.65835252904961
2023-10-01 00:00:00,24.4,1005.5,84.9292101215455
2023-10-01 03:00:00,26.4,1007.4,77.7445561070048
2023-10-01 06:00:00,31.8,1006.5,48.78382679727445
2023-10-01 09:00:00,35.0,1003.8,28.03643575037328
2023-10-01 12:00:00,33.0,1003.0,38.488718673594086
2023-10-01 15:00:00,27.0,1004.7,69.73535987777385
2023-10-01 18:00:00,26.2,1006.2,71.76431122414668
2023-10-02 00:00:00,21.6,1005.4,88.95389452740015
2023-10-02 03:00:00,23.8,1007.6,76.40361175831273
2023-10-02 06:00:00,31.6,1007.7,45.21418435477139
2023-10-02 09:00:00,34.2,1005.0,35.086612583646954
2023-10-02 12:00:00,33.2,1004.8,35.03561386354402
2023-10-02 15:00:00,26.2,1006.6,63.38846253625371
2023-10-02 18:00:00,22.4,1007.1,72.43681558289073
2023-10-02 21:00:00,20.6,1006.4,79.8567757762695
2023-10-03 00:00:00,19.8,1007.1,86.60007203334754
2023-10-03 03:00:00,23.6,1009.1,66.93757991376943
2023-10-03 06:00:00,30.8,1008.5,41.174718124722965
2023-10-03 09:00:00,34.2,1005.0,27.103775005816594
2023-10-03 12:00:00,32.0,1005.0,50.05946898334762
2023-10-03 15:00:00,25.0,1007.3,74.26066874835885
2023-10-03 18:00:00,22.6,1008.1,82.66238212842283
2023-10-03 21:00:00,21.0,1007.7,88.9063604341973
2023-10-04 00:00:00,20.2,1007.4,94.57041014289584
2023-10-04 03:00:00,23.6,1009.1,74.95700457694504
2023-10-04 06:00:00,31.0,1008.1,56.00535491373798
2023-10-04 09:00:00,34.0,1005.2,47.575273109543275
2023-10-04 12:00:00,32.8,1004.8,48.742535253752614
2023-10-04 15:00:00,30.2,1007.0,52.78587755627143
2023-10-04 18:00:00,26.8,1007.8,61.18521534996033
2023-10-04 21:00:00,23.4,1007.4,77.78185620897757
2023-10-05 00:00:00,21.0,1006.9,92.86091278956886
2023-10-05 03:00:00,24.6,1008.7,66.30194413180494
2023-10-05 06:00:00,32.0,1007.9,50.99468465735812
2023-10-05 09:00:00,34.6,1004.5,40.41220044183502
2023-10-05 15:00:00,26.8,1005.7,72.3130352999761
2023-10-05 18:00:00,23.2,1006.0,81.21067682976118
2023-10-06 00:00:00,20.2,1005.8,90.52800432378555
2023-10-06 03:00:00,22.6,1007.4,77.66312926099062
2023-10-06 06:00:00,32.2,1006.5,45.944408730541696
2023-10-06 09:00:00,34.8,1003.3,42.5243864024627
2023-10-06 12:00:00,34.4,1003.4,45.11935390234125
2023-10-06 15:00:00,25.8,1005.6,73.03206992350184
2023-10-06 18:00:00,24.4,1006.0,83.38445864005315
2023-10-06 21:00:00,22.8,1005.9,87.95886336881536
2023-10-07 00:00:00,22.2,1006.6,91.22412116599256
2023-10-07 03:00:00,26.2,1008.5,62.209161530734946
2023-10-07 06:00:00,32.2,1007.6,45.944408730541696
2023-10-07 09:00:00,35.0,1005.1,45.556527864897916
2023-10-07 12:00:00,33.6,1005.4,50.46945953917431
2023-10-07 15:00:00,28.4,1007.2,78.97572139747378
2023-10-07 18:00:00,26.6,1007.6,85.66937200749226
2023-10-07 21:00:00,25.4,1007.0,90.33006125111788
2023-10-08 00:00:00,25.2,1007.0,89.77318651955946
2023-10-08 03:00:00,27.8,1008.7,59.53100351964522
2023-10-08 06:00:00,31.6,1008.2,49.64767639109842
2023-10-08 09:00:00,36.2,1005.5,43.960628261188035
2023-10-08 12:00:00,34.2,1005.3,54.105694175209415
2023-10-08 15:00:00,29.6,1007.2,78.20620296447258
2023-10-08 18:00:00,28.2,1007.9,81.83433063230953
2023-10-08 21:00:00,27.0,1007.2,87.26088849314073
2023-10-09 00:00:00,25.8,1007.6,91.99744908137737
2023-10-09 03:00:00,27.8,1009.8,63.34204232336771
2023-10-09 06:00:00,33.2,1009.5,49.14728523903349
2023-10-09 09:00:00,36.0,1006.5,39.06432377676067
2023-10-09 12:00:00,34.4,1005.5,55.47153939975632
2023-10-09 15:00:00,29.4,1007.3,72.32825969825754
2023-10-09 18:00:00,28.0,1008.4,78.44744220055776
2023-10-09 21:00:00,27.0,1007.9,84.18092213796281
2023-10-10 00:00:00,24.0,1008.3,85.93379377341455
2023-10-10 03:00:00,27.2,1010.4,62.82026640406263
2023-10-10 06:00:00,32.8,1010.6,46.39069479422688
2023-10-10 09:00:00,34.8,1008.1,45.50365698828102
2023-10-10 12:00:00,33.6,1007.5,46.31559546655938
2023-10-10 15:00:00,26.4,1008.2,70.48621381671374
2023-10-10 18:00:00,25.0,1009.2,80.44778939452424
2023-10-11 00:00:00,21.8,1009.6,91.19872298278054
2023-10-11 03:00:00,24.2,1011.7,81.33784349698335
2023-10-11 06:00:00,31.4,1011.2,47.185028529026276
2023-10-11 09:00:00,34.8,1008.5,33.082260847898056
2023-10-11 12:00:00,32.2,1008.5,39.75715510944213
2023-10-11 15:00:00,24.4,1010.7,69.24033252213863
2023-10-11 18:00:00,22.2,1011.0,77.11730791149994
2023-10-11 21:00:00,21.0,1010.5,83.51354068299872
2023-10-12 00:00:00,19.0,1011.2,93.92977440102698
2023-10-12 03:00:00,23.0,1012.8,74.39041066627999
2023-10-12 06:00:00,32.0,1012.5,44.757614694888446
2023-10-12 09:00:00,34.2,1010.4,41.839470465259176
2023-10-12 12:00:00,32.0,1010.2,50.05946898334762
2023-10-12 15:00:00,26.8,1011.8,66.75154657469582
2023-10-12 18:00:00,25.6,1012.4,71.65680034129598
2023-10-12 21:00:00,23.4,1011.7,84.303446850675
2023-10-13 00:00:00,21.8,1012.2,96.39400261837231
2023-10-13 03:00:00,24.2,1013.8,79.84839136491931
2023-10-13 06:00:00,33.6,1013.0,46.31559546655938
2023-10-13 09:00:00,35.4,1010.0,42.948937628723854
2023-10-13 12:00:00,33.0,1009.3,52.19700204876771
2023-10-13 15:00:00,26.2,1010.6,74.9169893866901
2023-10-13 18:00:00,25.0,1012.2,81.93813716288261
2023-10-13 21:00:00,24.0,1011.8,85.93379377341455
2023-10-14 00:00:00,22.2,1011.7,92.9231682794469
2023-10-14 03:00:00,24.6,1012.8,83.4072263549273
2023-10-14 06:00:00,34.0,1012.1,51.81527988036216
2023-10-14 09:00:00,36.0,1009.2,43.640026633465304
2023-10-14 12:00:00,33.4,1008.8,49.19896559376817
2023-10-14 15:00:00,26.4,1010.5,73.58514111197726
2023-10-14 18:00:00,24.8,1010.9,80.42146721617324
2023-10-14 21:00:00,23.6,1009.2,88.02677396309889
2023-10-15 00:00:00,22.6,1009.0,92.9437416009186
2023-10-15 03:00:00,26.0,1011.5,74.88452551485119
2023-10-15 06:00:00,29.2,1011.0,56.96582316395901
2023-10-15 09:00:00,33.6,1007.6,50.46945953917431
2023-10-15 12:00:00,32.4,1006.9,60.57918429384643
2023-10-15 15:00:00,26.2,1009.0,79.14840201964623
2023-10-15 18:00:00,25.2,1009.4,81.96262342273943
2023-10-15 21:00:00,24.0,1008.2,86.46120985687485
2023-10-16 00:00:00,22.6,1009.7,84.21619689321432
2023-10-16 03:00:00,26.2,1011.2,67.46242360250821
2023-10-16 06:00:00,28.6,1011.2,74.85017612547131
2023-10-16 09:00:00,29.4,1010.5,62.147323833199586
2023-10-16 12:00:00,26.2,1009.6,59.15801200288633
2023-10-16 15:00:00,24.2,1012.4,56.106271288258434
2023-10-16 18:00:00,21.4,1016.7,80.47097062716614
2023-10-16 21:00:00,18.8,1013.2,93.92076830587527
2023-10-17 00:00:00,19.2,1014.0,90.45898352305713
2023-10-17 03:00:00,21.6,1016.1,80.49756918337606
2023-10-17 06:00:00,24.2,1018.9,67.48340579969009
2023-10-17 09:00:00,25.6,1014.6,60.147977437432424
2023-10-17 12:00:00,24.6,1014.3,67.98894000118018
2023-10-17 15:00:00,22.4,1015.2,80.60344588733471
2023-10-17 21:00:00,19.4,1014.5,96.32890406093485
2023-10-18 00:00:00,18.4,1014.5,96.30126175172418
2023-10-18 03:00:00,20.8,1016.4,81.92785507473593
2023-10-18 06:00:00,28.6,1016.4,38.509639017388515
2023-10-18 09:00:00,30.2,1013.2,37.23036792017046
2023-10-18 15:00:00,22.2,1014.8,74.25634672260556
2023-10-18 18:00:00,20.0,1014.8,84.99533007192596
2023-10-18 21:00:00,18.8,1013.1,92.16146182468223
2023-10-19 00:00:00,17.2,1014.5,93.84800065349559
2023-10-19 03:00:00,20.6,1016.5,79.8567757762695
2023-10-19 06:00:00,26.6,1016.1,50.557823302316784
2023-10-19 09:00:00,29.4,1013.3,35.120123771064485
2023-10-19 12:00:00,28.4,1012.5,44.06503931299219
2023-10-19 15:00:00,21.8,1014.5,72.32987810546678
2023-10-19 18:00:00,19.6,1015.1,82.82420852335207
2023-10-19 21:00:00,18.2,1014.5,92.12678547599367
2023-10-20 00:00:00,17.6,1015.4,93.8663131960353
2023-10-20 03:00:00,20.2,1017.2,88.84251349796529
2023-10-20 06:00:00,28.0,1016.0,47.17515349018581
2023-10-20 09:00:00,30.6,1013.4,37.826828214273384
2023-10-20 12:00:00,28.6,1014.6,45.26607525457315
2023-10-20 15:00:00,21.4,1014.9,75.06854363302618
2023-10-20 18:00:00,19.2,1015.1,86.54276056682889
2023-10-20 21:00:00,17.8,1014.7,92.10354182385356
2023-10-21 00:00:00,17.2,1015.5,93.84800065349559
2023-10-21 03:00:00,20.6,1017.6,83.46760845652952
2023-10-21 06:00:00,28.2,1016.9,47.22867288372724
2023-10-21 09:00:00,31.0,1014.0,36.26259862900743
2023-10-21 12:00:00,29.6,1013.5,50.377857978380256
2023-10-21 15:00:00,22.2,1015.1,75.67495386222414
2023-10-21 18:00:00,20.0,1015.8,84.99533007192596
2023-10-21 21:00:00,19.0,1015.3,90.44509053017224
2023-10-22 00:00:00,17.4,1016.5,91.4944808802553
2023-10-22 03:00:00,20.2,1017.9,83.42149095195703
2023-10-22 06:00:00,28.4,1017.0,49.74976238640901
2023-10-22 09:00:00,30.8,1013.9,37.39681672754494
2023-10-22 12:00:00,27.8,1013.4,49.27755916212099
2023-10-22 15:00:00,22.2,1015.5,80.57705408572946
2023-10-22 18:00:00,20.4,1015.7,88.85852566524859
2023-10-22 21:00:00,19.2,1015.0,92.18445414057031
2023-10-23 00:00:00,18.4,1015.6,93.90269655568989
2023-10-23 03:00:00,20.8,1016.9,85.0794567259643
2023-10-23 06:00:00,27.4,1015.3,51.41660273005798
2023-10-23 09:00:00,30.6,1012.0,34.54210791137394
2023-10-23 12:00:00,28.4,1010.2,44.06503931299219
2023-10-23 15:00:00,22.6,1013.6,75.73900120222518
2023-10-23 18:00:00,20.4,1014.1,85.03747927565317
2023-10-23 21:00:00,19.0,1014.0,92.17297046007043
2023-10-24 00:00:00,17.8,1013.4,93.87543916375934
2023-10-24 03:00:00,20.6,1015.3,81.90291975518062
2023-10-24 06:00:00,29.0,1014.3,45.66475006650691
2023-10-24 09:00:00,30.8,1012.2,32.835501860754036
2023-10-24 12:00:00,28.6,1011.0,44.119607567927204
2023-10-24 15:00:00,21.2,1013.6,76.9642757068897
2023-10-24 18:00:00,19.8,1013.8,82.84809311244793
2023-10-24 21:00:00,18.6,1013.2,90.41721504718039
2023-10-25 00:00:00,17.2,1014.2,92.0684857695993
2023-10-25 03:00:00,20.4,1016.0,79.82930712381024
2023-10-25 06:00:00,27.8,1015.9,46.820447800043176
2023-10-25 09:00:00,30.2,1012.9,38.20698044293634
2023-10-25 12:00:00,28.4,1012.6,49.74976238640901
2023-10-25 15:00:00,22.4,1014.1,75.7070072653873
2023-10-25 18:00:00,20.4,1014.7,83.44457292349531
2023-10-25 21:00:00,19.2,1014.5,90.45898352305713
2023-10-26 00:00:00,17.4,1013.7,91.4944808802553
2023-10-26 03:00:00,21.4,1015.7,68.65527496551186
2023-10-26 06:00:00,28.6,1015.3,44.119607567927204
2023-10-26 09:00:00,31.2,1012.4,31.469136706635997
2023-10-26 12:00:00,29.2,1011.9,42.61258726226098
2023-10-26 15:00:00,21.4,1013.6,75.06854363302618
2023-10-26 18:00:00,19.8,1014.1,81.28433674432983
2023-10-26 21:00:00,18.6,1013.0,88.15149022709771
2023-10-27 00:00:00,16.4,1013.4,91.43151375710556
2023-10-27 03:00:00,21.0,1014.6,66.40122606049283
2023-10-27 06:00:00,28.2,1014.1,44.86839509597163
2023-10-27 09:00:00,31.2,1011.6,27.565604371499674
2023-10-27 12:00:00,29.0,1011.0,30.248602781264765
2023-10-27 15:00:00,21.2,1013.2,73.14964788312554
2023-10-27 18:00:00,18.8,1013.8,84.32841957043044
2023-10-27 21:00:00,17.0,1012.8,89.72698022064127
2023-10-28 00:00:00,16.4,1013.3,91.43151375710556
2023-10-28 03:00:00,18.2,1015.2,86.44644409809676
2023-10-28 06:00:00,29.8,1014.6,38.843308734563934
2023-10-28 09:00:00,31.8,1012.0,30.614547745436475
2023-10-28 12:00:00,29.0,1011.8,43.38606734691948
2023-10-28 15:00:00,21.8,1014.0,73.72028641918511
2023-10-28 18:00:00,19.4,1014.1,84.93178225244176
2023-10-28 21:00:00,17.2,1013.4,87.46731472993724
2023-10-29 00:00:00,17.4,1013.4,93.8571670455613
2023-10-29 03:00:00,19.8,1015.4,81.28433674432983
2023-10-29 06:00:00,28.0,1014.7,39.8776916383061
2023-10-29 09:00:00,32.8,1011.9,30.68731372350643
2023-10-29 12:00:00,28.6,1011.2,56.11768390700195
2023-10-29 15:00:00,21.6,1013.4,78.49717461310503
2023-10-29 18:00:00,20.4,1014.2,87.20286371169097
2023-10-29 21:00:00,19.2,1013.8,90.45898352305713
2023-10-30 00:00:00,18.0,1014.1,93.88454500736407
2023-10-30 03:00:00,19.4,1015.9,84.93178225244176
2023-10-30 06:00:00,30.4,1015.0,41.85979912286083
2023-10-30 09:00:00,32.6,1012.2,37.176393851054854
2023-10-30 12:00:00,29.2,1012.2,58.034152283639216
2023-10-30 15:00:00,22.4,1014.6,82.12556875364596
2023-10-30 18:00:00,20.8,1015.5,87.23920246966593
2023-10-30 21:00:00,19.4,1015.1,92.1959129371279
2023-10-31 00:00:00,18.8,1015.8,95.70950052417025
2023-10-31 03:00:00,21.4,1017.4,85.67552411246282
2023-10-31 06:00:00,29.2,1016.5,55.568241906041415
2023-10-31 09:00:00,31.8,1014.1,43.321177350868766
2023-10-31 12:00:00,28.4,1013.5,57.48575855515023
2023-10-31 15:00:00,23.6,1015.7,82.78099464458583
2023-10-31 18:00:00,20.8,1016.4,90.5690644355442
2023-10-31 21:00:00,19.2,1015.6,93.93876071946539
2023-11-01 00:00:00,18.4,1016.7,93.90269655568989
2023-11-01 03:00:00,19.8,1018.8,84.97419078065248
2023-11-01 06:00:00,28.4,1018.2,54.68305210736864
2023-11-01 09:00:00,31.2,1014.8,44.82388081012557
2023-11-01 12:00:00,28.8,1013.5,47.99495141967471
2023-11-01 15:00:00,21.4,1015.2,78.46820659148995
2023-11-01 18:00:00,19.8,1015.7,86.60007203334754
2023-11-01 21:00:00,18.6,1015.1,92.1499281632111
2023-11-02 00:00:00,18.0,1015.3,95.68370440905488
2023-11-02 03:00:00,19.6,1016.7,90.48668042796811
2023-11-02 06:00:00,27.4,1015.5,61.70335673214363
2023-11-02 09:00:00,29.8,1012.9,56.06041297831903
2023-11-02 12:00:00,26.8,1012.3,69.26993747765529
2023-11-02 15:00:00,21.8,1013.4,91.76358006209556
2023-11-02 18:00:00,20.4,1013.6,92.25283612662764
2023-11-02 21:00:00,19.4,1013.3,96.32890406093485
2023-11-03 00:00:00,18.2,1013.0,93.89363078527036
2023-11-03 03:00:00,18.8,1013.8,93.92076830587527
2023-11-03 06:00:00,25.2,1012.9,75.68189058367413
2023-11-03 09:00:00,29.4,1010.0,44.055074845331326
2023-11-03 12:00:00,26.2,1009.9,63.38846253625371
2023-11-03 15:00:00,21.2,1012.1,85.6553720601642
2023-11-03 18:00:00,19.4,1012.6,90.4728467946595
2023-11-03 21:00:00,18.2,1011.9,92.12678547599367
2023-11-04 00:00:00,17.8,1012.2,95.67721930970805
2023-11-04 03:00:00,19.6,1013.9,88.23634987173477
2023-11-04 06:00:00,25.8,1013.4,64.50215956457721
2023-11-04 09:00:00,28.6,1010.9,57.533446890831016
2023-11-04 12:00:00,27.0,1010.7,72.34810781589086
2023-11-04 15:00:00,21.8,1012.6,88.96967283294491
2023-11-04 18:00:00,19.6,1013.2,96.33439556837557
2023-11-04 21:00:00,18.2,1012.3,95.69017503757527
2023-11-05 00:00:00,18.0,1013.7,98.12966234385276
2023-11-05 03:00:00,18.6,1015.7,96.3068149716104
2023-11-05 06:00:00,27.6,1014.3,61.748059200440466
2023-11-05 09:00:00,30.6,1012.1,45.230322869618256
2023-11-05 12:00:00,28.4,1012.0,57.48575855515023
2023-11-05 15:00:00,20.2,1014.4,86.63808211113414
2023-11-05 18:00:00,17.8,1015.5,93.87543916375934
2023-11-05 21:00:00,16.6,1014.3,95.63800241653746
2023-11-06 00:00:00,15.6,1015.8,98.0951045226394
2023-11-06 03:00:00,16.4,1017.7,98.10672911476868
2023-11-06 06:00:00,28.2,1016.5,47.22867288372724
2023-11-06 09:00:00,30.8,1014.0,34.82359465641272
2023-11-06 12:00:00,26.6,1013.1,62.29807222676058
2023-11-06 15:00:00,20.6,1015.3,83.46760845652952
2023-11-06 21:00:00,18.0,1015.2,93.88454500736407
2023-11-07 00:00:00,16.0,1015.3,97.47499181934772
2023-11-07 03:00:00,16.6,1016.8,95.63800241653746
2023-11-07 06:00:00,28.0,1015.7,54.583776611197585
2023-11-07 09:00:00,31.4,1012.3,41.867029221285236
2023-11-07 12:00:00,29.2,1011.9,44.85242167030182
2023-11-07 15:00:00,22.4,1014.4,77.6333068665811
2023-11-07 18:00:00,20.0,1013.8,88.82646755484863
2023-11-07 21:00:00,18.4,1013.6,93.90269655568989
2023-11-08 00:00:00,16.6,1014.0,97.48650950714209
2023-11-08 03:00:00,17.4,1014.8,91.4944808802553
2023-11-08 06:00:00,27.4,1014.7,51.41660273005798
2023-11-08 09:00:00,29.4,1011.7,47.548518015880695
2023-11-08 12:00:00,27.0,1011.7,62.77637062843983
2023-11-08 15:00:00,21.0,1013.8,85.6351787342579
2023-11-08 18:00:00,19.0,1014.3,92.17297046007043
2023-11-08 21:00:00,17.6,1014.2,93.8663131960353
2023-11-09 00:00:00,17.2,1013.3,95.65767675758462
2023-11-09 03:00:00,18.8,1015.2,88.1685337131173
2023-11-09 06:00:00,27.2,1014.5,58.65243412962584
2023-11-09 09:00:00,30.0,1012.2,41.218389755870184
2023-11-09 12:00:00,27.8,1011.7,58.06387612446219
2023-11-09 15:00:00,21.2,1014.0,85.6553720601642
2023-11-09 18:00:00,20.0,1014.8,93.97450936662143
2023-11-09 21:00:00,19.0,1014.5,96.31788420104945
2023-11-10 00:00:00,18.2,1014.4,100.0
2023-11-10 03:00:00,20.0,1016.5,90.51425911024681
2023-11-10 06:00:00,21.0,1017.3,88.9063604341973
2023-11-10 09:00:00,21.6,1015.2,87.31142912839378
2023-11-10 12:00:00,19.8,1015.2,93.96560158527643
2023-11-10 15:00:00,19.4,1017.2,93.9477273183699
2023-11-10 18:00:00,18.0,1017.1,95.68370440905488
2023-11-10 21:00:00,16.8,1016.7,97.49033130438013
2023-11-11 00:00:00,15.4,1016.9,100.0
2023-11-11 03:00:00,17.0,1018.3,88.01383893644437
2023-11-11 06:00:00,22.8,1019.1,60.266403339762256
2023-11-11 09:00:00,25.8,1016.4,49.38256381356927
2023-11-11 12:00:00,22.8,1016.6,66.34969640130016
2023-11-11 15:00:00,19.0,1018.3,86.52357729390393
2023-11-11 18:00:00,17.0,1018.8,90.30450746889544
2023-11-11 21:00:00,15.8,1018.4,93.78326415706879
2023-11-12 00:00:00,14.0,1018.1,100.0
2023-11-12 03:00:00,16.0,1019.5,85.67219851788018
2023-11-12 06:00:00,24.2,1018.7,54.67762067213747
2023-11-12 09:00:00,26.4,1015.8,43.80142891158694
2023-11-12 12:00:00,25.0,1015.8,59.62894557326245
2023-11-12 15:00:00,18.4,1017.7,82.67988796779362
2023-11-12 18:00:00,16.6,1018.5,91.44416208645718
2023-11-12 21:00:00,15.2,1017.6,95.59157646693424
2023-11-13 00:00:00,13.8,1018.0,97.43207890463384
2023-11-13 03:00:00,14.4,1020.0,100.0
2023-11-13 06:00:00,22.8,1019.5,60.266403339762256
2023-11-13 09:00:00,27.2,1016.0,44.88553659091517
2023-11-13 12:00:00,24.4,1015.5,66.26066568163881
2023-11-13 15:00:00,19.0,1017.0,86.52357729390393
2023-11-13 18:00:00,16.6,1018.4,89.69689474307988
2023-11-13 21:00:00,15.4,1017.1,93.16027338017237
2023-11-14 00:00:00,13.8,1017.3,97.43207890463384
2023-11-14 03:00:00,15.2,1019.4,97.4595118897884
2023-11-14 06:00:00,23.4,1019.0,55.18780861417479
2023-11-14 09:00:00,25.6,1015.9,41.61652075262736
2023-11-14 12:00:00,22.8,1015.5,69.80971849730659
2023-11-14 15:00:00,18.0,1017.3,88.1001435273896
2023-11-14 18:00:00,16.0,1018.5,89.65152316161863
2023-11-15 00:00:00,12.6,1017.4,100.0
2023-11-15 03:00:00,13.6,1019.2,100.0
2023-11-15 06:00:00,22.2,1018.4,69.25260054643807
2023-11-15 09:00:00,26.8,1015.2,43.06136923611498
2023-11-15 12:00:00,24.2,1015.2,57.19920383471323
2023-11-15 15:00:00,17.0,1017.3,88.01383893644437
2023-11-15 18:00:00,15.2,1017.6,91.35504121121689
2023-11-15 21:00:00,14.0,1017.2,95.55119504098639
2023-11-16 00:00:00,13.0,1017.7,97.4162038469898
2023-11-16 06:00:00,23.0,1019.3,56.172285693768046
2023-11-16 09:00:00,26.6,1016.4,52.87103005765299
2023-11-16 12:00:00,24.4,1016.4,67.94922933383891
2023-11-16 15:00:00,18.0,1018.6,92.1151763066067
2023-11-16 18:00:00,16.4,1018.9,93.8111314850518
2023-11-16 21:00:00,15.0,1018.9,95.58488420598349
2023-11-17 00:00:00,13.8,1019.2,100.0
2023-11-17 03:00:00,15.0,1020.3,97.45561976289501
2023-11-17 06:00:00,25.0,1019.1,58.13017769528709
2023-11-17 09:00:00,27.6,1015.4,51.46822082273632
2023-11-17 12:00:00,25.0,1015.3,69.78940116671127
2023-11-17 15:00:00,19.2,1016.4,88.20251315419341
2023-11-17 18:00:00,17.8,1016.2,93.87543916375934
2023-11-17 21:00:00,15.6,1015.9,95.604915778585
2023-11-18 00:00:00,15.2,1016.5,98.08925216929067
2023-11-18 06:00:00,25.4,1017.0,57.125066941783295
2023-11-18 09:00:00,27.4,1013.9,55.125722260708386
2023-11-18 12:00:00,24.0,1013.9,70.47837778915957
2023-11-18 15:00:00,18.4,1015.2,85.91578474618983
2023-11-18 18:00:00,17.2,1016.1,93.84800065349559
2023-11-18 21:00:00,16.4,1015.7,95.63141481320746
2023-11-19 00:00:00,13.6,1016.8,100.0
2023-11-19 03:00:00,15.4,1019.0,97.46339513203141
2023-11-19 06:00:00,24.4,1018.3,57.616018760164046
2023-11-19 09:00:00,26.2,1015.5,46.08829338900369
2023-11-19 12:00:00,24.0,1015.4,61.32294249463855
2023-11-19 15:00:00,17.2,1017.0,89.7419745584916
2023-11-19 18:00:00,15.4,1017.1,95.59825364282388
2023-11-19 21:00:00,14.0,1017.0,97.43602491004624
2023-11-20 00:00:00,13.4,1017.1,97.42415963862136
2023-11-20 03:00:00,14.8,1019.6,94.34682662795451
2023-11-20 06:00:00,24.6,1018.7,50.68708709764348
2023-11-20 09:00:00,26.2,1015.5,48.539907031693666
2023-11-20 12:00:00,24.0,1015.1,64.5233560338738
2023-11-20 15:00:00,17.2,1017.0,85.79475151324434
2023-11-20 18:00:00,15.2,1017.9,93.15002459693396
2023-11-20 21:00:00,13.4,1017.5,95.53079760901926
2023-11-21 00:00:00,13.2,1017.2,95.52396753285181
2023-11-21 03:00:00,15.0,1018.9,91.34219794839412
2023-11-21 06:00:00,23.0,1017.0,60.70242277903299
2023-11-21 09:00:00,25.8,1014.1,56.14103766785647
2023-11-21 12:00:00,22.2,1014.0,72.40123365463968
2023-11-21 15:00:00,17.8,1015.6,84.21749046722671
2023-11-21 18:00:00,16.6,1015.2,83.53885195933492
2023-11-21 21:00:00,15.0,1014.0,88.99298972017739
2023-11-22 00:00:00,13.0,1014.0,90.61138473351019
2023-11-22 03:00:00,14.6,1016.1,75.91702201924505
2023-11-22 06:00:00,21.8,1015.4,51.62798897930267
2023-11-22 09:00:00,25.0,1012.8,48.53416938934112
2023-11-22 12:00:00,21.6,1012.9,65.25391544185001
2023-11-22 15:00:00,15.2,1014.9,89.0091158362736
2023-11-22 18:00:00,13.4,1014.6,95.53079760901926
2023-11-22 21:00:00,12.4,1013.6,97.40420118369903
2023-11-23 00:00:00,10.8,1014.1,100.0
2023-11-23 03:00:00,12.2,1016.1,94.86009712729937
2023-11-23 06:00:00,22.8,1015.1,55.75870795491187
2023-11-23 09:00:00,25.8,1012.0,51.001308914571254
2023-11-23 12:00:00,22.6,1012.1,66.30818558790568
2023-11-23 15:00:00,15.4,1014.6,89.02520730872563
2023-11-23 18:00:00,13.8,1015.0,95.54441131671555
2023-11-23 21:00:00,12.0,1014.8,97.39615309459306
2023-11-24 00:00:00,11.4,1014.5,100.0
2023-11-24 03:00:00,12.8,1018.1,100.0
2023-11-24 06:00:00,22.8,1017.4,60.266403339762256
2023-11-24 09:00:00,26.4,1014.2,51.486298702370604
2023-11-24 12:00:00,21.4,1014.5,69.98744152646606
2023-11-24 15:00:00,15.6,1017.1,91.38064355522546
2023-11-24 18:00:00,14.0,1017.4,93.0880516101139
2023-11-24 21:00:00,12.4,1017.0,95.49649132264129
2023-11-25 00:00:00,11.8,1016.8,100.0
2023-11-25 03:00:00,12.4,1018.4,97.40420118369903
2023-11-25 06:00:00,24.0,1018.1,57.150508542239244
2023-11-25 09:00:00,25.0,1015.9,52.460986040966226
2023-11-25 12:00:00,21.6,1015.2,73.68598756326635
2023-11-25 15:00:00,16.8,1017.9,91.45678288516467
2023-11-25 18:00:00,14.6,1018.3,95.5714542483362
2023-11-26 00:00:00,12.6,1018.3,100.0
2023-11-26 03:00:00,14.4,1020.3,93.10880120194317
2023-11-26 06:00:00,22.4,1019.0,64.59081281252107
2023-11-26 09:00:00,25.6,1016.4,56.09190715788293
2023-11-26 12:00:00,21.6,1016.4,78.49717461310503
2023-11-26 15:00:00,18.0,1017.3,89.80163133535805
2023-11-26 18:00:00,17.0,1017.4,95.65113334501886
2023-11-26 21:00:00,15.6,1016.1,95.604915778585
2023-11-27 00:00:00,15.0,1015.4,100.0
2023-11-27 03:00:00,15.4,1015.5,97.46339513203141
2023-11-27 06:00:00,19.6,1017.4,75.73790348891934
2023-11-27 09:00:00,23.4,1014.1,60.79481363332311
2023-11-27 12:00:00,21.4,1013.6,71.79898970107504
2023-11-27 15:00:00,16.8,1016.0,100.0
2023-11-27 18:00:00,16.2,1015.8,98.10383293037155
2023-11-27 21:00:00,15.0,1015.3,100.0
2023-11-28 00:00:00,15.4,1015.6,100.0
2023-11-28 03:00:00,17.0,1015.8,95.65113334501886
2023-11-28 06:00:00,19.0,1016.7,90.44509053017224
2023-11-28 09:00:00,19.8,1013.9,84.97419078065248
2023-11-28 12:00:00,19.4,1013.5,86.56190404346255
2023-11-28 15:00:00,16.2,1015.1,98.10383293037155
2023-11-28 18:00:00,15.6,1015.2,98.0951045226394
2023-11-28 21:00:00,14.4,1014.6,100.0
2023-11-29 00:00:00,13.6,1015.2,100.0
2023-11-29 03:00:00,14.0,1016.8,100.0
2023-11-29 06:00:00,22.0,1016.8,70.54945136907497
2023-11-29 09:00:00,25.0,1013.9,69.78940116671127
2023-11-29 12:00:00,21.2,1014.0,78.43918300096577
2023-11-29 15:00:00,18.0,1015.8,92.1151763066067
2023-11-29 18:00:00,16.6,1015.7,95.63800241653746
2023-11-29 21:00:00,15.4,1015.4,98.09218170103145
2023-11-30 00:00:00,14.6,1015.2,100.0
2023-11-30 03:00:00,15.4,1017.3,95.59825364282388
2023-11-30 06:00:00,22.8,1017.4,74.35698654323872
2023-11-30 09:00:00,24.6,1014.9,66.30194413180494
2023-11-30 12:00:00,21.8,1015.2,84.12824237082634
2023-11-30 15:00:00,19.0,1017.1,93.92977440102698
2023-11-30 18:00:00,17.4,1017.3,95.66420552704284
2023-11-30 21:00:00,16.0,1017.4,97.47499181934772
2023-12-01 00:00:00,14.2,1017.0,100.0
2023-12-01 03:00:00,15.4,1017.0,100.0
2023-12-01 06:00:00,22.6,1017.6,74.32350126867689
2023-12-01 09:00:00,25.0,1014.7,63.92706944237422
2023-12-01 12:00:00,22.0,1014.7,82.07643342444838
2023-12-01 15:00:00,18.4,1017.0,93.90269655568989
2023-12-01 18:00:00,16.6,1016.7,98.10961869030947
2023-12-01 21:00:00,15.2,1016.5,98.08925216929067
2023-12-02 00:00:00,14.0,1017.4,100.0
2023-12-02 03:00:00,14.8,1019.2,100.0
2023-12-02 06:00:00,21.2,1019.1,73.14964788312554
2023-12-02 09:00:00,24.0,1015.9,64.5233560338738
2023-12-02 12:00:00,22.2,1015.4,80.57705408572946
2023-12-02 15:00:00,16.6,1017.4,95.63800241653746
2023-12-02 18:00:00,14.6,1018.3,98.08042310801271
2023-12-02 21:00:00,13.2,1017.4,100.0
2023-12-03 00:00:00,11.8,1018.0,100.0
2023-12-03 06:00:00,22.4,1019.5,66.26660576599681
2023-12-03 09:00:00,25.4,1015.6,61.2525557727852
2023-12-03 12:00:00,21.2,1015.3,81.97757756705623
2023-12-03 15:00:00,18.0,1017.1,92.1151763066067
2023-12-03 18:00:00,17.4,1017.4,93.8571670455613
2023-12-03 21:00:00,16.2,1016.8,95.62481239193981
2023-12-04 00:00:00,15.8,1016.0,98.09802065452361
2023-12-04 03:00:00,16.4,1018.1,98.10672911476868
2023-12-04 06:00:00,23.6,1018.0,58.16689433121799
2023-12-04 09:00:00,24.4,1015.1,66.26066568163881
2023-12-04 12:00:00,21.4,1014.9,78.46820659148995
2023-12-04 15:00:00,17.0,1016.3,89.72698022064127
2023-12-04 18:00:00,16.0,1016.9,91.40613419141593
2023-12-04 21:00:00,15.0,1016.2,95.58488420598349
2023-12-05 00:00:00,14.0,1015.6,100.0
2023-12-05 03:00:00,13.4,1017.2,100.0
2023-12-05 06:00:00,22.4,1016.4,62.95239911045817
2023-12-05 09:00:00,24.4,1013.8,69.24033252213863
2023-12-05 12:00:00,21.4,1013.7,82.00236498749985
2023-12-05 15:00:00,15.4,1015.8,91.36785638670548
2023-12-05 18:00:00,13.2,1017.0,97.42018632246352
2023-12-05 21:00:00,12.0,1016.5,100.0
2023-12-06 00:00:00,10.6,1015.8,100.0
2023-12-06 03:00:00,12.2,1018.0,100.0
2023-12-06 06:00:00,21.8,1017.6,64.04696990077424
2023-12-06 09:00:00,25.2,1014.3,69.82725085286098
2023-12-06 12:00:00,22.4,1014.6,82.63851822798792
2023-12-06 15:00:00,15.4,1016.8,89.02520730872563
2023-12-06 18:00:00,13.2,1017.3,95.52396753285181
2023-12-06 21:00:00,11.6,1017.0,97.3880676886059
2023-12-07 00:00:00,11.2,1016.5,100.0
2023-12-07 03:00:00,12.6,1017.6,97.40821130581216
2023-12-07 06:00:00,22.0,1016.5,61.25880440963451
2023-12-07 09:00:00,25.0,1013.5,71.10528271258221
2023-12-07 12:00:00,21.6,1013.4,71.83530613579937
2023-12-07 15:00:00,16.8,1015.6,91.45678288516467
2023-12-07 18:00:00,13.6,1016.0,97.42812382340092
2023-12-07 21:00:00,12.0,1015.3,97.39615309459306
2023-12-08 00:00:00,11.4,1015.7,100.0
2023-12-08 03:00:00,12.8,1017.2,93.02524475563575
2023-12-08 06:00:00,21.8,1016.8,54.78429803964941
2023-12-08 09:00:00,24.8,1013.4,44.22658327114008
2023-12-08 12:00:00,21.4,1013.2,66.91376191861946
2023-12-08 15:00:00,14.4,1015.0,95.56471646093954
2023-12-08 18:00:00,13.0,1015.9,95.51712191302202
2023-12-08 21:00:00,11.4,1015.6,97.38401091998121
2023-12-09 00:00:00,10.2,1016.2,100.0
2023-12-09 03:00:00,11.0,1017.9,100.0
2023-12-09 06:00:00,22.0,1018.2,52.02296792971393
2023-12-09 09:00:00,24.8,1015.3,45.70651191028553
2023-12-09 12:00:00,20.2,1014.7,69.30783373165526
2023-12-09 15:00:00,13.6,1012.1,94.91465975923765
2023-12-09 18:00:00,11.2,1016.0,97.3799447357553
2023-12-09 21:00:00,10.0,1014.9,100.0
2023-12-10 00:00:00,9.8,1014.5,100.0
2023-12-10 03:00:00,11.6,1015.8,87.53158087183863
2023-12-10 06:00:00,20.2,1015.8,55.840490093853
2023-12-10 09:00:00,22.8,1013.5,44.25980132916405
2023-12-10 12:00:00,21.2,1012.9,60.28315144831681
2023-12-10 15:00:00,12.6,1015.2,90.58332836922459
2023-12-10 18:00:00,10.2,1015.8,97.35947156086468
2023-12-10 21:00:00,8.8,1015.0,100.0
2023-12-11 00:00:00,8.4,1015.2,100.0
2023-12-11 03:00:00,9.2,1017.0,100.0
2023-12-11 06:00:00,21.2,1016.7,50.789530615242015
2023-12-11 09:00:00,23.6,1014.1,39.9665095184025
2023-12-11 12:00:00,20.6,1013.7,59.74903359457973
2023-12-11 15:00:00,13.8,1015.9,84.3193655005902
2023-12-11 18:00:00,10.2,1016.3,100.0
2023-12-11 21:00:00,8.6,1015.3,100.0
2023-12-12 00:00:00,8.0,1015.1,100.0
2023-12-12 03:00:00,9.2,1016.1,100.0
2023-12-12 06:00:00,20.8,1015.4,59.796425120302324
2023-12-12 09:00:00,24.0,1012.6,48.58343848769498
2023-12-12 12:00:00,20.0,1012.6,70.62550939676852
2023-12-12 15:00:00,13.4,1014.3,95.53079760901926
2023-12-12 18:00:00,11.4,1015.0,100.0
2023-12-12 21:00:00,9.8,1014.7,100.0
2023-12-13 00:00:00,8.2,1014.8,100.0
2023-12-13 03:00:00,9.2,1017.5,100.0
2023-12-13 06:00:00,21.2,1017.2,65.16845708989669
2023-12-13 09:00:00,24.2,1014.5,38.291879791386705
2023-12-13 12:00:00,21.4,1014.7,52.557633204221474
2023-12-13 15:00:00,12.4,1017.4,88.19074924278162
2023-12-13 18:00:00,10.0,1017.7,94.77258174880322
2023-12-13 21:00:00,9.0,1017.2,100.0
2023-12-14 00:00:00,7.6,1016.4,100.0
2023-12-14 03:00:00,9.4,1018.6,100.0
2023-12-14 06:00:00,20.2,1018.5,43.53131563523209
2023-12-14 09:00:00,23.0,1016.0,34.96245982322969
2023-12-14 12:00:00,21.0,1015.7,50.73632107006152
2023-12-14 15:00:00,12.6,1018.1,83.62191407370018
2023-12-14 18:00:00,9.8,1019.1,92.23865038850573
2023-12-14 21:00:00,8.0,1018.2,97.31358123769705
2023-12-15 00:00:00,7.0,1019.1,97.29232745823914
2023-12-15 03:00:00,7.8,1021.1,100.0
2023-12-15 06:00:00,21.0,1019.9,47.77047256983977
2023-12-15 09:00:00,24.4,1016.7,33.48498009304365
2023-12-15 12:00:00,19.8,1016.5,61.95921539888884
2023-12-15 15:00:00,13.4,1018.3,85.96984513155628
2023-12-15 18:00:00,10.0,1018.6,97.35534826961502
2023-12-15 21:00:00,8.0,1018.8,97.31358123769705
2023-12-16 00:00:00,7.4,1018.3,100.0
2023-12-16 03:00:00,7.6,1018.3,100.0
2023-12-16 06:00:00,20.5,1018.5,55.9158979119993
2023-12-16 09:00:00,24.0,1015.0,27.869921807132343
2023-12-16 12:00:00,19.2,1014.7,57.857347664532035
2023-12-16 15:00:00,13.0,1015.9,88.24283981555196
2023-12-16 18:00:00,11.0,1017.6,97.37586910690435
2023-12-16 21:00:00,9.0,1017.2,98.68793455345217
2023-12-17 00:00:00,7.0,1017.7,100.0
2023-12-17 03:00:00,8.6,1018.8,100.0
2023-12-17 06:00:00,22.0,1018.7,37.40822049090631
2023-12-17 09:00:00,24.0,1016.3,35.48806187260917
2023-12-17 12:00:00,20.2,1016.6,52.59372717806794
2023-12-17 15:00:00,13.0,1019.0,85.35900419454717
2023-12-17 18:00:00,11.2,1020.2,94.82058945159967
2023-12-17 21:00:00,8.4,1020.2,100.0
2023-12-18 00:00:00,8.0,1020.4,100.0
2023-12-18 03:00:00,11.2,1021.0,89.87916379213625
2023-12-18 06:00:00,19.0,1020.9,56.28533522138947
2023-12-18 09:00:00,21.8,1018.3,44.27824724894494
2023-12-18 12:00:00,18.2,1017.6,58.38819950727093
2023-12-18 15:00:00,13.6,1020.0,77.2937657633589
2023-12-18 18:00:00,13.8,1020.3,77.32500263724282
2023-12-18 21:00:00,12.4,1020.0,83.59836147539178
2023-12-19 00:00:00,10.2,1019.9,89.80306259312263
2023-12-19 03:00:00,10.2,1021.8,86.81056391783137
2023-12-19 06:00:00,19.2,1021.1,45.0679003957823
2023-12-19 09:00:00,22.4,1018.0,28.817736543047623
2023-12-19 12:00:00,18.6,1017.7,47.10965406560125
2023-12-19 15:00:00,12.6,1020.2,74.56825503558626
2023-12-19 18:00:00,9.4,1020.9,94.74832959201001
2023-12-19 21:00:00,8.0,1020.9,97.31358123769705
2023-12-20 00:00:00,7.6,1020.2,97.30510971707946
2023-12-20 03:00:00,8.8,1022.3,91.55256885631819
2023-12-20 06:00:00,18.6,1020.8,49.080215316149044
2023-12-20 09:00:00,21.0,1017.8,43.16618438618589
2023-12-20 12:00:00,18.4,1017.1,64.13703680020836
2023-12-20 15:00:00,12.8,1018.7,85.90855977917565
2023-12-20 18:00:00,10.4,1019.7,97.36358526068923
2023-12-20 21:00:00,8.6,1019.0,100.0
2023-12-21 00:00:00,7.8,1018.0,100.0
2023-12-21 03:00:00,8.2,1019.5,97.31780209575075
2023-12-21 06:00:00,18.8,1018.9,59.31925660752633
2023-12-21 09:00:00,22.2,1015.4,42.060428095847726
2023-12-21 12:00:00,19.4,1015.5,61.460903484629405
2023-12-21 15:00:00,12.2,1018.0,88.17331059899422
2023-12-21 18:00:00,10.2,1018.4,94.78062882988873
2023-12-21 21:00:00,8.8,1017.7,100.0
2023-12-22 00:00:00,7.4,1018.0,100.0
2023-12-22 03:00:00,8.2,1019.7,91.51383710352641
2023-12-22 06:00:00,19.0,1018.3,63.0114676927038
2023-12-22 09:00:00,22.4,1015.3,46.575587007480145
2023-12-22 12:00:00,18.6,1015.7,75.08766810739822
2023-12-22 15:00:00,13.4,1017.6,93.05675333475915
2023-12-22 18:00:00,11.6,1018.3,97.3880676886059
2023-12-22 21:00:00,11.8,1017.5,97.3921150705423
2023-12-23 00:00:00,12.2,1017.1,97.40018178945084
2023-12-23 03:00:00,11.2,1020.6,97.3799447357553
2023-12-23 06:00:00,19.6,1021.3,63.56204708093991
2023-12-23 09:00:00,23.2,1018.7,51.99455387694659
2023-12-23 12:00:00,20.4,1018.3,69.34684446879916
2023-12-23 15:00:00,13.4,1020.6,90.63931815450903
2023-12-23 18:00:00,11.4,1021.6,94.82852700449433
2023-12-23 21:00:00,10.4,1021.6,97.36358526068923
2023-12-24 00:00:00,9.4,1021.5,97.3429205497449
2023-12-24 03:00:00,9.6,1023.1,94.75643218583839
2023-12-24 06:00:00,21.0,1022.4,61.82882049375357
2023-12-24 09:00:00,24.2,1019.0,52.93687872742393
2023-12-24 12:00:00,20.2,1019.1,72.50665915505505
2023-12-24 15:00:00,14.2,1020.7,97.43996186725943
2023-12-24 18:00:00,12.0,1021.1,100.0
2023-12-26 12:00:00,18.7,1017.6,59.6911808042458
2023-12-26 18:00:00,10.7,1020.3,95.43726479637384
2023-12-26 21:00:00,9.4,1020.1,97.3429205497449
2023-12-27 00:00:00,11.0,1019.9,100.0
2023-12-27 03:00:00,11.8,1022.3,100.0
2023-12-27 06:00:00,14.0,1022.5,93.0880516101139
2023-12-27 09:00:00,20.8,1019.1,63.00276761317921
2023-12-27 12:00:00,16.4,1018.8,81.36763763886353
2023-12-27 15:00:00,12.8,1020.4,97.41221218415632
2023-12-27 18:00:00,10.2,1020.4,97.35947156086468
2023-12-27 21:00:00,9.0,1019.5,100.0
2023-12-28 00:00:00,8.6,1018.9,100.0
2023-12-28 03:00:00,11.6,1020.4,94.8364464943844
2023-12-28 06:00:00,14.6,1020.7,80.06385792190865
2023-12-28 09:00:00,20.6,1017.5,58.19926758382522
2023-12-28 12:00:00,16.8,1017.7,81.41959056140895
2023-12-28 15:00:00,12.6,1019.9,95.50338385498358
2023-12-28 18:00:00,13.4,1020.6,97.42415963862136
2023-12-28 21:00:00,12.4,1020.0,100.0
2023-12-29 00:00:00,12.6,1020.2,100.0
2023-12-29 03:00:00,13.0,1021.6,95.51712191302202
2023-12-29 06:00:00,15.0,1022.9,88.99298972017739
2023-12-29 09:00:00,18.8,1018.6,73.19917002586746
2023-12-29 12:00:00,16.6,1018.6,83.53885195933492
2023-12-29 15:00:00,13.8,1019.9,94.30392514703017
2023-12-29 18:00:00,13.8,1019.9,95.54441131671555
2023-12-29 21:00:00,12.6,1019.3,97.40821130581216
2023-12-30 00:00:00,13.2,1019.2,93.04627393366597
2023-12-30 03:00:00,13.4,1020.0,88.27738011354035
2023-12-30 06:00:00,15.8,1020.6,89.05728670930709
2023-12-30 09:00:00,19.6,1017.4,66.97577523650703
2023-12-30 12:00:00,16.0,1017.2,87.35817171892187
2023-12-30 15:00:00,14.4,1018.3,90.70861843145448
2023-12-30 18:00:00,13.8,1018.4,90.66712933521302
2023-12-30 21:00:00,13.2,1018.4,90.62536676786807
2023-12-31 00:00:00,13.0,1018.5,90.61138473351019
2023-12-31 03:00:00,12.8,1020.2,90.59737196340785
2023-12-31 06:00:00,14.2,1020.7,82.16075759049019
2023-12-31 09:00:00,15.2,1018.3,78.57491552248868
2023-12-31 12:00:00,13.8,1017.3,84.3193655005902
2023-12-31 15:00:00,12.0,1019.1,92.98290295662396
2023-12-31 18:00:00,11.4,1019.2,92.3323456350743
2023-12-31 21:00:00,11.0,1019.0,94.81263378127055
