time,temp_c,slp_hpa,rh_pct
2023-01-01 00:00:00,12.0,1018.9,97.39615309459306
2023-01-01 03:00:00,16.4,1021.9,87.39470655250722
2023-01-01 06:00:00,21.4,1020.1,68.65527496551186
2023-01-01 09:00:00,23.4,1017.3,50.701870022376326
2023-01-01 12:00:00,18.8,1017.9,84.32841957043044
2023-01-01 15:00:00,15.0,1020.7,93.13975305412771
2023-01-01 18:00:00,13.8,1020.1,95.54441131671555
2023-01-01 21:00:00,12.2,1019.9,94.86009712729937
2023-01-02 00:00:00,11.2,1019.2,100.0
2023-01-02 03:00:00,14.2,1021.7,95.55796340708035
2023-01-02 06:00:00,21.4,1020.4,68.65527496551186
2023-01-02 09:00:00,23.6,1017.6,55.237934002483236
2023-01-02 12:00:00,20.0,1018.3,75.80243725044951
2023-01-02 15:00:00,17.6,1020.6,85.83526358356409
2023-01-02 18:00:00,13.4,1020.2,95.53079760901926
2023-01-02 21:00:00,12.8,1019.7,95.51026070272563
2023-01-03 00:00:00,10.8,1019.5,94.8046599388741
2023-01-03 03:00:00,15.8,1022.0,89.05728670930709
2023-01-03 06:00:00,22.6,1020.1,58.68162414536218
2023-01-03 09:00:00,24.4,1017.1,47.74374374548634
2023-01-03 12:00:00,19.8,1017.4,75.77020064235057
2023-01-03 15:00:00,14.6,1019.5,93.11914142350814
2023-01-03 18:00:00,13.0,1019.7,95.51712191302202
2023-01-03 21:00:00,11.8,1019.0,94.84434797549758
2023-01-04 00:00:00,10.6,1019.4,100.0
2023-01-04 03:00:00,15.6,1022.3,87.32148192965687
2023-01-04 06:00:00,21.0,1020.3,64.70523940925912
2023-01-04 09:00:00,24.4,1016.1,51.967956826587525
2023-01-04 12:00:00,19.4,1016.5,75.70554565099692
2023-01-04 15:00:00,15.4,1018.0,91.36785638670548
2023-01-04 18:00:00,14.2,1019.0,93.09843795330515
2023-01-05 00:00:00,11.8,1019.6,94.84434797549758
2023-01-05 03:00:00,16.6,1022.4,83.53885195933492
2023-01-05 06:00:00,23.4,1020.5,60.79481363332311
2023-01-05 09:00:00,25.4,1016.8,44.97834550189951
2023-01-05 12:00:00,20.0,1017.1,74.35848005153662
2023-01-05 15:00:00,15.4,1019.5,89.02520730872563
2023-01-05 18:00:00,13.6,1019.7,93.06720936893215
2023-01-05 21:00:00,12.6,1019.5,95.50338385498358
2023-01-06 00:00:00,10.6,1019.8,100.0
2023-01-06 03:00:00,16.5,1021.3,82.98594895626728
2023-01-06 06:00:00,24.0,1019.3,55.69638229748551
2023-01-06 09:00:00,25.2,1015.7,47.33806540677984
2023-01-06 12:00:00,20.8,1016.4,69.87255673728518
2023-01-06 15:00:00,15.0,1018.4,88.99298972017739
2023-01-06 18:00:00,13.0,1019.1,93.03577109694395
2023-01-06 21:00:00,12.4,1018.8,95.49649132264129
2023-01-07 00:00:00,10.6,1018.6,94.79666786957364
2023-01-07 03:00:00,16.2,1019.9,85.1378687966253
2023-01-07 06:00:00,23.4,1018.1,59.63495905400274
2023-01-07 09:00:00,26.0,1014.2,47.24624692269561
2023-01-07 12:00:00,20.4,1014.9,73.00931609495443
2023-01-07 15:00:00,15.8,1016.2,89.05728670930709
2023-01-07 18:00:00,13.0,1016.7,93.03577109694395
2023-01-07 21:00:00,12.0,1016.0,94.85223150186052
2023-01-08 00:00:00,11.6,1016.3,100.0
2023-01-08 03:00:00,18.2,1019.8,80.5558072189858
2023-01-08 06:00:00,24.0,1017.7,58.63792089821904
2023-01-08 09:00:00,26.6,1014.6,51.53806668573736
2023-01-08 12:00:00,21.4,1015.3,75.06854363302618
2023-01-08 15:00:00,16.8,1017.5,89.71195364563357
2023-01-08 18:00:00,15.0,1018.1,93.13975305412771
2023-01-09 00:00:00,12.0,1018.0,97.39615309459306
2023-01-09 03:00:00,18.6,1020.6,82.70406260968356
2023-01-09 06:00:00,25.2,1018.3,54.2284006146774
2023-01-09 09:00:00,26.8,1015.4,53.25972640302064
2023-01-09 12:00:00,21.2,1016.3,76.9642757068897
2023-01-09 15:00:00,16.4,1018.5,91.43151375710556
2023-01-09 18:00:00,14.8,1018.3,95.5781768148728
2023-01-09 21:00:00,13.0,1018.1,95.51712191302202
2023-01-10 00:00:00,13.0,1017.9,97.4162038469898
2023-01-10 03:00:00,17.2,1019.3,85.79475151324434
2023-01-10 06:00:00,24.2,1016.6,52.93687872742393
2023-01-10 09:00:00,26.4,1013.6,48.9074144216262
2023-01-10 12:00:00,23.0,1013.2,69.84785753064332
2023-01-10 15:00:00,20.0,1014.4,88.82646755484863
2023-01-10 18:00:00,15.4,1015.2,93.16027338017237
2023-01-10 21:00:00,14.8,1014.7,95.5781768148728
2023-01-11 00:00:00,13.4,1015.0,95.53079760901926
2023-01-11 03:00:00,17.0,1016.8,89.72698022064127
2023-01-11 06:00:00,24.0,1015.4,55.69638229748551
2023-01-11 09:00:00,26.4,1011.5,45.25206230902034
2023-01-11 12:00:00,22.0,1012.1,68.77349522244712
2023-01-11 15:00:00,16.6,1013.7,87.41291612542301
2023-01-11 18:00:00,14.8,1014.4,95.5781768148728
2023-01-11 21:00:00,13.0,1013.8,95.51712191302202
2023-01-12 00:00:00,12.8,1012.5,100.0
2023-01-12 03:00:00,17.8,1015.2,85.85545657849421
2023-01-12 06:00:00,23.0,1013.2,63.49078489906616
2023-01-12 09:00:00,25.2,1009.7,54.2284006146774
2023-01-12 12:00:00,22.2,1010.1,70.58696330788851
2023-01-12 15:00:00,18.4,1012.2,86.46578762764692
2023-01-12 18:00:00,16.2,1013.0,91.41883781841517
2023-01-13 00:00:00,13.8,1012.5,97.43207890463384
2023-01-13 03:00:00,17.8,1015.6,82.07631714611342
2023-01-13 06:00:00,23.6,1014.5,56.68577345977045
2023-01-13 09:00:00,25.0,1011.6,48.53416938934112
2023-01-13 12:00:00,19.0,1012.3,75.15390064047922
2023-01-13 15:00:00,15.6,1014.9,87.32148192965687
2023-01-13 18:00:00,14.2,1014.7,90.69481897371098
2023-01-13 21:00:00,13.0,1014.4,93.03577109694395
2023-01-14 00:00:00,12.8,1013.8,95.51026070272563
2023-01-14 03:00:00,15.0,1015.5,86.69713639932762
2023-01-14 06:00:00,21.8,1014.1,59.25650266469661
2023-01-14 09:00:00,23.4,1010.9,55.18780861417479
2023-01-14 12:00:00,18.4,1011.4,76.528003069259
2023-01-14 15:00:00,14.6,1013.8,93.11914142350814
2023-01-14 18:00:00,13.2,1013.9,97.42018632246352
2023-01-14 21:00:00,12.2,1013.5,97.40018178945084
2023-01-15 00:00:00,11.8,1011.4,100.0
2023-01-15 03:00:00,14.4,1015.1,95.56471646093954
2023-01-15 06:00:00,20.0,1014.4,75.80243725044951
2023-01-15 09:00:00,22.6,1011.6,61.79318420370474
2023-01-15 12:00:00,20.2,1011.8,81.33582680524137
2023-01-15 15:00:00,17.4,1013.8,93.8571670455613
2023-01-15 18:00:00,15.4,1015.0,95.59825364282388
2023-01-15 21:00:00,14.4,1014.3,97.44388980378993
2023-01-16 00:00:00,12.6,1015.0,100.0
2023-01-16 03:00:00,15.4,1018.3,89.02520730872563
2023-01-16 06:00:00,20.0,1016.4,72.470856291407
2023-01-16 09:00:00,22.4,1013.1,62.95239911045817
2023-01-16 12:00:00,18.2,1013.4,82.12623755031767
2023-01-16 15:00:00,14.2,1015.6,90.69481897371098
2023-01-16 18:00:00,13.4,1016.5,93.05675333475915
2023-01-17 00:00:00,11.2,1015.0,97.3799447357553
2023-01-17 03:00:00,15.4,1018.1,85.05255730831114
2023-01-17 06:00:00,21.0,1016.0,56.78422528555351
2023-01-17 09:00:00,22.2,1013.3,53.816455376649685
2023-01-17 12:00:00,18.6,1013.6,77.05578821552338
2023-01-17 15:00:00,15.8,1017.0,91.39340279686098
2023-01-17 18:00:00,13.6,1017.8,93.06720936893215
2023-01-17 21:00:00,12.4,1017.4,95.49649132264129
2023-01-18 00:00:00,11.6,1018.3,97.3880676886059
2023-01-18 03:00:00,13.4,1020.0,93.05675333475915
2023-01-18 06:00:00,19.8,1013.0,60.34963434562397
2023-01-18 09:00:00,21.2,1016.0,57.20820350842965
2023-01-18 12:00:00,17.6,1016.4,77.90710307634244
2023-01-18 15:00:00,16.8,1019.6,91.45678288516467
2023-01-18 18:00:00,11.8,1019.8,94.84434797549758
2023-01-18 21:00:00,11.0,1019.3,94.81263378127055
2023-01-19 00:00:00,10.2,1018.3,97.35947156086468
2023-01-19 03:00:00,12.6,1020.6,95.50338385498358
2023-01-19 06:00:00,20.4,1018.5,65.84698390364156
2023-01-19 09:00:00,22.6,1015.7,57.17819771780525
2023-01-19 12:00:00,18.8,1015.9,77.08670766079658
2023-01-19 15:00:00,13.8,1017.4,93.07764210464569
2023-01-19 18:00:00,12.0,1017.6,94.85223150186052
2023-01-19 21:00:00,10.8,1017.2,97.37178400429313
2023-01-20 00:00:00,10.4,1016.9,100.0
2023-01-20 03:00:00,14.0,1020.3,93.0880516101139
2023-01-20 06:00:00,21.6,1019.0,57.682573906747514
2023-01-20 09:00:00,23.6,1014.9,48.157812114060874
2023-01-20 12:00:00,19.6,1015.2,70.54987572913048
2023-01-20 15:00:00,15.6,1017.1,92.57048406806715
2023-01-20 18:00:00,12.6,1016.6,93.01469484053409
2023-01-21 00:00:00,10.6,1015.8,97.36768939867459
2023-01-21 03:00:00,16.0,1018.2,82.92582750051312
2023-01-21 06:00:00,23.0,1015.7,54.72982571968843
2023-01-21 09:00:00,24.2,1013.0,47.68969993928029
2023-01-21 12:00:00,20.2,1013.0,71.12017585620825
2023-01-21 15:00:00,16.2,1016.1,87.37645845218667
2023-01-21 18:00:00,14.4,1016.4,88.9444025377394
2023-01-21 21:00:00,13.4,1016.3,90.63931815450903
2023-01-22 00:00:00,11.2,1016.2,97.3799447357553
2023-01-22 03:00:00,15.4,1017.9,85.05255730831114
2023-01-22 06:00:00,23.2,1016.2,54.7803195089536
2023-01-22 09:00:00,25.0,1013.1,47.2840066651506
2023-01-22 12:00:00,20.4,1013.5,77.82585599299374
2023-01-22 15:00:00,18.2,1015.4,88.11729523295126
2023-01-22 18:00:00,14.4,1015.8,88.9444025377394
2023-01-22 21:00:00,13.8,1015.3,93.07764210464569
2023-01-23 00:00:00,11.4,1015.2,94.82852700449433
2023-01-23 03:00:00,15.0,1017.3,88.99298972017739
2023-01-23 06:00:00,22.4,1015.7,56.75842370399915
2023-01-23 09:00:00,24.8,1012.3,48.48059487888416
2023-01-23 12:00:00,22.4,1012.8,62.95239911045817
2023-01-23 15:00:00,16.4,1014.8,85.15908612701891
2023-01-23 18:00:00,15.0,1015.4,88.99298972017739
2023-01-23 21:00:00,14.0,1014.9,93.0880516101139
2023-01-24 00:00:00,11.8,1016.0,94.21665966656096
2023-01-24 03:00:00,15.4,1018.9,89.02520730872563
2023-01-24 06:00:00,23.0,1017.0,59.15792233039937
2023-01-24 09:00:00,25.2,1012.5,46.11683152073457
2023-01-24 12:00:00,21.4,1013.2,66.91376191861946
2023-01-24 15:00:00,16.8,1015.3,85.75407058428847
2023-01-24 18:00:00,15.4,1015.1,87.30307866082929
2023-01-25 00:00:00,12.0,1015.1,94.85223150186052
2023-01-25 03:00:00,16.6,1017.6,85.18025947599503
2023-01-25 06:00:00,23.8,1014.5,55.64663035540388
2023-01-25 09:00:00,26.4,1011.3,45.25206230902034
2023-01-25 12:00:00,21.6,1011.9,71.83530613579937
2023-01-25 15:00:00,17.6,1014.4,83.65462891785485
2023-01-25 18:00:00,15.6,1014.7,91.38064355522546
2023-01-25 21:00:00,14.0,1014.4,93.0880516101139
2023-01-26 00:00:00,13.6,1014.8,93.06720936893215
2023-01-26 03:00:00,15.8,1016.5,93.78326415706879
2023-01-26 06:00:00,24.2,1014.4,58.685550665822504
2023-01-26 09:00:00,26.6,1011.4,49.27635105646181
2023-01-26 12:00:00,23.2,1011.8,69.88593045135374
2023-01-26 15:00:00,18.0,1014.6,82.10130241225859
2023-01-26 18:00:00,17.2,1014.2,89.7419745584916
2023-01-26 21:00:00,16.0,1014.1,93.79257390574581
2023-01-27 00:00:00,14.4,1014.6,95.56471646093954
2023-01-27 03:00:00,17.0,1016.6,91.46937623164787
2023-01-27 06:00:00,25.4,1014.1,61.2525557727852
2023-01-27 09:00:00,26.8,1011.2,50.61004329658352
2023-01-27 12:00:00,24.4,1011.9,67.94922933383891
2023-01-27 15:00:00,18.4,1013.3,89.83126862847055
2023-01-27 18:00:00,17.4,1012.8,91.4944808802553
2023-01-27 21:00:00,16.4,1012.6,91.43151375710556
2023-01-28 00:00:00,15.2,1013.7,95.59157646693424
2023-01-28 03:00:00,17.4,1016.4,91.4944808802553
2023-01-28 06:00:00,23.2,1014.3,63.94176927480236
2023-01-28 09:00:00,26.8,1010.3,50.61004329658352
2023-01-28 12:00:00,22.8,1011.1,76.24746961313211
2023-01-28 15:00:00,18.2,1013.0,89.8164658325339
2023-01-28 18:00:00,16.8,1013.5,91.45678288516467
2023-01-29 00:00:00,14.6,1014.4,95.5714542483362
2023-01-29 03:00:00,17.2,1017.0,98.1182479636799
2023-01-29 06:00:00,22.2,1014.7,79.07797054429328
2023-01-29 09:00:00,26.8,1011.5,61.18521534996033
2023-01-29 12:00:00,23.0,1012.2,74.39041066627999
2023-01-29 15:00:00,18.4,1015.4,89.83126862847055
2023-01-29 18:00:00,16.6,1016.1,93.82037943614978
2023-01-29 21:00:00,15.2,1015.7,95.59157646693424
2023-01-30 00:00:00,13.4,1016.3,97.42415963862136
2023-01-30 03:00:00,18.0,1018.2,89.80163133535805
2023-01-30 06:00:00,26.0,1015.6,59.11107828570813
2023-01-30 09:00:00,29.0,1012.0,48.047970414933914
2023-01-30 12:00:00,25.0,1012.3,71.10528271258221
2023-01-30 15:00:00,21.6,1013.8,88.95389452740015
2023-01-30 18:00:00,17.6,1014.4,93.8663131960353
2023-01-30 21:00:00,17.2,1013.9,93.84800065349559
2023-01-31 00:00:00,16.0,1012.7,95.61819510862335
2023-01-31 03:00:00,20.0,1015.0,84.99533007192596
2023-01-31 06:00:00,27.8,1013.5,55.57264582369571
2023-01-31 09:00:00,29.2,1010.1,46.01065761132635
2023-01-31 12:00:00,25.4,1010.1,74.78677922090901
2023-01-31 15:00:00,20.6,1011.8,81.38711358549382
2023-01-31 18:00:00,18.0,1012.4,89.80163133535805
2023-01-31 21:00:00,18.0,1012.2,93.88454500736407
2023-02-01 00:00:00,17.8,1012.0,95.67721930970805
2023-02-01 03:00:00,19.8,1014.8,88.81038774322853
2023-02-01 06:00:00,24.0,1013.8,67.44315945194963
2023-02-01 09:00:00,28.0,1009.4,55.62172468270759
2023-02-01 12:00:00,24.0,1010.2,75.02229317138162
2023-02-01 15:00:00,21.0,1013.3,81.95274097068757
2023-02-01 18:00:00,20.4,1014.5,87.20286371169097
2023-02-01 21:00:00,18.4,1014.0,85.91578474618983
2023-02-02 00:00:00,17.8,1014.4,92.10354182385356
2023-02-02 03:00:00,19.6,1016.9,79.21141854904147
2023-02-02 06:00:00,25.0,1014.6,62.33363766021803
2023-02-02 09:00:00,26.0,1011.5,61.77549134798711
2023-02-02 12:00:00,23.4,1012.0,74.9242703691049
2023-02-02 15:00:00,18.6,1014.6,90.41721504718039
2023-02-02 18:00:00,17.4,1015.4,89.75693674926578
2023-02-02 21:00:00,17.0,1014.9,91.46937623164787
2023-02-03 00:00:00,16.6,1014.9,93.82037943614978
2023-02-03 03:00:00,20.0,1015.8,84.99533007192596
2023-02-03 06:00:00,26.0,1013.3,59.11107828570813
2023-02-03 09:00:00,27.8,1009.6,51.84729878092747
2023-02-03 12:00:00,24.8,1009.7,69.75148628714753
2023-02-03 15:00:00,21.8,1011.4,88.96967283294491
2023-02-03 18:00:00,19.0,1012.8,80.66276457451087
2023-02-03 21:00:00,17.8,1012.2,89.78676504838093
2023-02-04 00:00:00,16.8,1011.4,95.64457524587876
2023-02-04 03:00:00,18.8,1013.6,92.16146182468223
2023-02-04 06:00:00,25.0,1012.4,61.16156608407452
2023-02-04 09:00:00,27.8,1008.4,54.19164488057315
2023-02-04 12:00:00,24.0,1008.1,67.44315945194963
2023-02-04 15:00:00,18.8,1011.0,88.1685337131173
2023-02-04 18:00:00,17.8,1011.7,92.10354182385356
2023-02-04 21:00:00,17.4,1011.4,93.8571670455613
2023-02-05 00:00:00,15.8,1011.1,95.61156291898422
2023-02-05 03:00:00,18.2,1013.7,89.8164658325339
2023-02-05 06:00:00,24.0,1012.7,61.32294249463855
2023-02-05 09:00:00,26.2,1008.5,53.7896414941051
2023-02-05 12:00:00,22.8,1009.6,72.96625982394418
2023-02-05 15:00:00,19.8,1012.1,79.23970675671094
2023-02-05 18:00:00,17.6,1013.2,88.06573120324506
2023-02-06 00:00:00,14.8,1012.1,95.5781768148728
2023-02-06 03:00:00,18.0,1014.7,89.80163133535805
2023-02-06 06:00:00,23.8,1012.8,62.86092090496198
2023-02-06 09:00:00,25.4,1009.4,52.90301503946089
2023-02-06 12:00:00,22.4,1009.1,69.29137490376931
2023-02-06 15:00:00,19.2,1011.1,77.14836978029265
2023-02-06 18:00:00,17.0,1010.9,89.72698022064127
2023-02-06 21:00:00,16.0,1010.8,93.79257390574581
2023-02-07 00:00:00,14.0,1010.1,93.0880516101139
2023-02-07 03:00:00,16.2,1012.3,79.2398821854657
2023-02-07 06:00:00,24.2,1011.5,52.93687872742393
2023-02-07 09:00:00,25.8,1009.2,45.680636096279336
2023-02-07 12:00:00,22.4,1009.8,61.35065070870822
2023-02-07 15:00:00,20.6,1011.2,88.87450414906138
2023-02-07 18:00:00,17.4,1012.1,82.0261957179648
2023-02-07 21:00:00,16.8,1011.7,89.71195364563357
2023-02-08 00:00:00,14.0,1012.4,93.0880516101139
2023-02-08 03:00:00,17.8,1014.5,76.4329982048574
2023-02-08 06:00:00,22.4,1013.7,69.29137490376931
2023-02-08 09:00:00,22.4,1011.8,62.95239911045817
2023-02-08 12:00:00,20.0,1012.2,68.82162822950846
2023-02-08 15:00:00,18.8,1014.3,69.94020031223228
2023-02-08 18:00:00,17.7,1014.7,82.59489178309997
2023-02-08 21:00:00,16.8,1014.6,87.43108727612648
2023-02-09 00:00:00,16.0,1013.1,87.35817171892187
2023-02-09 03:00:00,17.6,1016.8,83.65462891785485
2023-02-09 06:00:00,22.8,1015.5,65.09159530734026
2023-02-09 09:00:00,23.6,1012.3,51.08774579567515
2023-02-09 12:00:00,21.0,1012.8,58.29631067679708
2023-02-09 15:00:00,19.0,1014.3,68.17624188935186
2023-02-09 18:00:00,17.8,1014.9,78.44429026678887
2023-02-10 00:00:00,15.5,1013.1,88.45630063004778
2023-02-10 03:00:00,18.0,1015.4,80.52893541547579
2023-02-10 06:00:00,24.4,1014.0,60.25216397184846
2023-02-10 09:00:00,25.0,1012.0,52.460986040966226
2023-02-10 12:00:00,22.4,1011.7,59.78486476769296
2023-02-10 15:00:00,20.2,1013.3,77.7959746080714
2023-02-10 18:00:00,18.4,1013.9,82.67988796779362
2023-02-10 21:00:00,16.8,1013.6,87.43108727612648
2023-02-11 00:00:00,16.2,1013.2,91.41883781841517
2023-02-11 03:00:00,18.8,1015.9,80.6361044510389
2023-02-11 06:00:00,22.0,1014.8,62.45866938263309
2023-02-11 09:00:00,25.6,1010.4,54.677740314134674
2023-02-11 12:00:00,24.0,1010.7,67.44315945194963
2023-02-11 15:00:00,21.0,1012.9,73.11466043664565
2023-02-11 18:00:00,19.0,1013.5,80.66276457451087
2023-02-11 21:00:00,17.4,1012.6,88.04847038525622
2023-02-12 00:00:00,15.0,1012.2,91.34219794839412
2023-02-12 03:00:00,18.0,1014.1,84.23976712899662
2023-02-12 06:00:00,23.8,1012.7,64.07212844582271
2023-02-12 09:00:00,25.2,1009.3,57.07653428863906
2023-02-12 12:00:00,23.8,1010.3,67.4028455421119
2023-02-12 15:00:00,18.4,1011.6,85.91578474618983
2023-02-12 18:00:00,17.6,1011.4,85.83526358356409
2023-02-12 21:00:00,16.6,1011.0,87.41291612542301
2023-02-13 00:00:00,15.0,1012.3,72.03484221010554
2023-02-13 03:00:00,21.4,1015.5,42.40694007122905
2023-02-13 06:00:00,25.6,1013.3,25.86755755850305
2023-02-13 09:00:00,27.0,1011.5,21.737477814168304
2023-02-13 12:00:00,22.6,1013.4,64.63389847736897
2023-02-13 15:00:00,15.6,1016.3,82.87750924942381
2023-02-13 18:00:00,13.6,1017.2,84.29683009269557
2023-02-14 00:00:00,10.8,1015.8,89.84882384224436
2023-02-14 03:00:00,18.2,1016.8,71.209003659982
2023-02-14 06:00:00,25.0,1014.0,63.92706944237422
2023-02-14 09:00:00,26.2,1010.5,59.15801200288633
2023-02-14 12:00:00,23.6,1010.9,70.40357180300315
2023-02-14 15:00:00,17.2,1012.7,87.46731472993724
2023-02-14 18:00:00,15.0,1013.2,88.99298972017739
2023-02-14 21:00:00,14.0,1012.9,90.68098930379763
2023-02-15 00:00:00,12.8,1012.1,95.51026070272563
2023-02-15 03:00:00,17.0,1014.7,79.87241483728825
2023-02-15 06:00:00,23.6,1012.7,52.43954598139338
2023-02-15 09:00:00,27.2,1009.4,42.33655140011025
2023-02-15 12:00:00,24.8,1010.3,53.7798922788436
2023-02-15 15:00:00,20.6,1012.4,85.05848941378555
2023-02-15 18:00:00,16.0,1013.6,85.11660736746623
2023-02-15 21:00:00,15.6,1013.1,91.38064355522546
2023-02-16 00:00:00,13.6,1013.4,93.06720936893215
2023-02-16 03:00:00,19.8,1016.2,68.7820404702357
2023-02-16 06:00:00,26.6,1014.9,45.306629350599906
2023-02-16 09:00:00,28.4,1011.0,40.512498270619396
2023-02-16 12:00:00,25.4,1012.1,55.685949687242655
2023-02-16 15:00:00,20.0,1014.4,79.77420892653373
2023-02-16 18:00:00,17.0,1016.2,85.77443221262807
2023-02-16 21:00:00,15.8,1015.9,91.39340279686098
2023-02-17 00:00:00,15.0,1015.1,93.13975305412771
2023-02-17 03:00:00,20.2,1017.6,74.3922547674494
2023-02-17 06:00:00,27.2,1016.0,44.88553659091517
2023-02-17 09:00:00,29.4,1012.4,44.055074845331326
2023-02-17 12:00:00,25.8,1012.6,57.58626205974758
2023-02-17 15:00:00,20.6,1014.9,78.35177748724496
2023-02-17 18:00:00,19.0,1015.6,80.66276457451087
2023-02-18 00:00:00,16.4,1015.1,89.68180342228284
2023-02-18 03:00:00,21.4,1017.2,71.79898970107504
2023-02-18 06:00:00,28.4,1015.3,45.2118862197426
2023-02-18 09:00:00,30.0,1012.2,41.218389755870184
2023-02-18 12:00:00,24.6,1012.7,60.68332422098103
2023-02-18 15:00:00,20.4,1015.3,77.82585599299374
2023-02-18 18:00:00,18.6,1015.8,82.70406260968356
2023-02-18 21:00:00,17.4,1015.4,88.04847038525622
2023-02-19 00:00:00,16.4,1014.5,89.68180342228284
2023-02-19 03:00:00,20.0,1017.4,77.76603602176817
2023-02-19 06:00:00,25.6,1015.3,54.677740314134674
2023-02-19 09:00:00,30.2,1011.1,41.538432027068275
2023-02-19 12:00:00,27.0,1011.3,58.6053007570548
2023-02-19 15:00:00,24.6,1012.6,81.88902089566457
2023-02-19 18:00:00,19.2,1013.7,82.77629512134698
2023-02-19 21:00:00,18.4,1013.2,88.13441076656039
2023-02-20 00:00:00,18.6,1013.1,86.48509093163098
2023-02-20 03:00:00,20.6,1015.4,85.05848941378555
2023-02-20 06:00:00,28.0,1013.8,50.60007897036122
2023-02-20 09:00:00,28.6,1011.0,56.11768390700195
2023-02-20 12:00:00,26.0,1011.7,64.54478501053977
2023-02-20 15:00:00,23.0,1013.3,79.19032580005634
2023-02-20 18:00:00,20.0,1014.1,81.3101072483957
2023-02-20 21:00:00,19.0,1013.6,86.52357729390393
2023-02-21 00:00:00,20.0,1013.2,90.51425911024681
2023-02-21 03:00:00,20.4,1015.5,92.25283612662764
2023-02-21 06:00:00,21.0,1015.2,90.58269290087725
2023-02-21 09:00:00,24.4,1011.9,69.24033252213863
2023-02-21 12:00:00,21.8,1012.1,87.32939245060646
2023-02-21 15:00:00,20.2,1013.1,92.2415006942163
2023-02-21 18:00:00,19.8,1012.5,93.96560158527643
2023-02-22 00:00:00,19.4,1011.8,96.32890406093485
2023-02-22 03:00:00,20.0,1013.5,92.23014072890136
2023-02-22 06:00:00,24.0,1011.9,75.02229317138162
2023-02-22 09:00:00,25.4,1008.8,60.10168842593349
2023-02-22 12:00:00,24.8,1008.6,80.42146721617324
2023-02-22 15:00:00,21.8,1010.6,88.96967283294491
2023-02-22 18:00:00,21.6,1010.9,88.95389452740015
2023-02-22 21:00:00,21.0,1010.4,90.58269290087725
2023-02-23 00:00:00,18.4,1010.4,92.13836940421315
2023-02-23 03:00:00,21.6,1013.8,78.49717461310503
2023-02-23 06:00:00,24.0,1012.3,67.44315945194963
2023-02-23 09:00:00,25.8,1010.7,65.72304383264904
2023-02-23 12:00:00,23.2,1011.3,81.21067682976118
2023-02-23 15:00:00,22.4,1013.2,82.63851822798792
2023-02-23 18:00:00,18.4,1014.1,89.83126862847055
2023-02-23 21:00:00,17.6,1013.5,92.09188195528188
2023-02-24 00:00:00,17.8,1014.3,93.87543916375934
2023-02-24 03:00:00,18.6,1017.4,90.41721504718039
2023-02-24 06:00:00,22.0,1016.2,73.75452283587201
2023-02-24 09:00:00,27.8,1013.1,55.57264582369571
2023-02-24 12:00:00,25.4,1014.0,65.63974012452589
2023-02-24 15:00:00,22.2,1017.1,77.11730791149994
2023-02-24 18:00:00,20.2,1017.8,81.33582680524137
2023-02-24 21:00:00,19.2,1017.3,84.3724749251044
2023-02-25 00:00:00,17.6,1017.8,92.09188195528188
2023-02-25 03:00:00,21.2,1020.1,76.9642757068897
2023-02-25 06:00:00,26.0,1018.0,59.11107828570813
2023-02-25 09:00:00,28.8,1015.0,43.3313576867181
2023-02-25 12:00:00,26.2,1015.1,56.59689584142209
2023-02-25 15:00:00,22.0,1017.9,73.75452283587201
2023-02-25 18:00:00,19.4,1018.6,86.56190404346255
2023-02-26 00:00:00,16.0,1018.5,93.79257390574581
2023-02-26 03:00:00,22.8,1020.6,69.80971849730659
2023-02-26 06:00:00,28.8,1018.1,47.99495141967471
2023-02-26 09:00:00,30.8,1015.2,36.91688394536331
2023-02-26 12:00:00,27.8,1014.9,55.57264582369571
2023-02-26 15:00:00,21.2,1017.3,75.0356621166813
2023-02-26 18:00:00,19.0,1018.3,79.126223220217
2023-02-26 21:00:00,18.0,1017.6,84.23976712899662
2023-02-27 00:00:00,15.8,1017.5,91.39340279686098
2023-02-27 03:00:00,18.4,1019.2,80.58262590477159
2023-02-27 06:00:00,27.8,1018.8,45.63279804194258
2023-02-27 09:00:00,30.6,1015.2,34.54210791137394
2023-02-27 12:00:00,26.0,1015.0,51.0534495107056
2023-02-27 15:00:00,21.4,1017.0,71.79898970107504
2023-02-27 18:00:00,18.9,1017.6,76.60676089305748
2023-02-27 21:00:00,17.05,1017.75,82.80793836466553
2023-02-28 00:00:00,15.2,1017.9,89.0091158362736
2023-02-28 03:00:00,20.6,1020.3,69.38578733821737
2023-02-28 06:00:00,26.0,1019.5,46.03393328611059
2023-02-28 09:00:00,29.2,1015.9,43.71989435390604
2023-02-28 12:00:00,26.4,1016.4,54.183993266159504
2023-02-28 15:00:00,21.2,1018.9,73.14964788312554
2023-02-28 18:00:00,20.6,1019.7,78.35177748724496
2023-03-01 00:00:00,16.4,1018.9,89.68180342228284
2023-03-01 03:00:00,21.8,1021.3,67.42684674439127
2023-03-01 06:00:00,27.0,1019.7,53.310417727475865
2023-03-01 09:00:00,29.4,1015.7,42.941831538709074
2023-03-01 12:00:00,26.8,1016.1,51.92002876756459
2023-03-01 15:00:00,21.8,1018.2,70.51187349579016
2023-03-01 18:00:00,20.0,1019.0,75.80243725044951
2023-03-02 00:00:00,16.4,1017.9,89.68180342228284
2023-03-02 03:00:00,22.4,1020.4,67.54841643617165
2023-03-02 06:00:00,27.8,1018.9,55.57264582369571
2023-03-02 09:00:00,30.2,1015.2,41.538432027068275
2023-03-02 12:00:00,26.8,1015.2,49.329206039293354
2023-03-02 15:00:00,21.4,1018.1,73.65162613086753
2023-03-02 18:00:00,20.4,1018.4,79.82930712381024
2023-03-03 09:00:00,30.6,1014.6,41.91458094264047
2023-03-03 12:00:00,28.2,1014.9,58.521832010014805
2023-03-03 15:00:00,21.2,1017.9,81.97757756705623
2023-03-03 18:00:00,19.8,1018.3,88.81038774322853
2023-03-03 21:00:00,18.7,1017.2,97.5262095117822
2023-03-04 00:00:00,17.8,1018.1,89.78676504838093
2023-03-04 03:00:00,22.8,1019.8,72.96625982394418
2023-03-04 06:00:00,29.4,1018.1,48.45900885580284
2023-03-04 09:00:00,31.8,1013.7,42.24218143373414
2023-03-04 12:00:00,28.4,1013.8,57.48575855515023
2023-03-04 15:00:00,24.4,1016.5,73.70091272937036
2023-03-04 18:00:00,21.4,1016.7,82.00236498749985
2023-03-04 21:00:00,21.0,1016.6,79.91155284255397
2023-03-05 00:00:00,19.0,1016.1,88.18554132284771
2023-03-05 03:00:00,23.8,1018.5,73.5987618697542
2023-03-05 06:00:00,30.2,1016.5,45.98734517749429
2023-03-05 09:00:00,32.6,1012.1,39.11661115604246
2023-03-05 12:00:00,29.6,1012.0,52.30674462542291
2023-03-05 15:00:00,25.2,1014.2,69.82725085286098
2023-03-05 18:00:00,23.4,1014.8,74.9242703691049
2023-03-06 00:00:00,21.2,1014.1,85.6553720601642
2023-03-06 03:00:00,23.8,1016.8,76.40361175831273
2023-03-06 06:00:00,29.6,1015.0,53.62840385858026
2023-03-06 09:00:00,30.2,1011.0,52.78587755627143
2023-03-06 12:00:00,27.4,1011.5,55.125722260708386
2023-03-06 15:00:00,22.6,1014.3,85.795575729377
2023-03-06 18:00:00,20.8,1014.6,90.5690644355442
2023-03-06 21:00:00,20.0,1014.3,92.23014072890136
2023-03-07 00:00:00,17.0,1014.7,98.11537809485195
2023-03-07 03:00:00,23.6,1017.4,73.1055227428291
2023-03-07 06:00:00,29.8,1016.4,45.589994727149644
2023-03-07 09:00:00,32.6,1013.1,32.27003646355763
2023-03-07 12:00:00,28.4,1013.0,48.81145236907877
2023-03-07 15:00:00,25.6,1015.2,76.21186522133068
2023-03-07 18:00:00,19.4,1017.3,81.23264238410255
2023-03-07 21:00:00,18.4,1016.8,85.91578474618983
2023-03-08 00:00:00,16.8,1017.3,89.71195364563357
2023-03-08 03:00:00,23.4,1019.0,68.61214204484527
2023-03-08 06:00:00,29.8,1017.6,46.75995263253307
2023-03-08 09:00:00,32.0,1013.5,38.45833983449539
2023-03-08 12:00:00,29.2,1014.1,50.591568433033885
2023-03-08 15:00:00,22.6,1016.5,75.73900120222518
2023-03-08 18:00:00,20.6,1016.2,79.8567757762695
2023-03-08 21:00:00,19.2,1015.6,88.20251315419341
2023-03-09 00:00:00,18.2,1015.9,88.11729523295126
2023-03-09 03:00:00,24.6,1017.5,64.65181927102982
2023-03-09 06:00:00,29.1,1015.5,47.678774098347766
2023-03-09 09:00:00,33.6,1012.0,30.705728925665714
2023-03-09 12:00:00,29.6,1012.1,46.41150114714314
2023-03-09 15:00:00,22.0,1014.4,70.54945136907497
2023-03-09 18:00:00,20.0,1015.1,75.80243725044951
2023-03-09 21:00:00,20.0,1014.8,75.80243725044951
2023-03-10 00:00:00,17.6,1014.0,82.0512816240772
2023-03-10 03:00:00,25.2,1017.1,57.07653428863906
2023-03-10 06:00:00,30.4,1015.4,44.046168687958335
2023-03-10 09:00:00,33.2,1012.3,30.201123576947086
2023-03-10 12:00:00,29.8,1011.3,45.589994727149644
2023-03-10 15:00:00,22.0,1014.4,70.54945136907497
2023-03-10 18:00:00,20.0,1015.1,75.80243725044951
2023-03-10 21:00:00,19.0,1014.7,80.66276457451087
2023-03-11 00:00:00,18.2,1015.1,82.12623755031767
2023-03-11 03:00:00,25.2,1017.5,58.1780014517342
2023-03-11 06:00:00,31.8,1015.6,41.18686392545643
2023-03-11 09:00:00,33.4,1012.2,37.15996593072932
2023-03-11 12:00:00,30.6,1011.8,41.91458094264047
2023-03-11 15:00:00,24.6,1013.4,71.03201273104008
2023-03-11 18:00:00,19.6,1015.8,70.54987572913048
2023-03-11 21:00:00,18.6,1015.5,80.60939160489468
2023-03-12 00:00:00,17.0,1015.8,83.58530465643025
2023-03-12 03:00:00,23.6,1017.4,62.41693601145195
2023-03-12 06:00:00,31.0,1015.5,39.175305310064076
2023-03-12 09:00:00,34.4,1011.4,27.335214701078876
2023-03-12 12:00:00,30.6,1011.8,44.100353961543746
2023-03-12 15:00:00,25.2,1013.6,65.59798637911615
2023-03-12 18:00:00,22.2,1014.5,77.11730791149994
2023-03-12 21:00:00,21.0,1014.0,81.95274097068757
2023-03-13 00:00:00,18.0,1014.5,85.87560769615662
2023-03-13 03:00:00,24.8,1015.8,62.288984382470915
2023-03-13 06:00:00,30.6,1013.7,35.685180929600556
2023-03-13 09:00:00,33.4,1008.5,34.20388587139418
2023-03-13 12:00:00,30.2,1008.9,48.364800780647826
2023-03-13 15:00:00,24.0,1010.6,69.16319209999386
2023-03-13 18:00:00,21.6,1010.8,73.68598756326635
2023-03-14 00:00:00,18.0,1010.8,84.23976712899662
2023-03-14 03:00:00,26.8,1012.5,51.92002876756459
2023-03-14 06:00:00,32.6,1010.1,38.13566001710435
2023-03-14 09:00:00,34.2,1006.5,30.67023122899543
2023-03-14 12:00:00,30.4,1007.0,47.2160211879818
2023-03-14 15:00:00,25.2,1010.0,63.97031676021959
2023-03-14 18:00:00,23.6,1010.2,70.40357180300315
2023-03-14 21:00:00,22.4,1010.1,79.10614032603415
2023-03-15 00:00:00,18.0,1010.0,88.1001435273896
2023-03-15 03:00:00,21.0,1013.3,81.95274097068757
2023-03-15 06:00:00,24.6,1011.4,63.438007568137486
2023-03-15 09:00:00,23.6,1009.2,73.1055227428291
2023-03-15 12:00:00,23.0,1008.2,74.39041066627999
2023-03-15 15:00:00,21.4,1012.2,90.6098629586287
2023-03-15 18:00:00,17.4,1013.9,93.8571670455613
2023-03-15 21:00:00,16.0,1013.6,95.61819510862335
2023-03-16 00:00:00,17.2,1013.7,91.48194220405334
2023-03-16 03:00:00,20.2,1016.6,79.80178488426841
2023-03-16 06:00:00,24.6,1015.9,62.244261568923164
2023-03-16 09:00:00,26.0,1012.8,61.77549134798711
2023-03-16 12:00:00,23.6,1012.8,73.1055227428291
2023-03-16 15:00:00,22.0,1015.4,79.04974656784833
2023-03-16 18:00:00,20.2,1015.7,88.84251349796529
2023-03-16 21:00:00,19.0,1015.5,90.44509053017224
2023-03-17 00:00:00,18.4,1014.5,92.13836940421315
2023-03-17 03:00:00,20.2,1017.0,88.84251349796529
2023-03-17 06:00:00,23.2,1015.8,73.03601654966685
2023-03-17 09:00:00,26.2,1011.4,63.38846253625371
2023-03-17 12:00:00,24.6,1011.4,72.37235517024858
2023-03-17 15:00:00,21.6,1013.7,88.95389452740015
2023-03-17 18:00:00,20.8,1013.5,92.27543367040356
2023-03-18 00:00:00,19.6,1013.5,96.33439556837557
2023-03-18 03:00:00,21.8,1015.2,87.32939245060646
2023-03-18 06:00:00,26.6,1009.2,65.075572953862
2023-03-18 09:00:00,28.4,1008.9,66.25795810970587
2023-03-18 12:00:00,26.6,1009.2,65.075572953862
2023-03-18 15:00:00,23.6,1011.7,81.2616924191531
2023-03-18 18:00:00,20.6,1012.3,94.58644690960507
2023-03-18 21:00:00,20.0,1012.0,92.23014072890136
2023-03-19 00:00:00,20.0,1010.9,90.51425911024681
2023-03-19 03:00:00,20.0,1015.2,96.3453419192486
2023-03-19 06:00:00,20.4,1013.5,94.57843733317726
2023-03-19 09:00:00,21.0,1011.2,85.6351787342579
2023-03-19 12:00:00,20.8,1010.3,88.8904490414604
2023-03-19 15:00:00,20.0,1012.7,90.51425911024681
2023-03-19 18:00:00,19.4,1012.6,96.32890406093485
2023-03-19 21:00:00,19.0,1012.3,96.31788420104945
2023-03-20 00:00:00,18.4,1010.7,100.0
2023-03-20 03:00:00,19.0,1013.6,100.0
2023-03-20 06:00:00,24.2,1012.0,78.38291200919527
2023-03-20 09:00:00,24.6,1008.6,69.2788037175175
2023-03-20 12:00:00,22.8,1008.3,77.69289526058442
2023-03-20 15:00:00,22.0,1009.8,85.73573371041086
2023-03-20 18:00:00,21.0,1010.3,94.60241342456621
2023-03-20 21:00:00,20.0,1010.1,98.15774943608241
2023-03-21 00:00:00,19.0,1009.4,100.0
2023-03-21 03:00:00,19.2,1012.9,98.14659077628163
2023-03-21 06:00:00,23.4,1011.8,73.0708008953474
2023-03-21 09:00:00,26.2,1007.7,63.38846253625371
2023-03-21 12:00:00,24.2,1007.8,73.66692388726497
2023-03-21 15:00:00,21.6,1010.0,88.95389452740015
2023-03-21 18:00:00,21.2,1010.7,92.87134485887553
2023-03-22 00:00:00,18.4,1008.9,100.0
2023-03-22 03:00:00,20.8,1011.6,94.59443892314145
2023-03-22 06:00:00,27.0,1009.9,58.6053007570548
2023-03-22 09:00:00,21.6,1006.4,88.95389452740015
2023-03-22 12:00:00,23.2,1005.2,81.21067682976118
2023-03-22 15:00:00,20.0,1007.8,86.61909675849209
2023-03-22 18:00:00,18.6,1008.6,93.91174237662614
2023-03-22 21:00:00,18.0,1008.2,93.88454500736407
2023-03-23 00:00:00,17.0,1008.4,95.65113334501886
2023-03-23 03:00:00,23.0,1010.5,73.00116957092115
2023-03-23 06:00:00,27.2,1010.0,64.39902384767183
2023-03-23 09:00:00,28.4,1007.4,56.06903573472428
2023-03-23 12:00:00,26.4,1007.0,66.25782759838835
2023-03-23 15:00:00,23.2,1009.2,86.38519664977352
2023-03-23 18:00:00,19.4,1011.1,92.1959129371279
2023-03-24 00:00:00,19.0,1011.0,90.44509053017224
2023-03-24 03:00:00,20.2,1013.8,88.84251349796529
2023-03-24 06:00:00,22.0,1013.9,80.55061078560465
2023-03-24 09:00:00,24.0,1011.0,72.2660894358301
2023-03-24 12:00:00,23.4,1010.4,74.9242703691049
2023-03-24 15:00:00,20.8,1013.1,87.23920246966593
2023-03-24 18:00:00,20.0,1013.2,88.82646755484863
2023-03-24 21:00:00,19.6,1012.9,90.48668042796811
2023-03-25 00:00:00,17.2,1013.1,95.65767675758462
2023-03-25 03:00:00,22.0,1015.4,82.07643342444838
2023-03-25 06:00:00,26.0,1014.1,69.11686987087296
2023-03-25 09:00:00,28.2,1009.8,59.62356658779815
2023-03-25 12:00:00,25.4,1009.3,66.88311494829222
2023-03-25 15:00:00,23.0,1011.2,81.18509420602786
2023-03-25 18:00:00,22.0,1011.4,85.73573371041086
2023-03-26 00:00:00,20.8,1010.0,96.36708897021879
2023-03-26 03:00:00,22.8,1011.6,87.95886336881536
2023-03-26 06:00:00,27.2,1010.3,68.49913989698025
2023-03-26 09:00:00,27.6,1008.8,63.298675360868906
2023-03-26 12:00:00,26.8,1005.8,68.00051812091587
2023-03-26 15:00:00,24.4,1006.7,76.97148310021424
2023-03-26 18:00:00,21.6,1008.0,85.69563499959355
2023-03-27 00:00:00,20.0,1008.6,93.97450936662143
2023-03-27 03:00:00,24.2,1010.2,78.38291200919527
2023-03-27 06:00:00,29.0,1009.6,59.073562416700796
2023-03-27 09:00:00,30.8,1005.8,54.59652641434426
2023-03-27 12:00:00,29.0,1005.1,66.78535949708609
2023-03-27 15:00:00,24.4,1007.9,88.0941253601151
2023-03-27 18:00:00,22.6,1008.5,89.58222014288508
2023-03-27 21:00:00,21.8,1008.2,91.19872298278054
2023-03-28 00:00:00,19.8,1009.2,92.21875616096395
2023-03-28 03:00:00,26.0,1010.8,69.11686987087296
2023-03-28 06:00:00,30.6,1009.7,58.006624337338984
2023-03-28 09:00:00,32.0,1006.3,50.99468465735812
2023-03-28 12:00:00,29.8,1007.0,38.843308734563934
2023-03-28 15:00:00,22.4,1011.2,74.28995470707756
2023-03-28 18:00:00,22.4,1011.9,79.10614032603415
2023-03-29 00:00:00,20.0,1011.4,88.82646755484863
2023-03-29 03:00:00,23.0,1013.9,74.39041066627999
2023-03-29 06:00:00,26.0,1013.4,66.17566859299606
2023-03-29 09:00:00,30.0,1009.0,52.73546662209652
2023-03-29 12:00:00,27.8,1008.9,62.17688027991124
2023-03-29 15:00:00,25.2,1011.1,66.84248971294873
2023-03-29 18:00:00,22.0,1011.8,79.04974656784833
2023-03-30 00:00:00,19.6,1011.5,84.95300821206541
2023-03-30 03:00:00,23.2,1012.9,69.88593045135374
2023-03-30 06:00:00,28.0,1011.1,54.583776611197585
2023-03-30 09:00:00,30.0,1007.6,49.23154765101147
2023-03-30 12:00:00,27.6,1007.4,53.12514180104092
2023-03-30 15:00:00,24.0,1010.0,70.47837778915957
2023-03-30 18:00:00,22.6,1009.7,77.66312926099062
2023-03-30 21:00:00,21.8,1009.4,82.05179279343892
2023-03-31 00:00:00,21.0,1010.8,81.95274097068757
2023-03-31 03:00:00,25.0,1013.2,66.80179711177274
2023-03-31 06:00:00,28.8,1012.0,56.51707465542158
2023-03-31 09:00:00,30.6,1009.0,53.21506820591533
2023-03-31 12:00:00,28.2,1008.7,57.08066190917436
2023-03-31 15:00:00,24.4,1010.2,76.97148310021424
2023-03-31 18:00:00,22.8,1010.3,87.95886336881536
2023-03-31 21:00:00,22.2,1009.6,91.22412116599256
2023-04-01 00:00:00,21.8,1009.0,92.90250604151835
2023-04-01 03:00:00,23.0,1011.7,87.97589377078442
2023-04-01 06:00:00,21.4,1011.7,98.17703680741113
2023-04-01 09:00:00,23.4,1008.6,82.75736601112055
2023-04-01 12:00:00,24.4,1007.7,76.97148310021424
2023-04-01 15:00:00,20.8,1009.2,94.59443892314145
2023-04-01 18:00:00,20.2,1009.1,94.57041014289584
2023-04-01 21:00:00,19.8,1008.5,93.96560158527643
2023-04-02 00:00:00,17.8,1007.7,98.12681847377628
2023-04-02 03:00:00,21.4,1010.2,83.5592885796014
2023-04-02 06:00:00,26.4,1009.0,56.64557967688834
2023-04-02 09:00:00,26.4,1005.4,65.03350399798012
2023-04-02 12:00:00,25.0,1004.4,77.06236252506079
2023-04-02 15:00:00,23.0,1006.9,85.83526762261728
2023-04-02 18:00:00,20.4,1006.6,94.57843733317726
2023-04-03 00:00:00,19.0,1007.6,100.0
2023-04-03 03:00:00,23.8,1009.4,76.40361175831273
2023-04-03 06:00:00,25.4,1008.8,65.63974012452589
2023-04-03 09:00:00,26.6,1006.6,69.23176807489104
2023-04-03 12:00:00,23.4,1007.3,76.34132933055753
2023-04-03 15:00:00,22.0,1009.7,85.73573371041086
2023-04-03 18:00:00,20.4,1009.8,88.85852566524859
2023-04-03 21:00:00,19.8,1009.5,90.50048450568904
2023-04-04 00:00:00,18.8,1008.6,92.16146182468223
2023-04-04 03:00:00,20.6,1011.1,85.05848941378555
2023-04-04 06:00:00,22.6,1011.1,81.13377868400066
2023-04-04 09:00:00,26.4,1007.5,67.92169298232594
2023-04-04 12:00:00,24.0,1006.9,76.91061342319855
2023-04-04 15:00:00,22.2,1008.4,87.3652077823185
2023-04-04 18:00:00,19.0,1008.6,93.92977440102698
2023-04-04 21:00:00,18.6,1009.8,93.91174237662614
2023-04-05 00:00:00,18.6,1007.8,96.3068149716104
2023-04-05 03:00:00,20.4,1009.8,90.54172022816981
2023-04-05 06:00:00,25.0,1008.7,75.65014160748107
2023-04-05 09:00:00,28.0,1005.9,67.40516935791447
2023-04-05 12:00:00,27.6,1006.0,71.57535111923292
2023-04-05 15:00:00,23.6,1009.6,86.42328080854222
2023-04-05 18:00:00,22.0,1010.0,94.64202501465911
2023-04-05 21:00:00,21.4,1009.7,96.38327293464557
2023-04-06 00:00:00,19.4,1010.6,96.32890406093485
2023-04-06 03:00:00,21.4,1013.4,90.6098629586287
2023-04-06 06:00:00,28.0,1012.4,70.35037364356444
2023-04-06 09:00:00,31.0,1008.9,56.00535491373798
2023-04-06 12:00:00,29.2,1009.0,63.255491800252074
2023-04-06 15:00:00,25.4,1011.4,81.98706192459
2023-04-06 18:00:00,23.4,1012.5,89.64153331568741
2023-04-07 00:00:00,20.4,1011.8,94.57843733317726
2023-04-07 03:00:00,26.0,1014.9,73.06652553542901
2023-04-07 06:00:00,29.4,1013.7,58.0813190585354
2023-04-07 09:00:00,32.0,1011.5,50.99468465735812
2023-04-07 12:00:00,29.4,1010.6,57.01373100709789
2023-04-07 15:00:00,25.2,1013.2,77.56785584692332
2023-04-07 18:00:00,23.0,1014.1,85.83526762261728
2023-04-07 21:00:00,22.0,1013.6,88.98541809305104
2023-04-08 00:00:00,20.4,1013.8,90.54172022816981
2023-04-08 03:00:00,26.0,1016.4,69.11686987087296
2023-04-08 06:00:00,30.6,1015.1,55.56557299066436
2023-04-08 09:00:00,33.4,1011.5,45.977751283807315
2023-04-08 12:00:00,30.8,1010.9,60.58625885317225
2023-04-08 15:00:00,25.6,1012.6,76.21186522133068
2023-04-08 18:00:00,23.8,1013.6,84.86645400274385
2023-04-08 21:00:00,22.8,1013.1,89.59709513251278
2023-04-09 00:00:00,20.8,1013.3,92.27543367040356
2023-04-09 03:00:00,26.4,1014.7,63.431976186978964
2023-04-09 06:00:00,32.0,1013.6,52.26545370306257
2023-04-09 09:00:00,33.4,1010.2,45.977751283807315
2023-04-09 12:00:00,31.2,1009.4,56.05359172338208
2023-04-09 15:00:00,25.4,1010.9,80.5002818626729
2023-04-09 18:00:00,24.0,1006.0,86.46120985687485
2023-04-09 21:00:00,22.0,1010.9,87.34731863549206
2023-04-10 00:00:00,20.2,1009.6,90.52800432378555
2023-04-10 03:00:00,28.0,1012.2,60.69806228799576
2023-04-10 06:00:00,33.4,1011.0,41.10468724232743
2023-04-10 09:00:00,36.0,1006.9,26.876974684415604
2023-04-10 12:00:00,31.4,1007.0,31.73154416232405
2023-04-10 15:00:00,26.4,1009.5,51.486298702370604
2023-04-10 18:00:00,23.8,1009.9,61.27730375134291
2023-04-11 00:00:00,19.6,1010.7,84.95300821206541
2023-04-11 03:00:00,27.0,1012.9,62.77637062843983
2023-04-11 06:00:00,32.6,1011.6,48.39081829607048
2023-04-11 09:00:00,35.2,1008.2,40.07444958268911
2023-04-11 12:00:00,32.0,1007.9,53.2366666229233
2023-04-11 15:00:00,25.6,1010.7,76.21186522133068
2023-04-11 18:00:00,23.0,1011.6,79.19032580005634
2023-04-11 21:00:00,22.0,1011.0,80.55061078560465
2023-04-12 00:00:00,19.6,1011.0,88.23634987173477
2023-04-12 03:00:00,25.8,1012.1,61.73054888864948
2023-04-12 06:00:00,32.8,1010.1,45.53477219050725
2023-04-12 09:00:00,35.2,1006.8,42.89533362416903
2023-04-12 12:00:00,31.6,1006.9,53.13694270651922
2023-04-12 15:00:00,25.8,1009.4,77.656453842952
2023-04-12 18:00:00,22.6,1009.4,77.66312926099062
2023-04-12 21:00:00,21.8,1008.6,87.32939245060646
2023-04-13 00:00:00,19.4,1009.2,88.21944930473586
2023-04-13 03:00:00,26.2,1011.4,63.38846253625371
2023-04-13 06:00:00,32.6,1008.7,41.1452408025427
2023-04-13 09:00:00,34.6,1005.6,40.41220044183502
2023-04-13 12:00:00,32.2,1005.3,51.360639078809555
2023-04-13 15:00:00,24.8,1008.0,80.42146721617324
2023-04-13 18:00:00,23.0,1008.8,84.25990949023968
2023-04-13 21:00:00,22.0,1008.4,85.73573371041086
2023-04-14 00:00:00,21.2,1008.7,83.5364376134923
2023-04-14 03:00:00,27.4,1010.9,67.28568959900366
2023-04-14 06:00:00,30.0,1009.1,61.14896099495759
2023-04-14 09:00:00,35.2,1005.5,39.08979535895464
2023-04-14 12:00:00,31.6,1005.6,62.25158297844957
2023-04-14 15:00:00,27.4,1008.6,79.79314536748959
2023-04-14 18:00:00,25.4,1009.4,88.17753730223563
2023-04-15 00:00:00,23.4,1008.9,84.303446850675
2023-04-15 03:00:00,30.0,1011.0,58.58138510397075
2023-04-15 06:00:00,34.4,1008.7,49.15636027363035
2023-04-15 09:00:00,36.4,1005.5,45.92506574150559
2023-04-15 12:00:00,33.8,1004.8,58.050869508005654
2023-04-15 15:00:00,27.8,1007.5,78.41909711972701
2023-04-15 18:00:00,26.2,1007.5,81.09527108176809
2023-04-15 21:00:00,25.0,1007.2,83.45262666598398
2023-04-16 00:00:00,23.4,1006.7,89.64153331568741
2023-04-16 03:00:00,29.2,1008.1,64.42644761526883
2023-04-16 06:00:00,34.8,1006.6,46.34728534896258
2023-04-16 09:00:00,37.0,1003.1,46.3607638584979
2023-04-16 12:00:00,33.8,1002.7,60.52964398250845
2023-04-16 15:00:00,27.6,1003.8,76.98390463811192
2023-04-16 18:00:00,26.0,1005.4,87.17199233244091
2023-04-16 21:00:00,25.4,1004.9,90.33006125111788
2023-04-17 00:00:00,23.0,1006.2,87.97589377078442
2023-04-17 03:00:00,30.4,1007.8,62.74695361986276
2023-04-17 06:00:00,34.4,1006.7,56.47758336128222
2023-04-17 09:00:00,36.6,1004.0,47.10156628812264
2023-04-17 12:00:00,34.2,1004.4,56.430169062022074
2023-04-17 15:00:00,30.2,1007.6,67.83823315041917
2023-04-17 18:00:00,28.0,1008.3,80.3537462205201
2023-04-17 21:00:00,27.0,1008.1,85.7087986323302
2023-04-18 00:00:00,25.4,1008.3,83.49784757524912
2023-04-18 03:00:00,29.6,1010.3,69.7975639784289
2023-04-18 06:00:00,35.0,1008.6,51.75303582520855
2023-04-18 09:00:00,35.8,1005.2,52.26486455820921
2023-04-18 12:00:00,33.2,1004.9,62.22651784699078
2023-04-18 15:00:00,30.0,1006.9,78.26294962837345
2023-04-18 18:00:00,28.4,1007.1,77.56787120852722
2023-04-19 00:00:00,24.0,1005.8,83.33878752130364
2023-04-19 03:00:00,30.8,1006.7,60.58625885317225
2023-04-19 06:00:00,34.2,1004.8,54.105694175209415
2023-04-19 09:00:00,35.8,1000.0,51.333862410819144
2023-04-19 12:00:00,33.4,999.9,62.269883795368706
2023-04-19 15:00:00,30.4,1001.7,71.64060697493404
2023-04-19 18:00:00,23.8,1005.7,68.69052211302972
2023-04-19 21:00:00,23.0,1003.6,71.1843141777344
2023-04-20 00:00:00,22.4,1004.5,89.56731388016964
2023-04-20 03:00:00,26.4,1005.7,76.33576480448347
2023-04-20 06:00:00,30.2,1003.8,63.85719380100154
2023-04-20 09:00:00,31.6,1000.2,60.03485302219658
2023-04-20 12:00:00,30.0,999.9,62.279197326402645
2023-04-20 15:00:00,26.0,1002.1,76.27392919082712
2023-04-20 18:00:00,25.6,1002.6,80.52645239736388
2023-04-20 21:00:00,23.8,1001.5,93.00493307197942
2023-04-21 00:00:00,22.0,1004.7,96.39934967716894
2023-04-21 03:00:00,24.0,1005.8,88.06051918717874
2023-04-21 06:00:00,29.4,1005.5,71.03411577940795
2023-04-21 09:00:00,29.6,1002.7,68.54498148512985
2023-04-21 12:00:00,28.2,1002.2,71.68232431462354
2023-04-21 15:00:00,26.4,1003.2,76.33576480448347
2023-04-21 18:00:00,25.4,1005.6,80.5002818626729
2023-04-21 21:00:00,24.6,1005.2,83.4072263549273
2023-04-22 00:00:00,20.4,1004.7,98.16329113257757
2023-04-22 03:00:00,22.4,1010.2,84.19427459892609
2023-04-22 06:00:00,28.6,1007.0,63.906136265197986
2023-04-22 09:00:00,30.4,1004.5,54.16202439894491
2023-04-22 12:00:00,28.4,1003.7,65.05100507166367
2023-04-22 15:00:00,25.0,1006.0,83.45262666598398
2023-04-22 18:00:00,23.0,1006.7,91.27459428964966
2023-04-23 00:00:00,22.0,1008.2,94.64202501465911
2023-04-23 03:00:00,22.8,1011.6,92.95399507508202
2023-04-23 06:00:00,21.6,1014.4,96.3886437157889
2023-04-23 09:00:00,20.4,1010.0,98.16329113257757
2023-04-23 12:00:00,21.6,1009.2,90.62340471174356
2023-04-23 15:00:00,20.8,1010.8,94.59443892314145
2023-04-23 18:00:00,20.4,1012.0,94.57843733317726
2023-04-23 21:00:00,20.0,1011.2,93.97450936662143
2023-04-24 00:00:00,18.8,1013.2,95.70950052417025
2023-04-24 03:00:00,22.4,1014.8,82.63851822798792
2023-04-24 06:00:00,28.4,1013.7,61.16586545008611
2023-04-24 09:00:00,30.8,1010.9,54.59652641434426
2023-04-24 12:00:00,29.0,1010.4,61.67879224265577
2023-04-24 15:00:00,25.2,1011.4,79.00924587469251
2023-04-24 18:00:00,22.8,1012.4,87.95886336881536
2023-04-25 00:00:00,20.2,1013.1,94.57041014289584
2023-04-25 03:00:00,26.4,1008.0,70.48621381671374
2023-04-25 06:00:00,30.0,1011.8,58.58138510397075
2023-04-25 09:00:00,32.8,1008.5,47.55386421260116
2023-04-25 12:00:00,28.4,1008.6,63.863368876015656
2023-04-25 15:00:00,25.0,1009.2,84.99158907366431
2023-04-25 18:00:00,23.2,1009.4,87.992888940916
2023-04-25 21:00:00,22.2,1009.0,91.22412116599256
2023-04-26 00:00:00,20.6,1010.0,94.58644690960507
2023-04-26 03:00:00,25.8,1010.0,75.29590091167152
2023-04-26 06:00:00,31.0,1010.0,56.00535491373798
2023-04-26 09:00:00,33.0,1007.2,42.56790994227192
2023-04-26 12:00:00,30.8,1006.7,56.99686339899115
2023-04-26 15:00:00,26.6,1008.8,78.2479077819723
2023-04-26 18:00:00,24.6,1009.0,81.88902089566457
2023-04-27 00:00:00,22.0,1010.1,96.39934967716894
2023-04-27 03:00:00,27.8,1011.8,72.92965355193031
2023-04-27 06:00:00,31.2,1010.4,61.04527320720593
2023-04-27 09:00:00,32.8,1007.0,57.470006935954075
2023-04-27 12:00:00,29.8,1006.8,68.58338730413207
2023-04-27 15:00:00,27.0,1009.4,84.18092213796281
2023-04-27 18:00:00,25.4,1009.6,86.59275173505719
2023-04-27 21:00:00,24.8,1009.3,89.74414366257271
2023-04-28 00:00:00,22.4,1010.9,91.23677973971499
2023-04-28 03:00:00,27.4,1011.8,69.81054652981949
2023-04-28 06:00:00,31.0,1010.0,57.04447541902918
2023-04-28 09:00:00,33.0,1007.3,53.160307816284856
2023-04-28 12:00:00,30.0,1006.6,63.8146323928593
2023-04-28 15:00:00,27.6,1008.2,78.39069896683198
2023-04-28 18:00:00,24.8,1009.1,84.97083781729286
2023-04-28 21:00:00,24.0,1008.6,91.33708576167582
2023-04-29 00:00:00,22.6,1010.7,85.795575729377
2023-04-29 03:00:00,25.6,1012.3,77.6269764291538
2023-04-29 06:00:00,28.2,1011.2,62.265326482850305
2023-04-29 09:00:00,30.8,1008.2,56.99686339899115
2023-04-29 12:00:00,28.0,1006.6,64.9673083542988
2023-04-29 15:00:00,25.2,1009.3,75.68189058367413
2023-04-29 18:00:00,24.2,1009.8,81.33784349698335
2023-04-29 21:00:00,23.0,1009.3,85.83526762261728
2023-04-30 00:00:00,22.2,1009.1,87.3652077823185
2023-04-30 03:00:00,25.2,1011.2,74.29392454783775
2023-04-30 06:00:00,28.2,1009.6,62.265326482850305
2023-04-30 09:00:00,30.4,1006.1,57.95960848703658
2023-04-30 12:00:00,28.4,1006.1,65.05100507166367
2023-04-30 15:00:00,22.4,1009.7,100.0
2023-04-30 18:00:00,22.4,1009.0,100.0
2023-05-01 00:00:00,22.4,1008.9,96.41000840186356
2023-05-01 03:00:00,26.8,1010.6,78.27657315656734
2023-05-01 06:00:00,29.6,1009.7,67.31212756795189
2023-05-01 09:00:00,31.8,1006.0,54.17441650106471
2023-05-01 12:00:00,28.8,1007.1,67.9760346463704
2023-05-01 15:00:00,25.0,1010.4,86.5553591977721
2023-05-01 18:00:00,24.8,1010.2,88.12759322404811
2023-05-01 21:00:00,24.0,1009.9,91.33708576167582
2023-05-02 00:00:00,23.6,1008.9,92.9947891827328
2023-05-02 03:00:00,29.0,1010.8,66.78535949708609
2023-05-02 06:00:00,31.6,1010.1,56.49370308745102
2023-05-02 09:00:00,32.8,1007.1,53.110611200120836
2023-05-02 12:00:00,26.8,1007.8,63.91522821831225
2023-05-02 15:00:00,23.6,1009.6,94.70451111903132
2023-05-02 18:00:00,21.6,1010.7,96.3886437157889
2023-05-02 21:00:00,20.8,1010.3,94.59443892314145
2023-05-03 00:00:00,22.2,1010.4,96.40468492682572
2023-05-03 03:00:00,27.6,1012.6,75.59926777139484
2023-05-03 06:00:00,31.0,1011.2,59.53505705723449
2023-05-03 09:00:00,28.8,1008.6,76.24353220041739
2023-05-03 12:00:00,26.0,1007.5,85.60993471040011
2023-05-03 15:00:00,24.4,1009.6,91.36189759637527
2023-05-03 18:00:00,23.2,1010.8,92.97443596255128
2023-05-03 21:00:00,22.4,1009.9,94.6577488230315
2023-05-04 00:00:00,22.4,1010.7,98.1906292263431
2023-05-04 03:00:00,23.4,1012.3,98.2040706521281
2023-05-04 06:00:00,29.2,1011.1,65.61635596786235
2023-05-04 09:00:00,29.8,1007.9,61.10417493715189
2023-05-04 12:00:00,27.8,1007.1,78.41909711972701
2023-05-04 15:00:00,25.4,1008.7,85.03296693933086
2023-05-04 18:00:00,24.8,1008.1,89.74414366257271
2023-05-05 00:00:00,23.4,1007.5,94.69675973556869
2023-05-05 03:00:00,28.0,1008.4,74.30236303611937
2023-05-05 06:00:00,31.2,1006.5,65.62945434667039
2023-05-05 09:00:00,32.2,1003.0,61.63719881412483
2023-05-05 12:00:00,30.2,1002.2,60.08231213848365
2023-05-05 15:00:00,26.6,1005.3,79.6854136873141
2023-05-05 18:00:00,24.6,1005.8,89.72957675197986
2023-05-05 21:00:00,23.8,1005.5,91.32464040055407
2023-05-06 00:00:00,23.6,1005.4,91.3121686462366
2023-05-06 03:00:00,29.6,1006.7,66.09873806993735
2023-05-06 06:00:00,34.4,1005.0,49.15636027363035
2023-05-06 09:00:00,35.6,1002.3,36.829603053864346
2023-05-06 12:00:00,32.4,1002.1,47.15537254104221
2023-05-06 15:00:00,28.0,1004.2,75.66221487345534
2023-05-06 18:00:00,24.6,1005.5,78.44038822062748
2023-05-06 21:00:00,23.8,1004.9,86.44226467052783
2023-05-07 00:00:00,22.8,1006.7,85.81544188377062
2023-05-07 03:00:00,28.0,1008.6,69.07461707385258
2023-05-07 06:00:00,31.2,1006.8,72.52437864813706
2023-05-07 09:00:00,34.8,1003.5,75.97414022242154
2023-05-07 15:00:00,28.6,1004.8,82.8736633709905
2023-05-07 18:00:00,26.4,1004.7,86.32342494527498
2023-05-07 21:00:00,25.2,1004.3,89.77318651955946
2023-05-08 00:00:00,22.8,1005.4,91.2620162268376
2023-05-08 03:00:00,27.8,1007.4,90.75622379191798
2023-05-08 06:00:00,31.0,1006.9,90.25043135699835
2023-05-09 12:00:00,33.0,1001.3,85.19250700780206
2023-05-09 15:00:00,28.6,1004.1,84.68671457288244
2023-05-09 18:00:00,27.0,1004.3,84.18092213796281
2023-05-09 21:00:00,26.0,1004.0,88.7589455109383
2023-05-10 00:00:00,25.0,1004.8,79.41714915849155
2023-05-10 03:00:00,30.0,1006.6,70.0753528060448
2023-05-10 06:00:00,33.8,1005.6,60.73355645359805
2023-05-10 09:00:00,34.8,1002.7,51.3917601011513
2023-05-10 12:00:00,29.6,1002.8,63.341728305764846
2023-05-10 15:00:00,24.2,1004.4,78.38291200919527
2023-05-10 18:00:00,24.0,1007.0,89.68569309935684
2023-05-10 21:00:00,23.6,1006.0,92.9947891827328
2023-05-11 00:00:00,22.2,1009.2,91.22412116599256
2023-05-11 03:00:00,28.2,1010.8,69.11274246935643
2023-05-11 06:00:00,33.2,1009.2,52.24717555279882
2023-05-11 09:00:00,34.6,1005.4,51.341412942219854
2023-05-11 12:00:00,33.2,1004.9,60.03499793790983
2023-05-11 15:00:00,27.8,1007.3,84.2669381064797
2023-05-11 18:00:00,26.6,1008.3,87.22543835052973
2023-05-11 21:00:00,25.4,1008.0,90.33006125111788
2023-05-12 00:00:00,23.8,1009.2,89.67100396425253
2023-05-12 03:00:00,29.2,1011.3,66.82547661101904
2023-05-12 06:00:00,30.0,1009.6,63.42769734725228
2023-05-12 09:00:00,32.8,1006.1,46.39069479422688
2023-05-12 12:00:00,30.6,1005.4,47.566803806032624
2023-05-12 15:00:00,27.4,1008.9,67.28568959900366
2023-05-12 18:00:00,25.4,1001.0,72.96297423706713
2023-05-12 21:00:00,24.8,1009.3,77.03212588839541
2023-05-13 00:00:00,23.0,1008.2,82.70996817603475
2023-05-13 03:00:00,30.2,1008.9,60.08231213848365
2023-05-13 06:00:00,34.4,1007.0,42.94555629128223
2023-05-13 09:00:00,35.4,1003.4,34.75145905000492
2023-05-13 12:00:00,33.0,1003.4,50.936406587781846
2023-05-13 15:00:00,26.8,1006.5,78.27657315656734
2023-05-13 18:00:00,25.0,1007.5,84.99158907366431
2023-05-13 21:00:00,24.0,1006.7,88.06051918717874
2023-05-14 00:00:00,23.8,1003.6,88.04366400310334
2023-05-14 03:00:00,27.2,1003.7,69.77298528509857
2023-05-14 06:00:00,31.4,1002.6,54.07572802922947
2023-05-14 09:00:00,32.2,1000.7,42.618341933892076
2023-05-14 12:00:00,30.0,1000.7,42.28779086879617
2023-05-14 15:00:00,27.2,1002.5,56.128403601107394
2023-05-14 18:00:00,25.8,1001.7,59.06407540325651
2023-05-14 21:00:00,24.0,1001.3,72.2660894358301
2023-05-15 00:00:00,22.4,1004.4,84.19427459892609
2023-05-15 03:00:00,29.2,1004.4,53.19475408938177
2023-05-15 06:00:00,32.0,1003.5,43.64873094146102
2023-05-15 09:00:00,31.6,1002.6,50.89250919922128
2023-05-15 12:00:00,30.0,1002.7,53.7282668311392
2023-05-15 15:00:00,25.6,1004.9,77.6269764291538
2023-05-15 18:00:00,25.0,1005.7,83.45262666598398
2023-05-15 21:00:00,24.0,1005.3,86.46120985687485
2023-05-16 00:00:00,21.2,1006.1,94.61037046447788
2023-05-16 03:00:00,25.4,1009.1,75.71358128252226
2023-05-16 06:00:00,29.0,1008.0,68.01508576459278
2023-05-16 09:00:00,30.6,1005.6,58.006624337338984
2023-05-16 12:00:00,28.4,1004.6,67.8977377259484
2023-05-16 15:00:00,24.8,1006.8,84.97083781729286
2023-05-16 18:00:00,20.6,1011.1,100.0
2023-05-16 21:00:00,20.6,1009.1,100.0
2023-05-17 00:00:00,21.4,1010.3,98.17703680741113
2023-05-17 03:00:00,24.0,1012.7,88.06051918717874
2023-05-17 06:00:00,26.4,1011.3,74.94939436271723
2023-05-17 09:00:00,28.0,1008.8,74.30236303611937
2023-05-17 12:00:00,26.0,1008.9,80.57864267765963
2023-05-17 15:00:00,24.8,1011.9,84.97083781729286
2023-05-17 18:00:00,23.4,1011.5,96.43645035727725
2023-05-17 21:00:00,23.0,1011.1,96.42590852260086
2023-05-18 00:00:00,22.6,1011.3,96.4153201366785
2023-05-18 03:00:00,24.4,1012.3,89.71497940989825
2023-05-18 06:00:00,25.6,1011.7,83.520391036621
2023-05-18 09:00:00,27.8,1009.3,75.63076994448524
2023-05-18 12:00:00,27.4,1008.4,78.36224761821416
2023-05-18 15:00:00,24.4,1009.4,91.36189759637527
2023-05-18 18:00:00,24.0,1009.5,96.45217641736166
2023-05-18 21:00:00,23.0,1008.7,96.42590852260086
2023-05-19 00:00:00,23.2,1009.0,98.20139433921152
2023-05-19 03:00:00,26.6,1010.1,79.6854136873141
2023-05-19 06:00:00,29.0,1009.5,64.38421540041374
2023-05-19 09:00:00,27.8,1006.7,81.29701074620921
2023-05-19 12:00:00,28.6,1005.3,76.21281246926864
2023-05-19 15:00:00,26.4,1006.9,90.39836619855579
2023-05-19 18:00:00,25.4,1007.5,93.08530694612072
2023-05-19 21:00:00,24.4,1007.2,96.4626030540391
2023-05-20 00:00:00,23.6,1005.5,96.44170390257318
2023-05-20 03:00:00,28.0,1008.4,80.3537462205201
2023-05-20 06:00:00,31.0,1007.3,72.1742265807024
2023-05-20 09:00:00,32.6,1004.8,58.47312526786792
2023-05-20 12:00:00,31.2,1004.8,64.45604167734498
2023-05-20 15:00:00,26.0,1006.2,87.17199233244091
2023-05-20 18:00:00,23.0,1007.6,100.0
2023-05-20 21:00:00,23.0,1007.4,100.0
2023-05-21 00:00:00,22.6,1008.1,94.66558503403643
2023-05-21 03:00:00,25.8,1011.8,82.03579612571595
2023-05-21 06:00:00,30.4,1009.6,61.61247622848766
2023-05-21 09:00:00,30.0,1007.4,62.279197326402645
2023-05-21 12:00:00,27.4,1006.9,79.79314536748959
2023-05-21 15:00:00,25.0,1010.2,83.45262666598398
2023-05-21 18:00:00,24.0,1009.9000000000001,89.06691649077189
2023-05-21 21:00:00,23.0,1009.6,94.6812063155598
2023-05-22 00:00:00,23.0,1010.2,94.6812063155598
2023-05-22 03:00:00,26.0,1011.4,80.57864267765963
2023-05-22 06:00:00,29.0,1010.9,73.57607488115697
2023-05-22 09:00:00,30.0,1009.0,71.5698382304094
2023-05-22 12:00:00,28.4,1008.1,73.03240199762554
2023-05-22 15:00:00,25.2,1009.6,86.57407445208088
2023-05-22 18:00:00,25.0,1009.8,88.14427552074832
2023-05-22 21:00:00,24.6,1009.6,91.37426421535667
2023-05-23 00:00:00,24.4,1010.1,91.36189759637527
2023-05-23 03:00:00,28.0,1011.1,75.66221487345534
2023-05-23 06:00:00,30.0,1010.6,74.18441432342445
2023-05-23 09:00:00,31.4,1006.7,63.34384135735378
2023-05-23 12:00:00,28.4,1005.3,63.863368876015656
2023-05-23 15:00:00,24.4,1009.5,83.38445864005315
2023-05-23 18:00:00,24.0,1007.8,86.46120985687485
2023-05-23 21:00:00,23.6,1007.6,88.02677396309889
2023-05-24 00:00:00,23.4,1008.0,92.98462350012163
2023-05-24 03:00:00,26.0,1009.6,79.12067626724064
2023-05-24 06:00:00,27.2,1009.7,75.53609118292528
2023-05-24 09:00:00,30.6,1005.2,58.006624337338984
2023-05-24 12:00:00,29.4,1005.1,62.147323833199586
2023-05-24 15:00:00,25.8,1007.1,80.55257262849392
2023-05-24 18:00:00,23.6,1007.6,89.65628406436801
2023-05-24 21:00:00,23.0,1007.3,91.27459428964966
2023-05-25 00:00:00,22.0,1007.5,94.64202501465911
2023-05-25 03:00:00,29.4,1008.5,64.46861316110979
2023-05-25 06:00:00,32.0,1007.1,57.981228496846505
2023-05-25 09:00:00,33.4,1004.5,53.583679198134604
2023-05-25 12:00:00,31.8,1003.5,56.541515718697454
2023-05-25 15:00:00,28.0,1006.1,81.80996009312997
2023-05-25 18:00:00,26.6,1005.9,84.13765842724912
2023-05-25 21:00:00,26.0,1005.7,85.60993471040011
2023-05-26 00:00:00,21.2,1007.8,100.0
2023-05-26 03:00:00,26.8,1010.3,76.86342849595185
2023-05-26 06:00:00,29.8,1009.3,61.10417493715189
2023-05-26 09:00:00,31.4,1006.5,62.20792223032527
2023-05-26 12:00:00,30.0,1005.5,67.39116386417841
2023-05-26 15:00:00,25.8,1007.2,80.55257262849392
2023-05-26 18:00:00,25.6,1007.3,90.34377933678581
2023-05-26 21:00:00,24.8,1006.4,93.05532775865673
2023-05-27 00:00:00,24.0,1006.1,93.01505522924245
2023-05-27 03:00:00,27.2,1009.8,82.70035172790627
2023-05-27 06:00:00,26.0,1008.6,82.55918218789247
2023-05-27 09:00:00,29.8,1007.2,66.13938425088851
2023-05-27 12:00:00,26.0,1007.3,92.00888400052642
2023-05-27 15:00:00,25.0,1007.9,88.14427552074832
2023-05-27 18:00:00,25.0,1008.5,93.06534216930645
2023-05-27 21:00:00,24.4,1008.2,94.73534893450257
2023-05-28 00:00:00,23.8,1008.3,96.4469459114231
2023-05-28 03:00:00,27.6,1010.2,78.39069896683198
2023-05-28 06:00:00,30.0,1009.0,64.98787314987105
2023-05-28 09:00:00,33.4,1006.1,56.921652839435055
2023-05-28 12:00:00,27.8,1007.1,71.61107092213882
2023-05-28 15:00:00,26.0,1008.4,82.55918218789247
2023-05-28 18:00:00,25.4,1009.1,88.17753730223563
2023-05-28 21:00:00,25.0,1008.7,89.75868022431183
2023-05-29 00:00:00,23.4,1009.1,92.98462350012163
2023-05-29 03:00:00,31.0,1010.3,65.58856385714532
2023-05-29 06:00:00,33.6,1008.9,58.00441896805416
2023-05-29 09:00:00,35.4,1006.5,53.11218922804798
2023-05-29 12:00:00,33.0,1005.8,64.44613125580591
2023-05-29 15:00:00,29.6,1008.1,82.00361602371757
2023-05-29 18:00:00,27.4,1008.8,88.86871874139695
2023-05-29 21:00:00,26.4,1008.2,90.39836619855579
2023-05-30 00:00:00,25.6,1007.9,94.78110774663195
2023-05-30 03:00:00,31.8,1008.9,67.34108781459214
2023-05-30 06:00:00,34.8,1007.4,54.57837119757018
2023-05-30 09:00:00,36.0,1005.2,49.56634543506401
2023-05-30 12:00:00,34.0,1004.1,55.04309180081118
2023-05-30 15:00:00,29.8,1005.4,75.49139258129554
2023-05-30 18:00:00,27.4,1006.5,81.24686676192346
2023-05-30 21:00:00,26.2,1006.1,85.62978692730046
2023-05-31 00:00:00,25.6,1006.4,91.98598997205917
2023-05-31 03:00:00,32.2,1007.5,65.05199403084112
2023-05-31 06:00:00,35.6,1005.6,54.1226737456844
2023-05-31 09:00:00,36.8,1003.0,50.06831013038043
2023-05-31 12:00:00,34.0,1001.9,56.04514311511978
2023-05-31 15:00:00,29.8,1003.5,78.23460259362332
2023-05-31 18:00:00,28.0,1004.6,84.79181717750924
2023-05-31 21:00:00,27.0,1004.2,87.26088849314073
2023-06-01 00:00:00,27.2,1003.5,88.85313336738866
2023-06-01 03:00:00,32.6,1005.6,69.11441091335229
2023-06-01 06:00:00,35.0,1004.5,56.95764470575925
2023-06-01 09:00:00,36.4,1001.0,57.96331263280552
2023-06-01 15:00:00,27.2,1002.1,82.70035172790627
2023-06-01 18:00:00,27.0,1002.6,84.18092213796281
2023-06-01 21:00:00,26.0,1002.3,90.37112970835472
2023-06-02 00:00:00,25.0,1003.2,91.39891921824884
2023-06-02 03:00:00,32.4,1004.8,65.48228630790443
2023-06-02 06:00:00,35.4,1003.9,57.05144460973204
2023-06-02 09:00:00,36.6,1000.9,51.842111339562344
2023-06-02 12:00:00,33.4,1000.3,61.166394066179166
2023-06-02 15:00:00,30.0,1003.4,78.26294962837345
2023-06-02 18:00:00,27.8,1003.8,81.29701074620921
2023-06-02 21:00:00,27.0,1003.6,85.7087986323302
2023-06-03 00:00:00,24.4,1004.9,88.0941253601151
2023-06-03 03:00:00,32.4,1006.5,60.57918429384643
2023-06-03 06:00:00,35.4,1005.6,57.05144460973204
2023-06-03 09:00:00,36.6,1003.7,55.99599056046352
2023-06-03 12:00:00,35.0,1002.2,62.2470562760692
2023-06-03 15:00:00,30.6,1003.2,75.61652127297627
2023-06-03 18:00:00,28.8,1004.3,87.93540259721783
2023-06-03 21:00:00,28.0,1004.5,92.12191734434786
2023-06-04 00:00:00,26.0,1006.0,85.60993471040011
2023-06-04 03:00:00,32.0,1007.4,60.12540926930006
2023-06-04 06:00:00,34.2,1006.1,55.091425528710424
2023-06-04 09:00:00,36.2,1002.9,53.62697094613858
2023-06-04 12:00:00,33.8,1002.1,62.727505384680136
2023-06-04 15:00:00,30.0,1003.2,81.08968974474207
2023-06-04 18:00:00,28.8,1004.8,84.87449545917907
2023-06-04 21:00:00,28.0,1004.4,87.34888747491027
2023-06-05 00:00:00,25.8,1004.3,90.35746879655075
2023-06-05 03:00:00,31.2,1005.6,70.93306375697343
2023-06-05 06:00:00,35.0,1004.8,56.95764470575925
2023-06-05 09:00:00,36.2,1001.8,52.67734524059836
2023-06-05 12:00:00,34.0,1000.9,59.50158303199722
2023-06-05 15:00:00,30.6,1003.0,78.34767637456054
2023-06-05 18:00:00,29.0,1004.2,83.89690993013956
2023-06-05 21:00:00,28.2,1004.5,88.93074165144274
2023-06-06 00:00:00,27.0,1003.4,92.06569807815053
2023-06-06 03:00:00,33.6,1004.4,61.576188549831414
2023-06-06 06:00:00,37.0,1002.9,51.32764145585129
2023-06-06 09:00:00,37.8,999.6,47.98196923843544
2023-06-06 12:00:00,33.0,999.2,59.989879094366785
2023-06-06 15:00:00,30.2,1002.2,70.32973763313946
2023-06-06 18:00:00,28.4,1002.8,80.40588280898815
2023-06-06 21:00:00,27.4,1002.4,85.74806761675889
2023-06-07 00:00:00,26.0,1002.0,88.7589455109383
2023-06-07 03:00:00,33.2,1003.8,58.9647920354539
2023-06-07 06:00:00,37.0,1002.6,53.18854985835784
2023-06-07 09:00:00,38.2,999.6,49.240821164303995
2023-06-07 12:00:00,34.2,999.2,57.45282698261636
2023-06-07 15:00:00,30.8,1001.2,74.31499881924898
2023-06-07 18:00:00,29.6,1002.3,76.82235153000387
2023-06-07 21:00:00,28.6,1001.8,84.8538871735531
2023-06-08 00:00:00,28.4,1002.4,84.83323810049623
2023-06-08 03:00:00,33.6,1003.3,63.81035576931347
2023-06-08 06:00:00,36.4,1001.9,55.94863203705148
2023-06-08 09:00:00,32.0,999.5,81.81208304952762
2023-06-08 15:00:00,30.2,1000.7,79.69205742002245
2023-06-08 18:00:00,29.0,1001.3,84.89506306062921
2023-06-08 21:00:00,28.0,1001.0,88.91528354225218
2023-06-09 00:00:00,26.0,1000.7,90.37112970835472
2023-06-09 03:00:00,27.8,1002.5,84.2669381064797
2023-06-09 06:00:00,32.4,1002.5,66.6618617053601
2023-06-09 09:00:00,30.0,999.9,84.99729439748566
2023-06-09 12:00:00,28.6,997.6,90.54615869442738
2023-06-09 15:00:00,28.4,1000.5,92.14424033203443
2023-06-09 18:00:00,27.8,1001.9,93.7538663078413
2023-06-09 21:00:00,27.4,1001.5,95.40932035991787
2023-06-10 00:00:00,26.6,1000.1,94.8187901348208
2023-06-10 03:00:00,27.2,1002.1,90.45250000428203
2023-06-10 06:00:00,28.2,1001.6,86.33689076158295
2023-06-10 09:00:00,30.4,998.2,78.31948639832048
2023-06-10 12:00:00,31.0,997.8,76.1271052167908
2023-06-10 15:00:00,28.0,1000.4,100.0
2023-06-10 18:00:00,27.8,1001.4,96.54941420693457
2023-06-10 21:00:00,27.0,1000.8,96.5292760949642
2023-06-11 00:00:00,25.4,1000.3,100.0
2023-06-11 03:00:00,25.4,1001.1,100.0
2023-06-11 06:00:00,26.4,1000.2,98.24351098143454
2023-06-11 09:00:00,28.2,999.0,88.93074165144274
2023-06-11 12:00:00,28.2,998.3,86.33689076158295
2023-06-11 15:00:00,27.6,1000.2,90.47939854432097
2023-06-11 18:00:00,26.2,1001.3,94.80376584735212
2023-06-11 21:00:00,25.2,1000.9,94.76592069291524
2023-06-12 00:00:00,26.0,1001.2,92.00888400052642
2023-06-12 03:00:00,28.4,1002.4,81.85865421535438
2023-06-12 06:00:00,31.4,1001.2,69.71409411644107
2023-06-12 09:00:00,32.6,998.4,66.70160074556692
2023-06-12 12:00:00,31.8,997.7,72.31259150236149
2023-06-12 15:00:00,29.4,1000.0,86.44896966030107
2023-06-12 18:00:00,27.8,1000.7,88.89979374390309
2023-06-12 21:00:00,26.4,1000.0,92.03168153578638
2023-06-13 00:00:00,25.4,1000.2,98.23050936880627
2023-06-13 03:00:00,29.2,1001.2,86.43038313933076
2023-06-13 06:00:00,32.8,999.8,69.15187043596707
2023-06-13 09:00:00,34.0,996.8,66.19513066409054
2023-06-13 12:00:00,30.6,996.8,76.97150804274018
2023-06-13 15:00:00,28.6,999.1,87.91868204829599
2023-06-13 18:00:00,27.8,998.7,90.49280598950578
2023-06-13 21:00:00,27.0,998.3,93.71791865005993
2023-06-14 00:00:00,26.8,1000.1,88.82186644716782
2023-06-14 03:00:00,26.6,1001.0,94.8187901348208
2023-06-14 06:00:00,27.2,1000.5,88.85313336738866
2023-06-14 09:00:00,30.6,998.4,75.61652127297627
2023-06-14 12:00:00,29.4,997.9,80.53536024141098
2023-06-14 15:00:00,27.6,999.3,90.47939854432097
2023-06-14 18:00:00,24.4,1001.2,94.73534893450257
2023-06-14 21:00:00,24.5,1000.0,94.16988554090756
2023-06-15 00:00:00,23.2,1002.4,100.0
2023-06-15 03:00:00,23.8,1000.8,100.0
2023-06-15 06:00:00,25.4,1000.9,91.42347038708563
2023-06-15 09:00:00,28.0,1000.6,75.66221487345534
2023-06-15 15:00:00,24.0,1000.2,91.33708576167582
2023-06-15 18:00:00,24.4,1000.2,93.03523459227986
2023-06-15 21:00:00,24.0,999.8,94.71996347442106
2023-06-16 00:00:00,23.4,1002.2,100.0
2023-06-16 03:00:00,24.6,1002.2,96.46779925124456
2023-06-16 06:00:00,25.4,1002.3,89.78766263040568
2023-06-16 09:00:00,29.4,999.9,71.03411577940795
2023-06-16 12:00:00,26.2,999.9,88.7747243479242
2023-06-16 15:00:00,25.0,1001.9,91.39891921824884
2023-06-16 18:00:00,24.6,1002.5,94.74301669819423
2023-06-16 21:00:00,24.0,1001.8,96.45217641736166
2023-06-17 00:00:00,23.6,1003.0,100.0
2023-06-17 03:00:00,24.0,1004.7,96.45217641736166
2023-06-17 06:00:00,24.6,1004.8,98.22000417681151
2023-06-17 09:00:00,28.4,1001.5,80.40588280898815
2023-06-17 12:00:00,25.4,1002.1,88.17753730223563
2023-06-17 15:00:00,25.0,1004.0,89.75868022431183
2023-06-17 18:00:00,24.0,1005.2,94.71996347442106
2023-06-17 21:00:00,23.8,1004.7,98.20940544330021
2023-06-18 00:00:00,23.6,1004.6,100.0
2023-06-18 03:00:00,24.2,1007.9,100.0
2023-06-18 06:00:00,28.0,1004.6,87.34888747491027
2023-06-18 09:00:00,25.8,1002.3,91.99744908137737
2023-06-18 12:00:00,24.2,1003.1,100.0
2023-06-18 15:00:00,24.4,1005.4,100.0
2023-06-18 18:00:00,24.2,1005.9,100.0
2023-06-18 21:00:00,24.2,1005.6,100.0
2023-06-19 00:00:00,24.0,1003.9,100.0
2023-06-19 03:00:00,24.6,1005.4,100.0
2023-06-19 06:00:00,26.2,1004.8,93.68166338882529
2023-06-19 09:00:00,27.0,1003.3,92.06569807815053
2023-06-19 12:00:00,27.0,1002.3,90.43900875787912
2023-06-19 15:00:00,25.6,1003.4,94.78110774663195
2023-06-19 18:00:00,25.2,1003.1,96.48331975462109
2023-06-19 21:00:00,25.0,1002.7,96.47815756865955
2023-06-20 00:00:00,24.8,1003.3,98.2226392013117
2023-06-20 03:00:00,27.4,1004.6,88.86871874139695
2023-06-20 06:00:00,28.4,1004.6,88.94616815571688
2023-06-20 09:00:00,28.2,1002.1,84.81254813644145
2023-06-20 12:00:00,26.6,1002.4,90.41194193154737
2023-06-20 15:00:00,26.2,1003.2,96.5089622614157
2023-06-20 18:00:00,25.8,1003.4,96.49873881355717
2023-06-20 21:00:00,24.6,1003.0,98.81022992788581
2023-06-21 00:00:00,24.2,1004.3,98.21471657176035
2023-06-21 03:00:00,24.0,1005.5,100.0
2023-06-21 06:00:00,27.0,1005.3,87.26088849314073
2023-06-21 09:00:00,29.4,1002.7,77.71354294293734
2023-06-21 12:00:00,27.8,1002.5,84.2669381064797
2023-06-21 15:00:00,26.4,1003.8,85.64959932544602
2023-06-21 18:00:00,26.2,1004.9,96.5089622614157
2023-06-21 21:00:00,25.8,1004.5,98.23572722928968
2023-06-22 00:00:00,25.4,1004.9,100.0
2023-06-22 03:00:00,25.2,1006.7,98.227891780213
2023-06-22 06:00:00,26.8,1004.8,92.05438311051279
2023-06-22 09:00:00,29.0,1002.6,80.48371679996085
2023-06-22 12:00:00,28.6,1002.4,81.88293095675748
2023-06-22 15:00:00,27.0,1004.7,90.43900875787912
2023-06-22 18:00:00,26.8,1005.7,93.70888380751718
2023-06-22 21:00:00,26.6,1005.1,94.8187901348208
2023-06-23 00:00:00,26.2,1004.9,96.5089622614157
2023-06-23 03:00:00,28.0,1005.7,88.91528354225218
2023-06-23 06:00:00,31.0,1004.6,76.1271052167908
2023-06-23 09:00:00,31.8,1001.9,73.60449518826249
2023-06-23 12:00:00,31.4,1001.0,76.18814229624397
2023-06-23 15:00:00,28.8,1002.4,84.87449545917907
2023-06-23 18:00:00,28.6,1003.7,92.1553667873356
2023-06-23 21:00:00,28.0,1003.3,95.42918067606378
2023-06-24 00:00:00,27.6,1003.2,95.41595470562915
2023-06-24 03:00:00,29.0,1004.2,87.95208930052544
2023-06-24 06:00:00,32.8,1003.0,72.91045718414733
2023-06-24 09:00:00,34.4,1001.4,69.0453935523037
2023-06-24 12:00:00,33.8,1000.7,64.9948432310438
2023-06-24 15:00:00,29.8,1002.1,88.01849942848882
2023-06-24 18:00:00,28.8,1003.2,93.7983735302794
2023-06-24 21:00:00,28.0,1002.8,95.42918067606378
2023-06-25 00:00:00,27.4,1003.0,93.73593071403404
2023-06-25 03:00:00,31.6,1004.8,73.57131384659597
2023-06-25 06:00:00,35.0,1003.6,63.354980624753985
2023-06-25 09:00:00,32.4,1002.9,69.07688914571028
2023-06-25 12:00:00,30.2,1002.7,84.02682856635852
2023-06-25 15:00:00,29.5,1004.1,89.03045273020926
2023-06-25 18:00:00,28.5,1005.1,90.00824282803232
2023-06-25 21:00:00,27.8,1004.6,93.7538663078413
2023-06-26 00:00:00,26.6,1004.1,96.51914127003087
2023-06-26 03:00:00,30.0,1005.8,81.08968974474207
2023-06-26 06:00:00,33.8,1004.0,67.33350659401705
2023-06-26 09:00:00,33.2,1001.1,76.90542428520767
2023-06-26 12:00:00,32.8,1000.3,74.20237605491754
2023-06-26 15:00:00,30.6,1003.5,86.55971313917948
2023-06-26 18:00:00,29.6,1003.8,91.14232765587903
2023-06-26 21:00:00,29.0,1003.4,93.80721852350113
2023-06-27 00:00:00,28.4,1002.9,92.14424033203443
2023-06-27 03:00:00,28.2,1005.0,88.93074165144274
2023-06-27 06:00:00,31.8,1004.0,73.60449518826249
2023-06-27 09:00:00,26.2,1003.8,96.5089622614157
2023-06-27 12:00:00,27.4,1003.8,96.53936698995483
2023-06-27 15:00:00,26.6,1005.2,93.69982968596882
2023-06-27 18:00:00,26.4,1006.6,96.51405730461323
2023-06-27 21:00:00,26.2,1005.7,94.80376584735212
2023-06-28 00:00:00,26.8,1006.1,96.52421418955653
2023-06-28 03:00:00,28.2,1007.8,92.13309053912468
2023-06-28 06:00:00,30.4,1007.4,82.58284223811447
2023-06-28 09:00:00,30.0,1004.8,84.99729439748566
2023-06-28 12:00:00,31.0,1004.5,76.1271052167908
2023-06-28 15:00:00,28.8,1006.4,89.50172004038727
2023-06-28 18:00:00,28.0,1007.1,95.42918067606378
2023-06-28 21:00:00,26.8,1006.8,95.38933139322062
2023-06-29 00:00:00,26.8,1005.1,96.52421418955653
2023-06-29 03:00:00,27.8,1007.1,93.7538663078413
2023-06-29 06:00:00,27.2,1007.2,96.53432701791446
2023-06-29 09:00:00,29.2,1004.1,84.91559008084812
2023-06-29 12:00:00,28.8,1003.3,87.93540259721783
2023-06-29 18:00:00,27.0,1005.5,95.39600874452509
2023-06-29 21:00:00,26.6,1003.8,94.8187901348208
2023-06-30 00:00:00,26.2,1004.8,96.5089622614157
2023-06-30 03:00:00,30.2,1006.0,76.91200889831605
2023-06-30 06:00:00,31.0,1005.6,77.03079038177704
2023-06-30 09:00:00,29.4,1003.2,77.71354294293734
2023-06-30 12:00:00,29.2,1001.4,84.91559008084812
2023-06-30 15:00:00,27.8,1003.6,93.7538663078413
2023-06-30 18:00:00,27.6,1004.4,92.09950049107172
2023-06-30 21:00:00,27.2,1003.5,92.07698925377626
2023-07-01 00:00:00,27.0,1003.5,93.71791865005993
2023-07-01 03:00:00,27.0,1005.6,93.71791865005993
2023-07-01 06:00:00,28.6,1005.3,86.37440005285019
2023-07-01 09:00:00,27.6,1003.7,95.41595470562915
2023-07-01 12:00:00,29.0,1002.7,89.51636332080271
2023-07-01 15:00:00,27.6,1004.2,92.09950049107172
2023-07-01 18:00:00,27.4,1004.6,96.53936698995483
2023-07-01 21:00:00,26.8,1003.9,96.52421418955653
2023-07-02 00:00:00,27.0,1003.2,98.25124348905271
2023-07-02 03:00:00,28.6,1004.9,92.1553667873356
2023-07-02 06:00:00,30.8,1004.0,84.09121922543238
2023-07-02 09:00:00,29.6,1002.9,84.95652278782288
2023-07-02 12:00:00,29.6,1002.0,86.46751908713752
2023-07-02 15:00:00,28.4,1003.4,92.14424033203443
2023-07-02 18:00:00,27.8,1003.7,94.86347768339076
2023-07-02 21:00:00,26.8,1003.5,95.38933139322062
2023-07-03 00:00:00,26.8,1003.4,96.52421418955653
2023-07-03 03:00:00,27.8,1005.1,94.86347768339076
2023-07-03 06:00:00,30.6,1005.0,79.74530566981048
2023-07-03 09:00:00,30.8,1002.5,79.77185498360923
2023-07-03 12:00:00,30.6,1002.2,81.16467826556904
2023-07-03 15:00:00,28.4,1004.1,88.94616815571688
2023-07-03 18:00:00,27.8,1003.9,90.49280598950578
2023-07-03 21:00:00,27.0,1003.6,93.71791865005993
2023-07-04 00:00:00,27.0,1003.1,95.39600874452509
2023-07-04 03:00:00,31.6,1004.0,74.88472135092377
2023-07-04 06:00:00,33.4,1003.5,68.4542986966963
2023-07-04 09:00:00,29.4,1002.9,84.9360766224706
2023-07-04 12:00:00,30.2,1000.7,82.5595602209085
2023-07-04 15:00:00,28.4,1002.7,90.53286192976505
2023-07-04 18:00:00,27.8,1003.6,93.7538663078413
2023-07-04 21:00:00,27.4,1003.1,93.73593071403404
2023-07-05 00:00:00,26.4,1002.8,94.81128607168019
2023-07-05 03:00:00,31.8,1003.1,71.04055669606059
2023-07-05 06:00:00,33.8,1002.3,62.727505384680136
2023-07-05 09:00:00,35.0,1000.7,59.02423742118093
2023-07-05 12:00:00,33.0,1000.0,65.60442666205464
2023-07-05 15:00:00,29.6,1001.4,81.03945906223336
2023-07-05 18:00:00,28.6,1003.8,88.96156313904507
2023-07-05 21:00:00,26.2,1002.9,96.5089622614157
2023-07-06 00:00:00,27.4,1004.1,96.53936698995483
2023-07-06 03:00:00,28.8,1005.4,86.39309843177878
2023-07-06 06:00:00,30.4,1004.7,79.71870652103674
2023-07-06 09:00:00,30.8,1003.5,85.5757112364315
2023-07-06 15:00:00,29.4,1005.2,90.59907165857443
2023-07-06 18:00:00,28.6,1005.6,92.1553667873356
2023-07-06 21:00:00,28.0,1005.1,93.76280556198172
2023-07-07 00:00:00,27.4,1005.3,95.40932035991787
2023-07-07 03:00:00,27.0,1007.8,96.5292760949642
2023-07-07 06:00:00,28.0,1006.9,93.76280556198172
2023-07-07 09:00:00,32.8,1003.7,76.84633730700138
2023-07-07 12:00:00,32.2,1003.7,73.6706835261597
2023-07-07 15:00:00,30.2,1006.3,86.52294575570109
2023-07-07 18:00:00,28.6,1007.1,92.1553667873356
2023-07-07 21:00:00,28.0,1006.6,93.76280556198172
2023-07-08 00:00:00,27.0,1006.9,95.39600874452509
2023-07-08 03:00:00,30.8,1007.6,79.77185498360923
2023-07-08 06:00:00,33.0,1005.8,72.94417143512577
2023-07-08 09:00:00,31.2,1004.3,79.82480457377302
2023-07-08 12:00:00,30.4,1003.9,81.13972960661955
2023-07-08 15:00:00,28.8,1006.0,90.55942797559786
2023-07-08 18:00:00,28.2,1006.2,92.13309053912468
2023-07-08 21:00:00,27.6,1005.8,93.74490804295253
2023-07-09 00:00:00,27.0,1005.1,93.71791865005993
2023-07-09 03:00:00,29.8,1005.7,83.49088910584811
2023-07-09 06:00:00,32.6,1004.8,69.11441091335229
2023-07-09 09:00:00,34.2,1002.7,63.93621970684363
2023-07-09 12:00:00,30.8,1002.7,81.1895795616241
2023-07-09 15:00:00,28.8,1003.8,92.16646996907035
2023-07-09 18:00:00,28.6,1004.7,92.1553667873356
2023-07-09 21:00:00,27.6,1003.9,93.74490804295253
2023-07-10 00:00:00,28.2,1004.1,95.43577238155224
2023-07-10 03:00:00,31.0,1005.0,82.65241993308152
2023-07-10 06:00:00,33.8,1004.0,69.745383646869
2023-07-10 09:00:00,30.6,1002.9,75.61652127297627
2023-07-10 12:00:00,30.4,1002.0,82.58284223811447
2023-07-10 15:00:00,29.4,1003.6,89.54556000162309
2023-07-10 18:00:00,28.4,1003.7,93.78062725022617
2023-07-10 21:00:00,27.6,1003.4,95.41595470562915
2023-07-11 00:00:00,28.2,1003.2,93.77172585847173
2023-07-11 03:00:00,30.6,1004.5,84.06979751556185
2023-07-11 06:00:00,32.0,1004.1,72.34703340707203
2023-07-11 09:00:00,32.6,1002.3,72.87668440277191
2023-07-11 12:00:00,29.6,1002.1,82.00361602371757
2023-07-11 15:00:00,29.0,1004.2,86.41175942849821
2023-07-11 18:00:00,28.8,1004.3,89.50172004038727
2023-07-11 21:00:00,28.2,1004.1,92.13309053912468
2023-07-12 00:00:00,27.8,1003.5,93.7538663078413
2023-07-12 03:00:00,28.0,1005.8,90.50618565208272
2023-07-12 06:00:00,29.4,1004.4,83.4463778105949
2023-07-12 09:00:00,31.2,1002.3,77.51519693628545
2023-07-12 12:00:00,29.8,1002.4,83.49088910584811
2023-07-12 15:00:00,28.6,1004.6,90.54615869442738
2023-07-12 18:00:00,28.0,1005.0,93.76280556198172
2023-07-12 21:00:00,27.4,1004.2,93.73593071403404
2023-07-13 00:00:00,27.8,1004.4,93.7538663078413
2023-07-13 03:00:00,29.2,1005.7,84.91559008084812
2023-07-13 06:00:00,30.4,1004.7,81.13972960661955
2023-07-13 09:00:00,33.0,1002.5,69.1892678326449
2023-07-13 15:00:00,27.8,1004.4,90.49280598950578
2023-07-13 18:00:00,27.6,1004.9,92.09950049107172
2023-07-13 21:00:00,27.4,1004.6,93.73593071403404
2023-07-14 00:00:00,27.4,1005.1,93.73593071403404
2023-07-14 03:00:00,29.6,1005.9,82.00361602371757
2023-07-14 06:00:00,33.2,1004.7,70.45783465512956
2023-07-14 09:00:00,29.4,1003.4,84.9360766224706
2023-07-14 12:00:00,29.6,1002.6,84.95652278782288
2023-07-14 15:00:00,28.4,1005.3,92.14424033203443
2023-07-14 18:00:00,27.8,1005.6,92.11072068322818
2023-07-14 21:00:00,27.4,1005.0,93.73593071403404
2023-07-15 00:00:00,27.2,1003.7,95.40267171979633
2023-07-15 03:00:00,31.4,1005.2,76.18814229624397
2023-07-15 06:00:00,32.4,1003.9,69.07688914571028
2023-07-15 09:00:00,31.2,1002.0,84.13393763597708
2023-07-15 12:00:00,28.0,1002.3,92.12191734434786
2023-07-15 15:00:00,28.6,1003.9,90.54615869442738
2023-07-15 18:00:00,28.0,1004.7,92.12191734434786
2023-07-15 21:00:00,27.4,1004.3,95.40932035991787
2023-07-16 00:00:00,27.0,1003.3,97.6742950419934
2023-07-16 03:00:00,32.0,1004.2,72.34703340707203
2023-07-16 06:00:00,33.4,1003.6,64.91266364161814
2023-07-16 09:00:00,33.4,1001.6,61.166394066179166
2023-07-16 12:00:00,30.4,1002.0,76.94178563223718
2023-07-16 15:00:00,29.0,1004.1,89.51636332080271
2023-07-16 18:00:00,27.0,1004.7,93.71791865005993
2023-07-16 21:00:00,27.0,1004.3,93.71791865005993
2023-07-17 00:00:00,26.4,1003.4,98.24351098143454
2023-07-17 03:00:00,27.2,1004.4,93.72693426762005
2023-07-17 06:00:00,28.4,1003.8,88.94616815571688
2023-07-17 09:00:00,30.2,1002.4,75.55406963834521
2023-07-17 12:00:00,30.0,1001.3,78.26294962837345
2023-07-17 15:00:00,27.4,1002.2,87.29619508920601
2023-07-17 18:00:00,26.8,1003.6,92.05438311051279
2023-07-17 21:00:00,25.8,1003.3,93.10518672866101
2023-07-18 00:00:00,26.0,1003.6,94.79622941585653
2023-07-18 03:00:00,31.0,1004.2,76.1271052167908
2023-07-18 06:00:00,33.6,1002.4,66.11508991681715
2023-07-18 09:00:00,35.0,1000.0,51.75303582520855
2023-07-18 12:00:00,34.4,999.0,60.66320841650632
2023-07-18 15:00:00,30.2,1000.6,81.1147334710309
2023-07-18 18:00:00,28.8,1001.6,85.884279292837
2023-07-19 00:00:00,27.8,1001.4,92.11072068322818
2023-07-19 03:00:00,33.8,1002.3,57.01603340699637
2023-07-19 06:00:00,35.4,1001.1,62.6999662963903
2023-07-19 09:00:00,36.4,998.2,57.96331263280552
2023-07-19 12:00:00,33.2,997.7,74.2670903462619
2023-07-19 15:00:00,31.8,1000.0,82.74456809346044
2023-07-19 18:00:00,30.2,1001.5,86.52294575570109
2023-07-19 21:00:00,29.6,1001.0,89.56011356164207
2023-07-20 00:00:00,28.0,1000.5,92.12191734434786
2023-07-20 03:00:00,34.0,1002.0,67.37244576814547
2023-07-20 06:00:00,35.6,1001.2,60.57132730175924
2023-07-20 09:00:00,36.8,998.8,60.130134042962666
2023-07-20 12:00:00,28.4,999.6,86.35566419509173
2023-07-20 15:00:00,27.6,1000.5,95.41595470562915
2023-07-20 18:00:00,27.8,1002.5,94.86347768339076
2023-07-20 21:00:00,27.8,1002.1,94.86347768339076
2023-07-21 00:00:00,26.0,1004.9,100.0
2023-07-21 03:00:00,26.4,1006.8,100.0
2023-07-21 06:00:00,30.2,1006.1,82.5595602209085
2023-07-21 09:00:00,33.0,1004.0,70.42167655411042
2023-07-21 12:00:00,32.4,1004.1,75.45207406041715
2023-07-21 15:00:00,29.6,1006.2,83.46865512129703
2023-07-21 18:00:00,29.0,1007.8,92.17754994106518
2023-07-21 21:00:00,28.0,1007.4,93.76280556198172
2023-07-22 00:00:00,27.6,1007.9,95.41595470562915
2023-07-22 03:00:00,32.4,1008.9,75.45207406041715
2023-07-22 06:00:00,35.0,1007.2,67.96088926567721
2023-07-22 09:00:00,29.6,1006.1,88.00194722290112
2023-07-22 12:00:00,28.0,1007.1,87.34888747491027
2023-07-22 15:00:00,27.8,1008.1,92.11072068322818
2023-07-22 18:00:00,27.0,1008.2,93.71791865005993
2023-07-23 00:00:00,26.8,1008.0,96.52421418955653
2023-07-23 03:00:00,27.8,1008.7,88.89979374390309
2023-07-23 06:00:00,31.8,1007.3,73.60449518826249
2023-07-23 09:00:00,34.2,1004.6,60.618752169673485
2023-07-23 12:00:00,29.6,1003.8,88.00194722290112
2023-07-23 15:00:00,29.6,1006.1,89.56011356164207
2023-07-23 18:00:00,28.8,1005.9,92.16646996907035
2023-07-23 21:00:00,28.2,1005.6,93.77172585847173
2023-07-24 00:00:00,27.8,1004.9,94.86347768339076
2023-07-24 03:00:00,32.0,1005.6,72.34703340707203
2023-07-24 06:00:00,34.0,1005.0,66.19513066409054
2023-07-24 09:00:00,33.8,1002.6,62.727505384680136
2023-07-24 12:00:00,31.8,1001.7,72.31259150236149
2023-07-24 15:00:00,30.4,1004.8,85.53649748682237
2023-07-24 18:00:00,29.6,1004.6,88.00194722290112
2023-07-24 21:00:00,29.0,1004.1,89.51636332080271
2023-07-25 00:00:00,27.8,1005.0,93.7538663078413
2023-07-25 03:00:00,31.6,1005.9,78.94871738353811
2023-07-25 06:00:00,34.6,1004.8,63.27041910529518
2023-07-25 09:00:00,36.4,1002.8,55.94863203705148
2023-07-25 12:00:00,30.6,1003.0,74.28243957799879
2023-07-25 15:00:00,28.8,1004.4,83.37928484286573
2023-07-25 18:00:00,28.4,1005.5,92.14424033203443
2023-07-25 21:00:00,27.6,1005.1,92.09950049107172
2023-07-26 00:00:00,27.2,1005.7,92.07698925377626
2023-07-26 03:00:00,31.0,1007.2,76.1271052167908
2023-07-26 06:00:00,33.0,1006.2,69.1892678326449
2023-07-26 09:00:00,34.0,1003.9,63.89432970526357
2023-07-26 12:00:00,33.4,1004.0,67.25543915862544
2023-07-26 15:00:00,29.8,1005.3,81.06459831337503
2023-07-26 18:00:00,29.2,1005.7,87.96874224697314
2023-07-26 21:00:00,28.2,1005.1,92.13309053912468
2023-07-27 00:00:00,28.2,1004.7,92.13309053912468
2023-07-27 03:00:00,30.8,1006.0,78.37581423848806
2023-07-27 06:00:00,33.6,1004.8,69.70861962540543
2023-07-27 09:00:00,34.0,1001.9,66.19513066409054
2023-07-27 12:00:00,31.6,1001.5,73.57131384659597
2023-07-27 15:00:00,30.0,1002.8,81.08968974474207
2023-07-27 18:00:00,27.4,1003.6,100.0
2023-07-27 21:00:00,29.0,1003.3,90.57266984744003
2023-07-28 00:00:00,28.6,1002.3,92.1553667873356
2023-07-28 03:00:00,32.0,1002.6,72.34703340707203
2023-07-28 06:00:00,29.8,1002.7,86.48603151527291
2023-07-28 09:00:00,32.0,999.5,76.27928569930424
2023-07-28 12:00:00,31.8,999.3,73.60449518826249
2023-07-28 15:00:00,30.0,1001.8,86.50450703984572
2023-07-28 18:00:00,29.0,1001.9,90.57266984744003
2023-07-28 21:00:00,29.0,1001.5,90.57266984744003
2023-07-29 00:00:00,27.0,1001.4,96.5292760949642
2023-07-29 03:00:00,28.0,1003.1,87.34888747491027
2023-07-29 06:00:00,31.4,1001.8,72.24352874821913
2023-07-29 09:00:00,32.4,999.1,63.9379440059793
2023-07-29 12:00:00,32.4,999.1,70.31283604150148
2023-07-29 15:00:00,30.2,1000.4,85.01762004491522
2023-07-29 18:00:00,29.2,1001.6,89.53097661456914
2023-07-29 21:00:00,27.4,1000.9,96.53936698995483
2023-07-30 00:00:00,26.6,1001.2,96.51914127003087
2023-07-30 03:00:00,30.0,1002.1,81.08968974474207
2023-07-30 06:00:00,32.0,1001.1,68.5931528079531
2023-07-30 09:00:00,35.0,996.4,63.354980624753985
2023-07-30 12:00:00,33.6,996.2,66.11508991681715
2023-07-30 15:00:00,30.4,999.6,82.58284223811447
2023-07-30 18:00:00,29.6,1000.3,88.00194722290112
2023-07-30 21:00:00,29.0,999.7,89.51636332080271
2023-07-31 00:00:00,28.4,998.7,92.14424033203443
2023-07-31 03:00:00,33.0,999.8,72.94417143512577
2023-07-31 06:00:00,34.0,998.7,61.663754542437346
2023-07-31 09:00:00,36.4,995.5,55.94863203705148
2023-07-31 12:00:00,34.0,994.6,69.78208647156907
2023-07-31 15:00:00,31.8,998.2,82.74456809346044
2023-07-31 18:00:00,30.6,998.3,86.55971313917948
2023-07-31 21:00:00,30.0,997.7,88.03501822943302
2023-08-01 00:00:00,29.0,996.5,90.57266984744003
2023-08-01 03:00:00,33.2,997.7,72.97782727710387
2023-08-01 06:00:00,35.0,996.9,69.1570619759759
2023-08-01 09:00:00,36.6,993.8,61.14795125757947
2023-08-01 12:00:00,35.2,994.1,67.21243272771655
2023-08-01 15:00:00,32.0,998.0,79.0033862804747
2023-08-01 18:00:00,30.4,998.7,85.53649748682237
2023-08-01 21:00:00,29.8,997.9,88.01849942848882
2023-08-02 00:00:00,29.2,998.5,92.18860676693177
2023-08-02 03:00:00,30.8,1000.5,85.5757112364315
2023-08-02 06:00:00,34.0,999.7,72.2666783322714
2023-08-02 09:00:00,32.8,997.5,75.51424951083074
2023-08-02 12:00:00,32.4,997.1,76.78703622110372
2023-08-02 15:00:00,30.2,999.2,79.69205742002245
2023-08-02 18:00:00,28.6,1000.8,87.91868204829599
2023-08-02 21:00:00,27.8,1000.2,92.11072068322818
2023-08-03 00:00:00,27.2,1001.3,95.40267171979633
2023-08-03 03:00:00,28.8,1002.4,90.55942797559786
2023-08-03 06:00:00,30.4,1001.3,82.58284223811447
2023-08-03 09:00:00,32.8,999.2,70.38545749833996
2023-08-03 12:00:00,30.4,1000.1,86.54134775739186
2023-08-03 15:00:00,28.2,1002.7,93.77172585847173
2023-08-03 18:00:00,27.6,1003.1,95.41595470562915
2023-08-03 21:00:00,27.4,1002.9,95.40932035991787
2023-08-04 00:00:00,27.0,1002.7,96.5292760949642
2023-08-04 03:00:00,28.4,1004.4,90.53286192976505
2023-08-04 06:00:00,29.0,1004.5,86.41175942849821
2023-08-04 09:00:00,31.2,1002.3,77.51519693628545
2023-08-04 12:00:00,30.6,1002.0,82.60607945629376
2023-08-04 15:00:00,27.6,1004.9,88.88427217188078
2023-08-04 18:00:00,27.4,1005.1,90.46596324112937
2023-08-04 21:00:00,27.0,1004.8,92.06569807815053
2023-08-05 00:00:00,27.0,1004.0,92.06569807815053
2023-08-05 03:00:00,30.0,1005.4,76.88217771852533
2023-08-05 06:00:00,32.2,1004.3,70.27643339934488
2023-08-05 09:00:00,31.2,1001.9,76.157651318818
2023-08-05 12:00:00,31.0,1001.6,77.03079038177704
2023-08-05 15:00:00,28.4,1003.6,88.94616815571688
2023-08-05 18:00:00,28.6,1003.0,90.54615869442738
2023-08-06 00:00:00,26.6,1001.3,96.51914127003087
2023-08-06 03:00:00,28.0,1002.0,93.76280556198172
2023-08-06 06:00:00,31.2,1000.3,77.51519693628545
2023-08-06 09:00:00,32.0,998.3,73.63761837389029
2023-08-06 12:00:00,27.8,998.3,92.11072068322818
2023-08-06 15:00:00,28.4,999.7,92.14424033203443
2023-08-06 21:00:00,28.0,999.0,93.76280556198172
2023-08-07 00:00:00,27.4,997.5,96.53936698995483
2023-08-07 03:00:00,29.0,998.8,92.17754994106518
2023-08-07 06:00:00,31.6,997.1,74.88472135092377
2023-08-07 09:00:00,33.0,995.0,64.44613125580591
2023-08-07 12:00:00,27.6,996.3,95.41595470562915
2023-08-07 18:00:00,27.4,998.4,96.53936698995483
2023-08-07 21:00:00,27.0,997.9,96.5292760949642
2023-08-08 00:00:00,27.2,998.0,98.25380968140279
2023-08-08 03:00:00,29.0,999.2,86.41175942849821
2023-08-08 06:00:00,32.2,999.0,76.30955739524246
2023-08-08 09:00:00,33.0,997.2,72.94417143512577
2023-08-08 12:00:00,31.2,998.3,81.23924051845427
2023-08-08 15:00:00,26.4,1002.3,96.51405730461323
2023-08-08 18:00:00,26.299999999999997,1003.1,97.37748970903742
2023-08-08 21:00:00,26.2,1002.3,98.24092211346162
2023-08-09 00:00:00,26.6,1003.9,98.24609415561163
2023-08-09 03:00:00,28.4,1005.3,90.53286192976505
2023-08-09 06:00:00,31.2,1004.8,77.51519693628545
2023-08-09 09:00:00,32.4,1003.0,74.13743365834232
2023-08-09 12:00:00,30.6,1002.5,78.34767637456054
2023-08-09 15:00:00,29.4,1004.4,89.54556000162309
2023-08-09 18:00:00,28.8,1004.5,92.16646996907035
2023-08-09 21:00:00,28.0,1004.2,93.76280556198172
2023-08-10 00:00:00,28.4,1004.8,93.78062725022617
2023-08-10 03:00:00,31.0,1006.0,81.21443360821415
2023-08-10 06:00:00,33.0,1005.7,66.78088716309055
2023-08-10 09:00:00,27.6,1004.5,90.47939854432097
2023-08-10 15:00:00,28.8,1006.2,90.55942797559786
2023-08-10 18:00:00,27.8,1006.5,93.7538663078413
2023-08-10 21:00:00,27.0,1006.1,95.39600874452509
2023-08-11 00:00:00,27.4,1004.7,93.73593071403404
2023-08-11 03:00:00,30.8,1005.6,78.37581423848806
2023-08-11 06:00:00,32.4,1004.5,67.85998060995067
2023-08-11 09:00:00,32.0,1001.8,79.0033862804747
2023-08-11 12:00:00,31.2,1001.4,77.51519693628545
2023-08-11 15:00:00,29.8,1003.5,83.49088910584811
2023-08-11 18:00:00,28.8,1003.6,89.50172004038727
2023-08-11 21:00:00,28.2,1001.9,88.93074165144274
2023-08-12 00:00:00,28.0,1002.2,93.76280556198172
2023-08-12 03:00:00,30.4,1003.5,81.13972960661955
2023-08-12 06:00:00,31.2,1002.5,77.51519693628545
2023-08-12 09:00:00,33.2,998.7,70.45783465512956
2023-08-12 12:00:00,31.6,999.3,78.94871738353811
2023-08-12 15:00:00,30.2,1001.3,86.52294575570109
2023-08-12 18:00:00,29.0,1002.0,90.57266984744003
2023-08-12 21:00:00,28.2,1001.1,93.77172585847173
2023-08-13 00:00:00,27.6,1002.1,93.74490804295253
2023-08-13 03:00:00,27.6,1005.0,93.74490804295253
2023-08-13 06:00:00,29.4,1005.2,89.54556000162309
2023-08-13 09:00:00,28.0,1003.6,95.42918067606378
2023-08-13 12:00:00,28.4,1002.8,92.14424033203443
2023-08-13 15:00:00,27.8,1005.2,94.86347768339076
2023-08-13 18:00:00,27.4,1005.4,95.40932035991787
2023-08-13 21:00:00,27.4,1005.0,95.40932035991787
2023-08-14 00:00:00,27.0,1004.3,95.39600874452509
2023-08-14 03:00:00,31.2,1005.9,77.51519693628545
2023-08-14 06:00:00,33.4,1004.9,67.25543915862544
2023-08-14 09:00:00,32.0,1002.6,72.34703340707203
2023-08-14 12:00:00,28.0,1002.3,88.91528354225218
2023-08-14 15:00:00,27.8,1003.4,92.11072068322818
2023-08-14 18:00:00,27.6,1004.4,93.74490804295253
2023-08-14 21:00:00,27.4,1003.9,93.73593071403404
2023-08-15 00:00:00,26.6,1003.7,93.69982968596882
2023-08-15 03:00:00,30.8,1005.3,73.00291172196927
2023-08-15 06:00:00,33.8,1004.4,66.15514213531858
2023-08-15 09:00:00,34.2,1002.2,65.46087940474851
2023-08-15 12:00:00,32.4,1001.3,72.8428529693439
2023-08-15 15:00:00,30.4,1003.9,85.53649748682237
2023-08-15 18:00:00,29.6,1004.6,89.56011356164207
2023-08-15 21:00:00,29.0,1003.3,92.17754994106518
2023-08-16 00:00:00,28.6,1004.0,92.1553667873356
2023-08-16 03:00:00,30.4,1005.5,81.13972960661955
2023-08-16 06:00:00,33.8,1004.9,64.9948432310438
2023-08-16 09:00:00,34.6,1001.2,67.88429230577138
2023-08-16 12:00:00,32.4,1001.6,74.13743365834232
2023-08-16 15:00:00,29.0,1004.8,84.89506306062921
2023-08-16 18:00:00,28.2,1005.5,88.93074165144274
2023-08-16 21:00:00,27.6,1005.1,90.47939854432097
2023-08-17 00:00:00,27.2,1004.5,93.72693426762005
2023-08-17 03:00:00,33.4,1005.1,69.67179428866176
2023-08-17 06:00:00,35.2,1003.8,61.561526455285076
2023-08-17 09:00:00,36.0,1000.5,54.5432379644633
2023-08-17 12:00:00,31.4,1001.5,72.24352874821913
2023-08-17 15:00:00,28.0,1004.2,92.12191734434786
2023-08-17 18:00:00,27.8,1004.7,93.7538663078413
2023-08-17 21:00:00,27.8,1004.2,93.7538663078413
2023-08-18 00:00:00,27.6,1004.2,93.74490804295253
2023-08-18 03:00:00,30.8,1005.6,81.1895795616241
2023-08-18 06:00:00,34.0,1004.8,67.37244576814547
2023-08-18 09:00:00,34.4,1002.7,65.50141485922862
2023-08-18 12:00:00,29.4,1002.9,86.44896966030107
2023-08-18 15:00:00,28.4,1003.4,90.53286192976505
2023-08-18 18:00:00,27.8,1005.8,92.11072068322818
2023-08-18 21:00:00,26.8,1005.2,93.70888380751718
2023-08-19 00:00:00,27.0,1005.5,95.39600874452509
2023-08-19 03:00:00,29.2,1006.9,83.42405706602797
2023-08-19 06:00:00,32.0,1006.6,72.34703340707203
2023-08-19 09:00:00,33.2,1004.3,69.63490751790683
2023-08-19 12:00:00,32.2,1004.0,79.03064484736562
2023-08-19 15:00:00,29.2,1006.6,87.96874224697314
2023-08-19 18:00:00,29.0,1006.5,92.17754994106518
2023-08-19 21:00:00,28.4,1005.4,95.44234995416194
2023-08-20 00:00:00,28.2,1006.8,93.77172585847173
2023-08-20 03:00:00,30.0,1007.4,84.99729439748566
2023-08-20 06:00:00,32.0,1006.9,73.63761837389029
2023-08-20 09:00:00,34.0,1003.8,66.19513066409054
2023-08-20 12:00:00,32.0,1003.1,74.94828132337592
2023-08-20 15:00:00,29.8,1004.9,79.63860889063328
2023-08-20 18:00:00,29.0,1005.7,90.57266984744003
2023-08-20 21:00:00,28.4,1005.2,93.78062725022617
2023-08-21 00:00:00,27.8,1004.3,93.7538663078413
2023-08-21 03:00:00,31.4,1005.8,76.18814229624397
2023-08-21 06:00:00,32.6,1004.8,70.34917736761386
2023-08-21 09:00:00,34.2,1002.4,67.80744627376714
2023-08-21 12:00:00,29.8,1003.1,81.06459831337503
2023-08-21 15:00:00,29.0,1005.1,87.95208930052544
2023-08-21 18:00:00,28.0,1005.0,92.12191734434786
2023-08-21 21:00:00,28.0,1004.8,92.12191734434786
2023-08-22 00:00:00,27.2,1003.0,93.72693426762005
2023-08-22 03:00:00,28.4,1005.5,90.53286192976505
2023-08-22 06:00:00,28.0,1005.0,95.42918067606378
2023-08-22 09:00:00,28.0,1004.5,85.80667728802291
2023-08-22 12:00:00,27.0,1004.7,92.06569807815053
2023-08-22 15:00:00,26.4,1006.7,96.51405730461323
2023-08-22 18:00:00,26.4,1006.9,96.51405730461323
2023-08-22 21:00:00,26.0,1006.6,98.23832753499846
2023-08-23 00:00:00,25.8,1004.9,100.0
2023-08-23 03:00:00,27.4,1006.1,95.40932035991787
2023-08-23 06:00:00,30.0,1004.7,78.26294962837345
2023-08-23 09:00:00,30.6,1001.4,76.97150804274018
2023-08-23 12:00:00,28.8,1001.5,87.93540259721783
2023-08-23 15:00:00,28.0,1003.5,92.12191734434786
2023-08-23 18:00:00,27.8,1002.8,93.7538663078413
2023-08-23 21:00:00,27.4,1000.0,93.73593071403404
2023-08-24 00:00:00,26.4,1001.6,98.24351098143454
2023-08-24 03:00:00,28.2,1003.1,92.13309053912468
2023-08-24 06:00:00,28.2,1002.6,92.13309053912468
2023-08-24 09:00:00,29.0,1000.2,86.41175942849821
2023-08-24 15:00:00,27.5,1002.3,91.5506830075976
2023-08-24 18:00:00,27.0,1001.7,95.39600874452509
2023-08-24 21:00:00,26.4,1001.1,96.51405730461323
2023-08-25 00:00:00,26.0,1000.7,99.40973135841946
2023-08-25 03:00:00,29.4,1002.3,84.9360766224706
2023-08-25 06:00:00,32.0,1000.9,72.34703340707203
2023-08-25 09:00:00,27.8,999.7,96.54941420693457
2023-08-25 12:00:00,27.8,1000.3,93.7538663078413
2023-08-25 15:00:00,27.4,1002.0,96.53936698995483
2023-08-25 18:00:00,27.2,1002.2,96.53432701791446
2023-08-25 21:00:00,27.2,1002.1,96.53432701791446
2023-08-26 00:00:00,26.6,1000.2,98.24609415561163
2023-08-26 03:00:00,28.4,1002.1,92.14424033203443
2023-08-26 06:00:00,29.2,1001.4,90.58588438387352
2023-08-26 09:00:00,30.0,999.2,88.03501822943302
2023-08-26 12:00:00,28.6,999.5,90.54615869442738
2023-08-26 15:00:00,27.6,1001.2,93.74490804295253
2023-08-26 18:00:00,27.4,1001.7,95.40932035991787
2023-08-26 21:00:00,26.8,1001.0,95.38933139322062
2023-08-27 00:00:00,27.0,1001.0,96.5292760949642
2023-08-27 03:00:00,27.2,1001.7,93.72693426762005
2023-08-27 06:00:00,29.8,1000.7,83.49088910584811
2023-08-27 09:00:00,30.4,998.6,79.71870652103674
2023-08-27 12:00:00,27.2,998.8,93.72693426762005
2023-08-27 15:00:00,26.4,1001.0,96.51405730461323
2023-08-27 18:00:00,26.6,1001.4,96.51914127003087
2023-08-27 21:00:00,26.4,1000.9,96.51405730461323
2023-08-28 00:00:00,26.0,1001.1,98.23832753499846
2023-08-28 03:00:00,28.2,1003.3,92.13309053912468
2023-08-28 06:00:00,30.6,1002.7,79.74530566981048
2023-08-28 09:00:00,32.8,1000.1,79.11211842158119
2023-08-28 12:00:00,31.0,1000.9,82.65241993308152
2023-08-28 15:00:00,27.8,1003.3,87.33135888966177
2023-08-28 18:00:00,27.0,1003.9,92.06569807815053
2023-08-28 21:00:00,26.2,1003.5,94.80376584735212
2023-08-29 00:00:00,25.6,1004.8,94.78110774663195
2023-08-29 03:00:00,29.8,1005.6,78.23460259362332
2023-08-29 06:00:00,32.0,1004.5,68.5931528079531
2023-08-29 09:00:00,33.0,1002.2,69.59795919419557
2023-08-29 12:00:00,31.2,1001.8,73.50477620307173
2023-08-29 15:00:00,28.8,1004.7,89.50172004038727
2023-08-29 18:00:00,27.8,1005.5,93.7538663078413
2023-08-29 21:00:00,27.0,1005.0,95.39600874452509
2023-08-30 00:00:00,26.0,1005.3,94.79622941585653
2023-08-30 03:00:00,31.0,1006.3,74.7889561009917
2023-08-30 06:00:00,34.0,1005.2,60.21481737086436
2023-08-30 09:00:00,35.0,1002.6,60.081903913300884
2023-08-30 12:00:00,32.4,1003.0,70.31283604150148
2023-08-30 15:00:00,28.8,1004.6,84.87449545917907
2023-08-30 18:00:00,28.6,1005.6,88.96156313904507
2023-08-30 21:00:00,27.6,1004.9,92.09950049107172
2023-08-31 00:00:00,27.4,1006.5,95.40932035991787
2023-08-31 03:00:00,32.0,1007.7,73.63761837389029
2023-08-31 06:00:00,35.0,1006.3,61.15610416717985
2023-08-31 09:00:00,35.0,1003.0,57.98288887223963
2023-08-31 15:00:00,29.4,1005.2,84.9360766224706
2023-08-31 18:00:00,28.2,1005.8,90.51953760720181
2023-08-31 21:00:00,27.8,1004.8,93.7538663078413
2023-09-01 00:00:00,27.4,1005.9,93.73593071403404
2023-09-01 03:00:00,32.0,1007.3,73.63761837389029
2023-09-01 06:00:00,34.8,1006.1,67.92262186231758
2023-09-01 09:00:00,34.0,1002.7,61.663754542437346
2023-09-01 12:00:00,30.0,1003.0,79.66535824918688
2023-09-01 15:00:00,29.2,1005.0,87.96874224697314
2023-09-01 18:00:00,28.2,1005.5,90.51953760720181
2023-09-01 21:00:00,27.4,1004.7,95.40932035991787
2023-09-02 00:00:00,27.0,1004.2,95.39600874452509
2023-09-02 03:00:00,31.0,1006.5,82.65241993308152
2023-09-02 06:00:00,33.0,1004.8,72.94417143512577
2023-09-02 09:00:00,34.2,1001.6,66.2350556156083
2023-09-02 12:00:00,31.8,1001.4,76.24895936494288
2023-09-02 15:00:00,30.0,1004.3,88.03501822943302
2023-09-02 18:00:00,28.6,1004.9,92.1553667873356
2023-09-02 21:00:00,27.6,1004.4,93.74490804295253
2023-09-03 00:00:00,27.6,1004.5,95.41595470562915
2023-09-03 03:00:00,33.0,1004.6,83.35994494676017
2023-09-03 06:00:00,35.2,1002.6,66.8220909760311
2023-09-03 09:00:00,36.8,999.3,61.191632549338095
2023-09-03 12:00:00,34.0,998.4,67.37244576814547
2023-09-03 15:00:00,31.2,1001.4,78.89384535394599
2023-09-03 18:00:00,30.2,1003.4,89.60359607240078
2023-09-03 21:00:00,29.2,1002.9,93.81604482183465
2023-09-04 00:00:00,28.8,1003.1,93.7983735302794
2023-09-04 03:00:00,33.2,1004.2,78.25501278200157
2023-09-04 06:00:00,36.2,1002.7,62.14072879051603
2023-09-04 09:00:00,37.6,999.9,53.65040916887702
2023-09-04 12:00:00,30.4,1000.3,70.36635155961307
2023-09-04 15:00:00,28.2,1002.6,88.93074165144274
2023-09-04 18:00:00,27.8,1003.2,88.89979374390309
2023-09-05 00:00:00,27.2,1003.4,87.27855968744687
2023-09-05 03:00:00,33.2,1004.7,66.03479395995936
2023-09-05 06:00:00,36.6,1003.3,63.32185874708433
2023-09-05 09:00:00,37.2,1000.9,57.47036914702227
2023-09-05 12:00:00,30.2,1001.0,74.2171474546091
2023-09-05 15:00:00,28.0,1002.5,84.79181717750924
2023-09-05 18:00:00,27.6,1003.7,87.31379479213656
2023-09-05 21:00:00,27.2,1003.1,88.85313336738866
2023-09-06 00:00:00,26.4,1004.2,92.03168153578638
2023-09-06 03:00:00,31.8,1006.1,74.91652960815853
2023-09-06 06:00:00,36.0,1004.5,63.936852268623056
2023-09-06 09:00:00,29.6,1002.4,88.00194722290112
2023-09-06 12:00:00,26.2,1002.2,98.24092211346162
2023-09-06 15:00:00,26.8,1005.1,96.52421418955653
2023-09-06 18:00:00,26.8,1006.1,96.52421418955653
2023-09-06 21:00:00,26.8,1005.5,96.52421418955653
2023-09-07 00:00:00,26.4,1005.1,96.51405730461323
2023-09-07 03:00:00,30.2,1006.6,79.69205742002245
2023-09-07 06:00:00,34.2,1004.9,62.81318702880705
2023-09-07 09:00:00,28.6,1002.5,90.54615869442738
2023-09-07 15:00:00,29.2,1005.6,92.18860676693177
2023-09-07 18:00:00,28.2,1006.8,90.51953760720181
2023-09-07 21:00:00,27.8,1005.9,93.7538663078413
2023-09-08 00:00:00,27.6,1006.8,95.41595470562915
2023-09-08 03:00:00,28.8,1008.8,90.55942797559786
2023-09-08 06:00:00,28.200000000000003,1007.3499999999999,93.55191200905915
2023-09-08 09:00:00,27.6,1005.9,96.54439604252043
2023-09-08 12:00:00,28.0,1004.8,93.76280556198172
2023-09-08 15:00:00,27.4,1006.9,95.40932035991787
2023-09-08 18:00:00,26.6,1007.6,96.51914127003087
2023-09-08 21:00:00,26.0,1007.1,98.23832753499846
2023-09-09 00:00:00,26.2,1006.9,98.24092211346162
2023-09-09 03:00:00,30.4,1008.3,82.58284223811447
2023-09-09 06:00:00,33.8,1006.7,64.9948432310438
2023-09-09 09:00:00,34.6,1002.5,58.933037767250966
2023-09-09 12:00:00,31.8,1002.7,71.04055669606059
2023-09-09 15:00:00,30.0,1004.8,86.50450703984572
2023-09-09 18:00:00,29.0,1005.1,92.17754994106518
2023-09-09 21:00:00,28.6,1004.6,93.78950978997815
2023-09-10 00:00:00,28.0,1003.9,93.76280556198172
2023-09-10 03:00:00,29.6,1005.4,89.56011356164207
2023-09-10 06:00:00,33.4,1004.1,69.67179428866176
2023-09-10 09:00:00,34.8,1001.2,57.936588421156856
2023-09-10 12:00:00,32.0,1000.8,66.1862478230639
2023-09-10 15:00:00,29.8,1002.7,84.97692867892383
2023-09-10 18:00:00,28.2,1003.8,86.33689076158295
2023-09-10 21:00:00,27.6,1003.1,87.31379479213656
2023-09-11 00:00:00,27.4,1002.4,88.86871874139695
2023-09-11 03:00:00,30.6,1004.2,76.97150804274018
2023-09-11 06:00:00,34.4,1002.7,65.50141485922862
2023-09-11 09:00:00,35.2,999.1,61.561526455285076
2023-09-11 12:00:00,30.6,1000.3,79.74530566981048
2023-09-11 15:00:00,28.8,1002.4,89.50172004038727
2023-09-11 18:00:00,28.4,1003.8,88.94616815571688
2023-09-11 21:00:00,27.4,1002.7,90.46596324112937
2023-09-12 00:00:00,27.0,1003.1,92.06569807815053
2023-09-12 03:00:00,30.4,1005.1,71.64060697493404
2023-09-12 06:00:00,33.0,1003.3,69.1892678326449
2023-09-12 09:00:00,34.8,1000.5,64.43878221437471
2023-09-12 12:00:00,32.8,1000.7,74.20237605491754
2023-09-12 15:00:00,29.6,1003.5,84.95652278782288
2023-09-12 18:00:00,28.4,1004.7,87.90192756472376
2023-09-12 21:00:00,27.6,1003.6,88.88427217188078
2023-09-13 00:00:00,27.6,1002.9,93.74490804295253
2023-09-13 03:00:00,31.4,1004.3,82.69858252316531
2023-09-13 06:00:00,35.0,1003.5,63.354980624753985
2023-09-13 09:00:00,34.0,1001.1,76.13839736895406
2023-09-13 12:00:00,31.8,1001.7,69.78813164326573
2023-09-13 15:00:00,29.8,1004.1,84.97692867892383
2023-09-13 18:00:00,29.0,1005.6,84.89506306062921
2023-09-14 00:00:00,27.4,1005.3,92.08825670296545
2023-09-14 03:00:00,31.6,1006.8,76.21857827105511
2023-09-14 06:00:00,34.8,1005.2,65.58229461658019
2023-09-14 09:00:00,36.2,1001.9,62.14072879051603
2023-09-14 12:00:00,26.5,1003.2,93.13977325801062
2023-09-14 15:00:00,26.6,1005.6,94.8187901348208
2023-09-14 18:00:00,26.6,1006.6,94.8187901348208
2023-09-14 21:00:00,26.6,1005.9,94.8187901348208
2023-09-15 00:00:00,27.6,1006.8,93.74490804295253
2023-09-15 03:00:00,31.0,1008.7,78.40390010984709
2023-09-15 06:00:00,34.2,1007.3,66.2350556156083
2023-09-15 09:00:00,35.0,1004.4,62.2470562760692
2023-09-15 12:00:00,32.0,1004.0,81.81208304952762
2023-09-15 15:00:00,29.8,1005.4,83.49088910584811
2023-09-15 18:00:00,28.4,1007.1,90.53286192976505
2023-09-15 21:00:00,27.4,1006.5,93.73593071403404
2023-09-16 00:00:00,26.4,1006.9,96.51405730461323
2023-09-16 03:00:00,31.6,1008.4,69.75114396222972
2023-09-16 06:00:00,35.0,1006.9,60.081903913300884
2023-09-16 09:00:00,36.2,1003.3,56.90141318081153
2023-09-16 12:00:00,33.2,1002.9,64.48770817549526
2023-09-16 15:00:00,30.4,1005.8,85.53649748682237
2023-09-16 18:00:00,28.8,1005.9,89.50172004038727
2023-09-16 21:00:00,28.0,1005.3,92.12191734434786
2023-09-17 00:00:00,27.6,1005.2,92.09950049107172
2023-09-17 03:00:00,32.8,1006.3,72.91045718414733
2023-09-17 06:00:00,34.6,1005.0,65.54188655974544
2023-09-17 09:00:00,36.4,1000.8,56.948184707590556
2023-09-17 12:00:00,34.0,1000.3,73.53769175979289
2023-09-17 15:00:00,31.0,1003.9,85.59526014060029
2023-09-17 18:00:00,29.0,1004.3,86.41175942849821
2023-09-17 21:00:00,28.4,1003.6,88.94616815571688
2023-09-18 00:00:00,28.0,1002.8,91.04198796527645
2023-09-18 03:00:00,32.0,1005.8,66.1862478230639
2023-09-18 06:00:00,36.4,1004.1,54.639773451685855
2023-09-18 09:00:00,34.4,1001.6,60.66320841650632
2023-09-18 12:00:00,29.2,1003.3,79.08600581526997
2023-09-18 15:00:00,26.8,1006.3,87.24318141227258
2023-09-18 18:00:00,27.0,1007.1,88.83751596451742
2023-09-18 21:00:00,27.0,1006.6,88.83751596451742
2023-09-19 00:00:00,26.6,1006.6,94.8187901348208
2023-09-19 03:00:00,26.8,1009.1,93.70888380751718
2023-09-19 06:00:00,29.0,1007.8,84.89506306062921
2023-09-19 09:00:00,31.4,1005.2,74.85285642920122
2023-09-19 12:00:00,25.4,1006.7,100.0
2023-09-20 00:00:00,25.0,1009.1,100.0
2023-09-20 03:00:00,27.8,1010.1,90.49280598950578
2023-09-20 06:00:00,30.8,1009.3,77.4570280598591
2023-09-20 09:00:00,31.4,1005.6,74.85285642920122
2023-09-20 12:00:00,28.2,1006.3,87.36638064071765
2023-09-20 15:00:00,27.6,1008.9,95.41595470562915
2023-09-20 18:00:00,26.5,1009.6,95.9464708703928
2023-09-20 21:00:00,26.4,1009.3,96.51405730461323
2023-09-21 00:00:00,26.0,1008.9,96.503856108436
2023-09-21 03:00:00,26.8,1011.0,93.70888380751718
2023-09-21 06:00:00,26.4,1010.6,98.24351098143454
2023-09-21 09:00:00,26.2,1007.7,100.0
2023-09-21 12:00:00,26.0,1008.6,96.503856108436
2023-09-21 15:00:00,25.6,1010.7,98.23312117951836
2023-09-21 18:00:00,25.4,1009.8,98.23050936880627
2023-09-21 21:00:00,25.2,1009.6,98.227891780213
2023-09-22 00:00:00,24.6,1009.3,100.0
2023-09-22 03:00:00,26.0,1011.5,96.503856108436
2023-09-22 06:00:00,28.8,1010.3,83.37928484286573
2023-09-22 09:00:00,31.2,1006.4,70.93306375697343
2023-09-22 12:00:00,29.2,1007.2,79.08600581526997
2023-09-22 15:00:00,27.8,1009.5,92.11072068322818
2023-09-22 18:00:00,27.6,1009.5,92.09950049107172
2023-09-22 21:00:00,27.2,1007.8,93.72693426762005
2023-09-23 00:00:00,26.6,1008.1,94.8187901348208
2023-09-23 03:00:00,29.0,1010.8,83.40169277956687
2023-09-23 06:00:00,31.0,1009.5,74.7889561009917
2023-09-23 09:00:00,29.6,1007.1,71.92976931140687
2023-09-23 12:00:00,28.6,1007.6,90.54615869442738
2023-09-23 15:00:00,27.8,1009.6,93.7538663078413
2023-09-23 18:00:00,27.8,1008.7,89.42805102253857
2023-09-23 21:00:00,26.2,1007.5,94.80376584735212
2023-09-24 00:00:00,25.2,1007.8,96.48331975462109
2023-09-24 03:00:00,29.4,1009.5,77.71354294293734
2023-09-24 06:00:00,32.0,1008.2,67.38029965170892
2023-09-24 09:00:00,30.2,1005.1,74.2171474546091
2023-09-24 12:00:00,28.8,1006.1,86.39309843177878
2023-09-24 15:00:00,27.6,1008.1,87.31379479213656
2023-09-24 18:00:00,27.2,1007.9,93.72693426762005
2023-09-24 21:00:00,26.8,1007.6,93.70888380751718
2023-09-25 00:00:00,26.2,1008.1,96.5089622614157
2023-09-25 03:00:00,28.8,1009.6,81.90716097068722
2023-09-25 06:00:00,31.2,1008.4,70.93306375697343
2023-09-25 09:00:00,32.2,1005.6,66.22646690114202
2023-09-25 12:00:00,29.8,1005.4,81.06459831337503
2023-09-25 15:00:00,27.8,1007.6,92.11072068322818
2023-09-25 18:00:00,27.6,1008.1,93.74490804295253
2023-09-25 21:00:00,27.2,1007.6,95.40267171979633
2023-09-26 00:00:00,26.2,1007.4,96.5089622614157
2023-09-26 03:00:00,30.6,1009.3,79.74530566981048
2023-09-26 06:00:00,33.0,1007.5,69.1892678326449
2023-09-26 09:00:00,34.4,1005.0,62.11744798829246
2023-09-26 12:00:00,29.2,1005.2,83.42405706602797
2023-09-26 15:00:00,27.4,1007.7,87.29619508920601
2023-09-26 18:00:00,26.6,1008.5,90.41194193154737
2023-09-26 21:00:00,26.2,1007.2,92.0202947964304
2023-09-27 00:00:00,26.0,1007.6,93.67255110424425
2023-09-27 03:00:00,32.0,1008.9,72.34703340707203
2023-09-27 06:00:00,33.8,1007.0,67.33350659401705
2023-09-27 09:00:00,34.8,1003.7,57.936588421156856
2023-09-27 12:00:00,31.6,1003.3,76.21857827105511
2023-09-27 15:00:00,29.4,1005.9,86.44896966030107
2023-09-27 18:00:00,28.4,1006.4,90.53286192976505
2023-09-27 21:00:00,27.8,1005.6,93.7538663078413
2023-09-28 00:00:00,27.2,1006.7,93.72693426762005
2023-09-28 03:00:00,32.2,1007.8,72.80896276194781
2023-09-28 06:00:00,34.8,1006.9,63.31273208033373
2023-09-28 09:00:00,35.6,1002.7,60.57132730175924
2023-09-28 18:00:00,28.2,1005.7,88.93074165144274
2023-09-28 21:00:00,27.6,1004.9,92.09950049107172
2023-09-29 00:00:00,27.0,1007.2,93.71791865005993
2023-09-29 03:00:00,32.4,1007.2,76.33977457356784
2023-09-29 06:00:00,35.0,1005.9,67.96088926567721
2023-09-29 09:00:00,34.4,1002.0,67.84590048124622
2023-09-29 12:00:00,30.0,1003.2,76.88217771852533
2023-09-29 15:00:00,27.8,1005.9,85.78717977072007
2023-09-29 18:00:00,27.7,1006.1,91.02298782097043
2023-09-29 21:00:00,27.4,1005.7,92.08825670296545
2023-09-30 00:00:00,28.0,1005.6,92.12191734434786
2023-09-30 03:00:00,30.4,1007.5,84.04833399732397
2023-09-30 06:00:00,33.8,1005.7,69.745383646869
2023-09-30 09:00:00,33.8,1002.8,72.23240224274468
2023-09-30 12:00:00,24.4,1005.6,100.0
2023-09-30 15:00:00,25.4,1006.1,100.0
2023-09-30 18:00:00,25.8,1006.4,100.0
2023-09-30 21:00:00,25.2,1006.1,100.0
2023-10-01 00:00:00,25.8,1005.7,98.23572722928968
2023-10-01 03:00:00,28.6,1007.7,86.37440005285019
2023-10-01 06:00:00,29.4,1006.7,81.97957178446406
2023-10-01 09:00:00,31.0,1003.3,69.22506422320274
2023-10-01 12:00:00,28.6,1003.7,83.35683314726084
2023-10-01 15:00:00,27.8,1006.4,92.11072068322818
2023-10-01 18:00:00,27.4,1006.3,93.73593071403404
2023-10-01 21:00:00,27.0,1005.6,95.39600874452509
2023-10-02 00:00:00,27.2,1006.2,95.40267171979633
2023-10-02 03:00:00,28.6,1008.2,92.1553667873356
2023-10-02 06:00:00,32.4,1006.6,74.13743365834232
2023-10-02 09:00:00,32.6,1003.9,81.88399488069103
2023-10-02 12:00:00,27.4,1004.4,93.73593071403404
2023-10-02 15:00:00,27.2,1007.2,93.72693426762005
2023-10-02 18:00:00,27.0,1007.8,96.5292760949642
2023-10-02 21:00:00,26.8,1007.1,96.52421418955653
2023-10-03 00:00:00,27.0,1007.6,96.5292760949642
2023-10-03 03:00:00,28.4,1009.9,90.53286192976505
2023-10-03 06:00:00,31.0,1008.3,78.40390010984709
2023-10-03 09:00:00,28.0,1006.1,93.76280556198172
2023-10-03 12:00:00,27.4,1006.9,95.40932035991787
2023-10-03 15:00:00,27.0,1009.2,96.5292760949642
2023-10-03 18:00:00,26.6,1008.9,96.51914127003087
2023-10-03 21:00:00,26.2,1008.1,98.24092211346162
2023-10-04 00:00:00,26.0,1009.1,98.23832753499846
2023-10-04 03:00:00,28.2,1011.0,86.33689076158295
2023-10-04 06:00:00,27.2,1010.0,88.85313336738866
2023-10-04 09:00:00,28.8,1007.4,84.87449545917907
2023-10-04 12:00:00,27.2,1008.6,95.40267171979633
2023-10-04 15:00:00,26.8,1010.2,98.24867165262664
2023-10-04 18:00:00,25.2,1009.2,98.227891780213
2023-10-04 21:00:00,25.1,1008.1,97.641587688824
2023-10-05 00:00:00,25.2,1007.6,98.227891780213
2023-10-05 03:00:00,26.4,1009.7,96.51405730461323
2023-10-05 06:00:00,26.4,1008.7,98.24351098143454
2023-10-05 09:00:00,26.4,1006.1,96.51405730461323
2023-10-05 15:00:00,24.8,1007.8,97.63636061031782
2023-10-05 21:00:00,24.5,1006.3,97.63111620620765
2023-10-06 00:00:00,24.2,1006.2,96.45739545380262
2023-10-06 03:00:00,25.4,1008.2,91.42347038708563
2023-10-06 06:00:00,25.6,1008.0,90.34377933678581
2023-10-06 09:00:00,27.4,1005.4,82.72371961951407
2023-10-06 12:00:00,26.0,1005.9,87.17199233244091
2023-10-06 15:00:00,26.0,1007.6,92.00888400052642
2023-10-06 18:00:00,25.2,1007.4,98.227891780213
2023-10-06 21:00:00,25.0,1006.4,100.0
2023-10-07 00:00:00,24.8,1007.7,98.2226392013117
2023-10-07 03:00:00,25.6,1009.8,93.09525743190015
2023-10-07 06:00:00,26.8,1008.3,87.24318141227258
2023-10-07 09:00:00,27.2,1006.1,88.85313336738866
2023-10-07 12:00:00,26.5,1007.1,94.25371341036896
2023-10-07 15:00:00,26.2,1008.9,93.68166338882529
2023-10-07 18:00:00,26.0,1008.3,94.79622941585653
2023-10-07 21:00:00,25.6,1007.1,96.49361034454672
2023-10-08 00:00:00,25.4,1007.8,98.23050936880627
2023-10-08 03:00:00,26.8,1009.6,92.05438311051279
2023-10-08 06:00:00,27.6,1008.8,92.09950049107172
2023-10-08 09:00:00,30.0,1006.4,83.5130798716472
2023-10-08 12:00:00,28.6,1006.9,87.91868204829599
2023-10-08 15:00:00,26.8,1008.9,95.38933139322062
2023-10-08 18:00:00,26.0,1009.0,96.503856108436
2023-10-08 21:00:00,25.6,1008.4,94.78110774663195
2023-10-09 00:00:00,24.6,1008.3,94.74301669819423
2023-10-09 03:00:00,28.4,1010.7,83.33433758376981
2023-10-09 06:00:00,32.0,1009.7,69.82505728068918
2023-10-09 09:00:00,27.8,1007.5,82.77031896665545
2023-10-09 12:00:00,28.0,1007.7,84.79181717750924
2023-10-09 15:00:00,27.4,1010.3,90.46596324112937
2023-10-09 18:00:00,26.2,1010.7,93.68166338882529
2023-10-09 21:00:00,25.4,1009.3,94.77352241613059
2023-10-10 00:00:00,25.2,1003.2,96.48331975462109
2023-10-10 03:00:00,28.4,1013.6,83.33433758376981
2023-10-10 06:00:00,30.2,1011.7,75.55406963834521
2023-10-10 09:00:00,31.2,1008.3,70.93306375697343
2023-10-10 12:00:00,29.0,1008.2,80.48371679996085
2023-10-10 15:00:00,27.6,1010.5,90.47939854432097
2023-10-10 18:00:00,27.0,1010.3,93.71791865005993
2023-10-10 21:00:00,26.6,1009.1,94.8187901348208
2023-10-11 00:00:00,26.2,1009.9,94.80376584735212
2023-10-11 03:00:00,28.2,1012.1,81.83433063230953
2023-10-11 06:00:00,31.8,1010.3,68.55505992605102
2023-10-11 09:00:00,33.0,1007.6,62.18308645409979
2023-10-11 12:00:00,29.8,1008.5,83.49088910584811
2023-10-11 15:00:00,28.0,1010.9,92.12191734434786
2023-10-11 18:00:00,27.0,1011.3,92.06569807815053
2023-10-11 21:00:00,26.4,1009.5,94.81128607168019
2023-10-12 00:00:00,25.8,1011.6,94.78867673105134
2023-10-12 03:00:00,28.4,1013.7,83.33433758376981
2023-10-12 06:00:00,32.2,1012.3,70.27643339934488
2023-10-12 09:00:00,32.6,1009.5,64.36278271700262
2023-10-12 12:00:00,30.0,1010.3,79.66535824918688
2023-10-12 15:00:00,25.2,1013.2,93.07533521182425
2023-10-12 18:00:00,25.0,1012.7,91.39891921824884
2023-10-12 21:00:00,24.8,1011.5,91.38660473195172
2023-10-13 00:00:00,23.8,1013.9,94.71224568260264
2023-10-13 03:00:00,27.6,1016.0,78.39069896683198
2023-10-13 06:00:00,31.2,1014.1,68.4404025650585
2023-10-13 09:00:00,32.0,1010.6,61.59314569456349
2023-10-13 12:00:00,29.0,1011.0,79.0585121873896
2023-10-13 15:00:00,26.0,1012.8,93.67255110424425
2023-10-13 18:00:00,25.2,1012.9,91.41120774609278
2023-10-13 21:00:00,24.8,1012.1,89.74414366257271
2023-10-14 00:00:00,24.6,1013.2,93.04529191975669
2023-10-14 03:00:00,26.8,1015.1,85.68910507577876
2023-10-14 06:00:00,29.4,1013.3,73.6429959001216
2023-10-14 09:00:00,30.8,1010.1,69.18743090524858
2023-10-14 12:00:00,27.6,1010.2,82.7470419948832
2023-10-14 15:00:00,25.2,1011.7,91.41120774609278
2023-10-14 18:00:00,24.4,1011.5,93.03523459227986
2023-10-14 21:00:00,24.0,1010.2,94.71996347442106
2023-10-15 00:00:00,22.8,1011.7,94.67340418187906
2023-10-15 03:00:00,27.0,1013.8,81.19652945190819
2023-10-15 06:00:00,30.4,1011.7,66.66180868247822
2023-10-15 09:00:00,31.6,1008.8,60.03485302219658
2023-10-15 12:00:00,28.2,1009.1,77.5385748300523
2023-10-15 15:00:00,25.0,1011.2,91.39891921824884
2023-10-15 18:00:00,23.6,1011.5,92.9947891827328
2023-10-15 21:00:00,23.2,1010.7,94.6889914839052
2023-10-16 00:00:00,22.0,1013.2,94.64202501465911
2023-10-16 03:00:00,26.4,1015.3,84.11596226208941
2023-10-16 06:00:00,31.0,1013.1,66.78169156880611
2023-10-16 09:00:00,31.8,1010.3,58.99875377243572
2023-10-16 12:00:00,28.6,1010.7,73.50891633549199
2023-10-16 15:00:00,26.0,1012.4,92.00888400052642
2023-10-16 18:00:00,25.0,1012.2,91.39891921824884
2023-10-16 21:00:00,24.6,1011.3,93.04529191975669
2023-10-17 00:00:00,22.8,1013.5,96.42062016554186
2023-10-17 03:00:00,26.2,1015.5,90.38476214988123
2023-10-17 06:00:00,31.4,1012.7,67.26247234040332
2023-10-17 09:00:00,32.0,1010.3,60.12540926930006
2023-10-17 12:00:00,29.4,1010.9,77.71354294293734
2023-10-17 15:00:00,26.2,1012.5,88.7747243479242
2023-10-17 18:00:00,24.8,1012.8,91.38660473195172
2023-10-17 21:00:00,23.6,1013.2,92.9947891827328
2023-10-18 00:00:00,23.0,1013.7,94.6812063155598
2023-10-18 03:00:00,21.8,1016.4,84.65450513861175
2023-10-18 06:00:00,30.8,1013.8,69.18743090524858
2023-10-18 09:00:00,31.8,1011.0,54.17441650106471
2023-10-18 12:00:00,28.4,1011.1,78.97572139747378
2023-10-18 15:00:00,24.6,1013.4,93.04529191975669
2023-10-18 18:00:00,24.0,1013.6,93.01505522924245
2023-10-18 21:00:00,23.6,1012.7,94.70451111903132
2023-10-19 00:00:00,22.6,1013.7,94.66558503403643
2023-10-19 03:00:00,27.2,1016.0,82.70035172790627
2023-10-19 06:00:00,31.0,1014.5,64.4141386029017
2023-10-19 09:00:00,31.4,1011.6,56.445824525394414
2023-10-19 12:00:00,28.2,1012.2,76.15120458899845
2023-10-19 15:00:00,26.0,1013.7,87.17199233244091
2023-10-19 18:00:00,24.0,1014.9,91.33708576167582
2023-10-19 21:00:00,23.2,1014.1,94.6889914839052
2023-10-20 00:00:00,22.4,1014.9,96.41000840186356
2023-10-20 03:00:00,27.3,1016.8,77.87578750434237
2023-10-20 06:00:00,30.8,1014.5,62.83365155694164
2023-10-20 09:00:00,31.6,1011.8,58.95264595485285
2023-10-20 12:00:00,28.2,1012.1,78.94802076163292
2023-10-20 15:00:00,26.0,1014.4,88.7589455109383
2023-10-20 18:00:00,24.6,1015.1,91.37426421535667
2023-10-20 21:00:00,24.2,1014.2,93.02515571569042
2023-10-21 00:00:00,21.8,1015.5,96.39400261837231
2023-10-21 03:00:00,27.4,1017.4,71.10383243626453
2023-10-21 06:00:00,30.6,1015.0,65.50658692237978
2023-10-21 09:00:00,31.8,1012.3,55.51617347239948
2023-10-21 12:00:00,28.4,1012.9,71.71785815951927
2023-10-21 15:00:00,25.6,1015.2,87.13618000678832
2023-10-21 18:00:00,24.0,1015.5,91.33708576167582
2023-10-21 21:00:00,23.2,1013.8,92.97443596255128
2023-10-22 00:00:00,22.0,1015.9,92.91284830656912
2023-10-22 03:00:00,26.4,1017.6,79.65835252904961
2023-10-22 06:00:00,31.0,1015.0,65.58856385714532
2023-10-22 09:00:00,31.2,1011.9,58.5027997016778
2023-10-22 12:00:00,28.6,1012.6,72.18874813372028
2023-10-22 15:00:00,25.6,1015.1,88.72729010944434
2023-10-22 18:00:00,24.8,1015.0,91.38660473195172
2023-10-22 21:00:00,24.0,1014.0,93.01505522924245
2023-10-23 00:00:00,22.8,1015.0,92.95399507508202
2023-10-23 03:00:00,26.0,1015.9,82.55918218789247
2023-10-23 06:00:00,29.6,1013.8,71.07014207384191
2023-10-23 09:00:00,31.4,1010.8,54.07572802922947
2023-10-23 12:00:00,27.6,1011.5,74.23649168800932
2023-10-23 15:00:00,26.0,1013.3,84.07244076824206
2023-10-23 18:00:00,24.8,1013.8,88.12759322404811
2023-10-23 21:00:00,23.8,1013.2,93.00493307197942
2023-10-24 00:00:00,23.4,1013.0,94.69675973556869
2023-10-24 03:00:00,26.6,1014.6,79.6854136873141
2023-10-24 06:00:00,30.4,1012.4,67.87721438855921
2023-10-24 09:00:00,30.0,1010.0,67.39116386417841
2023-10-24 12:00:00,24.8,1011.1,83.42994899232998
2023-10-24 15:00:00,23.2,1012.5,94.1144205658567
2023-10-24 18:00:00,23.0,1011.9,92.96422650821278
2023-10-24 21:00:00,22.4,1011.1,96.41000840186356
2023-10-25 00:00:00,23.8,1012.2,94.71224568260264
2023-10-25 03:00:00,27.0,1014.4,78.30518483755301
2023-10-25 06:00:00,30.6,1012.5,62.79033585952567
2023-10-25 09:00:00,31.4,1010.1,57.48913124065053
2023-10-25 12:00:00,28.0,1010.8,72.96396353006286
2023-10-25 15:00:00,25.6,1013.0,82.01145278638
2023-10-25 18:00:00,24.6,1012.8,88.1108765345105
2023-10-25 21:00:00,23.6,1012.4,91.3121686462366
2023-10-26 00:00:00,23.0,1012.3,94.6812063155598
2023-10-26 03:00:00,27.4,1015.4,75.567708226779
2023-10-26 06:00:00,30.6,1013.8,62.79033585952567
2023-10-26 09:00:00,31.8,1010.9,54.17441650106471
2023-10-26 12:00:00,28.0,1011.4,71.64672861133928
2023-10-26 15:00:00,24.2,1013.5,86.48011646915207
2023-10-26 18:00:00,23.6,1013.6,89.65628406436801
2023-10-26 21:00:00,23.0,1012.8,92.96422650821278
2023-10-27 00:00:00,22.0,1013.8,94.64202501465911
2023-10-27 03:00:00,27.4,1016.2,75.567708226779
2023-10-27 06:00:00,30.4,1014.0,62.74695361986276
2023-10-27 09:00:00,31.2,1010.9,59.58083797061803
2023-10-27 12:00:00,27.2,1011.1,76.92377783448977
2023-10-27 15:00:00,24.8,1012.8,88.12759322404811
2023-10-27 18:00:00,24.0,1013.7,91.33708576167582
2023-10-27 21:00:00,23.2,1013.0,94.6889914839052
2023-10-28 00:00:00,21.0,1014.3,94.60241342456621
2023-10-28 03:00:00,25.8,1016.5,80.55257262849392
2023-10-28 06:00:00,30.2,1014.3,60.08231213848365
2023-10-28 09:00:00,31.2,1011.1,55.03175537814078
2023-10-28 12:00:00,27.6,1011.5,71.57535111923292
2023-10-28 15:00:00,24.2,1014.2,89.70035155341864
2023-10-28 18:00:00,23.4,1014.2,91.29967042540224
2023-10-28 21:00:00,22.8,1013.4,92.95399507508202
2023-10-29 00:00:00,20.8,1013.7,96.36708897021879
2023-10-29 03:00:00,27.0,1015.8,76.8936310454662
2023-10-29 06:00:00,30.8,1013.9,61.70099247044744
2023-10-29 09:00:00,31.4,1011.0,61.08987992237482
2023-10-29 12:00:00,27.6,1012.0,69.84804373904335
2023-10-29 15:00:00,23.4,1014.0,89.64153331568741
2023-10-29 18:00:00,22.2,1014.5,84.17230815633675
2023-10-29 21:00:00,21.6,1012.7,85.69563499959355
2023-10-30 00:00:00,20.4,1013.8,93.40928587534727
2023-10-30 03:00:00,26.0,1016.7,76.27392919082712
2023-10-30 06:00:00,30.2,1014.5,63.85719380100154
2023-10-30 09:00:00,31.6,1011.6,53.13694270651922
2023-10-30 12:00:00,27.8,1012.3,71.61107092213882
2023-10-30 15:00:00,24.4,1015.1,86.49898460860861
2023-10-30 18:00:00,22.4,1015.5,96.41000840186356
2023-10-30 21:00:00,21.6,1015.1,96.3886437157889
2023-10-31 00:00:00,20.4,1016.5,94.57843733317726
2023-10-31 03:00:00,27.2,1018.1,75.99619656068727
2023-10-31 06:00:00,31.2,1016.1,62.164195185628046
2023-10-31 09:00:00,32.0,1013.3,53.2366666229233
2023-10-31 12:00:00,28.0,1014.3,72.96396353006286
2023-10-31 15:00:00,25.6,1015.7,83.520391036621
2023-10-31 18:00:00,23.6,1015.9,91.3121686462366
2023-10-31 21:00:00,22.2,1015.7,94.64989549968918
2023-11-01 00:00:00,21.2,1016.3,98.17430000606501
2023-11-01 03:00:00,27.0,1017.9,75.50441651181359
2023-11-01 06:00:00,30.8,1015.9,64.3721697153576
2023-11-01 09:00:00,32.2,1013.1,50.11093393474899
2023-11-01 12:00:00,28.0,1013.5,74.30236303611937
2023-11-01 15:00:00,23.8,1015.3,86.44226467052783
2023-11-01 18:00:00,22.2,1014.9,92.9231682794469
2023-11-01 21:00:00,21.0,1014.8,94.60241342456621
2023-11-02 00:00:00,20.4,1015.1,96.3562396245616
2023-11-02 03:00:00,26.6,1016.8,76.36659730018178
2023-11-02 06:00:00,31.0,1013.7,59.53505705723449
2023-11-02 09:00:00,32.0,1011.3,48.83593138119181
2023-11-02 12:00:00,27.8,1011.6,72.92965355193031
2023-11-02 15:00:00,23.8,1012.8,86.44226467052783
2023-11-02 18:00:00,22.4,1013.4,91.23677973971499
2023-11-02 21:00:00,22.0,1012.8,92.91284830656912
2023-11-03 00:00:00,21.4,1013.1,94.61831009329433
2023-11-03 03:00:00,25.4,1015.0,81.98706192459
2023-11-03 06:00:00,30.0,1012.6,58.58138510397075
2023-11-03 09:00:00,31.2,1009.6,55.03175537814078
2023-11-03 12:00:00,27.0,1010.0,76.8936310454662
2023-11-03 15:00:00,23.8,1011.9,88.04366400310334
2023-11-03 18:00:00,22.4,1012.0,91.23677973971499
2023-11-03 21:00:00,21.6,1011.2,94.62623236125361
2023-11-04 00:00:00,20.6,1012.2,96.36167032455968
2023-11-04 03:00:00,25.2,1014.1,79.00924587469251
2023-11-04 06:00:00,30.4,1012.5,62.74695361986276
2023-11-04 09:00:00,31.2,1009.7,56.05359172338208
2023-11-04 12:00:00,27.2,1010.3,76.92377783448977
2023-11-04 15:00:00,24.4,1012.5,88.0941253601151
2023-11-04 18:00:00,24.2,1013.2,89.70035155341864
2023-11-04 21:00:00,23.4,1012.7,92.98462350012163
2023-11-05 00:00:00,22.0,1014.5,94.64202501465911
2023-11-05 03:00:00,24.8,1017.2,81.91360302673357
2023-11-05 06:00:00,28.6,1015.8,70.46084618703307
2023-11-05 09:00:00,29.4,1012.9,59.53202238671283
2023-11-05 12:00:00,25.0,1013.8,80.44778939452424
2023-11-05 15:00:00,22.6,1016.0,91.24941140171894
2023-11-05 18:00:00,21.4,1015.8,94.61831009329433
2023-11-05 21:00:00,20.8,1015.3,96.36708897021879
2023-11-06 00:00:00,20.0,1016.0,96.3453419192486
2023-11-06 03:00:00,24.0,1018.1,83.33878752130364
2023-11-06 06:00:00,29.0,1015.3,61.67879224265577
2023-11-06 09:00:00,29.6,1012.6,54.63879144543691
2023-11-06 12:00:00,26.0,1012.8,84.07244076824206
2023-11-06 15:00:00,22.8,1014.8,89.59709513251278
2023-11-06 21:00:00,20.6,1014.4,95.17497305529534
2023-11-07 00:00:00,19.2,1014.6,96.32340028393683
2023-11-07 03:00:00,24.8,1017.0,80.42146721617324
2023-11-07 06:00:00,28.6,1014.3,63.906136265197986
2023-11-07 09:00:00,29.6,1011.3,57.06157172075657
2023-11-07 12:00:00,26.2,1011.5,76.30487547759344
2023-11-07 15:00:00,23.4,1013.2,88.00984897364455
2023-11-07 18:00:00,22.0,1012.9,92.91284830656912
2023-11-07 21:00:00,20.8,1012.3,96.36708897021879
2023-11-08 00:00:00,20.6,1013.9,94.58644690960507
2023-11-08 03:00:00,24.4,1015.6,84.9292101215455
2023-11-08 06:00:00,28.6,1013.5,63.906136265197986
2023-11-08 09:00:00,30.2,1010.8,52.78587755627143
2023-11-08 12:00:00,26.0,1012.2,74.88452551485119
2023-11-08 15:00:00,23.2,1013.7,86.38519664977352
2023-11-08 18:00:00,21.4,1013.9,90.6098629586287
2023-11-08 21:00:00,20.2,1013.3,94.57041014289584
2023-11-09 00:00:00,19.0,1014.2,96.31788420104945
2023-11-09 03:00:00,24.4,1016.1,83.38445864005315
2023-11-09 06:00:00,29.4,1014.2,58.0813190585354
2023-11-09 09:00:00,30.0,1012.1,52.73546662209652
2023-11-09 12:00:00,26.0,1013.0,76.27392919082712
2023-11-09 15:00:00,22.4,1015.1,89.56731388016964
2023-11-09 18:00:00,21.2,1015.3,92.87134485887553
2023-11-09 21:00:00,20.4,1014.8,96.3562396245616
2023-11-10 00:00:00,19.0,1015.9,96.31788420104945
2023-11-10 03:00:00,24.0,1018.4,79.82128066340769
2023-11-10 06:00:00,29.0,1016.0,62.82580292280707
2023-11-10 09:00:00,29.4,1013.0,55.617075987669494
2023-11-10 12:00:00,25.0,1013.8,75.65014160748107
2023-11-10 15:00:00,22.6,1016.0,89.58222014288508
2023-11-10 18:00:00,21.0,1016.1,90.58269290087725
2023-11-10 21:00:00,20.4,1015.7,92.82948065720154
2023-11-11 00:00:00,19.0,1015.7,96.31788420104945
2023-11-11 03:00:00,24.0,1018.4,78.3540921272656
2023-11-11 06:00:00,29.0,1015.8,61.67879224265577
2023-11-11 09:00:00,29.4,1013.0,52.25595491573255
2023-11-11 12:00:00,25.4,1014.1,74.3271201935749
2023-11-11 15:00:00,22.6,1016.2,87.40087535726879
2023-11-11 18:00:00,21.4,1016.0,90.6098629586287
2023-11-11 21:00:00,20.4,1015.5,94.57843733317726
2023-11-12 00:00:00,19.4,1016.8,96.32890406093485
2023-11-12 03:00:00,24.6,1018.7,80.39509424447246
2023-11-12 06:00:00,29.2,1016.7,64.42644761526883
2023-11-12 09:00:00,30.4,1013.7,54.16202439894491
2023-11-12 12:00:00,26.8,1014.5,72.3130352999761
2023-11-12 15:00:00,22.0,1016.6,87.34731863549206
2023-11-12 18:00:00,20.8,1015.7,92.27543367040356
2023-11-12 21:00:00,20.8,1015.1,90.5690644355442
2023-11-13 00:00:00,18.4,1016.9,96.30126175172418
2023-11-13 03:00:00,24.2,1019.2,76.94107668815431
2023-11-13 06:00:00,28.8,1016.7,61.6342614843269
2023-11-13 09:00:00,29.8,1013.3,50.114430384287324
2023-11-13 12:00:00,25.0,1014.5,75.65014160748107
2023-11-13 15:00:00,21.6,1016.5,88.95389452740015
2023-11-13 18:00:00,19.8,1017.0,93.96560158527643
2023-11-13 21:00:00,19.0,1016.3,97.53180439900943
2023-11-14 00:00:00,18.0,1017.1,95.68370440905488
2023-11-14 03:00:00,24.4,1019.0,78.41167733084453
2023-11-14 06:00:00,29.0,1015.9,61.67879224265577
2023-11-14 09:00:00,30.0,1013.1,58.22241559798186
2023-11-14 12:00:00,26.0,1013.9,71.7285371211518
2023-11-14 15:00:00,22.8,1016.8,85.81544188377062
2023-11-14 18:00:00,20.8,1016.7,96.36708897021879
2023-11-14 21:00:00,20.4,1016.1,98.16329113257757
2023-11-15 00:00:00,18.4,1015.9,95.69663123794629
2023-11-15 03:00:00,23.2,1018.6,77.7522586030719
2023-11-15 06:00:00,28.2,1016.8,63.820534212683214
2023-11-15 09:00:00,30.0,1014.0,55.07749010874436
2023-11-15 12:00:00,25.2,1014.7,72.92833389963405
2023-11-15 15:00:00,22.4,1017.5,89.56731388016964
2023-11-15 18:00:00,21.0,1017.6,92.28669591999777
2023-11-15 21:00:00,20.2,1017.0,94.57041014289584
2023-11-16 00:00:00,19.6,1017.8,98.15218270084362
2023-11-16 03:00:00,24.2,1019.5,76.94107668815431
2023-11-16 06:00:00,27.8,1017.7,64.52631135592681
2023-11-16 09:00:00,28.2,1015.3,53.276813221396324
2023-11-16 12:00:00,25.2,1017.0,77.56785584692332
2023-11-16 15:00:00,22.8,1019.1,89.59709513251278
2023-11-16 18:00:00,21.6,1018.9,91.18598322234278
2023-11-16 21:00:00,20.4,1018.0,94.57843733317726
2023-11-17 00:00:00,21.6,1018.4,92.89214142096014
2023-11-17 03:00:00,22.6,1019.3,89.58222014288508
2023-11-17 06:00:00,24.8,1016.8,77.03212588839541
2023-11-17 09:00:00,24.0,1013.8,84.88741479671322
2023-11-17 12:00:00,22.8,1014.2,79.1623178245659
2023-11-17 15:00:00,22.2,1014.8,85.75572174928098
2023-11-17 18:00:00,21.4,1014.8,87.29342856926559
2023-11-17 21:00:00,20.8,1015.3,94.0099461242288
2023-11-18 00:00:00,19.6,1016.5,93.95667425471608
2023-11-18 03:00:00,21.0,1018.0,83.51354068299872
2023-11-18 06:00:00,25.4,1015.1,69.86503547584091
2023-11-18 09:00:00,27.8,1013.0,60.6525992163582
2023-11-18 12:00:00,23.8,1014.5,78.32521755630039
2023-11-18 15:00:00,21.4,1017.0,88.9380830861729
2023-11-18 18:00:00,20.4,1017.8,94.57843733317726
2023-11-18 21:00:00,19.8,1018.2,94.55430271600915
2023-11-19 00:00:00,17.8,1017.6,95.67721930970805
2023-11-19 03:00:00,23.4,1019.7,77.78185620897757
2023-11-19 06:00:00,27.6,1016.6,63.298675360868906
2023-11-19 09:00:00,29.4,1013.1,57.01373100709789
2023-11-19 12:00:00,25.0,1014.3,75.65014160748107
2023-11-19 15:00:00,22.4,1016.3,89.56731388016964
2023-11-19 18:00:00,21.4,1015.9,92.8817543813387
2023-11-19 21:00:00,20.8,1016.3,94.59443892314145
2023-11-20 00:00:00,18.8,1016.5,98.14097351068713
2023-11-20 03:00:00,23.8,1018.7,81.28712563035198
2023-11-20 06:00:00,28.6,1015.9,65.09275319702243
2023-11-20 09:00:00,30.0,1013.4,57.5102579017241
2023-11-20 12:00:00,25.2,1014.2,88.1609235163349
2023-11-20 15:00:00,22.0,1015.4,88.98541809305104
2023-11-20 18:00:00,20.8,1015.4,92.27543367040356
2023-11-20 21:00:00,20.0,1015.9,96.3453419192486
2023-11-21 00:00:00,18.8,1015.1,96.31235577580728
2023-11-21 03:00:00,25.0,1016.5,78.98125580461064
2023-11-21 06:00:00,29.4,1013.6,58.0813190585354
2023-11-21 09:00:00,30.6,1010.8,50.95223924737435
2023-11-21 12:00:00,24.4,1011.8,79.87545001594653
2023-11-21 15:00:00,21.2,1013.7,90.59629238174392
2023-11-21 18:00:00,20.4,1013.5,90.54172022816981
2023-11-21 21:00:00,20.0,1012.9,92.23014072890136
2023-11-22 00:00:00,19.8,1013.9,93.96560158527643
2023-11-22 03:00:00,22.4,1016.6,87.38305999003406
2023-11-22 06:00:00,26.8,1014.4,63.91522821831225
2023-11-22 09:00:00,28.4,1011.0,59.300770728483876
2023-11-22 12:00:00,24.2,1012.5,81.33784349698335
2023-11-22 15:00:00,21.4,1014.0,88.9380830861729
2023-11-22 18:00:00,20.0,1014.0,93.97450936662143
2023-11-22 21:00:00,19.4,1013.9,96.32890406093485
2023-11-23 00:00:00,18.6,1013.8,96.3068149716104
2023-11-23 03:00:00,23.0,1016.1,82.70996817603475
2023-11-23 06:00:00,27.4,1013.2,67.28568959900366
2023-11-23 09:00:00,28.6,1010.5,57.533446890831016
2023-11-23 12:00:00,24.4,1011.7,76.97148310021424
2023-11-23 15:00:00,21.5,1013.6,88.39514893356466
2023-11-23 18:00:00,19.8,1014.0,92.21875616096395
2023-11-23 21:00:00,19.2,1013.5,93.93876071946539
2023-11-24 00:00:00,17.4,1014.8,98.12111130330491
2023-11-24 03:00:00,23.4,1017.2,74.9242703691049
2023-11-24 06:00:00,28.2,1014.7,59.62356658779815
2023-11-24 09:00:00,29.0,1011.8,54.151080144894756
2023-11-24 12:00:00,24.2,1012.9,76.94107668815431
2023-11-24 15:00:00,21.0,1014.8,88.9063604341973
2023-11-24 18:00:00,19.8,1014.9,92.21875616096395
2023-11-24 21:00:00,19.0,1014.7,96.31788420104945
2023-11-25 00:00:00,17.4,1016.6,95.66420552704284
2023-11-25 03:00:00,23.4,1019.2,79.73963499838084
2023-11-25 06:00:00,28.4,1016.6,56.06903573472428
2023-11-25 09:00:00,28.8,1014.1,55.12527410197304
2023-11-25 12:00:00,23.8,1015.2,74.98967879981456
2023-11-25 15:00:00,19.6,1017.4,90.48668042796811
2023-11-25 18:00:00,18.2,1017.5,92.12678547599367
2023-11-25 21:00:00,17.8,1017.2,93.87543916375934
2023-11-26 00:00:00,15.6,1018.4,95.604915778585
2023-11-26 03:00:00,21.8,1021.3,77.05626826357745
2023-11-26 06:00:00,27.6,1018.4,59.114546352705645
2023-11-26 09:00:00,29.0,1015.1,54.151080144894756
2023-11-26 12:00:00,24.4,1015.5,72.33699619216402
2023-11-26 15:00:00,20.2,1017.3,90.52800432378555
2023-11-26 18:00:00,18.0,1017.9,92.1151763066067
2023-11-26 21:00:00,17.4,1017.4,95.05849186410353
2023-11-27 00:00:00,15.4,1017.4,98.09218170103145
2023-11-27 03:00:00,20.6,1020.0,76.38391108279227
2023-11-27 06:00:00,28.0,1017.4,58.11126126861089
2023-11-27 09:00:00,25.4,1014.0,69.86503547584091
2023-11-27 12:00:00,23.0,1015.1,77.72260499738547
2023-11-27 15:00:00,19.6,1016.2,90.48668042796811
2023-11-27 18:00:00,18.0,1015.9,93.88454500736407
2023-11-27 21:00:00,17.4,1014.7,95.66420552704284
2023-11-28 00:00:00,17.2,1015.2,98.1182479636799
2023-11-28 03:00:00,21.2,1017.5,84.59008042611042
2023-11-28 06:00:00,27.8,1014.9,58.06387612446219
2023-11-28 09:00:00,28.0,1011.8,51.89860867537005
2023-11-28 12:00:00,23.4,1012.6,76.34132933055753
2023-11-28 15:00:00,20.0,1014.2,90.51425911024681
2023-11-28 18:00:00,18.4,1015.3,93.90269655568989
2023-11-28 21:00:00,17.4,1015.1,95.66420552704284
2023-11-29 00:00:00,16.0,1015.5,98.10093011701596
2023-11-29 03:00:00,21.2,1017.4,83.5364376134923
2023-11-29 06:00:00,26.4,1015.2,65.03350399798012
2023-11-29 09:00:00,26.6,1013.5,62.29807222676058
2023-11-29 12:00:00,23.6,1014.1,79.76690260624395
2023-11-29 15:00:00,19.8,1016.8,92.21875616096395
2023-11-29 18:00:00,18.4,1016.8,93.90269655568989
2023-11-29 21:00:00,17.4,1015.8,95.66420552704284
2023-11-30 00:00:00,16.2,1016.8,98.10383293037155
2023-11-30 03:00:00,21.4,1018.8,87.29342856926559
2023-11-30 06:00:00,26.6,1016.7,63.87218705566132
2023-11-30 09:00:00,27.6,1013.5,51.46822082273632
2023-11-30 12:00:00,23.6,1014.8,76.37249952757334
2023-11-30 15:00:00,19.6,1016.6,90.48668042796811
2023-11-30 18:00:00,18.2,1017.0,93.89363078527036
2023-11-30 21:00:00,17.2,1016.4,96.26767962865678
2023-12-01 00:00:00,16.2,1016.5,95.62481239193981
2023-12-01 03:00:00,19.8,1018.6,88.81038774322853
2023-12-01 06:00:00,26.6,1015.1,61.139934561733845
2023-12-01 09:00:00,28.0,1012.0,53.22632223446673
2023-12-01 12:00:00,23.0,1013.3,76.27881450654198
2023-12-01 15:00:00,19.8,1015.4,88.81038774322853
2023-12-01 18:00:00,18.6,1015.6,92.1499281632111
2023-12-01 21:00:00,17.8,1016.1,94.47269117676419
2023-12-02 00:00:00,17.4,1015.3,95.66420552704284
2023-12-02 03:00:00,20.0,1018.5,90.51425911024681
2023-12-02 06:00:00,27.4,1015.7,62.864093985522686
2023-12-02 09:00:00,27.8,1012.9,59.53100351964522
2023-12-02 12:00:00,23.6,1014.3,78.29628816720248
2023-12-02 15:00:00,20.4,1016.4,90.54172022816981
2023-12-02 18:00:00,18.2,1016.3,92.12678547599367
2023-12-02 21:00:00,17.2,1016.0,93.84800065349559
2023-12-03 00:00:00,16.8,1016.5,95.64457524587876
2023-12-03 03:00:00,21.4,1019.0,85.67552411246282
2023-12-03 06:00:00,27.2,1016.1,58.65243412962584
2023-12-03 09:00:00,27.8,1013.0,56.62858157026191
2023-12-03 12:00:00,22.6,1014.2,80.62978631657926
2023-12-03 15:00:00,20.0,1015.2,90.51425911024681
2023-12-03 18:00:00,19.0,1016.4,90.44509053017224
2023-12-03 21:00:00,18.2,1016.2,93.89363078527036
2023-12-04 00:00:00,16.4,1015.4,95.63141481320746
2023-12-04 03:00:00,21.4,1017.7,83.5592885796014
2023-12-04 06:00:00,26.4,1015.2,63.431976186978964
2023-12-04 09:00:00,27.8,1012.1,58.06387612446219
2023-12-04 12:00:00,23.2,1012.7,79.71231483560945
2023-12-04 15:00:00,20.4,1013.9,90.54172022816981
2023-12-04 18:00:00,19.6,1013.5,94.54622237656234
2023-12-04 21:00:00,18.0,1013.4,93.88454500736407
2023-12-05 00:00:00,19.4,1013.8,98.14938989668333
2023-12-05 03:00:00,22.4,1015.6,87.38305999003406
2023-12-05 06:00:00,26.0,1013.9,69.11686987087296
2023-12-05 09:00:00,25.8,1012.2,71.69270020375919
2023-12-05 12:00:00,23.8,1014.1,84.86645400274385
2023-12-05 15:00:00,21.4,1016.7,92.8817543813387
2023-12-05 18:00:00,20.0,1016.1,93.97450936662143
2023-12-05 21:00:00,19.4,1015.8,92.1959129371279
2023-12-06 00:00:00,18.2,1015.8,95.69017503757527
2023-12-06 03:00:00,22.8,1018.4,82.68619873809317
2023-12-06 06:00:00,25.5,1015.9,73.88675978058711
2023-12-06 09:00:00,27.2,1013.2,64.00110652690255
2023-12-06 12:00:00,24.2,1015.2,79.84839136491931
2023-12-06 15:00:00,22.4,1016.3,87.38305999003406
2023-12-06 18:00:00,22.0,1017.2,87.34731863549206
2023-12-06 21:00:00,21.0,1016.8,92.86091278956886
2023-12-07 00:00:00,20.6,1015.2,96.36167032455968
2023-12-07 03:00:00,21.4,1016.8,96.38327293464557
2023-12-07 06:00:00,23.8,1015.0,81.28712563035198
2023-12-07 09:00:00,23.2,1012.8,91.2871456644803
2023-12-07 12:00:00,21.8,1013.1,94.63413731841499
2023-12-07 15:00:00,20.6,1015.1,96.36167032455968
2023-12-07 18:00:00,19.4,1014.8,96.32890406093485
2023-12-07 21:00:00,19.0,1013.2,96.31788420104945
2023-12-08 00:00:00,18.8,1012.5,96.31235577580728
2023-12-08 03:00:00,20.0,1014.8,92.23014072890136
2023-12-08 06:00:00,24.0,1012.7,73.63287364526842
2023-12-08 09:00:00,24.0,1010.9,70.47837778915957
2023-12-08 12:00:00,22.0,1012.7,73.75452283587201
2023-12-08 15:00:00,19.6,1014.4,92.7872515693289
2023-12-08 18:00:00,18.4,1014.3,95.69663123794629
2023-12-08 21:00:00,17.6,1014.5,95.67071969670096
2023-12-09 00:00:00,18.4,1014.4,95.69663123794629
2023-12-09 03:00:00,20.0,1017.1,90.51425911024681
2023-12-09 06:00:00,25.6,1015.7,68.61205443506742
2023-12-09 09:00:00,24.8,1012.1,69.75148628714753
2023-12-09 12:00:00,21.0,1012.5,87.25731534029728
2023-12-09 15:00:00,18.6,1013.8,93.91174237662614
2023-12-09 18:00:00,17.6,1013.4,98.12396813345299
2023-12-09 21:00:00,16.8,1013.7,98.11250167702032
2023-12-10 00:00:00,18.2,1012.8,95.69017503757527
2023-12-10 03:00:00,20.0,1015.4,88.82646755484863
2023-12-10 06:00:00,23.2,1014.1,76.31010103455979
2023-12-10 09:00:00,24.4,1011.8,72.33699619216402
2023-12-10 12:00:00,21.0,1013.4,88.9063604341973
2023-12-10 15:00:00,19.4,1014.7,92.1959129371279
2023-12-10 18:00:00,18.8,1015.3,95.70950052417025
2023-12-11 00:00:00,17.4,1015.1,98.12111130330491
2023-12-11 03:00:00,20.0,1017.7,93.97450936662143
2023-12-11 06:00:00,24.6,1015.9,72.37235517024858
2023-12-11 09:00:00,25.6,1012.9,60.147977437432424
2023-12-11 12:00:00,21.6,1013.5,83.58209369896291
2023-12-11 15:00:00,18.4,1014.6,92.13836940421315
2023-12-11 18:00:00,17.0,1014.6,95.65113334501886
2023-12-11 21:00:00,16.4,1014.2,95.63141481320746
2023-12-12 00:00:00,15.2,1013.8,98.08925216929067
2023-12-12 03:00:00,18.2,1015.5,95.69017503757527
2023-12-12 06:00:00,24.8,1013.1,68.02858379801896
2023-12-12 09:00:00,26.4,1010.3,62.25365124486911
2023-12-12 12:00:00,22.4,1011.3,80.60344588733471
2023-12-12 15:00:00,20.2,1013.2,90.52800432378555
2023-12-12 18:00:00,20.0,1013.8,92.23014072890136
2023-12-12 21:00:00,19.2,1013.1,94.53000818716957
2023-12-13 00:00:00,18.0,1012.8,93.88454500736407
2023-12-13 03:00:00,20.4,1015.9,87.20286371169097
2023-12-13 06:00:00,24.6,1014.6,65.06093166880352
2023-12-13 09:00:00,25.8,1011.0,61.73054888864948
2023-12-13 12:00:00,22.2,1012.3,75.67495386222414
2023-12-13 15:00:00,20.0,1014.9,88.82646755484863
2023-12-13 18:00:00,18.0,1015.3,92.1151763066067
2023-12-13 21:00:00,17.0,1014.8,93.83881396078476
2023-12-14 00:00:00,14.8,1015.5,95.5781768148728
2023-12-14 03:00:00,16.8,1020.1,91.45678288516467
2023-12-14 06:00:00,23.2,1018.3,56.22183331014094
2023-12-14 09:00:00,24.2,1015.2,49.277908990567795
2023-12-14 12:00:00,20.2,1016.7,74.3922547674494
2023-12-14 15:00:00,18.0,1018.6,84.23976712899662
2023-12-14 18:00:00,16.0,1019.2,91.40613419141593
2023-12-14 21:00:00,14.8,1018.9,95.5781768148728
2023-12-15 00:00:00,14.2,1018.5,97.43996186725943
2023-12-15 03:00:00,17.6,1020.2,85.83526358356409
2023-12-15 06:00:00,23.2,1018.3,68.14000153659617
2023-12-15 09:00:00,24.6,1015.2,56.204948951375734
2023-12-15 12:00:00,20.4,1016.0,76.35240172029633
2023-12-15 15:00:00,17.0,1017.2,89.72698022064127
2023-12-15 18:00:00,15.2,1017.0,93.15002459693396
2023-12-15 21:00:00,14.8,1016.5,95.5781768148728
2023-12-16 00:00:00,12.8,1015.9,95.51026070272563
2023-12-16 03:00:00,17.2,1018.2,91.48194220405334
2023-12-16 06:00:00,23.0,1016.8,68.1002284486751
2023-12-16 09:00:00,25.0,1013.7,52.460986040966226
2023-12-16 12:00:00,20.4,1014.9,76.35240172029633
2023-12-16 15:00:00,16.4,1016.7,91.43151375710556
2023-12-16 18:00:00,15.0,1017.0,93.13975305412771
2023-12-16 21:00:00,14.4,1017.3,95.56471646093954
2023-12-17 00:00:00,13.0,1017.0,97.4162038469898
2023-12-17 03:00:00,17.4,1018.7,88.04847038525622
2023-12-17 06:00:00,24.0,1016.7,62.905264442630205
2023-12-17 09:00:00,25.2,1013.7,54.2284006146774
2023-12-17 12:00:00,21.2,1014.2,78.43918300096577
2023-12-17 15:00:00,17.0,1016.3,91.46937623164787
2023-12-17 18:00:00,15.4,1015.8,93.16027338017237
2023-12-17 21:00:00,14.0,1017.0,95.55119504098639
2023-12-18 00:00:00,13.4,1017.0,97.42415963862136
2023-12-18 03:00:00,18.4,1019.4,86.46578762764692
2023-12-18 06:00:00,23.8,1017.3,65.71895042604378
2023-12-18 09:00:00,25.4,1014.4,55.685949687242655
2023-12-18 12:00:00,21.6,1015.6,77.02566195716373
2023-12-18 18:00:00,17.0,1018.0,91.46937623164787
2023-12-18 21:00:00,15.8,1017.6,95.61156291898422
2023-12-19 00:00:00,14.0,1017.8,97.43602491004624
2023-12-19 03:00:00,17.2,1020.3,91.48194220405334
2023-12-19 06:00:00,24.8,1017.7,58.082284382367654
2023-12-19 09:00:00,25.4,1014.9,51.55799129462455
2023-12-19 12:00:00,21.0,1016.5,75.00271964013787
2023-12-19 15:00:00,16.4,1018.4,89.68180342228284
2023-12-19 18:00:00,14.4,1018.2,95.56471646093954
2023-12-19 21:00:00,14.0,1017.5,95.55119504098639
2023-12-20 00:00:00,12.0,1017.7,94.85223150186052
2023-12-20 03:00:00,16.8,1020.2,89.71195364563357
2023-12-20 06:00:00,25.0,1017.2,56.66462278579749
2023-12-20 09:00:00,25.4,1014.5,50.24314128044033
2023-12-20 12:00:00,21.4,1015.4,75.06854363302618
2023-12-20 15:00:00,17.0,1017.2,89.72698022064127
2023-12-20 18:00:00,14.8,1017.1,95.5781768148728
2023-12-20 21:00:00,13.0,1016.7,97.4162038469898
2023-12-21 00:00:00,12.4,1016.4,97.40420118369903
2023-12-21 03:00:00,17.0,1019.4,87.449220109464
2023-12-21 06:00:00,24.2,1016.8,60.20575079871314
2023-12-21 09:00:00,25.8,1013.9,49.38256381356927
2023-12-21 12:00:00,21.0,1015.2,76.44675215115228
2023-12-21 15:00:00,17.0,1017.6,89.72698022064127
2023-12-21 18:00:00,15.4,1016.0,93.16027338017237
2023-12-21 21:00:00,14.0,1016.7,95.55119504098639
2023-12-22 00:00:00,12.4,1017.1,97.40420118369903
2023-12-22 03:00:00,17.4,1019.4,83.63156797114554
2023-12-22 06:00:00,24.6,1017.2,57.66431548980472
2023-12-22 09:00:00,25.6,1014.8,48.06668688692607
2023-12-22 12:00:00,21.0,1016.1,71.72616194024727
2023-12-22 15:00:00,18.0,1018.2,84.23976712899662
2023-12-22 18:00:00,16.0,1018.8,89.65152316161863
2023-12-22 21:00:00,14.6,1018.4,93.11914142350814
2023-12-23 00:00:00,13.6,1018.8,95.53761218815481
2023-12-23 03:00:00,16.4,1021.7,89.68180342228284
2023-12-23 06:00:00,22.4,1020.4,64.59081281252107
2023-12-23 09:00:00,23.0,1018.2,66.81483777876102
2023-12-23 12:00:00,20.0,1018.4,81.3101072483957
2023-12-23 15:00:00,17.8,1020.2,89.78676504838093
2023-12-23 18:00:00,17.0,1020.0,93.83881396078476
2023-12-23 21:00:00,16.6,1019.5,95.63800241653746
2023-12-24 00:00:00,14.0,1020.0,95.55119504098639
2023-12-24 03:00:00,17.0,1022.6,93.83881396078476
2023-12-24 06:00:00,24.6,1019.7,60.68332422098103
2023-12-24 09:00:00,26.6,1016.5,51.53806668573736
2023-12-24 12:00:00,23.4,1016.8,71.70723841493773
2023-12-24 15:00:00,20.4,1019.1,76.35240172029633
2023-12-24 18:00:00,17.8,1019.3,92.10354182385356
2023-12-26 12:00:00,22.0,1017.8,77.08681687030213
2023-12-26 15:00:00,19.2,1019.8,88.20251315419341
2023-12-26 18:00:00,17.6,1019.9,95.67071969670096
2023-12-26 21:00:00,16.8,1019.5,95.64457524587876
2023-12-27 00:00:00,15.0,1019.0,97.45561976289501
2023-12-27 03:00:00,19.2,1022.0,86.54276056682889
2023-12-27 06:00:00,26.0,1019.7,60.62095798327436
2023-12-27 09:00:00,27.2,1016.5,48.493766828758595
2023-12-27 12:00:00,22.6,1016.9,74.32350126867689
2023-12-27 15:00:00,20.0,1018.4,84.99533007192596
2023-12-27 18:00:00,18.4,1018.2,89.83126862847055
2023-12-27 21:00:00,17.6,1017.9,93.8663131960353
2023-12-28 00:00:00,15.6,1018.2,95.604915778585
2023-12-28 03:00:00,19.4,1020.5,88.21944930473586
2023-12-28 06:00:00,26.2,1018.5,59.15801200288633
2023-12-28 09:00:00,27.4,1015.3,55.125722260708386
2023-12-28 12:00:00,22.6,1016.5,75.73900120222518
2023-12-28 15:00:00,18.0,1018.1,89.80163133535805
2023-12-28 18:00:00,16.0,1017.7,91.40613419141593
2023-12-28 21:00:00,14.4,1017.5,93.10880120194317
2023-12-29 00:00:00,14.4,1018.0,95.56471646093954
2023-12-29 03:00:00,18.8,1020.7,86.50435411788642
2023-12-29 06:00:00,26.2,1017.9,59.15801200288633
2023-12-29 09:00:00,27.0,1014.9,50.98677157890719
2023-12-29 12:00:00,22.0,1016.0,77.08681687030213
2023-12-29 15:00:00,17.8,1017.7,89.78676504838093
2023-12-29 18:00:00,15.8,1017.5,93.78326415706879
2023-12-29 21:00:00,14.2,1018.2,93.09843795330515
2023-12-30 00:00:00,14.2,1016.9,95.55796340708035
2023-12-30 03:00:00,18.2,1019.2,92.12678547599367
2023-12-30 06:00:00,25.4,1017.2,59.722310592735006
2023-12-30 09:00:00,27.0,1014.2,47.209973097959896
2023-12-30 12:00:00,21.4,1015.3,78.46820659148995
2023-12-30 15:00:00,18.8,1016.9,86.50435411788642
2023-12-30 18:00:00,17.0,1016.8,95.65113334501886
2023-12-30 21:00:00,15.8,1016.5,95.61156291898422
2023-12-31 00:00:00,14.0,1017.2,95.55119504098639
2023-12-31 03:00:00,18.8,1019.7,84.32841957043044
2023-12-31 06:00:00,25.2,1017.2,61.20709568792682
2023-12-31 09:00:00,25.4,1013.8,59.722310592735006
2023-12-31 12:00:00,22.8,1014.5,74.35698654323872
2023-12-31 15:00:00,19.8,1016.1,81.28433674432983
2023-12-31 18:00:00,17.2,1016.4,89.7419745584916
2023-12-31 21:00:00,16.4,1016.3,93.8111314850518
