time,temp_c,slp_hpa,rh_pct
2024-01-01 00:00:00,17.2,1014.4,89.7419745584916
2024-01-01 03:00:00,18.2,1015.6,82.12623755031767
2024-01-01 06:00:00,24.0,1016.3,64.5233560338738
2024-01-01 09:00:00,27.4,1013.1,53.75062877635818
2024-01-01 12:00:00,26.6,1012.5,57.053505156821174
2024-01-01 15:00:00,21.2,1014.7,81.97757756705623
2024-01-01 18:00:00,20.8,1014.9,74.96971606580898
2024-01-01 21:00:00,18.6,1014.6,80.60939160489468
2024-01-02 00:00:00,17.6,1014.3,83.65462891785485
2024-01-02 03:00:00,17.4,1015.5,82.0261957179648
2024-01-02 06:00:00,22.0,1015.8,67.46743848720216
2024-01-02 09:00:00,25.0,1012.7,62.33363766021803
2024-01-02 12:00:00,24.0,1012.3,67.44315945194963
2024-01-02 15:00:00,20.6,1014.6,79.8567757762695
2024-01-02 18:00:00,18.4,1015.0,84.28418395334555
2024-01-02 21:00:00,17.0,1014.5,88.01383893644437
2024-01-03 00:00:00,15.8,1014.1,87.33984624682459
2024-01-03 03:00:00,16.2,1015.4,83.49220888976578
2024-01-03 06:00:00,22.0,1016.1,62.45866938263309
2024-01-03 09:00:00,25.7,1006.5,45.95228060187465
2024-01-03 12:00:00,25.0,1012.3,40.63068896459837
2024-01-03 15:00:00,19.0,1013.4,63.0114676927038
2024-01-03 18:00:00,19.0,1014.7,77.11756813613941
2024-01-03 21:00:00,17.0,1014.3,89.72698022064127
2024-01-04 00:00:00,15.6,1014.6,89.04126423426794
2024-01-04 03:00:00,15.8,1016.5,80.75802863511915
2024-01-04 06:00:00,21.4,1017.0,55.77337498065834
2024-01-04 09:00:00,25.6,1013.5,41.61652075262736
2024-01-04 12:00:00,24.2,1012.5,46.14674793000722
2024-01-04 15:00:00,18.6,1014.5,71.2836802364205
2024-01-04 18:00:00,17.2,1014.9,81.47133555590639
2024-01-04 21:00:00,16.8,1014.4,79.32557950867556
2024-01-05 00:00:00,15.6,1014.3,62.657963291362385
2024-01-05 03:00:00,15.0,1016.3,80.6502233316019
2024-01-05 06:00:00,21.2,1016.7,64.33082432621869
2024-01-05 09:00:00,25.4,1013.5,38.889612646783306
2024-01-05 12:00:00,24.6,1013.1,42.73332193279762
2024-01-05 15:00:00,18.0,1005.6,69.3283727086829
2024-01-05 18:00:00,18.0,1015.9,72.58214163091449
2024-01-05 21:00:00,16.0,1015.7,73.1832774109244
2024-01-06 00:00:00,14.6,1015.8,84.40903988678241
2024-01-06 03:00:00,14.4,1017.8,88.9444025377394
2024-01-06 06:00:00,20.0,1018.4,60.795284486151715
2024-01-06 09:00:00,22.6,1014.8,46.94185240657425
2024-01-06 12:00:00,23.0,1014.5,41.720940729865816
2024-01-06 15:00:00,18.4,1016.4,67.60944202765148
2024-01-06 18:00:00,17.8,1017.0,63.580269216740625
2024-01-06 21:00:00,14.6,1016.2,80.06385792190865
2024-01-07 00:00:00,15.0,1015.5,80.6502233316019
2024-01-07 03:00:00,15.4,1018.2,78.60444584054494
2024-01-07 06:00:00,22.0,1018.3,61.25880440963451
2024-01-07 09:00:00,25.2,1014.6,52.85178805612125
2024-01-07 12:00:00,24.4,1013.8,53.33223433397086
2024-01-07 15:00:00,22.0,1015.1,67.46743848720216
2024-01-07 18:00:00,21.0,1015.8,68.1361982731892
2024-01-07 21:00:00,19.2,1015.5,82.77629512134698
2024-01-08 00:00:00,18.0,1015.3,80.52893541547579
2024-01-08 03:00:00,17.6,1017.6,82.0512816240772
2024-01-08 06:00:00,22.2,1017.4,69.25260054643807
2024-01-08 09:00:00,25.4,1014.1,62.81713542633776
2024-01-08 12:00:00,25.0,1013.7,65.14551045571683
2024-01-08 15:00:00,22.2,1015.6,82.61460691740075
2024-01-08 18:00:00,21.4,1016.2,73.65162613086753
2024-01-08 21:00:00,20.8,1015.4,68.09609375395668
2024-01-09 00:00:00,19.0,1015.1,52.63184633499437
2024-01-09 03:00:00,19.6,1016.8,79.21141854904147
2024-01-09 06:00:00,24.0,1017.5,67.44315945194963
2024-01-09 09:00:00,27.0,1014.4,60.09299888935582
2024-01-09 12:00:00,27.2,1014.1,44.88553659091517
2024-01-09 15:00:00,23.0,1016.4,60.70242277903299
2024-01-09 18:00:00,20.2,1016.8,69.30783373165526
2024-01-09 21:00:00,19.6,1016.4,72.39905592806319
2024-01-10 00:00:00,18.8,1015.7,71.78645915321792
2024-01-10 03:00:00,18.4,1017.3,71.24637545433755
2024-01-10 06:00:00,22.4,1017.8,64.59081281252107
2024-01-10 09:00:00,25.2,1015.0,59.675662881987066
2024-01-10 12:00:00,25.4,1013.6,58.596770845043764
2024-01-10 15:00:00,21.0,1016.0,79.91155284255397
2024-01-10 18:00:00,19.2,1016.7,86.54276056682889
2024-01-10 21:00:00,19.0,1015.9,82.75226606225803
2024-01-11 00:00:00,17.6,1016.1,85.83526358356409
2024-01-11 03:00:00,17.6,1018.2,82.0512816240772
2024-01-11 06:00:00,23.4,1018.0,60.79481363332311
2024-01-11 09:00:00,27.0,1015.0,53.310417727475865
2024-01-11 12:00:00,27.0,1014.2,50.98677157890719
2024-01-11 15:00:00,22.0,1015.9,73.75452283587201
2024-01-11 18:00:00,19.2,1016.5,79.15467691478646
2024-01-11 21:00:00,18.0,1015.6,85.87560769615662
2024-01-12 00:00:00,18.2,1015.0,84.26199825136138
2024-01-12 03:00:00,18.8,1017.0,75.12081534970918
2024-01-12 06:00:00,24.8,1016.9,63.4817355359212
2024-01-12 09:00:00,29.4,1013.8,39.49270164196813
2024-01-12 12:00:00,28.4,1013.7,44.06503931299219
2024-01-12 15:00:00,23.0,1015.3,66.81483777876102
2024-01-12 18:00:00,19.4,1015.3,77.17911273163557
2024-01-12 21:00:00,18.4,1014.5,73.12860116909184
2024-01-13 00:00:00,17.6,1014.3,82.0512816240772
2024-01-13 03:00:00,18.0,1016.3,76.46472676151815
2024-01-13 06:00:00,26.0,1017.2,44.557102524016656
2024-01-13 09:00:00,30.0,1014.3,33.70532303766758
2024-01-13 12:00:00,29.0,1013.5,34.550110818955254
2024-01-13 15:00:00,21.2,1015.0,63.50267951350905
2024-01-13 18:00:00,21.0,1015.8,50.73632107006152
2024-01-13 21:00:00,15.2,1015.1,78.57491552248868
2024-01-14 00:00:00,13.0,1014.9,81.46129427479043
2024-01-14 03:00:00,13.4,1017.0,79.36298137795895
2024-01-14 06:00:00,24.4,1017.7,32.136347540603374
2024-01-14 09:00:00,28.2,1014.8,23.80062546704577
2024-01-14 12:00:00,27.6,1014.5,28.088897716708622
2024-01-14 15:00:00,20.0,1016.4,50.80951300952906
2024-01-14 18:00:00,16.4,1016.3,59.94265435454087
2024-01-14 21:00:00,14.6,1014.9,61.5804129773195
2024-01-15 00:00:00,14.8,1014.4,59.96530401675759
2024-01-15 03:00:00,13.8,1016.6,68.95310375459053
2024-01-15 06:00:00,23.4,1017.3,45.02160691736955
2024-01-15 09:00:00,28.6,1013.6,31.797794638337045
2024-01-15 12:00:00,26.8,1012.8,36.03904128395355
2024-01-15 15:00:00,20.0,1014.5,67.49544844818791
2024-01-15 18:00:00,17.0,1014.5,71.92595452180186
2024-01-15 21:00:00,16.0,1012.8,68.9313969976708
2024-01-16 00:00:00,13.2,1012.1,79.33414165242704
2024-01-16 03:00:00,16.4,1014.2,69.47184527396357
2024-01-16 06:00:00,24.6,1014.6,40.24865597290868
2024-01-16 09:00:00,28.6,1011.1,25.608345363599955
2024-01-16 12:00:00,26.6,1010.5,32.09857427714812
2024-01-16 15:00:00,19.0,1012.0,59.367300066939755
2024-01-16 18:00:00,17.0,1012.3,64.25395673809568
2024-01-16 21:00:00,15.2,1011.1,70.16872210440734
2024-01-17 00:00:00,14.8,1011.0,73.95050215342924
2024-01-17 03:00:00,14.2,1012.7,82.16075759049019
2024-01-17 06:00:00,24.4,1013.4,46.5063267929088
2024-01-17 09:00:00,27.4,1010.3,37.923440527919375
2024-01-17 12:00:00,26.4,1010.2,40.21963869468573
2024-01-17 15:00:00,19.4,1013.0,68.70265881807667
2024-01-17 18:00:00,16.6,1013.9,75.74227895112233
2024-01-17 21:00:00,17.6,1012.7,70.63072608460887
2024-01-18 00:00:00,15.2,1013.1,82.82899336921116
2024-01-18 03:00:00,16.4,1014.6,71.34101940854292
2024-01-18 06:00:00,23.4,1015.5,53.77171871679779
2024-01-18 09:00:00,27.4,1012.5,43.79135513379636
2024-01-18 12:00:00,26.4,1012.2,37.89360010809252
2024-01-18 15:00:00,20.2,1014.4,71.12017585620825
2024-01-18 18:00:00,19.8,1015.1,65.2922046207685
2024-01-18 21:00:00,17.6,1014.1,72.51003291998082
2024-01-19 00:00:00,17.8,1014.5,63.580269216740625
2024-01-19 03:00:00,18.0,1016.4,58.33927054435667
2024-01-19 06:00:00,24.0,1016.5,42.00187956141093
2024-01-19 09:00:00,27.4,1013.4,32.3225028820276
2024-01-19 12:00:00,26.2,1012.7,31.554877843815206
2024-01-19 15:00:00,19.0,1014.5,63.0114676927038
2024-01-19 18:00:00,18.4,1015.4,62.46052062056043
2024-01-19 21:00:00,17.2,1015.0,71.96274470833703
2024-01-20 00:00:00,17.0,1014.6,60.90030424445174
2024-01-20 03:00:00,16.4,1017.4,57.94519114371332
2024-01-20 06:00:00,23.6,1017.9,41.33203841364714
2024-01-20 09:00:00,27.4,1014.5,24.595403869028207
2024-01-20 12:00:00,26.0,1014.6,27.649648092873097
2024-01-20 15:00:00,21.0,1016.4,50.73632107006152
2024-01-20 18:00:00,19.4,1017.1,42.12889277774033
2024-01-20 21:00:00,17.4,1016.3,57.4125070789976
2024-01-21 00:00:00,17.0,1015.9,51.74690678526307
2024-01-21 03:00:00,16.6,1018.1,58.38914128448751
2024-01-21 06:00:00,23.8,1018.5,37.66540228452442
2024-01-21 09:00:00,26.4,1015.7,25.018220025413374
2024-01-21 12:00:00,26.2,1014.7,30.290923859994912
2024-01-21 15:00:00,19.0,1017.0,57.80821250204687
2024-01-21 18:00:00,16.4,1017.3,71.34101940854292
2024-01-21 21:00:00,15.6,1016.5,70.71700721496103
2024-01-22 00:00:00,15.6,1015.8,60.98130815126406
2024-01-22 03:00:00,16.0,1017.5,54.02122265916547
2024-01-22 06:00:00,23.6,1018.5,32.13135261932524
2024-01-22 09:00:00,27.0,1015.5,26.06653730234831
2024-01-22 12:00:00,26.0,1014.9,26.523721492927386
2024-01-22 15:00:00,17.8,1017.3,59.87498979713214
2024-01-22 18:00:00,15.0,1018.0,72.03484221010554
2024-01-22 21:00:00,14.0,1017.4,71.36598436104295
2024-01-23 00:00:00,14.2,1016.5,69.50207850873608
2024-01-23 03:00:00,14.0,1018.5,71.36598436104295
2024-01-23 06:00:00,23.8,1018.8,30.034895956707675
2024-01-23 09:00:00,27.4,1015.4,26.720741646208307
2024-01-23 12:00:00,26.8,1014.5,24.60644934607628
2024-01-23 15:00:00,19.0,1016.1,57.80821250204687
2024-01-23 18:00:00,16.2,1016.5,67.6046896295471
2024-01-23 21:00:00,14.6,1015.6,88.3801137369855
2024-01-24 00:00:00,14.4,1015.5,80.03600697911848
2024-01-24 03:00:00,14.8,1018.3,80.62313672506868
2024-01-24 06:00:00,25.8,1018.2,35.75715537812928
2024-01-24 09:00:00,28.0,1015.2,25.62325807249632
2024-01-24 12:00:00,26.6,1014.5,29.99092618259789
2024-01-24 15:00:00,20.4,1015.9,52.99818630774301
2024-01-24 18:00:00,17.0,1017.4,66.43173411999655
2024-01-24 21:00:00,15.4,1016.4,70.67868220689287
2024-01-25 00:00:00,14.4,1016.8,73.88050108878636
2024-01-25 03:00:00,17.6,1019.1,44.00142494199385
2024-01-25 06:00:00,25.0,1019.5,32.085543739643825
2024-01-25 09:00:00,28.0,1016.2,28.779188349540096
2024-01-25 12:00:00,27.4,1015.5,26.720741646208307
2024-01-25 15:00:00,20.4,1017.7,52.99818630774301
2024-01-25 18:00:00,17.8,1018.0,61.497585379248754
2024-01-25 21:00:00,16.2,1017.2,67.6046896295471
2024-01-26 00:00:00,14.2,1017.5,73.8454018876167
2024-01-26 03:00:00,17.0,1019.3,55.40152305736491
2024-01-26 06:00:00,24.8,1020.4,35.47424574510543
2024-01-26 09:00:00,28.4,1017.7,25.20613077509344
2024-01-26 12:00:00,28.0,1016.8,27.6282162287372
2024-01-26 15:00:00,20.2,1018.6,54.37630112826256
2024-01-26 18:00:00,16.0,1019.5,68.9313969976708
2024-01-26 21:00:00,17.2,1018.3,60.947424732042855
2024-01-27 00:00:00,16.4,1018.6,65.86254666524192
2024-01-27 03:00:00,17.8,1019.1,54.489204209212886
2024-01-27 06:00:00,24.8,1019.5,25.650302060013804
2024-01-27 09:00:00,29.0,1016.5,28.280645801810273
2024-01-27 12:00:00,29.0,1015.6,26.247175038747926
2024-01-27 15:00:00,21.4,1017.1,57.257364890479664
2024-01-27 18:00:00,19.4,1018.2,61.460903484629405
2024-01-27 21:00:00,16.6,1017.0,69.51125557277939
2024-01-28 00:00:00,14.2,1015.6,80.00810033609724
2024-01-28 03:00:00,14.8,1017.8,75.94973508166241
2024-01-28 06:00:00,26.2,1018.2,41.237431902120015
2024-01-28 09:00:00,31.0,1015.1,24.37169024742522
2024-01-28 12:00:00,29.2,1014.4,24.396742872625122
2024-01-28 15:00:00,21.6,1016.3,38.33330717730097
2024-01-28 18:00:00,19.0,1016.8,66.41470677414787
2024-01-28 21:00:00,17.8,1016.1,57.899916330063206
2024-01-29 00:00:00,15.4,1016.0,74.54877044630138
2024-01-29 03:00:00,18.0,1018.3,59.922783356300776
2024-01-29 06:00:00,25.0,1018.7,40.63068896459837
2024-01-29 09:00:00,28.4,1015.5,34.84088720984708
2024-01-29 12:00:00,28.6,1014.6,30.751337680209982
2024-01-29 15:00:00,21.2,1016.8,57.20820350842965
2024-01-29 18:00:00,19.0,1017.0,64.69337791269749
2024-01-29 21:00:00,17.0,1016.0,75.80754074677424
2024-01-30 00:00:00,16.6,1015.0,81.39364015704444
2024-01-30 03:00:00,17.2,1016.8,79.90018766462913
2024-01-30 06:00:00,25.4,1017.3,46.47387930481293
2024-01-30 09:00:00,29.2,1014.4,33.70481924074043
2024-01-30 12:00:00,28.0,1013.4,36.37594004053973
2024-01-30 15:00:00,22.0,1015.0,65.75997484481925
2024-01-30 18:00:00,19.2,1015.5,73.74476286331554
2024-01-30 21:00:00,17.6,1015.0,77.90710307634244
2024-01-31 00:00:00,17.0,1014.2,83.58530465643025
2024-01-31 03:00:00,17.4,1016.1,82.0261957179648
2024-01-31 06:00:00,26.4,1016.7,48.9074144216262
2024-01-31 09:00:00,28.0,1013.6,45.98124630748456
2024-01-31 12:00:00,26.2,1013.0,50.12977591480722
2024-01-31 15:00:00,23.2,1014.2,66.85582014146925
2024-01-31 18:00:00,21.2,1014.4,73.14964788312554
2024-01-31 21:00:00,21.0,1014.1,73.11466043664565
2024-02-01 00:00:00,20.0,1013.7,81.3101072483957
2024-02-01 03:00:00,20.8,1015.8,83.49059767012783
2024-02-01 06:00:00,25.6,1016.7,64.45946580818865
2024-02-01 09:00:00,28.6,1014.1,45.26607525457315
2024-02-01 12:00:00,28.6,1013.5,38.509639017388515
2024-02-01 15:00:00,22.0,1015.4,70.54945136907497
2024-02-01 18:00:00,20.0,1016.5,77.76603602176817
2024-02-01 21:00:00,17.8,1015.8,74.46723613296626
2024-02-02 00:00:00,18.0,1015.7,78.47368296970863
2024-02-02 03:00:00,18.0,1017.7,89.80163133535805
2024-02-02 06:00:00,27.4,1018.7,48.8586154318638
2024-02-02 09:00:00,30.4,1015.5,26.266895995748484
2024-02-02 12:00:00,30.0,1014.2,32.829723677567
2024-02-02 15:00:00,23.6,1015.9,55.237934002483236
2024-02-02 18:00:00,21.0,1017.3,68.1361982731892
2024-02-02 21:00:00,18.6,1015.9,62.50610587667005
2024-02-03 00:00:00,19.6,1015.2,53.501473169296055
2024-02-03 03:00:00,20.0,1017.0,60.795284486151715
2024-02-03 06:00:00,27.6,1018.0,43.001947059179145
2024-02-03 09:00:00,30.0,1015.7,34.82870368909708
2024-02-03 12:00:00,31.4,1014.7,33.65279557525411
2024-02-03 15:00:00,24.4,1016.0,59.10968227987573
2024-02-03 18:00:00,22.2,1016.7,69.25260054643807
2024-02-03 21:00:00,20.4,1016.4,73.00931609495443
2024-02-04 00:00:00,19.0,1015.5,79.126223220217
2024-02-04 03:00:00,19.4,1017.2,82.8002759006202
2024-02-04 06:00:00,30.4,1017.2,34.26189930653394
2024-02-04 09:00:00,33.0,1014.2,29.950617256444566
2024-02-04 12:00:00,31.6,1013.6,34.81912604698233
2024-02-04 15:00:00,26.6,1015.3,54.23420155768275
2024-02-04 18:00:00,24.0,1016.6,64.5233560338738
2024-02-04 21:00:00,22.0,1015.3,73.75452283587201
2024-02-05 00:00:00,22.0,1015.0,77.08681687030213
2024-02-05 03:00:00,21.8,1017.5,80.52411586044471
2024-02-05 06:00:00,26.8,1018.4,59.67162131243744
2024-02-05 09:00:00,28.4,1015.7,44.06503931299219
2024-02-05 12:00:00,28.6,1014.7,41.90302498177393
2024-02-05 15:00:00,23.6,1016.0,64.02874504928945
2024-02-05 18:00:00,21.4,1017.3,65.21122138445863
2024-02-05 21:00:00,18.4,1016.1,65.85307897158431
2024-02-06 00:00:00,18.8,1015.7,75.12081534970918
2024-02-06 03:00:00,20.6,1018.1,76.38391108279227
2024-02-06 06:00:00,26.4,1018.6,47.66111593751544
2024-02-06 09:00:00,29.4,1015.9,39.49270164196813
2024-02-06 12:00:00,29.2,1014.7,41.5300195494097
2024-02-06 15:00:00,24.6,1017.0,56.204948951375734
2024-02-06 18:00:00,20.8,1017.4,73.07960941553814
2024-02-06 21:00:00,18.8,1017.1,77.08670766079658
2024-02-07 00:00:00,18.6,1016.8,80.60939160489468
2024-02-07 03:00:00,20.2,1018.8,71.12017585620825
2024-02-07 06:00:00,25.6,1020.3,51.943130192426814
2024-02-07 09:00:00,29.0,1017.7,33.42708851963113
2024-02-07 12:00:00,28.4,1017.2,36.97090641348185
2024-02-07 15:00:00,24.2,1018.8,51.57959034345375
2024-02-07 18:00:00,22.2,1019.3,55.246107413011515
2024-02-07 21:00:00,21.4,1018.0,54.32336862127332
2024-02-08 00:00:00,20.2,1018.1,55.840490093853
2024-02-08 03:00:00,19.8,1021.1,47.441227596049984
2024-02-08 06:00:00,23.6,1021.6,32.13135261932524
2024-02-08 09:00:00,26.4,1018.2,30.763029442470874
2024-02-08 12:00:00,26.0,1016.1,33.481814924072715
2024-02-08 15:00:00,21.2,1017.3,52.505443997133426
2024-02-08 18:00:00,18.0,1017.7,65.33413022042211
2024-02-08 21:00:00,17.4,1016.5,70.59260356670579
2024-02-09 00:00:00,15.4,1016.3,68.35085631112041
2024-02-09 03:00:00,18.0,1018.5,41.438563455667115
2024-02-09 06:00:00,25.2,1019.2,31.060708948812298
2024-02-09 09:00:00,28.0,1016.0,25.62325807249632
2024-02-09 12:00:00,27.6,1014.9,24.992359998199664
2024-02-09 15:00:00,22.0,1016.8,43.15515803050191
2024-02-09 18:00:00,17.6,1018.0,61.45102053516474
2024-02-09 21:00:00,17.4,1017.3,64.77209984585141
2024-02-10 00:00:00,17.6,1017.3,52.619216182914606
2024-02-10 03:00:00,18.0,1018.9,39.735071110804384
2024-02-10 06:00:00,25.5,1019.4,28.87774744376788
2024-02-10 09:00:00,28.8,1016.8,19.84809962169939
2024-02-10 12:00:00,28.0,1016.5,25.62325807249632
2024-02-10 15:00:00,22.2,1018.5,43.50330492017549
2024-02-10 18:00:00,21.3,1018.4,40.12884257238735
2024-02-10 21:00:00,18.4,1017.5,47.05416502604182
2024-02-11 00:00:00,18.6,1017.5,40.75153625610747
2024-02-11 03:00:00,18.2,1019.4,40.072311384923054
2024-02-11 06:00:00,26.0,1020.0,26.523721492927386
2024-02-11 09:00:00,29.0,1016.9,26.247175038747926
2024-02-11 12:00:00,28.4,1015.7,28.30805997626806
2024-02-11 15:00:00,21.6,1017.3,54.37442019005151
2024-02-11 18:00:00,21.2,1017.7,37.69575986223606
2024-02-11 21:00:00,18.4,1017.9,50.38010332976106
2024-02-12 00:00:00,19.0,1017.3,41.43707029460743
2024-02-12 03:00:00,18.6,1018.2,42.48570048502894
2024-02-12 06:00:00,24.0,1018.6,34.064337047542494
2024-02-12 09:00:00,27.6,1014.8,38.23031017022512
2024-02-12 12:00:00,28.0,1013.8,38.84812789275419
2024-02-12 15:00:00,22.4,1016.0,64.17773316199572
2024-02-12 18:00:00,22.4,1017.0,45.04517723462788
2024-02-12 21:00:00,19.2,1015.9,54.849151023539314
2024-02-13 00:00:00,18.2,1015.6,60.37193842519625
2024-02-13 03:00:00,18.4,1017.4,58.82884579624172
2024-02-13 06:00:00,25.2,1018.2,39.618305775251976
2024-02-13 09:00:00,28.4,1015.0,36.97090641348185
2024-02-13 12:00:00,28.0,1014.2,36.37594004053973
2024-02-13 15:00:00,24.2,1016.6,47.68969993928029
2024-02-13 18:00:00,24.0,1017.4,32.91668219007807
2024-02-13 21:00:00,21.6,1016.3,39.66872807932503
2024-02-14 00:00:00,19.4,1016.0,43.60373074158254
2024-02-14 03:00:00,18.8,1017.7,49.134745755040186
2024-02-14 06:00:00,27.2,1018.2,33.145904884974556
2024-02-14 09:00:00,30.2,1015.1,26.03667297290958
2024-02-14 12:00:00,29.6,1014.1,25.009811894840244
2024-02-14 15:00:00,24.0,1016.1,36.71436696099642
2024-02-14 18:00:00,22.0,1016.4,40.32804688790754
2024-02-14 21:00:00,19.0,1015.9,54.43155899368546
2024-02-15 00:00:00,19.8,1016.0,55.36993599891513
2024-02-15 03:00:00,20.0,1017.9,58.825278327005336
2024-02-15 06:00:00,27.0,1018.6,39.860013982227635
2024-02-15 09:00:00,31.2,1015.4,36.31801215344712
2024-02-15 12:00:00,30.0,1014.2,34.82870368909708
2024-02-15 15:00:00,25.8,1015.6,49.38256381356927
2024-02-15 18:00:00,23.2,1016.2,53.37143752203796
2024-02-15 21:00:00,22.4,1015.7,52.471534417535935
2024-02-16 00:00:00,20.2,1016.1,57.719517053231016
2024-02-16 03:00:00,21.0,1018.1,52.10577333966127
2024-02-16 06:00:00,28.0,1018.9,35.426561671816984
2024-02-16 09:00:00,31.4,1015.5,30.706483228920874
2024-02-16 12:00:00,31.4,1013.9,32.57316843526804
2024-02-16 15:00:00,25.2,1015.2,55.63644589834179
2024-02-16 18:00:00,24.4,1015.4,51.967956826587525
2024-02-16 21:00:00,21.2,1014.6,60.28315144831681
2024-02-17 00:00:00,21.6,1013.8,56.191023197707345
2024-02-17 03:00:00,22.2,1015.3,49.392512098139015
2024-02-17 06:00:00,28.8,1015.2,35.41647118801022
2024-02-17 09:00:00,33.6,1012.1,30.705728925665714
2024-02-17 12:00:00,33.8,1010.8,25.609690689405625
2024-02-17 15:00:00,26.0,1012.0,51.0534495107056
2024-02-17 18:00:00,22.4,1012.5,64.59081281252107
2024-02-17 21:00:00,20.4,1011.2,65.84698390364156
2024-02-18 00:00:00,19.2,1010.7,62.230765261062935
2024-02-18 03:00:00,20.4,1013.0,65.84698390364156
2024-02-18 06:00:00,31.4,1013.3,28.743488845183503
2024-02-18 09:00:00,35.0,1010.2,16.744152209125954
2024-02-18 12:00:00,33.6,1009.1,21.91344570303483
2024-02-18 15:00:00,26.2,1010.8,43.74632787079752
2024-02-18 18:00:00,25.6,1012.2,29.306577230684784
2024-02-18 21:00:00,21.6,1011.0,43.924812356459256
2024-02-19 00:00:00,20.0,1010.1,47.8187783209014
2024-02-19 03:00:00,22.6,1012.7,37.06939008401653
2024-02-19 06:00:00,30.4,1013.7,24.379667402457887
2024-02-19 09:00:00,33.0,1011.1,18.464680293893203
2024-02-19 12:00:00,33.0,1009.9,21.03519778635457
2024-02-19 15:00:00,26.0,1011.7,46.03393328611059
2024-02-19 18:00:00,26.6,1012.5,33.42496825051058
2024-02-19 21:00:00,23.0,1011.8,57.64809901125625
2024-02-20 00:00:00,21.6,1011.1,80.49756918337606
2024-02-20 03:00:00,22.2,1014.3,82.61460691740075
2024-02-20 06:00:00,26.6,1015.1,62.29807222676058
2024-02-20 09:00:00,32.0,1011.7,36.30539776370092
2024-02-20 12:00:00,31.6,1009.8,35.96228873194744
2024-02-20 15:00:00,26.0,1010.8,61.77549134798711
2024-02-20 18:00:00,25.4,1011.6,66.88311494829222
2024-02-20 21:00:00,23.6,1011.1,70.40357180300315
2024-02-21 00:00:00,22.4,1010.8,82.63851822798792
2024-02-21 03:00:00,23.0,1012.7,82.70996817603475
2024-02-21 06:00:00,26.8,1013.6,48.07696175829726
2024-02-21 09:00:00,29.0,1010.7,40.15547110727159
2024-02-21 12:00:00,30.0,1009.5,27.61090392149769
2024-02-21 15:00:00,25.8,1011.0,41.94797644793203
2024-02-21 18:00:00,24.4,1011.9,76.97148310021424
2024-02-21 21:00:00,22.8,1011.5,71.14751921151326
2024-02-22 00:00:00,21.4,1011.5,73.65162613086753
2024-02-22 03:00:00,21.6,1013.7,77.02566195716373
2024-02-22 06:00:00,26.0,1014.3,56.90819053207683
2024-02-22 09:00:00,29.8,1011.4,31.498595022269072
2024-02-22 12:00:00,29.6,1010.8,27.13348169868665
2024-02-22 15:00:00,23.8,1013.1,44.24258888136391
2024-02-22 18:00:00,22.6,1014.3,34.37098919411301
2024-02-22 21:00:00,17.6,1013.9,52.619216182914606
2024-02-23 00:00:00,16.0,1013.8,54.02122265916547
2024-02-23 03:00:00,18.0,1015.9,47.920635467097824
2024-02-23 06:00:00,28.4,1016.1,21.041467581876464
2024-02-23 09:00:00,30.0,1013.0,14.420354850230746
2024-02-23 12:00:00,29.6,1011.5,19.220055428432843
2024-02-23 15:00:00,21.6,1013.4,45.43043111795126
2024-02-23 18:00:00,18.6,1014.1,49.080215316149044
2024-02-23 21:00:00,17.8,1013.0,41.09270803976388
2024-02-24 00:00:00,15.0,1013.1,50.49978032542089
2024-02-24 03:00:00,15.6,1015.1,49.6180493018951
2024-02-24 06:00:00,27.6,1015.8,16.572820556112607
2024-02-24 09:00:00,30.0,1013.4,14.420354850230746
2024-02-24 12:00:00,29.2,1012.4,11.076293463360761
2024-02-24 15:00:00,21.2,1014.1,21.075698399066784
2024-02-24 18:00:00,22.2,1014.6,31.075103334772802
2024-02-24 21:00:00,16.0,1014.0,50.07363818101679
2024-02-25 00:00:00,15.6,1013.4,44.04765857280453
2024-02-25 03:00:00,19.4,1015.5,41.551413507983
2024-02-25 06:00:00,28.4,1015.8,13.267733054931863
2024-02-25 09:00:00,30.6,1012.8,11.948719826413138
2024-02-25 12:00:00,29.6,1011.6,12.74853769312122
2024-02-25 15:00:00,23.0,1013.3,30.941641724080704
2024-02-25 18:00:00,18.8,1013.3,49.134745755040186
2024-02-25 21:00:00,22.2,1012.3,33.78525687765146
2024-02-26 00:00:00,21.0,1012.2,37.3792253284926
2024-02-26 03:00:00,21.4,1014.1,36.47311212834507
2024-02-26 06:00:00,25.4,1014.3,30.274956035198404
2024-02-26 09:00:00,30.0,1011.3,27.61090392149769
2024-02-26 12:00:00,30.0,1010.2,27.61090392149769
2024-02-26 15:00:00,24.2,1012.1,51.57959034345375
2024-02-26 18:00:00,22.4,1012.6,56.75842370399915
2024-02-26 21:00:00,22.0,1012.0,50.33069779383232
2024-02-27 00:00:00,21.4,1012.0,49.50641729745809
2024-02-27 03:00:00,22.0,1014.3,46.15572373602734
2024-02-27 06:00:00,28.6,1015.0,38.509639017388515
2024-02-27 09:00:00,31.6,1012.6,37.860085101032325
2024-02-27 12:00:00,32.2,1011.0,35.66692056260536
2024-02-27 15:00:00,25.8,1012.7,56.14103766785647
2024-02-27 18:00:00,24.4,1013.7,47.74374374548634
2024-02-27 21:00:00,23.0,1012.9,50.26443539901982
2024-02-28 00:00:00,21.6,1013.0,52.958593532599885
2024-02-28 03:00:00,22.0,1015.2,49.01200569675393
2024-02-28 06:00:00,28.0,1015.7,41.19837712141769
2024-02-28 09:00:00,32.2,1012.1,30.723982531231897
2024-02-28 12:00:00,32.4,1010.6,28.259897260039946
2024-02-28 15:00:00,26.6,1012.1,49.27635105646181
2024-02-28 18:00:00,25.0,1012.6,49.81333656736011
2024-02-29 00:00:00,22.6,1011.1,46.94185240657425
2024-02-29 03:00:00,24.0,1013.2,39.27970038777481
2024-02-29 06:00:00,30.4,1013.2,34.26189930653394
2024-02-29 09:00:00,35.4,1011.0,28.69445233364995
2024-02-29 12:00:00,36.0,1009.5,22.075532265295646
2024-02-29 15:00:00,27.2,1010.8,55.076217243268445
2024-02-29 18:00:00,24.6,1011.7,56.204948951375734
2024-02-29 21:00:00,26.6,1010.7,43.00613273098813
2024-03-01 00:00:00,24.8,1010.4,60.72929795521744
2024-03-01 03:00:00,24.2,1012.7,62.949538189695744
2024-03-01 06:00:00,31.6,1012.5,32.84179786085809
2024-03-01 09:00:00,35.2,1010.5,27.548132036202155
2024-03-01 12:00:00,34.8,1008.8,30.438837990395246
2024-03-01 15:00:00,30.4,1010.3,38.510044187358744
2024-03-01 18:00:00,28.0,1011.3,28.779188349540096
2024-03-01 21:00:00,25.2,1010.4,52.85178805612125
2024-03-02 00:00:00,24.0,1010.7,62.905264442630205
2024-03-02 03:00:00,24.6,1012.0,71.03201273104008
2024-03-02 06:00:00,28.8,1012.7,54.10125610159533
2024-03-02 09:00:00,31.6,1009.4,45.21418435477139
2024-03-02 12:00:00,25.2,1008.3,81.96262342273943
2024-03-02 15:00:00,25.4,1010.5,68.57308221822572
2024-03-02 18:00:00,24.0,1011.6,52.885445858804225
2024-03-02 21:00:00,20.0,1012.0,47.8187783209014
2024-03-03 00:00:00,17.2,1013.0,52.1557770957822
2024-03-03 03:00:00,17.0,1015.1,55.40152305736491
2024-03-03 06:00:00,22.2,1010.6,31.9563045742091
2024-03-03 09:00:00,24.4,1012.8,24.829936370016846
2024-03-03 12:00:00,26.0,1011.9,22.099205453027558
2024-03-03 15:00:00,21.6,1013.3,42.463397194848675
2024-03-03 18:00:00,18.2,1014.3,56.84282911538655
2024-03-03 21:00:00,16.0,1013.8,65.33638026156629
2024-03-04 00:00:00,15.6,1014.0,72.62729544777584
2024-03-04 03:00:00,18.4,1016.2,43.621002800740584
2024-03-04 06:00:00,24.6,1017.6,23.015365607987384
2024-03-04 09:00:00,27.2,1014.7,22.09801809984647
2024-03-04 12:00:00,28.0,1013.4,22.461355295704458
2024-03-04 15:00:00,22.2,1015.3,46.21083735001951
2024-03-04 18:00:00,20.4,1016.4,26.10357132059029
2024-03-04 21:00:00,18.0,1014.3,38.09382324438499
2024-03-05 00:00:00,16.2,1014.2,48.75794402832872
2024-03-05 03:00:00,18.6,1016.2,35.91851623126697
2024-03-05 06:00:00,26.2,1017.1,25.84997948820017
2024-03-05 09:00:00,30.4,1013.6,19.689070559287693
2024-03-05 12:00:00,30.4,1012.1,21.54883036783457
2024-03-05 15:00:00,22.6,1013.5,32.56086561304764
2024-03-05 18:00:00,21.4,1014.1,43.57290085826072
2024-03-05 21:00:00,19.4,1013.2,40.41740132895785
2024-03-06 00:00:00,16.6,1013.0,50.93419112634745
2024-03-06 03:00:00,20.4,1014.9,37.726812273599585
2024-03-06 06:00:00,28.0,1015.9,22.461355295704458
2024-03-06 09:00:00,31.0,1012.9,20.67888317425755
2024-03-06 12:00:00,31.6,1011.6,18.906160491241973
2024-03-06 15:00:00,24.4,1012.8,46.5063267929088
2024-03-06 18:00:00,22.4,1013.9,42.40188422169726
2024-03-06 21:00:00,21.0,1012.0,43.16618438618589
2024-03-07 00:00:00,17.0,1012.1,58.88356892105099
2024-03-07 03:00:00,20.4,1014.7,37.726812273599585
2024-03-07 06:00:00,29.0,1015.6,22.098497539584823
2024-03-07 09:00:00,32.6,1012.6,17.86606104449195
2024-03-07 12:00:00,32.0,1011.7,17.849043702409343
2024-03-07 15:00:00,25.4,1013.1,38.889612646783306
2024-03-07 18:00:00,21.6,1014.5,54.37442019005151
2024-03-08 00:00:00,17.6,1013.4,65.24765286244165
2024-03-08 03:00:00,22.2,1015.5,43.50330492017549
2024-03-08 06:00:00,30.6,1015.9,21.899289322250308
2024-03-08 09:00:00,33.2,1013.0,22.259539953643017
2024-03-08 12:00:00,32.2,1011.7,21.56028091655764
2024-03-08 15:00:00,27.0,1013.8,27.167624611578933
2024-03-08 18:00:00,25.0,1014.4,22.472167823597587
2024-03-08 21:00:00,19.6,1013.6,37.758889677243076
2024-03-09 00:00:00,19.6,1013.2,40.75558217313324
2024-03-09 03:00:00,22.0,1014.2,33.26243128869475
2024-03-09 06:00:00,30.6,1015.2,20.86612042904312
2024-03-09 09:00:00,32.6,1012.9,19.547956136602586
2024-03-09 12:00:00,32.0,1011.5,23.97898558916218
2024-03-09 15:00:00,25.2,1012.9,44.92342577358784
2024-03-09 18:00:00,25.4,1013.3,37.61175342737041
2024-03-09 21:00:00,22.0,1012.0,49.01200569675393
2024-03-10 00:00:00,18.4,1012.3,62.46052062056043
2024-03-10 03:00:00,22.4,1014.2,48.15165677300655
2024-03-10 06:00:00,30.4,1015.2,31.2487802412969
2024-03-10 09:00:00,34.2,1013.2,23.591473353516363
2024-03-10 12:00:00,33.4,1012.3,24.181413072816248
2024-03-10 15:00:00,27.0,1013.5,41.908186063409495
2024-03-10 18:00:00,23.4,1014.6,59.63495905400274
2024-03-10 21:00:00,22.2,1014.1,61.304763090957
2024-03-11 00:00:00,20.8,1014.7,59.796425120302324
2024-03-11 03:00:00,23.0,1016.7,44.61230382169569
2024-03-11 06:00:00,31.8,1017.1,20.172607586478147
2024-03-11 09:00:00,35.4,1013.6,17.30419574159822
2024-03-11 12:00:00,34.6,1012.6,19.367074907818765
2024-03-11 15:00:00,29.0,1014.0,32.551960324714734
2024-03-11 18:00:00,24.2,1014.9,48.95659267969773
2024-03-11 21:00:00,24.4,1014.2,47.74374374548634
2024-03-12 00:00:00,24.2,1013.6,58.685550665822504
2024-03-12 03:00:00,24.8,1015.8,62.288984382470915
2024-03-12 06:00:00,31.6,1016.4,31.995193497361473
2024-03-12 09:00:00,34.2,1013.5,23.591473353516363
2024-03-12 12:00:00,33.0,1012.1,24.5658233797531
2024-03-12 15:00:00,26.6,1012.8,51.86850699632642
2024-03-12 18:00:00,22.8,1013.3,55.75870795491187
2024-03-12 21:00:00,22.4,1011.9,48.15165677300655
2024-03-13 00:00:00,22.4,1012.3,52.471534417535935
2024-03-13 03:00:00,22.8,1014.3,63.44677270636492
2024-03-13 06:00:00,29.4,1014.4,40.527028929384194
2024-03-13 09:00:00,33.4,1011.9,26.890817771518165
2024-03-13 12:00:00,34.0,1010.0,25.158134501119616
2024-03-13 15:00:00,29.0,1012.3,24.17708282517494
2024-03-13 18:00:00,25.6,1013.3,41.61652075262736
2024-03-13 21:00:00,23.2,1012.6,54.7803195089536
2024-03-14 00:00:00,23.0,1012.5,63.49078489906616
2024-03-14 03:00:00,24.0,1014.9,48.58343848769498
2024-03-14 06:00:00,30.4,1015.4,31.2487802412969
2024-03-14 09:00:00,33.0,1012.9,21.910085580795727
2024-03-14 12:00:00,33.0,1011.0,23.756739819777152
2024-03-14 15:00:00,28.6,1012.3,30.751337680209982
2024-03-14 18:00:00,25.0,1012.8,42.00228932827152
2024-03-14 21:00:00,22.0,1011.1,50.33069779383232
2024-03-15 00:00:00,21.4,1011.1,48.20122281492322
2024-03-15 03:00:00,23.0,1014.0,44.61230382169569
2024-03-15 06:00:00,30.6,1014.3,27.587996345915933
2024-03-15 09:00:00,33.8,1011.2,21.37893405392518
2024-03-15 12:00:00,33.6,1010.4,21.91344570303483
2024-03-15 15:00:00,27.6,1011.5,40.55437814951128
2024-03-15 18:00:00,24.0,1012.4,50.200126046479014
2024-03-15 21:00:00,22.0,1011.6,53.41267569409421
2024-03-16 00:00:00,21.2,1011.2,58.7279584620031
2024-03-16 03:00:00,24.4,1014.2,38.607266934347514
2024-03-16 06:00:00,32.0,1014.3,22.256139187771815
2024-03-16 09:00:00,34.4,1011.0,20.675375567426148
2024-03-16 12:00:00,34.2,1010.3,19.535217111852493
2024-03-16 15:00:00,27.8,1011.6,44.47172614692537
2024-03-16 18:00:00,23.8,1012.2,57.101743390288206
2024-03-16 21:00:00,25.0,1011.1,36.99794724063112
2024-03-17 00:00:00,24.4,1011.7,38.607266934347514
2024-03-17 03:00:00,25.4,1013.5,31.545473513302575
2024-03-17 06:00:00,32.8,1013.9,21.71162553131435
2024-03-17 09:00:00,35.4,1011.0,19.69272822112707
2024-03-17 12:00:00,35.0,1009.8,22.266674291871812
2024-03-17 15:00:00,28.6,1011.3,41.90302498177393
2024-03-17 18:00:00,28.0,1012.1,23.420340227382656
2024-03-17 21:00:00,25.6,1011.5,24.803329512130677
2024-03-18 00:00:00,23.8,1011.5,32.41062826469807
2024-03-18 03:00:00,26.0,1013.2,30.028943862016398
2024-03-18 06:00:00,34.2,1013.8,16.33346449654757
2024-03-18 09:00:00,36.2,1010.9,11.179488589039945
2024-03-18 12:00:00,35.2,1009.6,11.071789250566786
2024-03-18 15:00:00,27.0,1011.3,19.470281533158513
2024-03-18 18:00:00,25.4,1012.4,27.86877381575024
2024-03-18 21:00:00,23.8,1011.5,30.034895956707675
2024-03-19 00:00:00,21.2,1011.5,33.26560875388672
2024-03-19 03:00:00,24.4,1014.5,32.136347540603374
2024-03-19 06:00:00,33.6,1014.4,16.197949984569384
2024-03-19 09:00:00,36.6,1010.9,12.521032648840075
2024-03-19 12:00:00,36.4,1009.9,16.489924454229822
2024-03-19 15:00:00,28.2,1011.4,30.15741118779736
2024-03-19 18:00:00,24.4,1011.8,43.8248979213649
2024-03-19 21:00:00,24.2,1011.3,38.291879791386705
2024-03-20 00:00:00,21.4,1010.7,46.61246420042011
2024-03-20 03:00:00,25.6,1013.2,34.05400360633955
2024-03-20 06:00:00,32.2,1013.0,28.01997866170366
2024-03-20 09:00:00,37.6,1009.7,14.617431668099456
2024-03-20 12:00:00,37.4,1008.3,16.48953484731536
2024-03-20 15:00:00,30.4,1010.2,30.230706402917875
2024-03-20 18:00:00,25.8,1011.2,34.23093590766736
2024-03-20 21:00:00,25.8,1010.1,38.23116541241684
2024-03-21 00:00:00,23.6,1009.2,42.738552811210106
2024-03-21 03:00:00,26.2,1011.5,35.155897307086114
2024-03-21 06:00:00,33.2,1011.4,25.792162821219772
2024-03-21 09:00:00,36.8,1008.5,17.154849386685495
2024-03-21 12:00:00,37.0,1007.4,15.207833514576235
2024-03-21 15:00:00,29.2,1009.0,28.97057772368693
2024-03-21 18:00:00,24.6,1009.5,42.73332193279762
2024-03-21 21:00:00,22.6,1008.8,51.160107291725424
2024-03-22 00:00:00,20.4,1008.8,60.888563248098706
2024-03-22 03:00:00,26.0,1010.4,38.28748664717827
2024-03-22 06:00:00,34.2,1010.6,21.917063776067703
2024-03-22 09:00:00,38.4,1007.6,15.725104654179084
2024-03-22 12:00:00,37.6,1006.5,15.338234631099127
2024-03-22 15:00:00,29.4,1007.1,27.459110209939197
2024-03-22 18:00:00,26.0,1008.7,39.57998578877927
2024-03-22 21:00:00,26.4,1008.4,34.279574045135064
2024-03-23 00:00:00,24.2,1008.0,48.95659267969773
2024-03-23 03:00:00,26.6,1010.4,54.23420155768275
2024-03-23 06:00:00,32.4,1010.6,42.94137388427684
2024-03-23 09:00:00,38.0,1007.1,20.18850952449768
2024-03-23 12:00:00,37.6,1006.3,18.92175131252306
2024-03-23 15:00:00,31.6,1007.9,29.96219116312658
2024-03-23 18:00:00,29.4,1009.6,29.755954987089993
2024-03-23 21:00:00,28.0,1009.3,35.426561671816984
2024-03-24 00:00:00,25.2,1008.7,62.37822151444744
2024-03-24 03:00:00,26.4,1011.1,63.431976186978964
2024-03-24 06:00:00,31.4,1012.1,44.03829851530411
2024-03-24 09:00:00,36.6,1009.5,25.17501286203417
2024-03-24 12:00:00,36.6,1008.7,23.58261711211373
2024-03-24 15:00:00,29.0,1010.9,46.84304212720025
2024-03-24 18:00:00,28.8,1011.3,38.817492600158324
2024-03-24 21:00:00,27.0,1010.5,39.860013982227635
2024-03-25 00:00:00,25.6,1010.9,56.09190715788293
2024-03-25 03:00:00,27.4,1012.9,57.60660548767008
2024-03-25 06:00:00,34.4,1012.9,37.199052957418445
2024-03-25 09:00:00,37.6,1010.3,26.436963965284022
2024-03-25 12:00:00,38.0,1008.9,26.20330015727758
2024-03-25 15:00:00,31.8,1010.3,42.24218143373414
2024-03-25 18:00:00,28.0,1011.0,53.22632223446673
2024-03-25 21:00:00,26.8,1009.9,55.677419950299736
2024-03-26 00:00:00,25.6,1009.5,61.685537292412384
2024-03-26 03:00:00,28.0,1011.6,57.03259150658151
2024-03-26 06:00:00,34.6,1012.1,40.41220044183502
2024-03-26 09:00:00,39.4,1009.2,42.513763245624766
2024-03-26 18:00:00,29.6,1011.2,48.818451656994014
2024-03-27 03:00:00,29.0,1013.1,54.151080144894756
2024-03-27 06:00:00,35.4,1013.4,33.03549973106188
2024-03-27 09:00:00,40.2,1010.7,23.578242715460778
2024-03-27 12:00:00,39.8,1009.3,21.031754648990926
2024-03-27 15:00:00,33.4,1010.9,38.113587359392156
2024-04-01 18:00:00,28.0,1009.3,44.52628235186481
2024-04-01 21:00:00,28.0,1007.9,39.8776916383061
2024-04-02 00:00:00,25.4,1007.6,45.27401493750266
2024-04-02 03:00:00,27.6,1009.5,43.001947059179145
2024-04-03 00:00:00,25.2,1008.4,63.97031676021959
2024-04-03 03:00:00,26.4,1010.5,55.57883796392953
2024-04-03 06:00:00,33.0,1010.9,26.25721146956644
2024-04-03 09:00:00,36.8,1008.4,21.55210150848034
2024-04-03 12:00:00,36.6,1007.0,21.36026084074853
2024-04-03 15:00:00,33.0,1008.5,29.950617256444566
2024-04-03 18:00:00,30.4,1009.9,38.510044187358744
2024-04-03 21:00:00,29.4,1009.2,36.28972849758949
2024-04-04 00:00:00,27.0,1008.6,58.6053007570548
2024-04-04 03:00:00,27.4,1010.8,60.18498206209946
2024-04-04 06:00:00,31.8,1012.0,36.25014007832373
2024-04-04 09:00:00,35.0,1009.6,28.959826043818847
2024-04-04 12:00:00,35.6,1008.4,28.933895820091198
2024-04-04 15:00:00,32.0,1009.9,38.45833983449539
2024-04-04 18:00:00,28.4,1010.5,45.2118862197426
2024-04-04 21:00:00,26.6,1009.7,54.23420155768275
2024-04-05 00:00:00,26.4,1009.6,66.25782759838835
2024-04-05 03:00:00,27.6,1011.4,58.01642284156709
2024-04-05 06:00:00,33.6,1011.1,28.027439373349992
2024-04-05 09:00:00,36.4,1008.5,19.537628691377147
2024-04-05 12:00:00,35.4,1007.3,24.377581178820627
2024-04-05 15:00:00,32.4,1009.3,29.20629604033377
2024-04-05 18:00:00,29.4,1009.6,39.49270164196813
2024-04-05 21:00:00,28.4,1009.2,45.2118862197426
2024-04-06 00:00:00,27.6,1008.6,40.55437814951128
2024-04-06 03:00:00,27.4,1011.0,42.668555696612636
2024-04-06 06:00:00,32.6,1010.9,31.237941987563623
2024-04-06 09:00:00,37.2,1007.7,22.08392785079947
2024-04-06 12:00:00,37.4,1006.1,16.48953484731536
2024-04-06 15:00:00,31.6,1007.3,28.043863828497944
2024-04-06 18:00:00,30.6,1008.0,25.61944974099316
2024-04-06 21:00:00,27.2,1007.4,36.63461571399558
2024-04-07 00:00:00,25.6,1007.5,44.156665179924964
2024-04-07 03:00:00,26.4,1009.6,47.66111593751544
2024-04-07 06:00:00,34.0,1009.4,31.21511716856999
2024-04-07 09:00:00,38.6,1006.2,18.905791002864508
2024-04-07 12:00:00,38.0,1005.0,15.215692714496281
2024-04-07 15:00:00,31.0,1006.8,38.18234194260357
2024-04-07 18:00:00,27.8,1008.0,44.47172614692537
2024-04-07 21:00:00,28.6,1007.2,38.509639017388515
2024-04-08 00:00:00,27.0,1007.4,62.77637062843983
2024-04-08 03:00:00,28.0,1009.4,64.9673083542988
2024-04-08 06:00:00,34.4,1010.1,34.478117246908965
2024-04-08 09:00:00,40.0,1007.4,14.626193535499295
2024-04-08 12:00:00,38.8,1005.9,18.33309562007136
2024-04-08 15:00:00,33.4,1007.3,33.336931410509116
2024-04-08 18:00:00,29.4,1008.3,44.055074845331326
2024-04-08 21:00:00,26.6,1007.0,54.23420155768275
2024-04-09 00:00:00,25.4,1007.1,58.596770845043764
2024-04-09 03:00:00,30.0,1009.2,33.70532303766758
2024-04-09 06:00:00,37.8,1008.9,16.35568331958708
2024-04-09 09:00:00,40.4,1006.6,15.113929141953585
2024-04-09 12:00:00,39.2,1005.4,16.116957843969956
2024-04-09 15:00:00,33.4,1007.2,35.090602754265774
2024-04-09 18:00:00,29.0,1008.1,44.51259047524573
2024-04-09 21:00:00,27.2,1006.9,52.35462148724832
2024-04-10 00:00:00,27.8,1007.5,51.84729878092747
2024-04-10 03:00:00,29.2,1009.5,49.64461630711475
2024-04-10 06:00:00,36.0,1009.5,26.876974684415604
2024-04-10 09:00:00,41.2,1006.7,14.880221587746629
2024-04-10 12:00:00,39.6,1005.1,16.646679163372706
2024-04-10 15:00:00,34.6,1006.4,24.983424553692778
2024-04-10 18:00:00,32.2,1007.8,33.655164841074516
2024-04-10 21:00:00,31.0,1007.1,53.64502413942176
2024-04-11 00:00:00,28.8,1007.9,43.3313576867181
2024-04-11 03:00:00,28.6,1009.8,47.63785276074488
2024-04-11 06:00:00,33.6,1010.2,44.07919835272044
2024-04-11 09:00:00,37.6,1007.6,29.656204649264062
2024-04-11 12:00:00,37.4,1006.3,29.415334448436997
2024-04-11 15:00:00,34.0,1007.4,37.798615236203595
2024-04-11 18:00:00,32.0,1009.5,28.716089486836637
2024-04-11 21:00:00,29.8,1008.7,38.843308734563934
2024-04-12 00:00:00,26.8,1008.5,50.61004329658352
2024-04-12 03:00:00,28.6,1009.7,44.119607567927204
2024-04-12 06:00:00,34.0,1010.2,37.798615236203595
2024-04-12 09:00:00,37.4,1007.6,32.747791939395604
2024-04-12 12:00:00,37.0,1005.6,22.62210227870014
2024-04-12 15:00:00,32.4,1006.9,24.573523244555258
2024-04-12 18:00:00,30.6,1008.0,35.685180929600556
2024-04-12 21:00:00,27.6,1007.7,59.114546352705645
2024-04-13 00:00:00,26.0,1008.5,57.63433267904622
2024-04-13 03:00:00,28.8,1010.6,56.51707465542158
2024-04-13 06:00:00,34.0,1010.4,44.73595098412827
2024-04-13 09:00:00,37.0,1007.8,34.75063988732095
2024-04-13 12:00:00,37.0,1006.5,32.23121797555827
2024-04-13 15:00:00,33.4,1007.8,45.132001309945
2024-04-13 18:00:00,31.8,1009.2,39.145494008561734
2024-04-13 21:00:00,29.2,1008.9,49.64461630711475
2024-04-14 00:00:00,29.0,1009.2,49.28004652644674
2024-04-14 03:00:00,30.6,1010.8,59.08123488638958
2024-04-14 06:00:00,36.0,1010.8,40.791130956418186
2024-04-14 09:00:00,38.4,1008.7,34.48398834484695
2024-04-14 12:00:00,35.0,1008.3,46.68397984064333
2024-04-14 15:00:00,30.2,1010.2,51.80975429231799
2024-04-14 18:00:00,29.6,1011.3,54.63879144543691
2024-04-14 21:00:00,28.8,1009.7,59.02704232458345
2024-04-15 00:00:00,27.6,1010.7,65.68864481870233
2024-04-15 03:00:00,31.0,1012.3,50.112031687266324
2024-04-15 06:00:00,37.0,1012.4,34.75063988732095
2024-04-15 09:00:00,39.0,1009.7,26.63287397388671
2024-04-15 12:00:00,39.2,1008.8,31.427223499624418
2024-04-15 15:00:00,34.6,1009.6,35.64457641060854
2024-04-15 18:00:00,32.0,1011.2,38.45833983449539
2024-04-19 00:00:00,28.8,1006.1,55.12527410197304
2024-04-19 03:00:00,30.0,1007.9,56.10882184768884
2024-04-19 06:00:00,35.2,1008.2,37.18398034931362
2024-04-19 09:00:00,38.6,1005.3,26.024751964438366
2024-04-19 12:00:00,38.4,1003.9,20.690536600955653
2024-04-19 15:00:00,35.0,1005.3,27.316482202350663
2024-04-19 18:00:00,32.4,1006.8,33.928775115959056
2024-04-19 21:00:00,29.0,1006.4,40.15547110727159
2024-04-20 00:00:00,26.6,1006.7,62.29807222676058
2024-04-20 03:00:00,27.4,1008.6,55.125722260708386
2024-04-20 06:00:00,33.0,1008.8,31.756769544913187
2024-04-20 09:00:00,36.4,1006.0,21.739493431798916
2024-04-20 12:00:00,37.0,1005.0,22.62210227870014
2024-04-20 15:00:00,33.4,1006.6,24.181413072816248
2024-04-20 18:00:00,30.0,1007.6,30.727802760765467
2024-04-20 21:00:00,29.0,1006.9,42.28469233863707
2024-04-21 00:00:00,27.0,1006.8,57.51084662663192
2024-04-21 03:00:00,28.6,1008.8,60.08656570259691
2024-04-21 06:00:00,33.4,1009.2,42.943028957546275
2024-04-21 09:00:00,36.0,1006.4,30.959972860837166
2024-04-21 12:00:00,37.4,1005.1,27.071873369287037
2024-04-21 15:00:00,33.0,1006.5,26.25721146956644
2024-04-21 18:00:00,30.4,1007.8,36.56795519894451
2024-04-21 21:00:00,29.6,1007.1,41.90837816982436
2024-04-22 00:00:00,27.6,1007.5,47.67555123925272
2024-04-22 03:00:00,28.4,1009.7,48.81145236907877
2024-04-22 06:00:00,34.4,1009.7,33.61085308184106
2024-04-22 09:00:00,39.0,1007.3,19.381233768985318
2024-04-22 12:00:00,38.4,1005.5,20.019046195493285
2024-04-22 15:00:00,34.0,1006.6,23.383364207552248
2024-04-22 18:00:00,29.8,1008.2,34.545791522111145
2024-04-22 21:00:00,29.0,1007.1,42.28469233863707
2024-04-23 00:00:00,26.6,1007.2,62.29807222676058
2024-04-23 03:00:00,29.0,1008.6,45.66475006650691
2024-04-23 06:00:00,35.4,1008.6,33.88393734326791
2024-04-23 09:00:00,39.4,1006.0,21.209395548188457
2024-04-23 12:00:00,38.6,1004.1,22.433651461013515
2024-04-23 15:00:00,33.6,1005.4,35.370369819266124
2024-04-23 18:00:00,30.6,1006.4,40.85784720613469
2024-04-23 21:00:00,29.6,1005.0,39.80447898053956
2024-04-24 00:00:00,28.0,1005.5,53.22632223446673
2024-04-24 03:00:00,29.4,1007.6,62.147323833199586
2024-04-24 06:00:00,35.4,1008.0,35.638429396287464
2024-04-24 09:00:00,40.0,1005.4,22.63696758223953
2024-04-24 12:00:00,40.2,1003.7,20.856441259670326
2024-04-24 15:00:00,35.2,1005.9,36.2620391271551
2024-04-24 18:00:00,33.0,1006.8,39.47490249086487
2024-04-24 21:00:00,30.2,1005.5,47.162917470936314
2024-04-25 00:00:00,29.0,1005.8,51.827728335121904
2024-04-25 03:00:00,30.2,1008.0,49.28378027609706
2024-04-25 06:00:00,36.0,1007.9,31.960576161503475
2024-04-25 09:00:00,40.6,1005.4,24.759039796200504
2024-04-25 12:00:00,40.4,1003.9,23.178892721564736
2024-04-25 15:00:00,35.6,1005.1,36.829603053864346
2024-04-25 18:00:00,33.4,1006.1,42.943028957546275
2024-04-25 21:00:00,30.6,1005.7,51.514797330071595
2024-04-26 00:00:00,28.6,1006.1,60.08656570259691
2024-04-26 03:00:00,29.8,1008.1,51.38560253203829
2024-04-26 06:00:00,34.8,1009.0,33.082260847898056
2024-04-26 09:00:00,38.2,1006.5,20.37108738030621
2024-04-26 12:00:00,39.4,1004.4,21.911260293855783
2024-04-26 15:00:00,33.8,1005.7,35.65136664731109
2024-04-26 18:00:00,31.2,1007.0,39.482199010066786
2024-04-26 21:00:00,28.6,1006.4,50.118163902781596
2024-04-27 00:00:00,29.0,1007.0,56.56535492258467
2024-04-27 03:00:00,31.0,1009.4,51.372385333162065
2024-04-27 06:00:00,35.6,1009.6,35.025931208261305
2024-04-27 09:00:00,38.2,1007.4,18.93728656976885
2024-04-27 12:00:00,39.5,1005.6,20.417506790576194
2024-04-27 15:00:00,34.6,1006.9,28.48008344433835
2024-04-27 18:00:00,31.8,1008.0,38.15857338999128
2024-04-27 21:00:00,29.0,1007.2,41.20798468412713
2024-04-28 00:00:00,29.0,1007.7,40.15547110727159
2024-04-28 03:00:00,30.6,1009.4,40.85784720613469
2024-04-28 06:00:00,36.4,1009.2,25.7857696803704
2024-04-28 09:00:00,39.4,1006.4,15.730743609446534
2024-04-28 12:00:00,40.2,1004.8,15.483495240531179
2024-04-28 15:00:00,34.2,1006.7,26.22821027552528
2024-04-28 18:00:00,32.0,1007.9,25.81845531771868
2024-04-28 21:00:00,30.2,1007.6,32.02956219546832
2024-04-29 00:00:00,29.2,1007.5,50.591568433033885
2024-04-29 03:00:00,31.0,1009.4,43.65326872157307
2024-04-29 06:00:00,36.6,1009.7,23.58261711211373
2024-04-29 09:00:00,39.6,1007.3,20.04378955656311
2024-04-29 12:00:00,40.2,1005.5,19.410507854045736
2024-04-29 15:00:00,36.0,1007.4,26.876974684415604
2024-04-29 18:00:00,31.0,1008.2,42.56104163490366
2024-04-29 21:00:00,28.4,1007.5,45.2118862197426
2024-04-30 00:00:00,27.4,1007.9,33.42508336707753
2024-04-30 03:00:00,31.8,1009.5,21.904152033169467
2024-04-30 06:00:00,37.0,1008.8,16.62515404910194
2024-04-30 09:00:00,39.4,1005.5,15.730743609446534
2024-04-30 12:00:00,39.6,1003.2,14.74108068739631
2024-04-30 15:00:00,34.0,1004.2,19.255846868651183
2024-04-30 18:00:00,31.2,1005.3,23.770613049906054
2024-04-30 21:00:00,29.6,1003.8,30.211855074977827
2024-05-01 21:00:00,28.4,1004.1,33.704905272398875
2024-05-02 00:00:00,26.0,1004.4,38.28748664717827
2024-05-02 03:00:00,28.4,1006.2,34.84088720984708
2024-05-02 06:00:00,37.4,1006.5,13.693380052639986
2024-05-02 09:00:00,40.0,1004.5,9.6344124394265
2024-05-02 12:00:00,40.0,1002.9,17.511299940236732
2024-05-02 15:00:00,33.6,1004.8,25.388187441046966
2024-05-02 18:00:00,31.6,1006.4,27.12594970361132
2024-05-02 21:00:00,30.2,1005.1,29.975749665046227
2024-05-03 00:00:00,28.0,1006.2,30.999644843189095
2024-05-03 03:00:00,30.2,1007.8,35.11290713359887
2024-05-03 06:00:00,36.6,1007.8,22.079606345054014
2024-05-03 09:00:00,40.6,1004.7,12.267733642497452
2024-05-03 12:00:00,41.0,1003.8,14.056776624110936
2024-05-03 15:00:00,33.8,1005.7,24.866241654687258
2024-05-03 18:00:00,31.4,1006.9,35.67570668526358
2024-05-03 21:00:00,30.6,1006.4,37.826828214273384
2024-05-04 00:00:00,29.4,1007.1,52.25595491573255
2024-05-04 03:00:00,32.6,1009.1,54.04084502929489
2024-05-04 06:00:00,38.2,1003.0,30.194774756742188
2024-05-04 09:00:00,40.6,1006.4,23.983309729113323
2024-05-04 12:00:00,39.6,1004.7,28.714129850411783
2024-05-04 15:00:00,35.6,1006.3,33.08993982216657
2024-05-04 18:00:00,33.4,1006.5,40.08553584334777
2024-05-04 21:00:00,32.4,1005.3,39.81200409457464
2024-05-05 00:00:00,30.2,1005.2,55.12649636528158
2024-05-05 03:00:00,31.4,1007.2,35.67570668526358
2024-05-05 06:00:00,35.0,1007.3,33.34829415288814
2024-05-05 09:00:00,38.4,1004.6,33.017648639506966
2024-05-05 12:00:00,39.0,1003.1,28.736359752960155
2024-05-05 15:00:00,36.0,1003.9,33.620700844029585
2024-05-05 18:00:00,32.4,1005.5,41.875071945174035
2024-05-05 21:00:00,29.6,1005.0,60.68601439855552
2024-05-06 00:00:00,28.0,1005.4,72.96396353006286
2024-05-06 03:00:00,30.0,1006.9,58.58138510397075
2024-05-06 06:00:00,36.0,1007.5,39.796368664073576
2024-05-06 09:00:00,39.8,1005.0,27.528038982058895
2024-05-06 12:00:00,40.6,1003.3,21.923740480899184
2024-05-06 15:00:00,36.4,1004.3,24.157204703320726
2024-05-06 18:00:00,33.0,1005.8,44.74625811198047
2024-05-06 21:00:00,31.4,1004.8,49.59587656532929
2024-05-07 00:00:00,30.0,1005.5,71.5698382304094
2024-05-07 03:00:00,31.8,1007.2,64.96944081021161
2024-05-07 06:00:00,37.2,1007.0,45.581852379277095
2024-05-07 09:00:00,41.0,1005.0,27.32430254431182
2024-05-07 12:00:00,42.4,1003.5,23.980815938935923
2024-05-07 15:00:00,37.2,1005.4,40.120378794241006
2024-05-07 18:00:00,33.2,1006.8,49.14728523903349
2024-05-07 21:00:00,31.6,1005.7,55.46769384647515
2024-05-08 00:00:00,30.6,1005.9,55.56557299066436
2024-05-08 03:00:00,31.6,1007.7,51.84401660919995
2024-05-08 06:00:00,36.8,1007.4,32.79139048773444
2024-05-08 12:00:00,42.6,1002.8,21.576730989240087
2024-05-08 15:00:00,38.0,1003.4,33.32297862323403
2024-05-08 18:00:00,33.6,1005.2,53.632996598820334
2024-05-08 21:00:00,31.4,1004.2,51.793336482077336
2024-05-09 00:00:00,30.2,1004.8,45.98734517749429
2024-05-09 03:00:00,31.4,1006.8,52.76094443060454
2024-05-09 06:00:00,37.4,1007.1,35.07668384763683
2024-05-09 09:00:00,41.4,1004.7,27.087804098135454
2024-05-09 12:00:00,42.0,1002.7,21.568348256816964
2024-05-09 15:00:00,37.6,1003.9,38.777389609655614
2024-05-09 18:00:00,33.6,1005.5,51.40088317557658
2024-05-09 21:00:00,32.0,1004.9,50.99468465735812
2024-05-10 00:00:00,30.2,1006.2,57.5576548506657
2024-05-10 03:00:00,31.2,1008.4,61.04527320720593
2024-05-10 06:00:00,37.2,1008.6,39.38899905609476
2024-05-10 09:00:00,40.4,1006.5,32.54021696989336
2024-05-10 12:00:00,40.6,1004.1,30.454961739515664
2024-05-10 15:00:00,37.4,1005.6,39.44295378579946
2024-05-10 18:00:00,33.4,1008.1,59.010628693089586
2024-05-10 21:00:00,32.0,1007.4,52.26545370306257
2024-05-11 00:00:00,30.4,1008.1,56.552501126573276
2024-05-11 03:00:00,31.8,1010.2,54.17441650106471
2024-05-11 06:00:00,36.4,1009.8,38.45269819396412
2024-05-11 09:00:00,40.2,1007.8,31.694485923523214
2024-05-11 12:00:00,41.0,1005.5,31.712279524133574
2024-05-11 15:00:00,37.4,1006.3,35.07668384763683
2024-05-11 18:00:00,36.0,1007.9,35.35609420207959
2024-05-11 21:00:00,32.8,1007.6,48.742535253752614
2024-05-12 00:00:00,31.4,1008.0,57.48913124065053
2024-05-12 03:00:00,32.6,1009.9,58.47312526786792
2024-05-12 06:00:00,36.6,1010.0,41.458005382437314
2024-05-12 09:00:00,41.0,1007.9,33.30629489975427
2024-05-12 12:00:00,41.6,1005.4,29.422446974733553
2024-05-12 15:00:00,37.2,1006.3,40.120378794241006
2024-05-12 18:00:00,35.4,1007.4,44.01674985155224
2024-05-12 21:00:00,32.2,1006.6,50.11093393474899
2024-05-13 00:00:00,30.6,1007.7,53.21506820591533
2024-05-13 03:00:00,32.6,1008.9,31.237941987563623
2024-05-13 06:00:00,38.6,1009.1,40.74238789281273
2024-05-13 09:00:00,41.4,1006.8,30.667057156742267
2024-05-13 12:00:00,34.0,1006.5,35.9335914192412
2024-05-13 15:00:00,26.0,1010.3,76.27392919082712
2024-05-13 18:00:00,25.8,1011.2,77.656453842952
2024-05-13 21:00:00,27.6,1008.4,56.58013366480121
2024-05-14 00:00:00,26.6,1008.6,61.139934561733845
2024-05-14 03:00:00,28.4,1010.6,54.68305210736864
2024-05-14 06:00:00,32.6,1011.2,46.337718597018466
2024-05-14 09:00:00,34.4,1009.4,41.11941095890131
2024-05-14 12:00:00,37.0,1007.0,33.89227876632347
2024-05-14 15:00:00,32.8,1007.7,53.110611200120836
2024-05-14 18:00:00,29.2,1008.3,59.85378438811079
2024-05-14 21:00:00,28.5,1007.3,69.16981011788856
2024-05-15 00:00:00,29.0,1008.4,57.98691806209805
2024-05-15 03:00:00,33.2,1009.7,41.82966122972637
2024-05-15 06:00:00,36.6,1009.9,31.719253448790237
2024-05-15 09:00:00,38.4,1007.7,32.20454955519995
2024-05-15 12:00:00,39.4,1006.3,26.23248224820905
2024-05-15 15:00:00,33.4,1007.6,36.924862015547816
2024-05-15 18:00:00,31.4,1008.4,48.377274941391825
2024-05-15 21:00:00,30.4,1008.0,54.16202439894491
2024-05-16 00:00:00,30.4,1008.4,51.860643353792355
2024-05-16 03:00:00,33.0,1010.1,48.794473971805594
2024-05-16 06:00:00,38.8,1009.5,32.51373923275622
2024-05-16 09:00:00,42.6,1006.5,21.576730989240087
2024-05-16 12:00:00,43.0,1004.0,20.728008152884208
2024-05-16 15:00:00,37.4,1005.3,27.071873369287037
2024-05-16 18:00:00,34.6,1006.0,31.988146693890418
2024-05-16 21:00:00,32.6,1005.3,40.11966376684985
2024-05-17 00:00:00,32.2,1006.2,45.944408730541696
2024-05-17 03:00:00,33.6,1007.5,28.027439373349992
2024-05-17 06:00:00,39.0,1007.1,26.63287397388671
2024-05-17 09:00:00,42.6,1004.0,22.27462127906474
2024-05-17 12:00:00,43.6,1002.0,19.580321100934626
2024-05-17 15:00:00,37.0,1003.8,30.448368465568105
2024-05-17 18:00:00,35.4,1004.7,35.638429396287464
2024-05-17 21:00:00,33.0,1005.4,50.936406587781846
2024-05-18 00:00:00,31.6,1005.0,62.25158297844957
2024-05-18 03:00:00,33.4,1006.3,48.00543683508618
2024-05-18 06:00:00,38.8,1005.5,28.683441699515395
2024-05-18 09:00:00,43.2,1002.5,16.674267742173797
2024-05-18 12:00:00,44.0,1000.1,15.888586302648076
2024-05-18 15:00:00,39.0,1001.0,27.318477245435442
2024-05-18 18:00:00,35.4,1002.9,33.88393734326791
2024-05-18 21:00:00,35.0,1001.9,28.03643575037328
2024-05-19 00:00:00,33.6,1002.0,29.918441684822923
2024-05-19 03:00:00,33.6,1003.8,35.370369819266124
2024-05-19 06:00:00,39.6,1003.5,22.103629118351154
2024-05-19 09:00:00,43.6,1000.8,14.308542368976951
2024-05-19 12:00:00,44.4,998.7,14.09550835538277
2024-05-19 15:00:00,38.8,999.0,23.37618188755217
2024-05-19 18:00:00,36.0,1001.0,29.41622551662091
2024-05-19 21:00:00,35.0,1000.7,33.34829415288814
2024-05-20 00:00:00,32.6,1002.1,46.337718597018466
2024-05-20 03:00:00,34.0,1003.8,50.879846925795135
2024-05-20 06:00:00,40.4,1003.9,25.994489067059927
2024-05-20 09:00:00,44.0,1002.1,17.63533178432696
2024-05-20 12:00:00,44.0,1000.0,17.63533178432696
2024-05-20 15:00:00,39.6,1001.1,25.787887967242852
2024-05-20 18:00:00,37.0,1002.4,30.448368465568105
2024-05-20 21:00:00,34.8,1001.8,44.39977355119524
2024-05-21 00:00:00,32.6,1002.3,47.50135055929089
2024-05-21 03:00:00,33.4,1004.1,42.943028957546275
2024-05-21 06:00:00,39.4,1003.9,24.141043993488072
2024-05-21 09:00:00,44.0,1001.3,15.273964528589023
2024-05-21 12:00:00,44.4,999.6,15.767378233546713
2024-05-21 15:00:00,38.6,1000.9,30.68440654894502
2024-05-21 18:00:00,37.6,1001.7,34.481722841253834
2024-05-21 21:00:00,34.6,1001.1,55.51953672301835
2024-05-22 00:00:00,32.4,1001.7,66.6618617053601
2024-05-22 03:00:00,33.0,1003.4,63.305763001067604
2024-05-22 06:00:00,39.4,1003.2,37.17322598516377
2024-05-22 09:00:00,44.0,1000.5,24.382779564249486
2024-05-22 12:00:00,45.4,998.5,19.13492260179274
2024-05-22 15:00:00,39.6,999.2,32.52677303608
2024-05-22 18:00:00,36.6,1000.5,37.798596899556465
2024-05-22 21:00:00,34.4,999.7,49.15636027363035
2024-05-23 00:00:00,33.4,1000.3,50.11110420939171
2024-05-23 03:00:00,33.4,1001.9,50.11110420939171
2024-05-23 06:00:00,40.6,1000.7,26.88004693086662
2024-05-23 09:00:00,45.6,998.5,15.412704493327833
2024-05-23 12:00:00,46.2,997.0,12.426880957649807
2024-05-23 15:00:00,41.2,997.9,24.754857918729815
2024-05-23 18:00:00,37.0,999.3,36.524784215721255
2024-05-23 21:00:00,37.0,999.3,36.524784215721255
2024-05-24 00:00:00,32.2,999.3,54.60518702638903
2024-05-24 03:00:00,32.6,1001.0,56.048518886750145
2024-05-24 06:00:00,39.0,1001.1,30.408376308266917
2024-05-24 09:00:00,43.4,998.6,16.393099928376063
2024-05-24 12:00:00,45.4,996.8,21.086036052972254
2024-05-24 15:00:00,40.2,997.8,25.778972177568445
2024-05-24 18:00:00,37.0,999.1,32.23121797555827
2024-05-24 21:00:00,33.4,999.2,41.883910073878724
2024-05-25 00:00:00,31.4,1000.2,63.34384135735378
2024-05-25 03:00:00,32.6,1002.1,63.59928466928304
2024-05-25 06:00:00,37.4,1002.0,40.42059918310621
2024-05-25 09:00:00,42.8,999.2,26.448319162246005
2024-05-25 12:00:00,43.4,997.5,23.045360101518742
2024-05-25 15:00:00,39.4,999.1,33.08167247606541
2024-05-25 18:00:00,34.8,1001.0,57.936588421156856
2024-05-25 21:00:00,34.0,1000.9,47.575273109543275
2024-05-26 00:00:00,32.4,1001.5,49.24307764278141
2024-05-26 03:00:00,32.0,1003.1,65.01074996458017
2024-05-26 06:00:00,36.8,1003.4,46.308552225333045
2024-05-26 09:00:00,42.2,1000.1,31.450370758024583
2024-05-26 12:00:00,43.0,998.0,24.589767206249146
2024-05-26 15:00:00,40.0,998.8,36.217035230087
2024-05-26 18:00:00,34.2,1000.6,65.46087940474851
2024-05-26 21:00:00,33.0,999.9,55.468825283877344
2024-05-27 00:00:00,33.0,999.9,55.468825283877344
2024-05-27 03:00:00,32.0,1001.5,69.82505728068918
2024-05-27 06:00:00,38.0,1000.8,42.857891490135415
2024-05-27 09:00:00,43.6,997.8,25.84171737033848
2024-05-27 12:00:00,45.0,996.2,22.864834463964417
2024-05-27 15:00:00,34.8,998.3,56.91064806529948
2024-05-27 18:00:00,33.6,999.7,67.29450442917697
2024-05-27 21:00:00,31.6,999.7,64.9280664556721
2024-05-28 00:00:00,30.4,1000.6,70.36635155961307
2024-05-28 03:00:00,32.0,1002.2,66.1862478230639
2024-05-28 06:00:00,37.0,1001.5,45.529395294766076
2024-05-28 09:00:00,42.4,998.5,30.931620453748764
2024-05-28 12:00:00,43.4,996.5,27.776604797228003
2024-05-28 15:00:00,34.0,998.7,62.77037868066636
2024-05-28 18:00:00,33.6,999.9,52.66619140083634
2024-05-28 21:00:00,32.0,999.6,60.12540926930006
2024-05-29 00:00:00,30.4,1000.3,65.07093044891502
2024-05-29 03:00:00,32.0,1001.5,62.71443976755974
2024-05-29 06:00:00,36.0,1001.4,47.51709753362507
2024-05-29 09:00:00,41.4,998.8,35.077117374326114
2024-05-29 12:00:00,39.6,997.1,40.76337196105651
2024-05-29 15:00:00,34.0,1000.4,62.77037868066636
2024-05-29 18:00:00,33.2,1001.7,69.63490751790683
2024-05-29 21:00:00,32.4,1001.3,58.42677310946739
2024-05-30 00:00:00,31.4,1002.0,64.49787905022467
2024-05-30 03:00:00,32.2,1003.6,59.090770552518066
2024-05-30 06:00:00,36.4,1003.3,46.76620535841806
2024-05-30 09:00:00,41.0,1001.0,33.30629489975427
2024-05-30 12:00:00,43.0,999.3,26.66460515182914
2024-05-30 15:00:00,34.6,1001.9,58.933037767250966
2024-05-30 18:00:00,32.4,1003.8,67.85998060995067
2024-05-30 21:00:00,32.4,1003.2,67.85998060995067
2024-05-31 00:00:00,31.6,1004.2,64.9280664556721
2024-05-31 03:00:00,31.6,1005.7,64.9280664556721
2024-05-31 06:00:00,36.8,1005.2,44.38835366041097
2024-05-31 09:00:00,41.0,1002.4,32.50072183631252
2024-05-31 12:00:00,42.4,1001.0,27.3471658095499
2024-05-31 15:00:00,35.4,1002.1,53.11218922804798
2024-05-31 18:00:00,33.0,1003.2,64.44613125580591
2024-05-31 21:00:00,32.6,1002.8,61.72510709079442
2024-06-01 00:00:00,31.0,1003.5,63.258166707380134
2024-06-01 03:00:00,33.2,1005.7,60.03499793790983
2024-06-01 06:00:00,37.4,1005.5,44.01164944015777
2024-06-01 09:00:00,40.5,1002.9,33.99543623889545
2024-06-01 12:00:00,41.6,1000.7,33.87590273081163
2024-06-01 15:00:00,35.2,1002.4,45.8888450476227
2024-06-01 18:00:00,32.6,1004.3,63.22051607138405
2024-06-01 21:00:00,32.4,1003.5,63.9379440059793
2024-06-02 00:00:00,30.6,1005.5,65.50658692237978
2024-06-02 03:00:00,32.0,1006.8,66.1862478230639
2024-06-02 06:00:00,37.0,1006.6,41.81986488052018
2024-06-02 09:00:00,39.6,1003.9,30.95151564372732
2024-06-02 12:00:00,41.4,1001.9,24.96295497382048
2024-06-02 15:00:00,37.6,1003.1,27.29879481862595
2024-06-02 18:00:00,33.6,1005.1,50.46945953917431
2024-06-02 21:00:00,32.4,1003.5,66.6618617053601
2024-06-03 00:00:00,31.4,1004.2,59.989475281496674
2024-06-03 03:00:00,32.6,1006.0,59.54003872035679
2024-06-03 06:00:00,37.6,1005.9,45.96196861442699
2024-06-03 09:00:00,40.6,1003.3,33.60857630805537
2024-06-03 12:00:00,41.6,1001.3,31.483791964053527
2024-06-03 15:00:00,36.6,1003.4,42.226041971973615
2024-06-03 18:00:00,34.4,1004.8,54.154564287934356
2024-06-04 00:00:00,31.6,1004.9,74.88472135092377
2024-06-04 03:00:00,32.4,1006.8,59.49445671738769
2024-06-04 06:00:00,37.2,1006.7,41.11405443334469
2024-06-04 09:00:00,40.8,1004.2,33.8683933411619
2024-06-04 12:00:00,41.4,1001.9,31.43068297813474
2024-06-04 15:00:00,36.8,1002.6,44.38835366041097
2024-06-04 18:00:00,34.4,1005.3,58.53767634739428
2024-06-04 21:00:00,32.0,1005.1,53.2366666229233
2024-06-05 00:00:00,30.2,1006.1,63.85719380100154
2024-06-05 03:00:00,32.2,1007.7,59.090770552518066
2024-06-05 06:00:00,37.0,1007.6,39.09378371023023
2024-06-05 09:00:00,40.4,1004.8,32.54021696989336
2024-06-05 12:00:00,41.4,1001.7,27.772773691156203
2024-06-05 15:00:00,36.4,1003.1,47.908694402066544
2024-06-05 18:00:00,34.6,1005.8,43.265824666661075
2024-06-05 21:00:00,32.2,1005.6,53.6134760314917
2024-06-06 00:00:00,30.2,1006.4,67.83823315041917
2024-06-06 03:00:00,31.6,1008.1,66.1056160585513
2024-06-06 06:00:00,36.6,1008.1,42.226041971973615
2024-06-06 09:00:00,39.6,1005.6,32.52677303608
2024-06-06 12:00:00,41.6,1003.0,26.469340010374886
2024-06-06 15:00:00,37.8,1003.4,31.44509296494908
2024-06-06 18:00:00,34.6,1006.2,54.52982508908034
2024-06-06 21:00:00,32.6,1005.3,56.048518886750145
2024-06-07 00:00:00,31.0,1004.9,50.112031687266324
2024-06-07 03:00:00,32.8,1006.1,58.51941154180648
2024-06-07 06:00:00,37.4,1005.6,44.01164944015777
2024-06-07 09:00:00,41.6,1002.8,30.9094234421046
2024-06-07 12:00:00,42.4,999.6,28.734648453829386
2024-06-07 15:00:00,39.2,1001.0,37.80445478589714
2024-06-07 18:00:00,36.2,1003.8,51.742463746853154
2024-06-07 21:00:00,34.0,1003.1,42.57262209391062
2024-06-08 00:00:00,32.6,1003.3,59.54003872035679
2024-06-08 03:00:00,33.6,1005.7,61.576188549831414
2024-06-08 06:00:00,36.6,1005.3,47.960341553351576
2024-06-08 09:00:00,40.6,1001.7,34.44033538927595
2024-06-08 12:00:00,41.8,998.9,30.210713542593147
2024-06-08 15:00:00,38.0,1000.3,41.83281146028074
2024-06-08 18:00:00,36.4,1002.7,44.82417315237808
2024-06-08 21:00:00,34.2,1002.8,53.13543895263694
2024-06-09 00:00:00,32.2,1002.7,60.53434625894101
2024-06-09 03:00:00,33.8,1004.4,61.62000418347626
2024-06-09 06:00:00,37.6,1003.4,45.96196861442699
2024-06-09 09:00:00,41.4,1001.0,33.617267850616074
2024-06-09 12:00:00,43.0,998.5,28.016404203589712
2024-06-09 15:00:00,39.6,1001.2,33.340447545366956
2024-06-09 18:00:00,30.6,1004.2,63.94211751218886
2024-06-09 21:00:00,30.4,1003.1,65.07093044891502
2024-06-10 00:00:00,30.6,1003.6,62.79033585952567
2024-06-10 03:00:00,31.2,1005.4,66.82152314124305
2024-06-10 06:00:00,34.4,1004.7,59.59215392807818
2024-06-10 09:00:00,39.4,1002.6,41.45172720267665
2024-06-10 12:00:00,39.6,1001.2,37.45410288981282
2024-06-10 15:00:00,36.0,1003.1,53.578100478732416
2024-06-10 18:00:00,27.4,1006.7,98.25637024612985
2024-06-10 21:00:00,27.6,1003.9,92.09950049107172
2024-06-11 00:00:00,29.0,1003.9,79.0585121873896
2024-06-11 03:00:00,30.4,1005.5,75.58532357148971
2024-06-11 06:00:00,34.2,1005.1,57.45282698261636
2024-06-11 09:00:00,38.0,1003.0,44.43675337267405
2024-06-11 12:00:00,40.2,1000.7,34.75563867426904
2024-06-11 15:00:00,36.0,1002.3,50.46801146991017
2024-06-11 18:00:00,34.0,1004.7,63.89432970526357
2024-06-11 21:00:00,32.0,1004.7,54.55620730373795
2024-06-12 00:00:00,30.4,1004.7,71.64060697493404
2024-06-12 03:00:00,31.6,1006.3,66.1056160585513
2024-06-12 06:00:00,35.0,1005.7,51.75303582520855
2024-06-12 09:00:00,39.0,1003.3,37.75064647144954
2024-06-12 12:00:00,40.8,1001.3,27.789623926757027
2024-06-12 15:00:00,36.2,1003.2,48.73019846114092
2024-06-12 18:00:00,32.4,1005.0,66.6618617053601
2024-06-12 21:00:00,31.6,1004.1,69.75114396222972
2024-06-13 00:00:00,30.4,1005.1,69.11197515651446
2024-06-13 03:00:00,31.6,1006.6,67.30181208332723
2024-06-13 06:00:00,36.0,1005.6,45.542429698172974
2024-06-13 09:00:00,40.0,1002.8,31.445728078034875
2024-06-13 12:00:00,41.2,1000.6,31.96106043932231
2024-06-13 15:00:00,36.2,1001.7,52.67734524059836
2024-06-13 18:00:00,28.6,1004.2,77.59711341151534
2024-06-13 21:00:00,31.2,1003.0,66.82152314124305
2024-06-14 00:00:00,30.0,1003.5,75.5227593496699
2024-06-14 03:00:00,31.4,1004.6,69.71409411644107
2024-06-14 06:00:00,35.2,1004.6,55.99588621396323
2024-06-14 09:00:00,38.4,1002.3,38.75583054883156
2024-06-14 12:00:00,39.2,1001.0,36.22294826543474
2024-06-14 15:00:00,33.8,1002.7,51.765014611076786
2024-06-14 18:00:00,29.0,1004.3,83.40169277956687
2024-06-14 21:00:00,31.0,1003.3,65.58856385714532
2024-06-15 00:00:00,30.4,1003.3,67.87721438855921
2024-06-15 03:00:00,32.0,1004.5,65.01074996458017
2024-06-15 06:00:00,35.0,1003.9,51.75303582520855
2024-06-15 09:00:00,38.6,1001.4,36.50702148542197
2024-06-15 12:00:00,39.8,999.3,32.78216640912338
2024-06-15 15:00:00,35.2,1001.9,47.887740242840856
2024-06-15 18:00:00,32.4,1004.1,58.42677310946739
2024-06-15 21:00:00,31.6,1003.5,62.25158297844957
2024-06-16 00:00:00,30.4,1004.0,69.11197515651446
2024-06-16 03:00:00,33.0,1004.8,61.07786865205016
2024-06-16 06:00:00,36.6,1004.7,47.960341553351576
2024-06-16 09:00:00,40.2,1002.4,38.76861155939422
2024-06-16 12:00:00,39.6,1000.6,39.07807009517239
2024-06-16 15:00:00,35.4,1002.2,50.0134364106607
2024-06-16 18:00:00,33.0,1003.7,61.07786865205016
2024-06-16 21:00:00,31.8,1003.4,66.14596424716504
2024-06-17 00:00:00,31.4,1004.0,67.26247234040332
2024-06-17 03:00:00,33.6,1005.5,60.48499185110832
2024-06-17 06:00:00,36.4,1004.9,47.908694402066544
2024-06-17 09:00:00,39.8,1002.9,35.943354739958366
2024-06-17 12:00:00,40.6,1000.5,35.075938439518524
2024-06-17 15:00:00,36.2,1002.4,52.67734524059836
2024-06-17 18:00:00,34.4,1003.8,52.23042332735089
2024-06-17 21:00:00,32.8,1003.0,62.13958951433999
2024-06-18 00:00:00,32.0,1002.9,66.1862478230639
2024-06-18 03:00:00,33.0,1003.9,64.44613125580591
2024-06-18 06:00:00,37.0,1003.5,47.48991405743266
2024-06-18 09:00:00,40.0,1001.6,36.217035230087
2024-06-18 12:00:00,39.8,999.3,35.943354739958366
2024-06-18 15:00:00,35.4,1001.1,50.9259925271208
2024-06-18 18:00:00,33.0,1002.4,62.18308645409979
2024-06-18 21:00:00,32.0,1001.3,67.38029965170892
2024-06-19 00:00:00,31.6,1000.8,71.00478678077775
2024-06-19 03:00:00,32.0,1001.5,68.5931528079531
2024-06-19 06:00:00,36.4,1001.0,48.78152494046583
2024-06-19 09:00:00,37.8,998.7,47.12978764572158
2024-06-19 12:00:00,36.4,997.0,50.87246310030946
2024-06-19 15:00:00,33.6,997.9,61.576188549831414
2024-06-19 18:00:00,32.2,999.4,71.53290094917851
2024-06-19 21:00:00,31.8,998.3,73.60449518826249
2024-06-20 00:00:00,31.2,998.6,72.20890765279174
2024-06-20 03:00:00,32.6,1000.1,66.70160074556692
2024-06-20 06:00:00,36.2,999.8,50.51855496259853
2024-06-20 09:00:00,39.0,997.8,41.09659842463328
2024-06-20 12:00:00,39.2,995.4,39.44613535192501
2024-06-20 15:00:00,34.6,997.4,56.524933034712646
2024-06-20 18:00:00,32.4,999.6,61.68118591242464
2024-06-20 21:00:00,32.0,999.6,67.38029965170892
2024-06-21 00:00:00,31.2,999.5,72.20890765279174
2024-06-21 03:00:00,32.8,1001.7,67.93722542562669
2024-06-21 06:00:00,36.2,1001.2,54.59153725568461
2024-06-21 09:00:00,40.0,999.2,39.42202473783078
2024-06-21 12:00:00,39.8,997.0,35.943354739958366
2024-06-21 15:00:00,33.6,999.1,47.17954352157042
2024-06-21 18:00:00,30.8,1001.3,64.3721697153576
2024-06-21 21:00:00,30.6,999.9,67.91613145039247
2024-06-22 00:00:00,30.0,999.5,71.5698382304094
2024-06-22 03:00:00,31.6,1001.0,71.00478678077775
2024-06-22 06:00:00,35.6,1000.5,55.09908923504643
2024-06-22 09:00:00,39.0,998.3,40.11510367549571
2024-06-22 12:00:00,40.4,995.8,36.54550672322151
2024-06-22 15:00:00,37.6,997.7,43.27257067611209
2024-06-22 18:00:00,33.6,1000.9,63.81035576931347
2024-06-22 21:00:00,32.0,1000.4,66.1862478230639
2024-06-23 00:00:00,29.6,999.9,68.54498148512985
2024-06-23 03:00:00,30.6,1000.9,70.40290332892224
2024-06-23 06:00:00,33.4,1000.8,62.269883795368706
2024-06-23 09:00:00,35.0,998.3,55.948293602131415
2024-06-23 12:00:00,38.4,995.6,42.19357317571454
2024-06-23 15:00:00,36.4,997.6,50.87246310030946
2024-06-23 18:00:00,33.2,998.9,54.188212715085356
2024-06-23 21:00:00,32.4,998.8,60.57918429384643
2024-06-24 00:00:00,31.6,998.1,64.9280664556721
2024-06-24 03:00:00,29.6,1000.2,84.95652278782288
2024-06-24 06:00:00,33.4,999.7,64.91266364161814
2024-06-24 09:00:00,36.4,997.3,53.67577880669996
2024-06-24 12:00:00,35.6,995.7,57.43753526548385
2024-06-24 15:00:00,33.8,996.9,59.45619966284473
2024-06-24 18:00:00,33.0,997.9,65.60442666205464
2024-06-24 21:00:00,26.2,997.9,100.0
2024-06-25 00:00:00,26.4,998.0,100.0
2024-06-25 03:00:00,26.8,998.3,98.24867165262664
2024-06-25 06:00:00,29.2,998.3,90.58588438387352
2024-06-25 09:00:00,34.4,996.5,66.66465260488106
2024-06-25 12:00:00,34.2,994.4,66.62513546519824
2024-06-25 15:00:00,32.0,996.2,72.34703340707203
2024-06-25 18:00:00,31.2,997.7,79.82480457377302
2024-06-25 21:00:00,30.6,996.8,84.06979751556185
2024-06-26 00:00:00,30.4,995.7,84.04833399732397
2024-06-26 03:00:00,31.4,996.9,80.31973345807687
2024-06-26 06:00:00,34.8,997.6,61.1121171224814
2024-06-26 09:00:00,36.6,996.2,60.08565672829613
2024-06-26 12:00:00,36.6,994.0,55.01242713543203
2024-06-26 15:00:00,34.2,997.0,66.62513546519824
2024-06-26 18:00:00,32.2,998.6,70.27643339934488
2024-06-26 21:00:00,31.4,997.1,76.18814229624397
2024-06-27 00:00:00,30.4,997.0,81.13972960661955
2024-06-27 03:00:00,30.6,998.1,76.97150804274018
2024-06-27 06:00:00,33.6,999.6,67.29450442917697
2024-06-27 09:00:00,35.6,997.2,61.64862011453256
2024-06-27 12:00:00,32.0,996.6,69.82505728068918
2024-06-27 15:00:00,31.4,997.9,74.85285642920122
2024-06-27 18:00:00,30.8,999.7,81.1895795616241
2024-06-27 21:00:00,29.8,998.5,82.51286135002354
2024-06-28 00:00:00,29.0,998.0,81.9313443709877
2024-06-28 03:00:00,28.6,1000.3,86.37440005285019
2024-06-28 06:00:00,32.0,1000.2,69.82505728068918
2024-06-28 09:00:00,35.6,997.5,59.51052447634323
2024-06-28 12:00:00,31.0,997.6,76.1271052167908
2024-06-28 15:00:00,29.0,998.9,84.89506306062921
2024-06-28 18:00:00,29.0,1000.3,87.95208930052544
2024-06-28 21:00:00,28.8,998.8,87.93540259721783
2024-06-29 00:00:00,28.2,999.1,90.51953760720181
2024-06-29 03:00:00,29.6,1000.7,83.46865512129703
2024-06-29 06:00:00,33.0,1000.5,69.1892678326449
2024-06-29 09:00:00,31.8,999.4,80.37130833898534
2024-06-29 12:00:00,27.8,999.2,94.86347768339076
2024-06-29 15:00:00,28.6,1000.8,92.1553667873356
2024-06-29 18:00:00,28.4,1000.8,88.94616815571688
2024-06-29 21:00:00,28.4,1000.0,88.94616815571688
2024-06-30 00:00:00,28.6,999.8,92.1553667873356
2024-06-30 03:00:00,29.8,1000.4,86.48603151527291
2024-06-30 06:00:00,31.8,1000.7,76.24895936494288
2024-06-30 09:00:00,28.0,1000.3,95.42918067606378
2024-06-30 12:00:00,27.0,999.1,96.5292760949642
2024-06-30 15:00:00,28.0,1000.2,96.5544215144089
2024-06-30 18:00:00,28.2,999.9,95.43577238155224
2024-06-30 21:00:00,27.8,998.3,93.7538663078413
2024-07-01 00:00:00,27.2,998.1,95.40267171979633
2024-07-01 03:00:00,27.4,998.9,93.73593071403404
2024-07-01 06:00:00,30.0,998.9,81.08968974474207
2024-07-01 09:00:00,32.6,996.3,69.11441091335229
2024-07-01 12:00:00,27.6,995.6,98.25892519962696
2024-07-01 15:00:00,28.2,996.6,93.77172585847173
2024-07-01 18:00:00,28.0,997.7,92.12191734434786
2024-07-01 21:00:00,27.6,995.4,95.41595470562915
2024-07-02 00:00:00,25.6,996.1,91.43570721258781
2024-07-02 03:00:00,26.4,997.6,85.64959932544602
2024-07-02 06:00:00,29.0,998.6,81.9313443709877
2024-07-02 09:00:00,28.6,997.4,88.96156313904507
2024-07-02 12:00:00,29.8,996.3,86.48603151527291
2024-07-02 15:00:00,26.4,997.1,98.24351098143454
2024-07-02 18:00:00,27.6,998.8,98.25892519962696
2024-07-02 21:00:00,27.8,997.6,98.261474558228
2024-07-03 00:00:00,27.8,997.8,98.261474558228
2024-07-03 03:00:00,29.0,999.2,87.95208930052544
2024-07-03 06:00:00,32.2,999.4,77.65969087917847
2024-07-03 09:00:00,33.6,998.4,69.70861962540543
2024-07-03 12:00:00,34.4,996.8,64.35595460211525
2024-07-03 15:00:00,30.6,998.7,81.16467826556904
2024-07-03 18:00:00,30.0,1000.2,84.99729439748566
2024-07-03 21:00:00,29.6,999.2,83.46865512129703
2024-07-04 00:00:00,28.8,999.2,89.50172004038727
2024-07-04 03:00:00,29.6,1001.2,88.00194722290112
2024-07-04 06:00:00,32.8,1001.3,70.38545749833996
2024-07-04 09:00:00,34.4,999.7,59.59215392807818
2024-07-04 12:00:00,33.0,998.4,65.60442666205464
2024-07-04 15:00:00,30.8,1000.0,75.64766286638326
2024-07-04 18:00:00,29.6,1000.3,83.46865512129703
2024-07-04 21:00:00,26.4,999.5,100.0
2024-07-05 00:00:00,28.0,999.0,95.42918067606378
2024-07-05 03:00:00,28.4,999.6,93.78062725022617
2024-07-05 06:00:00,29.2,1000.2,87.96874224697314
2024-07-05 09:00:00,31.0,997.9,78.40390010984709
2024-07-05 12:00:00,29.8,996.7,79.63860889063328
2024-07-05 15:00:00,29.0,997.7,84.89506306062921
2024-07-05 18:00:00,29.0,998.8,84.89506306062921
2024-07-05 21:00:00,28.4,997.2,88.94616815571688
2024-07-06 00:00:00,28.2,996.6,90.51953760720181
2024-07-06 03:00:00,29.4,997.9,86.44896966030107
2024-07-06 06:00:00,31.4,998.4,76.18814229624397
2024-07-06 09:00:00,33.0,997.0,71.67322751398581
2024-07-06 12:00:00,34.4,995.4,63.22804159557269
2024-07-06 15:00:00,31.8,996.4,76.24895936494288
2024-07-06 18:00:00,31.4,998.1,72.24352874821913
2024-07-06 21:00:00,30.2,998.1,79.69205742002245
2024-07-07 00:00:00,29.6,998.0,81.03945906223336
2024-07-07 03:00:00,30.2,1000.1,82.5595602209085
2024-07-07 06:00:00,33.6,999.9,66.11508991681715
2024-07-07 09:00:00,35.0,998.4,59.02423742118093
2024-07-07 12:00:00,34.2,997.1,62.81318702880705
2024-07-07 15:00:00,32.4,998.8,72.8428529693439
2024-07-07 18:00:00,31.0,1000.1,82.65241993308152
2024-07-07 21:00:00,29.5,999.2,84.4474852208109
2024-07-08 00:00:00,29.4,999.4,86.44896966030107
2024-07-08 03:00:00,30.6,1000.9,82.60607945629376
2024-07-08 06:00:00,33.8,1001.2,66.15514213531858
2024-07-08 09:00:00,35.4,999.3,61.605105555159014
2024-07-08 12:00:00,35.0,997.9,61.15610416717985
2024-07-08 15:00:00,32.7,999.6,69.54242103611502
2024-07-08 18:00:00,30.0,1001.8,75.5227593496699
2024-07-08 21:00:00,30.0,999.7,81.08968974474207
2024-07-09 00:00:00,29.6,1000.8,83.46865512129703
2024-07-09 03:00:00,30.4,1002.0,79.71870652103674
2024-07-09 06:00:00,33.0,1001.9,72.94417143512577
2024-07-09 09:00:00,31.4,1000.7,73.53807422593974
2024-07-09 12:00:00,33.2,998.9,69.63490751790683
2024-07-09 15:00:00,31.6,1001.3,72.27808999036708
2024-07-09 18:00:00,29.6,1002.9,84.95652278782288
2024-07-09 21:00:00,28.6,1002.2,84.8538871735531
2024-07-10 00:00:00,28.0,1002.6,87.34888747491027
2024-07-10 03:00:00,30.0,1003.8,82.53623329490637
2024-07-10 06:00:00,32.0,1004.3,69.82505728068918
2024-07-10 09:00:00,34.8,1002.5,61.1121171224814
2024-07-10 12:00:00,34.4,1001.3,63.22804159557269
2024-07-10 15:00:00,31.4,1003.6,77.54420157006253
2024-07-10 18:00:00,30.4,1004.3,79.71870652103674
2024-07-10 21:00:00,30.2,1002.9,81.1147334710309
2024-07-11 00:00:00,29.4,1003.0,86.44896966030107
2024-07-11 03:00:00,29.8,1004.3,84.97692867892383
2024-07-11 06:00:00,32.2,1003.9,74.10487661671202
2024-07-11 09:00:00,36.0,1000.8,59.60057162936797
2024-07-11 12:00:00,34.4,999.2,67.84590048124622
2024-07-11 15:00:00,30.6,1000.4,78.34767637456054
2024-07-11 18:00:00,30.6,1001.5,76.97150804274018
2024-07-11 21:00:00,29.8,999.8,81.06459831337503
2024-07-12 00:00:00,29.2,999.9,83.42405706602797
2024-07-12 03:00:00,30.0,1001.0,81.08968974474207
2024-07-12 06:00:00,32.4,1000.7,66.6618617053601
2024-07-12 09:00:00,34.0,998.4,61.663754542437346
2024-07-12 12:00:00,32.0,997.8,79.0033862804747
2024-07-12 15:00:00,29.6,999.4,83.46865512129703
2024-07-12 18:00:00,29.5,1000.6,84.4474852208109
2024-07-13 00:00:00,28.8,999.2,86.39309843177878
2024-07-13 06:00:00,33.0,1000.3,63.305763001067604
2024-07-13 09:00:00,34.0,998.2,66.19513066409054
2024-07-13 12:00:00,35.2,996.1,60.12663558886312
2024-07-13 15:00:00,32.5,998.1,76.35486275629893
2024-07-13 18:00:00,31.0,1000.2,81.21443360821415
2024-07-14 00:00:00,29.5,998.9,81.5079875592629
2024-07-14 06:00:00,33.8,999.7,64.9948432310438
2024-07-14 09:00:00,36.6,996.7,50.92273339058732
2024-07-14 12:00:00,37.2,994.7,51.37757364224426
2024-07-14 15:00:00,34.0,996.9,63.89432970526357
2024-07-14 18:00:00,32.4,998.9,72.8428529693439
2024-07-15 00:00:00,29.2,998.3,87.96874224697314
2024-07-15 03:00:00,31.0,999.8,79.79835457938422
2024-07-15 06:00:00,33.2,999.9,68.41626758283552
2024-07-15 09:00:00,27.4,999.7,98.25637024612985
2024-07-15 12:00:00,26.4,997.8,96.51405730461323
2024-07-15 15:00:00,26.8,999.5,95.38933139322062
2024-07-15 18:00:00,27.2,999.9,93.72693426762005
2024-07-15 21:00:00,27.0,998.1,95.39600874452509
2024-07-16 00:00:00,27.0,998.9,95.39600874452509
2024-07-16 03:00:00,28.0,999.6,92.12191734434786
2024-07-16 06:00:00,30.8,999.7,82.62927198490198
2024-07-16 09:00:00,33.4,997.7,74.29936225533098
2024-07-16 12:00:00,34.2,996.1,71.05034577880605
2024-07-16 15:00:00,33.4,997.4,73.0114248312194
2024-07-16 18:00:00,29.0,998.8,84.89506306062921
2024-07-16 21:00:00,29.0,998.3,87.95208930052544
2024-07-17 00:00:00,28.6,998.3,87.91868204829599
2024-07-17 03:00:00,28.4,1000.5,86.35566419509173
2024-07-17 06:00:00,31.8,1000.6,73.60449518826249
2024-07-17 09:00:00,32.4,999.4,72.8428529693439
2024-07-17 12:00:00,33.2,997.7,68.41626758283552
2024-07-17 15:00:00,31.4,999.5,44.03829851530411
2024-07-17 18:00:00,30.0,1001.0,49.23154765101147
2024-07-17 21:00:00,29.4,998.7,84.9360766224706
2024-07-18 00:00:00,29.0,998.5,81.9313443709877
2024-07-18 03:00:00,29.4,1000.6,77.71354294293734
2024-07-18 06:00:00,32.6,1000.0,70.34917736761386
2024-07-18 09:00:00,34.8,998.2,61.1121171224814
2024-07-18 12:00:00,34.8,995.9,62.20391825591429
2024-07-18 15:00:00,31.4,997.8,72.24352874821913
2024-07-18 18:00:00,29.0,998.8,84.89506306062921
2024-07-18 21:00:00,28.8,997.2,89.50172004038727
2024-07-19 00:00:00,28.4,996.4,93.78062725022617
2024-07-19 03:00:00,29.2,997.9,83.42405706602797
2024-07-19 06:00:00,30.8,997.6,77.00117625197225
2024-07-19 09:00:00,34.0,996.2,68.56801813396841
2024-07-19 12:00:00,33.6,994.8,67.29450442917697
2024-07-19 15:00:00,30.8,996.5,77.00117625197225
2024-07-19 18:00:00,29.2,998.0,83.42405706602797
2024-07-19 21:00:00,28.8,997.0,87.93540259721783
2024-07-20 06:00:00,33.0,999.5,71.67322751398581
2024-07-20 09:00:00,33.6,997.7,64.95378562281357
2024-07-20 12:00:00,32.8,996.7,70.38545749833996
2024-07-20 15:00:00,31.2,998.5,74.82093472023674
2024-07-20 18:00:00,30.0,999.3,82.53623329490637
2024-07-20 21:00:00,29.6,997.9,81.03945906223336
2024-07-21 00:00:00,29.2,997.6,86.43038313933076
2024-07-21 03:00:00,29.6,999.5,84.95652278782288
2024-07-21 06:00:00,32.0,999.8,68.5931528079531
2024-07-21 09:00:00,33.2,997.6,68.41626758283552
2024-07-21 12:00:00,33.4,996.3,68.4542986966963
2024-07-21 15:00:00,32.4,997.9,72.8428529693439
2024-07-21 18:00:00,31.0,999.3,81.21443360821415
2024-07-21 21:00:00,29.4,999.1,81.97957178446406
2024-07-22 00:00:00,28.4,998.8,86.35566419509173
2024-07-22 03:00:00,28.8,1000.4,86.39309843177878
2024-07-22 06:00:00,33.0,999.5,67.97575322043862
2024-07-22 09:00:00,34.0,998.4,66.19513066409054
2024-07-22 12:00:00,31.8,997.6,73.60449518826249
2024-07-22 15:00:00,30.4,999.8,78.31948639832048
2024-07-22 18:00:00,29.0,1000.9,87.95208930052544
2024-07-22 21:00:00,28.8,999.9,89.50172004038727
2024-07-23 00:00:00,28.6,999.1,92.1553667873356
2024-07-23 03:00:00,28.8,1000.5,87.93540259721783
2024-07-23 06:00:00,31.2,1000.5,79.82480457377302
2024-07-23 09:00:00,30.4,998.7,91.19187707365737
2024-07-23 12:00:00,29.6,997.8,93.8336415417071
2024-07-23 15:00:00,28.4,998.7,88.94616815571688
2024-07-23 18:00:00,28.6,999.7,87.91868204829599
2024-07-23 21:00:00,28.2,998.0,87.36638064071765
2024-07-24 00:00:00,27.6,997.3,95.41595470562915
2024-07-24 03:00:00,28.0,998.4,92.12191734434786
2024-07-24 06:00:00,31.0,997.4,79.79835457938422
2024-07-24 09:00:00,32.0,995.9,79.0033862804747
2024-07-24 12:00:00,27.8,995.3,94.86347768339076
2024-07-24 15:00:00,27.6,997.4,95.41595470562915
2024-07-24 18:00:00,27.6,997.6,95.41595470562915
2024-07-24 21:00:00,27.6,996.0,95.41595470562915
2024-07-25 00:00:00,27.4,996.2,93.73593071403404
2024-07-25 03:00:00,28.0,997.5,92.12191734434786
2024-07-25 06:00:00,29.6,997.5,82.00361602371757
2024-07-25 09:00:00,31.2,995.8,74.82093472023674
2024-07-25 12:00:00,28.0,995.5,96.5544215144089
2024-07-25 15:00:00,28.0,997.1,95.42918067606378
2024-07-25 18:00:00,28.0,998.2,93.76280556198172
2024-07-25 21:00:00,27.8,996.8,90.49280598950578
2024-07-26 00:00:00,27.6,996.9,90.47939854432097
2024-07-26 03:00:00,28.2,998.8,90.51953760720181
2024-07-26 06:00:00,29.0,999.2,89.51636332080271
2024-07-26 09:00:00,30.0,997.7,86.50450703984572
2024-07-26 12:00:00,29.8,997.1,86.48603151527291
2024-07-26 15:00:00,29.0,998.5,84.89506306062921
2024-07-26 18:00:00,28.6,999.6,87.91868204829599
2024-07-26 21:00:00,28.4,998.6,88.94616815571688
2024-07-27 00:00:00,28.0,998.8,88.91528354225218
2024-07-27 03:00:00,28.4,1000.5,88.94616815571688
2024-07-27 06:00:00,29.0,1001.0,84.89506306062921
2024-07-27 09:00:00,30.4,999.5,78.31948639832048
2024-07-27 12:00:00,30.2,997.9,81.1147334710309
2024-07-27 15:00:00,29.2,999.2,87.96874224697314
2024-07-27 18:00:00,28.6,1000.1,90.54615869442738
2024-07-27 21:00:00,28.0,998.0,88.91528354225218
2024-07-28 00:00:00,27.8,998.3,90.49280598950578
2024-07-28 03:00:00,28.4,999.7,88.94616815571688
2024-07-28 06:00:00,29.4,999.4,86.44896966030107
2024-07-28 09:00:00,31.2,997.7,77.51519693628545
2024-07-28 12:00:00,31.4,996.0,76.18814229624397
2024-07-28 15:00:00,30.2,996.5,84.02682856635852
2024-07-28 18:00:00,29.8,997.0,85.4773855329206
2024-07-28 21:00:00,29.4,995.2,84.9360766224706
2024-07-29 00:00:00,28.4,994.6,88.94616815571688
2024-07-29 03:00:00,27.4,996.7,96.53936698995483
2024-07-29 06:00:00,27.4,997.1,98.25637024612985
2024-07-29 09:00:00,27.6,996.4,95.41595470562915
2024-07-29 12:00:00,27.0,995.1,95.39600874452509
2024-07-29 15:00:00,27.4,996.9,93.73593071403404
2024-07-29 18:00:00,27.0,998.3,95.39600874452509
2024-07-29 21:00:00,27.0,997.6,95.39600874452509
2024-07-30 00:00:00,27.0,997.6,96.5292760949642
2024-07-30 03:00:00,27.6,999.8,96.54439604252043
2024-07-30 06:00:00,29.8,1000.7,87.77389116149756
2024-07-30 09:00:00,32.0,999.8,79.0033862804747
2024-07-30 12:00:00,30.4,998.6,79.71870652103674
2024-07-30 15:00:00,30.2,1000.3,84.02682856635852
2024-07-30 18:00:00,29.0,1002.0,86.41175942849821
2024-07-30 21:00:00,28.6,1001.6,88.96156313904507
2024-07-31 00:00:00,28.2,1001.4,90.51953760720181
2024-07-31 03:00:00,29.0,1002.9,86.41175942849821
2024-07-31 06:00:00,32.0,1003.5,74.94828132337592
2024-07-31 09:00:00,33.8,1001.8,66.15514213531858
2024-07-31 12:00:00,33.0,1000.2,69.1892678326449
2024-07-31 15:00:00,29.6,1001.0,81.03945906223336
2024-07-31 18:00:00,28.2,1002.3,90.51953760720181
2024-08-01 00:00:00,27.2,1000.8,92.07698925377626
2024-08-01 03:00:00,28.6,1001.8,88.96156313904507
2024-08-01 06:00:00,29.2,1002.4,87.96874224697314
2024-08-01 09:00:00,29.2,1000.7,87.96874224697314
2024-08-01 12:00:00,27.0,999.8,96.5292760949642
2024-08-01 15:00:00,27.8,1001.3,93.7538663078413
2024-08-01 18:00:00,27.6,1001.7,88.88427217188078
2024-08-01 21:00:00,27.4,1000.2,88.86871874139695
2024-08-02 00:00:00,27.2,1000.1,92.07698925377626
2024-08-02 03:00:00,27.2,1000.9,95.40267171979633
2024-08-02 06:00:00,29.0,1001.3,84.89506306062921
2024-08-02 09:00:00,28.2,999.9,88.93074165144274
2024-08-02 12:00:00,28.6,998.8,84.8538871735531
2024-08-02 15:00:00,28.2,999.4,87.36638064071765
2024-08-02 18:00:00,27.0,1001.1,95.39600874452509
2024-08-02 21:00:00,27.0,999.5,92.06569807815053
2024-08-03 00:00:00,26.8,999.3,95.38933139322062
2024-08-03 03:00:00,27.2,1000.3,93.72693426762005
2024-08-03 06:00:00,28.6,1000.9,90.54615869442738
2024-08-03 09:00:00,31.2,999.6,78.89384535394599
2024-08-03 12:00:00,29.0,999.1,89.51636332080271
2024-08-03 15:00:00,27.4,1001.4,100.0
2024-08-03 18:00:00,27.6,1002.6,96.54439604252043
2024-08-04 00:00:00,27.0,1000.5,98.25124348905271
2024-08-04 03:00:00,27.6,1002.1,93.74490804295253
2024-08-04 06:00:00,29.2,1002.3,86.43038313933076
2024-08-04 09:00:00,29.4,1000.7,86.44896966030107
2024-08-04 12:00:00,30.4,999.6,85.53649748682237
2024-08-04 15:00:00,28.6,1001.4,90.54615869442738
2024-08-04 18:00:00,27.6,1001.7,93.74490804295253
2024-08-04 21:00:00,27.0,1001.5,93.71791865005993
2024-08-05 00:00:00,26.0,1001.6,98.23832753499846
2024-08-05 03:00:00,27.2,1002.9,95.40267171979633
2024-08-05 06:00:00,29.2,1003.9,83.42405706602797
2024-08-05 09:00:00,29.8,1002.9,86.48603151527291
2024-08-05 12:00:00,30.8,1001.3,77.00117625197225
2024-08-05 15:00:00,27.8,1002.7,92.11072068322818
2024-08-05 18:00:00,27.6,1004.3,88.88427217188078
2024-08-05 21:00:00,27.0,1003.3,92.06569807815053
2024-08-06 00:00:00,26.8,1002.8,90.42548942576907
2024-08-06 03:00:00,27.6,1003.9,92.09950049107172
2024-08-06 06:00:00,28.4,1004.0,84.83323810049623
2024-08-06 09:00:00,31.4,1002.4,76.18814229624397
2024-08-06 12:00:00,30.8,1001.2,75.64766286638326
2024-08-06 15:00:00,28.6,1002.7,83.35683314726084
2024-08-06 18:00:00,28.4,1003.8,81.85865421535438
2024-08-06 21:00:00,27.4,1003.4,84.22401507730588
2024-08-07 00:00:00,27.0,1003.0,87.26088849314073
2024-08-07 03:00:00,28.4,1004.2,84.83323810049623
2024-08-07 06:00:00,30.6,1004.3,71.67589990470815
2024-08-07 09:00:00,32.4,1002.9,66.6618617053601
2024-08-07 12:00:00,32.6,1002.1,60.623956285700366
2024-08-07 15:00:00,31.4,1003.2,67.26247234040332
2024-08-07 18:00:00,30.0,1004.8,75.5227593496699
2024-08-07 21:00:00,29.4,1004.1,77.71354294293734
2024-08-08 00:00:00,27.8,1003.4,81.29701074620921
2024-08-08 03:00:00,28.4,1005.5,83.33433758376981
2024-08-08 06:00:00,29.6,1005.6,83.46865512129703
2024-08-08 09:00:00,30.0,1004.7,75.5227593496699
2024-08-08 12:00:00,30.8,1003.2,70.43939306440934
2024-08-08 15:00:00,29.0,1004.3,77.65543578652992
2024-08-08 18:00:00,28.4,1005.6,84.83323810049623
2024-08-08 21:00:00,28.0,1004.9,85.80667728802291
2024-08-09 00:00:00,27.6,1004.8,87.31379479213656
2024-08-09 03:00:00,29.0,1006.2,84.89506306062921
2024-08-09 06:00:00,31.0,1006.7,74.7889561009917
2024-08-09 09:00:00,32.4,1005.4,67.85998060995067
2024-08-09 12:00:00,26.6,1005.1,98.24609415561163
2024-08-09 15:00:00,27.0,1006.6,90.43900875787912
2024-08-09 18:00:00,27.4,1006.9,87.29619508920601
2024-08-09 21:00:00,27.2,1005.3,87.27855968744687
2024-08-10 00:00:00,27.0,1005.4,88.83751596451742
2024-08-10 03:00:00,27.8,1006.5,90.49280598950578
2024-08-10 06:00:00,30.8,1006.9,75.64766286638326
2024-08-10 09:00:00,30.6,1004.7,74.28243957799879
2024-08-10 12:00:00,27.6,1004.1,87.31379479213656
2024-08-10 15:00:00,27.8,1004.8,87.33135888966177
2024-08-10 18:00:00,27.6,1005.7,92.09950049107172
2024-08-10 21:00:00,27.4,1003.9,85.74806761675889
2024-08-11 00:00:00,27.2,1003.4,84.20248990010974
2024-08-11 03:00:00,26.8,1004.4,93.70888380751718
2024-08-11 06:00:00,28.2,1004.8,88.93074165144274
2024-08-11 09:00:00,30.6,1003.2,76.97150804274018
2024-08-11 12:00:00,30.8,1001.8,79.77185498360923
2024-08-11 15:00:00,29.0,1002.9,80.48371679996085
2024-08-11 18:00:00,28.2,1003.6,80.37983931978188
2024-08-12 21:00:00,27.4,1003.9,92.08825670296545
2024-08-13 00:00:00,27.2,1004.9,92.07698925377626
2024-08-13 03:00:00,27.4,1006.3,84.22401507730588
2024-08-13 06:00:00,32.0,1006.6,73.63761837389029
2024-08-13 09:00:00,33.2,1004.4,62.22651784699078
2024-08-13 12:00:00,33.0,1002.8,69.1892678326449
2024-08-13 15:00:00,29.8,1004.8,79.63860889063328
2024-08-13 18:00:00,28.8,1006.3,89.50172004038727
2024-08-13 21:00:00,28.4,1004.9,83.33433758376981
2024-08-14 00:00:00,28.2,1005.1,86.33689076158295
2024-08-14 03:00:00,29.0,1006.6,87.95208930052544
2024-08-14 06:00:00,31.4,1007.0,73.53807422593974
2024-08-14 09:00:00,33.0,1004.1,66.78088716309055
2024-08-14 12:00:00,34.4,1002.7,63.22804159557269
2024-08-14 15:00:00,30.6,1004.8,74.28243957799879
2024-08-14 18:00:00,30.0,1005.7,81.08968974474207
2024-08-14 21:00:00,29.8,1004.2,83.49088910584811
2024-08-15 00:00:00,28.4,1004.8,84.83323810049623
2024-08-15 03:00:00,28.4,1005.6,88.94616815571688
2024-08-15 06:00:00,31.4,1005.5,73.53807422593974
2024-08-15 09:00:00,32.4,1003.6,66.6618617053601
2024-08-15 12:00:00,32.4,1002.2,67.85998060995067
2024-08-15 15:00:00,29.4,1003.3,81.97957178446406
2024-08-15 18:00:00,28.6,1004.6,87.91868204829599
2024-08-15 21:00:00,28.8,1002.7,86.39309843177878
2024-08-16 00:00:00,28.0,1002.7,80.3537462205201
2024-08-16 03:00:00,28.4,1004.0,84.83323810049623
2024-08-16 06:00:00,32.0,1004.4,69.82505728068918
2024-08-16 09:00:00,33.4,1002.7,62.269883795368706
2024-08-16 12:00:00,33.4,1001.0,61.166394066179166
2024-08-16 15:00:00,29.4,1003.2,79.11344799319119
2024-08-16 18:00:00,27.4,1005.1,88.86871874139695
2024-08-16 21:00:00,27.4,1003.7,88.86871874139695
2024-08-17 00:00:00,27.4,1003.9,88.86871874139695
2024-08-17 03:00:00,28.4,1005.6,84.83323810049623
2024-08-17 06:00:00,31.6,1006.0,71.00478678077775
2024-08-17 09:00:00,34.0,1004.5,59.50158303199722
2024-08-17 12:00:00,33.6,1003.2,61.576188549831414
2024-08-17 15:00:00,31.0,1005.2,73.47141965449843
2024-08-17 18:00:00,30.0,1006.1,78.26294962837345
2024-08-17 21:00:00,28.4,1005.5,81.85865421535438
2024-08-18 00:00:00,28.0,1005.8,84.79181717750924
2024-08-18 03:00:00,29.0,1006.9,80.48371679996085
2024-08-18 06:00:00,32.0,1007.6,65.01074996458017
2024-08-18 09:00:00,33.4,1005.9,60.08005109311657
2024-08-18 12:00:00,35.0,1004.1,54.62685359204623
2024-08-18 15:00:00,31.4,1005.0,72.24352874821913
2024-08-18 18:00:00,30.4,1006.7,75.58532357148971
2024-08-18 21:00:00,30.0,1005.6,78.26294962837345
2024-08-19 00:00:00,28.6,1005.4,83.35683314726084
2024-08-19 03:00:00,30.4,1006.3,72.93500760473812
2024-08-19 06:00:00,33.6,1006.6,61.576188549831414
2024-08-19 09:00:00,35.4,1004.1,55.05099865764974
2024-08-19 12:00:00,35.6,1002.1,50.97641213445036
2024-08-19 15:00:00,32.4,1003.8,67.85998060995067
2024-08-19 18:00:00,32.0,1004.9,71.07626571001893
2024-08-19 21:00:00,31.2,1003.7,77.51519693628545
2024-08-20 00:00:00,29.5,1003.4,77.26649887892667
2024-08-20 03:00:00,29.2,1005.0,79.08600581526997
2024-08-20 06:00:00,32.6,1006.1,69.11441091335229
2024-08-20 09:00:00,35.0,1003.6,54.62685359204623
2024-08-20 12:00:00,35.2,1002.6,55.99588621396323
2024-08-20 15:00:00,32.6,1004.4,70.34917736761386
2024-08-20 18:00:00,29.2,1006.4,90.58588438387352
2024-08-20 21:00:00,28.6,1005.2,92.1553667873356
2024-08-21 00:00:00,28.0,1004.9,85.80667728802291
2024-08-21 03:00:00,30.0,1006.3,79.66535824918688
2024-08-21 06:00:00,33.2,1007.1,69.63490751790683
2024-08-21 09:00:00,32.0,1004.6,73.63761837389029
2024-08-21 12:00:00,30.6,1003.6,79.74530566981048
2024-08-21 15:00:00,30.0,1004.9,83.5130798716472
2024-08-21 18:00:00,29.2,1006.3,81.95548127118022
2024-08-21 21:00:00,28.8,1004.6,86.39309843177878
2024-08-22 00:00:00,28.8,1004.3,86.39309843177878
2024-08-22 03:00:00,30.2,1005.8,85.01762004491522
2024-08-22 06:00:00,34.0,1005.5,68.56801813396841
2024-08-22 09:00:00,29.6,1003.1,84.95652278782288
2024-08-22 12:00:00,30.0,1002.6,82.53623329490637
2024-08-22 15:00:00,29.2,1004.2,83.42405706602797
2024-08-22 18:00:00,28.6,1005.1,88.96156313904507
2024-08-22 21:00:00,28.6,1004.0,92.1553667873356
2024-08-23 00:00:00,28.6,1004.5,90.54615869442738
2024-08-23 03:00:00,30.0,1005.4,84.99729439748566
2024-08-23 06:00:00,31.8,1005.6,77.60205183026918
2024-08-23 09:00:00,26.2,1004.4,100.0
2024-08-23 12:00:00,26.6,1004.0,100.0
2024-08-23 15:00:00,26.5,1004.3,95.9464708703928
2024-08-23 18:00:00,26.2,1005.5,98.24092211346162
2024-08-23 21:00:00,26.2,1004.3,98.24092211346162
2024-08-24 00:00:00,26.6,1003.6,98.24609415561163
2024-08-24 03:00:00,26.8,1005.4,100.0
2024-08-24 06:00:00,26.8,1005.8,98.24867165262664
2024-08-24 09:00:00,26.8,1003.7,96.52421418955653
2024-08-24 12:00:00,29.0,1002.0,87.95208930052544
2024-08-24 15:00:00,28.0,1003.3,92.12191734434786
2024-08-24 18:00:00,27.8,1003.2,96.54941420693457
2024-08-24 21:00:00,26.6,1002.2,92.04304428506519
2024-08-25 00:00:00,26.4,1001.6,94.81128607168019
2024-08-25 03:00:00,27.0,1002.2,85.7087986323302
2024-08-25 06:00:00,28.2,1002.1,90.51953760720181
2024-08-25 09:00:00,30.2,999.8,84.02682856635852
2024-08-25 12:00:00,28.0,999.0,87.34888747491027
2024-08-25 15:00:00,27.0,999.5,90.43900875787912
2024-08-25 18:00:00,26.6,998.4,93.69982968596882
2024-08-25 21:00:00,25.6,996.2,98.23312117951836
2024-08-26 00:00:00,25.4,995.3,98.23050936880627
2024-08-26 03:00:00,26.0,996.1,96.503856108436
2024-08-26 06:00:00,26.4,995.7,98.24351098143454
2024-08-26 09:00:00,27.4,993.5,96.53936698995483
2024-08-26 12:00:00,25.4,993.2,96.48847066905626
2024-08-26 15:00:00,25.2,995.4,91.41120774609278
2024-08-26 18:00:00,25.0,996.6,96.47815756865955
2024-08-26 21:00:00,25.2,994.4,96.48331975462109
2024-08-27 00:00:00,25.0,994.7,100.0
2024-08-27 03:00:00,25.0,996.8,98.22526839673633
2024-08-27 06:00:00,25.4,997.9,96.48847066905626
2024-08-27 09:00:00,25.6,997.9,96.49361034454672
2024-08-27 12:00:00,25.6,998.6,94.78110774663195
2024-08-27 15:00:00,25.4,1000.2,94.77352241613059
2024-08-27 18:00:00,25.6,1000.9,94.78110774663195
2024-08-27 21:00:00,25.4,999.3,98.23050936880627
2024-08-28 00:00:00,25.6,998.8,96.49361034454672
2024-08-28 03:00:00,26.4,1000.5,94.81128607168019
2024-08-28 06:00:00,29.0,1000.1,84.89506306062921
2024-08-28 09:00:00,28.4,998.3,83.33433758376981
2024-08-28 12:00:00,27.4,998.2,90.46596324112937
2024-08-28 15:00:00,27.2,999.9,87.27855968744687
2024-08-28 18:00:00,26.6,1000.3,92.04304428506519
2024-08-28 21:00:00,27.0,999.3,87.26088849314073
2024-08-29 00:00:00,27.0,999.4,88.83751596451742
2024-08-29 03:00:00,27.0,1000.6,93.71791865005993
2024-08-29 06:00:00,28.0,1001.5,92.12191734434786
2024-08-29 09:00:00,27.8,999.8,93.7538663078413
2024-08-29 12:00:00,26.4,999.8,93.69075623120435
2024-08-29 15:00:00,26.4,1001.6,96.51405730461323
2024-08-29 18:00:00,27.0,1002.8,92.06569807815053
2024-08-29 21:00:00,27.0,1002.0,92.06569807815053
2024-08-30 00:00:00,26.8,1002.5,92.05438311051279
2024-08-30 03:00:00,28.0,1004.4,87.34888747491027
2024-08-30 06:00:00,31.8,1005.4,69.78813164326573
2024-08-30 09:00:00,32.4,1003.7,66.6618617053601
2024-08-30 12:00:00,31.6,1002.7,67.30181208332723
2024-08-30 15:00:00,29.2,1005.2,83.42405706602797
2024-08-30 18:00:00,28.4,1006.9,88.94616815571688
2024-08-30 21:00:00,27.4,1006.5,92.08825670296545
2024-08-31 00:00:00,27.0,1005.7,92.06569807815053
2024-08-31 03:00:00,28.6,1007.3,84.8538871735531
2024-08-31 06:00:00,31.2,1007.6,68.4404025650585
2024-08-31 09:00:00,33.4,1006.0,61.166394066179166
2024-08-31 12:00:00,33.2,1004.5,56.53234399526844
2024-08-31 15:00:00,29.6,1006.0,79.6118092261478
2024-08-31 18:00:00,29.2,1006.3,77.68451620551635
2024-08-31 21:00:00,27.6,1005.8,88.88427217188078
2024-09-01 00:00:00,27.8,1005.6,93.7538663078413
2024-09-01 03:00:00,29.4,1006.7,84.9360766224706
2024-09-01 06:00:00,31.8,1007.2,73.60449518826249
2024-09-01 09:00:00,34.0,1004.1,61.663754542437346
2024-09-01 12:00:00,32.6,1003.4,65.52306428907129
2024-09-01 15:00:00,30.2,1004.6,72.90096632227306
2024-09-01 18:00:00,29.6,1005.5,78.20620296447258
2024-09-01 21:00:00,29.4,1004.4,80.53536024141098
2024-09-02 00:00:00,28.2,1003.7,86.33689076158295
2024-09-02 03:00:00,28.2,1005.5,90.51953760720181
2024-09-02 06:00:00,28.2,1005.9,93.77172585847173
2024-09-02 09:00:00,29.0,1003.6,92.17754994106518
2024-09-02 12:00:00,27.0,1002.2,95.39600874452509
2024-09-02 15:00:00,27.6,1003.6,100.0
2024-09-02 18:00:00,26.6,1004.8,94.8187901348208
2024-09-02 21:00:00,24.6,1003.7,98.22000417681151
2024-09-03 00:00:00,25.0,1003.6,100.0
2024-09-03 03:00:00,25.6,1005.0,94.78110774663195
2024-09-03 06:00:00,27.4,1006.3,92.08825670296545
2024-09-03 09:00:00,28.6,1003.8,84.8538871735531
2024-09-03 12:00:00,28.4,1002.9,83.33433758376981
2024-09-03 15:00:00,27.6,1005.4,88.88427217188078
2024-09-03 18:00:00,27.0,1006.5,92.06569807815053
2024-09-03 21:00:00,26.4,1004.8,93.69075623120435
2024-09-04 00:00:00,26.4,1005.1,93.69075623120435
2024-09-04 03:00:00,27.2,1006.2,92.07698925377626
2024-09-04 06:00:00,29.2,1005.9,80.5095630310082
2024-09-04 09:00:00,27.4,1004.7,85.74806761675889
2024-09-04 12:00:00,28.2,1002.8,86.33689076158295
2024-09-04 15:00:00,27.2,1003.7,87.27855968744687
2024-09-04 18:00:00,27.2,1004.0,85.72845277885752
2024-09-04 21:00:00,26.6,1003.0,94.8187901348208
2024-09-05 00:00:00,26.6,1002.5,92.04304428506519
2024-09-05 03:00:00,27.0,1004.0,92.06569807815053
2024-09-05 06:00:00,30.8,1004.5,73.00291172196927
2024-09-05 09:00:00,29.4,1002.0,77.71354294293734
2024-09-05 12:00:00,28.8,1001.1,81.90716097068722
2024-09-05 15:00:00,28.0,1002.7,87.34888747491027
2024-09-05 18:00:00,27.8,1003.4,90.49280598950578
2024-09-05 21:00:00,26.2,1002.5,98.24092211346162
2024-09-06 00:00:00,26.0,1003.0,96.503856108436
2024-09-06 03:00:00,26.4,1005.4,96.51405730461323
2024-09-06 06:00:00,28.0,1006.0,92.12191734434786
2024-09-06 09:00:00,31.0,1003.9,74.7889561009917
2024-09-06 12:00:00,32.2,1002.7,71.53290094917851
2024-09-06 15:00:00,29.0,1004.8,83.40169277956687
2024-09-06 18:00:00,28.4,1006.1,86.35566419509173
2024-09-06 21:00:00,27.4,1005.0,87.29619508920601
2024-09-07 00:00:00,27.0,1004.7,88.83751596451742
2024-09-07 03:00:00,27.6,1006.1,90.47939854432097
2024-09-07 06:00:00,31.0,1007.2,67.99377352527183
2024-09-07 09:00:00,32.8,1004.0,59.58555475694366
2024-09-07 12:00:00,32.6,1003.3,64.36278271700262
2024-09-07 15:00:00,30.2,1005.2,79.69205742002245
2024-09-07 18:00:00,28.6,1006.3,83.35683314726084
2024-09-07 21:00:00,28.0,1005.8,87.34888747491027
2024-09-08 00:00:00,27.8,1005.5,85.78717977072007
2024-09-08 03:00:00,28.0,1007.4,84.79181717750924
2024-09-08 06:00:00,30.6,1007.2,76.97150804274018
2024-09-08 09:00:00,32.0,1005.2,68.5931528079531
2024-09-08 12:00:00,30.0,1004.3,78.26294962837345
2024-09-08 15:00:00,29.0,1004.7,84.89506306062921
2024-09-08 18:00:00,29.0,1005.1,87.95208930052544
2024-09-08 21:00:00,28.6,1003.6,90.54615869442738
2024-09-09 00:00:00,28.6,1003.7,77.59711341151534
2024-09-09 03:00:00,28.6,1004.7,87.91868204829599
2024-09-09 06:00:00,31.8,1004.9,73.60449518826249
2024-09-09 09:00:00,33.4,1002.2,66.07497389595794
2024-09-09 12:00:00,33.2,1000.6,63.34828851792842
2024-09-09 15:00:00,30.2,1002.1,72.90096632227306
2024-09-09 18:00:00,29.4,1002.3,81.97957178446406
2024-09-09 21:00:00,29.0,1000.9,79.0585121873896
2024-09-10 00:00:00,28.2,1001.4,87.36638064071765
2024-09-10 03:00:00,28.6,1003.0,84.8538871735531
2024-09-10 06:00:00,31.4,1003.8,76.18814229624397
2024-09-10 09:00:00,26.8,1002.0,100.0
2024-09-10 12:00:00,30.6,1000.3,76.97150804274018
2024-09-10 15:00:00,28.6,1002.2,86.37440005285019
2024-09-10 18:00:00,28.0,1003.0,87.34888747491027
2024-09-10 21:00:00,28.2,1001.5,90.51953760720181
2024-09-11 00:00:00,27.6,1002.2,82.7470419948832
2024-09-11 03:00:00,27.2,1004.2,87.27855968744687
2024-09-11 06:00:00,29.4,1004.3,81.97957178446406
2024-09-11 09:00:00,30.2,1002.3,76.91200889831605
2024-09-11 12:00:00,30.4,1001.6,75.58532357148971
2024-09-11 15:00:00,29.0,1003.2,84.89506306062921
2024-09-11 18:00:00,28.8,1003.8,86.39309843177878
2024-09-11 21:00:00,28.2,1003.2,72.99821296932988
2024-09-12 00:00:00,27.4,1003.3,84.22401507730588
2024-09-12 03:00:00,28.0,1005.5,84.79181717750924
2024-09-12 06:00:00,30.4,1005.6,71.64060697493404
2024-09-12 09:00:00,33.4,1003.9,56.921652839435055
2024-09-12 12:00:00,33.0,1003.6,57.5169590004615
2024-09-12 15:00:00,30.4,1004.7,75.58532357148971
2024-09-12 18:00:00,30.0,1005.4,81.08968974474207
2024-09-12 21:00:00,28.4,1003.7,77.56787120852722
2024-09-13 00:00:00,27.4,1004.5,81.24686676192346
2024-09-13 03:00:00,28.2,1006.3,78.94802076163292
2024-09-13 06:00:00,31.8,1006.9,63.81127171847181
2024-09-13 09:00:00,33.4,1005.2,59.010628693089586
2024-09-13 21:00:00,25.6,1004.5,94.78110774663195
2024-09-14 00:00:00,25.4,1004.7,93.08530694612072
2024-09-14 03:00:00,27.2,1006.2,85.72845277885752
2024-09-14 06:00:00,31.4,1006.2,64.49787905022467
2024-09-14 09:00:00,33.2,1004.6,57.911321754346524
2024-09-14 12:00:00,32.0,1003.2,66.1862478230639
2024-09-14 15:00:00,27.4,1005.2,84.22401507730588
2024-09-14 18:00:00,25.6,1006.3,94.78110774663195
2024-09-14 21:00:00,25.8,1005.1,94.78867673105134
2024-09-15 00:00:00,25.4,1005.3,93.08530694612072
2024-09-15 03:00:00,27.4,1006.8,85.74806761675889
2024-09-15 06:00:00,30.0,1007.5,67.39116386417841
2024-09-15 09:00:00,32.8,1005.2,53.110611200120836
2024-09-15 12:00:00,31.8,1004.6,58.99875377243572
2024-09-15 15:00:00,29.6,1006.1,81.03945906223336
2024-09-15 18:00:00,28.0,1007.1,84.79181717750924
2024-09-15 21:00:00,26.6,1006.3,81.14599787426259
2024-09-16 00:00:00,25.8,1007.0,88.74313412721081
2024-09-16 03:00:00,27.4,1009.0,84.22401507730588
2024-09-16 06:00:00,30.6,1009.0,62.79033585952567
2024-09-16 09:00:00,33.4,1007.5,54.566580431863855
2024-09-16 12:00:00,32.4,1006.1,54.988018967303006
2024-09-16 15:00:00,29.0,1007.2,76.27419595958764
2024-09-16 18:00:00,28.0,1008.4,78.44744220055776
2024-09-16 21:00:00,27.4,1007.7,84.22401507730588
2024-09-17 00:00:00,26.4,1007.7,85.64959932544602
2024-09-17 03:00:00,28.0,1009.3,80.3537462205201
2024-09-17 06:00:00,32.0,1009.6,62.71443976755974
2024-09-17 09:00:00,33.2,1007.4,51.299708268572545
2024-09-17 12:00:00,33.0,1005.7,50.936406587781846
2024-09-17 15:00:00,29.4,1006.8,68.50651160978764
2024-09-17 18:00:00,27.8,1007.1,71.61107092213882
2024-09-17 21:00:00,27.0,1005.5,81.19652945190819
2024-09-18 00:00:00,26.8,1005.5,85.68910507577876
2024-09-18 03:00:00,28.0,1006.9,85.80667728802291
2024-09-18 06:00:00,31.4,1007.1,69.71409411644107
2024-09-18 09:00:00,34.0,1004.6,55.04309180081118
2024-09-18 12:00:00,33.6,1003.3,52.66619140083634
2024-09-18 15:00:00,30.6,1005.2,66.70183445693432
2024-09-18 18:00:00,29.2,1005.6,66.82547661101904
2024-09-18 21:00:00,27.8,1005.0,68.61530293019021
2024-09-19 00:00:00,26.8,1005.8,87.24318141227258
2024-09-19 03:00:00,28.0,1007.6,81.80996009312997
2024-09-19 06:00:00,32.0,1007.8,66.1862478230639
2024-09-19 09:00:00,34.2,1005.2,55.091425528710424
2024-09-19 12:00:00,33.8,1004.1,53.682250230841014
2024-09-19 15:00:00,31.0,1005.1,67.99377352527183
2024-09-19 18:00:00,30.4,1006.0,76.94178563223718
2024-09-19 21:00:00,28.0,1005.2,78.44744220055776
2024-09-20 00:00:00,28.0,1005.2,80.3537462205201
2024-09-20 03:00:00,28.8,1007.6,79.03096698905824
2024-09-20 06:00:00,31.6,1007.3,64.9280664556721
2024-09-20 09:00:00,34.4,1005.3,57.499557963952576
2024-09-20 12:00:00,34.8,1004.0,52.64629722905695
2024-09-20 15:00:00,31.6,1005.3,68.51690400466761
2024-09-20 18:00:00,30.0,1006.6,81.08968974474207
2024-09-20 21:00:00,28.8,1005.9,81.90716097068722
2024-09-21 00:00:00,27.6,1006.6,84.24549777703992
2024-09-21 03:00:00,28.6,1008.5,83.35683314726084
2024-09-21 06:00:00,32.6,1008.7,59.54003872035679
2024-09-21 09:00:00,34.6,1006.7,57.54622405958298
2024-09-21 12:00:00,34.4,1005.5,55.47153939975632
2024-09-21 15:00:00,31.6,1006.3,67.30181208332723
2024-09-21 18:00:00,30.4,1007.6,72.93500760473812
2024-09-21 21:00:00,29.2,1006.6,73.60956501820533
2024-09-22 00:00:00,28.0,1007.3,84.79181717750924
2024-09-22 03:00:00,29.0,1008.6,80.48371679996085
2024-09-22 06:00:00,32.6,1008.4,65.52306428907129
2024-09-22 09:00:00,35.4,1005.6,51.85309266039345
2024-09-22 12:00:00,34.6,1004.6,55.51953672301835
2024-09-22 15:00:00,31.6,1006.0,63.768916444962564
2024-09-22 18:00:00,30.6,1006.5,70.40290332892224
2024-09-22 21:00:00,29.4,1005.3,77.71354294293734
2024-09-23 00:00:00,28.0,1006.1,84.79181717750924
2024-09-23 03:00:00,29.0,1008.1,84.89506306062921
2024-09-23 06:00:00,33.0,1008.3,64.44613125580591
2024-09-23 09:00:00,35.4,1004.9,57.05144460973204
2024-09-23 12:00:00,35.0,1002.8,54.62685359204623
2024-09-23 15:00:00,32.4,1005.1,63.9379440059793
2024-09-23 18:00:00,31.2,1005.4,70.93306375697343
2024-09-23 21:00:00,29.6,1004.8,76.82235153000387
2024-09-24 00:00:00,29.0,1004.8,84.89506306062921
2024-09-24 03:00:00,30.0,1005.7,79.66535824918688
2024-09-24 06:00:00,33.6,1005.6,63.81035576931347
2024-09-24 09:00:00,36.8,1002.7,54.09249800503277
2024-09-24 12:00:00,34.0,1002.0,63.89432970526357
2024-09-24 15:00:00,31.6,1002.4,74.88472135092377
2024-09-24 18:00:00,31.4,1003.6,72.24352874821913
2024-09-24 21:00:00,30.8,1002.7,73.00291172196927
2024-09-25 00:00:00,29.4,1002.8,84.9360766224706
2024-09-25 03:00:00,30.0,1004.8,82.53623329490637
2024-09-25 06:00:00,34.4,1004.7,65.50141485922862
2024-09-25 09:00:00,36.4,1000.8,56.948184707590556
2024-09-25 12:00:00,28.2,1001.0,86.33689076158295
2024-09-25 15:00:00,28.8,1003.5,83.37928484286573
2024-09-25 18:00:00,26.2,1003.6,93.68166338882529
2024-09-25 21:00:00,26.8,1003.5,90.42548942576907
2024-09-26 00:00:00,27.0,1002.2,92.06569807815053
2024-09-26 03:00:00,28.0,1003.7,87.34888747491027
2024-09-26 06:00:00,31.0,1003.8,77.48613913975385
2024-09-26 09:00:00,33.8,1000.7,70.9793781952042
2024-09-26 12:00:00,25.6,1000.8,96.49361034454672
2024-09-26 15:00:00,26.6,1003.3,94.8187901348208
2024-09-26 18:00:00,27.2,1003.7,90.45250000428203
2024-09-26 21:00:00,27.0,1002.1,88.83751596451742
2024-09-27 00:00:00,26.6,1002.3,90.41194193154737
2024-09-27 03:00:00,26.0,1003.3,100.0
2024-09-27 06:00:00,27.4,1005.3,92.08825670296545
2024-09-27 09:00:00,28.0,1002.3,88.91528354225218
2024-09-27 12:00:00,28.6,1001.6,86.37440005285019
2024-09-27 15:00:00,26.8,1003.8,90.42548942576907
2024-09-27 18:00:00,26.2,1005.2,92.0202947964304
2024-09-27 21:00:00,25.6,1003.2,94.78110774663195
2024-09-28 00:00:00,25.8,1003.8,93.10518672866101
2024-09-28 03:00:00,26.6,1006.5,92.04304428506519
2024-09-28 06:00:00,29.0,1007.0,81.9313443709877
2024-09-28 09:00:00,30.0,1005.6,78.26294962837345
2024-09-28 12:00:00,25.6,1005.6,90.34377933678581
2024-09-28 15:00:00,26.4,1007.8,90.39836619855579
2024-09-28 18:00:00,26.4,1008.6,88.79047072518293
2024-09-28 21:00:00,26.0,1007.3,92.00888400052642
2024-09-29 03:00:00,27.0,1009.9,92.06569807815053
2024-09-29 06:00:00,28.8,1010.5,83.37928484286573
2024-09-29 09:00:00,31.0,1008.1,79.79835457938422
2024-09-29 12:00:00,30.4,1007.9,82.58284223811447
2024-09-29 15:00:00,26.0,1010.0,90.37112970835472
2024-09-29 18:00:00,26.0,1010.5,92.00888400052642
2024-09-29 21:00:00,26.0,1009.6,93.67255110424425
2024-09-30 00:00:00,26.2,1009.8,94.80376584735212
2024-09-30 03:00:00,27.2,1011.7,81.22172233137654
2024-09-30 06:00:00,32.4,1011.5,72.8428529693439
2024-09-30 12:00:00,33.2,1008.1,69.63490751790683
2024-09-30 15:00:00,30.4,1008.8,78.31948639832048
2024-09-30 18:00:00,28.4,1009.5,81.85865421535438
2024-09-30 21:00:00,28.4,1009.5,81.85865421535438
2024-10-01 00:00:00,27.4,1008.0,88.86871874139695
2024-10-01 03:00:00,29.0,1009.5,87.95208930052544
2024-10-01 06:00:00,33.6,1009.3,67.29450442917697
2024-10-01 09:00:00,35.0,1005.7,60.081903913300884
2024-10-01 12:00:00,34.6,1005.2,62.160715526838395
2024-10-01 15:00:00,31.4,1007.2,73.53807422593974
2024-10-01 18:00:00,30.2,1008.4,81.1147334710309
2024-10-01 21:00:00,29.2,1007.3,83.42405706602797
2024-10-02 00:00:00,28.8,1007.8,84.87449545917907
2024-10-02 03:00:00,29.4,1009.3,84.9360766224706
2024-10-02 06:00:00,33.0,1008.9,70.42167655411042
2024-10-02 09:00:00,35.4,1006.5,60.52699050467956
2024-10-02 12:00:00,34.0,1006.0,61.663754542437346
2024-10-02 15:00:00,31.4,1007.9,72.24352874821913
2024-10-02 18:00:00,29.6,1008.8,81.03945906223336
2024-10-02 21:00:00,29.0,1007.6,84.89506306062921
2024-10-03 00:00:00,27.8,1007.5,81.29701074620921
2024-10-03 03:00:00,28.4,1009.7,84.83323810049623
2024-10-03 06:00:00,31.8,1009.2,67.34108781459214
2024-10-03 09:00:00,33.8,1006.8,59.45619966284473
2024-10-03 12:00:00,32.6,1005.7,61.72510709079442
2024-10-03 15:00:00,30.4,1007.1,75.58532357148971
2024-10-03 18:00:00,30.2,1007.3,79.69205742002245
2024-10-03 21:00:00,29.4,1006.9,74.97860136800087
2024-10-04 00:00:00,27.4,1007.5,85.74806761675889
2024-10-04 03:00:00,28.0,1009.6,81.80996009312997
2024-10-04 06:00:00,31.0,1009.6,67.99377352527183
2024-10-04 09:00:00,33.6,1007.5,58.00441896805416
2024-10-04 12:00:00,33.0,1006.6,57.5169590004615
2024-10-04 15:00:00,30.4,1007.9,72.93500760473812
2024-10-04 18:00:00,29.4,1008.5,77.71354294293734
2024-10-04 21:00:00,28.6,1008.0,83.35683314726084
2024-10-05 00:00:00,27.4,1008.5,84.22401507730588
2024-10-05 03:00:00,28.2,1010.3,83.31179804309043
2024-10-05 06:00:00,31.4,1010.5,63.34384135735378
2024-10-05 09:00:00,34.4,1008.0,54.154564287934356
2024-10-05 12:00:00,32.4,1007.7,58.42677310946739
2024-10-05 15:00:00,29.8,1009.0,69.83477481244167
2024-10-05 18:00:00,28.2,1009.7,78.94802076163292
2024-10-05 21:00:00,27.6,1009.7,82.7470419948832
2024-10-06 00:00:00,26.6,1009.5,87.22543835052973
2024-10-06 03:00:00,28.8,1012.0,79.03096698905824
2024-10-06 06:00:00,31.4,1011.9,67.26247234040332
2024-10-06 09:00:00,33.8,1009.7,51.765014611076786
2024-10-06 12:00:00,33.6,1009.6,50.46945953917431
2024-10-06 15:00:00,29.8,1010.2,72.83270468535767
2024-10-06 18:00:00,28.0,1011.3,77.50922415182016
2024-10-06 21:00:00,27.6,1010.9,79.81995065848324
2024-10-07 00:00:00,27.2,1011.1,82.70035172790627
2024-10-07 03:00:00,29.0,1012.8,70.96187714437761
2024-10-07 06:00:00,33.8,1012.7,51.765014611076786
2024-10-07 09:00:00,37.4,1010.2,34.427551192444014
2024-10-07 12:00:00,35.4,1009.4,36.54521854055506
2024-10-07 15:00:00,31.0,1010.6,63.258166707380134
2024-10-07 18:00:00,29.0,1011.6,73.57607488115697
2024-10-07 21:00:00,27.4,1011.0,76.95386898986409
2024-10-08 00:00:00,27.0,1011.0,76.8936310454662
2024-10-08 03:00:00,29.6,1012.9,63.341728305764846
2024-10-08 06:00:00,35.2,1012.6,45.8888450476227
2024-10-08 09:00:00,37.0,1009.7,38.14184234161597
2024-10-08 12:00:00,35.4,1009.2,38.41976229946802
2024-10-08 15:00:00,30.4,1010.4,59.034988113686474
2024-10-08 18:00:00,28.2,1010.4,71.68232431462354
2024-10-08 21:00:00,28.0,1009.7,70.35037364356444
2024-10-09 00:00:00,26.8,1009.6,73.6526814430667
2024-10-09 03:00:00,29.0,1011.0,68.01508576459278
2024-10-09 06:00:00,33.4,1011.1,53.583679198134604
2024-10-09 09:00:00,36.8,1007.8,35.35256436255473
2024-10-09 12:00:00,35.0,1006.7,41.53826131238334
2024-10-09 15:00:00,32.6,1008.9,51.77843588862952
2024-10-09 18:00:00,31.0,1009.0,66.78169156880611
2024-10-09 21:00:00,29.2,1008.1,69.72295309892432
2024-10-10 00:00:00,28.6,1008.3,69.18880061124511
2024-10-10 03:00:00,28.4,1009.2,71.71785815951927
2024-10-10 06:00:00,29.4,1010.1,72.32825969825754
2024-10-10 09:00:00,30.6,1008.2,66.70183445693432
2024-10-10 12:00:00,30.6,1007.6,67.91613145039247
2024-10-10 15:00:00,29.0,1009.2,73.57607488115697
2024-10-10 18:00:00,28.0,1009.9,80.3537462205201
2024-10-10 21:00:00,27.4,1008.2,62.864093985522686
2024-10-11 00:00:00,26.4,1007.9,70.48621381671374
2024-10-11 03:00:00,26.6,1009.7,72.27790097107153
2024-10-11 06:00:00,30.4,1010.0,59.034988113686474
2024-10-11 09:00:00,31.2,1007.9,56.05359172338208
2024-10-11 12:00:00,31.0,1007.0,63.258166707380134
2024-10-11 15:00:00,28.0,1009.0,62.22113735241833
2024-10-11 18:00:00,28.0,1009.3,66.1763979306175
2024-10-11 21:00:00,27.4,1008.2,76.95386898986409
2024-10-12 00:00:00,27.0,1008.5,79.73938187381316
2024-10-12 03:00:00,27.2,1010.0,78.33374294989056
2024-10-12 06:00:00,29.4,1010.4,71.03411577940795
2024-10-12 09:00:00,31.4,1008.2,63.34384135735378
2024-10-12 12:00:00,30.4,1007.8,71.64060697493404
2024-10-12 15:00:00,28.6,1009.4,79.00337009946395
2024-10-12 18:00:00,28.2,1010.0,80.37983931978188
2024-10-12 21:00:00,27.6,1008.8,84.24549777703992
2024-10-13 00:00:00,26.0,1009.0,93.67255110424425
2024-10-13 03:00:00,26.4,1010.9,88.79047072518293
2024-10-13 06:00:00,31.0,1010.7,66.78169156880611
2024-10-13 09:00:00,31.6,1008.1,64.9280664556721
2024-10-13 12:00:00,31.4,1007.5,66.06520314217083
2024-10-13 15:00:00,29.6,1010.0,76.82235153000387
2024-10-13 18:00:00,28.4,1010.6,71.71785815951927
2024-10-13 21:00:00,27.6,1009.9,82.7470419948832
2024-10-14 00:00:00,27.0,1010.2,84.18092213796281
2024-10-14 03:00:00,27.8,1011.3,81.29701074620921
2024-10-14 06:00:00,31.8,1010.7,66.14596424716504
2024-10-14 09:00:00,33.8,1008.8,60.52964398250845
2024-10-14 12:00:00,30.4,1008.1,69.11197515651446
2024-10-14 15:00:00,30.0,1010.8,74.18441432342445
2024-10-14 18:00:00,28.6,1010.9,79.00337009946395
2024-10-14 21:00:00,27.6,1009.4,79.81995065848324
2024-10-15 00:00:00,26.6,1009.6,87.22543835052973
2024-10-15 03:00:00,30.0,1011.2,72.866865390855
2024-10-15 06:00:00,33.6,1011.4,56.9688756885708
2024-10-15 09:00:00,34.6,1008.6,56.524933034712646
2024-10-15 12:00:00,34.2,1007.6,57.45282698261636
2024-10-15 15:00:00,31.0,1010.0,65.58856385714532
2024-10-15 18:00:00,29.6,1010.3,74.118773297339
2024-10-15 21:00:00,28.4,1009.3,77.56787120852722
2024-10-16 00:00:00,27.6,1009.1,81.27196286112057
2024-10-16 03:00:00,29.4,1010.1,68.50651160978764
2024-10-16 06:00:00,35.4,1010.1,51.85309266039345
2024-10-16 09:00:00,36.0,1007.9,45.542429698172974
2024-10-16 12:00:00,34.4,1007.2,49.15636027363035
2024-10-16 15:00:00,31.4,1009.2,61.08987992237482
2024-10-16 18:00:00,29.0,1009.4,73.57607488115697
2024-10-16 21:00:00,28.6,1008.1,76.21281246926864
2024-10-17 00:00:00,26.8,1008.0,70.99479528301373
2024-10-17 03:00:00,28.4,1010.7,61.16586545008611
2024-10-17 06:00:00,34.0,1010.4,40.755573338853395
2024-10-17 09:00:00,37.0,1007.2,32.23121797555827
2024-10-17 12:00:00,35.0,1006.6,35.08323569099895
2024-10-17 15:00:00,31.0,1008.1,53.64502413942176
2024-10-17 18:00:00,29.4,1008.7,62.147323833199586
2024-10-17 21:00:00,28.2,1007.8,71.68232431462354
2024-10-18 00:00:00,27.0,1007.5,62.77637062843983
2024-10-18 03:00:00,27.6,1009.7,55.17515984155883
2024-10-18 06:00:00,34.0,1009.8,48.75448871884437
2024-10-18 09:00:00,35.8,1007.2,42.53092676973995
2024-10-18 12:00:00,34.6,1007.1,48.317466168278045
2024-10-18 15:00:00,30.6,1009.0,65.50658692237978
2024-10-18 18:00:00,29.0,1009.6,73.57607488115697
2024-10-18 21:00:00,28.4,1009.5,76.18203664070896
2024-10-19 00:00:00,28.0,1008.8,80.3537462205201
2024-10-19 03:00:00,28.4,1011.3,81.85865421535438
2024-10-19 06:00:00,32.4,1011.2,67.85998060995067
2024-10-19 09:00:00,34.0,1009.0,63.89432970526357
2024-10-19 12:00:00,29.2,1008.3,83.42405706602797
2024-10-19 15:00:00,29.0,1010.3,84.89506306062921
2024-10-19 18:00:00,27.0,1010.8,79.73938187381316
2024-10-19 21:00:00,26.6,1009.8,87.22543835052973
2024-10-20 00:00:00,25.8,1011.1,84.05061522100549
2024-10-20 03:00:00,27.2,1012.7,82.70035172790627
2024-10-20 06:00:00,31.6,1012.2,62.25158297844957
2024-10-20 09:00:00,33.2,1009.7,58.9647920354539
2024-10-20 12:00:00,33.8,1009.4,59.45619966284473
2024-10-20 15:00:00,30.8,1011.3,71.71113203855039
2024-10-20 18:00:00,28.6,1011.9,77.59711341151534
2024-10-20 21:00:00,27.6,1011.4,78.39069896683198
2024-10-21 00:00:00,26.6,1012.0,87.74959532134955
2024-10-21 03:00:00,25.2,1012.5,89.77318651955946
2024-10-21 06:00:00,31.6,1012.7,65.31852645591599
2024-10-21 09:00:00,34.2,1009.0,54.105694175209415
2024-10-21 12:00:00,33.2,1008.1,60.03499793790983
2024-10-21 15:00:00,31.4,1010.9,72.24352874821913
2024-10-21 18:00:00,27.2,1011.8,62.82026640406263
2024-10-21 21:00:00,25.6,1010.8,74.36025581723416
2024-10-22 00:00:00,26.0,1011.0,70.4120836701745
2024-10-22 03:00:00,27.4,1013.5,64.44152051921621
2024-10-22 06:00:00,33.2,1012.6,44.79972355987793
2024-10-22 09:00:00,35.0,1010.0,43.64082513984817
2024-10-22 12:00:00,34.4,1009.5,45.11935390234125
2024-10-22 15:00:00,31.0,1011.1,60.63128269788534
2024-10-22 18:00:00,28.4,1011.4,77.56787120852722
2024-10-22 21:00:00,28.0,1011.1,78.44744220055776
2024-10-23 00:00:00,26.2,1011.4,79.14840201964623
2024-10-23 03:00:00,28.0,1013.2,67.40516935791447
2024-10-23 06:00:00,34.0,1012.8,47.575273109543275
2024-10-23 09:00:00,35.4,1009.7,42.16305078265748
2024-10-23 12:00:00,35.8,1009.2,44.39358400099067
2024-10-23 15:00:00,31.4,1010.7,56.445824525394414
2024-10-23 18:00:00,28.4,1011.3,67.8977377259484
2024-10-23 21:00:00,27.0,1010.7,72.34810781589086
2024-10-24 00:00:00,25.8,1010.8,74.85200261699907
2024-10-24 03:00:00,27.4,1012.3,61.70335673214363
2024-10-24 06:00:00,34.4,1012.5,39.11613497299796
2024-10-24 09:00:00,37.0,1009.3,24.153344736248723
2024-10-24 12:00:00,34.4,1009.4,34.478117246908965
2024-10-24 15:00:00,29.2,1011.2,56.96582316395901
2024-10-24 18:00:00,26.6,1011.1,69.23176807489104
2024-10-24 21:00:00,25.0,1009.7,72.89363172362464
2024-10-25 00:00:00,23.4,1010.1,74.9242703691049
2024-10-25 03:00:00,26.6,1012.0,61.139934561733845
2024-10-25 06:00:00,32.8,1012.2,42.24804823188427
2024-10-25 09:00:00,36.6,1009.3,30.14831236960195
2024-10-25 12:00:00,34.6,1008.9,36.55646573898436
2024-10-25 15:00:00,28.6,1010.7,57.533446890831016
2024-10-25 18:00:00,26.4,1011.3,63.431976186978964
2024-10-25 21:00:00,25.0,1010.6,71.10528271258221
2024-10-26 00:00:00,24.4,1010.6,72.33699619216402
2024-10-26 03:00:00,26.6,1012.4,61.139934561733845
2024-10-26 06:00:00,33.4,1012.2,44.02557952346584
2024-10-26 09:00:00,37.0,1009.2,28.936968311978973
2024-10-26 12:00:00,35.6,1008.7,40.432297754745264
2024-10-26 15:00:00,29.0,1010.1,70.96187714437761
2024-10-26 18:00:00,27.0,1010.0,69.73535987777385
2024-10-27 00:00:00,25.0,1009.3,71.10528271258221
2024-10-27 03:00:00,27.6,1011.0,59.114546352705645
2024-10-27 06:00:00,35.0,1010.4,41.7961255281048
2024-10-27 09:00:00,38.0,1007.3,32.501122392393675
2024-10-27 12:00:00,36.2,1006.8,43.960628261188035
2024-10-27 15:00:00,30.2,1007.9,66.22048006651374
2024-10-27 18:00:00,27.6,1007.7,69.84804373904335
2024-10-27 21:00:00,26.2,1006.5,67.46242360250821
2024-10-28 00:00:00,24.6,1006.9,78.44038822062748
2024-10-28 03:00:00,28.0,1008.9,63.385341541150645
2024-10-28 06:00:00,35.0,1008.9,43.64082513984817
2024-10-28 09:00:00,38.2,1005.7,32.75881704368271
2024-10-28 12:00:00,36.4,1005.4,38.45269819396412
2024-10-28 15:00:00,30.6,1007.4,66.70183445693432
2024-10-28 18:00:00,28.4,1007.6,69.15080360685214
2024-10-28 21:00:00,27.4,1007.1,76.95386898986409
2024-10-29 00:00:00,25.6,1007.8,79.0650667975322
2024-10-29 03:00:00,28.0,1010.1,70.35037364356444
2024-10-29 06:00:00,34.4,1010.4,44.02068870730294
2024-10-29 09:00:00,36.8,1007.9,30.394628474325224
2024-10-29 12:00:00,35.6,1007.3,39.442579033295885
2024-10-29 15:00:00,29.4,1008.8,38.48167342028429
2024-10-29 18:00:00,27.0,1009.3,71.03120402884956
2024-10-29 21:00:00,25.6,1008.2,71.06824337071588
2024-10-30 00:00:00,25.0,1008.7,71.10528271258221
2024-10-30 03:00:00,28.6,1011.3,56.11768390700195
2024-10-30 06:00:00,33.6,1011.8,39.1433574339644
2024-10-30 09:00:00,36.6,1009.4,31.719253448790237
2024-10-30 12:00:00,35.4,1009.5,35.638429396287464
2024-10-30 15:00:00,29.8,1010.8,62.23530658956874
2024-10-30 18:00:00,27.0,1011.5,65.56431854728334
2024-10-30 21:00:00,26.2,1010.8,62.209161530734946
2024-10-31 00:00:00,24.4,1010.6,67.94922933383891
2024-10-31 03:00:00,27.8,1013.5,54.19164488057315
2024-10-31 06:00:00,34.0,1013.6,37.798615236203595
2024-10-31 09:00:00,37.6,1010.3,27.29879481862595
2024-10-31 12:00:00,36.0,1009.8,29.41622551662091
2024-10-31 15:00:00,29.4,1011.7,50.962275319663796
2024-10-31 18:00:00,27.0,1012.2,62.77637062843983
2024-10-31 21:00:00,25.0,1011.5,63.92706944237422
2024-11-01 00:00:00,23.6,1011.6,66.93757991376943
2024-11-01 03:00:00,26.4,1013.7,62.25365124486911
2024-11-01 06:00:00,34.2,1014.1,35.086612583646954
2024-11-01 09:00:00,36.4,1011.6,24.959796074296065
2024-11-01 12:00:00,35.6,1011.2,29.688118952217764
2024-11-01 15:00:00,27.6,1013.0,59.114546352705645
2024-11-01 18:00:00,25.2,1013.5,68.53404397143257
2024-11-01 21:00:00,23.6,1012.9,71.74337958668197
2024-11-02 00:00:00,22.2,1012.7,72.40123365463968
2024-11-02 03:00:00,25.4,1014.3,61.2525557727852
2024-11-02 06:00:00,33.4,1014.5,32.28045527023692
2024-11-02 09:00:00,36.8,1012.1,23.173275776768918
2024-11-02 12:00:00,34.4,1011.6,32.76282332820584
2024-11-02 15:00:00,27.0,1012.7,58.6053007570548
2024-11-02 18:00:00,25.0,1013.2,59.62894557326245
2024-11-02 21:00:00,23.8,1012.2,62.86092090496198
2024-11-03 00:00:00,23.4,1012.0,63.985292032244004
2024-11-03 03:00:00,27.0,1014.2,56.07951487572317
2024-11-03 06:00:00,33.0,1014.4,37.524246972641585
2024-11-03 09:00:00,36.0,1011.9,29.41622551662091
2024-11-03 12:00:00,34.6,1011.5,39.41625139239092
2024-11-03 15:00:00,28.0,1013.0,59.577319147693366
2024-11-03 18:00:00,25.6,1013.3,64.45946580818865
2024-11-03 21:00:00,24.4,1012.0,61.805642930968055
2024-11-04 00:00:00,23.0,1011.8,71.1843141777344
2024-11-04 03:00:00,26.6,1013.3,61.139934561733845
2024-11-04 06:00:00,33.6,1013.1,34.4786261295975
2024-11-04 09:00:00,36.4,1010.2,26.635705299023748
2024-11-04 12:00:00,34.4,1009.7,30.923200333824933
2024-11-04 15:00:00,27.6,1011.7,55.17515984155883
2024-11-04 18:00:00,25.6,1012.2,68.61205443506742
2024-11-04 21:00:00,23.8,1011.6,68.69052211302972
2024-11-05 00:00:00,24.2,1012.0,62.949538189695744
2024-11-05 03:00:00,27.0,1013.9,54.67956800189647
2024-11-05 06:00:00,33.8,1014.1,33.87770331280664
2024-11-05 09:00:00,36.0,1011.7,27.76077966696984
2024-11-05 12:00:00,34.4,1011.1,34.478117246908965
2024-11-05 15:00:00,27.6,1013.5,59.114546352705645
2024-11-05 18:00:00,25.2,1013.9,66.84248971294873
2024-11-05 21:00:00,24.0,1013.1,67.44315945194963
2024-11-06 00:00:00,24.0,1013.5,65.76081144228971
2024-11-06 03:00:00,27.0,1015.6,39.860013982227635
2024-11-06 06:00:00,33.4,1015.5,28.71689739806738
2024-11-06 09:00:00,35.8,1012.2,29.174487190820365
2024-11-06 12:00:00,34.2,1012.1,39.80263123545171
2024-11-06 15:00:00,27.6,1013.5,65.68864481870233
2024-11-06 18:00:00,25.4,1013.3,68.57308221822572
2024-11-06 21:00:00,24.2,1012.2,69.20179535984853
2024-11-07 00:00:00,23.2,1012.4,73.03601654966685
2024-11-07 03:00:00,26.6,1015.0,62.29807222676058
2024-11-07 06:00:00,32.8,1014.6,40.42859587319974
2024-11-07 09:00:00,36.0,1011.9,29.41622551662091
2024-11-07 12:00:00,34.4,1011.5,42.15439153832854
2024-11-07 15:00:00,28.0,1013.0,64.9673083542988
2024-11-07 18:00:00,25.8,1013.3,70.37492245088673
2024-11-07 21:00:00,24.0,1012.2,67.44315945194963
2024-11-08 00:00:00,22.4,1012.2,79.10614032603415
2024-11-08 03:00:00,27.4,1014.9,60.18498206209946
2024-11-08 06:00:00,32.8,1014.3,40.42859587319974
2024-11-08 09:00:00,36.0,1010.9,31.960576161503475
2024-11-08 12:00:00,34.8,1010.5,33.93521936024837
2024-11-08 15:00:00,27.0,1012.7,57.51084662663192
2024-11-08 18:00:00,24.6,1012.9,66.30194413180494
2024-11-08 21:00:00,24.8,1011.7,55.1817788084762
2024-11-09 00:00:00,23.6,1012.4,62.41693601145195
2024-11-09 03:00:00,26.0,1014.9,55.12789240334629
2024-11-09 06:00:00,33.2,1015.2,33.93037139308301
2024-11-09 09:00:00,35.4,1011.9,26.893084347345
2024-11-09 12:00:00,33.6,1011.3,31.715436176430018
2024-11-09 15:00:00,27.4,1013.0,56.531617874228566
2024-11-09 18:00:00,25.0,1013.0,58.13017769528709
2024-11-09 21:00:00,24.2,1012.3,60.20575079871314
2024-11-10 00:00:00,23.2,1012.9,65.17668373106751
2024-11-10 03:00:00,25.8,1015.2,52.32972267192697
2024-11-10 06:00:00,33.4,1014.8,36.2273738984628
2024-11-10 09:00:00,35.2,1011.8,21.729223146742164
2024-11-10 12:00:00,33.6,1011.6,37.214873528497584
2024-11-10 15:00:00,27.4,1013.1,47.62210325150437
2024-11-10 18:00:00,24.6,1013.7,63.438007568137486
2024-11-10 21:00:00,23.2,1013.1,66.85582014146925
2024-11-11 00:00:00,22.8,1013.1,63.44677270636492
2024-11-11 03:00:00,25.4,1014.9,52.90301503946089
2024-11-11 06:00:00,33.0,1014.2,34.75704782927792
2024-11-11 09:00:00,35.8,1011.5,23.378462570094896
2024-11-11 12:00:00,33.0,1011.1,35.658810994961954
2024-11-11 15:00:00,26.4,1012.9,55.57883796392953
2024-11-11 18:00:00,25.0,1013.1,58.13017769528709
2024-11-11 21:00:00,22.6,1012.2,69.33008235227456
2024-11-12 00:00:00,22.6,1012.1,64.63389847736897
2024-11-12 03:00:00,24.8,1014.7,58.082284382367654
2024-11-12 06:00:00,32.8,1014.7,31.49674785925165
2024-11-12 09:00:00,35.0,1011.0,25.587325241775638
2024-11-12 12:00:00,33.4,1010.8,33.336931410509116
2024-11-12 15:00:00,26.0,1012.6,55.12789240334629
2024-11-12 18:00:00,24.0,1012.3,64.5233560338738
2024-11-12 21:00:00,21.6,1011.0,71.83530613579937
2024-11-13 00:00:00,20.6,1011.3,73.04449468125938
2024-11-13 03:00:00,24.8,1013.2,46.92168362040584
2024-11-13 06:00:00,31.0,1013.2,39.175305310064076
2024-11-13 09:00:00,34.4,1009.6,23.021057791269424
2024-11-13 12:00:00,32.2,1009.6,32.7935797875063
2024-11-13 15:00:00,25.6,1011.3,58.64418652447737
2024-11-13 18:00:00,23.2,1012.0,65.17668373106751
2024-11-13 21:00:00,23.0,1011.1,66.81483777876102
2024-11-14 00:00:00,23.0,1011.6,59.15792233039937
2024-11-14 03:00:00,23.2,1013.9,60.7486535053691
2024-11-14 06:00:00,31.4,1014.2,35.67570668526358
2024-11-14 09:00:00,34.2,1011.4,25.377657107531082
2024-11-14 12:00:00,31.4,1011.1,32.57316843526804
2024-11-14 15:00:00,26.0,1013.0,46.03393328611059
2024-11-14 18:00:00,23.0,1013.6,60.70242277903299
2024-11-14 21:00:00,22.0,1012.7,65.75997484481925
2024-11-15 00:00:00,21.6,1012.3,65.25391544185001
2024-11-15 03:00:00,23.4,1015.5,56.636614581770104
2024-11-15 06:00:00,30.6,1015.5,36.6234764027544
2024-11-15 09:00:00,34.2,1011.9,21.917063776067703
2024-11-15 12:00:00,31.4,1011.0,27.804132210957356
2024-11-15 15:00:00,26.0,1012.9,57.63433267904622
2024-11-15 18:00:00,23.2,1013.0,65.17668373106751
2024-11-15 21:00:00,21.8,1012.2,70.51187349579016
2024-11-16 00:00:00,21.0,1012.0,69.9109186693193
2024-11-16 03:00:00,22.8,1014.4,61.838608568718016
2024-11-16 06:00:00,32.2,1013.9,31.74393634099325
2024-11-16 09:00:00,33.4,1011.0,24.181413072816248
2024-11-16 12:00:00,31.6,1010.2,29.96219116312658
2024-11-16 15:00:00,24.8,1012.1,56.615701950203146
2024-11-16 18:00:00,22.0,1012.9,61.25880440963451
2024-11-16 21:00:00,21.0,1012.2,68.1361982731892
2024-11-17 00:00:00,20.8,1012.1,69.87255673728518
2024-11-17 03:00:00,23.0,1013.7,56.172285693768046
2024-11-17 06:00:00,30.6,1014.2,33.65098588696691
2024-11-17 09:00:00,32.8,1011.3,28.743310512596143
2024-11-17 12:00:00,31.2,1010.9,33.379105166835565
2024-11-17 15:00:00,24.8,1012.7,59.20403395936841
2024-11-17 18:00:00,22.4,1013.1,67.54841643617165
2024-11-22 00:00:00,18.2,1013.2,54.961925502591825
2024-11-22 03:00:00,19.8,1015.8,49.073959168989155
2024-11-22 06:00:00,27.8,1015.4,30.52953991137065
2024-11-22 09:00:00,29.6,1011.8,24.16919563483283
2024-11-22 12:00:00,27.6,1011.7,34.84798436000409
2024-11-22 15:00:00,21.4,1013.2,57.257364890479664
2024-11-22 18:00:00,19.4,1013.5,63.5175342376094
2024-11-22 21:00:00,18.4,1012.8,64.13703680020836
2024-11-23 00:00:00,18.2,1013.5,65.81041709610372
2024-11-23 03:00:00,19.0,1016.1,56.28533522138947
2024-11-23 06:00:00,27.0,1015.6,38.568392868643805
2024-11-23 09:00:00,31.0,1012.4,30.195149237881196
2024-11-23 12:00:00,28.4,1012.2,38.203127237602175
2024-11-23 15:00:00,21.8,1013.8,60.8170355392234
2024-11-23 18:00:00,19.8,1014.3,63.60648802126187
2024-11-23 21:00:00,18.4,1013.6,67.60944202765148
2024-11-24 00:00:00,18.2,1013.7,63.66965104768998
2024-11-24 03:00:00,19.6,1015.8,58.34090031843224
2024-11-24 06:00:00,26.6,1015.8,43.00613273098813
2024-11-24 09:00:00,30.8,1012.7,35.97324771071284
2024-11-24 12:00:00,28.8,1012.4,40.887297325663276
2024-11-24 15:00:00,22.6,1014.3,63.40269026843174
2024-11-24 18:00:00,20.8,1014.8,66.35948323849591
2024-11-24 21:00:00,19.6,1014.4,66.97577523650703
2024-11-25 00:00:00,19.2,1014.1,63.056482911986
2024-11-25 03:00:00,20.0,1016.1,58.825278327005336
2024-11-25 06:00:00,28.0,1016.4,36.37594004053973
2024-11-25 09:00:00,30.6,1013.0,24.766402684355572
2024-11-25 12:00:00,28.2,1012.4,29.030111552367572
2024-11-25 15:00:00,21.6,1014.4,56.191023197707345
2024-11-25 18:00:00,18.8,1014.8,66.37266162690366
2024-11-25 21:00:00,18.4,1014.5,62.46052062056043
2024-11-26 00:00:00,17.4,1014.8,68.75448024328793
2024-11-26 03:00:00,19.4,1017.0,58.29219316984664
2024-11-26 06:00:00,29.0,1016.2,30.248602781264765
2024-11-26 09:00:00,31.4,1012.8,22.254855636397533
2024-11-26 12:00:00,29.4,1012.5,28.7744066414214
2024-11-26 15:00:00,22.6,1014.1,48.20585420316496
2024-11-26 18:00:00,20.0,1014.6,65.7622185890749
2024-11-26 21:00:00,18.6,1013.7,60.86968290268062
2024-11-27 00:00:00,18.4,1013.3,64.13703680020836
2024-11-27 03:00:00,20.8,1015.4,52.05324700160009
2024-11-27 06:00:00,29.0,1015.1,31.277124913943023
2024-11-27 09:00:00,31.6,1011.8,19.846920524506274
2024-11-27 12:00:00,29.8,1011.5,36.63912034977847
2024-11-27 15:00:00,22.6,1013.9,57.17819771780525
2024-11-27 18:00:00,20.2,1014.2,67.53624912686811
2024-11-27 21:00:00,18.8,1013.0,69.94020031223228
2024-11-28 00:00:00,17.4,1013.2,70.59260356670579
2024-11-28 03:00:00,21.0,1015.6,52.10577333966127
2024-11-28 06:00:00,29.0,1015.4,32.551960324714734
2024-11-28 09:00:00,31.6,1012.2,27.12594970361132
2024-11-28 12:00:00,29.6,1011.6,29.21836345132702
2024-11-28 15:00:00,23.0,1013.9,51.60290780194083
2024-11-28 18:00:00,22.6,1014.8,48.20585420316496
2024-11-28 21:00:00,20.2,1013.9,62.45824686119664
2024-11-29 00:00:00,20.2,1014.4,55.840490093853
2024-11-29 03:00:00,20.6,1016.5,56.31192678175163
2024-11-29 06:00:00,27.2,1016.3,30.777155802442813
2024-11-29 09:00:00,29.4,1013.2,22.824222221101323
2024-11-29 12:00:00,27.4,1012.8,24.595403869028207
2024-11-29 15:00:00,22.6,1014.6,41.32822207705151
2024-11-29 18:00:00,19.6,1015.0,56.81233648843141
2024-11-29 21:00:00,18.6,1013.9,50.43401927362549
2024-11-30 00:00:00,18.2,1013.7,48.305534702018
2024-11-30 03:00:00,17.8,1015.5,56.3614695515422
2024-11-30 06:00:00,26.0,1015.3,34.86424786404487
2024-11-30 09:00:00,28.2,1011.7,26.93794324176731
2024-11-30 12:00:00,26.6,1011.2,31.02895662459314
2024-11-30 15:00:00,20.6,1012.8,59.74903359457973
2024-11-30 18:00:00,19.6,1013.6,55.319185573307635
2024-11-30 21:00:00,19.6,1012.6,47.06526043253252
2024-12-01 21:00:00,18.8,1010.5,52.579231613696244
2024-12-02 00:00:00,17.6,1010.3,59.82712269741115
2024-12-02 03:00:00,18.6,1012.5,58.87733469932919
2024-12-02 06:00:00,26.6,1012.6,34.566993424054715
2024-12-02 09:00:00,29.0,1010.0,26.247175038747926
2024-12-02 12:00:00,28.0,1009.9,29.770450674831356
2024-12-02 15:00:00,21.8,1011.7,54.78429803964941
2024-12-02 18:00:00,22.6,1012.1,43.9087954166113
2024-12-02 21:00:00,20.6,1011.8,53.4042303123328
2024-12-03 00:00:00,19.8,1011.8,57.240597392790995
2024-12-03 03:00:00,21.0,1014.0,56.78422528555351
2024-12-03 06:00:00,27.6,1014.4,34.84798436000409
2024-12-03 09:00:00,30.6,1011.6,30.68937776994295
2024-12-03 12:00:00,29.6,1011.3,35.407088012188964
2024-12-03 15:00:00,24.8,1013.4,55.1817788084762
2024-12-03 21:00:00,22.2,1012.9,53.816455376649685
2024-12-04 00:00:00,21.2,1012.8,53.91475383807344
2024-12-04 03:00:00,21.4,1015.1,51.18166333331645
2024-12-04 06:00:00,28.2,1015.0,35.71785165766372
2024-12-04 09:00:00,31.4,1011.6,28.743488845183503
2024-12-04 12:00:00,30.0,1011.2,30.727802760765467
2024-12-04 15:00:00,25.0,1013.4,48.53416938934112
2024-12-04 18:00:00,24.0,1013.9,50.200126046479014
2024-12-04 21:00:00,23.0,1013.2,52.97267025402695
2024-12-05 00:00:00,20.8,1012.9,59.796425120302324
2024-12-05 03:00:00,21.4,1014.8,54.32336862127332
2024-12-05 06:00:00,28.4,1015.0,33.704905272398875
2024-12-05 09:00:00,31.0,1011.7,34.204854288884526
2024-12-05 12:00:00,30.2,1011.5,37.23036792017046
2024-12-05 15:00:00,25.2,1012.8,50.19046683038073
2024-12-05 18:00:00,22.8,1013.3,49.88133832082185
2024-12-05 21:00:00,22.0,1012.5,47.406531020959186
2024-12-06 00:00:00,19.8,1012.9,58.77700449776376
2024-12-06 03:00:00,20.2,1015.3,59.26262508250474
2024-12-06 06:00:00,27.0,1015.1,42.28120224760523
2024-12-06 09:00:00,29.8,1011.0,34.545791522111145
2024-12-06 12:00:00,28.4,1010.2,39.21479590600326
2024-12-06 15:00:00,21.8,1011.9,59.25650266469661
2024-12-06 18:00:00,20.2,1012.6,54.37630112826256
2024-12-06 21:00:00,18.0,1011.7,65.33413022042211
2024-12-07 00:00:00,16.0,1011.6,71.2658350985727
2024-12-07 03:00:00,17.0,1012.9,71.92595452180186
2024-12-07 06:00:00,26.4,1013.4,36.653290605994705
2024-12-07 09:00:00,29.8,1010.9,27.371580069914376
2024-12-07 12:00:00,28.0,1010.0,34.27058953846036
2024-12-07 15:00:00,21.8,1012.0,54.78429803964941
2024-12-07 18:00:00,18.4,1012.3,64.13703680020836
2024-12-07 21:00:00,16.0,1011.4,68.9313969976708
2024-12-08 00:00:00,15.0,1011.5,76.48899399134608
2024-12-08 03:00:00,17.4,1014.2,66.51621615947698
2024-12-08 06:00:00,26.4,1014.2,36.653290605994705
2024-12-08 09:00:00,29.6,1011.3,23.03427955474568
2024-12-08 12:00:00,27.0,1011.5,20.686571114887364
2024-12-08 15:00:00,21.6,1012.6,35.53427516221728
2024-12-08 18:00:00,18.6,1013.6,40.75153625610747
2024-12-08 21:00:00,16.2,1013.1,45.1589215589595
2024-12-09 00:00:00,16.0,1013.8,34.15903387005225
2024-12-09 03:00:00,16.6,1016.2,33.59934233201827
2024-12-09 06:00:00,25.0,1017.0,15.734768628222556
2024-12-09 09:00:00,26.4,1014.9,19.53149174204275
2024-12-09 12:00:00,24.6,1013.7,23.015365607987384
2024-12-09 15:00:00,18.0,1016.0,41.438563455667115
2024-12-09 18:00:00,17.4,1016.2,43.63955005209162
2024-12-09 21:00:00,15.8,1015.9,51.424702674231916
2024-12-10 00:00:00,15.0,1015.8,48.42543366792187
2024-12-10 03:00:00,16.6,1017.7,47.5324177406637
2024-12-10 06:00:00,22.6,1017.5,32.97356417151956
2024-12-10 09:00:00,25.6,1014.9,23.610832555374003
2024-12-10 12:00:00,24.0,1014.1,26.53316268364155
2024-12-10 15:00:00,17.8,1015.8,51.25705304339948
2024-12-10 18:00:00,18.6,1016.4,42.48570048502894
2024-12-10 21:00:00,15.8,1015.3,55.47204994579723
2024-12-11 00:00:00,14.6,1015.2,57.49617834138533
2024-12-11 03:00:00,15.8,1017.0,51.78153667687344
2024-12-11 06:00:00,23.6,1016.9,32.13135261932524
2024-12-11 09:00:00,26.6,1013.8,27.623751877238632
2024-12-11 12:00:00,25.0,1013.1,29.545250045925382
2024-12-11 15:00:00,18.4,1014.6,51.767520073104144
2024-12-11 18:00:00,17.4,1014.8,52.20895615284719
2024-12-11 21:00:00,16.6,1013.7,60.39703129424253
2024-12-12 00:00:00,15.8,1013.3,55.47204994579723
2024-12-12 03:00:00,16.0,1015.6,59.44152513177586
2024-12-12 06:00:00,24.0,1017.1,36.71436696099642
2024-12-12 09:00:00,27.0,1014.2,26.06653730234831
2024-12-12 12:00:00,25.2,1013.9,31.060708948812298
2024-12-12 15:00:00,19.6,1015.3,50.36195682388848
2024-12-12 18:00:00,17.4,1016.2,55.88102695307108
2024-12-12 21:00:00,16.8,1015.7,51.33971004161866
2024-12-13 00:00:00,15.6,1016.1,49.6180493018951
2024-12-13 03:00:00,15.4,1018.9,49.21880043937282
2024-12-13 06:00:00,23.0,1018.8,24.8040654682677
2024-12-13 09:00:00,25.4,1015.6,17.671787816759668
2024-12-13 12:00:00,24.4,1015.1,21.373935068265055
2024-12-13 15:00:00,18.2,1016.7,48.305534702018
2024-12-13 18:00:00,18.8,1017.7,36.487154469344595
2024-12-13 21:00:00,16.6,1016.7,42.20834278255406
2024-12-14 00:00:00,14.2,1016.4,49.23193477945211
2024-12-14 03:00:00,14.6,1018.3,47.975441646353126
2024-12-14 06:00:00,23.2,1018.8,25.03620571006438
2024-12-14 09:00:00,26.2,1016.0,18.12538811917659
2024-12-14 12:00:00,25.0,1015.3,22.472167823597587
2024-12-14 15:00:00,20.6,1016.4,33.56175024176146
2024-12-14 18:00:00,18.4,1017.4,38.74987803361605
2024-12-14 21:00:00,15.6,1016.4,49.6180493018951
2024-12-15 00:00:00,15.0,1016.0,50.49978032542089
2024-12-15 03:00:00,16.0,1018.5,44.786829514449664
2024-12-15 06:00:00,24.2,1019.0,29.321823795935448
2024-12-15 09:00:00,27.8,1016.0,26.282886170303655
2024-12-15 12:00:00,26.4,1015.2,28.338635938723517
2024-12-15 15:00:00,18.6,1016.4,57.32508396920274
2024-12-15 18:00:00,19.0,1016.4,35.28024018576313
2024-12-15 21:00:00,17.0,1015.3,50.00076672312882
2024-12-16 00:00:00,15.8,1014.9,51.78153667687344
2024-12-16 03:00:00,17.6,1017.2,40.74845215846477
2024-12-16 06:00:00,25.4,1017.4,29.049856991246457
2024-12-16 09:00:00,28.8,1013.3,21.741971783743452
2024-12-16 12:00:00,27.2,1012.5,30.777155802442813
2024-12-16 15:00:00,18.6,1013.8,60.86968290268062
2024-12-16 18:00:00,16.4,1013.7,57.94519114371332
2024-12-16 21:00:00,13.8,1013.1,71.32810520124937
2024-12-17 00:00:00,13.2,1013.0,70.73183788051104
2024-12-17 03:00:00,15.8,1015.1,63.12896708775194
2024-12-17 06:00:00,24.8,1014.9,40.57451472874638
2024-12-17 09:00:00,28.6,1012.0,28.55539342229841
2024-12-17 12:00:00,27.0,1011.5,33.990150562352525
2024-12-17 15:00:00,19.0,1013.5,63.0114676927038
2024-12-17 18:00:00,18.6,1014.3,55.809035144066584
2024-12-17 21:00:00,18.4,1013.3,58.82884579624172
2024-12-18 00:00:00,17.6,1013.3,55.93181986854145
2024-12-18 03:00:00,18.6,1014.3,52.172560403352406
2024-12-18 06:00:00,25.4,1013.6,37.61175342737041
2024-12-18 15:00:00,20.2,1011.5,67.53624912686811
2024-12-18 18:00:00,17.6,1011.5,76.4012091914653
2024-12-18 21:00:00,16.4,1010.6,75.21280024618457
2024-12-19 00:00:00,15.4,1010.8,78.60444584054494
2024-12-19 03:00:00,17.4,1012.7,66.51621615947698
2024-12-19 06:00:00,25.6,1013.1,44.156665179924964
2024-12-19 09:00:00,29.2,1010.6,33.70481924074043
2024-12-19 12:00:00,27.6,1009.8,43.001947059179145
2024-12-19 15:00:00,21.4,1011.3,63.54690629634292
2024-12-19 18:00:00,20.4,1011.7,59.31046034978106
2024-12-19 21:00:00,18.4,1011.2,65.85307897158431
2024-12-20 00:00:00,16.0,1011.2,79.21120375812941
2024-12-20 03:00:00,16.0,1013.6,81.31547573150462
2024-12-20 06:00:00,23.8,1013.7,51.14026131652174
2024-12-20 09:00:00,28.0,1010.4,34.27058953846036
2024-12-20 12:00:00,26.0,1010.3,44.557102524016656
2024-12-20 15:00:00,22.0,1012.3,53.41267569409421
2024-12-20 18:00:00,18.6,1012.6,69.44611108171303
2024-12-20 21:00:00,18.0,1011.9,72.58214163091449
2024-12-21 00:00:00,16.0,1011.3,79.21120375812941
2024-12-21 03:00:00,17.4,1013.7,72.47387967750177
2024-12-21 06:00:00,24.8,1013.8,49.760369979781736
2024-12-21 09:00:00,28.4,1010.6,42.66751391898363
2024-12-21 12:00:00,27.4,1010.4,47.62210325150437
2024-12-21 15:00:00,22.6,1012.5,66.30818558790568
2024-12-21 18:00:00,22.2,1012.4,55.246107413011515
2024-12-21 21:00:00,20.6,1011.4,59.74903359457973
2024-12-22 00:00:00,19.0,1011.5,63.0114676927038
2024-12-22 03:00:00,19.4,1013.3,61.460903484629405
2024-12-22 06:00:00,24.0,1014.1,52.885445858804225
2024-12-22 09:00:00,26.8,1010.7,49.329206039293354
2024-12-22 12:00:00,26.4,1010.3,55.57883796392953
2024-12-22 15:00:00,24.0,1011.8,67.44315945194963
2024-12-22 18:00:00,22.0,1012.3,73.75452283587201
2024-12-22 21:00:00,21.0,1011.7,68.1361982731892
2024-12-23 00:00:00,20.0,1011.9,72.470856291407
2024-12-23 03:00:00,19.6,1013.7,72.39905592806319
2024-12-23 06:00:00,24.4,1014.2,50.63448661826776
2024-12-23 09:00:00,26.6,1012.1,35.743295774420865
2024-12-23 12:00:00,24.8,1012.1,44.22658327114008
2024-12-23 15:00:00,21.0,1013.4,59.84374474323976
2024-12-23 18:00:00,17.0,1014.2,70.05166142718224
2024-12-23 21:00:00,14.6,1013.2,77.96614059766829
2024-12-24 00:00:00,16.0,1013.0,68.9313969976708
2024-12-24 03:00:00,15.6,1015.4,72.62729544777584
2024-12-24 06:00:00,22.6,1016.2,49.827976421206955
2024-12-24 09:00:00,26.0,1012.5,36.05448973800417
2024-12-24 12:00:00,24.6,1012.5,45.35219572709555
2024-12-24 15:00:00,21.2,1014.8,57.20820350842965
2024-12-24 18:00:00,19.0,1015.3,71.8231453434557
2024-12-24 21:00:00,16.8,1014.8,77.78633267574237
2024-12-25 00:00:00,16.6,1014.0,77.24819528018222
2024-12-25 03:00:00,17.0,1016.1,75.80754074677424
2024-12-25 06:00:00,22.6,1016.6,58.68162414536218
2024-12-25 09:00:00,26.2,1014.3,51.43446505931543
2024-12-25 12:00:00,25.0,1013.9,58.13017769528709
2024-12-25 15:00:00,22.0,1016.2,70.54945136907497
2024-12-25 18:00:00,20.4,1016.4,71.15735822881922
2024-12-25 21:00:00,20.0,1015.5,70.62550939676852
2024-12-26 00:00:00,19.8,1015.1,70.58772605911892
2024-12-26 03:00:00,20.0,1017.2,72.470856291407
2024-12-26 06:00:00,24.0,1017.9,61.32294249463855
2024-12-26 09:00:00,26.6,1014.8,57.053505156821174
2024-12-26 12:00:00,26.4,1014.1,62.25365124486911
2024-12-26 15:00:00,24.0,1015.4,75.02229317138162
2024-12-26 18:00:00,22.6,1016.1,81.13377868400066
2024-12-26 21:00:00,21.6,1014.8,85.69563499959355
2024-12-27 00:00:00,21.6,1014.5,80.49756918337606
2024-12-27 03:00:00,20.6,1016.3,87.22105196053376
2024-12-27 06:00:00,24.2,1017.6,70.51568317062028
2024-12-27 09:00:00,27.0,1014.3,60.09299888935582
2024-12-27 12:00:00,25.0,1014.2,65.14551045571683
2024-12-27 15:00:00,22.6,1016.8,69.33008235227456
2024-12-27 18:00:00,20.6,1017.3,68.055920529955
2024-12-27 21:00:00,19.2,1016.6,77.14836978029265
2024-12-28 00:00:00,17.6,1016.3,79.95556914093304
2024-12-28 03:00:00,18.6,1018.5,80.60939160489468
2024-12-28 06:00:00,23.6,1019.2,66.93757991376943
2024-12-28 09:00:00,25.8,1015.3,59.06407540325651
2024-12-28 12:00:00,24.6,1015.0,62.244261568923164
2024-12-28 15:00:00,21.6,1016.6,71.83530613579937
2024-12-28 18:00:00,19.0,1017.7,57.80821250204687
2024-12-28 21:00:00,18.2,1017.1,73.09321958834506
2024-12-29 00:00:00,17.4,1017.3,61.40438215654258
2024-12-29 03:00:00,17.0,1019.2,66.43173411999655
2024-12-29 06:00:00,22.4,1019.5,55.29641731774924
2024-12-29 09:00:00,24.8,1016.8,51.06978658634824
2024-12-29 12:00:00,24.2,1016.6,54.67762067213747
2024-12-29 15:00:00,21.6,1018.1,52.958593532599885
2024-12-29 18:00:00,19.0,1018.6,46.262403409175434
2024-12-29 21:00:00,16.6,1017.8,60.39703129424253
2024-12-30 00:00:00,15.4,1016.9,64.76683280888665
2024-12-30 03:00:00,15.6,1019.3,68.85115991738205
2024-12-30 06:00:00,22.4,1019.2,58.25434943203264
2024-12-30 09:00:00,26.4,1016.3,52.820008231230375
2024-12-30 12:00:00,25.6,1015.6,53.29501411484861
2024-12-30 15:00:00,20.4,1017.3,74.42596717658931
2024-12-30 18:00:00,18.6,1017.8,69.44611108171303
2024-12-30 21:00:00,16.4,1016.7,71.34101940854292
2024-12-31 00:00:00,16.4,1016.3,65.86254666524192
2024-12-31 03:00:00,16.6,1018.7,64.16519997514996
2024-12-31 06:00:00,24.0,1019.1,57.150508542239244
2024-12-31 09:00:00,27.4,1016.2,51.41660273005798
2024-12-31 12:00:00,26.6,1015.4,51.86850699632642
2024-12-31 15:00:00,21.4,1016.6,75.06854363302618
2024-12-31 18:00:00,20.0,1017.6,81.3101072483957
2024-12-31 21:00:00,19.0,1016.3,77.11756813613941
