time,temp_c,slp_hpa,rh_pct
2023-01-01 00:00:00,15.4,1017.9,64.76683280888665
2023-01-01 03:00:00,16.2,1019.9,57.89559871546207
2023-01-01 06:00:00,24.0,1020.5,36.71436696099642
2023-01-01 09:00:00,26.4,1018.0,36.653290605994705
2023-01-01 12:00:00,24.8,1017.2,39.242326989275924
2023-01-01 15:00:00,17.4,1018.9,66.51621615947698
2023-01-01 18:00:00,15.6,1018.9,74.58292836853072
2023-01-01 21:00:00,15.6,1017.5,68.85115991738205
2023-01-02 00:00:00,15.0,1017.4,68.26927972119368
2023-01-02 03:00:00,16.0,1020.2,61.49056936310349
2023-01-02 06:00:00,23.2,1020.5,44.96629978492457
2023-01-02 09:00:00,26.2,1017.0,37.58632040471237
2023-01-02 12:00:00,25.2,1016.6,42.337205044186796
2023-01-02 15:00:00,17.6,1018.7,68.79445560561811
2023-01-02 18:00:00,15.0,1018.9,74.48026125044981
2023-01-02 21:00:00,16.2,1017.9,67.6046896295471
2023-01-03 00:00:00,15.2,1017.8,70.16872210440734
2023-01-03 03:00:00,15.4,1019.9,64.76683280888665
2023-01-03 06:00:00,22.4,1020.3,43.852958879155054
2023-01-03 09:00:00,25.6,1017.0,37.920759741380465
2023-01-03 12:00:00,23.8,1017.1,40.29286967358219
2023-01-03 15:00:00,17.6,1019.7,65.24765286244165
2023-01-03 18:00:00,18.6,1020.1,52.172560403352406
2023-01-03 21:00:00,16.0,1019.6,59.44152513177586
2023-01-04 00:00:00,13.6,1019.5,66.6055165676662
2023-01-04 03:00:00,14.4,1021.3,63.238909256677346
2023-01-04 06:00:00,20.2,1021.1,38.728770240796706
2023-01-04 09:00:00,24.0,1018.0,27.869921807132343
2023-01-04 12:00:00,21.8,1017.5,30.31510561257852
2023-01-04 15:00:00,17.4,1018.8,52.20895615284719
2023-01-04 18:00:00,16.0,1019.7,44.786829514449664
2023-01-04 21:00:00,13.4,1019.1,51.85705259172023
2023-01-05 00:00:00,11.6,1018.8,57.54026271772245
2023-01-05 03:00:00,12.0,1021.0,62.68571609783301
2023-01-05 06:00:00,19.4,1020.8,46.690880392650506
2023-01-05 09:00:00,23.2,1017.6,38.00796285318378
2023-01-05 12:00:00,22.0,1017.3,36.1439337487719
2023-01-05 15:00:00,18.0,1019.3,53.083679116365815
2023-01-05 18:00:00,18.2,1019.8,38.42106594676237
2023-01-05 21:00:00,16.6,1018.9,37.15278102092844
2023-01-06 00:00:00,15.8,1018.2,46.32689684837723
2023-01-06 03:00:00,15.6,1020.9,49.6180493018951
2023-01-06 06:00:00,21.2,1021.9,42.06320235567276
2023-01-06 09:00:00,25.0,1018.1,42.00228932827152
2023-01-06 12:00:00,24.4,1017.5,50.63448661826776
2023-01-06 15:00:00,21.4,1019.7,55.77337498065834
2023-01-06 18:00:00,20.8,1019.7,42.81718841220325
2023-01-06 21:00:00,19.6,1018.5,48.68898862267747
2023-01-07 00:00:00,18.0,1018.2,51.31061883509035
2023-01-07 03:00:00,17.8,1020.4,49.535581193391145
2023-01-07 06:00:00,24.0,1020.7,42.00187956141093
2023-01-07 09:00:00,27.8,1017.4,43.05698600754235
2023-01-07 12:00:00,26.8,1016.3,53.25972640302064
2023-01-07 15:00:00,22.0,1018.7,68.77349522244712
2023-01-07 18:00:00,19.4,1018.4,77.17911273163557
2023-01-07 21:00:00,20.0,1017.7,65.7622185890749
2023-01-08 00:00:00,18.6,1017.5,67.650379906619
2023-01-08 03:00:00,18.6,1019.1,62.50610587667005
2023-01-08 06:00:00,26.4,1019.4,43.80142891158694
2023-01-08 09:00:00,30.0,1016.1,35.984923231294545
2023-01-08 12:00:00,28.4,1015.1,42.66751391898363
2023-01-08 15:00:00,21.2,1017.1,68.1762342215557
2023-01-08 18:00:00,18.6,1018.0,78.56151959545844
2023-01-08 21:00:00,18.0,1017.5,80.52893541547579
2023-01-09 00:00:00,16.4,1017.5,79.2685041939678
2023-01-09 03:00:00,18.2,1020.1,71.209003659982
2023-01-09 06:00:00,26.4,1020.5,43.80142891158694
2023-01-09 09:00:00,28.8,1017.8,37.57121840891593
2023-01-09 12:00:00,27.2,1017.2,44.88553659091517
2023-01-09 15:00:00,20.6,1018.6,71.19447449796581
2023-01-09 18:00:00,19.0,1019.0,80.66276457451087
2023-01-09 21:00:00,16.8,1017.7,81.41959056140895
2023-01-10 00:00:00,15.8,1017.8,85.09530172182048
2023-01-10 03:00:00,17.2,1020.2,71.96274470833703
2023-01-10 06:00:00,26.0,1020.4,40.910784503379595
2023-01-10 09:00:00,29.2,1016.6,35.99732762728706
2023-01-10 12:00:00,27.8,1015.2,41.95386366562598
2023-01-10 15:00:00,20.0,1016.8,72.470856291407
2023-01-10 18:00:00,18.0,1016.7,80.52893541547579
2023-01-10 21:00:00,16.0,1014.8,82.92582750051312
2023-01-11 00:00:00,15.6,1014.4,87.32148192965687
2023-01-11 03:00:00,15.4,1016.1,89.02520730872563
2023-01-11 06:00:00,26.0,1016.2,48.48656876563434
2023-01-11 09:00:00,30.0,1013.0,35.984923231294545
2023-01-11 12:00:00,28.2,1011.6,34.09939128990106
2023-01-11 15:00:00,20.4,1014.0,59.31046034978106
2023-01-11 18:00:00,17.6,1014.3,68.79445560561811
2023-01-11 21:00:00,20.0,1013.0,72.470856291407
2023-01-12 00:00:00,19.6,1011.9,84.95300821206541
2023-01-12 03:00:00,19.8,1013.6,86.60007203334754
2023-01-12 06:00:00,25.0,1014.3,66.80179711177274
2023-01-12 09:00:00,29.0,1010.7,37.87337392457684
2023-01-12 12:00:00,27.0,1010.3,42.28120224760523
2023-01-12 15:00:00,23.4,1012.1,49.38778468739456
2023-01-12 18:00:00,19.2,1013.0,54.849151023539314
2023-01-12 21:00:00,17.4,1012.3,57.4125070789976
2023-01-13 00:00:00,15.6,1012.4,62.657963291362385
2023-01-13 03:00:00,15.0,1014.9,64.2415402723167
2023-01-13 06:00:00,22.0,1015.8,40.32804688790754
2023-01-13 09:00:00,25.0,1013.5,24.816415604653113
2023-01-13 12:00:00,22.8,1013.9,26.767713617527168
2023-01-13 15:00:00,18.0,1016.1,41.438563455667115
2023-01-13 18:00:00,15.4,1016.0,54.989341343507824
2023-01-13 21:00:00,13.0,1015.3,63.79125675065534
2023-01-14 00:00:00,11.6,1015.6,71.39608065051806
2023-01-14 03:00:00,12.0,1017.7,73.95811106968573
2023-01-14 06:00:00,22.0,1018.1,41.72047144372751
2023-01-14 09:00:00,24.6,1015.3,32.63700477210939
2023-01-14 12:00:00,23.2,1014.6,36.73645949723273
2023-01-14 15:00:00,16.0,1016.5,59.44152513177586
2023-01-14 18:00:00,15.6,1016.5,49.6180493018951
2023-01-14 21:00:00,12.4,1015.4,65.43924404332927
2023-01-15 00:00:00,11.8,1015.4,66.67806433243709
2023-01-15 03:00:00,13.0,1017.1,39.121470734780914
2023-01-15 06:00:00,20.8,1017.6,28.368124274813834
2023-01-15 09:00:00,24.4,1013.4,27.400335767370194
2023-01-15 12:00:00,22.6,1013.0,29.07779481069155
2023-01-15 15:00:00,14.0,1014.7,58.95281300487763
2023-01-15 18:00:00,14.0,1014.9,58.95281300487763
2023-01-15 21:00:00,9.4,1013.9,74.00710179303974
2023-01-16 00:00:00,8.6,1014.6,78.10913618394878
2023-01-16 03:00:00,13.4,1016.5,47.9782609805996
2023-01-16 06:00:00,20.6,1017.1,38.04669751853983
2023-01-16 09:00:00,25.0,1013.5,29.545250045925382
2023-01-16 12:00:00,23.8,1012.8,31.3109188768253
2023-01-16 15:00:00,15.4,1014.7,60.52066875666976
2023-01-16 18:00:00,13.0,1015.6,66.02262538735461
2023-01-16 21:00:00,11.0,1014.8,68.38089363944304
2023-01-17 00:00:00,12.6,1014.3,59.016517510040934
2023-01-17 03:00:00,13.2,1016.9,51.438913148493306
2023-01-17 06:00:00,22.0,1017.3,36.1439337487719
2023-01-17 09:00:00,25.4,1014.5,26.73033973464993
2023-01-17 12:00:00,24.0,1014.0,32.91668219007807
2023-01-17 15:00:00,15.2,1015.4,62.56593465042736
2023-01-17 18:00:00,12.6,1016.4,70.13480189477035
2023-01-17 21:00:00,13.6,1015.9,60.504123664017875
2023-01-18 00:00:00,13.2,1015.7,57.944022709385415
2023-01-18 03:00:00,14.2,1018.5,50.991120230941945
2023-01-18 06:00:00,21.8,1018.9,37.09504179386282
2023-01-18 09:00:00,26.0,1015.2,26.523721492927386
2023-01-18 12:00:00,25.2,1013.9,27.620991042511616
2023-01-18 15:00:00,17.0,1015.9,55.40152305736491
2023-01-18 18:00:00,15.4,1016.3,54.989341343507824
2023-01-18 21:00:00,15.0,1015.4,57.99325676892403
2023-01-19 00:00:00,14.8,1015.1,50.093889915524294
2023-01-19 03:00:00,15.6,1017.3,47.584749648687875
2023-01-19 06:00:00,23.0,1017.7,34.96245982322969
2023-01-19 09:00:00,27.6,1013.5,30.268653250880934
2023-01-19 12:00:00,26.4,1012.6,34.279574045135064
2023-01-19 15:00:00,20.0,1014.0,55.79012896211656
2023-01-19 18:00:00,15.8,1014.9,70.75526319616348
2023-01-19 21:00:00,16.0,1013.5,59.44152513177586
2023-01-20 00:00:00,14.6,1013.4,61.5804129773195
2023-01-20 03:00:00,15.6,1015.0,56.96171696901057
2023-01-20 06:00:00,23.2,1016.3,46.178072860698386
2023-01-20 09:00:00,28.2,1013.1,33.42579349539827
2023-01-20 12:00:00,27.0,1012.3,35.1458939333521
2023-01-20 15:00:00,21.6,1014.5,48.57887095373697
2023-01-20 18:00:00,18.6,1015.2,57.32508396920274
2023-01-20 21:00:00,16.0,1014.4,68.9313969976708
2023-01-21 00:00:00,13.6,1014.1,73.24394075695166
2023-01-21 03:00:00,13.0,1016.4,77.19968844926123
2023-01-21 06:00:00,22.6,1017.0,49.827976421206955
2023-01-21 09:00:00,26.4,1014.0,28.338635938723517
2023-01-21 12:00:00,25.2,1013.3,31.060708948812298
2023-01-21 15:00:00,20.0,1015.0,47.8187783209014
2023-01-21 18:00:00,16.6,1015.1,54.54930074353959
2023-01-21 21:00:00,13.2,1014.4,68.36374750312953
2023-01-22 00:00:00,10.6,1013.7,80.04154011189422
2023-01-22 03:00:00,11.6,1016.1,73.38305343878577
2023-01-22 06:00:00,22.2,1016.9,36.450958572223676
2023-01-22 09:00:00,25.6,1013.5,28.312974154849265
2023-01-22 12:00:00,24.4,1012.5,32.136347540603374
2023-01-22 15:00:00,19.0,1014.3,54.43155899368546
2023-01-22 18:00:00,17.2,1014.8,58.93227297389453
2023-01-22 21:00:00,15.2,1013.7,64.28615842238199
2023-01-23 00:00:00,12.6,1013.4,76.61682484813711
2023-01-23 03:00:00,12.4,1014.8,76.58460864026941
2023-01-23 06:00:00,21.8,1015.0,47.35186323428261
2023-01-23 09:00:00,24.8,1012.0,32.917655748664195
2023-01-23 12:00:00,24.2,1011.4,39.601246374253776
2023-01-23 15:00:00,16.4,1013.1,65.86254666524192
2023-01-23 18:00:00,16.4,1013.7,77.21720350063477
2023-01-23 21:00:00,13.8,1012.8,84.3193655005902
2023-01-24 00:00:00,12.4,1012.5,83.59836147539178
2023-01-24 03:00:00,11.6,1014.6,89.90937059711342
2023-01-24 06:00:00,19.8,1015.8,58.77700449776376
2023-01-24 09:00:00,24.4,1012.6,43.8248979213649
2023-01-24 12:00:00,23.6,1012.2,45.3769273054145
2023-01-24 15:00:00,19.2,1014.4,56.33554777175062
2023-01-24 18:00:00,17.4,1015.0,61.40438215654258
2023-01-24 21:00:00,15.6,1012.0,66.57999294782617
2023-01-25 00:00:00,13.6,1014.1,70.80895721935863
2023-01-25 03:00:00,12.8,1016.2,76.64897843457975
2023-01-25 06:00:00,21.2,1017.2,49.45259241649359
2023-01-25 09:00:00,25.2,1014.6,30.011775568488925
2023-01-25 12:00:00,24.2,1013.7,29.321823795935448
2023-01-25 15:00:00,20.0,1015.6,35.569197537079475
2023-01-25 18:00:00,16.4,1015.9,45.5326803758511
2023-01-25 21:00:00,13.6,1015.3,60.504123664017875
2023-01-26 00:00:00,10.6,1015.3,72.6981445588966
2023-01-26 03:00:00,12.2,1017.8,67.2255536961973
2023-01-26 06:00:00,22.6,1017.9,30.328522220694744
2023-01-26 09:00:00,26.2,1014.9,35.155897307086114
2023-01-26 12:00:00,25.4,1015.0,32.6399698111584
2023-01-26 15:00:00,18.4,1016.3,51.767520073104144
2023-01-26 18:00:00,17.4,1016.8,48.751619951838066
2023-01-26 21:00:00,16.0,1016.0,59.44152513177586
2023-01-27 00:00:00,15.4,1015.5,68.35085631112041
2023-01-27 03:00:00,15.2,1017.6,66.49505003958363
2023-01-27 06:00:00,22.2,1017.8,42.060428095847726
2023-01-27 09:00:00,26.4,1013.9,43.80142891158694
2023-01-27 12:00:00,25.6,1013.3,45.32877242250413
2023-01-27 15:00:00,20.8,1015.4,61.38116638730571
2023-01-27 18:00:00,20.2,1015.3,57.719517053231016
2023-01-27 21:00:00,18.0,1014.3,65.33413022042211
2023-01-28 00:00:00,17.4,1013.3,61.40438215654258
2023-01-28 03:00:00,17.4,1014.5,61.40438215654258
2023-01-28 06:00:00,23.4,1014.4,52.04664934594763
2023-01-28 09:00:00,26.2,1010.4,52.432484140398515
2023-01-28 12:00:00,23.8,1009.6,59.728865836107595
2023-01-28 15:00:00,21.6,1010.8,71.83530613579937
2023-01-28 18:00:00,20.4,1010.8,73.00931609495443
2023-01-28 21:00:00,20.2,1009.2,72.50665915505505
2023-01-29 00:00:00,19.0,1009.0,80.66276457451087
2023-01-29 03:00:00,19.0,1010.5,77.11756813613941
2023-01-29 06:00:00,22.6,1011.5,75.73900120222518
2023-01-29 09:00:00,27.0,1008.7,62.77637062843983
2023-01-29 12:00:00,25.8,1008.8,64.50215956457721
2023-01-29 15:00:00,22.6,1011.0,82.66238212842283
2023-01-29 18:00:00,20.6,1011.9,88.87450414906138
2023-01-29 21:00:00,19.4,1011.7,90.4728467946595
2023-01-30 00:00:00,18.0,1013.2,93.88454500736407
2023-01-30 03:00:00,17.2,1016.4,92.0684857695993
2023-01-30 06:00:00,23.6,1017.7,62.41693601145195
2023-01-30 09:00:00,27.0,1014.7,45.71041733142556
2023-01-30 12:00:00,26.4,1014.5,38.91233315921081
2023-01-30 15:00:00,21.0,1016.3,61.82882049375357
2023-01-30 18:00:00,19.2,1017.5,71.8597654605954
2023-01-30 21:00:00,18.6,1017.2,78.56151959545844
2023-01-31 00:00:00,16.6,1017.1,87.41291612542301
2023-01-31 03:00:00,17.0,1018.5,79.87241483728825
2023-01-31 06:00:00,24.4,1019.1,50.63448661826776
2023-01-31 09:00:00,26.8,1015.9,39.54273532279864
2023-01-31 12:00:00,25.8,1015.1,40.585545662903534
2023-01-31 15:00:00,21.4,1017.1,58.77601736607697
2023-01-31 18:00:00,19.0,1017.9,66.41470677414787
2023-01-31 21:00:00,17.0,1016.5,64.25395673809568
2023-02-01 00:00:00,16.0,1016.3,65.33638026156629
2023-02-01 03:00:00,16.0,1018.8,59.44152513177586
2023-02-01 06:00:00,22.6,1019.2,39.953197640847385
2023-02-01 09:00:00,26.2,1015.8,36.35320210408891
2023-02-01 12:00:00,25.6,1014.8,29.306577230684784
2023-02-01 15:00:00,18.0,1016.5,56.41185629832932
2023-02-01 18:00:00,16.4,1016.9,57.94519114371332
2023-02-01 21:00:00,17.0,1016.4,46.341324002846584
2023-02-02 00:00:00,14.6,1015.6,57.49617834138533
2023-02-02 03:00:00,15.6,1017.6,49.6180493018951
2023-02-02 06:00:00,24.2,1017.7,29.321823795935448
2023-02-02 09:00:00,28.6,1014.8,24.40585094149811
2023-02-02 12:00:00,28.2,1013.6,22.829141112552136
2023-02-02 15:00:00,18.2,1015.4,60.37193842519625
2023-02-02 18:00:00,15.4,1016.0,64.76683280888665
2023-02-02 21:00:00,16.4,1015.6,59.94265435454087
2023-02-03 00:00:00,17.0,1015.0,53.54668911587935
2023-02-03 03:00:00,17.6,1017.2,50.854767942261304
2023-02-03 06:00:00,26.2,1018.0,31.554877843815206
2023-02-03 09:00:00,30.2,1014.2,26.930578592079417
2023-02-03 12:00:00,29.2,1013.3,29.50236111141573
2023-02-03 15:00:00,20.2,1015.0,59.26262508250474
2023-02-03 18:00:00,15.6,1015.1,68.85115991738205
2023-02-03 21:00:00,13.2,1014.3,75.1774106722144
2023-02-04 00:00:00,12.6,1013.5,76.61682484813711
2023-02-04 03:00:00,14.0,1015.6,71.36598436104295
2023-02-04 06:00:00,27.0,1015.9,32.86805728643941
2023-02-04 09:00:00,31.0,1012.5,26.25053764363741
2023-02-04 12:00:00,29.8,1011.7,29.469577259729064
2023-02-04 15:00:00,20.2,1013.7,60.84195995893303
2023-02-04 18:00:00,17.4,1014.0,70.59260356670579
2023-02-04 21:00:00,17.4,1012.7,63.06842384652679
2023-02-05 00:00:00,15.0,1012.2,74.48026125044981
2023-02-05 03:00:00,18.6,1013.8,52.172560403352406
2023-02-05 06:00:00,28.6,1014.1,32.875526212751396
2023-02-05 09:00:00,31.6,1011.0,18.005045580600644
2023-02-05 12:00:00,31.6,1010.2,26.234628279844003
2023-02-05 15:00:00,21.6,1011.4,57.682573906747514
2023-02-05 18:00:00,18.0,1012.2,65.33413022042211
2023-02-05 21:00:00,16.0,1011.7,75.14604114019876
2023-02-06 00:00:00,14.4,1011.1,77.93575739437924
2023-02-06 03:00:00,16.2,1014.2,77.18615187769502
2023-02-06 06:00:00,26.8,1014.5,39.54273532279864
2023-02-06 09:00:00,30.4,1011.9,34.26189930653394
2023-02-06 12:00:00,29.4,1011.1,57.723524677327596
2023-02-06 15:00:00,24.4,1012.2,63.39421028075536
2023-02-06 18:00:00,21.0,1012.4,76.44675215115228
2023-02-06 21:00:00,20.0,1012.3,81.3101072483957
2023-02-07 00:00:00,18.6,1012.2,84.30632435360548
2023-02-07 03:00:00,19.0,1014.5,84.35046972174376
2023-02-07 06:00:00,27.8,1015.1,43.05698600754235
2023-02-07 09:00:00,31.2,1011.7,24.590024016180095
2023-02-07 12:00:00,30.2,1010.8,24.998627662347456
2023-02-07 15:00:00,20.8,1012.8,66.35948323849591
2023-02-07 18:00:00,17.8,1013.3,61.497585379248754
2023-02-07 21:00:00,16.8,1012.5,65.94828526242769
2023-02-08 00:00:00,15.6,1012.4,68.85115991738205
2023-02-08 03:00:00,18.4,1015.2,47.05416502604182
2023-02-08 06:00:00,28.0,1015.9,24.584763000213037
2023-02-08 09:00:00,32.0,1012.7,21.36325813989957
2023-02-08 12:00:00,30.6,1011.6,23.775914742998225
2023-02-08 15:00:00,21.6,1013.3,56.191023197707345
2023-02-08 18:00:00,18.0,1013.7,65.33413022042211
2023-02-08 21:00:00,15.6,1012.3,74.58292836853072
2023-02-09 00:00:00,15.4,1012.1,70.67868220689287
2023-02-09 03:00:00,16.2,1013.8,71.30346129346935
2023-02-09 06:00:00,30.6,1014.5,24.766402684355572
2023-02-09 09:00:00,33.2,1011.6,20.518672307656846
2023-02-09 12:00:00,33.2,1011.0,24.782842212417695
2023-02-09 15:00:00,23.0,1013.0,54.72982571968843
2023-02-09 18:00:00,19.4,1013.7,63.5175342376094
2023-02-10 00:00:00,15.0,1012.2,68.26927972119368
2023-02-10 03:00:00,15.4,1014.8,74.54877044630138
2023-02-10 06:00:00,28.6,1015.3,25.608345363599955
2023-02-10 09:00:00,32.8,1012.8,22.460059911977698
2023-02-10 12:00:00,33.2,1011.5,24.782842212417695
2023-02-10 15:00:00,23.6,1012.6,48.157812114060874
2023-02-10 18:00:00,22.0,1013.5,52.02296792971393
2023-02-10 21:00:00,21.4,1012.8,40.70962533082563
2023-02-11 00:00:00,19.6,1013.6,79.21141854904147
2023-02-11 03:00:00,20.2,1017.1,79.80178488426841
2023-02-11 06:00:00,24.8,1018.0,60.72929795521744
2023-02-11 09:00:00,29.4,1014.2,44.055074845331326
2023-02-11 12:00:00,30.0,1013.2,38.15149167807132
2023-02-11 15:00:00,22.8,1014.9,68.0603877774896
2023-02-11 18:00:00,20.2,1016.0,74.3922547674494
2023-02-11 21:00:00,19.6,1015.3,79.21141854904147
2023-02-12 00:00:00,19.4,1015.0,71.8963196457012
2023-02-12 03:00:00,19.4,1018.1,71.8963196457012
2023-02-12 06:00:00,29.4,1019.1,27.821531889749885
2023-02-12 09:00:00,32.6,1016.6,15.418403973856487
2023-02-12 12:00:00,31.0,1015.9,21.552388372440753
2023-02-12 15:00:00,22.8,1017.8,49.88133832082185
2023-02-12 18:00:00,19.4,1018.3,51.68363072493507
2023-02-12 21:00:00,19.2,1017.6,48.25081300579356
2023-02-13 00:00:00,17.0,1017.6,50.00076672312882
2023-02-13 03:00:00,19.2,1019.7,32.45904311120772
2023-02-13 06:00:00,27.2,1020.0,18.90265990421176
2023-02-13 09:00:00,30.4,1016.2,11.561610954151949
2023-02-13 12:00:00,30.0,1014.8,18.915285389606854
2023-02-13 15:00:00,20.2,1016.7,49.51458051910036
2023-02-13 18:00:00,17.4,1017.3,57.4125070789976
2023-02-13 21:00:00,14.6,1016.2,63.7169963446824
2023-02-14 00:00:00,16.4,1015.9,62.00063909057957
2023-02-14 03:00:00,17.0,1018.3,55.40152305736491
2023-02-14 06:00:00,30.0,1018.0,22.822239428039
2023-02-14 09:00:00,32.8,1014.8,18.16356720190568
2023-02-14 12:00:00,33.2,1013.2,17.883221392093798
2023-02-14 15:00:00,21.0,1014.4,52.10577333966127
2023-02-14 18:00:00,17.6,1014.9,65.24765286244165
2023-02-14 21:00:00,16.2,1013.6,67.6046896295471
2023-02-15 00:00:00,14.6,1013.5,65.9187642832844
2023-02-15 03:00:00,18.6,1015.6,53.96377792794011
2023-02-15 06:00:00,30.6,1016.2,24.766402684355572
2023-02-15 09:00:00,34.4,1012.6,17.431268811346435
2023-02-15 12:00:00,34.8,1011.2,23.588797058685557
2023-02-15 15:00:00,24.0,1012.8,52.885445858804225
2023-02-15 18:00:00,19.4,1013.9,65.2062369514293
2023-02-15 21:00:00,16.4,1012.8,69.47184527396357
2023-02-16 00:00:00,14.4,1012.7,77.93575739437924
2023-02-16 03:00:00,20.0,1015.3,53.96404152577931
2023-02-16 06:00:00,31.6,1016.1,27.12594970361132
2023-02-16 09:00:00,36.6,1013.1,18.310517072676486
2023-02-16 12:00:00,36.0,1011.8,18.92366453039773
2023-02-16 15:00:00,24.4,1013.9,53.33223433397086
2023-02-16 21:00:00,17.4,1013.5,66.51621615947698
2023-02-17 00:00:00,16.0,1013.0,79.21120375812941
2023-02-17 03:00:00,20.6,1015.7,54.84109737097047
2023-02-17 06:00:00,32.0,1015.8,25.81845531771868
2023-02-17 09:00:00,36.6,1012.7,14.606337246619855
2023-02-17 12:00:00,35.6,1011.7,16.880880037350288
2023-02-17 15:00:00,24.2,1014.5,52.93687872742393
2023-02-17 18:00:00,20.0,1015.3,57.28999300611702
2023-02-18 00:00:00,17.0,1012.8,73.84428683469146
2023-02-18 03:00:00,20.8,1015.3,54.891970429038786
2023-02-18 06:00:00,32.4,1015.7,28.259897260039946
2023-02-18 09:00:00,36.6,1013.3,19.066541260928926
2023-02-18 12:00:00,35.0,1011.9,22.266674291871812
2023-02-18 15:00:00,25.4,1013.8,55.685949687242655
2023-02-18 18:00:00,21.8,1014.2,65.71780100063405
2023-02-18 21:00:00,18.6,1013.5,69.44611108171303
2023-02-19 00:00:00,17.6,1012.9,74.43323600853022
2023-02-19 03:00:00,20.0,1015.3,68.82162822950846
2023-02-19 06:00:00,34.8,1015.2,24.544870461351312
2023-02-19 09:00:00,37.2,1012.3,18.327608209489004
2023-02-19 12:00:00,36.2,1011.0,22.272747533661768
2023-02-19 15:00:00,25.4,1012.3,54.27880168034746
2023-02-19 18:00:00,22.6,1012.7,58.68162414536218
2023-02-20 00:00:00,18.8,1011.9,73.19917002586746
2023-02-20 03:00:00,18.4,1014.1,80.58262590477159
2023-02-20 06:00:00,31.6,1014.4,32.84179786085809
2023-02-20 09:00:00,36.6,1011.7,19.849970456094336
2023-02-20 12:00:00,36.2,1010.4,24.745673684575834
2023-02-20 15:00:00,24.0,1012.5,52.885445858804225
2023-02-20 18:00:00,19.8,1013.0,60.34963434562397
2023-02-20 21:00:00,18.0,1012.6,49.590050995088895
2023-02-21 00:00:00,15.8,1012.3,77.12386853020143
2023-02-21 03:00:00,18.2,1014.4,82.12623755031767
2023-02-21 06:00:00,27.6,1015.6,41.898539905911534
2023-02-21 09:00:00,32.6,1012.5,34.203626785255516
2023-02-21 12:00:00,33.6,1011.3,30.705728925665714
2023-02-21 15:00:00,24.0,1012.6,60.159267516551964
2023-02-21 18:00:00,20.0,1013.4,64.06828882011946
2023-02-21 21:00:00,18.0,1012.9,61.95539331922447
2023-02-22 03:00:00,21.2,1014.5,80.44432006422227
2023-02-22 06:00:00,29.6,1014.4,52.30674462542291
2023-02-22 09:00:00,34.8,1012.2,27.801545766681397
2023-02-22 12:00:00,32.2,1011.2,34.760112982241324
2023-02-22 15:00:00,24.2,1012.0,61.760459816300205
2023-02-22 18:00:00,21.6,1012.9,71.83530613579937
2023-02-22 21:00:00,19.4,1012.6,73.77930870906046
2023-02-23 00:00:00,18.0,1012.2,80.52893541547579
2023-02-23 03:00:00,20.6,1014.4,76.38391108279227
2023-02-23 06:00:00,28.4,1015.0,48.81145236907877
2023-02-23 09:00:00,34.0,1011.9,25.158134501119616
2023-02-23 12:00:00,34.0,1011.3,24.175903130743034
2023-02-23 15:00:00,24.0,1012.8,54.274904100279755
2023-02-23 18:00:00,20.0,1013.2,64.06828882011946
2023-02-23 21:00:00,18.0,1012.4,61.95539331922447
2023-02-24 00:00:00,15.6,1012.8,74.58292836853072
2023-02-24 03:00:00,20.2,1014.9,55.840490093853
2023-02-24 06:00:00,32.4,1015.8,24.573523244555258
2023-02-24 09:00:00,34.6,1012.9,20.86504203604238
2023-02-24 12:00:00,34.6,1012.0,19.367074907818765
2023-02-24 15:00:00,23.4,1014.5,52.04664934594763
2023-02-24 18:00:00,19.8,1015.1,57.240597392790995
2023-02-24 21:00:00,18.0,1014.8,63.62499650833061
2023-02-25 00:00:00,17.0,1014.7,70.05166142718224
2023-02-25 03:00:00,22.0,1017.0,50.33069779383232
2023-02-25 06:00:00,30.2,1017.6,32.02956219546832
2023-02-25 09:00:00,34.0,1014.2,19.222398063759563
2023-02-25 12:00:00,34.2,1013.1,21.917063776067703
2023-02-25 15:00:00,24.4,1015.2,50.63448661826776
2023-02-25 18:00:00,20.2,1016.1,54.37630112826256
2023-02-25 21:00:00,17.8,1015.7,68.83436116227006
2023-02-26 00:00:00,16.6,1016.1,73.77464045947974
2023-02-26 03:00:00,19.4,1018.1,65.2062369514293
2023-02-26 06:00:00,31.6,1018.4,26.234628279844003
2023-02-26 09:00:00,34.2,1015.4,17.871082313115817
2023-02-26 12:00:00,34.4,1014.2,23.959381238404717
2023-02-26 15:00:00,24.2,1015.8,48.95659267969773
2023-02-26 18:00:00,20.0,1016.7,58.825278327005336
2023-02-26 21:00:00,17.8,1015.1,63.580269216740625
2023-02-27 00:00:00,17.0,1015.1,70.05166142718224
2023-02-27 03:00:00,20.2,1017.1,79.80178488426841
2023-02-27 06:00:00,30.0,1017.9,27.61090392149769
2023-02-27 09:00:00,35.0,1014.2,19.863089095325343
2023-02-27 12:00:00,34.6,1013.0,18.46401889115094
2023-02-27 15:00:00,25.0,1014.3,51.12208134401761
2023-02-27 18:00:00,21.2,1014.8,57.20820350842965
2023-02-27 21:00:00,20.2,1014.0,59.26262508250474
2023-02-28 00:00:00,18.0,1014.1,65.33413022042211
2023-02-28 03:00:00,22.4,1016.3,48.15165677300655
2023-02-28 06:00:00,33.4,1016.7,22.461203342780745
2023-02-28 09:00:00,36.0,1013.7,15.200531620102693
2023-02-28 12:00:00,35.6,1012.3,22.26958135788291
2023-02-28 15:00:00,28.0,1013.9,38.84812789275419
2023-02-28 18:00:00,22.4,1015.1,55.29641731774924
2023-02-28 21:00:00,22.0,1014.5,53.41267569409421
2023-03-01 00:00:00,21.0,1014.5,56.78422528555351
2023-03-01 03:00:00,21.6,1016.8,60.77061822191757
2023-03-01 06:00:00,31.6,1017.6,25.19921244563898
2023-03-01 09:00:00,36.6,1014.7,20.52437314783205
2023-03-01 12:00:00,36.0,1013.9,17.44255659933299
2023-03-01 15:00:00,25.4,1015.4,47.70165166704305
2023-03-01 18:00:00,22.4,1016.5,52.471534417535935
2023-03-01 21:00:00,21.4,1015.3,54.32336862127332
2023-03-02 00:00:00,19.0,1015.5,66.41470677414787
2023-03-02 03:00:00,23.4,1017.8,45.02160691736955
2023-03-02 06:00:00,32.6,1018.2,28.501008134945057
2023-03-02 09:00:00,37.0,1015.5,21.037090114305464
2023-03-02 12:00:00,36.0,1014.0,21.21165396939303
2023-03-02 15:00:00,27.4,1016.0,47.62210325150437
2023-03-02 18:00:00,23.6,1017.2,61.23159477777704
2023-03-03 09:00:00,37.6,1015.5,18.92175131252306
2023-03-03 12:00:00,37.4,1013.7,22.279844672340733
2023-03-03 15:00:00,28.2,1015.7,52.27884179837241
2023-03-03 18:00:00,24.2,1016.6,56.106271288258434
2023-03-03 21:00:00,24.0,1015.6,54.274904100279755
2023-03-04 00:00:00,24.4,1016.1,47.74374374548634
2023-03-04 03:00:00,24.6,1018.2,49.38448091361256
2023-03-04 06:00:00,33.0,1018.4,27.320584836737066
2023-03-04 09:00:00,37.8,1014.4,19.22401092481971
2023-03-04 12:00:00,36.6,1013.0,22.079606345054014
2023-03-04 15:00:00,29.0,1015.1,45.66475006650691
2023-03-04 21:00:00,27.6,1016.2,34.84798436000409
2023-03-05 00:00:00,25.2,1017.8,43.469973767199875
2023-03-05 03:00:00,26.0,1018.8,42.003648619630106
2023-03-05 06:00:00,32.0,1018.9,32.52621265064335
2023-03-05 09:00:00,35.6,1015.5,28.01485292558896
2023-03-05 12:00:00,35.0,1013.7,28.959826043818847
2023-03-05 15:00:00,29.0,1014.7,42.28469233863707
2023-03-05 18:00:00,26.6,1015.9,51.86850699632642
2023-03-05 21:00:00,25.2,1014.3,54.2284006146774
2023-03-06 00:00:00,23.4,1014.1,63.985292032244004
2023-03-06 03:00:00,25.4,1016.1,51.891395587322066
2023-03-06 06:00:00,34.0,1016.2,33.07506960970222
2023-03-06 09:00:00,37.0,1012.9,24.952631124293404
2023-03-06 12:00:00,35.8,1010.4,29.933193848690575
2023-03-06 15:00:00,27.6,1016.2,40.55437814951128
2023-03-06 18:00:00,21.0,1018.5,81.95274097068757
2023-03-06 21:00:00,21.6,1015.6,70.47422955228726
2023-03-07 00:00:00,21.0,1014.0,69.9109186693193
2023-03-07 03:00:00,22.8,1016.4,60.266403339762256
2023-03-07 06:00:00,29.8,1017.0,39.85982807907566
2023-03-07 09:00:00,34.0,1013.8,29.44780613349921
2023-03-07 12:00:00,33.6,1011.9,32.544116665394505
2023-03-07 15:00:00,26.6,1013.7,58.14346599287039
2023-03-07 18:00:00,24.4,1014.9,63.39421028075536
2023-03-07 21:00:00,22.6,1014.1,69.33008235227456
2023-03-08 00:00:00,22.0,1014.4,65.75997484481925
2023-03-08 03:00:00,23.6,1016.8,48.157812114060874
2023-03-08 06:00:00,31.6,1017.1,29.96219116312658
2023-03-08 09:00:00,34.8,1013.6,25.36751209609522
2023-03-08 12:00:00,35.6,1012.1,15.325030736971815
2023-03-08 15:00:00,27.4,1015.0,35.73019889604045
2023-03-08 18:00:00,25.2,1015.5,39.618305775251976
2023-03-08 21:00:00,22.4,1014.6,52.471534417535935
2023-03-09 00:00:00,20.6,1015.0,61.335029156698205
2023-03-09 03:00:00,23.6,1017.3,46.90385641361722
2023-03-09 06:00:00,31.6,1017.1,25.19921244563898
2023-03-09 09:00:00,35.0,1014.1,21.534453303103152
2023-03-09 12:00:00,34.0,1013.1,18.448201642178393
2023-03-09 15:00:00,25.0,1014.6,43.41453320694874
2023-03-09 18:00:00,21.2,1015.3,53.91475383807344
2023-03-09 21:00:00,20.0,1014.6,55.79012896211656
2023-03-10 00:00:00,20.0,1014.4,55.79012896211656
2023-03-10 03:00:00,24.4,1016.6,39.924232370418196
2023-03-10 06:00:00,33.6,1016.6,23.594464271114614
2023-03-10 09:00:00,35.8,1013.5,14.947715130819136
2023-03-10 12:00:00,34.2,1012.3,17.871082313115817
2023-03-10 15:00:00,24.6,1013.5,31.43037860606517
2023-03-10 18:00:00,22.2,1014.7,44.98967489901452
2023-03-10 21:00:00,19.6,1013.1,58.34090031843224
2023-03-11 00:00:00,22.0,1013.2,38.97681133650743
2023-03-11 03:00:00,25.6,1016.0,36.67279763142367
2023-03-11 06:00:00,33.8,1016.2,23.96378093988558
2023-03-11 09:00:00,37.0,1012.5,18.779757540925775
2023-03-11 12:00:00,35.6,1011.1,18.3238516442565
2023-03-11 15:00:00,26.0,1012.7,46.03393328611059
2023-03-11 18:00:00,22.2,1013.6,53.816455376649685
2023-03-11 21:00:00,21.2,1012.5,50.789530615242015
2023-03-12 00:00:00,21.0,1012.9,55.30679548545123
2023-03-12 03:00:00,24.6,1014.6,37.63810859833877
2023-03-12 06:00:00,33.4,1014.8,24.181413072816248
2023-03-12 09:00:00,35.6,1011.8,19.8746452037292
2023-03-12 12:00:00,35.6,1010.7,19.8746452037292
2023-03-12 15:00:00,26.2,1012.4,47.30012518936924
2023-03-12 18:00:00,24.0,1013.0,52.885445858804225
2023-03-12 21:00:00,23.0,1011.9,51.60290780194083
2023-03-13 00:00:00,21.6,1011.9,56.191023197707345
2023-03-13 03:00:00,24.8,1013.4,46.92168362040584
2023-03-13 06:00:00,34.2,1013.0,24.551501513974657
2023-03-13 09:00:00,36.2,1010.4,20.701525681854367
2023-03-13 12:00:00,36.0,1009.4,21.21165396939303
2023-03-13 15:00:00,28.0,1010.5,47.17515349018581
2023-03-13 18:00:00,24.2,1011.0,54.67762067213747
2023-03-13 21:00:00,22.0,1010.2,58.15774928642728
2023-03-14 00:00:00,22.0,1010.4,58.15774928642728
2023-03-14 03:00:00,23.4,1012.1,65.63502207200914
2023-03-14 06:00:00,35.8,1011.4,20.192820703624463
2023-03-14 09:00:00,37.4,1008.5,15.085924231120082
2023-03-14 12:00:00,36.6,1007.1,17.58107149725711
2023-03-14 15:00:00,27.2,1008.0,43.73644973810253
2023-03-14 18:00:00,23.6,1008.2,48.157812114060874
2023-03-14 21:00:00,23.0,1007.8,47.36411488416402
2023-03-15 00:00:00,21.6,1007.7,57.682573906747514
2023-03-15 03:00:00,25.0,1009.3,53.83064226424435
2023-03-15 06:00:00,27.8,1011.1,36.31989420115488
2023-03-15 09:00:00,30.4,1008.7,35.39840013501242
2023-03-15 15:00:00,28.0,1009.8,35.426561671816984
2023-03-15 18:00:00,26.8,1009.7,39.54273532279864
2023-03-15 21:00:00,25.2,1008.4,47.33806540677984
2023-03-16 00:00:00,22.4,1008.6,58.25434943203264
2023-03-16 03:00:00,24.0,1011.5,55.69638229748551
2023-03-16 06:00:00,31.6,1012.0,34.81912604698233
2023-03-16 09:00:00,35.0,1009.2,26.43945938392723
2023-03-16 12:00:00,34.4,1007.8,29.94097009014179
2023-03-16 15:00:00,29.0,1009.4,49.28004652644674
2023-03-16 18:00:00,25.8,1010.2,65.72304383264904
2023-03-16 21:00:00,23.8,1009.6,73.5987618697542
2023-03-17 00:00:00,23.8,1010.4,79.7941177858265
2023-03-17 03:00:00,24.8,1011.8,84.97083781729286
2023-03-17 06:00:00,31.8,1012.0,49.699414541937024
2023-03-17 09:00:00,34.6,1009.0,36.55646573898436
2023-03-17 12:00:00,33.2,1007.1,37.818291867798074
2023-03-17 15:00:00,28.0,1008.9,45.98124630748456
2023-03-17 18:00:00,25.0,1010.9,55.2316510124865
2023-03-17 21:00:00,24.2,1009.7,58.685550665822504
2023-03-18 00:00:00,22.4,1009.1,71.07373433061426
2023-03-18 03:00:00,23.6,1011.5,62.41693601145195
2023-03-18 06:00:00,31.6,1011.2,43.26699252430475
2023-03-18 09:00:00,35.0,1008.2,32.509449610483884
2023-03-18 12:00:00,30.6,1005.9,34.54210791137394
2023-03-18 15:00:00,25.0,1008.6,43.41453320694874
2023-03-18 18:00:00,22.4,1010.0,62.95239911045817
2023-03-18 21:00:00,21.0,1007.6,64.70523940925912
2023-03-19 00:00:00,20.0,1008.3,75.80243725044951
2023-03-19 03:00:00,23.6,1010.4,55.237934002483236
2023-03-19 06:00:00,30.0,1010.5,36.93409152598531
2023-03-19 09:00:00,32.0,1007.6,30.468831267374902
2023-03-19 12:00:00,32.0,1005.2,29.483802567589102
2023-03-19 15:00:00,26.6,1007.0,48.023532815754834
2023-03-19 18:00:00,21.0,1009.2,81.95274097068757
2023-03-19 21:00:00,20.2,1007.6,81.33582680524137
2023-03-20 00:00:00,20.0,1006.9,83.39836242248586
2023-03-20 03:00:00,21.6,1009.0,71.83530613579937
2023-03-20 06:00:00,27.6,1009.4,52.79005868609021
2023-03-20 09:00:00,31.6,1006.3,35.96228873194744
2023-03-20 12:00:00,31.6,1004.9,32.84179786085809
2023-03-20 15:00:00,26.8,1006.4,49.329206039293354
2023-03-20 18:00:00,25.4,1008.5,54.27880168034746
2023-03-20 21:00:00,23.4,1008.0,69.92393739267627
2023-03-21 00:00:00,21.2,1007.6,75.0356621166813
2023-03-21 03:00:00,24.0,1009.4,57.150508542239244
2023-03-21 06:00:00,30.0,1009.6,40.17284207482451
2023-03-21 09:00:00,32.6,1007.6,26.677619588896867
2023-03-21 12:00:00,32.8,1006.2,23.38816618396922
2023-03-21 15:00:00,28.6,1007.4,45.26607525457315
2023-03-21 18:00:00,26.7,1009.4,61.54635922836159
2023-03-21 21:00:00,26.0,1008.2,57.63433267904622
2023-03-22 00:00:00,24.0,1008.6,64.5233560338738
2023-03-22 03:00:00,25.4,1011.2,57.125066941783295
2023-03-22 06:00:00,30.2,1011.4,35.11290713359887
2023-03-22 09:00:00,33.0,1009.2,33.65808431018366
2023-03-22 12:00:00,32.0,1006.7,33.382797528971295
2023-03-22 15:00:00,28.2,1008.4,48.44922489797436
2023-03-22 18:00:00,26.6,1009.2,51.86850699632642
2023-03-22 21:00:00,25.2,1008.8,55.63644589834179
2023-03-23 00:00:00,25.0,1008.4,58.13017769528709
2023-03-23 03:00:00,24.6,1010.9,69.2788037175175
2023-03-23 06:00:00,30.4,1011.3,44.046168687958335
2023-03-23 09:00:00,34.0,1009.0,33.07506960970222
2023-03-23 12:00:00,34.0,1007.0,33.07506960970222
2023-03-23 15:00:00,24.6,1010.2,83.4072263549273
2023-03-23 18:00:00,24.4,1009.6,72.33699619216402
2023-03-23 21:00:00,24.0,1008.4,73.63287364526842
2023-03-24 00:00:00,23.0,1008.3,82.70996817603475
2023-03-24 03:00:00,25.2,1010.2,77.56785584692332
2023-03-24 06:00:00,30.0,1011.0,43.65879185115634
2023-03-24 09:00:00,34.4,1008.6,34.478117246908965
2023-03-24 12:00:00,32.2,1007.4,28.01997866170366
2023-03-24 15:00:00,28.4,1009.3,36.97090641348185
2023-03-24 18:00:00,25.4,1010.8,47.70165166704305
2023-03-24 21:00:00,24.0,1010.4,57.150508542239244
2023-03-25 00:00:00,22.2,1010.4,72.40123365463968
2023-03-25 03:00:00,24.6,1012.9,64.65181927102982
2023-03-25 06:00:00,28.0,1014.0,45.98124630748456
2023-03-25 09:00:00,31.6,1010.7,31.995193497361473
2023-03-25 12:00:00,31.6,1009.5,28.9890474006802
2023-03-25 15:00:00,27.0,1010.7,47.209973097959896
2023-03-25 18:00:00,24.0,1011.7,55.69638229748551
2023-03-25 21:00:00,23.4,1011.1,63.985292032244004
2023-03-26 00:00:00,20.8,1010.6,69.87255673728518
2023-03-26 03:00:00,25.0,1012.6,65.14551045571683
2023-03-26 06:00:00,31.0,1012.8,32.03965741466953
2023-03-26 09:00:00,33.6,1010.0,23.594464271114614
2023-03-26 12:00:00,33.0,1008.7,22.816934077339006
2023-03-26 15:00:00,26.6,1010.1,45.306629350599906
2023-03-26 18:00:00,23.6,1010.4,48.157812114060874
2023-03-26 21:00:00,22.4,1009.7,51.10736991039426
2023-03-27 00:00:00,22.0,1009.7,53.41267569409421
2023-03-27 03:00:00,24.8,1011.6,41.668809442718235
2023-03-27 06:00:00,34.0,1012.2,22.613823915285867
2023-03-27 09:00:00,35.4,1009.2,18.908829843974946
2023-03-27 12:00:00,35.2,1007.7,17.02248624913659
2023-03-27 15:00:00,28.6,1009.2,33.9853297838561
2023-03-27 18:00:00,26.6,1009.7,33.42496825051058
2023-03-27 21:00:00,22.6,1009.4,49.827976421206955
2023-03-28 00:00:00,20.4,1009.3,60.888563248098706
2023-03-28 03:00:00,25.4,1010.8,41.286485844105634
2023-03-28 06:00:00,32.8,1011.4,21.71162553131435
2023-03-28 09:00:00,35.8,1008.6,14.135983320748302
2023-03-28 12:00:00,36.0,1007.5,18.92366453039773
2023-03-28 15:00:00,27.6,1008.9,40.55437814951128
2023-03-28 18:00:00,23.6,1009.6,48.157812114060874
2023-03-28 21:00:00,23.0,1008.9,54.72982571968843
2023-03-29 00:00:00,24.4,1009.3,50.63448661826776
2023-03-29 03:00:00,26.2,1011.3,43.74632787079752
2023-03-29 06:00:00,32.8,1011.3,29.70130990194468
2023-03-29 09:00:00,35.8,1008.6,21.73423814443626
2023-03-29 12:00:00,33.8,1008.1,27.35441607706756
2023-03-29 15:00:00,30.0,1008.7,46.813294513259635
2023-03-29 18:00:00,29.0,1009.5,43.38606734691948
2023-03-29 21:00:00,27.6,1008.9,46.46713497984191
2023-03-30 00:00:00,26.0,1008.4,57.63433267904622
2023-03-30 03:00:00,25.8,1010.3,71.69270020375919
2023-03-30 06:00:00,28.6,1009.9,63.906136265197986
2023-03-30 09:00:00,34.8,1007.6,31.43269052837061
2023-03-30 12:00:00,33.2,1005.8,32.01800578264064
2023-03-30 15:00:00,24.0,1008.1,83.33878752130364
2023-03-30 18:00:00,23.6,1008.7,82.78099464458583
2023-03-30 21:00:00,23.0,1008.0,81.18509420602786
2023-03-31 00:00:00,22.6,1008.2,61.79318420370474
2023-03-31 03:00:00,24.6,1010.5,66.30194413180494
2023-03-31 06:00:00,30.0,1010.7,43.65879185115634
2023-03-31 09:00:00,33.0,1007.8,35.658810994961954
2023-03-31 12:00:00,33.6,1005.7,35.370369819266124
2023-03-31 15:00:00,28.6,1007.1,50.118163902781596
2023-03-31 18:00:00,26.4,1008.9,67.92169298232594
2023-03-31 21:00:00,24.6,1008.6,78.44038822062748
2023-04-01 00:00:00,24.0,1009.0,69.16319209999386
2023-04-01 03:00:00,25.4,1010.7,72.96297423706713
2023-04-01 06:00:00,30.0,1011.2,50.48129264923812
2023-04-01 09:00:00,34.6,1008.3,29.418827474150653
2023-04-01 12:00:00,35.0,1006.9,23.955308830753978
2023-04-01 15:00:00,29.0,1008.3,45.66475006650691
2023-04-01 18:00:00,26.8,1009.4,54.62970896661447
2023-04-01 21:00:00,26.0,1009.3,52.38113667098585
2023-04-02 00:00:00,24.0,1009.5,70.47837778915957
2023-04-02 03:00:00,26.0,1011.1,60.62095798327436
2023-04-02 06:00:00,32.6,1011.1,28.501008134945057
2023-04-02 09:00:00,35.6,1008.7,20.69259953376285
2023-04-02 12:00:00,35.6,1006.4,22.26958135788291
2023-04-02 15:00:00,29.0,1007.5,45.66475006650691
2023-04-02 18:00:00,28.4,1008.4,45.2118862197426
2023-04-02 21:00:00,27.0,1007.7,49.69935142548929
2023-04-03 00:00:00,24.6,1007.7,66.30194413180494
2023-04-03 03:00:00,24.8,1010.2,77.03212588839541
2023-04-03 06:00:00,32.4,1010.7,42.94137388427684
2023-04-03 09:00:00,35.6,1008.2,23.951559636440738
2023-04-03 12:00:00,35.6,1007.0,21.54010194967743
2023-04-03 15:00:00,29.2,1008.1,44.85242167030182
2023-04-03 18:00:00,28.4,1009.1,57.48575855515023
2023-04-03 21:00:00,26.8,1008.4,37.257588297966905
2023-04-04 00:00:00,23.0,1008.5,60.70242277903299
2023-04-04 03:00:00,26.2,1011.4,71.76431122414668
2023-04-04 06:00:00,31.0,1012.2,51.372385333162065
2023-04-04 09:00:00,34.6,1009.5,38.44191184176878
2023-04-04 12:00:00,35.2,1008.0,31.74353999016848
2023-04-04 15:00:00,30.0,1009.1,52.73546662209652
2023-04-04 18:00:00,27.0,1009.8,58.6053007570548
2023-04-04 21:00:00,27.0,1009.2,49.69935142548929
2023-04-05 00:00:00,25.4,1008.4,60.10168842593349
2023-04-05 03:00:00,27.0,1010.8,60.09299888935582
2023-04-05 06:00:00,32.4,1011.3,41.875071945174035
2023-04-05 09:00:00,37.2,1008.4,29.92723466796271
2023-04-05 12:00:00,37.0,1006.9,28.02619684603163
2023-04-05 15:00:00,30.0,1008.8,35.984923231294545
2023-04-05 18:00:00,26.0,1010.1,51.0534495107056
2023-04-05 21:00:00,27.4,1009.6,31.25213165627388
2023-04-06 00:00:00,25.0,1009.8,53.83064226424435
2023-04-06 03:00:00,26.8,1011.9,53.25972640302064
2023-04-06 06:00:00,33.6,1012.1,32.544116665394505
2023-04-06 09:00:00,37.8,1009.7,25.9835181046392
2023-04-06 12:00:00,37.2,1008.3,19.081283839849448
2023-04-06 15:00:00,29.4,1009.7,36.28972849758949
2023-04-06 18:00:00,28.0,1011.1,35.426561671816984
2023-04-06 21:00:00,27.2,1010.6,36.63461571399558
2023-04-07 00:00:00,27.4,1010.5,31.25213165627388
2023-04-07 03:00:00,27.0,1012.9,37.31379048746601
2023-04-07 06:00:00,35.4,1013.2,16.60506690834364
2023-04-07 09:00:00,35.6,1012.6,19.214946899592302
2023-04-07 12:00:00,35.0,1010.7,20.683881989144233
2023-04-07 15:00:00,29.8,1011.2,45.589994727149644
2023-04-07 18:00:00,26.8,1012.2,50.61004329658352
2023-04-07 21:00:00,25.2,1012.0,59.675662881987066
2023-04-08 00:00:00,25.2,1012.2,48.90458431872265
2023-04-08 03:00:00,30.0,1013.9,36.93409152598531
2023-04-08 06:00:00,36.4,1014.5,21.739493431798916
2023-04-08 09:00:00,38.8,1011.8,18.33309562007136
2023-04-08 12:00:00,38.2,1010.1,21.192785309798815
2023-04-08 15:00:00,31.0,1011.4,37.21158145744114
2023-04-08 18:00:00,27.6,1013.0,46.46713497984191
2023-04-08 21:00:00,26.4,1012.2,52.820008231230375
2023-04-09 00:00:00,26.0,1012.7,55.12789240334629
2023-04-09 03:00:00,29.0,1014.2,34.550110818955254
2023-04-09 06:00:00,37.0,1014.6,22.62210227870014
2023-04-09 09:00:00,39.6,1011.8,16.646679163372706
2023-04-09 12:00:00,39.0,1009.9,19.381233768985318
2023-04-09 15:00:00,32.2,1011.0,39.75715510944213
2023-04-09 18:00:00,29.8,1011.6,43.326992520293764
2023-04-09 21:00:00,27.0,1010.9,52.30341645916792
2023-04-10 00:00:00,27.6,1010.8,43.001947059179145
2023-04-10 03:00:00,28.8,1012.7,44.458225465282275
2023-04-10 06:00:00,37.6,1012.6,21.184796445155982
2023-04-10 09:00:00,40.2,1010.1,16.12072885382212
2023-04-10 12:00:00,39.6,1008.7,19.395792664512232
2023-04-10 15:00:00,35.4,1010.0,26.893084347345
2023-04-10 18:00:00,30.4,1010.9,45.176507999615254
2023-04-10 21:00:00,30.0,1009.9,39.15069222038928
2023-04-11 00:00:00,27.2,1010.0,48.493766828758595
2023-04-11 03:00:00,29.2,1012.4,48.40624725511165
2023-04-11 06:00:00,36.0,1012.6,28.48613045011803
2023-04-11 09:00:00,40.6,1010.2,19.891247756677636
2023-04-11 12:00:00,39.4,1009.0,20.527399677713024
2023-04-11 18:00:00,30.0,1011.9,41.218389755870184
2023-04-11 21:00:00,29.0,1010.9,40.15547110727159
2023-04-12 00:00:00,27.2,1011.0,53.70027276375083
2023-04-12 03:00:00,28.8,1012.9,52.76189312845306
2023-04-12 06:00:00,33.6,1012.8,30.705728925665714
2023-04-12 09:00:00,38.0,1010.4,23.784825802142993
2023-04-12 12:00:00,38.4,1008.3,20.019046195493285
2023-04-12 15:00:00,33.0,1010.2,28.235526880881118
2023-04-12 18:00:00,30.0,1011.4,35.984923231294545
2023-04-12 21:00:00,27.2,1010.5,46.06110405973983
2023-04-13 00:00:00,27.0,1010.5,57.51084662663192
2023-04-13 03:00:00,29.6,1012.0,50.06252402144553
2023-04-13 06:00:00,35.4,1012.1,31.194440729171667
2023-04-13 09:00:00,39.0,1009.5,19.381233768985318
2023-04-13 12:00:00,37.6,1008.1,21.184796445155982
2023-04-13 15:00:00,32.6,1010.5,41.1452408025427
2023-04-13 18:00:00,28.0,1011.3,42.28248962275748
2023-04-13 21:00:00,28.6,1009.9,36.30442532580979
2023-04-14 00:00:00,27.6,1010.3,51.46822082273632
2023-04-14 03:00:00,28.6,1012.1,53.713553895834856
2023-04-14 06:00:00,36.0,1011.8,26.01802538173466
2023-04-14 09:00:00,39.6,1008.8,18.76632186190599
2023-04-14 12:00:00,39.0,1006.8,17.89627193010036
2023-04-14 15:00:00,33.0,1008.3,31.756769544913187
2023-04-14 18:00:00,29.4,1008.8,38.48167342028429
2023-04-15 00:00:00,26.4,1008.8,54.183993266159504
2023-04-15 03:00:00,28.6,1011.5,60.08656570259691
2023-04-15 06:00:00,36.8,1011.4,32.79139048773444
2023-04-15 09:00:00,39.6,1009.0,25.787887967242852
2023-04-15 12:00:00,39.4,1006.6,21.911260293855783
2023-04-15 15:00:00,34.0,1007.8,24.175903130743034
2023-04-15 18:00:00,30.6,1008.7,38.81441450611498
2023-04-15 21:00:00,28.8,1008.4,44.458225465282275
2023-04-16 00:00:00,26.0,1008.3,66.17566859299606
2023-04-16 03:00:00,30.4,1010.9,50.90090504824205
2023-04-16 06:00:00,35.6,1010.6,28.01485292558896
2023-04-16 09:00:00,39.6,1007.4,20.04378955656311
2023-04-16 12:00:00,39.4,1005.6,21.911260293855783
2023-04-16 15:00:00,32.0,1007.3,38.45833983449539
2023-04-16 18:00:00,30.8,1008.6,41.174718124722965
2023-04-16 21:00:00,29.6,1007.8,35.407088012188964
2023-04-17 00:00:00,27.6,1007.9,59.114546352705645
2023-04-17 03:00:00,29.2,1009.4,63.255491800252074
2023-04-17 06:00:00,36.4,1010.1,29.903139128859934
2023-04-17 09:00:00,41.4,1007.6,19.5672954559199
2023-04-17 12:00:00,40.4,1006.4,21.04114181715408
2023-04-17 15:00:00,32.0,1008.5,35.38306345014907
2023-04-17 18:00:00,30.6,1010.1,35.685180929600556
2023-04-17 21:00:00,27.0,1009.6,43.39821017416529
2023-04-18 00:00:00,27.6,1009.8,48.91151361917081
2023-04-18 03:00:00,29.8,1011.8,50.114430384287324
2023-04-18 06:00:00,36.4,1011.7,23.377427259621808
2023-04-18 09:00:00,40.2,1009.1,16.780982130730422
2023-04-18 12:00:00,40.0,1008.0,19.23628951357727
2023-04-18 15:00:00,32.8,1009.1,31.645682179454298
2023-04-18 18:00:00,29.4,1010.2,44.055074845331326
2023-04-18 21:00:00,28.4,1008.8,48.81145236907877
2023-04-19 00:00:00,29.2,1007.9,53.19475408938177
2023-04-19 03:00:00,31.0,1009.1,42.56104163490366
2023-04-19 06:00:00,36.4,1009.1,28.227869021452562
2023-04-19 09:00:00,39.2,1006.4,22.437527162591426
2023-04-19 12:00:00,39.4,1004.8,18.4729680418782
2023-04-19 15:00:00,34.6,1005.9,20.86504203604238
2023-04-19 18:00:00,30.0,1006.6,39.15069222038928
2023-04-19 21:00:00,29.6,1005.4,37.549159864907224
2023-04-20 00:00:00,27.2,1005.5,44.88553659091517
2023-04-20 03:00:00,29.0,1007.1,45.66475006650691
2023-04-20 06:00:00,35.4,1006.9,26.893084347345
2023-04-20 09:00:00,38.6,1004.0,20.876027704054945
2023-04-20 12:00:00,38.0,1002.2,20.18850952449768
2023-04-20 15:00:00,30.4,1003.4,41.85979912286083
2023-04-20 18:00:00,27.4,1004.9,47.62210325150437
2023-04-20 21:00:00,27.4,1003.9,48.8586154318638
2023-04-21 00:00:00,27.0,1004.4,72.34810781589086
2023-04-21 03:00:00,28.0,1006.9,70.35037364356444
2023-04-21 06:00:00,34.0,1007.5,28.504529631592796
2023-04-21 09:00:00,37.8,1004.7,18.468221449325068
2023-04-21 12:00:00,37.2,1003.3,19.86216214719784
2023-04-21 15:00:00,31.8,1005.0,39.145494008561734
2023-04-21 18:00:00,31.0,1005.6,39.175305310064076
2023-04-21 21:00:00,29.6,1004.9,41.90837816982436
2023-04-22 00:00:00,27.6,1004.3,65.68864481870233
2023-04-22 03:00:00,29.0,1007.1,57.98691806209805
2023-04-22 06:00:00,34.4,1007.4,31.729278891519876
2023-04-22 09:00:00,39.0,1004.9,18.62571241544117
2023-04-22 12:00:00,38.6,1002.9,16.759258447355048
2023-04-22 15:00:00,30.4,1004.3,33.22803010684163
2023-04-22 18:00:00,29.4,1005.7,49.6968017663282
2023-04-22 21:00:00,29.2,1004.5,41.79836817553821
2023-04-23 00:00:00,26.6,1004.9,62.29807222676058
2023-04-23 03:00:00,28.4,1006.6,57.48575855515023
2023-04-23 06:00:00,35.0,1007.2,33.34829415288814
2023-04-23 09:00:00,39.6,1004.9,14.74108068739631
2023-04-23 12:00:00,39.0,1003.5,11.305320131156762
2023-04-23 15:00:00,32.4,1004.7,18.902168037591803
2023-04-23 18:00:00,28.6,1006.2,26.499015944026848
2023-04-23 21:00:00,28.0,1005.8,49.33018462848313
2023-04-24 00:00:00,25.6,1006.2,68.61205443506742
2023-04-24 03:00:00,28.8,1008.8,49.22758668513023
2023-04-24 06:00:00,38.2,1008.9,15.468856779381355
2023-04-24 09:00:00,39.0,1006.9,10.093280912485849
2023-04-24 12:00:00,37.0,1005.8,11.740430592052506
2023-04-24 15:00:00,31.4,1007.2,28.743488845183503
2023-04-24 18:00:00,27.4,1007.6,37.923440527919375
2023-04-24 21:00:00,23.0,1006.9,46.123148898778574
2023-04-25 00:00:00,23.2,1007.6,44.96629978492457
2023-04-25 03:00:00,29.8,1008.8,26.462326618266392
2023-04-25 06:00:00,36.4,1009.0,18.764128397720796
2023-04-25 09:00:00,39.6,1006.3,13.394835504989357
2023-04-25 12:00:00,39.4,1004.5,17.75062649721321
2023-04-25 15:00:00,31.8,1006.0,27.203084116165975
2023-04-25 18:00:00,29.0,1006.6,36.65554173511874
2023-04-25 21:00:00,27.2,1005.6,44.88553659091517
2023-04-26 00:00:00,25.0,1006.0,49.81333656736011
2023-04-26 03:00:00,30.8,1007.3,31.774778499358025
2023-04-26 06:00:00,37.6,1007.5,28.00594727847665
2023-04-26 09:00:00,40.2,1005.5,27.982059771624083
2023-04-26 12:00:00,36.2,1003.8,30.426803364036946
2023-04-26 15:00:00,32.0,1005.4,37.48800396186362
2023-04-26 18:00:00,30.0,1006.3,58.58138510397075
2023-04-26 21:00:00,28.0,1006.2,64.9673083542988
2023-04-27 00:00:00,27.0,1007.0,69.73535987777385
2023-04-27 03:00:00,29.6,1008.9,64.51071215170371
2023-04-27 06:00:00,34.6,1009.3,48.317466168278045
2023-04-27 09:00:00,38.0,1007.0,39.12374583332483
2023-04-27 12:00:00,38.4,1004.8,28.94162887677037
2023-04-27 15:00:00,33.0,1006.2,33.65808431018366
2023-04-27 18:00:00,30.8,1008.1,48.826621362604996
2023-04-27 21:00:00,29.6,1007.8,54.63879144543691
2023-04-28 00:00:00,28.0,1008.0,54.583776611197585
2023-04-28 03:00:00,30.4,1009.8,47.2160211879818
2023-04-28 06:00:00,34.8,1010.0,37.77973372953484
2023-04-28 09:00:00,38.4,1007.1,28.94162887677037
2023-04-28 12:00:00,35.0,1004.7,32.509449610483884
2023-04-28 15:00:00,31.6,1006.1,43.26699252430475
2023-04-28 18:00:00,30.6,1008.4,49.69747942096259
2023-04-28 21:00:00,26.8,1007.6,62.34242458660606
2023-04-29 00:00:00,24.8,1008.8,81.91360302673357
2023-04-29 03:00:00,25.2,1009.9,81.96262342273943
2023-04-29 06:00:00,28.4,1010.1,67.8977377259484
2023-04-29 09:00:00,32.8,1008.3,40.42859587319974
2023-04-29 12:00:00,31.6,1005.9,47.53339246136735
2023-04-29 15:00:00,28.4,1007.5,54.68305210736864
2023-04-29 18:00:00,27.0,1008.5,62.77637062843983
2023-04-29 21:00:00,25.8,1007.1,67.38241642118969
2023-04-30 00:00:00,24.4,1007.2,73.70091272937036
2023-04-30 03:00:00,28.4,1008.6,58.568820751413384
2023-04-30 06:00:00,33.8,1008.2,43.31911377858115
2023-04-30 09:00:00,33.4,1005.2,39.08864098827481
2023-04-30 12:00:00,33.2,1002.6,40.79331842939581
2023-04-30 15:00:00,26.6,1006.0,73.61894146789774
2023-04-30 18:00:00,25.0,1006.6,74.72131815063864
2023-04-30 21:00:00,23.6,1005.2,82.78099464458583
2023-05-01 00:00:00,22.6,1005.6,82.66238212842283
2023-05-01 03:00:00,27.0,1007.4,66.79201724100693
2023-05-01 06:00:00,32.4,1007.4,40.832094020252626
2023-05-01 09:00:00,33.6,1005.6,42.20065213667368
2023-05-01 12:00:00,35.0,1003.7,36.89697020749243
2023-05-01 15:00:00,28.6,1006.1,60.08656570259691
2023-05-01 18:00:00,26.8,1007.4,69.26993747765529
2023-05-01 21:00:00,26.0,1006.7,71.7285371211518
2023-05-02 00:00:00,25.2,1006.4,77.56785584692332
2023-05-02 03:00:00,28.0,1008.8,66.1763979306175
2023-05-02 06:00:00,33.8,1008.9,44.40694259053556
2023-05-02 09:00:00,35.0,1005.7,39.7719574485718
2023-05-02 12:00:00,35.4,1003.8,37.47220231720378
2023-05-02 15:00:00,26.6,1007.8,62.29807222676058
2023-05-02 18:00:00,27.0,1008.8,66.79201724100693
2023-05-02 21:00:00,26.2,1008.3,69.15523439911932
2023-05-03 00:00:00,24.6,1008.4,75.58646829846579
2023-05-03 03:00:00,28.4,1009.8,61.16586545008611
2023-05-03 06:00:00,35.0,1010.4,38.79252543220958
2023-05-03 09:00:00,36.6,1007.4,35.078281208658936
2023-05-03 12:00:00,36.6,1004.7,34.21051802468884
2023-05-03 15:00:00,32.0,1006.6,50.99468465735812
2023-05-03 18:00:00,30.4,1009.1,56.552501126573276
2023-05-03 21:00:00,28.2,1007.5,66.21721115814579
2023-05-04 00:00:00,27.2,1007.7,57.55876022674434
2023-05-04 03:00:00,30.0,1009.4,55.07749010874436
2023-05-04 06:00:00,35.2,1009.3,36.2620391271551
2023-05-04 09:00:00,37.6,1006.7,30.416667598915254
2023-05-04 12:00:00,38.4,1004.0,27.33474721474916
2023-05-04 15:00:00,33.6,1006.1,38.16841802933758
2023-05-04 18:00:00,30.4,1007.8,56.552501126573276
2023-05-04 21:00:00,28.6,1007.1,66.70492848245004
2023-05-05 00:00:00,27.4,1006.9,69.81054652981949
2023-05-05 03:00:00,30.2,1008.6,57.5576548506657
2023-05-05 06:00:00,36.6,1008.1,38.74560463151403
2023-05-05 09:00:00,39.0,1005.6,29.65499937595699
2023-05-05 12:00:00,38.2,1003.8,28.70604813742589
2023-05-05 15:00:00,34.0,1005.5,42.57262209391062
2023-05-05 18:00:00,32.0,1006.8,44.757614694888446
2023-05-05 21:00:00,30.6,1006.1,52.234713311802714
2023-05-06 00:00:00,29.6,1006.2,57.06157172075657
2023-05-06 03:00:00,30.8,1008.7,56.99686339899115
2023-05-06 06:00:00,34.6,1008.8,40.41220044183502
2023-05-06 09:00:00,38.6,1006.1,33.90265863289956
2023-05-06 12:00:00,38.6,1004.3,31.462728534772
2023-05-06 15:00:00,33.4,1005.5,45.132001309945
2023-05-06 18:00:00,31.6,1006.8,56.49370308745102
2023-05-06 21:00:00,31.0,1006.0,52.335815898202554
2023-05-07 00:00:00,29.0,1006.5,66.78535949708609
2023-05-07 03:00:00,30.4,1008.4,65.07093044891502
2023-05-07 06:00:00,37.2,1008.4,35.904653948451546
2023-05-07 09:00:00,40.4,1005.5,26.659501800098862
2023-05-07 12:00:00,40.0,1003.3,26.22158029971846
2023-05-07 15:00:00,35.2,1004.9,38.12643666764187
2023-05-07 18:00:00,33.2,1005.9,43.69896640701049
2023-05-07 21:00:00,31.4,1005.1,40.81710416937464
2023-05-08 00:00:00,29.0,1005.4,54.151080144894756
2023-05-08 03:00:00,30.4,1007.6,61.61247622848766
2023-05-08 06:00:00,36.2,1007.6,43.960628261188035
2023-05-08 09:00:00,41.0,1005.0,25.177746848980597
2023-05-08 12:00:00,40.6,1003.1,21.226832611118404
2023-05-08 15:00:00,34.6,1004.3,36.55646573898436
2023-05-08 18:00:00,33.0,1006.5,50.00855048668853
2023-05-08 21:00:00,30.0,1005.5,58.58138510397075
2023-05-09 00:00:00,28.4,1006.0,54.68305210736864
2023-05-09 03:00:00,31.8,1008.1,55.51617347239948
2023-05-09 06:00:00,39.2,1007.9,31.427223499624418
2023-05-09 09:00:00,42.0,1006.2,18.956737303301093
2023-05-09 12:00:00,42.0,1004.3,21.568348256816964
2023-05-09 15:00:00,35.2,1005.5,31.74353999016848
2023-05-09 18:00:00,29.0,1006.6,45.66475006650691
2023-05-09 21:00:00,26.2,1006.1,50.12977591480722
2023-05-10 00:00:00,24.6,1006.6,54.77816081633107
2023-05-10 03:00:00,31.4,1007.9,48.377274941391825
2023-05-10 06:00:00,38.6,1007.7,27.561921813214212
2023-05-10 09:00:00,43.2,1005.4,11.535560078589263
2023-05-10 12:00:00,43.0,1003.7,13.533907301258822
2023-05-10 15:00:00,34.6,1005.1,27.370945992692977
2023-05-10 18:00:00,29.0,1005.8,41.20798468412713
2023-05-10 21:00:00,26.4,1005.6,43.80142891158694
2023-05-11 00:00:00,28.4,1006.5,48.81145236907877
2023-05-11 03:00:00,32.4,1008.3,44.03144254531665
2023-05-11 06:00:00,39.4,1008.0,24.141043993488072
2023-05-11 09:00:00,43.0,1005.8,14.090004915365467
2023-05-11 12:00:00,43.0,1004.1,14.66615672389545
2023-05-11 15:00:00,34.2,1004.7,29.36061578461339
2023-05-11 18:00:00,29.4,1006.4,44.055074845331326
2023-05-11 21:00:00,29.5,1005.4,34.918096656296306
2023-05-12 00:00:00,29.4,1006.2,44.055074845331326
2023-05-12 03:00:00,32.0,1008.2,36.30539776370092
2023-05-12 06:00:00,39.0,1007.9,19.381233768985318
2023-05-12 09:00:00,44.0,1005.1,12.50432544130147
2023-05-12 12:00:00,44.0,1003.5,19.00128145998814
2023-05-12 15:00:00,34.0,1004.6,25.498237478674806
2023-05-12 18:00:00,31.6,1005.7,31.995193497361473
2023-05-12 21:00:00,31.6,1004.7,40.099872392856064
2023-05-13 00:00:00,30.0,1005.3,49.23154765101147
2023-05-13 03:00:00,32.8,1007.9,42.24804823188427
2023-05-13 06:00:00,39.4,1007.8,24.141043993488072
2023-05-13 09:00:00,44.4,1005.1,16.940027569477646
2023-05-13 12:00:00,44.4,1003.2,15.258418441062988
2023-05-13 15:00:00,37.0,1005.1,34.75063988732095
2023-05-13 18:00:00,33.0,1006.9,52.19700204876771
2023-05-13 21:00:00,33.0,1004.8,52.19700204876771
2023-05-14 00:00:00,29.2,1004.7,69.72295309892432
2023-05-14 03:00:00,31.2,1006.5,64.45604167734498
2023-05-14 06:00:00,38.0,1006.5,35.89901200704455
2023-05-14 09:00:00,42.4,1003.3,20.716588297897303
2023-05-14 12:00:00,43.4,1001.7,18.793160572258916
2023-05-14 15:00:00,36.0,1003.0,45.542429698172974
2023-05-14 18:00:00,32.6,1004.1,65.52306428907129
2023-05-14 21:00:00,31.2,1004.0,65.62945434667039
2023-05-15 00:00:00,28.8,1006.0,76.24353220041739
2023-05-15 03:00:00,30.6,1008.0,63.94211751218886
2023-05-15 06:00:00,35.8,1008.5,48.33450439193775
2023-05-15 09:00:00,39.6,1005.5,39.07807009517239
2023-05-15 12:00:00,41.0,1002.7,27.32430254431182
2023-05-15 15:00:00,34.8,1004.9,57.936588421156856
2023-05-15 18:00:00,32.2,1006.5,72.80896276194781
2023-05-15 21:00:00,30.6,1006.0,67.91613145039247
2023-05-16 00:00:00,29.6,1007.6,74.118773297339
2023-05-16 03:00:00,31.2,1008.8,66.82152314124305
2023-05-16 06:00:00,35.4,1009.2,50.0134364106607
2023-05-16 09:00:00,39.4,1006.6,38.08899782992672
2023-05-16 12:00:00,40.6,1004.5,31.217981708760373
2023-05-16 15:00:00,34.4,1006.8,59.59215392807818
2023-05-16 18:00:00,31.6,1008.4,74.88472135092377
2023-05-16 21:00:00,30.2,1007.3,67.83823315041917
2023-05-17 00:00:00,29.0,1007.8,74.91450415439337
2023-05-17 03:00:00,30.6,1010.1,70.40290332892224
2023-05-17 06:00:00,36.0,1010.1,47.51709753362507
2023-05-17 09:00:00,40.0,1007.6,30.107585656659662
2023-05-17 12:00:00,41.0,1005.5,23.779841434779396
2023-05-17 15:00:00,36.0,1007.1,33.620700844029585
2023-05-17 18:00:00,32.4,1008.9,63.9379440059793
2023-05-17 21:00:00,30.2,1008.5,57.5576548506657
2023-05-18 00:00:00,28.2,1008.8,78.94802076163292
2023-05-18 03:00:00,30.4,1012.4,69.11197515651446
2023-05-18 06:00:00,35.6,1012.8,49.166526532934895
2023-05-18 09:00:00,40.2,1010.3,33.09225874554839
2023-05-18 12:00:00,41.4,1007.3,23.579046455480867
2023-05-18 15:00:00,36.0,1008.1,28.48613045011803
2023-05-18 18:00:00,33.0,1009.5,55.468825283877344
2023-05-18 21:00:00,31.6,1008.3,60.03485302219658
2023-05-19 00:00:00,29.6,1008.7,74.118773297339
2023-05-19 03:00:00,31.0,1010.3,67.99377352527183
2023-05-19 06:00:00,34.6,1010.2,57.204014581326135
2023-05-19 09:00:00,41.0,1007.4,32.50072183631252
2023-05-19 12:00:00,41.6,1005.3,25.81355392120237
2023-05-19 15:00:00,35.6,1006.7,42.21680392673285
2023-05-19 18:00:00,33.2,1008.0,60.03499793790983
2023-05-19 21:00:00,31.6,1006.6,54.12510474048353
2023-05-20 00:00:00,30.0,1007.1,72.866865390855
2023-05-20 03:00:00,31.4,1008.5,69.71409411644107
2023-05-20 06:00:00,36.6,1008.7,50.01765268968246
2023-05-20 09:00:00,41.0,1006.4,27.32430254431182
2023-05-20 12:00:00,41.6,1004.8,25.81355392120237
2023-05-20 15:00:00,36.0,1005.6,39.796368664073576
2023-05-20 18:00:00,33.0,1007.2,55.468825283877344
2023-05-20 21:00:00,32.0,1006.6,53.2366666229233
2023-05-21 00:00:00,30.6,1006.8,67.91613145039247
2023-05-21 03:00:00,31.4,1009.1,67.26247234040332
2023-05-21 06:00:00,36.6,1009.1,43.26947320144839
2023-05-21 09:00:00,41.4,1007.5,29.919748395858925
2023-05-21 12:00:00,42.2,1005.9,25.166734389916357
2023-05-21 15:00:00,37.6,1007.3,37.14312684702702
2023-05-21 18:00:00,33.6,1009.1,58.00441896805416
2023-05-21 21:00:00,31.2,1008.4,52.710735539122425
2023-05-22 00:00:00,29.0,1008.5,73.57607488115697
2023-05-22 03:00:00,31.0,1011.3,66.78169156880611
2023-05-22 06:00:00,36.6,1010.4,45.14992148381815
2023-05-22 09:00:00,41.4,1008.2,26.252476354886717
2023-05-22 12:00:00,42.0,1006.1,22.843309670762572
2023-05-22 15:00:00,35.0,1007.7,39.7719574485718
2023-05-22 18:00:00,32.2,1009.0,62.75759984410254
2023-05-22 21:00:00,30.6,1008.6,61.656767739717175
2023-05-23 00:00:00,29.0,1009.1,73.57607488115697
2023-05-23 03:00:00,30.6,1010.5,67.91613145039247
2023-05-23 06:00:00,35.4,1010.5,45.10776278964171
2023-05-23 09:00:00,40.2,1008.3,28.692385587248694
2023-05-23 12:00:00,41.8,1005.5,23.38088132319315
2023-05-23 15:00:00,35.2,1006.9,49.66137214526371
2023-05-23 18:00:00,32.6,1008.7,63.22051607138405
2023-05-23 21:00:00,30.6,1007.2,58.006624337338984
2023-05-24 00:00:00,29.0,1008.0,77.65543578652992
2023-05-24 03:00:00,31.2,1008.8,66.82152314124305
2023-05-24 06:00:00,37.0,1008.4,43.64011479942673
2023-05-24 09:00:00,42.2,1005.3,26.458644137834415
2023-05-24 12:00:00,42.0,1003.4,18.956737303301093
2023-05-24 15:00:00,35.0,1005.6,51.75303582520855
2023-05-24 18:00:00,32.4,1006.5,44.03144254531665
2023-05-24 21:00:00,31.2,1007.0,55.03175537814078
2023-05-25 00:00:00,30.0,1008.2,64.98787314987105
2023-05-25 03:00:00,32.6,1009.8,61.72510709079442
2023-05-25 06:00:00,37.6,1008.7,42.49310707829151
2023-05-25 09:00:00,42.0,1006.4,23.579857155901802
2023-05-25 12:00:00,42.4,1004.3,34.50306264007158
2023-05-25 15:00:00,34.2,1005.6,57.45282698261636
2023-05-25 18:00:00,33.4,1006.0,45.132001309945
2023-05-25 21:00:00,31.4,1006.7,57.48913124065053
2023-05-26 00:00:00,29.6,1007.6,67.31212756795189
2023-05-26 03:00:00,33.0,1009.4,61.07786865205016
2023-05-26 06:00:00,37.6,1009.0,44.064527786702996
2023-05-26 09:00:00,40.6,1006.3,34.44033538927595
2023-05-26 12:00:00,40.6,1004.6,37.4952824095103
2023-05-26 15:00:00,28.4,1006.9,81.85865421535438
2023-05-26 18:00:00,29.8,1007.6,82.51286135002354
2023-05-26 21:00:00,29.6,1006.6,76.82235153000387
2023-05-27 00:00:00,28.8,1006.8,79.03096698905824
2023-05-27 03:00:00,30.6,1007.7,74.28243957799879
2023-05-27 06:00:00,36.0,1008.2,52.31450796094774
2023-05-27 09:00:00,41.0,1005.1,37.15192293120371
2023-05-27 12:00:00,41.4,1003.3,39.79511677541588
2023-05-27 15:00:00,33.8,1006.0,62.727505384680136
2023-05-27 18:00:00,32.6,1006.8,57.422989250564385
2023-05-27 21:00:00,30.6,1006.7,70.40290332892224
2023-05-28 00:00:00,29.6,1006.5,74.118773297339
2023-05-28 03:00:00,32.0,1007.5,67.38029965170892
2023-05-28 06:00:00,35.6,1007.9,54.1226737456844
2023-05-28 09:00:00,38.0,1006.2,45.517402788129154
2023-05-28 12:00:00,39.0,1002.8,39.39251515003266
2023-05-28 15:00:00,23.0,1008.8,98.19871205791138
2023-05-28 18:00:00,22.4,1011.2,96.41000840186356
2023-05-28 21:00:00,23.0,1009.2,91.27459428964966
2023-05-29 00:00:00,23.0,1008.3,91.27459428964966
2023-05-29 03:00:00,26.0,1009.3,77.68587617563927
2023-05-29 06:00:00,32.0,1009.9,60.12540926930006
2023-05-29 09:00:00,34.6,1007.9,55.51953672301835
2023-05-29 12:00:00,35.6,1005.9,47.991428750902024
2023-05-29 15:00:00,32.4,1008.7,66.6618617053601
2023-05-29 18:00:00,27.0,1007.5,66.79201724100693
2023-05-29 21:00:00,26.4,1008.2,74.94939436271723
2023-05-30 00:00:00,25.6,1007.9,79.0650667975322
2023-05-30 03:00:00,30.4,1011.0,65.07093044891502
2023-05-30 06:00:00,30.8,1012.6,51.00351017295065
2023-05-30 09:00:00,34.4,1008.8,39.11613497299796
2023-05-30 12:00:00,36.4,1006.5,35.02390148189525
2023-05-30 15:00:00,32.2,1007.8,50.11093393474899
2023-05-30 18:00:00,28.4,1008.9,61.16586545008611
2023-05-30 21:00:00,28.4,1007.4,57.48575855515023
2023-05-31 00:00:00,27.2,1008.0,68.49913989698025
2023-05-31 03:00:00,30.6,1009.3,59.08123488638958
2023-05-31 06:00:00,37.4,1008.7,40.42059918310621
2023-05-31 09:00:00,39.6,1006.0,40.76337196105651
2023-05-31 12:00:00,40.4,1004.6,19.71424101544081
2023-05-31 15:00:00,35.6,1006.3,39.442579033295885
2023-05-31 18:00:00,32.8,1007.4,38.43380601863262
2023-05-31 21:00:00,30.6,1006.4,69.14973459026399
2023-06-01 00:00:00,28.4,1007.0,78.97572139747378
2023-06-01 03:00:00,30.4,1008.6,69.11197515651446
2023-06-01 06:00:00,36.4,1008.0,43.21618022972479
2023-06-01 09:00:00,40.4,1005.2,27.339410835342598
2023-06-01 12:00:00,39.4,1003.5,33.908592153704056
2023-06-01 15:00:00,30.6,1005.1,53.87757034191303
2023-06-01 18:00:00,33.0,1006.7,57.5169590004615
2023-06-01 21:00:00,30.6,1006.1,67.91613145039247
2023-06-02 00:00:00,29.6,1006.5,78.20620296447258
2023-06-02 03:00:00,32.0,1008.3,69.82505728068918
2023-06-02 06:00:00,34.8,1008.3,56.91064806529948
2023-06-02 09:00:00,37.6,1006.6,44.064527786702996
2023-06-02 12:00:00,39.0,1004.3,39.39251515003266
2023-06-02 15:00:00,34.4,1005.1,57.499557963952576
2023-06-02 18:00:00,32.0,1006.3,65.40053619311648
2023-06-02 21:00:00,32.0,1005.2,66.1862478230639
2023-06-03 00:00:00,31.7,1005.8,67.95017096975249
2023-06-03 03:00:00,31.4,1008.3,69.71409411644107
2023-06-03 06:00:00,35.8,1008.3,53.210609064464286
2023-06-03 09:00:00,38.0,1006.0,46.34291635264978
2023-06-03 12:00:00,39.0,1003.5,39.39251515003266
2023-06-03 15:00:00,34.6,1004.2,61.06806519838046
2023-06-03 18:00:00,32.0,1006.7,69.82505728068918
2023-06-03 21:00:00,31.2,1005.7,74.82093472023674
2023-06-04 00:00:00,30.6,1006.3,78.34767637456054
2023-06-04 03:00:00,22.2,1011.0,98.18792289381352
2023-06-04 06:00:00,30.0,1007.6,61.14896099495759
2023-06-04 09:00:00,33.6,1006.7,55.949551784696496
2023-06-04 12:00:00,36.0,1004.3,49.56634543506401
2023-06-04 15:00:00,32.2,1005.8,63.89578539017188
2023-06-04 18:00:00,30.6,1006.2,71.67589990470815
2023-06-04 21:00:00,30.0,1005.2,78.26294962837345
2023-06-05 00:00:00,29.0,1005.6,83.40169277956687
2023-06-05 03:00:00,31.0,1006.8,72.1742265807024
2023-06-05 06:00:00,34.8,1007.4,63.31273208033373
2023-06-05 09:00:00,37.6,1004.6,48.79655470248206
2023-06-05 12:00:00,39.0,1002.4,41.84645596191919
2023-06-05 15:00:00,34.0,1003.6,58.445589633486186
2023-06-05 18:00:00,31.4,1005.7,70.96895584191402
2023-06-05 21:00:00,28.4,1005.0,58.568820751413384
2023-06-06 00:00:00,28.8,1005.4,82.8860266912129
2023-06-06 03:00:00,31.4,1007.3,72.24352874821913
2023-06-06 06:00:00,34.0,1006.9,62.77037868066636
2023-06-06 09:00:00,37.8,1004.5,50.023011721437484
2023-06-06 12:00:00,39.8,1001.3,39.13162347250542
2023-06-06 15:00:00,34.0,1003.5,59.50158303199722
2023-06-06 18:00:00,31.4,1005.5,63.34384135735378
2023-06-06 21:00:00,30.6,1004.3,74.28243957799879
2023-06-07 00:00:00,29.4,1004.2,71.03411577940795
2023-06-07 03:00:00,31.6,1007.1,69.75114396222972
2023-06-07 06:00:00,34.8,1006.5,54.57837119757018
2023-06-07 09:00:00,38.0,1003.7,46.34291635264978
2023-06-07 12:00:00,38.4,1001.7,44.809839055977356
2023-06-07 15:00:00,34.2,1003.4,60.618752169673485
2023-06-07 18:00:00,31.6,1005.7,68.51690400466761
2023-06-07 21:00:00,30.6,1005.2,76.97150804274018
2023-06-08 00:00:00,30.0,1006.2,74.18441432342445
2023-06-08 03:00:00,31.4,1007.5,69.71409411644107
2023-06-08 06:00:00,35.2,1007.0,55.99588621396323
2023-06-08 09:00:00,38.4,1004.7,44.809839055977356
2023-06-08 15:00:00,35.4,1003.7,53.11218922804798
2023-06-08 18:00:00,32.0,1005.0,68.5931528079531
2023-06-08 21:00:00,31.6,1004.2,60.03485302219658
2023-06-09 00:00:00,30.0,1005.0,74.18441432342445
2023-06-09 03:00:00,31.8,1006.4,66.14596424716504
2023-06-09 06:00:00,36.0,1005.6,53.578100478732416
2023-06-09 09:00:00,39.0,1002.5,46.326168035672964
2023-06-09 12:00:00,40.4,1000.1,37.215871733296545
2023-06-09 15:00:00,35.0,1001.2,54.62685359204623
2023-06-09 18:00:00,33.4,1002.1,59.010628693089586
2023-06-09 21:00:00,31.4,1001.6,63.34384135735378
2023-06-10 00:00:00,30.0,1002.3,71.5698382304094
2023-06-10 03:00:00,32.0,1004.7,67.38029965170892
2023-06-10 06:00:00,35.2,1004.2,59.06973996646835
2023-06-10 09:00:00,38.8,1001.6,46.274304923769186
2023-06-10 12:00:00,38.5,1000.3,44.56824794250669
2023-06-10 15:00:00,34.4,1000.8,54.154564287934356
2023-06-10 18:00:00,31.4,1002.8,66.06520314217083
2023-06-10 21:00:00,30.0,1001.8,71.5698382304094
2023-06-11 00:00:00,29.4,1002.5,77.71354294293734
2023-06-11 03:00:00,32.6,1004.0,70.34917736761386
2023-06-11 06:00:00,36.8,1003.8,50.06831013038043
2023-06-11 09:00:00,38.0,1001.8,35.89901200704455
2023-06-11 12:00:00,37.4,1000.0,42.18265749734871
2023-06-11 15:00:00,33.2,1001.3,50.059858025093185
2023-06-11 18:00:00,31.2,1002.4,64.45604167734498
2023-06-11 21:00:00,30.0,1001.1,69.03626644470846
2023-06-12 00:00:00,29.6,1001.4,68.54498148512985
2023-06-12 03:00:00,32.4,1002.5,59.49445671738769
2023-06-12 06:00:00,36.4,1002.1,47.908694402066544
2023-06-12 09:00:00,37.6,1000.5,47.078016933937796
2023-06-12 12:00:00,36.2,1000.1,48.73019846114092
2023-06-12 15:00:00,32.4,1002.0,62.800694130044874
2023-06-12 18:00:00,31.2,1002.8,70.93306375697343
2023-06-12 21:00:00,30.6,1001.3,74.28243957799879
2023-06-13 00:00:00,30.0,1001.1,71.5698382304094
2023-06-13 03:00:00,32.8,1002.5,62.13958951433999
2023-06-13 06:00:00,36.0,1002.7,49.56634543506401
2023-06-13 09:00:00,37.2,1001.0,44.49404545910958
2023-06-13 12:00:00,36.0,1000.7,45.542429698172974
2023-06-13 15:00:00,32.0,1002.2,67.38029965170892
2023-06-13 18:00:00,31.0,1003.2,73.47141965449843
2023-06-13 21:00:00,30.6,1002.4,76.97150804274018
2023-06-14 00:00:00,30.0,1002.5,76.88217771852533
2023-06-14 03:00:00,32.0,1003.9,69.82505728068918
2023-06-14 06:00:00,36.6,1003.6,52.77597731364829
2023-06-14 09:00:00,38.2,1002.6,50.42123928846129
2023-06-14 12:00:00,36.0,1001.8,53.578100478732416
2023-06-14 15:00:00,31.6,1003.5,58.95264595485285
2023-06-14 18:00:00,31.0,1004.7,72.1742265807024
2023-06-14 21:00:00,29.6,1003.0,78.20620296447258
2023-06-15 00:00:00,29.0,1002.5,77.65543578652992
2023-06-15 03:00:00,30.6,1004.6,76.97150804274018
2023-06-15 06:00:00,32.6,1004.0,71.60318423066752
2023-06-15 09:00:00,34.2,1001.7,55.091425528710424
2023-06-15 12:00:00,32.8,1001.2,62.13958951433999
2023-06-15 15:00:00,27.6,1002.8,90.47939854432097
2023-06-15 18:00:00,28.6,1002.7,84.8538871735531
2023-06-15 21:00:00,28.4,1000.5,88.94616815571688
2023-06-16 00:00:00,28.6,999.6,87.91868204829599
2023-06-16 03:00:00,29.6,1000.6,82.00361602371757
2023-06-16 06:00:00,31.4,1000.2,69.71409411644107
2023-06-16 09:00:00,29.8,998.9,82.51286135002354
2023-06-16 12:00:00,27.6,998.6,92.09950049107172
2023-06-16 15:00:00,28.6,1000.0,87.91868204829599
2023-06-16 18:00:00,26.0,1001.1,98.23832753499846
2023-06-16 21:00:00,27.6,1000.3,90.47939854432097
2023-06-17 00:00:00,26.6,1000.1,98.24609415561163
2023-06-17 03:00:00,26.8,1000.9,96.52421418955653
2023-06-17 06:00:00,30.0,1001.6,89.58913151799659
2023-06-17 09:00:00,32.0,1000.3,73.63761837389029
2023-06-17 12:00:00,32.0,999.7,68.5931528079531
2023-06-17 15:00:00,30.6,1001.6,69.14973459026399
2023-06-17 18:00:00,29.2,1003.5,79.08600581526997
2023-06-17 21:00:00,27.0,1002.0,95.39600874452509
2023-06-18 00:00:00,27.8,1002.7,88.89979374390309
2023-06-18 03:00:00,29.0,1004.1,84.89506306062921
2023-06-18 06:00:00,31.4,1004.6,76.18814229624397
2023-06-18 09:00:00,34.2,1002.8,55.091425528710424
2023-06-18 12:00:00,34.4,1001.1,55.47153939975632
2023-06-18 15:00:00,31.6,1002.1,66.1056160585513
2023-06-18 18:00:00,30.0,1004.2,74.18441432342445
2023-06-18 21:00:00,29.0,1003.6,80.48371679996085
2023-06-19 00:00:00,28.4,1003.8,81.85865421535438
2023-06-19 03:00:00,30.2,1004.8,78.29124418971334
2023-06-19 06:00:00,32.2,1005.1,69.03930501374236
2023-06-19 09:00:00,34.0,1003.1,54.05676031075814
2023-06-19 12:00:00,35.6,1001.1,52.21515920700269
2023-06-19 15:00:00,32.6,1001.8,66.70160074556692
2023-06-19 18:00:00,30.8,1003.3,66.74179537984483
2023-06-19 21:00:00,29.4,1002.8,74.97860136800087
2023-06-20 00:00:00,28.4,1002.5,78.97572139747378
2023-06-20 03:00:00,30.2,1004.3,75.55406963834521
2023-06-20 06:00:00,32.4,1004.7,63.9379440059793
2023-06-20 09:00:00,35.6,1002.9,52.21515920700269
2023-06-20 12:00:00,35.6,1000.9,56.424927658183535
2023-06-20 15:00:00,32.0,1002.3,63.85356133058713
2023-06-20 18:00:00,30.6,1004.0,75.61652127297627
2023-06-20 21:00:00,30.0,1003.4,74.18441432342445
2023-06-21 00:00:00,28.4,1004.0,77.56787120852722
2023-06-21 03:00:00,31.0,1004.9,70.89711040322032
2023-06-21 06:00:00,33.2,1004.7,61.12216416914973
2023-06-21 09:00:00,36.4,1002.5,47.908694402066544
2023-06-21 12:00:00,37.0,1000.6,44.441226265938326
2023-06-21 15:00:00,32.4,1002.2,63.9379440059793
2023-06-21 18:00:00,31.0,1004.4,74.7889561009917
2023-06-21 21:00:00,30.0,1003.5,71.5698382304094
2023-06-22 00:00:00,29.4,1004.3,71.03411577940795
2023-06-22 03:00:00,30.6,1005.6,71.67589990470815
2023-06-22 06:00:00,33.2,1005.3,61.12216416914973
2023-06-22 09:00:00,36.4,1003.2,48.78152494046583
2023-06-22 12:00:00,37.0,1000.9,44.441226265938326
2023-06-22 15:00:00,33.0,1002.0,63.305763001067604
2023-06-22 18:00:00,31.4,1004.0,72.24352874821913
2023-06-22 21:00:00,31.0,1002.9,62.120401740070186
2023-06-23 00:00:00,29.4,1003.0,74.97860136800087
2023-06-23 03:00:00,30.6,1005.4,69.14973459026399
2023-06-23 06:00:00,33.8,1005.0,59.45619966284473
2023-06-23 09:00:00,35.8,1002.7,50.41740747212344
2023-06-23 12:00:00,35.6,1000.9,50.97641213445036
2023-06-23 15:00:00,33.2,1001.8,60.03499793790983
2023-06-23 18:00:00,31.8,1002.7,69.78813164326573
2023-06-23 21:00:00,30.8,1002.2,64.3721697153576
2023-06-24 00:00:00,29.6,1001.6,74.118773297339
2023-06-24 03:00:00,30.0,1003.7,78.26294962837345
2023-06-24 06:00:00,32.4,1003.5,70.31283604150148
2023-06-24 09:00:00,33.4,1001.7,64.91266364161814
2023-06-24 12:00:00,31.6,1000.3,77.57315316138988
2023-06-24 15:00:00,30.0,1001.6,78.26294962837345
2023-06-24 18:00:00,29.8,1003.0,79.63860889063328
2023-06-24 21:00:00,29.0,1001.3,79.0585121873896
2023-06-25 00:00:00,28.6,1001.8,81.88293095675748
2023-06-25 03:00:00,28.4,1001.9,84.83323810049623
2023-06-25 06:00:00,31.2,1002.5,77.51519693628545
2023-06-25 09:00:00,34.8,1000.7,63.31273208033373
2023-06-25 12:00:00,32.8,1000.0,69.15187043596707
2023-06-25 15:00:00,29.4,1001.6,77.71354294293734
2023-06-25 21:00:00,27.6,1002.7,85.767643247121
2023-06-26 00:00:00,27.6,1001.5,84.24549777703992
2023-06-26 03:00:00,28.6,1003.0,84.8538871735531
2023-06-26 06:00:00,30.8,1003.7,77.00117625197225
2023-06-26 09:00:00,27.0,1003.5,96.5292760949642
2023-06-26 12:00:00,27.2,1001.4,98.25380968140279
2023-06-26 15:00:00,27.0,1002.5,96.5292760949642
2023-06-26 18:00:00,26.4,1003.7,93.69075623120435
2023-06-26 21:00:00,26.4,1002.6,90.39836619855579
2023-06-27 00:00:00,25.8,1001.8,93.10518672866101
2023-06-27 03:00:00,28.4,1003.3,84.83323810049623
2023-06-27 06:00:00,31.2,1003.8,78.89384535394599
2023-06-27 09:00:00,32.2,1001.4,72.80896276194781
2023-06-27 12:00:00,33.2,1000.5,71.70815945941659
2023-06-27 15:00:00,27.4,1002.5,88.86871874139695
2023-06-27 18:00:00,27.4,1003.7,88.86871874139695
2023-06-27 21:00:00,27.4,1003.3,90.46596324112937
2023-06-28 00:00:00,27.2,1002.1,92.07698925377626
2023-06-28 03:00:00,28.2,1003.7,90.51953760720181
2023-06-28 06:00:00,31.2,1003.7,78.89384535394599
2023-06-28 09:00:00,32.8,1001.9,76.84633730700138
2023-06-28 12:00:00,32.4,1000.8,72.8428529693439
2023-06-28 15:00:00,29.8,1003.1,83.49088910584811
2023-06-28 18:00:00,27.2,1004.5,93.72693426762005
2023-06-28 21:00:00,28.2,1003.0,88.93074165144274
2023-06-29 00:00:00,28.0,1002.3,92.12191734434786
2023-06-29 03:00:00,29.0,1003.7,89.51636332080271
2023-06-29 06:00:00,27.6,1003.7,98.25892519962696
2023-06-29 09:00:00,28.2,1001.2,98.266556555781
2023-06-29 12:00:00,27.6,1000.2,96.54439604252043
2023-06-29 18:00:00,26.0,1002.1,94.79622941585653
2023-06-29 21:00:00,26.2,1002.2,96.5089622614157
2023-06-30 00:00:00,25.6,1000.7,94.78110774663195
2023-06-30 03:00:00,26.6,1002.5,92.04304428506519
2023-06-30 06:00:00,30.6,1002.9,70.40290332892224
2023-06-30 09:00:00,33.0,1001.1,66.78088716309055
2023-06-30 12:00:00,30.4,999.4,76.94178563223718
2023-06-30 15:00:00,25.4,1002.2,100.0
2023-06-30 18:00:00,26.2,1003.1,98.24092211346162
2023-06-30 21:00:00,26.6,1001.6,98.24609415561163
2023-07-01 00:00:00,26.6,1001.6,96.51914127003087
2023-07-01 03:00:00,27.4,1003.1,96.53936698995483
2023-07-01 06:00:00,30.4,1003.8,82.58284223811447
2023-07-01 09:00:00,29.6,1002.1,88.00194722290112
2023-07-01 12:00:00,26.6,1002.6,94.8187901348208
2023-07-01 15:00:00,26.4,1003.8,96.51405730461323
2023-07-01 18:00:00,26.6,1005.3,94.8187901348208
2023-07-01 21:00:00,26.8,1003.8,96.52421418955653
2023-07-02 00:00:00,26.8,1003.5,96.52421418955653
2023-07-02 03:00:00,28.0,1005.0,92.12191734434786
2023-07-02 06:00:00,31.6,1004.5,76.21857827105511
2023-07-02 09:00:00,33.8,1002.3,68.53017385519429
2023-07-02 12:00:00,34.0,1001.2,68.56801813396841
2023-07-02 15:00:00,31.4,1002.3,78.92130681911149
2023-07-02 18:00:00,29.6,1003.2,86.46751908713752
2023-07-02 21:00:00,28.4,1002.8,90.53286192976505
2023-07-03 00:00:00,28.2,1002.8,90.51953760720181
2023-07-03 03:00:00,29.4,1003.7,87.98536152503398
2023-07-03 06:00:00,32.8,1003.2,70.38545749833996
2023-07-03 09:00:00,34.2,1001.5,67.80744627376714
2023-07-03 12:00:00,34.6,999.7,64.39740048201318
2023-07-03 15:00:00,31.6,1000.5,76.21857827105511
2023-07-03 18:00:00,30.0,1001.9,83.5130798716472
2023-07-03 21:00:00,29.4,1001.5,84.9360766224706
2023-07-04 00:00:00,28.6,1000.2,88.96156313904507
2023-07-04 03:00:00,30.6,1001.1,82.60607945629376
2023-07-04 06:00:00,34.6,1001.3,63.27041910529518
2023-07-04 09:00:00,35.0,999.5,59.02423742118093
2023-07-04 12:00:00,36.0,997.3,59.60057162936797
2023-07-04 15:00:00,32.2,997.8,71.53290094917851
2023-07-04 18:00:00,30.8,999.0,79.77185498360923
2023-07-04 21:00:00,29.8,998.5,91.15475347220371
2023-07-05 00:00:00,29.0,998.3,87.95208930052544
2023-07-05 03:00:00,30.4,999.3,82.58284223811447
2023-07-05 06:00:00,33.2,999.1,68.41626758283552
2023-07-05 09:00:00,34.6,997.1,66.70410661306867
2023-07-05 12:00:00,35.0,995.7,66.78282568606839
2023-07-05 15:00:00,32.6,997.8,74.16993343049164
2023-07-05 18:00:00,30.6,999.9,84.06979751556185
2023-07-05 21:00:00,25.0,999.8,96.47815756865955
2023-07-06 00:00:00,25.4,999.3,96.48847066905626
2023-07-06 03:00:00,26.0,1000.6,94.79622941585653
2023-07-06 06:00:00,30.6,1000.8,75.61652127297627
2023-07-06 09:00:00,32.6,999.7,67.89863459456423
2023-07-06 12:00:00,32.2,997.6,70.27643339934488
2023-07-06 15:00:00,31.0,999.5,81.21443360821415
2023-07-06 18:00:00,29.6,1000.9,88.00194722290112
2023-07-06 21:00:00,29.4,999.7,89.54556000162309
2023-07-07 00:00:00,28.6,999.8,90.54615869442738
2023-07-07 03:00:00,29.0,1000.7,87.95208930052544
2023-07-07 06:00:00,32.6,1000.8,71.60318423066752
2023-07-07 09:00:00,32.0,999.3,73.63761837389029
2023-07-07 12:00:00,31.4,997.8,77.54420157006253
2023-07-07 15:00:00,27.0,1000.8,96.5292760949642
2023-07-07 18:00:00,27.0,1001.9,96.5292760949642
2023-07-07 21:00:00,27.2,1000.4,95.40267171979633
2023-07-08 00:00:00,26.8,1000.4,93.70888380751718
2023-07-08 03:00:00,27.6,1001.0,96.54439604252043
2023-07-08 06:00:00,30.4,1000.9,85.53649748682237
2023-07-08 09:00:00,31.8,999.7,84.19770428043
2023-07-08 12:00:00,29.6,999.3,88.00194722290112
2023-07-08 15:00:00,28.4,1000.3,92.14424033203443
2023-07-08 18:00:00,28.0,1001.6,95.42918067606378
2023-07-08 21:00:00,27.4,1000.6,96.53936698995483
2023-07-09 00:00:00,27.4,1000.2,96.53936698995483
2023-07-09 03:00:00,26.8,1002.1,98.24867165262664
2023-07-09 06:00:00,29.4,1002.2,92.19964051006788
2023-07-09 09:00:00,30.0,1001.2,83.5130798716472
2023-07-09 12:00:00,30.2,1000.7,84.02682856635852
2023-07-09 15:00:00,27.6,1002.1,90.47939854432097
2023-07-09 18:00:00,27.6,1002.7,93.74490804295253
2023-07-09 21:00:00,27.2,1001.9,95.40267171979633
2023-07-10 00:00:00,27.2,1001.9,95.40267171979633
2023-07-10 03:00:00,27.6,1003.0,95.41595470562915
2023-07-10 06:00:00,29.6,1003.6,82.00361602371757
2023-07-10 09:00:00,29.6,1002.9,88.00194722290112
2023-07-10 12:00:00,31.0,1002.2,79.79835457938422
2023-07-10 15:00:00,29.2,1003.7,90.58588438387352
2023-07-10 18:00:00,28.6,1004.6,90.54615869442738
2023-07-10 21:00:00,28.4,1003.5,93.78062725022617
2023-07-11 00:00:00,28.4,1003.9,93.78062725022617
2023-07-11 03:00:00,28.4,1004.8,88.94616815571688
2023-07-11 06:00:00,31.4,1005.3,72.24352874821913
2023-07-11 09:00:00,33.0,1003.1,64.44613125580591
2023-07-11 12:00:00,33.6,1001.3,63.81035576931347
2023-07-11 15:00:00,31.6,1002.7,77.57315316138988
2023-07-11 18:00:00,29.0,1004.1,84.89506306062921
2023-07-11 21:00:00,28.6,1002.7,87.91868204829599
2023-07-12 00:00:00,28.6,1002.1,87.91868204829599
2023-07-12 03:00:00,29.0,1003.6,86.41175942849821
2023-07-12 06:00:00,31.8,1004.0,72.31259150236149
2023-07-12 09:00:00,31.6,1002.3,74.88472135092377
2023-07-12 12:00:00,31.4,1001.0,78.92130681911149
2023-07-12 15:00:00,30.2,1002.3,81.1147334710309
2023-07-12 18:00:00,29.2,1004.5,81.95548127118022
2023-07-12 21:00:00,28.2,1002.3,92.13309053912468
2023-07-13 00:00:00,28.0,1001.6,90.50618565208272
2023-07-13 03:00:00,29.0,1003.4,87.95208930052544
2023-07-13 06:00:00,33.0,1003.4,69.1892678326449
2023-07-13 09:00:00,34.6,1002.1,61.06806519838046
2023-07-13 12:00:00,34.4,1000.6,62.11744798829246
2023-07-13 15:00:00,31.2,1002.4,77.51519693628545
2023-07-13 18:00:00,29.2,1003.9,83.42405706602797
2023-07-13 21:00:00,28.8,1002.9,87.93540259721783
2023-07-14 00:00:00,28.4,1002.8,84.83323810049623
2023-07-14 03:00:00,29.6,1004.0,83.46865512129703
2023-07-14 06:00:00,32.0,1005.0,72.34703340707203
2023-07-14 09:00:00,34.0,1003.5,63.89432970526357
2023-07-14 12:00:00,33.6,1002.1,63.81035576931347
2023-07-14 15:00:00,30.0,1003.9,78.26294962837345
2023-07-14 18:00:00,29.0,1005.3,84.89506306062921
2023-07-14 21:00:00,28.6,1004.7,87.91868204829599
2023-07-15 00:00:00,28.4,1003.7,88.94616815571688
2023-07-15 03:00:00,29.4,1004.9,81.97957178446406
2023-07-15 06:00:00,32.4,1005.4,66.6618617053601
2023-07-15 09:00:00,34.0,1003.0,61.663754542437346
2023-07-15 12:00:00,33.4,1001.4,70.9081702429426
2023-07-15 15:00:00,29.4,1003.4,83.4463778105949
2023-07-15 18:00:00,28.6,1004.3,88.96156313904507
2023-07-15 21:00:00,28.6,1003.1,76.21281246926864
2023-07-16 00:00:00,28.2,1003.3,84.81254813644145
2023-07-16 03:00:00,28.6,1004.3,83.35683314726084
2023-07-16 06:00:00,32.6,1004.4,63.22051607138405
2023-07-16 09:00:00,34.8,1002.3,60.037107384184395
2023-07-16 12:00:00,34.4,1000.6,65.50141485922862
2023-07-16 15:00:00,30.8,1002.5,77.00117625197225
2023-07-16 18:00:00,29.0,1004.0,87.95208930052544
2023-07-16 21:00:00,28.0,1002.7,88.91528354225218
2023-07-17 00:00:00,28.0,1002.3,88.91528354225218
2023-07-17 03:00:00,29.2,1003.4,83.42405706602797
2023-07-17 06:00:00,33.0,1003.2,63.305763001067604
2023-07-17 09:00:00,34.2,1001.6,66.62513546519824
2023-07-17 12:00:00,34.4,999.4,65.50141485922862
2023-07-17 15:00:00,30.8,1001.6,77.00117625197225
2023-07-17 18:00:00,29.6,1002.2,83.46865512129703
2023-07-17 21:00:00,29.2,1000.9,86.43038313933076
2023-07-18 00:00:00,29.0,1000.8,86.41175942849821
2023-07-18 03:00:00,30.0,1001.8,84.99729439748566
2023-07-18 06:00:00,32.6,1002.2,72.87668440277191
2023-07-18 09:00:00,32.8,1000.0,67.93722542562669
2023-07-18 12:00:00,31.8,998.5,73.60449518826249
2023-07-18 15:00:00,29.4,1001.0,91.12987608237039
2023-07-18 18:00:00,28.2,1001.3,93.77172585847173
2023-07-18 21:00:00,28.6,1000.6,93.78950978997815
2023-07-19 00:00:00,29.0,999.1,93.80721852350113
2023-07-19 03:00:00,29.2,999.9,90.58588438387352
2023-07-19 06:00:00,31.4,999.8,78.92130681911149
2023-07-19 09:00:00,28.6,999.0,92.1553667873356
2023-07-19 12:00:00,29.2,997.1,93.81604482183465
2023-07-19 15:00:00,29.0,999.0,95.46199827430759
2023-07-19 18:00:00,29.2,999.0,92.18860676693177
2023-07-19 21:00:00,28.4,998.7,92.14424033203443
2023-07-20 00:00:00,26.4,997.9,96.51405730461323
2023-07-20 03:00:00,29.0,999.3,93.80721852350113
2023-07-20 06:00:00,32.0,999.4,80.39702320863196
2023-07-20 09:00:00,34.6,997.7,73.21179286198264
2023-07-20 12:00:00,32.6,997.3,77.71711967076688
2023-07-20 15:00:00,29.0,999.5,84.89506306062921
2023-07-20 18:00:00,28.8,1000.5,86.39309843177878
2023-07-20 21:00:00,28.4,1000.2,90.53286192976505
2023-07-21 00:00:00,28.0,1000.4,92.12191734434786
2023-07-21 03:00:00,28.6,1001.8,90.54615869442738
2023-07-21 06:00:00,29.6,1001.9,88.00194722290112
2023-07-21 09:00:00,31.2,1001.9,81.23924051845427
2023-07-21 12:00:00,33.4,999.5,67.25543915862544
2023-07-21 15:00:00,30.8,1001.5,79.77185498360923
2023-07-21 18:00:00,29.2,1003.1,84.91559008084812
2023-07-21 21:00:00,28.8,1002.2,87.93540259721783
2023-07-22 00:00:00,28.6,1001.1,90.54615869442738
2023-07-22 03:00:00,29.0,1001.9,92.17754994106518
2023-07-22 06:00:00,31.4,1002.4,80.31973345807687
2023-07-22 09:00:00,33.0,1000.4,72.94417143512577
2023-07-22 12:00:00,33.8,998.5,70.9793781952042
2023-07-22 15:00:00,26.0,1001.9,98.23832753499846
2023-07-22 18:00:00,26.0,1002.1,100.0
2023-07-22 21:00:00,26.4,1000.4,96.51405730461323
2023-07-23 00:00:00,26.2,999.5,98.24092211346162
2023-07-23 03:00:00,27.0,1000.9,98.25124348905271
2023-07-23 06:00:00,33.4,1000.9,62.269883795368706
2023-07-23 09:00:00,31.6,999.3,76.21857827105511
2023-07-23 12:00:00,31.2,998.2,79.82480457377302
2023-07-23 15:00:00,29.0,999.3,87.95208930052544
2023-07-23 18:00:00,28.2,1000.6,90.51953760720181
2023-07-23 21:00:00,27.6,999.5,95.41595470562915
2023-07-24 00:00:00,27.0,999.4,95.39600874452509
2023-07-24 03:00:00,28.0,1001.0,92.12191734434786
2023-07-24 06:00:00,31.2,1001.4,79.82480457377302
2023-07-24 09:00:00,34.4,999.7,65.50141485922862
2023-07-24 12:00:00,30.2,998.8,79.69205742002245
2023-07-24 15:00:00,28.6,1000.6,90.54615869442738
2023-07-24 18:00:00,28.4,1002.4,92.14424033203443
2023-07-24 21:00:00,27.4,1001.7,92.08825670296545
2023-07-25 00:00:00,27.4,1001.4,92.08825670296545
2023-07-25 03:00:00,28.4,1002.9,88.94616815571688
2023-07-25 06:00:00,31.4,1004.3,74.85285642920122
2023-07-25 09:00:00,33.0,1002.4,69.1892678326449
2023-07-25 12:00:00,33.6,1000.8,66.11508991681715
2023-07-25 15:00:00,29.0,1003.1,84.89506306062921
2023-07-25 18:00:00,28.6,1004.9,87.91868204829599
2023-07-25 21:00:00,27.6,1003.7,92.09950049107172
2023-07-26 00:00:00,27.8,1003.4,90.49280598950578
2023-07-26 03:00:00,28.4,1005.5,84.83323810049623
2023-07-26 06:00:00,31.2,1005.8,77.51519693628545
2023-07-26 09:00:00,33.4,1003.5,61.166394066179166
2023-07-26 12:00:00,33.6,1001.9,61.576188549831414
2023-07-26 15:00:00,31.0,1003.5,78.40390010984709
2023-07-26 18:00:00,29.4,1004.7,84.9360766224706
2023-07-26 21:00:00,27.4,1004.0,92.08825670296545
2023-07-27 00:00:00,27.6,1003.7,93.74490804295253
2023-07-27 03:00:00,29.0,1004.9,84.89506306062921
2023-07-27 06:00:00,30.6,1005.0,76.97150804274018
2023-07-27 09:00:00,32.6,1002.9,66.70160074556692
2023-07-27 12:00:00,31.8,1001.9,71.04055669606059
2023-07-27 15:00:00,30.6,1003.3,78.34767637456054
2023-07-27 18:00:00,29.4,1004.5,83.4463778105949
2023-07-27 21:00:00,28.6,1002.9,83.35683314726084
2023-07-28 00:00:00,28.4,1002.6,81.85865421535438
2023-07-28 03:00:00,28.8,1004.1,83.37928484286573
2023-07-28 06:00:00,30.6,1005.0,75.61652127297627
2023-07-28 09:00:00,31.2,1002.8,70.93306375697343
2023-07-28 12:00:00,30.8,1002.2,71.71113203855039
2023-07-28 15:00:00,29.0,1003.6,77.65543578652992
2023-07-28 18:00:00,28.6,1004.7,76.21281246926864
2023-07-28 21:00:00,27.6,1003.7,79.81995065848324
2023-07-29 00:00:00,27.2,1003.4,84.20248990010974
2023-07-29 03:00:00,27.8,1004.9,85.78717977072007
2023-07-29 06:00:00,28.6,1005.3,84.8538871735531
2023-07-29 09:00:00,32.0,1003.4,72.34703340707203
2023-07-29 12:00:00,31.2,1001.9,78.89384535394599
2023-07-29 15:00:00,29.0,1003.1,80.48371679996085
2023-07-29 18:00:00,28.4,1004.8,81.85865421535438
2023-07-29 21:00:00,27.4,1003.7,88.86871874139695
2023-07-30 00:00:00,27.4,1003.1,85.74806761675889
2023-07-30 03:00:00,27.6,1004.6,90.47939854432097
2023-07-30 06:00:00,31.0,1004.2,74.7889561009917
2023-07-30 09:00:00,28.4,1003.2,88.94616815571688
2023-07-30 12:00:00,29.4,1001.3,87.98536152503398
2023-07-30 15:00:00,28.4,1002.1,84.83323810049623
2023-07-30 18:00:00,28.0,1003.5,87.34888747491027
2023-07-30 21:00:00,27.4,1002.3,92.08825670296545
2023-07-31 00:00:00,27.0,1002.4,92.06569807815053
2023-07-31 03:00:00,27.6,1003.7,90.47939854432097
2023-07-31 06:00:00,28.4,1004.1,87.90192756472376
2023-07-31 09:00:00,30.6,1003.0,75.61652127297627
2023-07-31 12:00:00,30.4,1001.2,75.58532357148971
2023-07-31 15:00:00,29.0,1002.1,87.95208930052544
2023-07-31 18:00:00,27.4,1003.4,90.46596324112937
2023-07-31 21:00:00,27.4,1002.4,88.86871874139695
2023-08-01 00:00:00,27.2,1002.3,88.85313336738866
2023-08-01 03:00:00,27.6,1003.0,87.31379479213656
2023-08-01 06:00:00,27.6,1004.0,92.09950049107172
2023-08-01 09:00:00,28.4,1002.8,92.14424033203443
2023-08-01 12:00:00,29.2,1001.2,87.96874224697314
2023-08-01 15:00:00,28.8,1002.2,86.39309843177878
2023-08-01 18:00:00,28.0,1003.2,85.80667728802291
2023-08-01 21:00:00,27.2,1002.7,88.85313336738866
2023-08-02 00:00:00,27.0,1002.9,88.83751596451742
2023-08-02 03:00:00,27.4,1004.2,92.08825670296545
2023-08-02 06:00:00,30.4,1004.4,75.58532357148971
2023-08-02 09:00:00,30.4,1003.1,75.58532357148971
2023-08-02 12:00:00,30.6,1001.9,74.28243957799879
2023-08-02 15:00:00,28.6,1002.5,86.8865042894889
2023-08-02 18:00:00,28.2,1003.3,81.83433063230953
2023-08-02 21:00:00,27.6,1002.3,87.31379479213656
2023-08-03 00:00:00,27.2,1002.3,88.85313336738866
2023-08-03 03:00:00,27.6,1003.1,90.47939854432097
2023-08-03 06:00:00,30.0,1003.2,75.5227593496699
2023-08-03 09:00:00,31.4,1002.1,72.24352874821913
2023-08-03 12:00:00,31.2,1001.5,73.50477620307173
2023-08-03 15:00:00,29.4,1002.2,84.9360766224706
2023-08-03 18:00:00,29.0,1003.2,79.0585121873896
2023-08-03 21:00:00,28.0,1002.5,81.80996009312997
2023-08-04 00:00:00,27.6,1002.7,87.31379479213656
2023-08-04 03:00:00,28.6,1003.8,83.35683314726084
2023-08-04 06:00:00,29.4,1004.5,77.71354294293734
2023-08-04 09:00:00,31.6,1003.7,75.77167062049868
2023-08-04 12:00:00,31.4,1002.8,73.53807422593974
2023-08-04 15:00:00,29.8,1003.7,86.99424303869743
2023-08-04 18:00:00,28.5,1004.8,90.00824282803232
2023-08-04 21:00:00,27.5,1004.4,93.18873856959785
2023-08-05 00:00:00,27.0,1004.9,92.06569807815053
2023-08-05 03:00:00,28.4,1006.6,86.35566419509173
2023-08-05 06:00:00,29.8,1006.9,76.85229197010862
2023-08-05 09:00:00,32.2,1005.7,71.53290094917851
2023-08-05 12:00:00,32.2,1004.2,69.03930501374236
2023-08-05 15:00:00,30.0,1005.4,82.53623329490637
2023-08-05 18:00:00,29.4,1005.8,76.33535606218936
2023-08-05 21:00:00,28.0,1005.0,83.28921441559984
2023-08-06 00:00:00,27.2,1005.4,88.85313336738866
2023-08-06 03:00:00,28.6,1006.2,75.30199890657835
2023-08-06 06:00:00,30.6,1006.0,74.28243957799879
2023-08-06 09:00:00,32.2,1004.3,66.22646690114202
2023-08-06 12:00:00,33.0,1002.2,61.07786865205016
2023-08-06 15:00:00,31.0,1003.4,63.258166707380134
2023-08-06 18:00:00,29.4,1004.2,73.6429959001216
2023-08-06 21:00:00,28.4,1003.0,78.97572139747378
2023-08-07 00:00:00,27.8,1003.0,82.77031896665545
2023-08-07 03:00:00,28.0,1003.6,81.80996009312997
2023-08-07 06:00:00,30.2,1004.3,74.2171474546091
2023-08-07 09:00:00,29.2,1002.7,76.30480387190515
2023-08-07 12:00:00,32.0,1001.5,62.71443976755974
2023-08-07 18:00:00,28.8,1003.7,73.54252536250394
2023-08-07 21:00:00,28.0,1002.5,80.3537462205201
2023-08-08 00:00:00,27.4,1002.3,84.22401507730588
2023-08-08 03:00:00,28.0,1003.8,84.79181717750924
2023-08-08 06:00:00,32.0,1004.0,66.1862478230639
2023-08-08 09:00:00,32.6,1003.2,64.36278271700262
2023-08-08 12:00:00,32.0,1002.9,61.59314569456349
2023-08-08 15:00:00,30.6,1004.2,67.91613145039247
2023-08-08 18:00:00,29.8,1005.2,69.83477481244167
2023-08-08 21:00:00,28.4,1004.7,77.56787120852722
2023-08-09 00:00:00,28.0,1005.3,84.79181717750924
2023-08-09 03:00:00,28.4,1007.2,81.85865421535438
2023-08-09 06:00:00,30.4,1007.8,71.64060697493404
2023-08-09 09:00:00,31.6,1006.3,68.51690400466761
2023-08-09 12:00:00,31.2,1005.8,64.45604167734498
2023-08-09 15:00:00,30.0,1006.6,71.5698382304094
2023-08-09 18:00:00,29.0,1006.3,73.57607488115697
2023-08-09 21:00:00,27.6,1006.4,82.7470419948832
2023-08-10 00:00:00,27.2,1006.5,84.20248990010974
2023-08-10 03:00:00,28.2,1007.9,83.31179804309043
2023-08-10 06:00:00,29.0,1008.6,83.40169277956687
2023-08-10 09:00:00,29.0,1007.4,80.48371679996085
2023-08-10 15:00:00,29.4,1006.9,80.53536024141098
2023-08-10 18:00:00,28.4,1008.0,77.56787120852722
2023-08-10 21:00:00,27.2,1007.4,79.76628914637874
2023-08-11 00:00:00,26.8,1007.2,85.68910507577876
2023-08-11 03:00:00,27.4,1008.2,84.22401507730588
2023-08-11 06:00:00,30.0,1008.4,72.866865390855
2023-08-11 09:00:00,30.8,1007.1,81.1895795616241
2023-08-11 12:00:00,32.0,1006.0,66.1862478230639
2023-08-11 15:00:00,29.0,1006.5,84.89506306062921
2023-08-11 18:00:00,27.6,1007.3,82.7470419948832
2023-08-11 21:00:00,26.6,1006.4,87.22543835052973
2023-08-12 00:00:00,26.6,1006.8,83.12988531629443
2023-08-12 03:00:00,27.8,1007.8,81.29701074620921
2023-08-12 06:00:00,30.8,1007.8,69.18743090524858
2023-08-12 09:00:00,30.6,1005.9,72.96898936310727
2023-08-12 12:00:00,30.6,1004.3,75.61652127297627
2023-08-12 15:00:00,29.4,1005.3,69.76029011528094
2023-08-12 18:00:00,28.0,1005.8,77.50922415182016
2023-08-12 21:00:00,27.0,1004.2,81.19652945190819
2023-08-13 00:00:00,27.0,1004.1,84.18092213796281
2023-08-13 03:00:00,27.6,1005.0,82.7470419948832
2023-08-13 06:00:00,30.6,1005.2,70.40290332892224
2023-08-13 09:00:00,31.0,1003.5,72.1742265807024
2023-08-13 12:00:00,32.2,1002.5,67.82126335429727
2023-08-13 15:00:00,30.2,1003.8,71.60525312499601
2023-08-13 18:00:00,29.0,1004.5,73.57607488115697
2023-08-13 21:00:00,27.6,1003.6,79.81995065848324
2023-08-14 00:00:00,27.2,1003.8,82.70035172790627
2023-08-14 03:00:00,28.0,1005.7,83.28921441559984
2023-08-14 06:00:00,29.6,1006.2,76.82235153000387
2023-08-14 09:00:00,32.4,1004.8,70.31283604150148
2023-08-14 12:00:00,32.0,1003.9,68.5931528079531
2023-08-14 15:00:00,29.4,1005.0,81.97957178446406
2023-08-14 18:00:00,28.8,1006.0,72.2237174181299
2023-08-14 21:00:00,27.8,1005.4,81.29701074620921
2023-08-15 00:00:00,26.8,1005.6,85.68910507577876
2023-08-15 03:00:00,28.6,1006.9,83.35683314726084
2023-08-15 06:00:00,32.2,1007.2,69.03930501374236
2023-08-15 09:00:00,33.4,1005.8,67.25543915862544
2023-08-15 12:00:00,33.2,1004.9,60.03499793790983
2023-08-15 15:00:00,30.8,1005.9,69.18743090524858
2023-08-15 18:00:00,29.6,1006.7,81.03945906223336
2023-08-15 21:00:00,28.6,1006.3,79.00337009946395
2023-08-16 00:00:00,27.6,1006.8,82.7470419948832
2023-08-16 03:00:00,28.4,1008.2,81.85865421535438
2023-08-16 06:00:00,31.4,1008.8,66.06520314217083
2023-08-16 09:00:00,34.4,1006.6,56.47758336128222
2023-08-16 12:00:00,32.2,1005.6,61.63719881412483
2023-08-16 15:00:00,30.8,1006.5,69.18743090524858
2023-08-16 18:00:00,29.6,1007.4,71.07014207384191
2023-08-16 21:00:00,28.0,1006.8,77.50922415182016
2023-08-17 00:00:00,27.0,1006.9,84.18092213796281
2023-08-17 03:00:00,28.4,1008.4,77.56787120852722
2023-08-17 06:00:00,30.4,1008.5,70.36635155961307
2023-08-17 09:00:00,31.4,1007.1,64.49787905022467
2023-08-17 12:00:00,31.6,1005.6,64.9280664556721
2023-08-17 15:00:00,29.7,1006.5,70.23793006781092
2023-08-17 18:00:00,28.8,1007.7,70.92566455258084
2023-08-17 21:00:00,27.4,1006.4,81.24686676192346
2023-08-18 00:00:00,26.2,1006.2,85.62978692730046
2023-08-18 03:00:00,27.6,1007.3,81.27196286112057
2023-08-18 06:00:00,31.2,1007.2,62.164195185628046
2023-08-18 09:00:00,33.0,1005.2,52.19700204876771
2023-08-18 12:00:00,33.4,1003.9,49.19896559376817
2023-08-18 15:00:00,30.8,1004.9,59.48920941788979
2023-08-18 18:00:00,28.8,1006.0,69.22673360721909
2023-08-18 21:00:00,27.6,1004.9,76.98390463811192
2023-08-19 00:00:00,27.0,1005.1,79.73938187381316
2023-08-19 03:00:00,28.0,1005.9,74.30236303611937
2023-08-19 06:00:00,31.4,1005.8,59.989475281496674
2023-08-19 09:00:00,32.0,1004.4,56.93448027880228
2023-08-19 12:00:00,32.0,1003.2,56.93448027880228
2023-08-19 15:00:00,30.4,1004.1,65.07093044891502
2023-08-19 18:00:00,29.4,1005.1,71.03411577940795
2023-08-19 21:00:00,28.4,1003.6,74.81792523943739
2023-08-20 00:00:00,27.2,1004.0,78.33374294989056
2023-08-20 03:00:00,27.0,1005.8,76.8936310454662
2023-08-20 06:00:00,26.8,1006.4,85.68910507577876
2023-08-20 09:00:00,28.4,1005.2,81.85865421535438
2023-08-20 12:00:00,28.0,1004.2,81.80996009312997
2023-08-20 15:00:00,26.4,1004.9,88.79047072518293
2023-08-20 18:00:00,26.4,1005.6,84.11596226208941
2023-08-20 21:00:00,26.2,1004.3,85.62978692730046
2023-08-21 00:00:00,26.0,1004.1,85.60993471040011
2023-08-21 03:00:00,26.0,1006.3,88.7589455109383
2023-08-21 06:00:00,29.0,1006.2,77.65543578652992
2023-08-21 09:00:00,31.8,1004.6,67.34108781459214
2023-08-21 12:00:00,30.0,1004.2,74.18441432342445
2023-08-21 15:00:00,29.0,1004.9,80.48371679996085
2023-08-21 18:00:00,28.8,1005.7,79.03096698905824
2023-08-21 21:00:00,27.4,1004.5,81.24686676192346
2023-08-22 00:00:00,27.0,1004.6,85.7087986323302
2023-08-22 03:00:00,27.4,1005.8,81.24686676192346
2023-08-22 06:00:00,31.0,1005.6,67.99377352527183
2023-08-22 09:00:00,31.2,1004.8,68.4404025650585
2023-08-22 12:00:00,31.2,1003.7,66.82152314124305
2023-08-22 15:00:00,30.0,1004.8,71.5698382304094
2023-08-22 18:00:00,29.4,1005.6,69.76029011528094
2023-08-22 21:00:00,28.0,1004.7,74.30236303611937
2023-08-23 00:00:00,27.0,1004.6,82.67693820709039
2023-08-23 03:00:00,28.0,1005.5,80.3537462205201
2023-08-23 06:00:00,31.6,1005.3,66.1056160585513
2023-08-23 09:00:00,33.4,1003.6,53.583679198134604
2023-08-23 12:00:00,33.2,1002.4,56.53234399526844
2023-08-23 15:00:00,30.0,1003.4,81.08968974474207
2023-08-23 18:00:00,29.0,1004.1,74.91450415439337
2023-08-23 21:00:00,27.8,1003.0,78.41909711972701
2023-08-24 00:00:00,27.4,1003.3,82.72371961951407
2023-08-24 03:00:00,28.0,1003.9,84.79181717750924
2023-08-24 06:00:00,31.6,1003.9,64.9280664556721
2023-08-24 09:00:00,34.2,1002.0,57.45282698261636
2023-08-24 12:00:00,34.4,1001.0,54.154564287934356
2023-08-24 15:00:00,31.4,1001.9,66.06520314217083
2023-08-24 18:00:00,29.2,1003.2,76.30480387190515
2023-08-24 21:00:00,27.8,1002.0,78.41909711972701
2023-08-25 00:00:00,27.4,1002.0,81.24686676192346
2023-08-25 03:00:00,28.2,1003.8,83.31179804309043
2023-08-25 06:00:00,32.0,1004.0,62.71443976755974
2023-08-25 09:00:00,35.0,1002.3,55.948293602131415
2023-08-25 12:00:00,35.2,1001.7,50.87551178411221
2023-08-25 15:00:00,31.0,1003.1,76.1271052167908
2023-08-25 18:00:00,29.4,1004.7,71.03411577940795
2023-08-25 21:00:00,28.0,1004.1,77.50922415182016
2023-08-26 00:00:00,27.4,1004.1,81.24686676192346
2023-08-26 03:00:00,28.4,1005.4,81.85865421535438
2023-08-26 06:00:00,33.8,1005.8,57.01603340699637
2023-08-26 09:00:00,34.6,1004.0,55.51953672301835
2023-08-26 12:00:00,34.6,1003.1,51.341412942219854
2023-08-26 15:00:00,30.6,1005.1,70.40290332892224
2023-08-26 18:00:00,28.6,1006.3,77.59711341151534
2023-08-26 21:00:00,27.8,1005.8,79.84670514036797
2023-08-27 00:00:00,26.8,1006.0,82.65347894376836
2023-08-27 03:00:00,28.0,1007.4,80.3537462205201
2023-08-27 06:00:00,31.2,1007.6,66.82152314124305
2023-08-27 09:00:00,33.6,1005.5,52.66619140083634
2023-08-27 12:00:00,33.2,1004.3,51.299708268572545
2023-08-27 15:00:00,30.4,1005.4,72.93500760473812
2023-08-27 18:00:00,29.0,1006.3,66.78535949708609
2023-08-28 00:00:00,26.6,1005.4,81.14599787426259
2023-08-28 03:00:00,27.4,1007.4,81.24686676192346
2023-08-28 06:00:00,31.4,1007.5,61.08987992237482
2023-08-28 09:00:00,34.4,1004.9,52.23042332735089
2023-08-28 12:00:00,34.0,1003.5,54.05676031075814
2023-08-28 15:00:00,31.0,1004.8,72.1742265807024
2023-08-28 18:00:00,29.6,1005.7,71.07014207384191
2023-08-28 21:00:00,27.6,1005.3,75.59926777139484
2023-08-29 00:00:00,26.4,1005.8,84.11596226208941
2023-08-29 03:00:00,28.4,1007.5,78.97572139747378
2023-08-29 06:00:00,32.2,1007.6,61.63719881412483
2023-08-29 09:00:00,34.8,1006.1,51.3917601011513
2023-08-29 12:00:00,34.6,1004.9,48.317466168278045
2023-08-29 15:00:00,30.6,1006.6,67.91613145039247
2023-08-29 18:00:00,29.4,1007.5,76.33535606218936
2023-08-29 21:00:00,29.0,1006.9,72.25862568930161
2023-08-30 00:00:00,27.6,1007.9,84.24549777703992
2023-08-30 03:00:00,28.0,1009.4,80.3537462205201
2023-08-30 06:00:00,31.8,1009.8,61.17889403213977
2023-08-30 09:00:00,34.8,1007.9,47.49343066312642
2023-08-30 12:00:00,34.0,1006.6,50.879846925795135
2023-08-30 15:00:00,30.4,1007.2,65.07093044891502
2023-08-30 18:00:00,29.4,1008.2,71.03411577940795
2023-08-30 21:00:00,28.6,1007.4,80.43187680667027
2023-08-31 00:00:00,27.4,1008.0,74.20346731676847
2023-08-31 03:00:00,28.6,1009.5,76.21281246926864
2023-08-31 06:00:00,33.4,1009.4,55.56523594731952
2023-08-31 09:00:00,35.0,1007.8,49.610234682009505
2023-08-31 12:00:00,35.5,1006.7,43.77430840294173
2023-08-31 15:00:00,31.0,1007.5,65.58856385714532
2023-08-31 18:00:00,29.6,1008.2,74.118773297339
2023-08-31 21:00:00,28.6,1007.8,76.21281246926864
2023-09-01 00:00:00,27.4,1008.0,78.36224761821416
2023-09-01 03:00:00,28.2,1009.6,74.33521026919057
2023-09-01 06:00:00,33.2,1010.2,56.53234399526844
2023-09-01 09:00:00,36.0,1007.4,46.37973350596264
2023-09-01 12:00:00,35.6,1006.5,46.274902906140255
2023-09-01 15:00:00,32.0,1006.9,60.12540926930006
2023-09-01 18:00:00,30.6,1007.5,71.67589990470815
2023-09-01 21:00:00,29.4,1007.2,74.97860136800087
2023-09-02 00:00:00,28.0,1007.7,72.96396353006286
2023-09-02 03:00:00,29.2,1009.2,70.99802751141195
2023-09-02 06:00:00,33.2,1009.1,53.209940667924414
2023-09-02 09:00:00,35.0,1007.1,46.68397984064333
2023-09-02 12:00:00,36.0,1005.3,47.51709753362507
2023-09-02 15:00:00,32.0,1006.4,60.12540926930006
2023-09-02 18:00:00,31.0,1007.3,66.78169156880611
2023-09-02 21:00:00,30.4,1006.5,65.07093044891502
2023-09-03 00:00:00,27.6,1006.6,72.89528290675949
2023-09-03 03:00:00,29.2,1007.9,66.82547661101904
2023-09-03 06:00:00,32.4,1008.1,53.6629865677201
2023-09-03 09:00:00,35.2,1005.7,47.887740242840856
2023-09-03 12:00:00,34.2,1004.4,50.01039226884028
2023-09-03 15:00:00,31.6,1005.4,61.134420163955696
2023-09-03 18:00:00,30.4,1006.3,70.36635155961307
2023-09-03 21:00:00,28.6,1005.2,65.09275319702243
2023-09-04 00:00:00,27.2,1005.6,76.92377783448977
2023-09-04 03:00:00,28.4,1006.8,70.42408506037569
2023-09-04 06:00:00,32.2,1007.3,55.9524546962478
2023-09-04 09:00:00,35.2,1004.6,42.89533362416903
2023-09-04 12:00:00,35.4,1003.1,40.12867222168475
2023-09-04 15:00:00,30.6,1004.2,56.94918492640599
2023-09-04 18:00:00,29.6,1005.1,72.36298568854065
2023-09-04 21:00:00,28.4,1004.8,66.25795810970587
2023-09-05 00:00:00,27.0,1005.5,79.73938187381316
2023-09-05 03:00:00,28.0,1006.9,77.50922415182016
2023-09-05 06:00:00,32.4,1006.6,54.988018967303006
2023-09-05 09:00:00,35.6,1004.3,44.34047462772587
2023-09-05 12:00:00,35.4,1002.2,42.948937628723854
2023-09-05 15:00:00,32.4,1003.5,52.68765751422521
2023-09-05 18:00:00,30.4,1004.8,59.034988113686474
2023-09-05 21:00:00,29.2,1003.7,65.61635596786235
2023-09-06 00:00:00,28.4,1003.7,77.56787120852722
2023-09-06 03:00:00,30.0,1005.8,75.5227593496699
2023-09-06 06:00:00,34.0,1005.8,59.50158303199722
2023-09-06 09:00:00,36.4,1002.8,47.908694402066544
2023-09-06 12:00:00,36.6,1001.1,44.3354276416529
2023-09-06 15:00:00,33.8,1002.5,52.715998685959256
2023-09-06 18:00:00,30.6,1004.1,72.96898936310727
2023-09-06 21:00:00,27.0,1003.7,87.26088849314073
2023-09-07 00:00:00,27.4,1003.4,88.86871874139695
2023-09-07 03:00:00,30.0,1004.6,78.26294962837345
2023-09-07 06:00:00,32.6,1004.7,65.52306428907129
2023-09-07 09:00:00,35.4,1001.8,55.05099865764974
2023-09-07 12:00:00,31.6,1000.9,64.9280664556721
2023-09-07 15:00:00,30.4,1003.5,70.36635155961307
2023-09-07 18:00:00,29.0,1004.5,81.9313443709877
2023-09-07 21:00:00,28.6,1003.0,84.8538871735531
2023-09-08 00:00:00,27.2,1003.3,87.27855968744687
2023-09-08 03:00:00,28.4,1004.7,83.33433758376981
2023-09-08 06:00:00,32.0,1004.7,71.07626571001893
2023-09-08 09:00:00,34.4,1002.3,59.59215392807818
2023-09-08 12:00:00,29.0,1002.4,76.27419595958764
2023-09-08 15:00:00,26.4,1003.1,93.69075623120435
2023-09-08 18:00:00,26.2,1004.8,93.68166338882529
2023-09-08 21:00:00,26.0,1002.7,92.00888400052642
2023-09-09 00:00:00,25.8,1004.0,100.0
2023-09-09 03:00:00,26.0,1005.0,98.23832753499846
2023-09-09 06:00:00,30.0,1004.9,74.18441432342445
2023-09-09 09:00:00,32.6,1002.4,65.52306428907129
2023-09-09 12:00:00,33.6,1001.5,61.576188549831414
2023-09-09 15:00:00,31.2,1002.3,74.82093472023674
2023-09-09 18:00:00,29.6,1003.2,75.45996920875774
2023-09-09 21:00:00,27.4,1002.4,84.22401507730588
2023-09-10 00:00:00,27.4,1002.8,84.22401507730588
2023-09-10 03:00:00,28.4,1004.5,80.40588280898815
2023-09-10 06:00:00,30.6,1004.9,67.91613145039247
2023-09-10 09:00:00,33.4,1002.8,61.166394066179166
2023-09-10 12:00:00,33.2,1001.9,62.22651784699078
2023-09-10 15:00:00,30.8,1002.8,65.54760808729463
2023-09-10 18:00:00,29.0,1004.2,77.65543578652992
2023-09-10 21:00:00,28.0,1003.7,80.3537462205201
2023-09-11 00:00:00,27.4,1003.7,85.74806761675889
2023-09-11 03:00:00,28.2,1006.0,81.83433063230953
2023-09-11 06:00:00,30.8,1005.7,67.95498445600064
2023-09-11 09:00:00,34.0,1003.7,56.04514311511978
2023-09-11 12:00:00,34.0,1002.4,56.04514311511978
2023-09-11 15:00:00,31.2,1003.8,61.04527320720593
2023-09-11 18:00:00,29.6,1005.2,69.7975639784289
2023-09-11 21:00:00,27.6,1004.2,79.81995065848324
2023-09-12 00:00:00,26.8,1004.8,85.68910507577876
2023-09-12 03:00:00,27.6,1006.5,82.7470419948832
2023-09-12 06:00:00,31.0,1006.8,65.58856385714532
2023-09-12 09:00:00,34.0,1004.7,55.04309180081118
2023-09-12 12:00:00,33.6,1003.2,58.00441896805416
2023-09-12 15:00:00,30.2,1004.8,72.90096632227306
2023-09-12 18:00:00,29.4,1005.5,81.97957178446406
2023-09-12 21:00:00,28.4,1004.8,77.56787120852722
2023-09-13 00:00:00,27.4,1005.0,81.24686676192346
2023-09-13 03:00:00,27.6,1006.3,82.7470419948832
2023-09-13 06:00:00,31.0,1006.0,67.99377352527183
2023-09-13 09:00:00,33.0,1003.7,62.18308645409979
2023-09-13 12:00:00,33.0,1002.4,59.989879094366785
2023-09-13 15:00:00,30.0,1003.5,74.18441432342445
2023-09-13 18:00:00,29.6,1005.0,78.20620296447258
2023-09-13 21:00:00,29.0,1004.5,77.65543578652992
2023-09-14 00:00:00,28.0,1004.7,77.50922415182016
2023-09-14 03:00:00,28.0,1006.6,77.50922415182016
2023-09-14 06:00:00,32.2,1006.8,62.75759984410254
2023-09-14 09:00:00,33.8,1004.5,51.765014611076786
2023-09-14 12:00:00,33.0,1002.6,55.468825283877344
2023-09-14 15:00:00,31.0,1004.1,67.99377352527183
2023-09-14 18:00:00,30.4,1005.1,76.94178563223718
2023-09-14 21:00:00,29.6,1004.2,74.118773297339
2023-09-15 00:00:00,28.6,1003.9,73.50891633549199
2023-09-15 03:00:00,29.0,1006.1,77.65543578652992
2023-09-15 06:00:00,30.8,1007.0,71.71113203855039
2023-09-15 09:00:00,28.4,1004.8,84.83323810049623
2023-09-15 12:00:00,30.4,1003.1,69.11197515651446
2023-09-15 15:00:00,28.2,1004.3,78.94802076163292
2023-09-15 18:00:00,28.0,1004.5,84.79181717750924
2023-09-15 21:00:00,28.6,1003.2,70.46084618703307
2023-09-16 00:00:00,28.0,1003.0,77.50922415182016
2023-09-16 03:00:00,28.0,1004.3,80.3537462205201
2023-09-16 06:00:00,29.6,1004.5,76.82235153000387
2023-09-16 09:00:00,31.0,1002.5,69.22506422320274
2023-09-16 12:00:00,30.4,1000.4,69.11197515651446
2023-09-16 15:00:00,28.4,1002.1,81.85865421535438
2023-09-16 18:00:00,27.0,1002.1,92.06569807815053
2023-09-16 21:00:00,26.6,1000.7,87.22543835052973
2023-09-17 00:00:00,25.4,1000.4,96.48847066905626
2023-09-17 03:00:00,25.6,1001.4,98.23312117951836
2023-09-17 06:00:00,26.2,1001.6,98.24092211346162
2023-09-17 09:00:00,26.0,1000.0,98.23832753499846
2023-09-17 12:00:00,26.0,998.7,100.0
2023-09-17 15:00:00,25.4,1000.1,98.23050936880627
2023-09-17 18:00:00,25.0,1001.1,98.2278888827713
2023-09-17 21:00:00,25.0,1000.3,98.22526839673633
2023-09-18 00:00:00,25.0,1000.2,96.47815756865955
2023-09-18 03:00:00,26.0,1001.6,94.79622941585653
2023-09-18 06:00:00,27.6,1002.1,90.47939854432097
2023-09-18 09:00:00,27.8,1000.8,85.78717977072007
2023-09-18 12:00:00,26.4,1000.3,93.69075623120435
2023-09-18 15:00:00,26.2,1001.5,94.80376584735212
2023-09-18 18:00:00,26.4,1002.6,97.08755979674135
2023-09-18 21:00:00,26.0,1002.1,94.79622941585653
2023-09-19 00:00:00,26.0,1002.0,94.79622941585653
2023-09-19 03:00:00,26.6,1003.7,96.51914127003087
2023-09-19 06:00:00,27.6,1004.7,92.09950049107172
2023-09-19 09:00:00,31.0,1003.4,78.40390010984709
2023-09-19 12:00:00,29.4,1002.1,79.11344799319119
2023-09-20 00:00:00,26.6,1004.4,96.51914127003087
2023-09-20 03:00:00,28.2,1005.6,93.77172585847173
2023-09-20 06:00:00,30.8,1006.9,78.37581423848806
2023-09-20 09:00:00,33.2,1004.3,68.41626758283552
2023-09-20 12:00:00,32.0,1003.6,69.82505728068918
2023-09-20 15:00:00,29.8,1005.9,82.51286135002354
2023-09-20 18:00:00,28.5,1006.2,88.43074361433187
2023-09-20 21:00:00,28.0,1005.8,84.79181717750924
2023-09-21 00:00:00,26.6,1006.3,90.41194193154737
2023-09-21 03:00:00,28.0,1007.5,87.34888747491027
2023-09-21 06:00:00,32.4,1008.1,66.6618617053601
2023-09-21 09:00:00,33.6,1005.3,64.95378562281357
2023-09-21 12:00:00,32.8,1004.9,65.56377770296238
2023-09-21 15:00:00,30.2,1006.7,79.69205742002245
2023-09-21 18:00:00,28.4,1006.8,83.33433758376981
2023-09-21 21:00:00,27.6,1006.4,87.31379479213656
2023-09-22 00:00:00,27.2,1007.2,90.45250000428203
2023-09-22 03:00:00,28.4,1008.5,84.83323810049623
2023-09-22 06:00:00,32.0,1008.4,66.1862478230639
2023-09-22 09:00:00,34.0,1005.5,57.40603103345707
2023-09-22 12:00:00,33.8,1004.5,57.01603340699637
2023-09-22 15:00:00,31.0,1006.5,72.1742265807024
2023-09-22 18:00:00,29.0,1007.1,84.89506306062921
2023-09-22 21:00:00,29.0,1006.1,86.41175942849821
2023-09-23 00:00:00,28.0,1006.3,93.76280556198172
2023-09-23 03:00:00,29.4,1008.3,83.4463778105949
2023-09-23 06:00:00,32.2,1009.1,74.10487661671202
2023-09-23 09:00:00,34.0,1006.5,59.50158303199722
2023-09-23 12:00:00,33.0,1005.9,66.78088716309055
2023-09-23 15:00:00,30.4,1007.6,78.31948639832048
2023-09-23 18:00:00,28.6,1008.1,84.8538871735531
2023-09-23 21:00:00,28.6,1007.1,81.88293095675748
2023-09-24 00:00:00,28.0,1007.5,85.80667728802291
2023-09-24 03:00:00,28.6,1008.8,84.8538871735531
2023-09-24 06:00:00,32.0,1008.6,68.5931528079531
2023-09-24 09:00:00,33.4,1006.2,62.269883795368706
2023-09-24 12:00:00,28.0,1005.0,92.12191734434786
2023-09-24 15:00:00,28.6,1006.8,87.91868204829599
2023-09-24 18:00:00,27.2,1007.3,87.27855968744687
2023-09-24 21:00:00,26.6,1006.2,90.41194193154737
2023-09-25 00:00:00,27.0,1006.5,92.06569807815053
2023-09-25 03:00:00,28.0,1008.1,87.34888747491027
2023-09-25 06:00:00,31.0,1008.1,72.1742265807024
2023-09-25 09:00:00,34.4,1005.8,61.38656269241014
2023-09-25 12:00:00,32.0,1004.7,71.07626571001893
2023-09-25 15:00:00,30.0,1006.3,81.08968974474207
2023-09-25 18:00:00,29.0,1007.2,86.41175942849821
2023-09-25 21:00:00,28.0,1006.0,88.91528354225218
2023-09-26 00:00:00,27.4,1006.2,84.22401507730588
2023-09-26 03:00:00,28.6,1008.2,80.43187680667027
2023-09-26 06:00:00,33.0,1008.3,63.305763001067604
2023-09-26 09:00:00,33.6,1005.8,73.47165693131991
2023-09-26 12:00:00,30.8,1005.3,77.00117625197225
2023-09-26 15:00:00,28.0,1007.6,84.79181717750924
2023-09-26 18:00:00,27.6,1007.8,90.47939854432097
2023-09-26 21:00:00,27.4,1007.0,90.46596324112937
2023-09-27 00:00:00,27.0,1007.4,92.06569807815053
2023-09-27 03:00:00,28.6,1008.6,86.37440005285019
2023-09-27 06:00:00,32.8,1008.2,64.40448947276589
2023-09-27 09:00:00,35.4,1005.6,60.52699050467956
2023-09-27 12:00:00,34.4,1004.8,59.59215392807818
2023-09-27 15:00:00,31.2,1006.8,74.82093472023674
2023-09-27 18:00:00,28.0,1007.7,75.66221487345534
2023-09-27 21:00:00,27.6,1006.2,82.7470419948832
2023-09-28 00:00:00,26.6,1006.1,87.22543835052973
2023-09-28 03:00:00,28.0,1008.0,84.79181717750924
2023-09-28 06:00:00,32.0,1008.1,72.34703340707203
2023-09-28 09:00:00,35.0,1005.3,61.15610416717985
2023-09-28 15:00:00,28.4,1007.2,67.8977377259484
2023-09-28 18:00:00,26.6,1006.5,82.62997382431229
2023-09-28 21:00:00,26.4,1005.2,84.11596226208941
2023-09-29 00:00:00,25.4,1006.2,90.33006125111788
2023-09-29 03:00:00,28.0,1007.9,80.3537462205201
2023-09-29 06:00:00,32.0,1008.2,68.5931528079531
2023-09-29 09:00:00,35.0,1005.1,57.98288887223963
2023-09-29 12:00:00,34.0,1004.0,54.05676031075814
2023-09-29 15:00:00,30.2,1005.9,76.91200889831605
2023-09-29 21:00:00,27.0,1005.6,76.8936310454662
2023-09-30 00:00:00,26.0,1005.7,83.5653445347348
2023-09-30 03:00:00,29.0,1007.3,74.91450415439337
2023-09-30 06:00:00,35.2,1007.8,55.00284442441817
2023-09-30 09:00:00,36.6,1005.5,47.10156628812264
2023-09-30 12:00:00,35.2,1004.1,49.66137214526371
2023-09-30 15:00:00,31.0,1005.5,67.99377352527183
2023-09-30 18:00:00,27.6,1006.3,72.89528290675949
2023-09-30 21:00:00,27.0,1005.3,69.73535987777385
2023-10-01 00:00:00,27.0,1005.6,71.03120402884956
2023-10-01 03:00:00,28.6,1006.6,76.21281246926864
2023-10-01 06:00:00,34.2,1007.1,51.86548272705812
2023-10-01 09:00:00,37.0,1004.5,39.09378371023023
2023-10-01 12:00:00,36.2,1003.7,39.11854885455013
2023-10-01 15:00:00,31.0,1005.1,57.04447541902918
2023-10-01 18:00:00,27.8,1005.8,71.61107092213882
2023-10-01 21:00:00,27.2,1005.7,62.82026640406263
2023-10-02 00:00:00,26.0,1006.1,76.27392919082712
2023-10-02 03:00:00,28.0,1008.0,72.96396353006286
2023-10-02 06:00:00,33.4,1008.4,51.35032689190111
2023-10-02 09:00:00,36.0,1006.5,42.58451355254139
2023-10-02 12:00:00,35.0,1006.2,44.726671478165436
2023-10-02 15:00:00,29.0,1007.5,65.57515728735507
2023-10-02 18:00:00,27.2,1008.1,62.82026640406263
2023-10-02 21:00:00,27.0,1008.3,53.310417727475865
2023-10-03 00:00:00,25.6,1008.5,67.34231282359893
2023-10-03 03:00:00,27.2,1010.5,71.06754970374743
2023-10-03 06:00:00,32.6,1010.7,50.523270115947824
2023-10-03 09:00:00,34.8,1007.7,40.46647720039389
2023-10-03 12:00:00,34.6,1007.4,39.41625139239092
2023-10-03 15:00:00,28.4,1008.7,61.16586545008611
2023-10-03 18:00:00,26.0,1009.6,69.11686987087296
2023-10-03 21:00:00,24.4,1009.1,72.33699619216402
2023-10-04 00:00:00,23.0,1009.5,77.72260499738547
2023-10-04 03:00:00,27.0,1011.3,72.34810781589086
2023-10-04 06:00:00,32.6,1011.2,46.337718597018466
2023-10-04 09:00:00,35.2,1008.8,38.12643666764187
2023-10-04 12:00:00,34.2,1008.4,39.80263123545171
2023-10-04 15:00:00,27.4,1010.0,62.864093985522686
2023-10-04 18:00:00,24.0,1010.5,65.76081144228971
2023-10-04 21:00:00,24.0,1009.7,64.5233560338738
2023-10-05 00:00:00,23.8,1009.6,67.8296948240323
2023-10-05 03:00:00,26.0,1011.4,79.12067626724064
2023-10-05 06:00:00,31.2,1011.3,52.710735539122425
2023-10-05 09:00:00,34.2,1008.6,39.06156806619288
2023-10-05 12:00:00,34.0,1007.9,36.85574088649532
2023-10-05 15:00:00,27.2,1009.3,62.82026640406263
2023-10-05 18:00:00,25.0,1009.6,68.06816085251297
2023-10-05 21:00:00,23.0,1008.5,69.84785753064332
2023-10-06 00:00:00,24.2,1009.0,76.94107668815431
2023-10-06 03:00:00,26.0,1011.1,84.07244076824206
2023-10-06 06:00:00,31.0,1010.7,62.120401740070186
2023-10-06 09:00:00,34.2,1007.7,50.01039226884028
2023-10-06 12:00:00,33.4,1007.6,49.19896559376817
2023-10-06 15:00:00,28.4,1008.3,70.42408506037569
2023-10-06 18:00:00,27.0,1009.0,76.8936310454662
2023-10-06 21:00:00,26.6,1008.4,76.36659730018178
2023-10-07 00:00:00,26.0,1008.8,84.07244076824206
2023-10-07 03:00:00,27.0,1010.9,79.73938187381316
2023-10-07 06:00:00,31.6,1011.0,67.30181208332723
2023-10-07 09:00:00,34.6,1009.1,59.992245908871396
2023-10-07 12:00:00,33.4,1009.0,50.11110420939171
2023-10-07 15:00:00,28.6,1010.0,73.50891633549199
2023-10-07 18:00:00,26.6,1010.3,79.6854136873141
2023-10-07 21:00:00,25.4,1009.7,81.98706192459
2023-10-08 00:00:00,25.0,1010.1,83.45262666598398
2023-10-08 03:00:00,27.4,1012.0,78.36224761821416
2023-10-08 06:00:00,32.0,1012.0,62.71443976755974
2023-10-08 09:00:00,34.6,1009.4,50.41729520575189
2023-10-08 12:00:00,34.0,1009.0,55.04309180081118
2023-10-08 15:00:00,29.0,1011.0,70.96187714437761
2023-10-08 18:00:00,27.0,1011.6,76.8936310454662
2023-10-08 21:00:00,26.2,1010.9,84.60337648131706
2023-10-09 00:00:00,24.2,1011.0,89.70035155341864
2023-10-09 03:00:00,27.4,1013.7,79.79314536748959
2023-10-09 06:00:00,31.8,1013.4,64.96944081021161
2023-10-09 09:00:00,34.8,1010.4,44.39977355119524
2023-10-09 12:00:00,34.0,1009.7,48.75448871884437
2023-10-09 15:00:00,28.0,1011.3,70.35037364356444
2023-10-09 18:00:00,26.6,1011.4,72.27790097107153
2023-10-09 21:00:00,26.0,1010.7,73.06652553542901
2023-10-10 00:00:00,25.0,1011.4,86.5553591977721
2023-10-10 03:00:00,27.4,1013.8,78.36224761821416
2023-10-10 06:00:00,31.2,1013.6,61.04527320720593
2023-10-10 09:00:00,33.6,1011.0,52.66619140083634
2023-10-10 12:00:00,33.2,1010.2,46.78467883483004
2023-10-10 15:00:00,27.6,1011.1,78.39069896683198
2023-10-10 18:00:00,26.4,1011.7,76.33576480448347
2023-10-10 21:00:00,25.0,1010.9,83.45262666598398
2023-10-11 00:00:00,24.4,1011.3,86.49898460860861
2023-10-11 03:00:00,27.4,1013.4,84.22401507730588
2023-10-11 06:00:00,32.8,1013.4,54.0900319487697
2023-10-11 09:00:00,34.8,1010.3,46.34728534896258
2023-10-11 12:00:00,34.0,1009.9,48.75448871884437
2023-10-11 15:00:00,28.6,1011.7,73.50891633549199
2023-10-11 18:00:00,27.0,1011.9,73.68636116732236
2023-10-11 21:00:00,26.0,1011.1,79.12067626724064
2023-10-12 00:00:00,24.0,1011.6,84.88741479671322
2023-10-12 03:00:00,27.6,1013.6,76.98390463811192
2023-10-12 06:00:00,33.0,1013.6,52.19700204876771
2023-10-12 09:00:00,35.6,1011.0,44.34047462772587
2023-10-12 12:00:00,34.8,1010.8,39.470692250902
2023-10-12 15:00:00,29.0,1012.7,66.78535949708609
2023-10-12 21:00:00,26.4,1012.0,76.33576480448347
2023-10-13 00:00:00,25.8,1012.3,70.37492245088673
2023-10-13 03:00:00,28.4,1014.1,66.25795810970587
2023-10-13 06:00:00,34.6,1014.1,47.15230400200087
2023-10-13 09:00:00,36.4,1011.4,35.02390148189525
2023-10-13 12:00:00,34.6,1010.9,43.265824666661075
2023-10-13 15:00:00,29.4,1012.4,60.640804904992116
2023-10-13 18:00:00,27.6,1012.7,69.84804373904335
2023-10-13 21:00:00,25.8,1011.7,74.85200261699907
2023-10-14 00:00:00,25.6,1011.9,79.0650667975322
2023-10-14 03:00:00,28.4,1013.4,62.30944777937724
2023-10-14 06:00:00,34.6,1013.9,50.41729520575189
2023-10-14 09:00:00,36.0,1011.0,39.796368664073576
2023-10-14 12:00:00,35.4,1010.2,47.07414899040804
2023-10-14 15:00:00,29.4,1011.8,58.0813190585354
2023-10-14 18:00:00,27.8,1012.1,74.26945688504365
2023-10-14 21:00:00,27.2,1011.1,74.17038364277866
2023-10-15 00:00:00,27.8,1010.8,71.61107092213882
2023-10-15 03:00:00,28.0,1012.7,70.35037364356444
2023-10-15 06:00:00,33.0,1012.8,52.19700204876771
2023-10-15 09:00:00,35.2,1009.3,47.887740242840856
2023-10-15 12:00:00,33.6,1008.9,46.31559546655938
2023-10-15 15:00:00,28.4,1010.5,63.863368876015656
2023-10-15 18:00:00,26.4,1011.1,73.58514111197726
2023-10-15 21:00:00,25.6,1010.6,60.147977437432424
2023-10-16 00:00:00,25.4,1010.3,83.49784757524912
2023-10-16 03:00:00,27.6,1012.9,79.81995065848324
2023-10-16 06:00:00,33.0,1012.4,53.160307816284856
2023-10-16 09:00:00,35.6,1010.0,41.44373316515145
2023-10-16 12:00:00,34.2,1009.2,42.891763245410736
2023-10-16 15:00:00,29.0,1010.7,63.99146967340664
2023-10-16 18:00:00,26.6,1011.6,76.36659730018178
2023-10-16 21:00:00,25.6,1011.7,76.21186522133068
2023-10-17 00:00:00,25.6,1012.1,80.52645239736388
2023-10-17 03:00:00,27.2,1013.7,74.17038364277866
2023-10-17 06:00:00,33.4,1013.9,49.19896559376817
2023-10-17 09:00:00,34.4,1011.6,45.11935390234125
2023-10-17 12:00:00,33.0,1011.9,50.00855048668853
2023-10-17 15:00:00,29.2,1012.5,60.59552793348259
2023-10-17 18:00:00,25.6,1013.5,71.65680034129598
2023-10-17 21:00:00,24.6,1013.1,78.44038822062748
2023-10-18 00:00:00,23.6,1013.7,81.2616924191531
2023-10-18 03:00:00,28.4,1015.0,62.30944777937724
2023-10-18 06:00:00,33.0,1015.1,50.936406587781846
2023-10-18 09:00:00,35.2,1012.4,45.8888450476227
2023-10-18 12:00:00,34.0,1011.9,42.57262209391062
2023-10-18 15:00:00,27.4,1013.2,65.64726974382171
2023-10-18 18:00:00,25.4,1013.5,69.86503547584091
2023-10-18 21:00:00,24.4,1012.9,69.24033252213863
2023-10-19 00:00:00,22.6,1013.2,79.13425604294972
2023-10-19 03:00:00,26.0,1014.8,66.17566859299606
2023-10-19 06:00:00,32.8,1014.9,42.24804823188427
2023-10-19 09:00:00,35.4,1012.6,37.47220231720378
2023-10-19 12:00:00,33.2,1011.6,40.79331842939581
2023-10-19 15:00:00,28.4,1013.0,63.863368876015656
2023-10-19 18:00:00,25.6,1013.2,74.36025581723416
2023-10-19 21:00:00,24.2,1012.5,75.05484782499553
2023-10-20 00:00:00,24.4,1012.9,72.33699619216402
2023-10-20 03:00:00,27.2,1015.0,61.65858592580613
2023-10-20 06:00:00,34.0,1014.6,37.798615236203595
2023-10-20 09:00:00,35.6,1011.6,30.655174972735665
2023-10-20 12:00:00,34.2,1011.1,40.80989937663448
2023-10-20 15:00:00,29.0,1012.9,62.82580292280707
2023-10-20 18:00:00,26.4,1013.4,69.19353375788072
2023-10-20 21:00:00,25.4,1012.6,65.63974012452589
2023-10-21 00:00:00,24.0,1013.1,76.91061342319855
2023-10-21 03:00:00,26.6,1014.8,63.87218705566132
2023-10-21 06:00:00,34.0,1014.7,43.642529113922485
2023-10-21 09:00:00,37.0,1011.9,37.44128774112922
2023-10-21 12:00:00,34.0,1011.8,46.70734273672021
2023-10-21 15:00:00,28.2,1013.5,65.0091901629649
2023-10-21 18:00:00,26.2,1013.9,70.44918074896196
2023-10-21 21:00:00,23.6,1013.6,74.95700457694504
2023-10-22 00:00:00,23.2,1013.8,74.89147604230592
2023-10-22 03:00:00,27.6,1015.2,59.114546352705645
2023-10-22 06:00:00,34.2,1015.1,41.839470465259176
2023-10-22 09:00:00,36.6,1012.6,31.719253448790237
2023-10-22 12:00:00,34.8,1011.8,35.92538017429184
2023-10-22 15:00:00,27.0,1013.3,62.77637062843983
2023-10-22 18:00:00,25.2,1013.7,71.1418217419436
2023-10-22 21:00:00,23.4,1013.0,74.9242703691049
2023-10-23 00:00:00,24.8,1013.4,65.10325533274633
2023-10-23 03:00:00,25.4,1014.7,72.96297423706713
2023-10-23 06:00:00,34.2,1014.1,35.086612583646954
2023-10-23 09:00:00,36.4,1011.3,30.6753357951424
2023-10-23 12:00:00,34.0,1010.8,43.642529113922485
2023-10-23 15:00:00,28.4,1012.1,57.48575855515023
2023-10-23 18:00:00,26.0,1012.7,66.17566859299606
2023-10-23 21:00:00,24.4,1011.8,67.94922933383891
2023-10-24 00:00:00,24.0,1012.0,67.44315945194963
2023-10-24 03:00:00,28.0,1014.6,53.22632223446673
2023-10-24 06:00:00,34.2,1014.0,37.144297866898576
2023-10-24 09:00:00,36.6,1011.2,30.925018487710776
2023-10-24 12:00:00,34.0,1011.0,37.798615236203595
2023-10-24 15:00:00,27.4,1012.6,56.531617874228566
2023-10-24 18:00:00,24.4,1013.0,67.94922933383891
2023-10-24 21:00:00,23.4,1012.5,79.73963499838084
2023-10-25 00:00:00,22.0,1013.2,73.75452283587201
2023-10-25 03:00:00,25.0,1015.6,63.92706944237422
2023-10-25 06:00:00,34.4,1015.8,34.478117246908965
2023-10-25 09:00:00,36.2,1013.0,29.659109830704644
2023-10-25 12:00:00,34.6,1012.6,35.64457641060854
2023-10-25 15:00:00,26.0,1014.2,59.11107828570813
2023-10-25 18:00:00,24.0,1014.6,65.76081144228971
2023-10-25 21:00:00,22.8,1013.4,74.35698654323872
2023-10-26 00:00:00,22.6,1013.7,75.73900120222518
2023-10-26 03:00:00,26.2,1015.8,62.209161530734946
2023-10-26 06:00:00,33.2,1015.6,41.82966122972637
2023-10-26 09:00:00,36.0,1012.5,31.960576161503475
2023-10-26 12:00:00,34.0,1012.1,45.57171219777677
2023-10-26 15:00:00,26.4,1013.4,62.25365124486911
2023-10-26 18:00:00,24.8,1013.8,66.76103701952412
2023-10-26 21:00:00,23.4,1012.7,76.34132933055753
2023-10-27 00:00:00,22.4,1012.6,79.10614032603415
2023-10-27 03:00:00,26.2,1014.6,55.177580931586704
2023-10-27 06:00:00,32.6,1014.9,38.13566001710435
2023-10-27 09:00:00,35.6,1011.2,29.688118952217764
2023-10-27 12:00:00,33.4,1010.7,36.2273738984628
2023-10-27 15:00:00,26.0,1012.3,55.12789240334629
2023-10-27 18:00:00,24.0,1012.8,67.44315945194963
2023-10-27 21:00:00,22.0,1011.5,73.75452283587201
2023-10-28 00:00:00,22.0,1012.2,65.75997484481925
2023-10-28 03:00:00,25.8,1014.4,54.727787543447995
2023-10-28 06:00:00,32.6,1014.5,33.332022168293705
2023-10-28 09:00:00,35.6,1011.6,23.173635527547475
2023-10-28 12:00:00,33.4,1011.2,36.2273738984628
2023-10-28 15:00:00,26.8,1012.8,61.18521534996033
2023-10-28 18:00:00,24.0,1013.3,62.905264442630205
2023-10-28 21:00:00,23.2,1012.0,73.03601654966685
2023-10-29 00:00:00,21.6,1012.2,75.57843550109602
2023-10-29 03:00:00,24.6,1014.1,59.15689306068407
2023-10-29 06:00:00,32.4,1014.3,33.928775115959056
2023-10-29 09:00:00,36.4,1011.1,26.635705299023748
2023-10-29 12:00:00,33.6,1010.6,29.918441684822923
2023-10-29 15:00:00,26.4,1012.6,55.57883796392953
2023-10-29 18:00:00,23.6,1012.7,66.93757991376943
2023-10-29 21:00:00,22.6,1011.7,68.02047939216396
2023-10-30 00:00:00,22.6,1011.9,60.2197260383753
2023-10-30 03:00:00,24.6,1013.7,52.0198382041854
2023-10-30 06:00:00,33.4,1013.8,36.2273738984628
2023-10-30 09:00:00,35.6,1010.8,26.425132187790197
2023-10-30 12:00:00,33.6,1010.7,28.027439373349992
2023-10-30 15:00:00,26.2,1012.5,56.59689584142209
2023-10-30 18:00:00,23.8,1013.4,65.71895042604378
2023-10-30 21:00:00,23.8,1012.6,61.27730375134291
2023-10-31 00:00:00,22.2,1012.9,67.50796167415882
2023-10-31 03:00:00,25.0,1014.6,56.66462278579749
2023-10-31 06:00:00,33.0,1014.8,36.58107859246772
2023-10-31 09:00:00,34.4,1011.7,26.454210691443432
2023-10-31 12:00:00,32.6,1011.6,35.09521658997688
2023-10-31 15:00:00,27.2,1013.3,61.65858592580613
2023-10-31 18:00:00,24.6,1013.5,67.98894000118018
2023-10-31 21:00:00,24.0,1013.4,64.5233560338738
2023-11-01 00:00:00,22.8,1013.4,60.266403339762256
2023-11-01 03:00:00,25.6,1015.5,57.53812239402571
2023-11-01 06:00:00,32.6,1015.4,38.13566001710435
2023-11-01 09:00:00,36.0,1012.5,30.959972860837166
2023-11-01 12:00:00,33.2,1012.4,31.198961809215685
2023-11-01 15:00:00,26.2,1013.6,60.66674488054539
2023-11-01 18:00:00,23.2,1014.1,68.57285160352308
2023-11-01 21:00:00,21.6,1013.8000000000001,77.02566195716373
2023-11-02 00:00:00,22.4,1013.5,66.26660576599681
2023-11-02 03:00:00,25.2,1015.0,54.2284006146774
2023-11-02 06:00:00,33.2,1015.0,36.869899474284715
2023-11-02 09:00:00,35.0,1012.3,26.43945938392723
2023-11-02 12:00:00,32.6,1011.8,36.2384025408733
2023-11-02 15:00:00,24.6,1012.6,64.65181927102982
2023-11-02 18:00:00,22.4,1012.8,66.26660576599681
2023-11-02 21:00:00,21.2,1012.0,73.14964788312554
2023-11-03 00:00:00,21.4,1012.0,73.65162613086753
2023-11-03 03:00:00,24.6,1013.1,60.68332422098103
2023-11-03 06:00:00,32.4,1013.0,36.8848010082774
2023-11-03 09:00:00,35.4,1009.6,26.893084347345
2023-11-03 12:00:00,32.6,1009.6,43.26569266618384
2023-11-03 15:00:00,25.6,1011.3,62.861255016105346
2023-11-03 18:00:00,23.4,1011.3,69.92393739267627
2023-11-03 21:00:00,21.6,1010.6,77.02566195716373
2023-11-04 00:00:00,21.6,1011.2,71.83530613579937
2023-11-04 03:00:00,23.0,1013.0,69.84785753064332
2023-11-04 06:00:00,31.0,1012.9,43.65326872157307
2023-11-04 09:00:00,34.8,1010.1,32.24820405115471
2023-11-04 12:00:00,32.6,1009.9,44.08524912530278
2023-11-04 15:00:00,25.4,1011.6,65.63974012452589
2023-11-04 18:00:00,23.4,1012.2,73.0708008953474
2023-11-04 21:00:00,22.5,1012.1,72.45305351557339
2023-11-05 00:00:00,21.6,1012.0,71.83530613579937
2023-11-05 03:00:00,24.4,1014.1,63.39421028075536
2023-11-05 06:00:00,33.4,1013.9,31.456596314417652
2023-11-05 09:00:00,35.6,1011.5,24.75239845442901
2023-11-05 12:00:00,33.2,1011.1,28.47562138126054
2023-11-05 15:00:00,25.0,1012.9,61.16156608407452
2023-11-05 18:00:00,22.4,1013.7,71.07373433061426
2023-11-05 21:00:00,21.6,1013.1,75.57843550109602
2023-11-06 00:00:00,21.4,1013.1,69.98744152646606
2023-11-06 03:00:00,24.6,1015.0,54.77816081633107
2023-11-06 06:00:00,31.8,1015.3,39.145494008561734
2023-11-06 09:00:00,35.6,1012.7,24.75239845442901
2023-11-06 12:00:00,31.4,1012.6,41.867029221285236
2023-11-06 15:00:00,25.6,1014.1,60.147977437432424
2023-11-06 21:00:00,22.0,1013.5,68.77349522244712
2023-11-07 00:00:00,21.0,1013.6,75.00271964013787
2023-11-07 03:00:00,23.0,1015.5,69.84785753064332
2023-11-07 06:00:00,32.4,1015.4,33.928775115959056
2023-11-07 09:00:00,35.0,1012.0,26.43945938392723
2023-11-07 12:00:00,32.4,1011.6,44.36422188319907
2023-11-07 15:00:00,24.8,1013.3,62.288984382470915
2023-11-07 18:00:00,23.0,1013.5,71.1843141777344
2023-11-07 21:00:00,21.6,1012.6,73.68598756326635
2023-11-08 00:00:00,21.0,1012.6,76.44675215115228
2023-11-08 03:00:00,24.0,1014.5,62.905264442630205
2023-11-08 06:00:00,32.0,1014.4,35.38306345014907
2023-11-08 09:00:00,35.0,1011.4,29.909869309164062
2023-11-08 12:00:00,32.2,1011.2,35.66692056260536
2023-11-08 15:00:00,25.4,1012.9,61.2525557727852
2023-11-08 18:00:00,23.6,1013.3,66.93757991376943
2023-11-08 21:00:00,21.6,1012.3,82.02710335531518
2023-11-09 00:00:00,21.6,1012.2,71.83530613579937
2023-11-09 03:00:00,24.8,1014.3,60.72929795521744
2023-11-09 06:00:00,33.4,1014.4,38.113587359392156
2023-11-09 09:00:00,35.0,1011.7,28.03643575037328
2023-11-09 12:00:00,32.4,1011.6,47.15537254104221
2023-11-09 15:00:00,26.4,1013.3,59.578657328843455
2023-11-09 18:00:00,24.0,1014.0,70.47837778915957
2023-11-09 21:00:00,22.8,1012.9,81.15946153199087
2023-11-10 00:00:00,21.6,1013.3,80.49756918337606
2023-11-10 03:00:00,24.4,1015.4,69.24033252213863
2023-11-10 06:00:00,32.2,1015.8,41.82062937530897
2023-11-10 09:00:00,35.0,1012.8,33.34829415288814
2023-11-10 12:00:00,32.8,1012.6,48.742535253752614
2023-11-10 15:00:00,27.0,1015.2,55.37565530766063
2023-11-10 18:00:00,23.6,1015.7,70.40357180300315
2023-11-10 21:00:00,22.0,1015.2,75.64284085753373
2023-11-11 00:00:00,22.6,1015.5,71.11065930748565
2023-11-11 03:00:00,24.2,1017.6,58.685550665822504
2023-11-11 06:00:00,32.0,1017.6,35.38306345014907
2023-11-11 09:00:00,34.6,1014.4,24.983424553692778
2023-11-11 12:00:00,32.0,1014.2,32.52621265064335
2023-11-11 15:00:00,26.4,1017.2,30.763029442470874
2023-11-11 18:00:00,21.6,1017.3,52.958593532599885
2023-11-11 21:00:00,21.2,1016.4,51.4698704739595
2023-11-12 00:00:00,20.4,1016.8,52.99818630774301
2023-11-12 03:00:00,22.6,1018.6,43.9087954166113
2023-11-12 06:00:00,30.6,1018.5,33.65098588696691
2023-11-12 09:00:00,32.6,1015.0,24.95783925276048
2023-11-12 12:00:00,30.6,1014.2,34.54210791137394
2023-11-12 15:00:00,22.0,1016.1,58.15774928642728
2023-11-12 18:00:00,18.6,1016.4,60.86968290268062
2023-11-12 21:00:00,16.6,1015.0,77.24819528018222
2023-11-13 00:00:00,17.0,1015.0,70.05166142718224
2023-11-13 03:00:00,20.8,1016.9,50.34550304599599
2023-11-13 06:00:00,28.4,1017.2,36.97090641348185
2023-11-13 09:00:00,29.2,1014.1,40.21087920229749
2023-11-13 12:00:00,28.4,1013.4,46.38489762866087
2023-11-13 15:00:00,20.0,1015.9,72.470856291407
2023-11-13 18:00:00,18.2,1016.2,78.50301866717582
2023-11-13 21:00:00,17.6,1015.5,79.95556914093304
2023-11-14 00:00:00,18.4,1015.4,73.12860116909184
2023-11-14 03:00:00,21.6,1016.4,59.20887562363495
2023-11-14 06:00:00,30.4,1016.4,37.5279475060386
2023-11-14 09:00:00,32.4,1013.0,30.18050122610209
2023-11-14 12:00:00,30.4,1012.4,32.29694486959755
2023-11-14 15:00:00,22.0,1014.6,62.45866938263309
2023-11-14 18:00:00,19.6,1015.3,70.54987572913048
2023-11-15 00:00:00,19.0,1014.5,71.8231453434557
2023-11-15 03:00:00,21.4,1016.6,58.77601736607697
2023-11-15 06:00:00,29.6,1016.2,40.8445149718807
2023-11-15 09:00:00,32.4,1012.8,33.06218344132711
2023-11-15 12:00:00,30.0,1012.6,41.218389755870184
2023-11-15 15:00:00,24.0,1014.7,55.69638229748551
2023-11-15 18:00:00,21.0,1014.9,68.1361982731892
2023-11-15 21:00:00,21.0,1014.1,56.78422528555351
2023-11-16 00:00:00,20.0,1014.5,64.06828882011946
2023-11-16 03:00:00,21.4,1016.7,58.77601736607697
2023-11-16 06:00:00,29.0,1016.9,40.15547110727159
2023-11-16 09:00:00,31.6,1013.8,34.81912604698233
2023-11-16 12:00:00,29.6,1013.9,39.80447898053956
2023-11-16 15:00:00,24.0,1015.4,55.69638229748551
2023-11-16 18:00:00,20.4,1015.9,69.34684446879916
2023-11-16 21:00:00,24.0,1015.2,42.00187956141093
2023-11-17 00:00:00,20.4,1015.4,62.50352697353663
2023-11-17 03:00:00,21.6,1017.5,60.77061822191757
2023-11-17 06:00:00,28.4,1016.9,40.512498270619396
2023-11-17 09:00:00,30.6,1013.2,34.54210791137394
2023-11-17 12:00:00,29.0,1013.3,42.28469233863707
2023-11-17 15:00:00,22.4,1014.9,66.26660576599681
2023-11-17 18:00:00,21.0,1014.8,64.70523940925912
2023-11-17 21:00:00,21.0,1012.1,59.84374474323976
2023-11-18 00:00:00,20.4,1013.9,64.15608531331758
2023-11-18 03:00:00,20.8,1015.6,66.35948323849591
2023-11-18 06:00:00,28.0,1015.4,44.52628235186481
2023-11-18 09:00:00,31.2,1012.2,39.482199010066786
2023-11-18 12:00:00,29.4,1011.8,46.35792582818312
2023-11-18 15:00:00,22.8,1013.8,69.80971849730659
2023-11-18 18:00:00,22.0,1014.1,68.77349522244712
2023-11-18 21:00:00,20.0,1013.7,72.470856291407
2023-11-19 00:00:00,19.6,1013.8,72.39905592806319
2023-11-19 03:00:00,21.4,1015.5,65.21122138445863
2023-11-19 06:00:00,28.4,1015.1,45.2118862197426
2023-11-19 09:00:00,32.0,1012.3,38.45833983449539
2023-11-19 12:00:00,30.4,1011.9,47.2160211879818
2023-11-19 15:00:00,25.0,1013.8,63.92706944237422
2023-11-19 18:00:00,24.0,1014.1,62.905264442630205
2023-11-19 21:00:00,23.0,1013.6,66.81483777876102
2023-11-20 00:00:00,22.0,1013.3,68.77349522244712
2023-11-20 03:00:00,22.6,1015.9,64.63389847736897
2023-11-20 06:00:00,29.6,1015.8,46.41150114714314
2023-11-20 09:00:00,32.6,1012.7,41.1452408025427
2023-11-20 12:00:00,30.8,1012.7,46.73171542897705
2023-11-20 15:00:00,25.4,1014.2,72.96297423706713
2023-11-20 18:00:00,23.6,1014.8,70.40357180300315
2023-11-20 21:00:00,23.4,1014.2,66.89673414384397
2023-11-21 00:00:00,23.2,1014.4,65.17668373106751
2023-11-21 03:00:00,23.8,1016.4,64.07212844582271
2023-11-21 06:00:00,29.6,1016.2,45.24761159831436
2023-11-21 09:00:00,32.2,1013.1,38.759382233391435
2023-11-21 12:00:00,30.4,1012.7,47.2160211879818
2023-11-21 15:00:00,23.0,1014.6,77.72260499738547
2023-11-21 18:00:00,22.2,1014.4,72.40123365463968
2023-11-21 21:00:00,21.2,1013.3,78.43918300096577
2023-11-22 00:00:00,19.4,1013.6,86.56190404346255
2023-11-22 03:00:00,22.0,1015.8,62.45866938263309
2023-11-22 06:00:00,29.0,1015.6,43.38606734691948
2023-11-22 09:00:00,31.8,1012.0,31.22274865260884
2023-11-22 12:00:00,30.0,1011.5,41.218389755870184
2023-11-22 15:00:00,22.8,1013.6,63.44677270636492
2023-11-22 18:00:00,20.0,1013.6,74.35848005153662
2023-11-22 21:00:00,18.6,1012.2,80.60939160489468
2023-11-23 00:00:00,17.6,1012.2,79.95556914093304
2023-11-23 03:00:00,20.0,1014.1,67.49544844818791
2023-11-23 06:00:00,28.2,1013.6,41.253780009810335
2023-11-23 09:00:00,31.0,1010.1,27.14599213964542
2023-11-23 12:00:00,29.0,1009.6,36.65554173511874
2023-11-23 15:00:00,21.2,1011.5,63.50267951350905
2023-11-23 18:00:00,20.0,1012.0,64.06828882011946
2023-11-23 21:00:00,19.4,1011.3,63.5175342376094
2023-11-24 00:00:00,19.4,1011.7,56.7625297206137
2023-11-24 03:00:00,21.0,1014.0,52.10577333966127
2023-11-24 06:00:00,28.8,1014.1,35.41647118801022
2023-11-24 09:00:00,31.4,1011.0,32.57316843526804
2023-11-24 12:00:00,29.4,1011.3,36.28972849758949
2023-11-24 15:00:00,26.0,1013.2,46.03393328611059
2023-11-24 18:00:00,24.2,1013.7,47.68969993928029
2023-11-24 21:00:00,22.2,1013.2,49.392512098139015
2023-11-25 00:00:00,21.4,1013.3,48.20122281492322
2023-11-25 03:00:00,22.4,1016.0,46.575587007480145
2023-11-25 06:00:00,28.4,1015.1,39.21479590600326
2023-11-25 09:00:00,30.6,1012.2,36.6234764027544
2023-11-25 12:00:00,29.6,1011.6,37.549159864907224
2023-11-25 15:00:00,27.0,1013.4,40.92058918635463
2023-11-25 18:00:00,25.0,1014.1,51.12208134401761
2023-11-25 21:00:00,22.8,1013.0,65.09159530734026
2023-11-26 00:00:00,22.6,1012.3,55.70877664423919
2023-11-26 03:00:00,23.0,1013.5,56.172285693768046
2023-11-26 06:00:00,19.2,1017.0,93.93876071946539
2023-11-26 09:00:00,20.0,1013.0,93.97450936662143
2023-11-26 12:00:00,21.8,1013.9,87.32939245060646
2023-11-26 15:00:00,19.4,1012.9,96.32890406093485
2023-11-26 18:00:00,18.6,1013.3,93.91174237662614
2023-11-26 21:00:00,19.0,1013.0,90.44509053017224
2023-11-27 00:00:00,19.0,1012.6,90.44509053017224
2023-11-27 03:00:00,19.4,1014.2,90.4728467946595
2023-11-27 06:00:00,23.6,1014.6,73.1055227428291
2023-11-27 09:00:00,25.6,1011.5,67.34231282359893
2023-11-27 12:00:00,24.6,1011.2,73.73484030490799
2023-11-27 15:00:00,22.4,1013.0,85.77566905335271
2023-11-27 18:00:00,21.2,1006.9,88.92223841871977
2023-11-27 21:00:00,20.2,1012.4,88.84251349796529
2023-11-28 00:00:00,19.6,1012.2,90.48668042796811
2023-11-28 03:00:00,20.4,1014.0,81.36149554201421
2023-11-28 06:00:00,25.4,1014.2,68.57308221822572
2023-11-28 09:00:00,26.2,1011.5,56.59689584142209
2023-11-28 12:00:00,25.2,1011.0,61.20709568792682
2023-11-28 15:00:00,22.0,1012.4,82.07643342444838
2023-11-28 18:00:00,21.0,1012.7,81.95274097068757
2023-11-28 21:00:00,20.0,1012.5,86.61909675849209
2023-11-29 00:00:00,19.4,1012.5,86.56190404346255
2023-11-29 03:00:00,20.4,1014.6,79.82930712381024
2023-11-29 06:00:00,25.0,1014.8,65.14551045571683
2023-11-29 09:00:00,26.8,1011.7,54.62970896661447
2023-11-29 12:00:00,26.0,1011.8,60.62095798327436
2023-11-29 15:00:00,22.4,1013.5,79.10614032603415
2023-11-29 18:00:00,21.2,1013.8,87.27539067331128
2023-11-29 21:00:00,20.4,1013.0,90.54172022816981
2023-11-30 00:00:00,19.0,1013.1,90.44509053017224
2023-11-30 03:00:00,20.0,1015.0,83.39836242248586
2023-11-30 06:00:00,25.4,1014.6,68.57308221822572
2023-11-30 09:00:00,27.6,1012.1,61.748059200440466
2023-11-30 12:00:00,27.0,1011.7,60.09299888935582
2023-11-30 15:00:00,23.6,1013.7,71.74337958668197
2023-11-30 18:00:00,22.2,1014.2,72.40123365463968
2023-11-30 21:00:00,21.6,1013.3,77.02566195716373
2023-12-01 00:00:00,21.2,1013.2,73.14964788312554
2023-12-01 03:00:00,21.4,1014.3,69.98744152646606
2023-12-01 06:00:00,26.6,1014.5,59.62517376441938
2023-12-01 09:00:00,28.4,1011.3,60.0407336708837
2023-12-01 12:00:00,26.6,1011.5,67.96113850878805
2023-12-01 15:00:00,23.6,1013.6,73.1055227428291
2023-12-01 18:00:00,22.0,1014.0,77.08681687030213
2023-12-01 21:00:00,21.4,1013.3,78.46820659148995
2023-12-02 00:00:00,21.4,1013.2,80.47097062716614
2023-12-02 03:00:00,21.8,1014.5,79.02146826646637
2023-12-02 06:00:00,26.6,1014.6,65.075572953862
2023-12-02 09:00:00,28.6,1011.4,57.533446890831016
2023-12-02 12:00:00,27.6,1011.3,63.298675360868906
2023-12-02 15:00:00,25.4,1013.3,68.57308221822572
2023-12-02 18:00:00,23.8,1013.7,74.98967879981456
2023-12-02 21:00:00,23.0,1013.2,77.72260499738547
2023-12-03 00:00:00,23.0,1013.3,77.72260499738547
2023-12-03 03:00:00,22.6,1015.1,82.66238212842283
2023-12-03 06:00:00,25.6,1015.4,72.99755286782062
2023-12-03 09:00:00,27.2,1012.7,69.77298528509857
2023-12-03 12:00:00,25.6,1012.4,74.36025581723416
2023-12-03 15:00:00,23.4,1014.1,82.75736601112055
2023-12-03 18:00:00,22.4,1014.5,82.63851822798792
2023-12-03 21:00:00,21.6,1013.9,79.99331979564526
2023-12-04 00:00:00,20.8,1013.2,78.38096858207
2023-12-04 03:00:00,21.0,1015.1,87.25731534029728
2023-12-04 06:00:00,24.6,1015.1,71.03201273104008
2023-12-04 09:00:00,27.0,1012.3,65.56431854728334
2023-12-04 12:00:00,26.6,1012.1,65.48109849113928
2023-12-04 15:00:00,22.6,1014.1,77.66312926099062
2023-12-04 18:00:00,21.0,1014.8,76.44675215115228
2023-12-04 21:00:00,20.0,1013.5,77.76603602176817
2023-12-05 00:00:00,19.0,1013.1,80.66276457451087
2023-12-05 03:00:00,19.4,1014.7,79.18307531300236
2023-12-05 06:00:00,23.4,1014.7,68.61214204484527
2023-12-05 09:00:00,25.6,1012.5,58.64418652447737
2023-12-05 12:00:00,24.0,1012.3,64.5233560338738
2023-12-05 15:00:00,21.8,1014.3,75.61066811578078
2023-12-05 18:00:00,20.2,1014.7,79.80178488426841
2023-12-05 21:00:00,19.4,1013.4,81.23264238410255
2023-12-06 00:00:00,18.8,1013.0,82.7281885997089
2023-12-06 03:00:00,19.0,1015.2,80.66276457451087
2023-12-06 06:00:00,25.0,1015.0,61.16156608407452
2023-12-06 09:00:00,27.6,1011.6,54.14162894034234
2023-12-06 12:00:00,26.2,1011.9,58.04818884609648
2023-12-06 15:00:00,23.8,1013.9,71.77945683608566
2023-12-06 18:00:00,23.2,1014.5,68.57285160352308
2023-12-06 21:00:00,21.4,1013.5,69.98744152646606
2023-12-07 00:00:00,20.0,1013.4,70.62550939676852
2023-12-07 03:00:00,20.0,1015.8,68.82162822950846
2023-12-07 06:00:00,25.6,1015.3,57.53812239402571
2023-12-07 09:00:00,27.8,1012.4,51.84729878092747
2023-12-07 12:00:00,26.4,1012.1,55.57883796392953
2023-12-07 15:00:00,22.4,1013.8,72.43681558289073
2023-12-07 18:00:00,19.4,1014.6,86.56190404346255
2023-12-07 21:00:00,19.0,1013.9,88.18554132284771
2023-12-08 00:00:00,19.0,1013.8,82.75226606225803
2023-12-08 03:00:00,19.6,1015.9,72.39905592806319
2023-12-08 06:00:00,25.4,1015.6,58.596770845043764
2023-12-08 09:00:00,28.2,1012.3,46.03523480302828
2023-12-08 12:00:00,27.0,1012.3,47.209973097959896
2023-12-08 15:00:00,21.6,1014.2,65.25391544185001
2023-12-08 18:00:00,19.2,1014.9,75.6731269890769
2023-12-08 21:00:00,17.8,1015.0,79.9831780603204
2023-12-09 00:00:00,17.2,1015.2,83.60845992494205
2023-12-09 03:00:00,18.4,1017.3,80.58262590477159
2023-12-09 06:00:00,25.2,1017.5,57.07653428863906
2023-12-09 09:00:00,28.6,1014.3,39.52700772368697
2023-12-09 12:00:00,27.4,1013.4,43.79135513379636
2023-12-09 15:00:00,21.6,1014.5,68.69474949084032
2023-12-09 18:00:00,20.2,1014.9,65.8046365225661
2023-12-09 21:00:00,17.6,1014.0,74.43323600853022
2023-12-10 00:00:00,17.6,1013.4,77.90710307634244
2023-12-10 03:00:00,19.4,1015.3,70.0557464467342
2023-12-10 06:00:00,27.4,1015.8,47.62210325150437
2023-12-10 09:00:00,29.0,1012.3,38.87314302924118
2023-12-10 12:00:00,27.2,1012.0,46.06110405973983
2023-12-10 15:00:00,23.4,1013.9,63.985292032244004
2023-12-10 18:00:00,19.6,1014.0,81.25851516552751
2023-12-10 21:00:00,18.4,1013.3,80.58262590477159
2023-12-11 00:00:00,18.0,1012.8,84.23976712899662
2023-12-11 03:00:00,19.8,1015.5,72.43498859575087
2023-12-11 06:00:00,26.0,1015.3,52.38113667098585
2023-12-11 09:00:00,29.4,1012.3,38.48167342028429
2023-12-11 12:00:00,27.6,1012.0,46.46713497984191
2023-12-11 15:00:00,21.6,1013.5,66.95489662993805
2023-12-11 18:00:00,20.2,1013.9,72.50665915505505
2023-12-11 21:00:00,18.0,1012.6,80.52893541547579
2023-12-12 00:00:00,17.2,1012.3,87.46731472993724
2023-12-12 03:00:00,19.6,1014.0,70.54987572913048
2023-12-12 06:00:00,26.0,1013.9,52.38113667098585
2023-12-12 09:00:00,29.2,1011.0,39.18225554283719
2023-12-12 12:00:00,27.4,1010.6,43.79135513379636
2023-12-12 15:00:00,21.0,1012.9,75.00271964013787
2023-12-12 18:00:00,20.0,1013.4,70.62550939676852
2023-12-12 21:00:00,17.6,1013.1,79.95556914093304
2023-12-13 00:00:00,17.6,1013.4,77.90710307634244
2023-12-13 03:00:00,19.0,1015.3,64.69337791269749
2023-12-13 06:00:00,25.2,1015.8,43.469973767199875
2023-12-13 09:00:00,28.6,1012.8,32.875526212751396
2023-12-13 12:00:00,26.4,1012.6,36.653290605994705
2023-12-13 15:00:00,20.4,1014.8,56.261960294450695
2023-12-13 18:00:00,20.4,1015.2,48.25252809337023
2023-12-13 21:00:00,18.6,1014.4,60.86968290268062
2023-12-14 00:00:00,17.4,1014.9,64.77209984585141
2023-12-14 03:00:00,18.0,1016.4,61.95539331922447
2023-12-14 06:00:00,25.4,1017.3,42.67355382749974
2023-12-14 09:00:00,29.6,1013.6,35.407088012188964
2023-12-14 12:00:00,27.2,1013.2,44.88553659091517
2023-12-14 15:00:00,22.4,1015.1,66.26660576599681
2023-12-14 18:00:00,20.4,1016.2,73.00931609495443
2023-12-14 21:00:00,20.6,1015.5,64.61860815257197
2023-12-15 00:00:00,19.4,1015.4,68.70265881807667
2023-12-15 03:00:00,19.6,1017.1,70.54987572913048
2023-12-15 06:00:00,26.0,1017.3,52.38113667098585
2023-12-15 09:00:00,28.6,1014.1,47.63785276074488
2023-12-15 12:00:00,27.6,1013.7,46.46713497984191
2023-12-15 15:00:00,22.0,1015.7,77.08681687030213
2023-12-15 18:00:00,21.6,1016.0,73.68598756326635
2023-12-15 21:00:00,21.6,1015.3,100.0
2023-12-16 00:00:00,21.2,1015.2,73.14964788312554
2023-12-16 03:00:00,20.6,1016.6,71.19447449796581
2023-12-16 06:00:00,25.7,1017.3,55.053231846767936
2023-12-16 09:00:00,28.6,1014.3,36.30442532580979
2023-12-16 12:00:00,27.0,1014.0,33.990150562352525
2023-12-16 15:00:00,19.4,1015.9,63.5175342376094
2023-12-16 18:00:00,17.6,1016.1,65.24765286244165
2023-12-16 21:00:00,15.6,1015.7,72.62729544777584
2023-12-17 00:00:00,16.2,1015.4,59.89458600957478
2023-12-17 03:00:00,17.0,1017.5,62.55731273715656
2023-12-17 06:00:00,25.6,1017.5,45.32877242250413
2023-12-17 09:00:00,28.4,1014.4,39.21479590600326
2023-12-17 12:00:00,26.4,1014.4,40.21963869468573
2023-12-17 15:00:00,20.2,1016.3,59.26262508250474
2023-12-17 18:00:00,17.8,1017.3,67.04201977928965
2023-12-17 21:00:00,17.0,1017.1,70.05166142718224
2023-12-18 00:00:00,17.0,1017.5,66.43173411999655
2023-12-18 03:00:00,18.0,1019.5,61.95539331922447
2023-12-18 06:00:00,25.4,1019.4,38.889612646783306
2023-12-18 09:00:00,27.6,1016.3,27.144788890715336
2023-12-18 12:00:00,25.4,1016.3,30.274956035198404
2023-12-18 15:00:00,22.4,1018.4,42.116807726600044
2023-12-18 18:00:00,20.2,1019.3,49.51458051910036
2023-12-18 21:00:00,17.6,1018.6,61.45102053516474
2023-12-19 00:00:00,17.0,1018.3,60.90030424445174
2023-12-19 03:00:00,16.8,1020.1,60.44462846023904
2023-12-19 06:00:00,23.6,1020.4,38.640937807490175
2023-12-19 09:00:00,25.6,1016.9,34.05400360633955
2023-12-19 12:00:00,24.4,1017.2,34.646769176037054
2023-12-19 15:00:00,22.6,1018.1,39.953197640847385
2023-12-19 18:00:00,20.0,1018.8,47.8187783209014
2023-12-19 21:00:00,19.0,1017.8,54.43155899368546
2023-12-20 00:00:00,17.0,1017.8,63.82603585244044
2023-12-20 03:00:00,17.6,1019.6,52.619216182914606
2023-12-20 06:00:00,23.0,1019.6,37.69365120885062
2023-12-20 09:00:00,25.8,1016.6,34.34151939577973
2023-12-20 12:00:00,24.0,1016.2,40.62068282859552
2023-12-20 15:00:00,22.0,1017.4,44.63320246941399
2023-12-20 18:00:00,20.4,1017.3,45.09634101437129
2023-12-20 21:00:00,18.8,1015.9,50.83124315109444
2023-12-21 00:00:00,17.6,1015.6,57.850552755588815
2023-12-21 03:00:00,18.2,1017.3,54.961925502591825
2023-12-21 06:00:00,23.2,1018.1,40.66805097913753
2023-12-21 09:00:00,25.8,1014.7,36.97591713234302
2023-12-21 12:00:00,25.0,1014.3,38.26103217015718
2023-12-21 15:00:00,20.4,1015.9,59.31046034978106
2023-12-21 18:00:00,20.6,1015.7,47.022519602348794
2023-12-21 21:00:00,19.0,1014.4,52.63184633499437
2023-12-22 00:00:00,17.8,1014.1,57.899916330063206
2023-12-22 03:00:00,18.4,1016.3,55.38465855750283
2023-12-22 06:00:00,23.6,1016.3,43.89397866495113
2023-12-22 09:00:00,28.4,1013.0,34.84088720984708
2023-12-22 12:00:00,26.4,1013.3,43.80142891158694
2023-12-22 15:00:00,23.0,1014.6,56.172285693768046
2023-12-22 18:00:00,21.4,1015.0,55.77337498065834
2023-12-22 21:00:00,19.4,1014.4,59.85807384514522
2023-12-23 00:00:00,17.6,1014.5,65.24765286244165
2023-12-23 03:00:00,18.4,1016.8,55.38465855750283
2023-12-23 06:00:00,24.4,1017.5,43.8248979213649
2023-12-23 09:00:00,28.6,1014.4,36.30442532580979
2023-12-23 12:00:00,27.2,1014.5,38.87973569807815
2023-12-23 15:00:00,21.0,1016.4,68.1361982731892
2023-12-23 18:00:00,19.2,1017.3,70.01729897448654
2023-12-23 21:00:00,20.0,1017.0,47.8187783209014
2023-12-24 00:00:00,19.4,1017.4,54.90028533397252
2023-12-24 03:00:00,19.0,1019.3,57.80821250204687
2023-12-24 06:00:00,25.2,1019.8,46.11683152073457
2023-12-24 09:00:00,28.8,1016.1,40.887297325663276
2023-12-24 12:00:00,27.6,1015.6,43.001947059179145
2023-12-24 15:00:00,21.4,1017.5,65.21122138445863
2023-12-24 18:00:00,18.0,1018.4,76.46472676151815
2023-12-26 12:00:00,28.2,1014.5,52.27884179837241
2023-12-26 15:00:00,21.5,1016.7,77.98918716838004
2023-12-26 18:00:00,20.0,1017.3,81.3101072483957
2023-12-26 21:00:00,18.0,1016.2,84.23976712899662
2023-12-27 00:00:00,17.0,1016.3,89.72698022064127
2023-12-27 03:00:00,18.0,1019.0,85.87560769615662
2023-12-27 06:00:00,25.4,1019.1,55.685949687242655
2023-12-27 09:00:00,28.6,1015.7,51.40032863646419
2023-12-27 12:00:00,27.4,1015.0,56.531617874228566
2023-12-27 15:00:00,22.0,1016.3,82.07643342444838
2023-12-27 18:00:00,19.6,1016.8,86.58100783026312
2023-12-27 21:00:00,20.4,1015.4,73.00931609495443
2023-12-28 00:00:00,20.0,1015.2,67.49544844818791
2023-12-28 03:00:00,19.8,1017.3,65.2922046207685
2023-12-28 06:00:00,25.4,1017.0,45.27401493750266
2023-12-28 09:00:00,28.2,1013.9,43.727646184935736
2023-12-28 12:00:00,27.0,1013.4,49.69935142548929
2023-12-28 15:00:00,21.2,1015.0,75.0356621166813
2023-12-28 18:00:00,21.6,1015.5,62.36850267963901
2023-12-28 21:00:00,20.2,1014.8,67.53624912686811
2023-12-29 00:00:00,19.0,1014.9,68.17624188935186
2023-12-29 03:00:00,19.2,1016.5,63.056482911986
2023-12-29 06:00:00,25.2,1016.6,50.19046683038073
2023-12-29 09:00:00,28.0,1013.4,48.08838553713478
2023-12-29 12:00:00,27.6,1012.8,55.17515984155883
2023-12-29 15:00:00,21.6,1015.2,80.49756918337606
2023-12-29 18:00:00,20.2,1015.2,85.01642619925445
2023-12-29 21:00:00,20.0,1014.6,74.35848005153662
2023-12-30 00:00:00,19.0,1014.1,80.66276457451087
2023-12-30 03:00:00,19.2,1016.1,75.6731269890769
2023-12-30 06:00:00,25.0,1016.3,61.16156608407452
2023-12-30 09:00:00,29.0,1013.5,49.28004652644674
2023-12-30 12:00:00,27.8,1013.0,52.84087610557299
2023-12-30 15:00:00,22.4,1014.5,74.28995470707756
2023-12-30 18:00:00,20.4,1014.6,81.36149554201421
2023-12-30 21:00:00,18.2,1014.2,82.12623755031767
2023-12-31 00:00:00,17.6,1013.9,88.06573120324506
2023-12-31 03:00:00,18.6,1015.8,84.30632435360548
2023-12-31 06:00:00,24.6,1015.9,63.438007568137486
2023-12-31 09:00:00,28.4,1012.7,44.06503931299219
2023-12-31 12:00:00,27.6,1011.9,52.79005868609021
2023-12-31 15:00:00,21.0,1014.1,73.11466043664565
2023-12-31 18:00:00,18.2,1014.9,82.12623755031767
2023-12-31 21:00:00,17.4,1014.5,85.81502859929192
