time,temp_c,slp_hpa,rh_pct
2023-01-01 00:00:00,20.6,1013.3,76.38391108279227
2023-01-01 03:00:00,18.0,1020.4,88.1001435273896
2023-01-01 06:00:00,22.4,1019.6,66.26660576599681
2023-01-01 09:00:00,25.0,1016.2,61.16156608407452
2023-01-01 12:00:00,22.2,1016.7,72.40123365463968
2023-01-01 15:00:00,21.0,1018.6,73.11466043664565
2023-01-01 18:00:00,19.0,1018.5,80.66276457451087
2023-01-01 21:00:00,17.4,1017.3,85.81502859929192
2023-01-02 00:00:00,17.0,1017.4,89.72698022064127
2023-01-02 03:00:00,18.0,1020.2,82.10130241225859
2023-01-02 06:00:00,22.8,1019.8,57.22712564566126
2023-01-02 09:00:00,24.6,1017.5,48.11143498574913
2023-01-02 12:00:00,22.0,1017.5,65.75997484481925
2023-01-02 15:00:00,18.4,1019.7,80.58262590477159
2023-01-02 18:00:00,18.6,1019.8,78.56151959545844
2023-01-02 21:00:00,17.6,1018.3,85.83526358356409
2023-01-03 00:00:00,15.4,1019.0,95.59825364282388
2023-01-03 03:00:00,15.8,1021.3,91.39340279686098
2023-01-03 06:00:00,19.0,1020.0,79.126223220217
2023-01-03 09:00:00,22.6,1017.3,60.2197260383753
2023-01-03 12:00:00,19.2,1017.4,77.14836978029265
2023-01-03 15:00:00,15.4,1019.2,91.36785638670548
2023-01-03 18:00:00,14.6,1018.8,93.11914142350814
2023-01-03 21:00:00,13.8,1018.7,90.66712933521302
2023-01-04 00:00:00,15.2,1018.9,86.71638310525658
2023-01-04 03:00:00,16.0,1021.3,81.31547573150462
2023-01-04 06:00:00,18.2,1020.8,85.34807689648305
2023-01-04 09:00:00,21.0,1017.3,64.70523940925912
2023-01-04 12:00:00,19.0,1017.0,71.8231453434557
2023-01-04 15:00:00,15.6,1018.8,85.07395174159251
2023-01-04 18:00:00,14.8,1019.0,91.32932651758927
2023-01-04 21:00:00,14.0,1019.1,88.91183607623559
2023-01-05 00:00:00,12.8,1019.6,90.59737196340785
2023-01-05 03:00:00,14.2,1022.5,84.36429589423176
2023-01-05 06:00:00,18.8,1021.5,64.64976086204504
2023-01-05 09:00:00,22.0,1017.5,56.659698507038094
2023-01-05 12:00:00,19.6,1017.7,65.24925637161338
2023-01-05 15:00:00,18.0,1019.4,74.50117291249502
2023-01-05 18:00:00,16.6,1019.9,81.39364015704444
2023-01-05 21:00:00,15.2,1018.9,86.71638310525658
2023-01-06 00:00:00,12.4,1018.6,83.59836147539178
2023-01-06 03:00:00,13.5,1021.6,80.9846622529015
2023-01-06 06:00:00,19.4,1020.3,59.85807384514522
2023-01-06 09:00:00,23.0,1016.8,47.36411488416402
2023-01-06 12:00:00,20.4,1017.2,57.76849620084692
2023-01-06 15:00:00,17.2,1019.4,73.87901308111256
2023-01-06 18:00:00,15.4,1019.9,82.85327607713758
2023-01-06 21:00:00,14.6,1017.9,86.65852074243855
2023-01-07 00:00:00,12.0,1017.9,88.15583421968617
2023-01-07 03:00:00,13.6,1020.2,75.24482032830701
2023-01-07 06:00:00,18.8,1018.1,57.759004677752046
2023-01-07 09:00:00,22.2,1014.4,55.246107413011515
2023-01-07 12:00:00,19.4,1014.8,71.8963196457012
2023-01-07 15:00:00,14.8,1016.2,86.6778489821316
2023-01-07 18:00:00,13.2,1016.3,90.62536676786807
2023-01-07 21:00:00,13.0,1015.5,90.61138473351019
2023-01-08 00:00:00,12.4,1016.0,88.19074924278162
2023-01-08 03:00:00,14.8,1018.6,84.43134229184749
2023-01-08 06:00:00,20.2,1017.5,62.45824686119664
2023-01-08 09:00:00,23.4,1015.6,49.38778468739456
2023-01-08 12:00:00,21.0,1014.8,64.70523940925912
2023-01-08 15:00:00,18.6,1016.3,75.08766810739822
2023-01-08 18:00:00,16.4,1016.9,83.51555428322855
2023-01-08 21:00:00,15.4,1016.2,87.30307866082929
2023-01-09 00:00:00,13.4,1016.7,85.96984513155628
2023-01-09 03:00:00,16.0,1019.8,68.9313969976708
2023-01-09 06:00:00,22.6,1018.8,54.62862970403762
2023-01-09 09:00:00,26.2,1015.5,48.539907031693666
2023-01-09 12:00:00,22.8,1015.6,61.838608568718016
2023-01-09 15:00:00,20.0,1017.2,68.82162822950846
2023-01-09 18:00:00,18.2,1017.1,74.5350464901098
2023-01-09 21:00:00,16.2,1016.2,87.37645845218667
2023-01-10 00:00:00,13.6,1016.4,81.53981721846584
2023-01-10 03:00:00,15.2,1018.7,68.31010376928523
2023-01-10 06:00:00,23.0,1017.6,34.96245982322969
2023-01-10 09:00:00,26.4,1014.4,32.9213808361262
2023-01-10 12:00:00,22.0,1015.2,59.6905556570869
2023-01-10 15:00:00,16.0,1014.8,73.1832774109244
2023-01-10 18:00:00,14.0,1015.0,77.87481220532347
2023-01-10 21:00:00,13.4,1014.7,79.36298137795895
2023-01-11 00:00:00,14.4,1014.4,73.88050108878636
2023-01-11 03:00:00,16.0,1017.1,67.11266249699416
2023-01-11 06:00:00,23.0,1015.5,36.42969287986185
2023-01-11 09:00:00,24.8,1012.2,39.242326989275924
2023-01-11 12:00:00,21.0,1012.3,49.06919529466931
2023-01-11 15:00:00,17.0,1013.9,66.43173411999655
2023-01-11 18:00:00,14.8,1014.1,73.95050215342924
2023-01-11 21:00:00,14.0,1012.8,79.98013785298218
2023-01-12 00:00:00,13.6,1012.9,81.53981721846584
2023-01-12 03:00:00,16.4,1015.3,73.2543740745044
2023-01-12 06:00:00,22.2,1014.6,47.7783314337672
2023-01-12 09:00:00,25.4,1010.9,30.274956035198404
2023-01-12 12:00:00,21.2,1010.8,53.91475383807344
2023-01-12 15:00:00,16.6,1012.1,67.6871892411154
2023-01-12 18:00:00,15.2,1012.6,76.52099903741194
2023-01-12 21:00:00,15.0,1012.1,78.5453271453219
2023-01-13 00:00:00,16.2,1012.6,83.49220888976578
2023-01-13 03:00:00,20.0,1015.1,72.470856291407
2023-01-13 06:00:00,26.6,1014.5,63.87218705566132
2023-01-13 09:00:00,28.2,1011.2,53.276813221396324
2023-01-13 12:00:00,25.2,1011.5,72.92833389963405
2023-01-13 15:00:00,22.0,1013.5,85.73573371041086
2023-01-13 18:00:00,21.2,1012.9,88.92223841871977
2023-01-13 21:00:00,19.2,1012.3,88.20251315419341
2023-01-14 00:00:00,18.6,1012.1,86.48509093163098
2023-01-14 03:00:00,22.6,1014.0,84.21619689321432
2023-01-14 06:00:00,25.0,1013.7,71.10528271258221
2023-01-14 09:00:00,27.0,1010.7,63.95820133697369
2023-01-14 12:00:00,25.0,1011.4,75.65014160748107
2023-01-14 15:00:00,21.4,1013.3,87.29342856926559
2023-01-14 18:00:00,20.4,1013.4,90.54172022816981
2023-01-14 21:00:00,19.4,1012.1,92.1959129371279
2023-01-15 00:00:00,18.4,1012.8,98.13533075121077
2023-01-15 03:00:00,19.6,1014.3,90.48668042796811
2023-01-15 06:00:00,24.0,1013.5,67.44315945194963
2023-01-15 09:00:00,26.0,1011.0,55.12789240334629
2023-01-15 12:00:00,23.2,1010.2,60.7486535053691
2023-01-15 15:00:00,19.4,1013.3,70.0557464467342
2023-01-15 18:00:00,17.8,1013.2,85.85545657849421
2023-01-15 21:00:00,17.0,1013.0,88.01383893644437
2023-01-16 00:00:00,16.2,1014.7,75.1794522451566
2023-01-16 03:00:00,17.0,1016.1,79.87241483728825
2023-01-16 06:00:00,21.4,1016.3,52.557633204221474
2023-01-16 09:00:00,23.2,1013.4,51.99455387694659
2023-01-16 12:00:00,20.8,1013.6,66.35948323849591
2023-01-16 15:00:00,18.6,1015.4,71.2836802364205
2023-01-16 18:00:00,16.2,1014.9,79.2398821854657
2023-01-16 21:00:00,15.2,1013.5,85.03111830312803
2023-01-17 00:00:00,15.8,1014.3,80.75802863511915
2023-01-17 03:00:00,17.0,1017.6,66.43173411999655
2023-01-17 06:00:00,21.0,1016.7,53.863339310332655
2023-01-17 09:00:00,22.8,1013.6,54.32355847500404
2023-01-17 12:00:00,20.6,1014.1,66.31767050651304
2023-01-17 15:00:00,19.0,1016.1,66.41470677414787
2023-01-17 18:00:00,17.4,1016.2,77.87699805374835
2023-01-17 21:00:00,16.6,1015.9,85.18025947599503
2023-01-18 00:00:00,16.0,1016.0,87.35817171892187
2023-01-18 03:00:00,17.2,1018.8,70.09039542480637
2023-01-18 06:00:00,21.2,1018.4,52.505443997133426
2023-01-18 09:00:00,22.2,1015.2,56.70909643936152
2023-01-18 12:00:00,20.8,1016.1,59.796425120302324
2023-01-18 15:00:00,18.8,1018.6,69.94020031223228
2023-01-18 18:00:00,18.0,1019.0,74.50117291249502
2023-01-18 21:00:00,17.4,1016.8,77.87699805374835
2023-01-19 00:00:00,16.6,1017.4,73.77464045947974
2023-01-19 03:00:00,17.0,1020.1,66.43173411999655
2023-01-19 06:00:00,21.6,1019.4,49.89113866982209
2023-01-19 09:00:00,23.4,1015.8,47.78742635626569
2023-01-19 12:00:00,21.4,1015.7,54.32336862127332
2023-01-19 15:00:00,17.0,1017.2,75.80754074677424
2023-01-19 18:00:00,14.6,1017.2,84.40903988678241
2023-01-19 21:00:00,14.0,1016.5,86.600289970592
2023-01-20 00:00:00,15.0,1015.8,74.48026125044981
2023-01-20 03:00:00,17.0,1018.5,79.87241483728825
2023-01-20 06:00:00,22.6,1018.4,45.402995927968576
2023-01-20 09:00:00,24.4,1015.6,43.8248979213649
2023-01-20 12:00:00,21.6,1015.2,60.77061822191757
2023-01-20 15:00:00,18.8,1016.4,64.64976086204504
2023-01-20 18:00:00,15.0,1016.5,78.5453271453219
2023-01-20 21:00:00,13.8,1014.9,82.11015152601426
2023-01-21 00:00:00,13.0,1015.4,88.24283981555196
2023-01-21 03:00:00,17.0,1017.7,73.84428683469146
2023-01-21 06:00:00,24.0,1016.4,44.59267239030187
2023-01-21 09:00:00,26.2,1013.0,44.9038714895109
2023-01-21 12:00:00,22.8,1013.0,65.09159530734026
2023-01-21 15:00:00,21.8,1014.5,67.42684674439127
2023-01-21 18:00:00,19.6,1014.6,72.39905592806319
2023-01-21 21:00:00,16.0,1014.0,82.92582750051312
2023-01-22 00:00:00,15.0,1013.9,88.99298972017739
2023-01-22 03:00:00,18.0,1016.4,82.10130241225859
2023-01-22 06:00:00,26.4,1016.1,50.182289520321945
2023-01-22 09:00:00,28.4,1012.7,48.81145236907877
2023-01-22 12:00:00,24.6,1012.3,75.58646829846579
2023-01-22 15:00:00,20.0,1014.6,81.3101072483957
2023-01-22 18:00:00,19.8,1014.4,81.28433674432983
2023-01-22 21:00:00,18.2,1014.1,86.44644409809676
2023-01-23 00:00:00,17.0,1014.1,85.77443221262807
2023-01-23 03:00:00,20.0,1015.4,77.76603602176817
2023-01-23 06:00:00,27.0,1014.7,58.6053007570548
2023-01-23 09:00:00,29.2,1011.7,54.200838000686836
2023-01-23 12:00:00,27.6,1011.2,54.14162894034234
2023-01-23 15:00:00,22.4,1013.1,80.60344588733471
2023-01-23 18:00:00,20.8,1013.7,85.0794567259643
2023-01-23 21:00:00,18.8,1013.4,92.16146182468223
2023-01-24 00:00:00,18.6,1013.7,93.91174237662614
2023-01-24 03:00:00,20.2,1015.9,90.52800432378555
2023-01-24 06:00:00,26.0,1015.1,87.17199233244091
2023-01-24 09:00:00,28.4,1012.3,61.16586545008611
2023-01-24 12:00:00,25.4,1012.5,71.62083740281858
2023-01-24 15:00:00,22.2,1013.9,84.17230815633675
2023-01-24 18:00:00,20.8,1013.9,87.23920246966593
2023-01-24 21:00:00,20.2,1012.8,86.63808211113414
2023-01-25 00:00:00,19.6,1013.5,93.95667425471608
2023-01-25 03:00:00,21.0,1016.2,87.25731534029728
2023-01-25 06:00:00,27.0,1014.9,58.6053007570548
2023-01-25 09:00:00,29.6,1011.1,50.06252402144553
2023-01-25 12:00:00,26.4,1011.0,65.03350399798012
2023-01-25 15:00:00,23.6,1012.7,71.74337958668197
2023-01-25 18:00:00,22.2,1013.2,80.57705408572946
2023-01-25 21:00:00,21.0,1012.3,81.95274097068757
2023-01-26 00:00:00,19.0,1012.5,88.18554132284771
2023-01-26 03:00:00,21.8,1014.7,80.52411586044471
2023-01-26 06:00:00,29.6,1014.0,46.41150114714314
2023-01-26 09:00:00,30.0,1011.3,42.28779086879617
2023-01-26 12:00:00,27.4,1010.9,53.75062877635818
2023-01-26 15:00:00,24.4,1013.4,63.39421028075536
2023-01-26 18:00:00,21.2,1013.5,80.44432006422227
2023-01-26 21:00:00,20.0,1013.1,84.99533007192596
2023-01-27 00:00:00,19.4,1013.8,88.21944930473586
2023-01-27 03:00:00,23.0,1015.5,68.1002284486751
2023-01-27 06:00:00,27.0,1014.6,50.98677157890719
2023-01-27 09:00:00,29.0,1011.4,48.047970414933914
2023-01-27 12:00:00,27.0,1011.1,49.69935142548929
2023-01-27 15:00:00,22.0,1013.2,77.08681687030213
2023-01-27 18:00:00,20.6,1013.1,81.90291975518062
2023-01-27 21:00:00,19.2,1012.3,88.20251315419341
2023-01-28 00:00:00,20.2,1013.2,85.01642619925445
2023-01-28 03:00:00,22.0,1015.3,82.07643342444838
2023-01-28 06:00:00,25.4,1014.4,62.81713542633776
2023-01-28 09:00:00,27.0,1011.3,43.39821017416529
2023-01-28 12:00:00,25.0,1011.2,48.53416938934112
2023-01-28 15:00:00,21.4,1012.7,68.65527496551186
2023-01-28 18:00:00,20.0,1013.2,72.470856291407
2023-01-28 21:00:00,19.6,1012.4,72.39905592806319
2023-01-29 00:00:00,17.6,1013.7,76.4012091914653
2023-01-29 03:00:00,19.6,1016.0,63.56204708093991
2023-01-29 06:00:00,25.0,1014.9,39.56199534821496
2023-01-29 09:00:00,26.8,1011.8,33.70688769143851
2023-01-29 12:00:00,24.2,1012.1,38.291879791386705
2023-01-29 15:00:00,20.6,1013.7,51.65488057387804
2023-01-29 18:00:00,19.4,1014.5,63.5175342376094
2023-01-29 21:00:00,17.2,1014.1,75.84007888973122
2023-01-30 00:00:00,17.0,1014.6,81.44548898385827
2023-01-30 03:00:00,19.8,1016.8,75.77020064235057
2023-01-30 06:00:00,26.0,1015.9,59.11107828570813
2023-01-30 09:00:00,28.2,1012.5,46.03523480302828
2023-01-30 12:00:00,25.4,1012.6,52.90301503946089
2023-01-30 15:00:00,19.8,1014.3,77.73604009831854
2023-01-30 18:00:00,18.0,1014.2,84.23976712899662
2023-01-30 21:00:00,17.4,1012.9,88.04847038525622
2023-01-31 00:00:00,19.6,1013.5,84.95300821206541
2023-01-31 03:00:00,22.0,1015.1,73.75452283587201
2023-01-31 06:00:00,25.2,1013.9,59.675662881987066
2023-01-31 09:00:00,27.2,1011.5,57.55876022674434
2023-01-31 12:00:00,25.0,1010.7,61.16156608407452
2023-01-31 15:00:00,22.2,1012.4,72.40123365463968
2023-01-31 18:00:00,21.4,1012.8,78.46820659148995
2023-01-31 21:00:00,20.8,1011.8,79.8841909723908
2023-02-01 00:00:00,21.2,1012.2,65.16845708989669
2023-02-01 03:00:00,22.2,1014.8,64.54765713917364
2023-02-01 06:00:00,25.0,1014.7,56.66462278579749
2023-02-01 09:00:00,26.4,1011.1,47.66111593751544
2023-02-01 12:00:00,25.0,1011.3,53.83064226424435
2023-02-01 15:00:00,21.0,1012.9,75.00271964013787
2023-02-01 18:00:00,20.2,1013.3,74.3922547674494
2023-02-01 21:00:00,19.8,1012.5,74.32464288933063
2023-02-02 00:00:00,17.0,1013.3,70.05166142718224
2023-02-02 03:00:00,18.6,1016.7,62.50610587667005
2023-02-02 06:00:00,23.6,1015.8,45.3769273054145
2023-02-02 09:00:00,24.8,1012.6,44.22658327114008
2023-02-02 12:00:00,22.4,1012.5,53.86767061434077
2023-02-02 15:00:00,21.2,1014.0,57.963694801671686
2023-02-02 18:00:00,19.2,1014.5,73.74476286331554
2023-02-02 21:00:00,18.0,1013.9,80.52893541547579
2023-02-03 00:00:00,15.8,1014.3,87.33984624682459
2023-02-03 03:00:00,18.0,1015.7,76.46472676151815
2023-02-03 06:00:00,22.6,1015.3,54.27270138453844
2023-02-03 09:00:00,25.6,1011.8,45.32877242250413
2023-02-03 12:00:00,23.4,1010.7,56.636614581770104
2023-02-03 15:00:00,19.0,1012.9,71.8231453434557
2023-02-03 18:00:00,16.2,1012.9,87.37645845218667
2023-02-03 21:00:00,15.2,1012.1,86.71638310525658
2023-02-04 00:00:00,15.0,1012.3,88.99298972017739
2023-02-04 03:00:00,20.0,1014.7,68.82162822950846
2023-02-04 06:00:00,25.0,1013.5,48.53416938934112
2023-02-04 09:00:00,27.0,1009.8,32.86805728643941
2023-02-04 12:00:00,24.0,1009.6,44.59267239030187
2023-02-04 15:00:00,18.4,1011.0,71.24637545433755
2023-02-04 18:00:00,17.2,1011.9,75.84007888973122
2023-02-04 21:00:00,17.0,1010.9,73.84428683469146
2023-02-05 00:00:00,15.8,1011.3,85.09530172182048
2023-02-05 03:00:00,21.0,1014.1,61.82882049375357
2023-02-05 06:00:00,26.0,1013.2,40.910784503379595
2023-02-05 09:00:00,27.4,1010.0,31.25213165627388
2023-02-05 12:00:00,25.0,1010.3,44.57428083930522
2023-02-05 15:00:00,19.8,1011.6,65.2922046207685
2023-02-05 18:00:00,18.0,1012.5,80.52893541547579
2023-02-05 21:00:00,16.6,1011.7,81.39364015704444
2023-02-06 00:00:00,15.4,1012.3,87.30307866082929
2023-02-06 03:00:00,21.6,1014.4,65.25391544185001
2023-02-06 06:00:00,30.0,1013.2,30.727802760765467
2023-02-06 09:00:00,29.6,1009.8,23.03427955474568
2023-02-06 12:00:00,26.4,1009.3,38.91233315921081
2023-02-06 15:00:00,23.2,1010.3,46.178072860698386
2023-02-06 18:00:00,21.7,1010.6,66.12053110256703
2023-02-06 21:00:00,20.6,1010.3,87.22105196053376
2023-02-07 00:00:00,19.0,1009.7,93.92977440102698
2023-02-07 03:00:00,21.6,1012.5,88.95389452740015
2023-02-07 06:00:00,27.6,1011.9,48.91151361917081
2023-02-07 09:00:00,31.0,1009.1,28.25601392881749
2023-02-07 12:00:00,25.8,1009.3,44.50216079828186
2023-02-07 15:00:00,24.6,1010.8,56.204948951375734
2023-02-07 18:00:00,22.4,1010.9,72.43681558289073
2023-02-07 21:00:00,21.2,1009.9,83.5364376134923
2023-02-08 00:00:00,21.0,1010.4,90.58269290087725
2023-02-08 03:00:00,23.4,1012.5,88.00984897364455
2023-02-08 06:00:00,28.2,1012.6,61.12083252766046
2023-02-08 09:00:00,30.2,1009.9,41.538432027068275
2023-02-08 12:00:00,27.6,1009.1,46.46713497984191
2023-02-08 15:00:00,23.0,1011.3,69.84785753064332
2023-02-08 18:00:00,23.4,1011.6,84.303446850675
2023-02-08 21:00:00,22.8,1010.3,82.68619873809317
2023-02-09 00:00:00,21.4,1011.0,92.8817543813387
2023-02-09 03:00:00,21.8,1013.6,85.71570482965599
2023-02-09 06:00:00,27.0,1013.7,68.03983194402242
2023-02-09 09:00:00,28.2,1010.8,40.19441549030247
2023-02-09 12:00:00,26.0,1011.0,52.38113667098585
2023-02-09 15:00:00,23.2,1013.2,60.7486535053691
2023-02-09 18:00:00,20.0,1013.6,74.35848005153662
2023-02-09 21:00:00,18.2,1012.5,82.12623755031767
2023-02-10 00:00:00,16.8,1012.9,83.56210204241829
2023-02-10 03:00:00,21.0,1014.9,69.9109186693193
2023-02-10 06:00:00,27.0,1014.4,43.39821017416529
2023-02-10 09:00:00,29.4,1011.3,27.821531889749885
2023-02-10 12:00:00,26.4,1010.8,38.91233315921081
2023-02-10 15:00:00,22.4,1011.7,51.10736991039426
2023-02-10 18:00:00,21.2,1012.2,70.3987429102977
2023-02-10 21:00:00,20.0,1012.1,79.77420892653373
2023-02-11 00:00:00,19.0,1011.7,88.18554132284771
2023-02-11 03:00:00,23.6,1013.9,88.02677396309889
2023-02-11 06:00:00,29.0,1012.6,61.67879224265577
2023-02-11 09:00:00,32.4,1008.9,52.68765751422521
2023-02-11 12:00:00,28.6,1008.5,48.86418183564483
2023-02-11 15:00:00,25.4,1011.5,66.88311494829222
2023-02-11 18:00:00,24.2,1011.9,83.36164573364587
2023-02-11 21:00:00,23.2,1010.0,87.992888940916
2023-02-12 00:00:00,23.0,1010.8,87.97589377078442
2023-02-12 03:00:00,24.4,1013.2,73.70091272937036
2023-02-12 06:00:00,29.2,1013.3,43.71989435390604
2023-02-12 09:00:00,30.4,1011.3,35.39840013501242
2023-02-12 12:00:00,28.4,1010.8,38.203127237602175
2023-02-12 15:00:00,23.8,1012.5,55.64663035540388
2023-02-12 18:00:00,23.4,1013.5,43.83834184284298
2023-02-12 21:00:00,22.8,1012.7,45.76232090957078
2023-02-13 00:00:00,18.0,1013.2,54.91060062099143
2023-02-13 03:00:00,22.6,1015.0,39.953197640847385
2023-02-13 06:00:00,27.0,1015.0,30.513769306545456
2023-02-13 09:00:00,27.2,1011.6,27.788230090490153
2023-02-13 12:00:00,25.2,1011.8,37.05453130036736
2023-02-13 15:00:00,19.8,1014.2,55.36993599891513
2023-02-13 18:00:00,18.0,1014.7,61.95539331922447
2023-02-13 21:00:00,17.4,1013.5,64.77209984585141
2023-02-14 00:00:00,16.6,1014.7,64.16519997514996
2023-02-14 03:00:00,19.6,1016.9,47.06526043253252
2023-02-14 06:00:00,25.0,1015.3,30.79226138849162
2023-02-14 09:00:00,27.2,1010.9,28.55907992822089
2023-02-14 12:00:00,27.2,1010.9,28.55907992822089
2023-02-14 15:00:00,21.0,1012.2,46.18976914884833
2023-02-14 18:00:00,19.0,1012.6,56.28533522138947
2023-02-14 21:00:00,17.2,1011.3,64.72828898344011
2023-02-15 00:00:00,14.4,1011.8,80.03600697911848
2023-02-15 03:00:00,20.6,1013.4,48.63301940755777
2023-02-15 06:00:00,26.2,1012.7,30.290923859994912
2023-02-15 09:00:00,27.2,1009.8,27.409742417067456
2023-02-15 12:00:00,25.2,1010.2,36.07073271020186
2023-02-15 15:00:00,20.8,1012.1,54.891970429038786
2023-02-15 18:00:00,19.6,1013.1,61.913379408615334
2023-02-15 21:00:00,18.2,1012.0,76.49639500269146
2023-02-16 00:00:00,16.0,1012.3,79.21120375812941
2023-02-16 03:00:00,21.0,1014.5,58.679827935321086
2023-02-16 06:00:00,26.2,1014.3,37.58632040471237
2023-02-16 09:00:00,29.0,1011.5,33.42708851963113
2023-02-16 12:00:00,26.8,1011.8,40.597376966612664
2023-02-16 15:00:00,21.8,1014.1,69.1748505703849
2023-02-16 18:00:00,21.6,1015.1,75.57843550109602
2023-02-16 21:00:00,21.0,1014.0,73.11466043664565
2023-02-17 00:00:00,18.6,1013.6,88.15149022709771
2023-02-17 03:00:00,22.0,1015.1,82.07643342444838
2023-02-17 06:00:00,27.0,1015.1,61.230427426020874
2023-02-17 09:00:00,28.2,1012.4,56.02032023794125
2023-02-17 12:00:00,26.2,1012.2,67.46242360250821
2023-02-17 15:00:00,24.6,1013.7,72.37235517024858
2023-02-17 18:00:00,23.6,1014.6,84.84545097606222
2023-02-17 21:00:00,23.0,1013.5,84.25990949023968
2023-02-18 00:00:00,22.8,1013.2,85.81544188377062
2023-02-18 03:00:00,23.0,1016.2,85.83526762261728
2023-02-18 06:00:00,27.0,1015.2,69.73535987777385
2023-02-18 09:00:00,27.8,1011.9,64.52631135592681
2023-02-18 12:00:00,25.2,1012.2,72.92833389963405
2023-02-18 15:00:00,24.0,1014.5,81.31250928232977
2023-02-18 18:00:00,22.2,1014.6,89.00113039766441
2023-02-18 21:00:00,21.4,1013.1,90.6098629586287
2023-02-19 00:00:00,22.0,1013.7,92.91284830656912
2023-02-19 03:00:00,23.0,1015.9,91.27459428964966
2023-02-19 06:00:00,27.2,1014.9,68.49913989698025
2023-02-19 09:00:00,29.4,1011.0,55.617075987669494
2023-02-19 12:00:00,28.2,1010.8,62.265326482850305
2023-02-19 15:00:00,25.6,1012.6,77.6269764291538
2023-02-19 18:00:00,24.2,1012.9,81.33784349698335
2023-02-19 21:00:00,23.0,1011.7,82.70996817603475
2023-02-20 00:00:00,22.0,1011.7,88.98541809305104
2023-02-20 03:00:00,25.0,1014.0,84.99158907366431
2023-02-20 06:00:00,30.0,1013.0,58.58138510397075
2023-02-20 09:00:00,31.2,1010.1,52.710735539122425
2023-02-20 12:00:00,29.0,1010.2,61.67879224265577
2023-02-20 15:00:00,26.2,1011.9,76.30487547759344
2023-02-20 18:00:00,24.6,1012.3,89.72957675197986
2023-02-20 21:00:00,23.0,1011.3,89.61193893447619
2023-02-21 00:00:00,24.0,1011.6,93.01505522924245
2023-02-21 03:00:00,26.2,1013.7,81.09527108176809
2023-02-21 06:00:00,29.2,1013.6,60.59552793348259
2023-02-21 09:00:00,31.4,1010.5,49.59587656532929
2023-02-21 12:00:00,30.0,1010.2,44.50001175620574
2023-02-21 15:00:00,26.4,1011.8,82.60642273476351
2023-02-21 18:00:00,24.5,1011.7,87.56830259551691
2023-02-21 21:00:00,23.6,1010.9,89.65628406436801
2023-02-22 00:00:00,23.8,1011.3,89.67100396425253
2023-02-22 03:00:00,25.6,1012.9,82.01145278638
2023-02-22 06:00:00,31.0,1011.6,53.64502413942176
2023-02-22 09:00:00,33.6,1008.8,49.250585482881746
2023-02-22 12:00:00,29.4,1008.3,58.0813190585354
2023-02-22 15:00:00,27.0,1009.8,75.50441651181359
2023-02-22 18:00:00,25.2,1010.2,79.00924587469251
2023-02-22 21:00:00,25.0,1010.1,83.45262666598398
2023-02-23 00:00:00,23.2,1010.5,89.62675163391533
2023-02-23 03:00:00,26.4,1013.3,79.65835252904961
2023-02-23 06:00:00,31.6,1012.8,26.234628279844003
2023-02-23 09:00:00,33.8,1010.2,27.35441607706756
2023-02-23 12:00:00,30.6,1010.4,38.81441450611498
2023-02-23 15:00:00,27.4,1011.8,60.18498206209946
2023-02-23 18:00:00,26.6,1012.0,63.87218705566132
2023-02-23 21:00:00,25.2,1011.6,71.1418217419436
2023-02-24 00:00:00,24.4,1012.1,86.49898460860861
2023-02-24 03:00:00,26.0,1014.7,77.68587617563927
2023-02-24 06:00:00,30.4,1013.8,61.61247622848766
2023-02-24 09:00:00,32.0,1011.1,48.83593138119181
2023-02-24 12:00:00,30.0,1011.6,62.279197326402645
2023-02-24 15:00:00,27.4,1013.8,78.36224761821416
2023-02-24 18:00:00,25.4,1014.6,85.03296693933086
2023-02-24 21:00:00,24.6,1014.1,86.51781437617485
2023-02-25 00:00:00,24.2,1015.0,91.34950480267452
2023-02-25 03:00:00,26.0,1016.9,84.07244076824206
2023-02-25 06:00:00,30.4,1016.7,61.61247622848766
2023-02-25 09:00:00,31.8,1013.7,39.145494008561734
2023-02-25 12:00:00,30.6,1013.6,33.65098588696691
2023-02-25 15:00:00,27.0,1016.0,63.95820133697369
2023-02-25 18:00:00,24.4,1016.3,73.70091272937036
2023-02-25 21:00:00,23.0,1015.7,81.18509420602786
2023-02-26 00:00:00,21.6,1017.1,80.49756918337606
2023-02-26 03:00:00,24.6,1019.2,63.438007568137486
2023-02-26 06:00:00,31.6,1018.4,40.099872392856064
2023-02-26 09:00:00,32.6,1015.0,39.11661115604246
2023-02-26 12:00:00,30.4,1014.4,49.6455182941857
2023-02-26 15:00:00,28.2,1015.7,62.265326482850305
2023-02-26 18:00:00,26.6,1016.3,70.95832333742634
2023-02-26 21:00:00,24.6,1016.0,77.00183279014861
2023-02-27 00:00:00,22.0,1016.2,88.98541809305104
2023-02-27 03:00:00,25.6,1018.5,80.52645239736388
2023-02-27 06:00:00,29.8,1017.7,62.23530658956874
2023-02-27 09:00:00,31.6,1014.5,54.12510474048353
2023-02-27 12:00:00,30.0,1014.1,52.73546662209652
2023-02-27 15:00:00,27.0,1015.4,56.07951487572317
2023-02-27 18:00:00,26.2,1016.4,59.15801200288633
2023-02-27 21:00:00,25.2,1015.8,62.37822151444744
2023-02-28 00:00:00,23.6,1016.0,88.02677396309889
2023-02-28 03:00:00,25.2,1018.8,71.1418217419436
2023-02-28 06:00:00,31.0,1018.0,38.18234194260357
2023-02-28 09:00:00,33.4,1015.6,25.16782514156034
2023-02-28 12:00:00,31.4,1014.7,26.891944375247117
2023-02-28 15:00:00,25.0,1016.5,52.460986040966226
2023-02-28 18:00:00,24.4,1017.3,69.24033252213863
2023-02-28 21:00:00,24.0,1016.1,73.63287364526842
2023-03-01 00:00:00,22.6,1016.8,87.40087535726879
2023-03-01 03:00:00,25.2,1018.9,81.96262342273943
2023-03-01 06:00:00,31.6,1018.1,50.26671267876205
2023-03-01 09:00:00,33.0,1014.6,37.524246972641585
2023-03-01 12:00:00,31.0,1014.5,42.56104163490366
2023-03-01 15:00:00,28.0,1016.6,63.385341541150645
2023-03-01 18:00:00,26.0,1016.9,74.88452551485119
2023-03-01 21:00:00,24.8,1015.6,83.42994899232998
2023-03-02 00:00:00,24.0,1016.5,91.33708576167582
2023-03-02 03:00:00,26.0,1018.3,80.57864267765963
2023-03-02 06:00:00,31.6,1017.5,46.36105984341474
2023-03-02 09:00:00,33.6,1014.2,32.544116665394505
2023-03-02 12:00:00,31.2,1013.8,40.50335344032537
2023-03-02 15:00:00,27.2,1015.7,48.493766828758595
2023-03-02 18:00:00,26.0,1016.0,53.73908875879271
2023-03-03 09:00:00,34.0,1014.8,23.383364207552248
2023-03-03 12:00:00,31.2,1013.8,40.50335344032537
2023-03-03 15:00:00,25.4,1015.9,51.55799129462455
2023-03-03 18:00:00,24.8,1016.3,56.615701950203146
2023-03-03 21:00:00,24.0,1015.8,64.5233560338738
2023-03-04 00:00:00,23.6,1016.2,65.67702067744715
2023-03-04 03:00:00,27.4,1018.7,40.234436997747274
2023-03-04 06:00:00,32.6,1017.5,32.27003646355763
2023-03-04 09:00:00,34.0,1013.7,27.769165877439523
2023-03-04 12:00:00,32.4,1012.7,33.928775115959056
2023-03-04 15:00:00,25.8,1015.1,59.06407540325651
2023-03-04 18:00:00,25.4,1015.5,61.2525557727852
2023-03-04 21:00:00,25.0,1014.4,62.33363766021803
2023-03-05 00:00:00,23.2,1015.6,57.69662256232537
2023-03-05 03:00:00,27.6,1017.9,45.285739177432845
2023-03-05 06:00:00,32.0,1016.8,33.382797528971295
2023-03-05 09:00:00,33.2,1013.2,33.93037139308301
2023-03-05 12:00:00,32.0,1012.5,33.382797528971295
2023-03-05 15:00:00,26.4,1013.9,59.578657328843455
2023-03-05 18:00:00,26.2,1014.8,58.04818884609648
2023-03-05 21:00:00,26.0,1013.1,57.63433267904622
2023-03-06 00:00:00,23.2,1014.7,65.17668373106751
2023-03-06 03:00:00,27.0,1016.7,39.860013982227635
2023-03-06 06:00:00,31.6,1016.2,32.84179786085809
2023-03-06 09:00:00,33.6,1014.0,34.40752278578547
2023-03-06 12:00:00,30.8,1011.8,35.97324771071284
2023-03-06 15:00:00,28.2,1012.7,43.727646184935736
2023-03-06 18:00:00,27.2,1013.3,48.493766828758595
2023-03-06 21:00:00,25.2,1013.1,57.44163556119123
2023-03-07 00:00:00,23.0,1013.8,66.81483777876102
2023-03-07 03:00:00,27.8,1016.7,40.87569237222421
2023-03-07 06:00:00,32.8,1016.5,26.030575786984055
2023-03-07 09:00:00,34.0,1013.2,27.996383475055318
2023-03-07 12:00:00,31.6,1012.3,29.96219116312658
2023-03-07 15:00:00,27.0,1014.1,43.39821017416529
2023-03-07 18:00:00,25.2,1014.9,59.675662881987066
2023-03-07 21:00:00,24.6,1014.5,67.98894000118018
2023-03-08 00:00:00,22.7,1015.0,71.58023898528766
2023-03-08 03:00:00,26.0,1017.5,48.48656876563434
2023-03-08 06:00:00,32.0,1016.9,32.52621265064335
2023-03-08 09:00:00,33.8,1014.3,30.167850803379036
2023-03-08 12:00:00,31.2,1013.1,32.30578783291035
2023-03-08 15:00:00,27.4,1015.5,41.57117327775255
2023-03-08 18:00:00,24.6,1014.8,57.66431548980472
2023-03-08 21:00:00,23.8,1013.3,64.07212844582271
2023-03-09 00:00:00,22.4,1014.2,62.95239911045817
2023-03-09 03:00:00,24.6,1016.3,59.15689306068407
2023-03-09 06:00:00,29.4,1016.2,44.055074845331326
2023-03-09 09:00:00,33.0,1013.3,38.488718673594086
2023-03-09 12:00:00,31.4,1012.6,45.16055512731829
2023-03-09 15:00:00,27.2,1013.8,55.076217243268445
2023-03-09 18:00:00,26.0,1013.8,63.34488035972379
2023-03-09 21:00:00,25.4,1012.5,65.63974012452589
2023-03-10 00:00:00,24.8,1013.3,66.76103701952412
2023-03-10 03:00:00,26.0,1015.8,70.4120836701745
2023-03-10 06:00:00,30.0,1015.4,52.73546662209652
2023-03-10 09:00:00,31.0,1012.2,43.65326872157307
2023-03-10 12:00:00,29.2,1012.1,54.200838000686836
2023-03-10 15:00:00,26.8,1013.2,58.55809877032945
2023-03-10 18:00:00,26.0,1016.3,67.42245330571328
2023-03-10 21:00:00,23.8,1013.4,65.71895042604378
2023-03-11 00:00:00,23.4,1013.5,71.70723841493773
2023-03-11 03:00:00,24.6,1016.6,60.68332422098103
2023-03-11 06:00:00,30.8,1015.2,36.91688394536331
2023-03-11 09:00:00,30.8,1012.8,39.120089148586175
2023-03-11 12:00:00,29.4,1012.3,39.49270164196813
2023-03-11 15:00:00,26.6,1013.7,51.86850699632642
2023-03-11 18:00:00,23.4,1014.1,64.39426988214862
2023-03-11 21:00:00,22.2,1013.3,75.67495386222414
2023-03-12 00:00:00,22.4,1013.7,75.7070072653873
2023-03-12 03:00:00,26.6,1015.2,51.86850699632642
2023-03-12 06:00:00,32.4,1014.3,33.06218344132711
2023-03-12 09:00:00,34.0,1011.3,32.236726877241026
2023-03-12 12:00:00,32.6,1011.7,35.09521658997688
2023-03-12 15:00:00,26.0,1012.4,63.34488035972379
2023-03-12 18:00:00,24.0,1012.9,69.16319209999386
2023-03-12 21:00:00,23.6,1012.3,70.40357180300315
2023-03-13 00:00:00,22.4,1012.4,75.7070072653873
2023-03-13 03:00:00,28.0,1014.1,51.89860867537005
2023-03-13 06:00:00,32.6,1012.4,39.11661115604246
2023-03-13 09:00:00,34.4,1009.2,36.27183771408724
2023-03-13 12:00:00,33.0,1008.6,38.488718673594086
2023-03-13 15:00:00,28.8,1010.2,57.58106758326406
2023-03-13 18:00:00,27.0,1010.4,57.51084662663192
2023-03-13 21:00:00,25.2,1010.1,66.84248971294873
2023-03-14 00:00:00,24.4,1010.4,75.5545437025466
2023-03-14 03:00:00,29.0,1011.8,60.550183383368285
2023-03-14 06:00:00,32.4,1010.7,47.15537254104221
2023-03-14 09:00:00,34.0,1007.3,33.93252255336334
2023-03-14 12:00:00,30.4,1007.0,45.176507999615254
2023-03-14 15:00:00,28.0,1008.1,50.60007897036122
2023-03-14 18:00:00,27.2,1008.2,60.1390247692376
2023-03-14 21:00:00,26.0,1007.5,66.17566859299606
2023-03-15 00:00:00,25.0,1007.7,71.10528271258221
2023-03-15 03:00:00,27.4,1010.7,59.06781959029238
2023-03-15 06:00:00,31.2,1010.4,52.710735539122425
2023-03-15 09:00:00,33.8,1007.8,33.87770331280664
2023-03-15 12:00:00,32.0,1006.8,42.56404372344561
2023-03-15 15:00:00,28.5,1008.8,60.81142198386693
2023-03-15 18:00:00,26.2,1009.7,71.76431122414668
2023-03-15 21:00:00,25.4,1009.5,75.71358128252226
2023-03-16 00:00:00,25.8,1010.2,85.59004257177266
2023-03-16 03:00:00,29.4,1012.6,71.03411577940795
2023-03-16 06:00:00,31.4,1012.6,63.34384135735378
2023-03-16 09:00:00,32.6,1009.7,48.39081829607048
2023-03-16 12:00:00,30.0,1008.9,58.58138510397075
2023-03-16 15:00:00,27.6,1011.8,76.98390463811192
2023-03-16 18:00:00,19.2,1013.9,100.0
2023-03-16 21:00:00,20.2,1011.6,98.16052340480562
2023-03-17 00:00:00,21.2,1010.7,90.59629238174392
2023-03-17 03:00:00,23.0,1014.5,89.61193893447619
2023-03-17 06:00:00,26.0,1013.5,79.12067626724064
2023-03-17 09:00:00,25.6,1011.5,76.21186522133068
2023-03-17 12:00:00,25.4,1011.1,80.5002818626729
2023-03-17 15:00:00,25.0,1012.4,78.98125580461064
2023-03-17 18:00:00,23.6,1011.3,86.42328080854222
2023-03-17 21:00:00,23.2,1010.9,84.2817000187918
2023-03-18 00:00:00,22.4,1011.1,92.93346602326532
2023-03-18 03:00:00,23.8,1013.2,84.86645400274385
2023-03-18 06:00:00,28.0,1013.1,71.64672861133928
2023-03-18 09:00:00,28.2,1009.1,72.99821296932988
2023-03-18 12:00:00,26.8,1008.0,76.86342849595185
2023-03-18 15:00:00,25.6,1009.8,87.13618000678832
2023-03-18 18:00:00,23.4,1011.2,89.64153331568741
2023-03-18 21:00:00,22.5,1007.9,86.85361747709983
2023-03-19 00:00:00,21.2,1009.7,88.92223841871977
2023-03-19 03:00:00,23.6,1011.7,81.2616924191531
2023-03-19 06:00:00,25.8,1010.2,74.85200261699907
2023-03-19 09:00:00,22.2,1007.8,89.00113039766441
2023-03-19 12:00:00,21.4,1007.7,92.8817543813387
2023-03-19 15:00:00,21.4,1009.2,94.61831009329433
2023-03-19 18:00:00,21.4,1009.6,94.61831009329433
2023-03-19 21:00:00,21.0,1008.3,94.60241342456621
2023-03-20 00:00:00,20.4,1008.3,96.3562396245616
2023-03-20 03:00:00,25.2,1009.9,79.00924587469251
2023-03-20 06:00:00,26.0,1008.5,76.27392919082712
2023-03-20 09:00:00,27.4,1006.7,76.95386898986409
2023-03-20 12:00:00,26.2,1005.7,76.30487547759344
2023-03-20 15:00:00,23.8,1008.6,76.40361175831273
2023-03-20 18:00:00,23.0,1008.3,87.97589377078442
2023-03-20 21:00:00,19.6,1008.1,96.33439556837557
2023-03-21 00:00:00,20.0,1008.2,98.15774943608241
2023-03-21 06:00:00,29.6,1010.0,67.31212756795189
2023-03-21 09:00:00,30.2,1006.3,56.504455252841076
2023-03-21 12:00:00,23.0,1007.0,79.19032580005634
2023-03-21 15:00:00,22.6,1009.5,85.795575729377
2023-03-21 18:00:00,22.4,1009.7,89.56731388016964
2023-03-22 00:00:00,21.0,1008.7,92.86091278956886
2023-03-22 03:00:00,24.2,1011.0,75.05484782499553
2023-03-22 06:00:00,29.0,1010.6,55.51934107513355
2023-03-22 09:00:00,31.0,1006.7,46.78487836772967
2023-03-22 12:00:00,28.8,1005.6,61.6342614843269
2023-03-22 15:00:00,27.2,1007.1,65.60582769317126
2023-03-22 18:00:00,25.6,1007.8,79.0650667975322
2023-03-22 21:00:00,24.4,1006.7,76.97148310021424
2023-03-23 00:00:00,23.4,1007.2,79.73963499838084
2023-03-23 03:00:00,26.8,1010.0,81.17128800561531
2023-03-23 06:00:00,30.6,1009.3,61.656767739717175
2023-03-23 09:00:00,32.6,1006.5,48.39081829607048
2023-03-23 12:00:00,28.0,1006.6,70.35037364356444
2023-03-23 15:00:00,26.0,1008.7,71.7285371211518
2023-03-23 18:00:00,25.0,1009.3,80.44778939452424
2023-03-23 21:00:00,23.4,1008.1,89.64153331568741
2023-03-24 00:00:00,23.0,1008.7,87.97589377078442
2023-03-24 03:00:00,28.6,1011.2,76.21281246926864
2023-03-24 06:00:00,32.6,1010.7,47.50135055929089
2023-03-24 09:00:00,33.4,1008.2,45.977751283807315
2023-03-24 12:00:00,31.6,1006.7,50.89250919922128
2023-03-24 15:00:00,28.6,1009.6,79.00337009946395
2023-03-24 18:00:00,20.6,1010.2,87.74334492704251
2023-03-24 21:00:00,25.2,1009.1,96.48331975462109
2023-03-25 00:00:00,26.2,1010.4,90.38476214988123
2023-03-25 03:00:00,29.0,1012.5,77.65543578652992
2023-03-25 06:00:00,33.2,1011.9,69.2266032222682
2023-03-25 09:00:00,34.4,1008.5,50.981169991683494
2023-03-25 12:00:00,32.2,1007.2,59.090770552518066
2023-03-25 15:00:00,29.2,1009.4,80.5095630310082
2023-03-25 18:00:00,28.0,1009.9,85.80667728802291
2023-03-25 21:00:00,27.0,1008.3,88.83751596451742
2023-03-26 00:00:00,26.2,1008.8,90.38476214988123
2023-03-26 03:00:00,29.0,1010.7,74.91450415439337
2023-03-26 06:00:00,33.6,1009.6,51.40088317557658
2023-03-26 09:00:00,34.6,1006.3,64.39740048201318
2023-03-26 12:00:00,27.2,1005.7,69.77298528509857
2023-03-26 15:00:00,28.0,1008.5,66.1763979306175
2023-03-26 18:00:00,25.0,1008.9,78.98125580461064
2023-03-26 21:00:00,24.0,1006.9,89.68569309935684
2023-03-27 00:00:00,24.2,1007.9,91.34950480267452
2023-03-27 03:00:00,26.6,1009.8,84.13765842724912
2023-03-27 06:00:00,30.8,1009.9,62.83365155694164
2023-03-27 09:00:00,31.6,1007.2,51.84401660919995
2023-03-27 12:00:00,30.2,1005.2,57.5576548506657
2023-03-27 15:00:00,28.4,1008.5,69.15080360685214
2023-03-27 18:00:00,27.6,1008.0,71.57535111923292
2023-03-27 21:00:00,27.0,1006.9,74.59053556051053
2023-03-28 00:00:00,25.0,1008.4,83.45262666598398
2023-03-28 03:00:00,28.6,1010.6,62.738525974561355
2023-03-28 06:00:00,32.4,1010.4,47.15537254104221
2023-03-28 09:00:00,34.4,1007.3,44.02068870730294
2023-03-28 12:00:00,31.8,1007.1,54.17441650106471
2023-03-28 15:00:00,28.6,1009.8,74.85017612547131
2023-03-28 18:00:00,27.6,1009.7,84.24549777703992
2023-03-28 21:00:00,27.0,1008.7,87.26088849314073
2023-03-29 00:00:00,27.2,1009.7,85.72845277885752
2023-03-29 03:00:00,29.8,1012.2,74.15162297941144
2023-03-29 06:00:00,33.0,1011.2,59.989879094366785
2023-03-29 09:00:00,34.0,1008.1,50.879846925795135
2023-03-29 12:00:00,32.0,1007.2,57.981228496846505
2023-03-29 15:00:00,29.0,1009.3,70.96187714437761
2023-03-29 18:00:00,28.2,1010.2,83.31179804309043
2023-03-29 21:00:00,27.4,1008.3,82.72371961951407
2023-03-30 00:00:00,26.2,1008.6,90.38476214988123
2023-03-30 03:00:00,29.6,1010.5,71.07014207384191
2023-03-30 06:00:00,33.0,1009.6,59.989879094366785
2023-03-30 09:00:00,34.6,1005.9,54.52982508908034
2023-03-30 12:00:00,31.2,1005.0,61.04527320720593
2023-03-30 15:00:00,28.4,1008.7,78.03469389209555
2023-03-30 18:00:00,26.0,1009.3,61.77549134798711
2023-03-30 21:00:00,25.4,1006.2,61.2525557727852
2023-03-31 00:00:00,24.0,1008.2,73.63287364526842
2023-03-31 03:00:00,26.0,1011.7,73.06652553542901
2023-03-31 06:00:00,28.6,1010.8,69.18880061124511
2023-03-31 09:00:00,28.6,1009.2,69.18880061124511
2023-03-31 12:00:00,27.2,1007.0,75.53609118292528
2023-03-31 15:00:00,26.0,1008.9,79.12067626724064
2023-03-31 18:00:00,25.4,1008.8,80.5002818626729
2023-03-31 21:00:00,22.0,1009.5,98.18521050372321
2023-04-01 00:00:00,21.8,1008.6,92.90250604151835
2023-04-01 06:00:00,26.4,1010.4,74.94939436271723
2023-04-01 09:00:00,26.6,1007.7,78.2479077819723
2023-04-01 12:00:00,26.2,1006.7,76.30487547759344
2023-04-01 15:00:00,24.8,1008.0,81.91360302673357
2023-04-01 18:00:00,20.2,1007.7,98.16052340480562
2023-04-01 21:00:00,22.0,1006.1,75.64284085753373
2023-04-02 00:00:00,21.4,1007.1,94.61831009329433
2023-04-02 03:00:00,25.0,1009.6,83.45262666598398
2023-04-02 06:00:00,29.2,1009.5,60.59552793348259
2023-04-02 09:00:00,32.4,1005.2,37.838777202693656
2023-04-02 12:00:00,31.0,1004.6,45.62401460732669
2023-04-02 15:00:00,27.6,1006.2,64.48394964994625
2023-04-02 18:00:00,26.4,1006.4,74.94939436271723
2023-04-02 21:00:00,25.2,1005.0,81.96262342273943
2023-04-03 00:00:00,24.0,1006.3,88.06051918717874
2023-04-03 03:00:00,29.8,1008.9,62.23530658956874
2023-04-03 06:00:00,33.4,1008.5,33.336931410509116
2023-04-03 09:00:00,34.8,1005.8,29.663764836352225
2023-04-03 12:00:00,32.6,1005.7,38.13566001710435
2023-04-03 15:00:00,29.2,1007.2,50.591568433033885
2023-04-03 18:00:00,28.2,1007.5,72.99821296932988
2023-04-03 21:00:00,27.0,1006.7,78.30518483755301
2023-04-04 00:00:00,26.0,1006.6,80.57864267765963
2023-04-04 03:00:00,30.8,1009.7,70.43939306440934
2023-04-04 06:00:00,34.6,1009.4,55.51953672301835
2023-04-04 09:00:00,34.2,1006.0,72.30089569944718
2023-04-04 12:00:00,31.2,1005.1,65.62945434667039
2023-04-04 15:00:00,28.8,1007.0,81.90716097068722
2023-04-04 18:00:00,26.0,1006.9,79.12067626724064
2023-04-04 21:00:00,27.2,1004.8,87.27855968744687
2023-04-05 00:00:00,26.8,1005.7,88.82186644716782
2023-04-05 06:00:00,33.0,1008.1,54.139154488709806
2023-04-05 09:00:00,35.0,1005.9,30.689533252523866
2023-04-05 12:00:00,34.0,1005.5,37.798615236203595
2023-04-05 15:00:00,29.0,1008.0,62.82580292280707
2023-04-05 18:00:00,26.8,1008.8,68.00051812091587
2023-04-05 21:00:00,25.2,1008.0,74.29392454783775
2023-04-06 00:00:00,26.0,1009.2,82.55918218789247
2023-04-06 03:00:00,31.0,1012.0,56.00535491373798
2023-04-06 06:00:00,34.4,1011.5,37.199052957418445
2023-04-06 09:00:00,36.0,1008.6,25.183331982544292
2023-04-06 12:00:00,34.2,1007.9,32.49917507008969
2023-04-06 15:00:00,29.0,1009.9,46.84304212720025
2023-04-06 18:00:00,29.0,1010.4,64.38421540041374
2023-04-06 21:00:00,28.4,1009.3,62.30944777937724
2023-04-07 00:00:00,27.6,1010.9,82.7470419948832
2023-04-07 03:00:00,30.4,1013.3,65.07093044891502
2023-04-07 06:00:00,35.2,1012.7,29.201434069041287
2023-04-07 09:00:00,36.2,1010.3,33.88784900273631
2023-04-07 12:00:00,35.8,1009.7,26.650492344062137
2023-04-07 15:00:00,30.2,1011.1,40.4871787997612
2023-04-07 18:00:00,29.4,1012.0,47.548518015880695
2023-04-07 21:00:00,29.0,1011.3,48.047970414933914
2023-04-08 00:00:00,28.0,1012.1,63.385341541150645
2023-04-08 03:00:00,30.6,1014.3,69.14973459026399
2023-04-08 06:00:00,34.8,1014.1,42.5243864024627
2023-04-08 09:00:00,36.8,1011.1,25.391323684756408
2023-04-08 12:00:00,35.0,1010.9,35.980066757968615
2023-04-08 15:00:00,30.8,1012.4,47.61966467250174
2023-04-08 18:00:00,30.0,1013.3,57.5102579017241
2023-04-08 21:00:00,29.2,1011.8,60.59552793348259
2023-04-09 00:00:00,27.6,1012.5,65.68864481870233
2023-04-09 03:00:00,31.4,1014.5,56.445824525394414
2023-04-09 06:00:00,35.6,1013.2,32.26012319959513
2023-04-09 09:00:00,36.6,1011.2,31.719253448790237
2023-04-09 12:00:00,35.0,1009.6,31.689209181689478
2023-04-09 15:00:00,29.0,1010.7,56.56535492258467
2023-04-09 18:00:00,29.0,1010.4,65.57515728735507
2023-04-09 21:00:00,28.6,1008.9,61.21083045335662
2023-04-10 00:00:00,27.2,1009.8,71.06754970374743
2023-04-10 03:00:00,32.0,1012.3,61.59314569456349
2023-04-10 06:00:00,35.8,1011.4,44.39358400099067
2023-04-10 09:00:00,37.0,1008.5,36.524784215721255
2023-04-10 12:00:00,35.4,1007.6,40.12867222168475
2023-04-10 15:00:00,32.2,1009.5,56.98193041235249
2023-04-10 18:00:00,31.0,1009.4,77.48613913975385
2023-04-10 21:00:00,30.2,1008.3,78.29124418971334
2023-04-11 00:00:00,28.8,1009.7,83.37928484286573
2023-04-11 03:00:00,32.0,1011.8,50.05946898334762
2023-04-11 06:00:00,36.8,1011.1,26.227596242259597
2023-04-11 09:00:00,38.8,1006.7,21.9053607313466
2023-04-11 12:00:00,35.2,1007.8,29.201434069041287
2023-04-11 15:00:00,31.4,1009.2,37.80483824235691
2023-04-11 18:00:00,30.0,1009.7,63.8146323928593
2023-04-11 21:00:00,29.4,1008.9,71.03411577940795
2023-04-12 00:00:00,28.2,1009.2,80.37983931978188
2023-04-12 03:00:00,32.4,1010.7,58.42677310946739
2023-04-12 06:00:00,37.4,1009.6,38.226115965377936
2023-04-12 09:00:00,38.0,1007.1,18.025458821288485
2023-04-12 12:00:00,35.4,1005.9,27.780922517543278
2023-04-12 15:00:00,28.8,1008.2,51.45173223082505
2023-04-12 18:00:00,29.0,1008.3,48.047970414933914
2023-04-12 21:00:00,28.4,1007.1,53.66339405042314
2023-04-13 00:00:00,27.2,1008.2,57.55876022674434
2023-04-13 03:00:00,34.2,1009.6,36.2170422764305
2023-04-13 06:00:00,38.0,1008.6,24.5681877627196
2023-04-13 09:00:00,39.2,1006.0,26.014291272494418
2023-04-13 12:00:00,37.0,1005.3,29.68421529386075
2023-04-13 15:00:00,33.0,1008.1,43.645157807317524
2023-04-13 18:00:00,31.2,1008.5,40.50335344032537
2023-04-13 21:00:00,30.2,1007.1,48.364800780647826
2023-04-14 00:00:00,28.2,1007.3,61.881757646591936
2023-04-14 03:00:00,33.8,1009.3,45.518660486367004
2023-04-14 06:00:00,38.6,1008.4,30.68440654894502
2023-04-14 09:00:00,40.6,1005.7,30.454961739515664
2023-04-14 12:00:00,38.2,1004.5,31.95026536247399
2023-04-14 15:00:00,33.6,1006.4,46.31559546655938
2023-04-14 18:00:00,32.2,1006.7,54.60518702638903
2023-04-14 21:00:00,31.6,1005.6,61.134420163955696
2023-04-15 00:00:00,28.0,1007.3,81.80996009312997
2023-04-15 03:00:00,32.4,1009.5,67.85998060995067
2023-04-15 06:00:00,37.0,1007.8,50.41873224708425
2023-04-15 09:00:00,39.4,1004.2,37.17322598516377
2023-04-15 12:00:00,37.0,1003.8,48.35250304538567
2023-04-15 15:00:00,35.0,1006.2,59.02423742118093
2023-04-15 18:00:00,33.0,1006.2,66.78088716309055
2023-04-15 21:00:00,32.0,1005.2,67.38029965170892
2023-04-16 00:00:00,29.8,1005.9,72.83270468535767
2023-04-16 03:00:00,34.2,1007.3,67.80744627376714
2023-04-16 06:00:00,39.6,1006.6,24.97869525586634
2023-04-16 09:00:00,40.0,1003.8,32.23357075129779
2023-04-16 12:00:00,37.8,1003.3,32.2445661368062
2023-04-16 15:00:00,34.2,1005.9,68.60580036819208
2023-04-16 18:00:00,31.6,1005.7,68.51690400466761
2023-04-16 21:00:00,30.8,1004.4,70.43939306440934
2023-04-17 00:00:00,29.8,1005.7,79.63860889063328
2023-04-17 03:00:00,35.0,1007.5,52.695904978436104
2023-04-17 06:00:00,39.0,1007.0,36.839620968431916
2023-04-17 09:00:00,41.2,1004.8,34.18280669155462
2023-04-17 12:00:00,38.4,1004.7,34.48398834484695
2023-04-17 15:00:00,31.8,1007.5,77.60205183026918
2023-04-17 18:00:00,30.2,1007.4,85.01762004491522
2023-04-17 21:00:00,29.0,1006.4,87.95208930052544
2023-04-18 00:00:00,29.4,1007.7,89.54556000162309
2023-04-18 03:00:00,32.4,1009.5,70.31283604150148
2023-04-18 06:00:00,36.8,1008.9,58.05529218032499
2023-04-18 09:00:00,39.0,1005.6,48.004473503751846
2023-04-18 12:00:00,35.8,1004.7,62.785207660159514
2023-04-18 15:00:00,31.8,1006.4,78.9760771648778
2023-04-18 18:00:00,30.0,1006.4,84.99729439748566
2023-04-18 21:00:00,29.2,1005.0,86.43038313933076
2023-04-19 00:00:00,29.5,1005.0,85.95167540163044
2023-04-19 03:00:00,33.0,1006.2,75.5452541352859
2023-04-19 06:00:00,38.0,1004.8,47.18150187113982
2023-04-19 09:00:00,41.4,1000.7,22.839726065668916
2023-04-19 12:00:00,37.6,1000.7,55.576509233778346
2023-04-19 15:00:00,32.4,1001.9,74.13743365834232
2023-04-19 18:00:00,30.6,1002.8,75.61652127297627
2023-04-19 21:00:00,30.0,1001.5,79.66535824918688
2023-04-20 00:00:00,29.0,1001.6,82.90903358865793
2023-04-20 03:00:00,33.6,1003.4,67.29450442917697
2023-04-20 06:00:00,38.6,1002.0,32.258326888987376
2023-04-20 09:00:00,41.2,999.1,29.68266666115666
2023-04-20 12:00:00,36.8,998.2,56.04328560456066
2023-04-20 15:00:00,31.6,1001.1,58.95264595485285
2023-04-20 18:00:00,29.2,1001.5,66.82547661101904
2023-04-20 21:00:00,28.8,1000.0,70.92566455258084
2023-04-21 00:00:00,30.0,1001.7,79.66535824918688
2023-04-21 03:00:00,34.0,1004.2,51.81527988036216
2023-04-21 06:00:00,37.8,1003.8,26.659771157612482
2023-04-21 09:00:00,35.8,1002.5,31.70402946638879
2023-04-21 12:00:00,33.0,1002.3,31.756769544913187
2023-04-21 15:00:00,31.8,1003.2,37.19359460976761
2023-04-21 18:00:00,29.4,1002.0,47.548518015880695
2023-04-21 21:00:00,28.6,1002.8,46.43865509469921
2023-04-22 00:00:00,26.6,1004.4,55.628162978528195
2023-04-22 03:00:00,32.0,1006.3,53.2366666229233
2023-04-22 06:00:00,35.4,1006.2,41.13483185208627
2023-04-22 09:00:00,35.2,1003.9,34.47818189342925
2023-04-22 12:00:00,33.6,1002.4,38.16841802933758
2023-04-22 15:00:00,30.2,1004.7,51.80975429231799
2023-04-22 18:00:00,28.8,1005.8,45.61078044838573
2023-04-22 21:00:00,28.6,1005.1,47.63785276074488
2023-04-23 00:00:00,25.6,1008.3,68.61205443506742
2023-04-23 03:00:00,26.0,1008.3,67.42245330571328
2023-04-23 06:00:00,32.6,1008.3,43.26569266618384
2023-04-23 09:00:00,33.8,1006.0,35.65136664731109
2023-04-23 12:00:00,31.4,1005.3,51.793336482077336
2023-04-23 15:00:00,28.8,1007.4,59.02704232458345
2023-04-23 18:00:00,26.6,1008.9,74.98174057282651
2023-04-23 21:00:00,25.6,1008.8,80.52645239736388
2023-04-24 00:00:00,24.2,1009.1,86.48011646915207
2023-04-24 03:00:00,30.0,1012.3,67.39116386417841
2023-04-24 06:00:00,31.8,1011.7,55.51617347239948
2023-04-24 09:00:00,22.8,1010.8,89.59709513251278
2023-04-24 12:00:00,27.6,1008.4,63.298675360868906
2023-04-24 15:00:00,25.0,1010.8,75.65014160748107
2023-04-24 18:00:00,23.8,1010.9,79.7941177858265
2023-04-24 21:00:00,23.0,1009.7,82.70996817603475
2023-04-25 00:00:00,23.2,1011.4,84.2817000187918
2023-04-25 03:00:00,27.6,1013.2,69.84804373904335
2023-04-25 06:00:00,31.4,1011.8,56.445824525394414
2023-04-25 09:00:00,33.0,1009.2,48.794473971805594
2023-04-25 12:00:00,32.0,1007.5,52.26545370306257
2023-04-25 15:00:00,29.0,1008.8,69.68555280505707
2023-04-25 18:00:00,28.5,1009.0,72.6091944206564
2023-04-25 21:00:00,27.6,1008.2,72.89528290675949
2023-04-26 00:00:00,26.2,1008.8,87.18984390567529
2023-04-26 03:00:00,31.0,1010.8,57.04447541902918
2023-04-26 06:00:00,34.2,1009.9,47.91980944869557
2023-04-26 09:00:00,34.8,1006.7,38.73803146729561
2023-04-26 12:00:00,33.2,1006.0,45.92473341823114
2023-04-26 15:00:00,30.6,1007.5,63.94211751218886
2023-04-26 18:00:00,29.0,1007.3,69.68555280505707
2023-04-26 21:00:00,28.4,1006.7,70.42408506037569
2023-04-27 00:00:00,27.6,1007.9,85.767643247121
2023-04-27 03:00:00,32.2,1009.9,61.63719881412483
2023-04-27 06:00:00,34.8,1009.4,42.5243864024627
2023-04-27 09:00:00,36.0,1004.9,44.44663958001136
2023-04-27 15:00:00,24.0,1010.1,89.68569309935684
2023-04-27 18:00:00,24.4,1009.7,89.17181611541235
2023-04-27 21:00:00,25.0,1008.9,81.93813716288261
2023-04-28 00:00:00,24.0,1009.9,89.68569309935684
2023-04-28 03:00:00,28.6,1011.1,72.18874813372028
2023-04-28 06:00:00,33.2,1009.9,60.03499793790983
2023-04-28 09:00:00,35.0,1007.4,52.695904978436104
2023-04-28 12:00:00,33.6,1005.3,54.61531066815499
2023-04-28 15:00:00,30.6,1007.7,65.50658692237978
2023-04-28 18:00:00,27.8,1007.9,77.0138849054383
2023-04-28 21:00:00,27.4,1006.6,79.79314536748959
2023-04-29 00:00:00,27.8,1007.6,81.29701074620921
2023-04-29 03:00:00,33.0,1009.7,69.1892678326449
2023-04-29 06:00:00,36.0,1008.7,49.56634543506401
2023-04-29 09:00:00,37.4,1005.6,37.781873243647226
2023-04-29 12:00:00,27.0,1005.6,75.50441651181359
2023-04-29 15:00:00,25.4,1008.7,80.5002818626729
2023-04-29 18:00:00,25.2,1008.1,81.96262342273943
2023-04-29 21:00:00,24.8,1006.0,81.91360302673357
2023-04-30 00:00:00,25.0,1006.5,83.45262666598398
2023-04-30 03:00:00,30.4,1008.5,69.11197515651446
2023-04-30 06:00:00,33.0,1007.2,62.18308645409979
2023-04-30 09:00:00,22.0,1006.2,88.98541809305104
2023-04-30 15:00:00,23.6,1008.2,94.70451111903132
2023-04-30 18:00:00,23.2,1007.7,94.6889914839052
2023-04-30 21:00:00,23.0,1007.3,92.96422650821278
2023-05-01 00:00:00,21.8,1008.6,92.90250604151835
2023-05-01 03:00:00,27.6,1010.1,69.84804373904335
2023-05-01 06:00:00,30.6,1009.6,44.100353961543746
2023-05-01 09:00:00,26.6,1009.4,72.27790097107153
2023-05-01 12:00:00,26.2,1008.1,69.15523439911932
2023-05-01 15:00:00,25.8,1009.9,74.85200261699907
2023-05-01 18:00:00,25.2,1009.5,79.00924587469251
2023-05-01 21:00:00,24.4,1008.9,81.86439065070549
2023-05-02 00:00:00,23.0,1009.3,82.70996817603475
2023-05-02 03:00:00,30.0,1011.2,57.5102579017241
2023-05-02 06:00:00,33.6,1010.3,43.265309781624985
2023-05-02 09:00:00,36.0,1007.3,35.35609420207959
2023-05-02 12:00:00,34.0,1006.3,39.74812677532778
2023-05-02 15:00:00,30.0,1008.7,55.07749010874436
2023-05-02 18:00:00,29.6,1010.1,60.68601439855552
2023-05-02 21:00:00,28.4,1008.6,70.42408506037569
2023-05-03 00:00:00,31.4,1012.2,70.96895584191402
2023-05-03 03:00:00,31.4,1012.2,70.96895584191402
2023-05-03 06:00:00,34.2,1011.2,61.707439726266486
2023-05-03 09:00:00,31.0,1007.9,74.7889561009917
2023-05-03 12:00:00,27.6,1007.5,79.81995065848324
2023-05-03 15:00:00,26.6,1009.7,82.62997382431229
2023-05-03 18:00:00,27.0,1009.6,81.19652945190819
2023-05-03 21:00:00,26.0,1008.4,85.60993471040011
2023-05-04 00:00:00,26.2,1008.9,85.62978692730046
2023-05-04 03:00:00,29.2,1010.8,73.60956501820533
2023-05-04 06:00:00,31.2,1010.7,70.93306375697343
2023-05-04 09:00:00,33.4,1007.2,57.95790307855285
2023-05-04 12:00:00,31.6,1006.1,63.768916444962564
2023-05-04 15:00:00,29.0,1006.9,69.68555280505707
2023-05-04 18:00:00,27.8,1007.7,81.29701074620921
2023-05-04 21:00:00,25.0,1006.7,83.45262666598398
2023-05-05 00:00:00,25.8,1006.5,85.59004257177266
2023-05-05 03:00:00,30.8,1008.0,73.00291172196927
2023-05-05 06:00:00,34.0,1007.2,60.57423072351323
2023-05-05 09:00:00,34.6,1003.8,52.28033074523809
2023-05-05 12:00:00,33.6,1002.6,54.61531066815499
2023-05-05 15:00:00,30.2,1005.7,63.85719380100154
2023-05-05 18:00:00,29.2,1005.8,69.72295309892432
2023-05-05 21:00:00,28.4,1004.5,76.18203664070896
2023-05-06 00:00:00,28.0,1004.9,77.50922415182016
2023-05-06 03:00:00,32.0,1006.4,63.85356133058713
2023-05-06 06:00:00,34.8,1005.7,50.4681130797898
2023-05-06 09:00:00,35.8,1003.3,49.217763132575975
2023-05-06 12:00:00,35.0,1002.3,50.518869936452916
2023-05-06 15:00:00,32.0,1003.9,62.71443976755974
2023-05-06 18:00:00,31.6,1004.7,66.1056160585513
2023-05-06 21:00:00,28.8,1003.9,70.92566455258084
2023-05-07 00:00:00,28.6,1005.3,83.35683314726084
2023-05-07 03:00:00,34.6,1006.9,58.933037767250966
2023-05-07 06:00:00,37.0,1006.0,38.14184234161597
2023-05-07 09:00:00,38.4,1003.2,30.439031906524516
2023-05-07 12:00:00,37.2,1002.2,32.488929477103184
2023-05-07 15:00:00,32.4,1003.5,48.33862566912473
2023-05-07 18:00:00,30.8,1004.0,71.71113203855039
2023-05-07 21:00:00,29.6,1003.1,76.82235153000387
2023-05-08 00:00:00,28.6,1003.7,83.35683314726084
2023-05-08 03:00:00,34.0,1005.9,63.89432970526357
2023-05-08 06:00:00,37.0,1005.2,45.529395294766076
2023-05-08 09:00:00,38.2,1003.2,36.849722556140605
2023-05-08 12:00:00,37.8,1002.2,41.52646900349872
2023-05-08 15:00:00,33.4,1003.7,53.583679198134604
2023-05-08 18:00:00,31.2,1004.1,72.20890765279174
2023-05-08 21:00:00,30.8,1003.5,70.43939306440934
2023-05-09 00:00:00,30.2,1004.3,78.29124418971334
2023-05-09 03:00:00,34.0,1005.9,60.57423072351323
2023-05-09 06:00:00,36.4,1006.0,41.15093514291351
2023-05-09 09:00:00,38.6,1003.3,34.75205735382538
2023-05-09 12:00:00,37.2,1002.0,38.43202154533045
2023-05-09 15:00:00,33.8,1003.3,50.52043098784162
2023-05-09 18:00:00,31.8,1004.9,68.55505992605102
2023-05-09 21:00:00,30.6,1003.9,72.96898936310727
2023-05-10 00:00:00,29.8,1005.5,79.63860889063328
2023-05-10 03:00:00,34.0,1006.3,61.663754542437346
2023-05-10 06:00:00,38.2,1005.6,46.67286028279248
2023-05-10 09:00:00,39.0,1003.4,44.43320156536042
2023-05-10 12:00:00,35.0,1003.2,32.509449610483884
2023-05-10 15:00:00,32.4,1004.7,60.57918429384643
2023-05-10 18:00:00,29.6,1005.6,69.7975639784289
2023-05-10 21:00:00,29.4,1005.5,73.6429959001216
2023-05-11 00:00:00,29.6,1007.8,80.5611085480825
2023-05-11 03:00:00,33.2,1008.7,63.34828851792842
2023-05-11 06:00:00,37.0,1007.7,47.48991405743266
2023-05-11 09:00:00,38.2,1004.8,40.38910915232585
2023-05-11 12:00:00,36.0,1003.9,46.37973350596264
2023-05-11 15:00:00,31.5,1006.2,69.31887270302643
2023-05-11 18:00:00,29.6,1005.2,79.6118092261478
2023-05-11 21:00:00,29.0,1005.8,81.9313443709877
2023-05-12 00:00:00,26.2,1007.5,97.08329106258194
2023-05-12 03:00:00,30.6,1009.5,78.34767637456054
2023-05-12 06:00:00,33.8,1008.2,68.53017385519429
2023-05-12 09:00:00,34.6,1004.1,59.992245908871396
2023-05-12 12:00:00,33.6,1003.8,58.00441896805416
2023-05-12 15:00:00,32.0,1005.9,71.07626571001893
2023-05-12 18:00:00,30.2,1006.1,81.1147334710309
2023-05-12 21:00:00,29.8,1006.3,81.06459831337503
2023-05-13 00:00:00,28.4,1005.7,88.94616815571688
2023-05-13 03:00:00,30.2,1006.8,82.5595602209085
2023-05-13 06:00:00,32.7,1005.5,68.3209160473711
2023-05-13 09:00:00,34.0,1002.7,55.04309180081118
2023-05-13 12:00:00,30.0,1001.9,64.98787314987105
2023-05-13 15:00:00,29.4,1003.5,67.27251207661499
2023-05-13 18:00:00,29.0,1003.9,68.01508576459278
2023-05-13 21:00:00,28.2,1001.5,71.68232431462354
2023-05-14 00:00:00,27.0,1000.9,78.30518483755301
2023-05-14 03:00:00,31.2,1000.9,61.04527320720593
2023-05-14 06:00:00,33.6,1000.0,48.35343825000899
2023-05-14 09:00:00,35.2,997.2,40.07444958268911
2023-05-14 12:00:00,33.8,997.7,35.65136664731109
2023-05-14 15:00:00,29.6,1001.0,50.06252402144553
2023-05-14 18:00:00,26.4,1001.3,63.431976186978964
2023-05-14 21:00:00,26.2,1001.7,67.46242360250821
2023-05-15 00:00:00,25.4,1003.4,78.0747809293731
2023-05-15 03:00:00,29.8,1005.2,50.114430384287324
2023-05-15 06:00:00,34.4,1004.3,45.11935390234125
2023-05-15 09:00:00,37.4,1001.2,48.74544948009258
2023-05-15 12:00:00,34.2,1002.4,61.707439726266486
2023-05-15 15:00:00,24.0,1003.0,86.46120985687485
2023-05-15 18:00:00,24.6,1003.6,80.39509424447246
2023-05-15 21:00:00,23.8,1002.1,84.86645400274385
2023-05-16 00:00:00,25.0,1003.3,88.14427552074832
2023-05-16 06:00:00,35.2,1006.2,62.65724917989903
2023-05-16 09:00:00,34.6,1004.3,46.294665135954354
2023-05-16 12:00:00,33.2,1004.0,63.34828851792842
2023-05-16 15:00:00,28.4,1006.4,73.03240199762554
2023-05-16 18:00:00,30.2,1005.7,84.02682856635852
2023-05-16 21:00:00,30.0,1004.3,84.99729439748566
2023-05-17 00:00:00,29.8,1005.8,86.48603151527291
2023-05-17 03:00:00,33.0,1007.3,64.44613125580591
2023-05-17 06:00:00,34.6,1007.2,42.20833515582447
2023-05-17 09:00:00,37.2,1005.3,55.4815305813256
2023-05-17 12:00:00,33.4,1005.2,64.91266364161814
2023-05-17 15:00:00,28.7,1008.8,67.1333447514315
2023-05-17 18:00:00,28.0,1008.4,74.30236303611937
2023-05-17 21:00:00,28.0,1007.0,84.79181717750924
2023-05-18 00:00:00,29.0,1007.9,87.95208930052544
2023-05-18 03:00:00,28.6,1010.2,72.18874813372028
2023-05-18 06:00:00,30.0,1009.6,66.17996487728405
2023-05-18 09:00:00,33.0,1006.3,62.18308645409979
2023-05-18 15:00:00,25.2,1007.5,86.57407445208088
2023-05-18 18:00:00,26.6,1007.3,82.62997382431229
2023-05-18 21:00:00,26.2,1005.4,84.09422307879059
2023-05-19 00:00:00,25.2,1006.2,86.57407445208088
2023-05-19 06:00:00,35.8,1007.0,62.785207660159514
2023-05-19 09:00:00,37.2,1004.0,61.63570723887626
2023-05-19 12:00:00,34.8,1003.3,63.31273208033373
2023-05-19 15:00:00,26.2,1006.5,67.46242360250821
2023-05-19 18:00:00,26.0,1005.9,73.06652553542901
2023-05-19 21:00:00,25.6,1003.5,72.99755286782062
2023-05-20 00:00:00,27.0,1003.9,85.7087986323302
2023-05-20 06:00:00,35.6,1006.7,58.46599770220743
2023-05-20 09:00:00,35.6,1005.0,42.21680392673285
2023-05-20 12:00:00,33.8,1003.9,50.52043098784162
2023-05-20 15:00:00,30.6,1005.5,75.61652127297627
2023-05-20 18:00:00,30.0,1005.7,84.99729439748566
2023-05-20 21:00:00,29.8,1004.9,86.48603151527291
2023-05-21 00:00:00,29.0,1005.2,90.57266984744003
2023-05-21 03:00:00,32.8,1008.0,71.63823581141993
2023-05-21 06:00:00,35.6,1007.1,62.742619089331555
2023-05-21 09:00:00,36.6,1004.9,56.99489238429928
2023-05-21 12:00:00,33.8,1003.5,66.15514213531858
2023-05-21 15:00:00,31.4,1005.3,80.31973345807687
2023-05-21 18:00:00,30.4,1006.9,82.58284223811447
2023-05-21 21:00:00,27.0,1007.1,72.34810781589086
2023-05-22 00:00:00,26.6,1007.3,78.2479077819723
2023-05-22 03:00:00,32.2,1008.7,71.53290094917851
2023-05-22 06:00:00,36.0,1007.3,50.46801146991017
2023-05-22 09:00:00,37.2,1004.7,47.54162703748242
2023-05-22 12:00:00,35.0,1004.3,55.948293602131415
2023-05-22 15:00:00,31.6,1006.5,67.30181208332723
2023-05-22 18:00:00,29.8,1007.2,69.83477481244167
2023-05-22 21:00:00,29.4,1005.6,73.6429959001216
2023-05-23 00:00:00,29.8,1006.3,81.06459831337503
2023-05-23 03:00:00,33.0,1008.5,74.23476165310379
2023-05-23 06:00:00,36.6,1006.7,59.03952050036111
2023-05-23 09:00:00,38.2,1004.1,52.23825336871833
2023-05-23 15:00:00,24.6,1006.6,88.1108765345105
2023-05-23 18:00:00,25.2,1006.7,83.47525948927431
2023-05-23 21:00:00,25.0,1005.8,83.45262666598398
2023-05-24 00:00:00,24.4,1006.2,88.0941253601151
2023-05-24 06:00:00,29.6,1006.9,76.82235153000387
2023-05-24 09:00:00,32.6,1003.9,56.048518886750145
2023-05-24 12:00:00,32.8,1002.6,64.40448947276589
2023-05-24 15:00:00,28.4,1005.5,81.85865421535438
2023-05-24 18:00:00,27.0,1005.4,85.7087986323302
2023-05-24 21:00:00,26.4,1005.3,88.79047072518293
2023-05-25 00:00:00,26.4,1005.7,90.39836619855579
2023-05-25 03:00:00,31.0,1006.7,73.47141965449843
2023-05-25 06:00:00,33.8,1005.6,63.852375094977866
2023-05-25 09:00:00,37.2,1003.3,47.54162703748242
2023-05-25 12:00:00,33.2,1002.4,67.21631066718778
2023-05-25 15:00:00,24.0,1007.1,79.82128066340769
2023-05-25 18:00:00,23.8,1009.5,84.86645400274385
2023-05-25 21:00:00,23.4,1003.8,77.78185620897757
2023-05-26 00:00:00,24.6,1005.6,78.44038822062748
2023-05-26 03:00:00,28.6,1004.8,70.46084618703307
2023-05-26 06:00:00,32.6,1008.2,63.22051607138405
2023-05-26 09:00:00,35.0,1004.5,55.948293602131415
2023-05-26 12:00:00,32.4,1005.4,66.6618617053601
2023-05-26 15:00:00,23.0,1007.8,91.27459428964966
2023-05-26 18:00:00,23.6,1006.2,84.84545097606222
2023-05-26 21:00:00,23.2,1004.7,91.2871456644803
2023-05-27 00:00:00,25.0,1004.8,86.5553591977721
2023-05-27 06:00:00,32.0,1006.3,68.5931528079531
2023-05-27 09:00:00,32.6,1005.3,75.48318952612465
2023-05-27 12:00:00,31.2,1004.8,72.20890765279174
2023-05-27 15:00:00,27.8,1006.2,85.78717977072007
2023-05-27 18:00:00,27.2,1006.7,90.45250000428203
2023-05-27 21:00:00,26.6,1005.5,90.41194193154737
2023-05-28 00:00:00,26.8,1005.3,93.70888380751718
2023-05-28 03:00:00,31.0,1008.1,72.1742265807024
2023-05-28 06:00:00,33.6,1007.8,64.95378562281357
2023-05-28 09:00:00,34.4,1006.0,53.18487560759012
2023-05-28 12:00:00,33.6,1005.1,56.9688756885708
2023-05-28 15:00:00,31.4,1007.8,64.49787905022467
2023-05-28 18:00:00,29.2,1007.6,76.30480387190515
2023-05-28 21:00:00,28.6,1006.3,79.00337009946395
2023-05-29 00:00:00,27.0,1008.1,82.67693820709039
2023-05-29 03:00:00,32.2,1009.5,65.05199403084112
2023-05-29 06:00:00,35.0,1008.2,56.95764470575925
2023-05-29 09:00:00,36.8,1005.8,46.308552225333045
2023-05-29 12:00:00,35.4,1004.9,51.85309266039345
2023-05-29 15:00:00,33.0,1007.2,62.18308645409979
2023-05-29 18:00:00,32.0,1008.1,62.71443976755974
2023-05-29 21:00:00,30.6,1007.3,69.14973459026399
2023-05-30 00:00:00,29.4,1007.4,74.97860136800087
2023-05-30 03:00:00,33.4,1008.7,69.67179428866176
2023-05-30 06:00:00,35.8,1007.9,54.49487551182243
2023-05-30 09:00:00,37.2,1004.7,47.54162703748242
2023-05-30 12:00:00,34.4,1003.7,59.59215392807818
2023-05-30 15:00:00,31.8,1005.6,61.17889403213977
2023-05-30 18:00:00,30.6,1006.0,78.34767637456054
2023-05-30 21:00:00,30.0,1004.6,84.99729439748566
2023-05-31 00:00:00,29.6,1005.3,86.46751908713752
2023-05-31 03:00:00,34.4,1006.5,63.22804159557269
2023-05-31 06:00:00,37.4,1005.2,51.427445112203515
2023-05-31 09:00:00,37.8,1002.8,42.546369177076365
2023-05-31 12:00:00,35.2,1002.0,61.561526455285076
2023-05-31 15:00:00,32.2,1003.7,71.53290094917851
2023-05-31 18:00:00,31.4,1003.8,70.96895584191402
2023-05-31 21:00:00,30.8,1003.7,71.71113203855039
2023-06-01 00:00:00,29.6,1003.6,78.20620296447258
2023-06-01 03:00:00,34.4,1005.6,62.11744798829246
2023-06-01 06:00:00,36.8,1004.8,48.30109559331659
2023-06-01 09:00:00,38.6,1001.9,43.27649354524844
2023-06-01 12:00:00,37.0,1000.9,49.22877315128549
2023-06-01 15:00:00,34.2,1003.1,63.93621970684363
2023-06-01 18:00:00,31.8,1003.5,77.60205183026918
2023-06-01 21:00:00,31.4,1002.7,77.54420157006253
2023-06-02 00:00:00,30.4,1003.8,85.53649748682237
2023-06-02 03:00:00,34.6,1005.2,63.27041910529518
2023-06-02 06:00:00,38.6,1004.4,46.77644580674773
2023-06-02 09:00:00,39.6,1001.4,40.76337196105651
2023-06-02 12:00:00,34.6,1001.4,49.20781804636321
2023-06-02 15:00:00,32.0,1002.7,62.71443976755974
2023-06-02 18:00:00,30.6,1003.7,78.34767637456054
2023-06-02 21:00:00,30.0,1003.1,79.66535824918688
2023-06-03 00:00:00,30.2,1004.2,82.5595602209085
2023-06-03 03:00:00,34.4,1005.7,67.84590048124622
2023-06-03 06:00:00,37.0,1005.4,50.41873224708425
2023-06-03 09:00:00,39.4,1002.9,44.01012573557359
2023-06-03 12:00:00,36.2,1002.1,51.742463746853154
2023-06-03 15:00:00,32.6,1004.3,71.60318423066752
2023-06-03 18:00:00,31.0,1004.3,82.65241993308152
2023-06-03 21:00:00,30.2,1003.5,85.01762004491522
2023-06-04 00:00:00,30.4,1004.7,86.54134775739186
2023-06-04 03:00:00,34.4,1006.7,71.08573973066518
2023-06-04 06:00:00,37.0,1005.7,57.0881164991639
2023-06-04 09:00:00,38.0,1002.6,48.320252598756205
2023-06-04 12:00:00,37.0,1000.7,48.35250304538567
2023-06-04 15:00:00,33.0,1003.2,70.42167655411042
2023-06-04 18:00:00,31.0,1003.6,81.21443360821415
2023-06-04 21:00:00,30.4,1001.9,82.58284223811447
2023-06-05 00:00:00,29.8,1002.5,88.01849942848882
2023-06-05 03:00:00,34.4,1004.5,70.26336932149452
2023-06-05 06:00:00,37.0,1004.2,54.14093100320115
2023-06-05 09:00:00,39.4,1000.8,41.45172720267665
2023-06-05 12:00:00,36.6,1000.3,50.01765268968246
2023-06-05 15:00:00,33.4,1002.7,64.91266364161814
2023-06-05 18:00:00,31.4,1003.1,68.47868492425357
2023-06-05 21:00:00,31.2,1002.5,65.62945434667039
2023-06-06 00:00:00,30.0,1002.6,84.99729439748566
2023-06-06 03:00:00,34.6,1003.2,69.0826777082959
2023-06-06 06:00:00,37.6,1002.4,52.70943150692582
2023-06-06 09:00:00,38.2,999.3,51.322717179753056
2023-06-06 12:00:00,36.8,998.2,50.06831013038043
2023-06-06 15:00:00,34.0,1000.4,56.04514311511978
2023-06-06 18:00:00,32.0,1001.3,68.5931528079531
2023-06-06 21:00:00,31.4,1001.1,73.53807422593974
2023-06-07 00:00:00,30.4,1001.3,75.58532357148971
2023-06-07 03:00:00,34.0,1002.9,68.56801813396841
2023-06-07 06:00:00,38.0,1002.2,50.97073077200724
2023-06-07 09:00:00,36.8,999.1,41.511696271084425
2023-06-07 12:00:00,34.0,998.4,58.445589633486186
2023-06-07 15:00:00,32.0,1000.8,60.12540926930006
2023-06-07 18:00:00,31.6,1001.4,77.57315316138988
2023-06-07 21:00:00,31.6,1000.6,81.76391342930833
2023-06-08 00:00:00,31.4,1001.1,78.92130681911149
2023-06-08 03:00:00,34.0,1002.1,67.37244576814547
2023-06-08 06:00:00,34.8,1001.5,69.11990047734456
2023-06-08 09:00:00,35.2,999.2,66.04734321889784
2023-06-08 15:00:00,30.8,999.7,82.62927198490198
2023-06-08 18:00:00,30.4,1000.9,85.53649748682237
2023-06-08 21:00:00,29.8,999.3,84.97692867892383
2023-06-09 00:00:00,30.2,999.6,88.051503713093
2023-06-09 03:00:00,32.0,1000.5,79.0033862804747
2023-06-09 06:00:00,34.0,1000.1,72.2666783322714
2023-06-09 09:00:00,35.8,997.2,59.555580295945774
2023-06-09 12:00:00,26.7,998.1,81.65039907186724
2023-06-09 15:00:00,24.0,1001.7,94.71996347442106
2023-06-09 18:00:00,25.0,998.5,84.99158907366431
2023-06-09 21:00:00,26.2,997.9,74.9169893866901
2023-06-10 00:00:00,25.6,998.6,90.34377933678581
2023-06-10 06:00:00,30.6,998.9,60.541168204253225
2023-06-10 09:00:00,32.0,997.8,68.5931528079531
2023-06-10 12:00:00,31.0,996.9,67.99377352527183
2023-06-10 15:00:00,30.2,999.2,75.55406963834521
2023-06-10 18:00:00,29.6,999.5,78.20620296447258
2023-06-10 21:00:00,29.2,998.5,79.08600581526997
2023-06-11 00:00:00,29.0,998.9,81.9313443709877
2023-06-11 03:00:00,32.0,999.1,83.24884320369685
2023-06-11 06:00:00,36.2,997.7,61.06039641079036
2023-06-11 09:00:00,37.2,995.9,56.46829869091579
2023-06-11 12:00:00,35.8,995.2,60.61559953954328
2023-06-11 15:00:00,23.6,998.0,94.70451111903132
2023-06-11 18:00:00,26.0,998.7,90.37112970835472
2023-06-11 21:00:00,26.6,998.6,84.13765842724912
2023-06-12 00:00:00,28.2,998.0,83.31179804309043
2023-06-12 06:00:00,31.0,999.8,70.89711040322032
2023-06-12 09:00:00,34.8,996.6,62.20391825591429
2023-06-12 12:00:00,34.0,997.8,66.19513066409054
2023-06-12 15:00:00,28.6,998.0,76.21281246926864
2023-06-12 18:00:00,29.2,999.0,80.98903664024475
2023-06-12 21:00:00,29.0,998.3,83.40169277956687
2023-06-13 00:00:00,28.4,998.2,88.94616815571688
2023-06-13 03:00:00,32.4,999.4,80.4483083762525
2023-06-13 06:00:00,37.0,997.6,57.0881164991639
2023-06-13 09:00:00,37.8,996.0,45.19267932722998
2023-06-13 12:00:00,33.0,997.1,59.989879094366785
2023-06-13 15:00:00,32.0,998.2,61.59314569456349
2023-06-13 18:00:00,31.2,997.7,84.13393763597708
2023-06-13 21:00:00,30.4,997.5,88.06795596655172
2023-06-14 00:00:00,30.0,998.0,74.18441432342445
2023-06-14 03:00:00,34.4,999.0,56.47758336128222
2023-06-14 06:00:00,38.2,998.7,48.37143749834601
2023-06-14 09:00:00,38.8,997.1,47.9532743046255
2023-06-14 12:00:00,36.0,996.6,62.827732110229384
2023-06-14 15:00:00,32.6,998.2,81.88399488069103
2023-06-14 18:00:00,32.5,998.7,83.7868611686505
2023-06-14 21:00:00,31.8,997.1,84.19770428043
2023-06-15 00:00:00,31.2,998.9,78.89384535394599
2023-06-15 03:00:00,34.4,1000.0,71.08573973066518
2023-06-15 06:00:00,37.0,999.9,58.44234866953394
2023-06-15 09:00:00,38.0,998.3,59.700018446784355
2023-06-15 12:00:00,35.0,997.2,62.2470562760692
2023-06-15 15:00:00,32.0,999.5,80.39702320863196
2023-06-15 18:00:00,30.6,999.2,81.16467826556904
2023-06-15 21:00:00,30.4,997.8,79.71870652103674
2023-06-16 00:00:00,31.4,999.1,85.63424249679542
2023-06-16 03:00:00,34.8,1000.8,67.92262186231758
2023-06-16 06:00:00,38.2,1000.5,55.071070909912336
2023-06-16 09:00:00,38.4,998.2,55.118679819438256
2023-06-16 12:00:00,34.4,998.2,70.26336932149452
2023-06-16 15:00:00,32.2,1000.3,79.03064484736562
2023-06-16 18:00:00,31.4,1000.7,82.69858252316531
2023-06-16 21:00:00,30.6,999.7,86.55971313917948
2023-06-17 00:00:00,30.6,1001.0,87.57356931030266
2023-06-17 03:00:00,31.8,1002.4,72.31259150236149
2023-06-17 06:00:00,35.8,1002.5,61.692070231226595
2023-06-17 09:00:00,36.6,1000.1,55.99599056046352
2023-06-17 12:00:00,34.0,1002.3,63.89432970526357
2023-06-17 15:00:00,30.4,1002.3,85.53649748682237
2023-06-17 18:00:00,30.6,1002.0,88.08437507661748
2023-06-17 21:00:00,30.2,1001.7,91.17952811176471
2023-06-18 00:00:00,30.4,1002.5,90.13999013860106
2023-06-18 03:00:00,30.8,1003.2,85.5757112364315
2023-06-18 06:00:00,30.2,1003.7,78.29124418971334
2023-06-18 09:00:00,32.6,1000.1,76.81671358719
2023-06-18 12:00:00,32.4,999.6,79.05785298228113
2023-06-18 15:00:00,31.0,1004.3,79.79835457938422
2023-06-18 18:00:00,30.2,1003.6,85.01762004491522
2023-06-18 21:00:00,30.0,1001.9,86.50450703984572
2023-06-19 00:00:00,29.8,1003.0,89.57463737404579
2023-06-19 06:00:00,26.4,1002.8,98.24351098143454
2023-06-19 09:00:00,28.6,1000.6,95.44891343392182
2023-06-19 12:00:00,30.0,1000.6,86.50450703984572
2023-06-19 15:00:00,30.0,1002.3,88.03501822943302
2023-06-19 18:00:00,28.8,1002.1,87.93540259721783
2023-06-19 21:00:00,28.6,1000.9,86.37440005285019
2023-06-20 00:00:00,29.0,1001.6,92.17754994106518
2023-06-20 03:00:00,33.0,1003.0,74.23476165310379
2023-06-20 06:00:00,36.0,1002.2,62.09768989602365
2023-06-20 09:00:00,33.4,1000.3,74.29936225533098
2023-06-20 12:00:00,33.2,1000.1,71.70815945941659
2023-06-20 15:00:00,31.0,1002.0,81.21443360821415
2023-06-20 18:00:00,30.2,1002.4,86.52294575570109
2023-06-20 21:00:00,29.6,1001.1,88.00194722290112
2023-06-21 00:00:00,29.6,1001.3,89.56011356164207
2023-06-21 03:00:00,32.0,1003.2,79.0033862804747
2023-06-21 06:00:00,35.0,1002.7,66.78282568606839
2023-06-21 09:00:00,35.2,1000.2,62.65724917989903
2023-06-21 12:00:00,30.6,1000.9,79.74530566981048
2023-06-21 15:00:00,31.2,1002.7,77.51519693628545
2023-06-21 18:00:00,30.4,1003.6,84.04833399732397
2023-06-21 21:00:00,30.0,1002.5,84.99729439748566
2023-06-22 00:00:00,29.6,1002.6,88.00194722290112
2023-06-22 03:00:00,32.6,1003.6,75.48318952612465
2023-06-22 06:00:00,30.6,1003.8,75.61652127297627
2023-06-22 09:00:00,31.6,1001.2,74.88472135092377
2023-06-22 12:00:00,30.6,1000.6,78.34767637456054
2023-06-22 15:00:00,30.0,1002.3,78.26294962837345
2023-06-22 18:00:00,28.8,1004.1,80.45782143103412
2023-06-22 21:00:00,28.2,1002.2,83.31179804309043
2023-06-23 00:00:00,27.7,1002.5,87.84301834473254
2023-06-23 03:00:00,31.2,1002.6,77.51519693628545
2023-06-23 06:00:00,32.6,1001.8,67.89863459456423
2023-06-23 09:00:00,31.8,1000.0,74.91652960815853
2023-06-23 12:00:00,32.0,999.2,68.5931528079531
2023-06-23 15:00:00,29.6,1000.5,89.56011356164207
2023-06-23 18:00:00,28.2,1001.2,90.51953760720181
2023-06-23 21:00:00,27.8,999.6,92.11072068322818
2023-06-24 00:00:00,29.0,999.7,90.57266984744003
2023-06-24 03:00:00,29.0,1000.7,89.51636332080271
2023-06-24 06:00:00,31.6,1000.3,74.88472135092377
2023-06-24 09:00:00,32.0,998.5,77.63089769639963
2023-06-24 12:00:00,31.4,998.5,74.85285642920122
2023-06-24 15:00:00,29.2,1000.2,87.96874224697314
2023-06-24 18:00:00,29.0,1000.6,86.41175942849821
2023-06-24 21:00:00,28.8,999.1,87.93540259721783
2023-06-25 00:00:00,27.8,999.7,92.11072068322818
2023-06-25 03:00:00,29.0,1000.7,84.89506306062921
2023-06-25 06:00:00,27.6,1000.4,96.54439604252043
2023-06-25 09:00:00,29.2,998.2,83.42405706602797
2023-06-25 12:00:00,27.8,998.1,92.11072068322818
2023-06-25 15:00:00,28.6,1000.8,92.1553667873356
2023-06-25 18:00:00,28.4,1001.2,88.94616815571688
2023-06-25 21:00:00,28.0,999.9,90.50618565208272
2023-06-26 00:00:00,27.8,1000.5,93.7538663078413
2023-06-26 03:00:00,28.6,1001.7,87.91868204829599
2023-06-26 06:00:00,29.6,1001.5,86.46751908713752
2023-06-26 09:00:00,27.2,999.7,90.45250000428203
2023-06-26 12:00:00,27.4,999.1,88.86871874139695
2023-06-26 15:00:00,27.0,1001.3,87.26088849314073
2023-06-26 18:00:00,27.2,1001.9,88.85313336738866
2023-06-26 21:00:00,26.8,1000.2,90.42548942576907
2023-06-27 00:00:00,26.2,1000.3,90.38476214988123
2023-06-27 03:00:00,27.6,1001.5,93.74490804295253
2023-06-27 06:00:00,29.4,1001.6,84.9360766224706
2023-06-27 09:00:00,30.6,1000.2,74.28243957799879
2023-06-27 12:00:00,28.6,1000.9,83.35683314726084
2023-06-27 15:00:00,27.6,1002.2,92.09950049107172
2023-06-27 18:00:00,27.4,1003.4,93.73593071403404
2023-06-27 21:00:00,27.2,1002.0,95.40267171979633
2023-06-28 00:00:00,26.2,1002.6,94.80376584735212
2023-06-28 03:00:00,26.0,1004.7,93.67255110424425
2023-06-28 06:00:00,26.4,1004.9,96.51405730461323
2023-06-28 09:00:00,29.0,1002.9,89.51636332080271
2023-06-28 12:00:00,28.0,1003.3,86.8321458062092
2023-06-28 15:00:00,26.5,1004.4,90.94639010818896
2023-06-28 18:00:00,27.0,1004.7,92.06569807815053
2023-06-28 21:00:00,26.8,1003.3,90.42548942576907
2023-06-29 00:00:00,27.2,1003.9,92.07698925377626
2023-06-29 03:00:00,27.0,1005.3,92.06569807815053
2023-06-29 06:00:00,28.4,1005.9,88.94616815571688
2023-06-29 09:00:00,29.8,1002.5,81.06459831337503
2023-06-29 12:00:00,30.4,1002.0,85.53649748682237
2023-06-29 15:00:00,29.0,1004.2,93.80721852350113
2023-06-29 18:00:00,28.8,1003.8,93.7983735302794
2023-06-29 21:00:00,28.8,1002.9,93.7983735302794
2023-06-30 00:00:00,28.6,1003.2,95.44891343392182
2023-06-30 03:00:00,31.4,1004.4,84.15523454383928
2023-06-30 06:00:00,34.2,1004.1,76.16860374982537
2023-06-30 09:00:00,34.6,1000.3,67.88429230577138
2023-06-30 12:00:00,28.2,1001.0,90.51953760720181
2023-06-30 15:00:00,28.4,1003.2,86.35566419509173
2023-06-30 18:00:00,28.8,1003.7,89.50172004038727
2023-06-30 21:00:00,28.6,1002.3,88.96156313904507
2023-07-01 00:00:00,28.4,1002.5,88.94616815571688
2023-07-01 03:00:00,31.0,1004.3,88.11711421243372
2023-07-01 06:00:00,34.2,1003.9,72.30089569944718
2023-07-01 09:00:00,33.6,1001.9,69.70861962540543
2023-07-01 12:00:00,32.6,1002.6,70.34917736761386
2023-07-01 15:00:00,27.8,1003.0,87.33135888966177
2023-07-01 18:00:00,28.6,1003.8,84.8538871735531
2023-07-01 21:00:00,28.4,1002.4,84.83323810049623
2023-07-02 00:00:00,30.0,1002.5,86.50450703984572
2023-07-02 03:00:00,33.4,1003.7,76.93488778157425
2023-07-02 06:00:00,35.4,1002.8,64.94080446931073
2023-07-02 09:00:00,35.6,1000.8,63.85354265585009
2023-07-02 12:00:00,34.0,1001.1,68.56801813396841
2023-07-02 15:00:00,31.2,1002.4,78.89384535394599
2023-07-02 18:00:00,30.4,1002.4,82.58284223811447
2023-07-02 21:00:00,30.0,1001.9,83.5130798716472
2023-07-03 00:00:00,29.4,1001.9,91.12987608237039
2023-07-03 03:00:00,32.6,1004.1,74.16993343049164
2023-07-03 06:00:00,35.6,1003.2,63.85354265585009
2023-07-03 09:00:00,34.0,1000.3,72.2666783322714
2023-07-03 12:00:00,30.0,1001.3,89.58913151799659
2023-07-03 15:00:00,30.0,1002.7,88.03501822943302
2023-07-03 18:00:00,29.6,1003.4,88.00194722290112
2023-07-03 21:00:00,29.2,1002.8,89.53097661456914
2023-07-04 00:00:00,29.0,1002.2,92.17754994106518
2023-07-04 03:00:00,33.0,1002.7,71.67322751398581
2023-07-04 06:00:00,35.0,1002.4,63.354980624753985
2023-07-04 09:00:00,35.8,999.6,59.555580295945774
2023-07-04 12:00:00,33.6,999.0,60.48499185110832
2023-07-04 15:00:00,30.6,1001.5,72.96898936310727
2023-07-04 18:00:00,30.4,1002.4,75.58532357148971
2023-07-04 21:00:00,30.0,1000.2,76.88217771852533
2023-07-05 00:00:00,28.8,1000.5,87.93540259721783
2023-07-05 03:00:00,31.0,1001.0,76.1271052167908
2023-07-05 06:00:00,33.6,1000.3,66.11508991681715
2023-07-05 09:00:00,34.4,998.8,61.02394829813572
2023-07-05 12:00:00,30.6,998.4,81.16467826556904
2023-07-05 15:00:00,28.8,1000.3,89.50172004038727
2023-07-05 18:00:00,28.4,1000.7,92.14424033203443
2023-07-05 21:00:00,27.8,1000.2,92.11072068322818
2023-07-06 00:00:00,28.2,1000.7,86.33689076158295
2023-07-06 03:00:00,30.2,1002.2,82.5595602209085
2023-07-06 06:00:00,30.6,1002.1,81.16467826556904
2023-07-06 09:00:00,29.2,1001.1,89.53097661456914
2023-07-06 12:00:00,28.4,1000.5,87.90192756472376
2023-07-06 15:00:00,28.8,1002.8,87.93540259721783
2023-07-06 18:00:00,29.3,1003.3,85.93246726012119
2023-07-06 21:00:00,29.0,1001.8,86.41175942849821
2023-07-07 00:00:00,28.2,1002.3,95.43577238155224
2023-07-07 03:00:00,29.6,1004.8,88.00194722290112
2023-07-07 06:00:00,28.4,1004.0,90.53286192976505
2023-07-07 09:00:00,31.8,1002.3,74.91652960815853
2023-07-07 12:00:00,30.8,1001.9,78.37581423848806
2023-07-07 15:00:00,29.0,1004.4,92.17754994106518
2023-07-07 18:00:00,28.8,1005.0,92.16646996907035
2023-07-07 21:00:00,28.4,1005.3,92.14424033203443
2023-07-08 00:00:00,26.4,1004.5,96.51405730461323
2023-07-08 03:00:00,29.6,1005.9,86.46751908713752
2023-07-08 06:00:00,29.8,1005.1,74.15162297941144
2023-07-08 09:00:00,33.4,1003.1,72.1636734164623
2023-07-08 12:00:00,32.2,1002.7,72.80896276194781
2023-07-08 15:00:00,30.0,1004.9,77.34004848379664
2023-07-08 18:00:00,29.2,1005.3,81.95548127118022
2023-07-08 21:00:00,29.0,1004.2,81.9313443709877
2023-07-09 00:00:00,28.4,1004.4,87.90192756472376
2023-07-09 03:00:00,33.8,1005.1,69.745383646869
2023-07-09 06:00:00,34.0,1004.3,66.19513066409054
2023-07-09 09:00:00,34.8,1002.1,61.1121171224814
2023-07-09 12:00:00,33.8,1001.7,62.727505384680136
2023-07-09 15:00:00,31.4,1003.4,80.31973345807687
2023-07-09 18:00:00,30.2,1004.2,82.5595602209085
2023-07-09 21:00:00,29.8,1003.0,83.49088910584811
2023-07-10 00:00:00,29.6,1003.3,86.46751908713752
2023-07-10 03:00:00,33.4,1004.3,69.67179428866176
2023-07-10 06:00:00,33.8,1004.0,66.15514213531858
2023-07-10 09:00:00,33.2,1002.0,71.70815945941659
2023-07-10 12:00:00,31.8,1001.6,72.31259150236149
2023-07-10 15:00:00,30.2,1003.9,85.01762004491522
2023-07-10 18:00:00,29.8,1004.4,86.48603151527291
2023-07-10 21:00:00,29.4,1002.7,87.98536152503398
2023-07-11 00:00:00,29.2,1003.2,90.58588438387352
2023-07-11 03:00:00,31.8,1004.4,78.9760771648778
2023-07-11 06:00:00,35.0,1003.6,63.354980624753985
2023-07-11 09:00:00,31.2,1002.0,78.89384535394599
2023-07-11 12:00:00,32.2,1001.3,69.03930501374236
2023-07-11 15:00:00,30.2,1004.2,81.1147334710309
2023-07-11 18:00:00,29.2,1005.3,83.42405706602797
2023-07-11 21:00:00,28.8,1003.3,87.93540259721783
2023-07-12 00:00:00,28.0,1003.9,84.79181717750924
2023-07-12 03:00:00,31.8,1004.6,77.60205183026918
2023-07-12 06:00:00,34.4,1004.0,64.35595460211525
2023-07-12 09:00:00,30.8,1002.3,79.77185498360923
2023-07-12 12:00:00,31.4,1002.1,76.18814229624397
2023-07-12 15:00:00,30.0,1004.6,81.08968974474207
2023-07-12 18:00:00,29.2,1004.6,84.91559008084812
2023-07-12 21:00:00,28.6,1002.5,88.96156313904507
2023-07-13 00:00:00,28.2,1003.7,90.51953760720181
2023-07-13 03:00:00,31.2,1004.8,74.82093472023674
2023-07-13 06:00:00,34.4,1003.6,62.11744798829246
2023-07-13 09:00:00,35.0,1002.0,55.948293602131415
2023-07-13 12:00:00,32.4,1002.3,70.31283604150148
2023-07-13 15:00:00,30.4,1004.1,81.13972960661955
2023-07-13 18:00:00,29.2,1003.7,83.42405706602797
2023-07-13 21:00:00,28.8,1002.3,84.87449545917907
2023-07-14 00:00:00,29.2,1003.0,83.42405706602797
2023-07-14 03:00:00,34.4,1004.3,59.59215392807818
2023-07-14 06:00:00,32.8,1003.4,67.93722542562669
2023-07-14 09:00:00,33.2,1001.7,70.45783465512956
2023-07-14 12:00:00,31.6,1001.2,77.57315316138988
2023-07-14 15:00:00,30.8,1003.6,81.1895795616241
2023-07-14 18:00:00,27.6,1003.3,92.09950049107172
2023-07-14 21:00:00,26.8,1002.2,92.05438311051279
2023-07-15 00:00:00,27.2,1001.6,93.72693426762005
2023-07-15 03:00:00,29.4,1003.0,86.44896966030107
2023-07-15 06:00:00,32.0,1002.1,72.34703340707203
2023-07-15 09:00:00,33.2,999.5,64.48770817549526
2023-07-15 12:00:00,29.2,999.0,92.18860676693177
2023-07-15 15:00:00,28.0,1000.4,90.50618565208272
2023-07-15 18:00:00,28.0,1000.2,90.50618565208272
2023-07-15 21:00:00,27.4,999.2,95.40932035991787
2023-07-16 00:00:00,27.0,999.8,96.5292760949642
2023-07-16 03:00:00,27.6,1001.1,92.09950049107172
2023-07-16 06:00:00,30.8,1000.5,75.64766286638326
2023-07-16 09:00:00,31.4,999.0,78.92130681911149
2023-07-16 12:00:00,30.8,998.5,73.00291172196927
2023-07-16 15:00:00,29.0,1000.6,87.95208930052544
2023-07-16 18:00:00,28.8,1001.1,89.50172004038727
2023-07-16 21:00:00,28.4,999.8,90.53286192976505
2023-07-17 00:00:00,28.0,999.8,92.12191734434786
2023-07-17 03:00:00,30.0,1000.3,82.53623329490637
2023-07-17 06:00:00,31.8,999.8,73.60449518826249
2023-07-17 09:00:00,27.2,999.3,90.45250000428203
2023-07-17 12:00:00,29.8,997.9,83.49088910584811
2023-07-17 15:00:00,28.8,1000.2,87.93540259721783
2023-07-17 18:00:00,28.2,1001.0,86.33689076158295
2023-07-17 21:00:00,27.8,999.5,90.49280598950578
2023-07-18 00:00:00,27.8,999.8,92.11072068322818
2023-07-18 03:00:00,29.8,1001.1,86.48603151527291
2023-07-18 06:00:00,31.6,1000.2,74.88472135092377
2023-07-18 09:00:00,31.4,998.0,82.69858252316531
2023-07-18 12:00:00,30.6,996.9,85.55612371787966
2023-07-18 15:00:00,29.8,998.6,79.63860889063328
2023-07-18 18:00:00,28.6,998.9,90.54615869442738
2023-07-18 21:00:00,28.2,998.2,90.51953760720181
2023-07-19 00:00:00,27.6,998.0,93.74490804295253
2023-07-19 03:00:00,30.4,999.6,81.13972960661955
2023-07-19 06:00:00,33.6,999.1,68.49226741509385
2023-07-19 09:00:00,29.6,997.6,86.46751908713752
2023-07-19 12:00:00,30.6,996.7,82.60607945629376
2023-07-19 15:00:00,30.0,998.3,78.26294962837345
2023-07-19 18:00:00,29.2,999.4,81.95548127118022
2023-07-19 21:00:00,28.6,998.3,84.8538871735531
2023-07-20 00:00:00,27.8,998.1,93.7538663078413
2023-07-20 03:00:00,31.0,999.5,79.79835457938422
2023-07-20 06:00:00,32.2,999.2,76.30955739524246
2023-07-20 09:00:00,33.6,997.0,58.00441896805416
2023-07-20 12:00:00,31.2,996.6,78.89384535394599
2023-07-20 15:00:00,30.2,1000.2,78.29124418971334
2023-07-20 18:00:00,29.4,1000.4,84.9360766224706
2023-07-20 21:00:00,28.4,999.4,92.14424033203443
2023-07-21 00:00:00,28.0,1000.1,93.76280556198172
2023-07-21 03:00:00,29.6,1001.6,88.00194722290112
2023-07-21 06:00:00,32.6,1001.8,70.34917736761386
2023-07-21 09:00:00,30.0,1001.5,83.5130798716472
2023-07-21 12:00:00,28.6,1001.7,90.54615869442738
2023-07-21 15:00:00,28.2,1003.0,88.93074165144274
2023-07-21 18:00:00,28.0,1004.6,88.91528354225218
2023-07-21 21:00:00,27.8,1003.7,92.11072068322818
2023-07-22 00:00:00,28.2,1004.2,93.77172585847173
2023-07-22 03:00:00,30.6,1006.1,81.16467826556904
2023-07-22 06:00:00,31.2,1005.7,77.51519693628545
2023-07-22 09:00:00,29.4,1004.2,91.12987608237039
2023-07-22 12:00:00,29.0,1003.2,89.51636332080271
2023-07-22 15:00:00,28.6,1005.3,87.40126108389012
2023-07-22 18:00:00,28.6,1006.2,87.40126108389012
2023-07-22 21:00:00,28.2,1004.9,88.93074165144274
2023-07-23 00:00:00,27.8,1005.4,93.7538663078413
2023-07-23 03:00:00,28.6,1006.5,92.1553667873356
2023-07-23 06:00:00,32.2,1005.4,76.30955739524246
2023-07-23 09:00:00,31.8,1003.4,76.24895936494288
2023-07-23 12:00:00,32.2,1002.5,70.27643339934488
2023-07-23 15:00:00,30.0,1004.9,79.66535824918688
2023-07-23 18:00:00,29.0,1005.2,86.41175942849821
2023-07-23 21:00:00,28.4,1003.8,88.94616815571688
2023-07-24 00:00:00,27.8,1003.9,93.7538663078413
2023-07-24 03:00:00,31.4,1004.3,74.85285642920122
2023-07-24 06:00:00,33.2,1003.5,70.45783465512956
2023-07-24 09:00:00,28.6,1002.25,86.37440005285019
2023-07-24 12:00:00,30.8,1001.0,79.77185498360923
2023-07-24 15:00:00,29.2,1003.1,84.91559008084812
2023-07-24 18:00:00,28.4,1003.5,88.94616815571688
2023-07-24 21:00:00,28.0,1002.2,90.50618565208272
2023-07-25 00:00:00,27.8,1002.9,93.7538663078413
2023-07-25 03:00:00,30.2,1003.4,81.1147334710309
2023-07-25 06:00:00,32.4,1002.9,71.14750152179087
2023-07-25 09:00:00,29.0,1002.3,90.57266984744003
2023-07-25 12:00:00,28.6,1002.1,95.44891343392182
2023-07-25 15:00:00,27.2,1003.0,92.07698925377626
2023-07-25 18:00:00,27.0,1003.1,88.83751596451742
2023-07-25 21:00:00,28.2,1002.1,84.81254813644145
2023-07-26 00:00:00,27.8,1002.7,90.49280598950578
2023-07-26 03:00:00,30.2,1003.9,82.5595602209085
2023-07-26 06:00:00,31.0,1003.6,84.11259923098856
2023-07-26 09:00:00,28.5,1002.3,84.34164713318661
2023-07-26 12:00:00,29.4,1002.1,89.54556000162309
2023-07-26 15:00:00,28.2,1003.3,92.67649921276428
2023-07-26 18:00:00,28.0,1003.2,92.12191734434786
2023-07-26 21:00:00,27.8,1002.3,90.49280598950578
2023-07-27 00:00:00,27.6,1002.3,93.74490804295253
2023-07-27 03:00:00,31.0,1003.8,77.48613913975385
2023-07-27 06:00:00,31.4,1003.1,78.92130681911149
2023-07-27 09:00:00,32.2,1000.8,73.6706835261597
2023-07-27 15:00:00,30.0,1002.1,79.66535824918688
2023-07-27 18:00:00,29.2,1002.0,84.91559008084812
2023-07-27 21:00:00,27.6,1000.3,92.09950049107172
2023-07-28 00:00:00,27.8,1000.4,93.7538663078413
2023-07-28 03:00:00,31.4,1000.9,78.92130681911149
2023-07-28 06:00:00,32.2,999.7,74.979976618763
2023-07-28 09:00:00,29.4,998.1,89.54556000162309
2023-07-28 12:00:00,30.4,996.7,82.58284223811447
2023-07-28 15:00:00,28.4,999.9,87.90192756472376
2023-07-28 18:00:00,28.6,1000.2,88.96156313904507
2023-07-28 21:00:00,28.2,997.5,92.13309053912468
2023-07-29 00:00:00,28.0,997.9,92.12191734434786
2023-07-29 03:00:00,31.2,999.8,82.67552340966292
2023-07-29 06:00:00,28.6,999.0,87.91868204829599
2023-07-29 09:00:00,31.2,997.3,80.76534839125635
2023-07-29 12:00:00,32.4,996.5,75.45207406041715
2023-07-29 15:00:00,30.2,998.6,85.01762004491522
2023-07-29 18:00:00,29.4,999.5,84.9360766224706
2023-07-29 21:00:00,29.2,997.7,84.91559008084812
2023-07-30 00:00:00,28.6,997.5,88.96156313904507
2023-07-30 03:00:00,31.6,998.8,80.34554512689967
2023-07-30 06:00:00,33.4,998.3,72.1636734164623
2023-07-30 09:00:00,34.4,996.2,70.26336932149452
2023-07-30 12:00:00,34.0,995.9,68.56801813396841
2023-07-30 15:00:00,31.6,998.1,81.76391342930833
2023-07-30 18:00:00,30.0,998.1,84.99729439748566
2023-07-30 21:00:00,29.6,996.9,86.46751908713752
2023-07-31 00:00:00,28.8,996.5,92.16646996907035
2023-07-31 03:00:00,32.0,998.2,79.0033862804747
2023-07-31 06:00:00,34.0,997.6,68.56801813396841
2023-07-31 09:00:00,34.0,995.2,69.78208647156907
2023-07-31 12:00:00,33.8,994.4,73.5047030667105
2023-07-31 15:00:00,29.2,997.0,95.46851971429227
2023-07-31 18:00:00,28.8,995.8,95.45546286072076
2023-07-31 21:00:00,28.0,995.7,87.34888747491027
2023-08-01 00:00:00,26.8,994.3,96.52421418955653
2023-08-01 03:00:00,28.8,995.1,89.50172004038727
2023-08-01 06:00:00,33.4,993.7,73.0114248312194
2023-08-01 09:00:00,33.2,990.5,76.90542428520767
2023-08-01 12:00:00,28.0,990.5,93.76280556198172
2023-08-01 15:00:00,28.0,991.9,90.50618565208272
2023-08-01 18:00:00,27.2,989.5,93.72693426762005
2023-08-01 21:00:00,27.8,987.5,90.49280598950578
2023-08-02 00:00:00,27.0,991.1,93.71791865005993
2023-08-02 03:00:00,27.4,994.0,93.73593071403404
2023-08-02 06:00:00,29.2,995.1,77.68451620551635
2023-08-02 09:00:00,27.0,991.1,93.71791865005993
2023-08-02 12:00:00,28.8,994.4,81.90716097068722
2023-08-02 15:00:00,28.2,996.7,86.33689076158295
2023-08-02 18:00:00,27.4,997.3,93.73593071403404
2023-08-02 21:00:00,27.0,996.4,93.71791865005993
2023-08-03 00:00:00,27.2,997.1,93.72693426762005
2023-08-03 03:00:00,29.0,999.2,83.40169277956687
2023-08-03 06:00:00,32.6,998.8,72.87668440277191
2023-08-03 09:00:00,33.0,997.7,75.5452541352859
2023-08-03 12:00:00,31.8,997.7,76.24895936494288
2023-08-03 15:00:00,29.8,1000.2,84.97692867892383
2023-08-03 18:00:00,29.5,1000.5,87.47922923328555
2023-08-03 21:00:00,29.0,999.6,89.51636332080271
2023-08-04 00:00:00,28.8,1000.2,90.55942797559786
2023-08-04 03:00:00,32.0,1002.6,71.07626571001893
2023-08-04 06:00:00,33.0,1002.7,76.87590749996318
2023-08-04 09:00:00,32.4,1002.2,75.45207406041715
2023-08-04 12:00:00,31.0,1001.2,73.47141965449843
2023-08-04 15:00:00,30.0,1004.1,79.66535824918688
2023-08-04 18:00:00,29.6,1004.4,86.46751908713752
2023-08-04 21:00:00,29.2,1003.8,86.43038313933076
2023-08-05 00:00:00,28.8,1002.9,83.37928484286573
2023-08-05 03:00:00,31.8,1004.0,73.60449518826249
2023-08-05 06:00:00,33.0,1003.6,69.1892678326449
2023-08-05 09:00:00,31.0,1001.9,72.1742265807024
2023-08-05 12:00:00,30.2,1001.6,75.55406963834521
2023-08-05 15:00:00,28.6,1003.4,82.86297505919713
2023-08-05 18:00:00,29.0,1002.9,81.9313443709877
2023-08-05 21:00:00,28.6,1000.9,81.88293095675748
2023-08-06 00:00:00,27.4,1001.0,88.86871874139695
2023-08-06 03:00:00,28.0,1002.3,88.91528354225218
2023-08-06 06:00:00,28.8,1001.9,90.55942797559786
2023-08-06 09:00:00,29.2,999.8,86.43038313933076
2023-08-06 12:00:00,29.0,999.0,86.41175942849821
2023-08-06 15:00:00,28.6,1000.1,88.96156313904507
2023-08-06 18:00:00,28.6,999.7,87.91868204829599
2023-08-06 21:00:00,28.4,997.7,88.94616815571688
2023-08-07 00:00:00,27.8,997.7,92.11072068322818
2023-08-07 03:00:00,28.0,999.4,93.76280556198172
2023-08-07 06:00:00,28.8,998.8,92.16646996907035
2023-08-07 09:00:00,28.6,997.1,93.78950978997815
2023-08-07 12:00:00,28.0,997.8,96.5544215144089
2023-08-07 18:00:00,26.6,999.6,93.14469320832866
2023-08-07 21:00:00,26.0,998.1,96.503856108436
2023-08-08 00:00:00,26.2,998.7,94.80376584735212
2023-08-08 03:00:00,27.6,1001.0,90.47939854432097
2023-08-08 06:00:00,29.8,1000.8,81.06459831337503
2023-08-08 09:00:00,30.8,999.9,81.1895795616241
2023-08-08 12:00:00,30.2,1000.0,78.29124418971334
2023-08-08 15:00:00,27.6,1002.9,90.47939854432097
2023-08-08 18:00:00,27.0,1002.8,93.71791865005993
2023-08-08 21:00:00,26.8,1002.5,93.70888380751718
2023-08-09 00:00:00,27.2,1002.9,93.72693426762005
2023-08-09 03:00:00,29.8,1004.3,82.0276141014992
2023-08-09 06:00:00,31.2,1004.3,76.157651318818
2023-08-09 09:00:00,33.4,1002.5,62.269883795368706
2023-08-09 12:00:00,32.4,1002.4,69.07688914571028
2023-08-09 15:00:00,30.4,1004.5,82.58284223811447
2023-08-09 18:00:00,29.6,1004.5,88.00194722290112
2023-08-09 21:00:00,28.0,1003.2,92.12191734434786
2023-08-10 00:00:00,27.6,1004.4,92.09950049107172
2023-08-10 03:00:00,30.2,1006.0,81.1147334710309
2023-08-10 06:00:00,30.6,1005.9,76.97150804274018
2023-08-10 09:00:00,31.8,1003.7,73.60449518826249
2023-08-10 15:00:00,30.0,1005.4,79.66535824918688
2023-08-10 18:00:00,29.2,1005.7,81.95548127118022
2023-08-10 21:00:00,27.4,1004.5,84.22401507730588
2023-08-11 00:00:00,27.0,1004.4,93.71791865005993
2023-08-11 03:00:00,28.6,1005.4,83.35683314726084
2023-08-11 06:00:00,32.0,1004.5,74.94828132337592
2023-08-11 09:00:00,34.2,1002.1,65.46087940474851
2023-08-11 12:00:00,32.4,1001.7,74.13743365834232
2023-08-11 15:00:00,30.6,1003.9,81.16467826556904
2023-08-11 18:00:00,26.8,1004.3,96.52421418955653
2023-08-11 21:00:00,26.8,1002.4,96.52421418955653
2023-08-12 00:00:00,27.0,1002.5,95.39600874452509
2023-08-12 03:00:00,28.6,1004.4,92.1553667873356
2023-08-12 06:00:00,31.4,1003.4,80.31973345807687
2023-08-12 09:00:00,30.2,1000.7,84.02682856635852
2023-08-12 12:00:00,32.6,1000.1,80.47387890127715
2023-08-12 15:00:00,26.8,1003.3,95.38933139322062
2023-08-12 18:00:00,26.8,1003.5,95.38933139322062
2023-08-12 21:00:00,27.2,1001.6,93.72693426762005
2023-08-13 00:00:00,27.2,1001.7,92.07698925377626
2023-08-13 03:00:00,27.6,1004.6,92.09950049107172
2023-08-13 06:00:00,30.0,1004.7,88.03501822943302
2023-08-13 09:00:00,31.0,1002.9,79.79835457938422
2023-08-13 12:00:00,27.4,1003.5,92.08825670296545
2023-08-13 15:00:00,27.2,1004.7,90.45250000428203
2023-08-13 18:00:00,27.6,1005.1,93.74490804295253
2023-08-13 21:00:00,27.4,1003.9,93.73593071403404
2023-08-14 00:00:00,27.0,1004.3,93.71791865005993
2023-08-14 03:00:00,29.2,1006.1,86.43038313933076
2023-08-14 06:00:00,33.0,1005.8,72.94417143512577
2023-08-14 09:00:00,33.4,1002.9,69.67179428866176
2023-08-14 12:00:00,32.4,1002.7,69.07688914571028
2023-08-14 15:00:00,30.0,1004.3,76.88217771852533
2023-08-14 18:00:00,29.0,1005.0,81.9313443709877
2023-08-14 21:00:00,28.8,1004.0,84.87449545917907
2023-08-15 00:00:00,28.2,1003.9,87.36638064071765
2023-08-15 03:00:00,32.0,1004.9,76.27928569930424
2023-08-15 06:00:00,32.2,1004.4,74.10487661671202
2023-08-15 09:00:00,29.0,1002.4,86.41175942849821
2023-08-15 12:00:00,30.0,1001.4,81.08968974474207
2023-08-15 15:00:00,29.2,1004.1,80.98903664024475
2023-08-15 18:00:00,29.8,1005.1,84.97692867892383
2023-08-15 21:00:00,29.4,1003.5,86.44896966030107
2023-08-16 00:00:00,28.6,1003.2,87.91868204829599
2023-08-16 03:00:00,31.4,1004.3,78.92130681911149
2023-08-16 06:00:00,35.0,1003.6,62.2470562760692
2023-08-16 09:00:00,27.0,1001.8,90.43900875787912
2023-08-16 12:00:00,26.4,1000.9,94.81128607168019
2023-08-16 15:00:00,28.0,1004.3,93.76280556198172
2023-08-16 18:00:00,27.8,1003.8,92.11072068322818
2023-08-16 21:00:00,27.2,1003.1,95.40267171979633
2023-08-17 00:00:00,28.0,1002.3,93.76280556198172
2023-08-17 03:00:00,30.2,1003.6,85.01762004491522
2023-08-17 06:00:00,31.2,1002.7,81.23924051845427
2023-08-17 09:00:00,29.2,1001.2,95.46851971429227
2023-08-17 12:00:00,28.6,1001.5,88.96156313904507
2023-08-17 15:00:00,27.0,1003.4,96.5292760949642
2023-08-17 18:00:00,27.0,1002.9,88.83751596451742
2023-08-17 21:00:00,27.4,1001.2,93.73593071403404
2023-08-18 00:00:00,27.4,1001.4,94.29085332119168
2023-08-18 03:00:00,29.2,1002.3,84.91559008084812
2023-08-18 06:00:00,28.4,1002.1,94.88560695710903
2023-08-18 09:00:00,32.2,999.6,74.979976618763
2023-08-18 12:00:00,30.0,1000.2,78.26294962837345
2023-08-18 15:00:00,28.8,1002.1,80.45782143103412
2023-08-18 18:00:00,28.4,1002.9,81.85865421535438
2023-08-18 21:00:00,28.2,1002.4,83.31179804309043
2023-08-19 00:00:00,27.8,1002.8,87.33135888966177
2023-08-19 03:00:00,31.0,1004.4,76.1271052167908
2023-08-19 06:00:00,30.0,1004.7,76.88217771852533
2023-08-19 09:00:00,31.4,1002.7,76.18814229624397
2023-08-19 12:00:00,31.4,1002.9,69.71409411644107
2023-08-19 15:00:00,28.8,1003.8,87.93540259721783
2023-08-19 18:00:00,28.6,1004.4,90.54615869442738
2023-08-19 21:00:00,28.0,1004.2,93.76280556198172
2023-08-20 00:00:00,27.8,1004.7,93.7538663078413
2023-08-20 03:00:00,30.8,1006.3,73.00291172196927
2023-08-20 06:00:00,33.2,1006.1,63.34828851792842
2023-08-20 09:00:00,34.2,1003.9,59.54690108998311
2023-08-20 12:00:00,32.8,1002.8,65.56377770296238
2023-08-20 15:00:00,30.0,1004.8,78.26294962837345
2023-08-20 18:00:00,29.0,1005.3,79.0585121873896
2023-08-20 21:00:00,28.6,1004.5,87.91868204829599
2023-08-21 00:00:00,28.2,1003.9,88.93074165144274
2023-08-21 03:00:00,32.2,1005.4,76.30955739524246
2023-08-21 06:00:00,33.2,1004.9,69.63490751790683
2023-08-21 09:00:00,33.2,1002.1,69.63490751790683
2023-08-21 12:00:00,32.4,1002.2,71.56807265043355
2023-08-21 15:00:00,29.8,1004.5,79.63860889063328
2023-08-21 18:00:00,28.8,1004.7,90.55942797559786
2023-08-21 21:00:00,28.6,1002.9,90.54615869442738
2023-08-22 00:00:00,28.6,1003.1,90.54615869442738
2023-08-22 03:00:00,31.2,1004.4,79.82480457377302
2023-08-22 06:00:00,32.0,1003.4,74.94828132337592
2023-08-22 09:00:00,32.8,1002.3,71.63823581141993
2023-08-22 12:00:00,31.4,1002.4,73.53807422593974
2023-08-22 15:00:00,30.2,1004.8,79.69205742002245
2023-08-22 18:00:00,29.4,1004.2,83.4463778105949
2023-08-22 21:00:00,29.0,1003.1,84.89506306062921
2023-08-23 00:00:00,29.2,1002.6,86.43038313933076
2023-08-23 03:00:00,31.4,1004.3,80.31973345807687
2023-08-23 06:00:00,34.4,1002.9,66.66465260488106
2023-08-23 09:00:00,28.8,1000.9,81.90716097068722
2023-08-23 12:00:00,28.2,1001.3,88.93074165144274
2023-08-23 15:00:00,27.4,1002.5,93.73593071403404
2023-08-23 18:00:00,27.0,1001.7,92.06569807815053
2023-08-23 21:00:00,27.2,999.2,90.45250000428203
2023-08-24 00:00:00,26.6,999.8,93.69982968596882
2023-08-24 03:00:00,28.8,1002.2,86.39309843177878
2023-08-24 06:00:00,31.6,1001.5,72.27808999036708
2023-08-24 09:00:00,32.6,999.1,71.60318423066752
2023-08-24 12:00:00,31.4,999.0,76.18814229624397
2023-08-24 15:00:00,30.2,1000.8,85.01762004491522
2023-08-24 18:00:00,26.6,1001.1,93.69982968596882
2023-08-24 21:00:00,26.2,1000.7,94.80376584735212
2023-08-25 00:00:00,26.0,1000.4,98.23832753499846
2023-08-25 03:00:00,27.2,1001.8,95.40267171979633
2023-08-25 06:00:00,27.2,1001.6,96.53432701791446
2023-08-25 09:00:00,27.4,999.7,95.40932035991787
2023-08-25 12:00:00,27.6,1000.7,93.74490804295253
2023-08-25 15:00:00,26.0,1002.8,93.67255110424425
2023-08-25 18:00:00,25.8,1002.7,93.10518672866101
2023-08-25 21:00:00,26.0,1001.1,94.79622941585653
2023-08-26 00:00:00,26.6,1001.5,96.51914127003087
2023-08-26 03:00:00,27.6,1002.6,93.74490804295253
2023-08-26 06:00:00,29.8,1002.6,82.51286135002354
2023-08-26 09:00:00,31.0,1000.7,74.7889561009917
2023-08-26 12:00:00,30.0,1001.1,83.5130798716472
2023-08-26 15:00:00,28.6,1002.6,81.88293095675748
2023-08-26 18:00:00,28.2,1002.7,84.81254813644145
2023-08-26 21:00:00,28.0,1001.1,84.79181717750924
2023-08-27 00:00:00,27.8,1001.5,90.49280598950578
2023-08-27 03:00:00,31.6,1003.1,73.57131384659597
2023-08-27 06:00:00,34.4,1002.4,59.59215392807818
2023-08-27 09:00:00,35.0,1000.3,59.02423742118093
2023-08-27 12:00:00,33.2,1000.1,62.22651784699078
2023-08-27 15:00:00,31.0,1001.4,76.1271052167908
2023-08-27 18:00:00,30.0,1001.6,82.53623329490637
2023-08-28 00:00:00,29.6,1001.3,89.56011356164207
2023-08-28 03:00:00,32.6,1003.4,70.34917736761386
2023-08-28 06:00:00,34.0,1002.7,55.04309180081118
2023-08-28 09:00:00,34.2,1000.9,53.13543895263694
2023-08-28 12:00:00,33.4,1000.6,61.166394066179166
2023-08-28 15:00:00,31.0,1003.0,73.47141965449843
2023-08-28 18:00:00,30.0,1003.4,81.08968974474207
2023-08-28 21:00:00,29.6,1001.9,82.00361602371757
2023-08-29 00:00:00,28.8,1002.9,86.39309843177878
2023-08-29 03:00:00,32.8,1004.3,69.15187043596707
2023-08-29 06:00:00,34.4,1003.5,57.499557963952576
2023-08-29 09:00:00,35.0,1000.9,54.62685359204623
2023-08-29 12:00:00,24.0,1001.9,98.2120639566388
2023-08-29 15:00:00,28.4,1003.7,86.35566419509173
2023-08-29 18:00:00,28.8,1003.9,84.87449545917907
2023-08-29 21:00:00,28.2,1003.7,88.93074165144274
2023-08-30 00:00:00,28.0,1003.9,90.50618565208272
2023-08-30 03:00:00,30.6,1005.0,84.06979751556185
2023-08-30 06:00:00,33.8,1004.8,60.52964398250845
2023-08-30 09:00:00,35.2,1003.1,54.02524542945505
2023-08-30 12:00:00,33.6,1002.9,63.81035576931347
2023-08-30 15:00:00,33.0,1004.4,71.67322751398581
2023-08-30 18:00:00,31.2,1005.3,78.89384535394599
2023-08-30 21:00:00,30.0,1004.4,83.5130798716472
2023-08-31 00:00:00,29.8,1005.1,84.97692867892383
2023-08-31 03:00:00,32.8,1006.6,74.20237605491754
2023-08-31 06:00:00,34.6,1005.7,58.933037767250966
2023-08-31 09:00:00,34.0,1003.6,63.89432970526357
2023-08-31 12:00:00,30.0,1003.4,84.99729439748566
2023-08-31 15:00:00,29.6,1004.9,86.46751908713752
2023-08-31 18:00:00,29.4,1005.3,87.98536152503398
2023-08-31 21:00:00,29.0,1004.6,89.51636332080271
2023-09-01 00:00:00,29.2,1004.8,92.18860676693177
2023-09-01 03:00:00,33.0,1006.6,76.87590749996318
2023-09-01 06:00:00,35.0,1005.5,64.10313575577756
2023-09-01 09:00:00,35.0,1003.2,63.354980624753985
2023-09-01 12:00:00,32.6,1002.6,72.87668440277191
2023-09-01 15:00:00,31.0,1005.1,82.65241993308152
2023-09-01 18:00:00,30.4,1005.3,88.06795596655172
2023-09-01 21:00:00,30.0,1004.1,89.58913151799659
2023-09-02 00:00:00,30.0,1003.9,92.23260387388135
2023-09-02 03:00:00,33.0,1004.6,78.22698303554304
2023-09-02 06:00:00,35.4,1003.8,66.08722744082345
2023-09-02 09:00:00,26.6,1001.5,96.51914127003087
2023-09-02 12:00:00,27.2,1000.9,93.72693426762005
2023-09-02 15:00:00,28.4,1003.7,87.90192756472376
2023-09-02 18:00:00,28.4,1003.3,86.35566419509173
2023-09-02 21:00:00,28.2,1002.2,88.93074165144274
2023-09-03 00:00:00,27.4,1002.4,92.63464483709329
2023-09-03 03:00:00,29.2,1002.9,92.18860676693177
2023-09-03 06:00:00,32.8,1002.1,69.15187043596707
2023-09-03 09:00:00,34.0,999.6,61.663754542437346
2023-09-03 12:00:00,32.0,998.5,69.82505728068918
2023-09-03 15:00:00,29.8,1001.5,81.06459831337503
2023-09-03 18:00:00,29.2,1001.7,84.91559008084812
2023-09-03 21:00:00,28.8,999.9,86.39309843177878
2023-09-04 00:00:00,27.2,1000.8,90.45250000428203
2023-09-04 03:00:00,25.6,1002.7,98.23312117951836
2023-09-04 06:00:00,31.0,1001.6,78.40390010984709
2023-09-04 09:00:00,27.2,999.4,93.72693426762005
2023-09-04 12:00:00,28.4,999.5,88.94616815571688
2023-09-04 15:00:00,27.8,1001.2,96.54941420693457
2023-09-04 18:00:00,28.0,1001.9,95.42918067606378
2023-09-04 21:00:00,27.8,1000.6,93.7538663078413
2023-09-05 00:00:00,28.0,1000.9,96.5544215144089
2023-09-05 03:00:00,25.6,1003.7,96.49361034454672
2023-09-05 06:00:00,28.8,1003.1,89.50172004038727
2023-09-05 09:00:00,32.2,1000.5,72.80896276194781
2023-09-05 12:00:00,30.8,999.8,78.37581423848806
2023-09-05 15:00:00,30.0,1001.8,84.99729439748566
2023-09-05 18:00:00,29.2,1002.3,89.53097661456914
2023-09-05 21:00:00,29.0,1001.8,89.51636332080271
2023-09-06 00:00:00,28.2,1002.2,93.77172585847173
2023-09-06 03:00:00,29.8,1004.1,84.97692867892383
2023-09-06 06:00:00,32.0,1003.3,72.34703340707203
2023-09-06 09:00:00,32.4,1000.4,69.07688914571028
2023-09-06 12:00:00,29.8,1000.5,84.97692867892383
2023-09-06 15:00:00,28.0,1003.2,93.76280556198172
2023-09-06 18:00:00,27.8,1003.5,88.89979374390309
2023-09-06 21:00:00,27.6,1001.7,95.41595470562915
2023-09-07 00:00:00,26.6,1002.3,96.51914127003087
2023-09-07 03:00:00,27.8,1003.3,93.7538663078413
2023-09-07 06:00:00,29.2,1002.4,84.91559008084812
2023-09-07 09:00:00,28.4,1000.7,88.94616815571688
2023-09-07 15:00:00,27.8,1002.6,89.9590510913945
2023-09-07 18:00:00,27.2,1003.4,92.07698925377626
2023-09-07 21:00:00,26.8,1002.1,95.38933139322062
2023-09-08 00:00:00,26.6,1002.7,92.04304428506519
2023-09-08 03:00:00,28.0,1005.5,88.91528354225218
2023-09-08 06:00:00,28.0,1005.3,92.12191734434786
2023-09-08 09:00:00,29.8,1003.0,84.97692867892383
2023-09-08 12:00:00,28.0,1002.9,87.34888747491027
2023-09-08 15:00:00,27.6,1005.0,93.74490804295253
2023-09-08 18:00:00,27.4,1005.3,95.40932035991787
2023-09-08 21:00:00,27.0,1004.0,96.5292760949642
2023-09-09 00:00:00,27.6,1004.7,96.54439604252043
2023-09-09 03:00:00,29.6,1006.4,91.14232765587903
2023-09-09 06:00:00,32.8,1005.3,71.63823581141993
2023-09-09 09:00:00,34.4,1002.3,67.84590048124622
2023-09-09 12:00:00,31.6,1002.1,77.57315316138988
2023-09-09 15:00:00,29.6,1004.5,84.95652278782288
2023-09-09 18:00:00,29.0,1004.4,90.57266984744003
2023-09-09 21:00:00,28.6,1003.1,90.54615869442738
2023-09-10 00:00:00,28.4,1003.0,92.14424033203443
2023-09-10 03:00:00,31.8,1004.0,78.9760771648778
2023-09-10 06:00:00,33.2,1003.3,67.21631066718778
2023-09-10 09:00:00,34.2,1000.4,62.81318702880705
2023-09-10 12:00:00,31.2,1000.4,78.89384535394599
2023-09-10 15:00:00,30.4,1002.4,79.71870652103674
2023-09-10 18:00:00,29.2,1003.1,89.53097661456914
2023-09-10 21:00:00,27.8,1001.3,94.86347768339076
2023-09-11 00:00:00,28.2,1001.4,90.51953760720181
2023-09-11 03:00:00,31.8,1002.6,77.60205183026918
2023-09-11 06:00:00,35.2,1002.0,59.06973996646835
2023-09-11 09:00:00,34.4,999.9,54.154564287934356
2023-09-11 12:00:00,31.6,1000.2,74.88472135092377
2023-09-11 15:00:00,31.6,1000.2,74.88472135092377
2023-09-11 18:00:00,30.2,1002.3,78.29124418971334
2023-09-11 21:00:00,29.0,1001.0,81.9313443709877
2023-09-12 00:00:00,28.8,1001.8,84.87449545917907
2023-09-12 03:00:00,32.6,1003.5,75.48318952612465
2023-09-12 06:00:00,31.4,1002.3,69.71409411644107
2023-09-12 09:00:00,30.2,1000.1,76.91200889831605
2023-09-12 12:00:00,27.8,1000.5,93.7538663078413
2023-09-12 15:00:00,27.4,1002.5,95.40932035991787
2023-09-12 18:00:00,27.4,1002.7,93.73593071403404
2023-09-12 21:00:00,27.4,1000.5,93.73593071403404
2023-09-13 00:00:00,27.2,1000.3,96.53432701791446
2023-09-13 03:00:00,30.0,1002.3,79.66535824918688
2023-09-13 06:00:00,32.2,1001.3,69.03930501374236
2023-09-13 09:00:00,32.0,998.3,68.5931528079531
2023-09-13 12:00:00,29.0,998.1,86.41175942849821
2023-09-13 15:00:00,28.8,1001.6,84.87449545917907
2023-09-13 18:00:00,28.0,1001.6,88.91528354225218
2023-09-13 21:00:00,27.8,1000.8,92.11072068322818
2023-09-14 00:00:00,27.4,1000.1,92.08825670296545
2023-09-14 03:00:00,27.6,1002.1,95.41595470562915
2023-09-14 06:00:00,26.6,1001.7,94.8187901348208
2023-09-14 09:00:00,27.4,999.7,93.73593071403404
2023-09-14 15:00:00,28.2,1003.3,92.13309053912468
2023-09-14 18:00:00,27.8,1003.5,90.49280598950578
2023-09-14 21:00:00,27.6,1003.0,92.09950049107172
2023-09-15 00:00:00,26.6,1003.7,96.51914127003087
2023-09-15 03:00:00,27.2,1006.1,96.53432701791446
2023-09-15 06:00:00,29.4,1005.5,87.98536152503398
2023-09-15 09:00:00,31.0,1003.9,78.40390010984709
2023-09-15 12:00:00,29.8,1002.8,83.49088910584811
2023-09-15 15:00:00,28.8,1005.2,92.16646996907035
2023-09-15 18:00:00,28.2,1005.6,92.13309053912468
2023-09-15 21:00:00,28.0,1004.7,92.12191734434786
2023-09-16 00:00:00,27.8,1005.0,95.42257479752661
2023-09-16 03:00:00,31.2,1006.8,79.82480457377302
2023-09-16 06:00:00,32.0,1005.3,73.63761837389029
2023-09-16 09:00:00,34.2,1002.8,61.707439726266486
2023-09-16 12:00:00,32.0,1002.4,73.63761837389029
2023-09-16 15:00:00,30.8,1004.1,82.62927198490198
2023-09-16 18:00:00,29.4,1004.5,86.44896966030107
2023-09-16 21:00:00,29.0,1003.6,86.41175942849821
2023-09-17 00:00:00,28.0,1003.9,95.42918067606378
2023-09-17 03:00:00,32.0,1004.9,71.07626571001893
2023-09-17 06:00:00,34.4,1003.8,61.02394829813572
2023-09-17 09:00:00,34.2,1000.8,59.54690108998311
2023-09-17 12:00:00,33.4,1000.4,69.67179428866176
2023-09-17 15:00:00,31.2,1003.5,77.51519693628545
2023-09-17 18:00:00,30.6,1003.5,84.06979751556185
2023-09-17 21:00:00,30.2,1003.0,86.52294575570109
2023-09-18 00:00:00,29.4,1002.2,89.54556000162309
2023-09-18 03:00:00,29.2,1004.5,87.96874224697314
2023-09-18 06:00:00,30.2,1003.9,76.91200889831605
2023-09-18 09:00:00,31.2,1001.0,72.20890765279174
2023-09-18 12:00:00,30.0,1002.3,78.26294962837345
2023-09-18 15:00:00,28.8,1004.2,84.87449545917907
2023-09-18 18:00:00,27.0,1004.4,95.39600874452509
2023-09-18 21:00:00,26.8,1003.3,90.42548942576907
2023-09-19 00:00:00,26.6,1003.5,93.69982968596882
2023-09-19 03:00:00,29.2,1005.1,83.42405706602797
2023-09-19 06:00:00,31.6,1004.4,73.57131384659597
2023-09-19 09:00:00,30.4,1003.0,71.64060697493404
2023-09-19 12:00:00,28.8,1003.1,79.03096698905824
2023-09-20 00:00:00,27.0,1003.1,90.43900875787912
2023-09-20 03:00:00,26.8,1003.9,88.82186644716782
2023-09-20 06:00:00,28.4,1004.1,92.14424033203443
2023-09-20 09:00:00,28.8,1001.7,90.55942797559786
2023-09-20 12:00:00,28.2,1002.3,92.13309053912468
2023-09-20 15:00:00,28.0,1004.4,92.12191734434786
2023-09-20 18:00:00,27.6,1004.8,93.74490804295253
2023-09-20 21:00:00,27.4,1003.4,93.73593071403404
2023-09-21 00:00:00,26.8,1003.5,95.38933139322062
2023-09-21 03:00:00,26.8,1003.5999999999999,95.38933139322062
2023-09-21 06:00:00,26.8,1003.6999999999999,87.24318141227258
2023-09-21 09:00:00,28.2,1003.8,81.83433063230953
2023-09-21 12:00:00,28.4,1003.9,92.14424033203443
2023-09-21 15:00:00,28.4,1006.7,90.53286192976505
2023-09-21 18:00:00,28.0,1005.9,92.12191734434786
2023-09-21 21:00:00,27.6,1005.3,93.74490804295253
2023-09-22 00:00:00,27.2,1005.8,93.72693426762005
2023-09-22 03:00:00,30.2,1007.9,86.52294575570109
2023-09-22 06:00:00,29.2,1006.5,90.58588438387352
2023-09-22 09:00:00,28.8,1004.4,89.50172004038727
2023-09-22 12:00:00,27.2,1004.4,93.72693426762005
2023-09-22 15:00:00,27.2,1006.7,93.72693426762005
2023-09-22 18:00:00,27.6,1006.7,95.41595470562915
2023-09-22 21:00:00,27.4,1005.2,98.25637024612985
2023-09-23 00:00:00,26.2,1006.4,94.80376584735212
2023-09-23 03:00:00,28.6,1008.4,92.1553667873356
2023-09-23 06:00:00,27.6,1007.5,92.09950049107172
2023-09-23 09:00:00,29.4,1005.7,86.44896966030107
2023-09-23 12:00:00,29.0,1005.4,87.95208930052544
2023-09-23 15:00:00,28.6,1007.4,88.96156313904507
2023-09-23 18:00:00,28.2,1007.0,88.93074165144274
2023-09-23 21:00:00,28.0,1005.5,90.50618565208272
2023-09-24 00:00:00,27.2,1005.5,92.07698925377626
2023-09-24 03:00:00,30.0,1007.3,84.99729439748566
2023-09-24 06:00:00,29.6,1006.4,84.95652278782288
2023-09-24 09:00:00,28.4,1004.2,88.94616815571688
2023-09-24 12:00:00,27.2,1004.1,95.40267171979633
2023-09-24 15:00:00,27.8,1006.2,96.54941420693457
2023-09-24 18:00:00,27.8,1005.1,96.54941420693457
2023-09-24 21:00:00,28.0,1004.8,95.42918067606378
2023-09-25 00:00:00,26.6,1005.6,93.69982968596882
2023-09-25 03:00:00,30.0,1007.2,78.26294962837345
2023-09-25 06:00:00,31.8,1006.4,77.60205183026918
2023-09-25 09:00:00,32.8,1003.8,75.51424951083074
2023-09-25 12:00:00,29.4,1004.1,84.9360766224706
2023-09-25 15:00:00,29.0,1006.6,89.51636332080271
2023-09-25 18:00:00,28.6,1006.8,88.96156313904507
2023-09-25 21:00:00,28.2,1005.7,88.93074165144274
2023-09-26 00:00:00,27.2,1006.2,96.53432701791446
2023-09-26 03:00:00,30.8,1008.0,82.62927198490198
2023-09-26 06:00:00,33.0,1006.7,71.67322751398581
2023-09-26 09:00:00,34.4,1003.5,61.02394829813572
2023-09-26 12:00:00,31.6,1003.6,76.21857827105511
2023-09-26 15:00:00,30.2,1007.1,84.02682856635852
2023-09-26 18:00:00,29.2,1007.1,87.96874224697314
2023-09-26 21:00:00,27.7,1006.0,91.02298782097043
2023-09-27 00:00:00,28.2,1006.4,92.13309053912468
2023-09-27 03:00:00,30.8,1007.8,82.62927198490198
2023-09-27 06:00:00,34.2,1006.0,59.54690108998311
2023-09-27 09:00:00,34.2,1003.3,60.618752169673485
2023-09-27 12:00:00,32.6,1003.1,69.11441091335229
2023-09-27 15:00:00,30.8,1005.4,84.09121922543238
2023-09-27 18:00:00,30.0,1005.4,84.99729439748566
2023-09-27 21:00:00,29.2,1004.8,86.43038313933076
2023-09-28 00:00:00,28.0,1005.6,92.12191734434786
2023-09-28 03:00:00,32.0,1007.2,72.34703340707203
2023-09-28 06:00:00,34.0,1006.3,66.19513066409054
2023-09-28 09:00:00,34.8,1002.4,58.978670050887736
2023-09-28 18:00:00,31.2,1004.5,82.67552340966292
2023-09-28 21:00:00,30.8,1003.1,84.09121922543238
2023-09-29 00:00:00,29.0,1003.5,87.43600095603654
2023-09-29 03:00:00,30.0,1005.9,86.50450703984572
2023-09-29 06:00:00,31.8,1004.6,80.37130833898534
2023-09-29 09:00:00,28.2,1002.8,87.36638064071765
2023-09-29 12:00:00,26.6,1002.1,93.69982968596882
2023-09-29 15:00:00,26.8,1004.6,90.42548942576907
2023-09-29 18:00:00,27.0,1004.2,92.06569807815053
2023-09-29 21:00:00,26.6,1002.9,92.04304428506519
2023-09-30 00:00:00,26.0,1003.2,94.79622941585653
2023-09-30 03:00:00,26.2,1003.9,96.5089622614157
2023-09-30 06:00:00,28.2,1002.8,92.13309053912468
2023-09-30 09:00:00,27.4,999.0,93.73593071403404
2023-09-30 12:00:00,27.4,998.9,95.40932035991787
2023-09-30 15:00:00,27.6,1001.9,90.47939854432097
2023-09-30 18:00:00,27.4,1002.2,92.08825670296545
2023-09-30 21:00:00,26.2,1001.1,93.68166338882529
2023-10-01 00:00:00,27.0,1001.5,92.06569807815053
2023-10-01 03:00:00,28.6,1002.7,86.37440005285019
2023-10-01 06:00:00,31.6,1002.5,74.88472135092377
2023-10-01 09:00:00,29.6,1000.6,81.03945906223336
2023-10-01 12:00:00,29.2,1001.2,83.42405706602797
2023-10-01 15:00:00,28.2,1003.7,84.81254813644145
2023-10-01 18:00:00,27.8,1004.0,85.78717977072007
2023-10-01 21:00:00,27.0,1002.6,92.06569807815053
2023-10-02 00:00:00,27.2,1002.9,93.72693426762005
2023-10-02 03:00:00,27.4,1005.5,92.08825670296545
2023-10-02 06:00:00,27.6,1005.3,93.74490804295253
2023-10-02 09:00:00,30.0,1002.6,79.66535824918688
2023-10-02 12:00:00,27.8,1003.0,93.7538663078413
2023-10-02 15:00:00,27.0,1004.8,95.39600874452509
2023-10-02 18:00:00,27.0,1005.1,93.71791865005993
2023-10-02 21:00:00,27.0,1005.1,93.71791865005993
2023-10-03 00:00:00,26.6,1003.8,93.69982968596882
2023-10-03 03:00:00,29.4,1006.4,83.4463778105949
2023-10-03 06:00:00,28.8,1005.5,84.87449545917907
2023-10-03 09:00:00,26.0,1003.1,96.503856108436
2023-10-03 12:00:00,26.8,1003.4,95.38933139322062
2023-10-03 15:00:00,27.0,1005.9,92.06569807815053
2023-10-03 18:00:00,27.0,1005.4,93.71791865005993
2023-10-03 21:00:00,26.8,1003.6,93.70888380751718
2023-10-04 00:00:00,26.0,1004.0,96.503856108436
2023-10-04 03:00:00,26.0,1006.1,96.503856108436
2023-10-04 06:00:00,26.8,1004.7,92.05438311051279
2023-10-04 09:00:00,28.0,1002.7,92.12191734434786
2023-10-04 12:00:00,27.4,1003.2,95.40932035991787
2023-10-04 15:00:00,27.8,1005.5,94.86347768339076
2023-10-04 18:00:00,27.4,1004.2,96.53936698995483
2023-10-04 21:00:00,27.2,1002.5,96.53432701791446
2023-10-05 00:00:00,26.8,1002.9,95.38933139322062
2023-10-05 03:00:00,27.6,1005.2,96.54439604252043
2023-10-05 06:00:00,30.8,1003.7,81.1895795616241
2023-10-05 09:00:00,31.2,1001.8,77.51519693628545
2023-10-05 12:00:00,29.2,1002.2,87.96874224697314
2023-10-05 15:00:00,28.5,1004.2,91.61028362766847
2023-10-05 18:00:00,28.0,1003.4,93.76280556198172
2023-10-05 21:00:00,27.8,1002.6,93.7538663078413
2023-10-06 00:00:00,27.4,1003.7,95.40932035991787
2023-10-06 03:00:00,29.6,1005.6,84.95652278782288
2023-10-06 06:00:00,32.8,1005.0,67.93722542562669
2023-10-06 09:00:00,32.6,1002.6,67.89863459456423
2023-10-06 12:00:00,29.6,1005.6,84.95652278782288
2023-10-06 15:00:00,29.2,1005.1,84.91559008084812
2023-10-06 18:00:00,28.2,1005.3,87.36638064071765
2023-10-06 21:00:00,27.6,1004.4,90.47939854432097
2023-10-07 00:00:00,27.0,1005.2,92.06569807815053
2023-10-07 03:00:00,30.0,1007.7,79.66535824918688
2023-10-07 06:00:00,32.4,1006.6,66.6618617053601
2023-10-07 09:00:00,32.8,1005.0,63.26317222090716
2023-10-07 12:00:00,30.4,1005.6,72.93500760473812
2023-10-07 15:00:00,29.0,1008.2,83.40169277956687
2023-10-07 18:00:00,28.2,1008.0,84.81254813644145
2023-10-07 21:00:00,27.8,1006.9,85.78717977072007
2023-10-08 00:00:00,27.0,1007.9,92.06569807815053
2023-10-08 03:00:00,30.6,1009.2,75.61652127297627
2023-10-08 06:00:00,34.4,1008.4,62.11744798829246
2023-10-08 09:00:00,34.8,1005.8,55.567469839769586
2023-10-08 12:00:00,31.8,1006.4,67.34108781459214
2023-10-08 15:00:00,30.2,1009.0,78.29124418971334
2023-10-08 18:00:00,29.4,1009.0,86.44896966030107
2023-10-08 21:00:00,29.0,1007.9,87.95208930052544
2023-10-09 00:00:00,28.6,1009.0,93.78950978997815
2023-10-09 01:00:00,32.6,1007.5,61.72510709079442
2023-10-09 03:00:00,31.2,1010.3,81.23924051845427
2023-10-09 06:00:00,35.2,1009.2,60.12663558886312
2023-10-09 09:00:00,35.4,1007.1,47.07414899040804
2023-10-09 12:00:00,32.6,1007.5,61.72510709079442
2023-10-09 15:00:00,31.6,1009.6,67.30181208332723
2023-10-09 18:00:00,30.4,1009.4,70.36635155961307
2023-10-09 21:00:00,29.0,1008.4,77.65543578652992
2023-10-10 00:00:00,28.8,1009.6,84.87449545917907
2023-10-10 03:00:00,32.6,1011.9,69.93546313937038
2023-10-10 06:00:00,35.4,1010.3,51.85309266039345
2023-10-10 09:00:00,35.2,1006.9,57.00457686086793
2023-10-10 12:00:00,32.6,1007.4,63.22051607138405
2023-10-10 15:00:00,30.2,1009.0,76.91200889831605
2023-10-10 18:00:00,29.2,1009.0,81.95548127118022
2023-10-10 21:00:00,29.0,1008.0,81.9313443709877
2023-10-11 00:00:00,28.4,1008.4,86.35566419509173
2023-10-11 03:00:00,32.2,1011.0,67.82126335429727
2023-10-11 06:00:00,34.2,1009.7,61.707439726266486
2023-10-11 09:00:00,35.6,1007.2,46.274902906140255
2023-10-11 12:00:00,32.6,1008.1,63.22051607138405
2023-10-11 15:00:00,30.0,1010.4,78.26294962837345
2023-10-11 18:00:00,29.0,1010.4,81.44629208459418
2023-10-11 21:00:00,28.4,1009.9,81.85865421535438
2023-10-12 00:00:00,27.6,1010.8,88.88427217188078
2023-10-12 03:00:00,32.0,1013.1,69.82505728068918
2023-10-12 06:00:00,34.2,1011.6,54.105694175209415
2023-10-12 09:00:00,34.0,1009.3,58.445589633486186
2023-10-12 12:00:00,31.8,1010.0,67.34108781459214
2023-10-12 15:00:00,30.0,1012.0,71.5698382304094
2023-10-12 21:00:00,28.2,1011.5,87.36638064071765
2023-10-13 00:00:00,26.8,1013.0,88.82186644716782
2023-10-13 03:00:00,31.2,1014.2,70.93306375697343
2023-10-13 06:00:00,34.8,1012.9,48.369264142818636
2023-10-13 09:00:00,35.0,1010.6,42.57816241272484
2023-10-13 12:00:00,32.0,1010.5,54.55620730373795
2023-10-13 15:00:00,29.6,1012.0,59.5780698373617
2023-10-13 18:00:00,27.0,1012.0,71.03120402884956
2023-10-13 21:00:00,26.2,1011.1,74.9169893866901
2023-10-14 00:00:00,26.8,1012.0,79.71242342812477
2023-10-14 03:00:00,31.8,1014.0,67.34108781459214
2023-10-14 06:00:00,34.6,1012.7,55.51953672301835
2023-10-14 09:00:00,34.2,1009.1,51.86548272705812
2023-10-14 12:00:00,31.4,1009.3,59.989475281496674
2023-10-14 15:00:00,28.6,1010.6,79.00337009946395
2023-10-14 18:00:00,27.4,1010.1,78.36224761821416
2023-10-14 21:00:00,26.8,1009.2,78.27657315656734
2023-10-15 00:00:00,26.0,1009.9,84.07244076824206
2023-10-15 03:00:00,30.2,1012.2,66.22048006651374
2023-10-15 06:00:00,34.2,1010.7,57.45282698261636
2023-10-15 09:00:00,33.2,1008.2,46.78467883483004
2023-10-15 12:00:00,30.4,1008.1,59.034988113686474
2023-10-15 15:00:00,28.8,1010.4,72.2237174181299
2023-10-15 18:00:00,26.6,1010.3,81.14599787426259
2023-10-15 21:00:00,26.2,1009.9,82.58282556083142
2023-10-16 00:00:00,25.0,1011.4,84.99158907366431
2023-10-16 03:00:00,29.8,1013.2,67.3516781237725
2023-10-16 06:00:00,33.2,1011.4,47.95322476996969
2023-10-16 09:00:00,33.2,1009.2,49.14728523903349
2023-10-16 12:00:00,31.0,1009.3,59.53505705723449
2023-10-16 15:00:00,29.2,1011.1,70.99802751141195
2023-10-16 18:00:00,28.2,1011.1,74.33521026919057
2023-10-16 21:00:00,26.8,1010.8,84.15931168305403
2023-10-17 00:00:00,25.2,1012.6999999999999,93.07533521182425
2023-10-17 03:00:00,29.2,1014.6,70.99802751141195
2023-10-17 06:00:00,32.2,1012.2,62.75759984410254
2023-10-17 09:00:00,32.8,1010.1,50.885501441878056
2023-10-17 12:00:00,30.4,1010.2,65.07093044891502
2023-10-17 15:00:00,29.0,1011.7,73.57607488115697
2023-10-17 18:00:00,27.8,1011.7,79.84670514036797
2023-10-17 21:00:00,27.0,1011.5,84.18092213796281
2023-10-18 00:00:00,25.4,1012.4,88.17753730223563
2023-10-18 03:00:00,28.6,1014.7,73.50891633549199
2023-10-18 06:00:00,32.0,1013.6,60.12540926930006
2023-10-18 09:00:00,32.0,1010.8,57.981228496846505
2023-10-18 12:00:00,30.0,1011.0,66.17996487728405
2023-10-18 15:00:00,28.6,1012.3,76.21281246926864
2023-10-18 18:00:00,27.2,1012.2,79.76628914637874
2023-10-18 21:00:00,26.8,1012.1,81.17128800561531
2023-10-19 00:00:00,25.6,1012.9,87.13618000678832
2023-10-19 06:00:00,30.6,1013.9,62.79033585952567
2023-10-19 09:00:00,32.2,1011.6,55.9524546962478
2023-10-19 12:00:00,29.8,1011.5,58.53467634002081
2023-10-19 15:00:00,27.4,1013.7,74.20346731676847
2023-10-19 18:00:00,26.2,1013.8,77.71524355462877
2023-10-19 21:00:00,25.6,1013.3,79.0650667975322
2023-10-20 00:00:00,24.8,1014.0,80.42146721617324
2023-10-20 03:00:00,28.6,1016.0,69.18880061124511
2023-10-20 06:00:00,30.8,1014.3,55.61416368568698
2023-10-20 09:00:00,32.2,1011.3,45.944408730541696
2023-10-20 12:00:00,29.2,1011.4,55.568241906041415
2023-10-20 15:00:00,27.4,1014.1,72.86085146609882
2023-10-20 18:00:00,26.2,1013.9,74.9169893866901
2023-10-20 21:00:00,23.4,1013.0,88.00984897364455
2023-10-21 00:00:00,22.6,1014.0,92.9437416009186
2023-10-21 03:00:00,27.6,1015.8,67.32558202207488
2023-10-21 06:00:00,31.4,1014.2,48.377274941391825
2023-10-21 09:00:00,32.0,1012.0,46.757765745898766
2023-10-21 12:00:00,29.4,1012.6,62.147323833199586
2023-10-21 15:00:00,27.8,1014.4,63.34204232336771
2023-10-21 18:00:00,26.2,1013.9,74.9169893866901
2023-10-21 21:00:00,25.0,1013.1,80.44778939452424
2023-10-22 00:00:00,25.2,1014.0,81.96262342273943
2023-10-22 03:00:00,28.4,1015.6,69.15080360685214
2023-10-22 06:00:00,31.0,1013.6,53.64502413942176
2023-10-22 09:00:00,30.6,1011.7,65.50658692237978
2023-10-22 12:00:00,29.0,1011.9,66.78535949708609
2023-10-22 15:00:00,28.0,1013.7,75.66221487345534
2023-10-22 18:00:00,26.6,1013.4,84.13765842724912
2023-10-22 21:00:00,26.0,1011.9,87.17199233244091
2023-10-23 00:00:00,25.2,1012.1,88.1609235163349
2023-10-23 03:00:00,28.8,1013.7,66.74517682756588
2023-10-23 06:00:00,31.8,1012.0,62.67121379518331
2023-10-23 09:00:00,24.2,1010.1,86.48011646915207
2023-10-23 12:00:00,26.4,1010.4,87.207659213301
2023-10-23 15:00:00,26.0,1012.0,92.00888400052642
2023-10-23 18:00:00,25.6,1010.9,93.09525743190015
2023-10-23 21:00:00,25.2,1009.3,93.07533521182425
2023-10-24 00:00:00,24.8,1010.0,93.05532775865673
2023-10-24 03:00:00,27.8,1012.5,81.29701074620921
2023-10-24 06:00:00,30.2,1010.8,69.0741524820506
2023-10-24 09:00:00,30.2,1008.0,65.02943476343613
2023-10-24 12:00:00,27.6,1008.9,85.767643247121
2023-10-24 15:00:00,26.4,1011.0,90.39836619855579
2023-10-24 18:00:00,26.0,1010.6,87.17199233244091
2023-10-24 21:00:00,24.4,1010.4,91.36189759637527
2023-10-25 00:00:00,24.2,1011.7,93.02515571569042
2023-10-25 03:00:00,28.2,1013.9,77.5385748300523
2023-10-25 06:00:00,31.0,1012.6,62.120401740070186
2023-10-25 09:00:00,31.8,1010.6,55.51617347239948
2023-10-25 12:00:00,29.6,1010.7,66.09873806993735
2023-10-25 15:00:00,28.6,1012.5,76.21281246926864
2023-10-25 18:00:00,27.2,1012.5,79.76628914637874
2023-10-25 21:00:00,26.4,1011.7,82.60642273476351
2023-10-26 00:00:00,25.2,1012.8,89.77318651955946
2023-10-26 03:00:00,29.0,1015.1,72.25862568930161
2023-10-26 06:00:00,31.4,1013.6,57.48913124065053
2023-10-26 09:00:00,31.0,1010.8,58.45623591814528
2023-10-26 12:00:00,29.4,1011.2,64.46861316110979
2023-10-26 15:00:00,27.4,1013.3,78.36224761821416
2023-10-26 18:00:00,25.6,1013.1,85.05359376201457
2023-10-26 21:00:00,25.0,1011.3,84.99158907366431
2023-10-27 00:00:00,25.0,1012.9,88.14427552074832
2023-10-27 03:00:00,27.4,1014.8,78.36224761821416
2023-10-27 06:00:00,30.6,1013.2,62.79033585952567
2023-10-27 09:00:00,30.2,1010.9,62.70350473078234
2023-10-27 12:00:00,29.0,1010.7,64.38421540041374
2023-10-27 15:00:00,26.2,1012.6,77.71524355462877
2023-10-27 18:00:00,25.2,1012.8,85.01229874539116
2023-10-27 21:00:00,24.6,1010.9,85.46984557705272
2023-10-28 00:00:00,23.6,1013.2,86.42328080854222
2023-10-28 03:00:00,27.4,1015.2,72.86085146609882
2023-10-28 06:00:00,29.8,1013.9,63.38474620448235
2023-10-28 09:00:00,30.8,1010.9,60.58625885317225
2023-10-28 12:00:00,29.0,1011.1,60.550183383368285
2023-10-28 15:00:00,26.0,1013.6,76.27392919082712
2023-10-28 18:00:00,24.2,1013.1,83.36164573364587
2023-10-28 21:00:00,23.4,1012.0,84.303446850675
2023-10-29 00:00:00,22.2,1012.7,85.75572174928098
2023-10-29 03:00:00,27.2,1014.8,68.49913989698025
2023-10-29 06:00:00,30.6,1013.3,48.77428920867762
2023-10-29 09:00:00,31.2,1011.1,42.61553338186218
2023-10-29 12:00:00,28.2,1011.4,62.265326482850305
2023-10-29 15:00:00,26.6,1013.4,67.96113850878805
2023-10-29 18:00:00,25.2,1013.5,74.29392454783775
2023-10-29 21:00:00,23.4,1012.2,86.40425816902815
2023-10-30 00:00:00,23.0,1013.0,91.27459428964966
2023-10-30 03:00:00,27.4,1015.4,65.64726974382171
2023-10-30 06:00:00,31.0,1014.0,43.65326872157307
2023-10-30 09:00:00,31.0,1011.1,47.971595124977725
2023-10-30 12:00:00,28.6,1011.6,61.21083045335662
2023-10-30 15:00:00,26.2,1014.2,74.9169893866901
2023-10-30 18:00:00,24.4,1014.2,83.38445864005315
2023-10-30 21:00:00,23.6,1013.0,86.42328080854222
2023-10-31 00:00:00,23.2,1014.1,87.992888940916
2023-10-31 03:00:00,28.2,1016.2,70.38726092133687
2023-10-31 06:00:00,31.4,1014.8,49.59587656532929
2023-10-31 09:00:00,32.2,1012.5,47.98801470962114
2023-10-31 12:00:00,30.0,1012.7,57.5102579017241
2023-10-31 15:00:00,26.6,1014.8,76.36659730018178
2023-10-31 18:00:00,25.0,1014.8,83.45262666598398
2023-10-31 21:00:00,24.4,1014.2,84.9292101215455
2023-11-01 00:00:00,27.0,1015.6500000000001,92.06569807815053
2023-11-01 03:00:00,28.4,1017.1,63.863368876015656
2023-11-01 06:00:00,32.0,1016.1,57.981228496846505
2023-11-01 09:00:00,33.8,1012.7,46.3683932576894
2023-11-01 12:00:00,30.2,1012.8,62.70350473078234
2023-11-01 15:00:00,27.8,1014.4,74.26945688504365
2023-11-01 18:00:00,26.0,1014.1,80.57864267765963
2023-11-01 21:00:00,25.0,1012.9,83.45262666598398
2023-11-02 00:00:00,24.0,1014.0,86.46120985687485
2023-11-02 03:00:00,29.2,1015.8,61.723255448317445
2023-11-02 06:00:00,32.2,1013.8,51.360639078809555
2023-11-02 09:00:00,32.4,1011.6,51.41140557397461
2023-11-02 12:00:00,30.6,1011.5,56.94918492640599
2023-11-02 15:00:00,28.6,1012.5,67.93691867434151
2023-11-02 18:00:00,27.0,1013.1,69.73535987777385
2023-11-02 21:00:00,26.2,1011.7,76.30487547759344
2023-11-03 00:00:00,24.8,1012.1,86.53660587246388
2023-11-03 03:00:00,28.4,1014.1,67.8977377259484
2023-11-03 06:00:00,31.8,1012.7,55.51617347239948
2023-11-03 09:00:00,32.2,1009.1,51.360639078809555
2023-11-03 12:00:00,30.0,1009.8,60.03674120681294
2023-11-03 15:00:00,28.6,1011.2,72.18874813372028
2023-11-03 18:00:00,27.4,1011.0,75.567708226779
2023-11-03 21:00:00,25.4,1010.7,81.98706192459
2023-11-04 00:00:00,24.2,1011.2,91.34950480267452
2023-11-04 03:00:00,27.8,1013.4,71.61107092213882
2023-11-04 06:00:00,32.0,1011.9,57.981228496846505
2023-11-04 09:00:00,31.0,1010.0,59.53505705723449
2023-11-04 12:00:00,27.0,1010.5,68.03983194402242
2023-11-04 15:00:00,26.4,1012.2,74.94939436271723
2023-11-04 18:00:00,25.0,1012.4,83.45262666598398
2023-11-04 21:00:00,24.4,1012.1,84.9292101215455
2023-11-05 00:00:00,24.0,1013.2,88.06051918717874
2023-11-05 03:00:00,27.4,1015.5,75.567708226779
2023-11-05 06:00:00,31.0,1014.4,69.22506422320274
2023-11-05 09:00:00,30.8,1011.4,60.58625885317225
2023-11-05 12:00:00,29.0,1012.1,68.01508576459278
2023-11-05 15:00:00,27.2,1014.3,75.53609118292528
2023-11-05 18:00:00,25.8,1014.2,77.656453842952
2023-11-05 21:00:00,25.2,1013.8,80.47406090248509
2023-11-06 00:00:00,24.0,1015.0,81.31250928232977
2023-11-06 03:00:00,28.2,1016.7,62.265326482850305
2023-11-06 06:00:00,30.2,1014.9,48.97576497428063
2023-11-06 09:00:00,31.0,1012.4,41.492900496462745
2023-11-06 12:00:00,28.6,1012.7,47.63785276074488
2023-11-06 15:00:00,26.6,1014.8,61.139934561733845
2023-11-06 21:00:00,23.8,1013.8,78.32521755630039
2023-11-07 00:00:00,22.0,1014.4,84.15029745167602
2023-11-07 03:00:00,26.6,1016.3,66.71100927209127
2023-11-07 06:00:00,30.2,1015.1,52.78587755627143
2023-11-07 09:00:00,30.2,1011.5,39.45939339276961
2023-11-07 12:00:00,27.0,1011.6,62.77637062843983
2023-11-07 15:00:00,25.0,1013.3,69.78940116671127
2023-11-07 18:00:00,23.6,1013.1,79.76690260624395
2023-11-07 21:00:00,22.4,1012.2,82.63851822798792
2023-11-08 00:00:00,22.4,1013.4,84.19427459892609
2023-11-08 03:00:00,25.4,1014.9,68.57308221822572
2023-11-08 06:00:00,29.6,1013.2,48.818451656994014
2023-11-08 09:00:00,30.4,1011.2,35.39840013501242
2023-11-08 12:00:00,27.2,1011.9,55.076217243268445
2023-11-08 15:00:00,24.0,1013.5,70.47837778915957
2023-11-08 18:00:00,22.6,1013.4,69.33008235227456
2023-11-08 21:00:00,22.0,1012.9,68.77349522244712
2023-11-09 00:00:00,21.8,1013.6,85.71570482965599
2023-11-09 03:00:00,25.4,1015.7,66.88311494829222
2023-11-09 06:00:00,30.2,1014.0,47.162917470936314
2023-11-09 09:00:00,30.8,1011.8,45.570414898390574
2023-11-09 12:00:00,28.2,1012.3,58.521832010014805
2023-11-09 15:00:00,25.0,1014.1,71.10528271258221
2023-11-09 18:00:00,22.8,1014.2,81.15946153199087
2023-11-09 21:00:00,21.0,1013.4,88.9063604341973
2023-11-10 00:00:00,21.2,1014.0,90.59629238174392
2023-11-10 03:00:00,25.2,1017.1,63.97031676021959
2023-11-10 06:00:00,29.4,1015.2,49.6968017663282
2023-11-10 09:00:00,30.6,1013.0,44.100353961543746
2023-11-10 12:00:00,26.8,1013.5,68.00051812091587
2023-11-10 15:00:00,24.0,1015.2,75.02229317138162
2023-11-10 18:00:00,23.0,1014.7,82.70996817603475
2023-11-10 21:00:00,22.4,1014.1,84.19427459892609
2023-11-11 00:00:00,22.2,1015.1,82.61460691740075
2023-11-11 03:00:00,25.0,1017.4,68.06816085251297
2023-11-11 06:00:00,29.6,1015.8,52.30674462542291
2023-11-11 09:00:00,30.6,1013.1,45.230322869618256
2023-11-11 12:00:00,28.2,1013.7,61.12083252766046
2023-11-11 15:00:00,26.0,1015.1,71.7285371211518
2023-11-11 18:00:00,24.6,1014.9,81.88902089566457
2023-11-11 21:00:00,23.2,1013.9,89.62675163391533
2023-11-12 00:00:00,21.8,1014.5,91.19872298278054
2023-11-12 03:00:00,25.6,1017.8,61.685537292412384
2023-11-12 06:00:00,29.4,1015.7,57.01373100709789
2023-11-12 09:00:00,30.4,1013.0,45.176507999615254
2023-11-12 12:00:00,27.8,1013.8,62.17688027991124
2023-11-12 15:00:00,26.0,1015.8,69.11686987087296
2023-11-12 18:00:00,24.4,1015.9,73.70091272937036
2023-11-12 21:00:00,23.2,1014.9,82.73369056093227
2023-11-13 00:00:00,22.0,1015.8,85.73573371041086
2023-11-13 03:00:00,25.4,1017.6,69.86503547584091
2023-11-13 06:00:00,29.8,1015.5,50.114430384287324
2023-11-13 09:00:00,30.6,1012.8,46.385645157686106
2023-11-13 12:00:00,28.2,1013.4,56.02032023794125
2023-11-13 15:00:00,25.6,1014.9,68.61205443506742
2023-11-13 18:00:00,24.2,1015.4,73.66692388726497
2023-11-13 21:00:00,23.6,1015.5,74.95700457694504
2023-11-14 00:00:00,21.8,1014.6,80.52411586044471
2023-11-14 03:00:00,24.6,1017.4,66.30194413180494
2023-11-14 06:00:00,29.4,1015.3,55.617075987669494
2023-11-14 09:00:00,30.6,1012.7,44.100353961543746
2023-11-14 12:00:00,28.2,1013.2,56.02032023794125
2023-11-14 15:00:00,25.6,1015.1,67.34231282359893
2023-11-14 18:00:00,24.0,1015.1,75.02229317138162
2023-11-15 00:00:00,22.2,1014.9,80.57705408572946
2023-11-15 03:00:00,25.4,1016.7,65.63974012452589
2023-11-15 06:00:00,30.2,1015.8,45.98734517749429
2023-11-15 09:00:00,31.0,1012.5,43.65326872157307
2023-11-15 12:00:00,28.2,1013.6,57.08066190917436
2023-11-15 15:00:00,25.2,1015.3,69.82725085286098
2023-11-15 18:00:00,24.2,1015.0,75.05484782499553
2023-11-15 21:00:00,24.0,1014.0,75.02229317138162
2023-11-16 00:00:00,23.4,1014.4,77.78185620897757
2023-11-16 03:00:00,25.0,1016.3,69.78940116671127
2023-11-16 06:00:00,26.4,1015.3,70.48621381671374
2023-11-16 09:00:00,26.2,1014.4,73.55128024517502
2023-11-16 12:00:00,24.8,1014.6,81.91360302673357
2023-11-16 15:00:00,24.2,1016.1,89.70035155341864
2023-11-16 18:00:00,23.8,1014.7,93.00493307197942
2023-11-16 21:00:00,23.4,1013.1,92.98462350012163
2023-11-17 00:00:00,23.6,1013.2,89.65628406436801
2023-11-17 03:00:00,24.6,1013.5,81.88902089566457
2023-11-17 06:00:00,25.8,1012.2,84.56104094151235
2023-11-17 09:00:00,26.8,1009.2,72.3130352999761
2023-11-17 12:00:00,26.0,1011.8,82.55918218789247
2023-11-17 15:00:00,24.0,1014.2,81.31250928232977
2023-11-17 18:00:00,23.0,1014.0,85.83526762261728
2023-11-17 21:00:00,22.2,1013.6,89.00113039766441
2023-11-18 00:00:00,21.5,1013.7,92.31474557186235
2023-11-18 03:00:00,24.2,1015.9,69.20179535984853
2023-11-18 06:00:00,27.6,1014.1,65.68864481870233
2023-11-18 09:00:00,28.6,1011.7,60.08656570259691
2023-11-18 12:00:00,26.2,1013.2,70.44918074896196
2023-11-18 15:00:00,24.2,1015.1,76.94107668815431
2023-11-18 18:00:00,23.6,1015.7,81.2616924191531
2023-11-18 21:00:00,22.4,1014.9,82.63851822798792
2023-11-19 00:00:00,21.4,1015.7,87.29342856926559
2023-11-19 03:00:00,25.0,1017.8,75.65014160748107
2023-11-19 06:00:00,29.0,1015.8,56.56535492258467
2023-11-19 09:00:00,30.0,1012.3,50.48129264923812
2023-11-19 12:00:00,28.0,1013.0,59.577319147693366
2023-11-19 15:00:00,24.8,1015.2,74.2273526631688
2023-11-19 18:00:00,24.2,1014.8,75.05484782499553
2023-11-19 21:00:00,22.6,1014.0,79.13425604294972
2023-11-20 00:00:00,21.2,1015.1,87.27539067331128
2023-11-20 03:00:00,26.2,1017.0,64.9913672688916
2023-11-20 06:00:00,29.2,1015.6,46.01065761132635
2023-11-20 09:00:00,29.8,1013.7,48.870951120558274
2023-11-20 12:00:00,28.0,1014.2,57.03259150658151
2023-11-20 15:00:00,24.8,1015.7,69.75148628714753
2023-11-20 18:00:00,23.6,1015.1,78.29628816720248
2023-11-20 21:00:00,23.2,1014.3,79.71231483560945
2023-11-21 00:00:00,23.2,1014.2,77.7522586030719
2023-11-21 03:00:00,26.6,1016.2,61.139934561733845
2023-11-21 06:00:00,29.6,1014.7,48.818451656994014
2023-11-21 09:00:00,30.0,1011.4,43.65879185115634
2023-11-21 12:00:00,27.4,1011.8,57.60660548767008
2023-11-21 15:00:00,24.2,1013.3,70.51568317062028
2023-11-21 18:00:00,23.8,1012.9,68.69052211302972
2023-11-21 21:00:00,23.0,1012.1,73.00116957092115
2023-11-22 00:00:00,21.2,1013.0,76.9642757068897
2023-11-22 03:00:00,24.8,1015.7,65.10325533274633
2023-11-22 06:00:00,28.2,1013.8,50.9737734270589
2023-11-22 09:00:00,29.0,1011.2,44.51259047524573
2023-11-22 12:00:00,26.2,1011.7,56.59689584142209
2023-11-22 15:00:00,23.2,1013.9,62.3272343697598
2023-11-22 18:00:00,22.2,1013.8,69.25260054643807
2023-11-22 21:00:00,20.4,1012.7,76.35240172029633
2023-11-23 00:00:00,19.2,1013.5,88.20251315419341
2023-11-23 03:00:00,23.0,1015.5,68.1002284486751
2023-11-23 06:00:00,27.0,1013.7,50.98677157890719
2023-11-23 09:00:00,28.2,1010.2,47.22867288372724
2023-11-23 12:00:00,24.2,1011.1,70.51568317062028
2023-11-23 15:00:00,22.6,1013.4,73.3927914913938
2023-11-23 18:00:00,21.2,1013.2,80.44432006422227
2023-11-23 21:00:00,19.8,1012.5,88.81038774322853
2023-11-24 00:00:00,19.2,1013.8,88.20251315419341
2023-11-24 03:00:00,23.6,1016.2,62.41693601145195
2023-11-24 06:00:00,27.6,1014.5,46.46713497984191
2023-11-24 09:00:00,28.6,1011.7,42.998754183391995
2023-11-24 12:00:00,25.6,1012.4,60.91249623515561
2023-11-24 15:00:00,23.0,1014.6,74.39041066627999
2023-11-24 18:00:00,21.8,1014.7,82.05179279343892
2023-11-24 21:00:00,21.2,1014.5,83.5364376134923
2023-11-25 00:00:00,20.8,1015.6,83.49059767012783
2023-11-25 03:00:00,23.4,1018.1,65.63502207200914
2023-11-25 06:00:00,28.0,1015.9,49.33018462848313
2023-11-25 09:00:00,28.6,1013.2,48.86418183564483
2023-11-25 12:00:00,26.0,1013.9,61.77549134798711
2023-11-25 15:00:00,24.2,1015.6,67.48340579969009
2023-11-25 18:00:00,23.4,1016.0,66.89673414384397
2023-11-25 21:00:00,22.8,1015.6,68.0603877774896
2023-11-26 00:00:00,20.4,1015.9,76.35240172029633
2023-11-26 03:00:00,23.8,1018.9,58.21493824101156
2023-11-26 06:00:00,28.4,1016.4,54.68305210736864
2023-11-26 09:00:00,29.4,1013.6,39.49270164196813
2023-11-26 12:00:00,27.0,1014.0,56.07951487572317
2023-11-26 15:00:00,24.6,1015.5,67.98894000118018
2023-11-26 18:00:00,22.6,1015.6,74.32350126867689
2023-11-26 21:00:00,21.4,1014.4,78.46820659148995
2023-11-27 00:00:00,19.8,1014.9,84.97419078065248
2023-11-27 03:00:00,24.0,1017.0,69.16319209999386
2023-11-27 06:00:00,28.2,1015.5,52.27884179837241
2023-11-27 09:00:00,28.8,1013.0,47.99495141967471
2023-11-27 12:00:00,26.0,1013.1,59.11107828570813
2023-11-27 15:00:00,24.6,1014.1,64.65181927102982
2023-11-27 18:00:00,24.2,1014.1,66.2193191089837
2023-11-27 21:00:00,20.8,1013.0,79.8841909723908
2023-11-28 00:00:00,21.0,1013.4,76.44675215115228
2023-11-28 03:00:00,23.8,1015.6,64.07212844582271
2023-11-28 06:00:00,29.0,1013.5,44.51259047524573
2023-11-28 09:00:00,31.4,1011.1,47.185028529026276
2023-11-28 12:00:00,27.4,1011.6,52.73917522482421
2023-11-28 15:00:00,24.0,1013.5,69.16319209999386
2023-11-28 18:00:00,23.0,1013.3,74.39041066627999
2023-11-28 21:00:00,22.4,1012.8,75.7070072653873
2023-11-29 00:00:00,21.8,1013.6,80.52411586044471
2023-11-29 03:00:00,24.0,1015.7,73.63287364526842
2023-11-29 06:00:00,27.4,1014.4,61.70335673214363
2023-11-29 09:00:00,28.4,1012.6,61.16586545008611
2023-11-29 12:00:00,26.2,1013.0,71.76431122414668
2023-11-29 15:00:00,23.8,1014.9,82.80457657896673
2023-11-29 18:00:00,22.2,1014.6,84.17230815633675
2023-11-29 21:00:00,21.0,1013.7,88.9063604341973
2023-11-30 00:00:00,21.6,1013.8,88.95389452740015
2023-11-30 03:00:00,24.2,1016.4,75.05484782499553
2023-11-30 06:00:00,28.0,1014.9,64.9673083542988
2023-11-30 09:00:00,30.0,1012.9,46.813294513259635
2023-11-30 12:00:00,26.8,1013.8,68.00051812091587
2023-11-30 15:00:00,25.2,1015.2,68.53404397143257
2023-11-30 18:00:00,23.2,1015.9,82.73369056093227
2023-11-30 21:00:00,22.0,1014.3,85.73573371041086
2023-12-01 00:00:00,20.8,1014.1,87.23920246966593
2023-12-01 03:00:00,25.0,1016.6,61.16156608407452
2023-12-01 06:00:00,29.0,1014.7,46.84304212720025
2023-12-01 09:00:00,30.4,1011.4,40.80283577060398
2023-12-01 12:00:00,27.4,1012.3,56.531617874228566
2023-12-01 15:00:00,24.4,1014.5,67.94922933383891
2023-12-01 18:00:00,23.2,1014.3,73.03601654966685
2023-12-01 21:00:00,20.8,1013.7,83.49059767012783
2023-12-02 00:00:00,20.2,1014.8,86.63808211113414
2023-12-02 03:00:00,24.8,1016.2,62.288984382470915
2023-12-02 06:00:00,29.4,1014.4,54.25052973804425
2023-12-02 09:00:00,30.0,1012.3,50.48129264923812
2023-12-02 12:00:00,27.4,1013.3,60.18498206209946
2023-12-02 15:00:00,25.2,1015.1,63.97031676021959
2023-12-02 18:00:00,24.0,1015.0,67.44315945194963
2023-12-02 21:00:00,23.4,1014.3,68.61214204484527
2023-12-03 00:00:00,22.0,1014.9,77.08681687030213
2023-12-03 03:00:00,23.8,1017.5,81.28712563035198
2023-12-03 06:00:00,27.6,1016.2,67.32558202207488
2023-12-03 09:00:00,29.2,1012.9,49.64461630711475
2023-12-03 12:00:00,26.6,1013.4,66.71100927209127
2023-12-03 15:00:00,25.0,1014.3,72.89363172362464
2023-12-03 18:00:00,24.0,1013.9,70.47837778915957
2023-12-03 21:00:00,23.2,1012.7,71.67103318664823
2023-12-04 00:00:00,22.0,1013.3,77.08681687030213
2023-12-04 03:00:00,23.0,1016.2,74.39041066627999
2023-12-04 06:00:00,25.8,1014.7,67.38241642118969
2023-12-04 09:00:00,26.8,1012.1,62.34242458660606
2023-12-04 12:00:00,26.0,1016.5,70.4120836701745
2023-12-04 15:00:00,25.0,1013.2,72.89363172362464
2023-12-04 18:00:00,24.4,1013.4,73.70091272937036
2023-12-04 21:00:00,23.0,1013.1,76.27881450654198
2023-12-05 00:00:00,22.4,1013.3,77.6333068665811
2023-12-05 03:00:00,25.0,1014.6,53.83064226424435
2023-12-05 06:00:00,25.0,1013.9,59.62894557326245
2023-12-05 09:00:00,25.2,1011.4,61.20709568792682
2023-12-05 12:00:00,24.4,1012.5,66.26066568163881
2023-12-05 15:00:00,23.4,1014.5,69.92393739267627
2023-12-05 18:00:00,22.6,1014.3,75.73900120222518
2023-12-05 21:00:00,22.4,1013.8,75.7070072653873
2023-12-06 00:00:00,22.0,1014.1,79.04974656784833
2023-12-06 03:00:00,24.2,1015.8,69.20179535984853
2023-12-06 06:00:00,25.0,1015.1,68.06816085251297
2023-12-06 09:00:00,26.0,1013.2,63.34488035972379
2023-12-06 12:00:00,24.0,1014.0,72.2660894358301
2023-12-06 15:00:00,21.4,1016.3,90.6098629586287
2023-12-06 18:00:00,20.2,1015.4,92.2415006942163
2023-12-06 21:00:00,19.4,1013.3,93.9477273183699
2023-12-07 00:00:00,20.0,1013.7,92.23014072890136
2023-12-07 03:00:00,19.6,1015.8,92.2073469204417
2023-12-07 06:00:00,20.4,1014.1,87.20286371169097
2023-12-07 09:00:00,20.0,1011.0,86.61909675849209
2023-12-07 12:00:00,20.0,1011.5,98.15774943608241
2023-12-07 15:00:00,20.2,1013.1,96.3507968346821
2023-12-07 18:00:00,19.8,1012.3,98.15496920769087
2023-12-07 21:00:00,19.2,1011.0,96.32340028393683
2023-12-08 00:00:00,19.8,1011.8,96.33987484245799
2023-12-08 03:00:00,20.6,1014.1,91.1218746895584
2023-12-08 06:00:00,21.6,1013.2,84.10614279932157
2023-12-08 09:00:00,22.6,1011.7,77.66312926099062
2023-12-08 12:00:00,22.0,1012.0,84.15029745167602
2023-12-08 15:00:00,21.0,1014.0,83.51354068299872
2023-12-08 18:00:00,20.2,1014.5,86.63808211113414
2023-12-08 21:00:00,19.8,1013.4,90.50048450568904
2023-12-09 00:00:00,19.2,1014.8,92.18445414057031
2023-12-09 03:00:00,21.6,1017.1,80.49756918337606
2023-12-09 06:00:00,24.6,1015.7,66.30194413180494
2023-12-09 09:00:00,25.2,1013.1,59.675662881987066
2023-12-09 12:00:00,23.0,1012.8,73.00116957092115
2023-12-09 15:00:00,21.4,1013.5,80.47097062716614
2023-12-09 18:00:00,19.8,1013.2,84.97419078065248
2023-12-09 21:00:00,18.8,1012.3,90.4311677327325
2023-12-10 00:00:00,17.8,1012.7,89.78676504838093
2023-12-10 03:00:00,20.4,1014.8,76.35240172029633
2023-12-10 06:00:00,25.0,1013.8,53.83064226424435
2023-12-10 09:00:00,26.0,1012.2,38.28748664717827
2023-12-10 12:00:00,24.0,1012.8,46.09201277446216
2023-12-10 15:00:00,18.6,1014.5,77.5548528291899
2023-12-10 18:00:00,18.0,1014.5,82.10130241225859
2023-12-10 21:00:00,17.4,1013.9,85.81502859929192
2023-12-11 00:00:00,15.4,1014.3,89.02520730872563
2023-12-11 03:00:00,19.2,1017.0,71.8597654605954
2023-12-11 06:00:00,24.4,1015.6,42.394887264005554
2023-12-11 09:00:00,25.2,1012.8,39.618305775251976
2023-12-11 12:00:00,21.8,1013.0,51.62798897930267
2023-12-11 15:00:00,19.4,1014.4,68.70265881807667
2023-12-11 18:00:00,18.0,1014.1,80.52893541547579
2023-12-11 21:00:00,17.4,1012.5,82.0261957179648
2023-12-12 00:00:00,17.8,1013.1,74.46723613296626
2023-12-12 03:00:00,19.2,1015.1,64.73692319807121
2023-12-12 06:00:00,23.2,1013.6,57.69662256232537
2023-12-12 09:00:00,25.6,1013.3,44.156665179924964
2023-12-12 12:00:00,22.8,1011.9,57.22712564566126
2023-12-12 15:00:00,19.6,1013.8,68.74238404537456
2023-12-12 18:00:00,18.8,1014.2,75.12081534970918
2023-12-12 21:00:00,17.8,1012.9,82.07631714611342
2023-12-13 00:00:00,15.8,1013.9,85.09530172182048
2023-12-13 03:00:00,19.8,1017.3,65.2922046207685
2023-12-13 06:00:00,24.6,1015.6,42.73332193279762
2023-12-13 09:00:00,25.6,1012.5,36.67279763142367
2023-12-13 12:00:00,22.0,1013.2,62.45866938263309
2023-12-13 15:00:00,21.2,1015.1,60.28315144831681
2023-12-13 18:00:00,18.6,1016.0,75.08766810739822
2023-12-13 21:00:00,17.8,1015.3,74.46723613296626
2023-12-14 00:00:00,16.2,1016.0,81.34158287457663
2023-12-14 03:00:00,21.0,1018.9,56.78422528555351
2023-12-14 06:00:00,24.6,1017.5,41.336768101900304
2023-12-14 09:00:00,24.8,1015.2,41.668809442718235
2023-12-14 12:00:00,22.4,1015.5,49.44616782713809
2023-12-14 15:00:00,18.0,1017.6,76.46472676151815
2023-12-14 18:00:00,17.4,1018.2,77.87699805374835
2023-12-14 21:00:00,16.8,1016.9,79.32557950867556
2023-12-15 00:00:00,15.8,1017.7,80.75802863511915
2023-12-15 03:00:00,18.2,1019.7,82.12623755031767
2023-12-15 06:00:00,23.6,1018.3,51.08774579567515
2023-12-15 09:00:00,23.6,1015.2,46.90385641361722
2023-12-15 12:00:00,21.4,1015.3,54.32336862127332
2023-12-15 15:00:00,18.2,1016.2,73.09321958834506
2023-12-15 18:00:00,17.6,1016.1,77.90710307634244
2023-12-15 21:00:00,17.0,1015.1,79.87241483728825
2023-12-16 00:00:00,16.6,1015.0,77.24819528018222
2023-12-16 03:00:00,18.6,1017.4,65.89566936008023
2023-12-16 06:00:00,24.0,1016.1,42.00187956141093
2023-12-16 09:00:00,24.8,1013.9,34.05883444417959
2023-12-16 12:00:00,21.8,1015.2,51.62798897930267
2023-12-16 15:00:00,17.8,1015.8,67.04201977928965
2023-12-16 18:00:00,16.8,1016.1,73.80949600911026
2023-12-16 21:00:00,16.2,1015.7,79.2398821854657
2023-12-17 00:00:00,14.8,1016.5,84.43134229184749
2023-12-17 03:00:00,18.0,1017.7,72.58214163091449
2023-12-17 06:00:00,24.0,1017.2,46.09201277446216
2023-12-17 09:00:00,25.2,1014.0,36.07073271020186
2023-12-17 12:00:00,21.6,1014.2,49.89113866982209
2023-12-17 15:00:00,17.6,1015.6,68.79445560561811
2023-12-17 18:00:00,15.4,1016.1,82.85327607713758
2023-12-17 21:00:00,13.8,1015.3,90.66712933521302
2023-12-18 00:00:00,15.6,1015.9,80.7311582049925
2023-12-18 03:00:00,19.0,1018.7,63.0114676927038
2023-12-18 06:00:00,23.2,1017.5,43.491061810601344
2023-12-18 09:00:00,25.0,1015.5,40.63068896459837
2023-12-18 12:00:00,21.8,1015.5,50.277406425370806
2023-12-18 15:00:00,18.0,1017.4,70.7067670476825
2023-12-18 18:00:00,17.2,1017.4,71.96274470833703
2023-12-18 21:00:00,16.2,1016.3,75.1794522451566
2023-12-19 00:00:00,15.8,1017.3,72.66353273478579
2023-12-19 03:00:00,18.0,1019.7,56.41185629832932
2023-12-19 06:00:00,22.8,1018.0,45.76232090957078
2023-12-19 09:00:00,24.0,1015.4,44.59267239030187
2023-12-19 12:00:00,21.4,1016.3,57.257364890479664
2023-12-19 15:00:00,18.6,1017.6,71.2836802364205
2023-12-19 18:00:00,17.6,1017.1,72.51003291998082
2023-12-19 21:00:00,16.8,1015.8,73.80949600911026
2023-12-20 00:00:00,16.0,1016.3,75.14604114019876
2023-12-20 03:00:00,17.8,1019.0,65.29092760246316
2023-12-20 06:00:00,23.4,1017.3,50.701870022376326
2023-12-20 09:00:00,24.9,1014.3,46.94881533640359
2023-12-20 12:00:00,22.2,1014.7,62.907831584132786
2023-12-20 15:00:00,18.8,1016.1,77.08670766079658
2023-12-20 18:00:00,18.0,1016.0,78.47368296970863
2023-12-20 21:00:00,17.4,1015.2,79.92790572070956
2023-12-21 00:00:00,16.0,1015.6,73.1832774109244
2023-12-21 03:00:00,18.6,1018.0,60.86968290268062
2023-12-21 06:00:00,24.2,1016.3,44.944226092662014
2023-12-21 09:00:00,24.6,1012.9,48.11143498574913
2023-12-21 12:00:00,22.6,1013.3,64.63389847736897
2023-12-21 15:00:00,18.4,1015.3,76.528003069259
2023-12-21 18:00:00,18.0,1015.0,80.52893541547579
2023-12-21 21:00:00,16.4,1014.4,83.51555428322855
2023-12-22 00:00:00,16.8,1015.1,83.56210204241829
2023-12-22 03:00:00,18.6,1017.2,77.05578821552338
2023-12-22 06:00:00,23.8,1016.0,61.27730375134291
2023-12-22 09:00:00,25.8,1013.3,53.345906430885925
2023-12-22 12:00:00,23.8,1014.0,61.27730375134291
2023-12-22 15:00:00,19.8,1015.9,79.23970675671094
2023-12-22 18:00:00,18.6,1016.3,80.60939160489468
2023-12-22 21:00:00,18.2,1015.3,88.11729523295126
2023-12-23 00:00:00,17.4,1016.5,89.75693674926578
2023-12-23 03:00:00,20.0,1019.0,86.61909675849209
2023-12-23 06:00:00,25.4,1018.3,58.596770845043764
2023-12-23 09:00:00,25.2,1015.2,59.675662881987066
2023-12-23 12:00:00,23.2,1016.1,66.85582014146925
2023-12-23 15:00:00,21.0,1017.5,79.91155284255397
2023-12-23 18:00:00,20.2,1018.0,86.63808211113414
2023-12-23 21:00:00,19.0,1017.3,92.17297046007043
2023-12-24 00:00:00,17.6,1018.8,98.12396813345299
2023-12-24 03:00:00,18.2,1020.7,98.13249976318714
2023-12-24 06:00:00,21.8,1019.4,80.52411586044471
2023-12-24 09:00:00,25.4,1016.4,55.685949687242655
2023-12-24 12:00:00,23.2,1016.3,73.03601654966685
2023-12-24 15:00:00,20.6,1018.3,76.38391108279227
2023-12-24 18:00:00,19.6,1018.6,79.21141854904147
2023-12-26 15:00:00,21.2,1017.7,78.43918300096577
2023-12-26 18:00:00,20.2,1017.7,79.80178488426841
2023-12-26 21:00:00,18.8,1017.7,90.4311677327325
2023-12-27 00:00:00,18.4,1018.1,89.83126862847055
2023-12-27 03:00:00,20.8,1020.1,81.92785507473593
2023-12-27 06:00:00,25.4,1018.9,64.01349525201712
2023-12-27 09:00:00,26.0,1016.0,53.73908875879271
2023-12-27 12:00:00,23.6,1016.0,64.02874504928945
2023-12-27 15:00:00,20.4,1017.4,79.82930712381024
2023-12-27 18:00:00,19.2,1017.4,84.3724749251044
2023-12-27 21:00:00,17.4,1016.3,91.4944808802553
2023-12-28 00:00:00,17.4,1017.1,91.4944808802553
2023-12-28 03:00:00,20.4,1019.3,79.82930712381024
2023-12-28 06:00:00,25.0,1017.9,62.33363766021803
2023-12-28 09:00:00,26.5,1015.5,53.86534435232616
2023-12-28 12:00:00,23.6,1015.8,68.65136550436802
2023-12-28 15:00:00,20.8,1017.2,68.09609375395668
2023-12-28 18:00:00,19.8,1017.5,74.32464288933063
2023-12-28 21:00:00,18.2,1017.0,82.12623755031767
2023-12-29 00:00:00,17.4,1017.2,85.81502859929192
2023-12-29 03:00:00,20.6,1019.4,76.38391108279227
2023-12-29 06:00:00,25.2,1018.0,59.675662881987066
2023-12-29 09:00:00,26.6,1014.7,49.27635105646181
2023-12-29 12:00:00,24.0,1014.9,62.905264442630205
2023-12-29 15:00:00,20.2,1016.4,77.7959746080714
2023-12-29 18:00:00,18.8,1016.3,88.1685337131173
2023-12-29 21:00:00,17.8,1015.5,88.08295555066682
2023-12-30 00:00:00,17.8,1015.9,85.85545657849421
2023-12-30 03:00:00,19.8,1018.2,75.77020064235057
2023-12-30 06:00:00,25.2,1016.7,57.07653428863906
2023-12-30 09:00:00,26.4,1014.1,48.9074144216262
2023-12-30 12:00:00,24.2,1014.5,52.93687872742393
2023-12-30 15:00:00,21.4,1016.4,71.79898970107504
2023-12-30 18:00:00,20.0,1015.9,79.77420892653373
2023-12-30 21:00:00,17.6,1016.1,92.09188195528188
2023-12-31 00:00:00,16.6,1016.6,93.82037943614978
2023-12-31 03:00:00,17.4,1019.2,85.81502859929192
2023-12-31 06:00:00,21.8,1017.7,77.05626826357745
2023-12-31 09:00:00,24.6,1014.5,52.0198382041854
2023-12-31 12:00:00,22.2,1014.4,67.50796167415882
2023-12-31 15:00:00,19.2,1015.7,82.77629512134698
2023-12-31 18:00:00,18.2,1015.9,78.50301866717582
2023-12-31 21:00:00,17.4,1015.5,82.0261957179648
