time,temp_c,slp_hpa,rh_pct
2024-01-01 00:00:00,15.8,1016.5,89.05728670930709
2024-01-01 03:00:00,16.8,1018.7,83.56210204241829
2024-01-01 06:00:00,22.2,1016.5,71.03674414558692
2024-01-01 09:00:00,23.8,1014.2,61.27730375134291
2024-01-01 12:00:00,21.4,1014.5,69.98744152646606
2024-01-01 15:00:00,18.6,1016.4,77.05578821552338
2024-01-01 18:00:00,17.4,1016.6,77.87699805374835
2024-01-01 21:00:00,16.4,1015.7,83.51555428322855
2024-01-02 00:00:00,15.0,1016.3,88.99298972017739
2024-01-02 03:00:00,16.2,1018.7,83.49220888976578
2024-01-02 06:00:00,20.2,1016.9,51.20497485472981
2024-01-02 09:00:00,23.2,1014.2,44.96629978492457
2024-01-02 12:00:00,19.6,1014.7,58.34090031843224
2024-01-02 15:00:00,15.4,1016.3,75.54499909928609
2024-01-02 18:00:00,14.2,1016.3,82.16075759049019
2024-01-02 21:00:00,13.6,1015.4,86.56126328783157
2024-01-03 00:00:00,13.6,1016.1,87.71345015094417
2024-01-03 03:00:00,17.2,1018.5,77.8468347395206
2024-01-03 06:00:00,23.0,1016.5,49.934634256058565
2024-01-03 09:00:00,25.4,1013.9,43.812601828348534
2024-01-03 12:00:00,22.4,1014.0,62.95239911045817
2024-01-03 15:00:00,18.2,1015.1,82.12623755031767
2024-01-03 18:00:00,16.8,1014.9,85.75407058428847
2024-01-03 21:00:00,15.0,1014.7,88.99298972017739
2024-01-04 00:00:00,14.0,1015.7,88.91183607623559
2024-01-04 03:00:00,17.8,1018.7,79.9831780603204
2024-01-04 06:00:00,24.2,1017.0,48.95659267969773
2024-01-04 09:00:00,25.6,1014.2,45.32877242250413
2024-01-04 12:00:00,22.2,1014.1,65.80207905470317
2024-01-04 15:00:00,18.8,1015.7,79.09771409474659
2024-01-04 18:00:00,16.8,1015.4,83.56210204241829
2024-01-04 21:00:00,15.6,1015.3,89.04126423426794
2024-01-05 00:00:00,16.2,1015.7,91.41883781841517
2024-01-05 03:00:00,18.6,1018.5,64.18117514763497
2024-01-05 06:00:00,23.4,1017.0,50.701870022376326
2024-01-05 09:00:00,25.4,1014.3,42.67355382749974
2024-01-05 12:00:00,22.4,1015.1,62.95239911045817
2024-01-05 15:00:00,19.4,1016.7,70.0557464467342
2024-01-05 18:00:00,17.4,1016.9,77.87699805374835
2024-01-05 21:00:00,16.2,1016.4,83.49220888976578
2024-01-06 00:00:00,15.0,1016.7,86.69713639932762
2024-01-06 03:00:00,19.2,1018.8,64.73692319807121
2024-01-06 06:00:00,24.6,1017.2,49.38448091361256
2024-01-06 09:00:00,25.7,1015.0,45.95228060187465
2024-01-06 12:00:00,23.2,1015.7,59.20534118595157
2024-01-06 15:00:00,19.4,1017.5,75.70554565099692
2024-01-06 18:00:00,19.0,1017.7,75.15390064047922
2024-01-06 21:00:00,17.2,1016.8,83.60845992494205
2024-01-07 00:00:00,17.4,1017.6,85.81502859929192
2024-01-07 03:00:00,19.4,1020.3,77.17911273163557
2024-01-07 06:00:00,24.0,1018.3,61.32294249463855
2024-01-07 09:00:00,25.6,1015.9,50.621499453276996
2024-01-07 12:00:00,24.2,1015.9,57.19920383471323
2024-01-07 15:00:00,20.6,1017.4,78.35177748724496
2024-01-07 18:00:00,19.4,1017.4,81.23264238410255
2024-01-07 21:00:00,18.0,1017.2,89.80163133535805
2024-01-08 00:00:00,17.0,1018.2,89.72698022064127
2024-01-08 03:00:00,17.4,1020.7,89.75693674926578
2024-01-08 06:00:00,22.4,1019.2,72.43681558289073
2024-01-08 09:00:00,24.8,1015.8,58.082284382367654
2024-01-08 12:00:00,22.2,1016.1,71.03674414558692
2024-01-08 15:00:00,19.8,1017.9,81.28433674432983
2024-01-08 18:00:00,18.2,1017.7,88.11729523295126
2024-01-08 21:00:00,17.2,1017.3,93.84800065349559
2024-01-09 00:00:00,16.8,1016.8,93.82960690816272
2024-01-09 03:00:00,17.0,1019.1,89.72698022064127
2024-01-09 06:00:00,22.0,1017.9,65.75997484481925
2024-01-09 09:00:00,24.2,1015.2,50.25302714742307
2024-01-09 12:00:00,21.8,1015.2,65.71780100063405
2024-01-09 15:00:00,19.4,1016.5,70.0557464467342
2024-01-09 18:00:00,17.0,1016.3,85.77443221262807
2024-01-09 21:00:00,16.4,1015.7,87.39470655250722
2024-01-10 00:00:00,15.8,1015.5,91.39340279686098
2024-01-10 03:00:00,19.2,1017.5,79.15467691478646
2024-01-10 06:00:00,24.2,1016.0,51.57959034345375
2024-01-10 09:00:00,25.8,1012.9,44.21175853644646
2024-01-10 12:00:00,23.0,1013.1,48.956639538983296
2024-01-10 15:00:00,19.8,1015.0,72.43498859575087
2024-01-10 18:00:00,18.6,1015.6,77.05578821552338
2024-01-10 21:00:00,18.2,1015.8,82.12623755031767
2024-01-11 00:00:00,17.2,1016.6,85.79475151324434
2024-01-11 03:00:00,19.4,1018.9,73.77930870906046
2024-01-11 06:00:00,23.2,1017.9,57.69662256232537
2024-01-11 09:00:00,24.2,1016.2,56.106271288258434
2024-01-11 12:00:00,22.0,1014.3,58.15774928642728
2024-01-11 15:00:00,18.4,1017.4,76.528003069259
2024-01-11 18:00:00,16.2,1016.4,83.49220888976578
2024-01-11 21:00:00,15.6,1016.3,82.87750924942381
2024-01-12 00:00:00,13.8,1016.8,93.07764210464569
2024-01-12 03:00:00,15.2,1019.0,85.03111830312803
2024-01-12 06:00:00,19.0,1019.1,66.41470677414787
2024-01-12 09:00:00,22.2,1017.2,46.21083735001951
2024-01-12 12:00:00,19.4,1016.2,63.5175342376094
2024-01-12 15:00:00,16.4,1016.1,77.21720350063477
2024-01-12 18:00:00,14.6,1016.0,86.65852074243855
2024-01-12 21:00:00,12.4,1015.1,97.40420118369903
2024-01-13 00:00:00,12.2,1016.0,94.86009712729937
2024-01-13 03:00:00,13.0,1018.2,88.24283981555196
2024-01-13 06:00:00,19.7,1017.2,59.14272078209937
2024-01-13 09:00:00,22.8,1014.2,37.380792936423276
2024-01-13 12:00:00,20.4,1013.8,48.25252809337023
2024-01-13 15:00:00,15.6,1015.4,72.62729544777584
2024-01-13 18:00:00,14.8,1015.9,73.95050215342924
2024-01-13 21:00:00,14.0,1015.2,82.13548036749823
2024-01-14 00:00:00,12.8,1015.5,88.22551374596415
2024-01-14 03:00:00,12.2,1017.8,88.17331059899422
2024-01-14 06:00:00,18.4,1016.3,62.46052062056043
2024-01-14 09:00:00,22.5,1012.9,47.54292231654803
2024-01-14 12:00:00,19.8,1013.5,63.60648802126187
2024-01-14 15:00:00,16.6,1015.2,73.77464045947974
2024-01-14 18:00:00,14.2,1016.7,90.69481897371098
2024-01-14 21:00:00,13.4,1015.2,90.63931815450903
2024-01-15 00:00:00,12.8,1015.7,95.51026070272563
2024-01-15 03:00:00,13.6,1017.4,90.6532389811529
2024-01-15 06:00:00,16.2,1016.6,77.18615187769502
2024-01-15 09:00:00,19.2,1014.7,63.056482911986
2024-01-15 12:00:00,17.6,1013.8,74.43323600853022
2024-01-15 15:00:00,13.8,1015.5,90.66712933521302
2024-01-15 18:00:00,14.0,1015.1,90.68098930379763
2024-01-15 21:00:00,13.6,1014.2,93.06720936893215
2024-01-16 00:00:00,14.4,1014.9,86.63915156865335
2024-01-16 03:00:00,15.0,1017.1,80.6502233316019
2024-01-16 06:00:00,18.2,1017.0,80.5558072189858
2024-01-16 09:00:00,20.4,1013.7,64.15608531331758
2024-01-16 12:00:00,18.6,1013.7,75.08766810739822
2024-01-16 15:00:00,16.2,1014.6,89.6666795922352
2024-01-16 18:00:00,15.4,1014.6,89.02520730872563
2024-01-16 21:00:00,14.2,1014.5,88.92813687312545
2024-01-17 00:00:00,13.6,1014.3,90.6532389811529
2024-01-17 03:00:00,13.8,1017.5,90.66712933521302
2024-01-17 06:00:00,16.4,1016.4,81.36763763886353
2024-01-17 09:00:00,18.6,1013.3,75.08766810739822
2024-01-17 12:00:00,16.2,1013.4,85.1378687966253
2024-01-17 15:00:00,15.6,1015.8,87.32148192965687
2024-01-17 18:00:00,15.0,1015.5,88.99298972017739
2024-01-17 21:00:00,14.0,1014.4,90.68098930379763
2024-01-18 00:00:00,15.6,1014.2,89.04126423426794
2024-01-18 03:00:00,16.2,1016.7,85.1378687966253
2024-01-18 06:00:00,18.0,1015.5,74.50117291249502
2024-01-18 09:00:00,18.6,1013.5,73.16391793414729
2024-01-18 12:00:00,17.8,1014.1,85.85545657849421
2024-01-18 15:00:00,17.2,1015.8,95.65767675758462
2024-01-18 18:00:00,15.6,1016.2,93.77393368836664
2024-01-18 21:00:00,15.8,1015.3,87.33984624682459
2024-01-19 00:00:00,17.0,1016.4,93.83881396078476
2024-01-19 03:00:00,17.6,1017.9,92.09188195528188
2024-01-19 06:00:00,21.5,1017.4,70.90676302373336
2024-01-19 09:00:00,22.0,1015.1,68.77349522244712
2024-01-19 12:00:00,20.6,1015.1,76.38391108279227
2024-01-19 15:00:00,19.4,1016.6,79.18307531300236
2024-01-19 18:00:00,17.0,1016.3,89.72698022064127
2024-01-19 21:00:00,15.6,1015.6,85.07395174159251
2024-01-20 00:00:00,14.0,1016.3,93.0880516101139
2024-01-20 03:00:00,14.4,1019.0,91.30349882802155
2024-01-20 06:00:00,16.0,1019.1,81.31547573150462
2024-01-20 09:00:00,20.2,1015.5,65.8046365225661
2024-01-20 12:00:00,18.6,1015.0,65.89566936008023
2024-01-20 15:00:00,16.2,1016.3,72.25556671862172
2024-01-20 18:00:00,15.4,1015.9,87.30307866082929
2024-01-20 21:00:00,15.2,1015.7,86.71638310525658
2024-01-21 00:00:00,16.0,1014.8,87.35817171892187
2024-01-21 03:00:00,17.0,1017.8,75.80754074677424
2024-01-21 06:00:00,18.6,1017.2,71.2836802364205
2024-01-21 09:00:00,20.4,1014.2,59.31046034978106
2024-01-21 12:00:00,19.4,1014.6,68.70265881807667
2024-01-21 15:00:00,17.0,1017.0,79.87241483728825
2024-01-21 18:00:00,16.0,1018.0,87.35817171892187
2024-01-21 21:00:00,14.2,1017.3,88.92813687312545
2024-01-22 00:00:00,12.0,1018.1,88.15583421968617
2024-01-22 03:00:00,11.7,1020.6,91.12615621048032
2024-01-22 06:00:00,16.4,1020.0,69.47184527396357
2024-01-22 09:00:00,20.2,1017.5,50.522805748283595
2024-01-22 12:00:00,18.4,1016.8,58.82884579624172
2024-01-22 15:00:00,14.8,1018.9,80.62313672506868
2024-01-22 18:00:00,13.8,1018.6,82.11015152601426
2024-01-22 21:00:00,12.6,1017.9,88.20815025668014
2024-01-23 00:00:00,12.2,1017.6,90.5551483537168
2024-01-23 03:00:00,14.5,1019.4,78.9943031046927
2024-01-23 06:00:00,20.4,1017.4,56.261960294450695
2024-01-23 09:00:00,23.4,1014.5,37.04466791190452
2024-01-23 12:00:00,20.6,1014.7,51.65488057387804
2024-01-23 15:00:00,17.4,1015.6,66.51621615947698
2024-01-23 18:00:00,17.4,1016.0,68.75448024328793
2024-01-23 21:00:00,17.0,1015.8,77.81661299364781
2024-01-24 00:00:00,16.2,1016.2,77.18615187769502
2024-01-24 03:00:00,17.6,1018.3,70.63072608460887
2024-01-24 06:00:00,21.6,1017.6,52.958593532599885
2024-01-24 09:00:00,20.8,1015.3,56.73465873449018
2024-01-24 12:00:00,19.6,1016.2,70.54987572913048
2024-01-24 15:00:00,17.7,1017.7,84.74959346679492
2024-01-24 18:00:00,16.4,1017.9,89.68180342228284
2024-01-24 21:00:00,15.4,1016.3,91.36785638670548
2024-01-25 00:00:00,14.8,1017.9,95.5781768148728
2024-01-25 03:00:00,15.8,1020.2,87.33984624682459
2024-01-25 06:00:00,20.4,1020.1,56.261960294450695
2024-01-25 09:00:00,23.0,1017.1,51.60290780194083
2024-01-25 12:00:00,21.0,1017.5,59.84374474323976
2024-01-25 15:00:00,17.8,1019.3,78.44429026678887
2024-01-25 18:00:00,16.8,1019.7,87.43108727612648
2024-01-25 21:00:00,15.4,1019.1,91.36785638670548
2024-01-26 00:00:00,13.6,1019.7,90.6532389811529
2024-01-26 03:00:00,15.0,1021.8,78.5453271453219
2024-01-26 06:00:00,21.4,1021.3,46.61246420042011
2024-01-26 09:00:00,23.5,1018.0,33.92223483846729
2024-01-26 12:00:00,20.8,1017.7,53.45600247680798
2024-01-26 15:00:00,16.2,1018.9,73.21885864000632
2024-01-26 18:00:00,13.4,1019.9,81.51369611551115
2024-01-26 21:00:00,12.2,1019.0,85.8468839050642
2024-01-27 00:00:00,13.4,1019.2,81.51369611551115
2024-01-27 03:00:00,16.8,1021.4,64.20961494944632
2024-01-27 06:00:00,21.8,1020.3,39.99763936323804
2024-01-27 09:00:00,24.0,1016.8,27.869921807132343
2024-01-27 12:00:00,21.2,1017.3,42.06320235567276
2024-01-27 15:00:00,15.8,1019.2,64.85491288279273
2024-01-27 18:00:00,13.0,1018.6,79.3052443654048
2024-01-27 21:00:00,13.6,1018.2,79.39176368530111
2024-01-28 00:00:00,13.0,1018.8,77.19968844926123
2024-01-28 03:00:00,16.2,1020.7,65.37983728775716
2024-01-28 06:00:00,21.6,1020.2,42.463397194848675
2024-01-28 09:00:00,24.0,1017.3,36.71436696099642
2024-01-28 12:00:00,22.4,1017.1,40.99334078041695
2024-01-28 15:00:00,18.6,1018.7,65.89566936008023
2024-01-28 18:00:00,15.8,1018.5,77.12386853020143
2024-01-28 21:00:00,15.2,1017.7,80.6772556893555
2024-01-29 00:00:00,13.8,1017.4,84.3193655005902
2024-01-29 03:00:00,17.6,1019.3,76.4012091914653
2024-01-29 06:00:00,24.4,1019.1,39.924232370418196
2024-01-29 09:00:00,25.2,1015.0,39.618305775251976
2024-01-29 12:00:00,23.0,1015.5,52.97267025402695
2024-01-29 15:00:00,20.0,1016.6,60.795284486151715
2024-01-29 18:00:00,17.4,1017.1,75.87255538725047
2024-01-29 21:00:00,15.8,1016.3,82.90169301452688
2024-01-30 00:00:00,16.4,1016.1,85.15908612701891
2024-01-30 03:00:00,19.8,1018.0,74.32464288933063
2024-01-30 06:00:00,26.0,1016.9,60.62095798327436
2024-01-30 09:00:00,27.8,1013.3,56.62858157026191
2024-01-30 12:00:00,24.6,1013.4,66.30194413180494
2024-01-30 15:00:00,22.4,1015.7,77.6333068665811
2024-01-30 18:00:00,21.4,1016.1,80.47097062716614
2024-01-30 21:00:00,20.8,1015.5,83.49059767012783
2024-01-31 00:00:00,19.0,1015.4,93.92977440102698
2024-01-31 03:00:00,20.6,1018.1,88.87450414906138
2024-01-31 06:00:00,25.8,1016.7,71.69270020375919
2024-01-31 09:00:00,26.0,1013.8,66.17566859299606
2024-01-31 12:00:00,24.0,1014.0,79.82128066340769
2024-01-31 15:00:00,22.8,1016.0,84.23807515262574
2024-01-31 18:00:00,21.4,1016.0,87.29342856926559
2024-01-31 21:00:00,21.2,1015.2,92.87134485887553
2024-02-01 00:00:00,19.0,1015.5,100.0
2024-02-01 03:00:00,20.4,1018.0,94.57843733317726
2024-02-01 06:00:00,22.8,1017.3,87.95886336881536
2024-02-01 09:00:00,22.4,1014.9,89.56731388016964
2024-02-01 12:00:00,22.2,1014.2,92.9231682794469
2024-02-01 15:00:00,21.5,1016.3,95.20699802599512
2024-02-01 18:00:00,21.3,1015.7,95.19990873981656
2024-02-01 21:00:00,20.6,1014.7,98.16605263804577
2024-02-02 00:00:00,20.0,1014.7,92.23014072890136
2024-02-02 03:00:00,21.2,1016.2,88.92223841871977
2024-02-02 06:00:00,26.0,1016.0,64.54478501053977
2024-02-02 09:00:00,26.8,1013.5,57.101806215949566
2024-02-02 12:00:00,25.0,1013.3,68.06816085251297
2024-02-02 15:00:00,22.0,1015.2,82.07643342444838
2024-02-02 18:00:00,20.6,1015.8,90.55540690498621
2024-02-02 21:00:00,20.0,1015.0,93.97450936662143
2024-02-03 00:00:00,18.8,1015.4,96.31235577580728
2024-02-03 03:00:00,19.0,1019.1,93.92977440102698
2024-02-03 06:00:00,24.4,1017.5,46.5063267929088
2024-02-03 09:00:00,27.5,1014.4,42.14438033869607
2024-02-03 12:00:00,24.4,1014.7,46.5063267929088
2024-02-03 15:00:00,20.8,1017.0,69.87255673728518
2024-02-03 18:00:00,19.4,1017.0,81.23264238410255
2024-02-03 21:00:00,18.2,1016.0,88.11729523295126
2024-02-04 00:00:00,17.4,1016.7,93.8571670455613
2024-02-04 03:00:00,20.8,1019.1,81.92785507473593
2024-02-04 06:00:00,24.6,1018.9,59.15689306068407
2024-02-04 09:00:00,27.8,1016.3,35.1366053235294
2024-02-04 12:00:00,25.0,1015.9,43.41453320694874
2024-02-04 15:00:00,20.0,1018.1,65.7622185890749
2024-02-04 18:00:00,19.4,1016.8,66.93435053606306
2024-02-04 21:00:00,18.4,1016.2,82.67988796779362
2024-02-05 00:00:00,19.0,1016.5,88.18554132284771
2024-02-05 03:00:00,20.8,1019.5,64.66195918921383
2024-02-05 06:00:00,27.0,1018.5,40.92058918635463
2024-02-05 09:00:00,28.8,1015.2,42.22968692294103
2024-02-05 12:00:00,25.6,1015.1,56.09190715788293
2024-02-05 15:00:00,22.0,1016.5,75.64284085753373
2024-02-05 18:00:00,22.0,1016.9,82.07643342444838
2024-02-05 21:00:00,22.0,1015.2,91.21143560546284
2024-02-06 00:00:00,22.0,1015.7,91.21143560546284
2024-02-06 03:00:00,21.2,1017.8,88.92223841871977
2024-02-06 06:00:00,26.4,1016.7,73.58514111197726
2024-02-06 09:00:00,27.4,1014.3,68.53792596203576
2024-02-06 12:00:00,25.2,1014.7,75.68189058367413
2024-02-06 15:00:00,23.0,1016.8,82.70996817603475
2024-02-06 18:00:00,22.0,1016.5,88.98541809305104
2024-02-06 21:00:00,21.8,1015.4,88.96967283294491
2024-02-07 00:00:00,20.8,1016.0,90.5690644355442
2024-02-07 03:00:00,20.4,1018.4,77.82585599299374
2024-02-07 06:00:00,24.0,1017.8,51.52738933821753
2024-02-07 09:00:00,25.2,1015.5,46.11683152073457
2024-02-07 12:00:00,23.8,1015.1,52.491312711001505
2024-02-07 15:00:00,20.0,1016.4,72.470856291407
2024-02-07 18:00:00,18.8,1016.6,75.12081534970918
2024-02-07 21:00:00,17.6,1015.7,82.0512816240772
2024-02-08 00:00:00,17.0,1016.3,79.87241483728825
2024-02-08 03:00:00,20.0,1018.9,52.54132558106588
2024-02-08 06:00:00,23.6,1018.3,33.48751515326933
2024-02-08 09:00:00,25.2,1015.0,30.011775568488925
2024-02-08 12:00:00,23.0,1015.1,38.99617137586443
2024-02-08 15:00:00,18.6,1016.5,60.86968290268062
2024-02-08 18:00:00,17.0,1016.6,71.92595452180186
2024-02-08 21:00:00,16.6,1017.3,64.16519997514996
2024-02-09 00:00:00,15.6,1017.8,58.9412635883884
2024-02-09 03:00:00,17.8,1021.2,47.5373685833748
2024-02-09 06:00:00,22.4,1020.7,38.03899565598593
2024-02-09 09:00:00,24.0,1018.2,32.91668219007807
2024-02-09 12:00:00,22.0,1017.6,32.123056198797414
2024-02-09 15:00:00,18.6,1020.1,47.10965406560125
2024-02-09 18:00:00,16.6,1019.7,68.59387792690264
2024-02-09 21:00:00,15.8,1018.2,70.75526319616348
2024-02-10 00:00:00,15.0,1018.5,78.5453271453219
2024-02-10 03:00:00,18.4,1021.3,58.82884579624172
2024-02-10 06:00:00,23.4,1020.5,40.99931166812892
2024-02-10 09:00:00,25.2,1017.7,31.060708948812298
2024-02-10 12:00:00,23.4,1016.9,38.32372576972998
2024-02-10 15:00:00,20.0,1019.1,50.80951300952906
2024-02-10 18:00:00,17.6,1019.2,65.24765286244165
2024-02-10 21:00:00,15.4,1018.0,76.55294255339182
2024-02-11 00:00:00,16.0,1018.9,79.21120375812941
2024-02-11 03:00:00,19.4,1020.9,65.2062369514293
2024-02-11 06:00:00,25.2,1020.8,40.95787437870971
2024-02-11 09:00:00,27.2,1017.8,33.145904884974556
2024-02-11 12:00:00,24.8,1018.0,36.6931514314286
2024-02-11 15:00:00,19.6,1019.2,56.81233648843141
2024-02-11 18:00:00,17.6,1019.4,65.24765286244165
2024-02-11 21:00:00,16.0,1018.6,75.14604114019876
2024-02-12 00:00:00,15.6,1019.0,80.7311582049925
2024-02-12 03:00:00,20.2,1021.8,57.719517053231016
2024-02-12 06:00:00,26.0,1020.8,43.4058378231083
2024-02-12 09:00:00,28.0,1017.3,37.59413786233745
2024-02-12 12:00:00,25.4,1017.3,50.24314128044033
2024-02-12 15:00:00,21.0,1019.1,71.72616194024727
2024-02-12 18:00:00,20.2,1019.2,74.3922547674494
2024-02-12 21:00:00,19.8,1018.1,77.73604009831854
2024-02-13 00:00:00,19.0,1017.5,82.75226606225803
2024-02-13 03:00:00,22.0,1019.7,69.21375914661385
2024-02-13 06:00:00,27.0,1019.8,45.122431561822
2024-02-13 09:00:00,27.0,1017.4,45.71041733142556
2024-02-13 12:00:00,23.6,1017.2,55.237934002483236
2024-02-13 15:00:00,22.0,1018.7,65.75997484481925
2024-02-13 18:00:00,20.8,1018.1,78.38096858207
2024-02-13 21:00:00,19.4,1017.3,88.21944930473586
2024-02-14 00:00:00,18.7,1017.0,89.28579993410106
2024-02-14 03:00:00,21.0,1019.5,76.44675215115228
2024-02-14 06:00:00,26.4,1018.2,55.57883796392953
2024-02-14 09:00:00,28.8,1015.1,49.22758668513023
2024-02-14 12:00:00,26.8,1015.1,57.101806215949566
2024-02-14 15:00:00,23.2,1017.0,73.03601654966685
2024-02-14 18:00:00,22.0,1016.8,80.55061078560465
2024-02-14 21:00:00,21.0,1015.9,81.95274097068757
2024-02-15 00:00:00,19.8,1016.7,86.60007203334754
2024-02-15 03:00:00,22.0,1019.2,77.08681687030213
2024-02-15 06:00:00,27.6,1017.5,54.14162894034234
2024-02-15 09:00:00,29.3,1016.3,49.04824514061755
2024-02-15 12:00:00,26.6,1016.1,62.29807222676058
2024-02-15 15:00:00,23.4,1018.0,69.92393739267627
2024-02-15 18:00:00,23.2,1018.7,76.31010103455979
2024-02-15 21:00:00,22.0,1017.9,82.07643342444838
2024-02-16 00:00:00,20.4,1017.8,90.54172022816981
2024-02-16 03:00:00,21.8,1020.1,82.05179279343892
2024-02-16 06:00:00,25.8,1018.9,67.38241642118969
2024-02-16 09:00:00,27.6,1015.7,58.01642284156709
2024-02-16 12:00:00,26.2,1015.2,63.38846253625371
2024-02-16 15:00:00,23.2,1016.7,76.31010103455979
2024-02-16 18:00:00,20.0,1015.9,84.99533007192596
2024-02-16 21:00:00,19.4,1014.9,88.21944930473586
2024-02-17 00:00:00,18.6,1014.6,88.15149022709771
2024-02-17 03:00:00,22.2,1017.3,65.80207905470317
2024-02-17 06:00:00,26.0,1015.9,53.73908875879271
2024-02-17 09:00:00,28.4,1012.5,44.06503931299219
2024-02-17 12:00:00,26.2,1012.6,50.12977591480722
2024-02-17 15:00:00,22.2,1013.9,68.37539007108184
2024-02-17 18:00:00,20.4,1014.5,79.82930712381024
2024-02-17 21:00:00,19.6,1013.4,86.58100783026312
2024-02-18 00:00:00,18.7,1013.5,89.28579993410106
2024-02-18 03:00:00,22.0,1016.3,84.15029745167602
2024-02-18 06:00:00,28.2,1015.7,54.63344776811594
2024-02-18 09:00:00,30.2,1011.9,59.35126520000069
2024-02-18 12:00:00,28.2,1011.4,44.86839509597163
2024-02-18 15:00:00,24.4,1014.0,72.33699619216402
2024-02-18 18:00:00,23.0,1014.7,82.70996817603475
2024-02-18 21:00:00,22.4,1013.5,87.38305999003406
2024-02-19 00:00:00,21.2,1014.0,90.59629238174392
2024-02-19 03:00:00,23.8,1015.6,84.86645400274385
2024-02-19 06:00:00,29.0,1015.2,64.38421540041374
2024-02-19 09:00:00,30.8,1011.7,47.61966467250174
2024-02-19 12:00:00,28.8,1011.5,59.02704232458345
2024-02-19 15:00:00,25.6,1013.2,77.6269764291538
2024-02-19 18:00:00,24.2,1012.8,88.07733960854361
2024-02-19 21:00:00,23.4,1011.9,91.29967042540224
2024-02-20 00:00:00,24.2,1011.3,88.07733960854361
2024-02-20 03:00:00,26.2,1013.5,82.58282556083142
2024-02-20 06:00:00,29.8,1012.3,66.13938425088851
2024-02-20 09:00:00,30.8,1008.7,60.58625885317225
2024-02-20 12:00:00,30.0,1008.1,64.98787314987105
2024-02-20 15:00:00,23.4,1011.3,79.73963499838084
2024-02-20 18:00:00,24.0,1011.2,70.47837778915957
2024-02-20 21:00:00,23.4,1010.3,74.9242703691049
2024-02-21 00:00:00,24.0,1008.7,83.33878752130364
2024-02-21 03:00:00,26.8,1011.1,79.71242342812477
2024-02-21 06:00:00,31.6,1010.4,46.36105984341474
2024-02-21 09:00:00,31.2,1008.6,39.482199010066786
2024-02-21 12:00:00,28.4,1008.5,53.66339405042314
2024-02-21 15:00:00,25.6,1010.1,68.61205443506742
2024-02-21 18:00:00,24.6,1010.1,75.58646829846579
2024-02-21 21:00:00,24.0,1008.2,78.3540921272656
2024-02-22 00:00:00,23.8,1008.4,93.00493307197942
2024-02-22 03:00:00,26.0,1011.0,82.55918218789247
2024-02-22 06:00:00,26.4,1011.6,79.65835252904961
2024-02-22 09:00:00,27.4,1008.9,71.10383243626453
2024-02-22 12:00:00,26.4,1009.0,76.33576480448347
2024-02-22 15:00:00,25.0,1010.9,86.5553591977721
2024-02-22 18:00:00,23.0,1011.9,94.6812063155598
2024-02-22 21:00:00,21.6,1010.8,96.3886437157889
2024-02-23 00:00:00,21.0,1012.4,87.25731534029728
2024-02-23 03:00:00,22.0,1015.2,79.04974656784833
2024-02-23 06:00:00,26.8,1014.6,53.25972640302064
2024-02-23 09:00:00,28.6,1011.5,40.831937487694354
2024-02-23 12:00:00,27.0,1011.8,44.541111469836196
2024-02-23 15:00:00,22.6,1014.4,71.11065930748565
2024-02-23 18:00:00,21.0,1014.0,79.91155284255397
2024-02-23 21:00:00,20.5,1013.0,84.51442120014747
2024-02-24 00:00:00,20.0,1014.4,74.35848005153662
2024-02-24 03:00:00,22.8,1016.4,52.92103079505408
2024-02-24 06:00:00,26.8,1016.4,40.597376966612664
2024-02-24 09:00:00,27.6,1014.1,46.46713497984191
2024-02-24 12:00:00,26.2,1014.1,56.59689584142209
2024-02-24 15:00:00,24.2,1015.7,62.949538189695744
2024-02-24 18:00:00,23.4,1015.2,59.63495905400274
2024-02-24 21:00:00,22.0,1014.1,65.75997484481925
2024-02-25 00:00:00,21.0,1015.0,56.78422528555351
2024-02-25 03:00:00,21.0,1018.3,60.23620878051111
2024-02-25 06:00:00,24.0,1017.5,57.150508542239244
2024-02-25 09:00:00,25.8,1015.0,52.32972267192697
2024-02-25 12:00:00,24.4,1015.1,59.869198871268935
2024-02-25 15:00:00,21.8,1016.2,75.61066811578078
2024-02-25 18:00:00,21.4,1016.3,83.5592885796014
2024-02-25 21:00:00,20.8,1015.5,83.49059767012783
2024-02-26 00:00:00,18.6,1016.3,82.70406260968356
2024-02-26 03:00:00,21.2,1018.4,65.16845708989669
2024-02-26 06:00:00,26.6,1018.1,35.743295774420865
2024-02-26 09:00:00,28.2,1014.8,42.61248838373374
2024-02-26 12:00:00,26.4,1014.7,47.66111593751544
2024-02-26 15:00:00,24.0,1016.2,61.32294249463855
2024-02-26 18:00:00,22.0,1016.2,64.09062804138038
2024-02-26 21:00:00,20.6,1014.8,69.38578733821737
2024-02-27 00:00:00,19.4,1015.7,75.70554565099692
2024-02-27 03:00:00,22.0,1017.9,61.25880440963451
2024-02-27 06:00:00,27.0,1017.0,32.86805728643941
2024-02-27 09:00:00,28.8,1013.4,34.26706549318716
2024-02-27 12:00:00,27.0,1012.1,33.990150562352525
2024-02-27 15:00:00,24.2,1014.6,48.95659267969773
2024-02-27 18:00:00,23.6,1014.6,58.16689433121799
2024-02-27 21:00:00,22.4,1012.9,62.95239911045817
2024-02-28 00:00:00,21.4,1013.3,78.46820659148995
2024-02-28 03:00:00,24.4,1014.2,69.24033252213863
2024-02-28 06:00:00,29.2,1013.5,49.64461630711475
2024-02-28 09:00:00,29.4,1010.8,48.45900885580284
2024-02-28 12:00:00,28.0,1010.7,50.60007897036122
2024-02-28 15:00:00,24.4,1012.3,77.44894806626313
2024-02-28 18:00:00,22.0,1013.1,85.20436749963358
2024-02-28 21:00:00,21.6,1012.6,77.02566195716373
2024-02-29 00:00:00,20.6,1013.0,91.1218746895584
2024-02-29 03:00:00,24.6,1015.7,52.0198382041854
2024-02-29 06:00:00,29.0,1015.6,34.550110818955254
2024-02-29 09:00:00,30.0,1012.7,35.984923231294545
2024-02-29 12:00:00,28.0,1012.3,45.98124630748456
2024-02-29 15:00:00,24.0,1014.2,62.905264442630205
2024-02-29 18:00:00,21.4,1014.5,76.99499781655292
2024-02-29 21:00:00,21.0,1014.1,74.05340128847922
2024-03-01 00:00:00,20.6,1015.3,76.38391108279227
2024-03-01 03:00:00,25.6,1016.7,54.677740314134674
2024-03-01 06:00:00,29.8,1015.7,43.326992520293764
2024-03-01 09:00:00,31.2,1012.7,34.934455199024924
2024-03-01 12:00:00,28.8,1011.9,39.84056692267928
2024-03-01 15:00:00,25.0,1013.6,56.66462278579749
2024-03-01 18:00:00,22.4,1013.7,67.54841643617165
2024-03-02 00:00:00,19.0,1013.7,82.75226606225803
2024-03-02 03:00:00,24.6,1016.0,56.204948951375734
2024-03-02 06:00:00,29.8,1014.6,39.85982807907566
2024-03-02 09:00:00,31.9,1010.9,43.07629420922149
2024-03-02 12:00:00,29.6,1010.9,45.24761159831436
2024-03-02 15:00:00,26.4,1012.9,60.71246271379855
2024-03-02 18:00:00,24.6,1013.2,71.03201273104008
2024-03-02 21:00:00,23.6,1012.9,76.37249952757334
2024-03-03 00:00:00,24.6,1012.7,89.72957675197986
2024-03-03 03:00:00,26.6,1014.3,81.14599787426259
2024-03-03 06:00:00,29.7,1014.3,62.97789028377389
2024-03-03 09:00:00,30.4,1011.1,55.516916216092426
2024-03-03 12:00:00,29.2,1011.2,49.64461630711475
2024-03-03 15:00:00,26.2,1012.7,60.66674488054539
2024-03-03 18:00:00,24.0,1011.9,69.16319209999386
2024-03-03 21:00:00,23.0,1010.8,74.39041066627999
2024-03-04 00:00:00,22.8,1013.3,74.35698654323872
2024-03-04 03:00:00,23.0,1015.2,74.39041066627999
2024-03-04 06:00:00,28.4,1013.8,53.66339405042314
2024-03-04 09:00:00,31.6,1011.0,43.26699252430475
2024-03-04 12:00:00,29.4,1010.7,52.25595491573255
2024-03-04 15:00:00,28.0,1013.8,58.11126126861089
2024-03-04 18:00:00,25.8,1013.1,73.03206992350184
2024-03-04 21:00:00,24.4,1012.4,79.87545001594653
2024-03-05 00:00:00,23.4,1013.2,88.00984897364455
2024-03-05 03:00:00,25.8,1015.4,65.72304383264904
2024-03-05 06:00:00,29.2,1015.2,44.85242167030182
2024-03-05 09:00:00,30.6,1011.4,47.566803806032624
2024-03-05 12:00:00,28.6,1010.6,53.713553895834856
2024-03-05 15:00:00,25.2,1012.5,71.1418217419436
2024-03-05 18:00:00,23.2,1012.7,77.7522586030719
2024-03-05 21:00:00,22.8,1012.2,79.1623178245659
2024-03-06 00:00:00,21.8,1013.3,68.73415619857566
2024-03-06 03:00:00,23.4,1016.3,52.04664934594763
2024-03-06 06:00:00,27.2,1015.4,38.87973569807815
2024-03-06 09:00:00,29.4,1011.7,39.49270164196813
2024-03-06 12:00:00,27.4,1010.9,47.62210325150437
2024-03-06 15:00:00,24.8,1012.9,59.20403395936841
2024-03-06 18:00:00,22.6,1012.8,69.33008235227456
2024-03-06 21:00:00,22.2,1012.4,72.40123365463968
2024-03-07 00:00:00,21.2,1012.2,75.0356621166813
2024-03-07 03:00:00,22.2,1015.1,50.71826706885131
2024-03-07 06:00:00,25.6,1014.5,35.461200847011675
2024-03-07 09:00:00,25.2,1011.8,39.618305775251976
2024-03-07 12:00:00,25.0,1010.9,44.57428083930522
2024-03-07 15:00:00,21.4,1013.1,65.21122138445863
2024-03-07 18:00:00,22.0,1013.2,69.21375914661385
2024-03-07 21:00:00,21.4,1012.1,65.21122138445863
2024-03-08 00:00:00,19.2,1012.7,73.74476286331554
2024-03-08 03:00:00,24.2,1015.2,52.93687872742393
2024-03-08 06:00:00,28.2,1014.9,33.42579349539827
2024-03-08 09:00:00,30.8,1011.3,22.101599428240895
2024-03-08 12:00:00,28.0,1010.9,33.147995944372894
2024-03-08 15:00:00,23.0,1013.1,57.64809901125625
2024-03-08 18:00:00,20.4,1013.2,65.84698390364156
2024-03-08 21:00:00,20.2,1012.5,69.30783373165526
2024-03-09 00:00:00,19.8,1014.2,72.43498859575087
2024-03-09 03:00:00,25.0,1016.3,46.06228431994735
2024-03-09 06:00:00,29.2,1015.9,24.396742872625122
2024-03-09 09:00:00,30.0,1012.2,27.61090392149769
2024-03-09 12:00:00,27.8,1011.6,32.87151406556947
2024-03-09 15:00:00,22.6,1013.5,62.99689602797345
2024-03-09 18:00:00,21.2,1013.9,66.8725579630163
2024-03-09 21:00:00,20.8,1013.9,68.09609375395668
2024-03-10 00:00:00,19.6,1014.9,73.81379105585982
2024-03-10 03:00:00,24.2,1017.3,51.57959034345375
2024-03-10 06:00:00,29.0,1017.0,33.42708851963113
2024-03-10 09:00:00,30.6,1014.1,27.587996345915933
2024-03-10 12:00:00,27.8,1013.8,32.21758799957298
2024-03-10 15:00:00,23.4,1015.2,49.38778468739456
2024-03-10 18:00:00,20.0,1015.7,65.7622185890749
2024-03-10 21:00:00,19.2,1014.7,70.01729897448654
2024-03-11 00:00:00,18.8,1015.1,71.78645915321792
2024-03-11 03:00:00,25.2,1017.5,44.92342577358784
2024-03-11 06:00:00,31.0,1016.4,28.068277148046878
2024-03-11 09:00:00,32.0,1012.9,25.81845531771868
2024-03-11 12:00:00,30.0,1011.7,30.727802760765467
2024-03-11 15:00:00,26.4,1013.3,62.25365124486911
2024-03-11 18:00:00,25.0,1013.0,74.26066874835885
2024-03-11 21:00:00,24.4,1012.7,76.97148310021424
2024-03-12 00:00:00,24.4,1012.3,89.71497940989825
2024-03-12 03:00:00,24.2,1014.1,89.70035155341864
2024-03-12 06:00:00,30.6,1013.6,62.79033585952567
2024-03-12 09:00:00,33.2,1010.3,60.871490907189255
2024-03-12 12:00:00,31.6,1010.0,58.95264595485285
2024-03-12 15:00:00,28.0,1011.9,83.28921441559984
2024-03-12 18:00:00,27.5,1012.1,83.73234961805122
2024-03-13 00:00:00,25.2,1011.2,93.07533521182425
2024-03-13 03:00:00,28.2,1013.0,83.31179804309043
2024-03-13 06:00:00,32.8,1012.9,56.43711760467723
2024-03-13 09:00:00,33.2,1010.1,44.79972355987793
2024-03-13 12:00:00,31.4,1009.9,36.60859670025432
2024-03-13 15:00:00,28.7,1011.8,76.68693942486561
2024-03-13 18:00:00,27.2,1012.6,84.20248990010974
2024-03-13 21:00:00,26.4,1011.2,88.79047072518293
2024-03-14 00:00:00,26.5,1011.7,89.33114086343956
2024-03-14 03:00:00,28.2,1013.6,83.31179804309043
2024-03-14 06:00:00,30.8,1012.6,70.43939306440934
2024-03-14 09:00:00,33.6,1009.2,59.056399786976336
2024-03-14 12:00:00,32.1,1009.0,65.81265677446142
2024-03-14 15:00:00,28.8,1010.6,81.90716097068722
2024-03-14 18:00:00,27.6,1010.6,87.31379479213656
2024-03-14 21:00:00,27.0,1009.3,90.43900875787912
2024-03-15 00:00:00,26.6,1010.3,92.04304428506519
2024-03-15 03:00:00,29.2,1013.8,80.5095630310082
2024-03-15 06:00:00,33.0,1013.1,56.48476343652975
2024-03-15 09:00:00,34.4,1010.7,33.61085308184106
2024-03-15 12:00:00,32.2,1010.1,44.81126577191242
2024-03-15 15:00:00,23.4,1014.3,86.40425816902815
2024-03-15 18:00:00,23.6,1013.8,78.29628816720248
2024-03-15 21:00:00,23.3,1013.4,79.23223715850996
2024-03-16 00:00:00,25.4,1013.2,91.42347038708563
2024-03-16 03:00:00,27.2,1015.8,84.20248990010974
2024-03-16 06:00:00,32.0,1014.7,67.38029965170892
2024-03-16 09:00:00,31.8,1011.7,64.96944081021161
2024-03-16 12:00:00,30.8,1010.8,66.74179537984483
2024-03-16 15:00:00,28.6,1014.4,77.59711341151534
2024-03-16 18:00:00,22.8,1015.1,82.68619873809317
2024-03-16 21:00:00,23.4,1012.0,84.303446850675
2024-03-17 00:00:00,22.3,1013.3,81.60283798066048
2024-03-17 03:00:00,24.0,1016.3,81.31250928232977
2024-03-17 06:00:00,26.2,1015.6,70.44918074896196
2024-03-17 09:00:00,26.2,1011.9,70.44918074896196
2024-03-17 12:00:00,29.4,1011.3,62.147323833199586
2024-03-17 15:00:00,26.8,1012.8,75.01402814660541
2024-03-17 18:00:00,25.6,1012.8,79.0650667975322
2024-03-17 21:00:00,24.2,1011.4,84.90833346681126
2024-03-18 00:00:00,24.4,1012.2,93.03523459227986
2024-03-18 03:00:00,25.6,1014.6,93.09525743190015
2024-03-18 06:00:00,26.2,1014.8,92.0202947964304
2024-03-18 09:00:00,30.2,1010.8,66.22048006651374
2024-03-18 12:00:00,29.2,1009.8,69.72295309892432
2024-03-18 15:00:00,27.4,1012.5,78.36224761821416
2024-03-18 18:00:00,26.6,1012.9,82.62997382431229
2024-03-18 21:00:00,25.8,1011.7,85.59004257177266
2024-03-19 00:00:00,24.6,1012.4,80.39509424447246
2024-03-19 03:00:00,26.0,1014.7,69.11686987087296
2024-03-19 06:00:00,31.2,1014.1,41.54764966465231
2024-03-19 09:00:00,31.6,1011.1,42.18771125473293
2024-03-19 12:00:00,29.2,1010.8,53.19475408938177
2024-03-19 15:00:00,27.4,1013.1,62.864093985522686
2024-03-19 18:00:00,26.4,1012.1,75.87116518171567
2024-03-19 21:00:00,20.2,1013.4,94.57041014289584
2024-03-20 00:00:00,19.4,1013.1,93.9477273183699
2024-03-20 03:00:00,20.0,1015.3,93.97450936662143
2024-03-20 06:00:00,20.6,1016.9,92.26414709561166
2024-03-20 09:00:00,20.2,1014.4,94.57041014289584
2024-03-20 12:00:00,20.0,1014.5,92.23014072890136
2024-03-20 15:00:00,20.0,1015.8,90.51425911024681
2024-03-20 18:00:00,20.0,1016.2,92.23014072890136
2024-03-20 21:00:00,19.8,1013.6,93.96560158527643
2024-03-21 00:00:00,18.8,1014.0,96.31235577580728
2024-03-21 03:00:00,20.4,1016.0,90.54172022816981
2024-03-21 06:00:00,25.8,1014.5,60.19419705576875
2024-03-21 09:00:00,26.0,1011.9,61.77549134798711
2024-03-21 12:00:00,21.8,1010.9,73.72028641918511
2024-03-21 15:00:00,21.0,1012.9,87.25731534029728
2024-03-21 18:00:00,21.4,1012.9,87.29342856926559
2024-03-21 21:00:00,20.4,1010.9,90.54172022816981
2024-03-22 00:00:00,19.2,1011.0,92.18445414057031
2024-03-22 03:00:00,24.0,1012.5,81.31250928232977
2024-03-22 06:00:00,27.0,1011.5,63.95820133697369
2024-03-22 09:00:00,29.0,1008.2,56.56535492258467
2024-03-22 12:00:00,27.2,1008.0,56.128403601107394
2024-03-22 15:00:00,23.8,1009.7,74.98967879981456
2024-03-22 18:00:00,21.6,1009.6,85.69563499959355
2024-03-22 21:00:00,20.4,1008.3,92.25283612662764
2024-03-23 00:00:00,21.2,1008.8,90.59629238174392
2024-03-23 03:00:00,27.0,1011.1,71.03120402884956
2024-03-23 06:00:00,30.2,1010.3,69.0741524820506
2024-03-23 09:00:00,33.6,1006.5,49.250585482881746
2024-03-23 12:00:00,30.6,1006.4,55.56557299066436
2024-03-23 15:00:00,27.4,1008.9,79.79314536748959
2024-03-23 18:00:00,26.4,1009.2,88.79047072518293
2024-03-23 21:00:00,26.0,1008.7,90.37112970835472
2024-03-24 00:00:00,25.4,1009.7,91.42347038708563
2024-03-24 03:00:00,28.6,1012.0,76.21281246926864
2024-03-24 06:00:00,32.6,1011.9,56.048518886750145
2024-03-24 09:00:00,34.8,1009.0,41.48423821224752
2024-03-24 12:00:00,32.6,1009.1,49.59948094859373
2024-03-24 15:00:00,28.8,1011.0,76.24353220041739
2024-03-24 18:00:00,27.4,1012.0,88.86871874139695
2024-03-24 21:00:00,26.2,1010.3,90.38476214988123
2024-03-25 00:00:00,26.0,1010.9,92.00888400052642
2024-03-25 03:00:00,28.3,1012.9,80.87488034908993
2024-03-25 06:00:00,32.8,1011.9,63.26317222090716
2024-03-25 09:00:00,34.8,1009.6,54.57837119757018
2024-03-25 12:00:00,32.2,1007.5,63.89578539017188
2024-03-25 15:00:00,24.0,1008.5,76.91061342319855
2024-03-25 18:00:00,25.8,1010.7,61.73054888864948
2024-03-25 21:00:00,25.0,1009.6,61.16156608407452
2024-03-26 00:00:00,23.4,1010.0,71.70723841493773
2024-03-26 03:00:00,25.8,1013.8,70.37492245088673
2024-03-26 06:00:00,30.3,1013.4,59.374297773896004
2024-03-26 09:00:00,31.8,1010.2,57.934430290493566
2024-03-26 15:00:00,28.2,1012.4,80.37983931978188
2024-03-26 18:00:00,27.2,1013.7,84.20248990010974
2024-03-27 06:00:00,32.8,1013.7,62.13958951433999
2024-03-27 09:00:00,35.2,1010.6,52.745450145920145
2024-03-27 12:00:00,33.6,1009.4,50.46945953917431
2024-03-27 15:00:00,30.2,1011.9,72.90096632227306
2024-04-01 18:00:00,30.0,1005.3,71.5698382304094
2024-04-01 21:00:00,29.6,1004.1,74.118773297339
2024-04-02 00:00:00,27.2,1005.4,90.45250000428203
2024-04-02 03:00:00,31.0,1007.6,60.63128269788534
2024-04-03 00:00:00,28.0,1007.5,88.91528354225218
2024-04-03 03:00:00,32.0,1010.0,71.07626571001893
2024-04-03 06:00:00,35.2,1009.1,38.12643666764187
2024-04-03 09:00:00,37.8,1006.1,27.351452446356735
2024-04-03 12:00:00,34.7,1005.8,44.92219341506832
2024-04-03 15:00:00,30.4,1008.3,75.58532357148971
2024-04-03 18:00:00,28.8,1007.8,84.87449545917907
2024-04-03 21:00:00,27.8,1006.8,88.89979374390309
2024-04-04 00:00:00,27.4,1006.8,88.86871874139695
2024-04-04 03:00:00,31.6,1009.3,73.57131384659597
2024-04-04 06:00:00,35.6,1007.8,58.46599770220743
2024-04-04 09:00:00,36.2,1005.4,53.62697094613858
2024-04-04 12:00:00,34.0,1005.1,67.37244576814547
2024-04-04 15:00:00,29.8,1007.9,81.06459831337503
2024-04-04 18:00:00,29.5,1006.7,82.9663558420841
2024-04-04 21:00:00,29.2,1004.4,84.91559008084812
2024-04-05 00:00:00,28.4,1005.0,88.94616815571688
2024-04-05 03:00:00,30.6,1007.5,81.16467826556904
2024-04-05 06:00:00,35.2,1006.4,60.12663558886312
2024-04-05 09:00:00,37.8,1003.7,47.12978764572158
2024-04-05 12:00:00,34.8,1003.6,63.31273208033373
2024-04-05 15:00:00,30.4,1006.3,85.53649748682237
2024-04-05 18:00:00,30.0,1006.0,86.50450703984572
2024-04-05 21:00:00,29.2,1005.0,87.96874224697314
2024-04-06 00:00:00,28.8,1005.9,87.93540259721783
2024-04-06 03:00:00,31.8,1007.9,74.91652960815853
2024-04-06 06:00:00,36.0,1007.1,58.557536758933935
2024-04-06 09:00:00,37.2,1004.0,47.54162703748242
2024-04-06 12:00:00,34.7,1003.7,65.94735628752521
2024-04-06 15:00:00,31.0,1006.2,78.40390010984709
2024-04-06 18:00:00,29.0,1006.4,84.89506306062921
2024-04-06 21:00:00,28.8,1005.1,83.37928484286573
2024-04-07 00:00:00,28.4,1005.9,87.90192756472376
2024-04-07 03:00:00,26.6,1010.1,81.14599787426259
2024-04-07 06:00:00,28.8,1009.8,67.9760346463704
2024-04-07 09:00:00,28.5,1005.6,72.6091944206564
2024-04-07 12:00:00,29.4,1006.5,67.27251207661499
2024-04-07 15:00:00,27.8,1009.7,75.63076994448524
2024-04-07 18:00:00,28.0,1010.4,77.50922415182016
2024-04-07 21:00:00,27.0,1009.3,81.19652945190819
2024-04-08 00:00:00,25.6,1009.0,80.52645239736388
2024-04-08 03:00:00,27.1,1012.0,62.02144391876945
2024-04-08 06:00:00,32.2,1011.2,44.81126577191242
2024-04-08 09:00:00,32.0,1010.5,46.757765745898766
2024-04-08 12:00:00,29.4,1009.1,60.640804904992116
2024-04-08 15:00:00,26.0,1010.8,64.54478501053977
2024-04-08 18:00:00,25.2,1011.0,63.97031676021959
2024-04-08 21:00:00,24.8,1009.4,65.10325533274633
2024-04-09 00:00:00,24.4,1009.9,66.26066568163881
2024-04-09 03:00:00,29.4,1012.5,52.25595491573255
2024-04-09 06:00:00,34.0,1012.0,38.76260999542678
2024-04-09 09:00:00,35.0,1009.6,35.08323569099895
2024-04-09 12:00:00,34.8,1008.6,48.369264142818636
2024-04-09 15:00:00,29.4,1009.6,58.0813190585354
2024-04-09 18:00:00,26.8,1010.4,73.6526814430667
2024-04-09 21:00:00,27.0,1009.7,71.03120402884956
2024-04-10 00:00:00,26.2,1010.5,76.30487547759344
2024-04-10 03:00:00,31.8,1012.3,50.94362829175715
2024-04-10 06:00:00,33.8,1011.9,44.40694259053556
2024-04-10 09:00:00,34.0,1009.4,47.575273109543275
2024-04-10 12:00:00,32.4,1008.4,52.68765751422521
2024-04-10 15:00:00,28.8,1009.8,72.2237174181299
2024-04-10 18:00:00,25.4,1010.5,81.98706192459
2024-04-10 21:00:00,24.6,1010.1,84.95004486909127
2024-04-11 00:00:00,25.2,1010.7,83.47525948927431
2024-04-11 03:00:00,28.8,1013.1,67.9760346463704
2024-04-11 06:00:00,32.4,1012.9,51.41140557397461
2024-04-11 09:00:00,31.2,1011.7,48.02420849286768
2024-04-11 12:00:00,29.4,1010.1,46.35792582818312
2024-04-11 15:00:00,26.8,1011.4,70.99479528301373
2024-04-11 18:00:00,26.4,1011.4,66.25782759838835
2024-04-11 21:00:00,26.0,1010.7,67.42245330571328
2024-04-12 00:00:00,25.0,1011.1,74.26066874835885
2024-04-12 03:00:00,30.4,1013.3,49.6455182941857
2024-04-12 06:00:00,33.9,1012.5,38.97963244216784
2024-04-12 09:00:00,35.6,1009.8,37.526706581425714
2024-04-12 12:00:00,33.0,1009.1,43.645157807317524
2024-04-12 15:00:00,30.2,1011.1,54.11245736689154
2024-04-12 18:00:00,28.2,1010.3,66.21721115814579
2024-04-12 21:00:00,27.8,1009.6,68.61530293019021
2024-04-13 00:00:00,26.2,1010.8,74.9169893866901
2024-04-13 03:00:00,30.6,1012.6,58.006624337338984
2024-04-13 06:00:00,36.2,1011.6,33.88784900273631
2024-04-13 09:00:00,36.4,1008.7,33.30737985488072
2024-04-13 12:00:00,34.4,1007.9,35.36498660662708
2024-04-13 15:00:00,30.8,1010.2,54.59652641434426
2024-04-13 18:00:00,28.8,1010.5,61.6342614843269
2024-04-13 21:00:00,28.4,1009.3,62.30944777937724
2024-04-14 00:00:00,27.0,1010.6,72.34810781589086
2024-04-14 03:00:00,32.4,1012.5,45.14572740311554
2024-04-14 06:00:00,37.2,1011.6,32.488929477103184
2024-04-14 09:00:00,37.8,1008.6,26.659771157612482
2024-04-14 12:00:00,34.8,1007.9,35.92538017429184
2024-04-14 15:00:00,33.0,1009.8,50.00855048668853
2024-04-14 18:00:00,30.6,1010.1,55.56557299066436
2024-04-14 21:00:00,29.8,1009.7,56.06041297831903
2024-04-15 00:00:00,28.4,1009.8,70.42408506037569
2024-04-15 03:00:00,34.4,1011.2,45.11935390234125
2024-04-15 06:00:00,38.2,1010.5,40.14421293956273
2024-04-15 09:00:00,37.5,1007.0,40.9441706174234
2024-04-15 12:00:00,34.6,1006.7,56.524933034712646
2024-04-15 15:00:00,32.0,1008.6,68.5931528079531
2024-04-15 18:00:00,30.0,1008.4,78.26294962837345
2024-04-19 00:00:00,29.4,1002.9,55.617075987669494
2024-04-19 03:00:00,35.4,1004.6,39.388285862649866
2024-04-19 06:00:00,39.5,1003.4,24.0118055578073
2024-04-19 09:00:00,40.8,1000.3,20.866580582417445
2024-04-19 12:00:00,37.0,999.8,40.80988480928598
2024-04-19 15:00:00,32.6,1001.4,65.52306428907129
2024-04-19 18:00:00,31.2,1001.5,73.50477620307173
2024-04-19 21:00:00,30.4,1000.3,75.58532357148971
2024-04-20 00:00:00,29.0,1001.3,80.48371679996085
2024-04-20 03:00:00,34.6,1003.8,56.524933034712646
2024-04-20 06:00:00,40.2,1003.1,33.9150106067228
2024-04-20 09:00:00,41.4,1000.1,35.9360008020445
2024-04-20 12:00:00,37.0,999.4,51.32764145585129
2024-04-20 15:00:00,32.0,1002.6,79.0033862804747
2024-04-20 18:00:00,30.8,1002.4,82.62927198490198
2024-04-20 21:00:00,30.2,1001.9,84.02682856635852
2024-04-21 00:00:00,29.6,1002.7,88.00194722290112
2024-04-21 03:00:00,33.6,1005.1,68.49226741509385
2024-04-21 06:00:00,38.8,1004.3,30.165153756156222
2024-04-21 09:00:00,40.8,1001.4,33.8683933411619
2024-04-21 12:00:00,37.8,1001.3,38.12347027279238
2024-04-21 15:00:00,33.4,1003.9,60.08005109311657
2024-04-21 18:00:00,31.6,1003.6,76.21857827105511
2024-04-21 21:00:00,31.4,1002.5,76.18814229624397
2024-04-22 00:00:00,30.1,1004.2,80.15076853294251
2024-04-22 03:00:00,32.8,1007.2,66.74127585978114
2024-04-22 06:00:00,37.0,1007.0,28.02619684603163
2024-04-22 09:00:00,39.0,1004.5,22.827893832265584
2024-04-22 12:00:00,37.0,1004.1,27.315826203682164
2024-04-22 15:00:00,33.4,1006.2,45.977751283807315
2024-04-22 18:00:00,32.2,1005.6,44.81126577191242
2024-04-22 21:00:00,31.4,1004.5,46.01865075668593
2024-04-23 00:00:00,28.6,1004.9,53.713553895834856
2024-04-23 03:00:00,35.0,1007.0,36.89697020749243
2024-04-23 06:00:00,37.2,1006.3,32.488929477103184
2024-04-23 09:00:00,38.1,1003.7,33.76771710982867
2024-04-23 12:00:00,36.7,1002.7,40.97971362971974
2024-04-23 15:00:00,33.6,1003.6,47.17954352157042
2024-04-23 18:00:00,32.0,1003.7,59.04479527455803
2024-04-23 21:00:00,30.8,1003.8,62.83365155694164
2024-04-24 00:00:00,29.6,1003.6,62.19134879390145
2024-04-24 03:00:00,34.0,1006.1,50.879846925795135
2024-04-24 06:00:00,38.7,1005.3,30.328321092817813
2024-04-24 09:00:00,40.2,1003.1,28.692385587248694
2024-04-24 12:00:00,38.8,1001.7,39.100501403466225
2024-04-24 15:00:00,34.2,1003.9,50.93053928782519
2024-04-24 18:00:00,32.4,1004.4,57.029314759535474
2024-04-24 21:00:00,31.8,1004.6,58.99875377243572
2024-04-25 00:00:00,29.2,1004.0,72.29347307388345
2024-04-25 03:00:00,34.4,1006.5,41.11941095890131
2024-04-25 06:00:00,39.0,1006.0,21.389402475181125
2024-04-25 09:00:00,40.4,1003.5,20.368181739695988
2024-04-25 12:00:00,38.0,1001.9,27.75594340002457
2024-04-25 15:00:00,34.2,1004.6,54.105694175209415
2024-04-25 18:00:00,32.1,1004.7,60.87772413618527
2024-04-25 21:00:00,31.4,1003.7,67.26247234040332
2024-04-26 00:00:00,30.1,1004.9,83.03477681058095
2024-04-26 03:00:00,34.8,1006.4,62.20391825591429
2024-04-26 06:00:00,37.8,1005.2,49.13916572196435
2024-04-26 09:00:00,39.6,1002.6,47.59318465246566
2024-04-26 12:00:00,36.6,1002.0,58.009334396515534
2024-04-26 15:00:00,32.6,1004.3,74.16993343049164
2024-04-26 18:00:00,30.4,1004.6,85.53649748682237
2024-04-26 21:00:00,29.8,1003.3,86.48603151527291
2024-04-27 00:00:00,29.6,1004.4,84.95652278782288
2024-04-27 03:00:00,34.6,1006.2,66.70410661306867
2024-04-27 06:00:00,37.8,1005.6,44.38406273156117
2024-04-27 09:00:00,40.7,1003.2,24.471555388346466
2024-04-27 12:00:00,38.2,1002.5,40.14421293956273
2024-04-27 15:00:00,32.2,1004.5,79.03064484736562
2024-04-27 18:00:00,30.8,1004.4,85.5757112364315
2024-04-27 21:00:00,30.0,1003.1,89.58913151799659
2024-04-28 00:00:00,29.6,1004.7,83.46865512129703
2024-04-28 03:00:00,35.1,1006.2,57.66260596296979
2024-04-28 06:00:00,39.4,1005.6,32.27249344571782
2024-04-28 09:00:00,41.0,1003.6,27.32430254431182
2024-04-28 12:00:00,39.0,1002.4,36.839620968431916
2024-04-28 15:00:00,33.8,1005.2,73.5047030667105
2024-04-28 18:00:00,32.2,1005.4,69.03930501374236
2024-04-28 21:00:00,31.6,1004.6,71.00478678077775
2024-04-29 00:00:00,29.6,1005.9,67.31212756795189
2024-04-29 03:00:00,35.2,1007.9,43.6942582051161
2024-04-29 06:00:00,39.0,1007.2,24.984600421891002
2024-04-29 09:00:00,41.2,1004.0,26.0366511487208
2024-04-29 12:00:00,39.4,1002.6,32.27249344571782
2024-04-29 15:00:00,34.1,1004.9,63.538848549396455
2024-04-29 18:00:00,32.6,1004.2,57.422989250564385
2024-04-29 21:00:00,32.2,1002.5,60.53434625894101
2024-04-30 00:00:00,32.2,1002.5,60.53434625894101
2024-04-30 03:00:00,35.8,1003.7,50.11512177516556
2024-04-30 06:00:00,40.2,1001.9,33.9150106067228
2024-04-30 09:00:00,42.6,998.7,24.18279829415771
2024-04-30 12:00:00,39.4,998.1,44.01012573557359
2024-04-30 15:00:00,34.2,1000.0,62.81318702880705
2024-04-30 18:00:00,33.0,999.5,64.44613125580591
2024-04-30 21:00:00,32.4,998.5,65.48228630790443
2024-05-01 21:00:00,30.6,999.7,54.547295560496046
2024-05-02 00:00:00,30.0,1000.4,84.99729439748566
2024-05-02 03:00:00,34.2,1002.7,59.54690108998311
2024-05-02 06:00:00,36.4,1001.9,51.79231822369732
2024-05-02 09:00:00,39.2,999.6,48.34031996278544
2024-05-02 12:00:00,38.0,999.5,35.67786577629026
2024-05-02 15:00:00,32.4,1002.1,74.13743365834232
2024-05-02 18:00:00,31.0,1002.5,79.79835457938422
2024-05-02 21:00:00,30.4,1002.0,82.58284223811447
2024-05-03 00:00:00,29.2,1004.3,89.53097661456914
2024-05-03 03:00:00,33.4,1006.3,55.56523594731952
2024-05-03 06:00:00,37.6,1005.9,24.945814388080937
2024-05-03 09:00:00,39.0,1003.5,27.318477245435442
2024-05-03 12:00:00,36.8,1003.5,34.47999392412079
2024-05-03 15:00:00,32.1,1005.8,75.8487240755779
2024-05-03 18:00:00,32.1,1005.8,75.8487240755779
2024-05-03 21:00:00,29.8,1004.6,84.97692867892383
2024-05-04 00:00:00,29.5,1006.1,84.4474852208109
2024-05-04 03:00:00,32.8,1007.9,67.93722542562669
2024-05-04 06:00:00,36.8,1006.1,54.09249800503277
2024-05-04 09:00:00,38.0,1003.2,46.34291635264978
2024-05-04 12:00:00,34.4,1002.4,64.35595460211525
2024-05-04 15:00:00,31.4,1003.9,76.63784049604068
2024-05-04 18:00:00,30.4,1003.1,82.58284223811447
2024-05-04 21:00:00,30.0,1001.6,83.5130798716472
2024-05-05 00:00:00,30.0,1002.4,83.5130798716472
2024-05-05 03:00:00,33.4,1004.3,67.25543915862544
2024-05-05 06:00:00,36.8,1003.3,54.09249800503277
2024-05-05 09:00:00,38.1,1001.0,50.69514281058378
2024-05-05 12:00:00,34.0,1000.9,63.89432970526357
2024-05-05 15:00:00,31.4,1002.4,76.18814229624397
2024-05-05 18:00:00,31.0,1003.4,78.40390010984709
2024-05-05 21:00:00,30.2,1001.9,79.69205742002245
2024-05-06 00:00:00,31.0,1004.3,74.7889561009917
2024-05-06 03:00:00,33.3,1005.8,68.83922817630918
2024-05-06 06:00:00,35.5,1005.3,61.26578856599085
2024-05-06 09:00:00,35.0,1003.3,62.2470562760692
2024-05-06 12:00:00,33.0,1002.7,70.42167655411042
2024-05-06 15:00:00,21.6,1006.5,98.17976747865679
2024-05-06 18:00:00,24.2,1007.5,88.07733960854361
2024-05-06 21:00:00,21.8,1008.6,91.19872298278054
2024-05-07 00:00:00,23.0,1008.8,94.6812063155598
2024-05-07 06:00:00,31.6,1010.2,64.9280664556721
2024-05-07 09:00:00,33.0,1008.1,62.18308645409979
2024-05-07 12:00:00,31.6,1007.3,67.30181208332723
2024-05-07 15:00:00,30.1,1009.4,74.64434473635606
2024-05-07 18:00:00,29.2,1009.8,81.95548127118022
2024-05-07 21:00:00,22.5,1007.4,95.24221196933368
2024-05-08 00:00:00,23.2,1010.0,94.6889914839052
2024-05-08 06:00:00,30.8,1011.0,62.83365155694164
2024-05-08 12:00:00,30.0,1007.9,66.17996487728405
2024-05-08 21:00:00,27.0,1008.0,85.7087986323302
2024-05-09 00:00:00,26.0,1008.4,92.00888400052642
2024-05-09 03:00:00,29.2,1010.2,80.5095630310082
2024-05-09 06:00:00,30.2,1009.5,76.91200889831605
2024-05-09 15:00:00,22.8,1010.1,92.95399507508202
2024-05-09 18:00:00,23.2,1009.7,96.43118524187918
2024-05-09 21:00:00,23.2,1008.7,96.43118524187918
2024-05-10 00:00:00,22.4,1010.0,98.1906292263431
2024-05-10 03:00:00,26.8,1011.5,78.27657315656734
2024-05-10 06:00:00,30.5,1010.8,63.53478386806787
2024-05-10 09:00:00,32.0,1007.8,62.71443976755974
2024-05-10 12:00:00,31.2,1006.9,66.82152314124305
2024-05-10 15:00:00,28.0,1008.7,78.44744220055776
2024-05-10 18:00:00,27.2,1009.0,85.72845277885752
2024-05-10 21:00:00,26.0,1008.6,90.37112970835472
2024-05-11 00:00:00,27.0,1009.4,93.71791865005993
2024-05-11 03:00:00,30.8,1010.8,79.77185498360923
2024-05-11 06:00:00,35.0,1009.0,62.2470562760692
2024-05-11 09:00:00,27.4,1009.1,79.79314536748959
2024-05-11 12:00:00,26.2,1008.4,84.09422307879059
2024-05-11 15:00:00,26.2,1011.3,82.58282556083142
2024-05-11 18:00:00,25.1,1009.0,87.62049875765955
2024-05-11 21:00:00,24.6,1008.3,91.37426421535667
2024-05-12 00:00:00,24.0,1010.1,95.29431574898679
2024-05-12 03:00:00,29.0,1012.1,70.96187714437761
2024-05-12 06:00:00,32.0,1010.9,62.71443976755974
2024-05-12 09:00:00,33.0,1008.2,55.468825283877344
2024-05-12 12:00:00,32.6,1007.2,56.048518886750145
2024-05-12 15:00:00,29.4,1008.9,77.71354294293734
2024-05-12 18:00:00,28.8,1008.8,79.03096698905824
2024-05-12 21:00:00,28.2,1008.5,80.37983931978188
2024-05-13 00:00:00,27.0,1009.5,90.43900875787912
2024-05-13 03:00:00,32.0,1010.9,63.85356133058713
2024-05-13 06:00:00,33.8,1009.7,55.99737982292572
2024-05-13 09:00:00,34.9,1007.3,49.88599009354535
2024-05-13 12:00:00,33.7,1006.8,54.31057734331173
2024-05-13 15:00:00,31.0,1009.1,72.1742265807024
2024-05-13 18:00:00,29.2,1008.7,84.91559008084812
2024-05-13 21:00:00,28.6,1007.9,87.91868204829599
2024-05-14 00:00:00,28.2,1009.0,88.93074165144274
2024-05-14 03:00:00,32.9,1011.6,68.76379385822528
2024-05-14 06:00:00,35.0,1009.5,57.98288887223963
2024-05-14 09:00:00,35.0,1007.2,51.75303582520855
2024-05-14 12:00:00,29.8,1006.9,68.58338730413207
2024-05-14 15:00:00,30.2,1008.7,75.55406963834521
2024-05-14 18:00:00,29.2,1008.7,84.91559008084812
2024-05-14 21:00:00,28.8,1008.0,87.4186485454691
2024-05-15 00:00:00,28.4,1009.9,88.94616815571688
2024-05-15 03:00:00,32.2,1011.5,71.53290094917851
2024-05-15 06:00:00,35.0,1010.9,56.95764470575925
2024-05-15 09:00:00,36.0,1008.3,41.80763114476111
2024-05-15 12:00:00,35.0,1007.7,53.65377696725721
2024-05-15 15:00:00,31.5,1009.5,61.85525462040995
2024-05-15 18:00:00,29.8,1009.8,74.15162297941144
2024-05-15 21:00:00,29.4,1008.7,83.4463778105949
2024-05-16 00:00:00,29.7,1010.2,87.49645968308577
2024-05-16 03:00:00,33.6,1011.0,66.11508991681715
2024-05-16 06:00:00,36.2,1009.6,56.56628770684681
2024-05-16 09:00:00,37.4,1006.5,48.74544948009258
2024-05-16 12:00:00,35.2,1004.8,55.99588621396323
2024-05-16 15:00:00,32.6,1007.6,69.11441091335229
2024-05-16 18:00:00,31.2,1008.0,79.82480457377302
2024-05-16 21:00:00,30.4,1006.7,86.54134775739186
2024-05-17 00:00:00,30.0,1007.5,83.5130798716472
2024-05-17 03:00:00,33.8,1008.7,67.33350659401705
2024-05-17 06:00:00,37.4,1006.6,49.62551793637772
2024-05-17 09:00:00,39.0,1003.8,46.326168035672964
2024-05-17 12:00:00,35.8,1003.2,53.210609064464286
2024-05-17 15:00:00,31.8,1005.9,74.91652960815853
2024-05-17 18:00:00,30.8,1006.4,81.1895795616241
2024-05-17 21:00:00,30.0,1005.5,84.99729439748566
2024-05-18 00:00:00,30.0,1005.1,82.53623329490637
2024-05-18 03:00:00,33.0,1006.7,74.23476165310379
2024-05-18 06:00:00,37.0,1005.1,56.090517242521045
2024-05-18 09:00:00,38.4,1002.8,45.89544325986343
2024-05-18 12:00:00,34.8,1002.0,62.20391825591429
2024-05-18 15:00:00,28.4,1004.7,70.42408506037569
2024-05-18 18:00:00,30.2,1003.9,71.60525312499601
2024-05-18 21:00:00,30.0,1002.8,71.5698382304094
2024-05-19 00:00:00,30.0,1003.9,81.08968974474207
2024-05-19 03:00:00,32.8,1005.6,72.91045718414733
2024-05-19 06:00:00,34.6,1003.8,58.933037767250966
2024-05-19 09:00:00,36.6,1001.0,51.842111339562344
2024-05-19 12:00:00,35.0,1000.6,51.75303582520855
2024-05-19 15:00:00,32.2,1003.2,70.27643339934488
2024-05-19 18:00:00,30.2,1003.2,85.01762004491522
2024-05-19 21:00:00,30.2,1002.5,85.01762004491522
2024-05-20 00:00:00,29.8,1004.4,88.01849942848882
2024-05-20 03:00:00,32.8,1005.3,75.51424951083074
2024-05-20 06:00:00,34.6,1003.8,61.06806519838046
2024-05-20 09:00:00,25.6,1002.4,98.23312117951836
2024-05-20 15:00:00,27.0,1004.7,84.18092213796281
2024-05-20 18:00:00,26.6,1004.6,90.41194193154737
2024-05-20 21:00:00,26.2,1004.3,93.68166338882529
2024-05-21 00:00:00,26.0,1004.9,93.67255110424425
2024-05-21 03:00:00,29.4,1005.9,84.9360766224706
2024-05-21 06:00:00,32.4,1005.3,71.56807265043355
2024-05-21 09:00:00,34.0,1002.6,65.03583657618948
2024-05-21 12:00:00,33.2,1002.0,66.8204347704166
2024-05-21 15:00:00,30.8,1004.5,78.37581423848806
2024-05-21 18:00:00,29.8,1005.4,82.51286135002354
2024-05-21 21:00:00,28.8,1005.2,86.39309843177878
2024-05-22 00:00:00,28.6,1004.7,90.54615869442738
2024-05-22 03:00:00,33.0,1005.7,69.1892678326449
2024-05-22 06:00:00,35.0,1005.0,59.02423742118093
2024-05-22 09:00:00,27.0,1004.1,87.26088849314073
2024-05-22 12:00:00,29.6,1002.5,80.5611085480825
2024-05-22 15:00:00,29.0,1005.1,80.48371679996085
2024-05-22 18:00:00,28.8,1004.7,81.90716097068722
2024-05-22 21:00:00,28.4,1003.1,83.33433758376981
2024-05-23 00:00:00,28.0,1003.7,85.80667728802291
2024-05-23 03:00:00,31.8,1005.1,78.9760771648778
2024-05-23 06:00:00,34.6,1003.9,59.992245908871396
2024-05-23 09:00:00,36.2,1001.2,48.73019846114092
2024-05-23 12:00:00,31.4,1001.1,64.49787905022467
2024-05-23 15:00:00,30.4,1002.7,72.93500760473812
2024-05-23 18:00:00,29.6,1002.9,84.95652278782288
2024-05-23 21:00:00,29.5,1001.9,85.95167540163044
2024-05-24 00:00:00,29.2,1002.1,87.96874224697314
2024-05-24 03:00:00,33.0,1003.0,65.60442666205464
2024-05-24 06:00:00,35.4,1002.1,57.05144460973204
2024-05-24 09:00:00,37.0,999.7,47.48991405743266
2024-05-24 12:00:00,36.4,998.2,51.177480125017304
2024-05-24 15:00:00,32.2,1000.9,72.80896276194781
2024-05-24 18:00:00,31.4,1001.3,76.18814229624397
2024-05-24 21:00:00,30.2,999.9,84.02682856635852
2024-05-25 00:00:00,29.8,999.5,84.97692867892383
2024-05-25 03:00:00,33.2,1000.2,62.972415469458
2024-05-25 06:00:00,35.6,999.1,59.51052447634323
2024-05-25 09:00:00,37.0,996.7,55.761387344465895
2024-05-25 12:00:00,33.6,996.3,70.9438043249328
2024-05-25 15:00:00,32.8,998.2,66.74127585978114
2024-05-25 18:00:00,30.2,998.7,76.91200889831605
2024-05-25 21:00:00,28.8,996.7,84.87449545917907
2024-05-26 00:00:00,28.6,996.9,84.8538871735531
2024-05-26 03:00:00,28.2,996.7,90.51953760720181
2024-05-26 06:00:00,31.4,995.1,70.96895584191402
2024-05-26 09:00:00,28.4,991.9,90.53286192976505
2024-05-26 12:00:00,27.6,990.1,93.74490804295253
2024-05-26 15:00:00,28.0,990.2,87.34888747491027
2024-05-26 18:00:00,25.4,986.2,100.0
2024-05-27 00:00:00,25.6,979.8,100.0
2024-05-27 03:00:00,26.2,982.2,100.0
2024-05-27 06:00:00,26.0,984.5,100.0
2024-05-27 09:00:00,25.8,987.3,100.0
2024-05-27 12:00:00,26.2,990.9,100.0
2024-05-27 15:00:00,25.6,994.5,99.40797714218238
2024-05-27 18:00:00,25.5,996.6,99.40753736746302
2024-05-27 21:00:00,25.5,995.8,99.40753736746302
2024-05-28 00:00:00,25.8,997.1,96.49873881355717
2024-05-28 03:00:00,29.2,998.5,79.08600581526997
2024-05-28 06:00:00,32.4,997.9,70.31283604150148
2024-05-28 09:00:00,34.4,995.6,73.60349729909754
2024-05-28 12:00:00,32.8,995.6,81.90787457001578
2024-05-28 15:00:00,31.4,998.0,87.13589535568069
2024-05-28 18:00:00,31.0,997.4,87.10069428371511
2024-05-28 21:00:00,30.0,997.3,91.1671536010179
2024-05-29 00:00:00,30.0,997.1,89.58913151799659
2024-05-29 03:00:00,33.2,998.9,78.25501278200157
2024-05-29 06:00:00,35.2,998.8,70.40752754261791
2024-05-29 09:00:00,34.1,997.3,75.27829117818098
2024-05-29 12:00:00,32.5,997.0,82.34712635641651
2024-05-29 15:00:00,31.6,999.2,84.17649005771236
2024-05-29 18:00:00,31.0,999.6,87.10069428371511
2024-05-29 21:00:00,30.2,999.1,91.17952811176471
2024-05-30 00:00:00,30.2,999.9,88.051503713093
2024-05-30 03:00:00,32.2,1001.8,79.03064484736562
2024-05-30 06:00:00,34.6,1001.0,72.36915474543733
2024-05-30 09:00:00,34.8,999.7,69.11990047734456
2024-05-30 12:00:00,32.4,999.0,76.33977457356784
2024-05-30 15:00:00,31.4,1001.3,82.69858252316531
2024-05-30 18:00:00,31.2,1002.4,84.13393763597708
2024-05-30 21:00:00,25.4,1002.8,96.48847066905626
2024-05-31 00:00:00,26.0,1002.5,88.7589455109383
2024-05-31 03:00:00,25.4,1005.1,96.48847066905626
2024-05-31 06:00:00,25.8,1006.0,93.10518672866101
2024-05-31 09:00:00,29.2,1002.6,80.5095630310082
2024-05-31 12:00:00,29.2,1001.6,77.68451620551635
2024-05-31 15:00:00,28.1,1003.6,86.84122836435326
2024-05-31 18:00:00,27.9,1004.1,86.82305409598065
2024-05-31 21:00:00,27.8,1003.3,87.33135888966177
2024-06-01 00:00:00,28.3,1003.5,95.99905334185277
2024-06-01 03:00:00,31.8,1005.1,81.78802115273777
2024-06-01 06:00:00,34.0,1004.8,69.78208647156907
2024-06-01 09:00:00,34.4,1003.2,67.84590048124622
2024-06-01 12:00:00,33.0,1001.9,74.23476165310379
2024-06-01 15:00:00,30.9,1005.6,86.08506922505993
2024-06-01 18:00:00,29.7,1005.1,82.98920703565307
2024-06-01 21:00:00,29.5,1004.6,81.5079875592629
2024-06-02 00:00:00,29.9,1004.7,90.10556869304824
2024-06-02 03:00:00,31.6,1006.0,80.34554512689967
2024-06-02 06:00:00,35.4,1005.3,67.25128721615818
2024-06-02 09:00:00,35.8,1003.4,60.61559953954328
2024-06-02 12:00:00,33.6,1002.7,67.29450442917697
2024-06-02 15:00:00,31.2,1004.7,82.67552340966292
2024-06-02 18:00:00,30.4,1004.6,86.54134775739186
2024-06-02 21:00:00,29.7,1004.2,90.09175060169105
2024-06-03 00:00:00,28.4,1003.4,81.85865421535438
2024-06-03 03:00:00,33.0,1005.4,71.67322751398581
2024-06-03 06:00:00,34.0,1005.2,60.57423072351323
2024-06-03 09:00:00,34.1,1002.5,58.81867248261461
2024-06-03 12:00:00,32.7,1001.8,65.93406374972332
2024-06-03 15:00:00,30.2,1004.0,81.1147334710309
2024-06-03 18:00:00,29.8,1004.0,84.97692867892383
2024-06-04 00:00:00,29.2,1003.5,87.96874224697314
2024-06-04 03:00:00,33.1,1004.9,73.8187618243622
2024-06-04 06:00:00,35.9,1004.7,63.54430453123593
2024-06-04 09:00:00,35.6,1002.5,60.57132730175924
2024-06-04 12:00:00,33.8,1001.6,67.33350659401705
2024-06-04 15:00:00,27.4,1005.2,88.86871874139695
2024-06-04 18:00:00,27.4,1005.0,85.74806761675889
2024-06-04 21:00:00,27.2,1003.5,87.27855968744687
2024-06-05 00:00:00,27.2,1003.5,87.27855968744687
2024-06-05 03:00:00,30.2,1006.0,75.55406963834521
2024-06-05 06:00:00,35.0,1005.2,56.95764470575925
2024-06-05 09:00:00,36.0,1003.55,54.5432379644633
2024-06-05 12:00:00,34.4,1001.9,62.11744798829246
2024-06-05 15:00:00,32.2,1004.1,77.65969087917847
2024-06-05 18:00:00,31.2,1005.4,82.67552340966292
2024-06-05 21:00:00,30.4,1002.9,86.54134775739186
2024-06-06 00:00:00,31.0,1004.8,85.59526014060029
2024-06-06 03:00:00,33.6,1005.4,75.63793705039468
2024-06-06 06:00:00,36.2,1005.1,62.14072879051603
2024-06-06 09:00:00,36.8,1002.0,60.130134042962666
2024-06-06 12:00:00,29.2,1001.9,90.58588438387352
2024-06-06 15:00:00,29.0,1003.5,80.48371679996085
2024-06-06 18:00:00,28.2,1003.7,84.81254813644145
2024-06-06 21:00:00,27.8,1002.7,85.78717977072007
2024-06-07 00:00:00,28.4,1003.4,81.85865421535438
2024-06-07 03:00:00,33.5,1004.2,68.87685205241125
2024-06-07 06:00:00,37.1,1003.4,55.785084214751514
2024-06-07 09:00:00,37.0,1000.2,58.44234866953394
2024-06-07 12:00:00,36.0,999.1,66.20650251313988
2024-06-07 15:00:00,32.2,1001.7,85.71174812115673
2024-06-07 18:00:00,30.4,1001.8,69.11197515651446
2024-06-07 21:00:00,29.8,1001.3,76.85229197010862
2024-06-08 00:00:00,29.2,1002.3,77.68451620551635
2024-06-08 03:00:00,33.0,1002.6,67.97575322043862
2024-06-08 06:00:00,36.6,1001.8,63.32185874708433
2024-06-08 09:00:00,36.0,999.8,57.530492699389136
2024-06-08 12:00:00,34.0,998.9,72.2666783322714
2024-06-08 15:00:00,32.0,1000.4,82.76749476574489
2024-06-08 18:00:00,31.2,1000.7,85.61477052821168
2024-06-08 21:00:00,30.6,999.8,84.06979751556185
2024-06-09 00:00:00,30.0,1000.4,84.99729439748566
2024-06-09 03:00:00,34.2,1001.4,73.57062313064857
2024-06-09 06:00:00,38.0,1000.4,56.986928936313674
2024-06-09 09:00:00,37.6,998.4,62.802007644830404
2024-06-09 12:00:00,35.7,998.7,71.72604649956091
2024-06-09 15:00:00,32.6,1000.7,84.76906802759436
2024-06-09 18:00:00,31.6,1001.4,85.65367614358674
2024-06-09 21:00:00,30.8,1000.5,89.64681298357475
2024-06-10 00:00:00,30.4,1001.2,88.06795596655172
2024-06-10 03:00:00,35.0,1001.5,65.62263913987401
2024-06-10 06:00:00,38.2,1000.5,59.05642061706558
2024-06-10 09:00:00,38.3,998.6,58.73756771066826
2024-06-10 12:00:00,36.1,998.3,66.99801071906414
2024-06-10 15:00:00,32.4,1001.8,80.4483083762525
2024-06-10 18:00:00,31.0,1002.0,85.59526014060029
2024-06-10 21:00:00,30.4,1000.9,89.61803111590942
2024-06-11 00:00:00,30.2,1001.1,86.52294575570109
2024-06-11 03:00:00,33.2,1001.7,72.97782727710387
2024-06-11 06:00:00,36.0,1000.8,63.936852268623056
2024-06-11 09:00:00,37.0,999.1,59.47636032563509
2024-06-11 12:00:00,33.8,999.5,73.5047030667105
2024-06-11 15:00:00,31.7,1001.6,79.42537367279469
2024-06-11 18:00:00,30.8,1001.1,84.09121922543238
2024-06-11 21:00:00,30.5,1000.5,86.04714558624123
2024-06-12 00:00:00,30.0,1001.2,86.50450703984572
2024-06-12 03:00:00,34.0,1002.4,72.2666783322714
2024-06-12 06:00:00,35.8,1001.4,65.02235510857332
2024-06-12 09:00:00,35.8,999.7,62.785207660159514
2024-06-12 12:00:00,33.4,999.5,69.67179428866176
2024-06-12 15:00:00,31.6,1001.4,80.34554512689967
2024-06-12 18:00:00,28.7,1001.3,83.86419125002783
2024-06-12 21:00:00,28.8,1000.4,86.39309843177878
2024-06-13 00:00:00,29.3,1001.2,90.06402912153757
2024-06-13 03:00:00,33.6,1001.3,74.33157750097828
2024-06-13 06:00:00,35.6,1000.6,64.98161151529287
2024-06-13 09:00:00,35.6,998.6,64.98161151529287
2024-06-13 12:00:00,34.4,998.0,69.0453935523037
2024-06-13 15:00:00,32.2,1000.8,80.42268984982785
2024-06-13 18:00:00,31.6,1000.6,82.72159738179782
2024-06-13 21:00:00,30.6,998.2,88.08437507661748
2024-06-14 00:00:00,30.2,999.1,89.60359607240078
2024-06-14 03:00:00,31.8,1000.0,78.51572605366255
2024-06-14 06:00:00,35.8,999.4,61.692070231226595
2024-06-14 09:00:00,38.0,997.3,51.88203298397934
2024-06-14 12:00:00,34.4,997.7,69.0453935523037
2024-06-14 15:00:00,32.0,1000.0,77.63089769639963
2024-06-14 18:00:00,30.8,1000.2,84.09121922543238
2024-06-14 21:00:00,30.2,999.5,86.52294575570109
2024-06-15 00:00:00,30.0,998.5,91.1671536010179
2024-06-15 03:00:00,33.3,1000.1,78.723189033336
2024-06-15 06:00:00,37.0,999.3,63.77394521108432
2024-06-15 09:00:00,37.0,997.9,64.51595529152674
2024-06-15 12:00:00,35.0,997.5,70.3715783080725
2024-06-15 15:00:00,32.6,1001.1,77.71711967076688
2024-06-15 18:00:00,30.0,1000.2,70.29306142592459
2024-06-15 21:00:00,29.8,1000.5,68.58338730413207
2024-06-16 00:00:00,30.2,1001.7,85.01762004491522
2024-06-16 03:00:00,34.0,1002.7,72.2666783322714
2024-06-16 06:00:00,36.2,1001.9,64.35158963402256
2024-06-16 09:00:00,36.2,1000.3,61.06039641079036
2024-06-16 12:00:00,35.0,999.6,66.78282568606839
2024-06-16 15:00:00,32.1,1001.4,79.47894200000772
2024-06-16 18:00:00,31.1,1001.7,84.614680368557
2024-06-16 21:00:00,30.8,1001.2,86.57804199503519
2024-06-17 00:00:00,30.4,1001.3,88.06795596655172
2024-06-17 03:00:00,34.2,1002.9,73.57062313064857
2024-06-17 06:00:00,37.0,1002.0,62.674899556504094
2024-06-17 09:00:00,36.5,999.9,63.669801460842976
2024-06-17 12:00:00,34.2,999.0,72.30089569944718
2024-06-17 15:00:00,32.2,1001.0,81.83609922989507
2024-06-17 18:00:00,31.8,1001.4,80.37130833898534
2024-06-17 21:00:00,31.2,999.6,81.23924051845427
2024-06-18 00:00:00,30.2,1000.4,91.17952811176471
2024-06-18 03:00:00,33.4,1001.0,79.65166981888454
2024-06-18 06:00:00,35.5,1000.0,72.52188547451944
2024-06-18 09:00:00,35.5,998.1,72.52188547451944
2024-06-18 12:00:00,34.0,997.7,73.53769175979289
2024-06-18 15:00:00,32.0,998.6,85.69242885926471
2024-06-18 18:00:00,31.4,998.8,85.63424249679542
2024-06-18 21:00:00,30.6,997.7,88.08437507661748
2024-06-19 00:00:00,30.6,997.9,85.55612371787966
2024-06-19 03:00:00,32.8,999.2,78.19890188592703
2024-06-19 06:00:00,35.5,998.4,70.05541891604534
2024-06-19 09:00:00,33.0,997.5,80.52487639907791
2024-06-19 12:00:00,32.0,997.5,82.76749476574489
2024-06-19 15:00:00,28.6,999.4,83.35683314726084
2024-06-19 18:00:00,28.6,999.7,81.39672247879622
2024-06-19 21:00:00,28.4,998.5,81.37186628430194
2024-06-20 00:00:00,29.4,999.0,85.94207610757024
2024-06-20 03:00:00,32.2,1000.7,83.2711491443401
2024-06-20 06:00:00,36.4,999.5,67.83484420296168
2024-06-20 09:00:00,26.8,998.1,95.38933139322062
2024-06-20 12:00:00,27.2,1000.0,95.40267171979633
2024-06-20 15:00:00,26.2,1000.8,98.24092211346162
2024-06-20 18:00:00,26.6,1000.1,96.51914127003087
2024-06-20 21:00:00,26.5,1001.3,95.9464708703928
2024-06-21 00:00:00,26.4,1001.0,96.51405730461323
2024-06-21 03:00:00,28.0,1002.1,90.50618565208272
2024-06-21 06:00:00,30.0,1002.0,81.08968974474207
2024-06-21 09:00:00,30.2,999.9,82.5595602209085
2024-06-21 12:00:00,31.9,999.0,75.8179441927237
2024-06-21 15:00:00,30.2,1000.7,86.52294575570109
2024-06-21 18:00:00,29.8,1001.1,86.48603151527291
2024-06-21 21:00:00,29.4,1001.1,87.98536152503398
2024-06-22 00:00:00,29.0,1000.3,92.17754994106518
2024-06-22 03:00:00,31.7,1001.3,80.82854234540517
2024-06-22 06:00:00,28.1,1001.3,99.41881445175494
2024-06-22 09:00:00,34.1,999.2,70.61979500625237
2024-06-22 12:00:00,31.5,998.5,72.26081684325162
2024-06-22 15:00:00,30.4,1001.1,85.53649748682237
2024-06-22 18:00:00,29.6,1002.6,86.46751908713752
2024-06-22 21:00:00,29.2,1001.7,87.96874224697314
2024-06-23 00:00:00,28.8,1001.9,89.50172004038727
2024-06-23 03:00:00,33.2,1002.7,69.2266032222682
2024-06-23 06:00:00,35.0,1001.3,64.48009990646992
2024-06-23 09:00:00,32.0,1000.1,72.34703340707203
2024-06-23 12:00:00,32.6,998.6,72.87668440277191
2024-06-23 15:00:00,30.6,1000.6,80.6891205950248
2024-06-23 18:00:00,29.8,1001.2,86.48603151527291
2024-06-23 21:00:00,29.4,1001.1,87.4706009893886
2024-06-24 00:00:00,29.0,1001.3,90.57266984744003
2024-06-24 03:00:00,31.8,1001.7,80.37130833898534
2024-06-24 06:00:00,34.6,1000.7,65.54188655974544
2024-06-24 09:00:00,35.4,998.5,59.46540408078559
2024-06-24 12:00:00,33.2,997.7,67.21631066718778
2024-06-24 15:00:00,31.3,1000.0,77.98664291124476
2024-06-24 18:00:00,30.2,1001.1,85.01762004491522
2024-06-24 21:00:00,30.0,999.8,86.50450703984572
2024-06-25 00:00:00,29.6,1000.1,89.56011356164207
2024-06-25 03:00:00,32.6,1001.1,76.81671358719
2024-06-25 06:00:00,35.2,999.9,62.65724917989903
2024-06-25 09:00:00,36.2,997.8,58.60320975601064
2024-06-25 12:00:00,34.4,997.5,63.97804520628307
2024-06-25 15:00:00,32.0,999.1,73.63761837389029
2024-06-25 18:00:00,30.8,1001.1,81.1895795616241
2024-06-25 21:00:00,30.2,1000.3,84.02682856635852
2024-06-26 00:00:00,30.0,1000.6,86.50450703984572
2024-06-26 03:00:00,33.2,1001.3,68.01421809611293
2024-06-26 06:00:00,34.1,1001.1,62.42115071520291
2024-06-26 09:00:00,35.6,999.1,55.09908923504643
2024-06-26 12:00:00,32.8,999.0,71.63823581141993
2024-06-26 15:00:00,30.8,1001.3,79.77185498360923
2024-06-26 18:00:00,30.2,1002.5,81.1147334710309
2024-06-26 21:00:00,29.6,1001.5,83.46865512129703
2024-06-27 00:00:00,29.0,1001.6,90.57266984744003
2024-06-27 03:00:00,32.2,1002.7,73.6706835261597
2024-06-27 06:00:00,33.0,1002.2,70.42167655411042
2024-06-27 09:00:00,28.0,1001.3,95.42918067606378
2024-06-27 12:00:00,28.8,1000.3,92.16646996907035
2024-06-27 15:00:00,28.6,1001.7,93.78950978997815
2024-06-27 18:00:00,28.6,1002.2,94.89295190214658
2024-06-27 21:00:00,28.4,1000.6,93.23236608819235
2024-06-28 00:00:00,28.2,1000.3,96.55941799604423
2024-06-28 03:00:00,29.8,1001.0,89.57463737404579
2024-06-28 06:00:00,29.8,999.8,93.8424120667361
2024-06-28 09:00:00,31.4,997.9,84.15523454383928
2024-06-28 12:00:00,30.4,997.5,84.04833399732397
2024-06-28 15:00:00,29.4,999.0,89.54556000162309
2024-06-28 18:00:00,28.6,999.8,97.13390683461627
2024-06-28 21:00:00,28.6,998.9,97.13390683461627
2024-06-29 00:00:00,28.1,999.3,95.99326117037553
2024-06-29 03:00:00,31.2,999.7,85.61477052821168
2024-06-29 06:00:00,30.8,999.4,86.57804199503519
2024-06-29 09:00:00,28.4,998.8,92.14424033203443
2024-06-29 12:00:00,28.8,998.2,92.16646996907035
2024-06-29 15:00:00,28.6,1000.6,92.1553667873356
2024-06-29 18:00:00,28.4,1000.2,92.14424033203443
2024-06-29 21:00:00,28.4,999.4,95.44234995416194
2024-06-30 00:00:00,28.8,999.9,93.7983735302794
2024-06-30 03:00:00,30.0,1000.5,93.85116410385828
2024-06-30 06:00:00,34.0,1000.3,74.3958384833213
2024-06-30 09:00:00,31.3,998.5,83.65627375824954
2024-06-30 12:00:00,30.7,998.3,86.06612619747327
2024-06-30 15:00:00,29.8,1000.4,88.01849942848882
2024-06-30 18:00:00,29.2,1000.4,90.58588438387352
2024-06-30 21:00:00,29.0,999.9,90.57266984744003
2024-07-01 00:00:00,28.6,998.9,92.1553667873356
2024-07-01 03:00:00,30.1,1000.7,86.0090712281528
2024-07-01 06:00:00,32.1,1000.0,73.22196775205063
2024-07-01 09:00:00,32.0,998.2,74.94828132337592
2024-07-01 12:00:00,30.8,997.5,82.62927198490198
2024-07-01 15:00:00,29.6,999.5,88.00194722290112
2024-07-01 18:00:00,29.2,998.6,94.91489291806215
2024-07-01 21:00:00,28.4,998.1,92.14424033203443
2024-07-02 00:00:00,28.0,999.1,94.87086989220647
2024-07-02 03:00:00,29.2,999.1,90.58588438387352
2024-07-02 06:00:00,29.8,999.1,92.22163900067571
2024-07-02 09:00:00,29.0,997.7,87.95208930052544
2024-07-02 12:00:00,27.0,997.6,95.39600874452509
2024-07-02 15:00:00,26.5,999.4,95.9464708703928
2024-07-02 18:00:00,26.8,1000.0,96.52421418955653
2024-07-02 21:00:00,26.6,999.8,98.24609415561163
2024-07-03 00:00:00,25.8,999.5,96.49873881355717
2024-07-03 03:00:00,26.4,1001.3,98.24351098143454
2024-07-03 06:00:00,28.4,1000.5,92.14424033203443
2024-07-03 09:00:00,30.4,999.0,85.03790572231486
2024-07-03 12:00:00,29.2,998.7,89.00755979900707
2024-07-03 15:00:00,28.4,1001.3,87.90192756472376
2024-07-03 18:00:00,27.2,1001.8,98.25380968140279
2024-07-03 21:00:00,27.4,1000.6,98.25637024612985
2024-07-04 00:00:00,27.2,1001.3,98.25380968140279
2024-07-04 03:00:00,28.4,1003.2,92.14424033203443
2024-07-04 06:00:00,31.6,1002.6,79.87755622338017
2024-07-04 09:00:00,30.5,1000.5,79.2634656579702
2024-07-04 12:00:00,30.4,1000.5,85.53649748682237
2024-07-04 15:00:00,29.0,1002.1,90.57266984744003
2024-07-04 18:00:00,28.8,1002.6,92.16646996907035
2024-07-04 21:00:00,28.5,1002.4,93.23718802407961
2024-07-05 00:00:00,28.5,1000.9,88.43074361433187
2024-07-05 03:00:00,31.1,1002.8,79.34464611122536
2024-07-05 06:00:00,33.1,1001.7,72.53540386924459
2024-07-05 09:00:00,33.2,999.5,71.70815945941659
2024-07-05 12:00:00,32.0,998.7,76.27928569930424
2024-07-05 15:00:00,30.2,1000.9,85.01762004491522
2024-07-05 18:00:00,29.4,1000.8,92.19964051006788
2024-07-05 21:00:00,29.0,1000.0,93.80721852350113
2024-07-06 00:00:00,29.0,1000.0,93.80721852350113
2024-07-06 03:00:00,31.0,1001.6,85.59526014060029
2024-07-06 06:00:00,33.8,1000.9,68.53017385519429
2024-07-06 09:00:00,28.4,1001.6,90.53286192976505
2024-07-06 12:00:00,29.3,999.6,90.59248142434522
2024-07-06 15:00:00,29.0,1001.8,90.57266984744003
2024-07-06 18:00:00,28.6,1002.7,92.1553667873356
2024-07-06 21:00:00,28.4,1002.3,92.14424033203443
2024-07-07 00:00:00,27.7,1002.2,94.30315413246403
2024-07-07 03:00:00,30.4,1003.6,84.04833399732397
2024-07-07 06:00:00,33.6,1003.1,67.29450442917697
2024-07-07 09:00:00,30.6,1002.4,82.12314703792846
2024-07-07 12:00:00,30.6,1001.5,85.05815153048339
2024-07-07 15:00:00,29.8,1003.1,86.48603151527291
2024-07-07 18:00:00,29.4,1003.8,87.98536152503398
2024-07-07 21:00:00,29.0,1002.9,92.17754994106518
2024-07-08 00:00:00,28.2,1003.1,95.43577238155224
2024-07-08 03:00:00,30.8,1004.0,78.37581423848806
2024-07-08 06:00:00,33.2,1003.8,71.70815945941659
2024-07-08 09:00:00,31.7,1002.2,72.72397930493113
2024-07-08 12:00:00,32.2,1001.4,71.53290094917851
2024-07-08 15:00:00,30.6,1003.0,72.96898936310727
2024-07-08 18:00:00,29.4,1004.2,79.11344799319119
2024-07-08 21:00:00,28.5,1003.1,83.84232530349826
2024-07-09 00:00:00,28.5,1003.4,90.00824282803232
2024-07-09 03:00:00,31.4,1004.8,78.92130681911149
2024-07-09 06:00:00,33.6,1004.7,62.6845670375821
2024-07-09 09:00:00,34.6,1003.5,61.06806519838046
2024-07-09 12:00:00,33.0,1002.4,66.78088716309055
2024-07-09 15:00:00,30.6,1004.0,81.16467826556904
2024-07-09 18:00:00,29.7,1004.8,86.98531426108339
2024-07-09 21:00:00,29.2,1004.4,89.00755979900707
2024-07-10 00:00:00,29.2,1005.1,90.58588438387352
2024-07-10 03:00:00,32.2,1005.9,77.65969087917847
2024-07-10 06:00:00,35.0,1005.1,64.48009990646992
2024-07-10 09:00:00,36.0,1002.8,57.530492699389136
2024-07-10 12:00:00,34.2,1001.9,55.091425528710424
2024-07-10 15:00:00,31.0,1004.2,77.03079038177704
2024-07-10 21:00:00,29.8,1002.6,88.01849942848882
2024-07-11 00:00:00,29.4,1002.6,86.44896966030107
2024-07-11 03:00:00,33.6,1003.0,72.19806731088487
2024-07-11 06:00:00,35.2,1001.9,64.89993386286585
2024-07-11 09:00:00,34.6,998.8,68.68117916911457
2024-07-11 12:00:00,32.4,998.0,73.70369076748104
2024-07-11 15:00:00,31.0,1000.4,85.59526014060029
2024-07-11 18:00:00,30.8,1000.3,85.5757112364315
2024-07-11 21:00:00,28.2,998.8,87.36638064071765
2024-07-12 00:00:00,25.0,1000.6,100.0
2024-07-12 03:00:00,25.8,1001.1,100.0
2024-07-12 06:00:00,27.6,1000.5,96.54439604252043
2024-07-12 09:00:00,29.1,999.0,86.931553188921
2024-07-12 12:00:00,29.6,998.6,84.95652278782288
2024-07-12 15:00:00,28.0,1000.0,92.12191734434786
2024-07-12 18:00:00,28.0,999.6,90.50618565208272
2024-07-12 21:00:00,27.0,999.0,95.39600874452509
2024-07-13 00:00:00,27.5,998.2,95.9758095275885
2024-07-13 03:00:00,31.4,998.9,80.31973345807687
2024-07-13 06:00:00,33.8,998.2,70.9793781952042
2024-07-13 09:00:00,33.6,996.4,67.29450442917697
2024-07-13 12:00:00,33.2,995.7,71.70815945941659
2024-07-13 15:00:00,30.7,997.7,81.65485859842585
2024-07-13 18:00:00,29.6,998.5,88.00194722290112
2024-07-13 21:00:00,29.2,997.3,89.00755979900707
2024-07-14 00:00:00,28.6,997.8,94.89295190214658
2024-07-14 03:00:00,31.5,998.4,79.86438681713268
2024-07-14 09:00:00,31.0,996.7,85.59526014060029
2024-07-14 12:00:00,33.4,996.1,67.25543915862544
2024-07-14 15:00:00,29.3,998.5,91.6575183981869
2024-07-14 18:00:00,29.0,999.0,92.17754994106518
2024-07-14 21:00:00,28.6,999.2,92.1553667873356
2024-07-15 00:00:00,28.1,999.3,97.69292206450089
2024-07-15 03:00:00,30.0,1000.3,84.99729439748566
2024-07-15 06:00:00,31.0,999.8,85.59526014060029
2024-07-15 09:00:00,30.8,998.7,89.64681298357475
2024-07-15 12:00:00,31.0,997.5,81.21443360821415
2024-07-15 15:00:00,29.6,999.6,84.95652278782288
2024-07-15 18:00:00,29.4,1000.8,89.54556000162309
2024-07-15 21:00:00,27.6,999.9,95.41595470562915
2024-07-16 00:00:00,28.0,1000.5,95.42918067606378
2024-07-16 03:00:00,30.4,1002.3,88.06795596655172
2024-07-16 06:00:00,32.4,1001.8,76.33977457356784
2024-07-16 09:00:00,32.1,999.7,78.5574483568962
2024-07-16 12:00:00,32.4,998.7,79.05785298228113
2024-07-16 15:00:00,30.2,1000.4,82.5595602209085
2024-07-16 18:00:00,29.2,1001.6,87.96874224697314
2024-07-16 21:00:00,28.6,1000.3,90.54615869442738
2024-07-17 00:00:00,28.4,1000.7,95.44234995416194
2024-07-17 03:00:00,31.4,1002.0,77.54420157006253
2024-07-17 06:00:00,34.0,1001.2,66.19513066409054
2024-07-17 09:00:00,33.8,999.1,70.9793781952042
2024-07-17 12:00:00,32.2,998.0,79.03064484736562
2024-07-17 15:00:00,30.4,1000.5,88.06795596655172
2024-07-17 18:00:00,29.8,1001.3,88.01849942848882
2024-07-17 21:00:00,29.6,998.9,89.03806816158261
2024-07-18 00:00:00,28.4,999.7,94.88560695710903
2024-07-18 03:00:00,31.8,1000.4,78.9760771648778
2024-07-18 06:00:00,33.8,999.8,68.53017385519429
2024-07-18 09:00:00,34.1,997.0,70.61979500625237
2024-07-18 12:00:00,31.8,996.3,78.9760771648778
2024-07-18 15:00:00,30.5,998.7,86.04714558624123
2024-07-18 18:00:00,29.8,998.6,88.01849942848882
2024-07-18 21:00:00,29.4,997.2,86.44896966030107
2024-07-19 00:00:00,28.2,997.4,93.77172585847173
2024-07-19 03:00:00,30.6,998.4,81.16467826556904
2024-07-19 06:00:00,30.0,997.3,88.03501822943302
2024-07-19 09:00:00,32.6,995.2,73.73664021999451
2024-07-19 12:00:00,29.8,994.4,88.01849942848882
2024-07-19 15:00:00,28.8,997.2,93.7983735302794
2024-07-19 18:00:00,28.8,997.5,87.93540259721783
2024-07-19 21:00:00,28.6,996.7,92.1553667873356
2024-07-20 06:00:00,31.4,998.4,82.69858252316531
2024-07-20 09:00:00,33.3,996.2,66.44652405133822
2024-07-20 12:00:00,32.2,996.2,72.80896276194781
2024-07-20 15:00:00,30.6,998.3,76.97150804274018
2024-07-20 18:00:00,29.2,998.6,90.58588438387352
2024-07-20 21:00:00,28.4,997.6,93.78062725022617
2024-07-21 00:00:00,28.4,997.9,92.14424033203443
2024-07-21 03:00:00,31.1,999.1,79.34464611122536
2024-07-21 06:00:00,31.7,998.7,79.42537367279469
2024-07-21 09:00:00,32.0,997.0,80.39702320863196
2024-07-21 12:00:00,29.2,996.8,92.18860676693177
2024-07-21 15:00:00,29.0,998.8,92.17754994106518
2024-07-21 18:00:00,28.8,999.5,92.16646996907035
2024-07-21 21:00:00,28.4,998.9,92.14424033203443
2024-07-22 00:00:00,27.0,998.3,96.5292760949642
2024-07-22 03:00:00,29.2,999.6,90.58588438387352
2024-07-22 06:00:00,31.5,998.8,76.65282098416459
2024-07-22 09:00:00,31.6,997.5,81.2887133807776
2024-07-22 12:00:00,30.1,996.9,88.55833217969462
2024-07-22 15:00:00,28.9,998.9,88.46283549287224
2024-07-22 18:00:00,28.4,999.5,90.53286192976505
2024-07-22 21:00:00,28.0,997.9,94.3154156421007
2024-07-23 00:00:00,27.4,998.3,98.25637024612985
2024-07-23 03:00:00,29.6,998.0,88.00194722290112
2024-07-23 06:00:00,29.0,997.7,87.95208930052544
2024-07-23 09:00:00,31.5,995.5,80.80330054944362
2024-07-23 12:00:00,31.3,994.5,79.37160546336736
2024-07-23 15:00:00,29.4,996.5,87.98536152503398
2024-07-23 18:00:00,29.0,996.2,90.57266984744003
2024-07-23 21:00:00,28.8,996.7,90.55942797559786
2024-07-24 00:00:00,28.4,994.5,90.53286192976505
2024-07-24 03:00:00,29.1,995.2,91.64574657932029
2024-07-24 06:00:00,31.2,994.6,79.35813207010159
2024-07-24 09:00:00,32.4,992.7,72.8428529693439
2024-07-24 12:00:00,31.6,991.5,78.94871738353811
2024-07-24 15:00:00,30.0,993.4,81.08968974474207
2024-07-24 18:00:00,29.0,994.0,90.57266984744003
2024-07-24 21:00:00,28.6,991.9,92.1553667873356
2024-07-25 00:00:00,29.0,992.2,92.17754994106518
2024-07-25 03:00:00,29.1,993.2,93.26601305428838
2024-07-25 06:00:00,31.2,992.9,82.67552340966292
2024-07-25 09:00:00,32.6,991.1,75.48318952612465
2024-07-25 12:00:00,32.4,990.3,76.33977457356784
2024-07-25 15:00:00,30.1,992.6,91.70436162930375
2024-07-25 18:00:00,29.2,993.2,93.81604482183465
2024-07-25 21:00:00,28.9,991.6,94.35196601109989
2024-07-26 00:00:00,28.1,991.6,96.556921106517
2024-07-26 03:00:00,30.8,992.6,79.77185498360923
2024-07-26 06:00:00,32.2,991.5,72.80896276194781
2024-07-26 09:00:00,31.4,989.5,85.63424249679542
2024-07-26 12:00:00,28.6,990.0,95.44891343392182
2024-07-26 15:00:00,29.2,992.7,92.18860676693177
2024-07-26 18:00:00,28.8,993.7,93.7983735302794
2024-07-26 21:00:00,28.6,993.0,92.1553667873356
2024-07-27 00:00:00,28.4,994.4,95.44234995416194
2024-07-27 03:00:00,31.2,995.4,84.13393763597708
2024-07-27 06:00:00,33.0,995.6,71.67322751398581
2024-07-27 09:00:00,28.7,995.4,96.01060033433927
2024-07-27 12:00:00,29.9,995.2,88.54249670756624
2024-07-27 15:00:00,29.0,997.8,89.51636332080271
2024-07-27 18:00:00,28.8,998.7,92.16646996907035
2024-07-27 21:00:00,28.4,997.2,96.56440368283046
2024-07-28 00:00:00,28.0,998.0,96.5544215144089
2024-07-28 03:00:00,30.7,999.5,84.57312689998803
2024-07-28 06:00:00,29.6,997.9,89.56011356164207
2024-07-28 09:00:00,29.4,995.7,90.59907165857443
2024-07-28 12:00:00,30.3,995.6,83.0574956095184
2024-07-28 15:00:00,28.6,997.7,92.1553667873356
2024-07-28 18:00:00,28.4,997.9,92.14424033203443
2024-07-28 21:00:00,28.2,996.8,92.13309053912468
2024-07-29 00:00:00,27.8,997.1,96.54941420693457
2024-07-29 03:00:00,30.0,998.4,86.50450703984572
2024-07-29 06:00:00,32.5,997.5,73.28887101436327
2024-07-29 09:00:00,32.8,995.8,70.38545749833996
2024-07-29 12:00:00,32.0,996.3,73.63761837389029
2024-07-29 15:00:00,29.8,998.5,89.05327576753511
2024-07-29 18:00:00,28.2,1000.0,96.55941799604423
2024-07-29 21:00:00,27.6,999.4,96.54439604252043
2024-07-30 03:00:00,32.4,1000.7,80.4483083762525
2024-07-30 06:00:00,31.6,999.9,74.88472135092377
2024-07-30 09:00:00,31.1,999.0,82.1824841426116
2024-07-30 12:00:00,32.2,998.4,77.65969087917847
2024-07-30 15:00:00,30.0,1001.1,86.50450703984572
2024-07-30 18:00:00,29.4,1001.5,90.59907165857443
2024-07-30 21:00:00,29.0,999.9,90.57266984744003
2024-07-31 00:00:00,29.0,1000.5,93.80721852350113
2024-07-31 03:00:00,31.6,1001.1,81.76391342930833
2024-07-31 06:00:00,34.2,1000.1,67.80744627376714
2024-07-31 09:00:00,31.2,998.2,81.23924051845427
2024-07-31 12:00:00,29.0,998.3,93.26122153612307
2024-07-31 15:00:00,27.8,999.7,96.54941420693457
2024-07-31 18:00:00,28.0,999.8,96.5544215144089
2024-08-01 00:00:00,27.6,997.6,95.41595470562915
2024-08-01 03:00:00,27.6,998.3,99.41667090414235
2024-08-01 06:00:00,28.8,997.6,94.34792211508577
2024-08-01 09:00:00,28.9,996.0,91.6339502226869
2024-08-01 12:00:00,27.2,996.4,100.0
2024-08-01 15:00:00,27.4,998.1,98.25637024612985
2024-08-01 18:00:00,27.2,998.5,98.25380968140279
2024-08-01 21:00:00,27.0,996.8,98.25124348905271
2024-08-02 00:00:00,27.0,997.3,95.39600874452509
2024-08-02 03:00:00,27.3,999.3,92.62938817134896
2024-08-02 06:00:00,29.5,998.8,85.95167540163044
2024-08-02 09:00:00,30.8,997.4,81.1895795616241
2024-08-02 12:00:00,28.4,997.8,95.44234995416194
2024-08-02 15:00:00,27.0,1001.1,97.6742950419934
2024-08-02 18:00:00,26.6,1001.7,97.66746583992358
2024-08-03 00:00:00,27.4,1001.0,92.63464483709329
2024-08-03 03:00:00,26.4,1002.9,98.24351098143454
2024-08-03 06:00:00,27.0,1002.8,98.25124348905271
2024-08-03 09:00:00,29.8,1001.8,88.01849942848882
2024-08-03 12:00:00,28.4,1002.0,90.53286192976505
2024-08-03 15:00:00,28.8,1004.1,92.16646996907035
2024-08-03 18:00:00,28.5,1004.7,93.23718802407961
2024-08-04 00:00:00,28.0,1004.2,96.5544215144089
2024-08-04 03:00:00,29.6,1005.6,91.14232765587903
2024-08-04 06:00:00,32.4,1005.6,76.78703622110372
2024-08-04 09:00:00,30.0,1003.0,93.30891052592315
2024-08-04 12:00:00,28.7,1003.4,90.55279676580821
2024-08-04 15:00:00,28.0,1004.9,88.91528354225218
2024-08-04 18:00:00,28.0,1005.7,92.12191734434786
2024-08-04 21:00:00,27.8,1004.0,93.7538663078413
2024-08-05 00:00:00,28.2,1003.7,96.55941799604423
2024-08-05 03:00:00,29.4,1004.9,88.5027672133767
2024-08-05 06:00:00,30.0,1003.9,86.50450703984572
2024-08-05 09:00:00,32.9,1002.1,73.78595631126989
2024-08-05 12:00:00,30.3,1001.4,84.03758652746674
2024-08-05 15:00:00,29.0,1003.3,86.41175942849821
2024-08-05 18:00:00,28.4,1003.9,88.94616815571688
2024-08-05 21:00:00,28.2,1001.8,88.93074165144274
2024-08-06 00:00:00,29.0,1001.6,92.17754994106518
2024-08-06 03:00:00,31.4,1002.6,80.31973345807687
2024-08-06 06:00:00,33.2,1001.7,72.97782727710387
2024-08-06 09:00:00,27.8,1000.6,100.0
2024-08-06 12:00:00,29.0,1000.0,92.17754994106518
2024-08-06 15:00:00,28.2,1002.2,97.69460436826324
2024-08-06 18:00:00,27.6,1002.7,97.68448297110143
2024-08-06 21:00:00,27.4,1001.5,98.25637024612985
2024-08-07 00:00:00,27.4,1001.5,95.97288991722024
2024-08-07 03:00:00,30.0,1003.1,84.99729439748566
2024-08-07 06:00:00,31.8,1002.1,74.91652960815853
2024-08-07 09:00:00,31.6,1000.6,76.21857827105511
2024-08-07 12:00:00,29.4,1000.6,77.71354294293734
2024-08-07 15:00:00,28.7,1003.0,88.44680588181218
2024-08-07 18:00:00,28.3,1003.0,91.59841325449499
2024-08-07 21:00:00,27.8,1002.3,93.7538663078413
2024-08-08 00:00:00,27.5,1002.7,94.29495796871078
2024-08-08 03:00:00,29.0,1005.0,87.95208930052544
2024-08-08 06:00:00,30.0,1004.9,84.99729439748566
2024-08-08 09:00:00,31.4,1001.4,79.38506630566063
2024-08-08 12:00:00,30.8,1002.6,78.37581423848806
2024-08-08 15:00:00,29.0,1005.1,89.51636332080271
2024-08-08 18:00:00,28.6,1005.3,88.96156313904507
2024-08-08 21:00:00,28.2,1003.8,90.51953760720181
2024-08-09 00:00:00,28.0,1004.2,93.76280556198172
2024-08-09 03:00:00,29.8,1006.3,87.50506191158513
2024-08-09 06:00:00,33.0,1005.2,68.78267579537618
2024-08-09 09:00:00,33.2,1003.1,69.2266032222682
2024-08-09 12:00:00,31.0,1003.0,78.40390010984709
2024-08-09 15:00:00,30.0,1005.3,82.53623329490637
2024-08-09 18:00:00,29.0,1005.1,89.51636332080271
2024-08-09 21:00:00,28.6,1003.7,90.54615869442738
2024-08-10 00:00:00,29.0,1004.1,92.17754994106518
2024-08-10 03:00:00,28.2,1005.6,95.43577238155224
2024-08-10 06:00:00,31.6,1004.1,82.72159738179782
2024-08-10 09:00:00,28.4,1002.6,95.44234995416194
2024-08-10 12:00:00,28.8,1002.4,95.45546286072076
2024-08-10 15:00:00,28.6,1004.2,94.33982141728534
2024-08-10 18:00:00,28.8,1003.8,94.34792211508577
2024-08-10 21:00:00,28.6,1002.9,94.33982141728534
2024-08-11 00:00:00,28.0,1002.8,92.66606867023248
2024-08-11 03:00:00,28.0,1004.9,92.12191734434786
2024-08-11 06:00:00,30.4,1004.0,86.54134775739186
2024-08-11 09:00:00,31.8,1002.4,78.9760771648778
2024-08-11 12:00:00,31.0,1001.3,79.79835457938422
2024-08-11 15:00:00,29.6,1003.0,91.14232765587903
2024-08-11 18:00:00,29.1,1004.2,91.64574657932029
2024-08-13 00:00:00,29.2,1003.7,93.81604482183465
2024-08-13 03:00:00,32.4,1005.0,83.29341218403941
2024-08-13 06:00:00,29.2,1005.0,92.18860676693177
2024-08-13 09:00:00,32.1,1002.1,81.35029131937041
2024-08-13 12:00:00,29.1,1002.6,88.47883253366359
2024-08-13 15:00:00,28.8,1005.1,89.50172004038727
2024-08-13 18:00:00,28.4,1005.3,92.14424033203443
2024-08-13 21:00:00,28.2,1003.7,92.13309053912468
2024-08-14 00:00:00,28.2,1003.8,98.266556555781
2024-08-14 03:00:00,30.0,1005.6,86.50450703984572
2024-08-14 06:00:00,34.0,1003.8,71.01489197336855
2024-08-14 09:00:00,31.0,1001.9,89.66115996376658
2024-08-14 12:00:00,30.0,1001.2,89.58913151799659
2024-08-14 15:00:00,30.0,1004.4,89.06845243281573
2024-08-14 18:00:00,28.4,1004.1,94.33170347152473
2024-08-14 21:00:00,28.0,1002.9,94.3154156421007
2024-08-15 00:00:00,28.0,1002.9,96.5544215144089
2024-08-15 03:00:00,30.6,1003.6,81.16467826556904
2024-08-15 06:00:00,33.0,1002.8,71.67322751398581
2024-08-15 09:00:00,33.1,1000.6,73.8187618243622
2024-08-15 12:00:00,31.5,1000.6,78.01511334035655
2024-08-15 15:00:00,30.1,1002.9,86.0090712281528
2024-08-15 18:00:00,29.4,1003.4,89.54556000162309
2024-08-15 21:00:00,29.0,1001.4,90.57266984744003
2024-08-16 00:00:00,28.2,1001.5,95.43577238155224
2024-08-16 03:00:00,31.0,1002.8,78.40390010984709
2024-08-16 06:00:00,29.0,1002.7,92.17754994106518
2024-08-16 09:00:00,31.2,1000.3,81.23924051845427
2024-08-16 12:00:00,30.8,1000.0,82.62927198490198
2024-08-16 15:00:00,29.2,1003.1,90.58588438387352
2024-08-16 18:00:00,29.0,1003.4,90.57266984744003
2024-08-16 21:00:00,28.6,1002.5,92.1553667873356
2024-08-17 00:00:00,27.6,1002.4,95.41595470562915
2024-08-17 03:00:00,30.8,1004.2,77.00117625197225
2024-08-17 06:00:00,32.8,1003.6,66.74127585978114
2024-08-17 09:00:00,33.0,1000.5,67.97575322043862
2024-08-17 12:00:00,30.3,1000.7,81.60608853988971
2024-08-17 15:00:00,30.0,1003.8,78.26294962837345
2024-08-17 18:00:00,29.0,1003.6,80.48371679996085
2024-08-17 21:00:00,27.6,1002.6,87.31379479213656
2024-08-18 00:00:00,27.8,1002.6,84.2669381064797
2024-08-18 03:00:00,29.5,1003.2,78.658351031073
2024-08-18 06:00:00,26.1,1002.9,99.41016869542845
2024-08-18 09:00:00,26.5,1000.9,100.0
2024-08-18 12:00:00,27.1,1000.8,99.41451548748643
2024-08-18 15:00:00,27.2,1002.7,100.0
2024-08-18 18:00:00,27.0,1003.2,100.0
2024-08-18 21:00:00,26.8,1001.6,100.0
2024-08-19 00:00:00,26.8,1001.7,100.0
2024-08-19 03:00:00,28.4,1003.0,90.53286192976505
2024-08-19 06:00:00,30.0,1002.6,81.56938855426297
2024-08-19 09:00:00,29.0,1000.5,87.95208930052544
2024-08-19 12:00:00,28.6,1000.8,87.91868204829599
2024-08-19 15:00:00,28.1,1003.3,92.67128668689465
2024-08-19 18:00:00,27.7,1003.6,95.41926653077292
2024-08-19 21:00:00,27.5,1002.6,94.8523596490223
2024-08-20 00:00:00,27.5,1002.7,98.25764842325982
2024-08-20 03:00:00,28.5,1004.3,94.88928139062689
2024-08-20 06:00:00,30.0,1004.4,84.99729439748566
2024-08-20 09:00:00,27.5,1003.2,92.63989595857034
2024-08-20 12:00:00,28.5,1001.9,91.61028362766847
2024-08-20 15:00:00,28.2,1005.3,94.32356822934047
2024-08-20 18:00:00,27.7,1005.4,97.11508066728288
2024-08-20 21:00:00,27.6,1004.5,96.54439604252043
2024-08-21 00:00:00,27.4,1004.3,97.68109441578078
2024-08-21 03:00:00,30.7,1006.2,87.07420108595714
2024-08-21 06:00:00,32.5,1005.7,75.91011839065594
2024-08-21 09:00:00,33.3,1002.9,73.85150997402037
2024-08-21 12:00:00,32.0,1002.2,77.63089769639963
2024-08-21 15:00:00,28.6,1005.1,87.91868204829599
2024-08-21 18:00:00,27.4,1005.6,92.08825670296545
2024-08-21 21:00:00,28.2,1004.3,86.33689076158295
2024-08-22 00:00:00,28.0,1004.0,95.42918067606378
2024-08-22 03:00:00,30.6,1005.6,85.55612371787966
2024-08-22 06:00:00,32.2,1004.2,77.65969087917847
2024-08-22 09:00:00,32.6,1001.4,77.71711967076688
2024-08-22 12:00:00,28.0,1001.4,92.12191734434786
2024-08-22 15:00:00,26.8,1004.9,97.6708841803395
2024-08-22 18:00:00,26.8,1004.5,99.41321650390194
2024-08-22 21:00:00,27.0,1003.9,97.6742950419934
2024-08-23 00:00:00,27.2,1003.8,97.67769844659628
2024-08-23 03:00:00,28.0,1005.2,96.5544215144089
2024-08-23 06:00:00,27.0,1005.2,95.39600874452509
2024-08-23 09:00:00,27.0,1002.8,98.8311684746629
2024-08-23 12:00:00,27.3,1002.6,93.17898700599295
2024-08-23 15:00:00,27.0,1005.9,95.39600874452509
2024-08-23 18:00:00,26.7,1005.4,97.09394543709185
2024-08-23 21:00:00,26.4,1004.5,98.24351098143454
2024-08-24 00:00:00,26.0,1005.2,96.503856108436
2024-08-24 03:00:00,26.6,1006.1,96.51914127003087
2024-08-24 06:00:00,29.6,1005.5,86.46751908713752
2024-08-24 09:00:00,28.0,1003.2,94.3154156421007
2024-08-24 12:00:00,26.8,1003.0,100.0
2024-08-24 15:00:00,26.6,1004.5,98.24609415561163
2024-08-24 18:00:00,26.6,1005.0,98.24609415561163
2024-08-24 21:00:00,26.8,1003.6,98.24867165262664
2024-08-25 00:00:00,26.6,1003.3,98.24609415561163
2024-08-25 03:00:00,27.4,1004.6,95.97288991722024
2024-08-25 06:00:00,28.8,1003.5,88.97692668512734
2024-08-25 09:00:00,29.9,1000.9,80.12458976384245
2024-08-25 12:00:00,29.2,1000.2,89.53097661456914
2024-08-25 15:00:00,27.0,1002.0,93.71791865005993
2024-08-25 18:00:00,27.4,1001.8,96.53936698995483
2024-08-25 21:00:00,26.4,1000.3,93.69075623120435
2024-08-26 00:00:00,26.0,1000.5,94.79622941585653
2024-08-26 03:00:00,26.5,1002.2,97.66575385837363
2024-08-26 06:00:00,28.7,1002.0,88.44680588181218
2024-08-26 09:00:00,28.2,1000.7,93.77172585847173
2024-08-26 12:00:00,27.6,1001.0,92.09950049107172
2024-08-26 15:00:00,27.2,1004.0,96.53432701791446
2024-08-26 18:00:00,27.2,1004.2,100.0
2024-08-26 21:00:00,27.0,1003.5,100.0
2024-08-27 00:00:00,25.8,1004.5,100.0
2024-08-27 03:00:00,26.2,1006.4,98.24092211346162
2024-08-27 06:00:00,27.0,1006.1,98.25124348905271
2024-08-27 09:00:00,29.2,1003.9,86.43038313933076
2024-08-27 12:00:00,29.8,1003.3,79.63860889063328
2024-08-27 15:00:00,27.9,1005.8,94.31133282884142
2024-08-27 18:00:00,27.4,1006.4,95.40932035991787
2024-08-27 21:00:00,27.2,1005.4,95.40267171979633
2024-08-28 00:00:00,26.5,1004.8,99.41191319682163
2024-08-28 03:00:00,30.0,1006.2,81.08968974474207
2024-08-28 06:00:00,32.6,1005.6,69.11441091335229
2024-08-28 09:00:00,32.8,1002.3,67.53651040260901
2024-08-28 12:00:00,32.2,1002.0,69.86192099541918
2024-08-28 15:00:00,30.0,1004.3,81.08968974474207
2024-08-28 18:00:00,29.2,1004.7,86.43038313933076
2024-08-28 21:00:00,28.4,1004.0,90.53286192976505
2024-08-29 00:00:00,27.4,1004.0,93.73593071403404
2024-08-29 03:00:00,30.3,1005.2,76.47215468970484
2024-08-29 06:00:00,32.2,1005.1,69.03930501374236
2024-08-29 09:00:00,33.4,1002.1,64.5292203410853
2024-08-29 12:00:00,31.2,1001.5,78.43193410807223
2024-08-29 15:00:00,30.0,1004.6,82.53623329490637
2024-08-29 18:00:00,29.2,1005.1,86.43038313933076
2024-08-29 21:00:00,28.6,1003.6,88.96156313904507
2024-08-30 00:00:00,27.4,1004.6,92.08825670296545
2024-08-30 03:00:00,31.6,1005.6,72.27808999036708
2024-08-30 06:00:00,34.0,1004.9,61.663754542437346
2024-08-30 09:00:00,34.6,1002.3,57.54622405958298
2024-08-30 12:00:00,31.0,1002.4,72.1742265807024
2024-08-30 15:00:00,29.6,1004.6,84.95652278782288
2024-08-30 18:00:00,28.8,1005.1,87.4186485454691
2024-08-30 21:00:00,28.6,1003.9,86.37440005285019
2024-08-31 00:00:00,28.2,1004.0,94.32356822934047
2024-08-31 03:00:00,31.2,1005.1,74.82093472023674
2024-08-31 06:00:00,32.6,1004.6,67.89863459456423
2024-08-31 09:00:00,34.0,1002.7,62.77037868066636
2024-08-31 12:00:00,31.6,1002.2,71.00478678077775
2024-08-31 15:00:00,29.9,1005.0,80.12458976384245
2024-08-31 18:00:00,29.0,1005.1,84.89506306062921
2024-08-31 21:00:00,28.6,1004.3,87.91868204829599
2024-09-01 00:00:00,27.8,1004.8,90.49280598950578
2024-09-01 03:00:00,32.0,1007.1,69.82505728068918
2024-09-01 06:00:00,32.8,1006.5,67.93722542562669
2024-09-01 09:00:00,33.2,1004.1,65.6450112786814
2024-09-01 12:00:00,30.2,1004.1,83.0461417061234
2024-09-01 15:00:00,30.2,1005.8,81.1147334710309
2024-09-01 18:00:00,28.8,1006.5,89.50172004038727
2024-09-01 21:00:00,28.2,1006.1,92.13309053912468
2024-09-02 00:00:00,28.0,1006.1,92.12191734434786
2024-09-02 03:00:00,30.8,1007.8,80.71457791658257
2024-09-02 06:00:00,33.4,1007.0,59.721707996457695
2024-09-02 09:00:00,34.5,1003.4,60.32667347731244
2024-09-02 12:00:00,31.8,1003.3,74.91652960815853
2024-09-02 15:00:00,30.2,1006.7,81.1147334710309
2024-09-02 18:00:00,29.4,1006.3,86.44896966030107
2024-09-02 21:00:00,29.0,1005.7,87.95208930052544
2024-09-03 00:00:00,28.4,1006.0,90.53286192976505
2024-09-03 03:00:00,31.9,1007.8,74.49304630845108
2024-09-03 06:00:00,34.1,1006.8,63.91528277547901
2024-09-03 09:00:00,34.0,1003.7,62.77037868066636
2024-09-03 12:00:00,29.0,1004.5,90.57266984744003
2024-09-03 15:00:00,28.8,1006.8,92.16646996907035
2024-09-03 18:00:00,28.6,1006.2,90.0152412728884
2024-09-03 21:00:00,28.4,1005.2,90.0012371661148
2024-09-04 00:00:00,28.2,1005.1,94.32356822934047
2024-09-04 03:00:00,32.2,1005.5,76.30955739524246
2024-09-04 06:00:00,33.8,1004.1,66.15514213531858
2024-09-04 09:00:00,34.1,1001.2,63.538848549396455
2024-09-04 12:00:00,30.6,1001.0,79.2770273189966
2024-09-04 15:00:00,29.8,1003.0,82.84439337374741
2024-09-04 18:00:00,29.0,1003.0,86.41175942849821
2024-09-04 21:00:00,28.4,1002.2,88.94616815571688
2024-09-05 00:00:00,27.8,1002.8,90.49280598950578
2024-09-05 03:00:00,31.4,1004.0,76.18814229624397
2024-09-05 06:00:00,34.2,1003.2,55.091425528710424
2024-09-05 09:00:00,34.8,1000.4,59.68246430965376
2024-09-05 12:00:00,33.0,999.5,64.44613125580591
2024-09-05 15:00:00,31.0,1002.7,77.48613913975385
2024-09-05 18:00:00,30.2,1003.4,82.5595602209085
2024-09-05 21:00:00,29.8,1002.7,83.49088910584811
2024-09-06 00:00:00,29.6,1002.9,84.95652278782288
2024-09-06 03:00:00,31.1,1004.9,80.75267375791402
2024-09-06 06:00:00,33.3,1003.7,68.83922817630918
2024-09-06 09:00:00,34.1,1001.1,64.6740045565794
2024-09-06 12:00:00,33.0,1000.5,70.42167655411042
2024-09-06 15:00:00,31.0,1003.0,84.11259923098856
2024-09-06 18:00:00,30.0,1003.9,84.99729439748566
2024-09-06 21:00:00,29.6,1002.8,84.95652278782288
2024-09-07 00:00:00,28.6,1002.8,90.54615869442738
2024-09-07 03:00:00,32.7,1003.6,73.32223524063095
2024-09-07 06:00:00,34.4,1002.8,65.50141485922862
2024-09-07 09:00:00,33.0,1000.5,70.42167655411042
2024-09-07 12:00:00,30.2,1000.8,84.02682856635852
2024-09-07 15:00:00,28.4,1003.7,96.00194475213098
2024-09-07 18:00:00,28.6,1004.0,94.33982141728534
2024-09-07 21:00:00,28.4,1003.0,94.33170347152473
2024-09-08 00:00:00,27.8,1002.4,96.54941420693457
2024-09-08 03:00:00,31.2,1003.7,77.51519693628545
2024-09-08 06:00:00,33.6,1003.0,64.95378562281357
2024-09-08 09:00:00,29.6,1000.2,88.00194722290112
2024-09-08 12:00:00,29.9,999.9,83.50198988439152
2024-09-08 15:00:00,29.3,1002.3,86.43968104255873
2024-09-08 18:00:00,29.2,1002.2,86.94053585514798
2024-09-08 21:00:00,28.6,1000.2,92.1553667873356
2024-09-09 00:00:00,27.7,1000.4,94.30315413246403
2024-09-09 03:00:00,30.3,1001.7,86.02812729526536
2024-09-09 06:00:00,31.5,1000.7,80.80330054944362
2024-09-09 09:00:00,31.0,998.3,81.21443360821415
2024-09-09 12:00:00,29.4,998.2,85.94207610757024
2024-09-09 15:00:00,29.0,1001.2,89.51636332080271
2024-09-09 18:00:00,28.8,1000.8,90.55942797559786
2024-09-09 21:00:00,28.4,999.1,92.14424033203443
2024-09-10 00:00:00,27.2,1000.1,96.53432701791446
2024-09-10 03:00:00,29.3,1002.4,90.06402912153757
2024-09-10 06:00:00,32.9,1000.8,71.23620588491349
2024-09-10 09:00:00,32.6,998.5,77.71711967076688
2024-09-10 12:00:00,31.6,998.6,75.77167062049868
2024-09-10 15:00:00,29.1,1001.6,92.1830812432971
2024-09-10 18:00:00,29.1,1002.3,93.26601305428838
2024-09-10 21:00:00,28.2,1000.6,95.43577238155224
2024-09-11 00:00:00,28.1,1001.5,95.99326117037553
2024-09-11 03:00:00,31.9,1003.0,81.80005782256684
2024-09-11 06:00:00,33.2,1002.2,70.45783465512956
2024-09-11 09:00:00,34.0,999.8,68.56801813396841
2024-09-11 12:00:00,31.6,1000.3,80.34554512689967
2024-09-11 15:00:00,30.4,1002.9,88.06795596655172
2024-09-11 18:00:00,30.0,1002.9,90.11246710983335
2024-09-11 21:00:00,29.8,1000.9,88.53456692293838
2024-09-12 00:00:00,29.6,1001.7,93.28989510876974
2024-09-12 03:00:00,30.6,1003.7,88.08437507661748
2024-09-12 06:00:00,31.6,1002.8,87.15344329915588
2024-09-12 09:00:00,32.7,1000.0,77.28034412366749
2024-09-12 12:00:00,31.9,1000.1,80.38417180948208
2024-09-12 15:00:00,30.7,1001.7,87.5820940993658
2024-09-12 18:00:00,30.4,1001.3,88.06795596655172
2024-09-12 21:00:00,29.8,999.0,91.15475347220371
2024-09-13 00:00:00,29.7,999.8,93.2946564611305
2024-09-13 03:00:00,30.7,1001.6,84.57312689998803
2024-09-13 06:00:00,33.0,1000.3,76.87590749996318
2024-09-13 09:00:00,25.6,998.1,100.0
2024-09-13 21:00:00,26.0,995.2,98.23832753499846
2024-09-14 00:00:00,25.6,993.9,100.0
2024-09-14 03:00:00,25.8,992.9,97.65371725365519
2024-09-14 06:00:00,26.2,992.8,99.41060554705658
2024-09-14 09:00:00,26.3,991.9,99.41104191402096
2024-09-14 12:00:00,26.1,991.3,99.41016869542845
2024-09-14 15:00:00,26.2,992.5,100.0
2024-09-14 18:00:00,26.0,991.0,100.0
2024-09-14 21:00:00,25.8,989.4,100.0
2024-09-15 00:00:00,25.7,990.4,99.40841642791443
2024-09-15 03:00:00,26.0,992.4,100.0
2024-09-15 06:00:00,25.8,992.8,98.23572722928968
2024-09-15 09:00:00,26.4,991.6,94.81128607168019
2024-09-15 12:00:00,26.0,993.2,96.503856108436
2024-09-15 15:00:00,26.2,996.0,94.24125372099161
2024-09-15 18:00:00,26.6,996.1,97.66746583992358
2024-09-15 21:00:00,26.4,994.7,97.66403999895587
2024-09-16 00:00:00,26.6,996.4,90.95280997556546
2024-09-16 03:00:00,26.4,999.9,96.51405730461323
2024-09-16 06:00:00,27.2,1001.3,90.45250000428203
2024-09-16 09:00:00,27.7,1000.5,87.3225812857474
2024-09-16 12:00:00,28.3,1001.0,89.99422427742483
2024-09-16 15:00:00,27.7,1003.2,95.98163929901958
2024-09-16 18:00:00,27.6,1003.8,95.9787259866883
2024-09-16 21:00:00,27.2,1003.5,96.53432701791446
2024-09-17 00:00:00,26.6,1004.4,96.51914127003087
2024-09-17 03:00:00,30.1,1006.9,84.51049081946951
2024-09-17 06:00:00,31.7,1006.0,75.78710899790629
2024-09-17 09:00:00,33.0,1003.2,66.78088716309055
2024-09-17 12:00:00,31.2,1002.9,74.82093472023674
2024-09-17 15:00:00,29.2,1004.9,77.68451620551635
2024-09-17 18:00:00,28.2,1005.3,81.83433063230953
2024-09-17 21:00:00,27.8,1004.4,81.29701074620921
2024-09-18 00:00:00,26.6,1004.9,92.04304428506519
2024-09-18 03:00:00,30.6,1006.0,79.2770273189966
2024-09-18 06:00:00,30.6,1006.0,74.72482763808105
2024-09-18 09:00:00,34.0,1002.8,55.04309180081118
2024-09-18 12:00:00,32.0,1002.1,61.59314569456349
2024-09-18 15:00:00,30.2,1004.1,81.1147334710309
2024-09-18 18:00:00,29.4,1004.6,86.44896966030107
2024-09-18 21:00:00,29.0,1003.9,87.95208930052544
2024-09-19 00:00:00,28.4,1004.6,90.53286192976505
2024-09-19 03:00:00,31.1,1005.9,80.75267375791402
2024-09-19 06:00:00,33.8,1005.2,66.15514213531858
2024-09-19 09:00:00,34.6,1002.0,64.39740048201318
2024-09-19 12:00:00,33.0,1001.3,71.67322751398581
2024-09-19 15:00:00,31.6,1003.5,81.2887133807776
2024-09-19 18:00:00,30.6,1004.0,86.55971313917948
2024-09-19 21:00:00,30.2,1003.2,88.051503713093
2024-09-20 00:00:00,29.4,1003.3,89.02282953286065
2024-09-20 03:00:00,34.0,1005.4,68.56801813396841
2024-09-20 06:00:00,35.6,1004.4,63.85354265585009
2024-09-20 09:00:00,35.8,1001.8,60.61559953954328
2024-09-20 12:00:00,34.0,1001.2,69.78208647156907
2024-09-20 15:00:00,32.5,1004.0,78.61289888683982
2024-09-20 18:00:00,31.6,1004.8,82.72159738179782
2024-09-20 21:00:00,26.7,1003.0,89.3461348206972
2024-09-21 00:00:00,27.1,1005.2,88.3173860672434
2024-09-21 03:00:00,30.0,1007.0,74.18441432342445
2024-09-21 06:00:00,34.0,1005.3,60.57423072351323
2024-09-21 09:00:00,35.0,1002.6,59.02423742118093
2024-09-21 12:00:00,33.4,1001.9,70.49393192137481
2024-09-21 15:00:00,31.0,1004.9,85.59526014060029
2024-09-21 18:00:00,27.5,1004.5,95.9758095275885
2024-09-21 21:00:00,27.6,1003.7,95.41595470562915
2024-09-22 00:00:00,27.2,1003.8,95.40267171979633
2024-09-22 03:00:00,30.6,1005.3,78.34767637456054
2024-09-22 06:00:00,34.4,1004.2,60.66320841650632
2024-09-22 09:00:00,35.3,1000.9,58.74392108858356
2024-09-22 12:00:00,34.0,1000.2,71.01489197336855
2024-09-22 15:00:00,32.6,1002.4,80.47387890127715
2024-09-22 18:00:00,32.0,1003.6,84.21887731452384
2024-09-22 21:00:00,31.6,1002.3,84.17649005771236
2024-09-23 00:00:00,30.6,1003.7,91.20420055568071
2024-09-23 03:00:00,32.4,1005.2,84.26110022546011
2024-09-23 06:00:00,34.0,1003.6,72.2666783322714
2024-09-23 09:00:00,35.2,1000.4,69.19416232051461
2024-09-23 12:00:00,31.0,1001.4,77.03079038177704
2024-09-23 15:00:00,30.6,1003.9,83.57939392582495
2024-09-23 18:00:00,28.6,1004.7,93.78950978997815
2024-09-23 21:00:00,28.2,1003.4,92.13309053912468
2024-09-24 00:00:00,28.6,1004.0,93.78950978997815
2024-09-24 03:00:00,30.8,1005.9,79.77185498360923
2024-09-24 06:00:00,29.4,1004.9,89.54556000162309
2024-09-24 09:00:00,27.9,1001.5,94.31133282884142
2024-09-24 12:00:00,28.2,1001.5,90.51953760720181
2024-09-24 15:00:00,27.8,1004.8,92.11072068322818
2024-09-24 18:00:00,28.0,1004.4,93.76280556198172
2024-09-24 21:00:00,28.0,1003.1,93.76280556198172
2024-09-25 00:00:00,27.3,1003.8,94.28674428835538
2024-09-25 03:00:00,27.0,1006.0,98.25124348905271
2024-09-25 06:00:00,27.0,1005.0,95.39600874452509
2024-09-25 09:00:00,27.2,1003.2,96.53432701791446
2024-09-25 12:00:00,27.6,1004.0,94.85606963077211
2024-09-25 15:00:00,25.6,1006.5,98.23312117951836
2024-09-25 18:00:00,25.6,1006.0,96.49361034454672
2024-09-25 21:00:00,25.8,1005.1,96.49873881355717
2024-09-26 00:00:00,25.4,1005.6,100.0
2024-09-26 03:00:00,26.0,1007.9,100.0
2024-09-26 06:00:00,27.8,1008.3,98.261474558228
2024-09-26 09:00:00,26.0,1006.1,96.503856108436
2024-09-26 12:00:00,25.3,1006.8,99.40665634816
2024-09-26 15:00:00,25.4,1009.3,98.23050936880627
2024-09-26 18:00:00,25.8,1008.9,98.23572722928968
2024-09-26 21:00:00,25.6,1008.1,98.23312117951836
2024-09-27 00:00:00,25.8,1008.4,96.49873881355717
2024-09-27 03:00:00,28.0,1010.2,90.50618565208272
2024-09-27 06:00:00,28.2,1009.8,87.36638064071765
2024-09-27 09:00:00,30.6,1006.9,85.05815153048339
2024-09-27 12:00:00,29.8,1007.5,80.58680806761511
2024-09-27 15:00:00,28.2,1009.4,90.51953760720181
2024-09-27 18:00:00,27.9,1009.0,92.66084515517755
2024-09-27 21:00:00,27.7,1008.0,92.65038159942328
2024-09-28 00:00:00,27.5,1008.8,95.9758095275885
2024-09-28 03:00:00,27.2,1011.1,95.40267171979633
2024-09-28 06:00:00,33.0,1009.5,75.5452541352859
2024-09-28 09:00:00,33.2,1006.9,71.70815945941659
2024-09-28 12:00:00,31.0,1007.5,78.40390010984709
2024-09-28 15:00:00,29.3,1009.7,88.49479709006273
2024-09-28 18:00:00,28.8,1009.6,92.16646996907035
2024-09-28 21:00:00,28.4,1007.2,92.14424033203443
2024-09-29 03:00:00,31.8,1010.4,77.60205183026918
2024-09-29 06:00:00,35.0,1009.3,65.62263913987401
2024-09-29 09:00:00,35.6,1006.8,63.85354265585009
2024-09-29 12:00:00,33.0,1006.9,70.42167655411042
2024-09-29 15:00:00,31.0,1008.8,79.79835457938422
2024-09-29 18:00:00,29.8,1008.4,89.57463737404579
2024-09-29 21:00:00,29.2,1007.1,92.18860676693177
2024-09-30 00:00:00,29.0,1008.2,93.80721852350113
2024-09-30 03:00:00,32.9,1009.8,78.66814546782894
2024-09-30 06:00:00,36.1,1007.6,62.48316320150189
2024-09-30 12:00:00,32.7,1004.7,73.32223524063095
2024-09-30 15:00:00,31.2,1006.3,84.13393763597708
2024-09-30 18:00:00,30.6,1006.2,85.55612371787966
2024-09-30 21:00:00,30.2,1003.5,85.01762004491522
2024-10-01 00:00:00,30.0,1004.6,91.1671536010179
2024-10-01 03:00:00,32.7,1006.5,78.64054761249837
2024-10-01 06:00:00,35.7,1005.2,60.23818165123647
2024-10-01 09:00:00,36.0,1001.8,56.5192316286057
2024-10-01 12:00:00,32.0,1002.6,72.34703340707203
2024-10-01 15:00:00,31.5,1004.7,82.22974977009818
2024-10-01 18:00:00,30.6,1004.9,86.55971313917948
2024-10-01 21:00:00,30.2,1002.8,88.051503713093
2024-10-02 00:00:00,28.0,1004.4,87.34888747491027
2024-10-02 03:00:00,27.4,1005.8,90.46596324112937
2024-10-02 06:00:00,31.4,1004.7,78.92130681911149
2024-10-02 09:00:00,31.6,1002.0,76.66778789519631
2024-10-02 12:00:00,30.0,1002.2,83.5130798716472
2024-10-02 15:00:00,29.1,1004.5,88.47883253366359
2024-10-02 18:00:00,29.0,1004.1,90.57266984744003
2024-10-02 21:00:00,29.0,1004.1,90.57266984744003
2024-10-03 00:00:00,28.4,1002.6,93.78062725022617
2024-10-03 03:00:00,30.4,1004.6,82.58284223811447
2024-10-03 06:00:00,33.0,1002.9,70.42167655411042
2024-10-03 09:00:00,28.7,1001.5,82.38350599117994
2024-10-03 12:00:00,27.0,1001.4,95.39600874452509
2024-10-03 15:00:00,26.8,1004.0,93.70888380751718
2024-10-03 18:00:00,27.0,1003.9,93.71791865005993
2024-10-03 21:00:00,26.8,1003.0,93.70888380751718
2024-10-04 00:00:00,26.8,1003.6,95.38933139322062
2024-10-04 03:00:00,28.4,1006.0,88.94616815571688
2024-10-04 06:00:00,29.8,1005.5,88.01849942848882
2024-10-04 09:00:00,30.5,1003.3,81.63049684447454
2024-10-04 12:00:00,29.2,1004.2,87.96874224697314
2024-10-04 15:00:00,28.4,1006.6,83.33433758376981
2024-10-04 18:00:00,26.2,1006.2,93.68166338882529
2024-10-04 21:00:00,26.0,1005.2,93.67255110424425
2024-10-05 00:00:00,25.8,1006.3,93.10518672866101
2024-10-05 03:00:00,27.6,1008.7,88.88427217188078
2024-10-05 06:00:00,30.1,1007.9,78.74189215786501
2024-10-05 09:00:00,31.6,1005.5,74.88472135092377
2024-10-05 12:00:00,28.0,1007.5,84.79181717750924
2024-10-05 15:00:00,25.6,1009.0,100.0
2024-10-05 18:00:00,25.7,1008.8,99.40841642791443
2024-10-05 21:00:00,25.2,1008.5,100.0
2024-10-06 00:00:00,25.8,1009.5,100.0
2024-10-06 03:00:00,27.6,1011.5,90.47939854432097
2024-10-06 06:00:00,30.6,1010.7,81.16467826556904
2024-10-06 09:00:00,27.0,1008.8,92.06569807815053
2024-10-06 12:00:00,27.4,1009.1,93.73593071403404
2024-10-06 15:00:00,27.2,1011.5,95.40267171979633
2024-10-06 18:00:00,27.2,1011.5,95.40267171979633
2024-10-06 21:00:00,26.8,1011.4,96.52421418955653
2024-10-07 00:00:00,26.4,1012.4,98.24351098143454
2024-10-07 03:00:00,29.0,1014.1,92.17754994106518
2024-10-07 06:00:00,32.0,1013.3,69.82505728068918
2024-10-07 09:00:00,32.4,1010.5,65.09317312092345
2024-10-07 12:00:00,29.2,1010.9,80.5095630310082
2024-10-07 15:00:00,28.6,1013.0,84.8538871735531
2024-10-07 18:00:00,28.4,1012.6,87.90192756472376
2024-10-07 21:00:00,28.0,1011.6,88.91528354225218
2024-10-08 00:00:00,27.6,1012.6,93.74490804295253
2024-10-08 03:00:00,31.3,1014.5,77.98664291124476
2024-10-08 06:00:00,29.1,1013.5,78.60239697731203
2024-10-08 09:00:00,29.8,1010.2,88.01849942848882
2024-10-08 12:00:00,29.4,1010.2,86.9584741675932
2024-10-08 15:00:00,28.2,1012.3,90.51953760720181
2024-10-08 18:00:00,28.0,1011.5,90.50618565208272
2024-10-08 21:00:00,27.8,1010.3,90.49280598950578
2024-10-09 00:00:00,27.6,1010.7,90.47939854432097
2024-10-09 03:00:00,30.1,1012.5,83.03477681058095
2024-10-09 06:00:00,34.5,1010.6,64.75638464289688
2024-10-09 09:00:00,32.6,1008.0,72.87668440277191
2024-10-09 12:00:00,29.6,1008.4,82.00361602371757
2024-10-09 15:00:00,26.2,1011.8,87.71536280863873
2024-10-09 18:00:00,25.4,1009.8,88.17753730223563
2024-10-09 21:00:00,25.0,1008.8,89.75868022431183
2024-10-10 00:00:00,26.3,1009.6,92.57651488058714
2024-10-10 03:00:00,31.0,1011.4,78.40390010984709
2024-10-10 06:00:00,34.2,1009.7,61.707439726266486
2024-10-10 09:00:00,33.2,1006.8,66.03479395995936
2024-10-10 12:00:00,27.8,1007.3,81.29701074620921
2024-10-10 15:00:00,28.2,1009.5,83.31179804309043
2024-10-10 18:00:00,27.8,1009.1,87.33135888966177
2024-10-10 21:00:00,27.2,1008.4,88.85313336738866
2024-10-11 00:00:00,27.0,1009.2,93.71791865005993
2024-10-11 03:00:00,31.0,1011.1,76.1271052167908
2024-10-11 06:00:00,34.8,1009.9,63.31273208033373
2024-10-11 09:00:00,34.0,1006.5,65.03583657618948
2024-10-11 12:00:00,31.4,1007.0,73.974073310649
2024-10-11 15:00:00,29.8,1008.5,81.06459831337503
2024-10-11 18:00:00,29.0,1009.1,84.89506306062921
2024-10-11 21:00:00,28.6,1009.0,87.91868204829599
2024-10-12 00:00:00,28.4,1010.2,88.94616815571688
2024-10-12 03:00:00,31.6,1012.3,76.66778789519631
2024-10-12 06:00:00,33.8,1011.1,66.93869656320484
2024-10-12 09:00:00,33.6,1008.7,63.81035576931347
2024-10-12 12:00:00,31.2,1008.7,73.50477620307173
2024-10-12 15:00:00,29.0,1010.3,83.40169277956687
2024-10-12 18:00:00,28.6,1010.9,86.37440005285019
2024-10-12 21:00:00,28.4,1010.3,87.90192756472376
2024-10-13 00:00:00,27.6,1011.5,90.47939854432097
2024-10-13 03:00:00,30.2,1013.3,82.5595602209085
2024-10-13 06:00:00,32.6,1011.7,65.52306428907129
2024-10-13 09:00:00,33.8,1008.9,57.01603340699637
2024-10-13 12:00:00,31.2,1009.1,70.93306375697343
2024-10-13 15:00:00,28.4,1010.7,84.83323810049623
2024-10-13 18:00:00,27.4,1010.7,87.29619508920601
2024-10-13 21:00:00,27.0,1010.8,87.26088849314073
2024-10-14 00:00:00,26.8,1011.1,92.05438311051279
2024-10-14 03:00:00,30.4,1013.0,79.71870652103674
2024-10-14 06:00:00,33.6,1011.4,59.056399786976336
2024-10-14 09:00:00,34.0,1008.9,55.04309180081118
2024-10-14 12:00:00,31.2,1008.6,68.4404025650585
2024-10-14 15:00:00,29.4,1010.7,80.05892628050287
2024-10-14 18:00:00,28.4,1010.5,83.33433758376981
2024-10-14 21:00:00,28.0,1009.7,83.78747242805218
2024-10-15 00:00:00,26.6,1010.7,92.04304428506519
2024-10-15 03:00:00,30.0,1012.4,74.18441432342445
2024-10-15 06:00:00,33.2,1011.2,60.03499793790983
2024-10-15 09:00:00,33.6,1008.3,58.00441896805416
2024-10-15 12:00:00,30.8,1008.4,73.00291172196927
2024-10-15 15:00:00,28.8,1010.2,77.62630156297041
2024-10-15 18:00:00,28.4,1010.5,84.83323810049623
2024-10-15 21:00:00,28.0,1009.8,87.34888747491027
2024-10-16 00:00:00,27.8,1010.3,90.49280598950578
2024-10-16 03:00:00,30.8,1012.7,79.77185498360923
2024-10-16 06:00:00,29.8,1010.8,81.06459831337503
2024-10-16 09:00:00,32.1,1008.4,68.61217564640273
2024-10-16 12:00:00,25.9,1009.5,94.22875388980789
2024-10-16 15:00:00,26.1,1011.2,93.67710968022911
2024-10-16 18:00:00,26.0,1010.4,94.23292497092102
2024-10-16 21:00:00,25.8,1010.4,94.78867673105134
2024-10-17 00:00:00,25.6,1011.3,94.78110774663195
2024-10-17 03:00:00,30.2,1011.7,81.1147334710309
2024-10-17 06:00:00,32.4,1010.8,67.85998060995067
2024-10-17 09:00:00,33.0,1008.3,65.60442666205464
2024-10-17 12:00:00,26.8,1009.2,90.42548942576907
2024-10-17 15:00:00,26.8,1010.6,95.38933139322062
2024-10-17 18:00:00,27.4,1010.5,93.73593071403404
2024-10-17 21:00:00,27.2,1009.3,93.72693426762005
2024-10-18 00:00:00,27.0,1009.7,96.5292760949642
2024-10-18 03:00:00,30.8,1011.4,85.5757112364315
2024-10-18 06:00:00,32.0,1010.2,72.34703340707203
2024-10-18 09:00:00,32.2,1007.1,71.53290094917851
2024-10-18 12:00:00,26.0,1009.4,92.00888400052642
2024-10-18 15:00:00,26.8,1010.2,95.38933139322062
2024-10-18 18:00:00,26.9,1010.8,95.95824443829916
2024-10-18 21:00:00,26.6,1010.2,96.51914127003087
2024-10-19 00:00:00,26.5,1010.5,95.9464708703928
2024-10-19 03:00:00,28.6,1012.8,80.43187680667027
2024-10-19 06:00:00,28.6,1012.8,80.43187680667027
2024-10-19 09:00:00,29.2,1009.9,79.08600581526997
2024-10-19 12:00:00,27.9,1009.2,88.3823600077078
2024-10-19 15:00:00,26.6,1010.9,93.69982968596882
2024-10-19 18:00:00,26.2,1011.7,92.0202947964304
2024-10-19 21:00:00,25.8,1011.3,93.10518672866101
2024-10-20 00:00:00,25.2,1012.8,98.227891780213
2024-10-20 03:00:00,27.4,1014.9,88.86871874139695
2024-10-20 06:00:00,30.8,1013.2,70.43939306440934
2024-10-20 09:00:00,31.8,1010.4,57.934430290493566
2024-10-20 12:00:00,29.6,1010.3,71.92976931140687
2024-10-20 15:00:00,27.8,1011.7,85.78717977072007
2024-10-20 18:00:00,27.2,1011.9,84.20248990010974
2024-10-20 21:00:00,26.4,1011.2,88.79047072518293
2024-10-21 00:00:00,25.8,1011.6,93.10518672866101
2024-10-21 03:00:00,28.6,1013.7,77.59711341151534
2024-10-21 06:00:00,30.7,1011.3,64.35116055678347
2024-10-21 09:00:00,30.8,1009.1,65.54760808729463
2024-10-21 12:00:00,29.0,1009.1,70.96187714437761
2024-10-21 15:00:00,27.4,1010.8,87.81764299095892
2024-10-21 18:00:00,26.4,1010.9,89.32363226198176
2024-10-21 21:00:00,25.6,1010.1,91.98598997205917
2024-10-22 00:00:00,25.0,1010.8,93.06534216930645
2024-10-22 03:00:00,28.0,1012.5,83.28921441559984
2024-10-22 06:00:00,31.4,1010.6,62.20792223032527
2024-10-22 09:00:00,32.0,1008.2,56.93448027880228
2024-10-22 12:00:00,30.0,1009.0,67.39116386417841
2024-10-22 15:00:00,28.4,1010.8,77.56787120852722
2024-10-22 18:00:00,27.6,1009.9,81.27196286112057
2024-10-22 21:00:00,27.2,1009.1,85.72845277885752
2024-10-23 00:00:00,26.1,1009.4,89.30105984104704
2024-10-23 03:00:00,28.5,1011.4,80.90033324661331
2024-10-23 06:00:00,30.9,1009.7,72.5872353359186
2024-10-23 09:00:00,25.0,1008.1,96.47815756865955
2024-10-23 12:00:00,25.6,1007.7,93.09525743190015
2024-10-23 15:00:00,25.6,1009.5,94.78110774663195
2024-10-23 18:00:00,25.4,1009.0,93.08530694612072
2024-10-23 21:00:00,25.2,1007.1,94.76592069291524
2024-10-24 00:00:00,25.6,1007.0,94.78110774663195
2024-10-24 03:00:00,25.8,1008.9,90.35746879655075
2024-10-24 06:00:00,24.7,1008.1,96.47039308404473
2024-10-24 09:00:00,26.1,1004.7,89.30105984104704
2024-10-24 12:00:00,24.8,1005.1,94.75066788099174
2024-10-24 15:00:00,25.1,1006.4,94.19522345691075
2024-10-24 18:00:00,25.5,1006.0,94.21202471027594
2024-10-24 21:00:00,25.9,1004.2,94.22875388980789
2024-10-25 00:00:00,25.2,1004.4,94.76592069291524
2024-10-25 03:00:00,26.0,1007.2,98.23832753499846
2024-10-25 06:00:00,24.8,1006.5,96.47298407847299
2024-10-25 09:00:00,24.4,1004.6,96.4626030540391
2024-10-25 12:00:00,24.8,1005.1,100.0
2024-10-25 15:00:00,25.8,1007.2,100.0
2024-10-25 18:00:00,25.6,1006.9,100.0
2024-10-25 21:00:00,25.6,1005.2,100.0
2024-10-26 00:00:00,26.2,1006.9,96.5089622614157
2024-10-26 03:00:00,28.6,1009.0,86.37440005285019
2024-10-26 06:00:00,31.0,1008.1,66.78169156880611
2024-10-26 09:00:00,31.0,1005.6,67.99377352527183
2024-10-26 12:00:00,29.2,1006.9,74.94658155009306
2024-10-26 15:00:00,28.2,1009.0,84.81254813644145
2024-10-26 18:00:00,27.1,1008.8,92.61885817628016
2024-10-26 21:00:00,26.4,1007.8,96.51405730461323
2024-10-27 00:00:00,25.8,1008.8,98.23572722928968
2024-10-27 03:00:00,28.4,1010.8,86.35566419509173
2024-10-27 06:00:00,31.6,1009.2,62.25158297844957
2024-10-27 09:00:00,32.2,1006.3,59.090770552518066
2024-10-27 12:00:00,32.2,1006.3,59.090770552518066
2024-10-27 15:00:00,28.0,1008.5,85.80667728802291
2024-10-27 18:00:00,27.6,1008.4,88.88427217188078
2024-10-27 21:00:00,27.0,1007.2,92.06569807815053
2024-10-28 00:00:00,29.2,1010.3,81.95548127118022
2024-10-28 03:00:00,29.2,1010.3,81.95548127118022
2024-10-28 06:00:00,32.8,1008.0,62.88668575063133
2024-10-28 09:00:00,32.9,1006.1,58.19100375154089
2024-10-28 12:00:00,30.0,1006.7,70.29306142592459
2024-10-28 15:00:00,29.2,1008.8,76.30480387190515
2024-10-28 18:00:00,27.8,1008.6,79.84670514036797
2024-10-28 21:00:00,27.4,1008.1,79.79314536748959
2024-10-29 00:00:00,26.0,1008.9,90.37112970835472
2024-10-29 03:00:00,30.0,1011.1,72.866865390855
2024-10-29 06:00:00,33.2,1009.6,66.8204347704166
2024-10-29 09:00:00,32.2,1007.1,63.89578539017188
2024-10-29 12:00:00,30.2,1007.3,72.90096632227306
2024-10-29 15:00:00,28.6,1009.3,80.91304147314835
2024-10-29 18:00:00,27.2,1009.2,82.70035172790627
2024-10-29 21:00:00,26.8,1008.3,80.68242347479251
2024-10-30 00:00:00,26.6,1009.8,93.14469320832866
2024-10-30 03:00:00,30.4,1011.8,79.71870652103674
2024-10-30 06:00:00,33.2,1010.6,63.34828851792842
2024-10-30 09:00:00,31.0,1008.6,72.1742265807024
2024-10-30 12:00:00,30.4,1009.3,72.93500760473812
2024-10-30 15:00:00,28.6,1011.3,84.8538871735531
2024-10-30 18:00:00,28.1,1011.5,89.98017678080497
2024-10-30 21:00:00,27.4,1010.5,90.46596324112937
2024-10-31 00:00:00,27.0,1011.1,95.39600874452509
2024-10-31 03:00:00,31.0,1012.6,77.03079038177704
2024-10-31 06:00:00,33.0,1011.4,64.44613125580591
2024-10-31 09:00:00,34.8,1008.7,56.235550332447204
2024-10-31 12:00:00,31.0,1008.8,75.67874847499475
2024-10-31 15:00:00,29.2,1010.4,82.9319958619089
2024-10-31 18:00:00,27.8,1010.7,82.77031896665545
2024-10-31 21:00:00,27.1,1010.0,88.3173860672434
2024-11-01 00:00:00,26.6,1011.3,90.95280997556546
2024-11-01 03:00:00,29.8,1013.9,82.0276141014992
2024-11-01 06:00:00,33.6,1012.8,53.30901531988474
2024-11-01 09:00:00,33.1,1011.6,50.34176159657891
2024-11-01 12:00:00,30.1,1011.0,62.68175525919577
2024-11-01 15:00:00,27.0,1012.3,78.30518483755301
2024-11-01 18:00:00,25.0,1012.2,84.99158907366431
2024-11-01 21:00:00,24.8,1011.4,86.53660587246388
2024-11-02 00:00:00,24.0,1012.5,94.71996347442106
2024-11-02 03:00:00,29.0,1014.9,76.27419595958764
2024-11-02 06:00:00,32.6,1013.6,54.04084502929489
2024-11-02 09:00:00,32.1,1011.1,51.651979587309484
2024-11-02 12:00:00,29.4,1011.3,65.65748852781738
2024-11-02 15:00:00,26.2,1013.2,83.58775479523352
2024-11-02 18:00:00,25.4,1013.3,87.64647673314147
2024-11-02 21:00:00,25.2,1012.5,87.62916695200612
2024-11-03 00:00:00,23.8,1012.9,93.00493307197942
2024-11-03 03:00:00,27.9,1015.0,80.82382836590921
2024-11-03 06:00:00,31.9,1013.6,57.95783766093334
2024-11-03 09:00:00,31.1,1009.6,60.28655220136867
2024-11-03 12:00:00,29.2,1010.9,72.29347307388345
2024-11-03 15:00:00,27.6,1013.0,82.7470419948832
2024-11-03 18:00:00,26.0,1012.9,87.17199233244091
2024-11-03 21:00:00,24.6,1011.9,94.74301669819423
2024-11-04 00:00:00,24.2,1012.5,93.02515571569042
2024-11-04 03:00:00,26.6,1014.3,89.33864171287273
2024-11-04 06:00:00,30.6,1012.5,62.79033585952567
2024-11-04 09:00:00,31.8,1009.8,48.48193700527121
2024-11-04 12:00:00,28.6,1010.3,71.75333027329293
2024-11-04 15:00:00,26.7,1012.8,80.1829235904424
2024-11-04 18:00:00,26.3,1013.2,84.61393405077794
2024-11-04 21:00:00,25.4,1012.5,91.42347038708563
2024-11-05 00:00:00,24.6,1013.1,91.37426421535667
2024-11-05 03:00:00,28.2,1015.2,76.15120458899845
2024-11-05 06:00:00,31.0,1013.6,60.63128269788534
2024-11-05 09:00:00,31.4,1011.1,50.21521464554722
2024-11-05 12:00:00,29.0,1011.7,67.6029912702051
2024-11-05 15:00:00,27.6,1013.4,75.59926777139484
2024-11-05 18:00:00,26.4,1013.7,81.1206589392812
2024-11-05 21:00:00,26.0,1012.6,80.57864267765963
2024-11-06 00:00:00,25.0,1013.2,91.39891921824884
2024-11-06 03:00:00,26.5,1015.9,84.63501770493595
2024-11-06 06:00:00,30.4,1013.8,61.61247622848766
2024-11-06 09:00:00,32.0,1011.2,50.99468465735812
2024-11-06 12:00:00,29.0,1011.9,67.6029912702051
2024-11-06 15:00:00,26.6,1014.2,84.64554381635908
2024-11-06 18:00:00,26.4,1013.3,80.63063271479415
2024-11-06 21:00:00,26.0,1012.3,81.56364669114777
2024-11-07 00:00:00,24.8,1012.7,90.83621714117352
2024-11-07 03:00:00,28.0,1014.4,78.9202680701639
2024-11-07 06:00:00,30.8,1013.0,59.48920941788979
2024-11-07 09:00:00,31.3,1010.8,65.25684823150188
2024-11-07 12:00:00,29.0,1011.8,68.01508576459278
2024-11-07 15:00:00,27.6,1014.3,75.59926777139484
2024-11-07 18:00:00,26.4,1014.3,81.1206589392812
2024-11-07 21:00:00,25.0,1012.6,88.14427552074832
2024-11-08 00:00:00,23.4,1013.4,88.00984897364455
2024-11-08 03:00:00,27.2,1014.8,76.92377783448977
2024-11-08 06:00:00,30.4,1013.0,60.12781595604137
2024-11-08 09:00:00,31.0,1010.7,56.69623996299171
2024-11-08 12:00:00,29.0,1011.7,65.17604956351583
2024-11-08 15:00:00,27.1,1013.6,77.37647079228425
2024-11-08 18:00:00,25.5,1013.4,85.04328551543428
2024-11-08 21:00:00,24.4,1012.6,86.49898460860861
2024-11-09 00:00:00,23.8,1013.1,92.44185134155836
2024-11-09 03:00:00,27.4,1015.0,75.11054034124395
2024-11-09 06:00:00,30.2,1013.2,62.32302111052805
2024-11-09 09:00:00,31.0,1011.0,53.64502413942176
2024-11-09 12:00:00,28.7,1011.7,66.31895453125189
2024-11-09 15:00:00,25.4,1013.7,81.98706192459
2024-11-09 18:00:00,25.0,1013.6,83.45262666598398
2024-11-09 21:00:00,24.4,1012.6,86.49898460860861
2024-11-10 00:00:00,22.4,1013.4,91.23677973971499
2024-11-10 03:00:00,28.6,1015.1,65.09275319702243
2024-11-10 06:00:00,31.0,1013.6,56.00535491373798
2024-11-10 09:00:00,30.6,1011.3,49.69747942096259
2024-11-10 12:00:00,27.8,1012.0,67.36540856745333
2024-11-10 15:00:00,25.6,1013.8,75.74521383477543
2024-11-10 18:00:00,25.4,1013.4,76.65043863365821
2024-11-10 21:00:00,25.0,1012.5,78.49764721655077
2024-11-11 00:00:00,23.4,1013.0,85.34818509393477
2024-11-11 03:00:00,26.2,1015.0,76.30487547759344
2024-11-11 06:00:00,30.2,1013.4,57.5576548506657
2024-11-11 09:00:00,30.7,1010.9,53.90239708892226
2024-11-11 12:00:00,28.6,1011.6,70.46084618703307
2024-11-11 15:00:00,26.0,1013.6,82.55918218789247
2024-11-11 18:00:00,25.6,1013.2,85.05359376201457
2024-11-11 21:00:00,24.4,1012.3,84.9292101215455
2024-11-12 00:00:00,23.3,1012.8,83.7741026312305
2024-11-12 03:00:00,26.0,1014.7,69.11686987087296
2024-11-12 06:00:00,30.0,1013.5,52.73546662209652
2024-11-12 09:00:00,30.4,1010.3,50.58447473978287
2024-11-12 12:00:00,27.6,1010.4,69.84804373904335
2024-11-12 15:00:00,24.8,1012.7,80.42146721617324
2024-11-12 18:00:00,23.4,1012.2,81.23620952648784
2024-11-12 21:00:00,23.0,1010.8,82.70996817603475
2024-11-13 00:00:00,22.6,1011.9,84.21619689321432
2024-11-13 03:00:00,26.6,1014.1,67.54216493327895
2024-11-13 06:00:00,30.2,1012.5,55.12649636528158
2024-11-13 09:00:00,30.7,1010.0,50.3472311515059
2024-11-13 12:00:00,27.4,1010.5,69.81054652981949
2024-11-13 15:00:00,25.0,1012.9,78.98125580461064
2024-11-13 18:00:00,25.2,1012.7,81.96262342273943
2024-11-13 21:00:00,24.2,1011.5,88.07733960854361
2024-11-14 00:00:00,22.6,1013.4,85.795575729377
2024-11-14 03:00:00,25.8,1015.2,76.24292581518071
2024-11-14 06:00:00,29.5,1013.9,50.351959802590876
2024-11-14 09:00:00,30.0,1011.2,39.15069222038928
2024-11-14 12:00:00,26.8,1011.7,58.55809877032945
2024-11-14 15:00:00,22.8,1013.8,77.20843697837779
2024-11-14 18:00:00,21.8,1013.4,82.05179279343892
2024-11-14 21:00:00,21.2,1012.5,85.12126331996528
2024-11-15 00:00:00,21.2,1013.1,79.93886151677536
2024-11-15 03:00:00,25.0,1014.7,63.92706944237422
2024-11-15 06:00:00,29.6,1013.6,46.41150114714314
2024-11-15 09:00:00,30.0,1010.7,41.218389755870184
2024-11-15 12:00:00,26.6,1011.2,58.14346599287039
2024-11-15 15:00:00,23.6,1012.7,70.40357180300315
2024-11-15 18:00:00,21.8,1012.1,79.02146826646637
2024-11-15 21:00:00,21.4,1011.5,82.00236498749985
2024-11-16 00:00:00,19.6,1012.6,82.82420852335207
2024-11-16 03:00:00,24.4,1014.5,57.616018760164046
2024-11-16 06:00:00,28.0,1013.2,37.59413786233745
2024-11-16 09:00:00,29.0,1010.3,38.62104754634873
2024-11-16 12:00:00,25.0,1010.5,57.393288213137126
2024-11-16 15:00:00,21.6,1012.3,73.68598756326635
2024-11-16 18:00:00,19.6,1011.9,81.25851516552751
2024-11-16 21:00:00,19.2,1011.3,84.3724749251044
2024-11-17 00:00:00,18.8,1012.0,92.16146182468223
2024-11-17 03:00:00,25.0,1014.5,65.14551045571683
2024-11-17 06:00:00,28.6,1012.9,39.270472606645654
2024-11-17 09:00:00,29.1,1011.5,40.70639471957869
2024-11-17 12:00:00,24.1,1011.6,66.61784339189742
2024-11-17 15:00:00,21.0,1012.5,76.44675215115228
2024-11-17 18:00:00,20.0,1012.7,81.3101072483957
2024-11-22 00:00:00,19.8,1013.2,82.84809311244793
2024-11-22 03:00:00,23.1,1015.3,65.99068967438242
2024-11-22 06:00:00,27.6,1013.4,51.46822082273632
2024-11-22 09:00:00,27.6,1010.7,48.59991151824964
2024-11-22 12:00:00,24.6,1011.6,67.5636963205915
2024-11-22 15:00:00,22.1,1013.3,76.61835166640763
2024-11-22 18:00:00,22.1,1013.8,73.30630835535219
2024-11-22 21:00:00,21.7,1013.3,71.85344005184947
2024-11-23 00:00:00,19.7,1014.1,80.24277015256374
2024-11-23 03:00:00,22.4,1016.3,66.26660576599681
2024-11-23 06:00:00,27.6,1015.2,47.67555123925272
2024-11-23 09:00:00,27.6,1012.6,43.001947059179145
2024-11-23 12:00:00,24.4,1013.2,64.60906720348359
2024-11-23 15:00:00,20.5,1014.6,78.83632608452531
2024-11-23 18:00:00,19.6,1014.4,86.58100783026312
2024-11-23 21:00:00,19.1,1014.5,87.63732753340757
2024-11-24 00:00:00,18.7,1014.3,87.60181680604501
2024-11-24 03:00:00,21.6,1016.4,64.83465642448513
2024-11-24 06:00:00,26.6,1015.1,45.306629350599906
2024-11-24 09:00:00,27.2,1012.6,44.88553659091517
2024-11-24 12:00:00,23.2,1013.4,63.94176927480236
2024-11-24 15:00:00,19.2,1015.1,75.6731269890769
2024-11-24 18:00:00,18.6,1015.1,84.30632435360548
2024-11-24 21:00:00,17.4,1013.9,85.81502859929192
2024-11-25 00:00:00,18.2,1014.5,84.26199825136138
2024-11-25 03:00:00,21.4,1016.3,69.98744152646606
2024-11-25 06:00:00,26.0,1014.6,55.12789240334629
2024-11-25 09:00:00,26.6,1012.2,51.53806668573736
2024-11-25 12:00:00,23.2,1012.5,68.14000153659617
2024-11-25 15:00:00,19.0,1014.7,80.66276457451087
2024-11-25 18:00:00,18.0,1014.7,85.87560769615662
2024-11-25 21:00:00,17.4,1013.5,88.04847038525622
2024-11-26 00:00:00,17.8,1013.8,85.85545657849421
2024-11-26 03:00:00,21.6,1015.7,70.47422955228726
2024-11-26 06:00:00,26.6,1014.2,47.71474094514793
2024-11-26 09:00:00,27.2,1011.6,46.06110405973983
2024-11-26 12:00:00,23.6,1012.1,64.02874504928945
2024-11-26 15:00:00,19.2,1013.5,80.68937210624178
2024-11-26 18:00:00,18.2,1013.8,89.8164658325339
2024-11-27 00:00:00,18.0,1013.2,86.98162373647484
2024-11-27 03:00:00,21.0,1015.3,79.91155284255397
2024-11-27 06:00:00,26.8,1013.1,57.101806215949566
2024-11-27 09:00:00,27.4,1010.5,51.41660273005798
2024-11-27 12:00:00,24.2,1011.2,69.20179535984853
2024-11-27 15:00:00,20.8,1013.3,83.49059767012783
2024-11-27 18:00:00,20.6,1013.5,83.46760845652952
2024-11-27 21:00:00,20.2,1012.5,83.42149095195703
2024-11-28 00:00:00,19.4,1013.5,86.56190404346255
2024-11-28 03:00:00,21.4,1015.8,78.46820659148995
2024-11-28 06:00:00,26.6,1014.2,54.23420155768275
2024-11-28 09:00:00,28.2,1011.8,48.14151646577095
2024-11-28 12:00:00,25.4,1012.5,62.030513145037226
2024-11-28 15:00:00,22.8,1014.2,74.35698654323872
2024-11-28 18:00:00,22.4,1014.5,75.7070072653873
2024-11-28 21:00:00,21.6,1013.1,80.49756918337606
2024-11-29 00:00:00,20.8,1013.8,83.49059767012783
2024-11-29 03:00:00,22.6,1016.2,72.93128717326938
2024-11-29 06:00:00,27.0,1014.2,56.07951487572317
2024-11-29 09:00:00,28.1,1012.2,53.926349729528624
2024-11-29 12:00:00,24.6,1012.3,72.37235517024858
2024-11-29 15:00:00,24.2,1013.7,76.94107668815431
2024-11-29 18:00:00,23.2,1013.6,81.21067682976118
2024-11-29 21:00:00,22.8,1012.5,81.15946153199087
2024-11-30 00:00:00,22.0,1013.1,73.75452283587201
2024-11-30 03:00:00,20.0,1015.8,81.3101072483957
2024-11-30 06:00:00,20.0,1014.1,84.99533007192596
2024-11-30 09:00:00,20.4,1011.9,87.20286371169097
2024-11-30 12:00:00,19.4,1011.7,93.9477273183699
2024-11-30 15:00:00,19.6,1013.2,95.13901516968379
2024-11-30 18:00:00,19.8,1012.8,95.14623855199284
2024-11-30 21:00:00,19.6,1012.1,93.95667425471608
2024-12-02 00:00:00,21.1,1011.5,74.07039877373643
2024-12-02 03:00:00,21.4,1014.2,69.98744152646606
2024-12-02 06:00:00,24.4,1013.3,61.805642930968055
2024-12-02 09:00:00,25.8,1011.4,54.727787543447995
2024-12-02 12:00:00,24.0,1011.8,69.16319209999386
2024-12-02 15:00:00,21.4,1013.3,83.0374552421445
2024-12-02 18:00:00,21.6,1012.7,82.02710335531518
2024-12-02 21:00:00,21.2,1012.4,80.95258341625193
2024-12-03 00:00:00,20.2,1013.1,78.79327041212115
2024-12-03 03:00:00,22.0,1015.3,68.77349522244712
2024-12-03 06:00:00,26.4,1014.2,55.57883796392953
2024-12-03 09:00:00,28.0,1011.5,45.68695398579168
2024-12-03 12:00:00,24.7,1011.7,67.16101768968531
2024-12-03 15:00:00,20.6,1013.6,79.8567757762695
2024-12-04 00:00:00,17.4,1013.3,88.04847038525622
2024-12-04 03:00:00,22.4,1015.2,69.29137490376931
2024-12-04 06:00:00,26.9,1013.5,45.09516259601119
2024-12-04 09:00:00,27.6,1011.1,46.46713497984191
2024-12-04 12:00:00,23.6,1011.7,68.65136550436802
2024-12-04 15:00:00,19.2,1013.6,82.25016576603356
2024-12-04 18:00:00,17.6,1012.9,86.94420809273632
2024-12-04 21:00:00,16.8,1012.4,89.13688567841211
2024-12-05 00:00:00,16.6,1013.2,91.44416208645718
2024-12-05 03:00:00,21.8,1015.3,70.51187349579016
2024-12-05 06:00:00,28.0,1013.5,42.28248962275748
2024-12-05 09:00:00,28.8,1010.8,35.41647118801022
2024-12-05 12:00:00,22.8,1011.3,68.0603877774896
2024-12-05 15:00:00,19.0,1012.8,80.66276457451087
2024-12-05 18:00:00,17.5,1012.5,82.03874497705698
2024-12-05 21:00:00,16.4,1011.9,83.51555428322855
2024-12-06 00:00:00,16.2,1012.3,85.1378687966253
2024-12-06 03:00:00,21.4,1014.9,58.77601736607697
2024-12-06 06:00:00,26.4,1013.8,41.2931864764156
2024-12-06 09:00:00,27.4,1010.3,36.690770983004896
2024-12-06 12:00:00,22.6,1010.9,62.99689602797345
2024-12-06 15:00:00,19.0,1012.8,71.8231453434557
2024-12-06 18:00:00,17.4,1012.8,77.87699805374835
2024-12-06 21:00:00,16.2,1011.8,85.1378687966253
2024-12-07 00:00:00,15.6,1012.3,87.32148192965687
2024-12-07 03:00:00,21.5,1014.6,55.06947008661719
2024-12-07 06:00:00,25.4,1014.0,39.67456658328425
2024-12-07 09:00:00,26.4,1011.7,41.2931864764156
2024-12-07 12:00:00,22.6,1012.4,61.79318420370474
2024-12-07 15:00:00,18.0,1014.2,74.50117291249502
2024-12-07 18:00:00,16.8,1013.7,81.41959056140895
2024-12-07 21:00:00,16.4,1012.9,82.97394914545455
2024-12-08 00:00:00,14.8,1013.7,86.6778489821316
2024-12-08 03:00:00,20.2,1016.0,64.11222275274461
2024-12-08 06:00:00,25.1,1014.6,41.47681068013291
2024-12-08 09:00:00,26.2,1011.6,38.59921431196484
2024-12-08 12:00:00,22.6,1012.0,61.79318420370474
2024-12-08 15:00:00,17.5,1013.0,77.38692153514398
2024-12-08 18:00:00,16.4,1012.5,82.4354380619896
2024-12-08 21:00:00,15.8,1012.0,85.09530172182048
2024-12-09 00:00:00,15.5,1012.9,92.56494197555524
2024-12-09 03:00:00,20.0,1015.0,72.470856291407
2024-12-09 06:00:00,25.8,1013.9,49.38256381356927
2024-12-09 09:00:00,26.0,1011.6,47.24624692269561
2024-12-09 12:00:00,21.4,1012.4,66.91376191861946
2024-12-09 15:00:00,19.4,1013.0,77.17911273163557
2024-12-09 18:00:00,18.1,1013.1666666666666,85.33766943241662
2024-12-09 21:00:00,17.6,1013.3333333333334,85.83526358356409
2024-12-10 00:00:00,17.4,1013.5,89.75693674926578
2024-12-10 03:00:00,20.0,1015.4,77.76603602176817
2024-12-10 06:00:00,24.6,1014.1,61.85075620714107
2024-12-10 09:00:00,25.8,1011.7,57.58626205974758
2024-12-10 12:00:00,22.4,1012.8,72.43681558289073
2024-12-10 15:00:00,20.2,1015.6,83.42149095195703
2024-12-10 18:00:00,18.4,1015.8,89.83126862847055
2024-12-10 21:00:00,17.6,1015.0,93.8663131960353
2024-12-11 00:00:00,16.0,1015.7,93.79257390574581
2024-12-11 03:00:00,16.8,1018.0,95.64457524587876
2024-12-11 06:00:00,20.8,1016.8,73.07960941553814
2024-12-11 09:00:00,24.0,1013.4,47.32328485634583
2024-12-11 12:00:00,20.4,1013.4,60.888563248098706
2024-12-11 15:00:00,16.2,1014.5,79.2398821854657
2024-12-11 18:00:00,17.2,1014.2,77.8468347395206
2024-12-11 21:00:00,15.8,1013.4,82.90169301452688
2024-12-12 00:00:00,13.6,1013.3,88.29459455000975
2024-12-12 03:00:00,18.0,1015.1,65.33413022042211
2024-12-12 06:00:00,23.2,1013.6,42.0586692311669
2024-12-12 09:00:00,24.6,1011.5,38.92408341757391
2024-12-12 12:00:00,20.8,1012.4,56.73465873449018
2024-12-12 15:00:00,18.2,1014.7,74.5350464901098
2024-12-12 18:00:00,17.2,1014.6,83.60845992494205
2024-12-12 21:00:00,15.8,1014.0,87.33984624682459
2024-12-13 00:00:00,15.0,1014.1,85.00963460681639
2024-12-13 03:00:00,17.4,1016.1,59.37885920664211
2024-12-13 06:00:00,23.0,1015.0,40.33825891144123
2024-12-13 09:00:00,24.4,1012.3,37.32877350262457
2024-12-13 12:00:00,21.0,1012.7,53.863339310332655
2024-12-13 15:00:00,16.7,1014.7,72.34682171467188
2024-12-13 18:00:00,17.1,1015.8,68.6943860071172
2024-12-13 21:00:00,16.4,1015.5,73.73972004056995
2024-12-14 00:00:00,14.2,1016.5,69.50207850873608
2024-12-14 03:00:00,18.0,1018.4,56.41185629832932
2024-12-14 06:00:00,23.4,1017.1,43.83834184284298
2024-12-14 09:00:00,24.2,1014.1,35.787216491791426
2024-12-14 12:00:00,20.2,1014.5,51.20497485472981
2024-12-14 15:00:00,18.4,1016.4,60.41926860908187
2024-12-14 18:00:00,17.0,1016.9,70.05166142718224
2024-12-14 21:00:00,15.8,1016.2,77.12386853020143
2024-12-15 00:00:00,13.4,1016.8,72.71466709434519
2024-12-15 03:00:00,17.4,1019.3,48.751619951838066
2024-12-15 06:00:00,23.4,1017.6,37.04466791190452
2024-12-15 09:00:00,24.9,1014.7,39.00879135306071
2024-12-15 12:00:00,20.9,1014.7,54.55535438083009
2024-12-15 15:00:00,15.8,1016.4,77.12386853020143
2024-12-15 18:00:00,15.4,1016.4,80.70423393504583
2024-12-15 21:00:00,15.0,1015.2,82.80466099679545
2024-12-16 00:00:00,14.0,1015.3,84.34185405958227
2024-12-16 03:00:00,17.6,1017.7,67.00037536557673
2024-12-16 06:00:00,23.8,1016.2,54.22424116304207
2024-12-16 09:00:00,25.6,1013.1,45.32877242250413
2024-12-16 12:00:00,21.2,1013.4,65.16845708989669
2024-12-16 15:00:00,17.8,1015.3,81.54856547900245
2024-12-16 18:00:00,16.4,1015.3,82.97394914545455
2024-12-16 21:00:00,15.8,1014.4,80.75802863511915
2024-12-17 00:00:00,15.2,1014.8,88.43098653543501
2024-12-17 03:00:00,19.2,1016.9,71.8597654605954
2024-12-17 06:00:00,25.2,1015.1,47.33806540677984
2024-12-17 09:00:00,26.6,1012.3,45.306629350599906
2024-12-17 12:00:00,22.0,1012.6,69.21375914661385
2024-12-17 15:00:00,18.6,1014.3,78.56151959545844
2024-12-17 18:00:00,18.4,1014.6,80.58262590477159
2024-12-17 21:00:00,17.8,1013.9,79.9831780603204
2024-12-18 00:00:00,17.6,1013.7,77.90710307634244
2024-12-18 03:00:00,19.8,1015.4,65.2922046207685
2024-12-18 06:00:00,25.4,1013.6,46.47387930481293
2024-12-18 15:00:00,20.4,1014.5,73.00931609495443
2024-12-18 18:00:00,17.2,1014.9,82.00105929920944
2024-12-18 21:00:00,16.6,1014.1,83.53885195933492
2024-12-19 00:00:00,15.8,1015.3,89.05728670930709
2024-12-19 03:00:00,18.8,1017.0,74.63628943626482
2024-12-19 06:00:00,25.2,1015.1,51.17431006946123
2024-12-19 09:00:00,26.4,1012.7,48.593182327300134
2024-12-19 12:00:00,21.8,1013.0,68.73415619857566
2024-12-19 15:00:00,16.8,1014.1,81.41959056140895
2024-12-19 18:00:00,15.6,1014.1,82.87750924942381
2024-12-19 21:00:00,16.0,1013.1,89.0732748299233
2024-12-20 00:00:00,16.5,1013.2,84.61905851133584
2024-12-20 03:00:00,20.6,1015.6,68.055920529955
2024-12-20 06:00:00,25.6,1014.5,49.97184744551875
2024-12-20 09:00:00,26.2,1012.1,47.30012518936924
2024-12-20 12:00:00,23.8,1012.2,61.27730375134291
2024-12-20 15:00:00,21.6,1013.5,68.25610094016601
2024-12-20 18:00:00,21.6,1013.0,70.02560272397503
2024-12-20 21:00:00,21.0,1012.1,74.52673195362371
2024-12-21 00:00:00,20.0,1012.9,88.27004464253949
2024-12-21 03:00:00,20.2,1015.2,90.52800432378555
2024-12-21 06:00:00,21.0,1015.2,78.41010370884172
2024-12-21 09:00:00,20.6,1013.2,76.38391108279227
2024-12-21 12:00:00,19.8,1013.9,86.60007203334754
2024-12-21 15:00:00,18.9,1015.3,91.01130157224821
2024-12-21 18:00:00,18.2,1015.4,95.69017503757527
2024-12-21 21:00:00,17.8,1014.1,96.28452722854858
2024-12-22 00:00:00,16.9,1014.5,98.11394070580211
2024-12-22 03:00:00,18.4,1017.0,93.90269655568989
2024-12-22 06:00:00,23.6,1015.9,65.67702067744715
2024-12-22 09:00:00,25.8,1013.1,58.321056323579214
2024-12-22 12:00:00,22.6,1013.6,73.3927914913938
2024-12-22 15:00:00,20.8,1015.0,74.96971606580898
2024-12-22 18:00:00,20.0,1014.8,83.39836242248586
2024-12-22 21:00:00,19.0,1013.4,90.44509053017224
2024-12-23 00:00:00,16.2,1015.2,91.41883781841517
2024-12-23 03:00:00,20.4,1016.8,80.8479201551504
2024-12-23 06:00:00,25.8,1015.4,45.088008572769205
2024-12-23 09:00:00,26.6,1012.9,36.9547533257342
2024-12-23 12:00:00,22.9,1013.3,53.995405713324274
2024-12-23 15:00:00,20.6,1014.9,59.74903359457973
2024-12-23 18:00:00,19.0,1015.0,68.17624188935186
2024-12-23 21:00:00,19.0,1013.7,68.17624188935186
2024-12-24 00:00:00,19.0,1014.8,71.8231453434557
2024-12-24 03:00:00,20.2,1016.9,64.11222275274461
2024-12-24 06:00:00,25.2,1015.4,44.92342577358784
2024-12-24 09:00:00,26.2,1012.9,42.336399663448255
2024-12-24 12:00:00,23.2,1013.1,53.37143752203796
2024-12-24 15:00:00,21.2,1015.5,61.473225569121205
2024-12-24 18:00:00,21.0,1016.2,71.26850927936421
2024-12-24 21:00:00,20.6,1015.4,74.4596174181464
2024-12-25 00:00:00,19.4,1016.1,78.67784341248483
2024-12-25 03:00:00,21.2,1018.8,69.94921355360336
2024-12-25 06:00:00,24.6,1017.8,53.38332827081842
2024-12-25 09:00:00,24.8,1015.1,55.1817788084762
2024-12-25 12:00:00,22.8,1015.6,68.0603877774896
2024-12-25 15:00:00,20.8,1018.2,78.38096858207
2024-12-25 18:00:00,21.4,1018.4,75.06854363302618
2024-12-25 21:00:00,20.6,1017.3,78.35177748724496
2024-12-26 00:00:00,20.2,1018.1,72.50665915505505
2024-12-26 03:00:00,21.2,1020.6,65.16845708989669
2024-12-26 06:00:00,26.0,1020.2,48.48656876563434
2024-12-26 09:00:00,27.0,1016.7,43.39821017416529
2024-12-26 12:00:00,24.2,1017.2,54.67762067213747
2024-12-26 15:00:00,21.4,1018.9,68.65527496551186
2024-12-26 18:00:00,20.4,1018.9,69.34684446879916
2024-12-26 21:00:00,19.4,1017.9,70.0557464467342
2024-12-27 00:00:00,18.2,1018.3,74.5350464901098
2024-12-27 03:00:00,20.2,1021.1,67.53624912686811
2024-12-27 06:00:00,26.0,1019.7,47.24624692269561
2024-12-27 09:00:00,27.3,1016.3,36.17959742850195
2024-12-27 12:00:00,23.9,1016.6,54.95650194387897
2024-12-27 15:00:00,19.8,1018.2,74.32464288933063
2024-12-27 18:00:00,18.0,1018.2,80.52893541547579
2024-12-27 21:00:00,17.4,1017.4,82.0261957179648
2024-12-28 00:00:00,17.0,1017.5,79.87241483728825
2024-12-28 03:00:00,19.9,1019.4,67.91477125733437
2024-12-28 06:00:00,25.5,1018.3,67.3222359681811
2024-12-28 09:00:00,27.2,1015.0,39.91587141580585
2024-12-28 12:00:00,24.0,1015.0,60.159267516551964
2024-12-28 15:00:00,19.6,1016.7,74.7704038194316
2024-12-28 18:00:00,17.4,1016.6,81.49713040868144
2024-12-28 21:00:00,17.0,1015.9,79.35403309101764
2024-12-29 00:00:00,16.4,1016.2,86.83101458743167
2024-12-29 03:00:00,21.0,1018.6,66.40122606049283
2024-12-29 06:00:00,26.2,1017.1,42.336399663448255
2024-12-29 09:00:00,27.8,1014.1,40.87569237222421
2024-12-29 12:00:00,24.6,1014.3,57.66431548980472
2024-12-29 15:00:00,21.7,1016.2,69.59876607268755
2024-12-29 18:00:00,19.1,1016.2,80.1613168408941
2024-12-29 21:00:00,18.7,1015.5,87.04672541951783
2024-12-30 00:00:00,18.8,1015.9,73.19917002586746
2024-12-30 03:00:00,21.2,1018.5,60.28315144831681
2024-12-30 06:00:00,25.0,1017.9,61.16156608407452
2024-12-30 09:00:00,26.2,1015.2,57.68233434250922
2024-12-30 12:00:00,24.4,1016.0,64.2018621092534
2024-12-30 15:00:00,22.2,1017.7,73.7886969502603
2024-12-30 18:00:00,20.4,1018.2,79.82930712381024
2024-12-30 21:00:00,18.4,1017.3,89.83126862847055
2024-12-31 00:00:00,17.2,1017.7,91.48194220405334
2024-12-31 03:00:00,18.1,1020.5,85.33766943241662
2024-12-31 06:00:00,21.4,1019.1,64.37433189366266
2024-12-31 09:00:00,23.0,1015.7,56.905982387401856
2024-12-31 12:00:00,21.2,1014.9,63.50267951350905
2024-12-31 15:00:00,19.2,1016.7,70.01729897448654
2024-12-31 18:00:00,18.0,1016.6,74.50117291249502
2024-12-31 21:00:00,16.2,1015.6,79.2398821854657
