time,temp_c,slp_hpa,rh_pct
2023-01-01 00:00:00,17.2,1015.5,81.47133555590639
2023-01-01 03:00:00,17.8,1018.0,82.07631714611342
2023-01-01 06:00:00,26.4,1018.0,38.91233315921081
2023-01-01 09:00:00,28.2,1014.6,41.253780009810335
2023-01-01 12:00:00,25.6,1014.6,53.29501411484861
2023-01-01 15:00:00,23.4,1016.3,66.89673414384397
2023-01-01 18:00:00,19.6,1016.3,70.54987572913048
2023-01-01 21:00:00,18.2,1014.3,86.44644409809676
2023-01-02 00:00:00,17.2,1014.0,89.7419745584916
2023-01-02 03:00:00,17.6,1016.5,89.77186688273888
2023-01-02 06:00:00,29.4,1016.6,35.120123771064485
2023-01-02 09:00:00,31.0,1013.7,38.18234194260357
2023-01-02 12:00:00,28.8,1013.3,49.22758668513023
2023-01-02 15:00:00,24.8,1015.3,68.02858379801896
2023-01-02 18:00:00,21.8,1016.5,75.61066811578078
2023-01-02 21:00:00,19.4,1014.8,81.23264238410255
2023-01-03 00:00:00,18.2,1014.6,95.69017503757527
2023-01-03 03:00:00,18.4,1016.4,88.13441076656039
2023-01-03 06:00:00,29.0,1016.5,49.28004652644674
2023-01-03 09:00:00,30.2,1013.1,45.98734517749429
2023-01-03 12:00:00,27.8,1012.7,49.27755916212099
2023-01-03 15:00:00,24.4,1015.5,75.5545437025466
2023-01-03 18:00:00,21.0,1015.7,79.91155284255397
2023-01-03 21:00:00,19.4,1013.9,84.93178225244176
2023-01-04 00:00:00,18.0,1013.3,89.80163133535805
2023-01-04 03:00:00,18.4,1015.3,89.83126862847055
2023-01-04 06:00:00,28.4,1014.6,44.06503931299219
2023-01-04 09:00:00,29.2,1012.3,48.40624725511165
2023-01-04 12:00:00,26.8,1012.0,55.677419950299736
2023-01-04 15:00:00,23.2,1013.3,69.88593045135374
2023-01-04 18:00:00,21.4,1013.8,80.47097062716614
2023-01-04 21:00:00,20.6,1013.1,87.22105196053376
2023-01-05 00:00:00,20.4,1012.6,76.35240172029633
2023-01-05 03:00:00,20.6,1015.4,78.35177748724496
2023-01-05 06:00:00,29.0,1015.9,48.047970414933914
2023-01-05 09:00:00,30.0,1013.7,53.7282668311392
2023-01-05 12:00:00,28.4,1013.2,58.568820751413384
2023-01-05 15:00:00,24.8,1015.6,71.06867975286194
2023-01-05 18:00:00,23.0,1016.3,76.27881450654198
2023-01-05 21:00:00,22.0,1015.0,84.15029745167602
2023-01-06 00:00:00,23.2,1015.0,74.89147604230592
2023-01-06 03:00:00,23.6,1017.4,73.1055227428291
2023-01-06 06:00:00,30.2,1018.3,49.28378027609706
2023-01-06 09:00:00,33.0,1015.1,37.524246972641585
2023-01-06 12:00:00,30.0,1014.6,50.48129264923812
2023-01-06 15:00:00,27.4,1016.2,57.60660548767008
2023-01-06 18:00:00,25.4,1016.9,68.57308221822572
2023-01-06 21:00:00,24.0,1015.4,72.2660894358301
2023-01-07 00:00:00,23.6,1015.2,76.37249952757334
2023-01-07 03:00:00,25.2,1017.7,68.53404397143257
2023-01-07 06:00:00,30.6,1018.2,49.69747942096259
2023-01-07 09:00:00,32.0,1015.0,43.64873094146102
2023-01-07 12:00:00,29.2,1014.1,60.59552793348259
2023-01-07 15:00:00,27.6,1015.9,65.68864481870233
2023-01-07 18:00:00,25.4,1016.2,72.96297423706713
2023-01-07 21:00:00,23.2,1014.9,79.71231483560945
2023-01-08 00:00:00,23.4,1014.4,68.61214204484527
2023-01-08 03:00:00,23.8,1016.6,67.4028455421119
2023-01-08 06:00:00,30.4,1016.9,38.510044187358744
2023-01-08 09:00:00,32.0,1013.7,33.382797528971295
2023-01-08 12:00:00,29.2,1013.1,39.18225554283719
2023-01-08 15:00:00,26.2,1014.8,59.15801200288633
2023-01-08 18:00:00,22.6,1015.8,64.63389847736897
2023-01-08 21:00:00,20.8,1014.8,61.38116638730571
2023-01-09 00:00:00,22.8,1015.0,46.99653076285457
2023-01-09 03:00:00,22.4,1017.5,48.15165677300655
2023-01-09 06:00:00,29.4,1018.3,28.7744066414214
2023-01-09 09:00:00,31.4,1015.1,27.804132210957356
2023-01-09 12:00:00,28.4,1014.5,33.704905272398875
2023-01-09 15:00:00,25.6,1016.2,48.06668688692607
2023-01-09 18:00:00,21.6,1016.4,54.37442019005151
2023-01-09 21:00:00,19.4,1015.4,68.70265881807667
2023-01-10 00:00:00,17.8,1015.3,76.4329982048574
2023-01-10 03:00:00,20.2,1017.3,52.59372717806794
2023-01-10 06:00:00,29.6,1017.3,27.13348169868665
2023-01-10 09:00:00,32.6,1014.4,32.042788060045325
2023-01-10 12:00:00,29.2,1013.3,36.952094421404006
2023-01-10 15:00:00,25.6,1014.5,48.06668688692607
2023-01-10 18:00:00,21.4,1014.5,65.21122138445863
2023-01-10 21:00:00,19.8,1012.7,77.73604009831854
2023-01-11 00:00:00,18.4,1012.8,80.58262590477159
2023-01-11 03:00:00,18.0,1015.0,80.52893541547579
2023-01-11 06:00:00,30.4,1015.6,33.37595825462562
2023-01-11 09:00:00,30.0,1012.9,44.50001175620574
2023-01-11 12:00:00,27.8,1011.9,48.035192948546424
2023-01-11 15:00:00,23.2,1013.7,62.3272343697598
2023-01-11 18:00:00,20.0,1013.7,70.62550939676852
2023-01-11 21:00:00,18.0,1012.6,76.46472676151815
2023-01-12 00:00:00,17.4,1012.2,82.0261957179648
2023-01-12 03:00:00,17.4,1014.3,79.92790572070956
2023-01-12 06:00:00,27.2,1014.7,42.33655140011025
2023-01-12 09:00:00,28.4,1011.6,53.66339405042314
2023-01-12 12:00:00,27.0,1010.9,53.310417727475865
2023-01-12 15:00:00,23.4,1013.2,71.70723841493773
2023-01-12 18:00:00,23.0,1014.0,79.19032580005634
2023-01-12 21:00:00,21.6,1013.1,87.31142912839378
2023-01-13 00:00:00,20.6,1012.8,88.87450414906138
2023-01-13 03:00:00,20.8,1015.1,85.0794567259643
2023-01-13 06:00:00,26.0,1016.0,46.03393328611059
2023-01-13 09:00:00,27.0,1013.0,47.209973097959896
2023-01-13 12:00:00,24.8,1012.3,56.615701950203146
2023-01-13 15:00:00,22.4,1014.3,62.95239911045817
2023-01-13 18:00:00,21.0,1015.0,61.82882049375357
2023-01-13 21:00:00,18.8,1013.8,69.94020031223228
2023-01-14 00:00:00,16.6,1013.3,71.85217310968135
2023-01-14 03:00:00,16.4,1015.5,79.2685041939678
2023-01-14 06:00:00,24.0,1015.8,46.09201277446216
2023-01-14 09:00:00,25.6,1012.6,35.461200847011675
2023-01-14 12:00:00,23.4,1012.3,42.397874183870684
2023-01-14 15:00:00,21.2,1013.8,49.45259241649359
2023-01-14 18:00:00,18.8,1014.0,62.55161836475018
2023-01-14 21:00:00,15.8,1012.7,72.66353273478579
2023-01-15 00:00:00,15.0,1011.7,82.80466099679545
2023-01-15 03:00:00,15.0,1013.9,82.80466099679545
2023-01-15 06:00:00,26.2,1013.7,44.9038714895109
2023-01-15 09:00:00,26.8,1010.3,44.48636302711314
2023-01-15 12:00:00,25.2,1010.2,50.19046683038073
2023-01-15 15:00:00,21.2,1012.2,71.76260834841655
2023-01-15 18:00:00,19.2,1012.5,81.20671827179753
2023-01-15 21:00:00,17.4,1011.4,85.81502859929192
2023-01-16 00:00:00,16.4,1011.3,89.68180342228284
2023-01-16 03:00:00,16.4,1013.9,89.68180342228284
2023-01-16 06:00:00,25.4,1014.2,55.685949687242655
2023-01-16 09:00:00,27.0,1011.4,44.541111469836196
2023-01-16 12:00:00,25.8,1010.6,49.38256381356927
2023-01-16 15:00:00,22.0,1012.7,73.75452283587201
2023-01-16 18:00:00,19.0,1013.1,80.66276457451087
2023-01-16 21:00:00,21.0,1013.2,100.0
2023-01-17 00:00:00,16.4,1011.6,91.43151375710556
2023-01-17 03:00:00,16.2,1013.9,91.41883781841517
2023-01-17 06:00:00,26.8,1014.5,51.92002876756459
2023-01-17 09:00:00,28.4,1011.9,48.81145236907877
2023-01-17 12:00:00,26.6,1011.2,54.23420155768275
2023-01-17 15:00:00,22.6,1013.3,69.33008235227456
2023-01-17 18:00:00,19.4,1014.0,81.23264238410255
2023-01-17 21:00:00,18.2,1013.0,88.11729523295126
2023-01-18 00:00:00,16.6,1012.7,91.44416208645718
2023-01-18 03:00:00,16.4,1014.9,89.68180342228284
2023-01-18 06:00:00,29.6,1015.3,40.8445149718807
2023-01-18 09:00:00,29.6,1012.4,51.0137619532381
2023-01-18 12:00:00,28.0,1011.8,44.52628235186481
2023-01-18 15:00:00,23.6,1014.0,73.1055227428291
2023-01-18 18:00:00,19.6,1014.7,82.82420852335207
2023-01-18 21:00:00,18.0,1013.2,85.87560769615662
2023-01-19 00:00:00,16.8,1012.7,87.43108727612648
2023-01-19 03:00:00,17.6,1015.3,77.90710307634244
2023-01-19 06:00:00,26.8,1015.7,58.55809877032945
2023-01-19 09:00:00,29.0,1012.3,48.047970414933914
2023-01-19 12:00:00,28.0,1011.4,51.89860867537005
2023-01-19 15:00:00,22.4,1013.0,75.7070072653873
2023-01-19 18:00:00,21.0,1013.9,85.6351787342579
2023-01-19 21:00:00,19.0,1012.8,88.18554132284771
2023-01-20 00:00:00,18.2,1012.2,93.89363078527036
2023-01-20 03:00:00,17.8,1014.8,93.87543916375934
2023-01-20 06:00:00,27.2,1015.6,48.493766828758595
2023-01-20 09:00:00,29.2,1012.6,40.21087920229749
2023-01-20 12:00:00,27.2,1012.0,51.0386930535946
2023-01-20 15:00:00,23.2,1013.8,63.94176927480236
2023-01-20 18:00:00,21.0,1014.0,81.95274097068757
2023-01-20 21:00:00,19.8,1013.1,88.81038774322853
2023-01-21 00:00:00,18.2,1013.1,86.44644409809676
2023-01-21 03:00:00,20.0,1015.4,90.51425911024681
2023-01-21 06:00:00,28.0,1015.6,41.19837712141769
2023-01-21 09:00:00,28.0,1013.0,44.52628235186481
2023-01-21 12:00:00,27.4,1012.0,27.843019193308322
2023-01-21 15:00:00,23.6,1013.8,61.23159477777704
2023-01-21 18:00:00,20.4,1014.4,64.15608531331758
2023-01-21 21:00:00,18.2,1013.1,65.81041709610372
2023-01-22 00:00:00,20.8,1012.5,61.38116638730571
2023-01-22 03:00:00,18.2,1014.9,65.81041709610372
2023-01-22 06:00:00,26.6,1015.0,35.743295774420865
2023-01-22 09:00:00,26.2,1012.0,38.59921431196484
2023-01-22 12:00:00,24.2,1011.4,43.47995963432963
2023-01-22 15:00:00,22.0,1012.9,47.406531020959186
2023-01-22 18:00:00,18.6,1013.5,65.89566936008023
2023-01-22 21:00:00,17.4,1012.3,70.59260356670579
2023-01-23 00:00:00,17.0,1011.7,71.92595452180186
2023-01-23 03:00:00,17.2,1013.7,68.26110097365607
2023-01-23 06:00:00,25.2,1014.2,38.57461639009527
2023-01-23 09:00:00,25.8,1011.2,45.680636096279336
2023-01-23 12:00:00,23.4,1010.8,49.38778468739456
2023-01-23 15:00:00,21.4,1012.8,54.32336862127332
2023-01-23 18:00:00,18.8,1013.4,60.916544381236726
2023-01-23 21:00:00,17.0,1012.2,68.2205393539918
2023-01-24 00:00:00,16.0,1011.9,73.1832774109244
2023-01-24 03:00:00,18.0,1013.9,59.922783356300776
2023-01-24 06:00:00,23.6,1015.0,38.640937807490175
2023-01-24 09:00:00,25.6,1012.2,44.156665179924964
2023-01-24 12:00:00,23.6,1011.7,48.157812114060874
2023-01-24 15:00:00,21.6,1013.4,60.77061822191757
2023-01-24 18:00:00,20.0,1013.7,65.7622185890749
2023-01-24 21:00:00,17.0,1012.6,70.05166142718224
2023-01-25 00:00:00,18.4,1012.6,60.41926860908187
2023-01-25 03:00:00,17.0,1014.4,71.92595452180186
2023-01-25 06:00:00,24.0,1014.4,40.62068282859552
2023-01-25 09:00:00,25.8,1011.5,43.066768116605786
2023-01-25 12:00:00,23.8,1011.1,48.52969025735644
2023-01-25 15:00:00,22.0,1013.0,61.25880440963451
2023-01-25 18:00:00,20.4,1013.2,65.84698390364156
2023-01-25 21:00:00,18.2,1012.1,73.09321958834506
2023-01-26 00:00:00,17.2,1011.7,70.09039542480637
2023-01-26 03:00:00,17.6,1013.3,65.24765286244165
2023-01-26 06:00:00,25.6,1013.8,42.72912166480393
2023-01-26 09:00:00,28.4,1010.5,41.577721781983016
2023-01-26 12:00:00,26.2,1010.2,55.177580931586704
2023-01-26 15:00:00,23.6,1012.2,68.65136550436802
2023-01-26 18:00:00,21.4,1012.5,76.99499781655292
2023-01-26 21:00:00,20.0,1011.2,84.99533007192596
2023-01-27 00:00:00,19.6,1010.9,84.95300821206541
2023-01-27 03:00:00,20.4,1012.5,83.44457292349531
2023-01-27 06:00:00,29.6,1012.3,51.0137619532381
2023-01-27 09:00:00,32.4,1009.3,47.15537254104221
2023-01-27 12:00:00,29.4,1009.1,52.25595491573255
2023-01-27 15:00:00,26.0,1011.2,66.17566859299606
2023-01-27 18:00:00,23.8,1011.4,76.40361175831273
2023-01-27 21:00:00,22.6,1009.9,84.21619689321432
2023-01-28 00:00:00,21.4,1009.9,85.67552411246282
2023-01-28 03:00:00,20.6,1012.0,91.1218746895584
2023-01-28 06:00:00,31.6,1012.0,31.995193497361473
2023-01-28 09:00:00,32.2,1008.8,39.75715510944213
2023-01-28 12:00:00,29.0,1008.1,57.98691806209805
2023-01-28 15:00:00,25.6,1010.1,82.01145278638
2023-01-28 18:00:00,25.0,1010.9,86.5553591977721
2023-01-28 21:00:00,24.2,1008.9,88.07733960854361
2023-01-29 00:00:00,23.0,1008.7,91.27459428964966
2023-01-29 03:00:00,23.6,1011.1,86.42328080854222
2023-01-29 06:00:00,29.0,1011.2,64.38421540041374
2023-01-29 09:00:00,28.0,1008.5,69.07461707385258
2023-01-29 12:00:00,26.0,1008.4,71.7285371211518
2023-01-29 15:00:00,24.4,1010.8,83.38445864005315
2023-01-29 18:00:00,23.8,1012.1,79.7941177858265
2023-01-29 21:00:00,22.6,1011.1,82.66238212842283
2023-01-30 00:00:00,21.4,1011.5,88.9380830861729
2023-01-30 03:00:00,22.4,1014.4,82.63851822798792
2023-01-30 06:00:00,26.4,1015.4,56.64557967688834
2023-01-30 09:00:00,29.4,1011.6,53.245045415963254
2023-01-30 12:00:00,26.4,1011.6,62.25365124486911
2023-01-30 15:00:00,25.6,1013.3,64.45946580818865
2023-01-30 18:00:00,23.4,1014.0,74.9242703691049
2023-01-30 21:00:00,22.4,1012.6,74.28995470707756
2023-01-31 00:00:00,21.4,1012.3,71.79898970107504
2023-01-31 03:00:00,21.2,1014.2,85.6553720601642
2023-01-31 06:00:00,29.8,1014.2,48.870951120558274
2023-01-31 09:00:00,31.2,1010.7,52.710735539122425
2023-01-31 12:00:00,29.2,1009.6,53.19475408938177
2023-01-31 15:00:00,26.0,1011.8,71.7285371211518
2023-01-31 18:00:00,24.0,1011.9,76.91061342319855
2023-01-31 21:00:00,24.4,1010.7,61.805642930968055
2023-02-01 00:00:00,24.8,1010.6,56.615701950203146
2023-02-01 03:00:00,24.8,1013.1,55.1817788084762
2023-02-01 06:00:00,30.4,1013.6,39.514678436018755
2023-02-01 09:00:00,33.6,1010.3,34.4786261295975
2023-02-01 12:00:00,30.2,1009.7,49.28378027609706
2023-02-01 15:00:00,26.8,1011.6,66.75154657469582
2023-02-01 18:00:00,28.0,1012.3,48.08838553713478
2023-02-01 21:00:00,26.8,1011.6,46.85276383068361
2023-02-02 00:00:00,26.0,1011.0,44.557102524016656
2023-02-02 03:00:00,25.8,1013.7,44.50216079828186
2023-02-02 06:00:00,31.2,1013.9,34.48369191025763
2023-02-02 09:00:00,34.2,1010.3,31.47160195806603
2023-02-02 12:00:00,29.8,1010.2,45.589994727149644
2023-02-02 15:00:00,28.4,1012.0,44.06503931299219
2023-02-02 18:00:00,24.6,1013.0,62.244261568923164
2023-02-02 21:00:00,23.0,1012.1,79.19032580005634
2023-02-03 00:00:00,21.4,1012.2,71.79898970107504
2023-02-03 03:00:00,22.2,1014.3,59.73774579082662
2023-02-03 06:00:00,31.8,1014.6,33.111674706912616
2023-02-03 09:00:00,32.8,1011.6,30.68731372350643
2023-02-03 12:00:00,29.0,1011.0,37.87337392457684
2023-02-03 15:00:00,26.6,1012.8,43.00613273098813
2023-02-03 18:00:00,22.8,1013.6,57.22712564566126
2023-02-03 21:00:00,21.2,1011.9,65.16845708989669
2023-02-04 00:00:00,20.0,1010.8,67.49544844818791
2023-02-04 03:00:00,20.4,1012.7,71.15735822881922
2023-02-04 06:00:00,31.6,1013.1,31.995193497361473
2023-02-04 09:00:00,32.4,1010.0,36.8848010082774
2023-02-04 12:00:00,30.0,1009.4,39.15069222038928
2023-02-04 15:00:00,26.6,1010.9,58.14346599287039
2023-02-04 18:00:00,22.8,1011.8,71.14751921151326
2023-02-04 21:00:00,21.4,1009.9,82.00236498749985
2023-02-05 00:00:00,20.2,1009.4,81.33582680524137
2023-02-05 03:00:00,20.0,1011.7,79.77420892653373
2023-02-05 06:00:00,31.6,1012.2,31.995193497361473
2023-02-05 09:00:00,32.0,1009.9,39.45068417949749
2023-02-05 12:00:00,31.2,1009.4,32.30578783291035
2023-02-05 15:00:00,25.8,1011.0,74.85200261699907
2023-02-05 18:00:00,22.6,1011.9,72.93128717326938
2023-02-05 21:00:00,20.6,1010.7,81.90291975518062
2023-02-06 00:00:00,19.8,1010.3,88.81038774322853
2023-02-06 03:00:00,19.0,1012.6,88.18554132284771
2023-02-06 06:00:00,29.2,1013.3,39.18225554283719
2023-02-06 09:00:00,31.4,1010.4,36.60859670025432
2023-02-06 12:00:00,29.4,1009.7,36.28972849758949
2023-02-06 15:00:00,27.4,1011.2,34.56070048268859
2023-02-06 18:00:00,23.2,1011.8,50.64904514681668
2023-02-06 21:00:00,22.0,1011.0,80.55061078560465
2023-02-07 00:00:00,21.6,1010.6,68.69474949084032
2023-02-07 03:00:00,19.6,1012.4,72.39905592806319
2023-02-07 06:00:00,30.6,1012.9,31.5111523635299
2023-02-07 09:00:00,31.2,1009.7,35.39039579052822
2023-02-07 12:00:00,28.8,1009.2,37.57121840891593
2023-02-07 15:00:00,25.2,1010.9,69.82725085286098
2023-02-07 18:00:00,22.2,1011.4,79.07797054429328
2023-02-07 21:00:00,21.0,1010.3,79.91155284255397
2023-02-08 00:00:00,19.6,1010.1,86.58100783026312
2023-02-08 03:00:00,20.2,1012.8,83.42149095195703
2023-02-08 06:00:00,31.2,1013.2,37.50756691261887
2023-02-08 09:00:00,33.4,1009.9,42.943028957546275
2023-02-08 12:00:00,30.6,1009.5,35.685180929600556
2023-02-08 15:00:00,27.8,1011.0,51.84729878092747
2023-02-08 18:00:00,23.4,1011.7,69.92393739267627
2023-02-09 00:00:00,20.0,1010.0,81.3101072483957
2023-02-09 03:00:00,20.6,1012.2,73.04449468125938
2023-02-09 06:00:00,34.0,1013.0,27.769165877439523
2023-02-09 09:00:00,33.6,1010.6,35.370369819266124
2023-02-09 12:00:00,30.8,1010.5,33.92728508266713
2023-02-09 15:00:00,27.2,1012.5,44.88553659091517
2023-02-09 18:00:00,23.2,1013.4,57.69662256232537
2023-02-10 00:00:00,20.6,1012.2,62.95797615726987
2023-02-10 03:00:00,20.4,1014.4,77.82585599299374
2023-02-10 06:00:00,32.0,1014.9,36.30539776370092
2023-02-10 09:00:00,33.0,1012.1,40.483213547994986
2023-02-10 12:00:00,30.8,1010.7,33.92728508266713
2023-02-10 15:00:00,27.4,1012.5,39.19245073809359
2023-02-10 18:00:00,22.8,1014.2,60.266403339762256
2023-02-10 21:00:00,21.2,1013.1,55.748246004594286
2023-02-11 00:00:00,19.0,1012.8,51.23008866942632
2023-02-11 03:00:00,19.2,1015.5,61.414588633023804
2023-02-11 06:00:00,32.4,1015.6,29.20629604033377
2023-02-11 09:00:00,32.4,1012.7,33.928775115959056
2023-02-11 12:00:00,29.6,1011.6,37.549159864907224
2023-02-11 15:00:00,26.6,1013.7,36.9547533257342
2023-02-11 18:00:00,21.0,1014.3,53.863339310332655
2023-02-11 21:00:00,20.0,1012.9,60.795284486151715
2023-02-12 00:00:00,18.0,1012.8,69.3283727086829
2023-02-12 03:00:00,19.0,1014.9,66.41470677414787
2023-02-12 06:00:00,31.0,1015.0,32.03965741466953
2023-02-12 09:00:00,35.0,1012.6,36.89697020749243
2023-02-12 12:00:00,32.6,1011.7,37.176393851054854
2023-02-12 15:00:00,28.6,1013.2,45.26607525457315
2023-02-12 18:00:00,26.4,1014.0,32.9213808361262
2023-02-12 21:00:00,27.0,1012.8,32.86805728643941
2023-02-13 00:00:00,25.6,1012.7,31.817958628360373
2023-02-13 03:00:00,25.6,1015.1,35.461200847011675
2023-02-13 06:00:00,33.6,1015.6,21.184936573305027
2023-02-13 09:00:00,35.6,1012.2,23.951559636440738
2023-02-13 12:00:00,31.6,1011.2,28.9890474006802
2023-02-13 15:00:00,29.4,1012.6,31.80803405497415
2023-02-13 18:00:00,23.6,1013.8,58.16689433121799
2023-02-14 00:00:00,19.6,1012.9,63.56204708093991
2023-02-14 03:00:00,22.0,1015.3,43.15515803050191
2023-02-14 06:00:00,34.2,1015.6,17.871082313115817
2023-02-14 09:00:00,34.4,1012.2,25.59831145970019
2023-02-14 12:00:00,31.2,1011.0,32.30578783291035
2023-02-14 15:00:00,27.6,1012.8,30.268653250880934
2023-02-14 18:00:00,23.4,1013.1,45.02160691736955
2023-02-14 21:00:00,21.0,1011.1,58.679827935321086
2023-02-15 00:00:00,19.6,1010.9,60.302497666312185
2023-02-15 03:00:00,21.0,1013.3,61.82882049375357
2023-02-15 06:00:00,33.2,1014.0,23.177871907918874
2023-02-15 09:00:00,33.4,1010.8,26.0167543520773
2023-02-15 12:00:00,31.6,1009.1,26.234628279844003
2023-02-15 15:00:00,27.8,1010.8,48.035192948546424
2023-02-15 18:00:00,23.2,1012.1,65.17668373106751
2023-02-15 21:00:00,21.2,1010.8,66.8725579630163
2023-02-16 00:00:00,19.4,1010.6,59.85807384514522
2023-02-16 03:00:00,21.2,1013.3,49.45259241649359
2023-02-16 06:00:00,35.0,1014.1,19.863089095325343
2023-02-16 09:00:00,36.0,1011.3,23.584372757841322
2023-02-16 12:00:00,33.0,1010.0,26.25721146956644
2023-02-16 15:00:00,30.8,1012.0,27.827529762045106
2023-02-16 18:00:00,24.4,1013.0,53.33223433397086
2023-02-16 21:00:00,21.8,1011.9,59.25650266469661
2023-02-17 00:00:00,20.0,1011.5,65.7622185890749
2023-02-17 03:00:00,20.8,1013.6,61.38116638730571
2023-02-17 06:00:00,35.6,1014.4,20.69259953376285
2023-02-17 09:00:00,35.2,1011.2,32.77188198042116
2023-02-17 12:00:00,34.2,1009.8,24.551501513974657
2023-02-17 15:00:00,30.0,1011.8,38.15149167807132
2023-02-17 18:00:00,24.8,1012.9,51.06978658634824
2023-02-18 00:00:00,21.6,1010.6,56.8875456089843
2023-02-18 03:00:00,20.8,1013.5,59.796425120302324
2023-02-18 06:00:00,35.0,1013.9,18.30726577698846
2023-02-18 09:00:00,37.0,1010.8,21.244339424902353
2023-02-18 12:00:00,33.4,1010.0,24.181413072816248
2023-02-18 15:00:00,28.6,1012.2,44.119607567927204
2023-02-18 18:00:00,24.2,1012.5,54.67762067213747
2023-02-18 21:00:00,21.6,1011.3,65.25391544185001
2023-02-19 00:00:00,20.2,1010.9,67.53624912686811
2023-02-19 03:00:00,20.6,1013.6,61.335029156698205
2023-02-19 06:00:00,35.8,1013.7,17.87782747918523
2023-02-19 09:00:00,33.8,1011.0,30.167850803379036
2023-02-19 12:00:00,32.4,1009.8,30.980353151290362
2023-02-19 15:00:00,26.8,1011.1,34.85576726917555
2023-02-19 18:00:00,23.6,1011.6,52.43954598139338
2023-02-20 00:00:00,22.8,1011.1,87.95886336881536
2023-02-20 03:00:00,22.6,1013.8,84.21619689321432
2023-02-20 06:00:00,31.2,1014.5,61.04527320720593
2023-02-20 09:00:00,31.8,1011.0,52.21507571697287
2023-02-20 12:00:00,29.4,1010.8,58.0813190585354
2023-02-20 15:00:00,26.6,1012.3,65.075572953862
2023-02-20 18:00:00,23.0,1012.8,68.1002284486751
2023-02-20 21:00:00,22.0,1012.0,79.04974656784833
2023-02-21 00:00:00,21.0,1011.8,87.25731534029728
2023-02-21 03:00:00,20.6,1014.4,79.8567757762695
2023-02-21 06:00:00,32.2,1014.9,44.81126577191242
2023-02-21 09:00:00,33.6,1012.3,39.1433574339644
2023-02-21 12:00:00,31.2,1011.3,41.54764966465231
2023-02-21 15:00:00,27.4,1012.5,45.23136161944047
2023-02-21 18:00:00,23.6,1011.3,59.68194765625472
2023-02-21 21:00:00,24.2,1012.6,75.05484782499553
2023-02-22 00:00:00,21.2,1011.8,76.9642757068897
2023-02-22 03:00:00,22.2,1014.0,80.57705408572946
2023-02-22 06:00:00,30.2,1014.6,48.364800780647826
2023-02-22 09:00:00,31.2,1011.6,55.03175537814078
2023-02-22 12:00:00,29.4,1010.5,54.5893740362844
2023-02-22 15:00:00,25.6,1011.8,68.61205443506742
2023-02-22 18:00:00,23.2,1012.3,77.7522586030719
2023-02-22 21:00:00,21.8,1011.6,84.12824237082634
2023-02-23 00:00:00,20.0,1011.3,77.76603602176817
2023-02-23 03:00:00,20.0,1013.3,79.77420892653373
2023-02-23 06:00:00,34.0,1013.3,22.613823915285867
2023-02-23 09:00:00,32.8,1010.5,33.38702619809111
2023-02-23 12:00:00,32.2,1009.4,32.7935797875063
2023-02-23 15:00:00,27.8,1011.0,54.19164488057315
2023-02-23 18:00:00,23.6,1011.9,62.41693601145195
2023-02-23 21:00:00,21.6,1010.8,71.83530613579937
2023-02-24 00:00:00,20.8,1011.3,78.38096858207
2023-02-24 03:00:00,22.0,1013.7,73.75452283587201
2023-02-24 06:00:00,35.0,1014.2,19.863089095325343
2023-02-24 09:00:00,34.6,1011.8,31.17735383321994
2023-02-24 12:00:00,32.8,1010.9,32.746136558270805
2023-02-24 15:00:00,30.6,1013.1,26.677252948681463
2023-02-24 18:00:00,24.6,1014.4,41.336768101900304
2023-02-24 21:00:00,22.4,1013.6,58.25434943203264
2023-02-25 00:00:00,21.2,1013.8,50.789530615242015
2023-02-25 03:00:00,23.8,1015.9,43.080702285783076
2023-02-25 06:00:00,34.0,1016.0,24.175903130743034
2023-02-25 09:00:00,35.0,1013.1,29.909869309164062
2023-02-25 12:00:00,32.8,1012.5,24.34994421251478
2023-02-25 15:00:00,28.2,1014.1,49.697414479353036
2023-02-25 18:00:00,24.4,1015.3,43.8248979213649
2023-02-25 21:00:00,22.4,1014.4,55.29641731774924
2023-02-26 00:00:00,20.0,1014.4,67.49544844818791
2023-02-26 03:00:00,21.4,1016.2,65.21122138445863
2023-02-26 06:00:00,33.2,1016.5,35.94247230780944
2023-02-26 09:00:00,34.8,1013.6,26.214344520162868
2023-02-26 12:00:00,33.0,1012.8,30.94253388440759
2023-02-26 15:00:00,29.0,1014.3,45.66475006650691
2023-02-26 18:00:00,24.6,1015.4,54.77816081633107
2023-02-26 21:00:00,22.6,1013.7,55.70877664423919
2023-02-27 00:00:00,21.0,1013.7,68.1361982731892
2023-02-27 03:00:00,21.8,1015.8,70.51187349579016
2023-02-27 06:00:00,33.2,1016.2,48.80782425080338
2023-02-27 09:00:00,34.2,1013.4,27.103775005816594
2023-02-27 12:00:00,32.4,1012.6,26.447804707949963
2023-02-27 15:00:00,26.6,1014.0,49.27635105646181
2023-02-27 18:00:00,23.0,1014.8,59.15792233039937
2023-02-27 21:00:00,21.8,1013.7,62.41362156489233
2023-02-28 00:00:00,21.0,1013.4,61.82882049375357
2023-02-28 03:00:00,21.4,1016.3,61.92008126297963
2023-02-28 06:00:00,32.6,1016.7,32.27003646355763
2023-02-28 09:00:00,34.2,1013.9,27.103775005816594
2023-02-28 12:00:00,31.6,1013.0,40.099872392856064
2023-02-28 15:00:00,26.2,1014.3,53.7896414941051
2023-02-28 18:00:00,22.8,1015.3,60.266403339762256
2023-02-28 21:00:00,22.0,1014.0,59.6905556570869
2023-03-01 00:00:00,21.0,1014.2,71.72616194024727
2023-03-01 03:00:00,21.4,1016.7,66.91376191861946
2023-03-01 06:00:00,32.8,1017.1,25.177898374006315
2023-03-01 09:00:00,33.2,1014.4,32.01800578264064
2023-03-01 12:00:00,32.0,1013.1,37.48800396186362
2023-03-01 15:00:00,28.0,1014.6,41.19837712141769
2023-03-01 18:00:00,24.4,1015.6,57.616018760164046
2023-03-01 21:00:00,23.2,1013.8,63.94176927480236
2023-03-02 00:00:00,23.2,1013.9,65.17668373106751
2023-03-02 03:00:00,23.4,1017.1,62.372120309898094
2023-03-02 06:00:00,35.2,1017.3,24.975188283986967
2023-03-02 09:00:00,35.2,1014.5,31.74353999016848
2023-03-02 12:00:00,33.2,1013.1,23.96851208030689
2023-03-02 15:00:00,27.6,1015.0,43.001947059179145
2023-03-02 18:00:00,25.4,1016.7,51.891395587322066
2023-03-03 09:00:00,35.0,1014.0,44.726671478165436
2023-03-03 12:00:00,33.2,1013.0,29.231486479358832
2023-03-03 15:00:00,27.8,1015.4,46.820447800043176
2023-03-03 18:00:00,26.2,1016.2,55.177580931586704
2023-03-03 21:00:00,24.6,1014.7,60.68332422098103
2023-03-04 00:00:00,23.2,1015.0,65.17668373106751
2023-03-04 03:00:00,25.4,1017.4,61.2525557727852
2023-03-04 06:00:00,33.8,1017.7,39.44511845228233
2023-03-04 09:00:00,36.8,1014.1,28.699474313011393
2023-03-04 12:00:00,34.6,1012.9,32.81742176023508
2023-03-04 15:00:00,28.8,1014.9,57.58106758326406
2023-03-04 18:00:00,26.6,1016.0,65.075572953862
2023-03-04 21:00:00,27.6,1014.6,64.48394964994625
2023-03-05 00:00:00,25.0,1014.6,66.80179711177274
2023-03-05 03:00:00,25.8,1017.0,68.65096074996457
2023-03-05 06:00:00,34.2,1017.1,28.004977823649153
2023-03-05 09:00:00,35.2,1013.8,42.89533362416903
2023-03-05 12:00:00,33.6,1012.5,39.1433574339644
2023-03-05 15:00:00,29.0,1013.8,57.98691806209805
2023-03-05 18:00:00,27.0,1014.8,62.77637062843983
2023-03-05 21:00:00,26.4,1013.1,63.431976186978964
2023-03-06 00:00:00,26.4,1013.3,60.71246271379855
2023-03-06 03:00:00,28.8,1014.7,37.57121840891593
2023-03-06 06:00:00,33.8,1015.0,29.20299065511299
2023-03-06 09:00:00,38.6,1011.1,18.16480920131887
2023-03-06 12:00:00,34.2,1010.8,29.693799604903536
2023-03-06 15:00:00,28.6,1014.4,39.52700772368697
2023-03-06 18:00:00,27.6,1014.6,39.506535687007
2023-03-06 21:00:00,27.4,1013.6,37.923440527919375
2023-03-07 00:00:00,26.2,1013.4,43.74632787079752
2023-03-07 03:00:00,26.4,1014.8,48.9074144216262
2023-03-07 06:00:00,29.4,1015.1,41.58511230854061
2023-03-07 09:00:00,33.6,1012.1,28.027439373349992
2023-03-07 12:00:00,32.4,1011.2,32.00637298813761
2023-03-07 15:00:00,28.8,1012.7,56.51707465542158
2023-03-07 18:00:00,27.2,1013.5,55.076217243268445
2023-03-07 21:00:00,24.6,1012.5,59.15689306068407
2023-03-08 00:00:00,22.8,1013.6,58.7294683410091
2023-03-08 03:00:00,23.4,1014.8,60.79481363332311
2023-03-08 06:00:00,33.6,1015.2,28.027439373349992
2023-03-08 09:00:00,33.0,1012.5,39.47490249086487
2023-03-08 12:00:00,31.6,1011.1,40.099872392856064
2023-03-08 15:00:00,29.4,1013.1,41.58511230854061
2023-03-08 18:00:00,25.2,1013.5,57.07653428863906
2023-03-08 21:00:00,24.8,1012.3,51.06978658634824
2023-03-09 00:00:00,23.0,1012.4,57.64809901125625
2023-03-09 03:00:00,24.0,1014.5,57.150508542239244
2023-03-09 06:00:00,34.0,1014.6,27.769165877439523
2023-03-09 09:00:00,37.6,1011.5,18.92175131252306
2023-03-09 12:00:00,33.4,1010.3,30.4528278258767
2023-03-09 15:00:00,31.2,1011.3,27.565604371499674
2023-03-09 18:00:00,26.8,1013.5,30.25169244347119
2023-03-09 21:00:00,24.0,1012.5,39.27970038777481
2023-03-10 00:00:00,23.4,1011.7,39.64160482081435
2023-03-10 03:00:00,24.0,1014.4,46.09201277446216
2023-03-10 06:00:00,35.0,1014.1,19.863089095325343
2023-03-10 09:00:00,35.4,1010.5,22.81799416030665
2023-03-10 12:00:00,33.4,1009.2,24.181413072816248
2023-03-10 15:00:00,30.2,1011.1,32.02956219546832
2023-03-10 18:00:00,26.6,1012.4,37.94983281666951
2023-03-10 21:00:00,24.6,1010.4,48.11143498574913
2023-03-11 00:00:00,23.8,1010.4,52.491312711001505
2023-03-11 03:00:00,25.0,1013.4,56.66462278579749
2023-03-11 06:00:00,36.0,1013.3,22.075532265295646
2023-03-11 09:00:00,38.2,1010.0,29.442146579475104
2023-03-11 12:00:00,33.6,1009.1,34.4786261295975
2023-03-11 15:00:00,30.6,1011.1,38.81441450611498
2023-03-11 18:00:00,28.0,1012.1,50.60007897036122
2023-03-11 21:00:00,26.6,1010.5,48.023532815754834
2023-03-12 00:00:00,26.0,1010.4,44.557102524016656
2023-03-12 03:00:00,27.0,1012.5,54.67956800189647
2023-03-12 06:00:00,35.6,1012.4,28.01485292558896
2023-03-12 09:00:00,36.0,1009.9,39.796368664073576
2023-03-12 12:00:00,33.6,1009.0,35.370369819266124
2023-03-12 15:00:00,30.0,1010.8,44.50001175620574
2023-03-12 18:00:00,28.4,1011.6,49.74976238640901
2023-03-12 21:00:00,26.8,1009.7,53.25972640302064
2023-03-13 00:00:00,25.6,1009.2,57.53812239402571
2023-03-13 03:00:00,27.4,1011.1,51.41660273005798
2023-03-13 06:00:00,36.4,1011.5,25.7857696803704
2023-03-13 09:00:00,35.6,1008.9,42.21680392673285
2023-03-13 12:00:00,34.0,1008.0,38.76260999542678
2023-03-13 15:00:00,29.8,1009.9,52.35746956789925
2023-03-13 18:00:00,28.0,1010.7,57.03259150658151
2023-03-13 21:00:00,28.8,1009.2,43.3313576867181
2023-03-14 00:00:00,27.6,1009.1,52.79005868609021
2023-03-14 03:00:00,27.8,1010.8,49.27755916212099
2023-03-14 06:00:00,34.8,1010.2,29.663764836352225
2023-03-14 09:00:00,36.0,1006.7,34.47881056042972
2023-03-14 12:00:00,32.2,1006.3,45.944408730541696
2023-03-14 15:00:00,28.8,1008.0,61.6342614843269
2023-03-14 18:00:00,26.5,1008.3,61.887545737401354
2023-03-14 21:00:00,25.2,1007.1,62.37822151444744
2023-03-15 00:00:00,25.6,1007.1,68.61205443506742
2023-03-15 03:00:00,26.4,1009.1,60.71246271379855
2023-03-15 06:00:00,33.6,1008.4,37.214873528497584
2023-03-15 09:00:00,31.6,1006.1,48.429636201919585
2023-03-15 12:00:00,30.0,1006.0,66.17996487728405
2023-03-15 15:00:00,28.2,1007.7,77.5385748300523
2023-03-15 18:00:00,28.2,1007.7,77.5385748300523
2023-03-15 21:00:00,27.8,1006.7,74.26945688504365
2023-03-16 00:00:00,27.0,1007.6,82.67693820709039
2023-03-16 03:00:00,28.0,1010.7,71.64672861133928
2023-03-16 06:00:00,32.4,1010.8,42.94137388427684
2023-03-16 09:00:00,32.4,1008.4,57.029314759535474
2023-03-16 12:00:00,30.0,1007.8,74.18441432342445
2023-03-16 15:00:00,28.8,1010.8,56.51707465542158
2023-03-16 18:00:00,24.4,1010.8,70.99528151510849
2023-03-16 21:00:00,23.8,1009.9,76.40361175831273
2023-03-17 00:00:00,24.6,1009.9,71.03201273104008
2023-03-17 03:00:00,25.8,1011.9,70.37492245088673
2023-03-17 06:00:00,31.8,1012.2,46.70478097386863
2023-03-17 09:00:00,31.6,1009.5,56.49370308745102
2023-03-17 12:00:00,29.8,1007.3,61.10417493715189
2023-03-17 15:00:00,27.8,1008.9,75.63076994448524
2023-03-17 18:00:00,26.4,1010.3,84.11596226208941
2023-03-17 21:00:00,25.8,1008.9,82.03579612571595
2023-03-18 00:00:00,24.0,1008.7,86.46120985687485
2023-03-18 03:00:00,25.4,1010.8,80.5002818626729
2023-03-18 06:00:00,30.8,1011.1,61.70099247044744
2023-03-18 09:00:00,30.8,1008.1,56.99686339899115
2023-03-18 12:00:00,30.0,1006.3,63.8146323928593
2023-03-18 15:00:00,27.6,1008.0,74.23649168800932
2023-03-18 18:00:00,26.0,1009.7,74.88452551485119
2023-03-18 21:00:00,24.7,1009.5,80.90329065374301
2023-03-19 00:00:00,23.8,1007.9,88.04366400310334
2023-03-19 03:00:00,25.8,1010.1,77.656453842952
2023-03-19 06:00:00,30.0,1010.6,56.10882184768884
2023-03-19 09:00:00,30.4,1008.3,56.552501126573276
2023-03-19 12:00:00,29.6,1007.2,58.4879003480961
2023-03-19 15:00:00,27.4,1008.6,65.64726974382171
2023-03-19 18:00:00,27.0,1010.2,68.03983194402242
2023-03-19 21:00:00,26.6,1008.4,66.71100927209127
2023-03-20 00:00:00,25.0,1007.8,68.06816085251297
2023-03-20 03:00:00,25.4,1009.7,68.57308221822572
2023-03-20 06:00:00,30.0,1010.3,52.73546662209652
2023-03-20 09:00:00,30.6,1008.2,53.21506820591533
2023-03-20 12:00:00,29.0,1007.0,51.827728335121904
2023-03-20 15:00:00,26.8,1008.5,62.34242458660606
2023-03-20 18:00:00,26.8,1009.7,63.91522821831225
2023-03-20 21:00:00,24.6,1008.4,71.03201273104008
2023-03-21 00:00:00,24.4,1007.8,76.97148310021424
2023-03-21 03:00:00,22.0,1011.1,94.64202501465911
2023-03-21 06:00:00,26.4,1011.1,72.24270469942108
2023-03-21 09:00:00,31.4,1008.3,50.52742024257406
2023-03-21 12:00:00,29.4,1008.2,58.0813190585354
2023-03-21 15:00:00,26.4,1009.0,69.19353375788072
2023-03-21 18:00:00,24.8,1011.0,80.42146721617324
2023-03-21 21:00:00,24.0,1009.7,83.33878752130364
2023-03-22 00:00:00,23.8,1009.4,88.04366400310334
2023-03-22 03:00:00,25.0,1012.2,80.44778939452424
2023-03-22 06:00:00,30.4,1011.7,53.164975840995425
2023-03-22 09:00:00,31.0,1009.2,47.971595124977725
2023-03-22 12:00:00,29.6,1008.5,57.06157172075657
2023-03-22 15:00:00,27.0,1009.6,66.79201724100693
2023-03-22 18:00:00,25.6,1010.7,74.36025581723416
2023-03-22 21:00:00,24.6,1009.5,80.39509424447246
2023-03-23 00:00:00,23.6,1009.2,86.42328080854222
2023-03-23 03:00:00,25.6,1012.0,77.6269764291538
2023-03-23 06:00:00,30.6,1012.4,56.94918492640599
2023-03-23 09:00:00,30.8,1010.3,54.59652641434426
2023-03-23 12:00:00,29.4,1009.1,52.25595491573255
2023-03-23 15:00:00,27.4,1010.4,64.44152051921621
2023-03-23 18:00:00,25.4,1010.9,75.71358128252226
2023-03-23 21:00:00,23.6,1009.7,84.84545097606222
2023-03-24 00:00:00,23.2,1008.9,89.62675163391533
2023-03-24 03:00:00,25.4,1011.7,77.59744380650201
2023-03-24 06:00:00,30.4,1012.0,59.034988113686474
2023-03-24 09:00:00,31.2,1010.2,57.44189089337356
2023-03-24 12:00:00,30.0,1009.3,58.58138510397075
2023-03-24 15:00:00,27.6,1010.8,68.57664693138325
2023-03-24 18:00:00,26.6,1012.1,74.98174057282651
2023-03-24 21:00:00,25.0,1010.8,71.10528271258221
2023-03-25 00:00:00,22.6,1010.5,81.13377868400066
2023-03-25 03:00:00,23.6,1013.0,73.1055227428291
2023-03-25 06:00:00,29.6,1013.8,45.24761159831436
2023-03-25 09:00:00,30.4,1011.0,48.417392184797706
2023-03-25 12:00:00,28.6,1010.0,47.63785276074488
2023-03-25 15:00:00,25.8,1011.2,59.06407540325651
2023-03-25 18:00:00,22.8,1012.4,71.14751921151326
2023-03-25 21:00:00,21.4,1011.2,76.99499781655292
2023-03-26 00:00:00,20.4,1011.1,81.36149554201421
2023-03-26 03:00:00,22.8,1013.3,69.80971849730659
2023-03-26 06:00:00,29.2,1013.2,51.878827322487794
2023-03-26 09:00:00,29.4,1010.8,50.962275319663796
2023-03-26 12:00:00,28.8,1009.5,51.45173223082505
2023-03-26 15:00:00,26.0,1010.7,64.54478501053977
2023-03-26 18:00:00,23.8,1011.3,73.5987618697542
2023-03-26 21:00:00,22.4,1010.3,80.60344588733471
2023-03-27 00:00:00,22.0,1011.1,87.34731863549206
2023-03-27 03:00:00,24.6,1012.7,73.73484030490799
2023-03-27 06:00:00,30.0,1013.1,55.76317850627195
2023-03-27 09:00:00,30.6,1010.2,55.56557299066436
2023-03-27 12:00:00,29.4,1009.0,58.0813190585354
2023-03-27 15:00:00,26.8,1010.3,65.11757425555096
2023-03-27 18:00:00,24.4,1010.8,76.97148310021424
2023-03-27 21:00:00,25.2,1009.6,75.68189058367413
2023-03-28 00:00:00,23.4,1009.5,84.303446850675
2023-03-28 03:00:00,24.6,1012.1,80.39509424447246
2023-03-28 06:00:00,29.4,1012.2,58.0813190585354
2023-03-28 09:00:00,30.8,1009.4,55.61416368568698
2023-03-28 12:00:00,29.8,1008.5,55.02841769124526
2023-03-28 15:00:00,27.0,1009.9,65.56431854728334
2023-03-28 18:00:00,25.0,1010.6,77.06236252506079
2023-03-28 21:00:00,23.7,1009.4,85.37873866598814
2023-03-29 00:00:00,22.8,1009.5,87.95886336881536
2023-03-29 03:00:00,25.4,1012.2,80.5002818626729
2023-03-29 06:00:00,29.8,1012.6,59.624049885095886
2023-03-29 09:00:00,30.4,1010.5,56.552501126573276
2023-03-29 12:00:00,30.0,1009.7,57.5102579017241
2023-03-29 15:00:00,27.0,1011.1,69.73535987777385
2023-03-29 18:00:00,25.0,1011.7,77.06236252506079
2023-03-29 21:00:00,24.0,1010.2,81.31250928232977
2023-03-30 00:00:00,23.8,1009.9,79.7941177858265
2023-03-30 03:00:00,25.8,1012.1,74.85200261699907
2023-03-30 06:00:00,30.4,1012.2,55.516916216092426
2023-03-30 09:00:00,30.4,1009.4,54.16202439894491
2023-03-30 12:00:00,29.0,1008.4,60.550183383368285
2023-03-30 15:00:00,27.0,1009.5,66.79201724100693
2023-03-30 18:00:00,27.0,1010.1,66.79201724100693
2023-03-30 21:00:00,26.6,1008.9,69.23176807489104
2023-03-31 00:00:00,26.2,1009.1,74.9169893866901
2023-03-31 03:00:00,27.4,1011.2,72.86085146609882
2023-03-31 06:00:00,30.6,1011.7,59.08123488638958
2023-03-31 09:00:00,31.2,1009.4,59.58083797061803
2023-03-31 12:00:00,30.0,1008.0,63.8146323928593
2023-03-31 15:00:00,27.4,1008.9,67.28568959900366
2023-03-31 18:00:00,26.2,1010.0,71.76431122414668
2023-03-31 21:00:00,24.4,1009.7,79.87545001594653
2023-04-01 00:00:00,23.2,1009.9,86.38519664977352
2023-04-01 03:00:00,25.4,1012.1,72.96297423706713
2023-04-01 06:00:00,31.4,1012.0,52.76094443060454
2023-04-01 09:00:00,31.2,1009.3,52.710735539122425
2023-04-01 12:00:00,29.0,1008.4,61.67879224265577
2023-04-01 15:00:00,27.2,1009.6,66.83242139369942
2023-04-01 18:00:00,25.0,1011.1,78.98125580461064
2023-04-01 21:00:00,24.2,1009.9,81.33784349698335
2023-04-02 00:00:00,23.0,1009.5,85.83526762261728
2023-04-02 03:00:00,25.0,1011.8,75.65014160748107
2023-04-02 06:00:00,30.6,1011.7,52.234713311802714
2023-04-02 09:00:00,31.0,1009.7,53.64502413942176
2023-04-02 12:00:00,29.4,1007.9,57.01373100709789
2023-04-02 15:00:00,27.2,1009.4,64.39902384767183
2023-04-02 18:00:00,25.2,1010.1,74.29392454783775
2023-04-02 21:00:00,25.0,1008.6,75.65014160748107
2023-04-03 00:00:00,23.8,1008.5,84.86645400274385
2023-04-03 03:00:00,26.0,1011.1,74.88452551485119
2023-04-03 06:00:00,30.6,1011.4,56.94918492640599
2023-04-03 09:00:00,30.8,1009.4,55.61416368568698
2023-04-03 12:00:00,29.0,1008.2,61.67879224265577
2023-04-03 15:00:00,27.0,1009.8,73.68636116732236
2023-04-03 18:00:00,25.4,1011.0,83.49784757524912
2023-04-03 21:00:00,24.8,1009.1,84.97083781729286
2023-04-04 00:00:00,23.6,1008.9,92.9947891827328
2023-04-04 03:00:00,26.0,1012.0,80.57864267765963
2023-04-04 06:00:00,31.4,1011.8,61.08987992237482
2023-04-04 09:00:00,31.6,1009.5,62.25158297844957
2023-04-04 12:00:00,29.0,1008.6,70.96187714437761
2023-04-04 15:00:00,27.4,1010.0,75.567708226779
2023-04-04 18:00:00,26.0,1011.2,80.57864267765963
2023-04-04 21:00:00,25.6,1010.0,87.13618000678832
2023-04-05 00:00:00,24.2,1009.0,89.70035155341864
2023-04-05 03:00:00,25.8,1011.3,84.05061522100549
2023-04-05 06:00:00,31.4,1011.8,61.08987992237482
2023-04-05 09:00:00,31.6,1009.0,63.768916444962564
2023-04-05 12:00:00,30.2,1008.3,70.32973763313946
2023-04-05 15:00:00,28.0,1010.1,77.50922415182016
2023-04-05 18:00:00,26.8,1011.1,81.17128800561531
2023-04-06 00:00:00,24.4,1009.5,89.71497940989825
2023-04-06 03:00:00,25.4,1010.9,77.59744380650201
2023-04-06 06:00:00,34.0,1011.4,35.9335914192412
2023-04-06 09:00:00,33.0,1009.0,55.468825283877344
2023-04-06 12:00:00,32.0,1007.8,54.55620730373795
2023-04-06 15:00:00,30.0,1009.2,56.10882184768884
2023-04-06 18:00:00,28.6,1010.8,60.08656570259691
2023-04-06 21:00:00,27.4,1009.4,72.86085146609882
2023-04-07 00:00:00,26.8,1009.7,66.75154657469582
2023-04-07 03:00:00,27.8,1011.6,55.57264582369571
2023-04-07 06:00:00,35.4,1011.4,38.41976229946802
2023-04-07 09:00:00,32.6,1009.7,57.422989250564385
2023-04-07 12:00:00,33.2,1007.9,40.79331842939581
2023-04-07 15:00:00,30.4,1010.4,50.90090504824205
2023-04-07 18:00:00,28.4,1011.9,51.0254769121298
2023-04-07 21:00:00,27.8,1011.1,67.36540856745333
2023-04-08 00:00:00,26.8,1010.6,76.86342849595185
2023-04-08 03:00:00,28.8,1013.1,74.88236905493878
2023-04-08 06:00:00,34.8,1013.1,39.470692250902
2023-04-08 09:00:00,33.0,1011.5,52.19700204876771
2023-04-08 12:00:00,33.2,1010.3,49.14728523903349
2023-04-08 15:00:00,29.8,1012.2,61.10417493715189
2023-04-08 18:00:00,28.0,1013.7,67.40516935791447
2023-04-08 21:00:00,27.4,1012.4,71.10383243626453
2023-04-09 00:00:00,26.6,1011.9,78.2479077819723
2023-04-09 03:00:00,28.6,1014.2,62.738525974561355
2023-04-09 06:00:00,35.6,1013.7,42.21680392673285
2023-04-09 09:00:00,34.2,1011.6,47.91980944869557
2023-04-09 12:00:00,32.4,1009.7,49.24307764278141
2023-04-09 15:00:00,30.0,1011.4,55.07749010874436
2023-04-09 18:00:00,29.6,1012.1,69.7975639784289
2023-04-09 21:00:00,28.8,1010.4,76.24353220041739
2023-04-10 00:00:00,27.2,1010.6,81.22172233137654
2023-04-10 03:00:00,28.8,1012.3,72.2237174181299
2023-04-10 06:00:00,36.0,1012.0,36.252915374310945
2023-04-10 09:00:00,36.0,1009.2,38.10665255354461
2023-04-10 12:00:00,33.6,1008.2,49.250585482881746
2023-04-10 15:00:00,30.4,1010.3,61.61247622848766
2023-04-10 18:00:00,29.4,1011.6,72.32825969825754
2023-04-10 21:00:00,28.4,1009.8,78.97572139747378
2023-04-11 00:00:00,27.8,1009.7,71.61107092213882
2023-04-11 03:00:00,29.2,1012.0,59.120014838601264
2023-04-11 06:00:00,36.2,1012.0,46.71403870318333
2023-04-11 09:00:00,34.8,1010.4,53.604715254024796
2023-04-11 12:00:00,33.6,1009.3,49.250585482881746
2023-04-11 15:00:00,30.6,1011.4,58.006624337338984
2023-04-11 18:00:00,29.4,1012.0,71.03411577940795
2023-04-11 21:00:00,29.4,1010.4,62.147323833199586
2023-04-12 00:00:00,27.4,1010.1,71.10383243626453
2023-04-12 03:00:00,28.8,1012.8,59.02704232458345
2023-04-12 06:00:00,35.4,1011.6,44.01674985155224
2023-04-12 09:00:00,36.2,1008.8,39.11854885455013
2023-04-12 12:00:00,34.2,1007.6,39.80263123545171
2023-04-12 15:00:00,32.4,1009.8,40.832094020252626
2023-04-12 18:00:00,30.2,1011.1,67.83823315041917
2023-04-12 21:00:00,24.6,1009.6,77.00183279014861
2023-04-13 00:00:00,25.4,1009.8,80.5002818626729
2023-04-13 03:00:00,28.0,1011.1,64.9673083542988
2023-04-13 06:00:00,33.6,1011.3,53.632996598820334
2023-04-13 09:00:00,34.4,1008.9,47.971851880140846
2023-04-13 12:00:00,33.2,1007.9,51.299708268572545
2023-04-13 15:00:00,31.6,1010.2,54.12510474048353
2023-04-13 18:00:00,29.4,1011.7,76.33535606218936
2023-04-13 21:00:00,29.0,1009.8,62.82580292280707
2023-04-14 00:00:00,26.4,1009.6,76.33576480448347
2023-04-14 03:00:00,29.4,1011.9,71.03411577940795
2023-04-14 06:00:00,34.4,1011.8,56.47758336128222
2023-04-14 09:00:00,34.0,1009.1,57.40603103345707
2023-04-14 12:00:00,34.0,1007.4,42.57262209391062
2023-04-14 15:00:00,30.4,1009.3,59.034988113686474
2023-04-14 18:00:00,29.0,1011.5,74.91450415439337
2023-04-15 00:00:00,26.0,1010.4,82.55918218789247
2023-04-15 03:00:00,27.6,1011.7,69.84804373904335
2023-04-15 06:00:00,34.2,1011.2,56.430169062022074
2023-04-15 09:00:00,32.8,1008.6,54.0900319487697
2023-04-15 12:00:00,32.2,1007.3,49.19123426488576
2023-04-15 15:00:00,28.6,1010.2,62.738525974561355
2023-04-15 18:00:00,26.6,1010.8,72.27790097107153
2023-04-15 21:00:00,26.6,1009.1,76.36659730018178
2023-04-16 00:00:00,26.0,1008.8,80.57864267765963
2023-04-16 03:00:00,28.2,1010.3,72.99821296932988
2023-04-16 06:00:00,33.8,1010.1,44.40694259053556
2023-04-16 09:00:00,33.4,1007.6,47.12702532059198
2023-04-16 12:00:00,32.2,1006.4,44.81126577191242
2023-04-16 15:00:00,29.4,1008.6,68.50651160978764
2023-04-16 18:00:00,28.6,1009.6,65.09275319702243
2023-04-16 21:00:00,27.8,1007.8,72.92965355193031
2023-04-17 00:00:00,26.8,1007.9,81.17128800561531
2023-04-17 03:00:00,27.4,1009.6,67.28568959900366
2023-04-17 06:00:00,32.2,1010.3,56.98193041235249
2023-04-17 09:00:00,33.4,1008.2,60.08005109311657
2023-04-17 12:00:00,31.4,1007.2,67.26247234040332
2023-04-17 15:00:00,29.4,1009.5,72.32825969825754
2023-04-17 18:00:00,28.8,1010.2,72.2237174181299
2023-04-17 21:00:00,28.2,1008.9,76.15120458899845
2023-04-18 00:00:00,25.0,1008.8,75.65014160748107
2023-04-18 03:00:00,27.6,1010.8,61.748059200440466
2023-04-18 06:00:00,35.6,1010.5,33.08993982216657
2023-04-18 09:00:00,36.6,1008.6,40.95280933929048
2023-04-18 12:00:00,34.0,1006.8,52.76574284376031
2023-04-18 15:00:00,31.4,1008.2,62.20792223032527
2023-04-18 18:00:00,29.8,1009.5,63.38474620448235
2023-04-18 21:00:00,29.6,1008.2,68.54498148512985
2023-04-19 00:00:00,27.8,1007.2,71.61107092213882
2023-04-19 03:00:00,30.0,1008.6,57.5102579017241
2023-04-19 06:00:00,37.0,1008.1,34.75063988732095
2023-04-19 09:00:00,38.2,1004.7,38.46606569671515
2023-04-19 12:00:00,36.6,1003.5,31.719253448790237
2023-04-19 15:00:00,33.4,1004.9,36.2273738984628
2023-04-19 18:00:00,30.2,1007.4,70.32973763313946
2023-04-19 21:00:00,29.0,1005.4,69.68555280505707
2023-04-20 00:00:00,28.4,1005.2,73.03240199762554
2023-04-20 03:00:00,30.0,1008.2,63.8146323928593
2023-04-20 06:00:00,35.6,1006.7,42.21680392673285
2023-04-20 09:00:00,35.2,1004.6,36.2620391271551
2023-04-20 12:00:00,32.0,1003.6,48.83593138119181
2023-04-20 15:00:00,29.8,1005.6,63.38474620448235
2023-04-20 18:00:00,28.4,1006.7,67.8977377259484
2023-04-20 21:00:00,27.4,1004.8,71.10383243626453
2023-04-21 00:00:00,25.8,1005.5,80.55257262849392
2023-04-21 03:00:00,28.4,1007.6,71.71785815951927
2023-04-21 06:00:00,32.0,1007.8,62.71443976755974
2023-04-21 09:00:00,32.4,1006.0,58.42677310946739
2023-04-21 12:00:00,30.6,1005.5,62.79033585952567
2023-04-21 15:00:00,28.4,1006.9,70.42408506037569
2023-04-21 18:00:00,27.6,1007.6,76.98390463811192
2023-04-21 21:00:00,27.0,1006.0,81.19652945190819
2023-04-22 00:00:00,26.6,1005.8,81.14599787426259
2023-04-22 03:00:00,27.8,1008.2,74.26945688504365
2023-04-22 06:00:00,31.6,1009.2,57.536305303603164
2023-04-22 09:00:00,31.4,1007.5,61.08987992237482
2023-04-22 12:00:00,30.0,1006.1,63.8146323928593
2023-04-22 15:00:00,28.0,1007.2,72.96396353006286
2023-04-22 18:00:00,28.0,1008.1,72.96396353006286
2023-04-23 00:00:00,25.2,1006.7,81.96262342273943
2023-04-23 03:00:00,28.0,1008.5,70.35037364356444
2023-04-23 06:00:00,31.4,1009.2,57.48913124065053
2023-04-23 09:00:00,31.4,1007.2,61.08987992237482
2023-04-23 12:00:00,30.4,1005.7,65.07093044891502
2023-04-23 15:00:00,28.0,1006.6,74.30236303611937
2023-04-23 18:00:00,27.8,1008.1,77.0138849054383
2023-04-23 21:00:00,26.2,1007.0,85.62978692730046
2023-04-24 00:00:00,25.0,1007.1,88.14427552074832
2023-04-24 03:00:00,27.4,1008.9,79.79314536748959
2023-04-24 06:00:00,32.0,1009.1,62.71443976755974
2023-04-24 09:00:00,32.2,1007.3,62.75759984410254
2023-04-24 12:00:00,31.0,1005.4,67.99377352527183
2023-04-24 15:00:00,29.0,1006.9,80.48371679996085
2023-04-24 18:00:00,28.0,1007.7,85.80667728802291
2023-04-24 21:00:00,28.4,1006.5,84.83323810049623
2023-04-25 00:00:00,27.4,1007.3,85.74806761675889
2023-04-25 03:00:00,29.4,1008.4,76.33535606218936
2023-04-25 06:00:00,32.4,1008.9,67.85998060995067
2023-04-25 09:00:00,32.4,1006.9,63.9379440059793
2023-04-25 12:00:00,31.2,1006.0,68.4404025650585
2023-04-25 15:00:00,29.4,1007.9,74.97860136800087
2023-04-25 18:00:00,28.8,1008.6,74.88236905493878
2023-04-25 21:00:00,28.4,1007.2,74.81792523943739
2023-04-26 00:00:00,28.0,1007.7,75.66221487345534
2023-04-26 03:00:00,29.6,1009.4,68.54498148512985
2023-04-26 06:00:00,33.2,1009.7,52.24717555279882
2023-04-26 09:00:00,32.2,1008.0,59.090770552518066
2023-04-26 12:00:00,31.2,1006.6,62.164195185628046
2023-04-26 15:00:00,29.0,1008.4,70.96187714437761
2023-04-26 18:00:00,28.2,1008.8,72.99821296932988
2023-04-26 21:00:00,27.4,1007.2,76.95386898986409
2023-04-27 00:00:00,26.8,1007.8,78.27657315656734
2023-04-27 03:00:00,28.2,1009.8,72.99821296932988
2023-04-27 06:00:00,32.6,1009.7,55.0366623119638
2023-04-27 09:00:00,31.8,1008.2,57.934430290493566
2023-04-27 12:00:00,30.2,1006.4,62.70350473078234
2023-04-27 15:00:00,28.6,1007.7,69.18880061124511
2023-04-27 18:00:00,28.6,1009.6,70.46084618703307
2023-04-27 21:00:00,27.6,1008.3,78.39069896683198
2023-04-28 00:00:00,26.6,1008.6,82.62997382431229
2023-04-28 03:00:00,28.6,1010.6,73.50891633549199
2023-04-28 06:00:00,32.0,1010.7,60.12540926930006
2023-04-28 09:00:00,32.4,1008.6,59.49445671738769
2023-04-28 12:00:00,30.8,1007.1,53.595254858449735
2023-04-28 15:00:00,28.8,1008.6,63.94883649333304
2023-04-28 18:00:00,27.2,1009.7,74.17038364277866
2023-04-28 21:00:00,26.4,1008.3,79.65835252904961
2023-04-29 00:00:00,26.4,1008.4,82.60642273476351
2023-04-29 03:00:00,26.6,1010.6,87.22543835052973
2023-04-29 06:00:00,31.4,1010.6,59.989475281496674
2023-04-29 09:00:00,33.4,1007.0,48.00543683508618
2023-04-29 12:00:00,32.4,1006.0,52.68765751422521
2023-04-29 15:00:00,29.0,1007.9,62.82580292280707
2023-04-29 18:00:00,27.6,1008.9,74.23649168800932
2023-04-29 21:00:00,27.0,1007.0,76.8936310454662
2023-04-30 00:00:00,26.8,1007.0,78.27657315656734
2023-04-30 03:00:00,29.0,1009.0,76.27419595958764
2023-04-30 06:00:00,31.4,1009.1,57.48913124065053
2023-04-30 09:00:00,31.8,1006.5,58.99875377243572
2023-04-30 12:00:00,31.2,1004.9,57.44189089337356
2023-04-30 15:00:00,28.8,1006.3,67.9760346463704
2023-04-30 18:00:00,28.2,1007.7,70.38726092133687
2023-04-30 21:00:00,27.4,1006.1,69.81054652981949
2023-05-01 00:00:00,26.0,1006.2,79.12067626724064
2023-05-01 03:00:00,28.6,1008.1,66.70492848245004
2023-05-01 06:00:00,31.4,1008.6,55.08058002977347
2023-05-01 09:00:00,32.4,1006.6,47.15537254104221
2023-05-01 12:00:00,30.2,1005.6,60.08231213848365
2023-05-01 15:00:00,29.0,1006.9,62.82580292280707
2023-05-01 18:00:00,28.400000000000002,1008.7,67.21843692247295
2023-05-01 21:00:00,27.8,1006.6,71.61107092213882
2023-05-02 00:00:00,26.4,1006.7,79.65835252904961
2023-05-02 03:00:00,29.0,1008.8,66.78535949708609
2023-05-02 06:00:00,32.6,1009.3,51.77843588862952
2023-05-02 09:00:00,32.4,1007.1,52.68765751422521
2023-05-02 12:00:00,31.4,1005.3,56.445824525394414
2023-05-02 15:00:00,29.2,1007.0,65.61635596786235
2023-05-02 18:00:00,28.8,1010.1,67.9760346463704
2023-05-02 21:00:00,28.0,1008.8,70.35037364356444
2023-05-03 00:00:00,27.0,1008.9,76.8936310454662
2023-05-03 03:00:00,29.0,1010.5,74.91450415439337
2023-05-03 06:00:00,32.0,1010.7,54.55620730373795
2023-05-03 09:00:00,32.6,1008.5,55.0366623119638
2023-05-03 12:00:00,31.0,1006.8,57.04447541902918
2023-05-03 15:00:00,29.0,1008.7,66.78535949708609
2023-05-03 18:00:00,28.4,1009.9,71.71785815951927
2023-05-03 21:00:00,27.4,1008.2,75.567708226779
2023-05-04 00:00:00,26.6,1008.2,82.62997382431229
2023-05-04 03:00:00,28.6,1010.1,70.46084618703307
2023-05-04 06:00:00,32.2,1009.9,56.98193041235249
2023-05-04 09:00:00,31.8,1007.5,56.541515718697454
2023-05-04 12:00:00,31.4,1005.6,59.989475281496674
2023-05-04 15:00:00,29.2,1007.9,68.46797755568882
2023-05-04 18:00:00,28.8,1008.9,72.2237174181299
2023-05-04 21:00:00,28.2,1007.9,76.15120458899845
2023-05-05 00:00:00,27.2,1007.6,81.22172233137654
2023-05-05 03:00:00,28.6,1008.8,70.46084618703307
2023-05-05 06:00:00,31.8,1008.9,58.99875377243572
2023-05-05 09:00:00,32.2,1006.5,56.98193041235249
2023-05-05 12:00:00,31.4,1005.5,63.34384135735378
2023-05-05 15:00:00,29.4,1007.8,68.50651160978764
2023-05-05 18:00:00,28.8,1009.0,72.2237174181299
2023-05-05 21:00:00,28.0,1007.4,77.50922415182016
2023-05-06 00:00:00,26.6,1007.4,82.62997382431229
2023-05-06 03:00:00,29.8,1009.6,67.3516781237725
2023-05-06 06:00:00,31.8,1009.7,61.17889403213977
2023-05-06 09:00:00,32.6,1007.1,59.54003872035679
2023-05-06 12:00:00,31.4,1005.6,54.07572802922947
2023-05-06 15:00:00,29.6,1007.1,67.31212756795189
2023-05-06 18:00:00,29.2,1008.6,70.99802751141195
2023-05-06 21:00:00,28.8,1007.4,74.88236905493878
2023-05-07 00:00:00,28.6,1007.8,73.50891633549199
2023-05-07 03:00:00,29.8,1010.0,69.83477481244167
2023-05-07 06:00:00,31.8,1009.7,63.81127171847181
2023-05-07 09:00:00,32.8,1007.8,58.51941154180648
2023-05-07 12:00:00,31.0,1005.5,62.120401740070186
2023-05-07 15:00:00,29.6,1006.9,67.31212756795189
2023-05-07 18:00:00,29.2,1008.2,73.60956501820533
2023-05-07 21:00:00,29.0,1006.7,79.0585121873896
2023-05-08 00:00:00,28.6,1006.9,80.43187680667027
2023-05-08 03:00:00,29.8,1008.8,72.83270468535767
2023-05-08 06:00:00,31.8,1008.8,67.34108781459214
2023-05-08 09:00:00,33.2,1006.9,55.51706303841751
2023-05-08 12:00:00,31.8,1005.1,64.96944081021161
2023-05-08 15:00:00,29.6,1006.6,76.82235153000387
2023-05-08 18:00:00,29.4,1007.6,77.71354294293734
2023-05-08 21:00:00,29.0,1006.5,79.0585121873896
2023-05-09 00:00:00,28.8,1007.3,81.90716097068722
2023-05-09 03:00:00,30.2,1009.5,75.55406963834521
2023-05-09 06:00:00,32.6,1009.8,59.54003872035679
2023-05-09 09:00:00,32.6,1007.5,58.47312526786792
2023-05-09 12:00:00,31.8,1005.2,60.080164319513116
2023-05-09 15:00:00,30.2,1006.6,74.2171474546091
2023-05-09 18:00:00,30.0,1007.8,78.26294962837345
2023-05-09 21:00:00,29.4,1006.4,83.4463778105949
2023-05-10 00:00:00,29.0,1007.1,81.9313443709877
2023-05-10 03:00:00,30.8,1008.4,70.43939306440934
2023-05-10 06:00:00,33.2,1007.9,66.03479395995936
2023-05-10 09:00:00,33.2,1005.7,64.48770817549526
2023-05-10 12:00:00,32.6,1004.3,66.70160074556692
2023-05-10 15:00:00,30.4,1005.3,82.58284223811447
2023-05-10 18:00:00,30.2,1007.0,82.5595602209085
2023-05-10 21:00:00,30.0,1006.3,82.53623329490637
2023-05-11 00:00:00,29.0,1006.8,86.41175942849821
2023-05-11 03:00:00,31.2,1008.6,72.20890765279174
2023-05-11 06:00:00,36.8,1008.2,54.09249800503277
2023-05-11 09:00:00,33.6,1007.0,69.70861962540543
2023-05-11 12:00:00,33.2,1005.2,68.41626758283552
2023-05-11 15:00:00,30.4,1006.0,82.58284223811447
2023-05-11 18:00:00,29.6,1007.8,83.46865512129703
2023-05-11 21:00:00,29.0,1007.0,84.89506306062921
2023-05-12 00:00:00,29.2,1007.6,79.08600581526997
2023-05-12 03:00:00,30.6,1009.4,70.40290332892224
2023-05-12 06:00:00,34.4,1009.4,59.59215392807818
2023-05-12 09:00:00,34.6,1007.1,62.160715526838395
2023-05-12 12:00:00,32.8,1005.8,71.63823581141993
2023-05-12 15:00:00,30.4,1006.5,84.04833399732397
2023-05-12 18:00:00,30.0,1008.3,83.5130798716472
2023-05-12 21:00:00,29.8,1006.8,81.06459831337503
2023-05-13 00:00:00,29.4,1007.1,83.4463778105949
2023-05-13 03:00:00,31.4,1009.7,73.53807422593974
2023-05-13 06:00:00,34.4,1010.2,58.53767634739428
2023-05-13 09:00:00,34.0,1008.3,62.77037868066636
2023-05-13 12:00:00,33.2,1007.2,64.48770817549526
2023-05-13 15:00:00,30.6,1008.9,74.28243957799879
2023-05-13 18:00:00,30.0,1009.8,75.5227593496699
2023-05-13 21:00:00,29.4,1007.7,77.71354294293734
2023-05-14 00:00:00,28.8,1007.5,79.03096698905824
2023-05-14 03:00:00,31.2,1009.5,68.4404025650585
2023-05-14 06:00:00,33.4,1009.6,62.269883795368706
2023-05-14 09:00:00,33.2,1007.2,64.48770817549526
2023-05-14 12:00:00,32.6,1006.1,66.70160074556692
2023-05-14 15:00:00,30.4,1007.1,75.58532357148971
2023-05-14 18:00:00,30.0,1008.1,76.88217771852533
2023-05-14 21:00:00,30.0,1007.4,75.5227593496699
2023-05-15 00:00:00,29.4,1007.9,79.11344799319119
2023-05-15 03:00:00,30.8,1010.2,73.00291172196927
2023-05-15 06:00:00,34.0,1010.8,59.50158303199722
2023-05-15 09:00:00,34.2,1008.7,59.54690108998311
2023-05-15 12:00:00,33.4,1007.4,62.269883795368706
2023-05-15 15:00:00,30.8,1008.9,73.00291172196927
2023-05-15 18:00:00,30.4,1009.7,74.24982249791255
2023-05-15 21:00:00,30.0,1008.6,72.866865390855
2023-05-16 00:00:00,29.8,1009.2,75.49139258129554
2023-05-16 03:00:00,31.4,1011.1,68.47868492425357
2023-05-16 06:00:00,33.8,1011.8,59.45619966284473
2023-05-16 09:00:00,34.2,1010.1,59.54690108998311
2023-05-16 12:00:00,33.4,1009.3,61.166394066179166
2023-05-16 15:00:00,31.0,1010.7,69.22506422320274
2023-05-16 18:00:00,30.5,1011.6,71.23149682785368
2023-05-16 21:00:00,29.8,1009.4,76.85229197010862
2023-05-17 00:00:00,28.4,1009.5,80.40588280898815
2023-05-17 03:00:00,30.8,1011.3,67.95498445600064
2023-05-17 06:00:00,33.6,1011.5,58.00441896805416
2023-05-17 09:00:00,33.6,1009.3,59.056399786976336
2023-05-17 12:00:00,33.2,1008.5,62.22651784699078
2023-05-17 15:00:00,30.2,1010.1,72.90096632227306
2023-05-17 18:00:00,29.8,1012.0,75.49139258129554
2023-05-17 21:00:00,29.2,1010.5,73.60956501820533
2023-05-18 00:00:00,27.8,1010.9,81.29701074620921
2023-05-18 03:00:00,30.4,1013.4,71.64060697493404
2023-05-18 06:00:00,34.2,1013.2,57.45282698261636
2023-05-18 09:00:00,33.4,1011.2,60.08005109311657
2023-05-18 12:00:00,32.8,1009.6,62.13958951433999
2023-05-18 15:00:00,30.0,1010.3,75.5227593496699
2023-05-18 18:00:00,29.8,1011.0,76.85229197010862
2023-05-18 21:00:00,29.0,1009.5,76.27419595958764
2023-05-19 00:00:00,27.6,1009.2,82.7470419948832
2023-05-19 03:00:00,30.4,1011.5,72.93500760473812
2023-05-19 06:00:00,34.0,1011.0,60.57423072351323
2023-05-19 09:00:00,33.0,1009.4,64.44613125580591
2023-05-19 12:00:00,32.4,1008.0,65.48228630790443
2023-05-19 15:00:00,30.0,1009.0,75.5227593496699
2023-05-19 18:00:00,29.6,1010.2,78.20620296447258
2023-05-19 21:00:00,29.2,1009.0,76.30480387190515
2023-05-20 00:00:00,28.0,1008.7,81.80996009312997
2023-05-20 03:00:00,29.8,1010.1,71.53436216643706
2023-05-20 06:00:00,33.0,1010.5,58.56563201949948
2023-05-20 09:00:00,33.6,1008.7,59.056399786976336
2023-05-20 12:00:00,32.0,1007.9,63.85356133058713
2023-05-20 15:00:00,30.0,1009.2,72.866865390855
2023-05-20 18:00:00,29.6,1009.9,75.45996920875774
2023-05-20 21:00:00,29.2,1008.7,74.94658155009306
2023-05-21 00:00:00,28.2,1008.5,78.94802076163292
2023-05-21 03:00:00,30.4,1011.0,66.66180868247822
2023-05-21 06:00:00,33.0,1011.1,58.56563201949948
2023-05-21 09:00:00,33.0,1009.9,58.56563201949948
2023-05-21 12:00:00,32.6,1008.8,60.623956285700366
2023-05-21 15:00:00,30.0,1010.3,71.5698382304094
2023-05-21 18:00:00,29.8,1011.4,78.23460259362332
2023-05-21 21:00:00,29.099999999999998,1009.4,78.60516199554856
2023-05-22 00:00:00,28.4,1009.4,78.97572139747378
2023-05-22 03:00:00,30.2,1012.0,74.2171474546091
2023-05-22 06:00:00,32.8,1012.7,59.58555475694366
2023-05-22 09:00:00,32.6,1010.7,59.54003872035679
2023-05-22 12:00:00,32.0,1009.2,63.85356133058713
2023-05-22 15:00:00,30.0,1009.8,72.866865390855
2023-05-22 18:00:00,29.4,1009.3,77.71354294293734
2023-05-22 21:00:00,29.0,1009.8,80.48371679996085
2023-05-23 00:00:00,28.4,1011.2,83.33433758376981
2023-05-23 03:00:00,29.8,1012.4,76.85229197010862
2023-05-23 06:00:00,33.6,1012.2,60.48499185110832
2023-05-23 09:00:00,33.8,1009.7,52.715998685959256
2023-05-23 12:00:00,32.4,1008.5,60.57918429384643
2023-05-23 15:00:00,30.0,1009.8,72.866865390855
2023-05-23 18:00:00,29.8,1011.2,74.15162297941144
2023-05-23 21:00:00,29.4,1010.2,76.33535606218936
2023-05-24 00:00:00,28.8,1009.7,79.03096698905824
2023-05-24 03:00:00,30.6,1010.9,70.40290332892224
2023-05-24 06:00:00,32.8,1011.4,62.13958951433999
2023-05-24 09:00:00,33.6,1009.8,59.056399786976336
2023-05-24 12:00:00,32.6,1009.0,63.22051607138405
2023-05-24 15:00:00,30.4,1010.3,71.64060697493404
2023-05-24 18:00:00,30.0,1011.5,75.5227593496699
2023-05-24 21:00:00,29.8,1009.9,72.83270468535767
2023-05-25 00:00:00,29.4,1010.3,72.32825969825754
2023-05-25 03:00:00,31.2,1011.9,62.164195185628046
2023-05-25 06:00:00,33.2,1012.0,57.911321754346524
2023-05-25 09:00:00,33.6,1010.7,55.949551784696496
2023-05-25 12:00:00,33.2,1009.7,58.9647920354539
2023-05-25 15:00:00,31.0,1010.6,69.22506422320274
2023-05-25 18:00:00,30.6,1010.8,74.28243957799879
2023-05-25 21:00:00,30.0,1009.5,75.5227593496699
2023-05-26 00:00:00,29.8,1010.7,75.49139258129554
2023-05-26 03:00:00,30.6,1012.6,79.74530566981048
2023-05-26 06:00:00,32.6,1012.2,65.52306428907129
2023-05-26 09:00:00,33.6,1010.7,60.48499185110832
2023-05-26 12:00:00,33.4,1010.0,61.166394066179166
2023-05-26 15:00:00,30.8,1010.8,67.95498445600064
2023-05-26 18:00:00,30.2,1011.3,69.0741524820506
2023-05-26 21:00:00,29.4,1009.1,69.76029011528094
2023-05-27 00:00:00,29.6,1009.2,69.7975639784289
2023-05-27 03:00:00,31.0,1010.7,69.22506422320274
2023-05-27 06:00:00,33.4,1011.6,60.08005109311657
2023-05-27 09:00:00,34.0,1010.0,58.445589633486186
2023-05-27 12:00:00,33.2,1008.8,61.12216416914973
2023-05-27 15:00:00,30.8,1009.7,70.43939306440934
2023-05-27 18:00:00,30.4,1010.6,70.36635155961307
2023-05-27 21:00:00,30.0,1008.7,71.5698382304094
2023-05-28 00:00:00,29.0,1008.6,77.65543578652992
2023-05-28 03:00:00,30.4,1010.4,71.64060697493404
2023-05-28 06:00:00,33.6,1010.1,58.00441896805416
2023-05-28 09:00:00,34.0,1009.3,58.445589633486186
2023-05-28 12:00:00,32.4,1007.2,65.48228630790443
2023-05-28 15:00:00,30.8,1008.2,70.43939306440934
2023-05-28 18:00:00,30.6,1010.2,72.96898936310727
2023-05-28 21:00:00,30.4,1009.1,72.93500760473812
2023-05-29 00:00:00,29.2,1008.5,79.08600581526997
2023-05-29 03:00:00,31.0,1008.8,70.89711040322032
2023-05-29 06:00:00,33.6,1008.9,62.6845670375821
2023-05-29 09:00:00,34.0,1007.7,63.89432970526357
2023-05-29 12:00:00,32.4,1006.7,69.07688914571028
2023-05-29 15:00:00,30.6,1009.6,72.96898936310727
2023-05-29 18:00:00,30.2,1009.5,75.55406963834521
2023-05-29 21:00:00,29.0,1007.8,80.48371679996085
2023-05-30 00:00:00,29.2,1007.5,81.95548127118022
2023-05-30 03:00:00,30.8,1009.6,73.00291172196927
2023-05-30 06:00:00,33.8,1010.3,62.727505384680136
2023-05-30 09:00:00,34.2,1008.5,61.707439726266486
2023-05-30 12:00:00,33.4,1006.7,62.269883795368706
2023-05-30 15:00:00,31.0,1008.3,76.1271052167908
2023-05-30 18:00:00,30.4,1009.4,78.31948639832048
2023-05-30 21:00:00,29.8,1008.0,81.06459831337503
2023-05-31 00:00:00,28.8,1008.2,86.39309843177878
2023-05-31 03:00:00,31.6,1009.9,69.75114396222972
2023-05-31 06:00:00,34.6,1009.6,63.27041910529518
2023-05-31 09:00:00,34.5,1007.6,61.772845516262144
2023-05-31 12:00:00,34.2,1006.1,58.491665561139094
2023-05-31 15:00:00,31.0,1007.8,66.78169156880611
2023-05-31 18:00:00,30.2,1008.7,75.55406963834521
2023-05-31 21:00:00,29.2,1007.2,80.5095630310082
2023-06-01 00:00:00,27.8,1007.6,88.89979374390309
2023-06-01 03:00:00,30.8,1009.0,71.71113203855039
2023-06-01 06:00:00,34.0,1009.2,63.89432970526357
2023-06-01 09:00:00,33.6,1007.9,68.49226741509385
2023-06-01 12:00:00,33.6,1007.0,61.576188549831414
2023-06-01 15:00:00,30.5,1008.8,77.8722359079542
2023-06-01 18:00:00,30.0,1009.6,74.18441432342445
2023-06-01 21:00:00,29.6,1008.5,76.82235153000387
2023-06-02 00:00:00,28.6,1008.5,80.43187680667027
2023-06-02 03:00:00,30.6,1009.9,70.40290332892224
2023-06-02 06:00:00,33.4,1010.2,61.166394066179166
2023-06-02 09:00:00,34.0,1008.6,58.445589633486186
2023-06-02 12:00:00,33.2,1007.9,62.22651784699078
2023-06-02 15:00:00,31.0,1008.6,72.1742265807024
2023-06-02 18:00:00,30.8,1009.5,74.31499881924898
2023-06-02 21:00:00,30.4,1008.1,75.58532357148971
2023-06-03 00:00:00,30.0,1007.5,75.5227593496699
2023-06-03 03:00:00,31.6,1009.4,72.27808999036708
2023-06-03 06:00:00,33.8,1009.3,59.45619966284473
2023-06-03 09:00:00,34.4,1008.4,59.59215392807818
2023-06-03 12:00:00,34.0,1006.5,59.50158303199722
2023-06-03 15:00:00,31.4,1007.6,69.71409411644107
2023-06-03 18:00:00,31.0,1008.9,72.1742265807024
2023-06-03 21:00:00,30.6,1007.2,78.34767637456054
2023-06-04 00:00:00,31.4,1007.4,72.24352874821913
2023-06-04 03:00:00,31.8,1009.5,73.60449518826249
2023-06-04 06:00:00,33.8,1009.9,67.33350659401705
2023-06-04 09:00:00,32.6,1008.2,65.52306428907129
2023-06-04 12:00:00,34.0,1006.3,59.50158303199722
2023-06-04 15:00:00,31.0,1007.0,74.7889561009917
2023-06-04 18:00:00,30.4,1007.8,75.58532357148971
2023-06-04 21:00:00,30.0,1006.6,78.26294962837345
2023-06-05 00:00:00,29.8,1007.4,76.85229197010862
2023-06-05 03:00:00,31.4,1009.0,70.96895584191402
2023-06-05 06:00:00,34.0,1009.3,61.663754542437346
2023-06-05 09:00:00,34.6,1007.2,61.06806519838046
2023-06-05 12:00:00,34.0,1005.9,60.57423072351323
2023-06-05 15:00:00,31.0,1007.0,73.47141965449843
2023-06-05 18:00:00,30.6,1007.8,74.28243957799879
2023-06-05 21:00:00,30.4,1007.7,75.58532357148971
2023-06-06 00:00:00,30.0,1007.5,78.26294962837345
2023-06-06 03:00:00,30.8,1009.0,71.71113203855039
2023-06-06 06:00:00,33.8,1008.8,59.45619966284473
2023-06-06 09:00:00,33.6,1006.2,61.576188549831414
2023-06-06 12:00:00,33.8,1004.2,60.52964398250845
2023-06-06 15:00:00,31.0,1005.8,74.7889561009917
2023-06-06 18:00:00,30.6,1007.4,76.97150804274018
2023-06-06 21:00:00,30.4,1000.0,72.93500760473812
2023-06-07 00:00:00,30.0,1006.7,75.5227593496699
2023-06-07 03:00:00,31.4,1007.7,68.47868492425357
2023-06-07 06:00:00,33.8,1007.8,57.01603340699637
2023-06-07 09:00:00,34.2,1006.5,58.491665561139094
2023-06-07 12:00:00,34.0,1005.2,58.445589633486186
2023-06-07 15:00:00,31.4,1006.9,66.06520314217083
2023-06-07 18:00:00,31.2,1008.5,69.67698198453844
2023-06-07 21:00:00,30.6,1007.2,71.67589990470815
2023-06-08 00:00:00,29.8,1007.4,79.63860889063328
2023-06-08 03:00:00,32.4,1008.4,66.6618617053601
2023-06-08 06:00:00,34.0,1008.0,59.50158303199722
2023-06-08 09:00:00,35.2,1006.8,55.00284442441817
2023-06-08 12:00:00,34.4,1005.4,61.02394829813572
2023-06-08 15:00:00,31.8,1006.6,68.55505992605102
2023-06-08 18:00:00,31.8,1007.2,69.78813164326573
2023-06-08 21:00:00,31.2,1005.7,73.50477620307173
2023-06-09 00:00:00,30.4,1005.8,74.24982249791255
2023-06-09 03:00:00,32.0,1007.0,66.1862478230639
2023-06-09 06:00:00,35.0,1006.4,55.948293602131415
2023-06-09 09:00:00,36.2,1004.3,49.617324489439085
2023-06-09 12:00:00,35.0,1003.4,59.02423742118093
2023-06-09 15:00:00,32.6,1003.8,66.70160074556692
2023-06-09 18:00:00,31.8,1005.1,69.78813164326573
2023-06-09 21:00:00,31.2,1003.1,69.67698198453844
2023-06-10 00:00:00,30.8,1003.5,65.54760808729463
2023-06-10 03:00:00,33.0,1004.0,58.56563201949948
2023-06-10 06:00:00,36.4,1004.4,47.908694402066544
2023-06-10 09:00:00,38.2,1002.9,41.13166845604766
2023-06-10 12:00:00,36.6,1002.0,44.3354276416529
2023-06-10 15:00:00,32.2,1003.9,61.63719881412483
2023-06-10 18:00:00,31.0,1004.1,67.99377352527183
2023-06-10 21:00:00,30.6,1002.5,65.50658692237978
2023-06-11 00:00:00,30.4,1002.3,66.66180868247822
2023-06-11 03:00:00,32.4,1003.6,58.42677310946739
2023-06-11 06:00:00,36.4,1003.9,44.82417315237808
2023-06-11 09:00:00,37.4,1002.6,43.21946349263363
2023-06-11 12:00:00,36.0,1001.5,47.51709753362507
2023-06-11 15:00:00,29.2,1002.5,72.29347307388345
2023-06-11 18:00:00,25.8,1004.8,88.74313412721081
2023-06-11 21:00:00,29.4,1001.5,72.32825969825754
2023-06-12 00:00:00,29.8,1000.3,68.58338730413207
2023-06-12 03:00:00,30.6,1002.3,71.67589990470815
2023-06-12 06:00:00,35.4,1002.6,53.11218922804798
2023-06-12 09:00:00,36.6,1001.3,51.842111339562344
2023-06-12 12:00:00,33.4,1001.3,61.166394066179166
2023-06-12 15:00:00,31.4,1002.8,69.71409411644107
2023-06-12 18:00:00,29.4,1003.8,81.97957178446406
2023-06-12 21:00:00,29.2,1002.2,76.30480387190515
2023-06-13 00:00:00,29.4,1002.5,74.97860136800087
2023-06-13 03:00:00,31.2,1004.2,69.67698198453844
2023-06-13 06:00:00,34.0,1004.9,61.663754542437346
2023-06-13 09:00:00,35.0,1003.5,56.95764470575925
2023-06-13 12:00:00,32.4,1003.3,72.8428529693439
2023-06-13 15:00:00,30.4,1004.6,78.31948639832048
2023-06-13 18:00:00,29.2,1005.4,83.42405706602797
2023-06-13 21:00:00,29.4,1004.3,84.9360766224706
2023-06-14 00:00:00,30.0,1004.2,78.26294962837345
2023-06-14 03:00:00,31.4,1006.2,73.53807422593974
2023-06-14 06:00:00,33.4,1006.8,62.269883795368706
2023-06-14 09:00:00,33.0,1006.5,63.305763001067604
2023-06-14 12:00:00,33.8,1005.3,60.52964398250845
2023-06-14 15:00:00,31.8,1006.7,68.55505992605102
2023-06-14 18:00:00,30.4,1006.8,76.94178563223718
2023-06-14 21:00:00,30.0,1005.2,71.5698382304094
2023-06-15 00:00:00,29.4,1005.1,80.53536024141098
2023-06-15 03:00:00,31.2,1007.2,73.50477620307173
2023-06-15 06:00:00,34.2,1007.7,58.491665561139094
2023-06-15 09:00:00,34.6,1006.3,55.51953672301835
2023-06-15 12:00:00,33.6,1005.2,58.00441896805416
2023-06-15 15:00:00,31.4,1006.0,69.71409411644107
2023-06-15 18:00:00,30.8,1006.5,70.43939306440934
2023-06-15 21:00:00,30.4,1004.3,72.93500760473812
2023-06-16 00:00:00,30.2,1004.0,74.2171474546091
2023-06-16 03:00:00,31.6,1005.6,68.51690400466761
2023-06-16 06:00:00,34.2,1006.5,58.491665561139094
2023-06-16 09:00:00,33.0,1004.9,67.97575322043862
2023-06-16 12:00:00,31.6,1004.9,72.27808999036708
2023-06-16 15:00:00,30.8,1005.9,74.31499881924898
2023-06-16 18:00:00,30.2,1006.8,76.91200889831605
2023-06-16 21:00:00,30.2,1005.3,76.91200889831605
2023-06-17 00:00:00,29.4,1005.4,81.97957178446406
2023-06-17 03:00:00,30.8,1007.2,77.00117625197225
2023-06-17 06:00:00,33.0,1007.3,66.78088716309055
2023-06-17 09:00:00,33.8,1006.7,62.727505384680136
2023-06-17 12:00:00,32.4,1006.2,69.07688914571028
2023-06-17 15:00:00,30.8,1007.6,74.31499881924898
2023-06-17 18:00:00,30.4,1008.2,75.58532357148971
2023-06-17 21:00:00,30.0,1007.3,78.26294962837345
2023-06-18 00:00:00,30.0,1006.7,76.88217771852533
2023-06-18 03:00:00,31.0,1007.6,74.7889561009917
2023-06-18 06:00:00,33.0,1007.9,66.78088716309055
2023-06-18 09:00:00,33.0,1007.1,66.78088716309055
2023-06-18 12:00:00,32.4,1006.4,66.6618617053601
2023-06-18 15:00:00,30.4,1006.9,75.58532357148971
2023-06-18 18:00:00,30.0,1007.6,78.26294962837345
2023-06-18 21:00:00,30.0,1006.2,75.5227593496699
2023-06-19 00:00:00,29.6,1005.8,76.82235153000387
2023-06-19 03:00:00,30.6,1007.4,72.96898936310727
2023-06-19 06:00:00,33.4,1007.1,61.166394066179166
2023-06-19 09:00:00,33.4,1005.7,64.91266364161814
2023-06-19 12:00:00,32.6,1004.8,66.70160074556692
2023-06-19 15:00:00,30.6,1005.2,71.67589990470815
2023-06-19 18:00:00,30.0,1005.8,75.5227593496699
2023-06-19 21:00:00,29.8,1004.5,75.49139258129554
2023-06-20 00:00:00,29.6,1004.0,74.118773297339
2023-06-20 03:00:00,30.6,1005.7,70.40290332892224
2023-06-20 06:00:00,33.4,1005.7,61.166394066179166
2023-06-20 09:00:00,33.8,1005.4,59.45619966284473
2023-06-20 12:00:00,32.6,1004.3,65.52306428907129
2023-06-20 15:00:00,30.6,1005.4,70.40290332892224
2023-06-20 18:00:00,30.2,1006.3,72.90096632227306
2023-06-20 21:00:00,30.0,1004.9,74.18441432342445
2023-06-21 00:00:00,29.6,1004.6,74.118773297339
2023-06-21 03:00:00,30.6,1005.8,71.67589990470815
2023-06-21 06:00:00,33.2,1006.5,62.22651784699078
2023-06-21 09:00:00,33.4,1005.6,62.269883795368706
2023-06-21 12:00:00,33.0,1004.3,62.18308645409979
2023-06-21 15:00:00,30.6,1005.6,71.67589990470815
2023-06-21 18:00:00,30.2,1006.9,74.2171474546091
2023-06-21 21:00:00,29.8,1005.4,75.49139258129554
2023-06-22 00:00:00,29.8,1005.6,74.15162297941144
2023-06-22 03:00:00,31.0,1006.8,70.89711040322032
2023-06-22 06:00:00,33.2,1006.9,63.34828851792842
2023-06-22 09:00:00,34.0,1005.7,58.445589633486186
2023-06-22 12:00:00,33.6,1004.0,59.056399786976336
2023-06-22 15:00:00,30.8,1005.0,70.43939306440934
2023-06-22 18:00:00,30.4,1005.9,74.24982249791255
2023-06-22 21:00:00,30.5,1004.9,73.82581219027456
2023-06-23 00:00:00,29.8,1004.2,75.49139258129554
2023-06-23 03:00:00,31.4,1006.0,68.47868492425357
2023-06-23 06:00:00,33.8,1006.1,60.52964398250845
2023-06-23 09:00:00,34.0,1005.0,59.50158303199722
2023-06-23 12:00:00,34.0,1003.5,58.445589633486186
2023-06-23 15:00:00,31.0,1004.8,69.22506422320274
2023-06-23 18:00:00,30.6,1005.1,71.67589990470815
2023-06-23 21:00:00,28.0,1003.2,88.91528354225218
2023-06-24 00:00:00,27.6,1002.5,93.74490804295253
2023-06-24 03:00:00,27.0,1004.2,93.71791865005993
2023-06-24 06:00:00,27.4,1004.6,92.08825670296545
2023-06-24 09:00:00,32.4,1002.6,66.6618617053601
2023-06-24 12:00:00,26.4,1002.6,90.39836619855579
2023-06-24 15:00:00,27.2,1005.1,92.07698925377626
2023-06-24 18:00:00,25.4,1005.0,94.77352241613059
2023-06-24 21:00:00,25.2,1003.2,94.76592069291524
2023-06-25 00:00:00,24.5,1003.4,95.8868298976468
2023-06-25 03:00:00,25.8,1004.2,96.49873881355717
2023-06-25 06:00:00,26.2,1004.8,94.80376584735212
2023-06-25 09:00:00,28.0,1003.7,88.91528354225218
2023-06-25 12:00:00,27.0,1003.2,92.06569807815053
2023-06-25 15:00:00,25.6,1004.6,93.09525743190015
2023-06-25 18:00:00,26.6,1005.8,92.04304428506519
2023-06-25 21:00:00,27.0,1003.7,92.06569807815053
2023-06-26 00:00:00,28.0,1003.9,88.91528354225218
2023-06-26 03:00:00,28.4,1005.4,87.90192756472376
2023-06-26 06:00:00,30.0,1006.3,81.08968974474207
2023-06-26 09:00:00,28.0,1005.2,83.28921441559984
2023-06-26 12:00:00,26.2,1003.9,94.80376584735212
2023-06-26 15:00:00,25.2,1005.5,98.227891780213
2023-06-26 18:00:00,26.0,1006.2,96.503856108436
2023-06-26 21:00:00,25.6,1004.8,98.23312117951836
2023-06-27 00:00:00,25.8,1004.6,98.23572722928968
2023-06-27 03:00:00,27.0,1005.0,93.71791865005993
2023-06-27 06:00:00,30.2,1005.4,78.29124418971334
2023-06-27 09:00:00,27.4,1004.2,90.46596324112937
2023-06-27 12:00:00,27.0,1003.9,88.83751596451742
2023-06-27 15:00:00,28.2,1005.1,86.33689076158295
2023-06-27 18:00:00,28.8,1006.2,83.37928484286573
2023-06-27 21:00:00,28.2,1004.5,87.36638064071765
2023-06-28 00:00:00,28.6,1003.9,83.35683314726084
2023-06-28 03:00:00,27.8,1005.4,88.89979374390309
2023-06-28 06:00:00,26.6,1006.2,93.69982968596882
2023-06-28 09:00:00,26.8,1005.6,93.70888380751718
2023-06-28 12:00:00,27.6,1004.7,90.47939854432097
2023-06-28 15:00:00,26.0,1006.3,94.79622941585653
2023-06-28 18:00:00,26.6,1007.1,94.8187901348208
2023-06-28 21:00:00,27.6,1005.6,90.47939854432097
2023-06-29 00:00:00,27.4,1005.1,92.08825670296545
2023-06-29 03:00:00,27.8,1006.2,87.33135888966177
2023-06-29 06:00:00,27.2,1006.9,88.85313336738866
2023-06-29 09:00:00,29.4,1005.3,77.71354294293734
2023-06-29 12:00:00,28.4,1004.4,81.85865421535438
2023-06-29 15:00:00,26.0,1005.9,92.00888400052642
2023-06-29 18:00:00,27.0,1006.7,92.06569807815053
2023-06-29 21:00:00,27.2,1004.7,90.45250000428203
2023-06-30 00:00:00,27.7,1004.5,84.76064364570666
2023-06-30 03:00:00,25.2,1006.7,93.07533521182425
2023-06-30 06:00:00,26.2,1007.1,93.68166338882529
2023-06-30 09:00:00,26.6,1005.5,94.8187901348208
2023-06-30 12:00:00,27.4,1004.3,87.29619508920601
2023-06-30 15:00:00,27.6,1006.3,84.24549777703992
2023-06-30 18:00:00,26.8,1006.3,93.70888380751718
2023-06-30 21:00:00,28.0,1004.4,88.91528354225218
2023-07-01 00:00:00,26.2,1004.3,90.38476214988123
2023-07-01 03:00:00,27.0,1006.9,85.7087986323302
2023-07-01 06:00:00,28.4,1008.0,83.33433758376981
2023-07-01 09:00:00,27.8,1007.0,88.89979374390309
2023-07-01 12:00:00,28.4,1005.6,83.33433758376981
2023-07-01 15:00:00,28.6,1006.7,84.8538871735531
2023-07-01 18:00:00,28.4,1007.4,84.83323810049623
2023-07-01 21:00:00,27.4,1005.8,88.86871874139695
2023-07-02 00:00:00,28.0,1005.0,87.34888747491027
2023-07-02 03:00:00,27.0,1006.1,93.71791865005993
2023-07-02 06:00:00,30.2,1006.2,82.5595602209085
2023-07-02 09:00:00,28.0,1004.6,84.79181717750924
2023-07-02 12:00:00,28.0,1003.9,85.80667728802291
2023-07-02 15:00:00,26.8,1005.3,93.70888380751718
2023-07-02 18:00:00,27.2,1005.6,92.07698925377626
2023-07-02 21:00:00,26.4,1004.2,92.03168153578638
2023-07-03 00:00:00,26.8,1003.4,93.70888380751718
2023-07-03 03:00:00,28.2,1004.4,90.51953760720181
2023-07-03 06:00:00,30.0,1004.4,81.56938855426297
2023-07-03 09:00:00,30.8,1002.9,79.77185498360923
2023-07-03 12:00:00,30.4,1001.8,78.31948639832048
2023-07-03 15:00:00,28.4,1003.0,84.83323810049623
2023-07-03 18:00:00,28.4,1003.9,87.90192756472376
2023-07-03 21:00:00,28.0,1002.0,88.91528354225218
2023-07-04 00:00:00,26.8,1001.4,92.05438311051279
2023-07-04 03:00:00,27.0,1002.8,93.71791865005993
2023-07-04 06:00:00,28.2,1003.1,92.13309053912468
2023-07-04 09:00:00,28.6,1001.8,84.8538871735531
2023-07-04 12:00:00,27.2,1000.0,92.07698925377626
2023-07-04 15:00:00,27.4,1001.2,92.08825670296545
2023-07-04 18:00:00,27.0,1002.1,93.71791865005993
2023-07-04 21:00:00,27.0,1000.5,92.06569807815053
2023-07-05 00:00:00,26.4,1000.0,93.69075623120435
2023-07-05 03:00:00,26.2,1000.9,94.80376584735212
2023-07-05 06:00:00,28.6,1001.1,84.8538871735531
2023-07-05 09:00:00,28.6,999.8,77.59711341151534
2023-07-05 12:00:00,27.6,998.8,90.47939854432097
2023-07-05 15:00:00,27.2,1000.2,92.07698925377626
2023-07-05 18:00:00,26.6,1001.7,94.8187901348208
2023-07-05 21:00:00,25.6,1001.1,94.78110774663195
2023-07-06 00:00:00,25.2,1000.7,96.48331975462109
2023-07-06 03:00:00,26.2,1001.9,94.80376584735212
2023-07-06 06:00:00,26.2,1002.6,92.0202947964304
2023-07-06 09:00:00,25.8,1002.0,93.10518672866101
2023-07-06 12:00:00,27.0,1000.7,87.26088849314073
2023-07-06 15:00:00,27.2,1002.8,88.85313336738866
2023-07-06 18:00:00,26.6,1003.7,90.41194193154737
2023-07-06 21:00:00,27.0,1001.6,92.06569807815053
2023-07-07 00:00:00,26.6,1001.7,94.8187901348208
2023-07-07 03:00:00,28.4,1003.2,86.35566419509173
2023-07-07 06:00:00,28.8,1003.3,86.39309843177878
2023-07-07 09:00:00,30.4,1001.8,79.71870652103674
2023-07-07 12:00:00,26.4,1001.3,94.81128607168019
2023-07-07 15:00:00,26.8,1003.8,90.42548942576907
2023-07-07 18:00:00,27.0,1004.9,92.06569807815053
2023-07-07 21:00:00,27.4,1003.1,92.08825670296545
2023-07-08 00:00:00,28.0,1003.5,87.34888747491027
2023-07-08 03:00:00,28.4,1004.9,87.90192756472376
2023-07-08 06:00:00,30.4,1005.4,76.94178563223718
2023-07-08 09:00:00,30.8,1004.5,71.71113203855039
2023-07-08 12:00:00,30.6,1004.0,72.96898936310727
2023-07-08 15:00:00,28.8,1005.7,81.90716097068722
2023-07-08 18:00:00,28.2,1005.8,83.31179804309043
2023-07-08 21:00:00,28.2,1004.3,84.81254813644145
2023-07-09 00:00:00,27.8,1004.3,84.2669381064797
2023-07-09 03:00:00,26.4,1006.3,90.39836619855579
2023-07-09 06:00:00,28.2,1006.3,88.93074165144274
2023-07-09 09:00:00,30.8,1005.8,75.64766286638326
2023-07-09 12:00:00,30.4,1005.2,75.58532357148971
2023-07-09 15:00:00,28.4,1006.6,84.83323810049623
2023-07-09 18:00:00,28.4,1006.8,81.85865421535438
2023-07-09 21:00:00,28.6,1005.1,80.43187680667027
2023-07-10 00:00:00,28.4,1005.0,81.85865421535438
2023-07-10 03:00:00,28.8,1006.5,83.37928484286573
2023-07-10 06:00:00,30.8,1007.1,75.64766286638326
2023-07-10 09:00:00,31.6,1005.9,71.00478678077775
2023-07-10 12:00:00,30.8,1005.4,70.43939306440934
2023-07-10 15:00:00,29.0,1006.9,80.48371679996085
2023-07-10 18:00:00,28.8,1007.6,80.45782143103412
2023-07-10 21:00:00,28.6,1006.1,77.59711341151534
2023-07-11 00:00:00,27.8,1005.7,84.2669381064797
2023-07-11 03:00:00,29.0,1007.3,79.0585121873896
2023-07-11 06:00:00,30.2,1007.8,78.29124418971334
2023-07-11 09:00:00,30.8,1006.6,73.00291172196927
2023-07-11 12:00:00,30.0,1005.1,75.5227593496699
2023-07-11 15:00:00,29.0,1006.6,80.48371679996085
2023-07-11 18:00:00,29.0,1006.7,80.48371679996085
2023-07-11 21:00:00,28.8,1005.4,81.90716097068722
2023-07-12 00:00:00,28.4,1004.4,83.33433758376981
2023-07-12 03:00:00,29.2,1006.0,80.5095630310082
2023-07-12 06:00:00,30.2,1006.0,76.91200889831605
2023-07-12 09:00:00,30.0,1004.9,78.26294962837345
2023-07-12 12:00:00,30.0,1004.1,78.26294962837345
2023-07-12 15:00:00,29.0,1005.1,81.9313443709877
2023-07-12 18:00:00,29.0,1006.0,81.9313443709877
2023-07-12 21:00:00,28.8,1004.6,81.90716097068722
2023-07-13 00:00:00,28.2,1003.8,86.33689076158295
2023-07-13 03:00:00,29.2,1005.0,81.95548127118022
2023-07-13 09:00:00,30.4,1004.6,78.31948639832048
2023-07-13 15:00:00,28.4,1005.2,83.33433758376981
2023-07-13 18:00:00,28.4,1006.1,81.85865421535438
2023-07-13 21:00:00,28.4,1004.7,86.35566419509173
2023-07-14 00:00:00,25.8,1004.7,85.59004257177266
2023-07-14 03:00:00,26.0,1006.8,94.79622941585653
2023-07-14 06:00:00,27.2,1007.5,90.45250000428203
2023-07-14 09:00:00,26.4,1006.9,90.39836619855579
2023-07-14 12:00:00,26.0,1006.3,92.00888400052642
2023-07-14 15:00:00,25.4,1007.6,94.77352241613059
2023-07-14 18:00:00,26.0,1008.5,94.79622941585653
2023-07-14 21:00:00,26.4,1006.9,93.69075623120435
2023-07-15 00:00:00,28.0,1006.1,87.34888747491027
2023-07-15 03:00:00,28.8,1007.3,86.39309843177878
2023-07-15 06:00:00,30.6,1007.8,76.97150804274018
2023-07-15 09:00:00,30.4,1006.7,76.94178563223718
2023-07-15 12:00:00,30.0,1005.6,79.66535824918688
2023-07-15 15:00:00,29.0,1007.0,79.0585121873896
2023-07-15 18:00:00,29.0,1007.9,80.48371679996085
2023-07-15 21:00:00,28.4,1006.0,81.85865421535438
2023-07-16 00:00:00,28.0,1005.1,81.80996009312997
2023-07-16 03:00:00,28.8,1006.6,81.90716097068722
2023-07-16 06:00:00,30.4,1006.7,75.58532357148971
2023-07-16 09:00:00,31.4,1005.5,72.24352874821913
2023-07-16 12:00:00,28.0,1004.6,81.80996009312997
2023-07-16 15:00:00,28.4,1006.0,83.33433758376981
2023-07-16 18:00:00,26.4,1006.9,88.79047072518293
2023-07-16 21:00:00,26.4,1004.9,90.39836619855579
2023-07-17 00:00:00,26.4,1003.9,92.03168153578638
2023-07-17 03:00:00,25.8,1005.9,94.78867673105134
2023-07-17 06:00:00,26.2,1006.5,93.68166338882529
2023-07-17 09:00:00,26.4,1004.8,93.69075623120435
2023-07-17 12:00:00,27.0,1003.1,92.06569807815053
2023-07-17 15:00:00,27.4,1004.7,88.86871874139695
2023-07-17 18:00:00,26.0,1005.1,93.67255110424425
2023-07-17 21:00:00,26.0,1003.5,94.79622941585653
2023-07-18 00:00:00,26.2,1003.1,94.80376584735212
2023-07-18 03:00:00,26.4,1004.6,94.81128607168019
2023-07-18 06:00:00,27.6,1005.1,90.47939854432097
2023-07-18 09:00:00,26.8,1003.6,88.82186644716782
2023-07-18 12:00:00,26.2,1001.8,93.68166338882529
2023-07-18 15:00:00,27.2,1003.0,88.85313336738866
2023-07-18 18:00:00,26.8,1003.2,93.70888380751718
2023-07-18 21:00:00,26.8,1001.8,93.70888380751718
2023-07-19 00:00:00,26.6,1001.1,93.69982968596882
2023-07-19 03:00:00,26.8,1002.4,90.42548942576907
2023-07-19 06:00:00,26.6,1002.4,92.04304428506519
2023-07-19 09:00:00,27.2,1000.6,93.72693426762005
2023-07-19 12:00:00,25.6,1000.1,96.49361034454672
2023-07-19 15:00:00,26.2,1000.8,94.80376584735212
2023-07-19 18:00:00,26.8,1001.7,93.70888380751718
2023-07-19 21:00:00,27.0,1000.3,92.06569807815053
2023-07-20 00:00:00,27.2,1000.3,92.07698925377626
2023-07-20 03:00:00,28.0,1002.0,87.34888747491027
2023-07-20 06:00:00,26.0,1003.3,92.00888400052642
2023-07-20 09:00:00,27.6,1002.0,92.09950049107172
2023-07-20 12:00:00,26.8,1001.7,90.42548942576907
2023-07-20 15:00:00,26.6,1002.9,92.04304428506519
2023-07-20 18:00:00,27.4,1003.5,92.08825670296545
2023-07-20 21:00:00,27.4,1002.8,90.46596324112937
2023-07-21 00:00:00,27.2,1002.5,90.45250000428203
2023-07-21 03:00:00,26.6,1003.8,94.8187901348208
2023-07-21 06:00:00,26.6,1004.6,93.69982968596882
2023-07-21 09:00:00,26.0,1004.4,94.79622941585653
2023-07-21 12:00:00,26.0,1003.3,93.67255110424425
2023-07-21 15:00:00,26.0,1004.9,93.67255110424425
2023-07-21 18:00:00,25.8,1006.2,96.49873881355717
2023-07-21 21:00:00,26.2,1004.0,96.5089622614157
2023-07-22 00:00:00,25.8,1004.1,93.10518672866101
2023-07-22 03:00:00,27.2,1004.9,92.07698925377626
2023-07-22 06:00:00,26.4,1005.5,93.69075623120435
2023-07-22 09:00:00,26.8,1004.1,93.70888380751718
2023-07-22 12:00:00,27.0,1003.0,90.43900875787912
2023-07-22 15:00:00,26.2,1003.7,93.68166338882529
2023-07-22 18:00:00,26.2,1004.3,94.80376584735212
2023-07-22 21:00:00,26.2,1002.6,94.80376584735212
2023-07-23 00:00:00,26.0,1002.7,94.79622941585653
2023-07-23 03:00:00,26.6,1003.8,92.04304428506519
2023-07-23 06:00:00,27.6,1004.8,87.31379479213656
2023-07-23 09:00:00,26.8,1003.3,93.70888380751718
2023-07-23 12:00:00,26.4,1001.8,93.69075623120435
2023-07-23 15:00:00,27.2,1003.5,87.27855968744687
2023-07-23 18:00:00,26.2,1004.8,96.5089622614157
2023-07-23 21:00:00,26.4,1003.1,94.81128607168019
2023-07-24 00:00:00,26.4,1003.0,92.03168153578638
2023-07-24 03:00:00,26.6,1004.4,94.8187901348208
2023-07-24 06:00:00,27.2,1004.8,92.07698925377626
2023-07-24 09:00:00,25.8,1004.0,91.99744908137737
2023-07-24 12:00:00,27.6,1002.0,88.88427217188078
2023-07-24 15:00:00,26.6,1003.9,90.41194193154737
2023-07-24 18:00:00,26.7,1005.1,97.09394543709185
2023-07-24 21:00:00,26.8,1004.3,92.05438311051279
2023-07-25 00:00:00,26.0,1004.0,94.79622941585653
2023-07-25 03:00:00,27.4,1005.6,92.08825670296545
2023-07-25 06:00:00,27.4,1006.8,92.08825670296545
2023-07-25 09:00:00,27.4,1005.8,93.73593071403404
2023-07-25 12:00:00,27.0,1004.5,92.06569807815053
2023-07-25 15:00:00,26.0,1006.2,94.79622941585653
2023-07-25 18:00:00,26.0,1007.5,94.79622941585653
2023-07-25 21:00:00,26.4,1005.7,96.51405730461323
2023-07-26 00:00:00,26.4,1005.6,96.51405730461323
2023-07-26 03:00:00,27.0,1007.0,95.39600874452509
2023-07-26 06:00:00,26.4,1007.5,92.03168153578638
2023-07-26 09:00:00,26.2,1006.2,93.68166338882529
2023-07-26 12:00:00,25.4,1005.8,94.77352241613059
2023-07-26 15:00:00,25.6,1006.9,94.78110774663195
2023-07-26 18:00:00,25.8,1007.6,94.78867673105134
2023-07-26 21:00:00,25.6,1006.0,93.09525743190015
2023-07-27 00:00:00,25.8,1005.8,93.10518672866101
2023-07-27 03:00:00,26.0,1007.4,94.79622941585653
2023-07-27 06:00:00,25.4,1007.5,94.77352241613059
2023-07-27 09:00:00,25.6,1006.3,96.49361034454672
2023-07-27 12:00:00,26.0,1005.7,94.79622941585653
2023-07-27 15:00:00,26.6,1007.8,94.8187901348208
2023-07-27 18:00:00,27.0,1008.8,92.06569807815053
2023-07-27 21:00:00,26.4,1006.6,93.69075623120435
2023-07-28 00:00:00,26.4,1006.2,88.79047072518293
2023-07-28 03:00:00,25.8,1007.6,94.78867673105134
2023-07-28 06:00:00,27.0,1007.9,92.06569807815053
2023-07-28 09:00:00,26.2,1007.1,93.68166338882529
2023-07-28 12:00:00,27.4,1006.3,92.08825670296545
2023-07-28 15:00:00,26.4,1007.7,92.03168153578638
2023-07-28 18:00:00,25.8,1008.3,93.10518672866101
2023-07-28 21:00:00,25.6,1006.5,94.78110774663195
2023-07-29 00:00:00,26.4,1006.2,92.03168153578638
2023-07-29 03:00:00,27.6,1007.9,88.88427217188078
2023-07-29 06:00:00,29.2,1008.5,83.42405706602797
2023-07-29 09:00:00,25.4,1008.3,93.08530694612072
2023-07-29 12:00:00,27.8,1006.6,87.33135888966177
2023-07-29 15:00:00,27.4,1007.8,85.74806761675889
2023-07-29 18:00:00,27.0,1008.0,88.83751596451742
2023-07-29 21:00:00,26.6,1006.6,90.41194193154737
2023-07-30 00:00:00,26.8,1006.1,90.42548942576907
2023-07-30 03:00:00,27.2,1007.8,90.45250000428203
2023-07-30 06:00:00,29.6,1007.9,78.20620296447258
2023-07-30 09:00:00,30.0,1006.6,74.18441432342445
2023-07-30 12:00:00,27.0,1005.6,85.7087986323302
2023-07-30 15:00:00,27.4,1006.4,88.86871874139695
2023-07-30 18:00:00,27.2,1007.3,85.72845277885752
2023-07-30 21:00:00,27.4,1005.3,88.86871874139695
2023-07-31 00:00:00,26.4,1005.0,92.03168153578638
2023-07-31 03:00:00,26.6,1006.4,90.41194193154737
2023-07-31 06:00:00,29.4,1007.6,77.71354294293734
2023-07-31 09:00:00,30.4,1006.1,76.94178563223718
2023-07-31 12:00:00,29.2,1004.9,80.5095630310082
2023-07-31 15:00:00,28.4,1006.2,81.85865421535438
2023-07-31 18:00:00,28.0,1007.2,84.79181717750924
2023-07-31 21:00:00,27.4,1005.9,88.86871874139695
2023-08-01 00:00:00,27.4,1005.2,84.22401507730588
2023-08-01 03:00:00,27.2,1006.5,87.27855968744687
2023-08-01 06:00:00,27.4,1007.2,84.22401507730588
2023-08-01 09:00:00,30.6,1006.2,75.61652127297627
2023-08-01 12:00:00,28.0,1005.4,85.80667728802291
2023-08-01 15:00:00,28.0,1006.5,84.79181717750924
2023-08-01 18:00:00,28.4,1007.0,80.40588280898815
2023-08-01 21:00:00,28.0,1006.0,84.79181717750924
2023-08-02 00:00:00,28.0,1005.9,83.28921441559984
2023-08-02 03:00:00,28.4,1007.4,83.33433758376981
2023-08-02 06:00:00,29.2,1008.1,79.08600581526997
2023-08-02 09:00:00,29.8,1006.9,78.23460259362332
2023-08-02 12:00:00,28.8,1006.2,80.45782143103412
2023-08-02 15:00:00,28.0,1007.1,84.79181717750924
2023-08-02 18:00:00,28.2,1007.1,83.31179804309043
2023-08-02 21:00:00,27.8,1005.2,84.2669381064797
2023-08-03 00:00:00,28.0,1005.5,83.28921441559984
2023-08-03 03:00:00,28.4,1006.9,84.83323810049623
2023-08-03 06:00:00,29.0,1007.5,77.65543578652992
2023-08-03 09:00:00,28.6,1006.1,80.43187680667027
2023-08-03 12:00:00,28.6,1005.8,83.35683314726084
2023-08-03 15:00:00,27.8,1006.9,88.89979374390309
2023-08-03 18:00:00,28.0,1006.9,85.80667728802291
2023-08-03 21:00:00,28.0,1005.8,84.79181717750924
2023-08-04 00:00:00,27.8,1005.8,85.78717977072007
2023-08-04 03:00:00,28.2,1007.2,86.33689076158295
2023-08-04 06:00:00,29.2,1008.4,81.95548127118022
2023-08-04 09:00:00,29.0,1007.6,81.9313443709877
2023-08-04 12:00:00,29.2,1006.9,80.5095630310082
2023-08-04 15:00:00,28.4,1008.0,81.85865421535438
2023-08-04 18:00:00,27.7,1008.6,87.84301834473254
2023-08-04 21:00:00,27.7,1007.6,83.255256071001
2023-08-05 00:00:00,26.8,1007.9,88.82186644716782
2023-08-05 03:00:00,27.6,1009.7,90.47939854432097
2023-08-05 06:00:00,29.8,1010.3,76.85229197010862
2023-08-05 09:00:00,30.0,1009.4,78.26294962837345
2023-08-05 12:00:00,30.0,1008.8,74.18441432342445
2023-08-05 15:00:00,28.6,1009.9,80.43187680667027
2023-08-05 18:00:00,28.4,1010.0,83.33433758376981
2023-08-05 21:00:00,28.0,1008.4,84.79181717750924
2023-08-06 00:00:00,28.0,1008.7,81.80996009312997
2023-08-06 03:00:00,28.4,1009.9,78.97572139747378
2023-08-06 06:00:00,30.4,1009.7,71.64060697493404
2023-08-06 09:00:00,30.2,1008.7,74.2171474546091
2023-08-06 12:00:00,29.0,1007.4,80.48371679996085
2023-08-06 15:00:00,28.4,1008.2,78.97572139747378
2023-08-06 18:00:00,28.4,1008.9,78.97572139747378
2023-08-06 21:00:00,28.0,1006.9,84.79181717750924
2023-08-07 00:00:00,28.0,1006.9,83.28921441559984
2023-08-07 03:00:00,28.6,1007.5,79.00337009946395
2023-08-07 06:00:00,30.2,1008.1,74.2171474546091
2023-08-07 09:00:00,31.0,1006.7,72.1742265807024
2023-08-07 12:00:00,29.4,1006.4,79.11344799319119
2023-08-07 18:00:00,28.4,1007.6,81.85865421535438
2023-08-07 21:00:00,28.2,1005.8,80.37983931978188
2023-08-08 00:00:00,28.2,1006.1,81.83433063230953
2023-08-08 03:00:00,28.6,1007.8,77.59711341151534
2023-08-08 06:00:00,30.6,1008.2,72.96898936310727
2023-08-08 09:00:00,31.0,1007.0,70.89711040322032
2023-08-08 12:00:00,30.0,1007.0,75.5227593496699
2023-08-08 15:00:00,28.8,1008.8,81.90716097068722
2023-08-08 18:00:00,28.0,1008.9,83.28921441559984
2023-08-08 21:00:00,28.2,1007.6,80.37983931978188
2023-08-09 00:00:00,28.2,1008.4,81.83433063230953
2023-08-09 03:00:00,28.6,1010.3,83.35683314726084
2023-08-09 06:00:00,29.8,1011.2,76.85229197010862
2023-08-09 09:00:00,30.6,1009.9,69.14973459026399
2023-08-09 12:00:00,29.6,1009.0,74.118773297339
2023-08-09 15:00:00,28.6,1010.1,80.43187680667027
2023-08-09 18:00:00,28.2,1010.4,87.36638064071765
2023-08-09 21:00:00,27.8,1009.0,82.77031896665545
2023-08-10 00:00:00,28.0,1008.9,83.28921441559984
2023-08-10 03:00:00,28.2,1010.6,86.33689076158295
2023-08-10 06:00:00,30.2,1011.5,72.90096632227306
2023-08-10 09:00:00,30.8,1010.0,73.00291172196927
2023-08-10 12:00:00,30.0,1009.6,72.866865390855
2023-08-10 15:00:00,28.4,1010.6,80.40588280898815
2023-08-10 18:00:00,28.2,1011.0,83.80944587569572
2023-08-10 21:00:00,27.0,1009.2,88.83751596451742
2023-08-11 00:00:00,27.4,1009.1,84.22401507730588
2023-08-11 03:00:00,28.4,1010.4,80.40588280898815
2023-08-11 06:00:00,30.8,1010.8,71.71113203855039
2023-08-11 09:00:00,31.0,1009.3,69.22506422320274
2023-08-11 12:00:00,30.4,1008.5,67.87721438855921
2023-08-11 15:00:00,28.6,1009.7,76.21281246926864
2023-08-11 18:00:00,28.4,1009.9,77.56787120852722
2023-08-11 21:00:00,27.8,1008.7,78.41909711972701
2023-08-12 00:00:00,27.0,1008.5,82.67693820709039
2023-08-12 03:00:00,28.6,1010.5,77.59711341151534
2023-08-12 06:00:00,30.4,1010.8,71.64060697493404
2023-08-12 09:00:00,30.2,1009.1,78.29124418971334
2023-08-12 12:00:00,29.8,1008.1,74.15162297941144
2023-08-12 15:00:00,28.6,1008.9,76.21281246926864
2023-08-12 18:00:00,28.0,1009.4,81.80996009312997
2023-08-12 21:00:00,27.8,1007.3,79.84670514036797
2023-08-13 00:00:00,27.8,1007.2,78.41909711972701
2023-08-13 03:00:00,29.0,1008.7,77.65543578652992
2023-08-13 06:00:00,30.4,1008.9,71.64060697493404
2023-08-13 09:00:00,31.2,1007.7,67.22306846812953
2023-08-13 12:00:00,29.8,1007.0,71.53436216643706
2023-08-13 15:00:00,28.6,1008.3,76.21281246926864
2023-08-13 18:00:00,28.2,1008.2,77.5385748300523
2023-08-13 21:00:00,28.0,1006.8,80.3537462205201
2023-08-14 00:00:00,27.5,1006.8,79.3273455189966
2023-08-14 03:00:00,28.8,1008.9,76.24353220041739
2023-08-14 06:00:00,30.6,1009.8,70.40290332892224
2023-08-14 09:00:00,31.0,1008.4,69.22506422320274
2023-08-14 12:00:00,30.4,1007.4,69.11197515651446
2023-08-14 15:00:00,28.8,1008.7,74.88236905493878
2023-08-14 18:00:00,28.4,1008.6,74.81792523943739
2023-08-14 21:00:00,28.4,1007.1,76.18203664070896
2023-08-15 00:00:00,28.2,1007.1,78.94802076163292
2023-08-15 03:00:00,28.4,1009.3,80.40588280898815
2023-08-15 06:00:00,30.4,1009.7,72.93500760473812
2023-08-15 09:00:00,30.2,1008.0,71.60525312499601
2023-08-15 12:00:00,29.8,1000.9,72.83270468535767
2023-08-15 15:00:00,28.8,1009.5,76.24353220041739
2023-08-15 18:00:00,28.6,1010.0,80.43187680667027
2023-08-15 21:00:00,28.2,1008.6,80.37983931978188
2023-08-16 00:00:00,28.0,1008.5,83.28921441559984
2023-08-16 03:00:00,28.6,1010.0,80.43187680667027
2023-08-16 06:00:00,31.2,1010.6,68.4404025650585
2023-08-16 09:00:00,31.2,1009.0,69.67698198453844
2023-08-16 12:00:00,30.2,1008.2,71.60525312499601
2023-08-16 15:00:00,28.6,1009.8,76.21281246926864
2023-08-16 18:00:00,28.2,1010.1,78.94802076163292
2023-08-16 21:00:00,28.0,1008.7,80.3537462205201
2023-08-17 00:00:00,28.0,1008.5,78.44744220055776
2023-08-17 03:00:00,29.0,1010.1,76.27419595958764
2023-08-17 06:00:00,30.6,1010.9,70.40290332892224
2023-08-17 09:00:00,31.0,1009.5,64.4141386029017
2023-08-17 12:00:00,34.0,1005.8,52.76574284376031
2023-08-17 15:00:00,29.0,1009.4,76.27419595958764
2023-08-17 18:00:00,28.2,1008.65,84.81254813644145
2023-08-17 21:00:00,28.0,1007.9,77.50922415182016
2023-08-18 00:00:00,27.6,1007.5,76.98390463811192
2023-08-18 03:00:00,28.4,1008.8,80.40588280898815
2023-08-18 06:00:00,30.8,1009.3,67.95498445600064
2023-08-18 09:00:00,30.6,1007.6,67.91613145039247
2023-08-18 12:00:00,29.8,1006.9,72.83270468535767
2023-08-18 15:00:00,29.0,1008.1,74.91450415439337
2023-08-18 18:00:00,27.2,1008.4,88.85313336738866
2023-08-18 21:00:00,28.0,1006.4,80.3537462205201
2023-08-19 00:00:00,27.8,1005.8,79.84670514036797
2023-08-19 03:00:00,28.6,1007.5,77.59711341151534
2023-08-19 06:00:00,29.0,1007.8,74.91450415439337
2023-08-19 09:00:00,29.8,1006.3,80.11148184627733
2023-08-19 12:00:00,26.8,1005.9,85.68910507577876
2023-08-19 15:00:00,28.0,1006.6,84.79181717750924
2023-08-19 18:00:00,28.0,1007.1,81.80996009312997
2023-08-19 21:00:00,28.2,1005.6,81.83433063230953
2023-08-20 00:00:00,28.0,1005.6,81.80996009312997
2023-08-20 03:00:00,28.2,1007.4,81.83433063230953
2023-08-20 06:00:00,28.0,1008.1,84.79181717750924
2023-08-20 09:00:00,29.4,1006.9,74.97860136800087
2023-08-20 12:00:00,29.8,1006.3,67.3516781237725
2023-08-20 15:00:00,26.0,1006.9,92.00888400052642
2023-08-20 18:00:00,27.6,1007.3,84.24549777703992
2023-08-20 21:00:00,27.2,1006.1,79.76628914637874
2023-08-21 00:00:00,26.8,1006.4,85.68910507577876
2023-08-21 03:00:00,27.6,1008.1,84.24549777703992
2023-08-21 06:00:00,30.0,1008.2,72.866865390855
2023-08-21 09:00:00,31.2,1007.2,70.93306375697343
2023-08-21 12:00:00,29.2,1006.5,77.68451620551635
2023-08-21 15:00:00,26.4,1007.5,90.39836619855579
2023-08-21 18:00:00,26.4,1008.2,93.69075623120435
2023-08-21 21:00:00,26.4,1006.6,92.03168153578638
2023-08-22 00:00:00,27.0,1006.3,87.26088849314073
2023-08-22 03:00:00,27.2,1007.8,92.07698925377626
2023-08-22 06:00:00,27.4,1008.0,87.29619508920601
2023-08-22 09:00:00,27.2,1006.6,87.27855968744687
2023-08-22 12:00:00,26.8,1006.7,88.82186644716782
2023-08-22 15:00:00,26.0,1008.0,92.00888400052642
2023-08-22 18:00:00,26.4,1008.7,92.03168153578638
2023-08-22 21:00:00,27.2,1006.9,84.20248990010974
2023-08-23 00:00:00,26.6,1006.9,88.80618472944694
2023-08-23 03:00:00,27.4,1007.8,85.74806761675889
2023-08-23 06:00:00,28.4,1008.0,81.85865421535438
2023-08-23 09:00:00,30.2,1007.0,70.32973763313946
2023-08-23 12:00:00,29.8,1006.4,74.15162297941144
2023-08-23 15:00:00,28.2,1007.4,79.90006215920152
2023-08-23 18:00:00,28.2,1007.4,78.94802076163292
2023-08-23 21:00:00,27.4,1005.7,85.74806761675889
2023-08-24 00:00:00,27.6,1005.8,84.24549777703992
2023-08-24 03:00:00,27.8,1006.9,82.77031896665545
2023-08-24 06:00:00,30.8,1007.5,71.71113203855039
2023-08-24 09:00:00,30.6,1005.7,71.67589990470815
2023-08-24 15:00:00,28.5,1006.0,81.38430034286965
2023-08-24 18:00:00,28.4,1006.3,81.85865421535438
2023-08-24 21:00:00,27.4,1004.6,85.74806761675889
2023-08-25 00:00:00,27.8,1005.2,82.77031896665545
2023-08-25 03:00:00,29.2,1006.4,80.5095630310082
2023-08-25 06:00:00,29.6,1006.8,79.6118092261478
2023-08-25 09:00:00,31.0,1006.0,72.1742265807024
2023-08-25 12:00:00,29.2,1005.7,79.08600581526997
2023-08-25 15:00:00,28.6,1007.1,80.43187680667027
2023-08-25 18:00:00,28.4,1007.8,81.85865421535438
2023-08-25 21:00:00,26.0,1006.3,93.67255110424425
2023-08-26 00:00:00,25.6,1006.8,91.43570721258781
2023-08-26 03:00:00,26.2,1008.1,90.38476214988123
2023-08-26 06:00:00,27.4,1008.9,85.74806761675889
2023-08-26 09:00:00,28.4,1007.6,83.33433758376981
2023-08-26 12:00:00,27.6,1007.1,87.31379479213656
2023-08-26 15:00:00,27.8,1008.5,81.29701074620921
2023-08-26 18:00:00,26.8,1009.5,88.82186644716782
2023-08-26 21:00:00,25.8,1008.2,90.35746879655075
2023-08-27 00:00:00,27.0,1007.4,87.26088849314073
2023-08-27 03:00:00,27.8,1009.5,82.77031896665545
2023-08-27 06:00:00,28.6,1010.1,81.88293095675748
2023-08-27 09:00:00,30.8,1008.2,73.00291172196927
2023-08-27 12:00:00,27.2,1007.7,85.72845277885752
2023-08-27 15:00:00,25.8,1008.9,93.10518672866101
2023-08-27 18:00:00,26.0,1009.5,94.79622941585653
2023-08-28 00:00:00,25.8,1007.1,94.78867673105134
2023-08-28 03:00:00,28.2,1009.7,83.31179804309043
2023-08-28 06:00:00,30.6,1009.9,72.96898936310727
2023-08-28 09:00:00,29.6,1008.1,74.118773297339
2023-08-28 12:00:00,29.8,1007.2,69.83477481244167
2023-08-28 15:00:00,27.4,1008.2,84.22401507730588
2023-08-28 18:00:00,27.2,1008.8,84.20248990010974
2023-08-28 21:00:00,26.8,1007.5,87.24318141227258
2023-08-29 00:00:00,26.8,1007.0,84.15931168305403
2023-08-29 03:00:00,28.0,1008.8,80.3537462205201
2023-08-29 06:00:00,29.4,1009.4,73.6429959001216
2023-08-29 09:00:00,31.2,1007.8,70.93306375697343
2023-08-29 12:00:00,30.4,1007.1,69.11197515651446
2023-08-29 15:00:00,28.4,1008.9,77.56787120852722
2023-08-29 18:00:00,27.2,1008.55,82.70035172790627
2023-08-29 21:00:00,27.0,1008.2,84.18092213796281
2023-08-30 00:00:00,26.4,1008.5,90.39836619855579
2023-08-30 03:00:00,28.0,1010.4,81.80996009312997
2023-08-30 06:00:00,31.0,1010.6,66.78169156880611
2023-08-30 09:00:00,31.6,1008.5,64.9280664556721
2023-08-30 12:00:00,30.4,1007.4,63.899688803812836
2023-08-30 15:00:00,28.6,1008.5,74.85017612547131
2023-08-30 18:00:00,27.0,1009.6,84.18092213796281
2023-08-30 21:00:00,26.4,1008.0,88.79047072518293
2023-08-31 00:00:00,26.4,1008.1,88.79047072518293
2023-08-31 03:00:00,28.0,1010.2,83.28921441559984
2023-08-31 06:00:00,31.4,1009.8,68.47868492425357
2023-08-31 09:00:00,31.6,1007.7,66.1056160585513
2023-08-31 12:00:00,30.6,1006.9,70.40290332892224
2023-08-31 15:00:00,28.8,1008.4,76.24353220041739
2023-08-31 18:00:00,28.4,1009.6,81.85865421535438
2023-08-31 21:00:00,28.2,1008.2,83.31179804309043
2023-09-01 00:00:00,27.2,1008.3,85.72845277885752
2023-09-01 03:00:00,28.6,1010.2,83.35683314726084
2023-09-01 06:00:00,30.6,1009.7,71.67589990470815
2023-09-01 09:00:00,31.6,1007.5,68.51690400466761
2023-09-01 12:00:00,29.8,1006.8,75.49139258129554
2023-09-01 15:00:00,28.8,1008.1,77.62630156297041
2023-09-01 18:00:00,28.8,1009.1,79.03096698905824
2023-09-01 21:00:00,28.2,1007.8,81.83433063230953
2023-09-02 00:00:00,27.8,1007.8,82.77031896665545
2023-09-02 03:00:00,26.3,1009.8,91.47833382948507
2023-09-02 06:00:00,27.0,1010.2,92.06569807815053
2023-09-02 09:00:00,29.0,1008.5,79.0585121873896
2023-09-02 12:00:00,28.8,1007.3,81.90716097068722
2023-09-02 15:00:00,27.0,1008.2,84.18092213796281
2023-09-02 18:00:00,27.2,1010.2,88.85313336738866
2023-09-02 21:00:00,26.6,1007.4,92.04304428506519
2023-09-03 00:00:00,26.8,1007.3,90.42548942576907
2023-09-03 03:00:00,25.2,1009.1,93.07533521182425
2023-09-03 06:00:00,27.8,1009.1,78.41909711972701
2023-09-03 09:00:00,27.4,1006.8,81.24686676192346
2023-09-03 12:00:00,27.6,1006.2,82.7470419948832
2023-09-03 15:00:00,26.0,1007.6,85.60993471040011
2023-09-03 18:00:00,26.6,1007.7,85.66937200749226
2023-09-03 21:00:00,26.2,1006.3,88.7747243479242
2023-09-04 00:00:00,26.2,1006.0,90.38476214988123
2023-09-04 03:00:00,27.0,1007.8,88.83751596451742
2023-09-04 06:00:00,30.2,1007.8,67.83823315041917
2023-09-04 09:00:00,32.0,1005.6,63.85356133058713
2023-09-04 12:00:00,30.4,1004.5,69.11197515651446
2023-09-04 15:00:00,28.4,1006.0,77.56787120852722
2023-09-04 18:00:00,27.0,1006.8,82.67693820709039
2023-09-04 21:00:00,26.6,1006.0,87.22543835052973
2023-09-05 00:00:00,25.8,1006.0,90.35746879655075
2023-09-05 03:00:00,27.6,1007.4,82.7470419948832
2023-09-05 06:00:00,30.4,1007.0,69.11197515651446
2023-09-05 09:00:00,31.8,1005.1,63.81127171847181
2023-09-05 12:00:00,30.5,1003.6,66.28113041206274
2023-09-05 15:00:00,28.8,1005.4,74.88236905493878
2023-09-05 18:00:00,28.0,1006.2,80.3537462205201
2023-09-05 21:00:00,27.6,1005.1,82.7470419948832
2023-09-06 00:00:00,27.2,1005.5,85.72845277885752
2023-09-06 03:00:00,28.0,1006.9,83.28921441559984
2023-09-06 06:00:00,30.6,1007.3,69.14973459026399
2023-09-06 09:00:00,32.0,1005.2,72.34703340707203
2023-09-06 12:00:00,30.2,1004.3,78.29124418971334
2023-09-06 15:00:00,29.4,1006.1,77.71354294293734
2023-09-06 18:00:00,29.2,1007.5,80.5095630310082
2023-09-06 21:00:00,28.8,1005.3,81.90716097068722
2023-09-07 00:00:00,28.0,1004.9,84.79181717750924
2023-09-07 03:00:00,27.0,1006.7,87.26088849314073
2023-09-07 06:00:00,25.2,1007.3,93.07533521182425
2023-09-07 09:00:00,25.6,1005.2,94.78110774663195
2023-09-07 12:00:00,24.4,1004.4,96.4626030540391
2023-09-07 15:00:00,25.4,1005.6,93.08530694612072
2023-09-07 18:00:00,26.8,1005.9,95.38933139322062
2023-09-07 21:00:00,26.8,1004.1,93.70888380751718
2023-09-08 00:00:00,26.0,1004.1,90.37112970835472
2023-09-08 03:00:00,27.6,1006.1,87.31379479213656
2023-09-08 06:00:00,28.4,1006.7,83.33433758376981
2023-09-08 09:00:00,26.0,1005.3,94.79622941585653
2023-09-08 12:00:00,25.4,1005.4,93.08530694612072
2023-09-08 15:00:00,25.0,1006.2,95.90186204688223
2023-09-08 18:00:00,25.6,1006.7,94.78110774663195
2023-09-08 21:00:00,26.0,1004.7,94.79622941585653
2023-09-09 00:00:00,27.0,1004.7,95.39600874452509
2023-09-09 03:00:00,28.4,1006.9,86.35566419509173
2023-09-09 06:00:00,28.8,1007.1,87.93540259721783
2023-09-09 09:00:00,29.4,1005.1,83.4463778105949
2023-09-09 12:00:00,29.4,1004.8,81.97957178446406
2023-09-09 15:00:00,28.6,1006.0,84.8538871735531
2023-09-09 18:00:00,28.2,1006.7,87.36638064071765
2023-09-09 21:00:00,28.0,1005.3,87.34888747491027
2023-09-10 00:00:00,27.8,1005.4,88.89979374390309
2023-09-10 03:00:00,29.0,1006.8,84.89506306062921
2023-09-10 06:00:00,30.6,1007.0,79.74530566981048
2023-09-10 09:00:00,31.6,1006.0,74.88472135092377
2023-09-10 12:00:00,29.8,1005.1,84.97692867892383
2023-09-10 15:00:00,28.8,1005.9,83.37928484286573
2023-09-10 18:00:00,28.4,1007.1,87.90192756472376
2023-09-10 21:00:00,28.2,1006.0,87.36638064071765
2023-09-11 00:00:00,27.4,1005.9,90.46596324112937
2023-09-11 03:00:00,28.6,1007.3,84.8538871735531
2023-09-11 06:00:00,31.4,1007.6,78.92130681911149
2023-09-11 09:00:00,31.6,1005.9,76.21857827105511
2023-09-11 12:00:00,30.4,1005.2,81.13972960661955
2023-09-11 15:00:00,28.6,1006.8,84.8538871735531
2023-09-11 18:00:00,28.4,1007.7,84.83323810049623
2023-09-11 21:00:00,28.0,1006.3,85.80667728802291
2023-09-12 00:00:00,27.6,1006.1,85.767643247121
2023-09-12 03:00:00,29.2,1008.0,80.5095630310082
2023-09-12 06:00:00,30.8,1008.7,77.00117625197225
2023-09-12 09:00:00,31.6,1007.1,72.27808999036708
2023-09-12 12:00:00,30.8,1006.3,69.18743090524858
2023-09-12 15:00:00,29.0,1007.6,80.48371679996085
2023-09-12 18:00:00,28.6,1008.1,81.88293095675748
2023-09-12 21:00:00,28.2,1006.8,83.31179804309043
2023-09-13 00:00:00,28.0,1006.2,83.28921441559984
2023-09-13 03:00:00,29.4,1007.7,77.71354294293734
2023-09-13 06:00:00,31.8,1007.4,67.34108781459214
2023-09-13 09:00:00,31.6,1005.9,67.30181208332723
2023-09-13 12:00:00,31.4,1004.8,66.06520314217083
2023-09-13 15:00:00,28.2,1006.4,83.31179804309043
2023-09-13 18:00:00,28.2,1006.9,83.31179804309043
2023-09-13 21:00:00,28.0,1006.2,84.79181717750924
2023-09-14 00:00:00,26.6,1006.2,93.69982968596882
2023-09-14 03:00:00,26.4,1007.8,92.03168153578638
2023-09-14 06:00:00,28.6,1007.7,84.8538871735531
2023-09-14 09:00:00,31.2,1006.0,70.93306375697343
2023-09-14 12:00:00,25.0,1006.2,94.7583025301895
2023-09-14 15:00:00,25.0,1006.8,96.47815756865955
2023-09-14 18:00:00,25.0,1007.3,94.7583025301895
2023-09-14 21:00:00,25.0,1006.4,94.7583025301895
2023-09-15 00:00:00,25.0,1005.8,94.7583025301895
2023-09-15 03:00:00,26.4,1007.6,92.03168153578638
2023-09-15 06:00:00,29.2,1008.3,79.08600581526997
2023-09-15 09:00:00,31.8,1006.3,68.55505992605102
2023-09-15 12:00:00,28.4,1005.6,86.35566419509173
2023-09-15 15:00:00,28.4,1006.4,78.97572139747378
2023-09-15 18:00:00,28.4,1007.3,78.97572139747378
2023-09-15 21:00:00,28.2,1005.7,80.37983931978188
2023-09-16 00:00:00,27.8,1003.5,86.81395322175376
2023-09-16 03:00:00,28.0,1006.8,85.80667728802291
2023-09-16 06:00:00,30.2,1007.5,72.90096632227306
2023-09-16 09:00:00,30.0,1005.3,74.18441432342445
2023-09-16 12:00:00,29.4,1005.1,76.33535606218936
2023-09-16 15:00:00,28.4,1005.7,80.40588280898815
2023-09-16 18:00:00,28.6,1006.7,79.00337009946395
2023-09-16 21:00:00,28.4,1005.0,78.97572139747378
2023-09-17 00:00:00,26.6,1004.8,85.66937200749226
2023-09-17 03:00:00,28.8,1006.5,79.03096698905824
2023-09-17 06:00:00,27.2,1006.5,85.72845277885752
2023-09-17 09:00:00,30.6,1004.4,72.96898936310727
2023-09-17 12:00:00,29.6,1003.9,75.45996920875774
2023-09-17 15:00:00,28.2,1004.7,83.31179804309043
2023-09-17 18:00:00,27.8,1005.5,84.2669381064797
2023-09-17 21:00:00,27.6,1004.2,81.27196286112057
2023-09-18 00:00:00,27.6,1003.9,84.24549777703992
2023-09-18 03:00:00,27.8,1005.4,87.33135888966177
2023-09-18 06:00:00,31.6,1005.8,73.57131384659597
2023-09-18 09:00:00,30.0,1004.4,75.5227593496699
2023-09-18 12:00:00,27.8,1004.3,88.89979374390309
2023-09-18 15:00:00,26.6,1005.7,90.41194193154737
2023-09-18 18:00:00,26.4,1007.0,90.39836619855579
2023-09-18 21:00:00,26.6,1005.7,92.04304428506519
2023-09-19 00:00:00,27.4,1005.3,88.86871874139695
2023-09-19 03:00:00,27.8,1007.1,84.2669381064797
2023-09-19 06:00:00,31.0,1007.7,76.1271052167908
2023-09-19 09:00:00,32.0,1005.9,69.82505728068918
2023-09-19 12:00:00,31.6,1005.4,72.27808999036708
2023-09-20 00:00:00,26.8,1006.4,92.05438311051279
2023-09-20 03:00:00,27.8,1007.5,90.49280598950578
2023-09-20 06:00:00,32.0,1008.3,76.27928569930424
2023-09-20 09:00:00,30.0,1005.8,76.88217771852533
2023-09-20 12:00:00,27.4,1005.2,90.46596324112937
2023-09-20 15:00:00,26.8,1007.4,93.70888380751718
2023-09-20 18:00:00,26.8,1008.4,92.05438311051279
2023-09-20 21:00:00,26.6,1006.8,93.69982968596882
2023-09-21 00:00:00,26.8,1006.8,93.70888380751718
2023-09-21 03:00:00,27.6,1008.4,92.09950049107172
2023-09-21 06:00:00,30.4,1008.0,78.31948639832048
2023-09-21 09:00:00,31.4,1006.5,72.24352874821913
2023-09-21 12:00:00,29.6,1006.4,81.03945906223336
2023-09-21 15:00:00,28.4,1008.5,84.83323810049623
2023-09-21 18:00:00,27.2,1008.8,93.72693426762005
2023-09-21 21:00:00,26.6,1007.7,94.8187901348208
2023-09-22 00:00:00,26.4,1007.6,93.69075623120435
2023-09-22 03:00:00,27.0,1008.8,95.39600874452509
2023-09-22 06:00:00,27.4,1009.5,90.46596324112937
2023-09-22 09:00:00,28.2,1006.7,87.36638064071765
2023-09-22 12:00:00,27.8,1006.2,85.78717977072007
2023-09-22 15:00:00,27.0,1008.5,92.06569807815053
2023-09-22 18:00:00,26.6,1009.0,92.04304428506519
2023-09-22 21:00:00,26.0,1007.1,93.67255110424425
2023-09-23 00:00:00,26.0,1007.4,93.67255110424425
2023-09-23 03:00:00,27.0,1009.6,90.43900875787912
2023-09-23 06:00:00,27.8,1010.1,85.78717977072007
2023-09-23 09:00:00,27.6,1007.7,85.767643247121
2023-09-23 12:00:00,27.0,1008.3,93.71791865005993
2023-09-23 15:00:00,26.4,1010.0,93.69075623120435
2023-09-23 18:00:00,26.2,1009.6,94.80376584735212
2023-09-23 21:00:00,26.0,1008.6,94.79622941585653
2023-09-24 00:00:00,25.6,1008.6,94.78110774663195
2023-09-24 03:00:00,26.4,1010.6,93.69075623120435
2023-09-24 06:00:00,29.2,1010.7,79.08600581526997
2023-09-24 09:00:00,25.8,1008.6,91.99744908137737
2023-09-24 12:00:00,27.0,1007.9,87.26088849314073
2023-09-24 15:00:00,26.4,1008.9,93.69075623120435
2023-09-24 18:00:00,26.0,1009.6,94.79622941585653
2023-09-24 21:00:00,25.8,1007.6,94.78867673105134
2023-09-25 00:00:00,25.6,1007.7,94.78110774663195
2023-09-25 03:00:00,27.0,1009.5,92.06569807815053
2023-09-25 06:00:00,31.2,1009.3,73.50477620307173
2023-09-25 09:00:00,29.8,1006.9,76.85229197010862
2023-09-25 12:00:00,29.0,1006.4,79.0585121873896
2023-09-25 15:00:00,28.2,1007.7,83.31179804309043
2023-09-25 18:00:00,27.2,1008.1,90.45250000428203
2023-09-25 21:00:00,27.2,1006.5,92.07698925377626
2023-09-26 00:00:00,26.4,1006.5,93.69075623120435
2023-09-26 03:00:00,28.0,1008.9,87.34888747491027
2023-09-26 06:00:00,29.4,1008.5,80.53536024141098
2023-09-26 09:00:00,30.6,1006.5,79.74530566981048
2023-09-26 12:00:00,30.2,1005.2,75.55406963834521
2023-09-26 15:00:00,27.2,1007.9,79.76628914637874
2023-09-26 18:00:00,26.2,1008.9,93.68166338882529
2023-09-26 21:00:00,26.0,1006.9,92.00888400052642
2023-09-27 00:00:00,25.6,1007.1,94.78110774663195
2023-09-27 03:00:00,26.4,1008.4,94.81128607168019
2023-09-27 06:00:00,29.6,1008.1,81.03945906223336
2023-09-27 09:00:00,30.2,1005.4,76.91200889831605
2023-09-27 12:00:00,25.0,1006.1,91.39891921824884
2023-09-27 15:00:00,25.4,1007.2,96.48847066905626
2023-09-27 18:00:00,25.6,1007.5,93.09525743190015
2023-09-27 21:00:00,25.4,1005.3,96.48847066905626
2023-09-28 00:00:00,25.4,1005.2,96.48847066905626
2023-09-28 03:00:00,26.8,1007.3,95.38933139322062
2023-09-28 06:00:00,31.8,1007.0,74.91652960815853
2023-09-28 09:00:00,32.2,1004.1,74.979976618763
2023-09-28 18:00:00,26.0,1005.5,93.67255110424425
2023-09-28 21:00:00,26.2,1004.0,94.80376584735212
2023-09-29 00:00:00,25.8,1004.5,94.78867673105134
2023-09-29 03:00:00,27.6,1006.4,93.74490804295253
2023-09-29 06:00:00,31.4,1006.7,80.31973345807687
2023-09-29 09:00:00,33.2,1002.8,70.45783465512956
2023-09-29 12:00:00,29.6,1002.5,79.6118092261478
2023-09-29 15:00:00,25.6,1005.7,88.72729010944434
2023-09-29 21:00:00,25.4,1004.5,93.08530694612072
2023-09-30 00:00:00,25.2,1003.6,93.07533521182425
2023-09-30 03:00:00,27.0,1006.1,88.83751596451742
2023-09-30 06:00:00,31.6,1006.3,67.30181208332723
2023-09-30 09:00:00,32.4,1003.6,67.85998060995067
2023-09-30 12:00:00,31.0,1002.9,78.40390010984709
2023-09-30 15:00:00,27.6,1004.5,75.59926777139484
2023-09-30 18:00:00,26.4,1005.8,92.03168153578638
2023-09-30 21:00:00,26.0,1005.9,93.67255110424425
2023-10-01 00:00:00,26.0,1005.1,94.79622941585653
2023-10-01 03:00:00,27.2,1006.4,93.72693426762005
2023-10-01 06:00:00,30.6,1006.5,85.05815153048339
2023-10-01 09:00:00,30.6,1004.2,82.60607945629376
2023-10-01 12:00:00,29.8,1004.6,81.06459831337503
2023-10-01 15:00:00,28.8,1006.5,89.50172004038727
2023-10-01 18:00:00,27.6,1007.9,87.31379479213656
2023-10-01 21:00:00,27.2,1007.0,90.45250000428203
2023-10-02 00:00:00,25.4,1007.6,90.33006125111788
2023-10-02 03:00:00,26.8,1009.4,93.70888380751718
2023-10-02 06:00:00,29.5,1010.6,81.5079875592629
2023-10-02 09:00:00,30.8,1008.4,75.64766286638326
2023-10-02 12:00:00,29.6,1008.1,75.45996920875774
2023-10-02 15:00:00,28.0,1009.5,83.28921441559984
2023-10-02 18:00:00,27.4,1010.0,85.74806761675889
2023-10-02 21:00:00,26.2,1009.3,90.38476214988123
2023-10-03 00:00:00,26.2,1009.5,90.38476214988123
2023-10-03 03:00:00,27.6,1011.6,87.31379479213656
2023-10-03 06:00:00,30.2,1011.6,70.32973763313946
2023-10-03 09:00:00,30.6,1008.3,69.14973459026399
2023-10-03 12:00:00,29.4,1008.1,69.76029011528094
2023-10-03 15:00:00,27.8,1010.0,78.41909711972701
2023-10-03 18:00:00,27.0,1011.4,84.18092213796281
2023-10-03 21:00:00,26.2,1010.3,90.38476214988123
2023-10-04 00:00:00,26.4,1009.9,88.79047072518293
2023-10-04 03:00:00,27.8,1012.0,84.2669381064797
2023-10-04 06:00:00,31.4,1011.6,69.71409411644107
2023-10-04 09:00:00,31.6,1009.1,66.1056160585513
2023-10-04 12:00:00,29.8,1009.2,71.53436216643706
2023-10-04 15:00:00,28.4,1011.1,77.56787120852722
2023-10-04 18:00:00,28.0,1011.5,83.28921441559984
2023-10-04 21:00:00,26.6,1010.4,87.22543835052973
2023-10-05 00:00:00,25.8,1010.3,90.35746879655075
2023-10-05 03:00:00,27.8,1012.0,84.2669381064797
2023-10-05 06:00:00,31.0,1011.5,67.99377352527183
2023-10-05 09:00:00,32.2,1008.7,67.82126335429727
2023-10-05 12:00:00,30.0,1008.7,71.5698382304094
2023-10-05 15:00:00,28.8,1010.2,76.24353220041739
2023-10-05 18:00:00,27.6,1010.2,82.7470419948832
2023-10-05 21:00:00,26.6,1009.3,88.80618472944694
2023-10-06 00:00:00,25.6,1009.3,90.34377933678581
2023-10-06 03:00:00,27.2,1011.1,85.72845277885752
2023-10-06 06:00:00,30.0,1010.8,69.03626644470846
2023-10-06 09:00:00,31.8,1007.8,64.96944081021161
2023-10-06 12:00:00,30.0,1007.8,69.03626644470846
2023-10-06 15:00:00,28.8,1009.3,77.62630156297041
2023-10-06 18:00:00,27.6,1009.5,84.24549777703992
2023-10-06 21:00:00,26.8,1009.0,88.82186644716782
2023-10-07 00:00:00,26.0,1009.1,90.37112970835472
2023-10-07 03:00:00,27.6,1011.0,84.24549777703992
2023-10-07 06:00:00,32.6,1010.4,60.623956285700366
2023-10-07 09:00:00,31.8,1008.3,66.14596424716504
2023-10-07 12:00:00,30.4,1008.3,71.64060697493404
2023-10-07 15:00:00,28.6,1010.4,77.59711341151534
2023-10-07 18:00:00,27.4,1010.7,81.24686676192346
2023-10-07 21:00:00,26.8,1009.3,84.15931168305403
2023-10-08 00:00:00,26.0,1009.8,85.60993471040011
2023-10-08 03:00:00,27.8,1011.6,82.77031896665545
2023-10-08 06:00:00,32.6,1011.5,64.36278271700262
2023-10-08 09:00:00,32.6,1009.0,66.70160074556692
2023-10-08 12:00:00,31.4,1008.7,70.96895584191402
2023-10-08 15:00:00,29.8,1011.1,82.51286135002354
2023-10-08 18:00:00,28.4,1011.5,87.90192756472376
2023-10-08 21:00:00,27.6,1010.5,88.88427217188078
2023-10-09 00:00:00,27.4,1010.8,88.86871874139695
2023-10-09 03:00:00,28.6,1013.5,86.37440005285019
2023-10-09 06:00:00,34.0,1013.4,56.04514311511978
2023-10-09 09:00:00,34.8,1010.6,58.978670050887736
2023-10-09 12:00:00,31.8,1010.0,71.04055669606059
2023-10-09 15:00:00,29.6,1011.4,78.20620296447258
2023-10-09 18:00:00,28.6,1012.0,84.8538871735531
2023-10-09 21:00:00,27.8,1010.7,85.78717977072007
2023-10-10 00:00:00,26.6,1011.0,88.80618472944694
2023-10-10 03:00:00,28.0,1013.4,83.28921441559984
2023-10-10 06:00:00,33.2,1013.1,53.209940667924414
2023-10-10 09:00:00,34.0,1010.4,61.663754542437346
2023-10-10 12:00:00,32.0,1010.4,69.82505728068918
2023-10-10 15:00:00,29.8,1011.2,79.63860889063328
2023-10-10 18:00:00,28.4,1011.9,81.85865421535438
2023-10-10 21:00:00,27.8,1011.0,81.29701074620921
2023-10-11 00:00:00,27.2,1011.0,85.72845277885752
2023-10-11 03:00:00,28.6,1013.1,83.35683314726084
2023-10-11 06:00:00,33.0,1012.6,54.139154488709806
2023-10-11 09:00:00,32.8,1010.4,59.58555475694366
2023-10-11 12:00:00,31.0,1010.0,60.63128269788534
2023-10-11 15:00:00,28.8,1011.3,73.54252536250394
2023-10-11 18:00:00,27.4,1011.8,76.95386898986409
2023-10-11 21:00:00,26.2,1010.3,81.09527108176809
2023-10-12 00:00:00,26.4,1010.9,81.1206589392812
2023-10-12 03:00:00,27.4,1012.6,76.95386898986409
2023-10-12 06:00:00,33.8,1012.6,53.682250230841014
2023-10-12 09:00:00,34.2,1010.4,61.707439726266486
2023-10-12 12:00:00,31.2,1010.4,72.20890765279174
2023-10-12 15:00:00,29.6,1011.7,81.03945906223336
2023-10-12 21:00:00,28.8,1011.0,87.93540259721783
2023-10-13 00:00:00,27.8,1011.1,90.49280598950578
2023-10-13 03:00:00,29.2,1013.4,86.43038313933076
2023-10-13 06:00:00,34.4,1013.3,54.154564287934356
2023-10-13 09:00:00,33.6,1011.1,73.47165693131991
2023-10-13 12:00:00,31.8,1010.2,74.91652960815853
2023-10-13 15:00:00,30.0,1012.1,79.66535824918688
2023-10-13 18:00:00,29.0,1012.6,84.89506306062921
2023-10-13 21:00:00,27.8,1011.0,88.89979374390309
2023-10-14 00:00:00,27.2,1011.1,90.45250000428203
2023-10-14 03:00:00,28.2,1013.9,86.33689076158295
2023-10-14 06:00:00,34.4,1013.7,57.499557963952576
2023-10-14 09:00:00,33.8,1011.2,64.9948432310438
2023-10-14 12:00:00,32.0,1010.5,66.1862478230639
2023-10-14 15:00:00,29.8,1012.1,78.23460259362332
2023-10-14 18:00:00,29.2,1012.4,83.42405706602797
2023-10-14 21:00:00,28.4,1010.6,86.35566419509173
2023-10-15 00:00:00,27.6,1010.5,88.88427217188078
2023-10-15 03:00:00,28.8,1012.4,86.39309843177878
2023-10-15 06:00:00,33.8,1012.0,60.52964398250845
2023-10-15 09:00:00,34.4,1009.1,59.59215392807818
2023-10-15 12:00:00,32.2,1008.5,59.090770552518066
2023-10-15 15:00:00,29.8,1010.1,75.49139258129554
2023-10-15 18:00:00,28.6,1010.5,84.8538871735531
2023-10-15 21:00:00,28.2,1009.6,86.33689076158295
2023-10-16 00:00:00,28.0,1010.0,87.34888747491027
2023-10-16 03:00:00,28.6,1011.8,83.35683314726084
2023-10-16 06:00:00,33.4,1011.5,59.010628693089586
2023-10-16 09:00:00,35.4,1008.9,58.42013147170984
2023-10-16 12:00:00,32.8,1008.3,62.13958951433999
2023-10-16 15:00:00,30.6,1010.0,79.74530566981048
2023-10-16 18:00:00,29.0,1010.9,79.0585121873896
2023-10-16 21:00:00,28.4,1010.2,84.83323810049623
2023-10-17 00:00:00,27.4,1010.8,85.74806761675889
2023-10-17 03:00:00,29.0,1012.8,76.27419595958764
2023-10-17 06:00:00,34.2,1012.7,60.618752169673485
2023-10-17 09:00:00,34.0,1010.7,67.37244576814547
2023-10-17 12:00:00,31.4,1010.3,78.92130681911149
2023-10-17 15:00:00,29.2,1011.9,80.5095630310082
2023-10-17 18:00:00,28.8,1011.9,86.39309843177878
2023-10-17 21:00:00,28.4,1011.8,87.90192756472376
2023-10-18 00:00:00,28.4,1011.7,87.90192756472376
2023-10-18 03:00:00,29.0,1013.8,80.48371679996085
2023-10-18 06:00:00,34.2,1013.7,61.707439726266486
2023-10-18 09:00:00,36.2,1010.7,56.90141318081153
2023-10-18 12:00:00,33.0,1010.5,70.42167655411042
2023-10-18 15:00:00,30.8,1012.0,77.00117625197225
2023-10-18 18:00:00,28.6,1012.7,80.43187680667027
2023-10-18 21:00:00,27.0,1011.3,84.18092213796281
2023-10-19 00:00:00,25.2,1011.8,85.01229874539116
2023-10-19 03:00:00,26.6,1013.3,79.6854136873141
2023-10-19 06:00:00,34.8,1013.6,61.1121171224814
2023-10-19 09:00:00,34.4,1010.8,59.59215392807818
2023-10-19 12:00:00,32.0,1010.2,53.2366666229233
2023-10-19 15:00:00,29.6,1011.8,67.31212756795189
2023-10-19 18:00:00,27.6,1012.0,78.39069896683198
2023-10-20 00:00:00,26.6,1011.1,85.66937200749226
2023-10-20 03:00:00,28.4,1013.2,74.81792523943739
2023-10-20 06:00:00,34.4,1012.8,49.15636027363035
2023-10-20 09:00:00,33.6,1010.3,58.00441896805416
2023-10-20 12:00:00,32.6,1010.0,60.623956285700366
2023-10-20 15:00:00,30.0,1011.9,75.5227593496699
2023-10-20 18:00:00,28.2,1012.3,78.94802076163292
2023-10-20 21:00:00,27.4,1010.9,79.79314536748959
2023-10-21 00:00:00,26.4,1011.1,81.1206589392812
2023-10-21 03:00:00,28.0,1013.2,72.96396353006286
2023-10-21 06:00:00,34.6,1013.1,41.1735877430806
2023-10-21 09:00:00,37.2,1010.5,38.43202154533045
2023-10-21 12:00:00,32.4,1011.1,58.42677310946739
2023-10-21 15:00:00,30.0,1013.0,67.39116386417841
2023-10-21 18:00:00,28.2,1013.5,78.94802076163292
2023-10-21 21:00:00,28.4,1012.3,77.56787120852722
2023-10-22 00:00:00,27.2,1012.9,82.70035172790627
2023-10-22 03:00:00,28.4,1014.5,78.97572139747378
2023-10-22 06:00:00,34.6,1013.8,48.317466168278045
2023-10-22 09:00:00,34.4,1011.2,55.47153939975632
2023-10-22 12:00:00,32.2,1010.9,63.89578539017188
2023-10-22 15:00:00,30.0,1012.4,70.29306142592459
2023-10-22 18:00:00,28.6,1013.2,74.85017612547131
2023-10-22 21:00:00,27.6,1011.8,85.767643247121
2023-10-23 00:00:00,26.4,1012.2,88.79047072518293
2023-10-23 03:00:00,27.4,1013.4,75.567708226779
2023-10-23 06:00:00,34.4,1013.0,50.06148181372093
2023-10-23 09:00:00,36.0,1009.8,45.542429698172974
2023-10-23 12:00:00,33.0,1010.1,53.160307816284856
2023-10-23 15:00:00,29.8,1011.4,67.3516781237725
2023-10-23 18:00:00,26.8,1011.8,78.27657315656734
2023-10-23 21:00:00,26.0,1010.9,79.12067626724064
2023-10-24 00:00:00,25.2,1011.2,85.01229874539116
2023-10-24 03:00:00,27.6,1013.0,76.98390463811192
2023-10-24 06:00:00,34.8,1012.1,44.39977355119524
2023-10-24 09:00:00,35.0,1009.9,43.64082513984817
2023-10-24 12:00:00,32.6,1009.8,55.0366623119638
2023-10-24 15:00:00,29.0,1011.5,64.38421540041374
2023-10-24 18:00:00,27.0,1012.3,76.8936310454662
2023-10-24 21:00:00,25.4,1011.2,79.03718283041701
2023-10-25 00:00:00,24.6,1012.2,84.95004486909127
2023-10-25 03:00:00,25.8,1014.1,79.09289790144875
2023-10-25 06:00:00,34.4,1014.5,40.10679628839683
2023-10-25 09:00:00,34.8,1011.6,41.48423821224752
2023-10-25 12:00:00,32.2,1011.6,47.1026210616108
2023-10-25 15:00:00,28.4,1013.2,63.863368876015656
2023-10-25 18:00:00,26.4,1013.6,70.48621381671374
2023-10-25 21:00:00,25.0,1012.6,77.06236252506079
2023-10-26 00:00:00,24.0,1012.7,70.47837778915957
2023-10-26 03:00:00,25.4,1015.0,80.5002818626729
2023-10-26 06:00:00,34.0,1014.7,33.93252255336334
2023-10-26 09:00:00,34.8,1011.7,35.92538017429184
2023-10-26 12:00:00,32.2,1011.4,40.77742717120105
2023-10-26 15:00:00,29.2,1012.8,53.19475408938177
2023-10-26 18:00:00,25.4,1013.4,65.63974012452589
2023-10-26 21:00:00,24.0,1012.0,73.63287364526842
2023-10-27 00:00:00,22.8,1012.0,74.35698654323872
2023-10-27 03:00:00,24.4,1013.7,70.99528151510849
2023-10-27 06:00:00,34.0,1013.5,35.03177732418056
2023-10-27 09:00:00,36.4,1009.9,22.619906736842747
2023-10-27 12:00:00,31.8,1009.7,42.24218143373414
2023-10-27 15:00:00,29.2,1011.3,40.21087920229749
2023-10-27 18:00:00,25.2,1012.1,63.97031676021959
2023-10-27 21:00:00,24.0,1011.0,70.47837778915957
2023-10-28 00:00:00,22.8,1011.1,77.69289526058442
2023-10-28 03:00:00,24.8,1012.8,77.03212588839541
2023-10-28 06:00:00,33.6,1012.8,32.544116665394505
2023-10-28 09:00:00,35.6,1009.7,32.26012319959513
2023-10-28 12:00:00,32.6,1009.8,40.11966376684985
2023-10-28 15:00:00,29.4,1011.7,48.45900885580284
2023-10-28 18:00:00,25.4,1012.4,62.81713542633776
2023-10-28 21:00:00,24.2,1011.1,69.20179535984853
2023-10-29 00:00:00,23.0,1010.6,71.1843141777344
2023-10-29 03:00:00,24.8,1012.3,66.76103701952412
2023-10-29 06:00:00,34.0,1012.4,29.44780613349921
2023-10-29 09:00:00,34.6,1010.2,40.41220044183502
2023-10-29 12:00:00,31.8,1009.6,48.78382679727445
2023-10-29 15:00:00,29.2,1011.1,58.034152283639216
2023-10-29 18:00:00,26.8,1011.7,68.00051812091587
2023-10-29 21:00:00,24.8,1010.3,72.40765139233008
2023-10-30 00:00:00,24.4,1010.1,59.10968227987573
2023-10-30 03:00:00,27.2,1012.6,51.0386930535946
2023-10-30 06:00:00,33.6,1012.1,35.370369819266124
2023-10-30 09:00:00,36.0,1009.1,34.47881056042972
2023-10-30 12:00:00,32.0,1009.5,52.26545370306257
2023-10-30 15:00:00,28.6,1011.2,66.70492848245004
2023-10-30 18:00:00,26.6,1012.1,70.95832333742634
2023-10-30 21:00:00,25.2,1010.9,79.00924587469251
2023-10-31 00:00:00,24.4,1010.9,78.41167733084453
2023-10-31 03:00:00,25.8,1012.8,74.85200261699907
2023-10-31 06:00:00,33.4,1012.5,38.113587359392156
2023-10-31 09:00:00,35.0,1010.4,42.57816241272484
2023-10-31 12:00:00,32.0,1010.3,43.64873094146102
2023-10-31 15:00:00,27.6,1012.3,63.298675360868906
2023-10-31 18:00:00,26.2,1012.9,73.55128024517502
2023-10-31 21:00:00,25.2,1011.9,77.56785584692332
2023-11-01 00:00:00,24.0,1011.9,83.33878752130364
2023-11-01 03:00:00,26.8,1014.2,63.91522821831225
2023-11-01 06:00:00,34.2,1013.7,31.47160195806603
2023-11-01 09:00:00,34.6,1010.9,42.304272332292626
2023-11-01 12:00:00,31.6,1011.0,53.13694270651922
2023-11-01 15:00:00,28.8,1012.6,61.6342614843269
2023-11-01 18:00:00,26.8,1012.6,68.00051812091587
2023-11-01 21:00:00,24.4,1011.6,78.41167733084453
2023-11-02 00:00:00,23.4,1012.0,79.73963499838084
2023-11-02 03:00:00,24.4,1013.7,75.5545437025466
2023-11-02 06:00:00,33.6,1013.0,38.16841802933758
2023-11-02 09:00:00,35.4,1010.7,39.388285862649866
2023-11-02 12:00:00,32.8,1010.1,46.39069479422688
2023-11-02 15:00:00,29.4,1010.9,53.245045415963254
2023-11-02 18:00:00,26.4,1011.5,72.24270469942108
2023-11-02 21:00:00,24.8,1010.2,77.03212588839541
2023-11-03 00:00:00,24.0,1009.8,76.91061342319855
2023-11-03 03:00:00,26.2,1011.8,64.9913672688916
2023-11-03 06:00:00,34.4,1010.9,36.27183771408724
2023-11-03 09:00:00,36.0,1008.1,31.960576161503475
2023-11-03 12:00:00,33.0,1007.9,47.606318875900186
2023-11-03 15:00:00,29.8,1009.3,57.46279399441182
2023-11-03 18:00:00,26.4,1009.9,66.25782759838835
2023-11-03 21:00:00,25.0,1009.0,71.10528271258221
2023-11-04 00:00:00,26.2,1008.7,58.04818884609648
2023-11-04 03:00:00,27.0,1010.7,56.07951487572317
2023-11-04 06:00:00,33.6,1010.4,40.140099313942
2023-11-04 09:00:00,36.6,1007.4,35.078281208658936
2023-11-04 12:00:00,33.8,1007.7,47.52299059016502
2023-11-04 15:00:00,29.8,1009.2,66.13938425088851
2023-11-04 18:00:00,27.6,1010.2,68.57664693138325
2023-11-04 21:00:00,26.4,1009.5,72.24270469942108
2023-11-05 00:00:00,25.4,1010.2,72.96297423706713
2023-11-05 03:00:00,25.4,1012.3,72.96297423706713
2023-11-05 06:00:00,33.8,1011.9,41.4715829546882
2023-11-05 09:00:00,35.2,1009.8,40.82715530568696
2023-11-05 12:00:00,31.8,1009.6,54.17441650106471
2023-11-05 15:00:00,29.4,1011.3,65.65748852781738
2023-11-05 18:00:00,27.2,1012.3,72.3831186482966
2023-11-05 21:00:00,26.0,1010.9,74.88452551485119
2023-11-06 00:00:00,24.6,1011.1,75.58646829846579
2023-11-06 03:00:00,25.4,1013.7,77.59744380650201
2023-11-06 06:00:00,34.0,1013.2,35.9335914192412
2023-11-06 09:00:00,32.6,1011.6,48.39081829607048
2023-11-06 12:00:00,31.4,1011.2,48.377274941391825
2023-11-06 15:00:00,27.4,1012.8,64.44152051921621
2023-11-06 21:00:00,24.0,1012.1,76.91061342319855
2023-11-07 00:00:00,23.6,1012.2,78.29628816720248
2023-11-07 03:00:00,24.0,1014.1,73.63287364526842
2023-11-07 06:00:00,33.4,1013.7,41.883910073878724
2023-11-07 09:00:00,34.4,1010.6,42.94555629128223
2023-11-07 12:00:00,31.8,1009.6,53.1868368284505
2023-11-07 15:00:00,29.8,1011.3,53.6783681185955
2023-11-07 18:00:00,26.8,1012.2,65.11757425555096
2023-11-07 21:00:00,25.4,1010.6,74.3271201935749
2023-11-08 00:00:00,25.0,1010.7,74.26066874835885
2023-11-08 03:00:00,26.2,1012.6,67.46242360250821
2023-11-08 06:00:00,32.0,1012.9,62.71443976755974
2023-11-08 09:00:00,33.0,1010.3,63.305763001067604
2023-11-08 12:00:00,30.4,1011.2,74.24982249791255
2023-11-08 15:00:00,27.8,1012.6,72.92965355193031
2023-11-08 18:00:00,27.4,1012.8,78.36224761821416
2023-11-08 21:00:00,27.2,1011.6,82.70035172790627
2023-11-09 00:00:00,26.4,1011.4,88.79047072518293
2023-11-09 03:00:00,27.8,1013.9,81.29701074620921
2023-11-09 06:00:00,33.8,1013.4,57.01603340699637
2023-11-09 09:00:00,33.2,1010.5,61.12216416914973
2023-11-09 12:00:00,31.0,1010.3,64.4141386029017
2023-11-09 15:00:00,29.8,1013.1,69.83477481244167
2023-11-09 18:00:00,26.2,1013.9,70.44918074896196
2023-11-09 21:00:00,26.0,1011.5,70.4120836701745
2023-11-10 00:00:00,26.4,1012.1,74.94939436271723
2023-11-10 03:00:00,27.4,1014.4,74.20346731676847
2023-11-10 06:00:00,34.4,1014.6,50.06148181372093
2023-11-10 09:00:00,34.0,1011.8,52.76574284376031
2023-11-10 12:00:00,31.4,1012.4,54.07572802922947
2023-11-10 15:00:00,28.2,1015.0,67.44486451604266
2023-11-10 18:00:00,26.6,1014.7,74.98174057282651
2023-11-10 21:00:00,26.0,1013.6,73.97062900551056
2023-11-11 00:00:00,26.4,1013.3,73.58514111197726
2023-11-11 03:00:00,28.0,1015.4,67.40516935791447
2023-11-11 06:00:00,33.6,1015.0,48.35343825000899
2023-11-11 09:00:00,36.0,1011.9,38.10665255354461
2023-11-11 12:00:00,33.8,1011.7,49.60427705148923
2023-11-11 15:00:00,31.4,1013.9,59.989475281496674
2023-11-11 18:00:00,28.0,1014.4,72.96396353006286
2023-11-11 21:00:00,26.2,1013.6,73.55128024517502
2023-11-12 00:00:00,25.2,1013.3,71.1418217419436
2023-11-12 03:00:00,26.8,1015.1,63.91522821831225
2023-11-12 06:00:00,34.0,1014.9,39.74812677532778
2023-11-12 09:00:00,36.0,1012.0,41.80763114476111
2023-11-12 12:00:00,33.0,1011.7,48.794473971805594
2023-11-12 15:00:00,30.6,1013.8,54.547295560496046
2023-11-12 18:00:00,27.2,1014.1,71.06754970374743
2023-11-12 21:00:00,26.2,1012.9,76.30487547759344
2023-11-13 00:00:00,25.4,1012.5,74.3271201935749
2023-11-13 03:00:00,28.0,1014.2,51.89860867537005
2023-11-13 06:00:00,34.2,1014.0,33.34235827532834
2023-11-13 09:00:00,34.4,1011.6,40.10679628839683
2023-11-13 12:00:00,32.0,1011.4,54.55620730373795
2023-11-13 15:00:00,29.4,1013.6,71.03411577940795
2023-11-13 18:00:00,27.6,1013.9,79.81995065848324
2023-11-13 21:00:00,25.6,1012.1,83.520391036621
2023-11-14 00:00:00,24.2,1012.1,78.38291200919527
2023-11-14 03:00:00,25.6,1014.3,76.21186522133068
2023-11-14 06:00:00,32.6,1014.2,45.19917194672379
2023-11-14 09:00:00,34.2,1011.2,44.789231797596095
2023-11-14 12:00:00,31.8,1010.9,44.42430274905143
2023-11-14 15:00:00,27.8,1012.9,68.61530293019021
2023-11-14 18:00:00,26.6,1013.7,72.27790097107153
2023-11-15 00:00:00,24.2,1012.4,78.38291200919527
2023-11-15 03:00:00,25.4,1014.3,75.71358128252226
2023-11-15 06:00:00,32.8,1014.0,39.420117498916575
2023-11-15 09:00:00,34.6,1010.8,37.48878141160586
2023-11-15 12:00:00,31.0,1010.9,56.00535491373798
2023-11-15 15:00:00,28.6,1012.9,69.18880061124511
2023-11-15 18:00:00,25.6,1013.3,76.21186522133068
2023-11-15 21:00:00,24.4,1012.1,81.86439065070549
2023-11-16 00:00:00,24.4,1011.9,70.99528151510849
2023-11-16 03:00:00,25.0,1014.4,75.65014160748107
2023-11-16 06:00:00,32.0,1014.5,40.4654612558719
2023-11-16 09:00:00,34.4,1011.6,38.14702062532506
2023-11-16 12:00:00,31.8,1011.5,53.1868368284505
2023-11-16 15:00:00,28.0,1013.3,66.1763979306175
2023-11-16 18:00:00,25.8,1014.2,73.03206992350184
2023-11-16 21:00:00,24.2,1013.0,79.84839136491931
2023-11-17 00:00:00,23.6,1012.6,71.74337958668197
2023-11-17 03:00:00,24.4,1014.2,72.33699619216402
2023-11-17 06:00:00,32.8,1013.8,41.45966418882386
2023-11-17 09:00:00,34.8,1011.0,33.93521936024837
2023-11-17 12:00:00,32.4,1010.7,41.875071945174035
2023-11-17 15:00:00,28.2,1012.7,62.265326482850305
2023-11-17 18:00:00,25.6,1012.9,71.65680034129598
2023-11-17 21:00:00,24.0,1011.8,78.3540921272656
2023-11-18 00:00:00,23.2,1011.7,76.31010103455979
2023-11-18 03:00:00,24.8,1013.5,69.75148628714753
2023-11-18 06:00:00,32.6,1013.1,40.11966376684985
2023-11-18 09:00:00,34.6,1010.5,35.64457641060854
2023-11-18 12:00:00,32.0,1010.7,45.60543175171839
2023-11-18 15:00:00,28.0,1012.2,66.1763979306175
2023-11-18 18:00:00,25.2,1012.8,75.68189058367413
2023-11-18 21:00:00,23.6,1011.7,78.29628816720248
2023-11-19 00:00:00,23.2,1011.5,82.73369056093227
2023-11-19 03:00:00,24.8,1013.2,78.46904480661803
2023-11-19 06:00:00,32.8,1012.5,47.55386421260116
2023-11-19 09:00:00,33.4,1010.3,48.00543683508618
2023-11-19 12:00:00,31.4,1010.4,41.867029221285236
2023-11-19 15:00:00,29.0,1012.5,48.047970414933914
2023-11-19 18:00:00,25.8,1012.7,57.58626205974758
2023-11-19 21:00:00,25.6,1011.5,65.68142590172316
2023-11-20 00:00:00,25.4,1011.4,65.63974012452589
2023-11-20 03:00:00,27.8,1013.6,60.6525992163582
2023-11-20 06:00:00,33.6,1013.5,43.265309781624985
2023-11-20 09:00:00,35.4,1010.7,40.12867222168475
2023-11-20 12:00:00,32.6,1010.5,48.39081829607048
2023-11-20 15:00:00,29.4,1012.6,68.50651160978764
2023-11-20 18:00:00,27.4,1012.7,71.10383243626453
2023-11-20 21:00:00,27.0,1011.6,75.50441651181359
2023-11-21 00:00:00,26.0,1011.7,79.12067626724064
2023-11-21 03:00:00,26.6,1014.0,79.6854136873141
2023-11-21 06:00:00,33.2,1013.5,41.82966122972637
2023-11-21 09:00:00,35.2,1010.3,34.47818189342925
2023-11-21 12:00:00,32.0,1010.5,48.83593138119181
2023-11-21 15:00:00,29.4,1012.0,59.53202238671283
2023-11-21 18:00:00,27.0,1012.0,69.73535987777385
2023-11-21 21:00:00,24.8,1011.2,68.02858379801896
2023-11-22 00:00:00,24.8,1011.0,63.4817355359212
2023-11-22 03:00:00,25.6,1013.5,57.53812239402571
2023-11-22 06:00:00,32.8,1012.7,36.29350526984933
2023-11-22 09:00:00,35.2,1009.7,31.74353999016848
2023-11-22 12:00:00,31.0,1009.6,49.18465336588453
2023-11-22 15:00:00,29.0,1011.5,50.539789986140434
2023-11-22 18:00:00,25.8,1012.1,61.73054888864948
2023-11-22 21:00:00,24.8,1010.3,63.4817355359212
2023-11-23 00:00:00,23.4,1010.0,69.92393739267627
2023-11-23 03:00:00,24.8,1011.7,65.10325533274633
2023-11-23 06:00:00,31.6,1011.4,40.099872392856064
2023-11-23 09:00:00,34.8,1007.6,40.46647720039389
2023-11-23 12:00:00,30.2,1007.4,49.28378027609706
2023-11-23 15:00:00,27.8,1009.4,59.53100351964522
2023-11-23 18:00:00,25.6,1009.5,69.90275516565127
2023-11-23 21:00:00,24.6,1008.2,75.58646829846579
2023-11-24 00:00:00,24.0,1008.2,75.02229317138162
2023-11-24 03:00:00,26.2,1010.7,64.9913672688916
2023-11-24 06:00:00,33.0,1010.8,47.606318875900186
2023-11-24 09:00:00,35.6,1008.3,38.47417925779759
2023-11-24 12:00:00,32.0,1008.4,61.59314569456349
2023-11-24 15:00:00,29.4,1010.7,69.76029011528094
2023-11-24 18:00:00,27.4,1011.1,76.95386898986409
2023-11-24 21:00:00,26.2,1010.1,82.58282556083142
2023-11-25 00:00:00,25.6,1010.6,76.21186522133068
2023-11-25 03:00:00,26.6,1012.6,73.61894146789774
2023-11-25 06:00:00,33.6,1012.4,47.17954352157042
2023-11-25 09:00:00,34.8,1009.5,44.39977355119524
2023-11-25 12:00:00,31.8,1009.8,62.67121379518331
2023-11-25 15:00:00,29.8,1012.2,67.3516781237725
2023-11-25 18:00:00,28.6,1012.5,77.59711341151534
2023-11-25 21:00:00,27.2,1011.5,82.70035172790627
2023-11-26 00:00:00,24.6,1012.5,91.37426421535667
2023-11-26 03:00:00,24.6,1012.5,91.37426421535667
2023-11-26 06:00:00,29.8,1013.2,69.83477481244167
2023-11-26 09:00:00,31.4,1009.8,61.08987992237482
2023-11-26 12:00:00,29.4,1009.8,72.32825969825754
2023-11-26 15:00:00,24.4,1011.8,91.36189759637527
2023-11-26 18:00:00,24.0,1012.8,91.33708576167582
2023-11-26 21:00:00,23.4,1011.3,91.29967042540224
2023-11-27 00:00:00,23.6,1010.8,89.65628406436801
2023-11-27 03:00:00,24.8,1012.3,84.97083781729286
2023-11-27 06:00:00,28.8,1012.4,72.2237174181299
2023-11-27 09:00:00,29.6,1009.4,71.07014207384191
2023-11-27 12:00:00,28.6,1009.1,70.46084618703307
2023-11-27 15:00:00,27.6,1011.1,75.59926777139484
2023-11-27 18:00:00,26.6,1011.2,85.66937200749226
2023-11-27 21:00:00,25.8,1010.1,88.74313412721081
2023-11-28 00:00:00,24.6,1009.9,91.37426421535667
2023-11-28 03:00:00,25.6,1011.8,82.01145278638
2023-11-28 06:00:00,30.2,1011.9,54.11245736689154
2023-11-28 09:00:00,30.8,1009.4,51.00351017295065
2023-11-28 12:00:00,28.8,1008.5,56.51707465542158
2023-11-28 15:00:00,26.2,1010.4,70.44918074896196
2023-11-28 18:00:00,24.2,1010.9,83.36164573364587
2023-11-28 21:00:00,23.2,1010.0,82.73369056093227
2023-11-29 00:00:00,22.6,1010.5,84.21619689321432
2023-11-29 03:00:00,23.4,1012.6,86.40425816902815
2023-11-29 06:00:00,29.6,1012.7,56.01193746410319
2023-11-29 09:00:00,30.6,1010.0,48.77428920867762
2023-11-29 12:00:00,28.0,1009.9,59.577319147693366
2023-11-29 15:00:00,26.2,1012.1,71.76431122414668
2023-11-29 18:00:00,24.0,1012.5,76.91061342319855
2023-11-29 21:00:00,22.0,1011.4,85.73573371041086
2023-11-30 00:00:00,21.2,1011.1,87.27539067331128
2023-11-30 03:00:00,22.4,1012.9,80.60344588733471
2023-11-30 06:00:00,28.8,1012.8,55.12527410197304
2023-11-30 09:00:00,31.4,1010.3,45.16055512731829
2023-11-30 12:00:00,28.4,1010.2,54.68305210736864
2023-11-30 15:00:00,26.4,1012.1,73.58514111197726
2023-11-30 18:00:00,24.8,1012.8,77.03212588839541
2023-11-30 21:00:00,22.8,1011.8,85.81544188377062
2023-12-01 00:00:00,22.2,1011.3,87.3652077823185
2023-12-01 03:00:00,23.8,1013.0,89.67100396425253
2023-12-01 06:00:00,29.6,1012.9,58.4879003480961
2023-12-01 09:00:00,29.8,1009.7,57.46279399441182
2023-12-01 12:00:00,28.2,1009.3,66.21721115814579
2023-12-01 15:00:00,26.2,1011.2,81.09527108176809
2023-12-01 18:00:00,25.0,1011.6,84.99158907366431
2023-12-01 21:00:00,23.6,1010.5,89.65628406436801
2023-12-02 00:00:00,22.8,1010.2,91.2620162268376
2023-12-02 03:00:00,23.8,1011.7,88.04366400310334
2023-12-02 06:00:00,31.2,1011.3,55.03175537814078
2023-12-02 09:00:00,31.2,1008.6,63.301037088202364
2023-12-02 12:00:00,29.8,1008.1,66.13938425088851
2023-12-02 15:00:00,27.6,1010.5,76.98390463811192
2023-12-02 18:00:00,26.2,1010.6,82.58282556083142
2023-12-02 21:00:00,25.4,1009.7,86.59275173505719
2023-12-03 00:00:00,24.6,1009.7,89.72957675197986
2023-12-03 03:00:00,25.0,1012.1,89.75868022431183
2023-12-03 06:00:00,32.2,1012.1,49.19123426488576
2023-12-03 09:00:00,33.8,1009.0,48.40540327509421
2023-12-03 12:00:00,30.6,1008.9,59.08123488638958
2023-12-03 15:00:00,28.4,1011.0,67.8977377259484
2023-12-03 18:00:00,26.4,1011.4,76.33576480448347
2023-12-03 21:00:00,25.4,1009.7,80.5002818626729
2023-12-04 00:00:00,24.8,1009.6,84.97083781729286
2023-12-04 03:00:00,25.8,1011.3,84.05061522100549
2023-12-04 06:00:00,32.6,1010.9,50.523270115947824
2023-12-04 09:00:00,32.2,1008.0,55.9524546962478
2023-12-04 12:00:00,30.6,1008.1,63.94211751218886
2023-12-04 15:00:00,28.6,1009.8,72.18874813372028
2023-12-04 18:00:00,27.4,1009.8,78.36224761821416
2023-12-04 21:00:00,26.4,1008.8,81.1206589392812
2023-12-05 00:00:00,25.4,1008.2,80.5002818626729
2023-12-05 03:00:00,25.8,1010.0,73.03206992350184
2023-12-05 06:00:00,31.2,1009.7,52.710735539122425
2023-12-05 09:00:00,32.0,1006.8,56.93448027880228
2023-12-05 12:00:00,29.8,1007.6,64.94624549390848
2023-12-05 15:00:00,28.0,1009.7,77.50922415182016
2023-12-05 18:00:00,26.2,1010.1,81.09527108176809
2023-12-05 21:00:00,25.8,1008.8,77.656453842952
2023-12-06 00:00:00,25.2,1008.8,77.56785584692332
2023-12-06 03:00:00,25.2,1011.4,75.68189058367413
2023-12-06 06:00:00,30.6,1011.1,54.547295560496046
2023-12-06 09:00:00,33.0,1008.0,41.51407336750425
2023-12-06 12:00:00,29.4,1008.3,64.46861316110979
2023-12-06 15:00:00,27.6,1010.6,68.57664693138325
2023-12-06 18:00:00,25.8,1011.4,74.85200261699907
2023-12-06 21:00:00,24.4,1009.9,76.97148310021424
2023-12-07 00:00:00,23.4,1010.0,76.34132933055753
2023-12-07 03:00:00,24.8,1012.5,69.75148628714753
2023-12-07 06:00:00,30.6,1012.2,47.566803806032624
2023-12-07 09:00:00,31.0,1009.4,50.112031687266324
2023-12-07 12:00:00,29.0,1009.4,54.151080144894756
2023-12-07 15:00:00,27.0,1011.3,60.09299888935582
2023-12-07 18:00:00,25.0,1011.6,78.98125580461064
2023-12-07 21:00:00,23.6,1010.5,86.42328080854222
2023-12-08 00:00:00,23.4,1010.7,79.73963499838084
2023-12-08 03:00:00,24.2,1012.9,76.94107668815431
2023-12-08 06:00:00,31.0,1012.7,50.112031687266324
2023-12-08 09:00:00,32.0,1009.9,50.99468465735812
2023-12-08 12:00:00,29.4,1009.9,59.53202238671283
2023-12-08 15:00:00,27.6,1011.8,61.748059200440466
2023-12-08 18:00:00,25.4,1012.9,74.3271201935749
2023-12-08 21:00:00,23.8,1012.5,82.80457657896673
2023-12-09 00:00:00,22.8,1012.0,81.15946153199087
2023-12-09 03:00:00,23.8,1014.6,76.40361175831273
2023-12-09 06:00:00,30.6,1014.7,49.69747942096259
2023-12-09 09:00:00,32.4,1011.1,49.24307764278141
2023-12-09 12:00:00,29.2,1010.3,61.723255448317445
2023-12-09 15:00:00,27.6,1011.6,69.84804373904335
2023-12-09 18:00:00,25.0,1012.1,77.06236252506079
2023-12-09 21:00:00,23.6,1010.8,79.76690260624395
2023-12-10 00:00:00,22.6,1010.7,85.795575729377
2023-12-10 03:00:00,24.6,1012.9,71.03201273104008
2023-12-10 06:00:00,30.8,1013.1,48.826621362604996
2023-12-10 09:00:00,33.4,1009.6,45.977751283807315
2023-12-10 12:00:00,29.8,1009.2,56.06041297831903
2023-12-10 15:00:00,27.8,1011.7,62.17688027991124
2023-12-10 18:00:00,25.6,1012.3,71.65680034129598
2023-12-10 21:00:00,23.8,1010.8,78.32521755630039
2023-12-11 00:00:00,23.0,1010.6,82.70996817603475
2023-12-11 03:00:00,24.0,1013.1,78.3540921272656
2023-12-11 06:00:00,31.6,1013.3,47.53339246136735
2023-12-11 09:00:00,32.2,1010.6,53.6134760314917
2023-12-11 12:00:00,29.8,1010.0,47.956204800317984
2023-12-11 15:00:00,27.4,1012.3,59.06781959029238
2023-12-11 18:00:00,24.6,1012.4,71.03201273104008
2023-12-11 21:00:00,23.4,1010.8,66.89673414384397
2023-12-12 00:00:00,22.2,1010.6,80.57705408572946
2023-12-12 03:00:00,23.0,1012.5,77.72260499738547
2023-12-12 06:00:00,31.6,1012.4,43.26699252430475
2023-12-12 09:00:00,31.0,1009.5,44.770043106471554
2023-12-12 12:00:00,28.6,1009.5,45.26607525457315
2023-12-12 15:00:00,26.6,1011.2,45.306629350599906
2023-12-12 18:00:00,23.4,1011.8,59.63495905400274
2023-12-12 21:00:00,21.8,1010.9,70.51187349579016
2023-12-13 00:00:00,21.0,1010.8,75.00271964013787
2023-12-13 03:00:00,21.8,1013.4,79.02146826646637
2023-12-13 06:00:00,29.6,1012.8,44.109451071360205
2023-12-13 09:00:00,31.8,1010.0,46.70478097386863
2023-12-13 12:00:00,29.4,1009.7,52.25595491573255
2023-12-13 15:00:00,27.4,1012.1,56.531617874228566
2023-12-13 18:00:00,24.8,1013.3,72.40765139233008
2023-12-13 21:00:00,23.2,1012.0,79.71231483560945
2023-12-14 00:00:00,22.6,1011.9,75.73900120222518
2023-12-14 03:00:00,22.6,1014.1,77.66312926099062
2023-12-14 06:00:00,31.2,1014.2,40.50335344032537
2023-12-14 09:00:00,34.4,1010.8,29.94097009014179
2023-12-14 12:00:00,30.0,1010.9,56.10882184768884
2023-12-14 15:00:00,27.4,1013.1,67.28568959900366
2023-12-14 18:00:00,25.4,1014.5,69.86503547584091
2023-12-14 21:00:00,22.8,1013.7,74.35698654323872
2023-12-15 00:00:00,22.0,1013.5,75.64284085753373
2023-12-15 03:00:00,22.0,1015.2,73.75452283587201
2023-12-15 06:00:00,30.4,1015.5,37.5279475060386
2023-12-15 09:00:00,33.0,1012.6,30.94253388440759
2023-12-15 12:00:00,30.8,1011.8,39.120089148586175
2023-12-15 15:00:00,25.6,1013.9,54.677740314134674
2023-12-15 18:00:00,23.0,1014.5,65.13417424120837
2023-12-15 21:00:00,21.6,1013.7,71.83530613579937
2023-12-16 00:00:00,20.6,1013.3,74.4596174181464
2023-12-16 03:00:00,22.6,1015.2,64.63389847736897
2023-12-16 06:00:00,30.6,1014.7,38.81441450611498
2023-12-16 09:00:00,32.2,1011.7,35.66692056260536
2023-12-16 12:00:00,29.4,1011.9,36.28972849758949
2023-12-16 15:00:00,26.8,1013.4,57.101806215949566
2023-12-16 18:00:00,23.6,1013.1,66.93757991376943
2023-12-16 21:00:00,21.6,1012.1,66.95489662993805
2023-12-17 00:00:00,21.4,1012.1,66.91376191861946
2023-12-17 03:00:00,23.8,1013.9,54.22424116304207
2023-12-17 06:00:00,30.0,1013.7,42.28779086879617
2023-12-17 09:00:00,33.0,1010.6,42.56790994227192
2023-12-17 12:00:00,30.6,1010.6,46.385645157686106
2023-12-17 15:00:00,26.2,1012.7,59.15801200288633
2023-12-17 18:00:00,24.8,1013.1,63.4817355359212
2023-12-17 21:00:00,25.6,1012.1,53.29501411484861
2023-12-18 00:00:00,25.0,1012.1,53.83064226424435
2023-12-18 03:00:00,25.6,1014.6,51.943130192426814
2023-12-18 06:00:00,30.0,1014.2,41.218389755870184
2023-12-18 09:00:00,32.4,1011.7,45.14572740311554
2023-12-18 12:00:00,30.2,1011.6,48.364800780647826
2023-12-18 15:00:00,27.6,1014.3,52.79005868609021
2023-12-18 18:00:00,27.0,1014.5,47.209973097959896
2023-12-18 21:00:00,25.8,1013.8,51.001308914571254
2023-12-19 00:00:00,25.2,1013.1,52.85178805612125
2023-12-19 03:00:00,25.0,1015.6,53.83064226424435
2023-12-19 06:00:00,28.8,1015.6,43.3313576867181
2023-12-19 09:00:00,32.8,1012.5,32.53492543584346
2023-12-19 12:00:00,30.6,1012.5,41.91458094264047
2023-12-19 15:00:00,26.0,1014.8,61.77549134798711
2023-12-19 18:00:00,25.0,1014.8,53.83064226424435
2023-12-19 21:00:00,23.6,1013.6,53.822735105171496
2023-12-20 00:00:00,22.6,1013.1,55.70877664423919
2023-12-20 03:00:00,23.8,1015.4,49.819920122575496
2023-12-20 06:00:00,28.8,1015.4,39.84056692267928
2023-12-20 09:00:00,32.2,1012.2,31.74393634099325
2023-12-20 12:00:00,28.8,1012.0,50.17022945547514
2023-12-20 15:00:00,25.8,1014.0,65.72304383264904
2023-12-20 18:00:00,23.4,1014.0,66.89673414384397
2023-12-20 21:00:00,24.0,1012.6,58.63792089821904
2023-12-21 00:00:00,23.2,1012.4,57.69662256232537
2023-12-21 03:00:00,24.0,1014.0,52.885445858804225
2023-12-21 06:00:00,29.6,1014.2,37.549159864907224
2023-12-21 09:00:00,32.4,1011.4,33.928775115959056
2023-12-21 12:00:00,29.6,1011.2,52.30674462542291
2023-12-21 15:00:00,26.8,1013.2,61.18521534996033
2023-12-21 18:00:00,25.4,1013.8,65.63974012452589
2023-12-21 21:00:00,24.2,1012.3,72.3015743251088
2023-12-22 00:00:00,23.6,1011.9,71.74337958668197
2023-12-22 03:00:00,23.8,1014.0,71.77945683608566
2023-12-22 06:00:00,29.2,1014.2,51.878827322487794
2023-12-22 09:00:00,31.8,1012.0,45.552015624419326
2023-12-22 12:00:00,30.0,1011.5,46.813294513259635
2023-12-22 15:00:00,26.4,1013.4,62.25365124486911
2023-12-22 18:00:00,24.0,1013.9,75.02229317138162
2023-12-22 21:00:00,22.8,1012.8,76.24746961313211
2023-12-23 00:00:00,21.6,1012.9,80.49756918337606
2023-12-23 03:00:00,21.2,1014.6,81.97757756705623
2023-12-23 06:00:00,31.2,1014.9,37.50756691261887
2023-12-23 09:00:00,32.8,1011.9,41.45966418882386
2023-12-23 12:00:00,30.0,1012.1,46.813294513259635
2023-12-23 15:00:00,27.4,1014.3,53.75062877635818
2023-12-23 18:00:00,24.2,1015.5,70.51568317062028
2023-12-23 21:00:00,22.4,1014.5,75.7070072653873
2023-12-24 00:00:00,20.8,1014.2,81.92785507473593
2023-12-24 03:00:00,20.8,1016.5,74.96971606580898
2023-12-24 06:00:00,30.2,1017.0,36.27579056079916
2023-12-24 09:00:00,34.2,1013.6,28.004977823649153
2023-12-24 12:00:00,30.8,1013.1,52.28529670371479
2023-12-24 15:00:00,26.6,1014.7,54.23420155768275
2023-12-24 18:00:00,23.4,1015.5,63.985292032244004
2023-12-26 12:00:00,31.2,1013.4,45.96527087361078
2023-12-26 15:00:00,26.5,1015.1,61.887545737401354
2023-12-26 18:00:00,23.2,1015.6,69.88593045135374
2023-12-26 21:00:00,21.2,1014.6,78.43918300096577
2023-12-27 00:00:00,21.0,1015.0,79.91155284255397
2023-12-27 03:00:00,22.0,1017.0,79.04974656784833
2023-12-27 06:00:00,31.0,1017.3,43.65326872157307
2023-12-27 09:00:00,29.8,1014.8,55.02841769124526
2023-12-27 12:00:00,30.2,1012.8,51.80975429231799
2023-12-27 15:00:00,27.6,1014.3,61.748059200440466
2023-12-27 18:00:00,24.4,1014.3,73.70091272937036
2023-12-27 21:00:00,23.0,1013.1,79.19032580005634
2023-12-28 00:00:00,21.6,1013.0,82.02710335531518
2023-12-28 03:00:00,21.6,1015.2,82.02710335531518
2023-12-28 06:00:00,31.0,1015.0,40.44839100350285
2023-12-28 09:00:00,34.0,1011.3,45.57171219777677
2023-12-28 12:00:00,30.0,1011.5,56.10882184768884
2023-12-28 15:00:00,26.4,1013.4,74.94939436271723
2023-12-28 18:00:00,24.0,1014.5,76.91061342319855
2023-12-28 21:00:00,22.4,1013.4,82.63851822798792
2023-12-29 00:00:00,21.4,1013.2,83.5592885796014
2023-12-29 03:00:00,22.2,1014.9,84.17230815633675
2023-12-29 06:00:00,31.8,1014.9,42.24218143373414
2023-12-29 09:00:00,33.2,1011.4,43.69896640701049
2023-12-29 12:00:00,30.6,1011.4,55.56557299066436
2023-12-29 15:00:00,26.6,1013.3,67.96113850878805
2023-12-29 18:00:00,24.4,1014.2,75.5545437025466
2023-12-29 21:00:00,22.8,1012.9,79.1623178245659
2023-12-30 00:00:00,21.6,1012.8,85.69563499959355
2023-12-30 03:00:00,21.6,1014.1,85.69563499959355
2023-12-30 06:00:00,31.0,1014.9,42.56104163490366
2023-12-30 09:00:00,32.0,1011.9,48.83593138119181
2023-12-30 12:00:00,30.8,1011.1,51.00351017295065
2023-12-30 15:00:00,26.0,1013.0,69.11686987087296
2023-12-30 18:00:00,24.0,1013.3,75.02229317138162
2023-12-30 21:00:00,22.8,1012.8,84.23807515262574
2023-12-31 00:00:00,22.0,1012.1,85.73573371041086
2023-12-31 03:00:00,21.8,1013.6,85.71570482965599
2023-12-31 06:00:00,31.2,1013.8,45.96527087361078
2023-12-31 09:00:00,33.4,1010.6,42.943028957546275
2023-12-31 12:00:00,30.0,1010.2,52.73546662209652
2023-12-31 15:00:00,26.4,1012.5,62.25365124486911
2023-12-31 18:00:00,23.8,1013.0,67.4028455421119
2023-12-31 21:00:00,22.8,1012.2,77.69289526058442
