time,temp_c,slp_hpa,rh_pct
2024-01-01 00:00:00,21.6,1012.0,77.02566195716373
2024-01-01 03:00:00,22.2,1013.9,82.61460691740075
2024-01-01 06:00:00,30.4,1013.9,45.176507999615254
2024-01-01 09:00:00,31.0,1011.3,53.64502413942176
2024-01-01 12:00:00,29.0,1010.8,60.550183383368285
2024-01-01 15:00:00,26.6,1013.1,65.075572953862
2024-01-01 18:00:00,24.0,1013.6,75.02229317138162
2024-01-01 21:00:00,22.4,1012.1,80.60344588733471
2024-01-02 00:00:00,21.6,1011.8,84.10614279932157
2024-01-02 03:00:00,21.4,1013.2,87.29342856926559
2024-01-02 06:00:00,29.8,1013.4,56.06041297831903
2024-01-02 09:00:00,30.8,1010.4,51.00351017295065
2024-01-02 12:00:00,28.4,1010.1,63.863368876015656
2024-01-02 15:00:00,25.6,1012.8,65.68142590172316
2024-01-02 18:00:00,23.0,1013.2,65.13417424120837
2024-01-02 21:00:00,21.0,1012.0,75.00271964013787
2024-01-03 00:00:00,19.6,1011.2,79.21141854904147
2024-01-03 03:00:00,20.2,1013.0,85.01642619925445
2024-01-03 06:00:00,28.6,1012.9,56.11768390700195
2024-01-03 09:00:00,30.8,1009.7,54.59652641434426
2024-01-03 12:00:00,27.6,1009.3,64.48394964994625
2024-01-03 15:00:00,25.6,1011.4,74.36025581723416
2024-01-03 18:00:00,23.4,1011.7,82.75736601112055
2024-01-03 21:00:00,22.0,1011.0,85.73573371041086
2024-01-04 00:00:00,20.8,1011.2,88.8904490414604
2024-01-04 03:00:00,21.0,1013.7,90.58269290087725
2024-01-04 06:00:00,27.6,1014.1,63.298675360868906
2024-01-04 09:00:00,30.6,1010.4,36.6234764027544
2024-01-04 12:00:00,28.0,1009.9,50.60007897036122
2024-01-04 15:00:00,24.6,1012.1,83.4072263549273
2024-01-04 18:00:00,22.4,1012.1,82.63851822798792
2024-01-04 21:00:00,20.4,1011.2,87.20286371169097
2024-01-05 00:00:00,19.4,1011.2,88.21944930473586
2024-01-05 03:00:00,20.4,1013.4,90.54172022816981
2024-01-05 06:00:00,28.2,1013.2,50.9737734270589
2024-01-05 09:00:00,30.4,1010.5,56.552501126573276
2024-01-05 12:00:00,27.6,1010.6,60.60706788064141
2024-01-05 15:00:00,25.2,1012.9,77.56785584692332
2024-01-05 18:00:00,22.6,1012.8,82.66238212842283
2024-01-05 21:00:00,21.0,1012.0,88.9063604341973
2024-01-06 00:00:00,19.4,1011.7,88.21944930473586
2024-01-06 03:00:00,20.0,1013.4,75.80243725044951
2024-01-06 06:00:00,29.4,1013.4,44.055074845331326
2024-01-06 09:00:00,30.5,1010.1,46.94638984078336
2024-01-06 12:00:00,27.8,1010.3,54.19164488057315
2024-01-06 15:00:00,25.6,1012.8,68.61205443506742
2024-01-06 18:00:00,23.4,1012.9,74.9242703691049
2024-01-06 21:00:00,22.2,1011.6,82.61460691740075
2024-01-07 00:00:00,22.8,1011.3,81.15946153199087
2024-01-07 03:00:00,22.4,1013.5,82.63851822798792
2024-01-07 06:00:00,29.6,1013.8,50.06252402144553
2024-01-07 09:00:00,31.6,1010.6,47.53339246136735
2024-01-07 12:00:00,28.4,1010.2,58.568820751413384
2024-01-07 15:00:00,27.0,1011.9,61.230427426020874
2024-01-07 18:00:00,25.0,1012.6,69.78940116671127
2024-01-07 21:00:00,23.8,1011.5,76.40361175831273
2024-01-08 00:00:00,22.8,1011.6,81.15946153199087
2024-01-08 03:00:00,23.2,1013.7,77.7522586030719
2024-01-08 06:00:00,31.0,1013.8,40.44839100350285
2024-01-08 09:00:00,34.6,1010.6,36.55646573898436
2024-01-08 12:00:00,30.6,1010.7,44.100353961543746
2024-01-08 15:00:00,27.8,1012.9,56.62858157026191
2024-01-08 18:00:00,25.6,1013.5,64.45946580818865
2024-01-08 21:00:00,24.6,1012.4,73.73484030490799
2024-01-09 00:00:00,23.4,1011.3,76.34132933055753
2024-01-09 03:00:00,23.4,1013.6,81.23620952648784
2024-01-09 06:00:00,31.2,1013.8,50.47601592432225
2024-01-09 09:00:00,30.8,1011.4,58.05357342222434
2024-01-09 12:00:00,29.0,1011.6,68.01508576459278
2024-01-09 15:00:00,27.6,1013.9,69.84804373904335
2024-01-09 18:00:00,27.0,1014.1,73.68636116732236
2024-01-09 21:00:00,24.4,1013.1,88.0941253601151
2024-01-10 00:00:00,23.4,1012.4,84.303446850675
2024-01-10 03:00:00,24.0,1013.9,70.47837778915957
2024-01-10 06:00:00,29.6,1014.6,52.30674462542291
2024-01-10 09:00:00,30.4,1012.0,53.164975840995425
2024-01-10 12:00:00,30.2,1011.0,60.08231213848365
2024-01-10 15:00:00,27.0,1013.5,69.73535987777385
2024-01-10 18:00:00,26.2,1014.2,69.15523439911932
2024-01-10 21:00:00,24.4,1013.4,75.5545437025466
2024-01-11 00:00:00,24.0,1012.8,76.91061342319855
2024-01-11 03:00:00,24.6,1015.0,73.73484030490799
2024-01-11 06:00:00,31.6,1015.1,43.26699252430475
2024-01-11 09:00:00,33.0,1011.9,44.74625811198047
2024-01-11 12:00:00,30.0,1011.6,58.58138510397075
2024-01-11 15:00:00,28.0,1013.0,63.385341541150645
2024-01-11 18:00:00,26.4,1013.2,73.58514111197726
2024-01-11 21:00:00,25.0,1012.1,83.45262666598398
2024-01-12 00:00:00,24.0,1011.8,81.31250928232977
2024-01-12 03:00:00,24.0,1013.6,79.82128066340769
2024-01-12 06:00:00,31.8,1013.9,43.321177350868766
2024-01-12 09:00:00,33.8,1010.8,40.447210610755796
2024-01-12 12:00:00,31.2,1011.0,49.236721646737124
2024-01-12 15:00:00,27.6,1013.0,63.298675360868906
2024-01-12 18:00:00,25.4,1014.1,71.62083740281858
2024-01-12 21:00:00,23.6,1013.1,78.29628816720248
2024-01-13 00:00:00,22.6,1012.4,81.13377868400066
2024-01-13 03:00:00,23.2,1014.1,82.73369056093227
2024-01-13 06:00:00,32.6,1015.1,44.08524912530278
2024-01-13 09:00:00,32.2,1012.6,47.98801470962114
2024-01-13 12:00:00,31.4,1012.4,46.01865075668593
2024-01-13 15:00:00,27.8,1014.1,62.17688027991124
2024-01-13 18:00:00,24.8,1014.5,72.40765139233008
2024-01-13 21:00:00,23.4,1013.6,77.78185620897757
2024-01-14 00:00:00,22.0,1013.6,77.08681687030213
2024-01-14 03:00:00,21.4,1015.7,82.00236498749985
2024-01-14 06:00:00,32.4,1015.7,30.980353151290362
2024-01-14 09:00:00,34.0,1012.4,32.236726877241026
2024-01-14 12:00:00,30.8,1012.1,36.91688394536331
2024-01-14 15:00:00,28.0,1014.4,38.84812789275419
2024-01-14 18:00:00,23.2,1014.8,56.22183331014094
2024-01-14 21:00:00,21.0,1013.2,50.73632107006152
2024-01-15 00:00:00,21.2,1013.3,52.505443997133426
2024-01-15 03:00:00,19.6,1015.5,68.74238404537456
2024-01-15 06:00:00,30.0,1015.9,35.984923231294545
2024-01-15 09:00:00,30.8,1013.0,29.743490472209682
2024-01-15 12:00:00,27.8,1012.3,41.95386366562598
2024-01-15 15:00:00,25.0,1014.0,56.66462278579749
2024-01-15 18:00:00,22.8,1014.1,66.34969640130016
2024-01-15 21:00:00,19.0,1012.3,71.8231453434557
2024-01-16 00:00:00,17.4,1011.5,72.47387967750177
2024-01-16 03:00:00,17.4,1013.7,71.52779386197415
2024-01-16 06:00:00,28.2,1013.6,34.55507674854729
2024-01-16 09:00:00,28.8,1010.5,44.458225465282275
2024-01-16 12:00:00,27.4,1010.2,45.23136161944047
2024-01-16 15:00:00,24.2,1011.6,54.67762067213747
2024-01-16 18:00:00,21.2,1012.2,68.1762342215557
2024-01-16 21:00:00,19.6,1010.9,73.81379105585982
2024-01-17 00:00:00,18.0,1010.4,80.52893541547579
2024-01-17 03:00:00,18.0,1012.4,84.23976712899662
2024-01-17 06:00:00,27.0,1012.4,39.860013982227635
2024-01-17 09:00:00,28.8,1009.9,39.84056692267928
2024-01-17 12:00:00,26.8,1010.0,54.62970896661447
2024-01-17 15:00:00,24.0,1012.4,67.44315945194963
2024-01-17 18:00:00,22.2,1012.9,72.40123365463968
2024-01-17 21:00:00,19.8,1011.9,74.32464288933063
2024-01-18 00:00:00,18.6,1011.7,80.60939160489468
2024-01-18 03:00:00,18.6,1014.4,84.30632435360548
2024-01-18 06:00:00,27.0,1014.8,39.860013982227635
2024-01-18 09:00:00,28.2,1011.3,41.253780009810335
2024-01-18 12:00:00,27.2,1011.2,43.73644973810253
2024-01-18 15:00:00,24.2,1013.4,52.93687872742393
2024-01-18 18:00:00,21.8,1013.7,62.41362156489233
2024-01-18 21:00:00,19.4,1012.2,70.0557464467342
2024-01-19 00:00:00,18.2,1011.9,76.49639500269146
2024-01-19 03:00:00,17.8,1014.1,82.07631714611342
2024-01-19 06:00:00,26.8,1014.0,44.48636302711314
2024-01-19 09:00:00,28.6,1011.2,41.90302498177393
2024-01-19 12:00:00,26.6,1010.9,61.139934561733845
2024-01-19 15:00:00,23.6,1013.1,73.1055227428291
2024-01-19 18:00:00,21.0,1013.5,76.44675215115228
2024-01-19 21:00:00,19.8,1012.5,82.84809311244793
2024-01-20 00:00:00,19.2,1012.4,88.20251315419341
2024-01-20 03:00:00,18.6,1015.0,90.41721504718039
2024-01-20 06:00:00,27.4,1015.8,51.41660273005798
2024-01-20 09:00:00,28.2,1013.1,47.22867288372724
2024-01-20 12:00:00,26.4,1012.7,52.820008231230375
2024-01-20 15:00:00,24.4,1014.1,57.616018760164046
2024-01-20 18:00:00,22.0,1014.9,65.75997484481925
2024-01-20 21:00:00,18.8,1013.7,73.19917002586746
2024-01-21 00:00:00,17.2,1013.0,75.84007888973122
2024-01-21 03:00:00,17.6,1014.9,74.43323600853022
2024-01-21 06:00:00,28.6,1015.1,44.119607567927204
2024-01-21 09:00:00,31.4,1011.9,38.78644425661281
2024-01-21 12:00:00,28.4,1011.0,46.38489762866087
2024-01-21 15:00:00,24.6,1013.2,59.15689306068407
2024-01-21 18:00:00,21.6,1013.6,68.69474949084032
2024-01-21 21:00:00,20.0,1013.0,81.3101072483957
2024-01-22 00:00:00,18.4,1012.8,76.528003069259
2024-01-22 03:00:00,18.4,1014.7,76.528003069259
2024-01-22 06:00:00,29.8,1015.5,36.63912034977847
2024-01-22 09:00:00,29.6,1012.8,44.109451071360205
2024-01-22 12:00:00,27.4,1012.9,51.41660273005798
2024-01-22 15:00:00,24.2,1015.1,67.48340579969009
2024-01-22 18:00:00,20.8,1015.9,66.35948323849591
2024-01-22 21:00:00,17.8,1015.1,65.29092760246316
2024-01-23 00:00:00,16.2,1014.4,61.537384689166515
2024-01-23 03:00:00,22.3,1016.0,43.901089496058916
2024-01-23 06:00:00,28.4,1015.9,26.264794302951323
2024-01-23 09:00:00,28.6,1012.9,31.797794638337045
2024-01-23 12:00:00,26.6,1012.2,40.54156094974816
2024-01-23 15:00:00,24.2,1013.6,47.68969993928029
2024-01-23 18:00:00,22.0,1014.3,50.33069779383232
2024-01-23 21:00:00,18.6,1013.8,60.86968290268062
2024-01-24 00:00:00,16.6,1013.1,67.6871892411154
2024-01-24 03:00:00,16.4,1015.7,75.21280024618457
2024-01-24 06:00:00,28.0,1015.9,25.62325807249632
2024-01-24 09:00:00,29.6,1012.7,34.264172309894484
2024-01-24 12:00:00,28.2,1011.9,33.42579349539827
2024-01-24 15:00:00,24.6,1013.6,52.0198382041854
2024-01-24 18:00:00,21.4,1014.4,60.3300224339597
2024-01-24 21:00:00,18.6,1013.6,46.366650913285966
2024-01-25 00:00:00,21.4,1013.7,32.403279392612234
2024-01-25 03:00:00,19.8,1016.4,45.856632147021045
2024-01-25 06:00:00,29.6,1016.9,25.009811894840244
2024-01-25 09:00:00,31.4,1013.8,30.706483228920874
2024-01-25 12:00:00,28.8,1013.5,37.57121840891593
2024-01-25 15:00:00,25.6,1015.0,44.156665179924964
2024-01-25 18:00:00,21.0,1016.0,56.78422528555351
2024-01-25 21:00:00,19.0,1014.9,64.69337791269749
2024-01-26 00:00:00,17.6,1014.3,72.51003291998082
2024-01-26 03:00:00,17.4,1017.0,72.47387967750177
2024-01-26 06:00:00,30.2,1017.9,35.11290713359887
2024-01-26 09:00:00,32.4,1014.6,29.787438160271385
2024-01-26 12:00:00,29.4,1014.6,40.527028929384194
2024-01-26 15:00:00,25.2,1016.6,46.11683152073457
2024-01-26 18:00:00,22.2,1017.3,64.54765713917364
2024-01-26 21:00:00,20.6,1016.3,62.95797615726987
2024-01-27 00:00:00,19.2,1015.0,68.21654074266358
2024-01-27 03:00:00,21.0,1016.8,56.78422528555351
2024-01-27 06:00:00,31.8,1017.6,29.235818931186618
2024-01-27 09:00:00,32.8,1014.6,38.43380601863262
2024-01-27 12:00:00,31.4,1013.9,31.73154416232405
2024-01-27 15:00:00,27.0,1015.8,42.28120224760523
2024-01-27 18:00:00,23.2,1016.9,51.99455387694659
2024-01-27 21:00:00,20.2,1015.3,60.84195995893303
2024-01-28 00:00:00,19.0,1014.7,71.8231453434557
2024-01-28 03:00:00,18.8,1016.5,73.19917002586746
2024-01-28 06:00:00,33.2,1017.1,31.198961809215685
2024-01-28 09:00:00,32.8,1014.0,19.867734541809185
2024-01-28 12:00:00,30.6,1013.8,23.775914742998225
2024-01-28 15:00:00,27.4,1015.5,32.3225028820276
2024-01-28 18:00:00,23.6,1016.4,41.33203841364714
2024-01-28 21:00:00,21.0,1015.4,52.10577333966127
2024-01-29 00:00:00,20.0,1014.5,60.795284486151715
2024-01-29 03:00:00,19.8,1016.8,68.7820404702357
2024-01-29 06:00:00,30.4,1017.5,39.514678436018755
2024-01-29 09:00:00,32.0,1014.3,29.483802567589102
2024-01-29 12:00:00,30.0,1013.7,33.70532303766758
2024-01-29 15:00:00,27.4,1015.3,37.923440527919375
2024-01-29 18:00:00,24.4,1016.0,53.33223433397086
2024-01-29 21:00:00,21.0,1014.0,63.04748762842387
2024-01-30 00:00:00,19.6,1013.8,72.39905592806319
2024-01-30 03:00:00,19.6,1015.9,72.39905592806319
2024-01-30 06:00:00,30.4,1015.8,40.80283577060398
2024-01-30 09:00:00,30.0,1013.1,41.218389755870184
2024-01-30 12:00:00,27.8,1012.4,45.63279804194258
2024-01-30 15:00:00,24.6,1014.3,66.30194413180494
2024-01-30 18:00:00,22.2,1015.0,74.25634672260556
2024-01-30 21:00:00,20.4,1014.0,76.35240172029633
2024-01-31 00:00:00,22.2,1013.3,69.25260054643807
2024-01-31 03:00:00,20.6,1015.9,76.38391108279227
2024-01-31 06:00:00,29.4,1015.7,38.48167342028429
2024-01-31 09:00:00,30.6,1012.6,44.100353961543746
2024-01-31 12:00:00,28.4,1012.7,41.577721781983016
2024-01-31 15:00:00,25.6,1014.5,57.53812239402571
2024-01-31 18:00:00,21.6,1015.2,75.57843550109602
2024-01-31 21:00:00,21.0,1014.6,83.51354068299872
2024-02-01 00:00:00,20.4,1014.0,85.03747927565317
2024-02-01 03:00:00,21.6,1016.7,80.49756918337606
2024-02-01 06:00:00,27.6,1015.2,46.46713497984191
2024-02-01 09:00:00,28.6,1014.3,37.270395215278505
2024-02-01 12:00:00,27.2,1013.5,43.17167645111236
2024-02-01 15:00:00,24.8,1015.3,62.288984382470915
2024-02-01 18:00:00,22.4,1016.2,75.7070072653873
2024-02-01 21:00:00,20.2,1015.4,83.42149095195703
2024-02-02 00:00:00,19.8,1014.8,82.84809311244793
2024-02-02 03:00:00,20.0,1016.7,83.39836242248586
2024-02-02 06:00:00,28.8,1017.1,40.887297325663276
2024-02-02 09:00:00,30.8,1014.2,46.73171542897705
2024-02-02 12:00:00,28.0,1012.9,47.17515349018581
2024-02-02 15:00:00,25.4,1014.3,55.685949687242655
2024-02-02 18:00:00,23.6,1015.5,65.67702067744715
2024-02-02 21:00:00,21.4,1014.1,73.65162613086753
2024-02-03 00:00:00,20.2,1013.5,76.32083295605663
2024-02-03 03:00:00,22.4,1015.6,66.26660576599681
2024-02-03 06:00:00,31.2,1016.1,38.483747525733364
2024-02-03 09:00:00,35.8,1012.9,24.161386451873064
2024-02-03 12:00:00,31.6,1012.6,40.099872392856064
2024-02-03 15:00:00,28.2,1014.5,41.253780009810335
2024-02-03 18:00:00,25.0,1015.7,53.83064226424435
2024-02-03 21:00:00,22.8,1014.7,63.44677270636492
2024-02-04 00:00:00,21.4,1014.7,69.98744152646606
2024-02-04 03:00:00,21.4,1016.4,75.06854363302618
2024-02-04 06:00:00,32.8,1016.7,35.3763918168052
2024-02-04 09:00:00,32.4,1013.9,41.875071945174035
2024-02-04 12:00:00,31.4,1013.5,45.16055512731829
2024-02-04 15:00:00,27.0,1015.2,60.09299888935582
2024-02-04 18:00:00,24.0,1015.9,65.76081144228971
2024-02-04 21:00:00,23.0,1015.2,71.1843141777344
2024-02-05 00:00:00,21.6,1014.8,71.83530613579937
2024-02-05 03:00:00,21.6,1016.6,77.02566195716373
2024-02-05 06:00:00,31.4,1017.9,42.940609772515394
2024-02-05 09:00:00,32.4,1014.4,37.838777202693656
2024-02-05 12:00:00,30.6,1013.5,36.6234764027544
2024-02-05 15:00:00,26.6,1015.0,51.86850699632642
2024-02-05 18:00:00,23.4,1016.3,56.636614581770104
2024-02-05 21:00:00,21.8,1014.8,65.71780100063405
2024-02-06 00:00:00,21.4,1014.3,78.46820659148995
2024-02-06 03:00:00,20.2,1016.8,76.32083295605663
2024-02-06 06:00:00,31.6,1017.3,41.13215316466405
2024-02-06 09:00:00,33.2,1014.2,41.82966122972637
2024-02-06 12:00:00,30.2,1013.7,42.613608788406225
2024-02-06 15:00:00,27.2,1015.4,57.55876022674434
2024-02-06 18:00:00,24.6,1016.4,72.37235517024858
2024-02-06 21:00:00,24.6,1015.4,71.03201273104008
2024-02-07 00:00:00,23.6,1015.1,76.37249952757334
2024-02-07 03:00:00,22.4,1017.5,84.19427459892609
2024-02-07 06:00:00,30.6,1018.5,53.21506820591533
2024-02-07 09:00:00,32.2,1014.9,40.77742717120105
2024-02-07 12:00:00,29.4,1013.9,47.548518015880695
2024-02-07 15:00:00,26.6,1015.8,52.87103005765299
2024-02-07 18:00:00,24.0,1016.2,60.159267516551964
2024-02-07 21:00:00,21.4,1014.8,66.91376191861946
2024-02-08 00:00:00,20.2,1014.4,72.50665915505505
2024-02-08 03:00:00,20.6,1016.7,73.04449468125938
2024-02-08 06:00:00,30.4,1017.4,37.5279475060386
2024-02-08 09:00:00,32.0,1013.8,39.45068417949749
2024-02-08 12:00:00,29.6,1012.6,45.24761159831436
2024-02-08 15:00:00,26.6,1013.8,59.62517376441938
2024-02-08 18:00:00,24.0,1014.9,67.44315945194963
2024-02-08 21:00:00,21.8,1013.3,72.32987810546678
2024-02-09 00:00:00,20.2,1013.3,79.80178488426841
2024-02-09 03:00:00,21.2,1015.7,78.43918300096577
2024-02-09 06:00:00,30.6,1016.4,41.91458094264047
2024-02-09 09:00:00,31.6,1013.6,38.84158693308344
2024-02-09 12:00:00,29.6,1012.7,35.407088012188964
2024-02-09 15:00:00,25.8,1015.0,53.345906430885925
2024-02-09 18:00:00,22.0,1016.3,61.25880440963451
2024-02-09 21:00:00,19.8,1015.1,61.95921539888884
2024-02-10 00:00:00,18.6,1014.7,65.89566936008023
2024-02-10 03:00:00,19.0,1016.6,75.15390064047922
2024-02-10 06:00:00,29.2,1016.9,34.83446413508239
2024-02-10 09:00:00,30.4,1014.6,37.5279475060386
2024-02-10 12:00:00,28.4,1014.3,40.512498270619396
2024-02-10 15:00:00,24.6,1016.3,49.38448091361256
2024-02-10 18:00:00,21.4,1017.0,61.92008126297963
2024-02-10 21:00:00,19.0,1015.6,63.0114676927038
2024-02-11 00:00:00,17.4,1014.3,68.75448024328793
2024-02-11 03:00:00,18.4,1016.6,73.12860116909184
2024-02-11 06:00:00,30.0,1017.9,35.984923231294545
2024-02-11 09:00:00,32.2,1014.7,37.54315973232596
2024-02-11 12:00:00,28.6,1014.2,48.86418183564483
2024-02-11 15:00:00,25.2,1016.0,57.07653428863906
2024-02-11 18:00:00,21.2,1017.1,65.16845708989669
2024-02-11 21:00:00,19.4,1015.2,71.8963196457012
2024-02-12 00:00:00,18.2,1014.7,80.5558072189858
2024-02-12 03:00:00,18.4,1016.5,82.67988796779362
2024-02-12 06:00:00,29.8,1017.1,34.545791522111145
2024-02-12 09:00:00,32.0,1014.2,44.757614694888446
2024-02-12 12:00:00,30.0,1013.3,49.23154765101147
2024-02-12 15:00:00,25.6,1015.5,60.147977437432424
2024-02-12 18:00:00,22.6,1016.4,66.30818558790568
2024-02-12 21:00:00,20.0,1014.9,72.470856291407
2024-02-13 00:00:00,18.8,1014.4,77.08670766079658
2024-02-13 03:00:00,19.2,1016.5,71.8597654605954
2024-02-13 06:00:00,30.2,1016.3,28.038924584870763
2024-02-13 09:00:00,31.4,1013.5,37.80483824235691
2024-02-13 12:00:00,28.4,1013.1,39.21479590600326
2024-02-13 15:00:00,26.0,1015.0,52.38113667098585
2024-02-13 18:00:00,22.4,1015.9,55.29641731774924
2024-02-13 21:00:00,20.2,1014.6,59.26262508250474
2024-02-14 00:00:00,19.4,1014.2,65.2062369514293
2024-02-14 03:00:00,19.8,1016.1,70.58772605911892
2024-02-14 06:00:00,30.2,1016.3,29.975749665046227
2024-02-14 09:00:00,31.4,1013.2,35.67570668526358
2024-02-14 12:00:00,29.6,1012.3,40.8445149718807
2024-02-14 15:00:00,25.8,1014.1,52.32972267192697
2024-02-14 18:00:00,23.6,1014.6,55.237934002483236
2024-02-14 21:00:00,21.2,1013.4,61.87448662932952
2024-02-15 00:00:00,19.2,1013.0,63.89183687109195
2024-02-15 03:00:00,19.4,1015.1,70.0557464467342
2024-02-15 06:00:00,32.2,1015.4,29.928911054746738
2024-02-15 09:00:00,32.4,1012.1,33.928775115959056
2024-02-15 12:00:00,30.0,1011.2,41.218389755870184
2024-02-15 15:00:00,26.6,1012.9,54.23420155768275
2024-02-15 18:00:00,24.6,1013.8,71.03201273104008
2024-02-15 21:00:00,23.2,1012.3,77.7522586030719
2024-02-16 00:00:00,22.0,1012.0,82.07643342444838
2024-02-16 03:00:00,22.4,1014.5,74.28995470707756
2024-02-16 06:00:00,33.4,1014.6,34.20388587139418
2024-02-16 09:00:00,32.0,1012.7,46.757765745898766
2024-02-16 12:00:00,31.6,1011.8,42.18771125473293
2024-02-16 15:00:00,27.8,1013.7,52.84087610557299
2024-02-16 18:00:00,25.6,1014.3,64.45946580818865
2024-02-16 21:00:00,25.0,1012.3,66.80179711177274
2024-02-17 00:00:00,23.6,1011.6,70.40357180300315
2024-02-17 03:00:00,23.0,1013.5,77.72260499738547
2024-02-17 06:00:00,31.4,1014.1,55.08058002977347
2024-02-17 09:00:00,33.2,1011.2,47.95322476996969
2024-02-17 12:00:00,32.4,1010.6,33.928775115959056
2024-02-17 15:00:00,27.6,1012.1,63.298675360868906
2024-02-17 18:00:00,24.6,1012.7,67.98894000118018
2024-02-17 21:00:00,22.6,1011.1,71.11065930748565
2024-02-18 00:00:00,22.0,1011.1,77.08681687030213
2024-02-18 03:00:00,22.4,1012.8,72.43681558289073
2024-02-18 06:00:00,32.0,1012.9,41.50310192464845
2024-02-18 09:00:00,31.4,1010.2,51.793336482077336
2024-02-18 12:00:00,30.0,1009.7,58.58138510397075
2024-02-18 15:00:00,27.0,1011.0,69.73535987777385
2024-02-18 18:00:00,23.4,1012.5,79.73963499838084
2024-02-18 21:00:00,22.0,1011.4,82.07643342444838
2024-02-19 00:00:00,21.0,1010.9,81.95274097068757
2024-02-19 03:00:00,22.0,1013.2,79.04974656784833
2024-02-19 06:00:00,30.6,1014.5,52.234713311802714
2024-02-19 09:00:00,32.6,1011.4,34.203626785255516
2024-02-19 12:00:00,31.4,1010.9,30.706483228920874
2024-02-19 15:00:00,26.2,1012.5,46.08829338900369
2024-02-19 18:00:00,23.0,1013.6,69.84785753064332
2024-02-19 21:00:00,21.8,1012.7,75.61066811578078
2024-02-20 00:00:00,21.2,1012.3,78.43918300096577
2024-02-20 03:00:00,21.8,1014.3,80.52411586044471
2024-02-20 06:00:00,31.6,1014.2,29.96219116312658
2024-02-20 09:00:00,31.0,1012.4,39.175305310064076
2024-02-20 12:00:00,29.6,1011.4,42.99653296618901
2024-02-20 15:00:00,26.4,1013.0,56.64557967688834
2024-02-20 18:00:00,24.2,1014.0,73.66692388726497
2024-02-20 21:00:00,22.2,1012.2,80.57705408572946
2024-02-21 00:00:00,21.4,1012.2,85.67552411246282
2024-02-21 03:00:00,23.4,1014.5,86.40425816902815
2024-02-21 06:00:00,28.8,1014.7,52.76189312845306
2024-02-21 09:00:00,29.2,1011.3,55.568241906041415
2024-02-21 12:00:00,28.0,1011.5,60.69806228799576
2024-02-21 15:00:00,25.6,1013.1,72.99755286782062
2024-02-21 18:00:00,24.8,1013.9,75.61833422287444
2024-02-21 21:00:00,23.2,1012.3,81.21067682976118
2024-02-22 00:00:00,22.2,1012.4,84.17230815633675
2024-02-22 03:00:00,23.0,1014.8,87.97589377078442
2024-02-22 06:00:00,28.4,1014.9,61.16586545008611
2024-02-22 09:00:00,29.2,1012.7,56.96582316395901
2024-02-22 12:00:00,27.2,1012.2,61.65858592580613
2024-02-22 15:00:00,25.0,1013.9,71.10528271258221
2024-02-22 18:00:00,23.6,1014.5,76.37249952757334
2024-02-22 21:00:00,21.6,1013.3,85.69563499959355
2024-02-23 00:00:00,20.4,1013.4,88.85852566524859
2024-02-23 03:00:00,21.6,1015.2,82.02710335531518
2024-02-23 06:00:00,29.0,1015.1,40.15547110727159
2024-02-23 09:00:00,30.6,1011.1,44.100353961543746
2024-02-23 12:00:00,28.6,1010.9,26.499015944026848
2024-02-23 15:00:00,26.2,1012.2,38.59921431196484
2024-02-23 18:00:00,23.4,1013.3,49.38778468739456
2024-02-23 21:00:00,19.4,1011.9,56.7625297206137
2024-02-24 00:00:00,20.2,1011.1,67.53624912686811
2024-02-24 03:00:00,21.6,1013.9,54.37442019005151
2024-02-24 06:00:00,30.4,1014.1,26.266895995748484
2024-02-24 09:00:00,32.6,1011.0,28.501008134945057
2024-02-24 12:00:00,29.6,1010.9,20.18757211815084
2024-02-24 15:00:00,25.8,1012.0,29.768286994617743
2024-02-24 18:00:00,22.6,1012.5,38.35658798241381
2024-02-24 21:00:00,18.0,1011.2,53.083679116365815
2024-02-25 00:00:00,16.8,1010.8,56.875777538603025
2024-02-25 03:00:00,16.8,1012.5,60.44462846023904
2024-02-25 06:00:00,31.2,1012.7,17.291329430062337
2024-02-25 09:00:00,33.6,1009.1,26.24249743315645
2024-02-25 12:00:00,30.4,1008.3,30.230706402917875
2024-02-25 15:00:00,26.2,1010.1,51.43446505931543
2024-02-25 18:00:00,23.2,1010.7,60.7486535053691
2024-02-25 21:00:00,21.8,1009.7,68.73415619857566
2024-02-26 00:00:00,20.6,1009.2,69.38578733821737
2024-02-26 03:00:00,21.8,1010.9,56.2408154231516
2024-02-26 06:00:00,33.6,1011.2,23.594464271114614
2024-02-26 09:00:00,33.8,1008.7,33.87770331280664
2024-02-26 12:00:00,30.6,1008.7,53.21506820591533
2024-02-26 15:00:00,27.2,1010.8,61.65858592580613
2024-02-26 18:00:00,25.0,1011.9,63.92706944237422
2024-02-26 21:00:00,23.8,1010.6,71.77945683608566
2024-02-27 00:00:00,24.0,1010.9,75.02229317138162
2024-02-27 03:00:00,25.0,1013.3,68.06816085251297
2024-02-27 06:00:00,32.0,1013.8,23.97898558916218
2024-02-27 09:00:00,33.2,1011.7,40.79331842939581
2024-02-27 12:00:00,31.4,1010.5,35.67570668526358
2024-02-27 15:00:00,29.0,1011.6,34.550110818955254
2024-02-27 18:00:00,25.6,1012.9,46.8323722945131
2024-02-27 21:00:00,23.0,1011.8,48.956639538983296
2024-02-28 00:00:00,22.0,1011.4,52.02296792971393
2024-02-28 03:00:00,21.8,1013.2,59.25650266469661
2024-02-28 06:00:00,33.0,1012.7,35.658810994961954
2024-02-28 09:00:00,34.4,1009.7,37.199052957418445
2024-02-28 12:00:00,31.6,1008.7,42.18771125473293
2024-02-28 15:00:00,29.0,1010.4,45.66475006650691
2024-02-28 18:00:00,26.2,1011.7,60.66674488054539
2024-02-29 00:00:00,24.2,1010.1,81.33784349698335
2024-02-29 03:00:00,25.2,1012.3,75.68189058367413
2024-02-29 06:00:00,35.0,1012.4,30.689533252523866
2024-02-29 09:00:00,37.0,1009.3,30.448368465568105
2024-02-29 12:00:00,33.6,1008.5,42.20065213667368
2024-02-29 15:00:00,29.4,1010.6,59.53202238671283
2024-02-29 18:00:00,27.0,1012.5,62.77637062843983
2024-02-29 21:00:00,26.4,1011.2,65.03350399798012
2024-03-01 00:00:00,26.6,1010.8,59.62517376441938
2024-03-01 03:00:00,27.4,1013.4,64.44152051921621
2024-03-01 06:00:00,31.2,1013.7,40.50335344032537
2024-03-01 09:00:00,33.2,1011.2,32.01800578264064
2024-03-01 12:00:00,29.0,1010.5,60.550183383368285
2024-03-01 15:00:00,27.0,1012.2,72.34810781589086
2024-03-01 18:00:00,25.4,1013.5,71.62083740281858
2024-03-01 21:00:00,25.2,1012.6,81.96262342273943
2024-03-02 00:00:00,24.2,1011.5,86.48011646915207
2024-03-02 03:00:00,25.0,1013.8,83.45262666598398
2024-03-02 06:00:00,30.0,1014.5,62.279197326402645
2024-03-02 09:00:00,30.6,1012.1,59.08123488638958
2024-03-02 12:00:00,29.0,1010.9,65.57515728735507
2024-03-02 15:00:00,26.8,1012.9,72.3130352999761
2024-03-02 18:00:00,26.4,1013.8,74.94939436271723
2024-03-02 21:00:00,25.6,1012.3,79.0650667975322
2024-03-03 00:00:00,25.6,1012.0,80.52645239736388
2024-03-03 03:00:00,25.4,1014.4,72.96297423706713
2024-03-03 06:00:00,28.0,1015.3,58.11126126861089
2024-03-03 09:00:00,28.4,1012.7,54.68305210736864
2024-03-03 12:00:00,26.4,1011.9,59.578657328843455
2024-03-03 15:00:00,23.4,1013.4,66.89673414384397
2024-03-03 18:00:00,22.4,1014.0,69.29137490376931
2024-03-03 21:00:00,20.2,1012.8,74.3922547674494
2024-03-04 00:00:00,18.6,1013.2,78.56151959545844
2024-03-04 03:00:00,21.0,1015.2,73.11466043664565
2024-03-04 06:00:00,27.0,1015.7,45.71041733142556
2024-03-04 09:00:00,29.2,1013.2,46.01065761132635
2024-03-04 12:00:00,27.4,1012.0,41.57117327775255
2024-03-04 15:00:00,24.6,1013.4,56.204948951375734
2024-03-04 18:00:00,22.0,1014.2,68.77349522244712
2024-03-04 21:00:00,19.8,1012.9,74.32464288933063
2024-03-05 00:00:00,18.8,1012.7,75.12081534970918
2024-03-05 03:00:00,20.2,1014.5,65.8046365225661
2024-03-05 06:00:00,31.2,1014.1,29.460441135767002
2024-03-05 09:00:00,30.8,1011.6,37.88222971191058
2024-03-05 12:00:00,28.0,1011.1,45.98124630748456
2024-03-05 15:00:00,24.6,1012.7,46.86737390966147
2024-03-05 18:00:00,20.6,1013.5,59.74903359457973
2024-03-05 21:00:00,19.2,1012.3,64.73692319807121
2024-03-06 00:00:00,18.6,1011.8,77.05578821552338
2024-03-06 03:00:00,21.2,1014.0,58.7279584620031
2024-03-06 06:00:00,30.8,1014.7,27.827529762045106
2024-03-06 09:00:00,31.4,1012.0,25.832230825144215
2024-03-06 12:00:00,30.0,1010.6,25.63317768566057
2024-03-06 15:00:00,26.4,1012.3,40.21963869468573
2024-03-06 18:00:00,22.2,1013.5,52.07527839165964
2024-03-06 21:00:00,21.0,1011.8,68.1361982731892
2024-03-07 00:00:00,20.6,1011.5,69.38578733821737
2024-03-07 03:00:00,22.2,1013.8,69.25260054643807
2024-03-07 06:00:00,31.2,1014.0,36.31801215344712
2024-03-07 09:00:00,33.0,1010.6,37.524246972641585
2024-03-07 12:00:00,31.4,1009.7,35.67570668526358
2024-03-07 15:00:00,28.0,1012.0,44.52628235186481
2024-03-07 18:00:00,27.0,1013.3,37.31379048746601
2024-03-08 00:00:00,21.0,1011.7,59.84374474323976
2024-03-08 03:00:00,22.0,1013.7,58.15774928642728
2024-03-08 06:00:00,33.0,1014.0,26.25721146956644
2024-03-08 09:00:00,34.2,1011.1,26.22821027552528
2024-03-08 12:00:00,32.4,1010.2,23.60140592406566
2024-03-08 15:00:00,29.6,1011.6,26.052551100589856
2024-03-08 18:00:00,25.8,1012.5,40.585545662903534
2024-03-08 21:00:00,22.8,1011.3,49.88133832082185
2024-03-09 00:00:00,21.2,1011.2,55.72319363893078
2024-03-09 03:00:00,22.2,1013.2,58.20608486944994
2024-03-09 06:00:00,33.0,1013.3,30.94253388440759
2024-03-09 09:00:00,34.0,1011.1,32.236726877241026
2024-03-09 12:00:00,32.4,1010.6,30.18050122610209
2024-03-09 15:00:00,27.2,1012.5,46.06110405973983
2024-03-09 18:00:00,23.4,1012.8,56.636614581770104
2024-03-09 21:00:00,22.4,1011.5,56.75842370399915
2024-03-10 00:00:00,20.8,1011.5,63.00276761317921
2024-03-10 03:00:00,21.6,1014.1,59.20887562363495
2024-03-10 06:00:00,32.0,1014.7,29.483802567589102
2024-03-10 09:00:00,33.0,1012.7,32.80103853289177
2024-03-10 12:00:00,31.0,1012.3,38.18234194260357
2024-03-10 15:00:00,26.4,1014.0,59.578657328843455
2024-03-10 18:00:00,24.6,1015.3,69.2788037175175
2024-03-10 21:00:00,22.2,1014.2,72.40123365463968
2024-03-11 00:00:00,20.6,1014.0,68.055920529955
2024-03-11 03:00:00,21.6,1016.1,60.77061822191757
2024-03-11 06:00:00,33.8,1015.9,30.167850803379036
2024-03-11 09:00:00,32.4,1013.6,35.95203421110212
2024-03-11 12:00:00,32.2,1012.3,34.760112982241324
2024-03-11 15:00:00,29.0,1013.8,40.15547110727159
2024-03-11 18:00:00,25.0,1014.8,53.83064226424435
2024-03-11 21:00:00,26.0,1013.5,61.77549134798711
2024-03-12 00:00:00,23.2,1012.9,65.17668373106751
2024-03-12 03:00:00,23.8,1014.8,57.101743390288206
2024-03-12 06:00:00,34.2,1015.2,27.103775005816594
2024-03-12 09:00:00,33.2,1013.0,41.82966122972637
2024-03-12 12:00:00,32.2,1011.5,40.77742717120105
2024-03-12 15:00:00,28.8,1012.5,47.99495141967471
2024-03-12 18:00:00,26.4,1013.0,48.9074144216262
2024-03-12 21:00:00,25.6,1012.3,80.52645239736388
2024-03-13 00:00:00,25.0,1012.3,78.98125580461064
2024-03-13 03:00:00,26.0,1014.5,73.06652553542901
2024-03-13 06:00:00,31.2,1015.1,36.31801215344712
2024-03-13 09:00:00,31.6,1012.9,42.99492351757451
2024-03-13 12:00:00,30.0,1011.1,46.813294513259635
2024-03-13 15:00:00,27.2,1012.8,49.75192583312053
2024-03-13 18:00:00,25.4,1014.1,72.96297423706713
2024-03-13 21:00:00,24.2,1012.9,78.38291200919527
2024-03-14 00:00:00,22.0,1013.0,82.07643342444838
2024-03-14 03:00:00,24.6,1015.4,81.88902089566457
2024-03-14 06:00:00,30.4,1015.4,57.95960848703658
2024-03-14 09:00:00,31.0,1012.6,50.112031687266324
2024-03-14 12:00:00,29.4,1011.7,50.962275319663796
2024-03-14 15:00:00,25.6,1012.7,61.685537292412384
2024-03-14 18:00:00,25.0,1013.7,72.89363172362464
2024-03-14 21:00:00,24.0,1012.1,73.63287364526842
2024-03-15 00:00:00,22.0,1011.9,82.07643342444838
2024-03-15 03:00:00,23.2,1014.5,74.89147604230592
2024-03-15 06:00:00,29.0,1013.8,51.827728335121904
2024-03-15 09:00:00,30.0,1011.8,46.813294513259635
2024-03-15 12:00:00,28.2,1010.8,53.276813221396324
2024-03-15 15:00:00,25.4,1012.4,69.86503547584091
2024-03-15 18:00:00,23.4,1013.0,76.34132933055753
2024-03-15 21:00:00,23.0,1011.8,82.70996817603475
2024-03-16 00:00:00,22.2,1011.9,84.17230815633675
2024-03-16 03:00:00,23.4,1013.8,82.75736601112055
2024-03-16 06:00:00,30.2,1014.0,49.28378027609706
2024-03-16 09:00:00,31.6,1010.8,41.13215316466405
2024-03-16 12:00:00,30.0,1010.0,43.65879185115634
2024-03-16 15:00:00,26.6,1011.8,65.075572953862
2024-03-16 18:00:00,25.0,1012.6,78.98125580461064
2024-03-16 21:00:00,23.0,1011.0,84.25990949023968
2024-03-17 00:00:00,22.6,1011.1,85.795575729377
2024-03-17 03:00:00,24.0,1013.6,83.33878752130364
2024-03-17 06:00:00,31.2,1013.5,30.450199257356402
2024-03-17 09:00:00,32.0,1011.3,44.757614694888446
2024-03-17 12:00:00,29.4,1011.2,55.617075987669494
2024-03-17 15:00:00,27.0,1013.2,69.73535987777385
2024-03-17 18:00:00,26.2,1013.3,74.9169893866901
2024-03-17 21:00:00,25.4,1012.1,80.5002818626729
2024-03-18 00:00:00,24.2,1011.6,84.90833346681126
2024-03-18 03:00:00,25.0,1013.7,81.93813716288261
2024-03-18 06:00:00,30.0,1014.3,58.58138510397075
2024-03-18 09:00:00,31.6,1010.9,44.09229390843783
2024-03-18 12:00:00,30.6,1009.6,53.21506820591533
2024-03-18 15:00:00,27.0,1012.1,73.68636116732236
2024-03-18 18:00:00,26.0,1012.9,80.57864267765963
2024-03-18 21:00:00,25.0,1012.1,83.45262666598398
2024-03-19 00:00:00,23.6,1012.1,88.02677396309889
2024-03-19 03:00:00,24.6,1013.7,86.51781437617485
2024-03-19 06:00:00,31.6,1014.0,48.429636201919585
2024-03-19 09:00:00,33.8,1010.4,38.46489256998403
2024-03-19 12:00:00,31.0,1009.4,42.56104163490366
2024-03-19 15:00:00,28.0,1010.7,63.385341541150645
2024-03-19 18:00:00,25.6,1012.1,71.65680034129598
2024-03-19 21:00:00,23.8,1011.4,78.32521755630039
2024-03-20 00:00:00,21.8,1010.6,80.52411586044471
2024-03-20 03:00:00,23.0,1013.5,69.84785753064332
2024-03-20 06:00:00,34.6,1012.9,46.89970858354203
2024-03-20 09:00:00,35.6,1009.5,23.951559636440738
2024-03-20 12:00:00,34.4,1008.0,19.85171989632017
2024-03-20 15:00:00,32.0,1009.2,21.36325813989957
2024-03-20 18:00:00,27.8,1010.6,36.31989420115488
2024-03-20 21:00:00,26.2,1008.3,53.7896414941051
2024-03-21 00:00:00,23.4,1008.5,55.18780861417479
2024-03-21 03:00:00,26.0,1010.8,42.003648619630106
2024-03-21 06:00:00,36.8,1010.6,19.372478849552678
2024-03-21 09:00:00,37.4,1008.1,17.8862415936609
2024-03-21 12:00:00,34.6,1007.2,20.86504203604238
2024-03-21 15:00:00,29.6,1009.3,37.549159864907224
2024-03-21 18:00:00,26.4,1010.1,46.44284529340911
2024-03-21 21:00:00,25.0,1009.2,61.16156608407452
2024-03-22 00:00:00,24.6,1008.8,63.438007568137486
2024-03-22 03:00:00,27.4,1010.8,74.20346731676847
2024-03-22 06:00:00,34.0,1010.7,50.879846925795135
2024-03-22 09:00:00,32.6,1007.9,58.47312526786792
2024-03-22 12:00:00,30.2,1007.5,70.32973763313946
2024-03-22 15:00:00,27.6,1008.7,81.27196286112057
2024-03-22 18:00:00,26.4,1009.5,81.1206589392812
2024-03-22 21:00:00,25.0,1008.9,83.45262666598398
2024-03-23 00:00:00,24.2,1008.5,84.90833346681126
2024-03-23 03:00:00,25.0,1010.8,80.44778939452424
2024-03-23 06:00:00,30.8,1010.9,62.83365155694164
2024-03-23 09:00:00,32.0,1008.3,54.55620730373795
2024-03-23 12:00:00,31.0,1007.6,56.00535491373798
2024-03-23 15:00:00,27.8,1009.8,72.92965355193031
2024-03-23 18:00:00,26.6,1011.0,78.2479077819723
2024-03-23 21:00:00,26.2,1010.2,82.58282556083142
2024-03-24 00:00:00,24.6,1009.9,86.51781437617485
2024-03-24 03:00:00,26.2,1011.9,79.14840201964623
2024-03-24 06:00:00,31.8,1012.0,58.99875377243572
2024-03-24 09:00:00,32.2,1009.9,60.53434625894101
2024-03-24 12:00:00,30.4,1009.1,57.95960848703658
2024-03-24 15:00:00,28.0,1010.8,64.9673083542988
2024-03-24 18:00:00,27.4,1012.4,71.10383243626453
2024-03-24 21:00:00,25.8,1011.2,79.09289790144875
2024-03-25 00:00:00,24.4,1011.1,81.86439065070549
2024-03-25 03:00:00,26.4,1013.0,73.58514111197726
2024-03-25 06:00:00,33.0,1012.4,52.19700204876771
2024-03-25 09:00:00,33.0,1009.6,55.468825283877344
2024-03-25 12:00:00,31.6,1008.9,57.536305303603164
2024-03-25 15:00:00,28.0,1010.8,74.30236303611937
2024-03-25 18:00:00,27.2,1011.7,79.76628914637874
2024-03-25 21:00:00,26.0,1010.8,80.57864267765963
2024-03-26 00:00:00,24.2,1009.9,84.90833346681126
2024-03-26 03:00:00,26.0,1011.9,76.27392919082712
2024-03-26 06:00:00,32.0,1012.2,60.12540926930006
2024-03-26 09:00:00,32.8,1009.6,62.13958951433999
2024-03-26 12:00:00,30.2,1009.3,65.02943476343613
2024-03-26 18:00:00,26.4,1012.7,77.7445561070048
2024-03-27 03:00:00,27.5,1013.9,77.90480076735963
2024-03-27 06:00:00,31.0,1014.1,67.99377352527183
2024-03-27 09:00:00,31.6,1011.9,60.03485302219658
2024-03-27 12:00:00,30.4,1010.7,71.64060697493404
2024-03-27 15:00:00,28.0,1012.5,80.3537462205201
2024-04-01 18:00:00,27.4,1009.6,75.567708226779
2024-04-01 21:00:00,26.4,1008.4,73.58514111197726
2024-04-02 00:00:00,24.0,1008.1,81.31250928232977
2024-04-02 03:00:00,26.2,1009.4,76.30487547759344
2024-04-03 00:00:00,24.4,1008.7,79.87545001594653
2024-04-03 03:00:00,26.0,1010.7,69.11686987087296
2024-04-03 06:00:00,32.0,1010.8,54.55620730373795
2024-04-03 09:00:00,31.6,1008.8,60.03485302219658
2024-04-03 12:00:00,30.6,1008.3,63.94211751218886
2024-04-03 15:00:00,28.2,1010.4,63.820534212683214
2024-04-03 18:00:00,26.2,1011.1,73.55128024517502
2024-04-03 21:00:00,25.0,1009.6,78.98125580461064
2024-04-04 00:00:00,24.0,1008.8,84.88741479671322
2024-04-04 03:00:00,26.4,1010.8,74.94939436271723
2024-04-04 06:00:00,32.2,1011.4,58.027960608356956
2024-04-04 09:00:00,32.6,1009.1,59.54003872035679
2024-04-04 12:00:00,31.0,1008.6,51.372385333162065
2024-04-04 15:00:00,28.8,1010.6,66.74517682756588
2024-04-04 18:00:00,27.4,1012.1,72.86085146609882
2024-04-04 21:00:00,26.2,1010.3,81.09527108176809
2024-04-05 00:00:00,24.4,1009.3,88.0941253601151
2024-04-05 03:00:00,27.4,1011.3,79.79314536748959
2024-04-05 06:00:00,33.4,1010.5,59.010628693089586
2024-04-05 09:00:00,34.4,1007.9,44.02068870730294
2024-04-05 12:00:00,34.4,1006.6,34.478117246908965
2024-04-05 15:00:00,30.2,1008.9,40.4871787997612
2024-04-05 18:00:00,28.6,1009.8,65.09275319702243
2024-04-05 21:00:00,27.6,1008.3,65.68864481870233
2024-04-06 00:00:00,25.4,1007.9,68.57308221822572
2024-04-06 03:00:00,27.6,1009.9,60.60706788064141
2024-04-06 06:00:00,36.0,1009.8,32.7814069388172
2024-04-06 09:00:00,36.2,1007.1,33.0438079828379
2024-04-06 12:00:00,35.0,1005.8,33.34829415288814
2024-04-06 15:00:00,32.8,1007.0,39.420117498916575
2024-04-06 18:00:00,29.0,1008.2,68.01508576459278
2024-04-06 21:00:00,27.0,1007.0,69.73535987777385
2024-04-07 00:00:00,27.6,1007.2,68.57664693138325
2024-04-07 03:00:00,29.0,1009.6,64.38421540041374
2024-04-07 06:00:00,35.0,1009.6,34.20610144182049
2024-04-07 09:00:00,35.4,1007.1,38.41976229946802
2024-04-07 12:00:00,32.2,1006.7,41.82062937530897
2024-04-07 15:00:00,28.4,1008.2,62.30944777937724
2024-04-07 18:00:00,27.2,1009.4,71.06754970374743
2024-04-07 21:00:00,26.4,1008.6,79.65835252904961
2024-04-08 00:00:00,24.4,1008.3,84.9292101215455
2024-04-08 03:00:00,26.4,1010.1,77.7445561070048
2024-04-08 06:00:00,32.4,1010.2,54.988018967303006
2024-04-08 09:00:00,32.6,1007.7,60.623956285700366
2024-04-08 12:00:00,31.6,1006.8,67.30181208332723
2024-04-08 15:00:00,28.2,1008.2,83.31179804309043
2024-04-08 18:00:00,27.6,1009.4,84.24549777703992
2024-04-09 00:00:00,24.4,1007.9,84.9292101215455
2024-04-09 03:00:00,27.4,1009.6,74.20346731676847
2024-04-09 06:00:00,33.6,1009.9,52.66619140083634
2024-04-09 09:00:00,32.4,1008.6,58.42677310946739
2024-04-09 12:00:00,31.4,1007.0,66.06520314217083
2024-04-09 15:00:00,28.2,1008.7,81.83433063230953
2024-04-09 18:00:00,28.0,1010.3,78.44744220055776
2024-04-09 21:00:00,27.0,1008.8,82.67693820709039
2024-04-10 00:00:00,25.6,1008.4,87.13618000678832
2024-04-10 03:00:00,27.4,1010.1,81.24686676192346
2024-04-10 06:00:00,32.0,1010.2,59.04479527455803
2024-04-10 09:00:00,32.8,1008.4,54.0900319487697
2024-04-10 12:00:00,30.6,1007.6,70.40290332892224
2024-04-10 15:00:00,28.0,1008.6,81.80996009312997
2024-04-10 18:00:00,27.4,1009.4,84.22401507730588
2024-04-10 21:00:00,26.0,1008.4,87.17199233244091
2024-04-11 00:00:00,25.4,1009.0,88.17753730223563
2024-04-11 03:00:00,27.8,1010.6,68.61530293019021
2024-04-11 06:00:00,33.4,1010.7,48.00543683508618
2024-04-11 09:00:00,32.2,1008.5,54.60518702638903
2024-04-11 12:00:00,31.2,1007.4,59.58083797061803
2024-04-11 15:00:00,28.4,1008.7,67.8977377259484
2024-04-11 18:00:00,27.4,1009.6,78.36224761821416
2024-04-11 21:00:00,26.6,1008.9,81.14599787426259
2024-04-12 00:00:00,26.0,1008.8,80.57864267765963
2024-04-12 03:00:00,26.6,1010.6,62.29807222676058
2024-04-12 06:00:00,32.6,1010.4,51.77843588862952
2024-04-12 09:00:00,32.4,1008.5,50.472082846730395
2024-04-12 12:00:00,30.8,1007.3,56.99686339899115
2024-04-12 15:00:00,27.8,1008.9,72.92965355193031
2024-04-12 18:00:00,26.8,1010.3,78.27657315656734
2024-04-12 21:00:00,25.6,1009.6,82.01145278638
2024-04-13 00:00:00,24.4,1010.0,86.49898460860861
2024-04-13 03:00:00,26.8,1011.6,73.6526814430667
2024-04-13 06:00:00,31.4,1011.4,54.07572802922947
2024-04-13 09:00:00,32.0,1009.0,45.60543175171839
2024-04-13 12:00:00,31.6,1008.2,53.13694270651922
2024-04-13 15:00:00,27.4,1009.7,69.38405747208641
2024-04-13 18:00:00,26.6,1011.1,74.98174057282651
2024-04-13 21:00:00,25.0,1010.1,81.93813716288261
2024-04-14 00:00:00,24.0,1010.7,89.68569309935684
2024-04-14 03:00:00,26.2,1012.3,71.76431122414668
2024-04-14 06:00:00,32.4,1011.5,50.472082846730395
2024-04-14 09:00:00,32.6,1008.9,59.54003872035679
2024-04-14 12:00:00,30.4,1008.0,70.36635155961307
2024-04-14 15:00:00,28.4,1010.0,78.97572139747378
2024-04-14 18:00:00,27.7,1011.0,83.255256071001
2024-04-14 21:00:00,27.6,1009.9,84.24549777703992
2024-04-15 00:00:00,26.6,1009.8,84.13765842724912
2024-04-15 03:00:00,29.0,1011.6,73.57607488115697
2024-04-15 06:00:00,37.4,1010.6,43.21946349263363
2024-04-15 09:00:00,36.4,1007.9,53.67577880669996
2024-04-15 12:00:00,35.0,1006.5,54.62685359204623
2024-04-15 15:00:00,32.8,1009.5,58.51941154180648
2024-04-15 18:00:00,31.2,1009.9,68.4404025650585
2024-04-19 00:00:00,29.2,1006.8,72.29347307388345
2024-04-19 03:00:00,30.8,1007.9,69.18743090524858
2024-04-19 06:00:00,32.8,1008.4,63.26317222090716
2024-04-19 09:00:00,33.6,1005.8,60.48499185110832
2024-04-19 12:00:00,33.4,1004.3,56.921652839435055
2024-04-19 15:00:00,30.2,1006.4,72.90096632227306
2024-04-19 18:00:00,29.8,1007.4,76.85229197010862
2024-04-19 21:00:00,29.4,1006.2,77.71354294293734
2024-04-20 00:00:00,28.6,1005.7,80.43187680667027
2024-04-20 03:00:00,30.2,1007.7,74.2171474546091
2024-04-20 06:00:00,34.8,1008.0,54.57837119757018
2024-04-20 09:00:00,35.0,1006.1,47.54554171711145
2024-04-20 12:00:00,33.2,1005.4,43.69896640701049
2024-04-20 15:00:00,30.6,1008.5,56.94918492640599
2024-04-20 18:00:00,29.4,1009.1,68.50651160978764
2024-04-20 21:00:00,28.2,1007.2,72.99821296932988
2024-04-21 00:00:00,27.2,1007.0,78.33374294989056
2024-04-21 03:00:00,29.6,1008.6,62.19134879390145
2024-04-21 06:00:00,33.6,1009.0,54.61531066815499
2024-04-21 09:00:00,32.8,1007.0,50.885501441878056
2024-04-21 12:00:00,31.8,1006.4,42.24218143373414
2024-04-21 15:00:00,30.0,1007.4,49.23154765101147
2024-04-21 18:00:00,29.2,1008.7,63.255491800252074
2024-04-21 21:00:00,28.6,1007.3,74.85017612547131
2024-04-22 00:00:00,28.0,1008.0,80.3537462205201
2024-04-22 03:00:00,29.8,1010.0,64.94624549390848
2024-04-22 06:00:00,34.0,1009.9,47.575273109543275
2024-04-22 09:00:00,34.0,1008.1,52.76574284376031
2024-04-22 12:00:00,33.2,1006.7,47.95322476996969
2024-04-22 15:00:00,30.0,1008.1,61.14896099495759
2024-04-22 18:00:00,28.6,1009.5,69.18880061124511
2024-04-22 21:00:00,27.8,1007.8,70.31342310046378
2024-04-23 00:00:00,26.4,1007.3,77.7445561070048
2024-04-23 03:00:00,28.4,1009.0,71.71785815951927
2024-04-23 06:00:00,33.4,1008.8,55.56523594731952
2024-04-23 09:00:00,33.8,1006.4,52.715998685959256
2024-04-23 12:00:00,32.4,1005.0,53.6629865677201
2024-04-23 15:00:00,29.4,1005.7,65.65748852781738
2024-04-23 18:00:00,28.4,1007.3,76.18203664070896
2024-04-23 21:00:00,27.8,1005.7,78.41909711972701
2024-04-24 00:00:00,26.6,1005.8,78.2479077819723
2024-04-24 03:00:00,29.0,1007.7,66.78535949708609
2024-04-24 06:00:00,33.0,1007.8,58.56563201949948
2024-04-24 09:00:00,33.8,1005.8,57.01603340699637
2024-04-24 12:00:00,31.8,1004.4,63.81127171847181
2024-04-24 15:00:00,29.4,1006.5,72.32825969825754
2024-04-24 18:00:00,28.8,1008.4,72.2237174181299
2024-04-24 21:00:00,28.2,1007.1,83.31179804309043
2024-04-25 00:00:00,27.4,1006.8,84.22401507730588
2024-04-25 03:00:00,29.4,1007.4,71.03411577940795
2024-04-25 06:00:00,34.6,1007.8,46.294665135954354
2024-04-25 09:00:00,34.2,1005.7,43.69614940406617
2024-04-25 12:00:00,31.6,1004.7,54.12510474048353
2024-04-25 15:00:00,29.6,1006.6,69.7975639784289
2024-04-25 18:00:00,28.4,1007.7,71.71785815951927
2024-04-25 21:00:00,28.4,1006.4,76.18203664070896
2024-04-26 00:00:00,28.2,1006.6,83.31179804309043
2024-04-26 03:00:00,29.8,1007.8,68.58338730413207
2024-04-26 06:00:00,35.4,1007.9,44.01674985155224
2024-04-26 09:00:00,34.2,1006.0,60.618752169673485
2024-04-26 12:00:00,32.4,1004.9,66.6618617053601
2024-04-26 15:00:00,31.0,1006.3,56.00535491373798
2024-04-26 18:00:00,30.2,1007.5,71.60525312499601
2024-04-26 21:00:00,28.8,1006.3,77.62630156297041
2024-04-27 00:00:00,27.8,1006.5,72.92965355193031
2024-04-27 03:00:00,30.2,1008.6,62.70350473078234
2024-04-27 06:00:00,35.8,1008.0,41.4976143879594
2024-04-27 09:00:00,36.4,1005.7,49.668243867326865
2024-04-27 12:00:00,34.6,1004.4,52.28033074523809
2024-04-27 15:00:00,32.6,1005.8,58.47312526786792
2024-04-27 18:00:00,30.4,1007.2,61.61247622848766
2024-04-27 21:00:00,30.2,1006.2,79.69205742002245
2024-04-28 00:00:00,29.6,1006.0,69.7975639784289
2024-04-28 03:00:00,31.2,1007.9,61.04527320720593
2024-04-28 06:00:00,37.6,1007.4,42.49310707829151
2024-04-28 09:00:00,38.0,1005.0,47.18150187113982
2024-04-28 12:00:00,35.4,1004.4,40.12867222168475
2024-04-28 15:00:00,34.0,1006.3,45.57171219777677
2024-04-28 18:00:00,31.6,1008.2,60.03485302219658
2024-04-28 21:00:00,30.6,1007.0,59.08123488638958
2024-04-29 00:00:00,28.4,1007.6,63.863368876015656
2024-04-29 03:00:00,31.4,1008.9,50.21521464554722
2024-04-29 06:00:00,37.0,1009.2,34.75063988732095
2024-04-29 09:00:00,39.0,1006.7,21.389402475181125
2024-04-29 12:00:00,37.0,1007.5,20.34958379695744
2024-04-29 15:00:00,33.6,1007.3,30.705728925665714
2024-04-29 18:00:00,30.8,1008.4,61.70099247044744
2024-04-29 21:00:00,29.6,1007.2,63.341728305764846
2024-04-30 00:00:00,28.6,1007.1,73.50891633549199
2024-04-30 03:00:00,31.8,1008.4,60.080164319513116
2024-04-30 06:00:00,37.4,1007.5,40.42059918310621
2024-04-30 09:00:00,37.6,1005.0,38.777389609655614
2024-04-30 12:00:00,36.2,1004.1,41.09709306555568
2024-04-30 15:00:00,32.2,1005.8,59.090770552518066
2024-04-30 18:00:00,30.2,1006.8,65.02943476343613
2024-04-30 21:00:00,29.8,1005.4,63.38474620448235
2024-05-01 21:00:00,27.6,1005.4,79.81995065848324
2024-05-02 00:00:00,27.5,1005.8,80.77258068065746
2024-05-02 03:00:00,29.6,1007.7,67.31212756795189
2024-05-02 06:00:00,32.0,1007.7,60.12540926930006
2024-05-02 09:00:00,32.6,1005.5,56.048518886750145
2024-05-02 12:00:00,32.0,1005.0,55.56458760321053
2024-05-02 15:00:00,29.0,1006.4,70.96187714437761
2024-05-02 18:00:00,26.6,1007.4,74.98174057282651
2024-05-02 21:00:00,27.0,1006.2,78.30518483755301
2024-05-03 00:00:00,25.2,1007.1,83.47525948927431
2024-05-03 03:00:00,28.2,1009.5,71.68232431462354
2024-05-03 06:00:00,31.8,1009.0,62.67121379518331
2024-05-03 09:00:00,32.2,1006.2,61.63719881412483
2024-05-03 12:00:00,31.6,1005.3,61.134420163955696
2024-05-03 15:00:00,29.2,1006.9,70.99802751141195
2024-05-03 18:00:00,28.6,1008.7,80.43187680667027
2024-05-03 21:00:00,27.8,1007.6,81.29701074620921
2024-05-04 00:00:00,26.6,1008.4,84.13765842724912
2024-05-04 03:00:00,29.0,1010.2,76.27419595958764
2024-05-04 06:00:00,33.2,1010.3,61.12216416914973
2024-05-04 09:00:00,33.0,1007.4,63.305763001067604
2024-05-04 12:00:00,32.0,1006.2,67.38029965170892
2024-05-04 15:00:00,29.6,1007.9,79.6118092261478
2024-05-04 18:00:00,29.0,1008.1,78.58837582919175
2024-05-04 21:00:00,28.0,1005.7,81.80996009312997
2024-05-05 00:00:00,28.0,1005.9,83.28921441559984
2024-05-05 03:00:00,30.4,1007.8,75.58532357148971
2024-05-05 06:00:00,33.4,1007.8,64.91266364161814
2024-05-05 09:00:00,34.2,1005.9,62.81318702880705
2024-05-05 12:00:00,34.0,1005.0,54.05676031075814
2024-05-05 15:00:00,30.0,1006.5,69.03626644470846
2024-05-05 18:00:00,29.2,1007.6,79.08600581526997
2024-05-05 21:00:00,28.6,1006.6,84.8538871735531
2024-05-06 00:00:00,28.2,1006.7,86.33689076158295
2024-05-06 03:00:00,30.0,1008.5,72.866865390855
2024-05-06 06:00:00,32.2,1009.2,63.89578539017188
2024-05-06 09:00:00,32.6,1007.5,63.22051607138405
2024-05-06 12:00:00,32.4,1006.2,61.68118591242464
2024-05-06 15:00:00,29.4,1007.4,74.97860136800087
2024-05-06 18:00:00,29.2,1008.5,76.30480387190515
2024-05-06 21:00:00,28.2,1007.2,81.83433063230953
2024-05-07 00:00:00,28.0,1007.3,80.3537462205201
2024-05-07 03:00:00,29.8,1009.3,68.58338730413207
2024-05-07 06:00:00,32.8,1009.4,62.13958951433999
2024-05-07 09:00:00,33.4,1007.7,56.921652839435055
2024-05-07 12:00:00,32.0,1007.5,61.59314569456349
2024-05-07 15:00:00,30.0,1009.1,71.5698382304094
2024-05-07 18:00:00,29.4,1009.8,72.32825969825754
2024-05-07 21:00:00,28.8,1008.1,76.24353220041739
2024-05-08 00:00:00,27.4,1008.2,82.72371961951407
2024-05-08 03:00:00,29.6,1009.9,68.54498148512985
2024-05-08 06:00:00,33.0,1009.5,56.48476343652975
2024-05-08 12:00:00,32.4,1005.6,63.9379440059793
2024-05-08 15:00:00,29.6,1007.2,76.82235153000387
2024-05-08 18:00:00,29.5,1008.1,75.89623996338017
2024-05-08 21:00:00,28.6,1006.8,77.59711341151534
2024-05-09 00:00:00,27.8,1006.7,79.84670514036797
2024-05-09 03:00:00,29.8,1008.4,69.83477481244167
2024-05-09 06:00:00,33.2,1008.7,56.53234399526844
2024-05-09 09:00:00,33.4,1006.9,57.95790307855285
2024-05-09 12:00:00,32.3,1005.7,57.700893759338086
2024-05-09 15:00:00,29.8,1007.2,75.49139258129554
2024-05-09 18:00:00,29.4,1008.2,74.97860136800087
2024-05-09 21:00:00,28.0,1007.2,81.80996009312997
2024-05-10 00:00:00,28.0,1007.9,78.44744220055776
2024-05-10 03:00:00,29.8,1010.0,66.13938425088851
2024-05-10 06:00:00,32.8,1010.2,56.43711760467723
2024-05-10 09:00:00,33.4,1008.3,55.56523594731952
2024-05-10 12:00:00,32.8,1006.9,57.470006935954075
2024-05-10 15:00:00,29.6,1008.2,72.36298568854065
2024-05-10 18:00:00,29.2,1009.4,73.60956501820533
2024-05-10 21:00:00,28.4,1008.4,78.97572139747378
2024-05-11 00:00:00,27.8,1009.0,81.29701074620921
2024-05-11 03:00:00,29.8,1010.2,72.83270468535767
2024-05-11 06:00:00,33.6,1009.8,59.056399786976336
2024-05-11 09:00:00,33.8,1008.5,60.52964398250845
2024-05-11 12:00:00,32.4,1006.6,59.49445671738769
2024-05-11 15:00:00,30.0,1009.2,74.18441432342445
2024-05-11 18:00:00,29.8,1009.3,74.15162297941144
2024-05-11 21:00:00,29.2,1008.8,80.5095630310082
2024-05-12 00:00:00,28.6,1008.8,79.00337009946395
2024-05-12 03:00:00,30.2,1011.8,71.60525312499601
2024-05-12 06:00:00,33.6,1010.6,58.00441896805416
2024-05-12 09:00:00,34.0,1008.3,55.04309180081118
2024-05-12 12:00:00,33.0,1006.3,55.468825283877344
2024-05-12 15:00:00,30.8,1008.0,64.3721697153576
2024-05-12 18:00:00,30.4,1009.2,67.87721438855921
2024-05-12 21:00:00,30.0,1008.2,75.5227593496699
2024-05-13 00:00:00,29.6,1008.0,78.20620296447258
2024-05-13 03:00:00,30.6,1009.8,74.28243957799879
2024-05-13 06:00:00,34.4,1009.6,62.11744798829246
2024-05-13 09:00:00,33.6,1007.3,59.056399786976336
2024-05-13 12:00:00,23.6,1007.9,91.3121686462366
2024-05-13 15:00:00,25.2,1008.0,93.07533521182425
2024-05-13 18:00:00,26.0,1009.4,92.00888400052642
2024-05-13 21:00:00,27.4,1008.3,85.74806761675889
2024-05-14 00:00:00,26.0,1008.2,84.07244076824206
2024-05-14 03:00:00,29.2,1008.7,73.60956501820533
2024-05-14 06:00:00,36.0,1008.5,52.31450796094774
2024-05-14 09:00:00,34.4,1006.9,59.59215392807818
2024-05-14 12:00:00,34.0,1005.4,47.575273109543275
2024-05-14 15:00:00,30.6,1007.3,58.006624337338984
2024-05-14 18:00:00,29.0,1008.7,70.96187714437761
2024-05-14 21:00:00,29.4,1008.4,81.97957178446406
2024-05-15 00:00:00,28.4,1008.2,84.83323810049623
2024-05-15 03:00:00,30.0,1010.2,67.39116386417841
2024-05-15 06:00:00,36.6,1009.8,45.97749152844388
2024-05-15 09:00:00,37.0,1006.8,48.35250304538567
2024-05-15 12:00:00,34.4,1005.4,56.47758336128222
2024-05-15 15:00:00,31.8,1007.9,69.78813164326573
2024-05-15 18:00:00,30.8,1009.0,77.00117625197225
2024-05-15 21:00:00,30.4,1008.0,81.13972960661955
2024-05-16 00:00:00,29.8,1009.0,83.49088910584811
2024-05-16 03:00:00,31.6,1009.6,74.88472135092377
2024-05-16 06:00:00,35.0,1009.2,62.2470562760692
2024-05-16 09:00:00,35.4,1006.1,53.11218922804798
2024-05-16 12:00:00,35.2,1006.1,51.80309518672777
2024-05-16 15:00:00,31.4,1007.6,52.76094443060454
2024-05-16 18:00:00,30.4,1007.6,59.034988113686474
2024-05-16 21:00:00,30.4,1006.6,61.61247622848766
2024-05-17 00:00:00,29.2,1008.2,72.29347307388345
2024-05-17 03:00:00,31.6,1009.3,62.25158297844957
2024-05-17 06:00:00,35.0,1008.6,51.75303582520855
2024-05-17 09:00:00,35.4,1006.0,47.07414899040804
2024-05-17 12:00:00,34.0,1004.4,59.50158303199722
2024-05-17 15:00:00,31.2,1006.4,78.89384535394599
2024-05-17 18:00:00,30.8,1007.6,81.1895795616241
2024-05-17 21:00:00,30.2,1005.8,81.1147334710309
2024-05-18 00:00:00,30.0,1005.4,84.99729439748566
2024-05-18 03:00:00,31.4,1007.0,76.18814229624397
2024-05-18 06:00:00,34.4,1006.3,65.50141485922862
2024-05-18 09:00:00,34.2,1003.6,63.93621970684363
2024-05-18 12:00:00,33.6,1001.7,68.49226741509385
2024-05-18 15:00:00,31.4,1003.3,78.92130681911149
2024-05-18 18:00:00,31.0,1005.3,77.48613913975385
2024-05-18 21:00:00,30.4,1003.6,78.31948639832048
2024-05-19 00:00:00,30.2,1003.7,79.69205742002245
2024-05-19 03:00:00,31.8,1005.0,71.04055669606059
2024-05-19 06:00:00,34.4,1005.0,61.02394829813572
2024-05-19 09:00:00,34.2,1002.6,62.81318702880705
2024-05-19 12:00:00,33.6,999.9,67.29450442917697
2024-05-19 15:00:00,31.4,1002.4,73.53807422593974
2024-05-19 18:00:00,31.0,1003.3,74.7889561009917
2024-05-19 21:00:00,30.6,1002.6,74.28243957799879
2024-05-20 00:00:00,29.8,1003.2,78.23460259362332
2024-05-20 03:00:00,31.8,1004.9,73.60449518826249
2024-05-20 06:00:00,34.2,1005.1,63.93621970684363
2024-05-20 09:00:00,34.4,1003.6,64.35595460211525
2024-05-20 12:00:00,33.4,1001.3,66.07497389595794
2024-05-20 15:00:00,31.4,1004.2,76.18814229624397
2024-05-20 21:00:00,30.0,1003.6,78.26294962837345
2024-05-21 00:00:00,30.0,1003.6,78.26294962837345
2024-05-21 03:00:00,31.4,1004.7,73.53807422593974
2024-05-21 06:00:00,34.2,1004.4,65.46087940474851
2024-05-21 09:00:00,34.8,1002.0,69.11990047734456
2024-05-21 12:00:00,34.4,1000.4,65.50141485922862
2024-05-21 15:00:00,31.6,1002.8,73.57131384659597
2024-05-21 18:00:00,31.0,1004.3,76.1271052167908
2024-05-21 21:00:00,30.6,1003.2,76.97150804274018
2024-05-22 00:00:00,30.8,1003.6,77.00117625197225
2024-05-22 03:00:00,32.4,1004.8,76.78703622110372
2024-05-22 06:00:00,34.2,1003.9,69.81872821780838
2024-05-22 09:00:00,34.2,1002.1,66.62513546519824
2024-05-22 12:00:00,33.6,1000.5,67.29450442917697
2024-05-22 15:00:00,32.0,1002.3,73.63761837389029
2024-05-22 18:00:00,31.0,1003.0,81.21443360821415
2024-05-22 21:00:00,30.2,1001.1,85.01762004491522
2024-05-23 00:00:00,29.6,1001.6,88.00194722290112
2024-05-23 03:00:00,32.2,1003.6,74.10487661671202
2024-05-23 06:00:00,34.2,1003.6,67.80744627376714
2024-05-23 09:00:00,34.2,1001.8,63.93621970684363
2024-05-23 12:00:00,33.2,1000.2,69.63490751790683
2024-05-23 15:00:00,30.8,1001.3,79.77185498360923
2024-05-23 18:00:00,30.6,1002.5,79.74530566981048
2024-05-23 21:00:00,30.4,1001.1,79.71870652103674
2024-05-24 00:00:00,30.2,1001.1,79.69205742002245
2024-05-24 03:00:00,32.0,1003.1,72.34703340707203
2024-05-24 06:00:00,33.8,1003.2,60.52964398250845
2024-05-24 09:00:00,34.4,1002.0,57.499557963952576
2024-05-24 12:00:00,32.8,1001.1,64.40448947276589
2024-05-24 15:00:00,31.0,1002.3,73.47141965449843
2024-05-24 18:00:00,30.6,1003.4,76.97150804274018
2024-05-24 21:00:00,30.2,1001.9,76.91200889831605
2024-05-25 00:00:00,30.0,1001.9,76.88217771852533
2024-05-25 03:00:00,30.8,1003.9,73.00291172196927
2024-05-25 06:00:00,33.6,1004.6,61.576188549831414
2024-05-25 09:00:00,33.0,1003.0,63.305763001067604
2024-05-25 12:00:00,32.8,1001.8,63.26317222090716
2024-05-25 15:00:00,31.2,1004.0,72.20890765279174
2024-05-25 18:00:00,31.0,1005.1,72.1742265807024
2024-05-25 21:00:00,30.4,1003.5,75.58532357148971
2024-05-26 00:00:00,30.4,1004.0,76.94178563223718
2024-05-26 03:00:00,31.4,1005.2,73.53807422593974
2024-05-26 06:00:00,33.4,1005.9,64.91266364161814
2024-05-26 09:00:00,34.0,1004.1,65.03583657618948
2024-05-26 12:00:00,33.2,1002.5,63.34828851792842
2024-05-26 15:00:00,31.2,1004.1,73.50477620307173
2024-05-26 18:00:00,31.0,1004.9,74.7889561009917
2024-05-26 21:00:00,30.6,1003.6,76.97150804274018
2024-05-27 00:00:00,30.4,1003.1,75.58532357148971
2024-05-27 03:00:00,31.0,1004.7,76.1271052167908
2024-05-27 06:00:00,32.8,1005.2,67.93722542562669
2024-05-27 09:00:00,34.0,1003.8,63.89432970526357
2024-05-27 12:00:00,32.0,1002.9,71.07626571001893
2024-05-27 15:00:00,31.4,1004.4,72.24352874821913
2024-05-27 18:00:00,30.8,1004.8,77.00117625197225
2024-05-27 21:00:00,30.4,1003.7,75.58532357148971
2024-05-28 00:00:00,30.2,1003.9,78.29124418971334
2024-05-28 03:00:00,31.6,1006.0,69.75114396222972
2024-05-28 06:00:00,33.8,1005.7,62.727505384680136
2024-05-28 09:00:00,34.4,1003.5,61.02394829813572
2024-05-28 12:00:00,33.4,1002.9,62.269883795368706
2024-05-28 15:00:00,31.4,1003.8,69.71409411644107
2024-05-28 18:00:00,30.8,1004.4,70.43939306440934
2024-05-28 21:00:00,30.4,1003.2,71.64060697493404
2024-05-29 00:00:00,30.2,1003.6,72.90096632227306
2024-05-29 03:00:00,31.4,1005.4,69.71409411644107
2024-05-29 06:00:00,33.8,1005.5,61.62000418347626
2024-05-29 09:00:00,34.4,1004.0,59.59215392807818
2024-05-29 12:00:00,33.0,1003.1,64.44613125580591
2024-05-29 15:00:00,31.2,1004.6,70.93306375697343
2024-05-29 18:00:00,31.0,1005.8,72.1742265807024
2024-05-29 21:00:00,30.4,1004.3,74.24982249791255
2024-05-30 00:00:00,30.2,1004.1,76.91200889831605
2024-05-30 03:00:00,31.4,1006.0,70.96895584191402
2024-05-30 06:00:00,34.0,1006.6,58.445589633486186
2024-05-30 09:00:00,34.6,1005.4,64.39740048201318
2024-05-30 12:00:00,34.0,1004.5,61.663754542437346
2024-05-30 15:00:00,31.6,1006.5,74.88472135092377
2024-05-30 18:00:00,31.4,1007.4,76.18814229624397
2024-05-30 21:00:00,30.6,1005.3,78.34767637456054
2024-05-31 00:00:00,30.4,1005.9,78.31948639832048
2024-05-31 03:00:00,32.2,1007.6,70.27643339934488
2024-05-31 06:00:00,34.8,1007.6,53.604715254024796
2024-05-31 09:00:00,35.4,1005.7,58.42013147170984
2024-05-31 12:00:00,34.0,1004.9,60.57423072351323
2024-05-31 15:00:00,31.8,1006.0,72.31259150236149
2024-05-31 18:00:00,31.4,1006.4,73.53807422593974
2024-05-31 21:00:00,30.6,1004.4,76.97150804274018
2024-06-01 00:00:00,30.4,1005.6,75.58532357148971
2024-06-01 03:00:00,31.8,1007.1,71.04055669606059
2024-06-01 06:00:00,34.4,1007.0,58.53767634739428
2024-06-01 09:00:00,35.4,1005.4,60.52699050467956
2024-06-01 12:00:00,35.0,1004.9,62.2470562760692
2024-06-01 15:00:00,31.8,1005.7,73.60449518826249
2024-06-01 18:00:00,31.2,1006.6,70.93306375697343
2024-06-01 21:00:00,31.0,1005.5,72.1742265807024
2024-06-02 00:00:00,30.6,1006.1,71.67589990470815
2024-06-02 03:00:00,32.6,1007.4,69.11441091335229
2024-06-02 06:00:00,34.6,1007.2,56.524933034712646
2024-06-02 09:00:00,35.2,1005.7,52.745450145920145
2024-06-02 12:00:00,33.8,1004.6,58.050869508005654
2024-06-02 15:00:00,31.6,1005.9,68.51690400466761
2024-06-02 18:00:00,31.4,1006.7,70.96895584191402
2024-06-02 21:00:00,31.0,1004.9,73.47141965449843
2024-06-03 00:00:00,31.0,1005.6,72.1742265807024
2024-06-03 03:00:00,32.2,1007.0,67.82126335429727
2024-06-03 06:00:00,34.2,1007.8,58.491665561139094
2024-06-03 09:00:00,35.0,1006.2,56.95764470575925
2024-06-03 12:00:00,34.0,1004.9,59.50158303199722
2024-06-03 15:00:00,31.8,1006.0,69.78813164326573
2024-06-03 18:00:00,31.4,1007.8,79.38506630566063
2024-06-04 00:00:00,30.0,1006.5,74.18441432342445
2024-06-04 03:00:00,32.2,1007.4,67.82126335429727
2024-06-04 06:00:00,35.2,1008.1,50.87551178411221
2024-06-04 09:00:00,35.0,1006.7,56.95764470575925
2024-06-04 12:00:00,34.4,1005.2,59.59215392807818
2024-06-04 15:00:00,32.0,1007.0,67.38029965170892
2024-06-04 18:00:00,31.6,1008.0,69.75114396222972
2024-06-04 21:00:00,31.2,1006.7,72.20890765279174
2024-06-05 00:00:00,30.4,1006.5,78.31948639832048
2024-06-05 03:00:00,30.6,1008.4,82.60607945629376
2024-06-05 06:00:00,34.6,1008.6,55.51953672301835
2024-06-05 09:00:00,35.0,1006.5,56.95764470575925
2024-06-05 12:00:00,34.8,1005.0,61.1121171224814
2024-06-05 15:00:00,32.0,1006.7,69.82505728068918
2024-06-05 18:00:00,31.6,1007.9,72.27808999036708
2024-06-05 21:00:00,31.2,1007.2,73.50477620307173
2024-06-06 00:00:00,31.0,1007.1,74.7889561009917
2024-06-06 03:00:00,32.6,1009.0,67.89863459456423
2024-06-06 06:00:00,34.6,1008.8,58.933037767250966
2024-06-06 09:00:00,35.2,1007.0,58.02912462233106
2024-06-06 12:00:00,33.8,1005.3,62.727505384680136
2024-06-06 15:00:00,31.6,1007.5,71.00478678077775
2024-06-06 18:00:00,31.4,1007.9,72.24352874821913
2024-06-06 21:00:00,31.0,1007.2,73.47141965449843
2024-06-07 00:00:00,30.6,1005.9,78.34767637456054
2024-06-07 03:00:00,31.8,1007.2,71.04055669606059
2024-06-07 06:00:00,35.2,1007.1,57.00457686086793
2024-06-07 09:00:00,33.4,1005.1,60.08005109311657
2024-06-07 12:00:00,33.4,1003.6,60.08005109311657
2024-06-07 15:00:00,31.4,1006.0,76.18814229624397
2024-06-07 18:00:00,30.8,1006.2,74.31499881924898
2024-06-07 21:00:00,30.2,1004.8,75.55406963834521
2024-06-08 00:00:00,30.6,1004.9,74.28243957799879
2024-06-08 03:00:00,29.4,1006.3,74.97860136800087
2024-06-08 06:00:00,34.2,1005.7,55.091425528710424
2024-06-08 09:00:00,36.0,1003.4,54.5432379644633
2024-06-08 12:00:00,33.4,1003.6,60.08005109311657
2024-06-08 15:00:00,32.0,1003.4,66.1862478230639
2024-06-08 18:00:00,31.6,1005.6,72.27808999036708
2024-06-08 21:00:00,28.2,1003.3,93.77172585847173
2024-06-09 00:00:00,26.8,1004.6,90.42548942576907
2024-06-09 03:00:00,27.0,1006.1,92.06569807815053
2024-06-09 06:00:00,28.0,1006.0,85.80667728802291
2024-06-09 09:00:00,32.0,1004.8,68.5931528079531
2024-06-09 12:00:00,32.8,1003.3,67.93722542562669
2024-06-09 15:00:00,31.0,1004.7,76.1271052167908
2024-06-09 18:00:00,27.0,1007.1,90.43900875787912
2024-06-09 21:00:00,25.6,1006.3,90.34377933678581
2024-06-10 00:00:00,26.0,1005.9,90.37112970835472
2024-06-10 03:00:00,26.8,1006.4,93.70888380751718
2024-06-10 06:00:00,29.4,1006.8,79.11344799319119
2024-06-10 09:00:00,30.8,1005.8,70.43939306440934
2024-06-10 12:00:00,30.2,1005.0,78.29124418971334
2024-06-10 15:00:00,28.0,1006.5,88.91528354225218
2024-06-10 18:00:00,26.4,1007.8,92.03168153578638
2024-06-10 21:00:00,26.0,1006.1,92.00888400052642
2024-06-11 00:00:00,26.2,1005.9,93.68166338882529
2024-06-11 03:00:00,28.4,1007.6,90.53286192976505
2024-06-11 06:00:00,31.4,1007.6,77.54420157006253
2024-06-11 09:00:00,30.4,1006.2,81.13972960661955
2024-06-11 12:00:00,31.4,1005.1,77.54420157006253
2024-06-11 15:00:00,29.4,1006.6,86.44896966030107
2024-06-11 18:00:00,29.2,1007.4,89.53097661456914
2024-06-11 21:00:00,29.2,1006.3,84.91559008084812
2024-06-12 00:00:00,29.0,1006.7,84.89506306062921
2024-06-12 03:00:00,29.6,1008.6,81.03945906223336
2024-06-12 06:00:00,32.4,1008.1,71.56807265043355
2024-06-12 09:00:00,33.4,1006.3,66.07497389595794
2024-06-12 12:00:00,33.6,1005.5,66.11508991681715
2024-06-12 15:00:00,31.0,1007.2,74.7889561009917
2024-06-12 18:00:00,30.4,1007.7,76.94178563223718
2024-06-12 21:00:00,30.0,1006.0,81.08968974474207
2024-06-13 00:00:00,28.2,1006.5,78.94802076163292
2024-06-13 03:00:00,30.4,1007.7,78.31948639832048
2024-06-13 06:00:00,30.8,1007.8,84.09121922543238
2024-06-13 09:00:00,33.4,1006.2,64.91266364161814
2024-06-13 12:00:00,32.4,1005.4,69.07688914571028
2024-06-13 15:00:00,29.6,1005.8,76.82235153000387
2024-06-13 18:00:00,29.6,1007.0,81.03945906223336
2024-06-13 21:00:00,27.0,1005.0,92.06569807815053
2024-06-14 00:00:00,27.0,1004.8,92.06569807815053
2024-06-14 03:00:00,27.8,1007.6,90.49280598950578
2024-06-14 06:00:00,28.6,1006.7,87.91868204829599
2024-06-14 09:00:00,31.4,1005.2,66.06520314217083
2024-06-14 12:00:00,31.6,1004.5,68.51690400466761
2024-06-14 15:00:00,29.8,1005.8,76.85229197010862
2024-06-14 18:00:00,29.2,1006.8,80.5095630310082
2024-06-14 21:00:00,28.6,1005.0,81.88293095675748
2024-06-15 00:00:00,27.8,1004.4,82.77031896665545
2024-06-15 03:00:00,29.0,1005.9,79.0585121873896
2024-06-15 06:00:00,31.6,1005.7,71.00478678077775
2024-06-15 09:00:00,33.0,1004.2,66.78088716309055
2024-06-15 12:00:00,33.0,1003.7,67.97575322043862
2024-06-15 15:00:00,30.4,1005.4,76.94178563223718
2024-06-15 18:00:00,29.4,1006.5,81.97957178446406
2024-06-15 21:00:00,28.4,1004.9,84.83323810049623
2024-06-16 00:00:00,28.2,1005.4,83.31179804309043
2024-06-16 03:00:00,30.2,1006.2,74.2171474546091
2024-06-16 06:00:00,32.0,1006.6,71.07626571001893
2024-06-16 09:00:00,34.0,1004.7,58.445589633486186
2024-06-16 12:00:00,33.0,1003.8,64.44613125580591
2024-06-16 15:00:00,31.0,1005.6,76.1271052167908
2024-06-16 18:00:00,30.6,1006.0,75.61652127297627
2024-06-16 21:00:00,30.0,1004.7,84.99729439748566
2024-06-17 00:00:00,28.8,1005.2,87.93540259721783
2024-06-17 03:00:00,30.4,1006.2,81.13972960661955
2024-06-17 06:00:00,32.8,1006.4,66.74127585978114
2024-06-17 09:00:00,33.4,1005.7,56.921652839435055
2024-06-17 12:00:00,30.8,1004.8,66.74179537984483
2024-06-17 15:00:00,29.8,1006.8,79.63860889063328
2024-06-17 18:00:00,28.6,1007.7,77.59711341151534
2024-06-17 21:00:00,28.4,1005.7,81.85865421535438
2024-06-18 00:00:00,27.4,1004.7,85.74806761675889
2024-06-18 03:00:00,30.4,1006.1,75.58532357148971
2024-06-18 06:00:00,34.4,1006.4,63.22804159557269
2024-06-18 09:00:00,29.4,1005.6,80.53536024141098
2024-06-18 12:00:00,27.2,1004.6,87.27855968744687
2024-06-18 15:00:00,28.8,1005.6,84.87449545917907
2024-06-18 18:00:00,28.4,1006.0,84.83323810049623
2024-06-18 21:00:00,27.4,1004.1,90.46596324112937
2024-06-19 00:00:00,26.8,1003.4,92.05438311051279
2024-06-19 03:00:00,27.2,1004.2,93.72693426762005
2024-06-19 06:00:00,27.8,1004.2,93.7538663078413
2024-06-19 09:00:00,32.8,1002.8,70.38545749833996
2024-06-19 12:00:00,27.8,1001.8,85.78717977072007
2024-06-19 15:00:00,27.6,1002.7,90.47939854432097
2024-06-19 18:00:00,29.0,1003.1,81.9313443709877
2024-06-19 21:00:00,27.4,1002.3,88.86871874139695
2024-06-20 00:00:00,26.8,1001.8,93.70888380751718
2024-06-20 03:00:00,27.8,1002.9,93.7538663078413
2024-06-20 06:00:00,30.0,1003.6,88.03501822943302
2024-06-20 09:00:00,30.8,1002.6,81.1895795616241
2024-06-20 12:00:00,30.8,1000.9,82.62927198490198
2024-06-20 15:00:00,30.6,1002.2,81.16467826556904
2024-06-20 18:00:00,30.2,1003.6,82.5595602209085
2024-06-20 21:00:00,28.0,1002.4,84.79181717750924
2024-06-21 00:00:00,29.0,1001.7,84.89506306062921
2024-06-21 03:00:00,28.4,1004.0,92.14424033203443
2024-06-21 06:00:00,32.8,1004.4,76.84633730700138
2024-06-21 09:00:00,33.8,1003.0,72.23240224274468
2024-06-21 12:00:00,27.8,1001.6,81.29701074620921
2024-06-21 15:00:00,28.6,1002.7,87.91868204829599
2024-06-21 18:00:00,29.4,1003.2,89.54556000162309
2024-06-21 21:00:00,29.6,1001.1,83.46865512129703
2024-06-22 00:00:00,27.6,1000.7,92.09950049107172
2024-06-22 03:00:00,28.0,1002.7,88.91528354225218
2024-06-22 06:00:00,31.8,1002.6,81.78802115273777
2024-06-22 09:00:00,28.4,1002.6,83.33433758376981
2024-06-22 12:00:00,28.8,999.7,79.03096698905824
2024-06-22 15:00:00,27.6,1001.4,88.88427217188078
2024-06-22 18:00:00,28.0,1002.7,88.91528354225218
2024-06-22 21:00:00,28.2,1001.2,90.51953760720181
2024-06-23 00:00:00,27.6,1001.1,92.09950049107172
2024-06-23 03:00:00,29.0,1002.1,84.89506306062921
2024-06-23 06:00:00,32.0,1002.0,74.94828132337592
2024-06-23 09:00:00,33.0,999.7,65.60442666205464
2024-06-23 12:00:00,30.4,998.7,75.58532357148971
2024-06-23 15:00:00,28.4,1000.5,88.94616815571688
2024-06-23 18:00:00,28.0,1001.1,87.34888747491027
2024-06-23 21:00:00,27.6,999.8,90.47939854432097
2024-06-24 00:00:00,27.2,999.3,88.85313336738866
2024-06-24 03:00:00,28.4,1000.6,87.90192756472376
2024-06-24 06:00:00,30.0,1000.1,81.08968974474207
2024-06-24 09:00:00,32.8,998.4,67.93722542562669
2024-06-24 12:00:00,31.6,997.3,69.75114396222972
2024-06-24 15:00:00,29.6,998.1,78.20620296447258
2024-06-24 18:00:00,29.0,999.8,86.41175942849821
2024-06-24 21:00:00,28.2,998.2,83.31179804309043
2024-06-25 00:00:00,27.8,997.8,85.78717977072007
2024-06-25 03:00:00,30.0,999.2,72.866865390855
2024-06-25 06:00:00,34.4,998.4,62.11744798829246
2024-06-25 09:00:00,35.6,996.5,60.57132730175924
2024-06-25 12:00:00,34.0,995.2,62.77037868066636
2024-06-25 15:00:00,31.0,996.7,73.47141965449843
2024-06-25 18:00:00,29.4,997.7,89.54556000162309
2024-06-25 21:00:00,28.4,996.6,88.94616815571688
2024-06-26 00:00:00,27.6,996.5,93.74490804295253
2024-06-26 03:00:00,29.0,997.2,89.51636332080271
2024-06-26 06:00:00,32.2,998.2,79.03064484736562
2024-06-26 09:00:00,32.0,996.8,81.81208304952762
2024-06-26 12:00:00,30.6,996.2,78.34767637456054
2024-06-26 15:00:00,29.0,998.4,89.51636332080271
2024-06-26 18:00:00,28.0,999.6,87.34888747491027
2024-06-26 21:00:00,28.0,998.3,92.12191734434786
2024-06-27 00:00:00,27.2,998.6,90.45250000428203
2024-06-27 03:00:00,28.2,1000.0,88.93074165144274
2024-06-27 06:00:00,31.6,1000.7,74.88472135092377
2024-06-27 09:00:00,29.0,999.8,89.51636332080271
2024-06-27 12:00:00,29.2,998.7,86.43038313933076
2024-06-27 15:00:00,27.0,1001.7,92.06569807815053
2024-06-27 18:00:00,27.2,1002.4,92.07698925377626
2024-06-27 21:00:00,27.2,1000.6,93.72693426762005
2024-06-28 00:00:00,27.2,1000.2,93.72693426762005
2024-06-28 03:00:00,28.8,1001.6,89.50172004038727
2024-06-28 06:00:00,28.4,1002.2,88.94616815571688
2024-06-28 09:00:00,27.0,1001.0,95.39600874452509
2024-06-28 12:00:00,28.8,1000.4,89.50172004038727
2024-06-28 15:00:00,29.0,1001.5,92.17754994106518
2024-06-28 18:00:00,28.0,1002.3,90.50618565208272
2024-06-28 21:00:00,28.6,1000.7,88.96156313904507
2024-06-29 00:00:00,28.6,1001.1,86.37440005285019
2024-06-29 03:00:00,29.6,1002.8,92.2106512336583
2024-06-29 06:00:00,28.8,1003.0,90.55942797559786
2024-06-29 09:00:00,31.0,1002.6,79.79835457938422
2024-06-29 12:00:00,30.8,1001.3,81.1895795616241
2024-06-29 15:00:00,29.0,1003.1,86.41175942849821
2024-06-29 18:00:00,28.4,1003.6,88.94616815571688
2024-06-29 21:00:00,27.8,1001.9,90.49280598950578
2024-06-30 00:00:00,28.4,1001.5,90.53286192976505
2024-06-30 03:00:00,29.4,1003.6,89.54556000162309
2024-06-30 06:00:00,30.4,1004.1,81.13972960661955
2024-06-30 09:00:00,30.2,1002.6,84.02682856635852
2024-06-30 12:00:00,30.6,1001.7,79.74530566981048
2024-06-30 15:00:00,29.8,1002.9,82.0276141014992
2024-06-30 18:00:00,28.6,1003.7,90.54615869442738
2024-06-30 21:00:00,29.4,1002.1,81.97957178446406
2024-07-01 00:00:00,29.2,1001.6,83.42405706602797
2024-07-01 03:00:00,29.6,1002.6,83.46865512129703
2024-07-01 06:00:00,31.6,1002.9,74.88472135092377
2024-07-01 09:00:00,31.8,1001.2,73.60449518826249
2024-07-01 12:00:00,30.6,1000.1,78.34767637456054
2024-07-01 15:00:00,29.6,1001.2,81.03945906223336
2024-07-01 18:00:00,28.4,1002.8,88.94616815571688
2024-07-01 21:00:00,26.2,1000.8,88.7747243479242
2024-07-02 00:00:00,28.4,1000.1,88.94616815571688
2024-07-02 03:00:00,30.0,1001.8,83.5130798716472
2024-07-02 06:00:00,31.4,1002.9,78.92130681911149
2024-07-02 09:00:00,32.2,1001.4,76.30955739524246
2024-07-02 12:00:00,30.8,1000.6,79.77185498360923
2024-07-02 15:00:00,30.0,1001.8,82.53623329490637
2024-07-02 18:00:00,30.0,1002.9,81.08968974474207
2024-07-02 21:00:00,29.6,1001.7,83.46865512129703
2024-07-03 00:00:00,29.0,1001.5,84.89506306062921
2024-07-03 03:00:00,30.4,1002.9,81.13972960661955
2024-07-03 06:00:00,32.2,1003.5,74.10487661671202
2024-07-03 09:00:00,32.2,1002.4,76.30955739524246
2024-07-03 12:00:00,31.6,1001.8,76.21857827105511
2024-07-03 15:00:00,30.0,1003.1,82.53623329490637
2024-07-03 18:00:00,29.8,1004.2,83.49088910584811
2024-07-03 21:00:00,28.8,1003.1,93.7983735302794
2024-07-04 00:00:00,29.2,1002.3,86.43038313933076
2024-07-04 03:00:00,30.0,1004.4,83.5130798716472
2024-07-04 06:00:00,32.2,1004.7,74.979976618763
2024-07-04 09:00:00,33.2,1003.1,70.45783465512956
2024-07-04 12:00:00,29.2,1001.8,86.43038313933076
2024-07-04 15:00:00,29.6,1003.0,84.95652278782288
2024-07-04 18:00:00,29.6,1003.6,83.46865512129703
2024-07-04 21:00:00,26.8,1001.8,90.42548942576907
2024-07-05 00:00:00,29.4,1001.1,83.4463778105949
2024-07-05 03:00:00,30.0,1002.8,81.08968974474207
2024-07-05 06:00:00,31.0,1002.7,77.48613913975385
2024-07-05 09:00:00,29.6,1001.2,86.46751908713752
2024-07-05 12:00:00,30.4,1000.0,82.58284223811447
2024-07-05 15:00:00,29.6,1000.9,83.46865512129703
2024-07-05 18:00:00,28.6,1001.1,84.8538871735531
2024-07-05 21:00:00,29.0,999.4,84.89506306062921
2024-07-06 00:00:00,28.8,999.3,87.93540259721783
2024-07-06 03:00:00,29.6,1001.1,83.46865512129703
2024-07-06 06:00:00,31.8,1001.8,73.60449518826249
2024-07-06 09:00:00,32.2,1000.6,72.80896276194781
2024-07-06 12:00:00,31.2,999.4,74.82093472023674
2024-07-06 15:00:00,29.8,1000.7,81.06459831337503
2024-07-06 18:00:00,29.6,1001.6,83.46865512129703
2024-07-06 21:00:00,28.4,1000.7,84.83323810049623
2024-07-07 00:00:00,28.8,1000.6,86.39309843177878
2024-07-07 03:00:00,28.8,1002.8,89.50172004038727
2024-07-07 06:00:00,29.2,1003.3,87.96874224697314
2024-07-07 09:00:00,31.0,1001.5,79.79835457938422
2024-07-07 12:00:00,30.6,1000.4,81.16467826556904
2024-07-07 15:00:00,27.8,1001.7,92.11072068322818
2024-07-07 18:00:00,29.0,1002.6,87.95208930052544
2024-07-07 21:00:00,27.2,1001.6,90.45250000428203
2024-07-08 00:00:00,26.4,1001.7,90.39836619855579
2024-07-08 03:00:00,26.0,1002.6,94.79622941585653
2024-07-08 06:00:00,26.8,1002.6,93.70888380751718
2024-07-08 09:00:00,27.5,1000.4,91.5506830075976
2024-07-08 12:00:00,27.0,1000.5,90.43900875787912
2024-07-08 15:00:00,25.7,1002.6,93.65884610336764
2024-07-08 18:00:00,25.4,1003.6,96.48847066905626
2024-07-08 21:00:00,25.2,1002.7,96.48331975462109
2024-07-09 00:00:00,25.2,1001.7,94.76592069291524
2024-07-09 03:00:00,25.8,1003.2,93.10518672866101
2024-07-09 06:00:00,28.6,1003.6,90.54615869442738
2024-07-09 09:00:00,27.2,1003.4,92.07698925377626
2024-07-09 12:00:00,27.0,1002.7,87.26088849314073
2024-07-09 15:00:00,26.4,1004.5,88.79047072518293
2024-07-09 18:00:00,25.8,1005.1,93.10518672866101
2024-07-09 21:00:00,25.6,1004.8,93.09525743190015
2024-07-10 00:00:00,25.6,1004.7,91.43570721258781
2024-07-10 03:00:00,26.6,1006.9,92.04304428506519
2024-07-10 06:00:00,30.8,1006.8,77.00117625197225
2024-07-10 09:00:00,28.2,1005.3,84.81254813644145
2024-07-10 12:00:00,31.6,1004.4,71.00478678077775
2024-07-10 15:00:00,26.4,1006.6,92.03168153578638
2024-07-10 18:00:00,26.8,1007.5,95.38933139322062
2024-07-10 21:00:00,26.0,1005.6,93.67255110424425
2024-07-11 00:00:00,25.6,1005.9,94.78110774663195
2024-07-11 03:00:00,26.2,1007.1,93.68166338882529
2024-07-11 06:00:00,25.8,1007.6,91.99744908137737
2024-07-11 12:00:00,25.8,1003.8,91.99744908137737
2024-07-11 15:00:00,26.2,1004.9,93.68166338882529
2024-07-11 18:00:00,25.8,1005.2,91.99744908137737
2024-07-11 21:00:00,26.0,1003.7,93.67255110424425
2024-07-12 00:00:00,25.4,1003.2,93.08530694612072
2024-07-12 03:00:00,25.4,1004.8,98.81727140289195
2024-07-12 06:00:00,26.8,1004.3,95.38933139322062
2024-07-12 09:00:00,29.0,1002.8,89.51636332080271
2024-07-12 12:00:00,28.0,1002.5,88.91528354225218
2024-07-12 15:00:00,28.0,1003.9,87.34888747491027
2024-07-12 18:00:00,26.0,1005.2,94.79622941585653
2024-07-13 00:00:00,26.8,1001.8,93.70888380751718
2024-07-13 03:00:00,26.7,1003.9,94.26199765283637
2024-07-13 06:00:00,26.0,1004.2,94.79622941585653
2024-07-13 09:00:00,26.8,1002.8,93.70888380751718
2024-07-13 12:00:00,26.6,1001.9,93.69982968596882
2024-07-13 15:00:00,26.0,1002.6,96.503856108436
2024-07-13 18:00:00,25.4,1003.0,96.48847066905626
2024-07-14 00:00:00,27.6,1000.2,93.74490804295253
2024-07-14 03:00:00,27.4,1006.7,93.73593071403404
2024-07-14 06:00:00,28.6,1001.4,93.78950978997815
2024-07-14 09:00:00,29.6,999.9,88.00194722290112
2024-07-14 12:00:00,28.7,998.6,90.0222325103779
2024-07-14 15:00:00,28.7,1000.3,91.08609172591736
2024-07-14 18:00:00,28.8,1001.4,90.55942797559786
2024-07-15 00:00:00,28.2,999.6,93.77172585847173
2024-07-15 03:00:00,27.8,1001.1,92.11072068322818
2024-07-15 06:00:00,28.2,1001.5,92.13309053912468
2024-07-15 09:00:00,28.4,1000.0,93.78062725022617
2024-07-15 12:00:00,26.8,999.0,92.05438311051279
2024-07-15 15:00:00,26.8,1000.9,95.38933139322062
2024-07-15 18:00:00,26.6,1001.1,94.8187901348208
2024-07-15 21:00:00,26.4,998.9,94.81128607168019
2024-07-16 00:00:00,26.6,999.3,94.8187901348208
2024-07-16 03:00:00,27.0,1000.6,96.5292760949642
2024-07-16 06:00:00,29.0,1001.3,83.40169277956687
2024-07-16 09:00:00,28.0,1000.3,87.34888747491027
2024-07-16 12:00:00,28.0,999.7,85.80667728802291
2024-07-16 15:00:00,27.6,1001.2,82.7470419948832
2024-07-16 18:00:00,27.0,1002.0,90.43900875787912
2024-07-16 21:00:00,27.2,1000.3,90.45250000428203
2024-07-17 00:00:00,26.6,1000.4,90.41194193154737
2024-07-17 03:00:00,27.4,1002.8,90.46596324112937
2024-07-17 06:00:00,30.0,1002.9,82.53623329490637
2024-07-17 09:00:00,32.6,1001.5,71.60318423066752
2024-07-17 12:00:00,29.6,1000.5,78.20620296447258
2024-07-17 15:00:00,28.0,1002.6,90.50618565208272
2024-07-17 18:00:00,27.2,1003.3,90.45250000428203
2024-07-17 21:00:00,26.8,1001.4,92.05438311051279
2024-07-18 00:00:00,26.0,1001.6,93.67255110424425
2024-07-18 03:00:00,26.0,1003.2,94.79622941585653
2024-07-18 06:00:00,26.2,1003.9,94.80376584735212
2024-07-18 09:00:00,26.4,1002.1,93.69075623120435
2024-07-18 12:00:00,26.8,1000.3,95.38933139322062
2024-07-18 15:00:00,26.6,1001.8,94.8187901348208
2024-07-18 18:00:00,26.4,1001.8,96.51405730461323
2024-07-18 21:00:00,27.2,999.5,92.07698925377626
2024-07-19 00:00:00,27.6,999.4,90.47939854432097
2024-07-19 03:00:00,26.4,1001.3,94.81128607168019
2024-07-19 06:00:00,27.2,1001.6,92.07698925377626
2024-07-19 09:00:00,26.6,1000.2,92.04304428506519
2024-07-19 12:00:00,28.7,998.7,88.44680588181218
2024-07-19 15:00:00,27.6,1000.3,90.47939854432097
2024-07-19 18:00:00,27.2,1000.8,92.07698925377626
2024-07-19 21:00:00,27.0,999.8,92.06569807815053
2024-07-20 00:00:00,26.8,999.9,93.70888380751718
2024-07-20 03:00:00,26.4,1001.6,93.69075623120435
2024-07-20 06:00:00,26.8,1002.1,92.05438311051279
2024-07-20 09:00:00,27.2,1001.6,95.40267171979633
2024-07-20 12:00:00,27.2,1000.7,92.07698925377626
2024-07-20 15:00:00,27.2,1002.4,90.45250000428203
2024-07-20 18:00:00,27.4,1001.9,88.86871874139695
2024-07-20 21:00:00,27.0,1000.1,93.71791865005993
2024-07-21 00:00:00,27.2,999.5,92.07698925377626
2024-07-21 03:00:00,28.2,1001.2,88.93074165144274
2024-07-21 06:00:00,27.0,1002.2,95.39600874452509
2024-07-21 09:00:00,26.0,1002.0,92.00888400052642
2024-07-21 12:00:00,26.4,1001.7,93.69075623120435
2024-07-21 15:00:00,26.8,1002.6,93.70888380751718
2024-07-21 18:00:00,27.6,1003.5,92.09950049107172
2024-07-21 21:00:00,27.8,1001.8,92.11072068322818
2024-07-22 00:00:00,27.4,1001.7,92.08825670296545
2024-07-22 03:00:00,26.2,1004.2,93.68166338882529
2024-07-22 06:00:00,27.4,1004.2,95.40932035991787
2024-07-22 09:00:00,26.8,1003.6,92.05438311051279
2024-07-22 12:00:00,27.7,1002.9,91.56265301883126
2024-07-22 15:00:00,27.2,1004.3,92.07698925377626
2024-07-22 18:00:00,26.4,1005.5,92.03168153578638
2024-07-22 21:00:00,26.2,1004.3,93.68166338882529
2024-07-23 00:00:00,26.4,1004.0,93.69075623120435
2024-07-23 03:00:00,27.6,1004.8,90.47939854432097
2024-07-23 06:00:00,28.4,1005.2,88.94616815571688
2024-07-23 09:00:00,27.4,1002.4,92.08825670296545
2024-07-23 12:00:00,27.4,1002.4,92.08825670296545
2024-07-23 15:00:00,26.2,1003.7,93.68166338882529
2024-07-23 18:00:00,26.8,1004.1,93.70888380751718
2024-07-23 21:00:00,27.6,1002.0,88.88427217188078
2024-07-24 00:00:00,27.8,1001.6,87.33135888966177
2024-07-24 03:00:00,28.0,1002.4,84.79181717750924
2024-07-24 06:00:00,28.0,1002.6,88.91528354225218
2024-07-24 09:00:00,26.8,1000.8,88.82186644716782
2024-07-24 12:00:00,28.6,999.4,86.37440005285019
2024-07-24 15:00:00,27.2,1000.7,87.27855968744687
2024-07-24 18:00:00,27.4,1000.9,90.46596324112937
2024-07-24 21:00:00,27.6,999.0,92.09950049107172
2024-07-25 00:00:00,27.2,998.8,95.40267171979633
2024-07-25 03:00:00,25.8,1001.1,93.10518672866101
2024-07-25 06:00:00,26.2,1001.7,93.68166338882529
2024-07-25 09:00:00,27.0,1000.4,95.39600874452509
2024-07-25 12:00:00,27.0,999.7,93.71791865005993
2024-07-25 15:00:00,26.4,1001.5,92.03168153578638
2024-07-25 18:00:00,27.0,1002.7,93.71791865005993
2024-07-25 21:00:00,27.0,1000.8,93.71791865005993
2024-07-26 00:00:00,27.0,1000.8,93.71791865005993
2024-07-26 03:00:00,27.6,1003.0,92.09950049107172
2024-07-26 06:00:00,29.2,1003.2,84.91559008084812
2024-07-26 09:00:00,29.6,1002.0,82.00361602371757
2024-07-26 12:00:00,28.8,1001.7,83.37928484286573
2024-07-26 15:00:00,28.6,1003.1,84.8538871735531
2024-07-26 18:00:00,28.2,1003.8,84.81254813644145
2024-07-26 21:00:00,28.4,1002.9,86.35566419509173
2024-07-27 00:00:00,28.0,1002.7,88.91528354225218
2024-07-27 03:00:00,28.4,1004.3,86.35566419509173
2024-07-27 06:00:00,29.6,1004.1,81.03945906223336
2024-07-27 09:00:00,29.0,1002.7,84.89506306062921
2024-07-27 12:00:00,27.6,1001.8,90.47939854432097
2024-07-27 15:00:00,28.0,1002.7,88.91528354225218
2024-07-27 18:00:00,28.2,1003.0,88.93074165144274
2024-07-27 21:00:00,27.8,1001.0,88.89979374390309
2024-07-28 00:00:00,28.0,1000.8,88.91528354225218
2024-07-28 03:00:00,28.4,1002.1,86.35566419509173
2024-07-28 06:00:00,29.4,1001.5,81.97957178446406
2024-07-28 09:00:00,29.0,999.9,84.89506306062921
2024-07-28 12:00:00,28.2,999.1,90.51953760720181
2024-07-28 15:00:00,28.2,999.7,88.93074165144274
2024-07-28 18:00:00,28.2,1000.0,88.93074165144274
2024-07-28 21:00:00,27.8,998.5,90.49280598950578
2024-07-29 00:00:00,27.4,998.2,93.73593071403404
2024-07-29 03:00:00,28.2,999.9,88.93074165144274
2024-07-29 06:00:00,27.4,1000.1,92.08825670296545
2024-07-29 09:00:00,28.4,999.1,88.94616815571688
2024-07-29 12:00:00,28.8,998.3,86.39309843177878
2024-07-29 15:00:00,28.0,1000.1,90.50618565208272
2024-07-29 18:00:00,28.4,1001.3,88.94616815571688
2024-07-29 21:00:00,27.4,1000.1,92.08825670296545
2024-07-30 00:00:00,27.7,1000.5,92.65038159942328
2024-07-30 03:00:00,28.4,1002.6,88.94616815571688
2024-07-30 06:00:00,28.8,1003.7,86.39309843177878
2024-07-30 09:00:00,31.2,1002.8,77.51519693628545
2024-07-30 12:00:00,29.6,1002.7,82.00361602371757
2024-07-30 15:00:00,28.4,1003.8,87.90192756472376
2024-07-30 18:00:00,28.4,1005.0,88.94616815571688
2024-07-30 21:00:00,27.8,1003.7,88.89979374390309
2024-07-31 00:00:00,27.4,1003.3,88.86871874139695
2024-07-31 03:00:00,27.8,1005.6,90.49280598950578
2024-07-31 06:00:00,30.8,1006.0,79.77185498360923
2024-07-31 09:00:00,32.0,1004.8,74.94828132337592
2024-07-31 12:00:00,30.2,1003.9,78.29124418971334
2024-07-31 15:00:00,28.6,1004.8,86.37440005285019
2024-07-31 18:00:00,28.6,1005.7,84.8538871735531
2024-08-01 00:00:00,27.8,1003.7,85.78717977072007
2024-08-01 03:00:00,29.0,1004.6,84.89506306062921
2024-08-01 06:00:00,30.6,1005.9,75.61652127297627
2024-08-01 09:00:00,31.0,1004.5,76.1271052167908
2024-08-01 12:00:00,29.8,1003.8,76.85229197010862
2024-08-01 15:00:00,28.4,1005.1,78.97572139747378
2024-08-01 18:00:00,28.2,1005.6,87.36638064071765
2024-08-01 21:00:00,26.8,1004.3,88.82186644716782
2024-08-02 00:00:00,27.4,1003.9,90.46596324112937
2024-08-02 03:00:00,28.2,1004.9,88.93074165144274
2024-08-02 06:00:00,29.8,1005.0,83.49088910584811
2024-08-02 09:00:00,29.4,1003.9,80.53536024141098
2024-08-02 12:00:00,27.0,1002.7,92.06569807815053
2024-08-02 15:00:00,27.8,1004.5,85.78717977072007
2024-08-02 18:00:00,28.2,1005.6,81.83433063230953
2024-08-02 21:00:00,27.2,1003.4,88.85313336738866
2024-08-03 00:00:00,28.0,1003.1,85.80667728802291
2024-08-03 03:00:00,27.2,1004.4,87.27855968744687
2024-08-03 06:00:00,26.4,1005.7,93.69075623120435
2024-08-03 09:00:00,26.2,1004.1,93.68166338882529
2024-08-03 12:00:00,27.4,1003.8,92.08825670296545
2024-08-03 15:00:00,28.0,1005.4,87.34888747491027
2024-08-03 18:00:00,28.0,1006.0,85.80667728802291
2024-08-04 00:00:00,26.8,1003.7,90.42548942576907
2024-08-04 03:00:00,27.8,1005.4,88.89979374390309
2024-08-04 06:00:00,28.2,1006.2,87.36638064071765
2024-08-04 09:00:00,28.8,1004.7,83.37928484286573
2024-08-04 12:00:00,28.4,1003.9,84.83323810049623
2024-08-04 15:00:00,27.6,1005.4,87.31379479213656
2024-08-04 18:00:00,27.8,1006.1,87.33135888966177
2024-08-04 21:00:00,27.6,1004.8,87.31379479213656
2024-08-05 00:00:00,27.6,1004.5,88.88427217188078
2024-08-05 03:00:00,28.8,1006.5,84.87449545917907
2024-08-05 06:00:00,30.2,1007.3,79.69205742002245
2024-08-05 09:00:00,31.0,1005.9,74.7889561009917
2024-08-05 12:00:00,28.0,1005.1,85.80667728802291
2024-08-05 15:00:00,26.8,1006.5,88.82186644716782
2024-08-05 18:00:00,27.2,1007.3,90.45250000428203
2024-08-05 21:00:00,26.6,1005.8,84.13765842724912
2024-08-06 00:00:00,27.4,1005.4,85.74806761675889
2024-08-06 03:00:00,28.4,1006.6,84.83323810049623
2024-08-06 06:00:00,30.4,1006.8,76.94178563223718
2024-08-06 09:00:00,30.4,1005.8,76.94178563223718
2024-08-06 12:00:00,26.6,1005.1,92.04304428506519
2024-08-06 15:00:00,26.2,1006.2,94.80376584735212
2024-08-06 18:00:00,27.6,1007.2,90.47939854432097
2024-08-06 21:00:00,27.2,1005.4,88.85313336738866
2024-08-07 00:00:00,27.0,1005.0,90.43900875787912
2024-08-07 03:00:00,28.2,1007.0,86.33689076158295
2024-08-07 06:00:00,29.2,1007.3,81.95548127118022
2024-08-07 09:00:00,30.8,1005.9,75.64766286638326
2024-08-07 12:00:00,29.6,1005.7,79.6118092261478
2024-08-07 15:00:00,28.6,1007.7,81.88293095675748
2024-08-07 18:00:00,28.4,1008.3,83.33433758376981
2024-08-07 21:00:00,27.8,1006.3,88.89979374390309
2024-08-08 00:00:00,28.0,1005.9,87.34888747491027
2024-08-08 03:00:00,28.8,1007.8,83.37928484286573
2024-08-08 06:00:00,29.2,1007.9,83.42405706602797
2024-08-08 09:00:00,31.0,1006.9,73.47141965449843
2024-08-08 12:00:00,30.0,1006.7,71.5698382304094
2024-08-08 15:00:00,28.8,1007.6,81.90716097068722
2024-08-08 18:00:00,28.6,1008.0,83.35683314726084
2024-08-08 21:00:00,27.8,1006.5,85.78717977072007
2024-08-09 00:00:00,27.4,1006.3,90.46596324112937
2024-08-09 03:00:00,28.8,1008.5,83.37928484286573
2024-08-09 06:00:00,30.8,1009.2,75.64766286638326
2024-08-09 09:00:00,30.4,1008.7,74.24982249791255
2024-08-09 12:00:00,29.6,1007.8,74.118773297339
2024-08-09 15:00:00,28.6,1008.8,83.35683314726084
2024-08-09 18:00:00,28.6,1009.3,84.8538871735531
2024-08-09 21:00:00,28.2,1007.5,86.33689076158295
2024-08-10 00:00:00,27.6,1007.7,87.31379479213656
2024-08-10 03:00:00,27.8,1008.8,87.33135888966177
2024-08-10 06:00:00,29.8,1009.4,76.85229197010862
2024-08-10 09:00:00,28.6,1007.8,81.88293095675748
2024-08-10 12:00:00,29.6,1007.2,76.82235153000387
2024-08-10 15:00:00,28.4,1007.9,78.97572139747378
2024-08-10 18:00:00,28.4,1008.5,80.40588280898815
2024-08-10 21:00:00,27.6,1006.5,87.31379479213656
2024-08-11 00:00:00,27.2,1006.2,87.27855968744687
2024-08-11 03:00:00,28.0,1007.8,88.91528354225218
2024-08-11 06:00:00,28.0,1008.0,83.28921441559984
2024-08-11 09:00:00,30.4,1006.4,72.93500760473812
2024-08-11 12:00:00,29.4,1005.1,74.97860136800087
2024-08-11 15:00:00,28.4,1005.8,81.85865421535438
2024-08-11 18:00:00,28.2,1006.5,84.81254813644145
2024-08-12 21:00:00,28.0,1006.4,85.80667728802291
2024-08-13 00:00:00,27.8,1006.5,87.33135888966177
2024-08-13 03:00:00,28.8,1007.9,81.90716097068722
2024-08-13 06:00:00,31.2,1008.1,72.20890765279174
2024-08-13 09:00:00,32.0,1006.1,68.5931528079531
2024-08-13 12:00:00,29.6,1005.1,82.00361602371757
2024-08-13 15:00:00,29.0,1006.3,79.0585121873896
2024-08-13 18:00:00,28.6,1007.9,80.43187680667027
2024-08-13 21:00:00,27.8,1006.3,84.2669381064797
2024-08-14 00:00:00,27.2,1005.9,87.27855968744687
2024-08-14 03:00:00,28.4,1007.9,84.83323810049623
2024-08-14 06:00:00,32.0,1008.1,68.5931528079531
2024-08-14 09:00:00,32.4,1005.9,65.48228630790443
2024-08-14 12:00:00,31.4,1005.4,66.06520314217083
2024-08-14 15:00:00,29.0,1006.8,79.0585121873896
2024-08-14 18:00:00,28.8,1007.4,79.03096698905824
2024-08-14 21:00:00,28.0,1005.7,84.79181717750924
2024-08-15 00:00:00,27.4,1005.5,87.29619508920601
2024-08-15 03:00:00,28.8,1007.0,84.87449545917907
2024-08-15 06:00:00,31.2,1007.0,70.93306375697343
2024-08-15 09:00:00,32.4,1004.8,66.6618617053601
2024-08-15 12:00:00,31.8,1003.8,63.81127171847181
2024-08-15 15:00:00,29.6,1005.2,75.45996920875774
2024-08-15 18:00:00,28.8,1005.8,80.45782143103412
2024-08-15 21:00:00,28.6,1004.7,83.35683314726084
2024-08-16 00:00:00,27.6,1004.2,85.767643247121
2024-08-16 03:00:00,27.8,1005.5,84.2669381064797
2024-08-16 06:00:00,32.0,1006.0,66.1862478230639
2024-08-16 09:00:00,33.0,1004.2,58.56563201949948
2024-08-16 12:00:00,32.0,1003.2,66.1862478230639
2024-08-16 15:00:00,29.6,1004.6,75.45996920875774
2024-08-16 18:00:00,28.8,1005.6,77.62630156297041
2024-08-16 21:00:00,27.4,1004.8,90.46596324112937
2024-08-17 00:00:00,26.6,1004.7,90.41194193154737
2024-08-17 03:00:00,27.8,1006.4,90.49280598950578
2024-08-17 06:00:00,32.0,1006.6,69.82505728068918
2024-08-17 09:00:00,32.8,1005.2,64.40448947276589
2024-08-17 12:00:00,30.8,1004.2,69.18743090524858
2024-08-17 15:00:00,29.6,1005.5,78.20620296447258
2024-08-17 18:00:00,29.4,1007.1,77.71354294293734
2024-08-17 21:00:00,29.0,1005.7,80.48371679996085
2024-08-18 00:00:00,28.6,1005.8,84.8538871735531
2024-08-18 03:00:00,29.4,1006.6,81.97957178446406
2024-08-18 06:00:00,32.4,1007.4,65.48228630790443
2024-08-18 09:00:00,33.2,1005.4,63.34828851792842
2024-08-18 12:00:00,30.6,1004.1,71.67589990470815
2024-08-18 15:00:00,29.8,1006.0,76.85229197010862
2024-08-18 18:00:00,29.6,1007.3,79.6118092261478
2024-08-18 21:00:00,29.2,1005.9,81.95548127118022
2024-08-19 00:00:00,29.0,1005.0,83.40169277956687
2024-08-19 03:00:00,29.4,1006.2,80.53536024141098
2024-08-19 06:00:00,31.8,1006.6,72.31259150236149
2024-08-19 09:00:00,32.6,1003.5,65.52306428907129
2024-08-19 12:00:00,30.4,1003.3,75.58532357148971
2024-08-19 15:00:00,29.8,1005.2,83.49088910584811
2024-08-19 18:00:00,28.2,1005.7,88.93074165144274
2024-08-19 21:00:00,28.6,1004.7,88.96156313904507
2024-08-20 00:00:00,28.5,1003.6,88.43074361433187
2024-08-20 03:00:00,28.2,1005.0,92.13309053912468
2024-08-20 06:00:00,27.2,1006.7,88.85313336738866
2024-08-20 09:00:00,29.8,1004.2,72.83270468535767
2024-08-20 12:00:00,28.0,1004.5,88.91528354225218
2024-08-20 15:00:00,27.0,1005.9,88.83751596451742
2024-08-20 18:00:00,27.0,1006.9,90.43900875787912
2024-08-20 21:00:00,26.8,1005.0,92.05438311051279
2024-08-21 00:00:00,26.4,1005.1,92.03168153578638
2024-08-21 03:00:00,28.0,1006.4,90.50618565208272
2024-08-21 06:00:00,32.0,1006.5,71.07626571001893
2024-08-21 09:00:00,30.0,1004.5,86.50450703984572
2024-08-21 12:00:00,31.6,1003.0,76.21857827105511
2024-08-21 15:00:00,29.6,1004.7,84.95652278782288
2024-08-21 18:00:00,29.0,1006.1,86.41175942849821
2024-08-21 21:00:00,28.6,1004.2,87.91868204829599
2024-08-22 00:00:00,28.4,1004.2,87.90192756472376
2024-08-22 03:00:00,29.4,1005.5,84.9360766224706
2024-08-22 06:00:00,33.5,1005.2,63.41195465630738
2024-08-22 09:00:00,33.2,1003.6,62.22651784699078
2024-08-22 12:00:00,31.2,1002.6,72.20890765279174
2024-08-22 15:00:00,30.2,1005.1,78.29124418971334
2024-08-22 18:00:00,29.8,1006.3,86.48603151527291
2024-08-22 21:00:00,28.2,1004.9,92.13309053912468
2024-08-23 00:00:00,27.4,1004.5,90.46596324112937
2024-08-23 03:00:00,28.6,1006.3,84.8538871735531
2024-08-23 06:00:00,29.8,1006.6,82.51286135002354
2024-08-23 09:00:00,30.6,1004.1,76.97150804274018
2024-08-23 12:00:00,29.7,1003.6,81.53258319515074
2024-08-23 15:00:00,28.0,1005.7,84.79181717750924
2024-08-23 18:00:00,27.2,1007.0,92.07698925377626
2024-08-23 21:00:00,27.5,1005.5,91.5506830075976
2024-08-24 00:00:00,26.2,1005.0,90.38476214988123
2024-08-24 03:00:00,26.2,1007.1,93.68166338882529
2024-08-24 06:00:00,27.0,1007.9,90.43900875787912
2024-08-24 09:00:00,26.4,1006.1,93.69075623120435
2024-08-24 12:00:00,25.2,1005.6,94.76592069291524
2024-08-24 15:00:00,26.6,1006.2,90.41194193154737
2024-08-24 18:00:00,26.6,1007.6,92.04304428506519
2024-08-24 21:00:00,26.8,1005.7,88.82186644716782
2024-08-25 00:00:00,26.8,1005.0,92.05438311051279
2024-08-25 03:00:00,26.0,1006.2,87.17199233244091
2024-08-25 06:00:00,29.6,1005.9,81.03945906223336
2024-08-25 09:00:00,28.0,1004.7,85.80667728802291
2024-08-25 12:00:00,27.6,1003.7,88.88427217188078
2024-08-25 15:00:00,28.2,1004.4,84.81254813644145
2024-08-25 18:00:00,28.4,1004.5,81.85865421535438
2024-08-26 00:00:00,28.4,1002.3,81.85865421535438
2024-08-26 03:00:00,28.4,1004.1,81.85865421535438
2024-08-26 06:00:00,29.8,1004.3,78.23460259362332
2024-08-26 09:00:00,30.2,1003.0,74.2171474546091
2024-08-26 12:00:00,29.4,1002.1,76.33535606218936
2024-08-26 15:00:00,28.0,1003.6,84.79181717750924
2024-08-26 18:00:00,28.4,1004.1,84.83323810049623
2024-08-26 21:00:00,28.0,1002.7,84.79181717750924
2024-08-27 00:00:00,28.2,1002.7,86.33689076158295
2024-08-27 03:00:00,28.8,1004.4,79.03096698905824
2024-08-27 06:00:00,30.6,1005.0,72.96898936310727
2024-08-27 09:00:00,28.8,1004.0,83.37928484286573
2024-08-27 12:00:00,27.4,1003.8,82.72371961951407
2024-08-27 15:00:00,28.2,1005.1,81.83433063230953
2024-08-27 18:00:00,27.6,1005.8,85.767643247121
2024-08-27 21:00:00,28.0,1004.5,81.80996009312997
2024-08-28 00:00:00,28.0,1003.8,81.80996009312997
2024-08-28 03:00:00,27.8,1005.5,88.89979374390309
2024-08-28 06:00:00,29.8,1006.4,79.63860889063328
2024-08-28 09:00:00,30.2,1004.6,76.91200889831605
2024-08-28 12:00:00,29.2,1004.2,80.5095630310082
2024-08-28 15:00:00,28.4,1005.7,83.33433758376981
2024-08-28 18:00:00,28.6,1006.7,83.35683314726084
2024-08-28 21:00:00,28.4,1004.3,87.90192756472376
2024-08-29 00:00:00,27.6,1003.8,88.88427217188078
2024-08-29 03:00:00,29.2,1005.6,81.95548127118022
2024-08-29 06:00:00,30.8,1006.3,78.37581423848806
2024-08-29 09:00:00,31.0,1004.4,74.7889561009917
2024-08-29 12:00:00,30.0,1003.4,78.26294962837345
2024-08-29 15:00:00,28.8,1005.0,81.90716097068722
2024-08-29 18:00:00,28.4,1005.6,84.83323810049623
2024-08-29 21:00:00,28.4,1004.1,84.83323810049623
2024-08-30 00:00:00,28.2,1003.6,87.36638064071765
2024-08-30 03:00:00,29.4,1006.0,79.11344799319119
2024-08-30 06:00:00,31.0,1007.2,69.22506422320274
2024-08-30 09:00:00,31.8,1005.7,69.78813164326573
2024-08-30 12:00:00,31.0,1004.8,72.1742265807024
2024-08-30 15:00:00,29.0,1006.7,79.0585121873896
2024-08-30 18:00:00,28.4,1007.9,84.83323810049623
2024-08-30 21:00:00,28.2,1006.4,87.36638064071765
2024-08-31 00:00:00,28.0,1006.2,85.80667728802291
2024-08-31 03:00:00,27.6,1007.6,87.31379479213656
2024-08-31 06:00:00,30.8,1008.4,73.00291172196927
2024-08-31 09:00:00,32.0,1006.6,68.5931528079531
2024-08-31 12:00:00,31.2,1005.8,72.20890765279174
2024-08-31 15:00:00,29.0,1007.1,80.48371679996085
2024-08-31 18:00:00,28.8,1007.6,83.37928484286573
2024-08-31 21:00:00,28.4,1006.7,87.90192756472376
2024-09-01 00:00:00,28.0,1006.3,87.34888747491027
2024-09-01 03:00:00,28.6,1007.7,86.37440005285019
2024-09-01 06:00:00,30.4,1008.2,76.94178563223718
2024-09-01 09:00:00,30.2,1006.3,74.2171474546091
2024-09-01 12:00:00,29.6,1005.2,78.20620296447258
2024-09-01 15:00:00,29.0,1006.9,77.65543578652992
2024-09-01 18:00:00,28.8,1007.3,83.37928484286573
2024-09-01 21:00:00,28.4,1005.5,86.35566419509173
2024-09-02 00:00:00,28.4,1005.2,84.83323810049623
2024-09-02 03:00:00,28.6,1006.0,84.8538871735531
2024-09-02 06:00:00,29.6,1006.7,81.03945906223336
2024-09-02 09:00:00,29.0,1005.0,86.41175942849821
2024-09-02 12:00:00,27.6,1003.8,92.09950049107172
2024-09-02 15:00:00,27.6,1004.9,92.09950049107172
2024-09-02 18:00:00,28.2,1005.9,84.81254813644145
2024-09-02 21:00:00,28.0,1004.4,84.79181717750924
2024-09-03 00:00:00,28.0,1004.3,85.80667728802291
2024-09-03 03:00:00,28.8,1006.5,83.37928484286573
2024-09-03 06:00:00,30.0,1007.1,78.26294962837345
2024-09-03 09:00:00,31.4,1005.2,76.18814229624397
2024-09-03 12:00:00,30.0,1004.9,78.26294962837345
2024-09-03 15:00:00,27.6,1006.7,86.79572393355681
2024-09-03 18:00:00,28.2,1008.4,83.31179804309043
2024-09-03 21:00:00,27.8,1006.9,88.89979374390309
2024-09-04 00:00:00,27.6,1007.0,88.88427217188078
2024-09-04 03:00:00,28.8,1008.3,84.87449545917907
2024-09-04 06:00:00,31.0,1008.4,74.7889561009917
2024-09-04 09:00:00,30.4,1006.4,71.64060697493404
2024-09-04 12:00:00,29.0,1005.0,81.9313443709877
2024-09-04 15:00:00,28.0,1006.1,84.79181717750924
2024-09-04 18:00:00,27.6,1006.7,88.88427217188078
2024-09-04 21:00:00,27.4,1005.0,88.86871874139695
2024-09-05 00:00:00,26.0,1005.0,93.67255110424425
2024-09-05 03:00:00,27.6,1006.7,88.88427217188078
2024-09-05 06:00:00,30.2,1007.0,78.29124418971334
2024-09-05 09:00:00,27.8,1004.9,85.78717977072007
2024-09-05 12:00:00,27.8,1004.1,88.89979374390309
2024-09-05 15:00:00,27.8,1005.5,85.78717977072007
2024-09-05 18:00:00,27.0,1006.3,90.43900875787912
2024-09-05 21:00:00,27.8,1005.0,88.89979374390309
2024-09-06 00:00:00,28.0,1005.1,85.80667728802291
2024-09-06 03:00:00,29.2,1007.3,81.95548127118022
2024-09-06 06:00:00,31.2,1007.7,73.50477620307173
2024-09-06 09:00:00,30.0,1006.3,72.866865390855
2024-09-06 12:00:00,29.2,1005.6,79.08600581526997
2024-09-06 15:00:00,28.6,1007.6,79.00337009946395
2024-09-06 18:00:00,27.4,1008.2,88.86871874139695
2024-09-06 21:00:00,27.8,1006.4,84.2669381064797
2024-09-07 00:00:00,27.6,1005.9,84.24549777703992
2024-09-07 03:00:00,29.0,1007.8,81.9313443709877
2024-09-07 06:00:00,31.0,1008.3,74.7889561009917
2024-09-07 09:00:00,31.4,1006.4,74.85285642920122
2024-09-07 12:00:00,29.4,1006.0,84.9360766224706
2024-09-07 15:00:00,28.4,1008.0,81.85865421535438
2024-09-07 18:00:00,28.4,1008.4,83.33433758376981
2024-09-07 21:00:00,28.6,1007.0,86.37440005285019
2024-09-08 00:00:00,27.2,1006.7,90.45250000428203
2024-09-08 03:00:00,28.6,1008.5,81.88293095675748
2024-09-08 06:00:00,31.2,1008.7,72.20890765279174
2024-09-08 09:00:00,31.8,1006.2,72.31259150236149
2024-09-08 12:00:00,30.2,1005.7,72.90096632227306
2024-09-08 15:00:00,28.6,1007.0,77.59711341151534
2024-09-08 18:00:00,28.6,1007.0,79.00337009946395
2024-09-08 21:00:00,28.0,1005.3,81.80996009312997
2024-09-09 00:00:00,27.6,1004.8,82.7470419948832
2024-09-09 03:00:00,28.6,1005.9,83.35683314726084
2024-09-09 06:00:00,28.8,1006.5,84.87449545917907
2024-09-09 09:00:00,31.4,1004.0,72.24352874821913
2024-09-09 12:00:00,30.8,1002.8,70.43939306440934
2024-09-09 15:00:00,28.2,1004.3,80.37983931978188
2024-09-09 18:00:00,27.8,1004.5,84.2669381064797
2024-09-09 21:00:00,27.6,1003.2,87.31379479213656
2024-09-10 00:00:00,26.8,1003.4,92.05438311051279
2024-09-10 03:00:00,26.2,1005.1,92.0202947964304
2024-09-10 06:00:00,28.2,1005.6,83.31179804309043
2024-09-10 09:00:00,31.2,1003.3,69.67698198453844
2024-09-10 12:00:00,29.6,1002.6,71.07014207384191
2024-09-10 15:00:00,28.6,1004.1,77.59711341151534
2024-09-10 18:00:00,26.8,1004.9,88.82186644716782
2024-09-10 21:00:00,26.8,1004.0,84.15931168305403
2024-09-11 00:00:00,26.8,1003.8,90.42548942576907
2024-09-11 03:00:00,27.6,1005.4,87.31379479213656
2024-09-11 06:00:00,30.4,1005.7,69.11197515651446
2024-09-11 09:00:00,30.4,1004.4,75.58532357148971
2024-09-11 12:00:00,27.8,1004.5,81.29701074620921
2024-09-11 15:00:00,28.0,1006.1,84.79181717750924
2024-09-11 18:00:00,28.0,1006.8,78.44744220055776
2024-09-11 21:00:00,27.4,1005.8,84.22401507730588
2024-09-12 00:00:00,26.6,1005.9,87.22543835052973
2024-09-12 03:00:00,25.4,1007.7,93.08530694612072
2024-09-12 06:00:00,29.6,1007.9,79.6118092261478
2024-09-12 09:00:00,30.4,1006.5,71.64060697493404
2024-09-12 12:00:00,29.6,1006.3,71.07014207384191
2024-09-12 15:00:00,28.4,1007.7,77.56787120852722
2024-09-12 18:00:00,27.8,1008.0,79.84670514036797
2024-09-12 21:00:00,27.4,1006.1,81.24686676192346
2024-09-13 00:00:00,27.0,1006.2,84.18092213796281
2024-09-13 03:00:00,28.4,1008.6,78.97572139747378
2024-09-13 06:00:00,30.8,1009.3,66.74179537984483
2024-09-13 09:00:00,31.6,1007.6,66.1056160585513
2024-09-13 21:00:00,27.8,1006.2,78.41909711972701
2024-09-14 00:00:00,25.0,1006.2,91.39891921824884
2024-09-14 03:00:00,27.6,1008.0,79.81995065848324
2024-09-14 06:00:00,30.0,1008.2,72.866865390855
2024-09-14 09:00:00,30.0,1008.2,72.866865390855
2024-09-14 12:00:00,29.8,1005.7,68.58338730413207
2024-09-14 15:00:00,27.4,1007.0,81.24686676192346
2024-09-14 18:00:00,27.0,1007.9,85.7087986323302
2024-09-14 21:00:00,26.6,1006.2,87.22543835052973
2024-09-15 00:00:00,24.4,1006.6,91.36189759637527
2024-09-15 03:00:00,25.2,1008.8,91.41120774609278
2024-09-15 06:00:00,25.4,1009.0,93.08530694612072
2024-09-15 09:00:00,27.4,1007.4,84.22401507730588
2024-09-15 12:00:00,29.2,1007.1,76.30480387190515
2024-09-15 15:00:00,25.6,1008.5,93.09525743190015
2024-09-15 18:00:00,25.2,1008.4,91.41120774609278
2024-09-15 21:00:00,25.0,1007.1,93.06534216930645
2024-09-16 00:00:00,24.8,1007.8,93.05532775865673
2024-09-16 03:00:00,26.4,1009.7,92.03168153578638
2024-09-16 06:00:00,31.0,1009.9,67.99377352527183
2024-09-16 09:00:00,31.0,1007.8,65.58856385714532
2024-09-16 12:00:00,31.0,1007.5,64.4141386029017
2024-09-16 15:00:00,27.8,1008.8,81.29701074620921
2024-09-16 18:00:00,26.6,1009.6,87.22543835052973
2024-09-16 21:00:00,25.8,1008.6,88.74313412721081
2024-09-17 00:00:00,25.4,1008.5,91.42347038708563
2024-09-17 03:00:00,26.0,1010.4,93.67255110424425
2024-09-17 06:00:00,30.4,1010.2,62.74695361986276
2024-09-17 09:00:00,31.4,1008.0,66.06520314217083
2024-09-17 12:00:00,29.8,1006.9,67.3516781237725
2024-09-17 15:00:00,27.4,1007.9,79.79314536748959
2024-09-17 18:00:00,27.0,1008.1,84.18092213796281
2024-09-17 21:00:00,26.2,1006.7,87.18984390567529
2024-09-18 00:00:00,25.6,1006.6,91.43570721258781
2024-09-18 03:00:00,26.8,1008.1,87.24318141227258
2024-09-18 06:00:00,30.0,1007.9,71.5698382304094
2024-09-18 09:00:00,31.6,1005.4,63.768916444962564
2024-09-18 12:00:00,30.0,1005.1,64.98787314987105
2024-09-18 15:00:00,28.8,1006.4,74.88236905493878
2024-09-18 18:00:00,28.2,1007.2,78.94802076163292
2024-09-18 21:00:00,27.4,1006.1,84.22401507730588
2024-09-19 00:00:00,27.0,1006.6,85.7087986323302
2024-09-19 03:00:00,28.2,1008.3,84.81254813644145
2024-09-19 06:00:00,30.2,1008.8,70.32973763313946
2024-09-19 09:00:00,31.4,1006.3,67.26247234040332
2024-09-19 12:00:00,30.6,1005.5,66.70183445693432
2024-09-19 15:00:00,28.6,1007.0,80.43187680667027
2024-09-19 18:00:00,27.6,1007.8,82.7470419948832
2024-09-19 21:00:00,26.2,1006.7,84.09422307879059
2024-09-20 00:00:00,26.2,1006.8,88.7747243479242
2024-09-20 03:00:00,28.0,1008.3,87.34888747491027
2024-09-20 06:00:00,28.8,1008.8,84.87449545917907
2024-09-20 09:00:00,31.8,1006.9,67.34108781459214
2024-09-20 12:00:00,30.0,1005.6,69.03626644470846
2024-09-20 15:00:00,28.4,1007.3,78.97572139747378
2024-09-20 18:00:00,27.0,1008.2,87.26088849314073
2024-09-20 21:00:00,27.0,1007.4,87.26088849314073
2024-09-21 00:00:00,26.4,1007.3,87.207659213301
2024-09-21 03:00:00,27.8,1009.3,85.78717977072007
2024-09-21 06:00:00,31.2,1009.8,64.45604167734498
2024-09-21 09:00:00,31.6,1007.4,63.768916444962564
2024-09-21 12:00:00,30.0,1007.4,71.5698382304094
2024-09-21 15:00:00,28.6,1008.4,76.21281246926864
2024-09-21 18:00:00,27.8,1009.4,81.29701074620921
2024-09-21 21:00:00,27.6,1007.9,81.27196286112057
2024-09-22 00:00:00,27.4,1007.8,85.74806761675889
2024-09-22 03:00:00,28.4,1009.1,83.33433758376981
2024-09-22 06:00:00,30.4,1008.8,72.93500760473812
2024-09-22 09:00:00,31.4,1006.4,63.34384135735378
2024-09-22 12:00:00,30.0,1005.1,67.39116386417841
2024-09-22 15:00:00,29.0,1006.7,76.27419595958764
2024-09-22 18:00:00,28.8,1007.3,80.45782143103412
2024-09-22 21:00:00,28.6,1005.6,81.88293095675748
2024-09-23 00:00:00,28.2,1006.1,87.36638064071765
2024-09-23 03:00:00,27.8,1008.2,94.86347768339076
2024-09-23 06:00:00,30.0,1008.1,88.03501822943302
2024-09-23 09:00:00,30.6,1004.8,81.16467826556904
2024-09-23 12:00:00,29.2,1004.2,83.42405706602797
2024-09-23 15:00:00,28.8,1006.1,86.39309843177878
2024-09-23 18:00:00,28.0,1006.6,95.42918067606378
2024-09-23 21:00:00,27.6,1004.6,95.41595470562915
2024-09-24 00:00:00,25.6,1004.5,94.78110774663195
2024-09-24 03:00:00,26.2,1006.2,94.80376584735212
2024-09-24 06:00:00,27.0,1006.9,93.71791865005993
2024-09-24 09:00:00,29.8,1003.3,81.06459831337503
2024-09-24 12:00:00,28.4,1002.9,81.85865421535438
2024-09-24 15:00:00,27.2,1004.7,88.85313336738866
2024-09-24 18:00:00,27.2,1004.9,90.45250000428203
2024-09-24 21:00:00,25.8,1003.4,91.99744908137737
2024-09-25 00:00:00,26.2,1003.0,90.38476214988123
2024-09-25 03:00:00,27.0,1004.7,93.71791865005993
2024-09-25 06:00:00,30.2,1005.3,81.1147334710309
2024-09-25 09:00:00,28.4,1002.3,87.90192756472376
2024-09-25 12:00:00,27.8,1002.1,93.7538663078413
2024-09-25 15:00:00,26.8,1004.5,95.38933139322062
2024-09-25 18:00:00,26.4,1004.1,94.81128607168019
2024-09-25 21:00:00,26.2,1001.8,94.80376584735212
2024-09-26 00:00:00,26.0,1001.8,96.503856108436
2024-09-26 03:00:00,26.8,1003.4,96.52421418955653
2024-09-26 06:00:00,27.8,1004.4,92.11072068322818
2024-09-26 09:00:00,28.4,1001.9,83.33433758376981
2024-09-26 12:00:00,27.4,1001.6,85.74806761675889
2024-09-26 15:00:00,26.0,1003.9,93.67255110424425
2024-09-26 18:00:00,26.4,1003.7,93.69075623120435
2024-09-26 21:00:00,25.6,1001.9,93.09525743190015
2024-09-27 00:00:00,25.2,1002.4,94.76592069291524
2024-09-27 03:00:00,26.4,1004.8,94.81128607168019
2024-09-27 06:00:00,26.0,1005.8,96.503856108436
2024-09-27 09:00:00,26.8,1003.0,92.05438311051279
2024-09-27 12:00:00,26.4,1003.7,92.03168153578638
2024-09-27 15:00:00,26.4,1005.8,93.69075623120435
2024-09-27 18:00:00,25.8,1007.0,91.99744908137737
2024-09-27 21:00:00,26.2,1005.4,93.68166338882529
2024-09-28 00:00:00,25.8,1005.5,93.10518672866101
2024-09-28 03:00:00,25.8,1008.2,94.78867673105134
2024-09-28 06:00:00,27.4,1008.8,92.08825670296545
2024-09-28 09:00:00,26.0,1007.1,92.00888400052642
2024-09-28 12:00:00,27.2,1007.3,85.72845277885752
2024-09-28 15:00:00,26.4,1009.0,92.03168153578638
2024-09-28 18:00:00,26.4,1009.9,93.69075623120435
2024-09-28 21:00:00,26.0,1008.8,94.79622941585653
2024-09-29 03:00:00,26.6,1010.9,94.8187901348208
2024-09-29 06:00:00,30.2,1011.2,76.91200889831605
2024-09-29 09:00:00,31.0,1008.9,72.1742265807024
2024-09-29 12:00:00,29.6,1008.7,76.82235153000387
2024-09-29 15:00:00,26.8,1010.9,88.82186644716782
2024-09-29 18:00:00,26.4,1011.1,90.39836619855579
2024-09-29 21:00:00,25.8,1009.4,93.10518672866101
2024-09-30 00:00:00,25.6,1009.9,93.09525743190015
2024-09-30 03:00:00,27.6,1012.3,88.88427217188078
2024-09-30 06:00:00,31.4,1011.4,72.24352874821913
2024-09-30 09:00:00,31.8,1008.4,67.34108781459214
2024-09-30 12:00:00,30.4,1007.5,74.24982249791255
2024-09-30 15:00:00,28.8,1009.2,84.87449545917907
2024-09-30 18:00:00,27.6,1009.5,88.88427217188078
2024-09-30 21:00:00,26.8,1008.0,90.42548942576907
2024-10-01 00:00:00,26.6,1007.3,92.04304428506519
2024-10-01 03:00:00,27.8,1009.3,90.49280598950578
2024-10-01 06:00:00,32.6,1008.4,70.34917736761386
2024-10-01 09:00:00,32.8,1006.1,71.63823581141993
2024-10-01 12:00:00,31.4,1005.1,77.54420157006253
2024-10-01 15:00:00,29.8,1008.1,86.48603151527291
2024-10-01 18:00:00,29.2,1008.6,87.96874224697314
2024-10-01 21:00:00,28.6,1007.2,90.54615869442738
2024-10-02 00:00:00,28.4,1007.4,92.14424033203443
2024-10-02 03:00:00,29.2,1009.3,89.53097661456914
2024-10-02 06:00:00,32.2,1009.3,73.6706835261597
2024-10-02 09:00:00,33.2,1007.4,68.41626758283552
2024-10-02 12:00:00,31.2,1007.5,76.157651318818
2024-10-02 15:00:00,29.8,1009.4,81.06459831337503
2024-10-02 18:00:00,29.4,1009.8,84.9360766224706
2024-10-02 21:00:00,29.0,1008.5,84.89506306062921
2024-10-03 00:00:00,28.2,1008.5,87.36638064071765
2024-10-03 03:00:00,29.0,1010.5,84.89506306062921
2024-10-03 06:00:00,32.4,1010.4,63.9379440059793
2024-10-03 09:00:00,32.4,1007.6,66.6618617053601
2024-10-03 12:00:00,31.4,1006.8,69.71409411644107
2024-10-03 15:00:00,29.2,1009.1,81.95548127118022
2024-10-03 18:00:00,28.2,1009.1,84.81254813644145
2024-10-03 21:00:00,27.4,1007.7,87.29619508920601
2024-10-04 00:00:00,27.0,1008.2,88.83751596451742
2024-10-04 03:00:00,28.0,1010.3,87.34888747491027
2024-10-04 06:00:00,31.8,1010.6,63.81127171847181
2024-10-04 09:00:00,32.4,1008.3,65.48228630790443
2024-10-04 12:00:00,31.0,1007.5,67.99377352527183
2024-10-04 15:00:00,29.2,1009.0,76.30480387190515
2024-10-04 18:00:00,28.2,1009.9,81.83433063230953
2024-10-04 21:00:00,26.8,1008.6,85.68910507577876
2024-10-05 00:00:00,26.8,1008.8,88.82186644716782
2024-10-05 03:00:00,27.8,1011.0,84.2669381064797
2024-10-05 06:00:00,31.8,1010.3,66.14596424716504
2024-10-05 09:00:00,32.4,1007.9,61.68118591242464
2024-10-05 12:00:00,30.4,1007.6,63.899688803812836
2024-10-05 15:00:00,28.8,1009.3,76.24353220041739
2024-10-05 18:00:00,28.0,1009.7,81.80996009312997
2024-10-05 21:00:00,27.0,1009.4,84.18092213796281
2024-10-06 00:00:00,26.6,1008.7,87.22543835052973
2024-10-06 03:00:00,27.8,1010.8,85.78717977072007
2024-10-06 06:00:00,33.2,1010.2,63.34828851792842
2024-10-06 09:00:00,33.2,1007.4,67.21631066718778
2024-10-06 12:00:00,31.2,1006.9,73.50477620307173
2024-10-06 15:00:00,28.2,1009.4,77.5385748300523
2024-10-06 18:00:00,27.6,1009.8,88.88427217188078
2024-10-06 21:00:00,27.6,1009.3,87.31379479213656
2024-10-07 00:00:00,27.0,1009.1,88.83751596451742
2024-10-07 03:00:00,28.2,1011.2,86.33689076158295
2024-10-07 06:00:00,34.0,1011.0,59.50158303199722
2024-10-07 09:00:00,35.2,1008.3,54.02524542945505
2024-10-07 12:00:00,33.4,1007.4,60.08005109311657
2024-10-07 15:00:00,30.2,1009.4,71.60525312499601
2024-10-07 18:00:00,28.8,1010.2,81.90716097068722
2024-10-07 21:00:00,28.4,1009.7,83.33433758376981
2024-10-08 00:00:00,28.0,1009.7,85.80667728802291
2024-10-08 03:00:00,29.6,1012.0,78.20620296447258
2024-10-08 06:00:00,35.0,1011.5,56.95764470575925
2024-10-08 09:00:00,34.8,1008.7,53.604715254024796
2024-10-08 12:00:00,31.6,1007.9,77.57315316138988
2024-10-08 15:00:00,30.0,1009.6,75.5227593496699
2024-10-08 18:00:00,28.8,1009.2,83.37928484286573
2024-10-08 21:00:00,28.2,1007.5,84.81254813644145
2024-10-09 00:00:00,27.6,1007.7,85.767643247121
2024-10-09 03:00:00,27.8,1009.8,87.33135888966177
2024-10-09 06:00:00,30.4,1010.2,76.94178563223718
2024-10-09 09:00:00,30.2,1007.2,76.91200889831605
2024-10-09 12:00:00,26.6,1007.6,93.69982968596882
2024-10-09 15:00:00,25.8,1008.5,90.35746879655075
2024-10-09 18:00:00,25.4,1008.3,90.33006125111788
2024-10-09 21:00:00,25.2,1006.1,89.77318651955946
2024-10-10 00:00:00,25.8,1005.6,88.74313412721081
2024-10-10 03:00:00,27.2,1007.6,87.27855968744687
2024-10-10 06:00:00,30.0,1008.5,78.26294962837345
2024-10-10 09:00:00,32.0,1005.1,71.07626571001893
2024-10-10 12:00:00,29.8,1005.1,76.85229197010862
2024-10-10 15:00:00,29.0,1006.3,80.48371679996085
2024-10-10 18:00:00,25.4,1007.3,91.42347038708563
2024-10-10 21:00:00,25.4,1005.4,93.08530694612072
2024-10-11 00:00:00,25.2,1005.1,91.41120774609278
2024-10-11 03:00:00,26.4,1007.5,90.39836619855579
2024-10-11 06:00:00,32.0,1007.3,67.38029965170892
2024-10-11 09:00:00,33.6,1004.6,63.81035576931347
2024-10-11 12:00:00,31.2,1004.9,72.20890765279174
2024-10-11 15:00:00,29.4,1007.3,81.97957178446406
2024-10-11 18:00:00,26.4,1008.0,90.39836619855579
2024-10-11 21:00:00,26.4,1006.4,93.69075623120435
2024-10-12 00:00:00,26.4,1006.4,94.81128607168019
2024-10-12 03:00:00,27.6,1008.7,88.88427217188078
2024-10-12 06:00:00,31.6,1008.4,72.27808999036708
2024-10-12 09:00:00,31.2,1006.2,72.20890765279174
2024-10-12 12:00:00,30.0,1006.1,78.26294962837345
2024-10-12 15:00:00,28.4,1008.9,86.35566419509173
2024-10-12 18:00:00,28.0,1009.2,88.91528354225218
2024-10-12 21:00:00,28.2,1007.7,88.93074165144274
2024-10-13 00:00:00,27.4,1007.7,90.46596324112937
2024-10-13 03:00:00,29.0,1010.1,84.89506306062921
2024-10-13 06:00:00,32.0,1009.1,71.07626571001893
2024-10-13 09:00:00,32.4,1006.7,67.85998060995067
2024-10-13 12:00:00,30.0,1005.8,72.866865390855
2024-10-13 15:00:00,28.8,1009.2,73.54252536250394
2024-10-13 18:00:00,26.4,1010.1,82.60642273476351
2024-10-13 21:00:00,26.2,1009.8,90.38476214988123
2024-10-14 00:00:00,26.2,1009.1,92.0202947964304
2024-10-14 03:00:00,27.6,1009.9,88.88427217188078
2024-10-14 06:00:00,33.0,1009.3,66.78088716309055
2024-10-14 09:00:00,33.6,1007.1,67.29450442917697
2024-10-14 12:00:00,30.6,1006.9,72.96898936310727
2024-10-14 15:00:00,27.2,1010.3,79.76628914637874
2024-10-14 18:00:00,26.6,1010.4,84.13765842724912
2024-10-14 21:00:00,26.4,1008.7,85.64959932544602
2024-10-15 00:00:00,25.8,1007.9,87.15410439808417
2024-10-15 03:00:00,27.2,1010.5,85.72845277885752
2024-10-15 06:00:00,30.8,1010.3,75.64766286638326
2024-10-15 09:00:00,31.8,1007.9,68.55505992605102
2024-10-15 12:00:00,30.8,1007.3,74.31499881924898
2024-10-15 15:00:00,28.2,1009.4,83.31179804309043
2024-10-15 18:00:00,26.8,1009.8,85.68910507577876
2024-10-15 21:00:00,26.6,1008.3,88.80618472944694
2024-10-16 00:00:00,26.4,1008.3,90.39836619855579
2024-10-16 03:00:00,28.0,1009.1,87.34888747491027
2024-10-16 06:00:00,30.4,1010.3,75.58532357148971
2024-10-16 09:00:00,32.2,1007.0,72.80896276194781
2024-10-16 12:00:00,31.0,1006.7,74.7889561009917
2024-10-16 15:00:00,29.4,1008.5,83.4463778105949
2024-10-16 18:00:00,28.2,1008.8,88.93074165144274
2024-10-16 21:00:00,27.8,1007.0,88.89979374390309
2024-10-17 00:00:00,27.0,1007.2,90.43900875787912
2024-10-17 03:00:00,28.4,1009.5,90.53286192976505
2024-10-17 06:00:00,30.4,1009.5,78.31948639832048
2024-10-17 09:00:00,31.6,1005.9,76.21857827105511
2024-10-17 12:00:00,31.2,1005.2,77.51519693628545
2024-10-17 15:00:00,30.0,1007.1,83.5130798716472
2024-10-17 18:00:00,29.6,1006.9,86.46751908713752
2024-10-17 21:00:00,28.4,1005.6,88.94616815571688
2024-10-18 00:00:00,27.8,1007.5,88.89979374390309
2024-10-18 03:00:00,29.2,1008.2,84.91559008084812
2024-10-18 06:00:00,33.4,1008.3,61.166394066179166
2024-10-18 09:00:00,33.8,1006.2,64.9948432310438
2024-10-18 12:00:00,31.4,1006.0,72.24352874821913
2024-10-18 15:00:00,29.0,1009.4,73.57607488115697
2024-10-18 18:00:00,28.0,1009.9,88.91528354225218
2024-10-18 21:00:00,26.8,1008.8,88.82186644716782
2024-10-19 00:00:00,26.4,1008.4,90.39836619855579
2024-10-19 03:00:00,27.4,1010.4,90.46596324112937
2024-10-19 06:00:00,31.8,1011.0,73.60449518826249
2024-10-19 09:00:00,31.8,1008.9,68.55505992605102
2024-10-19 12:00:00,30.6,1007.9,75.61652127297627
2024-10-19 15:00:00,25.8,1012.1,84.05061522100549
2024-10-19 18:00:00,24.6,1011.1,91.37426421535667
2024-10-19 21:00:00,25.0,1009.7,91.39891921824884
2024-10-20 00:00:00,25.2,1009.9,93.07533521182425
2024-10-20 03:00:00,27.0,1011.9,88.83751596451742
2024-10-20 06:00:00,31.8,1012.0,69.78813164326573
2024-10-20 09:00:00,33.4,1008.9,63.76827162149033
2024-10-20 12:00:00,31.0,1008.5,69.22506422320274
2024-10-20 15:00:00,27.0,1012.7,76.8936310454662
2024-10-20 18:00:00,25.8,1011.1,85.59004257177266
2024-10-20 21:00:00,25.0,1010.8,89.75868022431183
2024-10-21 00:00:00,25.0,1010.1,89.75868022431183
2024-10-21 03:00:00,26.6,1012.0,85.66937200749226
2024-10-21 06:00:00,33.6,1011.7,60.48499185110832
2024-10-21 09:00:00,33.2,1008.3,62.22651784699078
2024-10-21 12:00:00,32.4,1008.0,61.68118591242464
2024-10-21 15:00:00,29.0,1010.9,81.9313443709877
2024-10-21 18:00:00,28.0,1011.1,87.34888747491027
2024-10-21 21:00:00,27.2,1009.8,83.69914565750621
2024-10-22 00:00:00,27.2,1010.4,84.20248990010974
2024-10-22 03:00:00,28.4,1012.4,86.35566419509173
2024-10-22 06:00:00,33.8,1011.2,59.45619966284473
2024-10-22 09:00:00,34.0,1008.7,63.89432970526357
2024-10-22 12:00:00,31.8,1008.5,68.55505992605102
2024-10-22 15:00:00,30.0,1010.5,76.88217771852533
2024-10-22 18:00:00,28.2,1011.0,83.31179804309043
2024-10-22 21:00:00,28.0,1009.9,81.80996009312997
2024-10-23 00:00:00,26.6,1010.4,87.22543835052973
2024-10-23 03:00:00,28.6,1012.3,81.88293095675748
2024-10-23 06:00:00,33.4,1010.9,60.08005109311657
2024-10-23 09:00:00,35.0,1008.0,52.695904978436104
2024-10-23 12:00:00,32.2,1007.9,63.89578539017188
2024-10-23 15:00:00,30.2,1009.4,76.91200889831605
2024-10-23 18:00:00,28.2,1010.3,80.37983931978188
2024-10-23 21:00:00,27.0,1008.9,85.7087986323302
2024-10-24 00:00:00,26.4,1009.2,84.11596226208941
2024-10-24 03:00:00,27.8,1011.7,81.29701074620921
2024-10-24 06:00:00,33.8,1011.5,51.765014611076786
2024-10-24 09:00:00,34.8,1008.4,55.567469839769586
2024-10-24 12:00:00,32.6,1007.9,57.422989250564385
2024-10-24 15:00:00,29.4,1000.9,76.33535606218936
2024-10-24 18:00:00,27.4,1010.3,82.72371961951407
2024-10-24 21:00:00,26.2,1008.6,87.18984390567529
2024-10-25 00:00:00,25.2,1008.9,86.57407445208088
2024-10-25 03:00:00,27.4,1011.4,85.74806761675889
2024-10-25 06:00:00,33.6,1010.9,50.46945953917431
2024-10-25 09:00:00,34.4,1008.4,53.18487560759012
2024-10-25 12:00:00,32.4,1008.2,62.800694130044874
2024-10-25 15:00:00,29.0,1010.3,81.9313443709877
2024-10-25 18:00:00,26.0,1010.9,84.07244076824206
2024-10-25 21:00:00,24.0,1010.1,86.46120985687485
2024-10-26 00:00:00,22.6,1010.3,89.58222014288508
2024-10-26 03:00:00,24.4,1012.3,84.9292101215455
2024-10-26 06:00:00,33.0,1011.4,44.74625811198047
2024-10-26 09:00:00,34.6,1008.0,48.317466168278045
2024-10-26 12:00:00,31.6,1008.0,55.46769384647515
2024-10-26 15:00:00,27.8,1010.2,75.63076994448524
2024-10-26 18:00:00,25.6,1010.5,82.01145278638
2024-10-27 00:00:00,23.8,1009.3,81.28712563035198
2024-10-27 03:00:00,25.0,1011.3,88.14427552074832
2024-10-27 06:00:00,33.0,1010.8,56.48476343652975
2024-10-27 09:00:00,33.8,1007.2,52.715998685959256
2024-10-27 12:00:00,31.8,1006.7,60.080164319513116
2024-10-27 15:00:00,28.4,1008.1,77.56787120852722
2024-10-27 18:00:00,26.6,1007.9,84.13765842724912
2024-10-27 21:00:00,25.6,1006.4,87.13618000678832
2024-10-28 00:00:00,25.0,1007.0,88.14427552074832
2024-10-28 03:00:00,26.4,1009.3,92.03168153578638
2024-10-28 06:00:00,33.4,1008.6,60.08005109311657
2024-10-28 09:00:00,33.2,1005.6,60.03499793790983
2024-10-28 12:00:00,31.2,1005.9,72.20890765279174
2024-10-28 15:00:00,29.0,1007.8,81.9313443709877
2024-10-28 18:00:00,27.6,1008.5,87.31379479213656
2024-10-28 21:00:00,27.0,1007.3,87.26088849314073
2024-10-29 00:00:00,26.8,1007.8,87.24318141227258
2024-10-29 03:00:00,28.4,1010.4,87.90192756472376
2024-10-29 06:00:00,32.6,1010.0,66.70160074556692
2024-10-29 09:00:00,32.4,1007.8,70.31283604150148
2024-10-29 12:00:00,31.0,1007.6,74.7889561009917
2024-10-29 15:00:00,30.2,1009.3,79.69205742002245
2024-10-29 18:00:00,28.8,1009.2,84.87449545917907
2024-10-29 21:00:00,27.2,1007.9,87.27855968744687
2024-10-30 00:00:00,26.2,1008.4,92.0202947964304
2024-10-30 03:00:00,27.0,1010.6,90.43900875787912
2024-10-30 06:00:00,33.0,1010.3,55.468825283877344
2024-10-30 09:00:00,34.6,1008.3,59.992245908871396
2024-10-30 12:00:00,31.4,1008.2,76.18814229624397
2024-10-30 15:00:00,30.0,1010.0,81.08968974474207
2024-10-30 18:00:00,28.2,1010.3,86.33689076158295
2024-10-30 21:00:00,27.6,1009.3,85.767643247121
2024-10-31 00:00:00,26.6,1009.3,88.80618472944694
2024-10-31 03:00:00,27.4,1011.3,84.22401507730588
2024-10-31 06:00:00,33.2,1011.3,57.911321754346524
2024-10-31 09:00:00,34.8,1008.6,54.57837119757018
2024-10-31 12:00:00,32.8,1008.1,62.13958951433999
2024-10-31 15:00:00,30.2,1010.1,70.32973763313946
2024-10-31 18:00:00,27.6,1010.6,82.7470419948832
2024-10-31 21:00:00,25.6,1009.6,83.520391036621
2024-11-01 00:00:00,24.6,1010.3,81.88902089566457
2024-11-01 03:00:00,26.2,1013.1,82.58282556083142
2024-11-01 06:00:00,34.0,1013.0,59.50158303199722
2024-11-01 09:00:00,33.0,1010.5,70.42167655411042
2024-11-01 12:00:00,31.4,1010.0,74.85285642920122
2024-11-01 15:00:00,29.2,1012.4,83.42405706602797
2024-11-01 18:00:00,27.6,1012.6,85.767643247121
2024-11-01 21:00:00,27.0,1011.2,85.7087986323302
2024-11-02 00:00:00,26.6,1011.1,88.80618472944694
2024-11-02 03:00:00,27.6,1013.1,87.31379479213656
2024-11-02 06:00:00,33.6,1013.0,47.17954352157042
2024-11-02 09:00:00,36.0,1010.5,39.796368664073576
2024-11-02 12:00:00,33.4,1009.7,51.35032689190111
2024-11-02 15:00:00,29.2,1011.4,65.61635596786235
2024-11-02 18:00:00,26.4,1012.4,81.1206589392812
2024-11-02 21:00:00,24.8,1011.0,83.42994899232998
2024-11-03 00:00:00,23.6,1010.9,86.42328080854222
2024-11-03 03:00:00,25.0,1013.1,78.98125580461064
2024-11-03 06:00:00,33.8,1013.3,51.765014611076786
2024-11-03 09:00:00,35.4,1010.0,48.81898414197936
2024-11-03 12:00:00,31.8,1010.1,63.81127171847181
2024-11-03 15:00:00,29.2,1011.8,72.29347307388345
2024-11-03 18:00:00,26.2,1012.1,82.58282556083142
2024-11-03 21:00:00,25.4,1010.8,85.03296693933086
2024-11-04 00:00:00,24.6,1010.3,84.95004486909127
2024-11-04 03:00:00,26.2,1012.0,76.30487547759344
2024-11-04 06:00:00,33.2,1012.2,49.14728523903349
2024-11-04 09:00:00,34.2,1009.0,39.80263123545171
2024-11-04 12:00:00,32.0,1008.6,54.55620730373795
2024-11-04 15:00:00,29.6,1010.8,71.07014207384191
2024-11-04 18:00:00,27.0,1011.5,79.73938187381316
2024-11-04 21:00:00,25.8,1010.6,79.09289790144875
2024-11-05 00:00:00,24.0,1010.8,83.33878752130364
2024-11-05 03:00:00,25.6,1012.9,79.0650667975322
2024-11-05 06:00:00,33.6,1012.7,45.18526212708318
2024-11-05 09:00:00,35.6,1009.7,41.44373316515145
2024-11-05 12:00:00,32.4,1009.6,59.49445671738769
2024-11-05 15:00:00,28.4,1011.8,70.42408506037569
2024-11-05 18:00:00,25.8,1012.4,80.55257262849392
2024-11-05 21:00:00,24.6,1011.7,83.4072263549273
2024-11-06 00:00:00,23.8,1011.8,84.86645400274385
2024-11-06 03:00:00,26.0,1014.3,76.27392919082712
2024-11-06 06:00:00,33.6,1013.8,45.18526212708318
2024-11-06 09:00:00,35.8,1011.0,35.080461893689936
2024-11-06 12:00:00,32.6,1010.1,51.77843588862952
2024-11-06 15:00:00,30.0,1011.9,64.98787314987105
2024-11-06 18:00:00,24.8,1012.4,80.42146721617324
2024-11-06 21:00:00,23.2,1011.1,81.21067682976118
2024-11-07 00:00:00,21.6,1011.4,80.49756918337606
2024-11-07 03:00:00,22.8,1014.0,84.23807515262574
2024-11-07 06:00:00,33.6,1013.6,42.20065213667368
2024-11-07 09:00:00,35.8,1010.3,36.88410913604144
2024-11-07 12:00:00,31.8,1010.1,47.586079386321714
2024-11-07 15:00:00,28.0,1012.4,67.40516935791447
2024-11-07 18:00:00,25.0,1012.5,80.44778939452424
2024-11-07 21:00:00,23.6,1011.3,78.29628816720248
2024-11-08 00:00:00,23.2,1011.4,73.03601654966685
2024-11-08 03:00:00,25.2,1013.8,66.84248971294873
2024-11-08 06:00:00,32.8,1013.1,45.53477219050725
2024-11-08 09:00:00,35.0,1009.8,35.08323569099895
2024-11-08 12:00:00,31.4,1009.7,57.48913124065053
2024-11-08 15:00:00,27.8,1011.9,70.31342310046378
2024-11-08 18:00:00,24.8,1012.4,78.46904480661803
2024-11-08 21:00:00,23.4,1011.1,76.34132933055753
2024-11-09 00:00:00,23.0,1011.6,73.00116957092115
2024-11-09 03:00:00,23.6,1014.1,78.29628816720248
2024-11-09 06:00:00,32.8,1013.1,42.24804823188427
2024-11-09 09:00:00,35.2,1010.2,50.224164798128676
2024-11-09 12:00:00,31.4,1010.0,58.20028136437309
2024-11-09 15:00:00,28.0,1011.7,66.1763979306175
2024-11-09 18:00:00,25.0,1012.2,75.65014160748107
2024-11-09 21:00:00,23.8,1011.3,73.5987618697542
2024-11-10 00:00:00,24.2,1011.7,60.20575079871314
2024-11-10 03:00:00,24.6,1014.2,64.65181927102982
2024-11-10 06:00:00,32.8,1013.6,36.29350526984933
2024-11-10 09:00:00,34.8,1010.5,37.77973372953484
2024-11-10 12:00:00,30.6,1010.3,51.67202613840909
2024-11-10 15:00:00,27.0,1012.0,65.56431854728334
2024-11-10 18:00:00,24.2,1012.6,76.94107668815431
2024-11-10 21:00:00,23.4,1011.3,74.9242703691049
2024-11-11 00:00:00,22.0,1011.9,67.46743848720216
2024-11-11 03:00:00,24.6,1014.2,63.438007568137486
2024-11-11 06:00:00,33.0,1013.3,40.483213547994986
2024-11-11 09:00:00,34.2,1009.8,39.06156806619288
2024-11-11 12:00:00,30.8,1009.6,50.060346676804734
2024-11-11 15:00:00,28.2,1011.6,65.0091901629649
2024-11-11 18:00:00,24.8,1012.2,77.03212588839541
2024-11-11 21:00:00,24.2,1010.7,75.05484782499553
2024-11-12 00:00:00,24.0,1010.9,67.44315945194963
2024-11-12 03:00:00,24.6,1013.4,66.30194413180494
2024-11-12 06:00:00,32.2,1012.8,39.75715510944213
2024-11-12 09:00:00,34.4,1009.5,32.76282332820584
2024-11-12 12:00:00,31.4,1008.6,55.08058002977347
2024-11-12 15:00:00,27.6,1010.5,56.58013366480121
2024-11-12 18:00:00,23.4,1010.2,77.78185620897757
2024-11-12 21:00:00,22.0,1008.8,75.64284085753373
2024-11-13 00:00:00,22.8,1009.0,65.09159530734026
2024-11-13 03:00:00,23.0,1011.5,74.39041066627999
2024-11-13 06:00:00,32.4,1011.1,41.875071945174035
2024-11-13 09:00:00,35.8,1007.8,36.88410913604144
2024-11-13 12:00:00,32.0,1007.7,52.14463924697796
2024-11-13 15:00:00,28.0,1009.7,67.40516935791447
2024-11-13 18:00:00,24.6,1010.2,78.44038822062748
2024-11-13 21:00:00,22.6,1009.2,82.66238212842283
2024-11-14 00:00:00,20.8,1009.5,83.49059767012783
2024-11-14 03:00:00,22.4,1012.1,75.7070072653873
2024-11-14 06:00:00,33.2,1012.0,41.82966122972637
2024-11-14 09:00:00,36.0,1009.6,35.35609420207959
2024-11-14 12:00:00,32.4,1008.9,49.24307764278141
2024-11-14 15:00:00,26.8,1010.8,70.99479528301373
2024-11-14 18:00:00,24.8,1011.8,72.40765139233008
2024-11-14 21:00:00,24.2,1010.7,73.66692388726497
2024-11-15 00:00:00,24.0,1010.4,73.63287364526842
2024-11-15 03:00:00,25.6,1012.9,76.21186522133068
2024-11-15 06:00:00,31.0,1013.6,56.00535491373798
2024-11-15 09:00:00,33.0,1010.6,55.468825283877344
2024-11-15 12:00:00,30.8,1010.1,64.3721697153576
2024-11-15 15:00:00,27.8,1011.7,78.41909711972701
2024-11-15 18:00:00,27.0,1012.0,81.19652945190819
2024-11-15 21:00:00,25.8,1010.6,82.03579612571595
2024-11-16 00:00:00,24.6,1010.2,84.95004486909127
2024-11-16 03:00:00,26.0,1012.4,80.57864267765963
2024-11-16 06:00:00,30.4,1012.3,62.74695361986276
2024-11-16 09:00:00,34.4,1008.9,49.15636027363035
2024-11-16 12:00:00,31.0,1008.5,64.4141386029017
2024-11-16 15:00:00,28.2,1010.7,72.99821296932988
2024-11-16 18:00:00,26.8,1011.0,82.65347894376836
2024-11-16 21:00:00,27.0,1009.7,84.18092213796281
2024-11-17 00:00:00,26.4,1009.4,81.1206589392812
2024-11-17 03:00:00,27.0,1011.1,79.73938187381316
2024-11-17 06:00:00,32.8,1011.8,49.65105863118352
2024-11-17 09:00:00,35.4,1008.9,38.41976229946802
2024-11-17 12:00:00,31.2,1008.7,59.58083797061803
2024-11-17 15:00:00,28.4,1010.3,73.03240199762554
2024-11-17 18:00:00,25.6,1011.5,80.52645239736388
2024-11-22 00:00:00,20.0,1010.9,84.99533007192596
2024-11-22 03:00:00,23.2,1013.0,69.88593045135374
2024-11-22 06:00:00,30.8,1012.5,44.434536966576495
2024-11-22 09:00:00,33.2,1009.4,41.82966122972637
2024-11-22 12:00:00,29.8,1009.4,58.53467634002081
2024-11-22 15:00:00,27.0,1011.4,72.34810781589086
2024-11-22 18:00:00,23.0,1011.8,79.19032580005634
2024-11-22 21:00:00,21.6,1011.0,85.69563499959355
2024-11-23 00:00:00,20.8,1011.5,85.0794567259643
2024-11-23 03:00:00,21.6,1013.8,87.31142912839378
2024-11-23 06:00:00,30.8,1013.6,48.826621362604996
2024-11-23 09:00:00,32.4,1010.7,44.03144254531665
2024-11-23 12:00:00,29.0,1010.8,54.151080144894756
2024-11-23 15:00:00,25.0,1012.4,71.10528271258221
2024-11-23 18:00:00,22.8,1012.7,84.23807515262574
2024-11-23 21:00:00,21.6,1011.9,85.69563499959355
2024-11-24 00:00:00,21.0,1012.1,83.51354068299872
2024-11-24 03:00:00,22.8,1014.0,82.68619873809317
2024-11-24 06:00:00,30.4,1013.8,48.417392184797706
2024-11-24 09:00:00,33.0,1010.9,37.524246972641585
2024-11-24 12:00:00,29.8,1010.4,48.870951120558274
2024-11-24 15:00:00,26.2,1012.6,69.15523439911932
2024-11-24 18:00:00,23.0,1013.0,82.70996817603475
2024-11-24 21:00:00,21.6,1011.7,84.10614279932157
2024-11-25 00:00:00,20.4,1011.5,87.20286371169097
2024-11-25 03:00:00,23.2,1013.8,65.17668373106751
2024-11-25 06:00:00,30.4,1013.6,39.514678436018755
2024-11-25 09:00:00,32.6,1010.3,31.237941987563623
2024-11-25 12:00:00,29.6,1009.4,50.06252402144553
2024-11-25 15:00:00,25.2,1012.1,71.1418217419436
2024-11-25 18:00:00,21.4,1012.3,78.46820659148995
2024-11-25 21:00:00,19.0,1011.5,77.11756813613941
2024-11-26 00:00:00,18.0,1011.7,78.47368296970863
2024-11-26 03:00:00,21.0,1013.8,71.72616194024727
2024-11-26 06:00:00,30.4,1013.3,35.39840013501242
2024-11-26 09:00:00,32.8,1010.0,29.70130990194468
2024-11-26 12:00:00,30.0,1009.4,41.218389755870184
2024-11-26 15:00:00,25.2,1012.1,63.97031676021959
2024-11-26 18:00:00,20.6,1011.8,71.19447449796581
2024-11-27 00:00:00,19.8,1010.4,61.95921539888884
2024-11-27 03:00:00,21.6,1013.1,60.77061822191757
2024-11-27 06:00:00,30.6,1012.6,38.81441450611498
2024-11-27 09:00:00,32.6,1008.7,26.677619588896867
2024-11-27 12:00:00,29.6,1008.8,41.90837816982436
2024-11-27 15:00:00,25.4,1011.3,62.81713542633776
2024-11-27 18:00:00,21.4,1011.4,66.91376191861946
2024-11-27 21:00:00,22.0,1009.7,52.02296792971393
2024-11-28 00:00:00,20.6,1010.5,58.19926758382522
2024-11-28 03:00:00,22.6,1013.2,55.70877664423919
2024-11-28 06:00:00,30.6,1013.1,32.56559187447658
2024-11-28 09:00:00,33.0,1009.5,27.320584836737066
2024-11-28 12:00:00,29.6,1008.7,38.53724523303667
2024-11-28 15:00:00,23.8,1010.8,54.22424116304207
2024-11-28 18:00:00,21.4,1012.3,58.77601736607697
2024-11-28 21:00:00,19.6,1010.7,61.913379408615334
2024-11-29 00:00:00,17.6,1010.9,70.63072608460887
2024-11-29 03:00:00,21.0,1013.5,56.78422528555351
2024-11-29 06:00:00,30.0,1013.2,35.984923231294545
2024-11-29 09:00:00,32.0,1009.6,24.967454224723802
2024-11-29 12:00:00,29.2,1008.9,32.82447217649456
2024-11-29 15:00:00,24.2,1010.9,61.760459816300205
2024-11-29 18:00:00,20.0,1011.4,72.470856291407
2024-11-29 21:00:00,22.0,1009.7,54.83498138230474
2024-11-30 00:00:00,20.2,1009.7,60.84195995893303
2024-11-30 03:00:00,21.0,1011.4,52.10577333966127
2024-11-30 06:00:00,29.2,1011.4,32.82447217649456
2024-11-30 09:00:00,32.2,1007.8,29.928911054746738
2024-11-30 12:00:00,28.4,1007.7,46.38489762866087
2024-11-30 15:00:00,23.6,1009.7,62.41693601145195
2024-11-30 18:00:00,20.6,1009.8,68.055920529955
2024-11-30 21:00:00,19.4,1008.8,73.77930870906046
2024-12-02 00:00:00,21.6,1006.4,84.10614279932157
2024-12-02 03:00:00,25.4,1009.4,65.63974012452589
2024-12-02 06:00:00,31.4,1009.2,46.01865075668593
2024-12-02 09:00:00,34.8,1006.1,45.50365698828102
2024-12-02 12:00:00,32.0,1006.0,54.55620730373795
2024-12-02 15:00:00,28.4,1008.0,69.15080360685214
2024-12-02 18:00:00,26.4,1008.5,73.58514111197726
2024-12-02 21:00:00,25.8,1007.9,70.37492245088673
2024-12-03 00:00:00,26.6,1007.7,65.075572953862
2024-12-03 03:00:00,26.6,1010.1,72.27790097107153
2024-12-03 06:00:00,32.8,1010.5,55.085240732314276
2024-12-03 09:00:00,33.4,1008.3,56.921652839435055
2024-12-03 12:00:00,30.2,1007.6,61.19367991310041
2024-12-03 15:00:00,29.0,1009.3,64.38421540041374
2024-12-04 00:00:00,27.0,1008.8,73.68636116732236
2024-12-04 03:00:00,27.8,1010.9,72.92965355193031
2024-12-04 06:00:00,33.2,1010.9,53.209940667924414
2024-12-04 09:00:00,35.6,1008.3,50.064309257320595
2024-12-04 12:00:00,31.8,1008.4,62.67121379518331
2024-12-04 15:00:00,29.4,1010.4,69.76029011528094
2024-12-04 18:00:00,28.2,1011.1,74.33521026919057
2024-12-04 21:00:00,27.0,1009.8,79.73938187381316
2024-12-05 00:00:00,27.0,1009.5,81.19652945190819
2024-12-05 03:00:00,27.8,1011.9,82.77031896665545
2024-12-05 06:00:00,34.4,1012.1,55.47153939975632
2024-12-05 09:00:00,33.8,1009.1,58.050869508005654
2024-12-05 12:00:00,30.8,1009.0,65.54760808729463
2024-12-05 15:00:00,29.0,1011.2,70.96187714437761
2024-12-05 18:00:00,27.0,1011.8,82.67693820709039
2024-12-05 21:00:00,26.0,1010.5,87.17199233244091
2024-12-06 00:00:00,25.6,1010.5,87.13618000678832
2024-12-06 03:00:00,26.4,1012.3,85.64959932544602
2024-12-06 06:00:00,33.0,1012.0,58.56563201949948
2024-12-06 09:00:00,33.6,1008.6,55.949551784696496
2024-12-06 12:00:00,31.0,1008.4,58.45623591814528
2024-12-06 15:00:00,29.0,1010.3,64.38421540041374
2024-12-06 18:00:00,25.6,1011.2,77.6269764291538
2024-12-06 21:00:00,23.6,1009.8,79.76690260624395
2024-12-07 00:00:00,22.2,1010.0,85.75572174928098
2024-12-07 03:00:00,23.2,1011.9,86.38519664977352
2024-12-07 06:00:00,31.6,1012.0,46.36105984341474
2024-12-07 09:00:00,33.2,1008.9,40.79331842939581
2024-12-07 12:00:00,29.4,1009.0,41.58511230854061
2024-12-07 15:00:00,26.6,1011.0,39.22684093114987
2024-12-07 18:00:00,21.4,1011.2,61.92008126297963
2024-12-07 21:00:00,20.2,1010.2,64.11222275274461
2024-12-08 00:00:00,18.6,1009.9,73.16391793414729
2024-12-08 03:00:00,19.2,1012.9,79.15467691478646
2024-12-08 06:00:00,29.6,1013.2,31.23501300674494
2024-12-08 09:00:00,31.0,1009.9,37.21158145744114
2024-12-08 12:00:00,27.4,1009.2,43.79135513379636
2024-12-08 15:00:00,24.6,1011.2,46.86737390966147
2024-12-08 18:00:00,19.8,1012.9,67.01712979382484
2024-12-08 21:00:00,17.0,1011.0,73.84428683469146
2024-12-09 00:00:00,15.4,1011.3,78.60444584054494
2024-12-09 03:00:00,17.6,1013.4,69.70726450393234
2024-12-09 06:00:00,27.4,1012.9,31.25213165627388
2024-12-09 09:00:00,31.2,1009.5,26.481026575369913
2024-12-09 12:00:00,28.4,1009.4,44.06503931299219
2024-12-09 15:00:00,21.4,1011.6,60.3300224339597
2024-12-09 18:00:00,18.6,1011.4,69.44611108171303
2024-12-09 21:00:00,20.6,1010.3,54.84109737097047
2024-12-10 00:00:00,21.2,1010.0,45.01438021660971
2024-12-10 03:00:00,22.2,1012.0,44.98967489901452
2024-12-10 06:00:00,30.2,1012.2,33.10220369576136
2024-12-10 09:00:00,32.4,1009.7,37.838777202693656
2024-12-10 12:00:00,28.0,1009.5,53.22632223446673
2024-12-10 15:00:00,24.4,1011.6,69.24033252213863
2024-12-10 18:00:00,22.2,1012.4,75.67495386222414
2024-12-10 21:00:00,21.2,1011.0,68.1762342215557
2024-12-11 00:00:00,21.4,1010.7,66.91376191861946
2024-12-11 03:00:00,23.2,1012.8,59.20534118595157
2024-12-11 06:00:00,31.2,1013.0,39.482199010066786
2024-12-11 09:00:00,34.6,1008.5,33.88055248914352
2024-12-11 12:00:00,29.2,1010.0,63.255491800252074
2024-12-11 15:00:00,25.4,1011.7,69.86503547584091
2024-12-11 18:00:00,22.4,1011.6,80.60344588733471
2024-12-11 21:00:00,21.6,1010.5,87.31142912839378
2024-12-12 00:00:00,20.6,1010.4,85.05848941378555
2024-12-12 03:00:00,20.6,1012.8,83.46760845652952
2024-12-12 06:00:00,31.2,1013.2,44.82388081012557
2024-12-12 09:00:00,32.0,1010.4,41.50310192464845
2024-12-12 12:00:00,28.6,1009.8,48.86418183564483
2024-12-12 15:00:00,26.0,1012.1,59.11107828570813
2024-12-12 18:00:00,22.6,1012.6,69.33008235227456
2024-12-12 21:00:00,20.8,1011.1,74.96971606580898
2024-12-13 00:00:00,22.2,1011.0,65.80207905470317
2024-12-13 03:00:00,22.4,1013.6,61.35065070870822
2024-12-13 06:00:00,30.0,1013.9,38.15149167807132
2024-12-13 09:00:00,33.0,1010.6,31.756769544913187
2024-12-13 12:00:00,29.0,1009.6,46.84304212720025
2024-12-13 15:00:00,24.4,1012.2,63.39421028075536
2024-12-13 18:00:00,21.4,1013.0,69.98744152646606
2024-12-13 21:00:00,22.2,1012.0,55.246107413011515
2024-12-14 00:00:00,23.0,1011.7,44.61230382169569
2024-12-14 03:00:00,23.6,1014.4,45.3769273054145
2024-12-14 06:00:00,29.6,1014.9,34.264172309894484
2024-12-14 09:00:00,33.4,1011.3,29.67022136496883
2024-12-14 12:00:00,29.8,1010.6,43.326992520293764
2024-12-14 15:00:00,23.0,1013.2,69.84785753064332
2024-12-14 18:00:00,20.8,1013.9,66.35948323849591
2024-12-14 21:00:00,19.4,1012.8,68.70265881807667
2024-12-15 00:00:00,17.6,1012.8,72.51003291998082
2024-12-15 03:00:00,18.2,1014.9,71.209003659982
2024-12-15 06:00:00,30.2,1015.9,32.02956219546832
2024-12-15 09:00:00,34.6,1011.9,26.681352321869277
2024-12-15 12:00:00,29.8,1011.6,47.956204800317984
2024-12-15 15:00:00,22.6,1013.7,63.40269026843174
2024-12-15 18:00:00,20.0,1014.0,72.470856291407
2024-12-15 21:00:00,17.8,1012.3,74.46723613296626
2024-12-16 00:00:00,16.2,1012.3,79.2398821854657
2024-12-16 03:00:00,16.2,1014.8,81.34158287457663
2024-12-16 06:00:00,31.0,1014.5,24.37169024742522
2024-12-16 09:00:00,33.2,1010.9,29.231486479358832
2024-12-16 12:00:00,29.0,1010.1,40.15547110727159
2024-12-16 15:00:00,23.0,1011.8,60.70242277903299
2024-12-16 18:00:00,19.2,1012.6,64.73692319807121
2024-12-16 21:00:00,18.0,1011.5,70.7067670476825
2024-12-17 00:00:00,16.8,1011.8,75.7749408151138
2024-12-17 03:00:00,17.0,1013.6,85.77443221262807
2024-12-17 06:00:00,29.6,1012.8,36.34545637458602
2024-12-17 09:00:00,32.8,1009.9,36.29350526984933
2024-12-17 12:00:00,28.2,1009.4,48.44922489797436
2024-12-17 15:00:00,24.0,1011.2,61.32294249463855
2024-12-17 18:00:00,20.0,1012.2,75.80243725044951
2024-12-17 21:00:00,18.4,1011.2,80.58262590477159
2024-12-18 00:00:00,17.0,1011.0,83.58530465643025
2024-12-18 03:00:00,17.6,1012.4,83.65462891785485
2024-12-18 06:00:00,30.0,1011.9,40.17284207482451
2024-12-18 15:00:00,24.0,1010.5,73.63287364526842
2024-12-18 18:00:00,20.6,1011.1,76.38391108279227
2024-12-18 21:00:00,18.4,1010.2,82.67988796779362
2024-12-19 00:00:00,17.2,1009.6,85.79475151324434
2024-12-19 03:00:00,17.2,1011.5,89.7419745584916
2024-12-19 06:00:00,28.6,1012.0,42.998754183391995
2024-12-19 09:00:00,30.2,1009.2,43.713171949044195
2024-12-19 12:00:00,27.4,1008.5,53.75062877635818
2024-12-19 15:00:00,24.4,1010.9,78.41167733084453
2024-12-19 18:00:00,22.0,1011.5,85.73573371041086
2024-12-19 21:00:00,21.2,1010.5,88.92223841871977
2024-12-20 00:00:00,19.8,1010.4,88.81038774322853
2024-12-20 03:00:00,21.2,1012.4,92.87134485887553
2024-12-20 06:00:00,27.8,1012.4,60.6525992163582
2024-12-20 09:00:00,28.6,1009.2,53.713553895834856
2024-12-20 12:00:00,26.2,1008.8,60.66674488054539
2024-12-20 15:00:00,24.0,1010.7,75.02229317138162
2024-12-20 18:00:00,21.4,1011.1,82.00236498749985
2024-12-20 21:00:00,20.6,1009.8,85.05848941378555
2024-12-21 00:00:00,21.0,1010.0,87.25731534029728
2024-12-21 03:00:00,21.8,1012.2,88.96967283294491
2024-12-21 06:00:00,28.8,1012.1,54.10125610159533
2024-12-21 09:00:00,29.2,1009.1,55.568241906041415
2024-12-21 12:00:00,27.0,1009.7,60.09299888935582
2024-12-21 15:00:00,24.6,1011.9,78.44038822062748
2024-12-21 18:00:00,23.0,1012.4,82.70996817603475
2024-12-21 21:00:00,22.2,1011.3,85.75572174928098
2024-12-22 00:00:00,21.2,1010.8,87.27539067331128
2024-12-22 03:00:00,21.8,1012.6,88.96967283294491
2024-12-22 06:00:00,28.8,1012.7,57.58106758326406
2024-12-22 09:00:00,30.0,1010.1,51.436792688979914
2024-12-22 12:00:00,27.0,1009.8,69.73535987777385
2024-12-22 15:00:00,25.0,1011.8,75.65014160748107
2024-12-22 18:00:00,23.2,1012.0,81.21067682976118
2024-12-22 21:00:00,23.0,1011.1,85.83526762261728
2024-12-23 00:00:00,23.0,1011.0,87.97589377078442
2024-12-23 03:00:00,22.4,1012.9,87.38305999003406
2024-12-23 06:00:00,28.4,1012.9,60.0407336708837
2024-12-23 09:00:00,28.2,1010.5,59.62356658779815
2024-12-23 12:00:00,25.8,1010.3,64.50215956457721
2024-12-23 15:00:00,24.8,1012.4,60.72929795521744
2024-12-23 18:00:00,22.2,1012.6,71.03674414558692
2024-12-23 21:00:00,20.4,1011.4,79.82930712381024
2024-12-24 00:00:00,19.8,1011.1,84.97419078065248
2024-12-24 03:00:00,20.4,1013.2,87.20286371169097
2024-12-24 06:00:00,28.4,1013.2,54.68305210736864
2024-12-24 09:00:00,28.8,1010.3,49.22758668513023
2024-12-24 12:00:00,26.0,1009.7,57.63433267904622
2024-12-24 15:00:00,23.0,1013.2,69.84785753064332
2024-12-24 18:00:00,20.8,1013.6,78.38096858207
2024-12-24 21:00:00,20.0,1012.3,81.3101072483957
2024-12-25 00:00:00,19.0,1012.1,84.35046972174376
2024-12-25 03:00:00,18.8,1013.9,86.50435411788642
2024-12-25 06:00:00,28.2,1014.3,49.697414479353036
2024-12-25 09:00:00,29.4,1011.3,52.25595491573255
2024-12-25 12:00:00,26.8,1011.2,53.25972640302064
2024-12-25 15:00:00,24.4,1014.1,66.26066568163881
2024-12-25 18:00:00,23.4,1015.0,68.61214204484527
2024-12-25 21:00:00,21.2,1013.4,71.76260834841655
2024-12-26 00:00:00,20.4,1013.3,76.35240172029633
2024-12-26 03:00:00,22.0,1015.6,79.04974656784833
2024-12-26 06:00:00,28.2,1016.7,57.08066190917436
2024-12-26 09:00:00,30.0,1013.8,55.07749010874436
2024-12-26 12:00:00,27.2,1013.2,69.77298528509857
2024-12-26 15:00:00,25.0,1015.3,65.14551045571683
2024-12-26 18:00:00,22.4,1015.3,72.43681558289073
2024-12-26 21:00:00,20.4,1014.1,77.82585599299374
2024-12-27 00:00:00,19.8,1013.8,81.28433674432983
2024-12-27 03:00:00,20.2,1015.9,85.01642619925445
2024-12-27 06:00:00,29.0,1016.3,45.66475006650691
2024-12-27 09:00:00,30.2,1012.9,51.80975429231799
2024-12-27 12:00:00,26.6,1013.1,69.23176807489104
2024-12-27 15:00:00,24.4,1015.3,75.5545437025466
2024-12-27 18:00:00,24.4,1015.7,73.70091272937036
2024-12-27 21:00:00,24.0,1014.6,69.16319209999386
2024-12-28 00:00:00,22.6,1012.1,79.13425604294972
2024-12-28 03:00:00,23.2,1016.1,76.31010103455979
2024-12-28 06:00:00,29.8,1016.0,51.38560253203829
2024-12-28 09:00:00,31.2,1012.9,51.423363121411846
2024-12-28 12:00:00,27.4,1013.0,64.44152051921621
2024-12-28 15:00:00,25.2,1014.8,77.56785584692332
2024-12-28 18:00:00,23.0,1015.2,82.70996817603475
2024-12-28 21:00:00,21.2,1014.1,83.5364376134923
2024-12-29 00:00:00,20.4,1013.8,87.20286371169097
2024-12-29 03:00:00,21.2,1015.7,92.87134485887553
2024-12-29 06:00:00,30.4,1015.9,54.16202439894491
2024-12-29 09:00:00,33.0,1012.6,50.00855048668853
2024-12-29 12:00:00,29.2,1012.8,50.591568433033885
2024-12-29 15:00:00,27.4,1015.1,50.1232671132093
2024-12-29 18:00:00,23.6,1015.4,65.67702067744715
2024-12-29 21:00:00,22.2,1013.9,72.40123365463968
2024-12-30 00:00:00,21.6,1013.3,78.49717461310503
2024-12-30 03:00:00,25.0,1015.6,75.65014160748107
2024-12-30 06:00:00,31.6,1016.0,54.12510474048353
2024-12-30 09:00:00,33.6,1013.0,45.18526212708318
2024-12-30 12:00:00,29.8,1012.7,61.10417493715189
2024-12-30 15:00:00,27.0,1014.9,63.95820133697369
2024-12-30 18:00:00,24.6,1015.4,75.58646829846579
2024-12-30 21:00:00,23.0,1014.0,82.70996817603475
2024-12-31 00:00:00,22.0,1013.7,85.73573371041086
2024-12-31 03:00:00,23.0,1016.0,85.83526762261728
2024-12-31 06:00:00,31.8,1016.5,47.586079386321714
2024-12-31 09:00:00,32.2,1013.5,50.11093393474899
2024-12-31 12:00:00,29.8,1013.2,53.6783681185955
2024-12-31 15:00:00,27.0,1014.6,65.56431854728334
2024-12-31 18:00:00,24.0,1014.9,78.3540921272656
2024-12-31 21:00:00,22.8,1013.6,82.68619873809317
