time,temp_c,slp_hpa,rh_pct
2024-01-01 00:00:00,21.2,1014.1,90.59629238174392
2024-01-01 03:00:00,24.4,1016.4,75.5545437025466
2024-01-01 06:00:00,29.2,1015.7,60.59552793348259
2024-01-01 09:00:00,28.6,1013.1,61.21083045335662
2024-01-01 12:00:00,27.0,1012.9,61.230427426020874
2024-01-01 15:00:00,25.0,1015.5,74.26066874835885
2024-01-01 18:00:00,23.8,1015.1,79.7941177858265
2024-01-01 21:00:00,22.2,1013.3,87.3652077823185
2024-01-02 00:00:00,22.4,1013.2,91.23677973971499
2024-01-02 03:00:00,24.4,1015.8,79.87545001594653
2024-01-02 06:00:00,29.0,1014.4,61.67879224265577
2024-01-02 09:00:00,28.0,1012.0,62.22113735241833
2024-01-02 12:00:00,27.0,1012.5,62.77637062843983
2024-01-02 15:00:00,25.2,1014.9,75.68189058367413
2024-01-02 18:00:00,23.2,1014.5,84.2817000187918
2024-01-02 21:00:00,22.4,1012.8,89.56731388016964
2024-01-03 00:00:00,22.4,1012.4,94.6577488230315
2024-01-03 03:00:00,24.2,1015.0,88.07733960854361
2024-01-03 06:00:00,27.6,1014.6,68.9981730080908
2024-01-03 09:00:00,28.2,1012.0,63.820534212683214
2024-01-03 12:00:00,27.2,1012.0,69.77298528509857
2024-01-03 15:00:00,26.2,1013.1,76.30487547759344
2024-01-03 18:00:00,25.4,1013.1,81.98706192459
2024-01-03 21:00:00,25.0,1012.0,84.99158907366431
2024-01-04 00:00:00,24.4,1012.4,89.71497940989825
2024-01-04 03:00:00,25.6,1014.8,80.52645239736388
2024-01-04 06:00:00,29.0,1014.5,64.38421540041374
2024-01-04 09:00:00,28.8,1011.6,67.9760346463704
2024-01-04 12:00:00,24.4,1012.4,93.03523459227986
2024-01-04 15:00:00,24.2,1013.8,94.7276645424548
2024-01-04 18:00:00,24.2,1013.6,94.7276645424548
2024-01-04 21:00:00,24.6,1012.2,93.04529191975669
2024-01-05 00:00:00,24.4,1012.5,93.03523459227986
2024-01-05 03:00:00,24.8,1014.9,88.12759322404811
2024-01-05 06:00:00,28.4,1014.0,70.42408506037569
2024-01-05 09:00:00,29.4,1011.1,60.640804904992116
2024-01-05 12:00:00,27.4,1011.9,71.10383243626453
2024-01-05 15:00:00,26.6,1014.3,79.6854136873141
2024-01-05 18:00:00,26.6,1013.7,79.6854136873141
2024-01-05 21:00:00,26.4,1012.1,81.1206589392812
2024-01-06 00:00:00,25.4,1012.3,88.17753730223563
2024-01-06 03:00:00,26.0,1014.5,84.07244076824206
2024-01-06 06:00:00,27.4,1013.8,74.20346731676847
2024-01-06 09:00:00,28.6,1011.5,69.18880061124511
2024-01-06 12:00:00,27.2,1012.2,75.53609118292528
2024-01-06 15:00:00,26.2,1014.3,81.09527108176809
2024-01-06 18:00:00,26.0,1014.2,80.57864267765963
2024-01-06 21:00:00,25.4,1012.4,85.03296693933086
2024-01-07 00:00:00,25.4,1012.7,85.03296693933086
2024-01-07 03:00:00,25.0,1015.6,88.14427552074832
2024-01-07 06:00:00,25.0,1015.3,93.06534216930645
2024-01-07 09:00:00,25.6,1012.2,87.13618000678832
2024-01-07 12:00:00,25.2,1012.0,91.41120774609278
2024-01-07 15:00:00,23.6,1014.1,91.3121686462366
2024-01-07 18:00:00,23.6,1013.7,91.3121686462366
2024-01-07 21:00:00,23.6,1012.1,94.70451111903132
2024-01-08 00:00:00,24.4,1012.4,94.73534893450257
2024-01-08 03:00:00,24.6,1015.8,96.46779925124456
2024-01-08 06:00:00,25.0,1016.1,94.7583025301895
2024-01-08 09:00:00,26.0,1013.5,90.37112970835472
2024-01-08 12:00:00,26.0,1013.3,88.7589455109383
2024-01-08 15:00:00,25.8,1014.9,87.15410439808417
2024-01-08 18:00:00,25.6,1014.6,88.72729010944434
2024-01-08 21:00:00,25.0,1013.2,91.39891921824884
2024-01-09 00:00:00,24.4,1012.6,88.0941253601151
2024-01-09 03:00:00,26.4,1016.0,82.60642273476351
2024-01-09 06:00:00,28.6,1016.4,69.18880061124511
2024-01-09 09:00:00,29.4,1013.5,62.147323833199586
2024-01-09 12:00:00,27.4,1013.7,71.10383243626453
2024-01-09 15:00:00,26.0,1015.5,82.55918218789247
2024-01-09 18:00:00,26.0,1015.1,79.12067626724064
2024-01-09 21:00:00,24.6,1013.3,86.51781437617485
2024-01-10 00:00:00,23.6,1012.9,88.02677396309889
2024-01-10 03:00:00,25.2,1014.9,85.01229874539116
2024-01-10 06:00:00,29.4,1015.1,59.53202238671283
2024-01-10 09:00:00,31.0,1012.7,52.335815898202554
2024-01-10 12:00:00,27.6,1013.3,64.48394964994625
2024-01-10 15:00:00,25.8,1015.6,79.09289790144875
2024-01-10 18:00:00,25.0,1016.2,83.45262666598398
2024-01-10 21:00:00,24.6,1014.1,86.51781437617485
2024-01-11 00:00:00,23.8,1013.9,88.04366400310334
2024-01-11 03:00:00,25.6,1016.7,82.01145278638
2024-01-11 06:00:00,29.4,1016.1,58.0813190585354
2024-01-11 09:00:00,30.6,1012.9,54.547295560496046
2024-01-11 12:00:00,28.4,1013.3,60.0407336708837
2024-01-11 15:00:00,26.0,1015.1,76.27392919082712
2024-01-11 18:00:00,25.0,1015.2,84.99158907366431
2024-01-11 21:00:00,23.4,1013.7,89.64153331568741
2024-01-12 00:00:00,23.8,1013.4,93.00493307197942
2024-01-12 03:00:00,25.2,1016.3,85.01229874539116
2024-01-12 06:00:00,29.2,1016.1,61.723255448317445
2024-01-12 09:00:00,29.6,1013.0,58.4879003480961
2024-01-12 12:00:00,27.4,1013.0,64.44152051921621
2024-01-12 15:00:00,25.8,1015.5,82.03579612571595
2024-01-12 18:00:00,24.6,1015.4,91.37426421535667
2024-01-12 21:00:00,24.2,1013.8,91.34950480267452
2024-01-13 00:00:00,24.2,1014.3,94.7276645424548
2024-01-13 03:00:00,25.4,1016.3,88.17753730223563
2024-01-13 06:00:00,29.0,1016.2,61.67879224265577
2024-01-13 09:00:00,30.0,1013.6,57.5102579017241
2024-01-13 12:00:00,27.4,1013.0,71.10383243626453
2024-01-13 15:00:00,25.6,1015.7,85.05359376201457
2024-01-13 18:00:00,24.4,1015.5,91.36189759637527
2024-01-13 21:00:00,24.2,1014.6,93.04093053539818
2024-01-14 00:00:00,24.0,1014.3,94.71996347442106
2024-01-14 03:00:00,24.2,1016.0,89.70035155341864
2024-01-14 06:00:00,28.4,1015.3,66.25795810970587
2024-01-14 09:00:00,31.2,1012.4,43.70745721912904
2024-01-14 12:00:00,28.0,1012.6,55.62172468270759
2024-01-14 15:00:00,25.2,1014.6,85.01229874539116
2024-01-14 18:00:00,24.0,1014.6,86.46120985687485
2024-01-14 21:00:00,22.8,1013.1,92.95399507508202
2024-01-15 00:00:00,22.8,1013.0,94.67340418187906
2024-01-15 03:00:00,23.4,1016.0,92.98462350012163
2024-01-15 06:00:00,28.0,1015.3,75.66221487345534
2024-01-15 09:00:00,28.6,1012.3,62.738525974561355
2024-01-15 12:00:00,27.0,1012.0,62.77637062843983
2024-01-15 15:00:00,23.0,1013.8,81.18509420602786
2024-01-15 18:00:00,22.0,1013.8,87.34731863549206
2024-01-15 21:00:00,21.4,1012.1,90.6098629586287
2024-01-16 00:00:00,21.0,1012.2,94.60241342456621
2024-01-16 03:00:00,23.4,1015.2,88.00984897364455
2024-01-16 06:00:00,28.8,1014.4,52.76189312845306
2024-01-16 09:00:00,30.2,1011.1,43.713171949044195
2024-01-16 12:00:00,26.8,1010.9,58.55809877032945
2024-01-16 15:00:00,23.4,1013.0,81.23620952648784
2024-01-16 18:00:00,21.8,1012.9,84.12824237082634
2024-01-16 21:00:00,20.8,1012.1,87.23920246966593
2024-01-17 00:00:00,21.4,1012.0,94.61831009329433
2024-01-17 03:00:00,23.4,1014.4,84.303446850675
2024-01-17 06:00:00,28.8,1013.0,52.76189312845306
2024-01-17 09:00:00,29.8,1010.0,51.38560253203829
2024-01-17 12:00:00,27.0,1010.7,66.79201724100693
2024-01-17 15:00:00,24.4,1013.4,78.41167733084453
2024-01-17 18:00:00,22.6,1013.4,89.58222014288508
2024-01-17 21:00:00,21.6,1011.9,91.18598322234278
2024-01-18 00:00:00,21.2,1012.3,92.87134485887553
2024-01-18 03:00:00,23.6,1014.9,82.78099464458583
2024-01-18 06:00:00,28.6,1014.3,63.906136265197986
2024-01-18 09:00:00,30.0,1010.9,57.5102579017241
2024-01-18 12:00:00,27.6,1011.1,74.23649168800932
2024-01-18 15:00:00,25.6,1013.5,79.0650667975322
2024-01-18 18:00:00,24.4,1013.3,86.49898460860861
2024-01-18 21:00:00,23.0,1011.7,91.27459428964966
2024-01-19 00:00:00,23.2,1012.3,94.6889914839052
2024-01-19 03:00:00,25.0,1015.3,83.45262666598398
2024-01-19 06:00:00,29.0,1014.9,65.57515728735507
2024-01-19 09:00:00,30.2,1012.1,62.70350473078234
2024-01-19 12:00:00,28.2,1012.1,69.11274246935643
2024-01-19 15:00:00,25.4,1013.8,81.98706192459
2024-01-19 18:00:00,24.4,1013.8,88.0941253601151
2024-01-19 21:00:00,23.4,1012.6,91.29967042540224
2024-01-20 00:00:00,23.6,1013.5,91.3121686462366
2024-01-20 03:00:00,25.8,1016.7,82.03579612571595
2024-01-20 06:00:00,29.2,1016.0,58.034152283639216
2024-01-20 09:00:00,30.0,1013.1,58.58138510397075
2024-01-20 12:00:00,27.6,1013.2,69.84804373904335
2024-01-20 15:00:00,25.4,1015.0,80.5002818626729
2024-01-20 18:00:00,23.8,1015.4,86.44226467052783
2024-01-20 21:00:00,23.2,1013.9,89.62675163391533
2024-01-21 00:00:00,22.8,1014.0,92.95399507508202
2024-01-21 03:00:00,24.6,1016.5,86.51781437617485
2024-01-21 06:00:00,30.0,1015.9,55.07749010874436
2024-01-21 09:00:00,30.6,1011.9,48.77428920867762
2024-01-21 12:00:00,28.0,1012.3,60.69806228799576
2024-01-21 15:00:00,24.6,1014.9,81.88902089566457
2024-01-21 18:00:00,23.2,1015.1,91.2871456644803
2024-01-21 21:00:00,23.0,1014.2,89.61193893447619
2024-01-22 00:00:00,22.4,1014.4,92.93346602326532
2024-01-22 03:00:00,24.6,1017.1,81.88902089566457
2024-01-22 06:00:00,29.6,1016.9,58.4879003480961
2024-01-22 09:00:00,30.4,1014.0,53.827867876849844
2024-01-22 12:00:00,27.0,1014.0,65.56431854728334
2024-01-22 15:00:00,24.2,1015.8,83.36164573364587
2024-01-22 18:00:00,23.2,1015.7,87.992888940916
2024-01-22 21:00:00,22.6,1014.8,89.58222014288508
2024-01-23 00:00:00,22.6,1014.7,94.66558503403643
2024-01-23 03:00:00,25.0,1017.0,83.45262666598398
2024-01-23 06:00:00,29.4,1016.1,63.298643541066646
2024-01-23 09:00:00,30.4,1013.0,57.95960848703658
2024-01-23 12:00:00,28.2,1012.8,65.0091901629649
2024-01-23 15:00:00,24.8,1014.8,81.91360302673357
2024-01-23 18:00:00,23.4,1015.0,88.00984897364455
2024-01-23 21:00:00,22.4,1013.0,91.23677973971499
2024-01-24 00:00:00,22.2,1013.8,92.9231682794469
2024-01-24 03:00:00,24.6,1016.6,83.4072263549273
2024-01-24 06:00:00,29.8,1016.0,53.6783681185955
2024-01-24 09:00:00,31.4,1012.6,48.377274941391825
2024-01-24 12:00:00,28.0,1012.4,63.385341541150645
2024-01-24 15:00:00,24.8,1015.0,81.41355073076362
2024-01-24 18:00:00,23.6,1014.8,86.42328080854222
2024-01-24 21:00:00,22.6,1013.7,91.24941140171894
2024-01-25 00:00:00,22.0,1014.0,88.98541809305104
2024-01-25 03:00:00,24.6,1016.7,86.51781437617485
2024-01-25 06:00:00,30.0,1016.8,56.10882184768884
2024-01-25 09:00:00,30.6,1013.8,48.77428920867762
2024-01-25 12:00:00,27.8,1014.2,59.53100351964522
2024-01-25 15:00:00,25.6,1016.7,72.99755286782062
2024-01-25 18:00:00,23.4,1017.0,77.78185620897757
2024-01-25 21:00:00,22.6,1016.1,89.58222014288508
2024-01-26 00:00:00,23.0,1016.4,91.27459428964966
2024-01-26 03:00:00,24.8,1018.4,80.42146721617324
2024-01-26 06:00:00,29.0,1018.4,56.56535492258467
2024-01-26 09:00:00,29.8,1015.9,58.53467634002081
2024-01-26 12:00:00,27.8,1016.0,64.52631135592681
2024-01-26 15:00:00,25.8,1017.5,74.85200261699907
2024-01-26 18:00:00,25.0,1017.8,78.98125580461064
2024-01-26 21:00:00,23.4,1016.4,88.00984897364455
2024-01-27 00:00:00,23.2,1017.0,89.62675163391533
2024-01-27 03:00:00,25.0,1018.5,83.45262666598398
2024-01-27 06:00:00,29.4,1017.9,58.0813190585354
2024-01-27 09:00:00,31.0,1015.2,56.00535491373798
2024-01-27 12:00:00,28.6,1015.1,60.08656570259691
2024-01-27 15:00:00,27.0,1016.8,72.34810781589086
2024-01-27 18:00:00,26.2,1017.4,79.14840201964623
2024-01-27 21:00:00,24.8,1015.6,83.42994899232998
2024-01-28 00:00:00,24.4,1015.6,84.9292101215455
2024-01-28 03:00:00,27.2,1018.4,72.3831186482966
2024-01-28 06:00:00,29.4,1018.0,62.147323833199586
2024-01-28 09:00:00,30.0,1015.3,61.14896099495759
2024-01-28 12:00:00,27.6,1015.3,67.32558202207488
2024-01-28 15:00:00,26.0,1017.2,71.7285371211518
2024-01-28 18:00:00,25.4,1017.7,75.71358128252226
2024-01-28 21:00:00,24.6,1015.8,77.00183279014861
2024-01-29 00:00:00,22.6,1015.5,85.795575729377
2024-01-29 03:00:00,25.0,1017.9,72.89363172362464
2024-01-29 06:00:00,29.6,1017.5,51.0137619532381
2024-01-29 09:00:00,30.2,1014.1,45.98734517749429
2024-01-29 12:00:00,27.6,1014.3,56.58013366480121
2024-01-29 15:00:00,26.0,1016.9,63.34488035972379
2024-01-29 18:00:00,24.4,1016.6,73.70091272937036
2024-01-29 21:00:00,24.4,1015.4,76.97148310021424
2024-01-30 00:00:00,23.0,1015.1,77.72260499738547
2024-01-30 03:00:00,24.8,1016.9,69.75148628714753
2024-01-30 06:00:00,29.2,1016.3,56.96582316395901
2024-01-30 09:00:00,30.0,1012.8,56.10882184768884
2024-01-30 12:00:00,28.0,1012.6,60.69806228799576
2024-01-30 15:00:00,25.8,1015.8,73.03206992350184
2024-01-30 18:00:00,25.0,1016.0,77.06236252506079
2024-01-30 21:00:00,23.6,1014.9,86.42328080854222
2024-01-31 00:00:00,23.2,1014.4,87.992888940916
2024-01-31 03:00:00,25.0,1016.6,77.06236252506079
2024-01-31 06:00:00,29.4,1016.1,60.640804904992116
2024-01-31 09:00:00,31.0,1013.3,54.645691707211896
2024-01-31 12:00:00,28.0,1012.6,70.35037364356444
2024-01-31 15:00:00,26.4,1015.2,79.65835252904961
2024-01-31 18:00:00,25.6,1015.5,85.05359376201457
2024-01-31 21:00:00,25.0,1013.8,88.14427552074832
2024-02-01 00:00:00,25.0,1014.0,89.75868022431183
2024-02-01 03:00:00,26.6,1017.0,82.62997382431229
2024-02-01 06:00:00,29.4,1016.7,71.03411577940795
2024-02-01 09:00:00,30.2,1013.4,67.83823315041917
2024-02-01 12:00:00,28.6,1012.9,76.21281246926864
2024-02-01 15:00:00,27.0,1014.9,84.18092213796281
2024-02-01 18:00:00,26.6,1015.1,84.13765842724912
2024-02-01 21:00:00,25.6,1014.2,90.34377933678581
2024-02-02 00:00:00,24.8,1014.1,91.38660473195172
2024-02-02 03:00:00,27.0,1016.4,84.18092213796281
2024-02-02 06:00:00,30.8,1016.3,66.74179537984483
2024-02-02 09:00:00,31.6,1012.7,60.03485302219658
2024-02-02 12:00:00,28.6,1012.5,67.93691867434151
2024-02-02 15:00:00,27.0,1014.8,81.19652945190819
2024-02-02 18:00:00,26.4,1015.0,85.64959932544602
2024-02-02 21:00:00,25.0,1014.3,88.14427552074832
2024-02-03 00:00:00,24.0,1014.7,89.68569309935684
2024-02-03 03:00:00,26.6,1017.0,79.6854136873141
2024-02-03 06:00:00,30.4,1016.5,59.034988113686474
2024-02-03 09:00:00,31.0,1013.9,50.112031687266324
2024-02-03 12:00:00,28.4,1013.4,66.25795810970587
2024-02-03 15:00:00,26.4,1015.7,77.7445561070048
2024-02-03 18:00:00,25.4,1016.8,83.49784757524912
2024-02-03 21:00:00,24.0,1015.4,88.06051918717874
2024-02-04 00:00:00,22.6,1015.4,91.24941140171894
2024-02-04 03:00:00,25.4,1018.7,83.49784757524912
2024-02-04 06:00:00,30.4,1018.5,49.6455182941857
2024-02-04 09:00:00,31.6,1015.8,51.84401660919995
2024-02-04 12:00:00,29.8,1015.5,59.624049885095886
2024-02-04 15:00:00,26.4,1017.1,76.33576480448347
2024-02-04 18:00:00,25.0,1017.8,81.93813716288261
2024-02-04 21:00:00,23.2,1015.7,87.992888940916
2024-02-05 00:00:00,23.0,1015.8,91.27459428964966
2024-02-05 03:00:00,25.6,1018.4,80.52645239736388
2024-02-05 06:00:00,30.6,1018.6,54.547295560496046
2024-02-05 09:00:00,31.0,1015.4,44.770043106471554
2024-02-05 12:00:00,28.0,1015.3,60.69806228799576
2024-02-05 15:00:00,25.8,1017.7,77.656453842952
2024-02-05 18:00:00,24.6,1018.3,84.95004486909127
2024-02-05 21:00:00,23.4,1016.2,89.64153331568741
2024-02-06 00:00:00,23.6,1016.0,88.02677396309889
2024-02-06 03:00:00,25.0,1018.0,83.45262666598398
2024-02-06 06:00:00,30.6,1017.9,53.21506820591533
2024-02-06 09:00:00,30.8,1014.9,50.060346676804734
2024-02-06 12:00:00,28.4,1014.5,60.0407336708837
2024-02-06 15:00:00,25.4,1016.8,80.5002818626729
2024-02-06 18:00:00,24.0,1017.0,84.88741479671322
2024-02-06 21:00:00,22.6,1015.2,91.24941140171894
2024-02-07 00:00:00,23.0,1015.0,91.27459428964966
2024-02-07 06:00:00,30.8,1017.7,54.59652641434426
2024-02-07 09:00:00,32.6,1013.7,42.19377174266343
2024-02-07 12:00:00,29.4,1014.4,54.5893740362844
2024-02-07 15:00:00,25.4,1015.6,83.49784757524912
2024-02-07 18:00:00,24.0,1016.0,93.01505522924245
2024-02-07 21:00:00,23.2,1014.5,92.97443596255128
2024-02-08 00:00:00,23.4,1013.8,91.29967042540224
2024-02-08 03:00:00,24.8,1016.3,84.97083781729286
2024-02-08 06:00:00,31.4,1016.2,55.08058002977347
2024-02-08 09:00:00,31.2,1013.6,58.5027997016778
2024-02-08 12:00:00,29.2,1012.8,63.255491800252074
2024-02-08 15:00:00,25.4,1015.0,83.49784757524912
2024-02-08 18:00:00,24.0,1015.6,91.33708576167582
2024-02-08 21:00:00,23.6,1014.5,91.3121686462366
2024-02-09 00:00:00,23.6,1014.7,91.3121686462366
2024-02-09 03:00:00,25.6,1017.2,87.13618000678832
2024-02-09 06:00:00,30.4,1016.9,56.552501126573276
2024-02-09 09:00:00,31.6,1013.9,51.84401660919995
2024-02-09 12:00:00,26.6,1016.7,76.36659730018178
2024-02-09 15:00:00,26.6,1016.7,76.36659730018178
2024-02-09 18:00:00,25.8,1017.5,80.55257262849392
2024-02-09 21:00:00,25.8,1016.3,77.656453842952
2024-02-10 00:00:00,24.4,1016.7,86.49898460860861
2024-02-10 03:00:00,26.8,1018.3,79.71242342812477
2024-02-10 06:00:00,31.4,1018.2,57.48913124065053
2024-02-10 09:00:00,32.0,1015.3,54.55620730373795
2024-02-10 12:00:00,28.8,1014.9,69.22673360721909
2024-02-10 15:00:00,27.4,1017.3,76.95386898986409
2024-02-10 18:00:00,26.6,1017.4,81.14599787426259
2024-02-10 21:00:00,25.6,1016.2,80.52645239736388
2024-02-11 00:00:00,24.0,1016.1,86.46120985687485
2024-02-11 03:00:00,27.0,1018.7,72.34810781589086
2024-02-11 06:00:00,30.4,1019.2,53.164975840995425
2024-02-11 09:00:00,30.8,1016.6,59.48920941788979
2024-02-11 12:00:00,28.2,1016.2,67.44486451604266
2024-02-11 15:00:00,26.2,1017.7,79.14840201964623
2024-02-11 18:00:00,24.6,1017.8,86.51781437617485
2024-02-11 21:00:00,23.0,1016.0,91.27459428964966
2024-02-12 00:00:00,22.4,1016.1,91.23677973971499
2024-02-12 03:00:00,25.0,1018.5,81.93813716288261
2024-02-12 06:00:00,30.4,1018.8,53.164975840995425
2024-02-12 09:00:00,31.0,1015.6,53.64502413942176
2024-02-12 12:00:00,28.4,1014.6,60.0407336708837
2024-02-12 15:00:00,26.2,1017.2,73.55128024517502
2024-02-12 18:00:00,25.4,1017.9,80.5002818626729
2024-02-12 21:00:00,24.4,1015.6,86.49898460860861
2024-02-13 00:00:00,23.6,1015.4,88.02677396309889
2024-02-13 03:00:00,26.0,1017.9,76.27392919082712
2024-02-13 06:00:00,30.6,1018.0,60.541168204253225
2024-02-13 09:00:00,32.0,1014.3,53.2366666229233
2024-02-13 12:00:00,27.4,1016.6,74.20346731676847
2024-02-13 15:00:00,27.4,1016.6,74.20346731676847
2024-02-13 18:00:00,27.0,1016.9,78.30518483755301
2024-02-13 21:00:00,25.6,1015.1,83.520391036621
2024-02-14 00:00:00,24.6,1014.9,88.1108765345105
2024-02-14 03:00:00,26.8,1016.8,84.15931168305403
2024-02-14 06:00:00,31.0,1016.8,53.64502413942176
2024-02-14 09:00:00,32.4,1013.6,44.03144254531665
2024-02-14 12:00:00,29.8,1013.6,58.53467634002081
2024-02-14 15:00:00,27.0,1015.5,72.34810781589086
2024-02-14 18:00:00,26.4,1015.9,79.65835252904961
2024-02-14 21:00:00,24.4,1014.9,84.9292101215455
2024-02-15 00:00:00,24.0,1014.7,88.06051918717874
2024-02-15 03:00:00,26.0,1017.0,79.12067626724064
2024-02-15 06:00:00,30.6,1016.9,53.21506820591533
2024-02-15 09:00:00,31.6,1014.5,54.12510474048353
2024-02-15 12:00:00,29.0,1014.3,61.67879224265577
2024-02-15 15:00:00,26.8,1015.7,72.3130352999761
2024-02-15 18:00:00,25.8,1016.0,77.656453842952
2024-02-15 21:00:00,25.0,1014.5,81.93813716288261
2024-02-16 00:00:00,24.4,1014.7,84.9292101215455
2024-02-16 03:00:00,26.6,1017.3,78.2479077819723
2024-02-16 06:00:00,31.8,1017.3,50.94362829175715
2024-02-16 09:00:00,31.8,1014.5,56.541515718697454
2024-02-16 12:00:00,30.4,1013.9,56.552501126573276
2024-02-16 15:00:00,27.4,1015.8,72.86085146609882
2024-02-16 18:00:00,26.6,1015.9,76.36659730018178
2024-02-16 21:00:00,24.4,1013.9,86.49898460860861
2024-02-17 00:00:00,23.6,1013.9,91.3121686462366
2024-02-17 03:00:00,26.0,1016.0,82.55918218789247
2024-02-17 06:00:00,31.2,1015.8,52.710735539122425
2024-02-17 09:00:00,32.4,1012.4,41.875071945174035
2024-02-17 12:00:00,29.8,1012.2,53.6783681185955
2024-02-17 15:00:00,26.8,1014.4,75.01402814660541
2024-02-17 18:00:00,25.2,1015.1,83.47525948927431
2024-02-17 21:00:00,23.6,1013.4,89.65628406436801
2024-02-18 00:00:00,23.0,1012.7,91.27459428964966
2024-02-18 03:00:00,25.0,1015.2,83.45262666598398
2024-02-18 06:00:00,31.4,1015.5,50.52742024257406
2024-02-18 09:00:00,31.6,1012.2,46.36105984341474
2024-02-18 12:00:00,29.4,1011.5,55.617075987669494
2024-02-18 15:00:00,26.4,1014.3,79.65835252904961
2024-02-18 18:00:00,25.6,1014.2,82.01145278638
2024-02-18 21:00:00,24.6,1013.3,84.95004486909127
2024-02-19 00:00:00,24.4,1013.3,88.0941253601151
2024-02-19 03:00:00,25.6,1015.5,79.0650667975322
2024-02-19 06:00:00,31.6,1015.4,54.12510474048353
2024-02-19 09:00:00,32.4,1012.4,48.33862566912473
2024-02-19 12:00:00,29.6,1012.2,59.5780698373617
2024-02-19 15:00:00,27.0,1014.3,81.19652945190819
2024-02-19 18:00:00,25.8,1014.7,90.35746879655075
2024-02-19 21:00:00,24.8,1012.9,93.05532775865673
2024-02-20 00:00:00,24.4,1013.3,93.03523459227986
2024-02-20 03:00:00,26.0,1015.7,82.55918218789247
2024-02-20 06:00:00,31.6,1015.1,55.46769384647515
2024-02-20 09:00:00,31.6,1011.5,56.49370308745102
2024-02-20 12:00:00,29.8,1011.2,58.53467634002081
2024-02-20 15:00:00,27.0,1013.8,76.8936310454662
2024-02-20 18:00:00,25.8,1013.8,85.59004257177266
2024-02-20 21:00:00,24.0,1011.9,91.33708576167582
2024-02-21 00:00:00,23.8,1012.1,93.00493307197942
2024-02-21 03:00:00,26.0,1014.0,84.07244076824206
2024-02-21 06:00:00,31.8,1014.1,49.699414541937024
2024-02-21 09:00:00,33.6,1009.5,48.35343825000899
2024-02-21 12:00:00,30.4,1009.1,59.034988113686474
2024-02-21 15:00:00,27.4,1011.5,75.567708226779
2024-02-21 18:00:00,26.6,1012.8,81.14599787426259
2024-02-21 21:00:00,25.6,1011.0,87.13618000678832
2024-02-22 00:00:00,25.2,1011.8,88.1609235163349
2024-02-22 03:00:00,27.2,1014.2,79.76628914637874
2024-02-22 06:00:00,31.6,1013.3,58.95264595485285
2024-02-22 09:00:00,33.6,1009.8,51.40088317557658
2024-02-22 12:00:00,29.4,1009.4,65.65748852781738
2024-02-22 15:00:00,28.0,1012.4,84.79181717750924
2024-02-22 18:00:00,27.4,1012.8,85.74806761675889
2024-02-22 21:00:00,27.0,1012.1,84.18092213796281
2024-02-23 00:00:00,26.2,1012.0,90.38476214988123
2024-02-23 03:00:00,28.2,1013.6,81.83433063230953
2024-02-23 06:00:00,33.0,1012.4,57.5169590004615
2024-02-23 09:00:00,34.2,1009.3,52.815423931662444
2024-02-23 12:00:00,30.0,1009.2,75.5227593496699
2024-02-23 15:00:00,28.4,1010.9,83.33433758376981
2024-02-23 18:00:00,28.0,1011.6,87.34888747491027
2024-02-23 21:00:00,27.6,1010.5,87.31379479213656
2024-02-24 00:00:00,27.0,1010.8,87.26088849314073
2024-02-24 03:00:00,28.8,1013.9,76.24353220041739
2024-02-24 06:00:00,31.8,1013.5,61.17889403213977
2024-02-24 09:00:00,31.8,1010.4,58.99875377243572
2024-02-24 12:00:00,29.6,1010.9,60.68601439855552
2024-02-24 15:00:00,28.0,1012.7,72.96396353006286
2024-02-24 18:00:00,27.2,1013.0,75.53609118292528
2024-02-24 21:00:00,26.2,1010.7,79.14840201964623
2024-02-25 00:00:00,25.2,1010.9,80.47406090248509
2024-02-25 03:00:00,28.0,1013.5,70.35037364356444
2024-02-25 06:00:00,31.0,1013.6,53.64502413942176
2024-02-25 09:00:00,31.4,1010.9,62.20792223032527
2024-02-25 12:00:00,29.6,1010.2,74.118773297339
2024-02-25 15:00:00,27.6,1012.7,69.84804373904335
2024-02-25 18:00:00,27.0,1013.5,75.50441651181359
2024-02-25 21:00:00,26.4,1012.1,81.1206589392812
2024-02-26 00:00:00,26.0,1012.0,84.07244076824206
2024-02-26 03:00:00,29.0,1014.7,64.38421540041374
2024-02-26 06:00:00,31.8,1014.7,54.17441650106471
2024-02-26 09:00:00,31.6,1012.0,58.95264595485285
2024-02-26 12:00:00,29.8,1011.8,63.38474620448235
2024-02-26 15:00:00,29.0,1014.0,65.57515728735507
2024-02-26 18:00:00,27.6,1014.4,75.59926777139484
2024-02-26 21:00:00,26.6,1013.8,78.2479077819723
2024-02-27 00:00:00,25.8,1013.2,84.05061522100549
2024-02-27 03:00:00,28.4,1015.2,67.8977377259484
2024-02-27 06:00:00,32.0,1014.7,54.55620730373795
2024-02-27 09:00:00,33.4,1012.7,48.00543683508618
2024-02-27 12:00:00,29.8,1012.0,64.94624549390848
2024-02-27 15:00:00,28.0,1013.5,74.30236303611937
2024-02-27 18:00:00,27.0,1014.1,81.19652945190819
2024-02-27 21:00:00,26.2,1012.8,82.58282556083142
2024-02-28 00:00:00,25.4,1012.5,88.17753730223563
2024-02-28 03:00:00,27.8,1014.4,75.63076994448524
2024-02-28 06:00:00,32.2,1014.4,53.6134760314917
2024-02-28 09:00:00,33.0,1011.1,50.00855048668853
2024-02-28 12:00:00,30.2,1010.9,57.5576548506657
2024-02-28 15:00:00,27.2,1012.6,75.53609118292528
2024-02-28 18:00:00,25.8,1013.3,77.656453842952
2024-02-28 21:00:00,24.6,1011.8,84.95004486909127
2024-02-29 00:00:00,24.8,1011.5,84.97083781729286
2024-02-29 03:00:00,26.6,1014.5,79.6854136873141
2024-02-29 06:00:00,32.0,1014.3,50.05946898334762
2024-02-29 09:00:00,33.4,1011.6,40.08553584334777
2024-02-29 12:00:00,30.2,1011.6,54.11245736689154
2024-02-29 18:00:00,27.0,1015.0,79.73938187381316
2024-02-29 21:00:00,25.4,1013.5,86.59275173505719
2024-03-01 00:00:00,24.6,1013.0,86.51781437617485
2024-03-01 03:00:00,27.4,1015.7,81.24686676192346
2024-03-01 06:00:00,32.8,1015.3,38.43380601863262
2024-03-01 09:00:00,33.4,1012.0,45.977751283807315
2024-03-01 12:00:00,30.4,1012.1,63.899688803812836
2024-03-01 15:00:00,27.4,1014.1,79.79314536748959
2024-03-01 18:00:00,26.6,1014.9,84.13765842724912
2024-03-01 21:00:00,25.8,1012.8,90.35746879655075
2024-03-02 00:00:00,25.4,1012.8,90.33006125111788
2024-03-02 03:00:00,27.0,1015.1,82.67693820709039
2024-03-02 06:00:00,32.4,1014.2,53.6629865677201
2024-03-02 09:00:00,32.0,1011.5,56.93448027880228
2024-03-02 12:00:00,30.0,1010.9,58.58138510397075
2024-03-02 15:00:00,27.6,1013.3,71.57535111923292
2024-03-02 18:00:00,27.0,1014.2,79.73938187381316
2024-03-02 21:00:00,26.0,1012.1,85.60993471040011
2024-03-03 00:00:00,24.4,1012.6,88.0941253601151
2024-03-03 03:00:00,27.0,1014.4,79.73938187381316
2024-03-03 06:00:00,33.0,1014.0,44.74625811198047
2024-03-03 09:00:00,33.6,1011.0,67.29450442917697
2024-03-03 12:00:00,30.6,1010.9,47.566803806032624
2024-03-03 15:00:00,27.6,1012.6,78.39069896683198
2024-03-03 18:00:00,26.4,1013.0,84.11596226208941
2024-03-03 21:00:00,24.6,1011.4,88.1108765345105
2024-03-04 00:00:00,24.0,1011.6,86.46120985687485
2024-03-04 03:00:00,26.0,1014.3,80.57864267765963
2024-03-04 06:00:00,31.4,1014.1,52.76094443060454
2024-03-04 09:00:00,32.2,1011.1,43.70272894159685
2024-03-04 12:00:00,29.4,1010.6,55.617075987669494
2024-03-04 15:00:00,27.4,1013.5,69.81054652981949
2024-03-04 18:00:00,26.8,1014.0,73.6526814430667
2024-03-04 21:00:00,25.2,1012.4,83.47525948927431
2024-03-05 00:00:00,24.4,1012.1,88.0941253601151
2024-03-05 03:00:00,26.8,1013.7,75.01402814660541
2024-03-05 06:00:00,31.6,1013.5,54.12510474048353
2024-03-05 09:00:00,31.8,1010.5,54.17441650106471
2024-03-05 12:00:00,29.6,1010.5,58.4879003480961
2024-03-05 15:00:00,27.2,1012.7,74.17038364277866
2024-03-05 18:00:00,26.8,1013.8,75.01402814660541
2024-03-05 21:00:00,24.8,1012.2,84.97083781729286
2024-03-06 00:00:00,24.4,1011.8,89.71497940989825
2024-03-06 03:00:00,26.6,1014.4,78.2479077819723
2024-03-06 06:00:00,31.4,1013.9,54.07572802922947
2024-03-06 09:00:00,32.8,1010.7,57.470006935954075
2024-03-06 12:00:00,29.8,1010.6,64.94624549390848
2024-03-06 15:00:00,27.4,1012.7,72.86085146609882
2024-03-06 18:00:00,26.2,1013.2,82.58282556083142
2024-03-06 21:00:00,25.2,1011.3,85.01229874539116
2024-03-07 00:00:00,24.4,1010.2,88.0941253601151
2024-03-07 03:00:00,26.0,1014.5,82.55918218789247
2024-03-07 06:00:00,32.8,1013.2,49.65105863118352
2024-03-07 09:00:00,33.4,1009.8,56.921652839435055
2024-03-07 12:00:00,31.4,1009.9,56.445824525394414
2024-03-07 15:00:00,27.8,1012.3,75.63076994448524
2024-03-07 18:00:00,27.0,1012.7,84.18092213796281
2024-03-08 00:00:00,25.0,1010.7,91.39891921824884
2024-03-08 03:00:00,26.8,1013.8,79.71242342812477
2024-03-08 06:00:00,33.0,1013.3,43.645157807317524
2024-03-08 09:00:00,33.8,1010.3,54.99469378792191
2024-03-08 12:00:00,31.0,1009.9,59.53505705723449
2024-03-08 15:00:00,28.2,1012.0,74.33521026919057
2024-03-08 18:00:00,27.8,1012.9,78.41909711972701
2024-03-08 21:00:00,27.0,1011.3,84.18092213796281
2024-03-09 00:00:00,25.8,1011.1,88.74313412721081
2024-03-09 03:00:00,28.2,1013.9,80.37983931978188
2024-03-09 06:00:00,32.6,1013.0,56.048518886750145
2024-03-09 09:00:00,32.8,1010.3,58.51941154180648
2024-03-09 12:00:00,30.6,1010.2,62.79033585952567
2024-03-09 15:00:00,28.6,1012.8,72.18874813372028
2024-03-09 18:00:00,27.8,1014.0,84.2669381064797
2024-03-09 21:00:00,27.2,1012.6,82.70035172790627
2024-03-10 00:00:00,26.4,1013.4,85.64959932544602
2024-03-10 03:00:00,28.4,1015.3,76.18203664070896
2024-03-10 06:00:00,32.8,1015.2,51.828908082248226
2024-03-10 09:00:00,33.8,1012.3,44.40694259053556
2024-03-10 12:00:00,31.2,1012.2,50.47601592432225
2024-03-10 15:00:00,28.6,1015.0,73.50891633549199
2024-03-10 18:00:00,28.0,1015.9,77.50922415182016
2024-03-10 21:00:00,27.4,1014.4,79.79314536748959
2024-03-11 00:00:00,26.6,1014.9,84.13765842724912
2024-03-11 03:00:00,28.2,1016.5,77.5385748300523
2024-03-11 06:00:00,32.8,1016.4,53.110611200120836
2024-03-11 09:00:00,33.6,1013.6,59.056399786976336
2024-03-11 12:00:00,30.6,1012.9,55.56557299066436
2024-03-11 15:00:00,28.6,1015.3,72.18874813372028
2024-03-11 18:00:00,27.6,1015.9,75.59926777139484
2024-03-11 21:00:00,26.6,1013.7,82.62997382431229
2024-03-12 00:00:00,25.6,1014.2,87.13618000678832
2024-03-12 03:00:00,28.2,1016.4,76.15120458899845
2024-03-12 06:00:00,33.4,1015.4,51.35032689190111
2024-03-12 09:00:00,33.2,1012.4,50.059858025093185
2024-03-12 12:00:00,30.6,1011.9,55.56557299066436
2024-03-12 15:00:00,28.0,1013.6,74.30236303611937
2024-03-12 18:00:00,27.0,1013.6,79.73938187381316
2024-03-12 21:00:00,26.0,1012.0,84.07244076824206
2024-03-13 00:00:00,25.2,1012.4,91.41120774609278
2024-03-13 03:00:00,27.6,1014.4,79.81995065848324
2024-03-13 06:00:00,33.6,1013.6,50.46945953917431
2024-03-13 09:00:00,35.0,1010.9,51.75303582520855
2024-03-13 12:00:00,32.0,1010.2,50.05946898334762
2024-03-13 15:00:00,28.6,1013.2,77.59711341151534
2024-03-13 18:00:00,27.6,1014.0,82.7470419948832
2024-03-13 21:00:00,27.2,1012.1,84.20248990010974
2024-03-14 00:00:00,26.6,1012.4,85.66937200749226
2024-03-14 03:00:00,27.6,1014.7,79.81995065848324
2024-03-14 06:00:00,34.0,1013.4,44.73595098412827
2024-03-14 09:00:00,32.8,1010.3,51.828908082248226
2024-03-14 12:00:00,30.0,1010.0,63.8146323928593
2024-03-14 15:00:00,28.4,1011.6,71.28430644471217
2024-03-14 18:00:00,27.6,1012.6,74.23649168800932
2024-03-15 00:00:00,25.6,1011.3,83.520391036621
2024-03-15 03:00:00,28.0,1013.5,72.96396353006286
2024-03-15 06:00:00,32.8,1013.4,44.415111894438276
2024-03-15 09:00:00,32.4,1010.0,67.85998060995067
2024-03-15 12:00:00,30.6,1009.9,55.56557299066436
2024-03-15 15:00:00,28.0,1012.3,74.30236303611937
2024-03-15 18:00:00,27.4,1012.7,76.95386898986409
2024-03-15 21:00:00,27.0,1011.6,82.67693820709039
2024-03-16 00:00:00,26.0,1011.9,87.17199233244091
2024-03-16 03:00:00,29.0,1014.2,76.27419595958764
2024-03-16 06:00:00,32.6,1013.4,49.59948094859373
2024-03-16 09:00:00,32.6,1010.8,54.04084502929489
2024-03-16 12:00:00,30.6,1010.2,63.94211751218886
2024-03-16 15:00:00,28.4,1012.9,76.18203664070896
2024-03-16 18:00:00,27.4,1013.3,78.36224761821416
2024-03-16 21:00:00,27.2,1011.5,79.76628914637874
2024-03-17 00:00:00,26.4,1012.2,82.60642273476351
2024-03-17 03:00:00,29.0,1014.7,72.25862568930161
2024-03-17 06:00:00,33.0,1014.2,50.936406587781846
2024-03-17 09:00:00,32.6,1011.3,49.59948094859373
2024-03-17 12:00:00,30.2,1011.1,61.19367991310041
2024-03-17 15:00:00,27.6,1013.1,69.84804373904335
2024-03-17 18:00:00,27.0,1013.7,72.34810781589086
2024-03-17 21:00:00,25.8,1011.7,77.656453842952
2024-03-18 00:00:00,25.0,1011.7,89.75868022431183
2024-03-18 03:00:00,27.6,1014.6,75.59926777139484
2024-03-18 06:00:00,32.6,1013.6,49.59948094859373
2024-03-18 09:00:00,33.4,1010.6,48.00543683508618
2024-03-18 12:00:00,31.0,1009.8,57.04447541902918
2024-03-18 15:00:00,28.0,1012.3,74.30236303611937
2024-03-18 18:00:00,27.4,1012.8,78.36224761821416
2024-03-18 21:00:00,26.4,1011.0,84.11596226208941
2024-03-19 00:00:00,25.2,1011.4,89.77318651955946
2024-03-19 03:00:00,27.6,1013.3,79.81995065848324
2024-03-19 06:00:00,33.0,1012.6,52.19700204876771
2024-03-19 09:00:00,32.6,1010.0,57.422989250564385
2024-03-19 12:00:00,30.4,1009.9,56.552501126573276
2024-03-19 15:00:00,28.0,1012.4,72.96396353006286
2024-03-19 18:00:00,27.4,1013.3,74.20346731676847
2024-03-19 21:00:00,26.4,1010.8,81.1206589392812
2024-03-20 00:00:00,25.4,1011.2,83.49784757524912
2024-03-20 03:00:00,28.0,1013.5,74.30236303611937
2024-03-20 06:00:00,32.2,1012.6,50.11093393474899
2024-03-20 09:00:00,32.8,1010.8,49.65105863118352
2024-03-20 12:00:00,30.2,1010.3,61.19367991310041
2024-03-20 15:00:00,28.8,1012.3,72.2237174181299
2024-03-20 18:00:00,28.4,1012.8,76.18203664070896
2024-03-20 21:00:00,28.0,1011.4,80.3537462205201
2024-03-21 00:00:00,27.6,1011.8,79.81995065848324
2024-03-21 03:00:00,29.4,1014.1,71.03411577940795
2024-03-21 06:00:00,32.4,1013.2,56.00051948884619
2024-03-21 09:00:00,33.0,1010.7,52.19700204876771
2024-03-21 12:00:00,30.6,1009.9,62.79033585952567
2024-03-21 15:00:00,29.0,1012.3,70.96187714437761
2024-03-21 18:00:00,28.2,1012.2,80.37983931978188
2024-03-21 21:00:00,28.0,1010.4,78.44744220055776
2024-03-22 00:00:00,27.0,1010.1,84.18092213796281
2024-03-22 03:00:00,28.4,1012.3,78.97572139747378
2024-03-22 06:00:00,33.2,1011.6,51.299708268572545
2024-03-22 09:00:00,33.4,1008.7,44.02557952346584
2024-03-22 12:00:00,31.0,1008.2,58.45623591814528
2024-03-22 15:00:00,28.8,1010.3,73.54252536250394
2024-03-22 18:00:00,27.6,1010.5,78.39069896683198
2024-03-22 21:00:00,26.8,1009.2,81.17128800561531
2024-03-23 00:00:00,26.0,1009.2,90.37112970835472
2024-03-23 03:00:00,28.0,1011.5,77.50922415182016
2024-03-23 06:00:00,33.0,1011.6,50.00855048668853
2024-03-23 09:00:00,34.0,1008.3,41.52579848274434
2024-03-23 12:00:00,31.4,1008.1,49.59587656532929
2024-03-23 15:00:00,28.8,1011.1,74.88236905493878
2024-03-23 18:00:00,28.2,1012.4,72.99821296932988
2024-03-23 21:00:00,26.6,1010.7,82.62997382431229
2024-03-24 00:00:00,25.2,1011.2,88.1609235163349
2024-03-24 03:00:00,28.4,1013.4,74.81792523943739
2024-03-24 06:00:00,33.4,1013.2,48.00543683508618
2024-03-24 09:00:00,33.0,1010.6,50.936406587781846
2024-03-24 12:00:00,30.4,1010.7,61.61247622848766
2024-03-24 15:00:00,28.0,1012.4,74.30236303611937
2024-03-24 18:00:00,27.4,1013.1,78.36224761821416
2024-03-24 21:00:00,26.8,1013.9,83.15278064806493
2024-03-25 00:00:00,25.6,1011.3,88.72729010944434
2024-03-25 03:00:00,28.6,1013.5,73.50891633549199
2024-03-25 06:00:00,32.0,1013.0,52.26545370306257
2024-03-25 09:00:00,33.0,1010.9,53.160307816284856
2024-03-25 12:00:00,30.6,1010.8,59.08123488638958
2024-03-25 15:00:00,28.4,1012.4,71.71785815951927
2024-03-25 18:00:00,26.8,1013.1,79.71242342812477
2024-03-25 21:00:00,26.0,1012.2,82.55918218789247
2024-03-26 00:00:00,24.8,1012.2,84.97083781729286
2024-03-26 03:00:00,28.4,1014.1,73.03240199762554
2024-03-26 06:00:00,33.0,1013.8,47.606318875900186
2024-03-26 09:00:00,33.2,1011.2,43.69896640701049
2024-03-26 12:00:00,30.6,1011.4,54.547295560496046
2024-03-26 18:00:00,27.6,1014.7,75.59926777139484
2024-03-27 03:00:00,28.6,1016.4,71.32021420830924
2024-03-27 06:00:00,33.6,1015.9,53.632996598820334
2024-03-27 09:00:00,33.6,1012.5,52.66619140083634
2024-03-27 12:00:00,31.6,1012.5,57.536305303603164
2024-03-27 15:00:00,29.0,1013.5,73.57607488115697
2024-04-01 18:00:00,29.2,1009.8,77.68451620551635
2024-04-01 21:00:00,28.0,1007.9,81.80996009312997
2024-04-02 00:00:00,27.2,1008.6,87.27855968744687
2024-04-02 03:00:00,30.6,1010.8,72.96898936310727
2024-04-02 21:00:00,28.2,1009.2,84.81254813644145
2024-04-03 00:00:00,27.2,1009.6,88.85313336738866
2024-04-03 03:00:00,30.2,1012.0,74.2171474546091
2024-04-03 06:00:00,35.6,1010.7,47.126320222245404
2024-04-03 09:00:00,37.6,1007.0,39.73927413807068
2024-04-03 12:00:00,33.6,1007.0,50.46945953917431
2024-04-03 15:00:00,30.0,1008.9,75.5227593496699
2024-04-03 18:00:00,28.8,1010.0,83.37928484286573
2024-04-03 21:00:00,28.2,1009.0,86.33689076158295
2024-04-04 00:00:00,28.2,1009.7,87.36638064071765
2024-04-04 03:00:00,30.6,1011.8,75.61652127297627
2024-04-04 06:00:00,35.6,1011.1,50.064309257320595
2024-04-04 09:00:00,36.6,1007.9,54.044002417811576
2024-04-04 12:00:00,33.4,1007.5,54.566580431863855
2024-04-04 15:00:00,30.0,1009.3,79.66535824918688
2024-04-04 18:00:00,28.8,1010.1,86.39309843177878
2024-04-04 21:00:00,28.5,1009.0,87.39255418033484
2024-04-05 00:00:00,27.4,1009.2,88.86871874139695
2024-04-05 03:00:00,30.4,1011.5,75.58532357148971
2024-04-05 06:00:00,35.6,1010.7,49.166526532934895
2024-04-05 09:00:00,35.0,1007.3,47.54554171711145
2024-04-05 12:00:00,33.2,1006.5,50.059858025093185
2024-04-05 15:00:00,29.6,1008.5,73.6763676530975
2024-04-05 18:00:00,28.4,1008.7,83.33433758376981
2024-04-05 21:00:00,27.6,1007.5,90.47939854432097
2024-04-06 00:00:00,26.6,1007.4,90.41194193154737
2024-04-06 03:00:00,30.0,1010.1,78.26294962837345
2024-04-06 06:00:00,35.8,1009.2,43.32064620484594
2024-04-06 09:00:00,39.0,1005.9,36.839620968431916
2024-04-06 12:00:00,34.8,1005.4,57.936588421156856
2024-04-06 15:00:00,30.8,1008.2,71.71113203855039
2024-04-06 18:00:00,29.4,1008.6,87.98536152503398
2024-04-06 21:00:00,28.2,1007.0,86.33689076158295
2024-04-07 00:00:00,27.0,1007.5,88.83751596451742
2024-04-07 03:00:00,29.6,1009.5,79.6118092261478
2024-04-07 06:00:00,36.0,1009.1,42.58451355254139
2024-04-07 09:00:00,37.6,1005.4,49.67622057166416
2024-04-07 12:00:00,35.0,1005.0,52.695904978436104
2024-04-07 15:00:00,30.0,1007.4,78.26294962837345
2024-04-07 18:00:00,28.8,1008.2,86.39309843177878
2024-04-07 21:00:00,28.0,1007.1,88.91528354225218
2024-04-08 00:00:00,27.6,1007.8,90.47939854432097
2024-04-08 03:00:00,30.0,1010.1,74.18441432342445
2024-04-08 06:00:00,36.2,1010.2,47.56898017158625
2024-04-08 09:00:00,36.4,1008.2,50.87246310030946
2024-04-08 12:00:00,32.6,1008.9,64.36278271700262
2024-04-08 15:00:00,30.0,1010.4,78.26294962837345
2024-04-08 18:00:00,29.4,1011.3,77.71354294293734
2024-04-08 21:00:00,28.4,1009.4,80.40588280898815
2024-04-09 00:00:00,28.2,1009.5,81.83433063230953
2024-04-09 03:00:00,30.4,1012.3,70.36635155961307
2024-04-09 06:00:00,34.0,1011.8,51.81527988036216
2024-04-09 09:00:00,34.4,1009.6,50.06148181372093
2024-04-09 12:00:00,32.0,1008.6,60.12540926930006
2024-04-09 15:00:00,29.4,1010.5,73.6429959001216
2024-04-09 18:00:00,29.2,1011.6,77.68451620551635
2024-04-09 21:00:00,28.4,1009.1,83.33433758376981
2024-04-10 00:00:00,27.4,1010.2,85.74806761675889
2024-04-10 03:00:00,29.6,1012.3,75.45996920875774
2024-04-10 06:00:00,34.6,1011.6,55.51953672301835
2024-04-10 09:00:00,34.6,1008.8,52.28033074523809
2024-04-10 12:00:00,32.0,1008.3,61.59314569456349
2024-04-10 15:00:00,30.2,1010.4,74.2171474546091
2024-04-10 18:00:00,28.8,1011.4,79.03096698905824
2024-04-10 21:00:00,29.0,1010.3,77.65543578652992
2024-04-11 00:00:00,28.2,1011.0,81.83433063230953
2024-04-11 03:00:00,31.0,1012.4,66.78169156880611
2024-04-11 06:00:00,34.8,1012.2,47.49343066312642
2024-04-11 09:00:00,35.0,1008.6,41.7961255281048
2024-04-11 12:00:00,32.2,1009.1,60.53434625894101
2024-04-11 15:00:00,30.0,1011.2,72.866865390855
2024-04-11 18:00:00,29.4,1012.1,76.33535606218936
2024-04-11 21:00:00,29.0,1009.9,79.0585121873896
2024-04-12 00:00:00,29.0,1010.1,80.48371679996085
2024-04-12 03:00:00,31.4,1012.2,69.71409411644107
2024-04-12 06:00:00,34.2,1012.2,50.01039226884028
2024-04-12 09:00:00,34.6,1009.9,52.28033074523809
2024-04-12 12:00:00,31.8,1009.2,62.67121379518331
2024-04-12 15:00:00,30.2,1010.8,72.90096632227306
2024-04-12 18:00:00,29.4,1011.3,76.33535606218936
2024-04-12 21:00:00,28.8,1009.5,79.03096698905824
2024-04-13 00:00:00,28.2,1010.0,83.31179804309043
2024-04-13 03:00:00,30.4,1012.4,75.58532357148971
2024-04-13 06:00:00,35.4,1012.1,50.9259925271208
2024-04-13 09:00:00,36.2,1009.5,41.86135583652421
2024-04-13 12:00:00,33.0,1008.5,53.160307816284856
2024-04-13 15:00:00,30.2,1010.9,72.90096632227306
2024-04-13 18:00:00,29.4,1011.6,74.97860136800087
2024-04-13 21:00:00,28.8,1009.5,79.03096698905824
2024-04-14 00:00:00,27.8,1010.1,82.77031896665545
2024-04-14 03:00:00,31.4,1010.7,67.26247234040332
2024-04-14 06:00:00,34.2,1013.0,56.430169062022074
2024-04-14 09:00:00,34.6,1009.7,46.294665135954354
2024-04-14 12:00:00,32.4,1009.1,56.00051948884619
2024-04-14 15:00:00,29.8,1011.5,71.53436216643706
2024-04-14 18:00:00,28.6,1011.8,74.85017612547131
2024-04-14 21:00:00,28.0,1010.5,83.28921441559984
2024-04-15 00:00:00,27.2,1011.0,87.27855968744687
2024-04-15 03:00:00,30.4,1013.0,74.24982249791255
2024-04-15 06:00:00,34.6,1013.0,48.317466168278045
2024-04-15 09:00:00,35.0,1010.5,51.75303582520855
2024-04-15 12:00:00,32.4,1009.9,62.800694130044874
2024-04-15 15:00:00,30.0,1011.5,75.5227593496699
2024-04-15 18:00:00,28.8,1012.1,83.37928484286573
2024-04-19 00:00:00,29.0,1006.5,87.95208930052544
2024-04-19 03:00:00,32.0,1007.6,68.5931528079531
2024-04-19 06:00:00,37.4,1007.0,44.01164944015777
2024-04-19 09:00:00,36.4,1004.0,55.94863203705148
2024-04-19 12:00:00,32.6,1003.7,69.11441091335229
2024-04-19 15:00:00,30.8,1006.6,67.95498445600064
2024-04-19 18:00:00,30.4,1006.9,82.58284223811447
2024-04-19 21:00:00,29.8,1005.5,84.97692867892383
2024-04-20 00:00:00,29.2,1005.8,87.96874224697314
2024-04-20 03:00:00,31.4,1008.3,76.18814229624397
2024-04-20 06:00:00,36.6,1007.2,45.97749152844388
2024-04-20 09:00:00,36.2,1004.7,55.57124264855998
2024-04-20 12:00:00,33.2,1004.0,60.03499793790983
2024-04-20 15:00:00,31.0,1006.8,77.03079038177704
2024-04-20 18:00:00,30.4,1007.7,86.54134775739186
2024-04-20 21:00:00,29.8,1006.3,84.97692867892383
2024-04-21 00:00:00,29.0,1006.5,89.51636332080271
2024-04-21 03:00:00,31.6,1008.6,73.57131384659597
2024-04-21 06:00:00,36.6,1008.0,47.10156628812264
2024-04-21 09:00:00,36.2,1005.7,53.62697094613858
2024-04-21 12:00:00,33.4,1005.6,63.76827162149033
2024-04-21 15:00:00,30.4,1007.4,81.13972960661955
2024-04-21 18:00:00,29.4,1007.8,87.98536152503398
2024-04-21 21:00:00,28.8,1007.0,92.16646996907035
2024-04-22 00:00:00,28.0,1008.2,92.12191734434786
2024-04-22 03:00:00,31.4,1009.8,72.24352874821913
2024-04-22 06:00:00,36.8,1009.3,47.15350821337292
2024-04-22 09:00:00,36.0,1006.8,45.542429698172974
2024-04-22 12:00:00,33.2,1005.6,54.188212715085356
2024-04-22 15:00:00,30.0,1008.5,76.88217771852533
2024-04-22 18:00:00,29.0,1009.1,81.9313443709877
2024-04-22 21:00:00,28.0,1006.8,87.34888747491027
2024-04-23 00:00:00,27.6,1007.3,88.88427217188078
2024-04-23 03:00:00,30.0,1009.0,75.5227593496699
2024-04-23 06:00:00,35.4,1008.3,45.941504385664295
2024-04-23 09:00:00,37.2,1006.0,30.695843943691063
2024-04-23 12:00:00,33.2,1005.5,52.24717555279882
2024-04-23 15:00:00,29.8,1007.5,75.49139258129554
2024-04-23 18:00:00,29.2,1007.9,79.08600581526997
2024-04-23 21:00:00,28.0,1006.1,84.79181717750924
2024-04-24 00:00:00,27.4,1006.9,85.74806761675889
2024-04-24 03:00:00,30.2,1008.4,74.2171474546091
2024-04-24 06:00:00,36.0,1007.8,36.252915374310945
2024-04-24 09:00:00,36.0,1005.5,52.31450796094774
2024-04-24 12:00:00,32.6,1004.7,63.22051607138405
2024-04-24 15:00:00,30.0,1007.2,78.26294962837345
2024-04-24 18:00:00,29.2,1008.3,81.95548127118022
2024-04-24 21:00:00,29.0,1006.0,84.89506306062921
2024-04-25 00:00:00,28.2,1006.6,86.33689076158295
2024-04-25 03:00:00,31.0,1008.7,76.1271052167908
2024-04-25 06:00:00,36.0,1008.4,54.5432379644633
2024-04-25 09:00:00,35.6,1006.2,54.1226737456844
2024-04-25 12:00:00,33.0,1005.9,60.35064215854658
2024-04-25 15:00:00,30.6,1007.2,74.28243957799879
2024-04-25 18:00:00,29.4,1008.0,80.53536024141098
2024-04-25 21:00:00,28.8,1005.8,83.37928484286573
2024-04-26 00:00:00,27.8,1006.9,88.89979374390309
2024-04-26 03:00:00,30.8,1008.7,77.00117625197225
2024-04-26 06:00:00,36.0,1008.2,54.5432379644633
2024-04-26 09:00:00,35.8,1006.0,51.333862410819144
2024-04-26 12:00:00,33.4,1005.1,53.583679198134604
2024-04-26 15:00:00,30.0,1007.5,74.18441432342445
2024-04-26 18:00:00,29.2,1007.8,77.68451620551635
2024-04-26 21:00:00,28.0,1006.1,85.80667728802291
2024-04-27 00:00:00,27.2,1007.0,88.85313336738866
2024-04-27 03:00:00,30.8,1008.8,73.00291172196927
2024-04-27 06:00:00,36.6,1008.3,50.01765268968246
2024-04-27 09:00:00,35.0,1006.7,50.06437844953709
2024-04-27 12:00:00,33.4,1005.5,50.11110420939171
2024-04-27 15:00:00,30.2,1007.2,71.60525312499601
2024-04-27 18:00:00,28.8,1008.2,80.45782143103412
2024-04-27 21:00:00,28.0,1007.4,85.80667728802291
2024-04-28 00:00:00,27.6,1007.0,87.31379479213656
2024-04-28 03:00:00,31.0,1008.7,73.47141965449843
2024-04-28 06:00:00,36.6,1008.2,44.06680509369811
2024-04-28 09:00:00,36.4,1006.3,53.67577880669996
2024-04-28 12:00:00,33.6,1006.0,60.48499185110832
2024-04-28 15:00:00,30.8,1008.4,75.64766286638326
2024-04-28 18:00:00,30.4,1009.1,81.13972960661955
2024-04-28 21:00:00,29.4,1007.7,86.44896966030107
2024-04-29 00:00:00,29.0,1008.8,89.51636332080271
2024-04-29 03:00:00,31.4,1010.9,76.18814229624397
2024-04-29 06:00:00,37.4,1009.9,39.44295378579946
2024-04-29 09:00:00,37.4,1007.4,45.90971950199786
2024-04-29 12:00:00,34.4,1005.8,57.499557963952576
2024-04-29 15:00:00,30.6,1008.2,78.34767637456054
2024-04-29 18:00:00,29.6,1009.2,83.46865512129703
2024-04-29 21:00:00,29.4,1007.3,84.9360766224706
2024-04-30 00:00:00,29.0,1008.1,87.95208930052544
2024-04-30 03:00:00,32.2,1009.1,71.53290094917851
2024-04-30 06:00:00,37.6,1008.2,43.27257067611209
2024-04-30 09:00:00,39.0,1004.8,36.839620968431916
2024-04-30 12:00:00,35.4,1004.1,47.93961366717973
2024-04-30 15:00:00,31.6,1006.9,74.88472135092377
2024-04-30 18:00:00,29.8,1006.2,86.48603151527291
2024-04-30 21:00:00,30.2,1005.7,84.02682856635852
2024-05-02 00:00:00,29.6,1004.6,88.00194722290112
2024-05-02 03:00:00,34.0,1006.0,61.663754542437346
2024-05-02 06:00:00,39.0,1005.3,45.50643083249067
2024-05-02 09:00:00,38.0,1002.9,53.11924164440281
2024-05-02 12:00:00,34.0,1003.5,67.37244576814547
2024-05-02 15:00:00,33.2,1005.2,74.70124317595997
2024-05-02 18:00:00,31.4,1005.8,84.15523454383928
2024-05-02 21:00:00,30.8,1003.9,88.10076112982445
2024-05-03 00:00:00,30.0,1004.7,92.23260387388135
2024-05-03 03:00:00,33.6,1007.3,63.81035576931347
2024-05-03 06:00:00,39.8,1006.6,37.50782389206015
2024-05-03 09:00:00,37.8,1004.3,53.698965002739904
2024-05-03 12:00:00,33.4,1004.6,74.29936225533098
2024-05-03 15:00:00,32.0,1007.0,72.34703340707203
2024-05-03 18:00:00,31.4,1007.6,78.92130681911149
2024-05-03 21:00:00,30.8,1005.7,79.77185498360923
2024-05-04 00:00:00,30.6,1006.4,85.55612371787966
2024-05-04 03:00:00,33.0,1009.1,67.97575322043862
2024-05-04 06:00:00,39.2,1007.4,47.490602162122514
2024-05-04 09:00:00,38.6,1004.3,47.90201811673302
2024-05-04 12:00:00,33.8,1004.1,63.852375094977866
2024-05-04 15:00:00,32.0,1006.6,77.63089769639963
2024-05-04 18:00:00,31.6,1006.5,74.88472135092377
2024-05-04 21:00:00,31.0,1004.4,88.11711421243372
2024-05-05 00:00:00,30.4,1005.0,78.31948639832048
2024-05-05 03:00:00,33.4,1006.7,66.07497389595794
2024-05-05 06:00:00,38.6,1005.4,43.27649354524844
2024-05-05 09:00:00,36.8,1003.1,58.05529218032499
2024-05-05 12:00:00,34.4,1003.0,64.35595460211525
2024-05-05 15:00:00,32.4,1005.3,69.07688914571028
2024-05-05 18:00:00,32.0,1007.0,72.34703340707203
2024-05-05 21:00:00,31.2,1004.5,79.82480457377302
2024-05-06 00:00:00,30.8,1005.4,88.10076112982445
2024-05-06 03:00:00,34.2,1007.3,66.62513546519824
2024-05-06 06:00:00,38.0,1006.5,50.97073077200724
2024-05-06 09:00:00,37.2,1004.4,56.46829869091579
2024-05-06 12:00:00,34.2,1004.1,71.05034577880605
2024-05-06 15:00:00,31.6,1006.3,84.17649005771236
2024-05-06 18:00:00,31.6,1008.1,85.65367614358674
2024-05-06 21:00:00,31.4,1006.1,81.26400040514575
2024-05-07 00:00:00,31.0,1006.9,79.79835457938422
2024-05-07 03:00:00,33.6,1009.6,74.76482410366381
2024-05-07 06:00:00,37.8,1009.1,47.98196923843544
2024-05-07 09:00:00,36.8,1006.6,49.17775632279012
2024-05-07 12:00:00,33.2,1005.8,67.21631066718778
2024-05-07 15:00:00,31.2,1008.3,77.51519693628545
2024-05-07 18:00:00,30.6,1009.5,78.34767637456054
2024-05-07 21:00:00,30.2,1009.4,79.69205742002245
2024-05-08 00:00:00,27.0,1009.5,81.19652945190819
2024-05-08 03:00:00,30.0,1011.1,61.14896099495759
2024-05-08 06:00:00,35.0,1008.5,44.726671478165436
2024-05-08 12:00:00,33.2,1005.8,62.22651784699078
2024-05-08 18:00:00,30.0,1008.2,79.66535824918688
2024-05-08 21:00:00,30.4,1006.8,81.13972960661955
2024-05-09 00:00:00,30.0,1007.3,83.5130798716472
2024-05-09 03:00:00,31.6,1009.2,74.88472135092377
2024-05-09 06:00:00,35.2,1008.7,55.00284442441817
2024-05-09 09:00:00,34.6,1006.3,55.51953672301835
2024-05-09 12:00:00,32.0,1005.7,68.5931528079531
2024-05-09 15:00:00,31.0,1007.8,73.47141965449843
2024-05-09 18:00:00,30.6,1009.5,78.34767637456054
2024-05-10 00:00:00,29.2,1008.0,81.95548127118022
2024-05-10 03:00:00,33.0,1010.0,64.44613125580591
2024-05-10 06:00:00,35.4,1009.5,53.11218922804798
2024-05-10 09:00:00,36.0,1006.9,48.38607729606916
2024-05-10 12:00:00,32.8,1006.0,62.13958951433999
2024-05-10 15:00:00,31.2,1008.9,74.82093472023674
2024-05-10 18:00:00,30.6,1010.0,76.97150804274018
2024-05-10 21:00:00,30.0,1008.3,81.08968974474207
2024-05-11 00:00:00,30.0,1008.9,82.53623329490637
2024-05-11 03:00:00,33.0,1010.8,66.78088716309055
2024-05-11 06:00:00,36.0,1010.3,52.31450796094774
2024-05-11 09:00:00,36.0,1008.0,52.31450796094774
2024-05-11 12:00:00,33.6,1007.6,63.81035576931347
2024-05-11 15:00:00,31.0,1009.6,76.1271052167908
2024-05-11 18:00:00,30.4,1010.4,79.71870652103674
2024-05-11 21:00:00,30.0,1008.8,81.08968974474207
2024-05-12 00:00:00,29.6,1008.8,83.46865512129703
2024-05-12 03:00:00,33.0,1010.9,66.78088716309055
2024-05-12 06:00:00,35.0,1009.9,56.95764470575925
2024-05-12 09:00:00,36.8,1007.4,49.17775632279012
2024-05-12 12:00:00,33.6,1006.5,61.2105584415335
2024-05-12 15:00:00,31.4,1009.6,72.24352874821913
2024-05-12 18:00:00,30.8,1009.6,77.00117625197225
2024-05-12 21:00:00,30.4,1008.1,78.31948639832048
2024-05-13 00:00:00,29.8,1008.4,81.06459831337503
2024-05-13 03:00:00,31.0,1010.5,76.57778246915782
2024-05-13 06:00:00,33.8,1009.6,63.852375094977866
2024-05-13 09:00:00,34.8,1006.3,51.3917601011513
2024-05-13 12:00:00,32.8,1006.0,63.26317222090716
2024-05-13 15:00:00,31.0,1008.5,74.7889561009917
2024-05-13 18:00:00,30.4,1008.7,76.94178563223718
2024-05-13 21:00:00,30.4,1006.9,78.31948639832048
2024-05-14 00:00:00,29.4,1007.3,80.53536024141098
2024-05-14 03:00:00,33.0,1009.5,65.60442666205464
2024-05-14 06:00:00,35.2,1009.4,55.00284442441817
2024-05-14 09:00:00,35.6,1007.2,52.21515920700269
2024-05-14 12:00:00,32.6,1006.9,67.89863459456423
2024-05-14 15:00:00,31.4,1009.1,72.24352874821913
2024-05-14 18:00:00,31.0,1009.2,74.7889561009917
2024-05-14 21:00:00,30.6,1007.8,75.61652127297627
2024-05-15 00:00:00,30.0,1008.3,81.08968974474207
2024-05-15 03:00:00,32.0,1009.9,69.82505728068918
2024-05-15 06:00:00,35.4,1008.9,47.93961366717973
2024-05-15 09:00:00,35.6,1007.3,49.166526532934895
2024-05-15 12:00:00,33.6,1006.9,61.576188549831414
2024-05-15 15:00:00,30.4,1009.8,72.93500760473812
2024-05-15 18:00:00,30.0,1010.3,75.5227593496699
2024-05-15 21:00:00,28.0,1008.2,85.80667728802291
2024-05-16 00:00:00,27.5,1007.9,91.16797669149356
2024-05-16 03:00:00,27.0,1010.8,96.5292760949642
2024-05-16 06:00:00,27.4,1010.8,92.08825670296545
2024-05-16 09:00:00,27.2,1008.3,93.72693426762005
2024-05-16 12:00:00,27.4,1007.3,92.08825670296545
2024-05-16 15:00:00,27.2,1009.7,92.07698925377626
2024-05-16 18:00:00,27.0,1009.0,93.71791865005993
2024-05-16 21:00:00,27.0,1007.4,92.06569807815053
2024-05-17 00:00:00,27.0,1007.7,92.06569807815053
2024-05-17 03:00:00,29.2,1009.3,80.5095630310082
2024-05-17 06:00:00,29.0,1009.2,87.95208930052544
2024-05-17 09:00:00,29.6,1006.7,72.36298568854065
2024-05-17 12:00:00,29.8,1006.3,78.23460259362332
2024-05-17 15:00:00,28.8,1007.6,86.39309843177878
2024-05-17 18:00:00,28.4,1008.3,87.90192756472376
2024-05-17 21:00:00,28.0,1006.7,88.91528354225218
2024-05-18 00:00:00,27.4,1006.5,92.08825670296545
2024-05-18 03:00:00,30.8,1007.6,73.00291172196927
2024-05-18 06:00:00,34.4,1007.2,56.47758336128222
2024-05-18 09:00:00,35.2,1004.6,55.00284442441817
2024-05-18 12:00:00,33.2,1003.9,63.34828851792842
2024-05-18 15:00:00,31.0,1005.9,76.1271052167908
2024-05-18 18:00:00,30.4,1006.4,78.31948639832048
2024-05-18 21:00:00,29.8,1004.4,81.06459831337503
2024-05-19 00:00:00,29.0,1004.5,83.40169277956687
2024-05-19 03:00:00,31.8,1006.0,68.55505992605102
2024-05-19 06:00:00,34.8,1005.4,54.57837119757018
2024-05-19 09:00:00,34.4,1002.7,56.47758336128222
2024-05-19 12:00:00,32.0,1001.6,67.38029965170892
2024-05-19 15:00:00,30.4,1004.8,78.31948639832048
2024-05-19 18:00:00,30.0,1005.2,82.53623329490637
2024-05-19 21:00:00,28.8,1003.2,86.39309843177878
2024-05-20 00:00:00,29.0,1003.5,86.41175942849821
2024-05-20 03:00:00,29.6,1005.8,88.00194722290112
2024-05-20 06:00:00,32.8,1005.1,70.38545749833996
2024-05-20 09:00:00,34.2,1002.7,60.618752169673485
2024-05-20 12:00:00,32.6,1001.8,65.52306428907129
2024-05-20 15:00:00,31.0,1006.0,73.47141965449843
2024-05-20 18:00:00,30.2,1005.2,82.5595602209085
2024-05-20 21:00:00,29.4,1003.2,83.4463778105949
2024-05-21 00:00:00,29.2,1002.9,86.43038313933076
2024-05-21 03:00:00,31.0,1004.5,76.1271052167908
2024-05-21 06:00:00,34.6,1004.2,56.524933034712646
2024-05-21 09:00:00,34.4,1002.6,59.59215392807818
2024-05-21 12:00:00,29.4,1002.3,84.9360766224706
2024-05-21 15:00:00,29.4,1004.0,81.97957178446406
2024-05-21 18:00:00,28.8,1004.6,87.93540259721783
2024-05-21 21:00:00,29.4,1002.8,81.97957178446406
2024-05-22 00:00:00,29.0,1003.1,84.89506306062921
2024-05-22 03:00:00,31.0,1004.1,72.1742265807024
2024-05-22 06:00:00,29.4,1003.5,92.19964051006788
2024-05-22 09:00:00,35.2,1001.1,55.99588621396323
2024-05-22 12:00:00,33.2,1000.7,64.48770817549526
2024-05-22 15:00:00,29.6,1002.9,86.46751908713752
2024-05-22 18:00:00,29.4,1003.8,86.44896966030107
2024-05-22 21:00:00,28.4,1000.8,84.83323810049623
2024-05-23 00:00:00,28.8,1001.3,90.55942797559786
2024-05-23 03:00:00,31.8,1003.4,73.60449518826249
2024-05-23 06:00:00,35.2,1002.6,54.02524542945505
2024-05-23 09:00:00,36.4,1000.4,54.964452023066976
2024-05-23 12:00:00,33.8,999.9,64.9948432310438
2024-05-23 15:00:00,31.4,1002.5,74.85285642920122
2024-05-23 18:00:00,31.0,1002.5,79.79835457938422
2024-05-23 21:00:00,30.0,1000.8,82.53623329490637
2024-05-24 00:00:00,29.0,1000.8,80.48371679996085
2024-05-24 03:00:00,32.2,1002.4,62.75759984410254
2024-05-24 06:00:00,37.8,1001.1,50.920729880972495
2024-05-24 09:00:00,37.2,999.0,56.46829869091579
2024-05-24 12:00:00,34.8,998.5,65.58229461658019
2024-05-24 15:00:00,32.2,1000.9,69.86192099541918
2024-05-24 18:00:00,31.6,1001.5,80.34554512689967
2024-05-24 21:00:00,31.2,999.7,74.82093472023674
2024-05-25 00:00:00,30.6,999.0,74.28243957799879
2024-05-25 03:00:00,32.6,1000.6,61.72510709079442
2024-05-25 06:00:00,36.6,1000.4,48.832792621081225
2024-05-25 09:00:00,37.6,998.7,44.064527786702996
2024-05-25 12:00:00,34.4,999.1,65.50141485922862
2024-05-25 15:00:00,32.0,1001.7,84.21887731452384
2024-05-25 18:00:00,31.2,1001.9,81.23924051845427
2024-05-25 21:00:00,31.8,1000.6,69.78813164326573
2024-05-26 00:00:00,31.4,1000.6,59.989475281496674
2024-05-26 03:00:00,32.0,1002.4,52.26545370306257
2024-05-26 06:00:00,36.2,1002.3,45.87258435676028
2024-05-26 09:00:00,39.0,1009.6,35.94792220918703
2024-05-26 12:00:00,39.0,998.4,35.07520089076709
2024-05-26 15:00:00,34.6,1000.5,50.41729520575189
2024-05-26 18:00:00,32.6,1002.0,59.54003872035679
2024-05-26 21:00:00,32.4,999.8,52.68765751422521
2024-05-27 00:00:00,31.2,1000.4,52.710735539122425
2024-05-27 03:00:00,33.0,1002.5,52.19700204876771
2024-05-27 06:00:00,37.4,1002.2,37.781873243647226
2024-05-27 09:00:00,40.4,999.7,36.54550672322151
2024-05-27 12:00:00,39.8,998.6,33.600341369790975
2024-05-27 15:00:00,33.2,1001.9,67.21631066718778
2024-05-27 18:00:00,33.2,1001.9,66.8204347704166
2024-05-27 21:00:00,31.2,1001.5,72.20890765279174
2024-05-28 00:00:00,30.6,1001.9,70.40290332892224
2024-05-28 03:00:00,33.8,1003.2,50.52043098784162
2024-05-28 06:00:00,37.8,1002.5,39.79310136191578
2024-05-28 09:00:00,40.4,1000.7,32.54021696989336
2024-05-28 12:00:00,39.8,999.6,35.943354739958366
2024-05-28 15:00:00,33.6,1002.1,58.00441896805416
2024-05-28 18:00:00,32.2,1002.4,71.53290094917851
2024-05-28 21:00:00,32.0,1001.1,62.71443976755974
2024-05-29 00:00:00,31.4,1002.0,59.989475281496674
2024-05-29 03:00:00,33.2,1003.5,51.299708268572545
2024-05-29 06:00:00,37.6,1002.4,36.23664784822193
2024-05-29 09:00:00,40.6,1000.4,29.893481915036663
2024-05-29 12:00:00,40.2,999.6,31.694485923523214
2024-05-29 15:00:00,33.0,1002.4,63.305763001067604
2024-05-29 18:00:00,31.8,1002.8,74.91652960815853
2024-05-29 21:00:00,31.0,1001.8,73.03677480564438
2024-05-30 00:00:00,30.0,1002.3,78.26294962837345
2024-05-30 03:00:00,33.4,1004.0,61.166394066179166
2024-05-30 06:00:00,38.8,1003.3,40.06155119688686
2024-05-30 09:00:00,39.4,1000.8,42.20520981943683
2024-05-30 12:00:00,36.0,1001.0,56.5192316286057
2024-05-30 15:00:00,34.0,1002.9,62.77037868066636
2024-05-30 18:00:00,33.2,1003.4,68.41626758283552
2024-05-30 21:00:00,32.0,1001.9,80.39702320863196
2024-05-31 00:00:00,31.2,1002.9,81.23924051845427
2024-05-31 03:00:00,34.8,1004.0,55.567469839769586
2024-05-31 06:00:00,40.6,1003.3,33.60857630805537
2024-05-31 09:00:00,39.0,1000.9,46.326168035672964
2024-05-31 12:00:00,36.4,1000.8,52.72669227146169
2024-05-31 15:00:00,33.4,1003.5,73.0114248312194
2024-05-31 18:00:00,31.8,1004.4,84.19770428043
2024-05-31 21:00:00,32.0,1002.6,77.63089769639963
2024-06-01 00:00:00,31.4,1003.3,78.92130681911149
2024-06-01 03:00:00,33.2,1004.8,71.70815945941659
2024-06-01 06:00:00,39.0,1004.1,44.43320156536042
2024-06-01 09:00:00,37.2,1001.6,55.4815305813256
2024-06-01 12:00:00,34.0,1001.9,67.37244576814547
2024-06-01 15:00:00,31.8,1004.9,81.78802115273777
2024-06-01 18:00:00,31.2,1006.1,63.301037088202364
2024-06-01 21:00:00,29.6,1003.9,66.09873806993735
2024-06-02 00:00:00,29.8,1004.4,67.3516781237725
2024-06-02 03:00:00,31.4,1007.0,61.08987992237482
2024-06-02 06:00:00,36.8,1005.5,45.202582325350185
2024-06-02 09:00:00,36.6,1004.3,50.01765268968246
2024-06-02 12:00:00,33.2,1003.5,62.22651784699078
2024-06-02 15:00:00,31.4,1006.2,72.24352874821913
2024-06-02 18:00:00,31.0,1007.4,78.40390010984709
2024-06-02 21:00:00,27.0,1004.3,88.83751596451742
2024-06-03 00:00:00,27.2,1005.7,84.20248990010974
2024-06-03 03:00:00,29.8,1008.2,79.63860889063328
2024-06-03 06:00:00,33.4,1008.3,53.583679198134604
2024-06-03 09:00:00,33.6,1005.6,59.056399786976336
2024-06-03 12:00:00,33.0,1004.8,57.5169590004615
2024-06-03 15:00:00,30.2,1006.6,75.55406963834521
2024-06-03 18:00:00,29.4,1007.2,80.53536024141098
2024-06-03 21:00:00,29.4,1006.5,84.9360766224706
2024-06-04 00:00:00,29.0,1007.0,87.95208930052544
2024-06-04 03:00:00,31.6,1008.2,73.57131384659597
2024-06-04 06:00:00,35.8,1007.6,55.475789549089846
2024-06-04 09:00:00,33.2,1005.3,61.08881200301209
2024-06-04 12:00:00,30.6,1005.9,66.70183445693432
2024-06-04 15:00:00,27.2,1007.1,96.53432701791446
2024-06-04 18:00:00,28.4,1008.1,92.14424033203443
2024-06-04 21:00:00,29.0,1006.0,89.51636332080271
2024-06-05 00:00:00,28.6,1007.2,87.91868204829599
2024-06-05 03:00:00,30.2,1008.5,78.29124418971334
2024-06-05 06:00:00,35.0,1008.1,56.95764470575925
2024-06-05 09:00:00,33.4,1005.1,68.4542986966963
2024-06-05 12:00:00,25.6,1006.8,94.78110774663195
2024-06-05 15:00:00,26.6,1007.8,98.24609415561163
2024-06-05 18:00:00,27.0,1008.8,93.71791865005993
2024-06-05 21:00:00,27.2,1006.5,92.07698925377626
2024-06-06 00:00:00,27.0,1007.4,93.71791865005993
2024-06-06 03:00:00,27.6,1010.3,87.31379479213656
2024-06-06 06:00:00,31.6,1009.4,71.00478678077775
2024-06-06 09:00:00,34.6,1006.4,56.524933034712646
2024-06-06 12:00:00,31.4,1005.9,76.18814229624397
2024-06-06 15:00:00,26.0,1008.8,94.79622941585653
2024-06-06 18:00:00,26.0,1008.7,96.503856108436
2024-06-07 00:00:00,26.4,1006.5,94.81128607168019
2024-06-07 03:00:00,27.0,1008.3,93.71791865005993
2024-06-07 06:00:00,29.2,1008.3,86.43038313933076
2024-06-07 09:00:00,32.0,1005.5,71.07626571001893
2024-06-07 12:00:00,31.0,1004.8,78.40390010984709
2024-06-07 15:00:00,29.6,1006.6,84.95652278782288
2024-06-07 18:00:00,29.4,1008.2,84.9360766224706
2024-06-07 21:00:00,26.6,1006.4,85.66937200749226
2024-06-08 00:00:00,26.8,1006.8,82.65347894376836
2024-06-08 03:00:00,28.4,1007.6,81.85865421535438
2024-06-08 06:00:00,32.8,1007.2,71.63823581141993
2024-06-08 09:00:00,34.0,1004.9,51.81527988036216
2024-06-08 12:00:00,32.4,1003.7,65.48228630790443
2024-06-08 15:00:00,30.4,1005.7,81.13972960661955
2024-06-08 18:00:00,29.4,1006.5,80.53536024141098
2024-06-08 21:00:00,28.4,1005.1,81.85865421535438
2024-06-09 00:00:00,27.8,1005.0,85.78717977072007
2024-06-09 03:00:00,30.4,1006.9,70.36635155961307
2024-06-09 06:00:00,34.8,1006.2,48.369264142818636
2024-06-09 09:00:00,35.2,1004.0,45.8888450476227
2024-06-09 12:00:00,33.6,1002.9,60.48499185110832
2024-06-09 15:00:00,29.8,1005.9,83.49088910584811
2024-06-09 18:00:00,29.8,1006.2,86.48603151527291
2024-06-09 21:00:00,29.2,1005.0,87.96874224697314
2024-06-10 00:00:00,28.5,1005.0,88.43074361433187
2024-06-10 03:00:00,31.4,1006.7,62.20792223032527
2024-06-10 06:00:00,35.6,1005.8,46.274902906140255
2024-06-10 09:00:00,37.8,1004.0,40.775662191210785
2024-06-10 12:00:00,33.6,1006.3,52.66619140083634
2024-06-10 15:00:00,27.2,1006.6,93.72693426762005
2024-06-10 18:00:00,29.2,1007.0,69.72295309892432
2024-06-10 21:00:00,27.6,1005.5,81.27196286112057
2024-06-11 00:00:00,27.7,1005.5,80.31451329268283
2024-06-11 03:00:00,30.0,1007.0,67.39116386417841
2024-06-11 06:00:00,34.4,1006.2,50.981169991683494
2024-06-11 09:00:00,35.4,1004.2,50.0134364106607
2024-06-11 12:00:00,36.0,1003.4,46.37973350596264
2024-06-11 15:00:00,31.8,1005.2,72.31259150236149
2024-06-11 18:00:00,27.6,1006.1,93.74490804295253
2024-06-11 21:00:00,28.0,1005.9,93.76280556198172
2024-06-12 00:00:00,27.0,1006.5,95.39600874452509
2024-06-12 03:00:00,29.2,1008.3,69.72295309892432
2024-06-12 06:00:00,33.0,1008.1,56.48476343652975
2024-06-12 09:00:00,35.8,1005.2,48.33450439193775
2024-06-12 12:00:00,33.8,1004.6,57.01603340699637
2024-06-12 15:00:00,32.0,1006.9,60.12540926930006
2024-06-12 18:00:00,25.0,1008.8,98.22526839673633
2024-06-12 21:00:00,25.4,1006.7,91.42347038708563
2024-06-13 00:00:00,25.6,1007.7,91.43570721258781
2024-06-13 03:00:00,30.6,1008.1,63.94211751218886
2024-06-13 06:00:00,34.2,1007.8,50.93053928782519
2024-06-13 09:00:00,34.8,1005.4,50.4681130797898
2024-06-13 12:00:00,34.0,1004.3,61.663754542437346
2024-06-13 15:00:00,29.8,1007.1,69.83477481244167
2024-06-13 18:00:00,28.8,1006.5,72.2237174181299
2024-06-13 21:00:00,28.4,1005.5,77.56787120852722
2024-06-14 00:00:00,28.0,1005.8,84.79181717750924
2024-06-14 03:00:00,29.2,1007.1,74.94658155009306
2024-06-14 06:00:00,32.0,1006.4,61.59314569456349
2024-06-14 09:00:00,36.0,1004.6,45.542429698172974
2024-06-14 12:00:00,36.4,1003.5,44.013743193713786
2024-06-14 15:00:00,31.8,1006.0,69.78813164326573
2024-06-14 18:00:00,30.6,1006.2,86.55971313917948
2024-06-14 21:00:00,29.6,1004.6,91.14232765587903
2024-06-15 00:00:00,29.0,1004.7,80.48371679996085
2024-06-15 03:00:00,30.4,1006.1,66.260929935805
2024-06-15 06:00:00,31.4,1005.8,62.20792223032527
2024-06-15 09:00:00,33.8,1004.0,53.682250230841014
2024-06-15 12:00:00,33.0,1003.5,61.07786865205016
2024-06-15 15:00:00,30.6,1005.4,75.61652127297627
2024-06-15 18:00:00,30.2,1006.3,84.02682856635852
2024-06-15 21:00:00,29.0,1004.9,89.51636332080271
2024-06-16 00:00:00,28.6,1005.3,88.96156313904507
2024-06-16 03:00:00,31.6,1006.4,68.51690400466761
2024-06-16 06:00:00,35.6,1005.9,46.274902906140255
2024-06-16 09:00:00,38.0,1004.0,36.56968070154563
2024-06-16 12:00:00,34.8,1003.1,53.604715254024796
2024-06-16 15:00:00,31.4,1005.5,69.71409411644107
2024-06-16 18:00:00,29.0,1006.5,87.95208930052544
2024-06-16 21:00:00,27.6,1006.0,79.81995065848324
2024-06-17 00:00:00,27.6,1005.8,76.98390463811192
2024-06-17 03:00:00,30.0,1007.3,71.5698382304094
2024-06-17 06:00:00,35.4,1006.3,50.0134364106607
2024-06-17 09:00:00,37.6,1004.3,41.47296725483938
2024-06-17 12:00:00,34.6,1004.4,64.39740048201318
2024-06-17 15:00:00,31.4,1005.4,69.71409411644107
2024-06-17 18:00:00,30.6,1006.5,85.55612371787966
2024-06-17 21:00:00,24.0,1007.1,100.0
2024-06-18 00:00:00,24.7,1005.6,97.05097583155003
2024-06-18 03:00:00,26.0,1007.3,90.37112970835472
2024-06-18 06:00:00,30.4,1006.4,72.93500760473812
2024-06-18 09:00:00,35.0,1004.3,56.95764470575925
2024-06-18 12:00:00,33.6,1002.9,64.95378562281357
2024-06-18 15:00:00,30.6,1005.0,81.16467826556904
2024-06-18 18:00:00,24.2,1007.5,98.21471657176035
2024-06-18 21:00:00,25.0,1005.0,94.7583025301895
2024-06-19 00:00:00,26.0,1004.4,92.00888400052642
2024-06-19 03:00:00,28.6,1006.0,84.8538871735531
2024-06-19 06:00:00,31.8,1005.9,67.34108781459214
2024-06-19 09:00:00,34.8,1003.2,57.936588421156856
2024-06-19 12:00:00,28.0,1002.6,93.76280556198172
2024-06-19 15:00:00,27.2,1005.2,82.70035172790627
2024-06-19 18:00:00,26.6,1006.6,82.62997382431229
2024-06-19 21:00:00,26.4,1005.1,84.11596226208941
2024-06-20 00:00:00,26.2,1004.7,85.62978692730046
2024-06-20 03:00:00,29.0,1006.0,77.65543578652992
2024-06-20 06:00:00,33.8,1006.1,61.62000418347626
2024-06-20 12:00:00,34.6,1002.2,59.992245908871396
2024-06-20 15:00:00,31.0,1004.5,73.47141965449843
2024-06-20 18:00:00,26.4,1005.9,94.81128607168019
2024-06-20 21:00:00,26.6,1004.6,87.22543835052973
2024-06-21 00:00:00,26.6,1005.0,79.6854136873141
2024-06-21 03:00:00,29.6,1006.1,69.7975639784289
2024-06-21 06:00:00,33.6,1005.3,51.40088317557658
2024-06-21 09:00:00,36.0,1002.8,47.51709753362507
2024-06-21 12:00:00,35.2,1001.9,51.80309518672777
2024-06-21 15:00:00,27.2,1004.0,93.72693426762005
2024-06-21 18:00:00,27.0,1004.8,92.06569807815053
2024-06-21 21:00:00,27.2,1002.1,87.27855968744687
2024-06-22 00:00:00,26.8,1002.5,88.82186644716782
2024-06-22 03:00:00,30.2,1004.3,75.55406963834521
2024-06-22 06:00:00,33.8,1003.5,55.99737982292572
2024-06-22 09:00:00,35.6,1000.6,52.21515920700269
2024-06-22 12:00:00,34.6,1000.5,53.55559032656666
2024-06-22 15:00:00,31.0,1002.2,78.40390010984709
2024-06-22 18:00:00,29.0,1004.2,83.40169277956687
2024-06-22 21:00:00,28.2,1002.1,87.36638064071765
2024-06-23 00:00:00,27.8,1002.0,92.11072068322818
2024-06-23 03:00:00,30.2,1003.2,72.90096632227306
2024-06-23 06:00:00,34.2,1002.6,59.54690108998311
2024-06-23 09:00:00,36.0,1000.4,54.5432379644633
2024-06-23 12:00:00,34.0,999.5,72.2666783322714
2024-06-23 15:00:00,30.0,1002.2,70.29306142592459
2024-06-23 18:00:00,30.2,1002.9,88.051503713093
2024-06-23 21:00:00,29.6,1002.5,72.36298568854065
2024-06-24 00:00:00,28.6,1002.0,76.21281246926864
2024-06-24 03:00:00,29.4,1003.6,79.11344799319119
2024-06-24 06:00:00,31.2,1002.5,65.62945434667039
2024-06-24 09:00:00,34.2,1000.8,56.430169062022074
2024-06-24 12:00:00,35.0,999.8,51.75303582520855
2024-06-24 15:00:00,31.2,1002.5,73.50477620307173
2024-06-24 18:00:00,30.2,1002.5,72.90096632227306
2024-06-24 21:00:00,29.6,1000.3,75.45996920875774
2024-06-25 00:00:00,28.6,1002.2,74.85017612547131
2024-06-25 03:00:00,31.6,1003.0,61.134420163955696
2024-06-25 06:00:00,35.0,1002.3,47.54554171711145
2024-06-25 09:00:00,34.8,1000.3,52.64629722905695
2024-06-25 12:00:00,33.6,999.8,62.6845670375821
2024-06-25 15:00:00,31.4,1001.5,73.53807422593974
2024-06-25 18:00:00,29.2,1002.5,73.60956501820533
2024-06-25 21:00:00,28.8,1001.3,74.88236905493878
2024-06-26 00:00:00,28.6,1001.6,76.21281246926864
2024-06-26 03:00:00,29.4,1002.8,72.32825969825754
2024-06-26 06:00:00,31.6,1004.5,63.768916444962564
2024-06-26 09:00:00,33.8,1001.5,52.715998685959256
2024-06-26 12:00:00,34.0,1000.8,60.57423072351323
2024-06-26 15:00:00,31.2,1002.4,69.67698198453844
2024-06-26 18:00:00,31.0,1003.3,65.58856385714532
2024-06-26 21:00:00,30.4,1001.9,69.11197515651446
2024-06-27 00:00:00,29.6,1002.1,71.07014207384191
2024-06-27 03:00:00,29.8,1004.8,75.49139258129554
2024-06-27 06:00:00,31.6,1004.5,63.768916444962564
2024-06-27 09:00:00,33.2,1003.7,56.53234399526844
2024-06-27 12:00:00,32.4,1002.7,57.029314759535474
2024-06-27 15:00:00,31.2,1004.8,56.05359172338208
2024-06-27 18:00:00,31.0,1006.0,56.00535491373798
2024-06-27 21:00:00,29.4,1005.2,73.6429959001216
2024-06-28 00:00:00,30.6,1005.6,63.94211751218886
2024-06-28 03:00:00,31.4,1006.7,69.71409411644107
2024-06-28 06:00:00,33.0,1005.7,56.48476343652975
2024-06-28 09:00:00,35.8,1003.2,50.11512177516556
2024-06-28 12:00:00,34.0,1002.2,58.445589633486186
2024-06-28 15:00:00,30.8,1004.4,77.00117625197225
2024-06-28 18:00:00,30.2,1005.0,82.5595602209085
2024-06-28 21:00:00,29.6,1004.5,79.6118092261478
2024-06-29 00:00:00,28.6,1005.3,80.43187680667027
2024-06-29 03:00:00,30.6,1006.7,67.91613145039247
2024-06-29 06:00:00,34.6,1005.5,50.41729520575189
2024-06-29 09:00:00,36.2,1004.3,46.71403870318333
2024-06-29 12:00:00,33.8,1004.0,62.727505384680136
2024-06-29 15:00:00,30.6,1005.9,79.74530566981048
2024-06-29 18:00:00,30.0,1006.8,82.53623329490637
2024-06-29 21:00:00,29.4,1005.6,83.4463778105949
2024-06-30 00:00:00,28.4,1006.1,84.83323810049623
2024-06-30 03:00:00,30.0,1007.3,78.26294962837345
2024-06-30 06:00:00,31.6,1007.4,68.51690400466761
2024-06-30 09:00:00,33.0,1005.6,62.18308645409979
2024-06-30 12:00:00,32.4,1005.0,77.68843149770223
2024-06-30 15:00:00,30.6,1007.5,82.60607945629376
2024-06-30 18:00:00,29.0,1008.8,81.9313443709877
2024-06-30 21:00:00,27.2,1006.4,85.72845277885752
2024-07-01 00:00:00,28.0,1006.8,88.91528354225218
2024-07-01 03:00:00,28.4,1008.0,87.90192756472376
2024-07-01 06:00:00,32.0,1007.4,71.07626571001893
2024-07-01 09:00:00,33.8,1004.9,58.050869508005654
2024-07-01 12:00:00,32.8,1004.5,64.40448947276589
2024-07-01 15:00:00,31.0,1006.7,78.40390010984709
2024-07-01 18:00:00,30.0,1007.4,82.53623329490637
2024-07-01 21:00:00,29.0,1005.0,87.95208930052544
2024-07-02 00:00:00,28.2,1005.1,88.93074165144274
2024-07-02 03:00:00,31.6,1006.5,62.25158297844957
2024-07-02 06:00:00,35.2,1005.6,55.99588621396323
2024-07-02 09:00:00,36.4,1003.6,48.78152494046583
2024-07-02 12:00:00,36.6,1002.8,45.14992148381815
2024-07-02 15:00:00,31.0,1004.5,72.60438040418218
2024-07-02 18:00:00,30.2,1005.0,82.5595602209085
2024-07-02 21:00:00,29.6,1004.5,79.6118092261478
2024-07-03 00:00:00,28.8,1005.2,83.37928484286573
2024-07-03 03:00:00,31.0,1006.8,67.18360034863548
2024-07-03 06:00:00,35.2,1006.4,50.87551178411221
2024-07-03 09:00:00,37.0,1003.1,53.18854985835784
2024-07-03 12:00:00,36.8,1002.5,45.202582325350185
2024-07-03 15:00:00,31.4,1006.5,77.54420157006253
2024-07-03 18:00:00,26.0,1007.6,94.79622941585653
2024-07-03 21:00:00,26.0,1006.1,94.79622941585653
2024-07-04 00:00:00,26.8,1005.9,95.38933139322062
2024-07-04 03:00:00,28.8,1007.8,89.50172004038727
2024-07-04 06:00:00,33.4,1006.9,48.00543683508618
2024-07-04 09:00:00,34.0,1005.2,55.04309180081118
2024-07-04 12:00:00,34.4,1004.0,57.499557963952576
2024-07-04 15:00:00,30.8,1006.2,73.00291172196927
2024-07-04 18:00:00,29.8,1007.0,78.23460259362332
2024-07-04 21:00:00,29.2,1005.2,87.96874224697314
2024-07-05 00:00:00,29.0,1005.6,84.89506306062921
2024-07-05 03:00:00,30.6,1006.7,69.14973459026399
2024-07-05 06:00:00,34.2,1005.6,54.105694175209415
2024-07-05 09:00:00,36.2,1003.1,46.71403870318333
2024-07-05 12:00:00,33.0,1001.8,63.305763001067604
2024-07-05 15:00:00,31.0,1004.3,79.79835457938422
2024-07-05 18:00:00,24.2,1006.6,100.0
2024-07-05 21:00:00,25.2,1004.1,96.48331975462109
2024-07-06 00:00:00,25.8,1005.4,96.49873881355717
2024-07-06 03:00:00,27.0,1006.2,95.39600874452509
2024-07-06 06:00:00,28.4,1005.7,84.83323810049623
2024-07-06 09:00:00,29.6,1004.3,74.118773297339
2024-07-06 12:00:00,29.6,1002.6,81.03945906223336
2024-07-06 15:00:00,28.2,1004.4,90.51953760720181
2024-07-06 18:00:00,28.8,1005.4,86.39309843177878
2024-07-06 21:00:00,28.6,1004.2,83.35683314726084
2024-07-07 00:00:00,27.4,1004.0,84.22401507730588
2024-07-07 03:00:00,29.2,1005.7,74.94658155009306
2024-07-07 06:00:00,33.6,1005.3,53.632996598820334
2024-07-07 09:00:00,35.4,1003.2,50.0134364106607
2024-07-07 12:00:00,31.6,1003.1,62.25158297844957
2024-07-07 15:00:00,26.6,1005.6,94.8187901348208
2024-07-07 18:00:00,26.0,1005.6,93.67255110424425
2024-07-07 21:00:00,26.6,1004.0,94.8187901348208
2024-07-08 00:00:00,26.4,1003.2,93.69075623120435
2024-07-08 03:00:00,27.5,1004.9,88.34993939594236
2024-07-08 06:00:00,31.0,1004.6,70.89711040322032
2024-07-08 09:00:00,33.0,1002.5,54.139154488709806
2024-07-08 12:00:00,32.4,1001.5,56.00051948884619
2024-07-08 18:00:00,30.0,1005.2,82.53623329490637
2024-07-08 21:00:00,28.5,1003.7,77.11838153097447
2024-07-09 00:00:00,26.2,1004.3,94.80376584735212
2024-07-09 03:00:00,26.6,1006.7,93.69982968596882
2024-07-09 06:00:00,30.6,1006.2,70.40290332892224
2024-07-09 09:00:00,31.8,1004.8,76.24895936494288
2024-07-09 12:00:00,31.0,1004.0,82.65241993308152
2024-07-09 15:00:00,29.0,1005.9,83.40169277956687
2024-07-09 18:00:00,29.0,1006.5,90.57266984744003
2024-07-09 21:00:00,28.6,1006.0,92.1553667873356
2024-07-10 00:00:00,27.8,1006.8,92.11072068322818
2024-07-10 03:00:00,30.8,1008.2,66.74179537984483
2024-07-10 06:00:00,34.6,1007.3,58.933037767250966
2024-07-10 09:00:00,36.0,1005.8,47.51709753362507
2024-07-10 12:00:00,32.8,1005.3,59.58555475694366
2024-07-10 15:00:00,30.6,1007.1,88.08437507661748
2024-07-10 18:00:00,30.6,1008.0,89.63243672691948
2024-07-10 21:00:00,24.0,1008.1,100.0
2024-07-11 00:00:00,25.2,1007.6,98.227891780213
2024-07-11 03:00:00,26.2,1008.6,96.5089622614157
2024-07-11 06:00:00,28.4,1007.7,90.53286192976505
2024-07-11 09:00:00,30.8,1005.1,71.71113203855039
2024-07-11 12:00:00,30.2,1004.0,82.5595602209085
2024-07-11 15:00:00,28.4,1005.3,86.35566419509173
2024-07-11 18:00:00,28.0,1006.0,90.50618565208272
2024-07-11 21:00:00,28.0,1004.6,92.12191734434786
2024-07-12 00:00:00,27.8,1004.9,92.11072068322818
2024-07-12 03:00:00,30.8,1006.0,74.31499881924898
2024-07-12 06:00:00,34.0,1005.4,63.89432970526357
2024-07-12 09:00:00,35.4,1003.0,54.073991186560164
2024-07-12 12:00:00,33.5,1001.8,64.54995217520091
2024-07-12 15:00:00,30.6,1005.2,81.16467826556904
2024-07-12 18:00:00,25.6,1007.2,98.23312117951836
2024-07-12 21:00:00,25.6,1005.5,94.78110774663195
2024-07-13 00:00:00,26.0,1004.4,94.79622941585653
2024-07-13 03:00:00,27.0,1005.3,90.43900875787912
2024-07-13 06:00:00,31.2,1004.9,73.50477620307173
2024-07-13 09:00:00,32.6,1003.4,74.16993343049164
2024-07-13 12:00:00,31.2,1002.3,81.23924051845427
2024-07-13 18:00:00,28.2,1003.8,80.37983931978188
2024-07-13 21:00:00,27.0,1003.1,84.18092213796281
2024-07-14 00:00:00,26.4,1003.9,94.81128607168019
2024-07-14 03:00:00,27.2,1004.2,90.45250000428203
2024-07-14 06:00:00,29.2,1003.8,77.68451620551635
2024-07-14 09:00:00,30.0,1001.9,76.88217771852533
2024-07-14 12:00:00,29.7,1001.2,81.53258319515074
2024-07-14 15:00:00,28.6,1002.9,87.91868204829599
2024-07-14 18:00:00,29.0,1004.3,84.89506306062921
2024-07-14 21:00:00,27.4,1002.1,81.24686676192346
2024-07-15 00:00:00,26.7,1002.7,84.65605946846192
2024-07-15 03:00:00,27.0,1003.7,84.18092213796281
2024-07-15 06:00:00,29.4,1003.9,76.33535606218936
2024-07-15 09:00:00,27.4,1001.8,93.73593071403404
2024-07-15 12:00:00,28.0,1001.1,90.50618565208272
2024-07-15 15:00:00,27.6,1002.1,82.7470419948832
2024-07-15 18:00:00,27.6,1002.7,82.7470419948832
2024-07-15 21:00:00,27.4,1001.6,82.72371961951407
2024-07-16 00:00:00,27.2,1002.5,79.76628914637874
2024-07-16 03:00:00,27.8,1003.8,78.41909711972701
2024-07-16 06:00:00,31.0,1002.9,65.58856385714532
2024-07-16 09:00:00,31.4,1001.7,64.49787905022467
2024-07-16 12:00:00,30.8,1000.8,66.74179537984483
2024-07-16 15:00:00,29.2,1003.2,73.60956501820533
2024-07-16 18:00:00,28.6,1004.0,73.50891633549199
2024-07-16 21:00:00,28.2,1002.9,76.15120458899845
2024-07-17 03:00:00,27.8,1005.5,81.29701074620921
2024-07-17 06:00:00,31.8,1004.1,66.14596424716504
2024-07-17 09:00:00,34.4,1002.3,52.23042332735089
2024-07-17 12:00:00,33.0,1001.6,62.18308645409979
2024-07-17 15:00:00,31.2,1003.9,64.45604167734498
2024-07-17 18:00:00,30.4,1004.7,69.11197515651446
2024-07-17 21:00:00,29.0,1002.7,72.25862568930161
2024-07-18 00:00:00,28.4,1002.6,77.56787120852722
2024-07-18 03:00:00,28.6,1005.0,72.18874813372028
2024-07-18 06:00:00,31.4,1004.5,64.49787905022467
2024-07-18 09:00:00,31.8,1002.0,64.96944081021161
2024-07-18 12:00:00,27.4,1003.1,90.46596324112937
2024-07-18 15:00:00,26.4,1003.6,89.85959327286703
2024-07-18 18:00:00,27.8,1004.2,77.4798190492428
2024-07-18 21:00:00,27.2,1002.1,75.53609118292528
2024-07-19 00:00:00,27.0,1003.2,75.50441651181359
2024-07-19 03:00:00,27.8,1004.1,74.26945688504365
2024-07-19 06:00:00,31.4,1002.9,63.34384135735378
2024-07-19 09:00:00,32.4,1001.1,63.9379440059793
2024-07-19 12:00:00,30.0,1000.7,67.39116386417841
2024-07-19 15:00:00,28.6,1003.3,74.85017612547131
2024-07-19 18:00:00,28.2,1003.6,74.33521026919057
2024-07-19 21:00:00,27.6,1002.0,75.59926777139484
2024-07-20 06:00:00,31.8,1004.1,63.81127171847181
2024-07-20 09:00:00,33.0,1002.2,59.989879094366785
2024-07-20 12:00:00,33.2,1001.6,64.48770817549526
2024-07-20 15:00:00,30.0,1003.8,75.5227593496699
2024-07-20 18:00:00,31.0,1004.3,74.7889561009917
2024-07-20 21:00:00,29.4,1003.4,68.50651160978764
2024-07-21 00:00:00,28.2,1003.8,70.38726092133687
2024-07-21 03:00:00,30.2,1005.1,71.60525312499601
2024-07-21 06:00:00,32.2,1004.6,67.82126335429727
2024-07-21 09:00:00,34.0,1003.0,55.04309180081118
2024-07-21 12:00:00,33.4,1002.5,55.56523594731952
2024-07-21 15:00:00,31.0,1005.3,70.89711040322032
2024-07-21 18:00:00,30.8,1005.4,62.83365155694164
2024-07-21 21:00:00,29.4,1005.0,71.03411577940795
2024-07-22 00:00:00,28.8,1005.2,77.62630156297041
2024-07-22 03:00:00,29.6,1006.9,76.82235153000387
2024-07-22 06:00:00,33.4,1006.3,67.25543915862544
2024-07-22 09:00:00,34.0,1004.4,58.445589633486186
2024-07-22 12:00:00,31.4,1004.8,77.54420157006253
2024-07-22 15:00:00,31.0,1006.9,72.1742265807024
2024-07-22 18:00:00,30.4,1007.3,74.24982249791255
2024-07-22 21:00:00,29.4,1006.6,69.76029011528094
2024-07-23 00:00:00,28.6,1007.0,66.70492848245004
2024-07-23 03:00:00,30.0,1008.1,66.17996487728405
2024-07-23 06:00:00,34.4,1007.3,61.02394829813572
2024-07-23 09:00:00,35.2,1005.2,60.12663558886312
2024-07-23 12:00:00,34.4,1004.1,57.499557963952576
2024-07-23 15:00:00,26.4,1007.2,98.24351098143454
2024-07-23 18:00:00,27.2,1007.3,92.07698925377626
2024-07-23 21:00:00,27.5,1006.2,80.77258068065746
2024-07-24 00:00:00,27.6,1005.8,72.89528290675949
2024-07-24 03:00:00,29.6,1006.5,66.09873806993735
2024-07-24 06:00:00,33.6,1005.4,52.66619140083634
2024-07-24 09:00:00,35.8,1002.7,45.489738741850765
2024-07-24 12:00:00,34.4,1002.4,50.06148181372093
2024-07-24 15:00:00,31.8,1004.4,60.080164319513116
2024-07-24 18:00:00,31.0,1005.2,63.258166707380134
2024-07-24 21:00:00,30.0,1003.8,66.17996487728405
2024-07-25 00:00:00,29.2,1003.8,68.46797755568882
2024-07-25 03:00:00,30.0,1004.6,66.17996487728405
2024-07-25 06:00:00,33.6,1003.9,59.056399786976336
2024-07-25 09:00:00,36.0,1001.0,51.38400153611503
2024-07-25 12:00:00,35.2,1001.2,55.00284442441817
2024-07-25 15:00:00,29.8,1004.5,71.53436216643706
2024-07-25 18:00:00,29.8,1004.8,72.83270468535767
2024-07-25 21:00:00,29.0,1003.4,79.0585121873896
2024-07-26 00:00:00,28.8,1003.3,74.88236905493878
2024-07-26 03:00:00,30.8,1004.4,69.18743090524858
2024-07-26 06:00:00,33.6,1003.8,56.9688756885708
2024-07-26 09:00:00,35.2,1001.2,52.745450145920145
2024-07-26 12:00:00,34.0,1001.2,56.04514311511978
2024-07-26 15:00:00,31.8,1004.2,63.81127171847181
2024-07-26 18:00:00,31.0,1005.0,65.58856385714532
2024-07-26 21:00:00,30.0,1003.1,67.39116386417841
2024-07-27 00:00:00,28.6,1003.0,72.18874813372028
2024-07-27 09:00:00,35.8,1000.7,43.32064620484594
2024-07-27 12:00:00,34.4,1000.6,53.18487560759012
2024-07-27 15:00:00,32.6,1003.0,49.59948094859373
2024-07-27 18:00:00,31.6,1004.2,56.49370308745102
2024-07-27 21:00:00,30.4,1003.1,53.164975840995425
2024-07-28 00:00:00,28.4,1003.1,60.0407336708837
2024-07-28 03:00:00,30.0,1004.0,56.10882184768884
2024-07-28 06:00:00,34.0,1003.1,48.75448871884437
2024-07-28 09:00:00,34.8,1000.5,45.50365698828102
2024-07-28 12:00:00,34.2,999.7,47.91980944869557
2024-07-28 15:00:00,32.6,1001.4,50.523270115947824
2024-07-28 21:00:00,30.2,1001.4,58.98867435336403
2024-07-29 00:00:00,28.8,1001.6,60.13232984013959
2024-07-29 03:00:00,30.0,1003.5,58.58138510397075
2024-07-29 06:00:00,34.6,1002.4,48.317466168278045
2024-07-29 09:00:00,35.6,999.9,49.166526532934895
2024-07-29 12:00:00,32.4,999.6,61.68118591242464
2024-07-29 15:00:00,30.6,1003.3,75.61652127297627
2024-07-29 18:00:00,30.4,1004.6,75.58532357148971
2024-07-29 21:00:00,29.0,1003.8,79.0585121873896
2024-07-30 00:00:00,28.0,1004.6,84.79181717750924
2024-07-30 03:00:00,31.4,1005.1,63.34384135735378
2024-07-30 06:00:00,35.4,1004.6,46.78871856005813
2024-07-30 09:00:00,36.6,1002.9,48.832792621081225
2024-07-30 12:00:00,36.8,1002.7,41.511696271084425
2024-07-30 15:00:00,29.4,1005.7,80.53536024141098
2024-07-30 18:00:00,28.2,1005.9,86.33689076158295
2024-07-30 21:00:00,30.0,1005.6,60.03674120681294
2024-07-31 00:00:00,29.8,1006.4,75.49139258129554
2024-07-31 03:00:00,31.0,1007.9,59.53505705723449
2024-07-31 06:00:00,35.0,1006.6,43.64082513984817
2024-07-31 09:00:00,36.0,1004.7,39.796368664073576
2024-07-31 12:00:00,36.4,1003.7,37.51072942618642
2024-07-31 15:00:00,31.2,1005.8,69.67698198453844
2024-07-31 18:00:00,30.6,1006.5,69.14973459026399
2024-08-01 00:00:00,29.2,1004.5,66.82547661101904
2024-08-01 03:00:00,30.6,1006.4,62.79033585952567
2024-08-01 06:00:00,33.0,1006.7,52.19700204876771
2024-08-01 09:00:00,36.4,1004.5,42.17247812997893
2024-08-01 12:00:00,36.2,1003.9,41.09709306555568
2024-08-01 15:00:00,31.0,1006.6,73.47141965449843
2024-08-01 18:00:00,30.2,1007.1,67.83823315041917
2024-08-01 21:00:00,29.8,1006.1,66.13938425088851
2024-08-02 00:00:00,29.0,1005.5,69.68555280505707
2024-08-02 03:00:00,30.8,1006.9,62.83365155694164
2024-08-02 06:00:00,34.2,1006.7,51.86548272705812
2024-08-02 09:00:00,34.0,1004.3,52.76574284376031
2024-08-02 12:00:00,33.0,1003.5,63.305763001067604
2024-08-02 15:00:00,30.4,1006.3,75.58532357148971
2024-08-02 18:00:00,26.6,1008.2,88.80618472944694
2024-08-03 00:00:00,27.7,1006.4,80.31451329268283
2024-08-03 03:00:00,31.0,1007.8,59.53505705723449
2024-08-03 06:00:00,34.4,1007.1,45.11935390234125
2024-08-03 09:00:00,37.0,1004.5,40.80988480928598
2024-08-03 12:00:00,35.6,1004.3,50.97641213445036
2024-08-03 15:00:00,30.4,1007.6,71.64060697493404
2024-08-03 18:00:00,25.6,1010.4,94.78110774663195
2024-08-04 00:00:00,26.2,1007.2,90.38476214988123
2024-08-04 03:00:00,29.0,1008.7,80.48371679996085
2024-08-04 06:00:00,33.8,1008.0,57.01603340699637
2024-08-04 09:00:00,35.8,1005.4,50.41740747212344
2024-08-04 12:00:00,29.0,1005.2,72.25862568930161
2024-08-04 15:00:00,27.0,1007.9,92.06569807815053
2024-08-04 18:00:00,26.8,1008.6,93.70888380751718
2024-08-04 21:00:00,25.0,1008.0,93.06534216930645
2024-08-05 00:00:00,24.8,1009.4,94.75066788099174
2024-08-05 03:00:00,25.4,1009.5,96.48847066905626
2024-08-05 06:00:00,28.4,1008.7,92.14424033203443
2024-08-05 09:00:00,31.0,1006.8,72.1742265807024
2024-08-05 12:00:00,30.6,1005.1,76.97150804274018
2024-08-05 15:00:00,28.8,1009.0,84.87449545917907
2024-08-05 18:00:00,25.4,1009.1,94.77352241613059
2024-08-05 21:00:00,26.0,1007.1,92.00888400052642
2024-08-06 00:00:00,26.2,1006.7,90.38476214988123
2024-08-06 03:00:00,28.6,1006.8,77.59711341151534
2024-08-06 06:00:00,32.2,1006.7,62.75759984410254
2024-08-06 09:00:00,35.0,1005.9,61.15610416717985
2024-08-06 12:00:00,31.0,1004.4,74.7889561009917
2024-08-06 15:00:00,25.2,1007.6,94.76592069291524
2024-08-06 18:00:00,25.4,1008.4,93.08530694612072
2024-08-06 21:00:00,25.2,1007.7,96.48331975462109
2024-08-07 00:00:00,25.0,1006.3,91.39891921824884
2024-08-07 03:00:00,25.6,1008.8,91.43570721258781
2024-08-07 06:00:00,29.0,1007.5,76.27419595958764
2024-08-07 09:00:00,30.8,1005.7,66.74179537984483
2024-08-07 12:00:00,30.0,1004.9,78.26294962837345
2024-08-07 15:00:00,28.0,1007.7,88.91528354225218
2024-08-07 18:00:00,27.6,1008.0,92.09950049107172
2024-08-07 21:00:00,26.6,1007.0,85.66937200749226
2024-08-08 00:00:00,25.6,1007.9,91.43570721258781
2024-08-08 03:00:00,26.6,1008.5,88.80618472944694
2024-08-08 06:00:00,32.0,1007.7,62.71443976755974
2024-08-08 09:00:00,33.6,1005.7,56.9688756885708
2024-08-08 12:00:00,29.8,1005.5,79.63860889063328
2024-08-08 15:00:00,28.8,1008.5,74.88236905493878
2024-08-08 18:00:00,27.0,1009.3,87.26088849314073
2024-08-08 21:00:00,27.0,1007.8,89.90239464062724
2024-08-09 00:00:00,25.8,1008.2,88.74313412721081
2024-08-09 03:00:00,28.8,1008.3,74.88236905493878
2024-08-09 06:00:00,33.0,1007.5,62.18308645409979
2024-08-09 09:00:00,33.4,1005.5,64.91266364161814
2024-08-09 12:00:00,31.4,1005.6,74.85285642920122
2024-08-09 15:00:00,28.4,1008.0,81.85865421535438
2024-08-09 18:00:00,29.2,1006.9,89.53097661456914
2024-08-09 21:00:00,27.0,1007.8,82.67693820709039
2024-08-10 00:00:00,26.6,1008.4,84.13765842724912
2024-08-10 03:00:00,29.0,1008.8,74.91450415439337
2024-08-10 06:00:00,34.0,1007.7,56.04514311511978
2024-08-10 09:00:00,33.0,1006.1,70.42167655411042
2024-08-10 12:00:00,32.2,1005.5,72.80896276194781
2024-08-10 15:00:00,29.4,1006.8,76.33535606218936
2024-08-10 18:00:00,29.0,1007.5,73.57607488115697
2024-08-10 21:00:00,28.6,1005.7,84.8538871735531
2024-08-11 00:00:00,26.4,1007.7,81.1206589392812
2024-08-11 03:00:00,29.0,1006.8,68.01508576459278
2024-08-11 06:00:00,34.4,1006.3,62.11744798829246
2024-08-11 09:00:00,33.6,1003.6,64.95378562281357
2024-08-11 12:00:00,32.6,1002.6,64.36278271700262
2024-08-11 15:00:00,30.6,1004.3,74.28243957799879
2024-08-11 18:00:00,30.0,1005.1,81.08968974474207
2024-08-13 00:00:00,28.4,1006.2,90.53286192976505
2024-08-13 03:00:00,30.8,1007.5,79.77185498360923
2024-08-13 06:00:00,32.0,1006.9,73.63761837389029
2024-08-13 09:00:00,33.4,1004.1,68.4542986966963
2024-08-13 12:00:00,31.8,1003.3,71.04055669606059
2024-08-13 15:00:00,29.6,1006.4,82.00361602371757
2024-08-13 18:00:00,29.2,1007.0,85.41792160535847
2024-08-14 00:00:00,28.0,1005.9,92.12191734434786
2024-08-14 03:00:00,30.8,1006.6,75.64766286638326
2024-08-14 06:00:00,32.8,1005.7,66.74127585978114
2024-08-14 09:00:00,33.4,1004.0,66.07497389595794
2024-08-14 12:00:00,28.0,1003.8,92.66606867023248
2024-08-14 15:00:00,30.0,1005.6,79.66535824918688
2024-08-14 18:00:00,29.4,1005.9,81.97957178446406
2024-08-14 21:00:00,29.0,1005.3,83.40169277956687
2024-08-15 00:00:00,27.8,1005.2,92.11072068322818
2024-08-15 03:00:00,29.8,1005.8,92.22163900067571
2024-08-15 06:00:00,32.8,1005.5,70.38545749833996
2024-08-15 09:00:00,33.6,1003.2,65.72598793314832
2024-08-15 12:00:00,31.6,1003.1,73.57131384659597
2024-08-15 15:00:00,29.6,1004.2,81.03945906223336
2024-08-15 18:00:00,29.4,1005.1,86.44896966030107
2024-08-16 00:00:00,28.2,1003.8,93.77172585847173
2024-08-16 03:00:00,30.0,1004.7,81.08968974474207
2024-08-16 06:00:00,32.4,1004.5,70.31283604150148
2024-08-16 09:00:00,34.4,1002.7,59.59215392807818
2024-08-16 12:00:00,31.8,1001.8,66.14596424716504
2024-08-16 15:00:00,29.6,1005.1,82.00361602371757
2024-08-16 18:00:00,29.2,1005.5,84.91559008084812
2024-08-16 21:00:00,29.0,1005.0,86.41175942849821
2024-08-17 00:00:00,28.2,1004.9,95.43577238155224
2024-08-17 03:00:00,30.2,1005.2,82.5595602209085
2024-08-17 06:00:00,33.4,1005.7,63.76827162149033
2024-08-17 09:00:00,34.0,1003.2,66.19513066409054
2024-08-17 12:00:00,32.6,1002.7,71.60318423066752
2024-08-17 15:00:00,30.6,1005.8,76.97150804274018
2024-08-17 18:00:00,30.0,1006.6,83.5130798716472
2024-08-17 21:00:00,29.6,1005.5,86.46751908713752
2024-08-18 00:00:00,28.7,1005.3,88.44680588181218
2024-08-18 03:00:00,31.0,1006.5,72.1742265807024
2024-08-18 06:00:00,34.2,1005.9,60.618752169673485
2024-08-18 09:00:00,35.0,1004.2,62.2470562760692
2024-08-18 12:00:00,32.5,1003.7,69.91710072643073
2024-08-18 15:00:00,30.4,1005.8,79.71870652103674
2024-08-18 21:00:00,29.8,1005.6,82.51286135002354
2024-08-19 00:00:00,28.8,1004.8,90.55942797559786
2024-08-19 03:00:00,29.6,1007.1,82.00361602371757
2024-08-19 06:00:00,34.2,1006.2,65.46087940474851
2024-08-19 09:00:00,32.8,1004.3,70.38545749833996
2024-08-19 12:00:00,32.4,1002.2,71.56807265043355
2024-08-19 15:00:00,29.8,1005.3,82.0276141014992
2024-08-19 18:00:00,29.6,1006.3,82.00361602371757
2024-08-19 21:00:00,28.2,1004.8,83.31179804309043
2024-08-20 00:00:00,27.2,1004.5,84.20248990010974
2024-08-20 03:00:00,28.7,1006.6,82.38350599117994
2024-08-20 06:00:00,33.6,1006.4,63.81035576931347
2024-08-20 09:00:00,34.0,1003.9,59.50158303199722
2024-08-20 12:00:00,31.8,1003.7,63.81127171847181
2024-08-20 15:00:00,30.0,1006.2,79.66535824918688
2024-08-20 18:00:00,30.0,1007.8,78.26294962837345
2024-08-20 21:00:00,28.6,1006.6,83.35683314726084
2024-08-21 00:00:00,28.0,1006.9,84.79181717750924
2024-08-21 03:00:00,30.6,1008.0,71.67589990470815
2024-08-21 06:00:00,33.6,1008.0,62.6845670375821
2024-08-21 09:00:00,34.0,1005.3,67.37244576814547
2024-08-21 12:00:00,31.6,1004.2,73.57131384659597
2024-08-21 15:00:00,29.6,1006.1,68.54498148512985
2024-08-21 18:00:00,29.0,1007.6,81.9313443709877
2024-08-21 21:00:00,28.6,1006.9,84.8538871735531
2024-08-22 00:00:00,27.4,1007.6,84.22401507730588
2024-08-22 03:00:00,29.0,1008.5,79.0585121873896
2024-08-22 06:00:00,33.6,1008.4,58.00441896805416
2024-08-22 09:00:00,36.0,1006.1,45.542429698172974
2024-08-22 12:00:00,31.4,1006.4,68.47868492425357
2024-08-22 15:00:00,30.0,1008.1,82.53623329490637
2024-08-22 18:00:00,29.0,1008.7,90.57266984744003
2024-08-22 21:00:00,28.5,1008.0,91.61028362766847
2024-08-23 00:00:00,28.0,1007.9,92.12191734434786
2024-08-23 03:00:00,30.0,1009.3,75.5227593496699
2024-08-23 06:00:00,34.2,1008.8,68.60580036819208
2024-08-23 09:00:00,35.5,1006.0,52.81965067991003
2024-08-23 12:00:00,32.0,1006.3,74.94828132337592
2024-08-23 15:00:00,30.2,1007.2,78.29124418971334
2024-08-23 18:00:00,29.8,1008.1,78.23460259362332
2024-08-23 21:00:00,28.8,1007.4,76.24353220041739
2024-08-24 00:00:00,28.0,1008.1,81.80996009312997
2024-08-24 03:00:00,29.0,1009.4,77.65543578652992
2024-08-24 06:00:00,32.8,1009.2,62.13958951433999
2024-08-24 09:00:00,35.0,1006.3,49.610234682009505
2024-08-24 12:00:00,35.0,1005.4,45.556527864897916
2024-08-24 15:00:00,30.4,1007.7,75.58532357148971
2024-08-24 18:00:00,30.0,1009.1,63.8146323928593
2024-08-24 21:00:00,29.4,1008.1,67.27251207661499
2024-08-25 00:00:00,27.6,1008.5,75.59926777139484
2024-08-25 03:00:00,30.6,1009.5,62.79033585952567
2024-08-25 06:00:00,34.8,1007.9,46.34728534896258
2024-08-25 09:00:00,36.4,1005.6,40.39907846450636
2024-08-25 12:00:00,35.0,1004.8,42.57816241272484
2024-08-25 15:00:00,31.0,1006.7,69.22506422320274
2024-08-25 18:00:00,30.0,1007.3,78.26294962837345
2024-08-25 21:00:00,29.0,1006.3,66.78535949708609
2024-08-26 00:00:00,28.2,1006.8,65.0091901629649
2024-08-26 03:00:00,29.8,1008.3,62.23530658956874
2024-08-26 06:00:00,33.8,1007.3,54.99469378792191
2024-08-26 09:00:00,34.8,1005.0,42.5243864024627
2024-08-26 12:00:00,34.8,1003.8,39.470692250902
2024-08-26 15:00:00,30.8,1006.3,64.3721697153576
2024-08-26 18:00:00,30.4,1007.3,71.64060697493404
2024-08-26 21:00:00,29.4,1006.5,74.97860136800087
2024-08-27 00:00:00,28.0,1007.1,78.44744220055776
2024-08-27 03:00:00,29.4,1008.6,68.50651160978764
2024-08-27 06:00:00,33.0,1008.5,55.468825283877344
2024-08-27 09:00:00,34.8,1006.0,56.57221815960279
2024-08-27 12:00:00,32.8,1005.6,65.56377770296238
2024-08-27 15:00:00,30.2,1008.3,76.91200889831605
2024-08-27 18:00:00,29.6,1009.3,79.6118092261478
2024-08-27 21:00:00,29.0,1008.0,72.25862568930161
2024-08-28 00:00:00,26.8,1008.0,88.82186644716782
2024-08-28 03:00:00,27.0,1009.7,92.06569807815053
2024-08-28 06:00:00,30.0,1008.9,84.99729439748566
2024-08-28 09:00:00,29.8,1007.4,83.49088910584811
2024-08-28 12:00:00,28.8,1006.3,87.93540259721783
2024-08-28 15:00:00,28.6,1008.3,79.00337009946395
2024-08-28 18:00:00,28.2,1008.2,83.31179804309043
2024-08-28 21:00:00,28.0,1006.3,81.80996009312997
2024-08-29 00:00:00,27.4,1006.3,84.22401507730588
2024-08-29 03:00:00,28.2,1007.5,71.68232431462354
2024-08-29 06:00:00,32.6,1006.6,66.70160074556692
2024-08-29 09:00:00,33.8,1004.2,62.727505384680136
2024-08-29 12:00:00,32.8,1003.3,64.40448947276589
2024-08-29 15:00:00,30.0,1005.3,69.03626644470846
2024-08-29 18:00:00,27.4,1005.9,78.36224761821416
2024-08-29 21:00:00,27.0,1004.1,76.8936310454662
2024-08-30 00:00:00,27.4,1005.4,75.567708226779
2024-08-30 03:00:00,28.6,1006.9,74.85017612547131
2024-08-30 06:00:00,30.4,1006.6,71.64060697493404
2024-08-30 09:00:00,31.8,1004.3,62.67121379518331
2024-08-30 12:00:00,31.4,1004.2,73.974073310649
2024-08-30 15:00:00,23.5,1008.1,97.61350874660357
2024-08-30 18:00:00,24.0,1006.9,94.71996347442106
2024-08-30 21:00:00,24.2,1005.0,93.02515571569042
2024-08-31 00:00:00,24.7,1005.2,91.93412282088961
2024-08-31 03:00:00,26.6,1006.6,87.22543835052973
2024-08-31 06:00:00,31.0,1006.0,63.258166707380134
2024-08-31 09:00:00,32.8,1003.3,58.51941154180648
2024-08-31 12:00:00,32.4,1002.9,58.42677310946739
2024-08-31 15:00:00,29.4,1005.2,72.32825969825754
2024-08-31 18:00:00,29.6,1005.5,72.36298568854065
2024-08-31 21:00:00,29.0,1004.0,68.01508576459278
2024-09-01 00:00:00,28.2,1003.8,69.11274246935643
2024-09-01 03:00:00,31.2,1005.4,64.45604167734498
2024-09-01 06:00:00,33.6,1004.8,60.48499185110832
2024-09-01 09:00:00,31.8,1003.2,68.55505992605102
2024-09-01 12:00:00,30.2,1003.1,69.0741524820506
2024-09-01 15:00:00,27.6,1005.9,79.81995065848324
2024-09-01 18:00:00,27.6,1006.6,82.7470419948832
2024-09-01 21:00:00,26.5,1004.8,85.14590533483792
2024-09-02 00:00:00,26.2,1005.8,85.62978692730046
2024-09-02 03:00:00,29.0,1006.9,73.57607488115697
2024-09-02 06:00:00,32.4,1006.0,66.6618617053601
2024-09-02 09:00:00,35.6,1002.5,52.21515920700269
2024-09-02 12:00:00,34.4,1001.7,57.499557963952576
2024-09-02 15:00:00,30.4,1005.2,75.58532357148971
2024-09-02 18:00:00,29.8,1005.9,82.51286135002354
2024-09-02 21:00:00,27.4,1005.2,92.08825670296545
2024-09-03 00:00:00,26.4,1005.8,94.81128607168019
2024-09-03 03:00:00,28.0,1007.1,92.12191734434786
2024-09-03 06:00:00,30.2,1007.7,70.32973763313946
2024-09-03 09:00:00,32.4,1005.4,62.800694130044874
2024-09-03 12:00:00,31.0,1005.2,78.40390010984709
2024-09-03 15:00:00,29.4,1007.0,79.11344799319119
2024-09-03 18:00:00,26.0,1007.9,94.79622941585653
2024-09-03 21:00:00,26.8,1006.7,95.38933139322062
2024-09-04 00:00:00,26.2,1006.8,93.68166338882529
2024-09-04 03:00:00,27.0,1008.6,90.43900875787912
2024-09-04 06:00:00,31.0,1008.2,65.58856385714532
2024-09-04 09:00:00,34.4,1005.0,54.154564287934356
2024-09-04 12:00:00,31.0,1005.0,73.47141965449843
2024-09-04 15:00:00,29.2,1006.5,81.95548127118022
2024-09-04 18:00:00,28.6,1006.9,80.43187680667027
2024-09-04 21:00:00,28.4,1005.1,88.94616815571688
2024-09-05 00:00:00,28.0,1005.5,85.80667728802291
2024-09-05 03:00:00,29.6,1007.1,68.54498148512985
2024-09-05 06:00:00,34.0,1006.1,50.879846925795135
2024-09-05 09:00:00,36.4,1002.9,44.82417315237808
2024-09-05 12:00:00,32.8,1002.5,58.51941154180648
2024-09-05 15:00:00,30.2,1005.4,76.91200889831605
2024-09-05 18:00:00,30.0,1006.0,76.88217771852533
2024-09-05 21:00:00,25.4,1004.7,88.17753730223563
2024-09-06 00:00:00,26.2,1005.6,93.68166338882529
2024-09-06 03:00:00,27.8,1007.7,93.7538663078413
2024-09-06 06:00:00,30.4,1007.0,69.11197515651446
2024-09-06 09:00:00,32.4,1004.8,59.49445671738769
2024-09-06 12:00:00,30.6,1004.0,74.28243957799879
2024-09-06 15:00:00,28.4,1006.2,84.83323810049623
2024-09-06 18:00:00,28.4,1006.4,80.40588280898815
2024-09-06 21:00:00,28.0,1006.2,81.80996009312997
2024-09-07 00:00:00,26.4,1005.1,84.11596226208941
2024-09-07 03:00:00,29.6,1006.9,69.7975639784289
2024-09-07 06:00:00,31.0,1007.5,64.4141386029017
2024-09-07 09:00:00,33.2,1004.9,54.188212715085356
2024-09-07 12:00:00,32.6,1004.8,56.048518886750145
2024-09-07 15:00:00,29.6,1007.3,66.09873806993735
2024-09-07 18:00:00,27.6,1007.4,74.23649168800932
2024-09-07 21:00:00,27.2,1005.9,78.33374294989056
2024-09-08 00:00:00,27.4,1006.5,78.36224761821416
2024-09-08 03:00:00,29.0,1008.7,70.96187714437761
2024-09-08 06:00:00,30.4,1007.4,66.66180868247822
2024-09-08 09:00:00,32.0,1005.8,63.85356133058713
2024-09-08 12:00:00,31.2,1004.9,64.45604167734498
2024-09-08 15:00:00,29.0,1006.0,81.9313443709877
2024-09-08 18:00:00,29.2,1006.6,76.30480387190515
2024-09-09 00:00:00,28.0,1005.5,75.66221487345534
2024-09-09 03:00:00,29.0,1006.3,70.96187714437761
2024-09-09 06:00:00,31.0,1005.6,65.58856385714532
2024-09-09 09:00:00,32.8,1003.5,58.51941154180648
2024-09-09 12:00:00,32.4,1002.2,63.9379440059793
2024-09-09 15:00:00,29.8,1004.8,81.06459831337503
2024-09-09 18:00:00,28.4,1005.2,87.90192756472376
2024-09-09 21:00:00,27.2,1004.2,84.20248990010974
2024-09-10 00:00:00,27.2,1005.0,75.53609118292528
2024-09-10 03:00:00,30.6,1006.5,61.656767739717175
2024-09-10 06:00:00,34.6,1005.1,46.294665135954354
2024-09-10 09:00:00,36.2,1002.0,46.71403870318333
2024-09-10 12:00:00,35.8,1001.5,44.39358400099067
2024-09-10 15:00:00,31.4,1004.0,72.24352874821913
2024-09-10 18:00:00,30.6,1006.2,70.40290332892224
2024-09-11 00:00:00,29.0,1006.1,62.82580292280707
2024-09-11 03:00:00,29.6,1007.8,66.09873806993735
2024-09-11 06:00:00,32.4,1007.4,54.988018967303006
2024-09-11 09:00:00,34.2,1005.1,53.13543895263694
2024-09-11 15:00:00,29.8,1007.0,78.23460259362332
2024-09-11 18:00:00,29.2,1007.3,86.43038313933076
2024-09-11 21:00:00,28.6,1006.5,88.96156313904507
2024-09-12 00:00:00,28.4,1007.5,84.83323810049623
2024-09-12 03:00:00,30.8,1009.6,59.48920941788979
2024-09-12 06:00:00,34.2,1007.9,51.86548272705812
2024-09-12 09:00:00,36.4,1005.4,44.82417315237808
2024-09-12 12:00:00,31.6,1006.4,58.95264595485285
2024-09-12 15:00:00,30.0,1007.6,78.26294962837345
2024-09-12 18:00:00,29.8,1007.8,79.63860889063328
2024-09-12 21:00:00,29.4,1006.1,84.9360766224706
2024-09-13 00:00:00,28.4,1006.9,87.90192756472376
2024-09-13 03:00:00,31.2,1008.9,64.45604167734498
2024-09-13 06:00:00,35.4,1007.9,55.05099865764974
2024-09-13 09:00:00,36.8,1005.3,49.17775632279012
2024-09-13 21:00:00,29.2,1005.8,84.91559008084812
2024-09-14 00:00:00,28.4,1006.7,84.83323810049623
2024-09-14 03:00:00,30.8,1008.0,66.74179537984483
2024-09-14 06:00:00,34.4,1006.8,47.971851880140846
2024-09-14 09:00:00,34.4,1006.8,47.971851880140846
2024-09-14 12:00:00,33.8,1004.4,58.050869508005654
2024-09-14 15:00:00,31.0,1006.8,66.78169156880611
2024-09-14 18:00:00,30.2,1007.8,70.32973763313946
2024-09-15 00:00:00,28.8,1005.9,87.93540259721783
2024-09-15 03:00:00,30.0,1007.8,62.279197326402645
2024-09-15 06:00:00,35.4,1006.6,46.78871856005813
2024-09-15 09:00:00,37.6,1003.7,37.14312684702702
2024-09-15 12:00:00,32.4,1004.3,63.9379440059793
2024-09-15 15:00:00,30.8,1006.3,71.71113203855039
2024-09-15 21:00:00,30.0,1005.6,78.26294962837345
2024-09-16 00:00:00,29.0,1006.1,76.27419595958764
2024-09-16 06:00:00,35.4,1006.8,54.073991186560164
2024-09-16 09:00:00,38.0,1004.3,48.320252598756205
2024-09-16 12:00:00,32.4,1004.7,56.00051948884619
2024-09-16 15:00:00,30.4,1006.3,69.11197515651446
2024-09-16 18:00:00,30.4,1007.5,69.11197515651446
2024-09-16 21:00:00,29.4,1005.8,81.97957178446406
2024-09-17 00:00:00,29.2,1006.3,83.42405706602797
2024-09-17 03:00:00,31.6,1007.9,55.46769384647515
2024-09-17 06:00:00,35.8,1006.5,48.33450439193775
2024-09-17 09:00:00,38.6,1003.6,33.90265863289956
2024-09-17 12:00:00,32.8,1005.6,62.13958951433999
2024-09-17 15:00:00,31.0,1005.8,67.99377352527183
2024-09-18 00:00:00,29.0,1005.3,78.12068729600648
2024-09-18 03:00:00,31.4,1006.3,55.08058002977347
2024-09-18 06:00:00,35.6,1005.3,49.166526532934895
2024-09-18 09:00:00,35.4,1003.0,50.0134364106607
2024-09-18 12:00:00,32.6,1002.6,58.47312526786792
2024-09-18 15:00:00,30.8,1005.5,71.71113203855039
2024-09-18 18:00:00,30.2,1006.3,70.32973763313946
2024-09-18 21:00:00,29.0,1005.8,70.96187714437761
2024-09-19 00:00:00,28.2,1006.0,76.15120458899845
2024-09-19 03:00:00,29.4,1007.7,69.76029011528094
2024-09-19 06:00:00,30.8,1006.9,66.74179537984483
2024-09-19 09:00:00,35.2,1004.3,44.77976864883668
2024-09-19 12:00:00,32.8,1003.6,51.828908082248226
2024-09-19 15:00:00,30.2,1005.3,76.91200889831605
2024-09-19 18:00:00,28.8,1005.9,79.03096698905824
2024-09-19 21:00:00,29.0,1005.1,80.48371679996085
2024-09-20 00:00:00,28.4,1005.0,81.85865421535438
2024-09-20 03:00:00,30.6,1006.4,66.70183445693432
2024-09-20 06:00:00,36.4,1005.8,42.17247812997893
2024-09-20 09:00:00,36.8,1003.1,48.30109559331659
2024-09-20 12:00:00,33.0,1003.5,59.989879094366785
2024-09-20 15:00:00,31.2,1005.7,76.157651318818
2024-09-20 18:00:00,30.4,1006.0,78.31948639832048
2024-09-20 21:00:00,26.0,1006.1,92.00888400052642
2024-09-21 00:00:00,25.6,1006.0,94.78110774663195
2024-09-21 03:00:00,26.2,1007.6,90.38476214988123
2024-09-21 06:00:00,31.4,1006.8,69.71409411644107
2024-09-21 09:00:00,34.0,1004.3,61.663754542437346
2024-09-21 12:00:00,30.0,1004.2,74.18441432342445
2024-09-21 15:00:00,28.6,1006.2,83.35683314726084
2024-09-21 18:00:00,28.6,1006.2,83.35683314726084
2024-09-21 21:00:00,28.4,1004.9,74.81792523943739
2024-09-22 00:00:00,27.4,1004.4,78.36224761821416
2024-09-22 03:00:00,28.0,1006.2,80.3537462205201
2024-09-22 06:00:00,31.6,1005.3,63.768916444962564
2024-09-22 09:00:00,32.2,1003.1,69.03930501374236
2024-09-22 12:00:00,31.6,1002.6,74.88472135092377
2024-09-22 15:00:00,29.4,1004.8,81.97957178446406
2024-09-22 18:00:00,29.2,1005.4,83.42405706602797
2024-09-22 21:00:00,28.4,1004.0,84.83323810049623
2024-09-23 00:00:00,27.6,1004.3,81.27196286112057
2024-09-23 03:00:00,29.2,1005.5,73.60956501820533
2024-09-23 06:00:00,33.6,1005.2,59.056399786976336
2024-09-23 09:00:00,36.2,1001.9,46.71403870318333
2024-09-23 12:00:00,31.2,1002.9,73.50477620307173
2024-09-23 15:00:00,30.0,1004.9,75.5227593496699
2024-09-23 18:00:00,29.0,1004.8,79.0585121873896
2024-09-23 21:00:00,25.4,1004.1,98.23050936880627
2024-09-24 00:00:00,25.4,1004.0,98.23050936880627
2024-09-24 03:00:00,27.4,1005.5,87.29619508920601
2024-09-24 06:00:00,34.4,1004.4,57.499557963952576
2024-09-24 09:00:00,34.6,1001.8,62.160715526838395
2024-09-24 12:00:00,26.8,1001.9,85.68910507577876
2024-09-24 15:00:00,27.4,1004.1,95.40932035991787
2024-09-25 00:00:00,26.4,1003.6,93.13484807674561
2024-09-25 03:00:00,30.6,1005.6,70.40290332892224
2024-09-25 06:00:00,34.2,1004.8,59.54690108998311
2024-09-25 09:00:00,35.4,1002.0,59.46540408078559
2024-09-25 12:00:00,28.0,1002.7,96.5544215144089
2024-09-25 15:00:00,27.0,1004.4,95.39600874452509
2024-09-25 18:00:00,23.4,1006.3,98.2040706521281
2024-09-25 21:00:00,24.8,1004.3,96.47298407847299
2024-09-26 00:00:00,25.6,1004.7,94.78110774663195
2024-09-26 03:00:00,26.6,1006.8,90.41194193154737
2024-09-26 06:00:00,27.4,1006.7,92.08825670296545
2024-09-26 09:00:00,31.6,1003.9,66.1056160585513
2024-09-26 12:00:00,29.6,1003.6,83.46865512129703
2024-09-26 15:00:00,28.0,1006.4,88.91528354225218
2024-09-26 18:00:00,27.8,1006.7,84.2669381064797
2024-09-26 21:00:00,27.6,1006.2,92.09950049107172
2024-09-27 00:00:00,27.2,1006.5,92.07698925377626
2024-09-27 03:00:00,29.0,1008.5,80.48371679996085
2024-09-27 06:00:00,33.0,1008.4,61.07786865205016
2024-09-27 09:00:00,32.8,1006.1,67.93722542562669
2024-09-27 12:00:00,27.0,1006.5,85.7087986323302
2024-09-27 15:00:00,27.4,1008.5,88.86871874139695
2024-09-27 18:00:00,27.4,1009.5,92.08825670296545
2024-09-27 21:00:00,26.8,1007.7,93.70888380751718
2024-09-28 00:00:00,27.0,1008.0,88.83751596451742
2024-09-28 03:00:00,29.0,1010.9,80.48371679996085
2024-09-28 06:00:00,32.8,1010.2,66.74127585978114
2024-09-28 09:00:00,33.0,1007.2,63.305763001067604
2024-09-28 12:00:00,31.2,1007.0,73.50477620307173
2024-09-28 15:00:00,29.0,1009.7,83.40169277956687
2024-09-28 21:00:00,27.8,1008.7,88.89979374390309
2024-09-29 03:00:00,30.6,1012.3,75.61652127297627
2024-09-29 06:00:00,31.6,1011.1,81.76391342930833
2024-09-29 09:00:00,33.0,1008.0,65.60442666205464
2024-09-29 12:00:00,30.8,1008.2,73.00291172196927
2024-09-29 15:00:00,29.0,1010.6,83.40169277956687
2024-09-29 18:00:00,28.6,1011.1,83.35683314726084
2024-09-29 21:00:00,27.6,1009.6,88.88427217188078
2024-09-30 00:00:00,27.2,1010.4,90.45250000428203
2024-09-30 03:00:00,31.0,1012.3,74.7889561009917
2024-09-30 06:00:00,32.8,1011.3,70.38545749833996
2024-09-30 09:00:00,33.0,1008.6,62.18308645409979
2024-09-30 12:00:00,30.4,1007.5,78.31948639832048
2024-09-30 15:00:00,28.6,1009.8,80.43187680667027
2024-09-30 18:00:00,27.8,1010.0,82.77031896665545
2024-09-30 21:00:00,27.4,1008.0,85.74806761675889
2024-10-01 00:00:00,26.6,1008.7,92.04304428506519
2024-10-01 03:00:00,29.8,1010.2,78.23460259362332
2024-10-01 06:00:00,33.4,1008.7,59.010628693089586
2024-10-01 09:00:00,33.8,1006.2,60.52964398250845
2024-10-01 12:00:00,31.2,1006.1,70.5121869261158
2024-10-01 15:00:00,29.2,1008.8,81.95548127118022
2024-10-01 18:00:00,28.8,1009.5,83.37928484286573
2024-10-01 21:00:00,28.0,1007.5,87.34888747491027
2024-10-02 00:00:00,27.4,1008.0,90.46596324112937
2024-10-02 03:00:00,30.0,1010.1,78.26294962837345
2024-10-02 06:00:00,34.4,1008.7,50.981169991683494
2024-10-02 09:00:00,35.4,1005.1,45.10776278964171
2024-10-02 12:00:00,33.0,1005.7,67.97575322043862
2024-10-02 15:00:00,30.6,1008.4,76.97150804274018
2024-10-02 21:00:00,27.0,1007.2,75.50441651181359
2024-10-03 00:00:00,27.0,1008.0,73.68636116732236
2024-10-03 03:00:00,30.6,1009.0,61.656767739717175
2024-10-03 06:00:00,34.4,1007.8,52.23042332735089
2024-10-03 09:00:00,36.8,1004.9,53.1395653620466
2024-10-03 12:00:00,29.2,1005.2,79.08600581526997
2024-10-03 15:00:00,28.2,1007.1,77.5385748300523
2024-10-03 18:00:00,28.4,1008.9,77.56787120852722
2024-10-03 21:00:00,28.2,1006.7,80.37983931978188
2024-10-04 00:00:00,27.2,1007.8,81.22172233137654
2024-10-04 03:00:00,30.4,1008.9,70.36635155961307
2024-10-04 06:00:00,34.0,1008.2,66.19513066409054
2024-10-04 09:00:00,33.4,1005.9,67.25543915862544
2024-10-04 12:00:00,31.2,1005.7,72.20890765279174
2024-10-04 15:00:00,30.0,1008.7,81.08968974474207
2024-10-04 18:00:00,29.2,1009.2,79.08600581526997
2024-10-04 21:00:00,26.8,1007.7,81.17128800561531
2024-10-05 00:00:00,26.6,1007.9,82.62997382431229
2024-10-05 03:00:00,29.6,1009.1,71.07014207384191
2024-10-05 06:00:00,33.4,1008.7,62.269883795368706
2024-10-05 09:00:00,30.0,1006.7,63.8146323928593
2024-10-05 12:00:00,29.6,1006.4,77.2812358372994
2024-10-05 15:00:00,28.8,1008.6,81.90716097068722
2024-10-05 18:00:00,27.2,1009.1,85.72845277885752
2024-10-05 21:00:00,26.4,1008.1,87.207659213301
2024-10-06 00:00:00,26.6,1007.8,88.80618472944694
2024-10-06 03:00:00,29.8,1010.2,73.7096804030441
2024-10-06 06:00:00,33.2,1009.8,62.22651784699078
2024-10-06 09:00:00,34.2,1006.2,59.54690108998311
2024-10-06 12:00:00,30.6,1007.2,71.67589990470815
2024-10-06 15:00:00,28.8,1010.2,81.90716097068722
2024-10-06 21:00:00,27.8,1009.3,85.78717977072007
2024-10-07 00:00:00,28.0,1009.8,85.80667728802291
2024-10-07 03:00:00,29.0,1011.5,84.89506306062921
2024-10-07 06:00:00,32.6,1011.1,67.89863459456423
2024-10-07 09:00:00,33.0,1009.1,65.60442666205464
2024-10-07 12:00:00,30.6,1008.9,72.96898936310727
2024-10-07 15:00:00,29.0,1011.8,78.58837582919175
2024-10-07 18:00:00,28.8,1011.8,81.90716097068722
2024-10-07 21:00:00,27.8,1010.2,90.49280598950578
2024-10-08 00:00:00,27.0,1010.9,92.06569807815053
2024-10-08 03:00:00,29.6,1012.9,78.20620296447258
2024-10-08 06:00:00,32.6,1011.7,64.36278271700262
2024-10-08 09:00:00,32.8,1009.1,63.26317222090716
2024-10-08 12:00:00,30.4,1009.0,74.24982249791255
2024-10-08 15:00:00,29.0,1010.9,77.65543578652992
2024-10-08 18:00:00,28.6,1011.2,80.43187680667027
2024-10-08 21:00:00,26.6,1009.5,90.41194193154737
2024-10-09 00:00:00,27.0,1009.7,93.71791865005993
2024-10-09 03:00:00,30.0,1011.2,78.26294962837345
2024-10-09 06:00:00,32.0,1010.4,67.38029965170892
2024-10-09 09:00:00,32.2,1007.1,64.66457375248858
2024-10-09 12:00:00,30.0,1007.4,74.18441432342445
2024-10-09 15:00:00,28.4,1008.6,81.85865421535438
2024-10-09 18:00:00,28.4,1009.4,83.33433758376981
2024-10-09 21:00:00,27.6,1007.2,90.47939854432097
2024-10-10 00:00:00,25.0,1008.1,96.47815756865955
2024-10-10 03:00:00,26.0,1010.6,93.11509489569653
2024-10-10 06:00:00,28.2,1009.2,86.33689076158295
2024-10-10 09:00:00,29.8,1005.5,81.06459831337503
2024-10-10 12:00:00,28.0,1006.2,83.28921441559984
2024-10-10 18:00:00,26.4,1008.7,92.03168153578638
2024-10-10 21:00:00,26.6,1007.1,90.41194193154737
2024-10-11 00:00:00,26.4,1007.4,92.03168153578638
2024-10-11 03:00:00,29.0,1009.7,81.9313443709877
2024-10-11 06:00:00,31.6,1008.2,74.88472135092377
2024-10-11 09:00:00,32.0,1005.7,74.94828132337592
2024-10-11 12:00:00,30.0,1005.9,78.26294962837345
2024-10-11 15:00:00,28.2,1009.2,84.81254813644145
2024-10-11 18:00:00,27.8,1009.3,87.33135888966177
2024-10-11 21:00:00,26.8,1007.5,90.42548942576907
2024-10-12 00:00:00,25.8,1008.6,94.78867673105134
2024-10-12 03:00:00,28.0,1010.6,92.12191734434786
2024-10-12 06:00:00,31.0,1009.4,76.1271052167908
2024-10-12 09:00:00,30.6,1007.0,74.72482763808105
2024-10-12 12:00:00,29.4,1007.4,77.71354294293734
2024-10-12 15:00:00,28.0,1009.8,84.79181717750924
2024-10-12 18:00:00,27.6,1010.1,85.767643247121
2024-10-12 21:00:00,26.6,1008.2,88.80618472944694
2024-10-13 00:00:00,26.4,1008.4,92.03168153578638
2024-10-13 03:00:00,29.4,1010.7,79.11344799319119
2024-10-13 06:00:00,32.0,1010.2,69.82505728068918
2024-10-13 09:00:00,32.2,1007.4,65.05199403084112
2024-10-13 12:00:00,29.4,1008.6,79.11344799319119
2024-10-13 15:00:00,27.8,1009.0,82.77031896665545
2024-10-13 18:00:00,27.2,1008.6,84.20248990010974
2024-10-13 21:00:00,26.4,1007.4,90.39836619855579
2024-10-14 00:00:00,25.2,1007.9,96.48331975462109
2024-10-14 03:00:00,26.8,1010.5,88.2928835507106
2024-10-14 06:00:00,28.0,1008.9,78.44744220055776
2024-10-14 09:00:00,27.4,1005.9,78.36224761821416
2024-10-14 12:00:00,27.6,1006.6,78.39069896683198
2024-10-14 15:00:00,26.4,1008.5,92.03168153578638
2024-10-14 18:00:00,23.8,1009.1,96.4469459114231
2024-10-14 21:00:00,25.4,1006.2,96.48847066905626
2024-10-15 00:00:00,25.6,1007.1,94.78110774663195
2024-10-15 03:00:00,25.6,1009.8,93.09525743190015
2024-10-15 06:00:00,25.6,1009.6,94.78110774663195
2024-10-15 09:00:00,24.2,1006.5,94.7276645424548
2024-10-15 12:00:00,24.2,1007.2,96.45739545380262
2024-10-15 15:00:00,24.6,1009.6,98.81022992788581
2024-10-15 18:00:00,24.6,1008.5,98.22000417681151
2024-10-15 21:00:00,24.4,1006.6,96.4626030540391
2024-10-16 00:00:00,24.2,1006.3,98.21471657176035
2024-10-16 03:00:00,24.6,1009.4,96.46779925124456
2024-10-16 06:00:00,26.6,1007.9,87.22543835052973
2024-10-16 09:00:00,27.4,1004.8,84.22401507730588
2024-10-16 12:00:00,26.8,1005.0,85.68910507577876
2024-10-16 15:00:00,26.0,1007.4,92.00888400052642
2024-10-16 18:00:00,25.0,1007.5,94.7583025301895
2024-10-16 21:00:00,24.6,1005.7,96.46779925124456
2024-10-17 00:00:00,24.6,1006.4,94.74301669819423
2024-10-17 03:00:00,27.4,1008.7,85.23739087703397
2024-10-17 06:00:00,30.8,1008.2,78.37581423848806
2024-10-17 09:00:00,30.8,1005.8,73.00291172196927
2024-10-17 12:00:00,29.8,1005.8,82.51286135002354
2024-10-17 15:00:00,27.8,1008.1,78.41909711972701
2024-10-17 18:00:00,27.2,1008.3,88.85313336738866
2024-10-17 21:00:00,26.4,1006.6,94.81128607168019
2024-10-18 00:00:00,26.6,1006.9,94.8187901348208
2024-10-18 03:00:00,26.6,1009.1,90.41194193154737
2024-10-18 06:00:00,29.0,1009.0,81.9313443709877
2024-10-18 09:00:00,31.2,1006.3,78.89384535394599
2024-10-18 12:00:00,29.4,1006.8,84.9360766224706
2024-10-18 15:00:00,27.2,1009.6,92.07698925377626
2024-10-18 21:00:00,26.6,1007.8,94.8187901348208
2024-10-19 00:00:00,25.0,1008.8,96.47815756865955
2024-10-19 03:00:00,26.0,1011.7,92.00888400052642
2024-10-19 06:00:00,30.6,1010.3,79.74530566981048
2024-10-19 09:00:00,31.8,1007.2,71.04055669606059
2024-10-19 12:00:00,29.2,1007.3,81.95548127118022
2024-10-19 15:00:00,27.8,1009.7,84.2669381064797
2024-10-19 18:00:00,27.4,1010.3,87.29619508920601
2024-10-19 21:00:00,26.8,1008.9,92.05438311051279
2024-10-20 00:00:00,26.0,1009.9,94.79622941585653
2024-10-20 03:00:00,28.2,1012.0,87.36638064071765
2024-10-20 06:00:00,29.8,1011.2,83.49088910584811
2024-10-20 09:00:00,31.0,1008.5,74.7889561009917
2024-10-20 12:00:00,29.6,1008.3,88.00194722290112
2024-10-20 15:00:00,28.0,1011.3,85.80667728802291
2024-10-20 18:00:00,27.2,1011.2,88.85313336738866
2024-10-20 21:00:00,27.0,1010.0,92.06569807815053
2024-10-21 00:00:00,27.0,1009.9,92.06569807815053
2024-10-21 03:00:00,29.4,1012.7,84.9360766224706
2024-10-21 06:00:00,32.0,1011.4,65.01074996458017
2024-10-21 09:00:00,32.6,1008.1,63.22051607138405
2024-10-21 12:00:00,29.8,1008.2,76.85229197010862
2024-10-21 15:00:00,28.2,1010.6,86.33689076158295
2024-10-21 18:00:00,27.0,1011.1,84.18092213796281
2024-10-21 21:00:00,26.6,1009.7,87.22543835052973
2024-10-22 00:00:00,26.8,1010.5,92.05438311051279
2024-10-22 03:00:00,29.4,1012.1,77.71354294293734
2024-10-22 06:00:00,33.0,1011.0,61.07786865205016
2024-10-22 09:00:00,32.0,1008.3,69.82505728068918
2024-10-22 12:00:00,30.6,1009.2,75.61652127297627
2024-10-22 15:00:00,28.0,1011.1,84.79181717750924
2024-10-22 18:00:00,27.2,1011.2,88.85313336738866
2024-10-22 21:00:00,27.2,1009.3,92.07698925377626
2024-10-23 00:00:00,26.6,1009.6,88.80618472944694
2024-10-23 03:00:00,29.6,1010.8,76.82235153000387
2024-10-23 06:00:00,33.8,1009.4,56.33514627720134
2024-10-23 09:00:00,33.0,1007.3,65.60442666205464
2024-10-23 12:00:00,30.0,1007.3,79.66535824918688
2024-10-23 15:00:00,28.2,1010.7,83.31179804309043
2024-10-23 18:00:00,27.8,1010.2,85.78717977072007
2024-10-23 21:00:00,27.6,1008.5,87.31379479213656
2024-10-24 00:00:00,27.6,1007.5,92.09950049107172
2024-10-24 03:00:00,27.4,1010.8,76.95386898986409
2024-10-24 06:00:00,30.2,1010.3,75.55406963834521
2024-10-24 09:00:00,31.8,1006.9,60.080164319513116
2024-10-24 12:00:00,29.2,1006.8,77.68451620551635
2024-10-24 15:00:00,27.0,1009.9,84.18092213796281
2024-10-24 18:00:00,27.6,1009.6,81.27196286112057
2024-10-24 21:00:00,26.6,1008.1,84.13765842724912
2024-10-25 00:00:00,26.8,1008.5,85.68910507577876
2024-10-25 03:00:00,28.4,1010.5,77.56787120852722
2024-10-25 06:00:00,32.6,1009.6,60.623956285700366
2024-10-25 09:00:00,34.2,1006.4,47.91980944869557
2024-10-25 12:00:00,29.2,1007.5,61.723255448317445
2024-10-25 15:00:00,28.8,1010.0,81.90716097068722
2024-10-25 18:00:00,28.4,1010.2,83.33433758376981
2024-10-25 21:00:00,27.0,1007.7,85.7087986323302
2024-10-26 00:00:00,26.0,1008.5,88.7589455109383
2024-10-26 03:00:00,28.8,1010.8,74.88236905493878
2024-10-26 06:00:00,33.8,1008.8,53.682250230841014
2024-10-26 09:00:00,34.8,1005.8,40.46647720039389
2024-10-26 12:00:00,31.2,1006.4,72.20890765279174
2024-10-26 15:00:00,29.2,1009.3,86.43038313933076
2024-10-26 18:00:00,28.0,1008.9,90.50618565208272
2024-10-27 03:00:00,28.6,1009.7,76.21281246926864
2024-10-27 06:00:00,33.8,1008.4,66.15514213531858
2024-10-27 09:00:00,34.4,1005.3,45.11935390234125
2024-10-27 12:00:00,31.2,1005.8,69.67698198453844
2024-10-27 15:00:00,28.2,1008.0,80.37983931978188
2024-10-27 18:00:00,27.2,1007.7,76.92377783448977
2024-10-27 21:00:00,26.6,1006.2,88.80618472944694
2024-10-28 00:00:00,26.4,1007.1,92.03168153578638
2024-10-28 03:00:00,29.0,1009.3,81.9313443709877
2024-10-28 06:00:00,33.4,1007.9,59.010628693089586
2024-10-28 09:00:00,34.8,1005.1,52.64629722905695
2024-10-28 12:00:00,30.4,1006.0,76.94178563223718
2024-10-28 15:00:00,29.2,1008.2,83.42405706602797
2024-10-28 18:00:00,28.8,1008.3,86.39309843177878
2024-10-28 21:00:00,28.0,1006.8,87.34888747491027
2024-10-29 00:00:00,28.2,1007.8,90.51953760720181
2024-10-29 03:00:00,28.6,1010.4,87.91868204829599
2024-10-29 06:00:00,32.0,1009.5,66.1862478230639
2024-10-29 09:00:00,32.0,1006.8,73.63761837389029
2024-10-29 12:00:00,30.2,1007.7,76.91200889831605
2024-10-29 15:00:00,26.4,1009.5,93.69075623120435
2024-10-29 18:00:00,28.0,1009.6,90.50618565208272
2024-10-29 21:00:00,27.6,1007.7,88.88427217188078
2024-10-30 00:00:00,26.2,1008.1,92.0202947964304
2024-10-30 03:00:00,28.6,1010.9,81.88293095675748
2024-10-30 06:00:00,32.2,1009.9,72.80896276194781
2024-10-30 09:00:00,27.2,1008.3,90.45250000428203
2024-10-30 12:00:00,27.4,1008.4,88.86871874139695
2024-10-30 15:00:00,26.8,1010.5,93.70888380751718
2024-10-30 18:00:00,26.4,1011.5,94.81128607168019
2024-10-30 21:00:00,26.6,1009.4,94.8187901348208
2024-10-31 00:00:00,26.4,1009.8,93.69075623120435
2024-10-31 03:00:00,28.2,1012.3,88.93074165144274
2024-10-31 06:00:00,30.0,1012.2,78.26294962837345
2024-10-31 09:00:00,30.0,1008.7,78.26294962837345
2024-10-31 12:00:00,29.0,1009.0,81.9313443709877
2024-10-31 15:00:00,27.2,1011.2,84.20248990010974
2024-10-31 18:00:00,26.6,1012.1,90.41194193154737
2024-10-31 21:00:00,26.4,1009.9,87.207659213301
2024-11-01 00:00:00,26.2,1010.7,94.80376584735212
2024-11-01 03:00:00,28.4,1013.7,84.83323810049623
2024-11-01 06:00:00,31.2,1012.8,77.51519693628545
2024-11-01 09:00:00,32.0,1010.2,66.1862478230639
2024-11-01 12:00:00,29.4,1010.4,76.33535606218936
2024-11-01 15:00:00,28.0,1012.9,84.79181717750924
2024-11-01 18:00:00,27.0,1012.9,87.26088849314073
2024-11-01 21:00:00,26.6,1011.1,87.22543835052973
2024-11-02 00:00:00,26.8,1011.4,90.42548942576907
2024-11-02 03:00:00,27.6,1014.2,90.47939854432097
2024-11-02 06:00:00,31.2,1013.6,76.157651318818
2024-11-02 09:00:00,31.6,1010.3,68.51690400466761
2024-11-02 12:00:00,29.2,1010.4,81.95548127118022
2024-11-02 15:00:00,27.4,1012.4,81.24686676192346
2024-11-02 18:00:00,26.4,1012.7,84.11596226208941
2024-11-02 21:00:00,26.2,1011.1,88.7747243479242
2024-11-03 00:00:00,26.4,1011.5,90.39836619855579
2024-11-03 03:00:00,28.4,1013.2,84.83323810049623
2024-11-03 06:00:00,32.2,1012.6,70.27643339934488
2024-11-03 09:00:00,32.2,1010.0,61.63719881412483
2024-11-03 12:00:00,30.0,1010.2,71.5698382304094
2024-11-03 15:00:00,28.0,1012.7,81.80996009312997
2024-11-03 18:00:00,26.8,1012.9,85.68910507577876
2024-11-04 00:00:00,25.0,1011.2,89.75868022431183
2024-11-04 03:00:00,27.2,1013.1,87.27855968744687
2024-11-04 06:00:00,31.4,1011.5,66.06520314217083
2024-11-04 09:00:00,31.8,1008.5,72.31259150236149
2024-11-04 12:00:00,29.4,1008.9,77.71354294293734
2024-11-04 15:00:00,27.4,1012.3,84.22401507730588
2024-11-04 18:00:00,26.2,1012.3,84.09422307879059
2024-11-04 21:00:00,26.0,1010.7,88.7589455109383
2024-11-05 00:00:00,25.4,1011.3,93.08530694612072
2024-11-05 03:00:00,28.2,1013.3,80.37983931978188
2024-11-05 06:00:00,31.4,1012.0,73.53807422593974
2024-11-05 09:00:00,32.8,1009.1,50.885501441878056
2024-11-05 12:00:00,29.8,1009.7,64.94624549390848
2024-11-05 15:00:00,27.6,1012.1,75.59926777139484
2024-11-05 18:00:00,26.2,1012.2,82.58282556083142
2024-11-05 21:00:00,26.2,1010.4,81.09527108176809
2024-11-06 00:00:00,25.8,1010.7,80.55257262849392
2024-11-06 03:00:00,28.6,1012.9,72.18874813372028
2024-11-06 06:00:00,30.6,1012.1,65.50658692237978
2024-11-06 09:00:00,31.6,1009.7,60.03485302219658
2024-11-06 12:00:00,27.0,1009.9,92.06569807815053
2024-11-06 15:00:00,26.6,1012.1,92.04304428506519
2024-11-06 18:00:00,25.6,1011.6,93.09525743190015
2024-11-06 21:00:00,25.6,1010.2,93.09525743190015
2024-11-07 00:00:00,25.2,1010.2,93.07533521182425
2024-11-07 03:00:00,25.6,1013.1,93.09525743190015
2024-11-07 06:00:00,27.0,1012.4,90.43900875787912
2024-11-07 09:00:00,26.2,1009.7,90.38476214988123
2024-11-07 12:00:00,26.0,1010.7,94.79622941585653
2024-11-07 15:00:00,26.0,1012.2,94.79622941585653
2024-11-07 18:00:00,25.6,1012.3,94.78110774663195
2024-11-07 21:00:00,25.6,1010.4,96.49361034454672
2024-11-08 00:00:00,25.6,1010.9,94.78110774663195
2024-11-08 03:00:00,28.2,1012.5,87.36638064071765
2024-11-08 06:00:00,31.8,1011.8,66.14596424716504
2024-11-08 09:00:00,32.0,1008.9,73.63761837389029
2024-11-08 12:00:00,29.0,1009.6,76.27419595958764
2024-11-08 15:00:00,27.4,1011.9,84.22401507730588
2024-11-08 18:00:00,26.8,1011.8,85.68910507577876
2024-11-08 21:00:00,26.0,1010.7,90.37112970835472
2024-11-09 00:00:00,25.8,1011.1,91.99744908137737
2024-11-09 03:00:00,28.4,1013.1,77.56787120852722
2024-11-09 06:00:00,31.0,1011.8,76.1271052167908
2024-11-09 09:00:00,32.0,1009.4,60.12540926930006
2024-11-09 12:00:00,28.4,1009.9,76.18203664070896
2024-11-09 15:00:00,26.6,1012.2,88.80618472944694
2024-11-09 18:00:00,25.2,1011.5,88.1609235163349
2024-11-09 21:00:00,25.0,1011.0,91.39891921824884
2024-11-10 00:00:00,25.2,1010.8,91.41120774609278
2024-11-10 03:00:00,28.8,1012.7,76.24353220041739
2024-11-10 06:00:00,31.0,1011.2,63.258166707380134
2024-11-10 09:00:00,31.2,1008.7,58.5027997016778
2024-11-10 12:00:00,29.2,1009.5,69.72295309892432
2024-11-10 15:00:00,27.8,1011.1,75.63076994448524
2024-11-10 18:00:00,27.2,1011.5,78.33374294989056
2024-11-10 21:00:00,25.6,1009.7,87.13618000678832
2024-11-11 00:00:00,25.6,1010.0,90.34377933678581
2024-11-11 03:00:00,28.6,1011.7,74.85017612547131
2024-11-11 06:00:00,31.6,1010.3,63.768916444962564
2024-11-11 09:00:00,29.8,1008.0,64.94624549390848
2024-11-11 12:00:00,29.0,1008.6,70.96187714437761
2024-11-11 15:00:00,28.6,1009.8,72.18874813372028
2024-11-11 18:00:00,26.2,1010.6,94.80376584735212
2024-11-11 21:00:00,26.2,1008.0,93.68166338882529
2024-11-12 00:00:00,25.2,1008.8,96.48331975462109
2024-11-12 03:00:00,25.4,1011.6,96.48847066905626
2024-11-12 06:00:00,26.4,1010.6,94.81128607168019
2024-11-12 09:00:00,27.2,1007.8,92.07698925377626
2024-11-12 12:00:00,26.8,1008.0,93.70888380751718
2024-11-12 15:00:00,26.6,1010.5,93.69982968596882
2024-11-12 18:00:00,26.6,1009.6,92.04304428506519
2024-11-12 21:00:00,25.6,1007.7,94.78110774663195
2024-11-13 00:00:00,25.0,1008.5,96.47815756865955
2024-11-13 03:00:00,26.4,1011.3,92.03168153578638
2024-11-13 06:00:00,28.0,1010.8,90.50618565208272
2024-11-13 09:00:00,28.4,1007.8,81.85865421535438
2024-11-13 12:00:00,27.6,1008.5,88.88427217188078
2024-11-13 15:00:00,26.4,1009.3,93.69075623120435
2024-11-13 18:00:00,26.6,1010.6,94.8187901348208
2024-11-13 21:00:00,25.8,1008.6,96.49873881355717
2024-11-14 00:00:00,25.6,1009.5,94.78110774663195
2024-11-14 03:00:00,27.0,1011.9,93.71791865005993
2024-11-14 06:00:00,30.6,1011.6,75.61652127297627
2024-11-14 09:00:00,31.0,1008.8,76.1271052167908
2024-11-14 12:00:00,28.4,1010.1,83.33433758376981
2024-11-14 15:00:00,27.2,1012.2,90.45250000428203
2024-11-14 18:00:00,26.2,1012.2,94.80376584735212
2024-11-14 21:00:00,25.8,1010.1,94.78867673105134
2024-11-15 00:00:00,25.4,1011.0,96.48847066905626
2024-11-15 03:00:00,26.6,1012.7,92.04304428506519
2024-11-15 06:00:00,29.6,1012.1,81.03945906223336
2024-11-15 09:00:00,29.4,1009.4,77.71354294293734
2024-11-15 12:00:00,29.0,1009.7,77.65543578652992
2024-11-15 15:00:00,27.4,1011.9,88.86871874139695
2024-11-15 18:00:00,26.8,1011.8,92.05438311051279
2024-11-15 21:00:00,25.4,1010.2,96.48847066905626
2024-11-16 00:00:00,25.0,1010.2,98.22526839673633
2024-11-16 03:00:00,27.4,1012.1,93.73593071403404
2024-11-16 06:00:00,30.4,1011.5,76.94178563223718
2024-11-16 09:00:00,30.4,1008.8,81.13972960661955
2024-11-16 12:00:00,27.4,1009.1,83.72129251467788
2024-11-16 15:00:00,26.4,1011.0,94.81128607168019
2024-11-16 18:00:00,26.0,1011.7,93.67255110424425
2024-11-16 21:00:00,25.6,1009.7,93.09525743190015
2024-11-17 00:00:00,25.4,1009.8,94.77352241613059
2024-11-17 03:00:00,27.4,1011.6,84.22401507730588
2024-11-17 06:00:00,30.0,1012.0,78.26294962837345
2024-11-17 09:00:00,30.6,1009.5,63.94211751218886
2024-11-17 12:00:00,28.4,1009.3,77.56787120852722
2024-11-17 15:00:00,27.0,1011.5,81.19652945190819
2024-11-17 18:00:00,26.8,1010.8,84.15931168305403
2024-11-17 21:00:00,25.6,1010.4,90.34377933678581
2024-11-21 21:00:00,23.0,1011.3,89.61193893447619
2024-11-22 00:00:00,22.6,1010.9,91.24941140171894
2024-11-22 03:00:00,25.6,1013.0,71.65680034129598
2024-11-22 06:00:00,30.0,1012.5,62.279197326402645
2024-11-22 09:00:00,30.6,1009.4,58.006624337338984
2024-11-22 12:00:00,28.0,1010.3,71.64672861133928
2024-11-22 15:00:00,26.4,1012.5,81.1206589392812
2024-11-22 18:00:00,26.0,1012.3,84.07244076824206
2024-11-22 21:00:00,25.2,1011.1,83.47525948927431
2024-11-23 00:00:00,24.4,1011.6,86.49898460860861
2024-11-23 03:00:00,26.6,1013.9,73.61894146789774
2024-11-23 06:00:00,29.6,1012.9,67.31212756795189
2024-11-23 09:00:00,29.4,1010.4,70.18265788054528
2024-11-23 12:00:00,28.0,1011.3,76.5808442395279
2024-11-23 15:00:00,27.0,1013.0,81.19652945190819
2024-11-23 18:00:00,26.8,1012.7,85.68910507577876
2024-11-23 21:00:00,26.0,1011.7,87.17199233244091
2024-11-24 00:00:00,25.2,1011.9,89.77318651955946
2024-11-24 03:00:00,26.6,1014.1,85.66937200749226
2024-11-24 06:00:00,29.2,1013.4,69.72295309892432
2024-11-24 09:00:00,30.0,1010.5,70.29306142592459
2024-11-24 12:00:00,28.0,1010.8,75.66221487345534
2024-11-24 15:00:00,27.2,1012.8,74.17038364277866
2024-11-24 18:00:00,26.2,1012.4,76.30487547759344
2024-11-24 21:00:00,25.4,1010.6,81.98706192459
2024-11-25 00:00:00,24.8,1010.5,88.12759322404811
2024-11-25 03:00:00,26.0,1012.4,79.12067626724064
2024-11-25 06:00:00,29.0,1011.9,76.27419595958764
2024-11-25 09:00:00,28.6,1009.9,63.906136265197986
2024-11-25 12:00:00,27.4,1010.5,78.36224761821416
2024-11-25 15:00:00,27.0,1012.2,79.73938187381316
2024-11-25 18:00:00,24.8,1010.5,94.75066788099174
2024-11-25 21:00:00,25.0,1008.5,93.06534216930645
2024-11-26 00:00:00,25.4,1008.6,94.77352241613059
2024-11-26 03:00:00,25.6,1011.2,93.09525743190015
2024-11-26 06:00:00,24.0,1011.7,96.45217641736166
2024-11-26 09:00:00,23.2,1008.4,94.6889914839052
2024-11-26 12:00:00,23.0,1008.7,92.96422650821278
2024-11-26 15:00:00,23.0,1010.5,92.96422650821278
2024-11-26 18:00:00,23.6,1010.5,96.44170390257318
2024-11-27 00:00:00,24.8,1007.6,91.38660473195172
2024-11-27 03:00:00,26.4,1010.1,79.65835252904961
2024-11-27 06:00:00,27.8,1009.4,77.0138849054383
2024-11-27 09:00:00,27.6,1006.9,69.84804373904335
2024-11-27 12:00:00,26.8,1006.8,73.6526814430667
2024-11-27 15:00:00,26.6,1009.1,70.95832333742634
2024-11-27 18:00:00,26.0,1008.6,74.88452551485119
2024-11-27 21:00:00,24.4,1007.4,79.87545001594653
2024-11-28 00:00:00,24.6,1006.6,75.58646829846579
2024-11-28 03:00:00,24.8,1009.5,72.40765139233008
2024-11-28 06:00:00,27.0,1008.4,62.77637062843983
2024-11-28 09:00:00,27.0,1005.8,68.03983194402242
2024-11-28 12:00:00,26.2,1006.5,66.2167817215212
2024-11-28 15:00:00,26.4,1008.0,69.19353375788072
2024-11-28 18:00:00,25.4,1008.1,83.49784757524912
2024-11-28 21:00:00,23.2,1006.0,98.20139433921152
2024-11-29 00:00:00,22.6,1006.4,94.66558503403643
2024-11-29 03:00:00,22.8,1009.0,91.2620162268376
2024-11-29 06:00:00,24.0,1007.9,88.06051918717874
2024-11-29 09:00:00,23.2,1006.3,91.2871456644803
2024-11-29 12:00:00,23.4,1006.2,88.00984897364455
2024-11-29 15:00:00,23.0,1008.1,92.96422650821278
2024-11-29 18:00:00,23.4,1006.8,92.98462350012163
2024-11-29 21:00:00,23.8,1003.3,93.00493307197942
2024-11-30 00:00:00,23.2,1003.3,96.43118524187918
2024-11-30 03:00:00,23.2,1002.5,98.20139433921152
2024-11-30 06:00:00,23.6,1001.4,98.20674101429967
2024-11-30 09:00:00,25.4,997.2,98.23050936880627
2024-11-30 12:00:00,25.6,998.5,93.09525743190015
2024-11-30 15:00:00,26.4,1001.2,88.79047072518293
2024-11-30 18:00:00,25.6,1002.1,91.43570721258781
2024-11-30 21:00:00,25.6,1000.3,91.43570721258781
2024-12-02 00:00:00,25.0,1004.1,96.47815756865955
2024-12-02 03:00:00,26.6,1006.5,96.51914127003087
2024-12-02 06:00:00,29.8,1006.5,79.63860889063328
2024-12-02 09:00:00,28.6,1004.6,86.37440005285019
2024-12-02 12:00:00,27.8,1005.5,88.89979374390309
2024-12-02 15:00:00,27.0,1008.4,92.06569807815053
2024-12-02 18:00:00,26.8,1008.5,92.05438311051279
2024-12-02 21:00:00,26.8,1007.5,93.70888380751718
2024-12-03 00:00:00,26.6,1008.2,92.04304428506519
2024-12-03 03:00:00,27.5,1010.4,91.5506830075976
2024-12-03 06:00:00,30.8,1010.3,74.31499881924898
2024-12-03 09:00:00,30.6,1008.4,74.28243957799879
2024-12-03 12:00:00,28.0,1009.1,83.28921441559984
2024-12-03 15:00:00,26.6,1011.3,92.04304428506519
2024-12-03 21:00:00,26.0,1009.4,93.67255110424425
2024-12-04 00:00:00,25.6,1009.5,93.09525743190015
2024-12-04 03:00:00,26.8,1012.1,93.70888380751718
2024-12-04 06:00:00,31.2,1011.5,76.157651318818
2024-12-04 09:00:00,31.6,1008.8,69.75114396222972
2024-12-04 12:00:00,28.8,1009.3,79.03096698905824
2024-12-04 15:00:00,25.4,1011.9,98.23050936880627
2024-12-04 18:00:00,25.2,1012.3,98.227891780213
2024-12-04 21:00:00,25.4,1010.2,94.77352241613059
2024-12-05 00:00:00,25.5,1010.6,94.21202471027594
2024-12-05 03:00:00,26.6,1013.0,92.04304428506519
2024-12-05 06:00:00,30.0,1012.8,74.18441432342445
2024-12-05 09:00:00,31.4,1010.0,63.34384135735378
2024-12-05 12:00:00,28.8,1010.3,79.03096698905824
2024-12-05 15:00:00,26.4,1012.8,88.79047072518293
2024-12-05 18:00:00,26.0,1012.6,84.07244076824206
2024-12-05 21:00:00,25.8,1010.8,93.10518672866101
2024-12-06 00:00:00,25.6,1011.1,94.78110774663195
2024-12-06 03:00:00,27.0,1013.3,88.83751596451742
2024-12-06 06:00:00,30.6,1012.5,71.67589990470815
2024-12-06 09:00:00,31.2,1009.7,69.67698198453844
2024-12-06 12:00:00,29.0,1009.4,79.0585121873896
2024-12-06 15:00:00,26.8,1012.2,94.26613312773529
2024-12-06 18:00:00,25.8,1012.1,94.78867673105134
2024-12-06 21:00:00,25.4,1010.1,93.08530694612072
2024-12-07 00:00:00,25.6,1010.3,93.09525743190015
2024-12-07 03:00:00,27.0,1012.5,92.06569807815053
2024-12-07 06:00:00,31.1,1012.3,70.91509474637871
2024-12-07 09:00:00,31.4,1009.8,70.96895584191402
2024-12-07 12:00:00,28.2,1010.5,81.83433063230953
2024-12-07 15:00:00,26.4,1012.5,85.64959932544602
2024-12-07 18:00:00,25.2,1011.9,89.77318651955946
2024-12-07 21:00:00,24.2,1010.4,93.02515571569042
2024-12-08 00:00:00,24.4,1010.5,94.73534893450257
2024-12-08 03:00:00,26.0,1013.2,88.7589455109383
2024-12-08 06:00:00,30.4,1012.5,63.899688803812836
2024-12-08 09:00:00,31.0,1009.9,64.4141386029017
2024-12-08 12:00:00,28.2,1010.2,78.94802076163292
2024-12-08 15:00:00,26.4,1012.0,87.207659213301
2024-12-08 18:00:00,25.4,1011.4,90.33006125111788
2024-12-08 21:00:00,25.0,1010.2,91.39891921824884
2024-12-09 00:00:00,24.4,1010.2,93.03523459227986
2024-12-09 03:00:00,24.4,1012.9,100.0
2024-12-09 06:00:00,30.2,1012.1,67.83823315041917
2024-12-09 09:00:00,31.0,1009.3,63.258166707380134
2024-12-09 12:00:00,29.0,1009.3,73.57607488115697
2024-12-09 15:00:00,27.0,1011.4,85.7087986323302
2024-12-09 18:00:00,26.8,1011.4,87.24318141227258
2024-12-09 21:00:00,26.2,1009.6,90.38476214988123
2024-12-10 00:00:00,25.6,1009.8,91.43570721258781
2024-12-10 03:00:00,27.0,1012.1,88.83751596451742
2024-12-10 06:00:00,29.6,1011.9,68.54498148512985
2024-12-10 09:00:00,29.6,1008.9,67.31212756795189
2024-12-10 12:00:00,28.4,1009.5,80.40588280898815
2024-12-10 15:00:00,27.2,1012.1,82.70035172790627
2024-12-10 18:00:00,27.0,1012.2,84.18092213796281
2024-12-10 21:00:00,27.2,1009.9,82.70035172790627
2024-12-11 00:00:00,26.4,1009.9,88.79047072518293
2024-12-11 03:00:00,27.0,1012.9,87.26088849314073
2024-12-11 06:00:00,24.8,1013.2,91.38660473195172
2024-12-11 09:00:00,25.8,1010.1,93.10518672866101
2024-12-11 12:00:00,25.6,1009.6,91.43570721258781
2024-12-11 15:00:00,25.2,1010.7,94.76592069291524
2024-12-11 18:00:00,25.0,1010.5,94.7583025301895
2024-12-11 21:00:00,24.2,1008.6,94.7276645424548
2024-12-12 00:00:00,24.7,1008.5,95.89285259431948
2024-12-12 03:00:00,25.0,1011.6,96.47815756865955
2024-12-12 06:00:00,24.8,1012.1,96.47298407847299
2024-12-12 09:00:00,24.4,1009.3,98.21736330604563
2024-12-12 12:00:00,24.4,1009.5,96.4626030540391
2024-12-12 15:00:00,25.6,1011.5,96.49361034454672
2024-12-12 18:00:00,25.4,1012.0,94.77352241613059
2024-12-12 21:00:00,25.2,1010.3,91.41120774609278
2024-12-13 00:00:00,25.0,1010.3,93.06534216930645
2024-12-13 03:00:00,25.8,1013.3,91.99744908137737
2024-12-13 06:00:00,27.6,1012.6,81.27196286112057
2024-12-13 09:00:00,29.4,1010.0,68.50651160978764
2024-12-13 12:00:00,26.6,1010.1,76.36659730018178
2024-12-13 15:00:00,25.8,1013.0,80.55257262849392
2024-12-13 18:00:00,24.6,1013.4,88.1108765345105
2024-12-13 21:00:00,23.6,1011.5,92.9947891827328
2024-12-14 00:00:00,23.2,1011.9,92.97443596255128
2024-12-14 03:00:00,24.8,1014.2,86.53660587246388
2024-12-14 06:00:00,28.4,1014.3,66.25795810970587
2024-12-14 09:00:00,29.0,1011.4,65.57515728735507
2024-12-14 12:00:00,27.0,1011.8,73.68636116732236
2024-12-14 15:00:00,25.1,1014.4,86.04102419869524
2024-12-14 18:00:00,24.0,1014.4,88.06051918717874
2024-12-14 21:00:00,22.8,1012.4,92.95399507508202
2024-12-15 00:00:00,23.0,1012.7,91.27459428964966
2024-12-15 03:00:00,24.6,1015.4,75.58646829846579
2024-12-15 06:00:00,28.4,1015.4,73.03240199762554
2024-12-15 09:00:00,28.4,1012.4,71.71785815951927
2024-12-15 12:00:00,27.0,1012.4,75.50441651181359
2024-12-15 15:00:00,25.2,1014.2,74.29392454783775
2024-12-15 18:00:00,22.6,1014.3,87.40087535726879
2024-12-15 21:00:00,22.8,1012.5,87.95886336881536
2024-12-16 00:00:00,23.0,1012.1,87.97589377078442
2024-12-16 03:00:00,24.0,1014.5,81.31250928232977
2024-12-16 06:00:00,28.2,1013.7,62.265326482850305
2024-12-16 09:00:00,28.4,1011.1,57.48575855515023
2024-12-16 12:00:00,26.6,1011.4,62.29807222676058
2024-12-16 15:00:00,25.4,1013.2,72.96297423706713
2024-12-16 18:00:00,25.2,1012.5,74.29392454783775
2024-12-16 21:00:00,25.0,1010.4,78.98125580461064
2024-12-17 00:00:00,24.8,1010.1,77.03212588839541
2024-12-17 03:00:00,25.0,1012.3,80.44778939452424
2024-12-17 06:00:00,26.4,1011.4,66.25782759838835
2024-12-17 09:00:00,26.2,1009.1,63.38846253625371
2024-12-17 12:00:00,25.4,1009.3,66.88311494829222
2024-12-17 15:00:00,24.6,1011.6,67.98894000118018
2024-12-17 18:00:00,23.4,1011.6,81.23620952648784
2024-12-17 21:00:00,23.8,1009.4,81.28712563035198
2024-12-18 00:00:00,24.0,1009.3,83.33878752130364
2024-12-18 03:00:00,25.0,1011.2,83.45262666598398
2024-12-18 06:00:00,24.8,1010.1,93.05532775865673
2024-12-18 15:00:00,24.4,1009.9,93.03523459227986
2024-12-18 18:00:00,24.4,1009.5,93.03523459227986
2024-12-18 21:00:00,24.2,1008.2,94.7276645424548
2024-12-19 00:00:00,24.0,1008.5,94.71996347442106
2024-12-19 03:00:00,24.8,1011.1,93.05532775865673
2024-12-19 06:00:00,26.8,1009.9,85.68910507577876
2024-12-19 09:00:00,28.0,1007.2,80.3537462205201
2024-12-19 12:00:00,26.8,1006.7,87.24318141227258
2024-12-19 15:00:00,26.0,1009.1,85.60993471040011
2024-12-19 18:00:00,25.6,1009.3,90.34377933678581
2024-12-20 00:00:00,25.4,1007.5,91.42347038708563
2024-12-20 03:00:00,25.4,1010.4,93.08530694612072
2024-12-20 06:00:00,27.8,1009.8,79.84670514036797
2024-12-20 09:00:00,28.2,1007.5,76.15120458899845
2024-12-20 12:00:00,28.2,1007.6,76.15120458899845
2024-12-20 15:00:00,26.2,1009.1,87.18984390567529
2024-12-20 18:00:00,26.0,1010.2,84.07244076824206
2024-12-20 21:00:00,25.6,1008.9,88.72729010944434
2024-12-21 00:00:00,25.0,1008.3,91.39891921824884
2024-12-21 03:00:00,26.0,1010.8,87.17199233244091
2024-12-21 06:00:00,29.0,1010.4,73.57607488115697
2024-12-21 09:00:00,31.6,1008.0,60.03485302219658
2024-12-21 12:00:00,28.8,1009.0,72.2237174181299
2024-12-21 15:00:00,26.2,1011.4,73.55128024517502
2024-12-21 18:00:00,25.2,1011.3,75.68189058367413
2024-12-21 21:00:00,24.6,1010.2,84.95004486909127
2024-12-22 00:00:00,24.6,1010.4,93.04529191975669
2024-12-22 03:00:00,26.5,1012.7,86.69480247810681
2024-12-22 06:00:00,29.8,1011.9,68.58338730413207
2024-12-22 09:00:00,29.4,1009.4,64.46861316110979
2024-12-22 12:00:00,28.8,1010.5,65.53389236922786
2024-12-22 15:00:00,25.6,1012.4,82.01145278638
2024-12-22 18:00:00,25.0,1012.0,83.45262666598398
2024-12-22 21:00:00,24.0,1010.6,91.33708576167582
2024-12-23 00:00:00,23.4,1010.8,89.64153331568741
2024-12-23 03:00:00,25.0,1012.8,84.99158907366431
2024-12-23 06:00:00,29.2,1011.9,63.255491800252074
2024-12-23 09:00:00,30.6,1008.9,60.541168204253225
2024-12-23 12:00:00,28.0,1008.9,67.40516935791447
2024-12-23 15:00:00,26.8,1010.9,78.27657315656734
2024-12-23 18:00:00,26.0,1010.4,84.07244076824206
2024-12-23 21:00:00,25.8,1008.9,84.05061522100549
2024-12-24 00:00:00,25.4,1009.4,83.49784757524912
2024-12-24 03:00:00,25.0,1012.1,84.99158907366431
2024-12-24 06:00:00,24.6,1011.9,86.51781437617485
2024-12-24 09:00:00,25.0,1009.3,80.44778939452424
2024-12-24 12:00:00,25.0,1010.0,78.98125580461064
2024-12-24 15:00:00,24.0,1012.1,81.31250928232977
2024-12-24 18:00:00,24.0,1011.2,83.33878752130364
2024-12-24 21:00:00,23.8,1010.4,84.86645400274385
2024-12-25 00:00:00,23.6,1009.8,84.84545097606222
2024-12-25 03:00:00,24.6,1012.7,84.95004486909127
2024-12-25 06:00:00,25.4,1012.3,90.33006125111788
2024-12-25 09:00:00,25.4,1009.8,88.17753730223563
2024-12-25 12:00:00,24.2,1010.6,94.7276645424548
2024-12-25 15:00:00,24.2,1012.8,89.70035155341864
2024-12-25 18:00:00,24.0,1012.4,93.01505522924245
2024-12-25 21:00:00,24.0,1010.1,94.71996347442106
2024-12-26 00:00:00,25.4,1010.3,96.48847066905626
2024-12-26 03:00:00,25.8,1014.3,94.78867673105134
2024-12-26 06:00:00,28.0,1015.0,87.34888747491027
2024-12-26 09:00:00,29.0,1012.8,79.0585121873896
2024-12-26 12:00:00,27.8,1013.0,84.2669381064797
2024-12-26 15:00:00,26.2,1014.7,88.7747243479242
2024-12-26 18:00:00,24.6,1015.1,94.74301669819423
2024-12-26 21:00:00,24.2,1014.0,96.45739545380262
2024-12-27 00:00:00,24.8,1014.0,97.63636061031782
2024-12-27 03:00:00,26.0,1016.3,93.67255110424425
2024-12-27 06:00:00,28.4,1016.3,78.97572139747378
2024-12-27 09:00:00,29.2,1014.4,66.82547661101904
2024-12-27 12:00:00,27.6,1014.7,75.59926777139484
2024-12-27 15:00:00,25.6,1015.7,88.72729010944434
2024-12-27 18:00:00,25.6,1015.2,91.43570721258781
2024-12-27 21:00:00,24.6,1014.4,94.74301669819423
2024-12-28 00:00:00,23.6,1014.5,94.70451111903132
2024-12-28 03:00:00,25.4,1016.6,90.33006125111788
2024-12-28 06:00:00,29.6,1016.2,66.09873806993735
2024-12-28 09:00:00,30.0,1013.5,63.8146323928593
2024-12-28 12:00:00,28.0,1013.6,72.96396353006286
2024-12-28 15:00:00,26.2,1015.0,82.58282556083142
2024-12-28 18:00:00,25.2,1015.2,89.77318651955946
2024-12-28 21:00:00,25.4,1013.8,91.42347038708563
2024-12-29 00:00:00,25.0,1014.0,89.75868022431183
2024-12-29 03:00:00,26.4,1016.3,85.64959932544602
2024-12-29 06:00:00,28.4,1015.6,73.03240199762554
2024-12-29 09:00:00,28.4,1013.0,71.71785815951927
2024-12-29 12:00:00,27.2,1012.9,78.33374294989056
2024-12-29 15:00:00,26.4,1015.1,84.11596226208941
2024-12-29 18:00:00,26.4,1015.0,88.79047072518293
2024-12-29 21:00:00,25.0,1013.0,93.06534216930645
2024-12-30 00:00:00,25.0,1013.5,94.7583025301895
2024-12-30 03:00:00,26.0,1016.3,88.7589455109383
2024-12-30 06:00:00,29.0,1015.6,73.57607488115697
2024-12-30 09:00:00,29.6,1013.1,69.7975639784289
2024-12-30 12:00:00,28.0,1013.6,80.3537462205201
2024-12-30 15:00:00,26.4,1015.5,85.64959932544602
2024-12-30 18:00:00,25.8,1016.0,90.35746879655075
2024-12-30 21:00:00,25.4,1014.2,91.42347038708563
2024-12-31 00:00:00,25.0,1014.4,91.39891921824884
2024-12-31 03:00:00,25.6,1016.1,88.72729010944434
2024-12-31 06:00:00,28.6,1016.3,74.85017612547131
2024-12-31 09:00:00,30.2,1013.2,63.85719380100154
2024-12-31 12:00:00,27.8,1013.0,74.26945688504365
2024-12-31 15:00:00,26.0,1015.1,85.60993471040011
2024-12-31 18:00:00,25.4,1015.6,90.33006125111788
2024-12-31 21:00:00,24.6,1013.7,93.04529191975669
