time,temp_c,slp_hpa,rh_pct
2024-01-01 00:00:00,25.4,1011.0,90.33006125111788
2024-01-01 03:00:00,27.0,1013.9,78.30518483755301
2024-01-01 06:00:00,30.2,1013.6,65.02943476343613
2024-01-01 09:00:00,29.0,1011.0,77.65543578652992
2024-01-01 12:00:00,27.8,1010.4,79.84670514036797
2024-01-01 15:00:00,27.0,1011.4,87.26088849314073
2024-01-01 18:00:00,27.0,1011.4,84.18092213796281
2024-01-01 21:00:00,25.6,1009.1,91.43570721258781
2024-01-02 00:00:00,25.6,1009.3,91.43570721258781
2024-01-02 03:00:00,27.0,1011.4,85.7087986323302
2024-01-02 06:00:00,31.6,1011.2,69.75114396222972
2024-01-02 09:00:00,33.0,1008.9,62.18308645409979
2024-01-02 12:00:00,30.0,1010.0,69.03626644470846
2024-01-02 15:00:00,26.8,1012.2,76.86342849595185
2024-01-02 18:00:00,26.0,1012.0,82.55918218789247
2024-01-02 21:00:00,25.6,1010.8,88.72729010944434
2024-01-03 00:00:00,24.6,1010.4,91.37426421535667
2024-01-03 03:00:00,26.2,1012.0,85.62978692730046
2024-01-03 06:00:00,33.0,1011.6,50.936406587781846
2024-01-03 09:00:00,32.2,1008.6,62.75759984410254
2024-01-03 12:00:00,30.8,1008.7,71.71113203855039
2024-01-03 15:00:00,28.4,1010.9,80.40588280898815
2024-01-03 18:00:00,27.0,1011.5,85.7087986323302
2024-01-03 21:00:00,26.0,1010.0,88.7589455109383
2024-01-04 00:00:00,26.0,1010.1,92.00888400052642
2024-01-04 03:00:00,26.4,1012.1,87.207659213301
2024-01-04 06:00:00,34.2,1011.5,50.01039226884028
2024-01-04 09:00:00,34.0,1008.6,51.81527988036216
2024-01-04 12:00:00,31.0,1008.7,64.4141386029017
2024-01-04 15:00:00,28.0,1011.3,74.30236303611937
2024-01-04 18:00:00,27.2,1011.7,82.70035172790627
2024-01-04 21:00:00,26.6,1010.1,87.22543835052973
2024-01-05 00:00:00,25.6,1010.2,87.13618000678832
2024-01-05 03:00:00,27.2,1012.1,79.76628914637874
2024-01-05 06:00:00,33.0,1011.7,54.139154488709806
2024-01-05 09:00:00,33.0,1009.7,53.160307816284856
2024-01-05 12:00:00,29.2,1009.5,66.82547661101904
2024-01-05 15:00:00,27.2,1011.5,79.76628914637874
2024-01-05 18:00:00,26.2,1011.4,84.09422307879059
2024-01-05 21:00:00,25.6,1009.7,90.34377933678581
2024-01-06 00:00:00,25.6,1010.1,85.05359376201457
2024-01-06 03:00:00,26.6,1011.0,81.14599787426259
2024-01-06 06:00:00,32.2,1011.9,62.75759984410254
2024-01-06 09:00:00,34.0,1008.8,57.40603103345707
2024-01-06 12:00:00,29.6,1009.1,78.20620296447258
2024-01-06 15:00:00,28.0,1012.1,81.80996009312997
2024-01-06 21:00:00,26.8,1010.3,87.24318141227258
2024-01-07 00:00:00,26.8,1010.3,87.24318141227258
2024-01-07 03:00:00,27.0,1012.2,84.18092213796281
2024-01-07 06:00:00,33.8,1011.1,55.99737982292572
2024-01-07 09:00:00,32.8,1008.7,62.13958951433999
2024-01-07 12:00:00,26.8,1009.2,90.42548942576907
2024-01-07 15:00:00,26.2,1011.2,90.38476214988123
2024-01-07 18:00:00,26.0,1010.8,92.00888400052642
2024-01-07 21:00:00,25.8,1008.5,93.10518672866101
2024-01-08 00:00:00,25.8,1010.4,93.10518672866101
2024-01-08 03:00:00,26.2,1012.5,90.38476214988123
2024-01-08 06:00:00,30.0,1012.7,71.5698382304094
2024-01-08 09:00:00,30.4,1010.0,70.36635155961307
2024-01-08 12:00:00,29.2,1010.1,76.30480387190515
2024-01-08 15:00:00,27.8,1012.0,82.77031896665545
2024-01-08 18:00:00,27.0,1012.2,84.18092213796281
2024-01-08 21:00:00,26.4,1010.0,87.207659213301
2024-01-09 00:00:00,25.8,1009.8,91.99744908137737
2024-01-09 03:00:00,25.8,1012.3,91.99744908137737
2024-01-09 06:00:00,26.0,1012.8,96.503856108436
2024-01-09 09:00:00,29.2,1009.8,77.68451620551635
2024-01-09 12:00:00,29.0,1009.1,74.91450415439337
2024-01-09 15:00:00,26.8,1011.0,82.65347894376836
2024-01-09 18:00:00,26.2,1010.7,90.38476214988123
2024-01-09 21:00:00,26.2,1008.5,87.18984390567529
2024-01-10 00:00:00,25.2,1009.0,93.07533521182425
2024-01-10 03:00:00,25.6,1010.8,87.13618000678832
2024-01-10 06:00:00,31.4,1011.1,55.08058002977347
2024-01-10 09:00:00,33.6,1008.4,52.66619140083634
2024-01-10 12:00:00,30.0,1009.4,66.17996487728405
2024-01-10 15:00:00,26.4,1012.3,88.79047072518293
2024-01-10 18:00:00,25.0,1012.6,96.47815756865955
2024-01-10 21:00:00,24.8,1010.7,94.75066788099174
2024-01-11 00:00:00,24.8,1009.7,91.38660473195172
2024-01-11 03:00:00,25.8,1011.3,85.59004257177266
2024-01-11 06:00:00,31.0,1012.7,60.63128269788534
2024-01-11 09:00:00,34.0,1009.6,49.65563394804311
2024-01-11 12:00:00,31.8,1009.1,55.51617347239948
2024-01-11 15:00:00,27.4,1010.3,71.10383243626453
2024-01-11 18:00:00,26.4,1010.4,90.39836619855579
2024-01-11 21:00:00,26.0,1009.7,92.00888400052642
2024-01-12 00:00:00,25.8,1009.4,93.10518672866101
2024-01-12 03:00:00,26.0,1011.6,88.7589455109383
2024-01-12 06:00:00,31.2,1011.9,47.132101292464135
2024-01-12 09:00:00,32.4,1009.0,50.472082846730395
2024-01-12 12:00:00,30.4,1009.2,57.95960848703658
2024-01-12 15:00:00,28.0,1012.1,72.96396353006286
2024-01-12 18:00:00,27.0,1012.4,79.73938187381316
2024-01-12 21:00:00,26.6,1011.2,85.66937200749226
2024-01-13 00:00:00,23.6,1010.9,84.84545097606222
2024-01-13 03:00:00,25.8,1013.2,74.85200261699907
2024-01-13 06:00:00,32.8,1013.6,42.24804823188427
2024-01-13 09:00:00,34.0,1010.8,45.57171219777677
2024-01-13 12:00:00,31.0,1010.8,57.04447541902918
2024-01-13 15:00:00,27.0,1012.5,78.30518483755301
2024-01-13 18:00:00,25.8,1013.2,85.59004257177266
2024-01-13 21:00:00,24.4,1011.1,91.36189759637527
2024-01-14 00:00:00,23.4,1010.9,89.64153331568741
2024-01-14 03:00:00,24.4,1013.0,86.49898460860861
2024-01-14 06:00:00,32.2,1012.9,59.090770552518066
2024-01-14 09:00:00,32.2,1009.8,56.98193041235249
2024-01-14 12:00:00,30.2,1009.7,63.85719380100154
2024-01-14 15:00:00,27.4,1011.4,81.24686676192346
2024-01-14 18:00:00,26.6,1013.3,87.22543835052973
2024-01-14 21:00:00,24.4,1011.4,93.03523459227986
2024-01-15 00:00:00,24.299999999999997,1011.8,87.1865390446316
2024-01-15 03:00:00,24.2,1013.8,81.33784349698335
2024-01-15 06:00:00,28.4,1013.4,63.83778104700091
2024-01-15 09:00:00,32.6,1010.0,46.337718597018466
2024-01-15 12:00:00,29.8,1009.8,63.38474620448235
2024-01-15 15:00:00,27.6,1012.1,72.89528290675949
2024-01-15 18:00:00,26.4,1012.5,77.7445561070048
2024-01-15 21:00:00,24.8,1011.0,83.42994899232998
2024-01-16 00:00:00,22.6,1010.8,84.21619689321432
2024-01-16 03:00:00,25.0,1013.1,74.26066874835885
2024-01-16 06:00:00,32.0,1012.5,43.64873094146102
2024-01-16 09:00:00,31.8,1009.8,48.78382679727445
2024-01-16 12:00:00,29.8,1009.6,69.83477481244167
2024-01-16 15:00:00,26.8,1011.2,85.68910507577876
2024-01-16 18:00:00,26.0,1012.0,92.00888400052642
2024-01-16 21:00:00,25.4,1011.1,94.77352241613059
2024-01-17 00:00:00,24.0,1010.8,96.45217641736166
2024-01-17 03:00:00,23.4,1012.4,96.43645035727725
2024-01-17 06:00:00,32.4,1011.6,57.029314759535474
2024-01-17 09:00:00,33.0,1008.2,34.75704782927792
2024-01-17 12:00:00,30.8,1008.3,43.323605963431596
2024-01-17 15:00:00,26.8,1010.4,78.27657315656734
2024-01-17 18:00:00,23.6,1010.8,74.95700457694504
2024-01-17 21:00:00,22.0,1010.1,85.73573371041086
2024-01-18 00:00:00,21.2,1010.6,80.44432006422227
2024-01-18 03:00:00,22.4,1012.8,79.10614032603415
2024-01-18 06:00:00,33.4,1011.5,36.2273738984628
2024-01-18 09:00:00,33.0,1009.0,45.588005651994514
2024-01-18 12:00:00,30.6,1009.1,55.56557299066436
2024-01-18 15:00:00,27.8,1011.1,67.36540856745333
2024-01-18 18:00:00,25.4,1011.8,79.03718283041701
2024-01-18 21:00:00,24.4,1010.5,83.38445864005315
2024-01-19 00:00:00,23.0,1011.1,89.61193893447619
2024-01-19 03:00:00,24.8,1013.0,80.42146721617324
2024-01-19 06:00:00,31.4,1012.5,56.445824525394414
2024-01-19 09:00:00,32.0,1009.6,54.55620730373795
2024-01-19 12:00:00,30.4,1009.3,65.07093044891502
2024-01-19 15:00:00,27.4,1010.4,81.24686676192346
2024-01-19 18:00:00,26.0,1011.2,87.17199233244091
2024-01-19 21:00:00,25.4,1010.5,90.33006125111788
2024-01-20 00:00:00,24.8,1010.7,93.05532775865673
2024-01-20 03:00:00,26.6,1013.3,87.22543835052973
2024-01-20 06:00:00,31.4,1012.9,63.34384135735378
2024-01-20 09:00:00,31.2,1010.6,68.4404025650585
2024-01-20 12:00:00,29.8,1010.5,68.58338730413207
2024-01-20 15:00:00,27.8,1012.9,81.29701074620921
2024-01-20 18:00:00,26.8,1013.1,84.15931168305403
2024-01-20 21:00:00,26.0,1011.5,88.7589455109383
2024-01-21 00:00:00,24.8,1011.5,88.12759322404811
2024-01-21 03:00:00,25.8,1013.3,77.656453842952
2024-01-21 06:00:00,33.0,1012.2,54.139154488709806
2024-01-21 09:00:00,33.0,1009.5,57.5169590004615
2024-01-21 12:00:00,30.6,1009.8,69.14973459026399
2024-01-21 15:00:00,28.6,1012.5,80.43187680667027
2024-01-21 18:00:00,26.4,1013.0,96.51405730461323
2024-01-21 21:00:00,26.0,1011.6,94.79622941585653
2024-01-22 00:00:00,25.4,1011.8,94.77352241613059
2024-01-22 03:00:00,25.8,1013.9,90.35746879655075
2024-01-22 06:00:00,32.8,1013.3,45.53477219050725
2024-01-22 09:00:00,33.8,1010.4,47.52299059016502
2024-01-22 12:00:00,30.6,1011.4,72.96898936310727
2024-01-22 15:00:00,28.6,1013.4,76.21281246926864
2024-01-22 18:00:00,27.6,1014.2,84.24549777703992
2024-01-22 21:00:00,26.4,1012.9,92.03168153578638
2024-01-23 00:00:00,25.6,1013.1,94.78110774663195
2024-01-23 03:00:00,26.6,1014.8,90.41194193154737
2024-01-23 06:00:00,31.8,1013.6,60.080164319513116
2024-01-23 09:00:00,33.4,1009.8,55.56523594731952
2024-01-23 12:00:00,30.0,1010.3,74.18441432342445
2024-01-23 15:00:00,27.8,1012.5,78.41909711972701
2024-01-23 18:00:00,27.0,1013.7,84.18092213796281
2024-01-23 21:00:00,25.8,1012.4,91.99744908137737
2024-01-24 00:00:00,24.6,1012.8,94.74301669819423
2024-01-24 03:00:00,25.4,1014.1,88.17753730223563
2024-01-24 06:00:00,32.4,1013.6,51.41140557397461
2024-01-24 09:00:00,32.6,1010.4,56.048518886750145
2024-01-24 12:00:00,29.8,1010.4,64.94624549390848
2024-01-24 15:00:00,27.4,1012.4,78.36224761821416
2024-01-24 18:00:00,26.4,1013.4,82.60642273476351
2024-01-24 21:00:00,25.8,1012.4,85.59004257177266
2024-01-25 00:00:00,24.4,1012.6,89.71497940989825
2024-01-25 03:00:00,25.8,1014.7,87.15410439808417
2024-01-25 06:00:00,31.2,1014.1,59.58083797061803
2024-01-25 09:00:00,31.6,1011.0,66.1056160585513
2024-01-25 12:00:00,28.8,1011.3,74.88236905493878
2024-01-25 15:00:00,27.4,1013.9,81.24686676192346
2024-01-25 18:00:00,26.6,1014.7,87.22543835052973
2024-01-25 21:00:00,24.8,1012.7,91.38660473195172
2024-01-26 00:00:00,24.2,1013.1,94.7276645424548
2024-01-26 03:00:00,25.2,1015.6,85.01229874539116
2024-01-26 06:00:00,34.2,1015.0,28.004977823649153
2024-01-26 09:00:00,33.4,1011.4,44.02557952346584
2024-01-26 12:00:00,30.8,1012.2,53.595254858449735
2024-01-26 15:00:00,27.4,1014.4,75.567708226779
2024-01-26 18:00:00,25.6,1015.4,85.05359376201457
2024-01-26 21:00:00,24.6,1014.2,91.37426421535667
2024-01-27 00:00:00,23.4,1013.8,82.75736601112055
2024-01-27 03:00:00,24.6,1016.0,67.98894000118018
2024-01-27 06:00:00,31.8,1015.2,50.94362829175715
2024-01-27 09:00:00,32.4,1011.5,51.41140557397461
2024-01-27 12:00:00,30.8,1011.5,55.61416368568698
2024-01-27 15:00:00,27.4,1013.8,74.20346731676847
2024-01-27 18:00:00,26.0,1015.0,84.07244076824206
2024-01-27 21:00:00,26.0,1013.8,78.6398510724195
2024-01-28 00:00:00,23.4,1013.2,91.29967042540224
2024-01-28 03:00:00,24.4,1015.7,76.97148310021424
2024-01-28 06:00:00,33.0,1015.0,41.51407336750425
2024-01-28 09:00:00,32.8,1011.7,47.55386421260116
2024-01-28 12:00:00,30.2,1012.0,57.5576548506657
2024-01-28 15:00:00,27.4,1014.6,74.20346731676847
2024-01-28 18:00:00,26.2,1014.8,79.14840201964623
2024-01-28 21:00:00,24.4,1013.4,93.03523459227986
2024-01-29 00:00:00,23.8,1013.0,93.00493307197942
2024-01-29 03:00:00,25.6,1015.3,80.52645239736388
2024-01-29 06:00:00,33.6,1014.1,42.20065213667368
2024-01-29 09:00:00,32.0,1010.8,53.2366666229233
2024-01-29 12:00:00,30.6,1010.9,62.79033585952567
2024-01-29 15:00:00,27.6,1013.1,75.59926777139484
2024-01-29 18:00:00,26.4,1013.7,82.60642273476351
2024-01-29 21:00:00,25.0,1012.0,93.06534216930645
2024-01-30 00:00:00,24.4,1012.2,89.71497940989825
2024-01-30 03:00:00,25.2,1013.8,85.01229874539116
2024-01-30 06:00:00,32.0,1015.1,56.93448027880228
2024-01-30 09:00:00,32.6,1011.0,58.47312526786792
2024-01-30 12:00:00,30.4,1011.3,66.66180868247822
2024-01-30 15:00:00,28.0,1013.3,80.3537462205201
2024-01-30 18:00:00,27.6,1014.5,84.24549777703992
2024-01-30 21:00:00,27.0,1013.1,92.06569807815053
2024-01-31 00:00:00,24.4,1013.1,98.21736330604563
2024-01-31 03:00:00,26.6,1015.1,93.69982968596882
2024-01-31 06:00:00,29.8,1014.9,69.83477481244167
2024-01-31 09:00:00,32.0,1011.8,63.85356133058713
2024-01-31 12:00:00,30.6,1011.2,67.91613145039247
2024-01-31 15:00:00,28.6,1014.2,77.59711341151534
2024-01-31 18:00:00,27.7,1015.0,85.65299860951626
2024-01-31 21:00:00,26.8,1013.9,93.70888380751718
2024-02-01 00:00:00,26.0,1013.3,87.17199233244091
2024-02-01 03:00:00,26.4,1015.4,85.64959932544602
2024-02-01 06:00:00,32.4,1015.1,53.6629865677201
2024-02-01 09:00:00,33.6,1011.7,53.632996598820334
2024-02-01 12:00:00,30.4,1011.7,66.66180868247822
2024-02-01 15:00:00,28.2,1013.6,78.94802076163292
2024-02-01 18:00:00,26.8,1014.2,82.65347894376836
2024-02-01 21:00:00,25.6,1013.1,87.13618000678832
2024-02-02 00:00:00,24.8,1012.9,94.75066788099174
2024-02-02 03:00:00,26.8,1015.1,85.68910507577876
2024-02-02 06:00:00,30.4,1014.6,67.87721438855921
2024-02-02 09:00:00,32.6,1011.1,64.36278271700262
2024-02-02 12:00:00,30.4,1010.9,69.11197515651446
2024-02-02 15:00:00,28.2,1012.8,80.37983931978188
2024-02-02 18:00:00,27.4,1013.5,84.22401507730588
2024-02-02 21:00:00,26.6,1012.4,93.69982968596882
2024-02-03 00:00:00,26.0,1012.7,93.67255110424425
2024-02-03 03:00:00,26.8,1014.5,87.24318141227258
2024-02-03 06:00:00,32.2,1014.1,58.027960608356956
2024-02-03 09:00:00,32.6,1010.9,60.623956285700366
2024-02-03 12:00:00,30.6,1010.7,70.40290332892224
2024-02-03 15:00:00,28.2,1013.2,80.37983931978188
2024-02-03 18:00:00,27.0,1014.7,85.7087986323302
2024-02-03 21:00:00,26.6,1013.4,92.04304428506519
2024-02-04 00:00:00,25.0,1013.8,94.7583025301895
2024-02-04 03:00:00,25.4,1015.6,81.98706192459
2024-02-04 06:00:00,32.6,1015.6,51.77843588862952
2024-02-04 09:00:00,33.2,1012.4,53.209940667924414
2024-02-04 12:00:00,30.4,1012.4,70.36635155961307
2024-02-04 15:00:00,28.2,1014.4,76.15120458899845
2024-02-04 18:00:00,26.8,1015.4,82.65347894376836
2024-02-04 21:00:00,25.8,1014.0,91.99744908137737
2024-02-05 00:00:00,24.6,1013.3,94.74301669819423
2024-02-05 03:00:00,25.4,1015.1,90.33006125111788
2024-02-05 06:00:00,31.6,1015.7,60.03485302219658
2024-02-05 09:00:00,31.8,1013.4,57.934430290493566
2024-02-05 12:00:00,31.0,1013.0,58.45623591814528
2024-02-05 15:00:00,27.4,1014.6,75.567708226779
2024-02-05 18:00:00,26.2,1015.1,81.09527108176809
2024-02-05 21:00:00,25.4,1012.7,85.03296693933086
2024-02-06 00:00:00,23.0,1012.6,91.27459428964966
2024-02-06 03:00:00,24.8,1014.9,83.42994899232998
2024-02-06 06:00:00,33.8,1014.7,36.56841511852398
2024-02-06 09:00:00,33.6,1011.5,48.35343825000899
2024-02-06 12:00:00,31.0,1010.7,58.45623591814528
2024-02-06 15:00:00,27.2,1013.1,78.33374294989056
2024-02-06 18:00:00,25.8,1014.2,87.15410439808417
2024-02-06 21:00:00,24.4,1012.9,91.36189759637527
2024-02-07 00:00:00,23.6,1012.8,81.2616924191531
2024-02-07 03:00:00,24.2,1015.3,78.38291200919527
2024-02-07 06:00:00,32.6,1015.2,39.11661115604246
2024-02-07 09:00:00,32.6,1012.3,51.77843588862952
2024-02-07 12:00:00,30.2,1011.8,66.22048006651374
2024-02-07 15:00:00,27.6,1013.7,78.39069896683198
2024-02-07 18:00:00,26.2,1014.5,85.62978692730046
2024-02-07 21:00:00,25.2,1012.3,91.41120774609278
2024-02-08 00:00:00,23.6,1012.2,92.9947891827328
2024-02-08 03:00:00,24.4,1014.7,93.03523459227986
2024-02-08 06:00:00,32.2,1014.5,56.98193041235249
2024-02-08 09:00:00,32.2,1010.8,54.60518702638903
2024-02-08 12:00:00,30.0,1010.6,63.8146323928593
2024-02-08 15:00:00,27.6,1013.2,75.59926777139484
2024-02-08 18:00:00,26.0,1014.8,82.55918218789247
2024-02-08 21:00:00,24.4,1014.1,88.0941253601151
2024-02-09 00:00:00,23.0,1012.5,92.96422650821278
2024-02-09 03:00:00,23.6,1014.6,79.76690260624395
2024-02-09 06:00:00,32.4,1014.0,40.832094020252626
2024-02-09 09:00:00,32.6,1011.1,50.523270115947824
2024-02-09 12:00:00,29.8,1011.0,61.10417493715189
2024-02-09 15:00:00,27.6,1013.5,74.23649168800932
2024-02-09 18:00:00,26.0,1015.1,77.68587617563927
2024-02-09 21:00:00,24.6,1014.6,84.95004486909127
2024-02-10 00:00:00,23.8,1013.9,84.86645400274385
2024-02-10 03:00:00,25.8,1015.2,74.85200261699907
2024-02-10 06:00:00,33.0,1015.0,43.645157807317524
2024-02-10 09:00:00,33.4,1011.7,48.00543683508618
2024-02-10 12:00:00,31.0,1010.8,59.53505705723449
2024-02-10 15:00:00,28.0,1013.4,74.30236303611937
2024-02-10 18:00:00,27.2,1014.2,75.53609118292528
2024-02-10 21:00:00,25.4,1012.9,80.5002818626729
2024-02-11 00:00:00,24.0,1012.7,84.88741479671322
2024-02-11 03:00:00,25.2,1015.1,75.68189058367413
2024-02-11 06:00:00,33.0,1014.9,47.606318875900186
2024-02-11 09:00:00,33.2,1013.2,50.059858025093185
2024-02-11 12:00:00,30.4,1012.4,63.899688803812836
2024-02-11 15:00:00,27.8,1013.4,78.41909711972701
2024-02-11 18:00:00,26.6,1014.7,82.62997382431229
2024-02-11 21:00:00,25.4,1012.4,85.03296693933086
2024-02-12 00:00:00,24.4,1012.5,89.71497940989825
2024-02-12 03:00:00,25.2,1014.6,79.00924587469251
2024-02-12 06:00:00,31.4,1014.6,61.08987992237482
2024-02-12 09:00:00,33.0,1012.3,57.5169590004615
2024-02-12 12:00:00,30.6,1011.4,61.656767739717175
2024-02-12 15:00:00,27.8,1014.1,78.41909711972701
2024-02-12 18:00:00,26.8,1014.8,81.17128800561531
2024-02-12 21:00:00,25.4,1013.4,90.33006125111788
2024-02-13 00:00:00,24.4,1012.8,93.03523459227986
2024-02-13 03:00:00,26.0,1014.2,82.55918218789247
2024-02-13 06:00:00,33.6,1014.0,45.18526212708318
2024-02-13 09:00:00,34.4,1010.9,45.11935390234125
2024-02-13 12:00:00,31.8,1010.8,54.17441650106471
2024-02-13 15:00:00,28.0,1012.9,77.50922415182016
2024-02-13 18:00:00,27.4,1013.6,81.24686676192346
2024-02-13 21:00:00,26.0,1011.4,92.00888400052642
2024-02-14 00:00:00,25.4,1011.8,91.42347038708563
2024-02-14 03:00:00,26.2,1013.6,87.18984390567529
2024-02-14 06:00:00,31.4,1013.4,63.34384135735378
2024-02-14 09:00:00,33.2,1010.5,56.53234399526844
2024-02-14 12:00:00,31.2,1009.7,64.45604167734498
2024-02-14 15:00:00,28.4,1012.2,78.97572139747378
2024-02-14 18:00:00,26.4,1013.2,93.69075623120435
2024-02-14 21:00:00,25.4,1011.2,93.08530694612072
2024-02-15 00:00:00,24.4,1011.0,89.71497940989825
2024-02-15 03:00:00,25.0,1013.0,75.65014160748107
2024-02-15 06:00:00,33.6,1012.7,39.1433574339644
2024-02-15 09:00:00,33.0,1010.7,46.73192939565313
2024-02-15 12:00:00,31.4,1010.2,56.445824525394414
2024-02-15 15:00:00,28.6,1012.1,76.21281246926864
2024-02-15 18:00:00,27.8,1012.9,82.77031896665545
2024-02-15 21:00:00,26.6,1011.4,88.80618472944694
2024-02-16 00:00:00,25.2,1011.4,83.47525948927431
2024-02-16 03:00:00,26.4,1013.0,85.64959932544602
2024-02-16 06:00:00,32.8,1013.1,50.885501441878056
2024-02-16 09:00:00,33.8,1010.4,53.682250230841014
2024-02-16 12:00:00,31.4,1009.9,66.06520314217083
2024-02-16 15:00:00,28.6,1011.8,80.43187680667027
2024-02-16 18:00:00,27.6,1012.7,84.24549777703992
2024-02-16 21:00:00,26.6,1011.4,87.22543835052973
2024-02-17 00:00:00,25.8,1010.5,93.10518672866101
2024-02-17 03:00:00,26.6,1013.2,85.66937200749226
2024-02-17 06:00:00,32.2,1012.4,61.63719881412483
2024-02-17 09:00:00,33.2,1009.6,58.9647920354539
2024-02-17 12:00:00,31.0,1009.7,69.22506422320274
2024-02-17 15:00:00,28.4,1011.9,81.85865421535438
2024-02-17 18:00:00,27.2,1012.6,84.20248990010974
2024-02-17 21:00:00,26.2,1011.2,87.18984390567529
2024-02-18 00:00:00,25.6,1011.0,93.09525743190015
2024-02-18 03:00:00,26.8,1013.0,88.82186644716782
2024-02-18 06:00:00,33.8,1012.0,53.682250230841014
2024-02-18 09:00:00,33.2,1009.0,57.911321754346524
2024-02-18 12:00:00,31.0,1008.8,63.258166707380134
2024-02-18 15:00:00,28.4,1010.4,74.81792523943739
2024-02-18 18:00:00,28.4,1010.4,74.81792523943739
2024-02-18 21:00:00,26.1,1010.2,89.83809249503989
2024-02-19 00:00:00,25.0,1010.2,91.39891921824884
2024-02-19 03:00:00,26.0,1012.9,88.7589455109383
2024-02-19 06:00:00,33.0,1012.5,62.18308645409979
2024-02-19 09:00:00,34.2,1009.5,54.105694175209415
2024-02-19 12:00:00,30.2,1009.2,69.0741524820506
2024-02-19 15:00:00,28.4,1011.4,77.56787120852722
2024-02-19 18:00:00,27.4,1012.9,81.24686676192346
2024-02-19 21:00:00,26.0,1010.8,88.7589455109383
2024-02-20 00:00:00,24.8,1010.7,91.38660473195172
2024-02-20 03:00:00,26.0,1013.5,88.7589455109383
2024-02-20 06:00:00,32.6,1012.9,57.422989250564385
2024-02-20 09:00:00,32.2,1010.1,58.027960608356956
2024-02-20 12:00:00,31.4,1009.2,56.445824525394414
2024-02-20 15:00:00,28.6,1012.1,73.50891633549199
2024-02-20 18:00:00,27.2,1013.1,84.20248990010974
2024-02-20 21:00:00,26.4,1012.6,88.79047072518293
2024-02-21 00:00:00,25.2,1010.7,91.41120774609278
2024-02-21 03:00:00,25.6,1013.2,85.05359376201457
2024-02-21 06:00:00,33.2,1012.9,50.059858025093185
2024-02-21 09:00:00,33.6,1009.7,51.40088317557658
2024-02-21 12:00:00,31.6,1009.2,62.25158297844957
2024-02-21 15:00:00,29.0,1011.7,79.0585121873896
2024-02-21 18:00:00,27.6,1013.1,82.7470419948832
2024-02-21 21:00:00,26.6,1011.1,85.66937200749226
2024-02-22 00:00:00,26.2,1011.4,92.0202947964304
2024-02-22 03:00:00,28.2,1013.7,84.81254813644145
2024-02-22 09:00:00,33.6,1010.0,55.949551784696496
2024-02-22 12:00:00,31.6,1009.9,64.9280664556721
2024-02-22 15:00:00,28.6,1012.0,77.59711341151534
2024-02-22 18:00:00,27.6,1013.3,84.24549777703992
2024-02-22 21:00:00,26.2,1011.9,93.68166338882529
2024-02-23 00:00:00,25.0,1011.0,91.39891921824884
2024-02-23 03:00:00,26.6,1012.7,82.62997382431229
2024-02-23 06:00:00,34.8,1012.0,45.50365698828102
2024-02-23 09:00:00,33.4,1009.3,56.921652839435055
2024-02-23 12:00:00,31.4,1009.4,63.34384135735378
2024-02-23 15:00:00,28.8,1011.5,74.88236905493878
2024-02-23 18:00:00,27.6,1012.2,82.7470419948832
2024-02-23 21:00:00,26.4,1010.8,92.03168153578638
2024-02-24 00:00:00,26.0,1010.7,88.7589455109383
2024-02-24 03:00:00,27.2,1012.4,84.20248990010974
2024-02-24 06:00:00,34.0,1012.2,48.75448871884437
2024-02-24 09:00:00,34.0,1008.9,54.05676031075814
2024-02-24 12:00:00,31.0,1008.8,63.258166707380134
2024-02-24 15:00:00,29.0,1010.8,73.57607488115697
2024-02-24 18:00:00,28.2,1011.3,77.5385748300523
2024-02-24 21:00:00,26.4,1010.1,88.79047072518293
2024-02-25 00:00:00,25.8,1009.1,88.74313412721081
2024-02-25 03:00:00,26.0,1011.2,90.37112970835472
2024-02-25 06:00:00,32.8,1010.6,53.110611200120836
2024-02-25 09:00:00,33.6,1007.9,53.632996598820334
2024-02-25 12:00:00,31.0,1007.5,66.78169156880611
2024-02-25 15:00:00,28.6,1009.0,77.59711341151534
2024-02-25 18:00:00,27.6,1010.7,84.24549777703992
2024-02-25 21:00:00,26.2,1009.3,90.38476214988123
2024-02-26 00:00:00,25.4,1009.3,88.17753730223563
2024-02-26 03:00:00,26.2,1010.6,82.58282556083142
2024-02-26 06:00:00,35.0,1010.2,41.7961255281048
2024-02-26 09:00:00,35.0,1007.3,44.726671478165436
2024-02-26 12:00:00,32.4,1006.7,54.988018967303006
2024-02-26 15:00:00,29.4,1009.5,73.6429959001216
2024-02-26 18:00:00,28.2,1010.3,80.37983931978188
2024-02-26 21:00:00,27.0,1010.1,82.67693820709039
2024-02-27 00:00:00,26.2,1009.2,74.9169893866901
2024-02-27 03:00:00,27.2,1010.4,74.17038364277866
2024-02-27 06:00:00,34.2,1010.5,47.91980944869557
2024-02-27 09:00:00,34.2,1008.4,50.93053928782519
2024-02-27 12:00:00,31.8,1007.8,62.67121379518331
2024-02-27 15:00:00,29.4,1010.5,74.97860136800087
2024-02-27 18:00:00,28.2,1011.4,78.94802076163292
2024-02-27 21:00:00,26.6,1010.3,87.22543835052973
2024-02-28 00:00:00,24.8,1009.8,77.03212588839541
2024-02-28 03:00:00,26.8,1011.0,72.3130352999761
2024-02-28 06:00:00,34.6,1010.8,40.41220044183502
2024-02-28 09:00:00,34.2,1007.8,43.69614940406617
2024-02-28 12:00:00,31.4,1007.4,59.989475281496674
2024-02-28 15:00:00,29.0,1009.2,73.57607488115697
2024-02-28 18:00:00,27.6,1010.9,79.81995065848324
2024-02-28 21:00:00,26.6,1010.1,90.41194193154737
2024-02-29 00:00:00,24.8,1009.8,83.42994899232998
2024-02-29 03:00:00,26.0,1011.8,74.88452551485119
2024-02-29 06:00:00,33.6,1011.4,48.35343825000899
2024-02-29 09:00:00,33.2,1009.6,54.188212715085356
2024-02-29 12:00:00,32.0,1008.7,52.26545370306257
2024-02-29 15:00:00,29.2,1011.0,79.08600581526997
2024-02-29 18:00:00,27.6,1012.4,69.84804373904335
2024-02-29 21:00:00,25.6,1010.8,82.01145278638
2024-03-01 00:00:00,25.0,1010.9,68.06816085251297
2024-03-01 03:00:00,25.4,1012.7,71.62083740281858
2024-03-01 06:00:00,32.6,1012.5,46.337718597018466
2024-03-01 09:00:00,32.6,1010.0,46.337718597018466
2024-03-01 12:00:00,30.4,1009.6,59.034988113686474
2024-03-01 15:00:00,28.4,1011.9,69.15080360685214
2024-03-01 18:00:00,27.0,1012.4,84.18092213796281
2024-03-02 00:00:00,24.2,1011.3,88.07733960854361
2024-03-02 03:00:00,26.4,1013.5,85.64959932544602
2024-03-02 06:00:00,33.6,1013.1,46.31559546655938
2024-03-02 09:00:00,34.0,1010.6,42.57262209391062
2024-03-02 12:00:00,31.8,1010.0,55.51617347239948
2024-03-02 15:00:00,29.0,1011.7,70.96187714437761
2024-03-02 18:00:00,26.8,1012.3,76.86342849595185
2024-03-02 21:00:00,25.4,1010.9,85.03296693933086
2024-03-03 00:00:00,23.8,1010.7,86.44226467052783
2024-03-03 03:00:00,24.8,1012.8,74.2273526631688
2024-03-03 06:00:00,33.6,1012.5,44.07919835272044
2024-03-03 09:00:00,34.0,1009.5,42.57262209391062
2024-03-03 12:00:00,31.6,1009.0,54.12510474048353
2024-03-03 15:00:00,29.0,1011.3,66.78535949708609
2024-03-03 18:00:00,27.2,1012.1,75.53609118292528
2024-03-03 21:00:00,26.0,1011.0,80.57864267765963
2024-03-04 00:00:00,24.8,1010.9,84.97083781729286
2024-03-04 03:00:00,27.0,1012.2,82.67693820709039
2024-03-04 06:00:00,33.2,1012.1,53.209940667924414
2024-03-04 09:00:00,33.4,1009.6,56.921652839435055
2024-03-04 12:00:00,30.6,1009.6,71.67589990470815
2024-03-04 15:00:00,29.4,1011.8,77.71354294293734
2024-03-04 18:00:00,27.8,1012.7,82.77031896665545
2024-03-04 21:00:00,26.6,1010.5,88.80618472944694
2024-03-05 00:00:00,25.8,1010.3,90.35746879655075
2024-03-05 03:00:00,26.6,1012.1,88.80618472944694
2024-03-05 06:00:00,32.6,1012.1,66.70160074556692
2024-03-05 09:00:00,33.6,1009.5,59.056399786976336
2024-03-05 12:00:00,31.0,1009.7,70.89711040322032
2024-03-05 15:00:00,27.2,1012.1,82.70035172790627
2024-03-05 18:00:00,27.4,1013.1,78.36224761821416
2024-03-05 21:00:00,26.8,1011.0,88.82186644716782
2024-03-06 00:00:00,26.4,1011.0,87.207659213301
2024-03-06 03:00:00,28.0,1013.1,78.44744220055776
2024-03-06 06:00:00,34.2,1012.8,51.86548272705812
2024-03-06 09:00:00,34.4,1010.3,56.47758336128222
2024-03-06 12:00:00,31.2,1009.4,69.67698198453844
2024-03-06 15:00:00,29.0,1011.7,79.0585121873896
2024-03-06 18:00:00,27.8,1012.3,82.77031896665545
2024-03-06 21:00:00,26.6,1009.8,90.41194193154737
2024-03-07 00:00:00,26.0,1009.9,93.67255110424425
2024-03-07 03:00:00,27.0,1012.3,87.26088849314073
2024-03-07 06:00:00,33.0,1011.9,58.56563201949948
2024-03-07 09:00:00,33.4,1009.6,60.08005109311657
2024-03-07 12:00:00,31.0,1008.7,65.58856385714532
2024-03-07 15:00:00,29.0,1011.4,76.27419595958764
2024-03-07 18:00:00,27.0,1012.6,84.18092213796281
2024-03-07 21:00:00,26.6,1010.9,87.22543835052973
2024-03-08 00:00:00,26.0,1010.9,92.00888400052642
2024-03-08 03:00:00,28.4,1013.1,81.85865421535438
2024-03-08 06:00:00,35.0,1012.5,52.695904978436104
2024-03-08 09:00:00,33.6,1009.8,62.6845670375821
2024-03-08 12:00:00,31.0,1009.6,69.22506422320274
2024-03-08 15:00:00,29.0,1011.7,79.0585121873896
2024-03-08 18:00:00,27.6,1012.5,84.24549777703992
2024-03-08 21:00:00,26.8,1010.7,90.42548942576907
2024-03-09 00:00:00,26.0,1010.6,92.00888400052642
2024-03-09 03:00:00,27.0,1012.9,85.7087986323302
2024-03-09 06:00:00,33.5,1012.4,57.63405261799939
2024-03-09 09:00:00,33.6,1009.1,55.949551784696496
2024-03-09 12:00:00,31.2,1009.0,70.93306375697343
2024-03-09 15:00:00,29.0,1011.3,80.48371679996085
2024-03-09 18:00:00,28.0,1012.9,84.79181717750924
2024-03-09 21:00:00,26.8,1012.0,88.82186644716782
2024-03-10 00:00:00,26.2,1011.9,92.0202947964304
2024-03-10 03:00:00,27.4,1013.9,85.74806761675889
2024-03-10 06:00:00,33.6,1012.4,54.61531066815499
2024-03-10 09:00:00,33.6,1010.9,55.949551784696496
2024-03-10 12:00:00,31.6,1010.6,61.134420163955696
2024-03-10 15:00:00,29.2,1012.8,76.30480387190515
2024-03-10 18:00:00,28.2,1013.9,81.83433063230953
2024-03-10 21:00:00,26.0,1013.3,95.3624774049295
2024-03-11 00:00:00,25.8,1013.0,90.35746879655075
2024-03-11 03:00:00,27.2,1015.5,85.72845277885752
2024-03-11 06:00:00,32.4,1015.2,62.800694130044874
2024-03-11 09:00:00,33.2,1011.6,99.44002044714922
2024-03-11 12:00:00,31.2,1011.0,66.82152314124305
2024-03-11 15:00:00,29.4,1013.2,74.97860136800087
2024-03-11 18:00:00,28.0,1014.2,77.50922415182016
2024-03-11 21:00:00,26.6,1012.9,92.04304428506519
2024-03-12 00:00:00,25.2,1012.6,86.05071333394693
2024-03-12 03:00:00,26.0,1014.6,77.68587617563927
2024-03-12 06:00:00,33.6,1014.1,51.40088317557658
2024-03-12 09:00:00,34.6,1011.3,54.52982508908034
2024-03-12 12:00:00,31.4,1010.5,66.06520314217083
2024-03-12 15:00:00,29.4,1012.7,71.03411577940795
2024-03-12 21:00:00,26.2,1012.0,90.38476214988123
2024-03-13 00:00:00,25.6,1012.1,87.13618000678832
2024-03-13 03:00:00,26.6,1014.3,84.13765842724912
2024-03-13 06:00:00,33.2,1014.1,55.51706303841751
2024-03-13 09:00:00,33.8,1011.1,54.99469378792191
2024-03-13 12:00:00,31.6,1010.5,67.30181208332723
2024-03-13 15:00:00,29.4,1012.8,74.97860136800087
2024-03-13 18:00:00,29.0,1014.0,80.48371679996085
2024-03-13 21:00:00,27.6,1012.5,92.09950049107172
2024-03-14 00:00:00,26.6,1012.3,87.22543835052973
2024-03-14 03:00:00,28.6,1013.9,81.88293095675748
2024-03-14 06:00:00,34.4,1013.4,53.18487560759012
2024-03-14 09:00:00,34.0,1010.5,57.40603103345707
2024-03-14 12:00:00,32.2,1009.8,69.03930501374236
2024-03-14 15:00:00,29.8,1011.4,79.63860889063328
2024-03-14 18:00:00,28.6,1012.0,80.43187680667027
2024-03-14 21:00:00,27.6,1010.3,88.88427217188078
2024-03-15 00:00:00,26.8,1010.5,87.24318141227258
2024-03-15 03:00:00,28.4,1012.1,81.85865421535438
2024-03-15 06:00:00,34.2,1011.7,56.430169062022074
2024-03-15 09:00:00,34.4,1009.5,57.499557963952576
2024-03-15 12:00:00,32.0,1009.7,67.38029965170892
2024-03-15 15:00:00,29.4,1011.7,77.71354294293734
2024-03-15 18:00:00,28.8,1012.5,83.37928484286573
2024-03-15 21:00:00,27.4,1011.1,90.46596324112937
2024-03-16 00:00:00,26.6,1011.4,88.80618472944694
2024-03-16 03:00:00,28.0,1012.9,84.79181717750924
2024-03-16 06:00:00,34.0,1012.1,56.04514311511978
2024-03-16 09:00:00,34.0,1009.3,58.445589633486186
2024-03-16 12:00:00,31.8,1009.1,67.34108781459214
2024-03-16 15:00:00,29.4,1011.5,77.71354294293734
2024-03-16 18:00:00,28.6,1011.7,83.35683314726084
2024-03-16 21:00:00,26.6,1010.0,88.80618472944694
2024-03-17 00:00:00,25.8,1010.8,90.35746879655075
2024-03-17 03:00:00,27.6,1013.1,84.24549777703992
2024-03-17 06:00:00,33.4,1012.9,52.2972859735491
2024-03-17 09:00:00,34.0,1009.8,55.04309180081118
2024-03-17 12:00:00,31.4,1009.7,66.06520314217083
2024-03-17 15:00:00,29.4,1011.8,77.71354294293734
2024-03-17 18:00:00,28.2,1012.6,87.36638064071765
2024-03-17 21:00:00,27.4,1010.9,92.08825670296545
2024-03-18 00:00:00,26.2,1011.0,90.38476214988123
2024-03-18 03:00:00,27.6,1013.4,82.7470419948832
2024-03-18 06:00:00,34.2,1012.7,50.93053928782519
2024-03-18 09:00:00,34.2,1009.1,53.13543895263694
2024-03-18 12:00:00,31.4,1009.2,63.34384135735378
2024-03-18 15:00:00,29.4,1011.6,72.32825969825754
2024-03-18 18:00:00,28.0,1012.1,81.80996009312997
2024-03-18 21:00:00,27.4,1010.7,87.29619508920601
2024-03-19 00:00:00,25.4,1010.4,91.42347038708563
2024-03-19 03:00:00,26.8,1012.1,81.17128800561531
2024-03-19 06:00:00,34.4,1011.2,42.94555629128223
2024-03-19 09:00:00,33.8,1008.8,41.4715829546882
2024-03-19 12:00:00,31.2,1008.7,63.301037088202364
2024-03-19 15:00:00,29.2,1010.6,69.72295309892432
2024-03-19 18:00:00,27.6,1012.0,75.59926777139484
2024-03-19 21:00:00,25.6,1009.5,79.0650667975322
2024-03-20 00:00:00,24.6,1009.9,77.00183279014861
2024-03-20 03:00:00,26.2,1011.8,73.55128024517502
2024-03-20 06:00:00,33.6,1011.2,47.17954352157042
2024-03-20 09:00:00,34.0,1009.0,46.70734273672021
2024-03-20 12:00:00,31.6,1008.7,60.03485302219658
2024-03-20 15:00:00,29.2,1010.6,70.99802751141195
2024-03-20 18:00:00,28.2,1010.9,77.5385748300523
2024-03-20 21:00:00,26.6,1009.5,87.22543835052973
2024-03-21 00:00:00,25.4,1009.4,85.03296693933086
2024-03-21 03:00:00,27.2,1011.6,75.53609118292528
2024-03-21 06:00:00,34.6,1010.7,39.41625139239092
2024-03-21 09:00:00,34.0,1007.7,44.73595098412827
2024-03-21 12:00:00,31.6,1007.5,69.75114396222972
2024-03-21 15:00:00,29.6,1009.6,79.6118092261478
2024-03-21 18:00:00,28.6,1010.5,88.96156313904507
2024-03-21 21:00:00,27.4,1008.1,92.08825670296545
2024-03-22 00:00:00,26.4,1008.0,84.11596226208941
2024-03-22 03:00:00,28.2,1010.2,78.94802076163292
2024-03-22 06:00:00,33.4,1009.6,57.95790307855285
2024-03-22 09:00:00,34.0,1006.7,52.76574284376031
2024-03-22 12:00:00,31.6,1006.2,67.30181208332723
2024-03-22 15:00:00,30.0,1008.5,78.26294962837345
2024-03-22 18:00:00,25.2,1009.5,93.07533521182425
2024-03-22 21:00:00,25.2,1007.9,94.76592069291524
2024-03-23 00:00:00,25.2,1007.2,96.48331975462109
2024-03-23 03:00:00,27.0,1010.4,92.06569807815053
2024-03-23 06:00:00,33.6,1010.3,58.00441896805416
2024-03-23 12:00:00,31.4,1007.4,67.26247234040332
2024-03-23 15:00:00,29.8,1010.7,76.85229197010862
2024-03-23 18:00:00,28.6,1012.2,83.35683314726084
2024-03-23 21:00:00,26.8,1009.4,90.42548942576907
2024-03-24 00:00:00,26.0,1009.9,90.37112970835472
2024-03-24 03:00:00,27.2,1011.7,85.72845277885752
2024-03-24 06:00:00,35.2,1011.7,38.12643666764187
2024-03-24 09:00:00,34.4,1009.2,53.18487560759012
2024-03-24 12:00:00,32.6,1005.6,60.623956285700366
2024-03-24 15:00:00,29.4,1010.6,74.97860136800087
2024-03-24 18:00:00,28.4,1011.4,81.85865421535438
2024-03-24 21:00:00,27.2,1009.6,85.72845277885752
2024-03-25 00:00:00,25.4,1009.8,88.17753730223563
2024-03-25 03:00:00,27.4,1011.7,82.72371961951407
2024-03-25 06:00:00,33.2,1011.7,57.911321754346524
2024-03-25 09:00:00,33.8,1009.0,55.99737982292572
2024-03-25 12:00:00,31.8,1009.0,63.81127171847181
2024-03-25 15:00:00,29.4,1010.9,73.6429959001216
2024-03-25 18:00:00,28.4,1012.4,84.83323810049623
2024-03-25 21:00:00,26.8,1010.9,85.68910507577876
2024-03-26 00:00:00,25.2,1011.0,86.57407445208088
2024-03-26 03:00:00,26.8,1012.8,79.71242342812477
2024-03-26 06:00:00,33.8,1012.3,53.682250230841014
2024-03-26 09:00:00,33.8,1009.6,55.99737982292572
2024-03-26 12:00:00,31.2,1009.8,68.4404025650585
2024-03-26 15:00:00,29.8,1012.6,76.85229197010862
2024-03-26 18:00:00,28.2,1013.7,80.37983931978188
2024-03-27 03:00:00,27.4,1013.8,82.72371961951407
2024-03-27 06:00:00,34.0,1013.8,56.04514311511978
2024-03-27 09:00:00,34.4,1010.6,49.15636027363035
2024-03-27 12:00:00,31.8,1010.0,62.67121379518331
2024-03-27 15:00:00,28.8,1012.2,79.03096698905824
2024-04-01 18:00:00,27.8,1010.6,88.89979374390309
2024-04-01 21:00:00,27.4,1008.7,88.86871874139695
2024-04-02 00:00:00,27.0,1008.7,92.06569807815053
2024-04-02 03:00:00,30.0,1010.5,79.66535824918688
2024-04-03 00:00:00,27.0,1009.3,95.39600874452509
2024-04-03 03:00:00,27.8,1011.5,92.11072068322818
2024-04-03 06:00:00,32.4,1010.8,70.31283604150148
2024-04-03 09:00:00,33.2,1007.6,68.41626758283552
2024-04-03 12:00:00,31.4,1007.2,70.96895584191402
2024-04-03 15:00:00,29.8,1009.2,82.51286135002354
2024-04-03 18:00:00,28.4,1010.2,88.94616815571688
2024-04-03 21:00:00,27.4,1009.6,92.08825670296545
2024-04-04 00:00:00,27.0,1009.9,96.5292760949642
2024-04-04 03:00:00,29.0,1010.7,84.89506306062921
2024-04-04 06:00:00,34.2,1010.5,62.81318702880705
2024-04-04 09:00:00,34.4,1007.5,62.11744798829246
2024-04-04 12:00:00,28.4,1007.8,88.94616815571688
2024-04-04 15:00:00,27.2,1010.1,92.07698925377626
2024-04-04 18:00:00,27.0,1011.3,93.71791865005993
2024-04-04 21:00:00,26.8,1009.0,93.70888380751718
2024-04-05 00:00:00,26.4,1008.6,93.69075623120435
2024-04-05 03:00:00,29.2,1011.1,84.91559008084812
2024-04-05 06:00:00,33.4,1010.0,66.07497389595794
2024-04-05 09:00:00,33.2,1007.4,67.21631066718778
2024-04-05 12:00:00,31.8,1006.9,68.55505992605102
2024-04-05 15:00:00,29.8,1009.0,81.06459831337503
2024-04-05 18:00:00,28.4,1009.6,83.33433758376981
2024-04-05 21:00:00,28.0,1007.8,88.91528354225218
2024-04-06 00:00:00,27.0,1007.8,88.83751596451742
2024-04-06 03:00:00,29.4,1009.8,80.53536024141098
2024-04-06 06:00:00,35.2,1009.4,52.745450145920145
2024-04-06 09:00:00,34.6,1006.6,62.160715526838395
2024-04-06 12:00:00,32.0,1006.2,71.07626571001893
2024-04-06 15:00:00,30.2,1008.3,79.69205742002245
2024-04-06 18:00:00,29.4,1009.0,83.4463778105949
2024-04-06 21:00:00,28.4,1007.6,88.94616815571688
2024-04-07 00:00:00,27.6,1008.0,90.47939854432097
2024-04-07 03:00:00,29.8,1009.9,83.49088910584811
2024-04-07 06:00:00,34.0,1009.5,63.89432970526357
2024-04-07 09:00:00,34.0,1006.7,59.50158303199722
2024-04-07 12:00:00,32.0,1005.9,68.5931528079531
2024-04-07 15:00:00,30.0,1008.2,75.5227593496699
2024-04-07 18:00:00,29.0,1009.2,81.9313443709877
2024-04-08 00:00:00,27.6,1007.4,90.47939854432097
2024-04-08 03:00:00,29.6,1009.5,83.46865512129703
2024-04-08 06:00:00,35.0,1009.6,56.95764470575925
2024-04-08 09:00:00,34.8,1007.1,61.1121171224814
2024-04-08 12:00:00,32.6,1006.8,66.70160074556692
2024-04-08 15:00:00,30.8,1009.2,75.64766286638326
2024-04-08 18:00:00,30.0,1010.0,81.08968974474207
2024-04-08 21:00:00,29.0,1008.0,84.89506306062921
2024-04-09 00:00:00,27.4,1008.0,92.08825670296545
2024-04-09 03:00:00,29.8,1010.1,81.06459831337503
2024-04-09 06:00:00,33.4,1009.2,63.76827162149033
2024-04-09 09:00:00,33.8,1007.7,61.62000418347626
2024-04-09 12:00:00,32.0,1006.8,69.82505728068918
2024-04-09 15:00:00,30.2,1009.0,75.55406963834521
2024-04-09 18:00:00,29.0,1010.1,81.9313443709877
2024-04-09 21:00:00,28.0,1008.4,85.80667728802291
2024-04-10 00:00:00,27.0,1008.8,90.43900875787912
2024-04-10 03:00:00,29.0,1010.6,69.68555280505707
2024-04-10 06:00:00,35.0,1009.9,46.68397984064333
2024-04-10 09:00:00,35.0,1007.2,47.54554171711145
2024-04-10 12:00:00,32.4,1006.7,65.48228630790443
2024-04-10 15:00:00,30.6,1008.5,79.74530566981048
2024-04-10 18:00:00,28.8,1009.8,87.93540259721783
2024-04-10 21:00:00,27.2,1008.3,90.45250000428203
2024-04-11 00:00:00,26.4,1008.6,87.207659213301
2024-04-11 03:00:00,28.2,1010.6,76.15120458899845
2024-04-11 06:00:00,34.2,1010.3,53.13543895263694
2024-04-11 09:00:00,35.4,1007.8,53.11218922804798
2024-04-11 12:00:00,32.4,1007.2,69.07688914571028
2024-04-11 15:00:00,30.6,1009.4,75.61652127297627
2024-04-11 18:00:00,28.4,1009.9,90.53286192976505
2024-04-11 21:00:00,27.2,1008.9,93.72693426762005
2024-04-12 00:00:00,27.4,1007.8,92.08825670296545
2024-04-12 03:00:00,28.8,1010.1,83.37928484286573
2024-04-12 06:00:00,33.0,1010.0,63.305763001067604
2024-04-12 09:00:00,24.8,1009.2,96.47298407847299
2024-04-12 12:00:00,26.8,1007.8,93.70888380751718
2024-04-12 15:00:00,26.0,1009.5,96.503856108436
2024-04-12 18:00:00,25.6,1010.7,94.78110774663195
2024-04-12 21:00:00,25.4,1009.1,96.48847066905626
2024-04-13 00:00:00,25.0,1008.9,96.47815756865955
2024-04-13 03:00:00,28.2,1011.0,90.51953760720181
2024-04-13 06:00:00,33.2,1010.8,64.48770817549526
2024-04-13 09:00:00,34.0,1008.1,59.50158303199722
2024-04-13 12:00:00,30.0,1007.7,83.5130798716472
2024-04-13 15:00:00,28.4,1009.8,88.94616815571688
2024-04-13 18:00:00,27.4,1010.8,92.08825670296545
2024-04-13 21:00:00,27.0,1009.0,92.06569807815053
2024-04-14 00:00:00,26.0,1008.4,93.67255110424425
2024-04-14 03:00:00,28.0,1011.1,84.79181717750924
2024-04-14 06:00:00,33.0,1010.8,63.305763001067604
2024-04-14 09:00:00,33.4,1007.6,61.166394066179166
2024-04-14 12:00:00,31.2,1007.4,74.82093472023674
2024-04-14 15:00:00,29.8,1010.1,81.06459831337503
2024-04-14 18:00:00,28.4,1010.5,88.94616815571688
2024-04-14 21:00:00,27.6,1008.7,93.74490804295253
2024-04-15 00:00:00,26.8,1009.4,95.38933139322062
2024-04-15 03:00:00,28.4,1010.6,78.97572139747378
2024-04-15 06:00:00,34.4,1010.3,52.23042332735089
2024-04-15 09:00:00,31.0,1008.5,77.48613913975385
2024-04-15 12:00:00,33.4,1007.2,61.166394066179166
2024-04-15 15:00:00,30.4,1010.2,76.94178563223718
2024-04-15 18:00:00,29.0,1010.3,80.48371679996085
2024-04-19 00:00:00,26.6,1007.3,93.69982968596882
2024-04-19 03:00:00,29.0,1008.9,89.51636332080271
2024-04-19 06:00:00,33.8,1008.0,66.15514213531858
2024-04-19 09:00:00,33.6,1005.4,68.49226741509385
2024-04-19 12:00:00,32.2,1004.9,74.10487661671202
2024-04-19 15:00:00,28.2,1007.2,84.81254813644145
2024-04-19 18:00:00,28.0,1008.5,87.34888747491027
2024-04-19 21:00:00,28.4,1006.3,84.83323810049623
2024-04-20 00:00:00,28.6,1006.3,83.35683314726084
2024-04-20 03:00:00,30.0,1008.3,82.53623329490637
2024-04-20 06:00:00,34.4,1007.8,62.11744798829246
2024-04-20 09:00:00,34.6,1005.8,59.992245908871396
2024-04-20 12:00:00,32.0,1005.1,67.38029965170892
2024-04-20 15:00:00,30.4,1008.2,76.94178563223718
2024-04-20 18:00:00,29.0,1008.5,84.89506306062921
2024-04-20 21:00:00,28.4,1006.8,86.35566419509173
2024-04-21 00:00:00,28.0,1006.6,88.91528354225218
2024-04-21 03:00:00,29.4,1008.3,81.97957178446406
2024-04-21 06:00:00,34.6,1008.0,70.2994993152342
2024-04-21 09:00:00,34.2,1005.6,65.46087940474851
2024-04-21 12:00:00,32.2,1005.7,65.05199403084112
2024-04-21 15:00:00,29.4,1008.3,76.33535606218936
2024-04-21 18:00:00,28.6,1009.1,80.43187680667027
2024-04-21 21:00:00,27.6,1007.4,85.767643247121
2024-04-22 00:00:00,26.4,1007.2,92.03168153578638
2024-04-22 03:00:00,30.1,1009.4,76.44185171209942
2024-04-22 06:00:00,35.0,1009.7,56.95764470575925
2024-04-22 09:00:00,34.8,1006.7,60.037107384184395
2024-04-22 12:00:00,33.2,1006.3,66.03479395995936
2024-04-22 15:00:00,30.0,1008.7,71.5698382304094
2024-04-22 18:00:00,28.8,1009.2,83.37928484286573
2024-04-22 21:00:00,28.0,1005.6,83.28921441559984
2024-04-23 00:00:00,27.4,1006.3,84.22401507730588
2024-04-23 03:00:00,30.2,1008.3,72.90096632227306
2024-04-23 06:00:00,34.8,1007.9,65.58229461658019
2024-04-23 09:00:00,34.8,1005.3,64.43878221437471
2024-04-23 12:00:00,25.6,1004.9,96.49361034454672
2024-04-23 15:00:00,26.8,1006.9,88.82186644716782
2024-04-23 18:00:00,26.4,1007.9,90.39836619855579
2024-04-23 21:00:00,26.2,1006.2,92.0202947964304
2024-04-24 00:00:00,26.4,1006.1,93.69075623120435
2024-04-24 03:00:00,28.6,1007.8,86.37440005285019
2024-04-24 06:00:00,34.4,1007.9,57.499557963952576
2024-04-24 09:00:00,33.4,1005.5,62.269883795368706
2024-04-24 12:00:00,32.0,1005.7,72.34703340707203
2024-04-24 15:00:00,25.7,1007.8,94.22039828376217
2024-04-24 18:00:00,26.0,1008.3,92.00888400052642
2024-04-24 21:00:00,26.2,1006.2,93.68166338882529
2024-04-25 00:00:00,26.2,1006.2,94.80376584735212
2024-04-25 03:00:00,29.2,1007.8,84.91559008084812
2024-04-25 06:00:00,35.0,1007.6,59.02423742118093
2024-04-25 09:00:00,34.0,1006.0,61.663754542437346
2024-04-25 12:00:00,32.4,1005.5,70.31283604150148
2024-04-25 15:00:00,30.4,1007.4,78.31948639832048
2024-04-25 18:00:00,29.0,1007.9,87.95208930052544
2024-04-25 21:00:00,28.4,1006.1,88.94616815571688
2024-04-26 00:00:00,27.0,1006.8,90.43900875787912
2024-04-26 03:00:00,29.4,1008.7,83.4463778105949
2024-04-26 06:00:00,34.6,1007.9,58.933037767250966
2024-04-26 09:00:00,35.0,1005.5,61.15610416717985
2024-04-26 12:00:00,32.4,1005.2,66.6618617053601
2024-04-26 15:00:00,30.8,1006.9,73.00291172196927
2024-04-26 18:00:00,29.6,1008.0,82.00361602371757
2024-04-26 21:00:00,28.4,1006.2,87.90192756472376
2024-04-27 03:00:00,30.0,1008.0,81.08968974474207
2024-04-27 06:00:00,34.4,1007.7,63.22804159557269
2024-04-27 09:00:00,34.6,1005.7,62.160715526838395
2024-04-27 12:00:00,32.6,1004.7,70.34917736761386
2024-04-27 15:00:00,31.4,1007.8,78.92130681911149
2024-04-27 18:00:00,29.8,1008.3,82.51286135002354
2024-04-27 21:00:00,29.2,1007.0,84.91559008084812
2024-04-28 00:00:00,28.0,1006.7,90.50618565208272
2024-04-28 03:00:00,30.0,1008.0,81.08968974474207
2024-04-28 06:00:00,35.0,1007.7,50.518869936452916
2024-04-28 09:00:00,35.4,1005.7,55.05099865764974
2024-04-28 12:00:00,32.6,1006.2,67.89863459456423
2024-04-28 15:00:00,31.4,1007.7,69.71409411644107
2024-04-28 18:00:00,30.0,1009.1,81.08968974474207
2024-04-28 21:00:00,29.0,1008.4,87.95208930052544
2024-04-29 00:00:00,27.8,1008.1,88.89979374390309
2024-04-29 03:00:00,31.0,1009.9,78.40390010984709
2024-04-29 06:00:00,34.0,1009.8,66.19513066409054
2024-04-29 09:00:00,34.8,1006.7,63.31273208033373
2024-04-29 12:00:00,31.6,1006.7,76.21857827105511
2024-04-29 15:00:00,29.0,1007.7,87.95208930052544
2024-04-29 18:00:00,28.6,1009.5,86.37440005285019
2024-04-29 21:00:00,28.6,1007.5,92.1553667873356
2024-04-30 00:00:00,27.8,1007.4,90.49280598950578
2024-04-30 03:00:00,30.4,1009.5,81.13972960661955
2024-04-30 06:00:00,36.0,1008.5,57.530492699389136
2024-04-30 09:00:00,31.8,1006.5,73.60449518826249
2024-04-30 12:00:00,27.6,1007.3,90.47939854432097
2024-04-30 15:00:00,27.4,1009.0,93.73593071403404
2024-04-30 18:00:00,27.4,1009.3,92.08825670296545
2024-04-30 21:00:00,26.8,1006.9,93.70888380751718
2024-05-01 21:00:00,29.0,1005.8,92.17754994106518
2024-05-02 00:00:00,28.0,1005.8,92.12191734434786
2024-05-02 03:00:00,30.6,1008.1,81.16467826556904
2024-05-02 06:00:00,35.0,1007.6,62.2470562760692
2024-05-02 09:00:00,35.8,1004.6,61.692070231226595
2024-05-02 12:00:00,33.0,1005.0,69.1892678326449
2024-05-02 15:00:00,31.3,1006.4,79.37160546336736
2024-05-02 18:00:00,31.0,1007.7,78.40390010984709
2024-05-02 21:00:00,30.2,1005.9,82.5595602209085
2024-05-03 00:00:00,29.6,1006.3,83.46865512129703
2024-05-03 03:00:00,31.4,1008.6,78.92130681911149
2024-05-03 06:00:00,33.8,1008.4,64.9948432310438
2024-05-03 09:00:00,35.0,1006.6,61.15610416717985
2024-05-03 12:00:00,32.8,1006.4,66.74127585978114
2024-05-03 15:00:00,30.8,1009.4,71.71113203855039
2024-05-03 18:00:00,30.4,1009.7,76.94178563223718
2024-05-03 21:00:00,29.6,1007.6,81.03945906223336
2024-05-04 00:00:00,28.4,1007.7,87.90192756472376
2024-05-04 03:00:00,31.4,1010.2,78.92130681911149
2024-05-04 06:00:00,34.6,1009.6,62.160715526838395
2024-05-04 09:00:00,35.4,1006.5,59.46540408078559
2024-05-04 12:00:00,33.0,1006.1,67.97575322043862
2024-05-04 15:00:00,31.0,1008.6,76.1271052167908
2024-05-04 18:00:00,30.6,1009.0,76.97150804274018
2024-05-04 21:00:00,29.4,1006.9,84.9360766224706
2024-05-05 00:00:00,29.0,1006.8,86.41175942849821
2024-05-05 03:00:00,30.8,1008.6,78.37581423848806
2024-05-05 06:00:00,35.4,1007.4,60.52699050467956
2024-05-05 09:00:00,35.4,1005.1,60.52699050467956
2024-05-05 12:00:00,32.8,1005.6,65.56377770296238
2024-05-05 15:00:00,30.6,1008.3,75.61652127297627
2024-05-05 18:00:00,30.6,1008.7,69.14973459026399
2024-05-05 21:00:00,29.6,1007.0,75.45996920875774
2024-05-06 00:00:00,28.6,1007.0,83.35683314726084
2024-05-06 03:00:00,30.8,1008.7,74.31499881924898
2024-05-06 06:00:00,35.6,1008.3,57.43753526548385
2024-05-06 09:00:00,35.4,1006.7,51.85309266039345
2024-05-06 12:00:00,33.0,1006.4,59.989879094366785
2024-05-06 15:00:00,30.6,1008.8,70.40290332892224
2024-05-06 18:00:00,30.0,1009.7,78.26294962837345
2024-05-06 21:00:00,29.2,1008.5,83.42405706602797
2024-05-07 00:00:00,28.0,1008.5,80.3537462205201
2024-05-07 03:00:00,30.0,1009.7,75.5227593496699
2024-05-07 06:00:00,35.4,1009.7,54.073991186560164
2024-05-07 09:00:00,36.2,1006.7,36.5346618474715
2024-05-07 12:00:00,32.4,1006.9,65.48228630790443
2024-05-07 15:00:00,30.4,1010.1,74.24982249791255
2024-05-07 18:00:00,29.4,1010.2,80.53536024141098
2024-05-07 21:00:00,28.6,1008.2,86.37440005285019
2024-05-08 00:00:00,27.8,1008.2,84.2669381064797
2024-05-08 03:00:00,30.4,1009.5,71.64060697493404
2024-05-08 06:00:00,36.4,1008.8,47.908694402066544
2024-05-08 12:00:00,32.0,1006.1,65.01074996458017
2024-05-08 18:00:00,28.4,1008.8,81.85865421535438
2024-05-08 21:00:00,28.2,1007.0,86.33689076158295
2024-05-09 00:00:00,25.2,1006.9,96.48331975462109
2024-05-09 03:00:00,29.0,1008.4,92.17754994106518
2024-05-09 06:00:00,33.8,1007.7,64.9948432310438
2024-05-09 09:00:00,34.6,1005.5,58.933037767250966
2024-05-09 12:00:00,31.2,1005.5,66.82152314124305
2024-05-09 15:00:00,29.4,1007.5,79.11344799319119
2024-05-09 18:00:00,28.6,1009.0,83.35683314726084
2024-05-09 21:00:00,27.4,1007.6,84.22401507730588
2024-05-10 00:00:00,27.2,1007.6,87.27855968744687
2024-05-10 03:00:00,28.4,1009.7,86.35566419509173
2024-05-10 06:00:00,34.6,1008.7,58.933037767250966
2024-05-10 09:00:00,34.4,1006.3,56.47758336128222
2024-05-10 12:00:00,29.8,1007.5,74.15162297941144
2024-05-10 15:00:00,28.4,1008.8,81.85865421535438
2024-05-10 18:00:00,28.2,1009.7,83.31179804309043
2024-05-10 21:00:00,28.0,1008.6,84.79181717750924
2024-05-11 00:00:00,26.4,1008.8,92.03168153578638
2024-05-11 03:00:00,29.0,1010.1,80.48371679996085
2024-05-11 06:00:00,34.2,1010.0,60.618752169673485
2024-05-11 09:00:00,34.4,1007.7,55.47153939975632
2024-05-11 12:00:00,26.6,1009.0,93.69982968596882
2024-05-11 15:00:00,26.3,1010.1,92.57651488058714
2024-05-11 18:00:00,26.5,1010.9,91.49045536193127
2024-05-11 21:00:00,26.7,1009.0,93.70435916000251
2024-05-12 00:00:00,26.0,1008.9,93.67255110424425
2024-05-12 03:00:00,28.8,1010.6,87.93540259721783
2024-05-12 06:00:00,33.0,1010.2,65.60442666205464
2024-05-12 09:00:00,33.0,1007.1,69.1892678326449
2024-05-12 12:00:00,24.6,1008.0,98.22000417681151
2024-05-12 15:00:00,24.6,1009.3,98.22000417681151
2024-05-12 18:00:00,25.4,1009.5,96.48847066905626
2024-05-12 21:00:00,25.6,1007.3,94.78110774663195
2024-05-13 00:00:00,25.6,1007.6,94.78110774663195
2024-05-13 03:00:00,29.0,1009.2,87.95208930052544
2024-05-13 06:00:00,32.0,1009.3,72.34703340707203
2024-05-13 09:00:00,24.8,1007.6,98.2226392013117
2024-05-13 12:00:00,26.0,1006.6,93.67255110424425
2024-05-13 15:00:00,25.8,1007.7,94.78867673105134
2024-05-13 18:00:00,25.6,1008.1,96.49361034454672
2024-05-13 21:00:00,26.0,1007.1,93.67255110424425
2024-05-14 00:00:00,25.0,1006.8,96.47815756865955
2024-05-14 03:00:00,27.6,1009.7,90.47939854432097
2024-05-14 06:00:00,31.8,1009.3,68.55505992605102
2024-05-14 09:00:00,31.0,1007.6,66.78169156880611
2024-05-14 12:00:00,27.6,1007.5,93.74490804295253
2024-05-14 15:00:00,27.0,1009.8,95.39600874452509
2024-05-14 18:00:00,26.6,1010.3,94.8187901348208
2024-05-14 21:00:00,26.4,1008.1,93.69075623120435
2024-05-15 00:00:00,26.0,1007.6,94.79622941585653
2024-05-15 03:00:00,28.0,1009.2,92.12191734434786
2024-05-15 06:00:00,31.8,1009.1,73.60449518826249
2024-05-15 09:00:00,28.0,1007.7,93.76280556198172
2024-05-15 12:00:00,26.4,1007.5,94.81128607168019
2024-05-15 15:00:00,26.2,1009.9,96.5089622614157
2024-05-15 18:00:00,26.5,1010.4,94.25371341036896
2024-05-15 21:00:00,26.4,1008.6,94.81128607168019
2024-05-16 00:00:00,26.0,1008.5,94.79622941585653
2024-05-16 03:00:00,27.0,1010.3,95.39600874452509
2024-05-16 06:00:00,32.0,1009.7,71.07626571001893
2024-05-16 09:00:00,31.0,1007.4,77.48613913975385
2024-05-16 12:00:00,25.0,1007.4,96.47815756865955
2024-05-16 15:00:00,25.2,1007.4,98.227891780213
2024-05-16 18:00:00,25.8,1009.2,96.49873881355717
2024-05-16 21:00:00,25.6,1007.5,96.49361034454672
2024-05-17 00:00:00,25.0,1007.4,96.47815756865955
2024-05-17 03:00:00,27.8,1009.0,84.2669381064797
2024-05-17 06:00:00,26.2,1008.9,96.5089622614157
2024-05-17 09:00:00,29.4,1006.6,83.4463778105949
2024-05-17 12:00:00,27.2,1006.9,93.72693426762005
2024-05-17 15:00:00,26.0,1008.7,96.503856108436
2024-05-17 18:00:00,25.4,1008.3,96.48847066905626
2024-05-17 21:00:00,25.4,1006.3,98.23050936880627
2024-05-18 00:00:00,25.0,1006.4,98.22526839673633
2024-05-18 03:00:00,27.4,1007.5,93.73593071403404
2024-05-18 06:00:00,31.0,1007.5,76.1271052167908
2024-05-18 09:00:00,29.4,1005.9,81.97957178446406
2024-05-18 12:00:00,27.8,1005.6,92.11072068322818
2024-05-18 15:00:00,26.4,1006.9,94.81128607168019
2024-05-18 18:00:00,25.8,1007.2,96.49873881355717
2024-05-18 21:00:00,25.0,1006.1,98.22526839673633
2024-05-19 00:00:00,24.8,1005.5,98.2226392013117
2024-05-19 03:00:00,26.2,1007.5,94.80376584735212
2024-05-19 06:00:00,30.0,1007.2,81.08968974474207
2024-05-19 09:00:00,30.6,1004.5,75.61652127297627
2024-05-19 12:00:00,29.0,1003.9,80.48371679996085
2024-05-19 15:00:00,26.6,1005.4,93.69982968596882
2024-05-19 18:00:00,26.5,1006.2,95.9464708703928
2024-05-19 21:00:00,26.4,1004.1,96.51405730461323
2024-05-20 00:00:00,25.2,1004.5,98.227891780213
2024-05-20 03:00:00,24.2,1008.0,96.45739545380262
2024-05-20 06:00:00,25.2,1008.3,96.48331975462109
2024-05-20 09:00:00,28.0,1006.1,84.79181717750924
2024-05-20 12:00:00,27.0,1005.1,95.39600874452509
2024-05-20 15:00:00,26.0,1006.3,94.79622941585653
2024-05-20 18:00:00,25.8,1006.7,94.78867673105134
2024-05-20 21:00:00,25.8,1005.1,94.78867673105134
2024-05-21 00:00:00,25.6,1004.8,96.49361034454672
2024-05-21 03:00:00,26.8,1006.2,95.38933139322062
2024-05-21 06:00:00,28.2,1006.3,88.93074165144274
2024-05-21 09:00:00,30.0,1004.2,81.08968974474207
2024-05-21 12:00:00,26.8,1003.4,93.70888380751718
2024-05-21 15:00:00,26.8,1004.4,93.70888380751718
2024-05-21 18:00:00,26.0,1005.6,96.503856108436
2024-05-21 21:00:00,26.0,1004.8,96.503856108436
2024-05-22 00:00:00,25.4,1003.4,98.23050936880627
2024-05-22 03:00:00,26.2,1009.9,98.24092211346162
2024-05-22 06:00:00,29.4,1004.5,86.44896966030107
2024-05-22 09:00:00,26.2,1004.0,96.5089622614157
2024-05-22 12:00:00,26.4,1003.7,94.81128607168019
2024-05-22 15:00:00,26.2,1005.0,96.5089622614157
2024-05-22 18:00:00,25.8,1005.3,96.49873881355717
2024-05-22 21:00:00,25.4,1003.8,98.23050936880627
2024-05-23 00:00:00,25.5,1003.9,98.81814719860598
2024-05-23 03:00:00,26.0,1005.1,98.23832753499846
2024-05-23 06:00:00,26.6,1005.2,96.51914127003087
2024-05-23 09:00:00,27.2,1002.9,95.96704122463917
2024-05-23 12:00:00,27.0,1002.6,95.39600874452509
2024-05-23 15:00:00,26.0,1004.3,94.79622941585653
2024-05-23 18:00:00,26.0,1004.6,96.503856108436
2024-05-24 00:00:00,25.4,1003.0,96.48847066905626
2024-05-24 03:00:00,27.0,1004.2,92.06569807815053
2024-05-24 06:00:00,26.8,1004.6,92.05438311051279
2024-05-24 09:00:00,28.8,1003.0,89.50172004038727
2024-05-24 12:00:00,26.4,1003.1,94.81128607168019
2024-05-24 15:00:00,25.8,1005.4,96.49873881355717
2024-05-24 18:00:00,26.2,1006.2,98.24092211346162
2024-05-24 21:00:00,25.8,1005.2,96.49873881355717
2024-05-25 00:00:00,24.6,1005.1,93.04529191975669
2024-05-25 03:00:00,25.4,1006.4,96.48847066905626
2024-05-25 06:00:00,27.4,1006.2,93.73593071403404
2024-05-25 09:00:00,30.0,1005.0,79.66535824918688
2024-05-25 12:00:00,28.2,1005.0,87.36638064071765
2024-05-25 15:00:00,27.2,1006.4,93.72693426762005
2024-05-25 18:00:00,24.4,1007.7,96.4626030540391
2024-05-25 21:00:00,25.2,1005.8,94.76592069291524
2024-05-26 00:00:00,25.0,1005.8,96.47815756865955
2024-05-26 03:00:00,24.6,1007.6,96.46779925124456
2024-05-26 06:00:00,25.6,1008.7,96.49361034454672
2024-05-26 09:00:00,28.2,1006.2,90.51953760720181
2024-05-26 12:00:00,27.2,1005.5,90.45250000428203
2024-05-26 15:00:00,26.6,1007.5,94.8187901348208
2024-05-26 18:00:00,24.8,1008.7,96.47298407847299
2024-05-27 00:00:00,24.8,1006.9,98.2226392013117
2024-05-27 03:00:00,26.0,1008.2,94.79622941585653
2024-05-27 06:00:00,28.6,1008.3,83.35683314726084
2024-05-27 09:00:00,31.4,1005.9,70.96895584191402
2024-05-27 12:00:00,28.6,1006.1,81.88293095675748
2024-05-27 15:00:00,27.2,1008.0,90.45250000428203
2024-05-27 18:00:00,27.0,1008.2,93.71791865005993
2024-05-27 21:00:00,25.2,1007.2,98.227891780213
2024-05-28 00:00:00,24.8,1007.3,98.2226392013117
2024-05-28 03:00:00,25.2,1009.7,98.227891780213
2024-05-28 06:00:00,26.0,1009.6,94.79622941585653
2024-05-28 09:00:00,28.0,1006.1,83.28921441559984
2024-05-28 12:00:00,27.6,1006.5,87.31379479213656
2024-05-28 15:00:00,26.4,1007.8,93.69075623120435
2024-05-28 18:00:00,26.4,1008.3,93.69075623120435
2024-05-28 21:00:00,25.4,1006.6,96.48847066905626
2024-05-29 00:00:00,24.8,1006.4,94.75066788099174
2024-05-29 03:00:00,26.4,1008.0,93.69075623120435
2024-05-29 06:00:00,26.4,1008.4,93.69075623120435
2024-05-29 09:00:00,26.0,1006.3,96.503856108436
2024-05-29 12:00:00,25.4,1005.9,98.23050936880627
2024-05-29 15:00:00,25.6,1006.4,98.23312117951836
2024-05-29 18:00:00,25.6,1007.5,98.23312117951836
2024-05-29 21:00:00,25.4,1007.2,98.23050936880627
2024-05-30 00:00:00,25.0,1007.2,96.47815756865955
2024-05-30 03:00:00,25.8,1008.5,96.49873881355717
2024-05-30 06:00:00,28.0,1008.6,87.34888747491027
2024-05-30 09:00:00,28.0,1006.3,87.34888747491027
2024-05-30 12:00:00,28.4,1006.3,84.83323810049623
2024-05-30 15:00:00,26.6,1007.5,92.04304428506519
2024-05-30 18:00:00,26.0,1007.7,94.79622941585653
2024-05-30 21:00:00,26.0,1006.7,94.79622941585653
2024-05-31 00:00:00,25.0,1006.0,96.47815756865955
2024-05-31 03:00:00,26.4,1008.4,90.39836619855579
2024-05-31 06:00:00,30.4,1008.1,81.13972960661955
2024-05-31 09:00:00,31.4,1005.8,74.85285642920122
2024-05-31 12:00:00,30.0,1005.2,83.5130798716472
2024-05-31 15:00:00,28.6,1007.1,90.54615869442738
2024-05-31 18:00:00,27.4,1007.7,92.08825670296545
2024-05-31 21:00:00,26.4,1002.3,92.03168153578638
2024-06-01 00:00:00,26.0,1006.2,94.79622941585653
2024-06-01 03:00:00,28.4,1008.1,92.14424033203443
2024-06-01 06:00:00,32.0,1007.5,76.27928569930424
2024-06-01 09:00:00,33.2,1005.9,68.41626758283552
2024-06-01 12:00:00,29.8,1006.3,78.23460259362332
2024-06-01 15:00:00,28.0,1008.0,88.91528354225218
2024-06-01 18:00:00,27.4,1007.8,88.86871874139695
2024-06-01 21:00:00,27.2,1005.7,92.07698925377626
2024-06-02 00:00:00,26.4,1007.6,92.03168153578638
2024-06-02 03:00:00,29.0,1008.6,84.89506306062921
2024-06-02 06:00:00,30.0,1008.8,78.26294962837345
2024-06-02 09:00:00,31.8,1006.3,71.04055669606059
2024-06-02 12:00:00,29.2,1007.2,81.95548127118022
2024-06-02 15:00:00,26.8,1009.2,92.05438311051279
2024-06-02 18:00:00,26.4,1008.3,93.69075623120435
2024-06-02 21:00:00,26.2,1007.3,94.80376584735212
2024-06-03 00:00:00,26.2,1007.3,93.68166338882529
2024-06-03 03:00:00,27.4,1008.9,92.08825670296545
2024-06-03 06:00:00,31.0,1009.3,74.7889561009917
2024-06-03 09:00:00,31.2,1007.3,74.82093472023674
2024-06-03 12:00:00,29.4,1007.0,83.4463778105949
2024-06-03 15:00:00,27.6,1009.2,87.31379479213656
2024-06-03 18:00:00,26.8,1009.6,93.70888380751718
2024-06-04 00:00:00,25.4,1006.8,90.33006125111788
2024-06-04 03:00:00,27.8,1010.3,88.89979374390309
2024-06-04 06:00:00,31.4,1010.1,73.53807422593974
2024-06-04 09:00:00,31.8,1008.2,73.60449518826249
2024-06-04 12:00:00,30.0,1007.9,78.26294962837345
2024-06-04 15:00:00,28.0,1009.6,84.79181717750924
2024-06-04 18:00:00,27.0,1011.0,90.43900875787912
2024-06-04 21:00:00,26.8,1009.2,92.05438311051279
2024-06-05 00:00:00,26.2,1009.4,94.80376584735212
2024-06-05 03:00:00,28.2,1011.2,87.36638064071765
2024-06-05 06:00:00,31.8,1011.1,69.78813164326573
2024-06-05 09:00:00,31.8,1008.3,67.34108781459214
2024-06-05 12:00:00,30.4,1008.1,75.58532357148971
2024-06-05 15:00:00,28.6,1010.0,86.37440005285019
2024-06-05 18:00:00,27.8,1010.6,92.11072068322818
2024-06-05 21:00:00,27.0,1009.4,95.39600874452509
2024-06-06 00:00:00,26.6,1009.3,96.51914127003087
2024-06-06 03:00:00,28.0,1010.8,92.12191734434786
2024-06-06 06:00:00,29.8,1010.7,81.06459831337503
2024-06-06 09:00:00,30.2,1008.7,81.1147334710309
2024-06-06 12:00:00,29.4,1008.4,83.4463778105949
2024-06-06 15:00:00,26.4,1010.5,93.69075623120435
2024-06-06 18:00:00,26.4,1010.8,94.81128607168019
2024-06-06 21:00:00,26.4,1008.5,94.81128607168019
2024-06-07 00:00:00,25.8,1008.1,96.49873881355717
2024-06-07 03:00:00,27.0,1010.2,93.71791865005993
2024-06-07 06:00:00,29.8,1010.3,82.51286135002354
2024-06-07 09:00:00,30.4,1008.6,81.13972960661955
2024-06-07 12:00:00,28.0,1007.8,93.76280556198172
2024-06-07 15:00:00,26.4,1009.6,98.24351098143454
2024-06-07 18:00:00,25.8,1010.5,96.49873881355717
2024-06-07 21:00:00,25.6,1008.9,98.23312117951836
2024-06-08 00:00:00,25.4,1009.0,100.0
2024-06-08 03:00:00,26.0,1010.4,98.23832753499846
2024-06-08 06:00:00,26.4,1010.7,94.81128607168019
2024-06-08 09:00:00,27.8,1008.7,92.11072068322818
2024-06-08 12:00:00,27.8,1007.8,93.7538663078413
2024-06-08 15:00:00,26.0,1011.2,94.79622941585653
2024-06-08 18:00:00,26.0,1010.7,94.79622941585653
2024-06-08 21:00:00,24.4,1008.6,94.73534893450257
2024-06-09 00:00:00,24.0,1008.5,98.2120639566388
2024-06-09 03:00:00,26.0,1010.6,92.00888400052642
2024-06-09 06:00:00,30.4,1010.7,79.71870652103674
2024-06-09 09:00:00,32.0,1008.8,68.18676400908699
2024-06-09 12:00:00,29.6,1007.8,74.118773297339
2024-06-09 15:00:00,27.4,1009.2,90.46596324112937
2024-06-09 18:00:00,26.6,1010.5,94.8187901348208
2024-06-09 21:00:00,25.6,1008.5,98.23312117951836
2024-06-10 00:00:00,25.5,1009.2,95.9168125356357
2024-06-10 03:00:00,28.6,1010.4,90.54615869442738
2024-06-10 06:00:00,30.2,1010.6,79.69205742002245
2024-06-10 09:00:00,30.6,1007.9,78.34767637456054
2024-06-10 15:00:00,25.6,1011.1,90.34377933678581
2024-06-10 18:00:00,25.5,1011.4,94.21202471027594
2024-06-10 21:00:00,25.2,1009.7,94.76592069291524
2024-06-11 03:00:00,27.8,1010.9,87.33135888966177
2024-06-11 06:00:00,31.2,1010.3,74.82093472023674
2024-06-11 09:00:00,31.6,1009.1,71.00478678077775
2024-06-11 12:00:00,30.0,1008.8,78.26294962837345
2024-06-11 15:00:00,28.4,1010.6,90.53286192976505
2024-06-11 18:00:00,26.8,1011.4,95.38933139322062
2024-06-11 21:00:00,26.8,1010.0,95.38933139322062
2024-06-12 00:00:00,26.8,1010.5,96.52421418955653
2024-06-12 03:00:00,27.8,1012.4,96.54941420693457
2024-06-12 06:00:00,30.4,1012.2,78.31948639832048
2024-06-12 09:00:00,28.2,1017.9,86.33689076158295
2024-06-12 12:00:00,29.8,1009.6,78.23460259362332
2024-06-12 15:00:00,27.8,1010.9,88.89979374390309
2024-06-12 18:00:00,27.0,1011.6,92.06569807815053
2024-06-12 21:00:00,26.2,1009.8,94.80376584735212
2024-06-13 00:00:00,26.0,1010.1,94.79622941585653
2024-06-13 03:00:00,27.8,1011.7,92.11072068322818
2024-06-13 06:00:00,31.0,1011.6,74.7889561009917
2024-06-13 09:00:00,30.4,1009.4,78.31948639832048
2024-06-13 12:00:00,30.2,1008.6,76.91200889831605
2024-06-13 15:00:00,28.0,1010.0,87.34888747491027
2024-06-13 18:00:00,27.0,1010.4,93.71791865005993
2024-06-13 21:00:00,26.2,1008.9,92.0202947964304
2024-06-14 00:00:00,25.6,1008.7,94.78110774663195
2024-06-14 03:00:00,28.4,1009.7,88.94616815571688
2024-06-14 06:00:00,31.6,1009.4,69.75114396222972
2024-06-14 09:00:00,32.0,1007.1,69.82505728068918
2024-06-14 12:00:00,30.0,1006.6,78.26294962837345
2024-06-14 15:00:00,28.0,1009.2,88.91528354225218
2024-06-14 18:00:00,27.2,1009.7,92.07698925377626
2024-06-14 21:00:00,26.4,1008.3,92.03168153578638
2024-06-15 00:00:00,25.8,1008.4,96.49873881355717
2024-06-15 03:00:00,28.2,1009.4,92.13309053912468
2024-06-15 06:00:00,31.8,1008.5,67.34108781459214
2024-06-15 09:00:00,32.4,1007.2,62.800694130044874
2024-06-15 12:00:00,30.4,1007.2,67.87721438855921
2024-06-15 15:00:00,28.0,1009.0,87.34888747491027
2024-06-15 18:00:00,27.4,1010.0,92.08825670296545
2024-06-15 21:00:00,26.6,1008.9,94.8187901348208
2024-06-16 00:00:00,25.2,1008.8,94.76592069291524
2024-06-16 03:00:00,27.6,1010.0,90.47939854432097
2024-06-16 06:00:00,32.2,1009.6,61.63719881412483
2024-06-16 09:00:00,32.8,1007.5,64.40448947276589
2024-06-16 12:00:00,30.6,1014.5,72.96898936310727
2024-06-16 15:00:00,28.0,1009.1,83.28921441559984
2024-06-16 18:00:00,27.0,1009.5,88.83751596451742
2024-06-16 21:00:00,26.6,1007.8,90.41194193154737
2024-06-17 00:00:00,26.0,1008.5,92.00888400052642
2024-06-17 03:00:00,27.8,1009.9,88.89979374390309
2024-06-17 06:00:00,32.0,1009.5,68.5931528079531
2024-06-17 09:00:00,31.4,1007.3,72.24352874821913
2024-06-17 12:00:00,30.2,1007.4,79.69205742002245
2024-06-17 15:00:00,28.4,1008.8,84.83323810049623
2024-06-17 18:00:00,28.4,1009.6,87.90192756472376
2024-06-17 21:00:00,26.5,1007.8,91.49045536193127
2024-06-18 00:00:00,26.0,1007.7,92.00888400052642
2024-06-18 03:00:00,27.8,1009.7,88.89979374390309
2024-06-18 06:00:00,26.4,1010.2,96.51405730461323
2024-06-18 09:00:00,31.6,1007.7,76.21857827105511
2024-06-18 12:00:00,29.2,1007.5,80.5095630310082
2024-06-18 15:00:00,27.8,1009.2,90.49280598950578
2024-06-18 18:00:00,26.8,1009.9,95.38933139322062
2024-06-18 21:00:00,26.6,1007.8,96.51914127003087
2024-06-19 00:00:00,26.2,1007.8,94.80376584735212
2024-06-19 03:00:00,27.8,1008.8,90.49280598950578
2024-06-19 09:00:00,27.8,1007.4,96.54941420693457
2024-06-19 12:00:00,25.4,1007.9,94.77352241613059
2024-06-19 15:00:00,25.4,1009.0,94.77352241613059
2024-06-19 18:00:00,25.6,1009.3,93.09525743190015
2024-06-19 21:00:00,25.4,1008.1,96.48847066905626
2024-06-20 00:00:00,25.0,1007.8,98.22526839673633
2024-06-20 03:00:00,24.6,1010.6,98.22000417681151
2024-06-20 06:00:00,26.0,1010.2,92.00888400052642
2024-06-20 09:00:00,28.8,1007.9,84.87449545917907
2024-06-20 12:00:00,27.0,1007.4,90.43900875787912
2024-06-20 15:00:00,26.0,1008.2,93.67255110424425
2024-06-20 18:00:00,25.6,1012.9,94.78110774663195
2024-06-20 21:00:00,25.4,1007.7,96.48847066905626
2024-06-21 00:00:00,25.8,1007.8,94.78867673105134
2024-06-21 03:00:00,26.0,1010.1,96.503856108436
2024-06-21 06:00:00,29.4,1009.5,84.9360766224706
2024-06-21 09:00:00,29.0,1007.8,74.91450415439337
2024-06-21 12:00:00,27.6,1006.6,84.24549777703992
2024-06-21 15:00:00,26.0,1007.8,92.00888400052642
2024-06-21 18:00:00,25.6,1008.9,93.09525743190015
2024-06-21 21:00:00,25.2,1006.8,94.76592069291524
2024-06-22 00:00:00,24.4,1006.6,94.73534893450257
2024-06-22 03:00:00,25.4,1007.4,96.48847066905626
2024-06-22 06:00:00,30.4,1006.5,75.58532357148971
2024-06-22 09:00:00,26.6,1006.8,92.04304428506519
2024-06-22 12:00:00,26.8,1005.6,88.82186644716782
2024-06-22 15:00:00,26.0,1007.5,93.67255110424425
2024-06-22 18:00:00,25.6,1008.2,96.49361034454672
2024-06-22 21:00:00,25.0,1006.9,96.47815756865955
2024-06-23 00:00:00,24.4,1006.2,98.21736330604563
2024-06-23 03:00:00,27.0,1007.2,93.71791865005993
2024-06-23 06:00:00,26.6,1007.7,92.04304428506519
2024-06-23 09:00:00,29.6,1005.8,79.6118092261478
2024-06-23 12:00:00,28.8,1005.3,81.90716097068722
2024-06-23 15:00:00,27.2,1006.9,85.72845277885752
2024-06-23 18:00:00,27.0,1008.3,87.26088849314073
2024-06-23 21:00:00,26.0,1006.5,92.00888400052642
2024-06-24 00:00:00,25.4,1006.4,96.48847066905626
2024-06-24 03:00:00,26.6,1007.5,94.8187901348208
2024-06-24 06:00:00,31.0,1007.0,77.48613913975385
2024-06-24 09:00:00,27.6,1006.0,92.64514154345864
2024-06-24 12:00:00,26.0,1005.7,94.79622941585653
2024-06-24 15:00:00,24.2,1007.4,96.45739545380262
2024-06-24 18:00:00,24.2,1007.7,98.21471657176035
2024-06-24 21:00:00,24.4,1006.1,96.4626030540391
2024-06-25 00:00:00,24.6,1006.2,96.46779925124456
2024-06-25 03:00:00,25.8,1007.6,94.78867673105134
2024-06-25 06:00:00,28.4,1007.4,83.33433758376981
2024-06-25 09:00:00,26.0,1006.2,96.503856108436
2024-06-25 12:00:00,26.0,1005.4,92.00888400052642
2024-06-25 15:00:00,25.2,1007.5,98.227891780213
2024-06-25 18:00:00,25.2,1008.4,96.48331975462109
2024-06-25 21:00:00,24.6,1007.4,96.46779925124456
2024-06-26 00:00:00,25.0,1006.5,96.47815756865955
2024-06-26 03:00:00,24.4,1007.8,96.4626030540391
2024-06-26 06:00:00,27.0,1007.1,95.39600874452509
2024-06-26 09:00:00,26.0,1006.3,93.67255110424425
2024-06-26 12:00:00,24.8,1006.5,96.47298407847299
2024-06-26 15:00:00,24.6,1008.5,98.22000417681151
2024-06-26 18:00:00,24.4,1009.0,98.21736330604563
2024-06-26 21:00:00,24.4,1008.0,98.21736330604563
2024-06-27 00:00:00,24.4,1007.3,98.21736330604563
2024-06-27 03:00:00,25.4,1008.3,98.23050936880627
2024-06-27 06:00:00,29.2,1008.5,84.91559008084812
2024-06-27 09:00:00,26.6,1007.8,93.69982968596882
2024-06-27 12:00:00,26.6,1007.4,90.41194193154737
2024-06-27 15:00:00,25.4,1009.6,98.23050936880627
2024-06-27 18:00:00,25.4,1009.7,98.23050936880627
2024-06-27 21:00:00,25.4,1008.7,98.23050936880627
2024-06-28 00:00:00,24.4,1008.5,98.21736330604563
2024-06-28 03:00:00,26.4,1009.8,96.51405730461323
2024-06-28 06:00:00,30.4,1009.6,79.71870652103674
2024-06-28 09:00:00,31.0,1007.4,74.7889561009917
2024-06-28 12:00:00,29.2,1006.9,80.5095630310082
2024-06-28 15:00:00,27.4,1008.4,90.46596324112937
2024-06-28 18:00:00,26.2,1009.2,94.80376584735212
2024-06-28 21:00:00,26.0,1008.2,94.79622941585653
2024-06-29 00:00:00,25.0,1008.8,96.47815756865955
2024-06-29 03:00:00,26.0,1010.0,94.79622941585653
2024-06-29 06:00:00,31.0,1009.5,74.7889561009917
2024-06-29 09:00:00,31.7,1007.5,73.1548305950047
2024-06-29 12:00:00,29.6,1007.2,79.6118092261478
2024-06-29 15:00:00,27.4,1009.3,88.86871874139695
2024-06-29 18:00:00,26.4,1010.0,93.69075623120435
2024-06-29 21:00:00,26.2,1008.6,92.0202947964304
2024-06-30 00:00:00,25.6,1008.4,94.78110774663195
2024-06-30 03:00:00,28.0,1010.3,88.91528354225218
2024-06-30 06:00:00,31.4,1009.7,73.53807422593974
2024-06-30 09:00:00,32.6,1007.8,65.52306428907129
2024-06-30 12:00:00,30.4,1007.4,70.36635155961307
2024-06-30 15:00:00,28.0,1009.6,85.80667728802291
2024-06-30 18:00:00,27.0,1010.8,88.83751596451742
2024-06-30 21:00:00,26.8,1009.6,90.42548942576907
2024-07-01 00:00:00,25.4,1009.6,98.23050936880627
2024-07-01 03:00:00,26.2,1010.7,94.80376584735212
2024-07-01 06:00:00,26.4,1011.2,93.69075623120435
2024-07-01 09:00:00,28.6,1007.3,84.8538871735531
2024-07-01 12:00:00,27.6,1008.5,85.767643247121
2024-07-01 15:00:00,27.0,1010.1,92.06569807815053
2024-07-01 18:00:00,26.6,1010.2,94.8187901348208
2024-07-01 21:00:00,26.4,1008.8,96.51405730461323
2024-07-02 00:00:00,24.0,1008.2,94.71996347442106
2024-07-02 03:00:00,27.4,1008.9,84.22401507730588
2024-07-02 06:00:00,31.0,1008.7,76.1271052167908
2024-07-02 09:00:00,31.0,1006.5,70.89711040322032
2024-07-02 12:00:00,29.6,1006.1,76.82235153000387
2024-07-02 15:00:00,27.8,1007.9,85.78717977072007
2024-07-02 18:00:00,26.8,1008.8,92.05438311051279
2024-07-02 21:00:00,26.2,1007.6,93.68166338882529
2024-07-03 00:00:00,25.2,1007.6,94.76592069291524
2024-07-03 03:00:00,26.2,1009.7,94.80376584735212
2024-07-03 06:00:00,28.5,1008.6,85.2257143568677
2024-07-03 09:00:00,30.8,1007.3,75.64766286638326
2024-07-03 12:00:00,30.0,1006.6,79.66535824918688
2024-07-03 15:00:00,27.8,1009.2,88.89979374390309
2024-07-03 18:00:00,26.8,1010.0,95.38933139322062
2024-07-03 21:00:00,26.4,1008.4,96.51405730461323
2024-07-04 00:00:00,25.4,1008.5,93.08530694612072
2024-07-04 03:00:00,27.2,1009.4,87.27855968744687
2024-07-04 06:00:00,31.6,1009.5,71.00478678077775
2024-07-04 09:00:00,31.8,1007.3,69.78813164326573
2024-07-04 12:00:00,29.8,1006.8,75.49139258129554
2024-07-04 15:00:00,27.6,1009.2,87.31379479213656
2024-07-04 18:00:00,27.2,1009.7,92.07698925377626
2024-07-04 21:00:00,27.0,1008.0,92.06569807815053
2024-07-05 00:00:00,26.6,1008.1,93.69982968596882
2024-07-05 03:00:00,28.4,1009.3,87.90192756472376
2024-07-05 06:00:00,30.4,1009.2,79.71870652103674
2024-07-05 09:00:00,31.6,1007.7,69.75114396222972
2024-07-05 12:00:00,28.4,1007.6,77.56787120852722
2024-07-05 15:00:00,25.8,1008.8,90.35746879655075
2024-07-05 18:00:00,25.4,1009.3,91.42347038708563
2024-07-05 21:00:00,25.0,1008.0,93.06534216930645
2024-07-06 00:00:00,23.0,1008.6,96.42590852260086
2024-07-06 03:00:00,25.0,1009.4,94.7583025301895
2024-07-06 06:00:00,30.2,1008.3,72.90096632227306
2024-07-06 09:00:00,29.8,1006.5,76.85229197010862
2024-07-06 12:00:00,28.8,1006.1,76.24353220041739
2024-07-06 15:00:00,27.0,1008.4,85.7087986323302
2024-07-06 18:00:00,26.6,1009.0,88.80618472944694
2024-07-06 21:00:00,26.0,1007.6,92.00888400052642
2024-07-07 00:00:00,25.0,1007.2,94.7583025301895
2024-07-07 03:00:00,27.0,1008.6,88.83751596451742
2024-07-07 06:00:00,31.4,1007.8,72.24352874821913
2024-07-07 09:00:00,32.0,1006.0,65.01074996458017
2024-07-07 12:00:00,29.7,1005.7,71.94732911770656
2024-07-07 15:00:00,27.8,1007.7,81.29701074620921
2024-07-07 18:00:00,26.2,1008.5,85.62978692730046
2024-07-07 21:00:00,26.0,1007.4,90.37112970835472
2024-07-08 00:00:00,25.0,1007.9,98.22526839673633
2024-07-08 03:00:00,25.2,1007.6,89.77318651955946
2024-07-08 06:00:00,28.2,1008.4,76.15120458899845
2024-07-08 09:00:00,29.6,1006.6,69.7975639784289
2024-07-08 12:00:00,28.2,1006.2,72.99821296932988
2024-07-08 15:00:00,26.2,1007.9,84.09422307879059
2024-07-08 18:00:00,25.6,1008.0,88.72729010944434
2024-07-08 21:00:00,25.0,1006.7,93.06534216930645
2024-07-09 00:00:00,24.4,1006.5,91.36189759637527
2024-07-09 03:00:00,25.8,1008.5,87.15410439808417
2024-07-09 06:00:00,30.4,1009.0,71.64060697493404
2024-07-09 09:00:00,31.4,1007.8,66.06520314217083
2024-07-09 12:00:00,25.6,1007.5,91.43570721258781
2024-07-09 15:00:00,26.2,1009.6,93.68166338882529
2024-07-09 18:00:00,25.4,1010.4,94.77352241613059
2024-07-09 21:00:00,25.4,1009.5,94.77352241613059
2024-07-10 00:00:00,24.8,1010.3,96.47298407847299
2024-07-10 03:00:00,25.8,1011.6,94.78867673105134
2024-07-10 06:00:00,31.2,1011.1,66.82152314124305
2024-07-10 09:00:00,30.8,1009.4,70.43939306440934
2024-07-10 12:00:00,28.6,1009.1,80.43187680667027
2024-07-10 15:00:00,26.8,1011.6,85.68910507577876
2024-07-10 18:00:00,26.0,1011.4,92.00888400052642
2024-07-10 21:00:00,25.2,1009.3,93.07533521182425
2024-07-11 00:00:00,25.0,1009.5,94.7583025301895
2024-07-11 03:00:00,26.2,1011.1,94.80376584735212
2024-07-11 06:00:00,31.4,1010.0,73.53807422593974
2024-07-11 09:00:00,32.6,1007.7,65.52306428907129
2024-07-11 12:00:00,30.2,1006.8,67.83823315041917
2024-07-11 15:00:00,27.2,1008.5,85.72845277885752
2024-07-11 18:00:00,26.5,1009.3,89.86674533665322
2024-07-11 21:00:00,26.2,1008.0,90.38476214988123
2024-07-12 00:00:00,25.6,1008.0,94.78110774663195
2024-07-12 03:00:00,27.6,1009.6,90.47939854432097
2024-07-12 06:00:00,30.5,1009.2,72.51850566612495
2024-07-12 09:00:00,30.4,1007.2,74.24982249791255
2024-07-12 12:00:00,24.7,1007.9,98.81111353913916
2024-07-12 15:00:00,23.4,1009.2,98.2040706521281
2024-07-12 18:00:00,24.2,1007.7,91.34950480267452
2024-07-12 21:00:00,23.5,1007.5,95.85651824746934
2024-07-13 00:00:00,24.5,1007.5,95.8868298976468
2024-07-13 03:00:00,25.4,1009.4,94.77352241613059
2024-07-13 06:00:00,25.0,1010.5,96.47815756865955
2024-07-13 09:00:00,26.7,1008.2,92.59773131563416
2024-07-13 12:00:00,27.0,1008.2,88.83751596451742
2024-07-13 18:00:00,25.7,1009.9,97.07257828769083
2024-07-13 21:00:00,25.2,1007.3,98.227891780213
2024-07-14 00:00:00,24.4,1006.9,93.03523459227986
2024-07-14 03:00:00,25.5,1008.2,90.88182048767362
2024-07-14 06:00:00,30.4,1007.7,78.31948639832048
2024-07-14 09:00:00,30.6,1006.0,72.96898936310727
2024-07-14 12:00:00,27.7,1006.0,87.84301834473254
2024-07-14 18:00:00,25.5,1008.5,97.64853030704535
2024-07-14 21:00:00,25.6,1006.7,94.78110774663195
2024-07-15 00:00:00,24.8,1007.1,96.47298407847299
2024-07-15 03:00:00,24.0,1007.7,94.71996347442106
2024-07-15 06:00:00,27.6,1008.3,88.88427217188078
2024-07-15 09:00:00,25.0,1007.3,98.22526839673633
2024-07-15 12:00:00,25.8,1006.4,96.49873881355717
2024-07-15 15:00:00,23.8,1008.4,96.4469459114231
2024-07-15 18:00:00,24.6,1009.6,98.22000417681151
2024-07-15 21:00:00,24.2,1006.9,96.45739545380262
2024-07-16 00:00:00,23.8,1007.3,96.4469459114231
2024-07-16 03:00:00,25.0,1008.3,96.47815756865955
2024-07-16 06:00:00,27.4,1009.0,85.74806761675889
2024-07-16 09:00:00,29.6,1006.4,75.45996920875774
2024-07-16 12:00:00,28.4,1006.4,74.81792523943739
2024-07-16 15:00:00,26.6,1008.5,92.04304428506519
2024-07-16 18:00:00,25.8,1008.5,94.78867673105134
2024-07-16 21:00:00,25.0,1007.1,93.06534216930645
2024-07-17 00:00:00,24.4,1007.5,96.4626030540391
2024-07-17 03:00:00,25.0,1008.7,96.47815756865955
2024-07-17 06:00:00,27.8,1009.6,87.33135888966177
2024-07-17 09:00:00,25.2,1008.7,96.48331975462109
2024-07-17 12:00:00,26.8,1007.8,92.05438311051279
2024-07-17 15:00:00,24.4,1010.2,98.21736330604563
2024-07-17 18:00:00,24.2,1011.0,98.21471657176035
2024-07-17 21:00:00,24.2,1008.6,98.21471657176035
2024-07-18 00:00:00,24.4,1008.8,97.62936420818895
2024-07-18 03:00:00,24.8,1010.8,96.47298407847299
2024-07-18 06:00:00,28.0,1010.4,88.91528354225218
2024-07-18 09:00:00,27.2,1008.2,87.27855968744687
2024-07-18 12:00:00,27.6,1007.6,81.27196286112057
2024-07-18 15:00:00,26.0,1009.0,90.37112970835472
2024-07-18 18:00:00,26.0,1009.0,90.37112970835472
2024-07-18 21:00:00,25.0,1007.7,94.7583025301895
2024-07-19 00:00:00,24.4,1007.2,94.73534893450257
2024-07-19 03:00:00,26.6,1008.8,92.04304428506519
2024-07-19 06:00:00,29.8,1008.7,78.23460259362332
2024-07-19 09:00:00,30.2,1006.8,78.29124418971334
2024-07-19 12:00:00,28.0,1006.5,80.3537462205201
2024-07-19 15:00:00,26.6,1008.6,92.04304428506519
2024-07-19 18:00:00,28.4,1008.5,87.90192756472376
2024-07-19 21:00:00,26.2,1007.2,96.5089622614157
2024-07-20 06:00:00,30.2,1009.0,79.69205742002245
2024-07-20 09:00:00,30.0,1007.0,79.66535824918688
2024-07-20 12:00:00,29.0,1006.5,84.39469626812703
2024-07-20 15:00:00,27.2,1008.5,92.07698925377626
2024-07-20 18:00:00,26.6,1008.8,79.20369618157928
2024-07-20 21:00:00,26.0,1007.9,94.79622941585653
2024-07-21 00:00:00,26.0,1007.9,94.79622941585653
2024-07-21 03:00:00,26.7,1009.3,95.95236402946144
2024-07-21 06:00:00,30.6,1009.3,74.28243957799879
2024-07-21 09:00:00,30.8,1007.9,71.71113203855039
2024-07-21 12:00:00,28.8,1007.6,80.45782143103412
2024-07-21 15:00:00,27.2,1010.0,90.45250000428203
2024-07-21 18:00:00,26.2,1010.3,94.80376584735212
2024-07-21 21:00:00,25.8,1008.8,93.10518672866101
2024-07-22 00:00:00,25.8,1009.0,96.49873881355717
2024-07-22 03:00:00,24.4,1011.4,98.21736330604563
2024-07-22 06:00:00,26.2,1011.1,96.5089622614157
2024-07-22 09:00:00,29.4,1009.6,81.97957178446406
2024-07-22 12:00:00,29.4,1009.4,81.97957178446406
2024-07-22 15:00:00,26.8,1011.2,92.05438311051279
2024-07-22 18:00:00,25.8,1011.6,94.78867673105134
2024-07-22 21:00:00,25.4,1010.7,94.77352241613059
2024-07-23 00:00:00,25.0,1010.4,94.7583025301895
2024-07-23 03:00:00,27.2,1011.3,90.45250000428203
2024-07-23 06:00:00,31.8,1011.2,71.04055669606059
2024-07-23 09:00:00,31.8,1009.4,71.04055669606059
2024-07-23 12:00:00,30.0,1008.7,75.5227593496699
2024-07-23 15:00:00,27.4,1010.1,88.86871874139695
2024-07-23 18:00:00,26.8,1011.3,88.82186644716782
2024-07-23 21:00:00,26.6,1009.3,92.04304428506519
2024-07-24 00:00:00,25.6,1009.1,94.78110774663195
2024-07-24 03:00:00,27.2,1009.6,92.07698925377626
2024-07-24 06:00:00,31.4,1008.9,73.53807422593974
2024-07-24 09:00:00,32.0,1006.8,67.38029965170892
2024-07-24 12:00:00,30.0,1006.4,72.866865390855
2024-07-24 15:00:00,27.8,1007.9,82.77031896665545
2024-07-24 18:00:00,26.6,1009.4,88.80618472944694
2024-07-25 00:00:00,25.2,1007.7,98.227891780213
2024-07-25 03:00:00,26.6,1008.0,94.8187901348208
2024-07-25 06:00:00,30.4,1008.2,72.93500760473812
2024-07-25 09:00:00,30.4,1007.2,78.31948639832048
2024-07-25 12:00:00,29.2,1006.8,83.42405706602797
2024-07-25 15:00:00,26.0,1008.6,87.17199233244091
2024-07-25 18:00:00,25.4,1009.3,91.42347038708563
2024-07-25 21:00:00,25.4,1008.0,91.42347038708563
2024-07-26 00:00:00,25.0,1007.4,94.7583025301895
2024-07-26 03:00:00,27.2,1009.0,92.07698925377626
2024-07-26 06:00:00,29.8,1009.3,79.63860889063328
2024-07-26 09:00:00,26.6,1007.7,92.04304428506519
2024-07-26 12:00:00,28.2,1006.8,84.81254813644145
2024-07-26 15:00:00,27.0,1008.5,87.26088849314073
2024-07-26 18:00:00,26.4,1009.2,92.03168153578638
2024-07-26 21:00:00,25.8,1007.5,91.99744908137737
2024-07-27 00:00:00,25.8,1007.7,94.78867673105134
2024-07-27 03:00:00,27.0,1009.2,90.43900875787912
2024-07-27 06:00:00,29.8,1008.4,78.23460259362332
2024-07-27 09:00:00,30.6,1006.5,76.97150804274018
2024-07-27 12:00:00,29.6,1006.3,76.82235153000387
2024-07-27 15:00:00,27.8,1008.5,87.33135888966177
2024-07-27 18:00:00,27.8,1009.2,90.49280598950578
2024-07-27 21:00:00,26.0,1007.3,94.79622941585653
2024-07-28 00:00:00,26.0,1007.0,96.503856108436
2024-07-28 03:00:00,27.0,1008.6,96.5292760949642
2024-07-28 06:00:00,27.0,1008.0,87.26088849314073
2024-07-28 09:00:00,31.0,1006.0,85.59526014060029
2024-07-28 12:00:00,28.8,1005.4,87.93540259721783
2024-07-28 15:00:00,25.0,1007.4,98.22526839673633
2024-07-28 18:00:00,25.2,1008.0,96.48331975462109
2024-07-28 21:00:00,25.0,1006.5,98.22526839673633
2024-07-29 00:00:00,24.8,1007.6,96.47298407847299
2024-07-29 03:00:00,25.8,1007.4,98.23572722928968
2024-07-29 06:00:00,26.0,1007.5,94.79622941585653
2024-07-29 09:00:00,26.8,1006.3,95.38933139322062
2024-07-29 12:00:00,26.8,1005.8,96.52421418955653
2024-07-29 15:00:00,26.0,1007.7,96.503856108436
2024-07-29 18:00:00,23.4,1009.2,96.43645035727725
2024-07-29 21:00:00,23.4,1008.3,96.43645035727725
2024-07-30 00:00:00,23.6,1008.5,98.20674101429967
2024-07-30 03:00:00,24.6,1010.5,98.22000417681151
2024-07-30 06:00:00,27.0,1010.2,85.7087986323302
2024-07-30 09:00:00,29.0,1008.0,79.0585121873896
2024-07-30 12:00:00,28.1,1007.7,79.8867418600129
2024-07-30 15:00:00,26.0,1009.2,90.37112970835472
2024-07-30 18:00:00,25.2,1010.6,89.77318651955946
2024-07-30 21:00:00,25.0,1009.5,91.39891921824884
2024-07-31 00:00:00,24.4,1009.7,94.73534893450257
2024-07-31 03:00:00,26.8,1011.8,85.68910507577876
2024-07-31 06:00:00,30.4,1011.0,70.36635155961307
2024-07-31 09:00:00,30.8,1009.2,73.00291172196927
2024-07-31 12:00:00,27.6,1009.0,79.81995065848324
2024-07-31 15:00:00,26.0,1010.5,87.17199233244091
2024-07-31 18:00:00,25.6,1010.8,87.13618000678832
2024-08-01 00:00:00,24.2,1009.2,93.02515571569042
2024-08-01 03:00:00,26.8,1010.7,84.15931168305403
2024-08-01 06:00:00,30.2,1010.5,74.2171474546091
2024-08-01 09:00:00,31.4,1008.6,68.47868492425357
2024-08-01 12:00:00,29.4,1008.9,77.71354294293734
2024-08-01 15:00:00,27.2,1010.5,88.85313336738866
2024-08-01 18:00:00,25.8,1011.1,96.49873881355717
2024-08-01 21:00:00,25.4,1009.1,98.23050936880627
2024-08-02 00:00:00,24.8,1009.5,96.47298407847299
2024-08-02 03:00:00,25.6,1012.1,94.78110774663195
2024-08-02 06:00:00,30.0,1010.9,81.08968974474207
2024-08-02 09:00:00,31.2,1007.9,68.4404025650585
2024-08-02 12:00:00,28.6,1007.8,76.21281246926864
2024-08-02 15:00:00,27.2,1009.3,84.20248990010974
2024-08-02 18:00:00,25.6,1011.1,96.49361034454672
2024-08-02 21:00:00,25.2,1009.7,94.76592069291524
2024-08-03 00:00:00,25.6,1009.0,90.34377933678581
2024-08-03 03:00:00,27.0,1010.7,81.19652945190819
2024-08-03 06:00:00,31.0,1010.5,69.22506422320274
2024-08-03 09:00:00,32.0,1008.5,62.71443976755974
2024-08-03 12:00:00,29.0,1008.5,68.01508576459278
2024-08-03 15:00:00,26.2,1011.1,82.58282556083142
2024-08-03 18:00:00,26.0,1012.0,84.07244076824206
2024-08-04 00:00:00,25.0,1010.2,89.75868022431183
2024-08-04 03:00:00,26.6,1011.2,85.66937200749226
2024-08-04 06:00:00,31.8,1010.4,63.81127171847181
2024-08-04 09:00:00,33.8,1008.0,55.99737982292572
2024-08-04 12:00:00,31.6,1007.2,60.03485302219658
2024-08-04 15:00:00,27.6,1010.4,74.23649168800932
2024-08-04 18:00:00,26.6,1011.3,79.6854136873141
2024-08-04 21:00:00,25.8,1009.0,85.59004257177266
2024-08-05 00:00:00,25.0,1008.8,88.14427552074832
2024-08-05 03:00:00,27.6,1010.5,76.98390463811192
2024-08-05 06:00:00,31.4,1010.6,67.26247234040332
2024-08-05 09:00:00,31.4,1008.5,66.06520314217083
2024-08-05 12:00:00,27.6,1008.3,78.39069896683198
2024-08-05 15:00:00,26.8,1011.0,87.24318141227258
2024-08-05 18:00:00,25.0,1011.1,94.7583025301895
2024-08-05 21:00:00,25.0,1008.8,96.47815756865955
2024-08-06 00:00:00,25.0,1007.7,93.06534216930645
2024-08-06 03:00:00,26.0,1009.6,90.37112970835472
2024-08-06 06:00:00,29.4,1009.4,76.33535606218936
2024-08-06 09:00:00,31.0,1007.7,66.78169156880611
2024-08-06 12:00:00,30.4,1005.9,71.64060697493404
2024-08-06 15:00:00,26.8,1009.0,85.68910507577876
2024-08-06 18:00:00,26.4,1010.5,84.11596226208941
2024-08-06 21:00:00,25.6,1008.4,87.13618000678832
2024-08-07 00:00:00,25.6,1007.9,90.34377933678581
2024-08-07 03:00:00,26.8,1009.6,81.17128800561531
2024-08-07 06:00:00,32.2,1009.4,63.89578539017188
2024-08-07 09:00:00,31.4,1007.6,67.26247234040332
2024-08-07 12:00:00,28.4,1007.9,78.97572139747378
2024-08-07 15:00:00,26.6,1010.2,87.22543835052973
2024-08-07 18:00:00,26.4,1010.4,88.79047072518293
2024-08-07 21:00:00,25.8,1008.7,90.35746879655075
2024-08-08 00:00:00,25.2,1009.3,94.76592069291524
2024-08-08 03:00:00,27.6,1010.7,79.81995065848324
2024-08-08 06:00:00,31.4,1011.0,63.34384135735378
2024-08-08 09:00:00,31.8,1008.7,63.81127171847181
2024-08-08 12:00:00,30.0,1008.9,74.18441432342445
2024-08-08 15:00:00,27.0,1011.4,73.68636116732236
2024-08-08 18:00:00,26.0,1011.5,79.12067626724064
2024-08-08 21:00:00,25.6,1009.5,82.01145278638
2024-08-09 00:00:00,24.6,1009.2,88.1108765345105
2024-08-09 03:00:00,27.0,1010.9,79.73938187381316
2024-08-09 06:00:00,31.4,1009.9,66.06520314217083
2024-08-09 09:00:00,32.0,1008.1,62.71443976755974
2024-08-09 12:00:00,30.6,1008.6,65.50658692237978
2024-08-09 15:00:00,26.8,1010.8,81.17128800561531
2024-08-09 18:00:00,26.0,1011.3,88.7589455109383
2024-08-09 21:00:00,25.2,1010.2,93.07533521182425
2024-08-10 00:00:00,25.2,1009.8,93.07533521182425
2024-08-10 03:00:00,27.8,1011.0,81.29701074620921
2024-08-10 06:00:00,30.2,1010.6,72.90096632227306
2024-08-10 09:00:00,30.8,1008.7,67.95498445600064
2024-08-10 12:00:00,29.4,1007.9,72.32825969825754
2024-08-10 15:00:00,26.8,1009.7,88.82186644716782
2024-08-10 18:00:00,26.4,1010.7,90.39836619855579
2024-08-10 21:00:00,26.0,1008.7,92.00888400052642
2024-08-11 00:00:00,25.4,1008.2,94.77352241613059
2024-08-11 03:00:00,26.8,1009.0,90.42548942576907
2024-08-11 06:00:00,31.4,1007.9,68.47868492425357
2024-08-11 09:00:00,32.2,1005.4,67.82126335429727
2024-08-11 12:00:00,28.0,1005.8,81.80996009312997
2024-08-11 15:00:00,27.0,1007.7,87.26088849314073
2024-08-11 18:00:00,26.6,1008.1,87.22543835052973
2024-08-13 00:00:00,25.4,1005.2,96.48847066905626
2024-08-13 03:00:00,27.0,1007.1,88.83751596451742
2024-08-13 06:00:00,31.2,1006.4,70.93306375697343
2024-08-13 09:00:00,30.4,1004.3,74.24982249791255
2024-08-13 12:00:00,25.8,1005.0,98.23572722928968
2024-08-13 15:00:00,25.6,1006.9,98.23312117951836
2024-08-13 18:00:00,25.0,1007.9,98.22526839673633
2024-08-13 21:00:00,24.6,1006.5,98.22000417681151
2024-08-14 00:00:00,24.4,1006.5,100.0
2024-08-14 03:00:00,25.2,1007.7,98.227891780213
2024-08-14 06:00:00,28.2,1007.3,78.94802076163292
2024-08-14 09:00:00,30.0,1006.9,67.39116386417841
2024-08-14 12:00:00,28.8,1005.2,79.03096698905824
2024-08-14 15:00:00,26.2,1007.2,93.68166338882529
2024-08-14 18:00:00,26.2,1007.7,93.68166338882529
2024-08-14 21:00:00,26.0,1006.2,92.00888400052642
2024-08-15 00:00:00,25.6,1005.7,93.09525743190015
2024-08-15 03:00:00,27.4,1007.1,90.46596324112937
2024-08-15 06:00:00,27.4,1007.1,92.08825670296545
2024-08-15 09:00:00,29.6,1004.6,78.20620296447258
2024-08-15 12:00:00,27.4,1004.0,88.86871874139695
2024-08-15 15:00:00,26.0,1005.6,90.37112970835472
2024-08-15 18:00:00,26.0,1006.7,90.37112970835472
2024-08-15 21:00:00,25.8,1005.5,91.99744908137737
2024-08-16 00:00:00,25.6,1004.8,94.78110774663195
2024-08-16 03:00:00,27.0,1006.6,93.71791865005993
2024-08-16 09:00:00,30.6,1004.6,74.28243957799879
2024-08-16 12:00:00,28.0,1004.2,85.80667728802291
2024-08-16 15:00:00,26.0,1006.7,94.79622941585653
2024-08-16 18:00:00,25.8,1008.0,96.49873881355717
2024-08-17 00:00:00,25.4,1006.6,94.77352241613059
2024-08-17 03:00:00,26.6,1007.6,92.04304428506519
2024-08-17 06:00:00,28.6,1007.9,84.8538871735531
2024-08-17 09:00:00,29.4,1005.9,77.71354294293734
2024-08-17 12:00:00,27.6,1006.0,85.767643247121
2024-08-17 15:00:00,25.4,1007.9,96.48847066905626
2024-08-17 18:00:00,25.4,1008.9,96.48847066905626
2024-08-17 21:00:00,24.8,1007.4,96.47298407847299
2024-08-18 00:00:00,24.7,1007.1,97.05097583155003
2024-08-18 03:00:00,25.8,1008.0,96.49873881355717
2024-08-18 06:00:00,29.0,1007.8,79.0585121873896
2024-08-18 09:00:00,30.4,1005.9,74.24982249791255
2024-08-18 12:00:00,28.6,1005.3,79.00337009946395
2024-08-18 15:00:00,26.6,1007.6,90.41194193154737
2024-08-18 18:00:00,26.0,1009.2,92.00888400052642
2024-08-18 21:00:00,26.0,1007.5,92.00888400052642
2024-08-19 00:00:00,25.8,1006.3,93.10518672866101
2024-08-19 03:00:00,26.8,1008.2,92.05438311051279
2024-08-19 06:00:00,30.4,1008.5,75.58532357148971
2024-08-19 09:00:00,30.2,1006.2,76.91200889831605
2024-08-19 12:00:00,28.2,1005.7,80.37983931978188
2024-08-19 15:00:00,27.0,1008.1,88.83751596451742
2024-08-19 18:00:00,26.0,1008.6,92.00888400052642
2024-08-20 00:00:00,25.0,1005.8,94.7583025301895
2024-08-20 03:00:00,27.6,1008.0,85.767643247121
2024-08-20 06:00:00,30.6,1008.1,72.96898936310727
2024-08-20 09:00:00,30.8,1006.1,71.71113203855039
2024-08-20 15:00:00,27.0,1008.6,88.83751596451742
2024-08-20 18:00:00,26.0,1009.3,94.79622941585653
2024-08-20 21:00:00,26.0,1008.4,94.79622941585653
2024-08-21 00:00:00,23.6,1009.7,96.44170390257318
2024-08-21 03:00:00,25.0,1010.7,94.7583025301895
2024-08-21 06:00:00,30.0,1010.2,71.5698382304094
2024-08-21 09:00:00,30.0,1008.6,66.17996487728405
2024-08-21 12:00:00,25.6,1009.7,93.09525743190015
2024-08-21 15:00:00,24.4,1010.6,94.73534893450257
2024-08-21 18:00:00,24.6,1011.5,96.46779925124456
2024-08-21 21:00:00,24.8,1009.9,96.47298407847299
2024-08-22 00:00:00,24.0,1009.9,96.45217641736166
2024-08-22 03:00:00,26.4,1011.0,92.03168153578638
2024-08-22 06:00:00,28.6,1010.7,81.88293095675748
2024-08-22 09:00:00,30.6,1008.5,72.96898936310727
2024-08-22 12:00:00,28.4,1008.9,78.97572139747378
2024-08-22 18:00:00,26.4,1012.0,94.81128607168019
2024-08-22 21:00:00,25.7,1010.5,93.65884610336764
2024-08-23 00:00:00,25.8,1010.5,93.10518672866101
2024-08-23 03:00:00,26.8,1012.1,92.05438311051279
2024-08-23 06:00:00,30.2,1011.8,76.91200889831605
2024-08-23 09:00:00,30.5,1009.7,71.23149682785368
2024-08-23 12:00:00,28.4,1009.8,80.40588280898815
2024-08-23 15:00:00,27.0,1011.2,85.7087986323302
2024-08-23 18:00:00,26.2,1011.1,92.0202947964304
2024-08-23 21:00:00,25.6,1011.4,94.78110774663195
2024-08-24 00:00:00,25.4,1011.1,96.48847066905626
2024-08-24 03:00:00,26.8,1013.6,95.38933139322062
2024-08-24 06:00:00,29.8,1013.2,76.85229197010862
2024-08-24 09:00:00,30.4,1010.6,71.64060697493404
2024-08-24 12:00:00,29.6,1010.2,75.45996920875774
2024-08-24 15:00:00,27.4,1011.8,87.29619508920601
2024-08-24 18:00:00,26.4,1012.8,90.39836619855579
2024-08-24 21:00:00,26.0,1011.5,93.67255110424425
2024-08-25 00:00:00,25.6,1011.3,93.09525743190015
2024-08-25 03:00:00,27.4,1012.8,87.29619508920601
2024-08-25 06:00:00,31.2,1012.6,68.4404025650585
2024-08-25 09:00:00,31.0,1010.8,69.22506422320274
2024-08-25 12:00:00,29.4,1010.2,73.6429959001216
2024-08-25 15:00:00,27.2,1011.0,85.72845277885752
2024-08-25 18:00:00,26.6,1012.0,90.41194193154737
2024-08-25 21:00:00,26.0,1010.3,92.00888400052642
2024-08-26 00:00:00,25.6,1009.9,94.78110774663195
2024-08-26 03:00:00,28.0,1011.4,83.28921441559984
2024-08-26 06:00:00,30.6,1011.0,70.40290332892224
2024-08-26 09:00:00,31.0,1009.4,69.22506422320274
2024-08-26 12:00:00,29.2,1008.9,76.30480387190515
2024-08-26 15:00:00,27.0,1011.4,85.7087986323302
2024-08-26 18:00:00,27.0,1011.0,87.26088849314073
2024-08-26 21:00:00,26.0,1010.6,93.67255110424425
2024-08-27 00:00:00,25.8,1010.9,96.49873881355717
2024-08-27 03:00:00,27.2,1011.9,93.72693426762005
2024-08-27 06:00:00,30.4,1011.7,74.24982249791255
2024-08-27 09:00:00,30.4,1009.9,74.24982249791255
2024-08-27 12:00:00,29.6,1009.7,76.82235153000387
2024-08-27 15:00:00,27.4,1011.8,88.86871874139695
2024-08-27 18:00:00,27.0,1013.2,92.06569807815053
2024-08-27 21:00:00,27.0,1011.3,92.06569807815053
2024-08-28 00:00:00,25.0,1011.2,100.0
2024-08-28 03:00:00,26.8,1012.3,96.52421418955653
2024-08-28 06:00:00,28.4,1012.0,86.35566419509173
2024-08-28 09:00:00,29.6,1009.2,78.20620296447258
2024-08-28 12:00:00,29.2,1009.4,79.08600581526997
2024-08-28 15:00:00,27.0,1011.6,88.83751596451742
2024-08-28 18:00:00,26.6,1011.9,90.41194193154737
2024-08-28 21:00:00,26.6,1009.6,93.69982968596882
2024-08-29 00:00:00,26.4,1009.6,93.69075623120435
2024-08-29 03:00:00,28.0,1010.9,83.28921441559984
2024-08-29 06:00:00,30.6,1010.8,74.28243957799879
2024-08-29 09:00:00,30.4,1007.8,72.93500760473812
2024-08-29 12:00:00,29.6,1008.0,76.82235153000387
2024-08-29 15:00:00,27.2,1009.4,85.72845277885752
2024-08-29 18:00:00,25.8,1010.4,93.10518672866101
2024-08-29 21:00:00,26.0,1008.6,93.67255110424425
2024-08-30 00:00:00,25.1,1008.2,94.19522345691075
2024-08-30 03:00:00,24.6,1012.2,96.46779925124456
2024-08-30 06:00:00,26.6,1002.9,90.41194193154737
2024-08-30 09:00:00,25.6,1009.3,88.72729010944434
2024-08-30 12:00:00,25.8,1009.1,91.99744908137737
2024-08-30 15:00:00,25.2,1010.8,96.48331975462109
2024-08-30 18:00:00,25.0,1011.5,96.47815756865955
2024-08-30 21:00:00,25.0,1009.0,96.47815756865955
2024-08-31 00:00:00,25.0,1009.3,98.22526839673633
2024-08-31 03:00:00,25.8,1010.6,96.49873881355717
2024-08-31 06:00:00,29.4,1010.4,80.53536024141098
2024-08-31 09:00:00,29.0,1008.2,80.48371679996085
2024-08-31 12:00:00,28.0,1007.7,80.3537462205201
2024-08-31 15:00:00,26.8,1009.8,85.68910507577876
2024-08-31 18:00:00,25.4,1010.1,90.33006125111788
2024-08-31 21:00:00,25.2,1008.3,94.76592069291524
2024-09-01 00:00:00,24.8,1008.8,96.47298407847299
2024-09-01 03:00:00,26.6,1010.9,92.04304428506519
2024-09-01 09:00:00,28.4,1007.8,86.35566419509173
2024-09-01 12:00:00,28.2,1007.1,83.31179804309043
2024-09-01 15:00:00,25.6,1009.7,91.43570721258781
2024-09-01 18:00:00,25.6,1010.2,91.43570721258781
2024-09-01 21:00:00,25.4,1008.2,98.23050936880627
2024-09-02 00:00:00,25.0,1008.7,98.22526839673633
2024-09-02 03:00:00,25.4,1010.5,96.48847066905626
2024-09-02 06:00:00,30.0,1010.0,79.66535824918688
2024-09-02 09:00:00,29.2,1007.3,79.08600581526997
2024-09-02 12:00:00,29.2,1006.9,79.08600581526997
2024-09-02 15:00:00,26.6,1009.2,90.41194193154737
2024-09-02 21:00:00,25.0,1008.6,99.4053311336248
2024-09-03 00:00:00,25.0,1008.2,96.47815756865955
2024-09-03 03:00:00,24.2,1011.4,100.0
2024-09-03 06:00:00,28.2,1011.4,86.33689076158295
2024-09-03 09:00:00,30.0,1009.9,76.88217771852533
2024-09-03 15:00:00,26.8,1011.5,90.42548942576907
2024-09-03 18:00:00,26.0,1011.9,93.67255110424425
2024-09-03 21:00:00,26.0,1010.0,93.67255110424425
2024-09-04 00:00:00,26.0,1010.4,94.79622941585653
2024-09-04 03:00:00,26.6,1012.0,93.69982968596882
2024-09-04 06:00:00,30.4,1011.0,72.93500760473812
2024-09-04 09:00:00,31.2,1008.4,69.67698198453844
2024-09-04 12:00:00,28.8,1008.4,81.90716097068722
2024-09-04 15:00:00,27.4,1010.4,84.22401507730588
2024-09-04 18:00:00,26.4,1010.8,92.03168153578638
2024-09-04 21:00:00,26.0,1008.7,92.00888400052642
2024-09-05 00:00:00,25.4,1008.6,96.48847066905626
2024-09-05 03:00:00,26.4,1010.7,93.69075623120435
2024-09-05 06:00:00,27.4,1010.4,84.22401507730588
2024-09-05 09:00:00,31.8,1006.3,68.55505992605102
2024-09-05 12:00:00,29.8,1006.2,74.15162297941144
2024-09-05 15:00:00,27.0,1009.5,87.26088849314073
2024-09-05 18:00:00,26.0,1010.0,94.79622941585653
2024-09-05 21:00:00,25.2,1007.9,96.48331975462109
2024-09-06 00:00:00,25.2,1008.1,96.48331975462109
2024-09-06 03:00:00,27.4,1010.9,88.86871874139695
2024-09-06 06:00:00,29.4,1010.5,79.11344799319119
2024-09-06 09:00:00,30.4,1008.3,75.58532357148971
2024-09-06 15:00:00,27.0,1010.3,88.83751596451742
2024-09-06 21:00:00,26.2,1009.0,93.68166338882529
2024-09-07 00:00:00,25.4,1009.2,94.77352241613059
2024-09-07 03:00:00,27.0,1011.2,88.83751596451742
2024-09-07 06:00:00,31.0,1010.9,72.1742265807024
2024-09-07 09:00:00,30.2,1008.8,72.90096632227306
2024-09-07 12:00:00,29.6,1009.3,72.36298568854065
2024-09-07 15:00:00,27.2,1011.1,88.85313336738866
2024-09-07 18:00:00,26.8,1011.1,85.68910507577876
2024-09-07 21:00:00,26.6,1008.9,90.41194193154737
2024-09-08 00:00:00,26.0,1010.8,92.00888400052642
2024-09-08 03:00:00,27.4,1012.8,88.86871874139695
2024-09-08 06:00:00,30.0,1012.3,74.18441432342445
2024-09-08 09:00:00,30.6,1010.7,75.16951815872393
2024-09-08 12:00:00,29.0,1009.8,77.65543578652992
2024-09-08 15:00:00,26.0,1011.3,93.67255110424425
2024-09-08 18:00:00,25.8,1011.3,93.10518672866101
2024-09-08 21:00:00,25.4,1009.9,93.08530694612072
2024-09-09 00:00:00,25.2,1009.6,94.76592069291524
2024-09-09 03:00:00,26.2,1010.8,94.80376584735212
2024-09-09 06:00:00,29.5,1010.5,80.07208378565448
2024-09-09 09:00:00,29.6,1008.2,76.82235153000387
2024-09-09 12:00:00,29.0,1007.5,80.48371679996085
2024-09-09 15:00:00,27.2,1009.3,90.45250000428203
2024-09-09 18:00:00,26.8,1009.7,92.05438311051279
2024-09-09 21:00:00,26.4,1008.5,96.51405730461323
2024-09-10 00:00:00,24.6,1008.7,96.46779925124456
2024-09-10 03:00:00,27.0,1012.8,92.06569807815053
2024-09-10 06:00:00,31.0,1010.1,74.7889561009917
2024-09-10 09:00:00,31.0,1007.9,74.7889561009917
2024-09-10 12:00:00,29.4,1007.4,79.11344799319119
2024-09-10 15:00:00,28.0,1009.6,90.50618565208272
2024-09-10 18:00:00,25.8,1010.6,96.49873881355717
2024-09-10 21:00:00,25.8,1009.6,96.49873881355717
2024-09-11 00:00:00,24.6,1009.4,98.22000417681151
2024-09-11 03:00:00,26.6,1010.8,90.41194193154737
2024-09-11 06:00:00,30.2,1010.9,79.69205742002245
2024-09-11 09:00:00,28.0,1008.9,90.50618565208272
2024-09-11 12:00:00,28.2,1008.8,84.81254813644145
2024-09-11 15:00:00,26.6,1010.6,92.04304428506519
2024-09-11 18:00:00,26.4,1011.1,93.69075623120435
2024-09-11 21:00:00,26.0,1009.7,94.79622941585653
2024-09-12 00:00:00,25.0,1010.3,98.22526839673633
2024-09-12 03:00:00,25.8,1012.4,88.74313412721081
2024-09-12 06:00:00,30.6,1011.1,72.96898936310727
2024-09-12 09:00:00,31.6,1008.2,72.27808999036708
2024-09-12 12:00:00,29.6,1008.2,76.82235153000387
2024-09-12 15:00:00,27.2,1010.6,85.72845277885752
2024-09-12 18:00:00,26.8,1011.5,87.24318141227258
2024-09-12 21:00:00,26.0,1010.2,90.37112970835472
2024-09-13 00:00:00,25.8,1010.2,93.10518672866101
2024-09-13 03:00:00,27.2,1011.1,92.07698925377626
2024-09-13 06:00:00,31.4,1010.5,67.26247234040332
2024-09-13 09:00:00,32.0,1007.9,68.5931528079531
2024-09-13 21:00:00,26.4,1009.1,93.69075623120435
2024-09-14 00:00:00,26.4,1008.9,92.03168153578638
2024-09-14 03:00:00,27.6,1011.1,87.31379479213656
2024-09-14 06:00:00,29.8,1010.3,79.63860889063328
2024-09-14 09:00:00,29.8,1010.3,79.63860889063328
2024-09-14 12:00:00,30.4,1007.8,69.11197515651446
2024-09-14 15:00:00,27.2,1010.1,84.20248990010974
2024-09-14 18:00:00,26.6,1010.6,87.22543835052973
2024-09-14 21:00:00,25.6,1009.0,94.78110774663195
2024-09-15 00:00:00,25.0,1009.0,94.7583025301895
2024-09-15 03:00:00,26.6,1010.9,87.22543835052973
2024-09-15 06:00:00,30.6,1010.6,70.40290332892224
2024-09-15 09:00:00,31.4,1007.8,67.26247234040332
2024-09-15 12:00:00,30.4,1007.7,72.93500760473812
2024-09-15 15:00:00,27.2,1010.4,84.20248990010974
2024-09-15 18:00:00,26.8,1011.1,90.42548942576907
2024-09-15 21:00:00,26.8,1009.5,90.42548942576907
2024-09-16 00:00:00,25.6,1009.7,96.49361034454672
2024-09-16 03:00:00,26.0,1011.1,96.503856108436
2024-09-16 06:00:00,30.6,1010.2,74.28243957799879
2024-09-16 09:00:00,31.0,1008.2,73.47141965449843
2024-09-16 12:00:00,30.2,1008.1,71.60525312499601
2024-09-16 15:00:00,27.4,1011.0,87.29619508920601
2024-09-16 18:00:00,26.2,1011.3,90.38476214988123
2024-09-16 21:00:00,25.8,1009.9,91.99744908137737
2024-09-17 00:00:00,25.2,1009.8,94.76592069291524
2024-09-17 03:00:00,27.4,1011.0,84.22401507730588
2024-09-17 06:00:00,31.6,1010.0,67.30181208332723
2024-09-17 09:00:00,32.0,1007.6,65.01074996458017
2024-09-17 12:00:00,30.0,1007.3,72.866865390855
2024-09-17 15:00:00,27.2,1009.5,85.72845277885752
2024-09-17 18:00:00,26.4,1010.0,88.79047072518293
2024-09-17 21:00:00,25.6,1007.6,94.78110774663195
2024-09-18 00:00:00,25.2,1008.2,93.07533521182425
2024-09-18 03:00:00,27.2,1009.4,85.72845277885752
2024-09-18 06:00:00,32.2,1008.1,63.89578539017188
2024-09-18 09:00:00,32.0,1006.1,62.71443976755974
2024-09-18 12:00:00,30.4,1006.0,67.87721438855921
2024-09-18 15:00:00,27.0,1008.1,85.7087986323302
2024-09-18 18:00:00,26.0,1009.1,90.37112970835472
2024-09-18 21:00:00,25.2,1008.2,93.07533521182425
2024-09-19 00:00:00,25.0,1008.2,93.06534216930645
2024-09-19 03:00:00,25.8,1010.0,94.78867673105134
2024-09-19 06:00:00,31.4,1009.2,66.06520314217083
2024-09-19 09:00:00,31.8,1007.1,64.96944081021161
2024-09-19 12:00:00,30.0,1006.8,71.5698382304094
2024-09-19 15:00:00,28.0,1009.2,84.79181717750924
2024-09-19 18:00:00,27.0,1010.2,92.06569807815053
2024-09-19 21:00:00,27.0,1008.8,92.06569807815053
2024-09-20 00:00:00,25.0,1008.3,91.39891921824884
2024-09-20 03:00:00,27.2,1009.6,88.85313336738866
2024-09-20 06:00:00,30.8,1009.3,69.18743090524858
2024-09-20 09:00:00,31.4,1006.8,62.20792223032527
2024-09-20 12:00:00,28.8,1007.4,73.54252536250394
2024-09-20 15:00:00,26.8,1009.9,85.68910507577876
2024-09-20 18:00:00,25.8,1010.1,90.35746879655075
2024-09-20 21:00:00,25.2,1008.4,93.07533521182425
2024-09-21 00:00:00,24.8,1008.2,93.05532775865673
2024-09-21 03:00:00,27.2,1010.5,84.20248990010974
2024-09-21 06:00:00,31.0,1009.7,65.58856385714532
2024-09-21 09:00:00,31.8,1006.9,64.96944081021161
2024-09-21 12:00:00,30.0,1006.6,74.18441432342445
2024-09-21 15:00:00,27.4,1009.3,85.74806761675889
2024-09-21 18:00:00,27.0,1010.2,90.43900875787912
2024-09-21 21:00:00,27.0,1008.1,90.43900875787912
2024-09-22 00:00:00,25.4,1008.0,91.42347038708563
2024-09-22 03:00:00,27.6,1010.0,82.7470419948832
2024-09-22 06:00:00,30.8,1008.9,66.74179537984483
2024-09-22 09:00:00,30.4,1007.1,71.64060697493404
2024-09-22 12:00:00,28.4,1006.8,77.56787120852722
2024-09-22 15:00:00,26.4,1008.7,88.79047072518293
2024-09-22 18:00:00,25.0,1009.5,94.7583025301895
2024-09-22 21:00:00,24.6,1008.0,98.22000417681151
2024-09-23 00:00:00,24.6,1007.9,98.22000417681151
2024-09-23 03:00:00,25.6,1009.4,98.23312117951836
2024-09-23 06:00:00,28.8,1008.8,81.90716097068722
2024-09-23 09:00:00,30.2,1006.9,67.83823315041917
2024-09-23 12:00:00,28.6,1006.9,73.50891633549199
2024-09-23 15:00:00,26.0,1009.0,87.17199233244091
2024-09-23 18:00:00,25.0,1009.0,93.06534216930645
2024-09-23 21:00:00,24.4,1007.2,91.36189759637527
2024-09-24 00:00:00,24.0,1007.2,93.01505522924245
2024-09-24 03:00:00,26.6,1009.2,85.66937200749226
2024-09-24 06:00:00,29.4,1009.1,83.4463778105949
2024-09-24 09:00:00,31.0,1006.6,70.89711040322032
2024-09-24 12:00:00,28.8,1006.5,76.24353220041739
2024-09-24 15:00:00,26.8,1008.2,90.42548942576907
2024-09-24 18:00:00,26.0,1009.0,90.37112970835472
2024-09-24 21:00:00,25.8,1007.3,91.99744908137737
2024-09-25 00:00:00,25.2,1007.3,96.48331975462109
2024-09-25 03:00:00,26.8,1008.9,90.42548942576907
2024-09-25 06:00:00,28.5,1008.6,85.8552510852675
2024-09-25 09:00:00,31.5,1006.3,70.56662039752663
2024-09-25 12:00:00,30.2,1006.2,71.60525312499601
2024-09-25 15:00:00,26.8,1008.4,85.68910507577876
2024-09-25 18:00:00,26.0,1008.5,92.00888400052642
2024-09-25 21:00:00,25.4,1006.9,94.77352241613059
2024-09-26 00:00:00,24.6,1006.6,94.74301669819423
2024-09-26 03:00:00,26.5,1008.8,88.26830568436819
2024-09-26 06:00:00,30.7,1008.3,70.00144689519439
2024-09-26 09:00:00,32.2,1005.8,67.82126335429727
2024-09-26 12:00:00,29.4,1006.8,74.97860136800087
2024-09-26 15:00:00,27.2,1008.4,79.76628914637874
2024-09-26 18:00:00,26.2,1009.5,90.38476214988123
2024-09-26 21:00:00,25.4,1007.7,91.42347038708563
2024-09-27 00:00:00,25.2,1008.5,93.07533521182425
2024-09-27 03:00:00,26.6,1010.1,90.41194193154737
2024-09-27 06:00:00,30.0,1010.3,74.18441432342445
2024-09-27 09:00:00,32.5,1007.8,66.28667483578764
2024-09-27 12:00:00,30.4,1007.5,69.11197515651446
2024-09-27 15:00:00,27.4,1009.6,84.22401507730588
2024-09-27 18:00:00,26.6,1010.4,85.66937200749226
2024-09-27 21:00:00,26.2,1008.5,90.38476214988123
2024-09-28 00:00:00,25.2,1008.5,91.41120774609278
2024-09-28 03:00:00,27.1,1010.8,83.68805587635393
2024-09-28 06:00:00,33.2,1009.7,61.12216416914973
2024-09-28 09:00:00,31.0,1007.0,69.22506422320274
2024-09-28 12:00:00,25.2,1007.9,96.48331975462109
2024-09-28 15:00:00,25.4,1009.7,94.77352241613059
2024-09-28 18:00:00,25.8,1010.5,94.78867673105134
2024-09-28 21:00:00,25.4,1007.9,94.77352241613059
2024-09-29 03:00:00,26.4,1010.8,92.03168153578638
2024-09-29 06:00:00,32.8,1009.5,63.26317222090716
2024-09-29 09:00:00,32.0,1007.1,71.07626571001893
2024-09-29 12:00:00,26.5,1007.8,97.66575385837363
2024-09-29 15:00:00,25.8,1010.6,94.78867673105134
2024-09-29 18:00:00,26.0,1010.9,92.00888400052642
2024-09-29 21:00:00,25.4,1009.3,96.48847066905626
2024-09-30 00:00:00,24.2,1009.2,96.45739545380262
2024-09-30 03:00:00,26.0,1011.0,94.79622941585653
2024-09-30 06:00:00,31.2,1010.2,69.67698198453844
2024-09-30 09:00:00,31.6,1007.1,68.51690400466761
2024-09-30 12:00:00,28.2,1006.9,80.37983931978188
2024-09-30 15:00:00,27.6,1009.4,87.31379479213656
2024-09-30 18:00:00,26.5,1009.7,93.13977325801062
2024-09-30 21:00:00,25.7,1007.9,94.22039828376217
2024-10-01 00:00:00,25.2,1007.9,96.48331975462109
2024-10-01 03:00:00,27.2,1009.9,92.07698925377626
2024-10-01 06:00:00,31.0,1009.3,72.1742265807024
2024-10-01 09:00:00,29.0,1007.2,83.40169277956687
2024-10-01 12:00:00,26.7,1006.8,89.3461348206972
2024-10-01 15:00:00,26.6,1009.5,90.41194193154737
2024-10-01 18:00:00,26.4,1010.2,92.03168153578638
2024-10-01 21:00:00,26.0,1008.7,92.00888400052642
2024-10-02 00:00:00,25.4,1009.2,96.48847066905626
2024-10-02 03:00:00,26.8,1011.4,98.24867165262664
2024-10-02 06:00:00,26.8,1011.3,96.52421418955653
2024-10-02 09:00:00,28.6,1008.3,86.37440005285019
2024-10-02 12:00:00,26.8,1008.8,93.70888380751718
2024-10-02 15:00:00,25.5,1011.0,94.21202471027594
2024-10-02 18:00:00,25.4,1011.8,96.48847066905626
2024-10-02 21:00:00,25.2,1010.0,96.48331975462109
2024-10-03 00:00:00,23.6,1010.4,98.20674101429967
2024-10-03 03:00:00,25.4,1012.1,96.48847066905626
2024-10-03 06:00:00,30.2,1011.3,78.29124418971334
2024-10-03 09:00:00,30.8,1007.5,70.43939306440934
2024-10-03 12:00:00,30.0,1007.5,75.5227593496699
2024-10-03 15:00:00,27.0,1011.0,90.43900875787912
2024-10-03 18:00:00,26.2,1011.3,92.0202947964304
2024-10-03 21:00:00,25.8,1009.6,96.49873881355717
2024-10-04 00:00:00,25.6,1009.2,96.49361034454672
2024-10-04 03:00:00,27.4,1011.4,93.73593071403404
2024-10-04 06:00:00,29.4,1011.0,83.4463778105949
2024-10-04 09:00:00,31.0,1008.5,76.1271052167908
2024-10-04 12:00:00,30.0,1007.8,75.5227593496699
2024-10-04 15:00:00,27.4,1010.4,87.29619508920601
2024-10-04 18:00:00,25.2,1010.2,94.76592069291524
2024-10-04 21:00:00,25.0,1009.9,96.47815756865955
2024-10-05 00:00:00,25.0,1009.7,96.47815756865955
2024-10-05 03:00:00,26.0,1011.0,96.503856108436
2024-10-05 06:00:00,30.4,1010.9,76.94178563223718
2024-10-05 09:00:00,31.0,1008.4,73.47141965449843
2024-10-05 12:00:00,29.8,1008.3,76.85229197010862
2024-10-05 15:00:00,27.4,1010.7,90.46596324112937
2024-10-05 18:00:00,26.6,1011.0,94.8187901348208
2024-10-05 21:00:00,26.0,1009.3,96.503856108436
2024-10-06 00:00:00,25.6,1008.9,96.49361034454672
2024-10-06 03:00:00,27.6,1010.7,88.88427217188078
2024-10-06 06:00:00,30.4,1010.9,75.58532357148971
2024-10-06 09:00:00,31.0,1008.1,69.22506422320274
2024-10-06 12:00:00,28.6,1008.0,83.35683314726084
2024-10-06 15:00:00,27.0,1010.8,88.83751596451742
2024-10-06 18:00:00,25.8,1011.4,94.78867673105134
2024-10-06 21:00:00,23.8,1010.0,100.0
2024-10-07 00:00:00,23.5,1009.5,97.61350874660357
2024-10-07 03:00:00,24.6,1013.4,98.22000417681151
2024-10-07 06:00:00,27.2,1012.5,82.70035172790627
2024-10-07 09:00:00,28.8,1009.9,73.54252536250394
2024-10-07 12:00:00,26.8,1010.4,84.15931168305403
2024-10-07 15:00:00,25.0,1012.2,98.22526839673633
2024-10-07 18:00:00,24.8,1011.4,96.47298407847299
2024-10-07 21:00:00,24.8,1010.2,96.47298407847299
2024-10-08 00:00:00,24.4,1010.5,96.4626030540391
2024-10-08 03:00:00,26.8,1012.7,93.70888380751718
2024-10-08 06:00:00,31.0,1011.9,66.78169156880611
2024-10-08 09:00:00,32.0,1009.3,71.07626571001893
2024-10-08 12:00:00,30.099999999999998,1008.5,75.7280525149004
2024-10-08 15:00:00,28.2,1011.0,80.37983931978188
2024-10-08 18:00:00,27.0,1011.3,93.71791865005993
2024-10-08 21:00:00,26.2,1009.5,93.68166338882529
2024-10-09 00:00:00,25.8,1009.1,96.49873881355717
2024-10-09 03:00:00,27.6,1011.0,82.7470419948832
2024-10-09 06:00:00,32.6,1010.0,59.54003872035679
2024-10-09 09:00:00,26.6,1008.6,85.66937200749226
2024-10-09 12:00:00,26.8,1007.9,93.70888380751718
2024-10-09 15:00:00,25.8,1010.0,93.10518672866101
2024-10-09 18:00:00,24.4,1010.3,96.4626030540391
2024-10-09 21:00:00,24.4,1009.0,96.4626030540391
2024-10-10 00:00:00,24.0,1008.9,98.2120639566388
2024-10-10 03:00:00,25.8,1010.9,87.15410439808417
2024-10-10 06:00:00,29.8,1010.3,71.53436216643706
2024-10-10 09:00:00,29.4,1007.6,69.76029011528094
2024-10-10 12:00:00,27.6,1007.4,79.81995065848324
2024-10-10 15:00:00,26.5,1009.8,88.26830568436819
2024-10-10 18:00:00,25.4,1009.3,90.33006125111788
2024-10-10 21:00:00,24.8,1007.7,84.97083781729286
2024-10-11 00:00:00,24.8,1008.0,91.38660473195172
2024-10-11 03:00:00,26.5,1010.2,88.26830568436819
2024-10-11 06:00:00,28.4,1009.6,78.97572139747378
2024-10-11 09:00:00,26.2,1007.4,94.80376584735212
2024-10-11 12:00:00,24.4,1007.5,96.4626030540391
2024-10-11 15:00:00,24.2,1010.4,98.21471657176035
2024-10-11 18:00:00,24.0,1010.4,98.2120639566388
2024-10-11 21:00:00,23.8,1009.0,98.20940544330021
2024-10-12 00:00:00,23.8,1008.9,89.67100396425253
2024-10-12 03:00:00,24.6,1010.8,96.46779925124456
2024-10-12 06:00:00,30.4,1009.9,70.36635155961307
2024-10-12 09:00:00,31.4,1007.1,61.46058919410133
2024-10-12 12:00:00,28.4,1007.3,74.81792523943739
2024-10-12 15:00:00,26.2,1009.6,88.7747243479242
2024-10-12 18:00:00,25.8,1010.1,90.35746879655075
2024-10-12 21:00:00,25.2,1008.8,93.07533521182425
2024-10-13 00:00:00,24.8,1009.5,93.05532775865673
2024-10-13 03:00:00,26.4,1010.6,87.207659213301
2024-10-13 06:00:00,31.6,1009.9,64.9280664556721
2024-10-13 09:00:00,31.5,1007.5,65.6906679309729
2024-10-13 12:00:00,28.8,1007.6,74.88236905493878
2024-10-13 15:00:00,26.4,1009.8,87.207659213301
2024-10-13 18:00:00,25.8,1010.0,88.74313412721081
2024-10-13 21:00:00,25.8,1008.5,91.99744908137737
2024-10-14 00:00:00,24.8,1008.2,88.12759322404811
2024-10-14 03:00:00,26.0,1010.9,90.37112970835472
2024-10-14 06:00:00,30.4,1010.4,66.66180868247822
2024-10-14 09:00:00,29.4,1007.8,72.32825969825754
2024-10-14 12:00:00,28.4,1007.9,77.56787120852722
2024-10-14 15:00:00,27.2,1010.2,85.72845277885752
2024-10-14 18:00:00,26.4,1010.5,88.79047072518293
2024-10-14 21:00:00,25.5,1008.4,89.79488939225725
2024-10-15 00:00:00,25.0,1008.6,93.06534216930645
2024-10-15 03:00:00,26.5,1010.7,88.26830568436819
2024-10-15 06:00:00,30.0,1010.4,74.18441432342445
2024-10-15 09:00:00,30.4,1007.8,66.66180868247822
2024-10-15 12:00:00,28.4,1007.4,80.40588280898815
2024-10-15 15:00:00,27.2,1009.9,87.27855968744687
2024-10-15 18:00:00,26.4,1010.5,88.79047072518293
2024-10-15 21:00:00,26.0,1008.5,92.00888400052642
2024-10-16 00:00:00,25.8,1008.6,93.10518672866101
2024-10-16 03:00:00,27.6,1010.8,85.767643247121
2024-10-16 06:00:00,29.4,1010.1,76.33535606218936
2024-10-16 09:00:00,30.6,1007.6,69.14973459026399
2024-10-16 12:00:00,29.2,1007.6,72.29347307388345
2024-10-16 15:00:00,26.6,1009.8,87.22543835052973
2024-10-16 18:00:00,25.4,1010.6,90.33006125111788
2024-10-16 21:00:00,24.8,1008.4,91.38660473195172
2024-10-17 00:00:00,24.5,1008.6,95.8868298976468
2024-10-17 03:00:00,26.8,1010.2,85.68910507577876
2024-10-17 06:00:00,31.8,1009.7,63.81127171847181
2024-10-17 09:00:00,31.8,1007.5,67.34108781459214
2024-10-17 12:00:00,30.4,1007.7,74.24982249791255
2024-10-17 15:00:00,27.8,1009.1,78.41909711972701
2024-10-17 18:00:00,27.0,1009.6,92.06569807815053
2024-10-17 21:00:00,26.2,1008.6,93.68166338882529
2024-10-18 00:00:00,25.4,1008.2,94.77352241613059
2024-10-18 03:00:00,27.4,1010.2,92.08825670296545
2024-10-18 06:00:00,31.8,1010.1,63.81127171847181
2024-10-18 09:00:00,30.0,1007.5,76.88217771852533
2024-10-18 12:00:00,29.8,1008.1,78.23460259362332
2024-10-18 15:00:00,28.0,1010.5,84.79181717750924
2024-10-18 18:00:00,27.0,1010.9,87.26088849314073
2024-10-18 21:00:00,25.8,1009.5,91.99744908137737
2024-10-19 00:00:00,24.5,1010.1,99.40311256573726
2024-10-19 03:00:00,26.0,1012.0,90.37112970835472
2024-10-19 06:00:00,30.8,1011.3,71.71113203855039
2024-10-19 09:00:00,30.2,1008.1,67.83823315041917
2024-10-19 12:00:00,28.2,1008.1,81.83433063230953
2024-10-19 15:00:00,27.2,1010.5,85.72845277885752
2024-10-19 18:00:00,26.4,1011.0,92.03168153578638
2024-10-19 21:00:00,25.8,1009.9,93.10518672866101
2024-10-20 00:00:00,25.4,1010.4,96.48847066905626
2024-10-20 03:00:00,26.8,1012.1,90.42548942576907
2024-10-20 06:00:00,31.4,1011.4,69.71409411644107
2024-10-20 09:00:00,29.6,1008.8,76.82235153000387
2024-10-20 12:00:00,28.8,1008.9,81.90716097068722
2024-10-20 15:00:00,27.6,1010.8,88.88427217188078
2024-10-20 18:00:00,26.4,1011.3,92.03168153578638
2024-10-20 21:00:00,26.0,1010.0,93.67255110424425
2024-10-21 00:00:00,25.6,1010.2,96.49361034454672
2024-10-21 03:00:00,27.6,1011.7,85.767643247121
2024-10-21 06:00:00,31.8,1011.1,69.78813164326573
2024-10-21 09:00:00,31.4,1008.9,72.24352874821913
2024-10-21 12:00:00,29.4,1008.7,79.11344799319119
2024-10-21 15:00:00,27.8,1010.6,85.78717977072007
2024-10-21 18:00:00,27.0,1011.4,90.43900875787912
2024-10-21 21:00:00,25.8,1009.8,94.78867673105134
2024-10-22 00:00:00,25.4,1010.4,94.77352241613059
2024-10-22 03:00:00,27.8,1012.2,88.89979374390309
2024-10-22 06:00:00,32.4,1011.1,66.6618617053601
2024-10-22 09:00:00,30.0,1008.9,70.29306142592459
2024-10-22 12:00:00,29.0,1008.4,77.65543578652992
2024-10-22 15:00:00,27.8,1011.3,87.33135888966177
2024-10-22 18:00:00,27.0,1011.8,87.26088849314073
2024-10-22 21:00:00,26.2,1010.2,90.38476214988123
2024-10-23 00:00:00,25.4,1009.7,94.77352241613059
2024-10-23 03:00:00,27.0,1011.5,90.43900875787912
2024-10-23 06:00:00,31.5,1011.0,69.31887270302643
2024-10-23 09:00:00,30.0,1008.4,75.5227593496699
2024-10-23 12:00:00,27.5,1009.8,83.73234961805122
2024-10-23 15:00:00,25.8,1012.2,93.10518672866101
2024-10-23 18:00:00,24.6,1011.8,98.22000417681151
2024-10-23 21:00:00,24.6,1010.1,98.22000417681151
2024-10-24 00:00:00,24.6,1010.0,98.22000417681151
2024-10-24 03:00:00,26.2,1011.7,98.24092211346162
2024-10-24 06:00:00,27.4,1012.1,88.86871874139695
2024-10-24 09:00:00,29.6,1008.7,78.20620296447258
2024-10-24 12:00:00,27.8,1009.4,85.78717977072007
2024-10-24 15:00:00,25.6,1011.2,98.23312117951836
2024-10-24 18:00:00,25.2,1011.4,96.48331975462109
2024-10-24 21:00:00,25.2,1009.3,96.48331975462109
2024-10-25 00:00:00,24.8,1009.1,98.2226392013117
2024-10-25 03:00:00,24.6,1012.3,98.22000417681151
2024-10-25 06:00:00,24.6,1014.0,98.22000417681151
2024-10-25 09:00:00,24.8,1009.8,96.47298407847299
2024-10-25 12:00:00,25.4,1010.0,94.77352241613059
2024-10-25 15:00:00,24.6,1012.0,96.46779925124456
2024-10-25 18:00:00,24.4,1011.7,98.21736330604563
2024-10-25 21:00:00,24.4,1010.2,98.21736330604563
2024-10-26 00:00:00,24.0,1010.2,98.2120639566388
2024-10-26 03:00:00,26.0,1012.7,94.79622941585653
2024-10-26 06:00:00,28.0,1012.0,83.28921441559984
2024-10-26 09:00:00,28.4,1009.2,81.85865421535438
2024-10-26 12:00:00,27.8,1009.6,81.29701074620921
2024-10-26 15:00:00,26.2,1011.7,92.0202947964304
2024-10-26 18:00:00,25.2,1011.8,96.48331975462109
2024-10-27 00:00:00,24.4,1009.3,98.21736330604563
2024-10-27 03:00:00,26.0,1011.7,92.00888400052642
2024-10-27 06:00:00,29.4,1011.3,77.71354294293734
2024-10-27 09:00:00,31.2,1007.4,66.82152314124305
2024-10-27 12:00:00,28.6,1008.0,76.21281246926864
2024-10-27 15:00:00,26.8,1009.9,90.42548942576907
2024-10-27 18:00:00,25.6,1009.7,93.09525743190015
2024-10-27 21:00:00,25.0,1008.1,94.7583025301895
2024-10-28 00:00:00,24.6,1008.1,94.74301669819423
2024-10-28 03:00:00,27.4,1010.5,84.22401507730588
2024-10-28 06:00:00,31.8,1009.9,64.96944081021161
2024-10-28 09:00:00,32.0,1006.7,68.5931528079531
2024-10-28 12:00:00,29.4,1007.5,76.33535606218936
2024-10-28 15:00:00,27.8,1010.6,82.77031896665545
2024-10-28 18:00:00,26.4,1010.1,85.64959932544602
2024-10-28 21:00:00,25.4,1008.4,91.42347038708563
2024-10-29 00:00:00,25.0,1008.9,93.06534216930645
2024-10-29 03:00:00,26.8,1011.1,90.42548942576907
2024-10-29 06:00:00,31.0,1010.7,70.89711040322032
2024-10-29 09:00:00,31.8,1008.3,66.14596424716504
2024-10-29 12:00:00,29.9,1008.2,75.05839983390833
2024-10-29 15:00:00,27.4,1010.4,84.22401507730588
2024-10-29 18:00:00,26.4,1010.4,88.79047072518293
2024-10-29 21:00:00,26.0,1008.6,92.00888400052642
2024-10-30 00:00:00,24.8,1009.1,94.75066788099174
2024-10-30 03:00:00,27.0,1011.5,87.26088849314073
2024-10-30 06:00:00,32.8,1010.8,62.13958951433999
2024-10-30 09:00:00,32.0,1008.2,68.5931528079531
2024-10-30 12:00:00,30.5,1008.1,76.50240262634438
2024-10-30 15:00:00,28.2,1010.6,84.81254813644145
2024-10-30 18:00:00,27.6,1011.0,87.31379479213656
2024-10-30 21:00:00,27.0,1009.8,90.43900875787912
2024-10-31 00:00:00,26.4,1009.6,92.03168153578638
2024-10-31 03:00:00,28.0,1011.5,88.91528354225218
2024-10-31 06:00:00,30.6,1011.4,74.28243957799879
2024-10-31 09:00:00,29.4,1008.8,80.53536024141098
2024-10-31 12:00:00,28.2,1009.1,86.33689076158295
2024-10-31 15:00:00,26.2,1011.5,94.80376584735212
2024-10-31 18:00:00,26.2,1011.7,93.68166338882529
2024-10-31 21:00:00,24.6,1010.9,98.22000417681151
2024-11-01 00:00:00,23.8,1010.2,98.20940544330021
2024-11-01 03:00:00,25.0,1012.5,94.7583025301895
2024-11-01 06:00:00,32.0,1011.9,71.07626571001893
2024-11-01 09:00:00,31.0,1009.3,70.89711040322032
2024-11-01 12:00:00,25.8,1010.3,88.74313412721081
2024-11-01 15:00:00,25.4,1012.4,91.42347038708563
2024-11-01 18:00:00,25.4,1012.3,93.08530694612072
2024-11-01 21:00:00,25.4,1011.1,93.08530694612072
2024-11-02 00:00:00,24.6,1010.4,96.46779925124456
2024-11-02 03:00:00,26.2,1012.7,93.68166338882529
2024-11-02 06:00:00,30.2,1012.3,66.22048006651374
2024-11-02 09:00:00,26.8,1010.2,92.05438311051279
2024-11-02 12:00:00,25.0,1011.5,98.22526839673633
2024-11-02 15:00:00,24.0,1011.9,98.2120639566388
2024-11-02 18:00:00,24.6,1012.2,93.04529191975669
2024-11-02 21:00:00,24.0,1009.5,98.2120639566388
2024-11-03 00:00:00,23.2,1010.5,100.0
2024-11-03 03:00:00,25.8,1012.7,96.49873881355717
2024-11-03 06:00:00,29.4,1012.5,76.33535606218936
2024-11-03 09:00:00,28.2,1009.7,87.36638064071765
2024-11-03 12:00:00,27.4,1009.9,92.08825670296545
2024-11-03 15:00:00,25.8,1012.0,93.10518672866101
2024-11-03 18:00:00,25.8,1012.4,94.78867673105134
2024-11-03 21:00:00,24.8,1010.4,96.47298407847299
2024-11-04 00:00:00,24.4,1010.0,96.4626030540391
2024-11-04 03:00:00,26.0,1011.9,90.37112970835472
2024-11-04 06:00:00,30.6,1011.3,72.96898936310727
2024-11-04 09:00:00,24.0,1008.8,96.45217641736166
2024-11-04 12:00:00,25.2,1008.7,96.48331975462109
2024-11-04 15:00:00,25.0,1011.4,94.7583025301895
2024-11-04 18:00:00,24.8,1011.5,94.75066788099174
2024-11-04 21:00:00,24.2,1009.8,94.7276645424548
2024-11-05 00:00:00,23.6,1009.8,96.44170390257318
2024-11-05 03:00:00,25.0,1012.3,94.7583025301895
2024-11-05 06:00:00,30.6,1011.5,71.67589990470815
2024-11-05 09:00:00,31.4,1008.8,68.47868492425357
2024-11-05 12:00:00,21.0,1010.6,100.0
2024-11-05 15:00:00,22.6,1012.1,98.19332951927944
2024-11-05 18:00:00,22.6,1011.8,98.19332951927944
2024-11-05 21:00:00,22.8,1010.7,98.19602379052384
2024-11-06 00:00:00,23.0,1010.8,98.19871205791138
2024-11-06 03:00:00,25.0,1013.0,96.47815756865955
2024-11-06 06:00:00,31.2,1012.1,72.20890765279174
2024-11-06 09:00:00,31.2,1009.2,70.93306375697343
2024-11-06 12:00:00,29.6,1009.1,75.45996920875774
2024-11-06 15:00:00,26.0,1011.6,88.7589455109383
2024-11-06 18:00:00,25.6,1011.6,90.34377933678581
2024-11-06 21:00:00,25.2,1010.0,93.07533521182425
2024-11-07 00:00:00,25.2,1010.5,94.76592069291524
2024-11-07 03:00:00,26.4,1012.6,92.03168153578638
2024-11-07 06:00:00,31.4,1011.0,68.47868492425357
2024-11-07 09:00:00,31.6,1008.6,67.30181208332723
2024-11-07 12:00:00,30.0,1008.7,75.5227593496699
2024-11-07 15:00:00,28.2,1011.2,84.81254813644145
2024-11-07 18:00:00,27.6,1011.7,90.47939854432097
2024-11-07 21:00:00,25.4,1009.9,98.23050936880627
2024-11-08 00:00:00,25.2,1009.9,96.48331975462109
2024-11-08 03:00:00,26.8,1011.9,93.70888380751718
2024-11-08 06:00:00,30.8,1011.8,71.71113203855039
2024-11-08 09:00:00,25.6,1009.4,98.23312117951836
2024-11-08 12:00:00,25.0,1010.1,98.22526839673633
2024-11-08 15:00:00,24.8,1011.1,96.47298407847299
2024-11-08 18:00:00,25.4,1011.9,91.42347038708563
2024-11-08 21:00:00,24.8,1010.1,96.47298407847299
2024-11-09 00:00:00,24.2,1009.6,96.45739545380262
2024-11-09 03:00:00,25.8,1011.4,91.99744908137737
2024-11-09 06:00:00,31.0,1011.1,72.1742265807024
2024-11-09 09:00:00,31.2,1008.8,73.50477620307173
2024-11-09 12:00:00,29.6,1009.0,79.6118092261478
2024-11-09 15:00:00,27.8,1011.6,85.78717977072007
2024-11-09 18:00:00,26.2,1011.7,93.68166338882529
2024-11-09 21:00:00,25.4,1010.1,96.48847066905626
2024-11-10 00:00:00,24.4,1009.9,96.4626030540391
2024-11-10 03:00:00,26.0,1011.8,93.67255110424425
2024-11-10 06:00:00,31.2,1010.8,70.93306375697343
2024-11-10 09:00:00,31.8,1007.7,74.91652960815853
2024-11-10 12:00:00,30.0,1008.3,83.5130798716472
2024-11-10 15:00:00,27.4,1011.1,84.22401507730588
2024-11-10 18:00:00,26.0,1011.4,92.00888400052642
2024-11-10 21:00:00,25.8,1009.4,93.10518672866101
2024-11-11 00:00:00,24.4,1009.7,100.0
2024-11-11 03:00:00,27.2,1011.7,85.72845277885752
2024-11-11 06:00:00,31.4,1010.4,73.53807422593974
2024-11-11 09:00:00,32.0,1007.9,84.21887731452384
2024-11-11 12:00:00,30.0,1007.6,88.03501822943302
2024-11-11 15:00:00,27.8,1010.2,90.49280598950578
2024-11-11 18:00:00,26.4,1010.9,94.81128607168019
2024-11-11 21:00:00,25.4,1009.1,94.77352241613059
2024-11-12 00:00:00,24.8,1009.0,96.47298407847299
2024-11-12 03:00:00,26.8,1010.9,87.24318141227258
2024-11-12 06:00:00,30.0,1010.3,81.08968974474207
2024-11-12 09:00:00,31.8,1007.2,85.67307156552697
2024-11-12 12:00:00,29.5,1007.0,89.03045273020926
2024-11-12 15:00:00,28.0,1009.5,92.12191734434786
2024-11-12 18:00:00,26.6,1009.2,92.04304428506519
2024-11-12 21:00:00,26.0,1007.3,94.79622941585653
2024-11-13 00:00:00,25.0,1006.7,96.47815756865955
2024-11-13 03:00:00,27.2,1009.3,87.27855968744687
2024-11-13 06:00:00,33.0,1008.3,59.989879094366785
2024-11-13 09:00:00,32.8,1005.7,61.03350741643827
2024-11-13 12:00:00,30.0,1006.1,70.29306142592459
2024-11-13 15:00:00,28.2,1008.4,86.33689076158295
2024-11-13 18:00:00,25.8,1009.2,98.23572722928968
2024-11-13 21:00:00,25.4,1007.1,96.48847066905626
2024-11-14 00:00:00,25.0,1007.8,98.22526839673633
2024-11-14 03:00:00,25.6,1010.5,96.49361034454672
2024-11-14 06:00:00,31.0,1010.4,67.99377352527183
2024-11-14 09:00:00,31.8,1007.4,69.78813164326573
2024-11-14 12:00:00,26.4,1008.2,88.79047072518293
2024-11-14 15:00:00,26.0,1011.4,94.79622941585653
2024-11-14 18:00:00,25.6,1010.8,91.98598997205917
2024-11-14 21:00:00,25.4,1009.0,93.08530694612072
2024-11-15 00:00:00,25.4,1009.4,98.23050936880627
2024-11-15 03:00:00,25.6,1012.0,98.23312117951836
2024-11-15 06:00:00,26.0,1011.0,96.503856108436
2024-11-15 09:00:00,28.0,1008.2,87.34888747491027
2024-11-15 12:00:00,28.4,1008.1,83.33433758376981
2024-11-15 15:00:00,26.4,1010.7,92.03168153578638
2024-11-15 18:00:00,26.4,1010.4,93.69075623120435
2024-11-15 21:00:00,25.6,1008.5,96.49361034454672
2024-11-16 00:00:00,25.4,1008.4,94.77352241613059
2024-11-16 03:00:00,26.0,1010.9,94.79622941585653
2024-11-16 06:00:00,27.2,1010.5,92.07698925377626
2024-11-16 09:00:00,30.2,1007.2,75.55406963834521
2024-11-16 12:00:00,28.0,1006.7,87.34888747491027
2024-11-16 15:00:00,26.5,1009.5,93.13977325801062
2024-11-16 18:00:00,26.2,1009.7,93.68166338882529
2024-11-16 21:00:00,26.0,1007.7,94.79622941585653
2024-11-17 00:00:00,25.2,1007.3,94.76592069291524
2024-11-17 03:00:00,26.8,1010.0,93.70888380751718
2024-11-17 06:00:00,32.8,1009.3,64.40448947276589
2024-11-17 09:00:00,32.5,1006.8,68.68810999770308
2024-11-17 12:00:00,27.4,1007.2,92.08825670296545
2024-11-17 15:00:00,26.5,1009.6,94.25371341036896
2024-11-17 18:00:00,26.2,1010.0,93.68166338882529
2024-11-17 21:00:00,25.0,1008.1,91.39891921824884
2024-11-21 21:00:00,24.4,1008.9,94.73534893450257
2024-11-22 00:00:00,24.0,1007.8,94.71996347442106
2024-11-22 03:00:00,25.6,1010.7,93.09525743190015
2024-11-22 06:00:00,30.5,1010.5,75.15368676452813
2024-11-22 09:00:00,31.4,1007.5,70.96895584191402
2024-11-22 12:00:00,28.6,1008.3,80.43187680667027
2024-11-22 15:00:00,27.0,1011.4,92.06569807815053
2024-11-22 18:00:00,26.0,1011.8,90.37112970835472
2024-11-22 21:00:00,25.8,1009.7,93.10518672866101
2024-11-23 00:00:00,25.2,1010.0,98.227891780213
2024-11-23 03:00:00,26.4,1012.3,93.69075623120435
2024-11-23 06:00:00,31.2,1010.6,69.67698198453844
2024-11-23 09:00:00,31.2,1007.9,70.93306375697343
2024-11-23 12:00:00,29.8,1008.2,78.23460259362332
2024-11-23 15:00:00,27.5,1011.2,88.34993939594236
2024-11-23 18:00:00,26.5,1011.1,91.49045536193127
2024-11-23 21:00:00,26.0,1009.6,93.67255110424425
2024-11-24 00:00:00,25.4,1009.9,94.77352241613059
2024-11-24 03:00:00,26.6,1011.6,92.04304428506519
2024-11-24 06:00:00,32.0,1010.6,69.82505728068918
2024-11-24 09:00:00,32.2,1008.0,69.03930501374236
2024-11-24 12:00:00,29.4,1008.6,74.97860136800087
2024-11-24 15:00:00,27.6,1010.3,84.24549777703992
2024-11-24 18:00:00,26.6,1010.3,92.04304428506519
2024-11-24 21:00:00,26.0,1008.3,92.00888400052642
2024-11-25 00:00:00,25.2,1008.2,96.48331975462109
2024-11-25 03:00:00,27.2,1010.3,92.07698925377626
2024-11-25 06:00:00,31.4,1009.4,66.06520314217083
2024-11-25 09:00:00,29.4,1007.6,79.11344799319119
2024-11-25 12:00:00,27.8,1008.1,84.2669381064797
2024-11-25 15:00:00,27.4,1009.5,84.22401507730588
2024-11-25 18:00:00,27.0,1010.2,92.06569807815053
2024-11-25 21:00:00,26.6,1008.3,93.69982968596882
2024-11-26 00:00:00,26.0,1008.0,96.503856108436
2024-11-26 03:00:00,25.8,1010.3,94.78867673105134
2024-11-26 06:00:00,28.0,1009.6,87.34888747491027
2024-11-26 09:00:00,28.6,1007.1,77.59711341151534
2024-11-26 12:00:00,27.0,1007.3,90.43900875787912
2024-11-26 15:00:00,24.8,1010.1,96.47298407847299
2024-11-26 18:00:00,24.6,1009.9,98.22000417681151
2024-11-27 00:00:00,23.4,1007.2,98.2040706521281
2024-11-27 03:00:00,24.6,1009.2,96.46779925124456
2024-11-27 06:00:00,27.2,1008.4,90.45250000428203
2024-11-27 09:00:00,27.0,1006.5,88.8478407082773
2024-11-27 12:00:00,26.8,1005.9,87.24318141227258
2024-11-27 15:00:00,26.0,1008.0,93.67255110424425
2024-11-27 18:00:00,25.2,1008.5,98.227891780213
2024-11-27 21:00:00,24.8,1006.8,98.2226392013117
2024-11-28 00:00:00,24.4,1006.4,94.73534893450257
2024-11-28 03:00:00,25.4,1009.1,93.08530694612072
2024-11-28 06:00:00,31.8,1008.1,69.78813164326573
2024-11-28 09:00:00,30.0,1005.8,71.5698382304094
2024-11-28 12:00:00,28.8,1006.1,76.24353220041739
2024-11-28 15:00:00,26.8,1008.4,88.82186644716782
2024-11-28 18:00:00,26.0,1008.1,90.37112970835472
2024-11-28 21:00:00,25.8,1006.5,93.10518672866101
2024-11-29 00:00:00,25.4,1006.7,98.23050936880627
2024-11-29 03:00:00,27.6,1009.2,90.47939854432097
2024-11-29 06:00:00,31.6,1008.2,71.00478678077775
2024-11-29 09:00:00,31.6,1010.2,71.00478678077775
2024-11-29 12:00:00,29.0,1010.5,79.0585121873896
2024-11-29 15:00:00,27.2,1007.9,87.27855968744687
2024-11-29 18:00:00,26.4,1008.3,88.79047072518293
2024-11-30 00:00:00,24.8,1006.7,89.74414366257271
2024-11-30 03:00:00,26.8,1008.1,85.68910507577876
2024-11-30 06:00:00,31.0,1008.8,67.99377352527183
2024-11-30 09:00:00,30.4,1005.5,69.11197515651446
2024-11-30 12:00:00,28.6,1005.9,77.59711341151534
2024-11-30 15:00:00,26.2,1007.9,90.38476214988123
2024-11-30 18:00:00,26.0,1008.0,92.00888400052642
2024-11-30 21:00:00,26.0,1006.3,92.00888400052642
2024-12-02 00:00:00,27.4,1004.9,81.24686676192346
2024-12-02 03:00:00,27.2,1007.8,87.27855968744687
2024-12-02 06:00:00,28.8,1007.5,80.45782143103412
2024-12-02 09:00:00,28.6,1005.8,80.43187680667027
2024-12-02 12:00:00,28.2,1006.4,78.94802076163292
2024-12-02 15:00:00,26.4,1009.0,81.1206589392812
2024-12-02 18:00:00,26.0,1009.4,88.7589455109383
2024-12-02 21:00:00,26.0,1007.8,92.00888400052642
2024-12-03 00:00:00,24.4,1008.1,94.73534893450257
2024-12-03 03:00:00,27.4,1009.8,84.22401507730588
2024-12-03 06:00:00,32.0,1009.4,63.85356133058713
2024-12-03 09:00:00,32.1,1007.6,73.22196775205063
2024-12-03 12:00:00,29.4,1008.6,79.11344799319119
2024-12-03 15:00:00,26.4,1009.3,84.11596226208941
2024-12-03 21:00:00,25.5,1008.1,90.88182048767362
2024-12-04 00:00:00,25.2,1008.5,91.41120774609278
2024-12-04 03:00:00,28.0,1010.4,84.79181717750924
2024-12-04 06:00:00,31.6,1009.9,66.1056160585513
2024-12-04 09:00:00,30.6,1009.0,70.40290332892224
2024-12-04 12:00:00,28.6,1008.7,73.50891633549199
2024-12-04 15:00:00,27.0,1010.8,79.73938187381316
2024-12-04 18:00:00,26.0,1010.9,88.7589455109383
2024-12-04 21:00:00,26.0,1009.4,92.00888400052642
2024-12-05 00:00:00,24.6,1009.6,96.46779925124456
2024-12-05 03:00:00,26.4,1011.7,88.79047072518293
2024-12-05 06:00:00,32.8,1011.0,59.58555475694366
2024-12-05 09:00:00,27.0,1008.9,98.25124348905271
2024-12-05 12:00:00,27.8,1008.5,81.29701074620921
2024-12-05 15:00:00,26.6,1010.6,88.80618472944694
2024-12-05 18:00:00,25.4,1010.8,91.42347038708563
2024-12-05 21:00:00,24.8,1010.2,94.75066788099174
2024-12-06 00:00:00,24.0,1009.9,94.71996347442106
2024-12-06 03:00:00,25.8,1011.6,93.10518672866101
2024-12-06 06:00:00,32.4,1010.9,61.68118591242464
2024-12-06 09:00:00,32.2,1007.9,62.75759984410254
2024-12-06 12:00:00,30.4,1008.0,71.64060697493404
2024-12-06 15:00:00,27.4,1010.4,85.74806761675889
2024-12-06 18:00:00,26.4,1010.8,90.39836619855579
2024-12-07 00:00:00,24.6,1009.5,94.74301669819423
2024-12-07 03:00:00,27.0,1011.5,84.18092213796281
2024-12-07 06:00:00,32.6,1010.6,55.0366623119638
2024-12-07 09:00:00,31.2,1008.4,76.157651318818
2024-12-07 12:00:00,30.2,1008.4,74.2171474546091
2024-12-07 15:00:00,26.8,1011.3,92.05438311051279
2024-12-07 18:00:00,25.2,1011.2,98.227891780213
2024-12-07 21:00:00,25.8,1009.8,93.10518672866101
2024-12-08 00:00:00,25.8,1009.7,93.10518672866101
2024-12-08 03:00:00,26.6,1011.3,90.41194193154737
2024-12-08 06:00:00,30.4,1011.1,74.24982249791255
2024-12-08 09:00:00,32.8,1008.3,64.40448947276589
2024-12-08 12:00:00,30.0,1008.8,74.18441432342445
2024-12-08 15:00:00,27.0,1011.2,84.18092213796281
2024-12-08 18:00:00,26.2,1011.1,90.38476214988123
2024-12-08 21:00:00,26.0,1009.5,92.00888400052642
2024-12-09 00:00:00,24.8,1009.7,98.2226392013117
2024-12-09 03:00:00,25.6,1011.6,94.78110774663195
2024-12-09 06:00:00,34.2,1010.8,60.618752169673485
2024-12-09 09:00:00,32.4,1008.4,66.6618617053601
2024-12-09 12:00:00,29.8,1008.3,75.49139258129554
2024-12-09 15:00:00,27.2,1010.8,87.27855968744687
2024-12-09 18:00:00,26.2,1011.3,90.38476214988123
2024-12-09 21:00:00,25.4,1009.3,94.77352241613059
2024-12-10 00:00:00,24.8,1009.2,94.75066788099174
2024-12-10 03:00:00,26.4,1011.3,88.79047072518293
2024-12-10 06:00:00,32.4,1010.8,60.57918429384643
2024-12-10 09:00:00,32.2,1007.5,65.05199403084112
2024-12-10 12:00:00,30.0,1008.7,72.866865390855
2024-12-10 15:00:00,27.0,1010.8,81.19652945190819
2024-12-10 18:00:00,26.0,1010.9,92.00888400052642
2024-12-10 21:00:00,26.0,1009.3,93.67255110424425
2024-12-11 00:00:00,24.8,1009.0,94.75066788099174
2024-12-11 03:00:00,26.6,1011.2,90.41194193154737
2024-12-11 06:00:00,31.8,1010.2,61.17889403213977
2024-12-11 09:00:00,32.6,1007.2,64.36278271700262
2024-12-11 12:00:00,31.0,1007.1,70.89711040322032
2024-12-11 15:00:00,28.6,1009.3,86.37440005285019
2024-12-11 18:00:00,28.0,1009.6,83.28921441559984
2024-12-11 21:00:00,26.7,1007.4,88.28469931563002
2024-12-12 00:00:00,26.6,1007.2,92.04304428506519
2024-12-12 03:00:00,27.0,1009.6,88.83751596451742
2024-12-12 06:00:00,25.2,1010.0,94.76592069291524
2024-12-12 09:00:00,24.2,1007.3,98.21471657176035
2024-12-12 12:00:00,25.6,1006.7,91.43570721258781
2024-12-12 15:00:00,25.0,1008.5,91.39891921824884
2024-12-12 18:00:00,24.4,1009.2,98.21736330604563
2024-12-12 21:00:00,24.4,1007.3,98.21736330604563
2024-12-13 00:00:00,24.0,1007.6,98.2120639566388
2024-12-13 03:00:00,25.2,1009.9,96.48331975462109
2024-12-13 06:00:00,30.4,1009.3,71.64060697493404
2024-12-13 09:00:00,31.0,1007.1,70.89711040322032
2024-12-13 12:00:00,28.6,1007.5,81.88293095675748
2024-12-13 15:00:00,26.2,1010.2,88.7747243479242
2024-12-13 18:00:00,25.2,1010.6,93.07533521182425
2024-12-13 21:00:00,24.8,1009.3,94.75066788099174
2024-12-14 00:00:00,24.6,1009.6,96.46779925124456
2024-12-14 03:00:00,24.8,1012.7,96.47298407847299
2024-12-14 06:00:00,27.0,1012.2,88.83751596451742
2024-12-14 09:00:00,27.2,1009.6,84.20248990010974
2024-12-14 12:00:00,27.4,1009.8,81.24686676192346
2024-12-14 15:00:00,24.8,1011.9,98.2226392013117
2024-12-14 18:00:00,24.2,1011.9,96.45739545380262
2024-12-14 21:00:00,24.2,1009.7,96.45739545380262
2024-12-15 00:00:00,23.0,1009.2,94.6812063155598
2024-12-15 03:00:00,24.8,1011.4,91.38660473195172
2024-12-15 06:00:00,32.2,1011.7,54.60518702638903
2024-12-15 09:00:00,32.8,1009.1,57.470006935954075
2024-12-15 12:00:00,31.0,1008.9,65.58856385714532
2024-12-15 15:00:00,27.4,1011.3,81.24686676192346
2024-12-15 18:00:00,25.4,1012.0,71.62083740281858
2024-12-15 21:00:00,24.0,1010.4,81.31250928232977
2024-12-16 00:00:00,23.4,1009.3,82.75736601112055
2024-12-16 03:00:00,24.2,1011.3,84.90833346681126
2024-12-16 06:00:00,32.4,1011.0,54.988018967303006
2024-12-16 09:00:00,32.4,1008.2,56.00051948884619
2024-12-16 12:00:00,29.0,1008.6,72.25862568930161
2024-12-16 15:00:00,27.6,1010.6,81.27196286112057
2024-12-16 18:00:00,26.6,1010.7,90.41194193154737
2024-12-17 00:00:00,24.6,1008.7,94.74301669819423
2024-12-17 03:00:00,27.4,1010.5,82.72371961951407
2024-12-17 06:00:00,30.4,1010.1,67.87721438855921
2024-12-17 09:00:00,31.6,1008.3,60.03485302219658
2024-12-17 12:00:00,28.8,1008.8,76.24353220041739
2024-12-17 15:00:00,28.2,1011.5,81.83433063230953
2024-12-17 18:00:00,26.2,1011.3,90.38476214988123
2024-12-17 21:00:00,25.4,1009.1,91.42347038708563
2024-12-18 00:00:00,25.0,1009.0,93.06534216930645
2024-12-18 03:00:00,26.0,1011.0,90.37112970835472
2024-12-18 06:00:00,31.6,1010.4,66.1056160585513
2024-12-18 15:00:00,27.4,1009.8,88.86871874139695
2024-12-18 18:00:00,26.6,1010.2,88.80618472944694
2024-12-18 21:00:00,26.0,1008.9,92.00888400052642
2024-12-19 00:00:00,24.4,1009.2,94.73534893450257
2024-12-19 03:00:00,25.8,1011.2,88.74313412721081
2024-12-19 06:00:00,32.2,1010.2,55.9524546962478
2024-12-19 09:00:00,32.8,1007.4,62.13958951433999
2024-12-19 12:00:00,30.2,1007.8,75.55406963834521
2024-12-19 15:00:00,27.6,1010.2,81.27196286112057
2024-12-19 18:00:00,26.5,1010.3,89.86674533665322
2024-12-19 21:00:00,26.0,1008.7,92.00888400052642
2024-12-20 00:00:00,25.4,1008.4,91.42347038708563
2024-12-20 03:00:00,26.0,1010.6,90.37112970835472
2024-12-20 06:00:00,32.8,1010.0,64.40448947276589
2024-12-20 09:00:00,32.8,1006.9,69.15187043596707
2024-12-20 12:00:00,29.2,1007.4,77.68451620551635
2024-12-20 15:00:00,28.2,1011.0,80.37983931978188
2024-12-20 18:00:00,27.0,1010.7,85.7087986323302
2024-12-20 21:00:00,26.0,1008.7,92.00888400052642
2024-12-21 00:00:00,25.4,1008.4,90.33006125111788
2024-12-21 03:00:00,26.4,1010.2,85.64959932544602
2024-12-21 06:00:00,32.4,1010.4,67.85998060995067
2024-12-21 09:00:00,31.6,1008.1,72.27808999036708
2024-12-21 12:00:00,31.0,1009.0,76.1271052167908
2024-12-21 15:00:00,27.8,1011.1,82.77031896665545
2024-12-21 18:00:00,26.4,1012.1,88.79047072518293
2024-12-21 21:00:00,25.8,1010.2,91.99744908137737
2024-12-22 00:00:00,25.2,1009.6,91.41120774609278
2024-12-22 03:00:00,26.4,1011.7,84.11596226208941
2024-12-22 06:00:00,33.2,1011.2,64.48770817549526
2024-12-22 09:00:00,34.0,1008.3,61.663754542437346
2024-12-22 12:00:00,31.8,1008.2,72.31259150236149
2024-12-22 15:00:00,27.6,1011.2,82.7470419948832
2024-12-22 18:00:00,25.7,1012.1,89.80932037982816
2024-12-22 21:00:00,25.0,1010.6,91.39891921824884
2024-12-23 00:00:00,24.0,1010.6,91.33708576167582
2024-12-23 03:00:00,25.8,1012.6,85.59004257177266
2024-12-23 06:00:00,32.4,1012.0,62.800694130044874
2024-12-23 09:00:00,33.4,1008.4,62.269883795368706
2024-12-23 12:00:00,30.0,1008.5,74.18441432342445
2024-12-23 15:00:00,26.6,1010.4,79.6854136873141
2024-12-23 18:00:00,24.6,1011.3,86.51781437617485
2024-12-23 21:00:00,24.6,1010.2,81.88902089566457
2024-12-24 00:00:00,22.7,1010.2,90.69737268775329
2024-12-24 03:00:00,23.6,1012.2,88.02677396309889
2024-12-24 06:00:00,32.0,1011.8,63.85356133058713
2024-12-24 09:00:00,31.8,1009.4,63.81127171847181
2024-12-24 12:00:00,30.0,1009.1,72.866865390855
2024-12-24 15:00:00,26.4,1011.3,79.65835252904961
2024-12-24 18:00:00,24.4,1011.8,84.9292101215455
2024-12-24 21:00:00,22.8,1010.5,87.95886336881536
2024-12-25 00:00:00,22.2,1010.9,91.22412116599256
2024-12-25 03:00:00,24.0,1013.5,83.33878752130364
2024-12-25 06:00:00,32.0,1012.4,65.01074996458017
2024-12-25 09:00:00,32.4,1009.5,72.8428529693439
2024-12-25 12:00:00,30.0,1009.4,76.88217771852533
2024-12-25 15:00:00,26.8,1012.3,81.17128800561531
2024-12-25 18:00:00,25.0,1013.1,86.5553591977721
2024-12-25 21:00:00,24.2,1012.4,89.70035155341864
2024-12-26 00:00:00,23.6,1012.2,89.65628406436801
2024-12-26 03:00:00,25.0,1014.1,86.5553591977721
2024-12-26 06:00:00,32.2,1013.8,65.05199403084112
2024-12-26 09:00:00,32.4,1009.9,72.8428529693439
2024-12-26 12:00:00,30.0,1010.0,78.26294962837345
2024-12-26 15:00:00,28.0,1012.9,80.3537462205201
2024-12-26 18:00:00,26.8,1013.3,88.82186644716782
2024-12-26 21:00:00,25.2,1012.2,98.227891780213
2024-12-27 00:00:00,25.0,1011.6,94.7583025301895
2024-12-27 03:00:00,26.0,1014.2,92.00888400052642
2024-12-27 06:00:00,31.4,1013.5,72.24352874821913
2024-12-27 09:00:00,31.8,1010.9,74.91652960815853
2024-12-27 12:00:00,30.2,1011.1,76.91200889831605
2024-12-27 15:00:00,27.8,1013.0,81.29701074620921
2024-12-27 18:00:00,27.4,1013.3,84.22401507730588
2024-12-27 21:00:00,25.5,1011.7,78.56891705633686
2024-12-28 00:00:00,24.8,1011.1,74.2273526631688
2024-12-28 03:00:00,25.6,1013.7,82.01145278638
2024-12-28 06:00:00,32.8,1013.3,56.43711760467723
2024-12-28 09:00:00,32.4,1010.7,60.57918429384643
2024-12-28 12:00:00,31.2,1010.6,66.82152314124305
2024-12-28 15:00:00,28.0,1012.9,80.3537462205201
2024-12-28 18:00:00,27.0,1013.7,90.43900875787912
2024-12-28 21:00:00,25.8,1011.7,93.10518672866101
2024-12-29 00:00:00,25.4,1011.9,88.17753730223563
2024-12-29 03:00:00,26.0,1014.0,79.12067626724064
2024-12-29 06:00:00,31.4,1013.3,64.49787905022467
2024-12-29 09:00:00,32.2,1010.2,63.89578539017188
2024-12-29 12:00:00,30.8,1009.8,70.43939306440934
2024-12-29 15:00:00,28.0,1012.7,81.80996009312997
2024-12-29 18:00:00,27.6,1013.0,78.39069896683198
2024-12-29 21:00:00,27.0,1011.5,85.7087986323302
2024-12-30 00:00:00,26.4,1011.2,88.79047072518293
2024-12-30 03:00:00,26.4,1013.3,84.11596226208941
2024-12-30 06:00:00,32.6,1012.6,60.623956285700366
2024-12-30 09:00:00,30.0,1010.4,75.5227593496699
2024-12-30 12:00:00,29.4,1009.7,77.71354294293734
2024-12-30 15:00:00,25.8,1012.1,98.23572722928968
2024-12-30 18:00:00,25.8,1012.4,96.49873881355717
2024-12-30 21:00:00,25.8,1010.5,96.49873881355717
2024-12-31 00:00:00,25.8,1010.6,80.55257262849392
2024-12-31 03:00:00,26.4,1013.2,85.64959932544602
2024-12-31 06:00:00,32.4,1012.6,57.029314759535474
2024-12-31 09:00:00,33.8,1009.9,54.99469378792191
2024-12-31 12:00:00,30.5,1009.1,64.69933703212659
2024-12-31 15:00:00,28.4,1010.7,77.56787120852722
2024-12-31 18:00:00,27.5,1010.9,69.40302102312288
2024-12-31 21:00:00,26.0,1009.3,66.17566859299606
