time,temp_c,slp_hpa,rh_pct
2023-01-01 00:00:00,22.2,1014.2,94.64989549968918
2023-01-01 03:00:00,24.6,1016.7,86.51781437617485
2023-01-01 06:00:00,30.0,1015.7,63.8146323928593
2023-01-01 09:00:00,31.0,1012.1,59.53505705723449
2023-01-01 12:00:00,29.8,1011.9,64.94624549390848
2023-01-01 15:00:00,26.4,1014.9,81.1206589392812
2023-01-01 18:00:00,25.0,1015.3,84.99158907366431
2023-01-01 21:00:00,24.4,1013.1,88.0941253601151
2023-01-02 00:00:00,22.8,1012.5,94.67340418187906
2023-01-02 03:00:00,24.0,1015.0,88.06051918717874
2023-01-02 06:00:00,29.0,1015.0,61.67879224265577
2023-01-02 09:00:00,29.6,1012.6,66.09873806993735
2023-01-02 12:00:00,28.8,1012.1,67.9760346463704
2023-01-02 15:00:00,26.2,1014.8,79.14840201964623
2023-01-02 18:00:00,24.6,1015.4,88.1108765345105
2023-01-02 21:00:00,23.4,1013.6,92.98462350012163
2023-01-03 00:00:00,21.6,1012.8,82.02710335531518
2023-01-03 03:00:00,22.2,1015.5,80.57705408572946
2023-01-03 06:00:00,30.8,1014.8,44.434536966576495
2023-01-03 09:00:00,31.4,1011.4,47.185028529026276
2023-01-03 12:00:00,29.4,1011.6,55.617075987669494
2023-01-03 15:00:00,26.4,1014.2,69.19353375788072
2023-01-03 18:00:00,24.2,1014.8,81.33784349698335
2023-01-03 21:00:00,23.6,1013.2,84.84545097606222
2023-01-04 00:00:00,22.2,1013.0,89.00113039766441
2023-01-04 03:00:00,24.2,1014.5,83.36164573364587
2023-01-04 06:00:00,29.0,1013.4,64.38421540041374
2023-01-04 09:00:00,31.0,1010.2,59.53505705723449
2023-01-04 12:00:00,28.8,1010.1,63.94883649333304
2023-01-04 15:00:00,26.4,1012.4,76.33576480448347
2023-01-04 18:00:00,24.4,1013.0,88.0941253601151
2023-01-04 21:00:00,24.0,1011.5,89.68569309935684
2023-01-05 00:00:00,22.6,1012.6,92.9437416009186
2023-01-05 03:00:00,23.8,1014.3,89.67100396425253
2023-01-05 06:00:00,30.6,1014.0,48.77428920867762
2023-01-05 09:00:00,31.0,1011.0,57.04447541902918
2023-01-05 12:00:00,29.6,1011.0,64.51071215170371
2023-01-05 15:00:00,26.6,1013.7,74.98174057282651
2023-01-05 18:00:00,25.4,1014.2,81.98706192459
2023-01-05 21:00:00,24.2,1012.4,86.48011646915207
2023-01-06 00:00:00,23.2,1012.6,91.2871456644803
2023-01-06 03:00:00,24.6,1015.0,83.4072263549273
2023-01-06 06:00:00,31.8,1014.8,49.699414541937024
2023-01-06 09:00:00,32.4,1011.6,54.988018967303006
2023-01-06 12:00:00,29.4,1011.0,65.65748852781738
2023-01-06 15:00:00,27.0,1013.3,78.30518483755301
2023-01-06 18:00:00,26.4,1014.0,82.60642273476351
2023-01-06 21:00:00,25.2,1011.4,89.77318651955946
2023-01-07 00:00:00,25.0,1011.5,88.14427552074832
2023-01-07 03:00:00,25.8,1015.1,88.74313412721081
2023-01-07 06:00:00,32.0,1013.5,53.2366666229233
2023-01-07 09:00:00,31.4,1010.8,56.445824525394414
2023-01-07 12:00:00,29.4,1010.8,65.65748852781738
2023-01-07 15:00:00,27.2,1013.4,81.22172233137654
2023-01-07 18:00:00,25.6,1013.9,88.72729010944434
2023-01-07 21:00:00,25.2,1011.8,89.77318651955946
2023-01-08 00:00:00,24.8,1011.5,83.42994899232998
2023-01-08 03:00:00,26.2,1013.5,79.14840201964623
2023-01-08 06:00:00,32.0,1013.0,55.56458760321053
2023-01-08 09:00:00,31.8,1010.4,66.14596424716504
2023-01-08 12:00:00,29.8,1010.3,69.83477481244167
2023-01-08 15:00:00,27.2,1013.0,76.92377783448977
2023-01-08 18:00:00,26.0,1013.6,84.07244076824206
2023-01-08 21:00:00,25.2,1012.3,88.1609235163349
2023-01-09 00:00:00,24.0,1012.4,93.01505522924245
2023-01-09 03:00:00,25.4,1015.0,88.17753730223563
2023-01-09 06:00:00,31.2,1014.2,52.710735539122425
2023-01-09 09:00:00,31.2,1011.4,62.164195185628046
2023-01-09 12:00:00,29.2,1011.6,69.72295309892432
2023-01-09 15:00:00,27.2,1014.0,84.20248990010974
2023-01-09 18:00:00,26.0,1014.4,85.60993471040011
2023-01-09 21:00:00,24.8,1012.3,88.12759322404811
2023-01-10 00:00:00,23.2,1012.3,84.2817000187918
2023-01-10 03:00:00,23.4,1014.3,77.78185620897757
2023-01-10 06:00:00,31.6,1014.0,43.26699252430475
2023-01-10 09:00:00,31.0,1011.5,63.258166707380134
2023-01-10 12:00:00,29.0,1011.1,69.68555280505707
2023-01-10 15:00:00,26.2,1013.3,79.14840201964623
2023-01-10 18:00:00,24.8,1013.8,88.12759322404811
2023-01-10 21:00:00,23.6,1011.2,91.3121686462366
2023-01-11 00:00:00,21.8,1011.2,92.90250604151835
2023-01-11 03:00:00,21.8,1013.4,85.71570482965599
2023-01-11 06:00:00,30.4,1013.2,48.417392184797706
2023-01-11 09:00:00,31.4,1010.3,56.445824525394414
2023-01-11 12:00:00,29.0,1010.1,65.57515728735507
2023-01-11 15:00:00,26.0,1012.1,73.06652553542901
2023-01-11 18:00:00,23.8,1012.9,82.80457657896673
2023-01-11 21:00:00,23.2,1011.0,86.38519664977352
2023-01-12 00:00:00,21.0,1010.5,88.9063604341973
2023-01-12 03:00:00,22.6,1013.0,85.795575729377
2023-01-12 06:00:00,29.8,1012.7,52.35746956789925
2023-01-12 09:00:00,30.6,1009.7,59.08123488638958
2023-01-12 12:00:00,27.2,1009.9,71.06754970374743
2023-01-12 15:00:00,25.4,1012.1,77.59744380650201
2023-01-12 18:00:00,23.4,1012.4,86.40425816902815
2023-01-12 21:00:00,22.8,1011.0,87.95886336881536
2023-01-13 00:00:00,20.8,1011.1,88.8904490414604
2023-01-13 03:00:00,20.8,1013.9,90.5690644355442
2023-01-13 06:00:00,29.6,1013.5,47.601613890075406
2023-01-13 09:00:00,30.4,1009.9,62.74695361986276
2023-01-13 12:00:00,28.6,1010.1,73.50891633549199
2023-01-13 15:00:00,25.8,1012.5,77.656453842952
2023-01-13 18:00:00,24.2,1013.2,84.90833346681126
2023-01-13 21:00:00,23.4,1011.7,84.303446850675
2023-01-14 00:00:00,21.8,1011.6,87.32939245060646
2023-01-14 03:00:00,22.4,1013.4,85.77566905335271
2023-01-14 06:00:00,30.6,1012.3,56.94918492640599
2023-01-14 09:00:00,30.8,1009.2,65.54760808729463
2023-01-14 12:00:00,29.0,1010.0,69.68555280505707
2023-01-14 15:00:00,26.4,1012.2,76.33576480448347
2023-01-14 18:00:00,24.4,1012.0,86.49898460860861
2023-01-14 21:00:00,23.4,1010.5,88.00984897364455
2023-01-15 00:00:00,22.4,1010.7,92.93346602326532
2023-01-15 03:00:00,22.8,1012.5,89.59709513251278
2023-01-15 06:00:00,29.8,1011.6,63.38474620448235
2023-01-15 09:00:00,30.4,1009.2,63.899688803812836
2023-01-15 12:00:00,28.4,1009.5,74.81792523943739
2023-01-15 15:00:00,26.2,1011.5,77.71524355462877
2023-01-15 18:00:00,24.2,1011.9,83.36164573364587
2023-01-15 21:00:00,23.6,1010.8,86.42328080854222
2023-01-16 00:00:00,22.2,1010.3,92.9231682794469
2023-01-16 03:00:00,24.0,1012.6,84.88741479671322
2023-01-16 06:00:00,31.2,1011.8,58.5027997016778
2023-01-16 09:00:00,32.0,1008.2,65.01074996458017
2023-01-16 12:00:00,29.0,1009.5,83.40169277956687
2023-01-16 15:00:00,27.0,1012.4,79.73938187381316
2023-01-16 18:00:00,25.4,1012.7,86.59275173505719
2023-01-16 21:00:00,24.4,1010.9,84.9292101215455
2023-01-17 00:00:00,23.2,1010.2,92.97443596255128
2023-01-17 03:00:00,24.2,1012.4,89.70035155341864
2023-01-17 06:00:00,29.9,1012.9,66.96537198800284
2023-01-17 09:00:00,31.4,1010.3,73.53807422593974
2023-01-17 12:00:00,28.4,1010.7,83.33433758376981
2023-01-17 15:00:00,26.6,1012.7,79.6854136873141
2023-01-17 18:00:00,25.4,1012.8,88.17753730223563
2023-01-17 21:00:00,24.4,1010.7,89.71497940989825
2023-01-18 00:00:00,23.0,1011.1,91.27459428964966
2023-01-18 03:00:00,24.6,1013.8,86.51781437617485
2023-01-18 06:00:00,31.5,1013.6,70.56662039752663
2023-01-18 09:00:00,31.5,1010.4,82.22974977009818
2023-01-18 12:00:00,29.6,1010.3,82.00361602371757
2023-01-18 15:00:00,26.8,1013.1,81.17128800561531
2023-01-18 18:00:00,24.8,1014.0,88.12759322404811
2023-01-18 21:00:00,23.0,1011.5,92.96422650821278
2023-01-19 00:00:00,21.6,1011.9,88.95389452740015
2023-01-19 03:00:00,22.0,1014.1,84.15029745167602
2023-01-19 06:00:00,31.2,1013.4,43.70745721912904
2023-01-19 09:00:00,32.2,1009.9,49.19123426488576
2023-01-19 12:00:00,29.0,1010.2,60.550183383368285
2023-01-19 15:00:00,25.8,1012.4,67.38241642118969
2023-01-19 18:00:00,23.8,1013.1,78.32521755630039
2023-01-19 21:00:00,22.2,1011.7,84.17230815633675
2023-01-20 00:00:00,20.8,1011.6,73.07960941553814
2023-01-20 03:00:00,22.6,1014.1,71.11065930748565
2023-01-20 06:00:00,30.4,1013.4,50.90090504824205
2023-01-20 09:00:00,32.0,1010.2,50.05946898334762
2023-01-20 12:00:00,28.6,1010.2,57.533446890831016
2023-01-20 15:00:00,25.8,1013.0,61.73054888864948
2023-01-20 18:00:00,23.8,1013.7,73.5987618697542
2023-01-20 21:00:00,23.0,1011.9,76.27881450654198
2023-01-21 00:00:00,21.4,1011.4,80.47097062716614
2023-01-21 03:00:00,23.0,1013.3,81.18509420602786
2023-01-21 06:00:00,33.0,1012.1,48.794473971805594
2023-01-21 09:00:00,31.4,1009.1,61.08987992237482
2023-01-21 12:00:00,28.8,1010.3,66.74517682756588
2023-01-21 15:00:00,26.6,1012.5,70.95832333742634
2023-01-21 18:00:00,24.6,1012.1,83.4072263549273
2023-01-21 21:00:00,24.4,1010.8,83.38445864005315
2023-01-22 00:00:00,23.6,1010.8,86.42328080854222
2023-01-22 03:00:00,24.4,1012.2,86.49898460860861
2023-01-22 06:00:00,30.5,1011.8,56.22955296866961
2023-01-22 09:00:00,29.8,1008.6,67.3516781237725
2023-01-22 12:00:00,28.6,1008.3,69.18880061124511
2023-01-22 15:00:00,26.8,1010.4,78.27657315656734
2023-01-22 18:00:00,26.0,1010.7,85.60993471040011
2023-01-22 21:00:00,24.4,1008.6,91.36189759637527
2023-01-23 00:00:00,24.0,1008.7,72.2660894358301
2023-01-23 03:00:00,25.5,1012.1,83.00315402939307
2023-01-23 06:00:00,29.0,1010.6,64.38421540041374
2023-01-23 09:00:00,30.0,1008.1,69.03626644470846
2023-01-23 12:00:00,29.2,1008.4,72.29347307388345
2023-01-23 15:00:00,26.6,1010.5,76.36659730018178
2023-01-23 18:00:00,25.2,1011.0,83.47525948927431
2023-01-23 21:00:00,25.0,1009.7,84.99158907366431
2023-01-24 00:00:00,25.0,1009.5,84.99158907366431
2023-01-24 03:00:00,27.2,1011.4,76.92377783448977
2023-01-24 06:00:00,30.0,1011.9,69.03626644470846
2023-01-24 09:00:00,23.6,1009.6,100.0
2023-01-24 12:00:00,25.4,1009.5,96.48847066905626
2023-01-24 15:00:00,25.0,1011.6,98.22526839673633
2023-01-24 18:00:00,24.8,1012.1,94.75066788099174
2023-01-24 21:00:00,24.6,1010.6,95.88984288863554
2023-01-25 00:00:00,23.8,1010.3,98.20940544330021
2023-01-25 03:00:00,24.2,1010.9,98.21471657176035
2023-01-25 06:00:00,30.0,1010.6,58.58138510397075
2023-01-25 09:00:00,30.0,1008.2,78.26294962837345
2023-01-25 12:00:00,29.0,1009.7,80.48371679996085
2023-01-25 15:00:00,26.8,1011.2,85.68910507577876
2023-01-25 18:00:00,25.0,1011.6,88.14427552074832
2023-01-25 21:00:00,24.0,1009.7,94.71996347442106
2023-01-26 00:00:00,23.0,1009.8,92.96422650821278
2023-01-26 03:00:00,24.5,1011.9,89.17948197114917
2023-01-26 06:00:00,30.0,1011.2,63.8146323928593
2023-01-26 09:00:00,31.2,1008.1,81.23924051845427
2023-01-26 12:00:00,28.6,1009.0,86.37440005285019
2023-01-26 15:00:00,27.0,1011.8,82.67693820709039
2023-01-26 18:00:00,25.8,1012.1,87.15410439808417
2023-01-26 21:00:00,24.4,1010.0,91.36189759637527
2023-01-27 00:00:00,23.4,1010.2,98.2040706521281
2023-01-27 03:00:00,24.0,1012.0,94.71996347442106
2023-01-27 06:00:00,30.8,1011.1,59.48920941788979
2023-01-27 09:00:00,31.0,1008.1,63.258166707380134
2023-01-27 12:00:00,27.6,1008.7,81.27196286112057
2023-01-27 15:00:00,26.4,1011.2,84.11596226208941
2023-01-27 18:00:00,25.0,1011.3,89.75868022431183
2023-01-27 21:00:00,24.2,1009.4,91.34950480267452
2023-01-28 00:00:00,23.0,1009.4,94.6812063155598
2023-01-28 03:00:00,23.4,1011.4,92.98462350012163
2023-01-28 06:00:00,31.2,1010.9,56.05359172338208
2023-01-28 09:00:00,30.5,1007.9,57.62862491565019
2023-01-28 12:00:00,29.2,1008.1,66.82547661101904
2023-01-28 15:00:00,26.2,1010.5,81.09527108176809
2023-01-28 18:00:00,24.8,1010.4,86.53660587246388
2023-01-28 21:00:00,23.6,1007.6,89.65628406436801
2023-01-29 00:00:00,21.8,1007.7,94.63413731841499
2023-01-29 03:00:00,23.0,1010.2,91.27459428964966
2023-01-29 06:00:00,30.5,1010.1,57.62862491565019
2023-01-29 09:00:00,30.0,1007.4,57.5102579017241
2023-01-29 12:00:00,27.8,1007.3,71.61107092213882
2023-01-29 15:00:00,25.6,1010.6,80.52645239736388
2023-01-29 18:00:00,24.4,1011.2,86.49898460860861
2023-01-29 21:00:00,24.0,1009.1,88.06051918717874
2023-01-30 00:00:00,23.4,1009.0,92.98462350012163
2023-01-30 03:00:00,23.8,1010.5,88.04366400310334
2023-01-30 06:00:00,30.9,1010.7,51.987585795139545
2023-01-30 09:00:00,31.4,1009.2,56.445824525394414
2023-01-30 12:00:00,28.6,1009.4,77.59711341151534
2023-01-30 15:00:00,27.2,1011.0,81.22172233137654
2023-01-30 18:00:00,24.4,1011.8,96.4626030540391
2023-01-30 21:00:00,23.8,1010.3,93.00493307197942
2023-01-31 00:00:00,23.6,1009.3,96.44170390257318
2023-01-31 03:00:00,24.0,1011.8,94.71996347442106
2023-01-31 06:00:00,29.5,1011.5,70.62549485442004
2023-01-31 09:00:00,30.4,1008.0,63.899688803812836
2023-01-31 12:00:00,28.4,1008.1,76.18203664070896
2023-01-31 15:00:00,26.0,1010.5,92.00888400052642
2023-01-31 18:00:00,25.4,1010.8,94.77352241613059
2023-01-31 21:00:00,25.2,1009.0,96.48331975462109
2023-02-01 00:00:00,24.6,1008.9,94.74301669819423
2023-02-01 03:00:00,25.0,1010.6,94.7583025301895
2023-02-01 06:00:00,31.0,1009.7,62.120401740070186
2023-02-01 09:00:00,30.0,1006.8,70.29306142592459
2023-02-01 12:00:00,28.4,1007.2,80.40588280898815
2023-02-01 15:00:00,27.0,1010.0,85.7087986323302
2023-02-01 18:00:00,26.0,1010.1,92.00888400052642
2023-02-01 21:00:00,25.8,1008.6,91.99744908137737
2023-02-02 00:00:00,25.6,1008.5,93.09525743190015
2023-02-02 03:00:00,26.0,1010.3,93.67255110424425
2023-02-02 06:00:00,29.0,1010.5,74.91450415439337
2023-02-02 09:00:00,28.5,1007.9,81.38430034286965
2023-02-02 12:00:00,26.5,1008.1,82.12062526408265
2023-02-02 15:00:00,24.8,1010.6,88.12759322404811
2023-02-02 18:00:00,24.0,1011.1,94.71996347442106
2023-02-02 21:00:00,24.0,1008.9,94.71996347442106
2023-02-03 00:00:00,24.0,1008.5,94.71996347442106
2023-02-03 03:00:00,25.4,1011.5,91.42347038708563
2023-02-03 06:00:00,29.8,1011.2,69.83477481244167
2023-02-03 09:00:00,27.6,1008.7,79.81995065848324
2023-02-03 12:00:00,27.0,1008.9,84.18092213796281
2023-02-03 15:00:00,26.6,1010.8,88.80618472944694
2023-02-03 18:00:00,25.4,1011.2,90.33006125111788
2023-02-03 21:00:00,25.0,1008.8,94.7583025301895
2023-02-04 00:00:00,24.0,1008.1,96.45217641736166
2023-02-04 03:00:00,24.5,1010.7,95.8868298976468
2023-02-04 06:00:00,30.6,1011.1,61.656767739717175
2023-02-04 09:00:00,30.4,1008.3,67.87721438855921
2023-02-04 12:00:00,27.8,1008.4,82.77031896665545
2023-02-04 15:00:00,26.4,1010.5,87.207659213301
2023-02-04 18:00:00,26.0,1010.9,92.00888400052642
2023-02-04 21:00:00,25.8,1008.9,91.99744908137737
2023-02-05 00:00:00,24.8,1008.7,96.47298407847299
2023-02-05 03:00:00,26.6,1010.6,92.04304428506519
2023-02-05 06:00:00,30.0,1010.2,70.29306142592459
2023-02-05 09:00:00,32.4,1007.0,63.9379440059793
2023-02-05 12:00:00,29.5,1007.8,71.91219426186288
2023-02-05 15:00:00,26.8,1009.7,79.71242342812477
2023-02-05 18:00:00,26.0,1010.4,88.7589455109383
2023-02-05 21:00:00,25.0,1009.4,94.7583025301895
2023-02-06 00:00:00,23.8,1009.5,96.4469459114231
2023-02-06 03:00:00,24.5,1012.0,89.17948197114917
2023-02-06 06:00:00,31.2,1011.7,57.44189089337356
2023-02-06 09:00:00,29.0,1008.7,65.57515728735507
2023-02-06 12:00:00,28.2,1008.5,72.99821296932988
2023-02-06 15:00:00,26.0,1011.0,84.07244076824206
2023-02-06 18:00:00,25.0,1011.6,93.06534216930645
2023-02-06 21:00:00,23.8,1010.7,94.71224568260264
2023-02-07 00:00:00,22.4,1010.7,94.6577488230315
2023-02-07 03:00:00,22.0,1012.6,87.34731863549206
2023-02-07 06:00:00,31.2,1011.6,47.132101292464135
2023-02-07 09:00:00,31.4,1008.6,58.549296934220294
2023-02-07 12:00:00,30.0,1008.5,62.279197326402645
2023-02-07 15:00:00,26.8,1010.5,85.68910507577876
2023-02-07 18:00:00,25.6,1010.8,90.34377933678581
2023-02-07 21:00:00,24.2,1009.6,93.02515571569042
2023-02-08 00:00:00,22.8,1009.4,91.2620162268376
2023-02-08 03:00:00,23.8,1011.5,89.67100396425253
2023-02-08 06:00:00,30.2,1011.6,69.0741524820506
2023-02-08 09:00:00,31.0,1008.8,65.58856385714532
2023-02-08 12:00:00,28.6,1008.5,72.18874813372028
2023-02-08 15:00:00,26.4,1010.8,84.11596226208941
2023-02-08 18:00:00,25.2,1011.7,91.41120774609278
2023-02-09 00:00:00,23.2,1010.4,94.6889914839052
2023-02-09 03:00:00,23.4,1012.0,94.69675973556869
2023-02-09 06:00:00,31.0,1012.6,47.971595124977725
2023-02-09 09:00:00,31.0,1009.9,57.04447541902918
2023-02-09 12:00:00,29.5,1009.3,62.934520612380474
2023-02-09 15:00:00,26.8,1011.2,81.17128800561531
2023-02-09 18:00:00,26.2,1012.8,84.09422307879059
2023-02-09 21:00:00,24.2,1011.3,93.02515571569042
2023-02-10 00:00:00,22.8,1011.1,94.67340418187906
2023-02-10 03:00:00,23.0,1013.5,94.6812063155598
2023-02-10 06:00:00,31.4,1013.3,54.07572802922947
2023-02-10 09:00:00,31.6,1009.8,56.49370308745102
2023-02-10 12:00:00,28.4,1009.8,69.15080360685214
2023-02-10 15:00:00,26.4,1012.3,87.207659213301
2023-02-10 18:00:00,25.2,1012.9,88.1609235163349
2023-02-10 21:00:00,23.8,1011.1,89.67100396425253
2023-02-11 00:00:00,22.4,1011.3,94.6577488230315
2023-02-11 03:00:00,22.8,1013.4,91.2620162268376
2023-02-11 06:00:00,30.2,1013.6,62.70350473078234
2023-02-11 09:00:00,30.2,1010.5,62.70350473078234
2023-02-11 12:00:00,29.0,1010.6,68.01508576459278
2023-02-11 15:00:00,27.0,1013.0,79.73938187381316
2023-02-11 18:00:00,26.0,1013.7,85.60993471040011
2023-02-11 21:00:00,24.4,1012.2,93.03523459227986
2023-02-12 00:00:00,23.4,1011.7,91.29967042540224
2023-02-12 03:00:00,24.2,1013.8,91.34950480267452
2023-02-12 06:00:00,31.0,1013.2,59.53505705723449
2023-02-12 09:00:00,31.3,1010.1,58.17065461316038
2023-02-12 12:00:00,29.5,1010.5,66.88552962727512
2023-02-12 15:00:00,26.4,1012.5,74.94939436271723
2023-02-12 18:00:00,24.6,1013.1,84.95004486909127
2023-02-12 21:00:00,23.6,1011.4,88.02677396309889
2023-02-13 00:00:00,21.6,1011.3,92.89214142096014
2023-02-13 03:00:00,23.2,1013.7,91.2871456644803
2023-02-13 06:00:00,31.0,1012.9,58.45623591814528
2023-02-13 09:00:00,31.0,1010.8,58.45623591814528
2023-02-13 12:00:00,29.4,1009.8,68.50651160978764
2023-02-13 15:00:00,26.4,1012.9,79.65835252904961
2023-02-13 18:00:00,25.4,1013.5,85.03296693933086
2023-02-13 21:00:00,23.4,1012.2,95.27357656218281
2023-02-14 00:00:00,23.0,1012.1,92.96422650821278
2023-02-14 03:00:00,22.5,1014.6,90.68398804367081
2023-02-14 06:00:00,30.8,1013.9,48.826621362604996
2023-02-14 09:00:00,31.4,1010.2,58.549296934220294
2023-02-14 12:00:00,29.4,1010.0,68.50651160978764
2023-02-14 15:00:00,26.4,1013.5,79.65835252904961
2023-02-14 18:00:00,25.0,1011.9,86.5553591977721
2023-02-14 21:00:00,23.4,1010.2,91.29967042540224
2023-02-15 00:00:00,23.2,1009.8,91.28713235752595
2023-02-15 03:00:00,23.0,1012.7,91.27459428964966
2023-02-15 06:00:00,30.5,1012.2,61.26063262642768
2023-02-15 09:00:00,31.2,1009.0,57.44189089337356
2023-02-15 12:00:00,29.0,1008.6,56.56535492258467
2023-02-15 15:00:00,26.0,1011.0,67.42245330571328
2023-02-15 18:00:00,24.8,1011.8,75.61833422287444
2023-02-15 21:00:00,23.2,1009.4,84.2817000187918
2023-02-16 00:00:00,22.2,1009.4,96.40468492682572
2023-02-16 03:00:00,22.4,1011.7,91.23677973971499
2023-02-16 06:00:00,30.4,1011.6,61.61247622848766
2023-02-16 09:00:00,31.0,1008.7,57.04447541902918
2023-02-16 12:00:00,28.6,1008.2,65.09275319702243
2023-02-16 15:00:00,26.0,1010.6,73.06652553542901
2023-02-16 18:00:00,24.6,1011.6,84.95004486909127
2023-02-16 21:00:00,23.6,1010.4,88.02677396309889
2023-02-17 00:00:00,21.8,1010.9,91.19872298278054
2023-02-17 03:00:00,22.2,1012.9,77.11730791149994
2023-02-17 06:00:00,30.8,1012.5,45.570414898390574
2023-02-17 09:00:00,31.2,1009.5,51.423363121411846
2023-02-17 12:00:00,29.6,1009.2,54.63879144543691
2023-02-17 15:00:00,26.0,1011.6,76.27392919082712
2023-02-17 18:00:00,24.4,1012.8,78.41167733084453
2023-02-17 21:00:00,23.8,1011.5,86.44226467052783
2023-02-18 00:00:00,22.4,1011.7,87.38305999003406
2023-02-18 03:00:00,22.8,1014.2,89.59709513251278
2023-02-18 06:00:00,32.0,1013.3,38.45833983449539
2023-02-18 09:00:00,32.6,1009.2,42.19377174266343
2023-02-18 12:00:00,31.0,1009.3,49.18465336588453
2023-02-18 15:00:00,26.6,1012.2,63.87218705566132
2023-02-18 18:00:00,24.4,1012.9,72.33699619216402
2023-02-18 21:00:00,23.0,1011.5,79.19032580005634
2023-02-19 00:00:00,22.2,1011.8,82.61460691740075
2023-02-19 03:00:00,24.0,1013.8,81.31250928232977
2023-02-19 06:00:00,31.6,1012.9,57.536305303603164
2023-02-19 09:00:00,32.4,1009.1,56.00051948884619
2023-02-19 12:00:00,30.4,1010.4,62.74695361986276
2023-02-19 15:00:00,27.0,1012.1,71.03120402884956
2023-02-19 18:00:00,26.0,1012.6,77.68587617563927
2023-02-19 21:00:00,25.6,1011.4,82.01145278638
2023-02-20 00:00:00,25.0,1010.6,81.93813716288261
2023-02-20 03:00:00,25.2,1013.6,83.47525948927431
2023-02-20 06:00:00,31.0,1013.0,63.258166707380134
2023-02-20 09:00:00,32.0,1010.2,57.981228496846505
2023-02-20 12:00:00,30.0,1010.5,63.8146323928593
2023-02-20 15:00:00,27.4,1012.7,79.79314536748959
2023-02-20 18:00:00,26.4,1013.3,84.11596226208941
2023-02-20 21:00:00,25.2,1011.7,85.01229874539116
2023-02-21 00:00:00,24.0,1011.4,93.01505522924245
2023-02-21 03:00:00,25.4,1013.3,88.17753730223563
2023-02-21 06:00:00,31.6,1012.9,61.134420163955696
2023-02-21 09:00:00,33.0,1010.2,57.5169590004615
2023-02-21 12:00:00,30.0,1010.7,69.03626644470846
2023-02-21 15:00:00,27.6,1012.8,79.81995065848324
2023-02-21 18:00:00,26.2,1013.3,85.62978692730046
2023-02-21 21:00:00,25.2,1011.5,89.77318651955946
2023-02-22 00:00:00,24.0,1011.0,93.01505522924245
2023-02-22 03:00:00,25.6,1012.9,83.520391036621
2023-02-22 06:00:00,33.0,1012.2,46.73192939565313
2023-02-22 09:00:00,32.8,1009.6,54.0900319487697
2023-02-22 12:00:00,30.0,1009.5,61.14896099495759
2023-02-22 15:00:00,26.6,1011.8,76.36659730018178
2023-02-22 18:00:00,25.4,1012.4,81.98706192459
2023-02-22 21:00:00,24.2,1010.9,86.48011646915207
2023-02-23 00:00:00,22.4,1011.3,80.60344588733471
2023-02-23 03:00:00,22.4,1013.1,71.07373433061426
2023-02-23 06:00:00,33.0,1011.7,29.950617256444566
2023-02-23 09:00:00,31.066666666666666,1008.9,44.094784387061914
2023-02-23 12:00:00,29.133333333333333,1009.1,58.23895151767926
2023-02-23 15:00:00,27.2,1011.3,72.3831186482966
2023-02-23 18:00:00,25.0,1012.2,72.89363172362464
2023-02-23 21:00:00,24.0,1010.3,86.46120985687485
2023-02-24 00:00:00,22.4,1010.4,85.77566905335271
2023-02-24 03:00:00,23.8,1012.7,84.86645400274385
2023-02-24 06:00:00,32.8,1012.8,46.39069479422688
2023-02-24 09:00:00,32.4,1010.2,51.41140557397461
2023-02-24 12:00:00,30.2,1010.5,60.08231213848365
2023-02-24 15:00:00,27.6,1013.3,78.39069896683198
2023-02-24 18:00:00,26.2,1014.2,84.09422307879059
2023-02-24 21:00:00,25.0,1012.7,84.99158907366431
2023-02-25 00:00:00,23.6,1012.4,91.3121686462366
2023-02-25 03:00:00,24.8,1014.3,88.12759322404811
2023-02-25 06:00:00,31.6,1014.0,61.134420163955696
2023-02-25 09:00:00,33.0,1011.3,53.160307816284856
2023-02-25 12:00:00,30.6,1011.4,60.541168204253225
2023-02-25 15:00:00,27.4,1014.5,78.36224761821416
2023-02-25 18:00:00,26.2,1014.7,85.62978692730046
2023-02-25 21:00:00,25.2,1012.7,93.07533521182425
2023-02-26 00:00:00,22.8,1013.7,82.68619873809317
2023-02-26 03:00:00,23.8,1015.3,78.32521755630039
2023-02-26 06:00:00,31.6,1014.2,56.49370308745102
2023-02-26 09:00:00,31.8,1011.3,55.51617347239948
2023-02-26 12:00:00,30.4,1011.4,56.552501126573276
2023-02-26 15:00:00,27.2,1014.2,71.06754970374743
2023-02-26 18:00:00,25.6,1015.4,79.0650667975322
2023-02-26 21:00:00,24.6,1013.8,81.88902089566457
2023-02-27 00:00:00,22.0,1014.1,75.64284085753373
2023-02-27 03:00:00,22.6,1015.6,72.93128717326938
2023-02-27 06:00:00,32.0,1015.6,46.757765745898766
2023-02-27 09:00:00,32.4,1012.4,44.03144254531665
2023-02-27 12:00:00,30.6,1011.6,58.006624337338984
2023-02-27 15:00:00,26.2,1013.1,63.38846253625371
2023-02-27 18:00:00,25.0,1013.7,71.10528271258221
2023-02-27 21:00:00,24.2,1012.1,75.05484782499553
2023-02-28 00:00:00,22.2,1012.8,75.67495386222414
2023-02-28 03:00:00,23.8,1015.1,74.98967879981456
2023-02-28 06:00:00,32.4,1015.0,50.472082846730395
2023-02-28 09:00:00,33.2,1012.3,50.059858025093185
2023-02-28 12:00:00,30.4,1011.3,62.74695361986276
2023-02-28 15:00:00,28.0,1013.5,69.07461707385258
2023-02-28 18:00:00,27.2,1014.3,74.17038364277866
2023-02-28 21:00:00,26.4,1012.9,76.33576480448347
2023-03-01 00:00:00,26.0,1012.4,82.55918218789247
2023-03-01 03:00:00,26.0,1015.0,82.55918218789247
2023-03-01 06:00:00,32.0,1014.9,59.04479527455803
2023-03-01 09:00:00,32.4,1011.7,60.57918429384643
2023-03-01 12:00:00,31.0,1010.7,65.58856385714532
2023-03-01 15:00:00,28.0,1013.5,80.3537462205201
2023-03-01 18:00:00,26.8,1014.9,81.17128800561531
2023-03-01 21:00:00,24.8,1013.5,84.97083781729286
2023-03-02 00:00:00,23.8,1013.1,65.71895042604378
2023-03-02 03:00:00,24.2,1015.5,70.51568317062028
2023-03-02 06:00:00,32.8,1015.0,47.55386421260116
2023-03-02 09:00:00,33.0,1011.6,50.936406587781846
2023-03-02 12:00:00,31.8,1011.3,52.21507571697287
2023-03-02 15:00:00,27.2,1014.1,69.77298528509857
2023-03-02 18:00:00,26.2,1015.1,73.55128024517502
2023-03-02 21:00:00,25.0,1013.3,75.65014160748107
2023-03-03 09:00:00,32.8,1012.2,51.828908082248226
2023-03-03 12:00:00,30.6,1011.6,53.21506820591533
2023-03-03 15:00:00,27.2,1014.0,66.83242139369942
2023-03-03 18:00:00,25.4,1014.9,68.57308221822572
2023-03-03 21:00:00,25.0,1013.0,75.65014160748107
2023-03-04 00:00:00,23.8,1013.2,74.98967879981456
2023-03-04 03:00:00,25.0,1015.3,69.78940116671127
2023-03-04 06:00:00,34.0,1014.7,42.57262209391062
2023-03-04 09:00:00,32.4,1012.2,52.68765751422521
2023-03-04 12:00:00,30.6,1011.9,59.08123488638958
2023-03-04 15:00:00,28.0,1014.4,74.30236303611937
2023-03-04 18:00:00,26.8,1015.5,79.71242342812477
2023-03-04 21:00:00,25.8,1013.3,82.03579612571595
2023-03-05 00:00:00,25.0,1013.2,83.45262666598398
2023-03-05 03:00:00,26.6,1015.4,73.61894146789774
2023-03-05 06:00:00,32.4,1015.2,52.68765751422521
2023-03-05 09:00:00,32.6,1011.9,56.048518886750145
2023-03-05 12:00:00,30.2,1011.7,67.83823315041917
2023-03-05 15:00:00,28.2,1014.0,78.94802076163292
2023-03-05 18:00:00,27.0,1014.9,79.73938187381316
2023-03-05 21:00:00,25.8,1012.3,80.55257262849392
2023-03-06 00:00:00,24.8,1012.2,80.42146721617324
2023-03-06 03:00:00,26.0,1014.6,76.27392919082712
2023-03-06 06:00:00,33.8,1014.1,45.518660486367004
2023-03-06 09:00:00,32.8,1010.6,57.470006935954075
2023-03-06 12:00:00,31.0,1010.5,60.63128269788534
2023-03-06 15:00:00,27.8,1012.3,71.61107092213882
2023-03-06 18:00:00,26.6,1013.2,76.36659730018178
2023-03-06 21:00:00,24.4,1011.1,83.38445864005315
2023-03-07 00:00:00,24.0,1011.2,88.06051918717874
2023-03-07 03:00:00,25.0,1013.6,83.45262666598398
2023-03-07 06:00:00,32.4,1013.0,56.00051948884619
2023-03-07 09:00:00,33.2,1010.1,56.53234399526844
2023-03-07 12:00:00,30.8,1009.9,62.83365155694164
2023-03-07 15:00:00,27.8,1011.8,71.61107092213882
2023-03-07 18:00:00,27.0,1012.5,78.30518483755301
2023-03-07 21:00:00,26.6,1010.8,81.14599787426259
2023-03-08 00:00:00,24.8,1010.7,91.93991028661533
2023-03-08 03:00:00,26.6,1012.9,90.41194193154737
2023-03-08 06:00:00,32.0,1012.8,59.04479527455803
2023-03-08 09:00:00,33.6,1009.6,49.250585482881746
2023-03-08 12:00:00,30.8,1009.0,59.48920941788979
2023-03-08 15:00:00,28.4,1010.8,74.81792523943739
2023-03-08 18:00:00,27.4,1011.5,84.22401507730588
2023-03-08 21:00:00,26.8,1009.9,85.68910507577876
2023-03-09 00:00:00,25.2,1010.0,91.41120774609278
2023-03-09 03:00:00,27.0,1012.4,84.18092213796281
2023-03-09 06:00:00,33.2,1011.6,49.14728523903349
2023-03-09 09:00:00,34.0,1009.2,50.879846925795135
2023-03-09 12:00:00,31.4,1008.2,61.08987992237482
2023-03-09 15:00:00,28.4,1011.4,76.18203664070896
2023-03-09 18:00:00,27.4,1012.0,81.24686676192346
2023-03-09 21:00:00,26.6,1010.3,81.14599787426259
2023-03-10 00:00:00,25.0,1010.1,91.39891921824884
2023-03-10 03:00:00,26.4,1012.5,77.7445561070048
2023-03-10 06:00:00,32.6,1011.7,55.0366623119638
2023-03-10 09:00:00,32.2,1008.9,59.090770552518066
2023-03-10 12:00:00,30.4,1008.4,59.034988113686474
2023-03-10 15:00:00,28.2,1010.5,77.5385748300523
2023-03-10 18:00:00,27.2,1011.6,78.33374294989056
2023-03-10 21:00:00,26.6,1009.7,79.6854136873141
2023-03-11 00:00:00,24.6,1010.3,88.1108765345105
2023-03-11 03:00:00,26.2,1012.5,77.71524355462877
2023-03-11 06:00:00,32.2,1011.7,55.9524546962478
2023-03-11 09:00:00,33.2,1009.1,56.53234399526844
2023-03-11 12:00:00,30.0,1008.8,69.03626644470846
2023-03-11 15:00:00,28.2,1010.8,78.94802076163292
2023-03-11 18:00:00,27.0,1012.1,81.19652945190819
2023-03-11 21:00:00,26.2,1010.3,85.62978692730046
2023-03-12 00:00:00,25.4,1010.5,90.33006125111788
2023-03-12 03:00:00,26.8,1012.1,81.17128800561531
2023-03-12 06:00:00,33.0,1011.2,56.48476343652975
2023-03-12 09:00:00,32.8,1008.4,54.0900319487697
2023-03-12 12:00:00,31.2,1007.4,65.62945434667039
2023-03-12 15:00:00,28.4,1010.1,80.40588280898815
2023-03-12 18:00:00,27.4,1011.3,81.24686676192346
2023-03-12 21:00:00,26.6,1009.5,84.13765842724912
2023-03-13 00:00:00,25.8,1009.3,88.74313412721081
2023-03-13 03:00:00,27.4,1010.8,75.567708226779
2023-03-13 06:00:00,33.4,1010.5,52.2972859735491
2023-03-13 09:00:00,33.5,1008.2,52.00506525387822
2023-03-13 12:00:00,31.8,1007.5,58.99875377243572
2023-03-13 15:00:00,29.0,1009.3,74.91450415439337
2023-03-13 18:00:00,27.6,1010.2,78.39069896683198
2023-03-13 21:00:00,26.4,1008.9,88.79047072518293
2023-03-14 00:00:00,24.6,1008.9,89.72957675197986
2023-03-14 03:00:00,25.8,1010.8,84.05061522100549
2023-03-14 06:00:00,32.2,1010.2,56.98193041235249
2023-03-14 09:00:00,32.7,1007.2,54.727352492021076
2023-03-14 12:00:00,30.5,1007.6,63.53478386806787
2023-03-14 15:00:00,28.0,1009.4,80.3537462205201
2023-03-14 18:00:00,26.8,1009.6,82.65347894376836
2023-03-14 21:00:00,25.6,1007.9,85.05359376201457
2023-03-15 00:00:00,25.0,1008.3,89.75868022431183
2023-03-15 03:00:00,26.0,1010.9,85.60993471040011
2023-03-15 06:00:00,31.6,1010.0,62.25158297844957
2023-03-15 09:00:00,32.9,1007.5,52.81255730647523
2023-03-15 12:00:00,31.0,1007.3,62.120401740070186
2023-03-15 15:00:00,28.6,1009.7,80.43187680667027
2023-03-15 18:00:00,27.8,1010.2,81.29701074620921
2023-03-15 21:00:00,26.8,1008.9,82.65347894376836
2023-03-16 00:00:00,25.6,1008.9,90.34377933678581
2023-03-16 03:00:00,27.0,1011.4,84.18092213796281
2023-03-16 06:00:00,32.4,1010.8,59.49445671738769
2023-03-16 09:00:00,32.0,1008.2,61.59314569456349
2023-03-16 12:00:00,31.0,1009.1,65.58856385714532
2023-03-16 15:00:00,26.8,1010.8,84.15931168305403
2023-03-16 18:00:00,26.0,1011.8,87.17199233244091
2023-03-16 21:00:00,25.6,1009.3,88.72729010944434
2023-03-17 00:00:00,25.4,1009.8,88.17753730223563
2023-03-17 03:00:00,27.0,1011.4,82.67693820709039
2023-03-17 06:00:00,33.2,1011.3,51.299708268572545
2023-03-17 09:00:00,33.4,1007.3,61.166394066179166
2023-03-17 12:00:00,30.4,1007.4,70.36635155961307
2023-03-17 15:00:00,29.0,1009.8,72.25862568930161
2023-03-17 18:00:00,24.8,1010.6,86.53660587246388
2023-03-17 21:00:00,24.4,1009.3,88.0941253601151
2023-03-18 00:00:00,24.2,1008.9,91.34950480267452
2023-03-18 03:00:00,26.8,1011.0,82.65347894376836
2023-03-18 06:00:00,32.4,1010.9,58.42677310946739
2023-03-18 09:00:00,33.4,1007.4,60.08005109311657
2023-03-18 12:00:00,30.8,1007.4,70.43939306440934
2023-03-18 15:00:00,27.0,1009.8,76.8936310454662
2023-03-18 18:00:00,26.2,1011.0,79.14840201964623
2023-03-18 21:00:00,25.6,1008.6,83.520391036621
2023-03-19 00:00:00,25.4,1008.9,88.17753730223563
2023-03-19 03:00:00,27.4,1010.6,79.79314536748959
2023-03-19 06:00:00,32.8,1010.3,59.58555475694366
2023-03-19 09:00:00,32.4,1007.4,65.48228630790443
2023-03-19 12:00:00,30.4,1006.8,71.64060697493404
2023-03-19 15:00:00,28.6,1008.9,77.59711341151534
2023-03-19 18:00:00,27.8,1009.9,79.84670514036797
2023-03-19 21:00:00,26.8,1007.9,85.68910507577876
2023-03-20 00:00:00,26.0,1007.3,88.7589455109383
2023-03-20 03:00:00,27.5,1010.3,79.3273455189966
2023-03-20 06:00:00,33.5,1010.3,49.83109918307013
2023-03-20 09:00:00,33.4,1006.9,53.583679198134604
2023-03-20 12:00:00,29.4,1007.5,76.33535606218936
2023-03-20 15:00:00,28.0,1009.5,81.80996009312997
2023-03-20 18:00:00,26.6,1010.1,85.66937200749226
2023-03-20 21:00:00,25.8,1008.0,90.35746879655075
2023-03-21 00:00:00,25.2,1007.6,93.07533521182425
2023-03-21 03:00:00,27.4,1008.9,81.24686676192346
2023-03-21 06:00:00,33.5,1008.9,46.86369438479358
2023-03-21 09:00:00,33.8,1006.5,51.765014611076786
2023-03-21 12:00:00,31.4,1006.5,63.34384135735378
2023-03-21 15:00:00,28.8,1009.3,70.92566455258084
2023-03-21 18:00:00,27.4,1010.5,78.36224761821416
2023-03-21 21:00:00,26.6,1009.0,79.6854136873141
2023-03-22 00:00:00,25.0,1009.3,81.43868840815787
2023-03-22 03:00:00,27.4,1010.5,71.10383243626453
2023-03-22 06:00:00,34.4,1010.0,42.94555629128223
2023-03-22 09:00:00,33.6,1006.7,53.632996598820334
2023-03-22 12:00:00,31.0,1006.3,62.120401740070186
2023-03-22 15:00:00,28.2,1009.0,74.33521026919057
2023-03-22 18:00:00,27.0,1010.0,76.8936310454662
2023-03-22 21:00:00,25.8,1007.6,80.55257262849392
2023-03-23 00:00:00,25.4,1008.3,83.49784757524912
2023-03-23 03:00:00,28.0,1010.1,75.66221487345534
2023-03-23 06:00:00,34.2,1010.1,51.86548272705812
2023-03-23 09:00:00,33.0,1007.9,58.56563201949948
2023-03-23 12:00:00,30.4,1007.5,69.11197515651446
2023-03-23 15:00:00,28.6,1009.8,77.59711341151534
2023-03-23 18:00:00,27.8,1010.4,79.84670514036797
2023-03-23 21:00:00,27.0,1007.9,84.18092213796281
2023-03-24 00:00:00,26.4,1007.7,88.79047072518293
2023-03-24 03:00:00,27.8,1010.4,81.78554248299675
2023-03-24 06:00:00,32.4,1010.5,63.9379440059793
2023-03-24 09:00:00,32.6,1008.0,58.47312526786792
2023-03-24 12:00:00,30.0,1008.7,71.5698382304094
2023-03-24 15:00:00,28.6,1010.6,77.59711341151534
2023-03-24 18:00:00,27.0,1011.6,82.67693820709039
2023-03-24 21:00:00,26.2,1009.8,85.62978692730046
2023-03-25 00:00:00,25.2,1009.8,88.1609235163349
2023-03-25 03:00:00,27.8,1011.7,79.84670514036797
2023-03-25 06:00:00,34.4,1011.4,56.47758336128222
2023-03-25 09:00:00,35.0,1008.9,55.948293602131415
2023-03-25 12:00:00,32.0,1008.6,65.01074996458017
2023-03-25 15:00:00,29.2,1010.6,72.29347307388345
2023-03-25 18:00:00,28.2,1011.3,78.94802076163292
2023-03-25 21:00:00,27.4,1009.9,78.36224761821416
2023-03-26 00:00:00,26.0,1009.8,87.17199233244091
2023-03-26 03:00:00,27.4,1011.5,82.72371961951407
2023-03-26 06:00:00,33.0,1011.2,59.989879094366785
2023-03-26 09:00:00,33.0,1008.8,64.44613125580591
2023-03-26 12:00:00,29.8,1008.7,74.15162297941144
2023-03-26 15:00:00,28.4,1010.4,83.33433758376981
2023-03-26 18:00:00,26.4,1010.8,92.03168153578638
2023-03-26 21:00:00,25.4,1009.0,91.42347038708563
2023-03-27 00:00:00,25.0,1009.7,93.06534216930645
2023-03-27 03:00:00,27.6,1011.0,79.81995065848324
2023-03-27 06:00:00,34.6,1010.6,44.07412084316889
2023-03-27 09:00:00,34.0,1007.4,60.57423072351323
2023-03-27 12:00:00,32.0,1006.8,65.01074996458017
2023-03-27 15:00:00,29.0,1009.0,74.91450415439337
2023-03-27 18:00:00,28.2,1009.6,78.94802076163292
2023-03-27 21:00:00,27.0,1008.2,84.18092213796281
2023-03-28 00:00:00,26.4,1008.4,82.60642273476351
2023-03-28 03:00:00,28.2,1009.7,77.5385748300523
2023-03-28 06:00:00,34.6,1009.7,57.54622405958298
2023-03-28 09:00:00,33.4,1006.6,59.010628693089586
2023-03-28 12:00:00,30.0,1007.5,72.866865390855
2023-03-28 15:00:00,29.0,1009.7,80.48371679996085
2023-03-28 18:00:00,28.2,1011.0,84.81254813644145
2023-03-28 21:00:00,27.0,1009.7,85.7087986323302
2023-03-29 00:00:00,26.6,1009.7,90.41194193154737
2023-03-29 03:00:00,28.8,1011.5,81.90716097068722
2023-03-29 06:00:00,32.4,1011.1,65.48228630790443
2023-03-29 09:00:00,33.0,1008.3,62.18308645409979
2023-03-29 12:00:00,31.0,1008.5,72.1742265807024
2023-03-29 15:00:00,29.4,1010.7,79.11344799319119
2023-03-29 18:00:00,28.8,1011.0,81.90716097068722
2023-03-29 21:00:00,27.2,1009.5,85.72845277885752
2023-03-30 00:00:00,26.8,1009.6,87.24318141227258
2023-03-30 06:00:00,33.0,1010.6,59.989879094366785
2023-03-30 09:00:00,33.0,1007.5,57.5169590004615
2023-03-30 15:00:00,29.8,1010.6,69.83477481244167
2023-03-30 18:00:00,27.8,1010.9,79.84670514036797
2023-03-30 21:00:00,26.6,1009.1,84.13765842724912
2023-03-31 00:00:00,26.2,1009.5,85.62978692730046
2023-03-31 03:00:00,28.2,1010.8,76.15120458899845
2023-03-31 09:00:00,34.8,1006.9,54.57837119757018
2023-03-31 12:00:00,31.9,1006.9,65.77205863049764
2023-03-31 15:00:00,29.2,1009.0,77.68451620551635
2023-03-31 18:00:00,28.0,1010.0,78.44744220055776
2023-03-31 21:00:00,27.0,1008.7,82.67693820709039
2023-04-01 00:00:00,26.4,1009.3,87.207659213301
2023-04-01 03:00:00,28.0,1011.3,78.44744220055776
2023-04-01 06:00:00,32.6,1010.8,61.72510709079442
2023-04-01 09:00:00,33.4,1007.3,57.95790307855285
2023-04-01 12:00:00,30.6,1007.2,67.91613145039247
2023-04-01 15:00:00,27.4,1010.4,75.567708226779
2023-04-01 18:00:00,26.4,1011.3,81.1206589392812
2023-04-01 21:00:00,26.0,1009.5,84.07244076824206
2023-04-02 00:00:00,26.0,1009.3,87.17199233244091
2023-04-02 03:00:00,28.6,1011.3,74.85017612547131
2023-04-02 06:00:00,33.8,1010.6,54.99469378792191
2023-04-02 09:00:00,33.2,1007.9,55.51706303841751
2023-04-02 12:00:00,31.0,1007.2,69.22506422320274
2023-04-02 15:00:00,28.4,1009.1,76.18203664070896
2023-04-02 18:00:00,27.8,1010.1,77.0138849054383
2023-04-02 21:00:00,27.0,1008.3,79.73938187381316
2023-04-03 00:00:00,26.2,1008.3,84.09422307879059
2023-04-03 03:00:00,28.1,1010.4,77.05875174249292
2023-04-03 06:00:00,34.1,1010.0,53.75601125013976
2023-04-03 09:00:00,33.4,1006.9,55.56523594731952
2023-04-03 12:00:00,29.6,1007.3,69.7975639784289
2023-04-03 15:00:00,27.2,1010.2,88.85313336738866
2023-04-03 21:00:00,25.4,1009.1,88.17753730223563
2023-04-04 00:00:00,25.4,1009.4,85.03296693933086
2023-04-04 03:00:00,27.6,1011.4,75.59926777139484
2023-04-04 06:00:00,33.6,1011.6,54.61531066815499
2023-04-04 09:00:00,27.0,1010.3,92.06569807815053
2023-04-04 12:00:00,26.4,1009.8,93.69075623120435
2023-04-04 15:00:00,26.0,1010.3,84.07244076824206
2023-04-04 18:00:00,25.8,1010.4,85.59004257177266
2023-04-04 21:00:00,25.0,1008.5,88.14427552074832
2023-04-05 00:00:00,24.6,1009.0,91.37426421535667
2023-04-05 03:00:00,26.8,1010.7,84.15931168305403
2023-04-05 06:00:00,32.4,1010.9,58.42677310946739
2023-04-05 09:00:00,33.0,1008.1,56.48476343652975
2023-04-05 12:00:00,30.8,1007.8,65.54760808729463
2023-04-05 15:00:00,29.0,1010.8,77.65543578652992
2023-04-05 18:00:00,27.4,1011.6,84.22401507730588
2023-04-05 21:00:00,26.6,1009.7,85.66937200749226
2023-04-06 00:00:00,25.6,1009.9,90.34377933678581
2023-04-06 03:00:00,28.4,1011.0,78.97572139747378
2023-04-06 06:00:00,33.8,1010.1,63.852375094977866
2023-04-06 09:00:00,33.6,1007.7,58.00441896805416
2023-04-06 12:00:00,30.4,1007.6,71.64060697493404
2023-04-06 15:00:00,25.6,1010.8,93.09525743190015
2023-04-06 18:00:00,25.4,1011.2,93.08530694612072
2023-04-06 21:00:00,25.0,1010.0,93.06534216930645
2023-04-07 00:00:00,24.4,1010.3,94.73534893450257
2023-04-07 03:00:00,27.4,1011.9,82.72371961951407
2023-04-07 06:00:00,32.8,1011.2,58.51941154180648
2023-04-07 09:00:00,33.6,1009.2,55.949551784696496
2023-04-07 12:00:00,30.6,1009.0,69.14973459026399
2023-04-07 15:00:00,26.6,1011.7,87.22543835052973
2023-04-07 18:00:00,26.4,1012.6,87.207659213301
2023-04-07 21:00:00,26.2,1010.8,88.7747243479242
2023-04-08 00:00:00,25.4,1011.4,93.08530694612072
2023-04-08 03:00:00,27.4,1013.5,85.74806761675889
2023-04-08 06:00:00,33.6,1012.1,50.46945953917431
2023-04-08 09:00:00,31.4,1010.4,66.06520314217083
2023-04-08 12:00:00,31.4,1009.8,67.26247234040332
2023-04-08 15:00:00,29.2,1011.9,76.30480387190515
2023-04-08 18:00:00,27.8,1012.9,82.77031896665545
2023-04-08 21:00:00,26.6,1010.9,84.13765842724912
2023-04-09 00:00:00,25.8,1010.9,91.99744908137737
2023-04-09 03:00:00,28.0,1013.4,78.44744220055776
2023-04-09 06:00:00,33.0,1013.1,57.5169590004615
2023-04-09 09:00:00,28.6,1011.9,73.50891633549199
2023-04-09 12:00:00,26.6,1011.4,74.98174057282651
2023-04-09 15:00:00,26.2,1012.7,81.09527108176809
2023-04-09 18:00:00,25.0,1012.3,89.75868022431183
2023-04-09 21:00:00,24.6,1010.5,91.37426421535667
2023-04-10 00:00:00,24.2,1010.7,93.02515571569042
2023-04-10 03:00:00,27.2,1012.9,82.70035172790627
2023-04-10 06:00:00,32.4,1012.0,62.800694130044874
2023-04-10 09:00:00,33.0,1009.5,70.42167655411042
2023-04-10 12:00:00,30.4,1009.2,78.31948639832048
2023-04-10 15:00:00,28.4,1010.7,81.85865421535438
2023-04-10 18:00:00,27.2,1011.2,84.20248990010974
2023-04-11 00:00:00,25.0,1010.4,91.39891921824884
2023-04-11 03:00:00,26.6,1012.4,85.66937200749226
2023-04-11 06:00:00,33.0,1012.3,70.42167655411042
2023-04-11 09:00:00,33.2,1009.5,67.21631066718778
2023-04-11 12:00:00,31.2,1009.4,73.50477620307173
2023-04-11 15:00:00,29.2,1011.9,73.60956501820533
2023-04-11 18:00:00,27.4,1012.2,76.95386898986409
2023-04-11 21:00:00,26.6,1010.5,81.14599787426259
2023-04-12 00:00:00,25.4,1010.8,91.42347038708563
2023-04-12 03:00:00,27.2,1012.8,81.22172233137654
2023-04-12 06:00:00,33.2,1011.9,75.57620351995676
2023-04-12 09:00:00,33.4,1008.7,77.83135027388978
2023-04-12 12:00:00,31.4,1008.0,77.54420157006253
2023-04-12 15:00:00,29.2,1010.9,76.30480387190515
2023-04-12 18:00:00,27.8,1012.0,82.77031896665545
2023-04-12 21:00:00,27.2,1010.4,85.72845277885752
2023-04-13 00:00:00,26.8,1010.6,90.42548942576907
2023-04-13 03:00:00,28.0,1011.9,83.28921441559984
2023-04-13 06:00:00,32.8,1011.1,76.84633730700138
2023-04-13 09:00:00,33.4,1008.6,59.010628693089586
2023-04-13 12:00:00,31.2,1008.5,69.67698198453844
2023-04-13 15:00:00,29.8,1011.3,78.23460259362332
2023-04-13 18:00:00,28.8,1011.7,83.37928484286573
2023-04-13 21:00:00,27.2,1010.3,85.72845277885752
2023-04-14 00:00:00,26.6,1010.8,92.04304428506519
2023-04-14 03:00:00,29.8,1012.5,79.63860889063328
2023-04-14 06:00:00,34.2,1011.4,55.091425528710424
2023-04-14 09:00:00,33.5,1008.5,58.68089593423002
2023-04-14 12:00:00,32.0,1008.4,66.1862478230639
2023-04-14 15:00:00,29.8,1010.7,79.63860889063328
2023-04-14 18:00:00,28.8,1011.3,86.39309843177878
2023-04-14 21:00:00,28.0,1009.3,92.12191734434786
2023-04-15 00:00:00,27.4,1009.5,87.29619508920601
2023-04-15 03:00:00,29.4,1011.6,76.33535606218936
2023-04-15 06:00:00,34.2,1010.5,58.491665561139094
2023-04-15 09:00:00,33.4,1007.9,54.566580431863855
2023-04-15 12:00:00,31.0,1007.5,70.89711040322032
2023-04-15 15:00:00,29.8,1010.0,76.85229197010862
2023-04-15 18:00:00,28.6,1010.2,79.00337009946395
2023-04-16 00:00:00,26.6,1008.9,88.80618472944694
2023-04-16 06:00:00,33.0,1010.2,64.44613125580591
2023-04-16 09:00:00,34.4,1007.1,70.26336932149452
2023-04-16 12:00:00,31.0,1007.2,77.48613913975385
2023-04-16 15:00:00,29.8,1009.5,76.85229197010862
2023-04-16 18:00:00,28.6,1009.5,81.88293095675748
2023-04-16 21:00:00,27.0,1007.4,87.26088849314073
2023-04-17 00:00:00,27.0,1008.0,87.26088849314073
2023-04-17 03:00:00,29.0,1009.9,80.48371679996085
2023-04-17 06:00:00,34.8,1009.9,67.92262186231758
2023-04-17 09:00:00,34.0,1007.1,57.40603103345707
2023-04-17 12:00:00,31.4,1007.3,69.71409411644107
2023-04-17 15:00:00,29.8,1010.3,81.06459831337503
2023-04-17 18:00:00,29.0,1010.5,83.40169277956687
2023-04-17 21:00:00,28.2,1008.8,86.33689076158295
2023-04-18 00:00:00,27.0,1009.1,90.43900875787912
2023-04-18 03:00:00,30.2,1011.3,78.29124418971334
2023-04-18 06:00:00,35.0,1010.5,50.518869936452916
2023-04-18 09:00:00,34.0,1008.4,60.57423072351323
2023-04-18 12:00:00,31.8,1008.1,69.78813164326573
2023-04-18 15:00:00,30.0,1010.2,81.08968974474207
2023-04-18 18:00:00,28.2,1010.8,83.31179804309043
2023-04-19 00:00:00,26.8,1009.2,90.42548942576907
2023-04-19 03:00:00,29.4,1010.8,83.4463778105949
2023-04-19 06:00:00,34.0,1009.7,61.663754542437346
2023-04-19 09:00:00,33.8,1006.2,59.45619966284473
2023-04-19 12:00:00,31.6,1005.9,68.51690400466761
2023-04-19 15:00:00,29.8,1007.7,81.06459831337503
2023-04-19 18:00:00,29.6,1008.7,83.46865512129703
2023-04-19 21:00:00,28.6,1006.7,86.37440005285019
2023-04-20 00:00:00,27.6,1006.9,88.88427217188078
2023-04-20 03:00:00,30.0,1008.7,79.66535824918688
2023-04-20 06:00:00,33.0,1007.9,64.44613125580591
2023-04-20 09:00:00,33.8,1005.4,63.852375094977866
2023-04-20 12:00:00,31.2,1004.5,72.20890765279174
2023-04-20 15:00:00,30.0,1006.1,81.08968974474207
2023-04-20 18:00:00,27.0,1007.3,95.39600874452509
2023-04-20 21:00:00,26.5,1005.6,94.25371341036896
2023-04-21 00:00:00,26.4,1006.0,93.69075623120435
2023-04-21 03:00:00,28.4,1008.3,88.94616815571688
2023-04-21 06:00:00,32.4,1008.1,66.6618617053601
2023-04-21 09:00:00,33.2,1005.3,67.21631066718778
2023-04-21 12:00:00,32.0,1005.5,69.82505728068918
2023-04-21 15:00:00,30.0,1007.4,79.66535824918688
2023-04-21 18:00:00,28.4,1008.6,84.83323810049623
2023-04-21 21:00:00,27.2,1005.8,84.20248990010974
2023-04-22 00:00:00,26.8,1006.1,85.68910507577876
2023-04-22 03:00:00,29.0,1007.9,79.0585121873896
2023-04-22 06:00:00,35.0,1008.0,64.48009990646992
2023-04-22 09:00:00,34.4,1005.0,54.154564287934356
2023-04-22 12:00:00,31.8,1004.7,67.34108781459214
2023-04-22 15:00:00,30.2,1007.4,75.55406963834521
2023-04-22 18:00:00,29.2,1007.4,81.95548127118022
2023-04-22 21:00:00,27.8,1005.6,82.77031896665545
2023-04-23 00:00:00,27.4,1006.4,82.72371961951407
2023-04-23 03:00:00,30.4,1008.1,74.24982249791255
2023-04-23 06:00:00,35.2,1007.6,55.00284442441817
2023-04-23 09:00:00,34.8,1004.8,56.91064806529948
2023-04-23 12:00:00,32.4,1004.7,67.85998060995067
2023-04-23 15:00:00,29.8,1006.9,69.83477481244167
2023-04-23 18:00:00,28.4,1007.9,71.71785815951927
2023-04-23 21:00:00,28.0,1006.9,75.66221487345534
2023-04-24 00:00:00,27.4,1007.0,79.79314536748959
2023-04-24 03:00:00,29.6,1008.6,71.07014207384191
2023-04-24 06:00:00,34.4,1008.7,58.53767634739428
2023-04-24 09:00:00,34.5,1005.9,60.68541212001469
2023-04-24 12:00:00,33.4,1006.1,59.010628693089586
2023-04-24 15:00:00,30.2,1008.6,71.60525312499601
2023-04-24 18:00:00,28.8,1008.9,72.2237174181299
2023-04-24 21:00:00,28.0,1007.1,77.50922415182016
2023-04-25 00:00:00,27.0,1008.4,84.18092213796281
2023-04-25 03:00:00,30.4,1010.1,74.24982249791255
2023-04-25 06:00:00,30.4,1010.1,74.24982249791255
2023-04-25 12:00:00,29.6,1006.4,79.6118092261478
2023-04-25 15:00:00,28.0,1009.7,83.28921441559984
2023-04-25 21:00:00,27.0,1007.9,87.26088849314073
2023-04-26 00:00:00,25.8,1008.1,90.35746879655075
2023-04-26 03:00:00,29.4,1009.3,73.6429959001216
2023-04-26 06:00:00,32.6,1008.9,59.54003872035679
2023-04-26 09:00:00,32.2,1007.5,60.53434625894101
2023-04-26 15:00:00,24.8,1008.7,93.05532775865673
2023-04-26 18:00:00,25.0,1009.5,93.06534216930645
2023-04-26 21:00:00,24.6,1007.1,93.04529191975669
2023-04-27 00:00:00,24.6,1007.0,89.72957675197986
2023-04-27 03:00:00,28.3,1009.8,79.16136477996649
2023-04-27 06:00:00,32.0,1009.5,68.5931528079531
2023-04-27 09:00:00,32.4,1006.7,63.9379440059793
2023-04-27 12:00:00,29.0,1006.6,86.41175942849821
2023-04-27 15:00:00,28.4,1009.0,88.94616815571688
2023-04-27 18:00:00,27.4,1010.0,93.73593071403404
2023-04-27 21:00:00,26.8,1007.8,92.05438311051279
2023-04-28 00:00:00,25.6,1008.3,93.09525743190015
2023-04-28 03:00:00,28.6,1010.2,80.43187680667027
2023-04-28 06:00:00,31.8,1009.9,66.14596424716504
2023-04-28 09:00:00,32.0,1007.7,66.1862478230639
2023-04-28 12:00:00,23.8,1007.9,98.20940544330021
2023-04-28 15:00:00,25.0,1008.9,93.06534216930645
2023-04-28 18:00:00,25.0,1009.8,94.7583025301895
2023-04-29 00:00:00,25.2,1008.3,96.48331975462109
2023-04-29 03:00:00,27.2,1009.4,93.72693426762005
2023-04-29 06:00:00,32.0,1009.0,69.82505728068918
2023-04-29 09:00:00,24.6,1007.4,93.04529191975669
2023-04-29 12:00:00,25.2,1007.4,94.76592069291524
2023-04-29 15:00:00,25.0,1008.6,94.7583025301895
2023-04-29 18:00:00,25.2,1008.7,93.07533521182425
2023-04-29 21:00:00,25.0,1006.7,93.06534216930645
2023-04-30 00:00:00,24.6,1006.9,96.46779925124456
2023-04-30 03:00:00,27.6,1009.2,85.767643247121
2023-04-30 06:00:00,32.6,1008.6,66.70160074556692
2023-04-30 09:00:00,31.0,1006.2,67.99377352527183
2023-04-30 12:00:00,29.4,1005.1,79.11344799319119
2023-04-30 15:00:00,27.8,1008.0,85.78717977072007
2023-04-30 18:00:00,27.0,1008.7,90.43900875787912
2023-04-30 21:00:00,26.4,1006.3,90.39836619855579
2023-05-01 00:00:00,25.8,1006.2,93.10518672866101
2023-05-01 03:00:00,27.8,1008.2,87.33135888966177
2023-05-01 06:00:00,33.0,1007.9,59.989879094366785
2023-05-01 09:00:00,31.4,1005.7,81.26400040514575
2023-05-01 12:00:00,26.0,1006.5,94.79622941585653
2023-05-01 15:00:00,25.4,1009.3,93.08530694612072
2023-05-01 18:00:00,25.2,1009.9,94.76592069291524
2023-05-01 21:00:00,25.2,1007.4,94.76592069291524
2023-05-02 00:00:00,25.0,1007.0,96.47815756865955
2023-05-02 03:00:00,26.6,1008.5,93.69982968596882
2023-05-02 06:00:00,31.8,1008.4,68.55505992605102
2023-05-02 09:00:00,31.4,1006.3,85.63424249679542
2023-05-02 12:00:00,30.6,1006.0,88.08437507661748
2023-05-02 15:00:00,28.4,1009.3,87.90192756472376
2023-05-02 18:00:00,26.8,1010.6,90.42548942576907
2023-05-02 21:00:00,25.4,1008.8,94.77352241613059
2023-05-03 00:00:00,25.2,1008.6,96.48331975462109
2023-05-03 03:00:00,27.0,1011.1,88.83751596451742
2023-05-03 06:00:00,31.8,1010.8,74.91652960815853
2023-05-03 09:00:00,32.0,1008.3,83.24884320369685
2023-05-03 12:00:00,31.0,1007.1,87.10069428371511
2023-05-03 15:00:00,28.6,1009.2,90.54615869442738
2023-05-03 18:00:00,27.8,1010.5,88.89979374390309
2023-05-03 21:00:00,27.2,1008.2,93.72693426762005
2023-05-04 00:00:00,26.2,1008.1,87.18984390567529
2023-05-04 03:00:00,27.6,1010.1,81.27196286112057
2023-05-04 06:00:00,32.4,1010.0,62.800694130044874
2023-05-04 09:00:00,32.6,1007.5,59.54003872035679
2023-05-04 12:00:00,31.0,1007.0,69.22506422320274
2023-05-04 15:00:00,29.0,1009.2,79.0585121873896
2023-05-04 18:00:00,28.4,1010.2,81.85865421535438
2023-05-04 21:00:00,27.6,1008.5,84.24549777703992
2023-05-05 00:00:00,26.4,1008.3,87.207659213301
2023-05-05 03:00:00,27.4,1009.3,85.74806761675889
2023-05-05 06:00:00,31.4,1009.8,67.26247234040332
2023-05-05 09:00:00,32.0,1006.6,62.71443976755974
2023-05-05 12:00:00,29.8,1006.1,78.23460259362332
2023-05-05 15:00:00,28.6,1008.0,81.88293095675748
2023-05-05 18:00:00,27.4,1008.7,84.22401507730588
2023-05-05 21:00:00,26.6,1007.4,88.80618472944694
2023-05-06 00:00:00,26.2,1007.1,88.7747243479242
2023-05-06 03:00:00,28.8,1008.1,77.62630156297041
2023-05-06 06:00:00,32.2,1009.3,65.05199403084112
2023-05-06 09:00:00,31.4,1006.5,67.26247234040332
2023-05-06 12:00:00,31.0,1006.3,70.89711040322032
2023-05-06 15:00:00,26.8,1009.4,88.82186644716782
2023-05-06 18:00:00,25.4,1010.5,91.42347038708563
2023-05-06 21:00:00,25.0,1008.6,93.06534216930645
2023-05-07 00:00:00,24.8,1007.5,91.38660473195172
2023-05-07 03:00:00,26.2,1008.9,88.7747243479242
2023-05-07 06:00:00,31.6,1008.8,69.75114396222972
2023-05-07 09:00:00,32.0,1006.8,65.01074996458017
2023-05-07 12:00:00,30.0,1006.8,72.866865390855
2023-05-07 15:00:00,28.2,1008.1,77.5385748300523
2023-05-07 18:00:00,27.6,1008.7,84.24549777703992
2023-05-07 21:00:00,26.8,1006.9,85.68910507577876
2023-05-08 00:00:00,26.6,1006.6,85.66937200749226
2023-05-08 03:00:00,29.4,1008.3,76.33535606218936
2023-05-08 06:00:00,32.2,1008.2,67.82126335429727
2023-05-08 09:00:00,33.2,1006.2,76.90542428520767
2023-05-08 12:00:00,31.6,1005.3,68.51690400466761
2023-05-08 15:00:00,29.4,1008.1,79.11344799319119
2023-05-08 18:00:00,28.4,1008.9,83.33433758376981
2023-05-08 21:00:00,27.4,1006.6,82.72371961951407
2023-05-09 00:00:00,27.2,1007.1,84.20248990010974
2023-05-09 03:00:00,29.0,1008.6,76.27419595958764
2023-05-09 06:00:00,32.4,1008.1,65.48228630790443
2023-05-09 09:00:00,26.4,1006.7,96.51405730461323
2023-05-09 12:00:00,27.4,1006.6,92.08825670296545
2023-05-09 15:00:00,24.8,1009.1,94.75066788099174
2023-05-09 18:00:00,25.4,1009.3,91.42347038708563
2023-05-09 21:00:00,25.0,1007.3,91.39891921824884
2023-05-10 00:00:00,24.2,1006.5,93.02515571569042
2023-05-10 03:00:00,27.0,1007.8,87.26088849314073
2023-05-10 06:00:00,32.2,1007.8,70.27643339934488
2023-05-10 09:00:00,32.8,1005.8,70.38545749833996
2023-05-10 12:00:00,31.0,1005.6,82.65241993308152
2023-05-10 15:00:00,29.2,1008.0,84.91559008084812
2023-05-10 18:00:00,28.4,1009.3,88.94616815571688
2023-05-10 21:00:00,27.8,1007.6,90.49280598950578
2023-05-11 00:00:00,27.0,1007.7,92.06569807815053
2023-05-11 03:00:00,29.0,1009.2,86.41175942849821
2023-05-11 06:00:00,32.6,1009.1,70.34917736761386
2023-05-11 09:00:00,31.8,1007.8,73.60449518826249
2023-05-11 12:00:00,26.6,1008.1,92.04304428506519
2023-05-11 15:00:00,25.4,1009.4,94.77352241613059
2023-05-11 18:00:00,25.8,1010.6,93.10518672866101
2023-05-11 21:00:00,25.6,1009.4,91.43570721258781
2023-05-12 00:00:00,25.4,1009.3,94.77352241613059
2023-05-12 03:00:00,28.2,1010.9,88.93074165144274
2023-05-12 06:00:00,32.4,1010.5,65.48228630790443
2023-05-12 09:00:00,31.8,1008.7,71.04055669606059
2023-05-12 12:00:00,30.8,1008.4,75.64766286638326
2023-05-12 15:00:00,29.2,1010.8,81.95548127118022
2023-05-12 18:00:00,28.4,1011.4,88.94616815571688
2023-05-12 21:00:00,27.2,1009.4,90.45250000428203
2023-05-13 00:00:00,26.4,1010.1,96.51405730461323
2023-05-13 03:00:00,27.4,1012.1,96.53936698995483
2023-05-13 06:00:00,31.0,1011.7,73.47141965449843
2023-05-13 09:00:00,32.8,1008.5,84.30315960476436
2023-05-13 12:00:00,30.8,1008.6,78.37581423848806
2023-05-13 15:00:00,29.2,1011.0,86.43038313933076
2023-05-13 18:00:00,28.8,1010.8,81.90716097068722
2023-05-13 21:00:00,27.6,1009.4,95.41595470562915
2023-05-14 00:00:00,27.6,1009.1,92.09950049107172
2023-05-14 03:00:00,27.8,1009.5,88.89979374390309
2023-05-14 06:00:00,32.6,1010.3,70.34917736761386
2023-05-14 09:00:00,32.4,1007.5,71.56807265043355
2023-05-14 12:00:00,30.4,1007.6,79.71870652103674
2023-05-14 15:00:00,29.4,1009.9,83.4463778105949
2023-05-14 18:00:00,29.0,1010.0,86.41175942849821
2023-05-14 21:00:00,28.8,1008.2,87.93540259721783
2023-05-15 00:00:00,28.4,1009.0,90.53286192976505
2023-05-15 03:00:00,30.2,1011.1,79.69205742002245
2023-05-15 06:00:00,32.4,1010.7,69.07688914571028
2023-05-15 09:00:00,32.4,1007.7,71.56807265043355
2023-05-15 12:00:00,31.4,1006.9,74.85285642920122
2023-05-15 15:00:00,29.4,1009.5,84.9360766224706
2023-05-15 18:00:00,28.8,1010.6,87.93540259721783
2023-05-16 00:00:00,27.2,1009.5,92.07698925377626
2023-05-16 03:00:00,29.2,1011.4,84.91559008084812
2023-05-16 06:00:00,34.0,1010.5,61.663754542437346
2023-05-16 09:00:00,35.4,1007.8,60.52699050467956
2023-05-16 12:00:00,31.2,1008.2,70.93306375697343
2023-05-16 15:00:00,29.6,1010.0,78.20620296447258
2023-05-16 18:00:00,28.6,1010.5,84.8538871735531
2023-05-16 21:00:00,28.0,1008.4,84.79181717750924
2023-05-17 00:00:00,27.2,1009.1,90.45250000428203
2023-05-17 03:00:00,29.2,1011.6,86.43038313933076
2023-05-17 06:00:00,33.8,1010.8,61.62000418347626
2023-05-17 09:00:00,33.4,1008.5,74.29936225533098
2023-05-17 12:00:00,31.6,1008.6,78.94871738353811
2023-05-17 15:00:00,28.7,1011.6,83.86419125002783
2023-05-17 18:00:00,27.8,1011.5,84.2669381064797
2023-05-17 21:00:00,27.2,1009.8,85.72845277885752
2023-05-18 00:00:00,26.2,1010.2,88.7747243479242
2023-05-18 03:00:00,28.6,1012.5,81.88293095675748
2023-05-18 06:00:00,33.0,1011.9,71.67322751398581
2023-05-18 09:00:00,33.4,1009.8,73.0114248312194
2023-05-18 12:00:00,31.2,1009.6,78.89384535394599
2023-05-18 15:00:00,30.0,1011.0,81.08968974474207
2023-05-18 18:00:00,28.8,1012.1,86.39309843177878
2023-05-18 21:00:00,28.4,1009.6,87.90192756472376
2023-05-19 00:00:00,27.6,1009.7,92.09950049107172
2023-05-19 03:00:00,28.0,1011.4,92.12191734434786
2023-05-19 06:00:00,31.5,1012.1,71.83396752672148
2023-05-19 09:00:00,32.0,1009.8,66.1862478230639
2023-05-19 12:00:00,31.2,1009.2,73.50477620307173
2023-05-19 15:00:00,28.6,1010.6,86.37440005285019
2023-05-19 18:00:00,27.8,1011.0,87.33135888966177
2023-05-19 21:00:00,27.2,1009.0,88.85313336738866
2023-05-20 00:00:00,27.0,1009.2,90.43900875787912
2023-05-20 03:00:00,29.4,1010.8,81.97957178446406
2023-05-20 06:00:00,31.4,1010.4,69.71409411644107
2023-05-20 09:00:00,33.4,1008.9,73.0114248312194
2023-05-20 12:00:00,31.5,1008.0,73.12117399932526
2023-05-20 15:00:00,29.6,1009.8,78.20620296447258
2023-05-20 18:00:00,29.1,1010.8,81.45865482351515
2023-05-20 21:00:00,28.0,1009.3,95.42918067606378
2023-05-21 00:00:00,27.2,1009.7,90.45250000428203
2023-05-21 03:00:00,29.5,1011.1,82.9663558420841
2023-05-21 06:00:00,32.5,1011.4,71.16527260176807
2023-05-21 09:00:00,33.2,1009.3,74.2670903462619
2023-05-21 12:00:00,30.4,1009.4,79.71870652103674
2023-05-21 15:00:00,28.0,1010.9,87.34888747491027
2023-05-21 18:00:00,27.4,1011.6,92.08825670296545
2023-05-21 21:00:00,26.8,1010.8,92.05438311051279
2023-05-22 00:00:00,26.2,1010.1,93.68166338882529
2023-05-22 03:00:00,28.4,1011.3,86.35566419509173
2023-05-22 06:00:00,33.0,1011.4,70.42167655411042
2023-05-22 09:00:00,32.7,1009.7,78.64054761249837
2023-05-22 12:00:00,27.5,1010.8,85.24750536018283
2023-05-22 15:00:00,24.4,1012.0,96.4626030540391
2023-05-22 18:00:00,24.0,1011.9,96.45217641736166
2023-05-22 21:00:00,24.0,1010.7,96.45217641736166
2023-05-23 00:00:00,24.0,1011.0,94.71996347442106
2023-05-23 03:00:00,26.5,1012.8,93.13977325801062
2023-05-23 06:00:00,31.0,1012.8,72.1742265807024
2023-05-23 09:00:00,32.0,1010.4,63.85356133058713
2023-05-23 12:00:00,30.0,1010.1,79.66535824918688
2023-05-23 15:00:00,28.8,1012.1,84.87449545917907
2023-05-23 18:00:00,27.4,1012.9,88.86871874139695
2023-05-23 21:00:00,26.6,1011.1,90.41194193154737
2023-05-24 00:00:00,25.4,1010.9,93.08530694612072
2023-05-24 03:00:00,28.8,1012.7,84.87449545917907
2023-05-24 06:00:00,33.0,1012.2,59.989879094366785
2023-05-24 09:00:00,32.5,1010.7,68.68810999770308
2023-05-24 12:00:00,30.8,1010.6,88.10076112982445
2023-05-24 15:00:00,29.4,1012.2,86.44896966030107
2023-05-24 18:00:00,28.6,1012.7,80.43187680667027
2023-05-24 21:00:00,26.4,1011.1,96.51405730461323
2023-05-25 00:00:00,26.2,1010.9,94.80376584735212
2023-05-25 03:00:00,27.5,1013.2,94.8523596490223
2023-05-25 06:00:00,32.5,1012.8,75.02741404125058
2023-05-25 09:00:00,32.6,1010.8,75.48318952612465
2023-05-25 12:00:00,31.4,1010.8,78.92130681911149
2023-05-25 15:00:00,29.0,1012.3,81.9313443709877
2023-05-25 18:00:00,26.8,1013.4,93.70888380751718
2023-05-25 21:00:00,26.2,1011.8,88.7747243479242
2023-05-26 00:00:00,25.4,1012.0,93.08530694612072
2023-05-26 03:00:00,28.4,1013.8,84.83323810049623
2023-05-26 06:00:00,30.4,1013.7,81.13972960661955
2023-05-26 09:00:00,32.2,1011.4,74.979976618763
2023-05-26 12:00:00,31.8,1010.7,68.55505992605102
2023-05-26 15:00:00,28.0,1012.8,81.80996009312997
2023-05-26 18:00:00,27.0,1012.8,87.26088849314073
2023-05-26 21:00:00,26.2,1009.7,92.0202947964304
2023-05-27 00:00:00,25.8,1009.9,93.10518672866101
2023-05-27 03:00:00,28.4,1011.4,78.97572139747378
2023-05-27 06:00:00,32.6,1011.1,67.89863459456423
2023-05-27 09:00:00,33.0,1008.5,63.305763001067604
2023-05-27 12:00:00,30.6,1007.9,72.96898936310727
2023-05-27 15:00:00,29.0,1010.1,84.89506306062921
2023-05-27 18:00:00,28.2,1010.5,87.36638064071765
2023-05-27 21:00:00,27.6,1008.6,88.88427217188078
2023-05-28 00:00:00,26.6,1008.5,88.80618472944694
2023-05-28 03:00:00,29.4,1009.8,80.53536024141098
2023-05-28 06:00:00,33.0,1009.7,64.44613125580591
2023-05-28 09:00:00,33.5,1007.3,64.54995217520091
2023-05-28 12:00:00,31.6,1007.2,68.51690400466761
2023-05-28 15:00:00,29.2,1008.7,78.61640505640382
2023-05-28 18:00:00,28.0,1009.3,85.80667728802291
2023-05-28 21:00:00,27.0,1007.2,92.06569807815053
2023-05-29 00:00:00,26.8,1007.2,88.82186644716782
2023-05-29 03:00:00,29.0,1009.4,87.95208930052544
2023-05-29 06:00:00,33.6,1009.2,63.81035576931347
2023-05-29 09:00:00,33.2,1007.1,68.41626758283552
2023-05-29 12:00:00,31.6,1007.5,72.27808999036708
2023-05-29 15:00:00,29.4,1009.5,77.71354294293734
2023-05-29 18:00:00,28.0,1009.6,81.80996009312997
2023-05-29 21:00:00,27.8,1009.1,82.77031896665545
2023-05-30 00:00:00,26.8,1009.3,88.82186644716782
2023-05-30 03:00:00,29.0,1010.6,83.40169277956687
2023-05-30 06:00:00,32.2,1010.1,69.03930501374236
2023-05-30 09:00:00,32.8,1008.4,66.74127585978114
2023-05-30 12:00:00,30.8,1007.7,77.00117625197225
2023-05-30 15:00:00,29.4,1010.3,80.53536024141098
2023-05-30 18:00:00,28.2,1010.2,84.81254813644145
2023-05-30 21:00:00,27.4,1009.2,87.29619508920601
2023-05-31 00:00:00,26.4,1008.9,90.39836619855579
2023-05-31 03:00:00,29.0,1010.4,83.40169277956687
2023-05-31 06:00:00,32.6,1009.7,71.60318423066752
2023-05-31 09:00:00,32.6,1007.7,66.70160074556692
2023-05-31 12:00:00,30.4,1008.1,78.31948639832048
2023-05-31 15:00:00,25.6,1010.1,93.09525743190015
2023-05-31 18:00:00,25.8,1010.7,93.10518672866101
2023-05-31 21:00:00,25.8,1009.1,91.99744908137737
2023-06-01 00:00:00,25.4,1008.9,94.77352241613059
2023-06-01 03:00:00,28.4,1010.2,84.83323810049623
2023-06-01 06:00:00,32.0,1011.0,67.38029965170892
2023-06-01 09:00:00,31.4,1009.0,74.85285642920122
2023-06-01 12:00:00,30.6,1008.6,70.40290332892224
2023-06-01 15:00:00,29.1,1009.8,81.25120190999698
2023-06-01 18:00:00,27.6,1010.9,92.09950049107172
2023-06-01 21:00:00,26.6,1007.6,90.41194193154737
2023-06-02 00:00:00,26.4,1008.4,96.51405730461323
2023-06-02 03:00:00,28.4,1010.5,71.71785815951927
2023-06-02 06:00:00,32.0,1010.9,63.85356133058713
2023-06-02 09:00:00,33.4,1008.7,64.91266364161814
2023-06-02 12:00:00,31.2,1007.7,74.82093472023674
2023-06-02 15:00:00,29.2,1010.5,76.30480387190515
2023-06-02 18:00:00,28.8,1010.4,77.62630156297041
2023-06-02 21:00:00,27.8,1009.1,82.77031896665545
2023-06-03 00:00:00,27.4,1008.8,90.46596324112937
2023-06-03 03:00:00,29.2,1010.0,79.08600581526997
2023-06-03 09:00:00,33.0,1008.0,59.989879094366785
2023-06-03 12:00:00,31.0,1007.9,67.99377352527183
2023-06-03 15:00:00,29.4,1010.0,86.44896966030107
2023-06-03 18:00:00,27.8,1010.8,82.77031896665545
2023-06-03 21:00:00,26.4,1009.3,90.39836619855579
2023-06-04 00:00:00,25.6,1009.4,93.09525743190015
2023-06-04 03:00:00,27.2,1010.5,84.20248990010974
2023-06-04 06:00:00,31.0,1010.8,78.40390010984709
2023-06-04 09:00:00,33.4,1007.9,64.91266364161814
2023-06-04 12:00:00,30.4,1007.5,72.93500760473812
2023-06-04 15:00:00,28.4,1009.3,80.40588280898815
2023-06-04 18:00:00,27.8,1010.3,87.33135888966177
2023-06-04 21:00:00,27.0,1008.9,88.83751596451742
2023-06-05 00:00:00,26.6,1008.9,93.69982968596882
2023-06-05 03:00:00,29.0,1010.4,83.40169277956687
2023-06-05 06:00:00,32.0,1009.5,66.1862478230639
2023-06-05 09:00:00,32.0,1008.1,69.82505728068918
2023-06-05 12:00:00,31.2,1008.0,70.93306375697343
2023-06-05 15:00:00,25.6,1010.1,96.49361034454672
2023-06-05 18:00:00,25.6,1010.6,94.78110774663195
2023-06-05 21:00:00,25.2,1009.5,93.07533521182425
2023-06-06 00:00:00,25.0,1007.7,94.7583025301895
2023-06-06 03:00:00,27.4,1009.5,85.74806761675889
2023-06-06 06:00:00,30.4,1009.9,71.64060697493404
2023-06-06 09:00:00,32.8,1007.5,65.56377770296238
2023-06-06 12:00:00,30.0,1007.0,78.26294962837345
2023-06-06 15:00:00,28.4,1008.8,83.33433758376981
2023-06-06 18:00:00,28.2,1010.3,84.81254813644145
2023-06-06 21:00:00,26.0,1009.3,93.67255110424425
2023-06-07 00:00:00,25.4,1009.0,93.08530694612072
2023-06-07 03:00:00,28.0,1010.2,90.50618565208272
2023-06-07 06:00:00,29.2,1010.7,87.96874224697314
2023-06-07 09:00:00,31.4,1008.8,74.85285642920122
2023-06-07 12:00:00,26.0,1008.8,92.00888400052642
2023-06-07 15:00:00,26.4,1009.2,96.51405730461323
2023-06-07 18:00:00,26.0,1010.6,94.79622941585653
2023-06-07 21:00:00,25.6,1009.7,94.78110774663195
2023-06-08 00:00:00,24.0,1009.0,96.45217641736166
2023-06-08 03:00:00,26.0,1010.9,94.79622941585653
2023-06-08 06:00:00,30.0,1011.1,78.26294962837345
2023-06-08 09:00:00,31.2,1008.7,69.67698198453844
2023-06-08 12:00:00,29.0,1008.7,72.25862568930161
2023-06-08 15:00:00,26.4,1010.1,87.207659213301
2023-06-08 18:00:00,25.6,1010.6,87.13618000678832
2023-06-08 21:00:00,25.2,1009.0,89.77318651955946
2023-06-09 00:00:00,24.8,1008.6,91.38660473195172
2023-06-09 03:00:00,27.8,1010.4,84.2669381064797
2023-06-09 06:00:00,31.2,1009.7,70.93306375697343
2023-06-09 09:00:00,31.0,1007.5,72.1742265807024
2023-06-09 12:00:00,27.8,1007.5,78.41909711972701
2023-06-09 15:00:00,26.0,1008.7,84.07244076824206
2023-06-09 18:00:00,25.8,1010.0,82.03579612571595
2023-06-09 21:00:00,25.0,1008.4,94.7583025301895
2023-06-10 00:00:00,25.0,1008.2,93.06534216930645
2023-06-10 03:00:00,27.0,1009.4,84.18092213796281
2023-06-10 06:00:00,32.0,1008.6,67.38029965170892
2023-06-10 09:00:00,32.8,1006.9,61.03350741643827
2023-06-10 12:00:00,30.6,1006.9,69.14973459026399
2023-06-10 15:00:00,27.0,1008.2,82.67693820709039
2023-06-10 18:00:00,26.6,1008.5,84.13765842724912
2023-06-10 21:00:00,26.4,1007.0,85.64959932544602
2023-06-11 00:00:00,25.6,1007.4,87.13618000678832
2023-06-11 03:00:00,27.2,1008.6,82.70035172790627
2023-06-11 06:00:00,27.8,1009.0,88.89979374390309
2023-06-11 09:00:00,31.0,1006.8,76.1271052167908
2023-06-11 12:00:00,29.0,1006.7,79.0585121873896
2023-06-11 15:00:00,27.0,1008.3,90.43900875787912
2023-06-11 18:00:00,26.6,1008.4,92.04304428506519
2023-06-11 21:00:00,26.0,1007.2,96.503856108436
2023-06-12 00:00:00,25.0,1006.7,96.47815756865955
2023-06-12 03:00:00,26.8,1009.0,93.70888380751718
2023-06-12 06:00:00,30.0,1008.9,76.88217771852533
2023-06-12 09:00:00,27.2,1007.3,93.72693426762005
2023-06-12 12:00:00,27.8,1006.9,82.77031896665545
2023-06-12 15:00:00,26.4,1008.3,92.03168153578638
2023-06-12 18:00:00,26.2,1008.9,93.68166338882529
2023-06-12 21:00:00,24.6,1008.0,96.46779925124456
2023-06-13 00:00:00,24.4,1009.2,96.4626030540391
2023-06-13 03:00:00,25.0,1010.2,96.47815756865955
2023-06-13 06:00:00,28.4,1010.6,78.97572139747378
2023-06-13 09:00:00,31.4,1007.4,70.96895584191402
2023-06-13 12:00:00,30.0,1007.2,74.18441432342445
2023-06-13 15:00:00,27.2,1008.8,84.20248990010974
2023-06-13 18:00:00,26.8,1009.7,85.68910507577876
2023-06-13 21:00:00,26.4,1008.9,90.39836619855579
2023-06-14 00:00:00,25.0,1009.5,86.5553591977721
2023-06-14 03:00:00,26.2,1011.7,90.38476214988123
2023-06-14 06:00:00,30.2,1011.6,72.90096632227306
2023-06-14 09:00:00,33.2,1007.8,64.48770817549526
2023-06-14 12:00:00,31.0,1007.8,77.48613913975385
2023-06-14 15:00:00,28.4,1010.2,80.40588280898815
2023-06-14 18:00:00,27.2,1010.2,84.20248990010974
2023-06-14 21:00:00,26.4,1008.6,87.207659213301
2023-06-15 00:00:00,26.0,1009.2,90.37112970835472
2023-06-15 03:00:00,28.6,1010.4,81.88293095675748
2023-06-15 06:00:00,32.8,1010.2,65.56377770296238
2023-06-15 09:00:00,33.0,1008.2,63.305763001067604
2023-06-15 12:00:00,32.0,1007.4,67.38029965170892
2023-06-15 15:00:00,28.6,1009.4,83.35683314726084
2023-06-15 18:00:00,27.4,1010.4,90.46596324112937
2023-06-15 21:00:00,26.6,1008.5,90.41194193154737
2023-06-16 00:00:00,26.2,1008.7,93.68166338882529
2023-06-16 03:00:00,28.0,1010.5,85.80667728802291
2023-06-16 06:00:00,32.2,1009.8,69.03930501374236
2023-06-16 09:00:00,32.4,1007.3,70.31283604150148
2023-06-16 12:00:00,30.4,1006.9,75.58532357148971
2023-06-16 15:00:00,28.2,1009.5,83.31179804309043
2023-06-16 18:00:00,27.0,1010.0,90.43900875787912
2023-06-16 21:00:00,26.4,1008.5,90.39836619855579
2023-06-17 00:00:00,26.0,1008.7,93.67255110424425
2023-06-17 03:00:00,27.4,1010.7,85.74806761675889
2023-06-17 06:00:00,31.4,1009.8,73.53807422593974
2023-06-17 09:00:00,31.2,1008.8,74.82093472023674
2023-06-17 12:00:00,29.2,1009.2,77.68451620551635
2023-06-17 15:00:00,25.0,1010.7,98.22526839673633
2023-06-17 18:00:00,25.0,1010.7,98.22526839673633
2023-06-17 21:00:00,25.0,1008.7,93.06534216930645
2023-06-18 00:00:00,24.6,1008.9,96.46779925124456
2023-06-18 03:00:00,25.0,1010.2,96.47815756865955
2023-06-18 06:00:00,28.2,1010.3,81.83433063230953
2023-06-18 09:00:00,29.2,1008.4,79.08600581526997
2023-06-18 12:00:00,28.5,1008.3,81.38430034286965
2023-06-18 15:00:00,25.8,1009.5,85.59004257177266
2023-06-18 21:00:00,25.2,1008.4,88.1609235163349
2023-06-19 00:00:00,24.6,1007.3,91.37426421535667
2023-06-19 03:00:00,27.0,1008.7,87.26088849314073
2023-06-19 06:00:00,30.8,1008.3,73.00291172196927
2023-06-19 09:00:00,31.0,1006.9,70.89711040322032
2023-06-19 12:00:00,28.0,1006.5,80.3537462205201
2023-06-19 15:00:00,26.2,1007.3,90.38476214988123
2023-06-19 18:00:00,26.4,1007.7,93.69075623120435
2023-06-19 21:00:00,25.8,1006.4,91.99744908137737
2023-06-20 00:00:00,25.0,1006.4,94.7583025301895
2023-06-20 03:00:00,27.0,1008.3,87.26088849314073
2023-06-20 06:00:00,30.4,1007.8,79.71870652103674
2023-06-20 09:00:00,31.4,1006.1,73.53807422593974
2023-06-20 12:00:00,29.8,1005.7,75.49139258129554
2023-06-20 15:00:00,27.4,1007.4,85.74806761675889
2023-06-20 18:00:00,26.4,1007.8,90.39836619855579
2023-06-20 21:00:00,26.2,1006.8,92.0202947964304
2023-06-21 00:00:00,25.4,1006.9,93.08530694612072
2023-06-21 03:00:00,28.0,1008.2,87.34888747491027
2023-06-21 06:00:00,30.0,1008.7,76.88217771852533
2023-06-21 09:00:00,31.0,1007.5,73.47141965449843
2023-06-21 12:00:00,29.4,1007.0,79.11344799319119
2023-06-21 15:00:00,27.0,1008.7,87.26088849314073
2023-06-21 18:00:00,26.0,1009.4,92.00888400052642
2023-06-21 21:00:00,25.4,1007.9,91.42347038708563
2023-06-22 00:00:00,25.0,1007.4,88.14427552074832
2023-06-22 03:00:00,27.2,1008.9,86.2424565444675
2023-06-22 06:00:00,31.6,1008.2,67.30181208332723
2023-06-22 09:00:00,32.4,1007.1,67.85998060995067
2023-06-22 12:00:00,30.2,1007.0,72.90096632227306
2023-06-22 15:00:00,27.4,1008.4,81.24686676192346
2023-06-22 18:00:00,26.8,1009.3,84.15931168305403
2023-06-22 21:00:00,26.4,1008.4,85.64959932544602
2023-06-23 00:00:00,25.4,1008.3,90.33006125111788
2023-06-23 03:00:00,28.0,1009.9,83.28921441559984
2023-06-23 06:00:00,32.2,1009.2,70.27643339934488
2023-06-23 09:00:00,33.0,1007.0,63.305763001067604
2023-06-23 12:00:00,31.0,1007.2,67.99377352527183
2023-06-23 15:00:00,28.2,1009.0,80.37983931978188
2023-06-23 18:00:00,27.0,1009.4,85.7087986323302
2023-06-23 21:00:00,26.0,1008.2,87.17199233244091
2023-06-24 00:00:00,25.4,1008.1,88.17753730223563
2023-06-24 03:00:00,27.6,1009.1,79.81995065848324
2023-06-24 06:00:00,32.0,1008.6,65.01074996458017
2023-06-24 09:00:00,32.4,1006.9,62.800694130044874
2023-06-24 12:00:00,30.4,1007.0,70.36635155961307
2023-06-24 15:00:00,27.4,1008.4,79.79314536748959
2023-06-24 18:00:00,26.4,1008.7,84.11596226208941
2023-06-24 21:00:00,26.0,1007.5,85.60993471040011
2023-06-25 00:00:00,25.4,1007.2,91.42347038708563
2023-06-25 03:00:00,28.0,1009.2,81.80996009312997
2023-06-25 06:00:00,32.0,1008.7,66.1862478230639
2023-06-25 09:00:00,30.0,1007.9,72.866865390855
2023-06-25 12:00:00,26.0,1008.3,93.67255110424425
2023-06-25 15:00:00,24.4,1010.5,96.4626030540391
2023-06-25 18:00:00,24.8,1011.1,96.47298407847299
2023-06-25 21:00:00,24.4,1008.9,96.4626030540391
2023-06-26 00:00:00,23.6,1008.9,96.44170390257318
2023-06-26 03:00:00,25.2,1010.6,94.76592069291524
2023-06-26 06:00:00,30.4,1010.0,71.64060697493404
2023-06-26 09:00:00,31.2,1008.4,70.93306375697343
2023-06-26 12:00:00,28.4,1008.1,81.37186628430194
2023-06-26 15:00:00,26.2,1009.9,84.09422307879059
2023-06-26 18:00:00,25.0,1011.1,86.5553591977721
2023-06-26 21:00:00,24.8,1009.1,89.74414366257271
2023-06-27 00:00:00,24.2,1009.2,94.7276645424548
2023-06-27 03:00:00,25.2,1011.2,96.48331975462109
2023-06-27 06:00:00,24.0,1012.7,89.68569309935684
2023-06-27 09:00:00,24.2,1011.5,98.21471657176035
2023-06-27 12:00:00,23.8,1010.9,96.4469459114231
2023-06-27 15:00:00,23.0,1010.2,96.42590852260086
2023-06-27 18:00:00,23.0,1011.3,92.96422650821278
2023-06-27 21:00:00,23.0,1010.0,91.27459428964966
2023-06-28 00:00:00,23.4,1009.5,92.98462350012163
2023-06-28 03:00:00,25.6,1011.3,91.43570721258781
2023-06-28 06:00:00,30.0,1011.2,72.866865390855
2023-06-28 09:00:00,26.4,1010.2,87.207659213301
2023-06-28 12:00:00,27.6,1010.1,76.98390463811192
2023-06-28 15:00:00,26.0,1011.7,90.37112970835472
2023-06-28 18:00:00,25.4,1012.4,91.42347038708563
2023-06-28 21:00:00,25.0,1011.4,91.39891921824884
2023-06-29 00:00:00,24.2,1010.9,93.02515571569042
2023-06-29 03:00:00,25.8,1012.7,91.99744908137737
2023-06-29 06:00:00,26.6,1012.7,88.80618472944694
2023-06-29 09:00:00,29.2,1010.9,73.60956501820533
2023-06-29 12:00:00,29.4,1009.3,76.33535606218936
2023-06-29 15:00:00,26.6,1011.1,87.22543835052973
2023-06-29 18:00:00,25.8,1012.2,90.35746879655075
2023-06-29 21:00:00,25.4,1009.9,93.08530694612072
2023-06-30 00:00:00,23.8,1010.5,94.71224568260264
2023-06-30 03:00:00,27.0,1011.9,84.18092213796281
2023-06-30 06:00:00,31.2,1011.6,69.67698198453844
2023-06-30 09:00:00,32.4,1009.4,60.57918429384643
2023-06-30 12:00:00,30.4,1008.4,74.24982249791255
2023-06-30 15:00:00,27.4,1010.2,85.74806761675889
2023-06-30 18:00:00,26.4,1011.2,88.79047072518293
2023-06-30 21:00:00,25.8,1009.9,90.35746879655075
2023-07-01 00:00:00,25.0,1009.7,91.39891921824884
2023-07-01 03:00:00,27.2,1011.7,82.70035172790627
2023-07-01 06:00:00,32.4,1011.8,65.48228630790443
2023-07-01 09:00:00,31.6,1009.2,67.30181208332723
2023-07-01 12:00:00,30.0,1009.4,71.5698382304094
2023-07-01 15:00:00,27.6,1010.9,84.24549777703992
2023-07-01 18:00:00,26.4,1011.6,88.79047072518293
2023-07-01 21:00:00,25.5,1009.4,89.79488939225725
2023-07-02 00:00:00,25.4,1009.6,93.08530694612072
2023-07-02 03:00:00,26.2,1010.0,92.0202947964304
2023-07-02 06:00:00,30.6,1010.3,74.28243957799879
2023-07-02 09:00:00,32.4,1008.3,63.9379440059793
2023-07-02 12:00:00,29.0,1008.8,81.9313443709877
2023-07-02 15:00:00,26.2,1011.0,92.0202947964304
2023-07-02 18:00:00,24.4,1010.7,96.4626030540391
2023-07-02 21:00:00,24.2,1009.9,96.45739545380262
2023-07-03 00:00:00,23.6,1009.2,94.70451111903132
2023-07-03 03:00:00,25.0,1011.1,89.75868022431183
2023-07-03 06:00:00,24.0,1012.6,98.2120639566388
2023-07-03 09:00:00,25.0,1010.3,94.7583025301895
2023-07-03 12:00:00,25.0,1009.5,94.7583025301895
2023-07-03 15:00:00,24.0,1009.6,94.71996347442106
2023-07-03 18:00:00,24.4,1010.3,93.03523459227986
2023-07-03 21:00:00,24.2,1009.2,93.02515571569042
2023-07-04 00:00:00,24.0,1008.6,96.45217641736166
2023-07-04 03:00:00,24.0,1010.2,96.45217641736166
2023-07-04 06:00:00,24.0,1011.2,96.45217641736166
2023-07-04 09:00:00,26.6,1008.9,88.80618472944694
2023-07-04 12:00:00,23.8,1008.0,94.71224568260264
2023-07-04 15:00:00,23.4,1009.0,96.43645035727725
2023-07-04 18:00:00,23.0,1010.0,98.19871205791138
2023-07-04 21:00:00,23.0,1008.0,98.19871205791138
2023-07-05 00:00:00,23.0,1007.5,96.42590852260086
2023-07-05 03:00:00,24.4,1008.3,98.21736330604563
2023-07-05 06:00:00,27.0,1008.3,92.06569807815053
2023-07-05 09:00:00,28.6,1006.6,84.8538871735531
2023-07-05 12:00:00,25.0,1006.9,96.47815756865955
2023-07-05 15:00:00,24.6,1008.7,98.22000417681151
2023-07-05 18:00:00,24.4,1010.2,98.21736330604563
2023-07-05 21:00:00,24.2,1008.8,98.21471657176035
2023-07-06 00:00:00,23.0,1009.1,98.19871205791138
2023-07-06 03:00:00,24.0,1009.7,98.2120639566388
2023-07-06 06:00:00,28.2,1010.2,84.81254813644145
2023-07-06 09:00:00,27.4,1008.4,82.72371961951407
2023-07-06 12:00:00,27.4,1007.9,79.79314536748959
2023-07-06 15:00:00,25.6,1010.3,91.43570721258781
2023-07-06 18:00:00,24.8,1011.0,91.38660473195172
2023-07-06 21:00:00,24.4,1010.6,93.03523459227986
2023-07-07 00:00:00,24.4,1010.7,96.4626030540391
2023-07-07 03:00:00,25.4,1012.3,96.48847066905626
2023-07-07 06:00:00,28.4,1012.0,83.33433758376981
2023-07-07 09:00:00,30.0,1010.1,74.18441432342445
2023-07-07 12:00:00,28.0,1010.0,81.80996009312997
2023-07-07 15:00:00,25.4,1011.3,93.08530694612072
2023-07-07 18:00:00,25.2,1012.1,94.76592069291524
2023-07-07 21:00:00,25.0,1010.7,94.7583025301895
2023-07-08 00:00:00,24.2,1010.9,98.21471657176035
2023-07-08 03:00:00,24.4,1013.7,98.21736330604563
2023-07-08 06:00:00,28.2,1012.5,80.37983931978188
2023-07-08 09:00:00,31.0,1010.4,69.22506422320274
2023-07-08 12:00:00,28.8,1009.7,74.88236905493878
2023-07-08 15:00:00,26.4,1011.0,84.11596226208941
2023-07-08 18:00:00,25.8,1011.4,87.15410439808417
2023-07-08 21:00:00,25.6,1009.5,88.72729010944434
2023-07-09 00:00:00,25.2,1009.8,89.77318651955946
2023-07-09 03:00:00,27.4,1010.8,82.72371961951407
2023-07-09 06:00:00,31.6,1010.3,67.30181208332723
2023-07-09 09:00:00,30.2,1008.9,70.32973763313946
2023-07-09 12:00:00,30.2,1008.3,69.0741524820506
2023-07-09 15:00:00,27.0,1010.0,85.7087986323302
2023-07-09 18:00:00,26.2,1010.6,87.18984390567529
2023-07-09 21:00:00,25.6,1009.4,88.72729010944434
2023-07-10 00:00:00,25.4,1009.3,94.77352241613059
2023-07-10 03:00:00,26.8,1010.2,87.24318141227258
2023-07-10 06:00:00,32.2,1009.6,62.75759984410254
2023-07-10 09:00:00,32.0,1008.0,67.38029965170892
2023-07-10 12:00:00,29.0,1008.0,76.27419595958764
2023-07-10 15:00:00,27.0,1010.0,85.7087986323302
2023-07-10 18:00:00,26.8,1010.5,88.82186644716782
2023-07-10 21:00:00,26.2,1009.1,90.38476214988123
2023-07-11 00:00:00,25.8,1008.9,91.99744908137737
2023-07-11 03:00:00,27.8,1010.1,87.33135888966177
2023-07-11 06:00:00,30.0,1009.7,76.88217771852533
2023-07-11 09:00:00,32.0,1007.8,67.38029965170892
2023-07-11 12:00:00,30.2,1007.5,70.32973763313946
2023-07-11 15:00:00,27.4,1009.3,82.72371961951407
2023-07-11 18:00:00,26.2,1010.3,88.7747243479242
2023-07-11 21:00:00,25.4,1008.7,91.42347038708563
2023-07-12 00:00:00,25.0,1008.3,94.7583025301895
2023-07-12 03:00:00,27.2,1010.3,90.45250000428203
2023-07-12 06:00:00,32.2,1009.1,65.05199403084112
2023-07-12 09:00:00,31.4,1007.3,68.47868492425357
2023-07-12 12:00:00,29.2,1007.4,74.94658155009306
2023-07-12 15:00:00,27.2,1009.9,85.72845277885752
2023-07-12 18:00:00,26.6,1010.5,90.41194193154737
2023-07-12 21:00:00,26.2,1009.1,90.38476214988123
2023-07-13 00:00:00,25.6,1008.8,93.09525743190015
2023-07-13 03:00:00,27.4,1010.3,87.29619508920601
2023-07-13 06:00:00,29.6,1010.3,76.82235153000387
2023-07-13 09:00:00,30.4,1009.0,67.87721438855921
2023-07-13 15:00:00,26.8,1010.8,81.17128800561531
2023-07-13 18:00:00,26.4,1011.7,84.11596226208941
2023-07-13 21:00:00,26.0,1010.0,88.7589455109383
2023-07-14 00:00:00,25.0,1010.3,91.39891921824884
2023-07-14 03:00:00,26.0,1012.1,88.7589455109383
2023-07-14 06:00:00,26.8,1012.1,90.42548942576907
2023-07-14 09:00:00,32.8,1009.1,69.15187043596707
2023-07-14 12:00:00,29.0,1008.6,73.57607488115697
2023-07-14 15:00:00,26.4,1011.1,87.207659213301
2023-07-14 18:00:00,26.0,1011.8,85.60993471040011
2023-07-14 21:00:00,25.8,1011.1,88.74313412721081
2023-07-15 00:00:00,25.0,1010.5,89.75868022431183
2023-07-15 03:00:00,27.2,1011.4,82.70035172790627
2023-07-15 06:00:00,32.0,1010.9,65.01074996458017
2023-07-15 09:00:00,31.8,1008.7,66.14596424716504
2023-07-15 12:00:00,30.0,1008.0,71.5698382304094
2023-07-15 15:00:00,26.8,1010.3,84.15931168305403
2023-07-15 18:00:00,26.2,1011.0,85.62978692730046
2023-07-15 21:00:00,25.8,1009.5,87.15410439808417
2023-07-16 00:00:00,25.2,1009.7,93.07533521182425
2023-07-16 03:00:00,27.2,1010.4,87.27855968744687
2023-07-16 06:00:00,31.0,1010.2,73.47141965449843
2023-07-16 09:00:00,32.2,1008.1,67.82126335429727
2023-07-16 12:00:00,30.0,1007.6,74.18441432342445
2023-07-16 15:00:00,27.4,1009.8,84.22401507730588
2023-07-16 18:00:00,26.6,1010.5,90.41194193154737
2023-07-17 00:00:00,25.8,1008.9,94.78867673105134
2023-07-17 03:00:00,27.4,1010.1,90.46596324112937
2023-07-17 06:00:00,30.4,1010.1,71.64060697493404
2023-07-17 09:00:00,31.6,1008.2,67.30181208332723
2023-07-17 12:00:00,29.8,1007.9,75.49139258129554
2023-07-17 15:00:00,27.4,1010.2,90.46596324112937
2023-07-17 18:00:00,26.8,1008.9,90.42548942576907
2023-07-17 21:00:00,26.4,1009.2,94.81128607168019
2023-07-18 00:00:00,26.2,1009.5,93.68166338882529
2023-07-18 03:00:00,27.4,1011.1,88.86871874139695
2023-07-18 06:00:00,30.0,1010.8,76.88217771852533
2023-07-18 09:00:00,30.0,1009.0,75.5227593496699
2023-07-18 12:00:00,28.4,1007.9,80.40588280898815
2023-07-18 15:00:00,27.0,1010.3,88.83751596451742
2023-07-18 18:00:00,24.8,1011.0,96.47298407847299
2023-07-18 21:00:00,25.0,1009.4,94.7583025301895
2023-07-19 00:00:00,25.2,1008.6,96.48331975462109
2023-07-19 03:00:00,26.4,1010.0,93.69075623120435
2023-07-19 06:00:00,29.2,1009.8,81.95548127118022
2023-07-19 09:00:00,31.0,1007.8,73.47141965449843
2023-07-19 12:00:00,28.8,1007.3,76.24353220041739
2023-07-19 15:00:00,26.6,1008.8,87.22543835052973
2023-07-19 18:00:00,25.0,1009.7,93.06534216930645
2023-07-19 21:00:00,25.0,1007.6,93.06534216930645
2023-07-20 00:00:00,24.8,1008.1,96.47298407847299
2023-07-20 03:00:00,26.6,1009.6,98.24609415561163
2023-07-20 06:00:00,30.4,1008.7,75.58532357148971
2023-07-20 09:00:00,32.0,1007.1,66.1862478230639
2023-07-20 12:00:00,29.6,1006.4,78.20620296447258
2023-07-20 15:00:00,27.6,1008.2,88.88427217188078
2023-07-20 18:00:00,26.8,1009.7,90.42548942576907
2023-07-20 21:00:00,26.0,1008.3,93.67255110424425
2023-07-21 00:00:00,25.8,1007.4,94.78867673105134
2023-07-21 03:00:00,27.6,1008.7,90.47939854432097
2023-07-21 06:00:00,30.8,1009.1,69.18743090524858
2023-07-21 09:00:00,31.2,1008.2,69.67698198453844
2023-07-21 12:00:00,29.2,1008.6,76.30480387190515
2023-07-21 15:00:00,27.4,1010.4,85.74806761675889
2023-07-21 18:00:00,27.0,1011.4,85.7087986323302
2023-07-21 21:00:00,26.4,1010.1,88.79047072518293
2023-07-22 00:00:00,26.2,1010.2,92.0202947964304
2023-07-22 03:00:00,27.0,1011.4,93.71791865005993
2023-07-22 06:00:00,31.8,1011.0,68.55505992605102
2023-07-22 09:00:00,32.0,1009.5,65.01074996458017
2023-07-22 12:00:00,30.0,1009.7,72.866865390855
2023-07-22 15:00:00,27.8,1011.0,84.2669381064797
2023-07-22 18:00:00,27.0,1012.0,90.43900875787912
2023-07-22 21:00:00,26.6,1010.6,90.41194193154737
2023-07-23 00:00:00,25.2,1010.2,91.41120774609278
2023-07-23 03:00:00,26.4,1011.2,93.69075623120435
2023-07-23 06:00:00,31.0,1010.9,66.3818887938788
2023-07-23 09:00:00,27.8,1009.5,93.7538663078413
2023-07-23 12:00:00,28.0,1009.5,83.28921441559984
2023-07-23 15:00:00,24.4,1010.7,93.03523459227986
2023-07-23 18:00:00,24.6,1011.2,89.72957675197986
2023-07-23 21:00:00,24.2,1010.2,98.21471657176035
2023-07-24 00:00:00,23.4,1009.4,96.43645035727725
2023-07-24 03:00:00,25.0,1010.9,93.06534216930645
2023-07-24 06:00:00,28.0,1010.9,92.12191734434786
2023-07-24 09:00:00,30.0,1008.2,79.66535824918688
2023-07-24 12:00:00,29.8,1008.2,76.85229197010862
2023-07-24 15:00:00,27.2,1009.9,90.45250000428203
2023-07-24 18:00:00,26.4,1010.5,92.03168153578638
2023-07-24 21:00:00,25.8,1009.0,93.10518672866101
2023-07-25 00:00:00,24.0,1009.0,94.71996347442106
2023-07-25 03:00:00,25.8,1010.2,94.78867673105134
2023-07-25 06:00:00,29.2,1010.9,80.5095630310082
2023-07-25 09:00:00,31.0,1008.6,76.1271052167908
2023-07-25 12:00:00,27.0,1009.1,85.7087986323302
2023-07-25 15:00:00,24.4,1011.2,89.71497940989825
2023-07-25 18:00:00,24.4,1011.2,89.71497940989825
2023-07-25 21:00:00,24.2,1010.5,89.70035155341864
2023-07-26 00:00:00,23.6,1010.3,96.44170390257318
2023-07-26 03:00:00,25.2,1011.7,93.07533521182425
2023-07-26 06:00:00,28.0,1012.2,87.34888747491027
2023-07-26 09:00:00,30.6,1010.4,70.40290332892224
2023-07-26 12:00:00,26.2,1011.0,88.7747243479242
2023-07-26 15:00:00,24.8,1011.7,89.74414366257271
2023-07-26 18:00:00,24.6,1012.2,89.72957675197986
2023-07-26 21:00:00,24.4,1010.8,91.36189759637527
2023-07-27 00:00:00,24.0,1011.0,93.01505522924245
2023-07-27 03:00:00,25.0,1012.7,88.14427552074832
2023-07-27 06:00:00,30.2,1012.0,72.90096632227306
2023-07-27 09:00:00,31.2,1010.2,66.82152314124305
2023-07-27 12:00:00,29.2,1009.7,68.46797755568882
2023-07-27 15:00:00,26.8,1011.9,79.71242342812477
2023-07-27 18:00:00,26.4,1012.1,82.60642273476351
2023-07-27 21:00:00,25.8,1010.1,88.74313412721081
2023-07-28 00:00:00,24.8,1009.9,83.42994899232998
2023-07-28 03:00:00,26.8,1012.0,81.17128800561531
2023-07-28 06:00:00,31.8,1011.0,66.14596424716504
2023-07-28 09:00:00,32.0,1009.1,62.71443976755974
2023-07-28 12:00:00,30.2,1009.1,67.83823315041917
2023-07-28 15:00:00,26.8,1011.2,78.27657315656734
2023-07-28 18:00:00,25.8,1011.6,84.05061522100549
2023-07-28 21:00:00,25.0,1009.7,89.75868022431183
2023-07-29 00:00:00,24.6,1009.7,91.37426421535667
2023-07-29 03:00:00,27.0,1011.2,82.67693820709039
2023-07-29 06:00:00,31.0,1010.9,63.258166707380134
2023-07-29 09:00:00,32.4,1008.8,61.68118591242464
2023-07-29 12:00:00,30.2,1008.8,75.55406963834521
2023-07-29 15:00:00,27.4,1011.2,75.567708226779
2023-07-29 18:00:00,26.4,1012.4,81.61329151166868
2023-07-29 21:00:00,25.8,1010.2,87.15410439808417
2023-07-30 00:00:00,25.4,1009.9,90.33006125111788
2023-07-30 03:00:00,27.0,1011.1,84.18092213796281
2023-07-30 06:00:00,31.2,1010.9,65.62945434667039
2023-07-30 09:00:00,32.2,1008.6,61.63719881412483
2023-07-30 12:00:00,30.4,1007.8,67.87721438855921
2023-07-30 15:00:00,27.6,1010.1,75.59926777139484
2023-07-30 18:00:00,26.2,1010.7,87.18984390567529
2023-07-30 21:00:00,25.4,1008.6,90.33006125111788
2023-07-31 00:00:00,25.0,1008.8,93.06534216930645
2023-07-31 03:00:00,27.0,1011.0,87.26088849314073
2023-07-31 06:00:00,31.0,1010.9,64.4141386029017
2023-07-31 09:00:00,32.0,1008.3,65.01074996458017
2023-07-31 12:00:00,30.6,1007.4,66.70183445693432
2023-07-31 15:00:00,27.4,1010.5,79.79314536748959
2023-07-31 18:00:00,26.6,1011.2,84.13765842724912
2023-07-31 21:00:00,26.4,1010.1,87.207659213301
2023-08-01 00:00:00,25.2,1009.4,93.07533521182425
2023-08-01 03:00:00,27.2,1011.0,87.27855968744687
2023-08-01 06:00:00,30.4,1010.8,71.64060697493404
2023-08-01 09:00:00,32.0,1009.2,65.01074996458017
2023-08-01 12:00:00,30.4,1009.2,65.07093044891502
2023-08-01 15:00:00,27.8,1011.1,78.41909711972701
2023-08-01 18:00:00,26.8,1011.4,82.65347894376836
2023-08-01 21:00:00,26.4,1010.7,87.207659213301
2023-08-02 00:00:00,25.4,1010.6,91.42347038708563
2023-08-02 03:00:00,27.4,1011.7,85.74806761675889
2023-08-02 06:00:00,30.6,1012.2,71.67589990470815
2023-08-02 09:00:00,31.6,1010.3,64.9280664556721
2023-08-02 12:00:00,30.0,1009.5,69.03626644470846
2023-08-02 15:00:00,27.4,1011.5,85.74806761675889
2023-08-02 18:00:00,26.6,1012.0,92.04304428506519
2023-08-02 21:00:00,26.0,1010.1,93.67255110424425
2023-08-03 00:00:00,25.6,1009.7,96.49361034454672
2023-08-03 03:00:00,27.8,1010.7,81.29701074620921
2023-08-03 06:00:00,31.4,1010.5,66.06520314217083
2023-08-03 09:00:00,32.4,1008.5,65.48228630790443
2023-08-03 12:00:00,29.8,1009.1,69.83477481244167
2023-08-03 15:00:00,27.6,1011.1,81.27196286112057
2023-08-03 18:00:00,26.6,1012.0,84.13765842724912
2023-08-03 21:00:00,26.4,1011.0,87.207659213301
2023-08-04 00:00:00,25.8,1010.7,91.99744908137737
2023-08-04 03:00:00,28.0,1012.8,85.80667728802291
2023-08-04 06:00:00,31.4,1012.2,66.06520314217083
2023-08-04 09:00:00,32.4,1010.6,63.9379440059793
2023-08-04 12:00:00,30.8,1010.3,70.43939306440934
2023-08-04 15:00:00,28.0,1012.1,80.3537462205201
2023-08-04 18:00:00,26.8,1013.5,87.24318141227258
2023-08-04 21:00:00,26.0,1012.5,92.00888400052642
2023-08-05 00:00:00,25.4,1012.6,91.42347038708563
2023-08-05 03:00:00,27.4,1013.8,79.79314536748959
2023-08-05 06:00:00,32.8,1013.0,58.51941154180648
2023-08-05 09:00:00,32.8,1012.0,59.58555475694366
2023-08-05 12:00:00,29.6,1010.7,69.7975639784289
2023-08-05 15:00:00,27.8,1012.6,75.63076994448524
2023-08-05 18:00:00,26.8,1013.4,81.17128800561531
2023-08-05 21:00:00,26.2,1012.0,85.62978692730046
2023-08-06 00:00:00,25.4,1011.8,94.77352241613059
2023-08-06 03:00:00,28.4,1012.9,92.14424033203443
2023-08-06 06:00:00,32.4,1011.7,67.85998060995067
2023-08-06 09:00:00,32.8,1009.6,63.26317222090716
2023-08-06 12:00:00,30.0,1009.2,72.866865390855
2023-08-06 15:00:00,27.6,1010.5,79.81995065848324
2023-08-06 18:00:00,26.4,1011.6,88.79047072518293
2023-08-06 21:00:00,25.6,1009.7,90.34377933678581
2023-08-07 00:00:00,25.2,1009.7,94.76592069291524
2023-08-07 03:00:00,27.8,1009.8,82.77031896665545
2023-08-07 06:00:00,31.4,1009.9,67.26247234040332
2023-08-07 09:00:00,32.4,1007.7,62.800694130044874
2023-08-07 12:00:00,30.0,1007.8,69.03626644470846
2023-08-07 18:00:00,26.6,1010.9,85.66937200749226
2023-08-07 21:00:00,26.0,1009.4,88.7589455109383
2023-08-08 00:00:00,25.0,1009.4,93.06534216930645
2023-08-08 03:00:00,27.8,1010.5,82.77031896665545
2023-08-08 06:00:00,30.2,1010.3,71.60525312499601
2023-08-08 09:00:00,32.4,1009.2,65.48228630790443
2023-08-08 12:00:00,30.0,1009.2,71.5698382304094
2023-08-08 15:00:00,27.4,1011.1,84.22401507730588
2023-08-08 18:00:00,26.4,1012.1,87.207659213301
2023-08-08 21:00:00,25.8,1011.2,84.05061522100549
2023-08-09 00:00:00,24.8,1010.7,94.75066788099174
2023-08-09 03:00:00,26.8,1011.8,87.24318141227258
2023-08-09 06:00:00,31.0,1011.7,70.89711040322032
2023-08-09 09:00:00,32.0,1010.1,67.38029965170892
2023-08-09 12:00:00,29.0,1009.4,72.25862568930161
2023-08-09 15:00:00,27.0,1012.1,85.7087986323302
2023-08-09 18:00:00,26.4,1012.1,90.39836619855579
2023-08-09 21:00:00,25.6,1010.6,90.34377933678581
2023-08-10 00:00:00,25.2,1010.8,93.07533521182425
2023-08-10 03:00:00,27.0,1012.4,82.67693820709039
2023-08-10 06:00:00,31.8,1012.0,66.14596424716504
2023-08-10 09:00:00,30.6,1010.0,74.28243957799879
2023-08-10 12:00:00,29.2,1010.1,77.68451620551635
2023-08-10 15:00:00,26.4,1012.0,90.39836619855579
2023-08-10 18:00:00,26.2,1012.5,90.38476214988123
2023-08-10 21:00:00,25.8,1010.9,91.99744908137737
2023-08-11 00:00:00,25.0,1010.2,94.7583025301895
2023-08-11 03:00:00,27.4,1011.0,84.22401507730588
2023-08-11 06:00:00,33.0,1010.4,61.07786865205016
2023-08-11 09:00:00,32.6,1008.2,67.89863459456423
2023-08-11 12:00:00,29.8,1008.7,74.15162297941144
2023-08-11 15:00:00,27.4,1011.5,84.22401507730588
2023-08-11 18:00:00,26.6,1012.4,85.66937200749226
2023-08-11 21:00:00,26.0,1010.5,88.7589455109383
2023-08-12 00:00:00,25.2,1010.3,91.41120774609278
2023-08-12 03:00:00,28.0,1011.8,83.28921441559984
2023-08-12 06:00:00,31.0,1011.4,69.22506422320274
2023-08-12 09:00:00,31.8,1009.4,63.81127171847181
2023-08-12 12:00:00,30.8,1008.7,67.95498445600064
2023-08-12 15:00:00,27.2,1011.2,79.76628914637874
2023-08-12 18:00:00,26.6,1012.0,85.66937200749226
2023-08-12 21:00:00,25.8,1010.4,91.99744908137737
2023-08-13 00:00:00,25.4,1010.3,91.42347038708563
2023-08-13 03:00:00,27.4,1011.6,84.22401507730588
2023-08-13 06:00:00,30.8,1011.4,73.00291172196927
2023-08-13 09:00:00,32.0,1007.5,61.59314569456349
2023-08-13 12:00:00,30.0,1008.5,70.29306142592459
2023-08-13 15:00:00,27.2,1010.7,82.70035172790627
2023-08-13 18:00:00,26.6,1011.1,85.66937200749226
2023-08-13 21:00:00,26.0,1010.2,88.7589455109383
2023-08-14 00:00:00,24.8,1010.1,93.05532775865673
2023-08-14 03:00:00,27.2,1011.7,85.72845277885752
2023-08-14 06:00:00,30.6,1011.6,72.96898936310727
2023-08-14 09:00:00,31.8,1009.2,66.14596424716504
2023-08-14 12:00:00,30.0,1009.0,72.866865390855
2023-08-14 15:00:00,27.4,1011.2,84.22401507730588
2023-08-14 18:00:00,27.0,1011.9,87.26088849314073
2023-08-14 21:00:00,26.4,1010.4,92.03168153578638
2023-08-15 00:00:00,25.2,1010.4,93.07533521182425
2023-08-15 03:00:00,27.2,1011.5,79.76628914637874
2023-08-15 06:00:00,31.0,1011.3,72.1742265807024
2023-08-15 09:00:00,31.0,1009.6,67.99377352527183
2023-08-15 12:00:00,29.0,1009.7,84.89506306062921
2023-08-15 15:00:00,26.6,1011.8,87.22543835052973
2023-08-15 18:00:00,26.0,1011.7,88.7589455109383
2023-08-15 21:00:00,25.6,1011.1,90.34377933678581
2023-08-16 00:00:00,24.2,1011.4,96.45739545380262
2023-08-16 03:00:00,25.8,1012.5,85.59004257177266
2023-08-16 06:00:00,31.0,1011.9,66.78169156880611
2023-08-16 09:00:00,31.4,1009.4,63.34384135735378
2023-08-16 12:00:00,29.0,1009.2,73.57607488115697
2023-08-16 15:00:00,26.8,1011.7,87.24318141227258
2023-08-16 18:00:00,25.6,1012.5,91.43570721258781
2023-08-16 21:00:00,25.4,1011.6,93.08530694612072
2023-08-17 00:00:00,24.4,1011.2,94.73534893450257
2023-08-17 03:00:00,27.0,1012.2,87.26088849314073
2023-08-17 06:00:00,31.8,1011.5,61.17889403213977
2023-08-17 09:00:00,32.2,1010.1,58.027960608356956
2023-08-17 12:00:00,29.2,1010.0,76.30480387190515
2023-08-17 15:00:00,27.6,1012.1,84.24549777703992
2023-08-17 18:00:00,26.8,1012.1,85.68910507577876
2023-08-17 21:00:00,26.2,1010.3,88.7747243479242
2023-08-18 00:00:00,25.6,1010.7,93.09525743190015
2023-08-18 03:00:00,27.4,1011.6,88.86871874139695
2023-08-18 06:00:00,31.6,1011.6,68.51690400466761
2023-08-18 09:00:00,31.4,1009.1,66.06520314217083
2023-08-18 12:00:00,30.0,1009.1,74.18441432342445
2023-08-18 15:00:00,27.4,1011.6,85.74806761675889
2023-08-18 18:00:00,27.0,1011.9,88.83751596451742
2023-08-18 21:00:00,26.6,1010.4,92.04304428506519
2023-08-19 00:00:00,24.0,1010.4,96.45217641736166
2023-08-19 03:00:00,25.8,1011.1,94.78867673105134
2023-08-19 06:00:00,31.4,1010.9,66.06520314217083
2023-08-19 09:00:00,32.2,1008.4,60.53434625894101
2023-08-19 12:00:00,29.6,1007.8,66.09873806993735
2023-08-19 15:00:00,27.4,1009.7,82.72371961951407
2023-08-19 18:00:00,26.6,1011.0,85.66937200749226
2023-08-19 21:00:00,26.0,1009.6,88.7589455109383
2023-08-20 00:00:00,25.0,1009.6,91.39891921824884
2023-08-20 03:00:00,27.3,1010.9,80.74688315431526
2023-08-20 06:00:00,31.6,1010.1,64.9280664556721
2023-08-20 09:00:00,31.8,1007.7,61.17889403213977
2023-08-20 12:00:00,30.4,1007.1,67.87721438855921
2023-08-20 15:00:00,27.4,1009.0,84.22401507730588
2023-08-20 18:00:00,26.4,1010.0,88.79047072518293
2023-08-20 21:00:00,25.8,1008.2,91.99744908137737
2023-08-21 00:00:00,25.0,1008.4,93.06534216930645
2023-08-21 03:00:00,27.4,1009.7,82.72371961951407
2023-08-21 06:00:00,33.0,1009.2,59.989879094366785
2023-08-21 09:00:00,32.8,1006.5,61.03350741643827
2023-08-21 12:00:00,30.4,1005.9,70.36635155961307
2023-08-21 15:00:00,27.6,1008.2,81.27196286112057
2023-08-21 18:00:00,26.8,1009.3,84.15931168305403
2023-08-21 21:00:00,26.0,1008.2,88.7589455109383
2023-08-22 00:00:00,25.6,1007.8,90.34377933678581
2023-08-22 03:00:00,28.0,1008.9,80.3537462205201
2023-08-22 06:00:00,33.7,1008.1,57.68077566672542
2023-08-22 09:00:00,34.0,1005.8,58.445589633486186
2023-08-22 12:00:00,30.0,1006.2,72.866865390855
2023-08-22 15:00:00,27.4,1009.3,85.74806761675889
2023-08-22 18:00:00,27.0,1010.5,87.26088849314073
2023-08-22 21:00:00,26.4,1008.8,90.39836619855579
2023-08-23 00:00:00,26.2,1008.7,90.38476214988123
2023-08-23 03:00:00,28.0,1010.1,80.3537462205201
2023-08-23 06:00:00,33.8,1008.9,58.050869508005654
2023-08-23 09:00:00,32.0,1006.7,65.01074996458017
2023-08-23 12:00:00,30.2,1006.8,65.02943476343613
2023-08-23 15:00:00,26.8,1009.3,84.15931168305403
2023-08-23 18:00:00,26.2,1010.2,87.18984390567529
2023-08-23 21:00:00,25.8,1008.8,88.74313412721081
2023-08-24 00:00:00,24.8,1009.1,88.12759322404811
2023-08-24 03:00:00,27.4,1010.2,76.95386898986409
2023-08-24 06:00:00,33.0,1009.3,59.989879094366785
2023-08-24 09:00:00,32.4,1007.3,59.49445671738769
2023-08-24 12:00:00,30.0,1007.6,69.03626644470846
2023-08-24 15:00:00,27.0,1009.5,84.18092213796281
2023-08-24 18:00:00,26.2,1010.6,88.7747243479242
2023-08-24 21:00:00,25.6,1008.9,94.78110774663195
2023-08-25 00:00:00,24.6,1009.0,91.37426421535667
2023-08-25 03:00:00,27.6,1010.5,82.7470419948832
2023-08-25 06:00:00,33.2,1009.5,56.53234399526844
2023-08-25 09:00:00,32.4,1007.5,62.800694130044874
2023-08-25 12:00:00,30.0,1007.8,69.03626644470846
2023-08-25 15:00:00,27.2,1010.1,84.20248990010974
2023-08-25 18:00:00,26.4,1011.1,85.64959932544602
2023-08-25 21:00:00,25.8,1009.5,88.74313412721081
2023-08-26 00:00:00,24.4,1009.3,93.03523459227986
2023-08-26 03:00:00,26.8,1011.3,84.15931168305403
2023-08-26 06:00:00,33.0,1010.3,59.989879094366785
2023-08-26 09:00:00,33.2,1007.9,56.53234399526844
2023-08-26 12:00:00,30.4,1008.1,71.64060697493404
2023-08-26 15:00:00,27.8,1010.3,82.77031896665545
2023-08-26 18:00:00,27.0,1011.7,87.26088849314073
2023-08-26 21:00:00,26.0,1010.1,92.00888400052642
2023-08-27 00:00:00,25.8,1010.1,91.99744908137737
2023-08-27 03:00:00,28.0,1011.6,81.80996009312997
2023-08-27 06:00:00,33.2,1010.8,62.22651784699078
2023-08-27 09:00:00,32.6,1008.5,60.623956285700366
2023-08-27 12:00:00,30.4,1008.3,71.64060697493404
2023-08-27 15:00:00,28.0,1011.4,83.28921441559984
2023-08-27 18:00:00,27.0,1012.1,87.26088849314073
2023-08-28 00:00:00,25.6,1009.7,91.43570721258781
2023-08-28 03:00:00,27.8,1011.7,79.84670514036797
2023-08-28 06:00:00,32.7,1011.2,61.378207752095804
2023-08-28 09:00:00,32.8,1009.1,58.51941154180648
2023-08-28 12:00:00,30.2,1008.8,75.55406963834521
2023-08-28 15:00:00,27.4,1011.1,84.22401507730588
2023-08-28 18:00:00,25.6,1010.9,96.49361034454672
2023-08-28 21:00:00,25.6,1009.4,94.78110774663195
2023-08-29 00:00:00,25.0,1008.4,94.7583025301895
2023-08-29 03:00:00,26.4,1010.4,88.79047072518293
2023-08-29 06:00:00,30.4,1010.8,72.93500760473812
2023-08-29 09:00:00,30.2,1008.2,71.60525312499601
2023-08-29 12:00:00,27.9,1008.5,72.50517266701948
2023-08-29 15:00:00,25.4,1011.4,94.77352241613059
2023-08-29 18:00:00,24.6,1011.1,94.74301669819423
2023-08-29 21:00:00,24.8,1008.8,91.38660473195172
2023-08-30 00:00:00,24.4,1009.3,94.73534893450257
2023-08-30 03:00:00,24.1,1010.8,97.62409658446244
2023-08-30 06:00:00,30.1,1010.0,73.759539172025
2023-08-30 09:00:00,32.4,1007.4,70.31283604150148
2023-08-30 12:00:00,29.4,1007.5,76.33535606218936
2023-08-30 15:00:00,27.4,1010.1,87.29619508920601
2023-08-30 18:00:00,26.8,1010.7,88.82186644716782
2023-08-30 21:00:00,26.0,1008.7,92.00888400052642
2023-08-31 00:00:00,26.0,1008.2,90.37112970835472
2023-08-31 03:00:00,28.0,1009.7,83.28921441559984
2023-08-31 06:00:00,31.6,1009.6,69.75114396222972
2023-08-31 09:00:00,31.3,1008.1,69.28139634646826
2023-08-31 12:00:00,28.5,1008.8,84.34164713318661
2023-08-31 15:00:00,26.0,1010.8,93.67255110424425
2023-08-31 18:00:00,25.0,1010.0,98.22526839673633
2023-08-31 21:00:00,25.0,1008.4,94.7583025301895
2023-09-01 00:00:00,24.4,1007.9,96.4626030540391
2023-09-01 03:00:00,26.7,1010.9,86.71323535529729
2023-09-01 06:00:00,31.0,1010.9,72.1742265807024
2023-09-01 09:00:00,30.4,1008.3,78.31948639832048
2023-09-01 12:00:00,28.0,1008.6,84.79181717750924
2023-09-01 15:00:00,27.0,1010.6,95.39600874452509
2023-09-01 18:00:00,26.8,1011.5,96.52421418955653
2023-09-01 21:00:00,26.0,1009.6,96.503856108436
2023-09-02 00:00:00,25.4,1009.5,96.48847066905626
2023-09-02 03:00:00,25.0,1011.2,98.22526839673633
2023-09-02 06:00:00,26.4,1011.2,96.51405730461323
2023-09-02 09:00:00,29.1,1009.0,82.92052029642161
2023-09-02 12:00:00,27.1,1008.7,85.20698689047647
2023-09-02 15:00:00,25.8,1010.8,93.10518672866101
2023-09-02 18:00:00,25.2,1011.3,94.76592069291524
2023-09-02 21:00:00,25.0,1009.6,98.22526839673633
2023-09-03 00:00:00,24.6,1008.9,96.46779925124456
2023-09-03 03:00:00,26.4,1011.1,93.69075623120435
2023-09-03 06:00:00,29.0,1010.9,77.65543578652992
2023-09-03 09:00:00,29.0,1008.2,80.48371679996085
2023-09-03 12:00:00,25.8,1007.6,90.35746879655075
2023-09-03 15:00:00,25.6,1008.8,94.78110774663195
2023-09-03 18:00:00,25.0,1009.8,98.22526839673633
2023-09-03 21:00:00,25.0,1007.9,94.7583025301895
2023-09-04 00:00:00,25.0,1007.9,96.47815756865955
2023-09-04 03:00:00,25.6,1009.8,94.78110774663195
2023-09-04 06:00:00,29.6,1008.7,78.20620296447258
2023-09-04 09:00:00,31.2,1006.4,63.301037088202364
2023-09-04 12:00:00,29.2,1007.0,74.94658155009306
2023-09-04 15:00:00,26.6,1008.2,85.66937200749226
2023-09-04 18:00:00,26.0,1009.4,88.7589455109383
2023-09-04 21:00:00,25.6,1007.4,90.34377933678581
2023-09-05 00:00:00,25.4,1007.9,93.08530694612072
2023-09-05 03:00:00,26.0,1010.2,93.67255110424425
2023-09-05 06:00:00,29.9,1009.4,71.12406558893412
2023-09-05 09:00:00,30.8,1006.9,69.18743090524858
2023-09-05 12:00:00,29.6,1006.7,76.82235153000387
2023-09-05 15:00:00,26.2,1008.9,90.38476214988123
2023-09-05 18:00:00,25.6,1009.6,91.43570721258781
2023-09-05 21:00:00,25.4,1008.1,96.48847066905626
2023-09-06 00:00:00,25.4,1008.0,96.48847066905626
2023-09-06 03:00:00,26.2,1010.2,90.38476214988123
2023-09-06 06:00:00,30.4,1010.7,71.64060697493404
2023-09-06 09:00:00,31.0,1008.1,72.1742265807024
2023-09-06 12:00:00,27.4,1008.9,87.29619508920601
2023-09-06 15:00:00,25.8,1009.4,90.35746879655075
2023-09-06 18:00:00,25.6,1009.9,90.34377933678581
2023-09-06 21:00:00,25.2,1008.6,91.41120774609278
2023-09-07 00:00:00,24.2,1009.4,94.7276645424548
2023-09-07 03:00:00,25.1,1011.6,97.641587688824
2023-09-07 06:00:00,27.8,1011.1,88.89979374390309
2023-09-07 09:00:00,28.8,1009.1,80.45782143103412
2023-09-07 12:00:00,26.0,1009.6,90.37112970835472
2023-09-07 15:00:00,25.0,1010.9,94.7583025301895
2023-09-07 18:00:00,25.0,1011.5,94.7583025301895
2023-09-07 21:00:00,25.0,1010.0,94.7583025301895
2023-09-08 00:00:00,24.4,1010.3,96.4626030540391
2023-09-08 03:00:00,26.2,1011.9,93.68166338882529
2023-09-08 06:00:00,30.0,1011.6,76.88217771852533
2023-09-08 09:00:00,30.0,1009.9,79.66535824918688
2023-09-08 12:00:00,27.8,1009.5,82.77031896665545
2023-09-08 15:00:00,26.6,1011.6,88.80618472944694
2023-09-08 18:00:00,24.8,1012.5,94.75066788099174
2023-09-08 21:00:00,24.8,1011.1,94.75066788099174
2023-09-09 00:00:00,24.4,1009.7,94.73534893450257
2023-09-09 03:00:00,25.7,1011.7,94.22039828376217
2023-09-09 06:00:00,30.0,1011.3,78.26294962837345
2023-09-09 09:00:00,29.8,1008.3,76.85229197010862
2023-09-09 12:00:00,29.0,1008.6,76.27419595958764
2023-09-09 15:00:00,24.0,1011.0,94.71996347442106
2023-09-09 18:00:00,24.8,1011.6,96.47298407847299
2023-09-09 21:00:00,25.0,1009.8,98.22526839673633
2023-09-10 00:00:00,24.0,1009.2,98.2120639566388
2023-09-10 03:00:00,25.4,1011.6,94.77352241613059
2023-09-10 06:00:00,29.8,1010.9,78.23460259362332
2023-09-10 09:00:00,30.1,1008.8,73.759539172025
2023-09-10 12:00:00,28.4,1008.4,77.56787120852722
2023-09-10 15:00:00,26.0,1010.7,87.17199233244091
2023-09-10 18:00:00,25.8,1010.9,93.10518672866101
2023-09-10 21:00:00,25.0,1009.1,93.06534216930645
2023-09-11 00:00:00,24.0,1008.8,94.71996347442106
2023-09-11 03:00:00,23.6,1012.4,98.20674101429967
2023-09-11 06:00:00,27.2,1011.3,87.27855968744687
2023-09-11 09:00:00,29.8,1008.8,74.15162297941144
2023-09-11 12:00:00,28.2,1008.0,81.83433063230953
2023-09-11 15:00:00,26.6,1010.2,90.41194193154737
2023-09-11 18:00:00,24.4,1011.1,96.4626030540391
2023-09-11 21:00:00,24.4,1008.3,91.36189759637527
2023-09-12 00:00:00,24.4,1008.2,93.03523459227986
2023-09-12 03:00:00,26.4,1009.2,84.11596226208941
2023-09-12 06:00:00,30.8,1010.3,70.43939306440934
2023-09-12 09:00:00,32.2,1007.9,63.89578539017188
2023-09-12 12:00:00,29.4,1007.9,74.97860136800087
2023-09-12 15:00:00,27.0,1010.8,85.7087986323302
2023-09-12 18:00:00,26.6,1011.5,87.22543835052973
2023-09-12 21:00:00,26.0,1009.8,90.37112970835472
2023-09-13 00:00:00,25.8,1009.9,94.78867673105134
2023-09-13 03:00:00,27.2,1011.2,92.07698925377626
2023-09-13 06:00:00,31.0,1010.9,70.89711040322032
2023-09-13 09:00:00,29.0,1008.0,77.65543578652992
2023-09-13 12:00:00,29.3,1007.9,77.23698429853539
2023-09-13 15:00:00,27.4,1011.1,87.29619508920601
2023-09-13 18:00:00,24.8,1011.2,96.47298407847299
2023-09-13 21:00:00,25.0,1010.1,98.22526839673633
2023-09-14 00:00:00,24.4,1009.9,98.21736330604563
2023-09-14 03:00:00,26.2,1011.6,96.5089622614157
2023-09-14 06:00:00,31.0,1011.0,73.47141965449843
2023-09-14 09:00:00,30.8,1008.9,71.71113203855039
2023-09-14 12:00:00,27.6,1009.0,88.88427217188078
2023-09-14 15:00:00,26.0,1011.0,94.79622941585653
2023-09-14 18:00:00,25.2,1011.5,96.48331975462109
2023-09-14 21:00:00,25.2,1009.3,94.76592069291524
2023-09-15 00:00:00,24.4,1010.0,96.4626030540391
2023-09-15 03:00:00,25.8,1012.4,96.49873881355717
2023-09-15 06:00:00,30.2,1011.8,78.29124418971334
2023-09-15 09:00:00,31.2,1009.6,69.67698198453844
2023-09-15 12:00:00,28.2,1009.5,78.94802076163292
2023-09-15 15:00:00,26.8,1010.9,88.82186644716782
2023-09-15 18:00:00,26.0,1011.6,92.00888400052642
2023-09-15 21:00:00,25.8,1009.7,90.35746879655075
2023-09-16 00:00:00,25.0,1009.8,94.7583025301895
2023-09-16 03:00:00,25.4,1012.5,94.77352241613059
2023-09-16 06:00:00,27.4,1012.0,90.46596324112937
2023-09-16 09:00:00,27.0,1010.0,85.7087986323302
2023-09-16 12:00:00,25.0,1010.1,96.47815756865955
2023-09-16 15:00:00,24.6,1011.3,94.74301669819423
2023-09-16 18:00:00,24.8,1011.3,93.05532775865673
2023-09-16 21:00:00,24.6,1009.7,94.74301669819423
2023-09-17 00:00:00,23.8,1009.9,98.20940544330021
2023-09-17 03:00:00,25.5,1011.0,94.21202471027594
2023-09-17 06:00:00,28.7,1011.0,81.40913270652203
2023-09-17 09:00:00,30.4,1008.4,71.64060697493404
2023-09-17 12:00:00,28.0,1008.0,83.28921441559984
2023-09-17 15:00:00,26.4,1009.6,92.03168153578638
2023-09-17 18:00:00,26.0,1010.6,92.00888400052642
2023-09-17 21:00:00,25.4,1009.3,94.77352241613059
2023-09-18 00:00:00,25.6,1009.0,96.49361034454672
2023-09-18 03:00:00,26.0,1011.1,94.79622941585653
2023-09-18 06:00:00,28.8,1010.9,84.87449545917907
2023-09-18 09:00:00,30.0,1008.6,76.88217771852533
2023-09-18 12:00:00,26.0,1008.6,96.503856108436
2023-09-18 15:00:00,24.4,1011.0,96.4626030540391
2023-09-18 18:00:00,24.4,1011.0,94.73534893450257
2023-09-18 21:00:00,24.2,1009.8,94.7276645424548
2023-09-19 00:00:00,24.4,1010.4,96.4626030540391
2023-09-19 03:00:00,24.6,1012.2,98.22000417681151
2023-09-19 06:00:00,29.6,1011.7,74.118773297339
2023-09-19 09:00:00,29.7,1010.4,71.94732911770656
2023-09-19 12:00:00,27.3,1009.7,85.22726631297381
2023-09-20 00:00:00,25.2,1010.2,94.76592069291524
2023-09-20 03:00:00,27.5,1011.9,91.5506830075976
2023-09-20 06:00:00,30.1,1011.2,76.44185171209942
2023-09-20 09:00:00,31.6,1008.0,68.51690400466761
2023-09-20 12:00:00,28.2,1008.4,83.31179804309043
2023-09-20 15:00:00,27.0,1011.2,95.39600874452509
2023-09-20 18:00:00,26.2,1011.6,94.80376584735212
2023-09-20 21:00:00,26.0,1010.1,93.67255110424425
2023-09-21 00:00:00,25.0,1010.0,94.7583025301895
2023-09-21 03:00:00,26.8,1011.8,88.82186644716782
2023-09-21 06:00:00,31.0,1011.4,70.89711040322032
2023-09-21 09:00:00,28.9,1010.55,81.43391749503131
2023-09-21 12:00:00,26.9,1009.7,86.73163099875832
2023-09-21 15:00:00,26.4,1011.1,93.69075623120435
2023-09-21 18:00:00,26.0,1011.6,94.79622941585653
2023-09-21 21:00:00,25.2,1010.1,94.76592069291524
2023-09-22 00:00:00,24.6,1010.8,96.46779925124456
2023-09-22 03:00:00,26.4,1012.1,92.03168153578638
2023-09-22 06:00:00,30.4,1012.0,71.64060697493404
2023-09-22 09:00:00,26.6,1010.0,85.66937200749226
2023-09-22 12:00:00,26.8,1009.6,87.24318141227258
2023-09-22 15:00:00,25.6,1011.1,91.43570721258781
2023-09-22 18:00:00,25.6,1011.7,90.34377933678581
2023-09-22 21:00:00,25.4,1009.6,91.42347038708563
2023-09-23 00:00:00,24.4,1010.3,96.4626030540391
2023-09-23 03:00:00,26.8,1011.3,87.24318141227258
2023-09-23 06:00:00,31.0,1011.7,67.99377352527183
2023-09-23 09:00:00,31.6,1009.2,69.75114396222972
2023-09-23 12:00:00,29.0,1009.4,80.48371679996085
2023-09-23 15:00:00,26.4,1011.9,93.69075623120435
2023-09-23 18:00:00,25.0,1012.7,94.7583025301895
2023-09-23 21:00:00,24.8,1010.4,96.47298407847299
2023-09-24 00:00:00,24.0,1010.5,96.45217641736166
2023-09-24 03:00:00,25.8,1012.4,91.99744908137737
2023-09-24 06:00:00,30.6,1011.0,70.40290332892224
2023-09-24 09:00:00,31.5,1009.0,70.56662039752663
2023-09-24 12:00:00,29.5,1008.6,69.35899682174784
2023-09-24 15:00:00,26.4,1011.2,87.207659213301
2023-09-24 18:00:00,25.8,1011.3,88.74313412721081
2023-09-24 21:00:00,25.4,1009.5,90.33006125111788
2023-09-25 00:00:00,24.8,1009.7,94.75066788099174
2023-09-25 03:00:00,27.0,1012.1,87.26088849314073
2023-09-25 06:00:00,30.8,1010.9,71.71113203855039
2023-09-25 09:00:00,31.8,1007.4,71.04055669606059
2023-09-25 12:00:00,29.8,1007.8,76.85229197010862
2023-09-25 15:00:00,27.0,1010.1,90.43900875787912
2023-09-25 18:00:00,26.2,1011.0,93.68166338882529
2023-09-25 21:00:00,25.6,1009.1,93.09525743190015
2023-09-26 00:00:00,25.4,1009.1,96.48847066905626
2023-09-26 03:00:00,27.4,1011.0,88.86871874139695
2023-09-26 06:00:00,31.4,1010.4,72.24352874821913
2023-09-26 09:00:00,32.0,1008.4,71.07626571001893
2023-09-26 12:00:00,29.8,1008.5,78.23460259362332
2023-09-26 15:00:00,26.4,1010.6,92.03168153578638
2023-09-26 18:00:00,25.8,1010.8,90.35746879655075
2023-09-26 21:00:00,25.6,1009.1,90.34377933678581
2023-09-27 00:00:00,25.4,1009.3,94.77352241613059
2023-09-27 03:00:00,27.2,1010.5,93.72693426762005
2023-09-27 06:00:00,31.0,1010.5,70.89711040322032
2023-09-27 09:00:00,31.2,1009.8,69.67698198453844
2023-09-27 12:00:00,30.4,1009.0,71.64060697493404
2023-09-27 15:00:00,27.2,1010.5,85.72845277885752
2023-09-27 18:00:00,25.7,1011.0,92.54452118254228
2023-09-27 21:00:00,25.0,1009.4,93.06534216930645
2023-09-28 00:00:00,25.0,1010.9,94.7583025301895
2023-09-28 03:00:00,26.0,1011.6,94.79622941585653
2023-09-28 06:00:00,29.5,1011.4,77.26649887892667
2023-09-28 09:00:00,29.4,1009.7,74.97860136800087
2023-09-28 18:00:00,25.0,1011.8,94.7583025301895
2023-09-28 21:00:00,24.0,1010.7,96.45217641736166
2023-09-29 00:00:00,23.8,1010.8,98.20940544330021
2023-09-29 06:00:00,24.2,1013.7,100.0
2023-09-29 09:00:00,24.6,1010.9,98.22000417681151
2023-09-29 12:00:00,25.4,1010.6,96.48847066905626
2023-09-29 15:00:00,24.8,1011.9,98.2226392013117
2023-09-29 21:00:00,24.8,1010.3,96.47298407847299
2023-09-30 00:00:00,24.8,1010.3,96.47298407847299
2023-09-30 03:00:00,26.4,1011.3,96.51405730461323
2023-09-30 06:00:00,27.0,1012.6,95.39600874452509
2023-09-30 09:00:00,25.4,1011.1,96.48847066905626
2023-09-30 12:00:00,26.6,1010.3,93.69982968596882
2023-09-30 15:00:00,25.6,1011.9,96.49361034454672
2023-09-30 18:00:00,24.6,1012.4,96.46779925124456
2023-09-30 21:00:00,24.2,1010.6,96.45739545380262
2023-10-01 00:00:00,25.0,1010.4,94.7583025301895
2023-10-01 03:00:00,26.6,1012.9,90.41194193154737
2023-10-01 06:00:00,29.0,1012.4,80.48371679996085
2023-10-01 09:00:00,26.0,1009.8,93.67255110424425
2023-10-01 12:00:00,26.0,1009.7,94.79622941585653
2023-10-01 15:00:00,24.6,1011.8,98.22000417681151
2023-10-01 18:00:00,25.6,1012.1,98.23312117951836
2023-10-01 21:00:00,25.0,1010.7,94.7583025301895
2023-10-02 00:00:00,24.8,1010.3,98.2226392013117
2023-10-02 03:00:00,26.6,1012.2,93.69982968596882
2023-10-02 06:00:00,29.6,1012.2,78.20620296447258
2023-10-02 09:00:00,29.8,1009.7,78.23460259362332
2023-10-02 12:00:00,26.8,1009.8,90.42548942576907
2023-10-02 15:00:00,26.0,1011.5,94.79622941585653
2023-10-02 18:00:00,25.8,1012.1,96.49873881355717
2023-10-02 21:00:00,25.6,1010.6,96.49361034454672
2023-10-03 00:00:00,24.4,1010.7,98.21736330604563
2023-10-03 03:00:00,24.8,1012.6,98.2226392013117
2023-10-03 06:00:00,25.0,1012.7,98.22526839673633
2023-10-03 09:00:00,24.8,1010.3,98.2226392013117
2023-10-03 12:00:00,25.0,1010.4,98.22526839673633
2023-10-03 15:00:00,24.4,1012.0,98.21736330604563
2023-10-03 18:00:00,24.8,1012.7,98.2226392013117
2023-10-03 21:00:00,24.6,1011.1,99.40355727044326
2023-10-04 00:00:00,24.2,1011.0,98.21471657176035
2023-10-04 03:00:00,25.4,1013.3,96.48847066905626
2023-10-04 06:00:00,27.8,1012.0,90.49280598950578
2023-10-04 09:00:00,29.2,1010.1,80.5095630310082
2023-10-04 12:00:00,26.0,1010.6,93.67255110424425
2023-10-04 15:00:00,25.4,1011.6,93.08530694612072
2023-10-04 18:00:00,25.4,1012.5,94.77352241613059
2023-10-04 21:00:00,25.2,1010.5,93.07533521182425
2023-10-05 00:00:00,24.4,1010.4,98.21736330604563
2023-10-05 03:00:00,26.4,1012.1,92.03168153578638
2023-10-05 06:00:00,31.0,1011.3,70.89711040322032
2023-10-05 09:00:00,31.0,1008.3,72.1742265807024
2023-10-05 12:00:00,28.4,1008.9,83.33433758376981
2023-10-05 15:00:00,27.2,1011.1,87.27855968744687
2023-10-05 18:00:00,27.0,1011.3,93.71791865005993
2023-10-06 00:00:00,25.6,1008.9,96.49361034454672
2023-10-06 03:00:00,26.4,1010.5,91.48439777849148
2023-10-06 06:00:00,30.2,1010.6,78.29124418971334
2023-10-06 09:00:00,31.6,1007.9,66.1056160585513
2023-10-06 12:00:00,30.4,1007.9,71.64060697493404
2023-10-06 15:00:00,27.0,1010.5,85.7087986323302
2023-10-06 18:00:00,26.4,1010.5,88.79047072518293
2023-10-06 21:00:00,25.6,1008.4,90.34377933678581
2023-10-07 00:00:00,24.2,1008.6,93.02515571569042
2023-10-07 03:00:00,26.8,1011.0,85.68910507577876
2023-10-07 06:00:00,32.6,1010.2,63.22051607138405
2023-10-07 09:00:00,32.0,1007.8,65.01074996458017
2023-10-07 12:00:00,30.0,1008.4,74.18441432342445
2023-10-07 15:00:00,27.4,1011.1,87.29619508920601
2023-10-07 18:00:00,26.4,1011.4,87.207659213301
2023-10-07 21:00:00,25.8,1010.0,91.99744908137737
2023-10-08 00:00:00,24.8,1010.4,94.75066788099174
2023-10-08 03:00:00,27.0,1012.1,87.26088849314073
2023-10-08 06:00:00,32.2,1011.3,61.63719881412483
2023-10-08 09:00:00,30.4,1010.1,69.11197515651446
2023-10-08 12:00:00,29.2,1009.8,77.68451620551635
2023-10-08 15:00:00,27.2,1012.2,85.72845277885752
2023-10-08 18:00:00,26.6,1012.6,87.22543835052973
2023-10-08 21:00:00,25.8,1010.6,90.35746879655075
2023-10-09 00:00:00,25.4,1011.0,91.42347038708563
2023-10-09 03:00:00,27.6,1013.8,82.7470419948832
2023-10-09 06:00:00,32.0,1013.1,71.07626571001893
2023-10-09 09:00:00,31.8,1010.0,66.14596424716504
2023-10-09 12:00:00,30.8,1010.8,70.43939306440934
2023-10-09 15:00:00,28.4,1013.0,83.33433758376981
2023-10-09 18:00:00,27.4,1013.2,88.51254690748708
2023-10-09 21:00:00,26.4,1010.9,93.69075623120435
2023-10-10 00:00:00,25.0,1011.1,93.06534216930645
2023-10-10 03:00:00,26.6,1013.1,85.66937200749226
2023-10-10 06:00:00,32.0,1012.4,66.1862478230639
2023-10-10 09:00:00,31.0,1010.3,70.89711040322032
2023-10-10 12:00:00,29.0,1010.0,77.65543578652992
2023-10-10 15:00:00,27.0,1013.1,88.83751596451742
2023-10-10 18:00:00,25.4,1012.6,94.77352241613059
2023-10-10 21:00:00,25.4,1010.9,93.08530694612072
2023-10-11 00:00:00,25.4,1011.2,94.77352241613059
2023-10-11 03:00:00,26.8,1013.5,90.42548942576907
2023-10-11 06:00:00,29.0,1012.9,80.48371679996085
2023-10-11 09:00:00,30.4,1010.1,74.24982249791255
2023-10-11 12:00:00,28.4,1010.7,78.97572139747378
2023-10-11 15:00:00,26.4,1013.1,96.51405730461323
2023-10-11 18:00:00,23.8,1013.6,96.4469459114231
2023-10-11 21:00:00,24.2,1011.5,96.45739545380262
2023-10-12 00:00:00,24.4,1011.7,96.4626030540391
2023-10-12 03:00:00,26.4,1013.7,90.39836619855579
2023-10-12 06:00:00,29.0,1013.4,84.89506306062921
2023-10-12 09:00:00,26.0,1011.7,93.67255110424425
2023-10-12 12:00:00,26.0,1012.1,92.00888400052642
2023-10-12 15:00:00,24.0,1013.2,96.45217641736166
2023-10-12 18:00:00,24.2,1012.6,93.02515571569042
2023-10-12 21:00:00,24.0,1011.1,93.01505522924245
2023-10-13 00:00:00,23.4,1012.0,96.43645035727725
2023-10-13 03:00:00,25.2,1013.6,96.48331975462109
2023-10-13 06:00:00,29.0,1013.6,77.65543578652992
2023-10-13 09:00:00,29.4,1010.5,76.33535606218936
2023-10-13 12:00:00,27.8,1010.7,82.77031896665545
2023-10-13 15:00:00,25.8,1013.3,93.10518672866101
2023-10-13 18:00:00,24.6,1014.1,96.46779925124456
2023-10-13 21:00:00,24.4,1011.5,98.21736330604563
2023-10-14 00:00:00,24.0,1011.9,98.2120639566388
2023-10-14 03:00:00,25.6,1013.8,98.23312117951836
2023-10-14 06:00:00,29.6,1013.4,83.46865512129703
2023-10-14 09:00:00,30.3,1011.1,76.47215468970484
2023-10-14 12:00:00,27.6,1011.0,82.7470419948832
2023-10-14 15:00:00,25.8,1013.7,93.10518672866101
2023-10-14 18:00:00,24.6,1013.8,98.22000417681151
2023-10-14 21:00:00,24.6,1012.0,98.22000417681151
2023-10-15 00:00:00,24.2,1011.3,98.21471657176035
2023-10-15 03:00:00,24.4,1014.5,98.21736330604563
2023-10-15 06:00:00,26.4,1013.6,88.79047072518293
2023-10-15 09:00:00,29.0,1009.4,76.27419595958764
2023-10-15 12:00:00,27.4,1008.6,81.24686676192346
2023-10-15 15:00:00,26.0,1011.4,90.37112970835472
2023-10-15 18:00:00,25.0,1012.0,96.47815756865955
2023-10-15 21:00:00,24.6,1010.5,94.74301669819423
2023-10-16 00:00:00,24.4,1010.5,94.73534893450257
2023-10-16 03:00:00,25.0,1012.5,94.7583025301895
2023-10-16 06:00:00,32.0,1011.7,66.1862478230639
2023-10-16 09:00:00,31.6,1009.6,66.1056160585513
2023-10-16 12:00:00,29.2,1009.8,76.30480387190515
2023-10-16 15:00:00,26.8,1012.5,88.82186644716782
2023-10-16 18:00:00,26.0,1012.9,88.7589455109383
2023-10-16 21:00:00,25.8,1011.3,93.10518672866101
2023-10-17 00:00:00,24.8,1011.3,94.75066788099174
2023-10-17 03:00:00,26.4,1012.8,87.207659213301
2023-10-17 06:00:00,31.4,1012.1,66.06520314217083
2023-10-17 09:00:00,30.0,1009.9,72.866865390855
2023-10-17 12:00:00,27.4,1010.0,90.46596324112937
2023-10-17 15:00:00,25.0,1012.9,94.7583025301895
2023-10-17 18:00:00,24.8,1012.9,96.47298407847299
2023-10-17 21:00:00,24.6,1011.4,98.22000417681151
2023-10-18 00:00:00,24.6,1011.2,96.46779925124456
2023-10-18 03:00:00,25.4,1012.9,96.48847066905626
2023-10-18 06:00:00,29.4,1013.3,81.97957178446406
2023-10-18 09:00:00,29.0,1011.4,80.48371679996085
2023-10-18 12:00:00,27.6,1011.0,82.7470419948832
2023-10-18 15:00:00,26.4,1013.1,94.81128607168019
2023-10-18 18:00:00,25.6,1014.0,94.78110774663195
2023-10-18 21:00:00,25.4,1011.2,96.48847066905626
2023-10-19 00:00:00,24.4,1010.9,98.21736330604563
2023-10-19 03:00:00,25.6,1013.6,94.78110774663195
2023-10-19 06:00:00,30.8,1013.6,73.00291172196927
2023-10-19 09:00:00,31.0,1010.8,74.7889561009917
2023-10-19 12:00:00,28.4,1010.9,84.83323810049623
2023-10-19 15:00:00,24.8,1012.9,96.47298407847299
2023-10-19 18:00:00,24.8,1013.3,96.47298407847299
2023-10-19 21:00:00,24.6,1011.7,96.46779925124456
2023-10-20 00:00:00,24.4,1011.5,98.21736330604563
2023-10-20 03:00:00,26.2,1013.5,93.68166338882529
2023-10-20 06:00:00,30.2,1013.0,78.29124418971334
2023-10-20 09:00:00,31.0,1010.4,67.99377352527183
2023-10-20 12:00:00,27.4,1010.5,84.22401507730588
2023-10-20 15:00:00,25.4,1013.2,93.08530694612072
2023-10-20 18:00:00,25.4,1013.7,94.77352241613059
2023-10-20 21:00:00,25.4,1011.1,96.48847066905626
2023-10-21 00:00:00,24.4,1011.7,96.4626030540391
2023-10-21 03:00:00,26.4,1013.6,92.03168153578638
2023-10-21 06:00:00,31.2,1013.2,73.50477620307173
2023-10-21 09:00:00,31.4,1010.3,69.71409411644107
2023-10-21 12:00:00,29.4,1010.8,73.6429959001216
2023-10-21 15:00:00,27.4,1013.1,85.74806761675889
2023-10-21 18:00:00,26.6,1013.7,92.04304428506519
2023-10-21 21:00:00,25.8,1011.5,96.49873881355717
2023-10-22 00:00:00,25.2,1011.9,94.76592069291524
2023-10-22 03:00:00,27.8,1014.2,85.78717977072007
2023-10-22 06:00:00,31.0,1013.1,72.1742265807024
2023-10-22 09:00:00,30.8,1010.4,73.00291172196927
2023-10-22 12:00:00,25.4,1010.8,91.42347038708563
2023-10-22 15:00:00,25.4,1013.7,94.77352241613059
2023-10-22 18:00:00,25.4,1014.3,96.48847066905626
2023-10-22 21:00:00,25.2,1012.0,98.227891780213
2023-10-23 00:00:00,24.6,1011.9,96.46779925124456
2023-10-23 03:00:00,26.0,1014.0,92.00888400052642
2023-10-23 06:00:00,30.6,1013.2,72.96898936310727
2023-10-23 09:00:00,28.4,1010.7,81.85865421535438
2023-10-23 12:00:00,23.5,1011.9,95.85651824746934
2023-10-23 15:00:00,24.2,1013.5,98.21471657176035
2023-10-23 18:00:00,24.0,1012.8,98.2120639566388
2023-10-23 21:00:00,24.0,1011.0,98.2120639566388
2023-10-24 00:00:00,24.0,1011.7,98.2120639566388
2023-10-24 03:00:00,25.1,1013.5,97.641587688824
2023-10-24 06:00:00,30.0,1011.1,74.18441432342445
2023-10-24 09:00:00,31.0,1009.6,72.1742265807024
2023-10-24 12:00:00,28.6,1009.9,80.43187680667027
2023-10-24 15:00:00,26.6,1012.2,92.04304428506519
2023-10-24 18:00:00,26.0,1013.0,93.67255110424425
2023-10-24 21:00:00,25.4,1011.3,94.77352241613059
2023-10-25 00:00:00,24.6,1011.4,96.46779925124456
2023-10-25 03:00:00,26.0,1014.2,92.00888400052642
2023-10-25 06:00:00,30.5,1013.7,72.51850566612495
2023-10-25 09:00:00,31.0,1011.0,67.99377352527183
2023-10-25 12:00:00,27.6,1010.9,82.7470419948832
2023-10-25 15:00:00,26.0,1013.2,92.00888400052642
2023-10-25 18:00:00,25.4,1013.3,94.77352241613059
2023-10-25 21:00:00,25.4,1011.4,94.77352241613059
2023-10-26 00:00:00,25.2,1011.8,94.76592069291524
2023-10-26 03:00:00,28.8,1013.4,81.90716097068722
2023-10-26 06:00:00,31.0,1012.7,72.1742265807024
2023-10-26 09:00:00,30.0,1010.2,76.88217771852533
2023-10-26 12:00:00,29.0,1010.1,77.65543578652992
2023-10-26 15:00:00,24.4,1012.9,94.73534893450257
2023-10-26 18:00:00,24.4,1012.6,93.03523459227986
2023-10-26 21:00:00,24.4,1010.2,93.03523459227986
2023-10-27 00:00:00,24.2,1010.2,94.7276645424548
2023-10-27 03:00:00,26.0,1012.0,94.79622941585653
2023-10-27 06:00:00,30.4,1011.9,78.31948639832048
2023-10-27 09:00:00,30.8,1009.2,75.64766286638326
2023-10-27 12:00:00,29.2,1009.0,80.5095630310082
2023-10-27 15:00:00,27.2,1012.2,88.85313336738866
2023-10-27 18:00:00,25.8,1012.4,91.99744908137737
2023-10-27 21:00:00,25.6,1010.2,94.78110774663195
2023-10-28 00:00:00,25.6,1010.2,96.49361034454672
2023-10-28 03:00:00,27.4,1012.4,88.86871874139695
2023-10-28 06:00:00,30.4,1012.1,72.93500760473812
2023-10-28 09:00:00,30.4,1009.2,75.58532357148971
2023-10-28 12:00:00,29.8,1008.5,78.23460259362332
2023-10-28 15:00:00,25.8,1011.7,91.99744908137737
2023-10-28 18:00:00,25.6,1011.6,94.78110774663195
2023-10-28 21:00:00,25.4,1009.8,94.77352241613059
2023-10-29 00:00:00,24.8,1009.7,94.75066788099174
2023-10-29 03:00:00,26.0,1011.5,94.79622941585653
2023-10-29 06:00:00,29.4,1012.1,80.53536024141098
2023-10-29 09:00:00,30.0,1008.7,79.66535824918688
2023-10-29 12:00:00,28.0,1008.4,90.50618565208272
2023-10-29 15:00:00,27.0,1011.3,95.39600874452509
2023-10-29 18:00:00,25.4,1011.6,93.08530694612072
2023-10-29 21:00:00,25.2,1009.8,94.76592069291524
2023-10-30 00:00:00,25.4,1011.6,93.08530694612072
2023-10-30 03:00:00,26.2,1011.9,90.38476214988123
2023-10-30 06:00:00,30.6,1010.7,70.40290332892224
2023-10-30 09:00:00,29.8,1008.9,75.49139258129554
2023-10-30 12:00:00,26.8,1008.9,90.42548942576907
2023-10-30 15:00:00,26.0,1011.7,94.79622941585653
2023-10-30 18:00:00,25.6,1011.6,93.09525743190015
2023-10-30 21:00:00,25.6,1009.8,94.78110774663195
2023-10-31 00:00:00,25.2,1010.6,94.76592069291524
2023-10-31 03:00:00,26.8,1012.3,93.70888380751718
2023-10-31 06:00:00,30.2,1011.7,79.69205742002245
2023-10-31 09:00:00,32.2,1009.3,69.03930501374236
2023-10-31 12:00:00,29.8,1009.1,74.15162297941144
2023-10-31 15:00:00,25.8,1012.4,91.99744908137737
2023-10-31 18:00:00,25.6,1012.3,96.49361034454672
2023-10-31 21:00:00,25.6,1011.2,96.49361034454672
2023-11-01 00:00:00,24.8,1011.2,97.05314676378146
2023-11-01 03:00:00,26.6,1011.3,93.69982968596882
2023-11-01 06:00:00,31.4,1011.4,70.96895584191402
2023-11-01 09:00:00,30.4,1009.3,75.58532357148971
2023-11-01 12:00:00,29.0,1009.2,80.48371679996085
2023-11-01 15:00:00,27.6,1012.1,88.88427217188078
2023-11-01 18:00:00,26.8,1011.9,90.42548942576907
2023-11-01 21:00:00,26.6,1010.3,92.04304428506519
2023-11-02 00:00:00,24.6,1010.1,93.04529191975669
2023-11-02 03:00:00,25.7,1011.2,94.22039828376217
2023-11-02 06:00:00,29.4,1011.2,76.33535606218936
2023-11-02 09:00:00,31.6,1008.3,64.9280664556721
2023-11-02 12:00:00,29.0,1009.0,80.48371679996085
2023-11-02 15:00:00,25.4,1010.4,96.48847066905626
2023-11-02 18:00:00,25.0,1010.7,96.47815756865955
2023-11-02 21:00:00,24.8,1008.1,96.47298407847299
2023-11-03 00:00:00,24.6,1008.2,100.0
2023-11-03 03:00:00,26.0,1010.4,94.79622941585653
2023-11-03 06:00:00,28.8,1010.0,80.45782143103412
2023-11-03 09:00:00,27.4,1007.6,88.86871874139695
2023-11-03 12:00:00,26.6,1008.2,93.69982968596882
2023-11-03 15:00:00,25.8,1010.0,94.78867673105134
2023-11-03 18:00:00,25.6,1010.2,93.09525743190015
2023-11-03 21:00:00,25.2,1008.2,93.07533521182425
2023-11-04 00:00:00,24.6,1008.8,96.46779925124456
2023-11-04 03:00:00,26.6,1010.9,94.8187901348208
2023-11-04 06:00:00,27.4,1010.7,87.29619508920601
2023-11-04 09:00:00,28.4,1008.7,81.85865421535438
2023-11-04 12:00:00,27.2,1008.8,90.45250000428203
2023-11-04 15:00:00,25.6,1011.3,93.09525743190015
2023-11-04 18:00:00,25.2,1011.7,96.48331975462109
2023-11-04 21:00:00,24.8,1010.6,96.47298407847299
2023-11-05 00:00:00,24.4,1009.8,96.4626030540391
2023-11-05 03:00:00,25.6,1012.2,96.49361034454672
2023-11-05 06:00:00,27.0,1011.7,83.67695517522091
2023-11-05 09:00:00,32.4,1009.1,62.800694130044874
2023-11-05 12:00:00,29.0,1009.3,77.65543578652992
2023-11-05 15:00:00,26.8,1012.2,88.82186644716782
2023-11-05 18:00:00,26.2,1012.8,90.38476214988123
2023-11-05 21:00:00,25.8,1011.2,90.35746879655075
2023-11-06 00:00:00,24.8,1010.4,94.75066788099174
2023-11-06 03:00:00,26.8,1012.2,88.82186644716782
2023-11-06 06:00:00,31.6,1012.0,72.27808999036708
2023-11-06 09:00:00,30.6,1010.1,69.14973459026399
2023-11-06 12:00:00,26.8,1011.0,93.70888380751718
2023-11-06 15:00:00,26.0,1013.5,94.79622941585653
2023-11-06 18:00:00,24.4,1013.1,93.03523459227986
2023-11-06 21:00:00,24.2,1010.2,93.02515571569042
2023-11-07 00:00:00,23.8,1010.2,94.71224568260264
2023-11-07 03:00:00,26.4,1012.9,85.64959932544602
2023-11-07 06:00:00,32.4,1011.8,66.6618617053601
2023-11-07 09:00:00,31.0,1009.4,76.1271052167908
2023-11-07 12:00:00,30.4,1009.6,71.64060697493404
2023-11-07 15:00:00,28.0,1012.4,85.80667728802291
2023-11-07 18:00:00,27.4,1012.5,88.86871874139695
2023-11-07 21:00:00,26.2,1010.6,90.38476214988123
2023-11-08 00:00:00,25.0,1011.1,96.47815756865955
2023-11-08 03:00:00,26.4,1011.6,92.03168153578638
2023-11-08 06:00:00,28.6,1011.3,86.37440005285019
2023-11-08 09:00:00,30.4,1009.4,71.64060697493404
2023-11-08 12:00:00,27.2,1009.7,95.40267171979633
2023-11-08 15:00:00,26.4,1013.1,92.03168153578638
2023-11-08 18:00:00,25.0,1012.6,96.47815756865955
2023-11-08 21:00:00,24.8,1010.8,98.2226392013117
2023-11-09 00:00:00,24.7,1010.7,97.63461440444252
2023-11-09 03:00:00,25.8,1013.3,96.49873881355717
2023-11-09 06:00:00,29.6,1012.9,79.6118092261478
2023-11-09 09:00:00,31.4,1009.2,73.53807422593974
2023-11-09 12:00:00,29.4,1009.7,77.71354294293734
2023-11-09 15:00:00,27.2,1012.2,90.45250000428203
2023-11-09 18:00:00,26.3,1012.7,94.24541140258151
2023-11-09 21:00:00,24.8,1011.2,94.75066788099174
2023-11-10 00:00:00,24.8,1010.8,96.47298407847299
2023-11-10 03:00:00,25.8,1013.3,96.49873881355717
2023-11-10 06:00:00,30.4,1013.3,82.58284223811447
2023-11-10 09:00:00,28.0,1010.6,87.34888747491027
2023-11-10 12:00:00,28.6,1010.7,87.91868204829599
2023-11-10 15:00:00,26.6,1013.1,92.04304428506519
2023-11-10 18:00:00,25.8,1012.3,91.99744908137737
2023-11-10 21:00:00,25.4,1010.4,93.08530694612072
2023-11-11 00:00:00,24.6,1010.9,96.46779925124456
2023-11-11 03:00:00,26.8,1012.8,90.42548942576907
2023-11-11 06:00:00,29.6,1012.4,82.00361602371757
2023-11-11 09:00:00,31.8,1009.7,69.78813164326573
2023-11-11 12:00:00,27.0,1010.2,95.39600874452509
2023-11-11 15:00:00,26.0,1013.5,94.79622941585653
2023-11-11 18:00:00,25.6,1013.0,93.09525743190015
2023-11-11 21:00:00,25.4,1010.4,93.08530694612072
2023-11-12 00:00:00,24.6,1010.9,96.46779925124456
2023-11-12 03:00:00,26.6,1013.0,88.80618472944694
2023-11-12 06:00:00,32.4,1012.3,66.6618617053601
2023-11-12 09:00:00,31.8,1009.2,62.67121379518331
2023-11-12 12:00:00,29.4,1010.7,67.27251207661499
2023-11-12 15:00:00,27.4,1013.3,85.74806761675889
2023-11-12 18:00:00,25.8,1013.2,91.99744908137737
2023-11-12 21:00:00,25.4,1011.2,93.08530694612072
2023-11-13 00:00:00,24.6,1011.0,94.74301669819423
2023-11-13 03:00:00,27.0,1012.9,90.43900875787912
2023-11-13 06:00:00,31.8,1012.1,63.81127171847181
2023-11-13 09:00:00,31.0,1009.7,72.1742265807024
2023-11-13 12:00:00,29.4,1009.9,77.71354294293734
2023-11-13 15:00:00,27.6,1012.0,87.31379479213656
2023-11-13 18:00:00,26.6,1012.4,94.8187901348208
2023-11-13 21:00:00,26.0,1010.8,92.00888400052642
2023-11-14 00:00:00,25.6,1011.2,91.43570721258781
2023-11-14 03:00:00,27.6,1013.2,87.31379479213656
2023-11-14 06:00:00,28.4,1012.9,81.85865421535438
2023-11-14 09:00:00,27.6,1009.8,90.47939854432097
2023-11-14 12:00:00,27.4,1008.6,85.74806761675889
2023-11-14 15:00:00,25.6,1011.6,93.09525743190015
2023-11-14 18:00:00,25.4,1011.9,94.77352241613059
2023-11-15 00:00:00,24.6,1010.1,96.46779925124456
2023-11-15 03:00:00,27.0,1012.6,92.06569807815053
2023-11-15 06:00:00,30.6,1012.1,70.40290332892224
2023-11-15 09:00:00,32.0,1009.6,66.1862478230639
2023-11-15 12:00:00,28.2,1010.2,81.83433063230953
2023-11-15 15:00:00,25.8,1011.8,93.10518672866101
2023-11-15 18:00:00,25.4,1012.0,96.48847066905626
2023-11-15 21:00:00,24.8,1010.4,96.47298407847299
2023-11-16 00:00:00,24.4,1010.4,94.73534893450257
2023-11-16 03:00:00,26.0,1012.8,92.00888400052642
2023-11-16 06:00:00,31.6,1012.3,66.1056160585513
2023-11-16 09:00:00,31.8,1009.6,67.34108781459214
2023-11-16 12:00:00,29.6,1010.6,76.82235153000387
2023-11-16 15:00:00,27.0,1013.0,87.26088849314073
2023-11-16 18:00:00,26.0,1013.3,90.37112970835472
2023-11-16 21:00:00,25.8,1011.4,91.99744908137737
2023-11-17 00:00:00,25.2,1011.4,94.76592069291524
2023-11-17 03:00:00,27.0,1012.2,87.26088849314073
2023-11-17 06:00:00,32.0,1011.5,66.1862478230639
2023-11-17 09:00:00,31.2,1009.1,69.67698198453844
2023-11-17 12:00:00,30.2,1009.3,76.91200889831605
2023-11-17 15:00:00,28.0,1012.1,85.80667728802291
2023-11-17 18:00:00,27.0,1012.0,88.83751596451742
2023-11-17 21:00:00,26.4,1010.3,90.39836619855579
2023-11-18 00:00:00,26.4,1010.5,93.69075623120435
2023-11-18 03:00:00,28.4,1012.0,84.83323810049623
2023-11-18 06:00:00,32.6,1011.3,70.34917736761386
2023-11-18 09:00:00,32.6,1008.1,66.70160074556692
2023-11-18 12:00:00,30.4,1008.6,78.31948639832048
2023-11-18 15:00:00,24.8,1011.9,98.2226392013117
2023-11-18 18:00:00,25.2,1011.7,98.227891780213
2023-11-18 21:00:00,25.2,1010.0,96.48331975462109
2023-11-19 00:00:00,25.0,1010.2,96.47815756865955
2023-11-19 03:00:00,25.6,1011.9,96.49361034454672
2023-11-19 06:00:00,26.8,1012.2,93.70888380751718
2023-11-19 09:00:00,26.4,1010.3,96.51405730461323
2023-11-19 12:00:00,25.4,1010.0,96.48847066905626
2023-11-19 15:00:00,25.0,1011.2,96.47815756865955
2023-11-19 18:00:00,24.8,1011.1,96.47298407847299
2023-11-19 21:00:00,24.4,1009.4,96.4626030540391
2023-11-20 00:00:00,23.8,1010.0,96.4469459114231
2023-11-20 03:00:00,26.0,1012.2,94.79622941585653
2023-11-20 06:00:00,31.4,1011.5,66.06520314217083
2023-11-20 09:00:00,31.4,1009.2,67.26247234040332
2023-11-20 12:00:00,30.0,1009.2,70.29306142592459
2023-11-20 15:00:00,27.8,1011.7,82.77031896665545
2023-11-20 18:00:00,26.0,1011.7,93.67255110424425
2023-11-20 21:00:00,25.4,1009.4,96.48847066905626
2023-11-21 00:00:00,25.0,1009.5,96.47815756865955
2023-11-21 03:00:00,27.0,1011.4,92.06569807815053
2023-11-21 06:00:00,32.0,1010.9,71.07626571001893
2023-11-21 09:00:00,32.2,1007.7,69.03930501374236
2023-11-21 12:00:00,27.0,1009.2,84.18092213796281
2023-11-21 15:00:00,25.8,1011.9,91.99744908137737
2023-11-21 18:00:00,25.6,1011.3,91.43570721258781
2023-11-21 21:00:00,25.6,1008.9,93.09525743190015
2023-11-22 00:00:00,25.2,1009.2,94.76592069291524
2023-11-22 03:00:00,28.0,1011.2,83.28921441559984
2023-11-22 06:00:00,31.4,1010.9,70.96895584191402
2023-11-22 09:00:00,26.6,1008.6,85.66937200749226
2023-11-22 12:00:00,26.4,1009.0,96.51405730461323
2023-11-22 15:00:00,25.8,1011.4,96.49873881355717
2023-11-22 18:00:00,25.4,1011.7,100.0
2023-11-22 21:00:00,24.4,1009.8,100.0
2023-11-23 00:00:00,24.2,1010.3,98.21471657176035
2023-11-23 03:00:00,24.4,1010.5,98.21736330604563
2023-11-23 06:00:00,26.2,1011.1,96.5089622614157
2023-11-23 09:00:00,30.0,1007.5,76.88217771852533
2023-11-23 12:00:00,29.0,1007.3,70.96187714437761
2023-11-23 15:00:00,26.4,1009.7,92.03168153578638
2023-11-23 18:00:00,25.6,1009.7,94.78110774663195
2023-11-23 21:00:00,25.2,1007.9,94.76592069291524
2023-11-24 00:00:00,24.2,1008.4,96.45739545380262
2023-11-24 03:00:00,26.8,1010.8,92.05438311051279
2023-11-24 06:00:00,30.2,1010.8,76.91200889831605
2023-11-24 09:00:00,30.4,1008.1,70.36635155961307
2023-11-24 12:00:00,28.6,1008.2,77.59711341151534
2023-11-24 15:00:00,26.6,1010.2,90.41194193154737
2023-11-24 18:00:00,26.0,1010.4,92.00888400052642
2023-11-24 21:00:00,25.8,1008.6,93.10518672866101
2023-11-25 00:00:00,25.4,1009.0,96.48847066905626
2023-11-25 03:00:00,26.8,1011.5,92.05438311051279
2023-11-25 06:00:00,31.2,1011.0,68.4404025650585
2023-11-25 09:00:00,26.8,1009.4,88.82186644716782
2023-11-25 12:00:00,30.2,1008.8,78.29124418971334
2023-11-25 15:00:00,26.4,1011.4,88.79047072518293
2023-11-25 18:00:00,25.8,1011.2,90.35746879655075
2023-11-25 21:00:00,25.0,1009.6,91.39891921824884
2023-11-26 00:00:00,24.0,1009.4,96.45217641736166
2023-11-26 03:00:00,26.6,1012.0,90.41194193154737
2023-11-26 06:00:00,32.0,1011.1,65.01074996458017
2023-11-26 09:00:00,32.8,1008.5,64.40448947276589
2023-11-26 12:00:00,30.2,1008.1,75.55406963834521
2023-11-26 15:00:00,27.8,1011.2,88.89979374390309
2023-11-26 18:00:00,26.6,1010.9,93.69982968596882
2023-11-26 21:00:00,26.0,1008.8,93.67255110424425
2023-11-27 00:00:00,25.6,1008.4,96.49361034454672
2023-11-27 03:00:00,27.6,1010.8,76.98390463811192
2023-11-27 06:00:00,32.6,1010.4,60.623956285700366
2023-11-27 09:00:00,32.6,1007.7,64.36278271700262
2023-11-27 12:00:00,30.4,1007.8,70.36635155961307
2023-11-27 15:00:00,26.4,1010.5,92.03168153578638
2023-11-27 18:00:00,26.2,1010.4,90.38476214988123
2023-11-27 21:00:00,25.8,1008.3,91.99744908137737
2023-11-28 00:00:00,24.6,1008.3,96.46779925124456
2023-11-28 03:00:00,25.8,1010.6,93.10518672866101
2023-11-28 06:00:00,32.0,1010.0,60.12540926930006
2023-11-28 09:00:00,30.4,1007.7,66.66180868247822
2023-11-28 12:00:00,30.4,1007.6,71.64060697493404
2023-11-28 15:00:00,27.4,1010.1,85.74806761675889
2023-11-28 18:00:00,26.6,1010.8,93.69982968596882
2023-11-28 21:00:00,26.0,1008.6,94.79622941585653
2023-11-29 00:00:00,25.4,1008.0,96.48847066905626
2023-11-29 03:00:00,25.4,1009.8,94.77352241613059
2023-11-29 06:00:00,30.4,1010.0,72.93500760473812
2023-11-29 09:00:00,31.6,1007.1,68.51690400466761
2023-11-29 12:00:00,29.6,1008.3,69.7975639784289
2023-11-29 15:00:00,26.8,1010.9,88.82186644716782
2023-11-29 18:00:00,26.0,1010.6,93.67255110424425
2023-11-29 21:00:00,25.4,1009.1,94.77352241613059
2023-11-30 00:00:00,24.6,1008.7,96.46779925124456
2023-11-30 03:00:00,26.8,1011.4,92.05438311051279
2023-11-30 06:00:00,30.2,1011.5,76.91200889831605
2023-11-30 09:00:00,29.6,1008.6,83.46865512129703
2023-11-30 12:00:00,29.2,1007.9,77.68451620551635
2023-11-30 15:00:00,27.6,1010.4,87.31379479213656
2023-11-30 18:00:00,26.8,1011.0,93.70888380751718
2023-11-30 21:00:00,25.8,1009.4,93.10518672866101
2023-12-01 00:00:00,25.0,1009.4,94.7583025301895
2023-12-01 03:00:00,27.4,1011.1,87.29619508920601
2023-12-01 06:00:00,31.8,1010.5,69.78813164326573
2023-12-01 09:00:00,31.2,1006.9,74.82093472023674
2023-12-01 12:00:00,25.6,1008.3,94.78110774663195
2023-12-01 15:00:00,25.6,1010.7,93.09525743190015
2023-12-01 18:00:00,25.4,1010.8,94.77352241613059
2023-12-01 21:00:00,24.4,1008.9,98.21736330604563
2023-12-02 00:00:00,24.0,1009.1,98.2120639566388
2023-12-02 03:00:00,26.0,1010.5,93.67255110424425
2023-12-02 06:00:00,28.6,1009.4,81.88293095675748
2023-12-02 09:00:00,30.4,1006.8,72.93500760473812
2023-12-02 12:00:00,29.0,1007.0,73.57607488115697
2023-12-02 15:00:00,27.0,1009.6,87.26088849314073
2023-12-02 18:00:00,26.2,1010.3,92.0202947964304
2023-12-02 21:00:00,25.8,1008.2,93.10518672866101
2023-12-03 00:00:00,24.4,1007.9,94.73534893450257
2023-12-03 03:00:00,25.6,1010.0,93.09525743190015
2023-12-03 06:00:00,30.6,1009.5,75.61652127297627
2023-12-03 09:00:00,32.0,1006.6,66.1862478230639
2023-12-03 12:00:00,29.2,1007.0,79.08600581526997
2023-12-03 15:00:00,27.2,1009.0,90.45250000428203
2023-12-03 18:00:00,26.2,1009.2,90.38476214988123
2023-12-03 21:00:00,25.2,1007.2,93.07533521182425
2023-12-04 00:00:00,25.2,1007.2,94.76592069291524
2023-12-04 03:00:00,27.8,1009.3,85.78717977072007
2023-12-04 06:00:00,32.8,1008.9,65.56377770296238
2023-12-04 09:00:00,32.6,1006.1,69.11441091335229
2023-12-04 12:00:00,30.0,1006.7,81.08968974474207
2023-12-04 15:00:00,28.2,1008.2,87.36638064071765
2023-12-04 18:00:00,26.2,1008.7,93.68166338882529
2023-12-04 21:00:00,26.0,1006.8,94.79622941585653
2023-12-05 00:00:00,26.0,1006.8,94.79622941585653
2023-12-05 03:00:00,26.8,1009.0,95.38933139322062
2023-12-05 06:00:00,33.2,1008.4,64.48770817549526
2023-12-05 09:00:00,32.8,1006.1,64.40448947276589
2023-12-05 12:00:00,30.0,1006.3,72.866865390855
2023-12-05 15:00:00,27.6,1009.7,87.31379479213656
2023-12-05 18:00:00,27.0,1010.2,92.06569807815053
2023-12-05 21:00:00,25.6,1008.6,93.09525743190015
2023-12-06 00:00:00,25.0,1008.5,94.7583025301895
2023-12-06 03:00:00,27.2,1010.5,87.27855968744687
2023-12-06 06:00:00,32.4,1009.9,65.48228630790443
2023-12-06 09:00:00,32.6,1007.7,59.54003872035679
2023-12-06 12:00:00,29.8,1007.9,76.85229197010862
2023-12-06 15:00:00,27.8,1010.6,85.78717977072007
2023-12-06 18:00:00,26.6,1010.9,93.69982968596882
2023-12-06 21:00:00,26.2,1009.6,92.0202947964304
2023-12-07 00:00:00,25.8,1009.8,93.10518672866101
2023-12-07 03:00:00,26.4,1011.1,88.79047072518293
2023-12-07 06:00:00,32.6,1010.4,74.16993343049164
2023-12-07 09:00:00,32.6,1008.3,58.47312526786792
2023-12-07 12:00:00,30.4,1009.0,70.36635155961307
2023-12-07 15:00:00,28.0,1011.0,80.3537462205201
2023-12-07 18:00:00,27.2,1011.5,82.70035172790627
2023-12-07 21:00:00,26.4,1009.7,87.207659213301
2023-12-08 00:00:00,25.0,1009.8,93.06534216930645
2023-12-08 03:00:00,27.2,1011.7,84.20248990010974
2023-12-08 06:00:00,32.8,1011.1,62.13958951433999
2023-12-08 09:00:00,32.4,1008.3,62.800694130044874
2023-12-08 12:00:00,30.4,1008.8,71.64060697493404
2023-12-08 15:00:00,27.0,1011.7,84.18092213796281
2023-12-08 18:00:00,26.8,1011.8,88.82186644716782
2023-12-08 21:00:00,25.8,1010.1,96.49873881355717
2023-12-09 00:00:00,25.2,1010.1,94.76592069291524
2023-12-09 03:00:00,26.6,1012.6,92.04304428506519
2023-12-09 06:00:00,30.4,1012.3,79.71870652103674
2023-12-09 09:00:00,33.0,1008.3,71.67322751398581
2023-12-09 12:00:00,30.4,1008.5,78.31948639832048
2023-12-09 15:00:00,27.8,1010.6,87.33135888966177
2023-12-09 18:00:00,26.8,1011.1,90.42548942576907
2023-12-09 21:00:00,26.2,1008.8,92.0202947964304
2023-12-10 00:00:00,25.4,1009.4,94.77352241613059
2023-12-10 03:00:00,26.2,1010.8,93.68166338882529
2023-12-10 06:00:00,31.0,1010.8,70.89711040322032
2023-12-10 09:00:00,31.2,1008.0,69.67698198453844
2023-12-10 12:00:00,29.4,1008.3,74.97860136800087
2023-12-10 15:00:00,27.4,1011.3,87.29619508920601
2023-12-10 18:00:00,26.8,1011.7,92.05438311051279
2023-12-10 21:00:00,26.4,1009.8,96.51405730461323
2023-12-11 00:00:00,26.0,1009.7,96.503856108436
2023-12-11 03:00:00,26.0,1011.4,94.79622941585653
2023-12-11 06:00:00,33.6,1010.7,54.61531066815499
2023-12-11 09:00:00,33.0,1008.3,63.305763001067604
2023-12-11 12:00:00,28.0,1008.3,80.3537462205201
2023-12-11 15:00:00,27.6,1010.8,87.31379479213656
2023-12-11 18:00:00,27.2,1010.9,85.72845277885752
2023-12-11 21:00:00,26.4,1008.9,92.03168153578638
2023-12-12 00:00:00,25.8,1008.4,94.78867673105134
2023-12-12 03:00:00,27.2,1010.6,88.85313336738866
2023-12-12 06:00:00,30.2,1011.0,72.90096632227306
2023-12-12 09:00:00,31.2,1008.1,70.93306375697343
2023-12-12 12:00:00,29.4,1008.2,74.97860136800087
2023-12-12 15:00:00,27.4,1010.8,87.29619508920601
2023-12-12 18:00:00,26.6,1011.3,88.80618472944694
2023-12-12 21:00:00,25.8,1008.8,90.35746879655075
2023-12-13 00:00:00,25.2,1008.8,94.76592069291524
2023-12-13 03:00:00,26.0,1011.0,93.67255110424425
2023-12-13 06:00:00,32.0,1010.4,62.71443976755974
2023-12-13 09:00:00,32.8,1007.6,62.13958951433999
2023-12-13 12:00:00,30.0,1008.0,69.03626644470846
2023-12-13 15:00:00,27.2,1010.8,82.70035172790627
2023-12-13 18:00:00,25.0,1010.9,81.93813716288261
2023-12-13 21:00:00,24.6,1009.4,86.51781437617485
2023-12-14 00:00:00,24.0,1010.0,94.71996347442106
2023-12-14 03:00:00,25.0,1011.5,86.5553591977721
2023-12-14 06:00:00,34.0,1011.1,50.879846925795135
2023-12-14 09:00:00,32.4,1008.9,61.68118591242464
2023-12-14 12:00:00,30.6,1009.2,70.40290332892224
2023-12-14 15:00:00,28.8,1012.4,84.87449545917907
2023-12-14 18:00:00,27.8,1012.2,88.89979374390309
2023-12-14 21:00:00,27.0,1010.8,92.06569807815053
2023-12-15 00:00:00,26.4,1010.5,93.69075623120435
2023-12-15 03:00:00,26.2,1012.4,88.7747243479242
2023-12-15 06:00:00,32.8,1012.6,57.470006935954075
2023-12-15 09:00:00,28.8,1010.4,74.88236905493878
2023-12-15 12:00:00,29.8,1009.7,74.15162297941144
2023-12-15 15:00:00,27.8,1011.6,81.29701074620921
2023-12-15 18:00:00,27.0,1012.1,85.7087986323302
2023-12-15 21:00:00,26.6,1010.8,87.22543835052973
2023-12-16 00:00:00,25.8,1010.6,91.99744908137737
2023-12-16 03:00:00,25.8,1011.9,91.99744908137737
2023-12-16 06:00:00,27.7,1012.5,87.84301834473254
2023-12-16 09:00:00,26.4,1009.4,92.03168153578638
2023-12-16 12:00:00,26.2,1008.7,93.68166338882529
2023-12-16 15:00:00,25.8,1011.0,94.78867673105134
2023-12-16 18:00:00,25.4,1011.3,96.48847066905626
2023-12-16 21:00:00,25.2,1009.1,94.76592069291524
2023-12-17 00:00:00,24.6,1009.1,96.46779925124456
2023-12-17 03:00:00,24.2,1011.3,96.45739545380262
2023-12-17 06:00:00,24.4,1010.5,96.4626030540391
2023-12-17 09:00:00,24.0,1008.5,96.45217641736166
2023-12-17 12:00:00,23.4,1008.5,98.2040706521281
2023-12-17 15:00:00,23.4,1010.3,96.43645035727725
2023-12-17 18:00:00,23.4,1010.9,96.43645035727725
2023-12-17 21:00:00,24.0,1008.9,98.2120639566388
2023-12-18 00:00:00,22.0,1008.8,98.18521050372321
2023-12-18 03:00:00,23.8,1010.9,96.4469459114231
2023-12-18 06:00:00,30.4,1010.5,70.36635155961307
2023-12-18 09:00:00,31.8,1008.2,58.99875377243572
2023-12-18 12:00:00,32.2,1008.5,62.75759984410254
2023-12-18 15:00:00,26.2,1011.1,81.09527108176809
2023-12-18 18:00:00,25.8,1011.3,85.59004257177266
2023-12-18 21:00:00,25.8,1009.5,91.99744908137737
2023-12-19 00:00:00,25.6,1009.7,94.78110774663195
2023-12-19 03:00:00,26.0,1012.1,85.60993471040011
2023-12-19 06:00:00,33.2,1011.6,56.53234399526844
2023-12-19 09:00:00,33.2,1009.0,54.188212715085356
2023-12-19 12:00:00,30.8,1008.7,64.3721697153576
2023-12-19 15:00:00,26.8,1011.6,76.86342849595185
2023-12-19 18:00:00,26.2,1011.4,84.09422307879059
2023-12-19 21:00:00,25.6,1009.8,87.13618000678832
2023-12-20 00:00:00,24.6,1010.0,94.74301669819423
2023-12-20 03:00:00,25.8,1012.2,87.15410439808417
2023-12-20 06:00:00,32.4,1011.6,60.57918429384643
2023-12-20 09:00:00,33.4,1008.9,55.56523594731952
2023-12-20 12:00:00,29.6,1009.5,72.36298568854065
2023-12-20 15:00:00,28.0,1011.3,81.80996009312997
2023-12-20 18:00:00,25.7,1011.5,89.80932037982816
2023-12-20 21:00:00,25.2,1009.4,93.07533521182425
2023-12-21 00:00:00,25.0,1009.8,88.14427552074832
2023-12-21 03:00:00,26.0,1012.0,87.17199233244091
2023-12-21 06:00:00,32.6,1011.6,57.422989250564385
2023-12-21 09:00:00,32.4,1009.4,59.49445671738769
2023-12-21 12:00:00,30.2,1009.4,70.32973763313946
2023-12-21 15:00:00,26.0,1012.3,90.37112970835472
2023-12-21 18:00:00,25.0,1012.7,91.39891921824884
2023-12-21 21:00:00,24.8,1010.7,93.05532775865673
2023-12-22 00:00:00,24.4,1010.4,93.03523459227986
2023-12-22 03:00:00,26.2,1013.1,85.62978692730046
2023-12-22 06:00:00,31.4,1011.9,62.20792223032527
2023-12-22 09:00:00,32.6,1009.8,71.60318423066752
2023-12-22 12:00:00,29.0,1010.2,77.65543578652992
2023-12-22 15:00:00,27.4,1012.8,84.22401507730588
2023-12-22 18:00:00,26.6,1013.3,88.80618472944694
2023-12-22 21:00:00,26.0,1011.6,92.00888400052642
2023-12-23 00:00:00,25.4,1011.2,93.08530694612072
2023-12-23 03:00:00,25.8,1014.1,85.59004257177266
2023-12-23 06:00:00,31.4,1013.7,59.989475281496674
2023-12-23 09:00:00,32.0,1010.7,57.981228496846505
2023-12-23 12:00:00,30.8,1010.8,61.70099247044744
2023-12-23 15:00:00,26.8,1013.4,79.71242342812477
2023-12-23 18:00:00,26.2,1013.8,85.62978692730046
2023-12-23 21:00:00,25.6,1012.5,88.72729010944434
2023-12-24 00:00:00,23.2,1012.5,91.2871456644803
2023-12-24 03:00:00,25.8,1014.4,85.59004257177266
2023-12-24 06:00:00,32.0,1013.7,63.85356133058713
2023-12-24 09:00:00,32.0,1011.0,63.85356133058713
2023-12-24 12:00:00,30.2,1010.8,67.83823315041917
2023-12-24 15:00:00,27.4,1013.1,76.95386898986409
2023-12-24 18:00:00,25.8,1013.8,80.55257262849392
2023-12-26 12:00:00,31.2,1010.0,58.5027997016778
2023-12-26 15:00:00,26.7,1012.8,69.67880118327776
2023-12-26 18:00:00,25.7,1013.6,78.11824577084884
2023-12-26 21:00:00,24.8,1011.6,84.97083781729286
2023-12-27 00:00:00,23.8,1011.2,96.4469459114231
2023-12-27 03:00:00,26.4,1013.4,84.11596226208941
2023-12-27 06:00:00,33.2,1012.8,49.14728523903349
2023-12-27 09:00:00,33.6,1009.9,54.61531066815499
2023-12-27 12:00:00,32.0,1009.5,65.01074996458017
2023-12-27 15:00:00,28.4,1011.8,78.97572139747378
2023-12-27 18:00:00,26.0,1012.7,90.37112970835472
2023-12-27 21:00:00,25.8,1010.8,93.10518672866101
2023-12-28 00:00:00,25.4,1010.8,96.48847066905626
2023-12-28 03:00:00,27.8,1012.0,79.84670514036797
2023-12-28 06:00:00,34.0,1011.3,54.05676031075814
2023-12-28 09:00:00,34.2,1008.3,57.45282698261636
2023-12-28 12:00:00,30.4,1008.7,69.11197515651446
2023-12-28 15:00:00,29.8,1010.7,71.53436216643706
2023-12-28 18:00:00,28.0,1011.4,81.80996009312997
2023-12-28 21:00:00,27.8,1009.6,81.29701074620921
2023-12-29 00:00:00,26.6,1010.0,81.14599787426259
2023-12-29 03:00:00,27.2,1011.3,79.76628914637874
2023-12-29 06:00:00,33.8,1011.5,57.01603340699637
2023-12-29 09:00:00,35.4,1008.7,50.9259925271208
2023-12-29 12:00:00,30.4,1009.5,70.36635155961307
2023-12-29 15:00:00,28.8,1010.6,74.88236905493878
2023-12-29 18:00:00,27.6,1011.9,81.27196286112057
2023-12-29 21:00:00,26.8,1010.2,88.82186644716782
2023-12-30 00:00:00,26.8,1009.7,82.65347894376836
2023-12-30 03:00:00,27.2,1011.6,75.53609118292528
2023-12-30 06:00:00,34.6,1011.6,48.317466168278045
2023-12-30 09:00:00,32.6,1009.5,60.623956285700366
2023-12-30 12:00:00,32.6,1009.6,58.47312526786792
2023-12-30 15:00:00,29.0,1011.6,77.65543578652992
2023-12-30 18:00:00,27.6,1011.7,87.31379479213656
2023-12-30 21:00:00,26.8,1010.4,82.65347894376836
2023-12-31 00:00:00,26.4,1010.2,88.79047072518293
2023-12-31 03:00:00,26.4,1011.6,85.64959932544602
2023-12-31 06:00:00,33.4,1011.7,51.35032689190111
2023-12-31 09:00:00,33.8,1008.2,54.99469378792191
2023-12-31 12:00:00,31.2,1008.1,66.82152314124305
2023-12-31 15:00:00,28.8,1011.3,80.45782143103412
2023-12-31 18:00:00,27.4,1012.1,85.74806761675889
2023-12-31 21:00:00,26.2,1010.6,88.7747243479242
