time,score
2023-01-01 00:00:00,0.4949701399690723
2023-01-01 03:00:00,0.4782162010745615
2023-01-01 06:00:00,0.5048272826586288
2023-01-01 09:00:00,0.5001252989615788
2023-01-01 12:00:00,0.47340498923427843
2023-01-01 15:00:00,0.4588859534268894
2023-01-01 18:00:00,0.44924286052128326
2023-01-01 21:00:00,0.43523053774742343
2023-01-02 00:00:00,0.44497002097096827
2023-01-02 03:00:00,0.4600251548755134
2023-01-02 06:00:00,0.47588242793037216
2023-01-02 09:00:00,0.45680429807971223
2023-01-02 12:00:00,0.4501099578873808
2023-01-02 15:00:00,0.4366309045564905
2023-01-02 18:00:00,0.43567277305507174
2023-01-02 21:00:00,0.4349005980579035
2023-01-03 00:00:00,0.4911403265735944
2023-01-03 03:00:00,0.47264213170535346
2023-01-03 06:00:00,0.4509131680042229
2023-01-03 09:00:00,0.4546786336692841
2023-01-03 12:00:00,0.44629226368360475
2023-01-03 15:00:00,0.438854943221163
2023-01-03 18:00:00,0.424436850855965
2023-01-03 21:00:00,0.4556313704943136
2023-01-04 00:00:00,0.4818769040020255
2023-01-04 03:00:00,0.5042268980429938
2023-01-04 06:00:00,0.5053371197334817
2023-01-04 09:00:00,0.5976682471043271
2023-01-04 12:00:00,0.5576544715164875
2023-01-04 15:00:00,0.5235241189737164
2023-01-04 18:00:00,0.47362438455648
2023-01-04 21:00:00,0.46158285661012993
2023-01-05 00:00:00,0.4359775851691231
2023-01-05 03:00:00,0.4528365394038976
2023-01-05 09:00:00,0.4555433116163231
2023-01-05 12:00:00,0.4578886364788255
2023-01-05 15:00:00,0.45127849489421334
2023-01-05 18:00:00,0.4286178873053374
2023-01-06 00:00:00,0.44774904327252435
2023-01-06 03:00:00,0.4395610260722635
2023-01-06 06:00:00,0.47276328625048825
2023-01-06 09:00:00,0.48888140673320996
2023-01-06 12:00:00,0.4698974684157931
2023-01-06 15:00:00,0.47370113555137977
2023-01-06 18:00:00,0.44466380450241605
2023-01-06 21:00:00,0.4282128647503923
2023-01-07 00:00:00,0.45824638388361194
2023-01-07 03:00:00,0.44472262535043644
2023-01-07 06:00:00,0.4732051126853286
2023-01-07 09:00:00,0.4794332195596461
2023-01-07 12:00:00,0.45679525971675605
2023-01-07 15:00:00,0.4674080505491613
2023-01-07 18:00:00,0.4459685174042926
2023-01-07 21:00:00,0.442263197736483
2023-01-08 00:00:00,0.4376051062765991
2023-01-08 03:00:00,0.45168717172622075
2023-01-08 06:00:00,0.4719465777292192
2023-01-08 09:00:00,0.537034222650661
2023-01-08 12:00:00,0.46843714964166433
2023-01-08 18:00:00,0.4424814146121259
2023-01-08 21:00:00,0.43992173845781274
2023-01-09 00:00:00,0.4360392385241122
2023-01-09 03:00:00,0.4432360455202534
2023-01-09 06:00:00,0.4629931683509364
2023-01-09 09:00:00,0.5006784186834097
2023-01-09 12:00:00,0.4607841969531047
2023-01-09 15:00:00,0.4289414769476705
2023-01-09 18:00:00,0.42467397429516
2023-01-09 21:00:00,0.4181224396377373
2023-01-10 00:00:00,0.4337625463687878
2023-01-10 03:00:00,0.4364356912468202
2023-01-10 06:00:00,0.4561817725223788
2023-01-10 09:00:00,0.485163307960128
2023-01-10 12:00:00,0.45830460239233395
2023-01-10 15:00:00,0.4631282942026593
2023-01-10 18:00:00,0.4464295453975168
2023-01-10 21:00:00,0.4504107637446886
2023-01-11 00:00:00,0.4718421278088458
2023-01-11 03:00:00,0.4705472425207156
2023-01-11 06:00:00,0.47269505803453415
2023-01-11 09:00:00,0.5009001779434116
2023-01-11 12:00:00,0.45983046754827195
2023-01-11 15:00:00,0.46061389765227334
2023-01-11 18:00:00,0.4402879265738056
2023-01-11 21:00:00,0.43561696164524966
2023-01-12 00:00:00,0.45935165567681396
2023-01-12 03:00:00,0.4580746683042753
2023-01-12 06:00:00,0.4640234991802772
2023-01-12 09:00:00,0.501288774352673
2023-01-12 12:00:00,0.46652534621912173
2023-01-12 15:00:00,0.45965931238449154
2023-01-12 18:00:00,0.45354377652099737
2023-01-12 21:00:00,0.45547572212114773
2023-01-13 00:00:00,0.44850774522903675
2023-01-13 03:00:00,0.4629363207106521
2023-01-13 06:00:00,0.4774668209247399
2023-01-13 09:00:00,0.4840316243347317
2023-01-13 12:00:00,0.4681209385067735
2023-01-13 15:00:00,0.4627142750601142
2023-01-13 18:00:00,0.4477777144263678
2023-01-13 21:00:00,0.43794374180861556
2023-01-14 00:00:00,0.4484268444457091
2023-01-14 03:00:00,0.45631847994048624
2023-01-14 06:00:00,0.45679795327139533
2023-01-14 09:00:00,0.4641936939904121
2023-01-14 12:00:00,0.4338337441434267
2023-01-14 15:00:00,0.45586665045532504
2023-01-14 18:00:00,0.43204815556869075
2023-01-14 21:00:00,0.4217114777982916
2023-01-15 00:00:00,0.48441823679656915
2023-01-15 03:00:00,0.46409157334085765
2023-01-15 06:00:00,0.5325803336358149
2023-01-15 09:00:00,0.5044610866120842
2023-01-15 12:00:00,0.48894977461866435
2023-01-15 15:00:00,0.47980768144838276
2023-01-15 18:00:00,0.45253061615358003
2023-01-15 21:00:00,0.4352892350260863
2023-01-16 00:00:00,0.43982921558657123
2023-01-16 03:00:00,0.46526597332448577
2023-01-16 06:00:00,0.5218791981864025
2023-01-16 09:00:00,0.4722034125501007
2023-01-16 12:00:00,0.45831200611258954
2023-01-16 15:00:00,0.47597499858181186
2023-01-16 18:00:00,0.4849657084222178
2023-01-16 21:00:00,0.5671750902569825
2023-01-17 00:00:00,0.5511957543932611
2023-01-17 03:00:00,0.5094505332910415
2023-01-17 06:00:00,0.5170884937305009
2023-01-17 09:00:00,0.5148686651040726
2023-01-17 12:00:00,0.5051189150733834
2023-01-17 15:00:00,0.5119510201741477
2023-01-17 18:00:00,0.48409873277368637
2023-01-17 21:00:00,0.4673964716406177
2023-01-18 00:00:00,0.4700320576408609
2023-01-18 03:00:00,0.49548541148804415
2023-01-18 06:00:00,0.5751860276987777
2023-01-18 09:00:00,0.5221601393818721
2023-01-18 12:00:00,0.4931976957917699
2023-01-18 15:00:00,0.4898253604047267
2023-01-18 18:00:00,0.4487002056116097
2023-01-18 21:00:00,0.4470150530273621
2023-01-19 00:00:00,0.48208687303117126
2023-01-19 03:00:00,0.460934223150637
2023-01-19 06:00:00,0.5435708477615508
2023-01-19 09:00:00,0.4799287281945101
2023-01-19 12:00:00,0.4659053125439521
2023-01-19 15:00:00,0.45672919779730714
2023-01-19 18:00:00,0.4393531180463739
2023-01-19 21:00:00,0.4151472863233033
2023-01-20 00:00:00,0.4543148767434935
2023-01-20 03:00:00,0.44178224872715227
2023-01-20 06:00:00,0.4565776727805079
2023-01-20 09:00:00,0.49310688052966156
2023-01-20 12:00:00,0.45948946945446323
2023-01-20 15:00:00,0.4557734007756975
2023-01-20 18:00:00,0.4210950023521924
2023-01-20 21:00:00,0.4174428026199261
2023-01-21 00:00:00,0.44220825956310994
2023-01-21 03:00:00,0.45049433044255616
2023-01-21 06:00:00,0.46875069192614993
2023-01-21 09:00:00,0.49166575975691645
2023-01-21 12:00:00,0.44873814851356475
2023-01-21 15:00:00,0.4411930005500845
2023-01-21 18:00:00,0.4318046262175255
2023-01-21 21:00:00,0.428061881148992
2023-01-22 00:00:00,0.43806276934008764
2023-01-22 03:00:00,0.46292897987648346
2023-01-22 06:00:00,0.5038061201318541
2023-01-22 09:00:00,0.4947916507480103
2023-01-22 12:00:00,0.4618283694666523
2023-01-22 15:00:00,0.45652690438224036
2023-01-22 18:00:00,0.4381534228615711
2023-01-22 21:00:00,0.43171914565401864
2023-01-23 00:00:00,0.4503779100450786
2023-01-23 03:00:00,0.47237087583829573
2023-01-23 06:00:00,0.5446582630781327
2023-01-23 09:00:00,0.5332511906335156
2023-01-23 12:00:00,0.49277883422749197
2023-01-23 15:00:00,0.4752416744219229
2023-01-23 18:00:00,0.43338290044184286
2023-01-23 21:00:00,0.4300942576556679
2023-01-24 00:00:00,0.4628649805323659
2023-01-24 03:00:00,0.4681203657259169
2023-01-24 06:00:00,0.4676708941476715
2023-01-24 09:00:00,0.47168889950158605
2023-01-24 12:00:00,0.46711777909468777
2023-01-24 15:00:00,0.45008675092582057
2023-01-24 18:00:00,0.4498494949758622
2023-01-24 21:00:00,0.44932784606876747
2023-01-25 00:00:00,0.4594547379218797
2023-01-25 03:00:00,0.46417361978334826
2023-01-25 06:00:00,0.4702567614338448
2023-01-25 09:00:00,0.46228776213204126
2023-01-25 12:00:00,0.4746606074192302
2023-01-25 15:00:00,0.4496970107793791
2023-01-25 18:00:00,0.4615194555152438
2023-01-25 21:00:00,0.4637535170981485
2023-01-26 00:00:00,0.46596453257525217
2023-01-26 03:00:00,0.4703161159790657
2023-01-26 06:00:00,0.4996100611611989
2023-01-26 09:00:00,0.48371061863473663
2023-01-26 12:00:00,0.4916642993660908
2023-01-26 15:00:00,0.44416906887594276
2023-01-26 18:00:00,0.4232108020066403
2023-01-26 21:00:00,0.4222935806237447
2023-01-27 00:00:00,0.47467832463296855
2023-01-27 03:00:00,0.4807612987855048
2023-01-27 06:00:00,0.5260442036682396
2023-01-27 09:00:00,0.47168346421370433
2023-01-27 12:00:00,0.4458202656661735
2023-01-27 15:00:00,0.46168372334623414
2023-01-27 18:00:00,0.43644726384664195
2023-01-27 21:00:00,0.4325718633935818
2023-01-28 00:00:00,0.4761686699395742
2023-01-28 03:00:00,0.45735432720678487
2023-01-28 06:00:00,0.4975977805340011
2023-01-28 09:00:00,0.5077175374262266
2023-01-28 12:00:00,0.5098119045366557
2023-01-28 15:00:00,0.48849365505832876
2023-01-28 18:00:00,0.4434988919667154
2023-01-28 21:00:00,0.43297486048947975
2023-01-29 00:00:00,0.4675642638241633
2023-01-29 03:00:00,0.46319187244361654
2023-01-29 06:00:00,0.4750889872128021
2023-01-29 09:00:00,0.5239566687367974
2023-01-29 12:00:00,0.47871393482862357
2023-01-29 15:00:00,0.45644199898464033
2023-01-29 18:00:00,0.48081343415809813
2023-01-29 21:00:00,0.4396039002049449
2023-01-30 00:00:00,0.4468802428147987
2023-01-30 03:00:00,0.4490180391537526
2023-01-30 06:00:00,0.47266661790814624
2023-01-30 09:00:00,0.46490045997280766
2023-01-30 12:00:00,0.46092033528402065
2023-01-30 15:00:00,0.45330449960903024
2023-01-30 18:00:00,0.4396383060366525
2023-01-30 21:00:00,0.4379662233039761
2023-01-31 00:00:00,0.4712382830873532
2023-01-31 03:00:00,0.45224494538670457
2023-01-31 06:00:00,0.46200966960030065
2023-01-31 09:00:00,0.4623776899114395
2023-01-31 12:00:00,0.4584515534741738
2023-01-31 15:00:00,0.4436037622822989
2023-01-31 18:00:00,0.4312188979969847
2023-01-31 21:00:00,0.4202403972011856
2023-02-01 00:00:00,0.4361650754964117
2023-02-01 03:00:00,0.45975655536541077
2023-02-01 06:00:00,0.4686816060136793
2023-02-01 09:00:00,0.46914887012999196
2023-02-01 12:00:00,0.4385148158332315
2023-02-01 15:00:00,0.4413583224155874
2023-02-01 18:00:00,0.4138281847646119
2023-02-01 21:00:00,0.40650589250330116
2023-02-02 00:00:00,0.4422574055263828
2023-02-02 03:00:00,0.4309672605920616
2023-02-02 06:00:00,0.4625684436369573
2023-02-02 09:00:00,0.44852400352617133
2023-02-02 12:00:00,0.43363635614546076
2023-02-02 15:00:00,0.42950792977208624
2023-02-02 18:00:00,0.42324980998856826
2023-02-02 21:00:00,0.448215734416443
2023-02-03 00:00:00,0.5225020578484791
2023-02-03 03:00:00,0.47778374324649736
2023-02-03 06:00:00,0.47983473909521007
2023-02-03 09:00:00,0.45387834212324296
2023-02-03 12:00:00,0.4389665210513865
2023-02-03 15:00:00,0.4719652526561403
2023-02-03 18:00:00,0.4543991708734376
2023-02-03 21:00:00,0.4734289532108895
2023-02-04 00:00:00,0.4917995021259046
2023-02-04 03:00:00,0.5596278079457744
2023-02-04 06:00:00,0.5593319754961579
2023-02-04 09:00:00,0.5391830314596447
2023-02-04 12:00:00,0.5187272647193076
2023-02-04 15:00:00,0.47093304191681684
2023-02-04 18:00:00,0.426883811331579
2023-02-04 21:00:00,0.42014866729121797
2023-02-05 00:00:00,0.4300319282690629
2023-02-05 03:00:00,0.42894890529126356
2023-02-05 06:00:00,0.4801183329619902
2023-02-05 09:00:00,0.4844045672052896
2023-02-05 12:00:00,0.4723832367480151
2023-02-05 15:00:00,0.4753510289459289
2023-02-05 18:00:00,0.44265434070183757
2023-02-05 21:00:00,0.4365248461673741
2023-02-06 00:00:00,0.45162032916684386
2023-02-06 03:00:00,0.47875788252736584
2023-02-06 06:00:00,0.5343871736295037
2023-02-06 09:00:00,0.49025207159584333
2023-02-06 12:00:00,0.46425898528624776
2023-02-06 15:00:00,0.44555577244582684
2023-02-06 18:00:00,0.44163461018585354
2023-02-06 21:00:00,0.4501505460142348
2023-02-07 00:00:00,0.48646863873196655
2023-02-07 03:00:00,0.49388366091807784
2023-02-07 06:00:00,0.48020751918538673
2023-02-07 09:00:00,0.4667132793060557
2023-02-07 12:00:00,0.45109999516948246
2023-02-07 15:00:00,0.43765556466759387
2023-02-07 18:00:00,0.4442356876645774
2023-02-07 21:00:00,0.4268586450228317
2023-02-08 00:00:00,0.46336666921943737
2023-02-08 03:00:00,0.44796109949480245
2023-02-08 06:00:00,0.5039475740276068
2023-02-08 09:00:00,0.4651488819992524
2023-02-08 12:00:00,0.47243117965780096
2023-02-08 15:00:00,0.4892671239050493
2023-02-08 18:00:00,0.43980630676273275
2023-02-08 21:00:00,0.4433421015106145
2023-02-09 00:00:00,0.4805775060048928
2023-02-09 03:00:00,0.4749838079495118
2023-02-09 06:00:00,0.540988282310616
2023-02-09 09:00:00,0.5049796862148571
2023-02-09 12:00:00,0.4840420618934872
2023-02-09 15:00:00,0.4522826902311833
2023-02-09 18:00:00,0.42335407160868405
2023-02-09 21:00:00,0.4277483634241901
2023-02-10 00:00:00,0.4528777434728801
2023-02-10 03:00:00,0.4686313923810942
2023-02-10 06:00:00,0.4981511854030214
2023-02-10 09:00:00,0.491329061716184
2023-02-10 12:00:00,0.4666155148543457
2023-02-10 15:00:00,0.4606192466396672
2023-02-10 18:00:00,0.4444614944174296
2023-02-10 21:00:00,0.4513656071368916
2023-02-11 00:00:00,0.4623283525138347
2023-02-11 03:00:00,0.4729589113771755
2023-02-11 06:00:00,0.48939114583329446
2023-02-11 09:00:00,0.4734248492036872
2023-02-11 12:00:00,0.4380497187534592
2023-02-11 15:00:00,0.4467180231849663
2023-02-11 18:00:00,0.4421489674216122
2023-02-11 21:00:00,0.43039250483242086
2023-02-12 00:00:00,0.47910419309162466
2023-02-12 03:00:00,0.4592910570283859
2023-02-12 06:00:00,0.5145639915778963
2023-02-12 09:00:00,0.48903777614446936
2023-02-12 12:00:00,0.4764409742689905
2023-02-12 15:00:00,0.47733971846512746
2023-02-12 18:00:00,0.4555610062456614
2023-02-12 21:00:00,0.4553688872519139
2023-02-13 00:00:00,0.4852717284564051
2023-02-13 03:00:00,0.4874400169433994
2023-02-13 06:00:00,0.505229307637763
2023-02-13 09:00:00,0.47398264877368573
2023-02-13 12:00:00,0.4741625364874431
2023-02-13 15:00:00,0.4494782951919373
2023-02-13 18:00:00,0.44453540688878723
2023-02-13 21:00:00,0.45113811292746286
2023-02-14 00:00:00,0.5118824042444149
2023-02-14 03:00:00,0.5096800268453294
2023-02-14 06:00:00,0.49019287174296033
2023-02-14 09:00:00,0.48137968162482275
2023-02-14 12:00:00,0.4575190025756459
2023-02-14 15:00:00,0.4364456397293962
2023-02-14 18:00:00,0.4249515962255903
2023-02-14 21:00:00,0.4229973639573534
2023-02-15 00:00:00,0.4651801170964385
2023-02-15 03:00:00,0.4436786548575045
2023-02-15 06:00:00,0.4628331494745114
2023-02-15 09:00:00,0.4501167717317812
2023-02-15 12:00:00,0.4543976243676527
2023-02-15 15:00:00,0.4468380059528193
2023-02-15 18:00:00,0.41748254799279233
2023-02-15 21:00:00,0.4298163411269187
2023-02-16 00:00:00,0.45361874613228775
2023-02-16 03:00:00,0.44619222101007566
2023-02-16 06:00:00,0.49152709065882216
2023-02-16 09:00:00,0.49356657466779225
2023-02-16 12:00:00,0.47481561442899994
2023-02-16 15:00:00,0.4546772796357897
2023-02-16 18:00:00,0.420395581315537
2023-02-16 21:00:00,0.4158248317068582
2023-02-17 00:00:00,0.42266273572882046
2023-02-17 03:00:00,0.43907234936479367
2023-02-17 06:00:00,0.49974931405230066
2023-02-17 09:00:00,0.4882321861986854
2023-02-17 12:00:00,0.47625410928732725
2023-02-17 15:00:00,0.4647343510092178
2023-02-17 18:00:00,0.43276965289772523
2023-02-17 21:00:00,0.4203385976255085
2023-02-18 00:00:00,0.4384491601353041
2023-02-18 03:00:00,0.46203847489432875
2023-02-18 06:00:00,0.499033678672505
2023-02-18 09:00:00,0.47562534008981217
2023-02-18 12:00:00,0.45580116366150564
2023-02-18 15:00:00,0.45577195468999465
2023-02-18 18:00:00,0.4376583413799538
2023-02-18 21:00:00,0.4281346656962964
2023-02-19 00:00:00,0.45496608854571485
2023-02-19 03:00:00,0.4686999540146182
2023-02-19 06:00:00,0.5003944417804851
2023-02-19 09:00:00,0.5055665647163612
2023-02-19 12:00:00,0.4682363825884311
2023-02-19 15:00:00,0.44407604017618507
2023-02-19 18:00:00,0.44039531861412456
2023-02-19 21:00:00,0.43136229944776067
2023-02-20 00:00:00,0.4711187911571087
2023-02-20 03:00:00,0.4739616510767431
2023-02-20 06:00:00,0.5364992410215295
2023-02-20 09:00:00,0.5033834907169839
2023-02-20 12:00:00,0.4850961958482737
2023-02-20 15:00:00,0.46657265625756966
2023-02-20 18:00:00,0.4366917387964037
2023-02-20 21:00:00,0.46587713574166306
2023-02-21 00:00:00,0.4691304109068331
2023-02-21 03:00:00,0.46633793049735445
2023-02-21 06:00:00,0.5052123108431047
2023-02-21 09:00:00,0.5017910997426464
2023-02-21 12:00:00,0.48951690553580585
2023-02-21 15:00:00,0.4789195990802103
2023-02-21 18:00:00,0.4446376154559763
2023-02-21 21:00:00,0.44064960564572553
2023-02-22 00:00:00,0.44342445066078734
2023-02-22 03:00:00,0.4703332783429437
2023-02-22 06:00:00,0.5085470045299485
2023-02-22 09:00:00,0.49053890468328615
2023-02-22 12:00:00,0.46211838790436455
2023-02-22 15:00:00,0.45530787105283804
2023-02-22 18:00:00,0.4472520170253849
2023-02-22 21:00:00,0.4649803184860765
2023-02-23 00:00:00,0.4996717035134221
2023-02-23 03:00:00,0.48576960291709015
2023-02-23 06:00:00,0.5086536762511747
2023-02-23 09:00:00,0.5109853781487222
2023-02-23 12:00:00,0.5031059320765926
2023-02-23 15:00:00,0.4891758525610715
2023-02-23 18:00:00,0.4666297214896315
2023-02-23 21:00:00,0.4733415785430266
2023-02-24 00:00:00,0.49036430519147406
2023-02-24 03:00:00,0.48642105253392554
2023-02-24 06:00:00,0.5301107211462247
2023-02-24 09:00:00,0.5424139806646916
2023-02-24 12:00:00,0.5259274361347205
2023-02-24 15:00:00,0.5210875600021554
2023-02-24 18:00:00,0.46136647604893505
2023-02-24 21:00:00,0.45219484325251114
2023-02-25 00:00:00,0.44523487504944315
2023-02-25 03:00:00,0.4745631889326513
2023-02-25 06:00:00,0.5362202544699061
2023-02-25 09:00:00,0.5073342678819294
2023-02-25 12:00:00,0.4927052360395433
2023-02-25 15:00:00,0.4894740779198196
2023-02-25 18:00:00,0.45137838161724275
2023-02-25 21:00:00,0.4381256980530568
2023-02-26 00:00:00,0.4547975807792185
2023-02-26 03:00:00,0.4770900943587296
2023-02-26 06:00:00,0.51620024034377
2023-02-26 09:00:00,0.4879363749166174
2023-02-26 12:00:00,0.4556465024347497
2023-02-26 15:00:00,0.4491705739885144
2023-02-26 18:00:00,0.45112161213130614
2023-02-26 21:00:00,0.4443242346993681
2023-02-27 00:00:00,0.4797866837385417
2023-02-27 03:00:00,0.46487839268597664
2023-02-27 06:00:00,0.5110532362284834
2023-02-27 09:00:00,0.49244254174781726
2023-02-27 12:00:00,0.4649423936919928
2023-02-27 15:00:00,0.44583313926178136
2023-02-27 18:00:00,0.43894375593062546
2023-02-27 21:00:00,0.43860246007553944
2023-02-28 00:00:00,0.4611483101224438
2023-02-28 03:00:00,0.44660674222935565
2023-02-28 06:00:00,0.4950054064406812
2023-02-28 09:00:00,0.45051545068012344
2023-02-28 12:00:00,0.44523841746906306
2023-02-28 15:00:00,0.4372633114216576
2023-02-28 18:00:00,0.42793804458004775
2023-02-28 21:00:00,0.42191081556410154
2023-03-01 00:00:00,0.4972497922785771
2023-03-01 03:00:00,0.4806986611523402
2023-03-01 06:00:00,0.4575988222074754
2023-03-01 09:00:00,0.4647681122790286
2023-03-01 12:00:00,0.49310139087863936
2023-03-01 15:00:00,0.4778324704427151
2023-03-01 18:00:00,0.4640809343936689
2023-03-01 21:00:00,0.4574551747477455
2023-03-02 00:00:00,0.4679092861402553
2023-03-02 03:00:00,0.4966675822503437
2023-03-02 06:00:00,0.5383725997569055
2023-03-02 09:00:00,0.4642541911241053
2023-03-02 12:00:00,0.4455468683982906
2023-03-02 15:00:00,0.4433723650062224
2023-03-02 18:00:00,0.4347545186125106
2023-03-02 21:00:00,0.43668775151719597
2023-03-03 09:00:00,0.4584976918369856
2023-03-03 12:00:00,0.45519236215888104
2023-03-03 15:00:00,0.4493762994161972
2023-03-03 18:00:00,0.4319469696009876
2023-03-03 21:00:00,0.4468909701096979
2023-03-04 00:00:00,0.46586977747929975
2023-03-04 03:00:00,0.4595171377439828
2023-03-04 06:00:00,0.532347860492936
2023-03-04 09:00:00,0.519927744221521
2023-03-04 12:00:00,0.4724631126807116
2023-03-04 15:00:00,0.4384982383590076
2023-03-04 18:00:00,0.4270206641179286
2023-03-04 21:00:00,0.4227889740885879
2023-03-05 00:00:00,0.4320786687400294
2023-03-05 03:00:00,0.4503243906710062
2023-03-05 06:00:00,0.4890612413514405
2023-03-05 09:00:00,0.4678827513026065
2023-03-05 12:00:00,0.45476178211084806
2023-03-05 15:00:00,0.4597474142823225
2023-03-05 18:00:00,0.4544250689747828
2023-03-05 21:00:00,0.4358407359772772
2023-03-06 00:00:00,0.45295300620062445
2023-03-06 03:00:00,0.4622889789752891
2023-03-06 06:00:00,0.5044272706077145
2023-03-06 09:00:00,0.4607105555564313
2023-03-06 12:00:00,0.44910100694745103
2023-03-06 15:00:00,0.4343613286563184
2023-03-06 18:00:00,0.41471113080664385
2023-03-06 21:00:00,0.42103908029745124
2023-03-07 00:00:00,0.4313693139237944
2023-03-07 03:00:00,0.4472153543785822
2023-03-07 06:00:00,0.5152710738688759
2023-03-07 09:00:00,0.4747170166089806
2023-03-07 12:00:00,0.4668893176555543
2023-03-07 15:00:00,0.45672970976933397
2023-03-07 18:00:00,0.42044270698905983
2023-03-07 21:00:00,0.41861099416881337
2023-03-08 00:00:00,0.4260874354175288
2023-03-08 03:00:00,0.4546458775389785
2023-03-08 06:00:00,0.48937684958299466
2023-03-08 09:00:00,0.45166458713814106
2023-03-08 12:00:00,0.44669392988583484
2023-03-08 15:00:00,0.43475920918363775
2023-03-08 18:00:00,0.41094247298226566
2023-03-08 21:00:00,0.4321798418137053
2023-03-09 00:00:00,0.4330084894526499
2023-03-09 03:00:00,0.4287700365317925
2023-03-09 06:00:00,0.48163989256972806
2023-03-09 09:00:00,0.46158766489467534
2023-03-09 12:00:00,0.4570876419717684
2023-03-09 15:00:00,0.4593697076731193
2023-03-09 18:00:00,0.4446855226169445
2023-03-09 21:00:00,0.42140753080008686
2023-03-10 00:00:00,0.4524839354595644
2023-03-10 03:00:00,0.4403502006497597
2023-03-10 06:00:00,0.4732123436288879
2023-03-10 09:00:00,0.44787267620397825
2023-03-10 12:00:00,0.44653152737489493
2023-03-10 15:00:00,0.41871384879467505
2023-03-10 18:00:00,0.41489158369153284
2023-03-10 21:00:00,0.42362327345935524
2023-03-11 00:00:00,0.4394922985409209
2023-03-11 03:00:00,0.48767877682048105
2023-03-11 06:00:00,0.4983200881231557
2023-03-11 09:00:00,0.4588074549102841
2023-03-11 12:00:00,0.4581825690978718
2023-03-11 15:00:00,0.45430555773987535
2023-03-11 18:00:00,0.45131863593633625
2023-03-11 21:00:00,0.4537979667606067
2023-03-12 00:00:00,0.48269211829152736
2023-03-12 03:00:00,0.46167240974622653
2023-03-12 06:00:00,0.5311364328241817
2023-03-12 09:00:00,0.5092447078988839
2023-03-12 12:00:00,0.5000744434226864
2023-03-12 15:00:00,0.4964794532505364
2023-03-12 18:00:00,0.43744087881867916
2023-03-12 21:00:00,0.43442740351223386
2023-03-13 00:00:00,0.4356813771980337
2023-03-13 03:00:00,0.4501244767635625
2023-03-13 06:00:00,0.5092005508021957
2023-03-13 09:00:00,0.47885607148191833
2023-03-13 12:00:00,0.459659234352227
2023-03-13 15:00:00,0.4413764956233394
2023-03-13 18:00:00,0.44050769040627885
2023-03-13 21:00:00,0.417058928087263
2023-03-14 00:00:00,0.43560116598694143
2023-03-14 03:00:00,0.44247079108243276
2023-03-14 06:00:00,0.49653653822411403
2023-03-14 09:00:00,0.46268669638709736
2023-03-14 12:00:00,0.44657919770481536
2023-03-14 15:00:00,0.43113279879060645
2023-03-14 18:00:00,0.4562965255087304
2023-03-14 21:00:00,0.4544255721780267
2023-03-15 00:00:00,0.4601081213181605
2023-03-15 03:00:00,0.49469205344639916
2023-03-15 06:00:00,0.5832727281499832
2023-03-15 09:00:00,0.5547073349465765
2023-03-15 12:00:00,0.5231576527940345
2023-03-15 15:00:00,0.4963224719220737
2023-03-15 18:00:00,0.4445778590131363
2023-03-15 21:00:00,0.43790464967794757
2023-03-16 00:00:00,0.45015355964542364
2023-03-16 03:00:00,0.4806878244446064
2023-03-16 06:00:00,0.45405331102449364
2023-03-16 09:00:00,0.4600121795222723
2023-03-16 12:00:00,0.4544451330468108
2023-03-16 15:00:00,0.45810347376052696
2023-03-16 18:00:00,0.42664171926525046
2023-03-16 21:00:00,0.4355317550675003
2023-03-17 00:00:00,0.4489001693012028
2023-03-17 03:00:00,0.4801399938607708
2023-03-17 06:00:00,0.44683546704903937
2023-03-17 09:00:00,0.4413914329318066
2023-03-17 12:00:00,0.4515149265034606
2023-03-17 15:00:00,0.4335576212151335
2023-03-17 18:00:00,0.41765735001622106
2023-03-17 21:00:00,0.4305564936578834
2023-03-18 00:00:00,0.46934001401695236
2023-03-18 03:00:00,0.4658421445540488
2023-03-18 06:00:00,0.47217931579950306
2023-03-18 09:00:00,0.4932566247470917
2023-03-18 12:00:00,0.4962734631791908
2023-03-18 15:00:00,0.4471491513985206
2023-03-18 18:00:00,0.4255655787675483
2023-03-18 21:00:00,0.4244528554501483
2023-03-19 00:00:00,0.4288832160254816
2023-03-19 03:00:00,0.4440189221081041
2023-03-19 06:00:00,0.47583482131018523
2023-03-19 09:00:00,0.46623437106171944
2023-03-19 12:00:00,0.4487975190230203
2023-03-19 15:00:00,0.44317296134990664
2023-03-19 18:00:00,0.4344772357050685
2023-03-19 21:00:00,0.42832150348449816
2023-03-20 00:00:00,0.42906798986803263
2023-03-20 03:00:00,0.4377808191982952
2023-03-20 06:00:00,0.4611681663310225
2023-03-20 09:00:00,0.4872269334563488
2023-03-20 12:00:00,0.48307388208729374
2023-03-20 15:00:00,0.5331613714639055
2023-03-20 18:00:00,0.4757165335903816
2023-03-20 21:00:00,0.44609909607318304
2023-03-21 00:00:00,0.4560703377156218
2023-03-21 03:00:00,0.46891454878537675
2023-03-21 06:00:00,0.46566364919504344
2023-03-21 09:00:00,0.4606228753156667
2023-03-21 12:00:00,0.4431076225700564
2023-03-21 15:00:00,0.4359250934611975
2023-03-21 18:00:00,0.43730831906872053
2023-03-21 21:00:00,0.43417943682078347
2023-03-22 00:00:00,0.43655119447539326
2023-03-22 03:00:00,0.4678192721119948
2023-03-22 06:00:00,0.4643161834399473
2023-03-22 09:00:00,0.4577640896770065
2023-03-22 12:00:00,0.4374264869281749
2023-03-22 15:00:00,0.4155544401849376
2023-03-22 18:00:00,0.41280421479519985
2023-03-22 21:00:00,0.41049141050554827
2023-03-23 00:00:00,0.4456680021995365
2023-03-23 03:00:00,0.4413715117292975
2023-03-23 06:00:00,0.46683923414448725
2023-03-23 09:00:00,0.437976700038539
2023-03-23 12:00:00,0.44213725343509164
2023-03-23 15:00:00,0.4465824962433216
2023-03-23 18:00:00,0.4351182944381077
2023-03-23 21:00:00,0.42221913559015467
2023-03-24 00:00:00,0.44536075376929063
2023-03-24 03:00:00,0.45264305930351817
2023-03-24 06:00:00,0.5158462646515478
2023-03-24 09:00:00,0.5001703145877989
2023-03-24 12:00:00,0.48458454625815617
2023-03-24 15:00:00,0.5136182234678395
2023-03-24 18:00:00,0.45720740448598307
2023-03-24 21:00:00,0.4465598341049176
2023-03-25 00:00:00,0.42739036162026733
2023-03-25 03:00:00,0.44805048091835364
2023-03-25 06:00:00,0.46558913689822307
2023-03-25 09:00:00,0.4621466927312359
2023-03-25 12:00:00,0.4488915704637376
2023-03-25 15:00:00,0.4460334605657781
2023-03-25 18:00:00,0.4336242416258936
2023-03-26 00:00:00,0.45206052088098214
2023-03-26 03:00:00,0.4832421115724431
2023-03-26 06:00:00,0.502860245675975
2023-03-26 09:00:00,0.4673574685544222
2023-03-26 12:00:00,0.4415960253142881
2023-03-26 15:00:00,0.43776755329502054
2023-03-26 18:00:00,0.4426491455461079
2023-03-26 21:00:00,0.44830711616616287
2023-03-27 00:00:00,0.4612902023497701
2023-03-27 03:00:00,0.4343113696826313
2023-03-27 06:00:00,0.4530172582613456
2023-03-27 09:00:00,0.4515920191334139
2023-03-27 12:00:00,0.44411713354741345
2023-03-27 15:00:00,0.42973783662100695
2023-03-27 18:00:00,0.4286233977060535
2023-03-27 21:00:00,0.429415989251801
2023-03-28 00:00:00,0.44377320568759376
2023-03-28 03:00:00,0.4364414399129491
2023-03-28 06:00:00,0.46200933106884967
2023-03-28 09:00:00,0.4540729843241388
2023-03-28 12:00:00,0.45189129596732147
2023-03-28 15:00:00,0.44795448386976505
2023-03-28 18:00:00,0.43061117425791734
2023-03-28 21:00:00,0.4251038869387911
2023-03-29 00:00:00,0.44330324433301765
2023-03-29 03:00:00,0.454480132778736
2023-03-29 06:00:00,0.5317729909071753
2023-03-29 09:00:00,0.5417276277827459
2023-03-29 12:00:00,0.5417201707713157
2023-03-29 15:00:00,0.5344042876893084
2023-03-29 18:00:00,0.4505364254522242
2023-03-30 00:00:00,0.45522795717733844
2023-03-30 03:00:00,0.4509561006396221
2023-03-30 06:00:00,0.47856947038824743
2023-03-30 09:00:00,0.5258915960944043
2023-03-30 12:00:00,0.508839990040416
2023-03-30 15:00:00,0.49889690046518054
2023-03-30 18:00:00,0.44915234614483535
2023-03-30 21:00:00,0.43836310518323685
2023-03-31 00:00:00,0.4368509621924699
2023-03-31 03:00:00,0.4514511442327114
2023-03-31 06:00:00,0.47183716850581714
2023-03-31 09:00:00,0.49317531356060346
2023-03-31 12:00:00,0.46603827868029707
2023-03-31 15:00:00,0.456250063763124
2023-03-31 18:00:00,0.41178743237928034
2023-03-31 21:00:00,0.41125807958950655
2023-04-01 00:00:00,0.4140848642822279
2023-04-01 03:00:00,0.42643473556278066
2023-04-01 06:00:00,0.4689543949967006
2023-04-01 09:00:00,0.4725364915606365
2023-04-01 12:00:00,0.4620207252071707
2023-04-01 15:00:00,0.4823412420852776
2023-04-01 18:00:00,0.4318416618408318
2023-04-01 21:00:00,0.4194791574195526
2023-04-02 00:00:00,0.4204359862018346
2023-04-02 03:00:00,0.43303646027001325
2023-04-02 06:00:00,0.45815878072012267
2023-04-02 09:00:00,0.4572311456795917
2023-04-02 12:00:00,0.45297173273834085
2023-04-02 15:00:00,0.43444446869470726
2023-04-02 18:00:00,0.44056742638335783
2023-04-02 21:00:00,0.4390948078955161
2023-04-03 00:00:00,0.44551225508514475
2023-04-03 03:00:00,0.4584305761261033
2023-04-03 06:00:00,0.46421199296925164
2023-04-03 09:00:00,0.45012242368993405
2023-04-03 12:00:00,0.4672374104281926
2023-04-03 15:00:00,0.42527484320466075
2023-04-03 18:00:00,0.4308738882454063
2023-04-03 21:00:00,0.4467567854491118
2023-04-04 00:00:00,0.5041924756102021
2023-04-04 03:00:00,0.49965306355055505
2023-04-04 06:00:00,0.48842580897299687
2023-04-04 09:00:00,0.4488178185319727
2023-04-04 12:00:00,0.4547266731717244
2023-04-04 15:00:00,0.42933995145892345
2023-04-04 18:00:00,0.4357479272666748
2023-04-04 21:00:00,0.4181839890311205
2023-04-05 00:00:00,0.4529575411562246
2023-04-05 03:00:00,0.4501545976060866
2023-04-05 06:00:00,0.4666659074541394
2023-04-05 09:00:00,0.45476312592050994
2023-04-05 12:00:00,0.49324893557764893
2023-04-05 15:00:00,0.47786476699418323
2023-04-05 18:00:00,0.4503571782184243
2023-04-05 21:00:00,0.449727420821666
2023-04-06 00:00:00,0.4443993749889486
2023-04-06 03:00:00,0.439198189998391
2023-04-06 06:00:00,0.4374996357819477
2023-04-06 09:00:00,0.45369748420804135
2023-04-06 12:00:00,0.47740060507510174
2023-04-06 15:00:00,0.4726516975872469
2023-04-06 18:00:00,0.4312899422596725
2023-04-06 21:00:00,0.4303067100614222
2023-04-07 00:00:00,0.45368920540269086
2023-04-07 03:00:00,0.46810478413637696
2023-04-07 06:00:00,0.4689596980724205
2023-04-07 09:00:00,0.45066048996376556
2023-04-07 12:00:00,0.4533963230556835
2023-04-07 15:00:00,0.4403747856039568
2023-04-07 18:00:00,0.4438712667042679
2023-04-07 21:00:00,0.43559445409930014
2023-04-08 00:00:00,0.4657272225551036
2023-04-08 03:00:00,0.46876859645926955
2023-04-08 06:00:00,0.4812846814432533
2023-04-08 09:00:00,0.4672938739955292
2023-04-08 12:00:00,0.47799308771067456
2023-04-08 15:00:00,0.4788699070704329
2023-04-08 18:00:00,0.4300401979502155
2023-04-08 21:00:00,0.4268385124929051
2023-04-09 00:00:00,0.48428406669189206
2023-04-09 03:00:00,0.47871783081819813
2023-04-09 06:00:00,0.5139577710488462
2023-04-09 09:00:00,0.5045342519626571
2023-04-09 12:00:00,0.500879930750294
2023-04-09 15:00:00,0.48625061120216617
2023-04-09 18:00:00,0.46810442013185066
2023-04-09 21:00:00,0.45805922762709295
2023-04-10 00:00:00,0.4640320916373131
2023-04-10 03:00:00,0.47316156457986336
2023-04-10 06:00:00,0.4989142289463926
2023-04-10 09:00:00,0.4875782629640713
2023-04-10 12:00:00,0.4755330135704561
2023-04-10 15:00:00,0.47992607163547896
2023-04-10 18:00:00,0.4698639152633225
2023-04-10 21:00:00,0.44328159874786527
2023-04-11 00:00:00,0.4477990724596662
2023-04-11 03:00:00,0.46584878069859265
2023-04-11 06:00:00,0.4854593350227209
2023-04-11 09:00:00,0.4593915531206827
2023-04-11 12:00:00,0.44418083510438416
2023-04-11 15:00:00,0.43720802211595966
2023-04-11 21:00:00,0.43641749048996686
2023-04-12 00:00:00,0.4888635494645659
2023-04-12 03:00:00,0.457482086407474
2023-04-12 06:00:00,0.4593536902093176
2023-04-12 09:00:00,0.4404774234990253
2023-04-12 12:00:00,0.43704027705168924
2023-04-12 15:00:00,0.43081077830398584
2023-04-12 18:00:00,0.41505097906206506
2023-04-12 21:00:00,0.4405808752586499
2023-04-13 00:00:00,0.4543524069515932
2023-04-13 03:00:00,0.45649179174932386
2023-04-13 06:00:00,0.4980340286521938
2023-04-13 09:00:00,0.48624628738737974
2023-04-13 12:00:00,0.4831661120907081
2023-04-13 15:00:00,0.4733422989639233
2023-04-13 18:00:00,0.42758423647450905
2023-04-13 21:00:00,0.43506634687141343
2023-04-14 00:00:00,0.44134110834060397
2023-04-14 03:00:00,0.4550514204368125
2023-04-14 06:00:00,0.4780646649368078
2023-04-14 09:00:00,0.4804671989607623
2023-04-14 12:00:00,0.46060020251901607
2023-04-14 15:00:00,0.45820392406719307
2023-04-14 18:00:00,0.43324823632550713
2023-04-14 21:00:00,0.4496386094000502
2023-04-15 00:00:00,0.4532282786431452
2023-04-15 03:00:00,0.4762218329203293
2023-04-15 06:00:00,0.5579563097889498
2023-04-15 09:00:00,0.4973701015742857
2023-04-15 12:00:00,0.46953841309872524
2023-04-15 15:00:00,0.4852705974514445
2023-04-15 18:00:00,0.44975304605014294
2023-04-15 21:00:00,0.44351086654998967
2023-04-16 00:00:00,0.458323230021837
2023-04-16 03:00:00,0.44543941468521636
2023-04-16 06:00:00,0.497829348578394
2023-04-16 09:00:00,0.495354875463943
2023-04-16 12:00:00,0.4905819109116357
2023-04-16 15:00:00,0.48021303633354095
2023-04-16 18:00:00,0.4392069143056129
2023-04-16 21:00:00,0.4325993727266233
2023-04-17 00:00:00,0.4498364369637014
2023-04-17 03:00:00,0.4900305529225234
2023-04-17 06:00:00,0.5345317347230429
2023-04-17 09:00:00,0.5116895157750108
2023-04-17 12:00:00,0.5276979405829241
2023-04-17 15:00:00,0.4410937482896553
2023-04-17 18:00:00,0.42510878214989
2023-04-17 21:00:00,0.43449248747144625
2023-04-18 00:00:00,0.448936668290918
2023-04-18 03:00:00,0.5162317124990995
2023-04-18 06:00:00,0.4452825078871472
2023-04-18 09:00:00,0.4285803536919222
2023-04-18 12:00:00,0.4428787920772887
2023-04-18 15:00:00,0.44254067460469687
2023-04-18 18:00:00,0.4387749037035551
2023-04-19 00:00:00,0.4631086891464601
2023-04-19 03:00:00,0.466070138727549
2023-04-19 06:00:00,0.5038732777148409
2023-04-19 09:00:00,0.47863900241319357
2023-04-19 12:00:00,0.4553503330076286
2023-04-19 15:00:00,0.4513027148580973
2023-04-19 18:00:00,0.4502557801074799
2023-04-19 21:00:00,0.45725764106770084
2023-04-20 00:00:00,0.4642887596853586
2023-04-20 03:00:00,0.4478503968988244
2023-04-20 06:00:00,0.4630227705208731
2023-04-20 09:00:00,0.46023729310468237
2023-04-20 12:00:00,0.46735501069009927
2023-04-20 15:00:00,0.4527674145927902
2023-04-20 18:00:00,0.42847957037384377
2023-04-20 21:00:00,0.4204431242887063
2023-04-21 00:00:00,0.4271939853066938
2023-04-21 03:00:00,0.4458069174467077
2023-04-21 06:00:00,0.4626409637244841
2023-04-21 09:00:00,0.44647805626029546
2023-04-21 12:00:00,0.4470334807771487
2023-04-21 15:00:00,0.4295460814572314
2023-04-21 18:00:00,0.4011070108834956
2023-04-21 21:00:00,0.3991082210346706
2023-04-22 00:00:00,0.4407391961067345
2023-04-22 03:00:00,0.44249030173605874
2023-04-22 06:00:00,0.4565216830103438
2023-04-22 09:00:00,0.43887986518617844
2023-04-22 12:00:00,0.44015767173374376
2023-04-22 15:00:00,0.4499644446611417
2023-04-22 18:00:00,0.44911190352102937
2023-04-22 21:00:00,0.4498481446344942
2023-04-23 00:00:00,0.4868278454036318
2023-04-23 03:00:00,0.4956141417446419
2023-04-23 06:00:00,0.4771162989690558
2023-04-23 09:00:00,0.45237809620565816
2023-04-23 12:00:00,0.4661884681860394
2023-04-23 15:00:00,0.44381305277172933
2023-04-23 18:00:00,0.42102426713311203
2023-04-23 21:00:00,0.42176735573663304
2023-04-24 00:00:00,0.41226224905394715
2023-04-24 03:00:00,0.4505656627976264
2023-04-24 06:00:00,0.4606642802945037
2023-04-24 09:00:00,0.43754293958905094
2023-04-24 12:00:00,0.4470045695262943
2023-04-24 15:00:00,0.4280892281558532
2023-04-24 18:00:00,0.4151240515133811
2023-04-24 21:00:00,0.4163533121371538
2023-04-25 00:00:00,0.45163018035770075
2023-04-25 03:00:00,0.45484198458150193
2023-04-25 06:00:00,0.4687311345488832
2023-04-25 09:00:00,0.45617721194610833
2023-04-25 12:00:00,0.45407145319916176
2023-04-25 15:00:00,0.445483581849913
2023-04-25 18:00:00,0.4208374620938002
2023-04-25 21:00:00,0.41817163517585554
2023-04-26 00:00:00,0.4266040607318568
2023-04-26 03:00:00,0.4288236517715053
2023-04-26 06:00:00,0.4611437072122421
2023-04-26 09:00:00,0.4595025967790219
2023-04-26 12:00:00,0.44549408740545066
2023-04-26 15:00:00,0.4245895145263076
2023-04-26 18:00:00,0.40308188167670767
2023-04-26 21:00:00,0.3992169957239971
2023-04-27 00:00:00,0.42208085317148064
2023-04-27 03:00:00,0.443658827319685
2023-04-27 06:00:00,0.4819395794370567
2023-04-27 09:00:00,0.48762595943400316
2023-04-27 12:00:00,0.4922827761555307
2023-04-27 15:00:00,0.47959870275045136
2023-04-27 18:00:00,0.4316504852440943
2023-04-27 21:00:00,0.41853578668239794
2023-04-28 00:00:00,0.453623809053622
2023-04-28 03:00:00,0.4231259069271758
2023-04-28 06:00:00,0.4264873443689191
2023-04-28 09:00:00,0.43866766218835296
2023-04-28 12:00:00,0.4428065680919742
2023-04-28 15:00:00,0.42301941020966366
2023-04-28 18:00:00,0.4147183103824281
2023-04-28 21:00:00,0.41260152933437216
2023-04-29 00:00:00,0.43066724461764627
2023-04-29 03:00:00,0.4489650109765188
2023-04-29 06:00:00,0.4262426723584256
2023-04-29 09:00:00,0.4234100680839381
2023-04-29 12:00:00,0.4286137083224863
2023-04-29 15:00:00,0.409421330832259
2023-04-29 18:00:00,0.40460850306502183
2023-04-29 21:00:00,0.4222482441153197
2023-04-30 00:00:00,0.449816866152484
2023-04-30 03:00:00,0.43396441503907773
2023-04-30 06:00:00,0.4393632773294794
2023-04-30 09:00:00,0.42630747159692406
2023-04-30 12:00:00,0.4314435223508994
2023-04-30 15:00:00,0.45865366755860915
2023-04-30 18:00:00,0.4264061869484607
2023-04-30 21:00:00,0.4350486137264778
2023-05-01 00:00:00,0.4407482899284435
2023-05-01 03:00:00,0.46112487021051174
2023-05-01 06:00:00,0.4733860295847387
2023-05-01 09:00:00,0.5116606147652765
2023-05-01 12:00:00,0.48258573477602457
2023-05-01 15:00:00,0.46488112704041246
2023-05-01 18:00:00,0.4383683081155079
2023-05-01 21:00:00,0.41434533798783635
2023-05-02 00:00:00,0.4258821410705205
2023-05-02 03:00:00,0.44511716981997146
2023-05-02 06:00:00,0.4583445604297731
2023-05-02 09:00:00,0.43633292058734596
2023-05-02 12:00:00,0.4676544677775398
2023-05-02 15:00:00,0.44097688517791533
2023-05-02 18:00:00,0.4267462187799283
2023-05-02 21:00:00,0.4104244062467597
2023-05-03 00:00:00,0.41925034588757526
2023-05-03 03:00:00,0.4458581829980616
2023-05-03 06:00:00,0.4591371780261041
2023-05-03 09:00:00,0.5269221028735686
2023-05-03 12:00:00,0.4598796441288898
2023-05-03 15:00:00,0.4450615121080705
2023-05-03 18:00:00,0.467061246396145
2023-05-03 21:00:00,0.4270755041086114
2023-05-04 00:00:00,0.46682057201700633
2023-05-04 03:00:00,0.4931411142184411
2023-05-04 06:00:00,0.4794837370994032
2023-05-04 09:00:00,0.4555074562717163
2023-05-04 12:00:00,0.4586928840586405
2023-05-04 15:00:00,0.43214995578073867
2023-05-04 18:00:00,0.420798723185551
2023-05-04 21:00:00,0.4333418612478187
2023-05-05 00:00:00,0.43178836117242986
2023-05-05 03:00:00,0.44078660211595355
2023-05-05 06:00:00,0.43809964899982684
2023-05-05 09:00:00,0.438408237366314
2023-05-05 15:00:00,0.4011666925091514
2023-05-05 18:00:00,0.40520988266644964
2023-05-05 21:00:00,0.39709410702397485
2023-05-06 00:00:00,0.41682989364940565
2023-05-06 03:00:00,0.4342416191418809
2023-05-06 06:00:00,0.4318699702936205
2023-05-06 09:00:00,0.4211629968664141
2023-05-06 12:00:00,0.42713454294274866
2023-05-06 15:00:00,0.4145634736564874
2023-05-06 18:00:00,0.4248743814457003
2023-05-06 21:00:00,0.41060302608937366
2023-05-07 00:00:00,0.4416227529336026
2023-05-07 03:00:00,0.4405874945945434
2023-05-07 06:00:00,0.47767894299066394
2023-05-07 09:00:00,0.4557914096902855
2023-05-07 12:00:00,0.47465983870850564
2023-05-07 15:00:00,0.5031780351454745
2023-05-07 18:00:00,0.4154917515202191
2023-05-07 21:00:00,0.41534228649817223
2023-05-08 00:00:00,0.43396166506118095
2023-05-08 03:00:00,0.44463094747618276
2023-05-08 06:00:00,0.44640604103366205
2023-05-08 09:00:00,0.44632708192990284
2023-05-08 12:00:00,0.4422249290548117
2023-05-08 15:00:00,0.42897820556382954
2023-05-08 18:00:00,0.431924208588453
2023-05-08 21:00:00,0.4360691085574269
2023-05-09 00:00:00,0.44945949293780524
2023-05-09 03:00:00,0.4821670517837386
2023-05-09 06:00:00,0.4582336978429832
2023-05-09 09:00:00,0.44762462618740423
2023-05-09 12:00:00,0.429402837206324
2023-05-09 15:00:00,0.404174177267671
2023-05-09 18:00:00,0.41338335061902826
2023-05-09 21:00:00,0.415473033900514
2023-05-10 00:00:00,0.43771391209295707
2023-05-10 03:00:00,0.43170056062923823
2023-05-10 06:00:00,0.44661491967329037
2023-05-10 09:00:00,0.4205341776729474
2023-05-10 12:00:00,0.43543351689167836
2023-05-10 15:00:00,0.41424205193740654
2023-05-10 18:00:00,0.4355795021638977
2023-05-10 21:00:00,0.43028659831130395
2023-05-11 00:00:00,0.48300857591726787
2023-05-11 03:00:00,0.47507801829186025
2023-05-11 06:00:00,0.4628917093576416
2023-05-11 09:00:00,0.4572547943984451
2023-05-11 12:00:00,0.45528515930184005
2023-05-11 15:00:00,0.4665760914328038
2023-05-11 18:00:00,0.43074368696486026
2023-05-11 21:00:00,0.4295596133471661
2023-05-12 00:00:00,0.4599785079313407
2023-05-12 03:00:00,0.5011104824043077
2023-05-12 06:00:00,0.5201145925378189
2023-05-12 09:00:00,0.49742740851655626
2023-05-12 12:00:00,0.52682813297195
2023-05-12 15:00:00,0.5209016089011679
2023-05-12 18:00:00,0.48124404203685406
2023-05-12 21:00:00,0.4337067830642175
2023-05-13 00:00:00,0.46003495300511493
2023-05-13 03:00:00,0.44639462111083805
2023-05-13 06:00:00,0.46510630571789635
2023-05-13 09:00:00,0.4497823511024477
2023-05-13 12:00:00,0.45284068790257953
2023-05-13 15:00:00,0.4307006703813182
2023-05-13 18:00:00,0.4221830283342368
2023-05-13 21:00:00,0.42332496290462795
2023-05-14 00:00:00,0.4802789629096861
2023-05-14 03:00:00,0.44393155356322883
2023-05-14 06:00:00,0.46414887880698447
2023-05-14 09:00:00,0.47463210522909277
2023-05-14 12:00:00,0.47394977200462574
2023-05-14 15:00:00,0.47686792787744975
2023-05-14 18:00:00,0.4790885551051067
2023-05-14 21:00:00,0.47972464451526925
2023-05-15 00:00:00,0.5024105651778732
2023-05-15 03:00:00,0.4737426108989147
2023-05-15 06:00:00,0.4775238567766249
2023-05-15 09:00:00,0.48822869749021136
2023-05-15 12:00:00,0.5034297675365011
2023-05-15 15:00:00,0.46878728944731374
2023-05-15 18:00:00,0.4817555995774887
2023-05-15 21:00:00,0.4896021811854194
2023-05-16 00:00:00,0.4944335385332949
2023-05-16 03:00:00,0.4431840192998124
2023-05-16 06:00:00,0.4339597909275114
2023-05-16 09:00:00,0.4349098840618308
2023-05-16 12:00:00,0.4451925505464529
2023-05-16 15:00:00,0.41384505465523785
2023-05-16 18:00:00,0.41944611211792915
2023-05-16 21:00:00,0.40462276261818886
2023-05-17 00:00:00,0.42925191772057997
2023-05-17 03:00:00,0.43068899930595056
2023-05-17 06:00:00,0.426231062916425
2023-05-17 09:00:00,0.43738556911664156
2023-05-17 12:00:00,0.475724120921158
2023-05-17 15:00:00,0.44957745120780707
2023-05-17 18:00:00,0.445308300881241
2023-05-17 21:00:00,0.44745507630935677
2023-05-18 00:00:00,0.5722972907811475
2023-05-18 03:00:00,0.5140935080404848
2023-05-18 06:00:00,0.5138008997248483
2023-05-18 09:00:00,0.48540668444380886
2023-05-18 12:00:00,0.47620495972363863
2023-05-18 15:00:00,0.4422678757440523
2023-05-18 18:00:00,0.4470405529782911
2023-05-18 21:00:00,0.44346448454743603
2023-05-19 00:00:00,0.4268389436116585
2023-05-19 03:00:00,0.43225217912789266
2023-05-19 06:00:00,0.441390600548252
2023-05-19 12:00:00,0.4521506808379135
2023-05-19 15:00:00,0.43639877236986213
2023-05-19 18:00:00,0.41588522875540085
2023-05-19 21:00:00,0.4225114933893808
2023-05-20 00:00:00,0.42887110149070623
2023-05-20 03:00:00,0.4301738841219899
2023-05-20 06:00:00,0.44197973169360877
2023-05-20 09:00:00,0.444485073115765
2023-05-20 12:00:00,0.4418028869659266
2023-05-20 15:00:00,0.42676758687452027
2023-05-20 18:00:00,0.4342881405097766
2023-05-20 21:00:00,0.45645497958252457
2023-05-21 00:00:00,0.46283998890140704
2023-05-21 03:00:00,0.4574721092239877
2023-05-21 06:00:00,0.4827647002535899
2023-05-21 09:00:00,0.4515783375023564
2023-05-21 12:00:00,0.44257349758658
2023-05-21 15:00:00,0.4310797434339644
2023-05-21 18:00:00,0.4203700943505516
2023-05-21 21:00:00,0.44154093185154414
2023-05-22 00:00:00,0.4456706819991302
2023-05-22 03:00:00,0.4809509539744743
2023-05-22 06:00:00,0.4611300943402324
2023-05-22 09:00:00,0.44495069328594494
2023-05-22 12:00:00,0.48150055543731246
2023-05-22 15:00:00,0.462385083853864
2023-05-22 18:00:00,0.4407595099209827
2023-05-22 21:00:00,0.44035171874425083
2023-05-23 00:00:00,0.5000520039956879
2023-05-23 03:00:00,0.44791575726519545
2023-05-23 06:00:00,0.4700800823025507
2023-05-23 09:00:00,0.47682950875249386
2023-05-23 12:00:00,0.5047918565880293
2023-05-23 15:00:00,0.5029587588226782
2023-05-23 18:00:00,0.5018058244373499
2023-05-23 21:00:00,0.4745933417027132
2023-05-24 00:00:00,0.438464815701214
2023-05-24 03:00:00,0.45619096987967434
2023-05-24 06:00:00,0.42698080278346817
2023-05-24 09:00:00,0.41699880089206653
2023-05-24 12:00:00,0.4196334546811668
2023-05-24 15:00:00,0.4305686681945787
2023-05-24 18:00:00,0.43065019644356733
2023-05-24 21:00:00,0.44434714335571485
2023-05-25 00:00:00,0.43188417896084363
2023-05-25 03:00:00,0.42241355067293823
2023-05-25 06:00:00,0.42787952860870204
2023-05-25 09:00:00,0.46080043680056404
2023-05-25 12:00:00,0.4339211097266258
2023-05-25 15:00:00,0.436453517118236
2023-05-25 18:00:00,0.4282168482608384
2023-05-25 21:00:00,0.43868259963894296
2023-05-26 00:00:00,0.422900352252103
2023-05-26 03:00:00,0.4423982951324056
2023-05-26 06:00:00,0.44096536177707735
2023-05-26 09:00:00,0.42614448660917353
2023-05-26 12:00:00,0.42718674603684287
2023-05-26 15:00:00,0.4149137539370251
2023-05-26 18:00:00,0.411740435547887
2023-05-26 21:00:00,0.39915511482083904
2023-05-27 00:00:00,0.4161992437963541
2023-05-27 03:00:00,0.5775796384242716
2023-05-27 06:00:00,0.49025959861096063
2023-05-27 09:00:00,0.45111373261885773
2023-05-27 12:00:00,0.42913033957632274
2023-05-27 15:00:00,0.43823554530861314
2023-05-27 18:00:00,0.39976376228226723
2023-05-27 21:00:00,0.406974829320099
2023-05-28 00:00:00,0.41002143716589956
2023-05-28 03:00:00,0.4164363449417074
2023-05-28 06:00:00,0.43347467301025844
2023-05-28 09:00:00,0.4210983035814045
2023-05-28 12:00:00,0.45733239492035577
2023-05-28 15:00:00,0.45725733245079353
2023-05-28 18:00:00,0.4567993621966445
2023-05-28 21:00:00,0.4945732322726413
2023-05-29 00:00:00,0.4495298576658626
2023-05-29 03:00:00,0.4424178960765933
2023-05-29 06:00:00,0.48685008940808217
2023-05-29 09:00:00,0.48428276290105776
2023-05-29 12:00:00,0.4698749543994336
2023-05-29 15:00:00,0.4386173299080485
2023-05-29 18:00:00,0.43644492098854537
2023-05-29 21:00:00,0.4312504412373611
2023-05-30 00:00:00,0.44345574512899594
2023-05-30 03:00:00,0.4324247822975699
2023-05-30 06:00:00,0.48660520226817533
2023-05-30 09:00:00,0.47466149596279866
2023-05-30 12:00:00,0.4822618145158033
2023-05-30 18:00:00,0.4598792761531316
2023-05-30 21:00:00,0.4366035008832075
2023-05-31 00:00:00,0.4347411344351867
2023-05-31 03:00:00,0.43682162474412733
2023-05-31 06:00:00,0.47516628592054044
2023-05-31 09:00:00,0.4523411096115455
2023-05-31 12:00:00,0.4754156065386869
2023-05-31 15:00:00,0.48416258882256286
2023-05-31 18:00:00,0.44225783558686943
2023-05-31 21:00:00,0.43684009998025375
2023-06-01 00:00:00,0.43026864892917943
2023-06-01 03:00:00,0.41991813209966494
2023-06-01 06:00:00,0.4537928746359836
2023-06-01 09:00:00,0.4574463694148299
2023-06-01 15:00:00,0.4061538377179368
2023-06-01 18:00:00,0.40362001123220514
2023-06-01 21:00:00,0.4137139021902663
2023-06-02 00:00:00,0.4163764372130212
2023-06-02 03:00:00,0.42233922624740733
2023-06-02 06:00:00,0.43334080847826734
2023-06-02 12:00:00,0.42008903474032294
2023-06-02 15:00:00,0.40420007122827123
2023-06-02 18:00:00,0.398508102151915
2023-06-02 21:00:00,0.40213936376504283
2023-06-03 00:00:00,0.42711539185575015
2023-06-03 03:00:00,0.42329522738623565
2023-06-03 06:00:00,0.4277146196057678
2023-06-03 09:00:00,0.4232459371355213
2023-06-03 12:00:00,0.4431176927772354
2023-06-03 15:00:00,0.42104640195692167
2023-06-03 18:00:00,0.40976011016156966
2023-06-03 21:00:00,0.40239949495829985
2023-06-04 00:00:00,0.4310513949226712
2023-06-04 03:00:00,0.46088324819815846
2023-06-04 06:00:00,0.45406552163815944
2023-06-04 09:00:00,0.4319637934565867
2023-06-04 12:00:00,0.43279300838236767
2023-06-04 15:00:00,0.4085806889432022
2023-06-04 18:00:00,0.40734452846256874
2023-06-04 21:00:00,0.43246883922230434
2023-06-05 00:00:00,0.4146550953316049
2023-06-05 03:00:00,0.4210771391335319
2023-06-05 06:00:00,0.42640239659600726
2023-06-05 09:00:00,0.42779277684364764
2023-06-05 12:00:00,0.4371778599584793
2023-06-05 15:00:00,0.42124691691868216
2023-06-05 18:00:00,0.4030680415776818
2023-06-05 21:00:00,0.4255256586458295
2023-06-06 00:00:00,0.4446648189740193
2023-06-06 03:00:00,0.44380012789412404
2023-06-06 06:00:00,0.4625471844207589
2023-06-06 09:00:00,0.45139697311818594
2023-06-06 12:00:00,0.46730106124398535
2023-06-06 15:00:00,0.43847893861315734
2023-06-06 18:00:00,0.5395988833812961
2023-06-06 21:00:00,0.47175984121385545
2023-06-07 00:00:00,0.4773326192793463
2023-06-07 03:00:00,0.46326669529139963
2023-06-07 06:00:00,0.4319134144812884
2023-06-07 09:00:00,0.4392503429609947
2023-06-07 12:00:00,0.44335989640148954
2023-06-07 15:00:00,0.43418033750273205
2023-06-07 18:00:00,0.4332069126541443
2023-06-07 21:00:00,0.4588643928458798
2023-06-08 00:00:00,0.4721773521334505
2023-06-08 03:00:00,0.5068420353147249
2023-06-08 06:00:00,0.48873840675990404
2023-06-08 09:00:00,0.48145266341370013
2023-06-08 12:00:00,0.48784020211615087
2023-06-08 15:00:00,0.4776476641106275
2023-06-08 18:00:00,0.4285235066586933
2023-06-08 21:00:00,0.41510869965241626
2023-06-09 00:00:00,0.4304524551632178
2023-06-09 03:00:00,0.4143207752169727
2023-06-09 06:00:00,0.4307371666753285
2023-06-09 09:00:00,0.4655073322350347
2023-06-09 12:00:00,0.44823354307777313
2023-06-09 15:00:00,0.43181369802745595
2023-06-09 18:00:00,0.4197820042841691
2023-06-09 21:00:00,0.4161238791088256
2023-06-10 00:00:00,0.4421664038689252
2023-06-10 03:00:00,0.4483360013831324
2023-06-10 06:00:00,0.45150828229393697
2023-06-10 09:00:00,0.4577546320492818
2023-06-10 12:00:00,0.44405356221551257
2023-06-10 15:00:00,0.4246695063621133
2023-06-10 18:00:00,0.41468263277384265
2023-06-10 21:00:00,0.42031385642258257
2023-06-11 00:00:00,0.43673120507338464
2023-06-11 03:00:00,0.4403910224942223
2023-06-11 06:00:00,0.4365280584512578
2023-06-11 09:00:00,0.42519999311111084
2023-06-11 12:00:00,0.4214241033920675
2023-06-11 15:00:00,0.4075320821020291
2023-06-11 18:00:00,0.4170324199407029
2023-06-11 21:00:00,0.4149075309094487
2023-06-12 00:00:00,0.42243578006127525
2023-06-12 03:00:00,0.43128759497297736
2023-06-12 06:00:00,0.4218464828655153
2023-06-12 09:00:00,0.4227133658884886
2023-06-12 12:00:00,0.4434619585379728
2023-06-12 15:00:00,0.42455746490084245
2023-06-12 18:00:00,0.4126401671653607
2023-06-12 21:00:00,0.41934571614095456
2023-06-13 00:00:00,0.4279105861501443
2023-06-13 03:00:00,0.4356118641108505
2023-06-13 06:00:00,0.45318559100878375
2023-06-13 09:00:00,0.44463370137232067
2023-06-13 12:00:00,0.48386574921568865
2023-06-13 15:00:00,0.4727905594974719
2023-06-13 18:00:00,0.4623064043090848
2023-06-13 21:00:00,0.4676989932857802
2023-06-14 00:00:00,0.4931700349361914
2023-06-14 03:00:00,0.45687213701851365
2023-06-14 06:00:00,0.464389050445816
2023-06-14 09:00:00,0.4362644166766572
2023-06-14 12:00:00,0.44879293423895894
2023-06-14 15:00:00,0.4394159777030165
2023-06-14 18:00:00,0.4482534013514314
2023-06-14 21:00:00,0.4532699183469812
2023-06-15 00:00:00,0.45351290761130814
2023-06-15 03:00:00,0.4353523289718424
2023-06-15 06:00:00,0.437694094313869
2023-06-15 09:00:00,0.4382110810878271
2023-06-15 15:00:00,0.41627978748247557
2023-06-15 18:00:00,0.4304445117421707
2023-06-15 21:00:00,0.4139137484924866
2023-06-16 00:00:00,0.4218643310457707
2023-06-16 03:00:00,0.4498862328297306
2023-06-16 06:00:00,0.4471406912647706
2023-06-16 09:00:00,0.4583152811708685
2023-06-16 12:00:00,0.5173320922486591
2023-06-16 15:00:00,0.43809006352787083
2023-06-16 18:00:00,0.4302363072908106
2023-06-16 21:00:00,0.4223275918504862
2023-06-17 00:00:00,0.41590673866996036
2023-06-17 03:00:00,0.427558989708775
2023-06-17 06:00:00,0.43049837506176003
2023-06-17 09:00:00,0.4313831917105904
2023-06-17 12:00:00,0.44978571363815883
2023-06-17 15:00:00,0.43748321081925334
2023-06-17 18:00:00,0.42737991546672066
2023-06-17 21:00:00,0.4310663767203399
2023-06-18 00:00:00,0.42659156488767647
2023-06-18 03:00:00,0.43735068278946937
2023-06-18 06:00:00,0.4313558762459372
2023-06-18 09:00:00,0.4375309593039098
2023-06-18 12:00:00,0.4322962423196824
2023-06-18 15:00:00,0.3952547412477988
2023-06-18 18:00:00,0.403252596823874
2023-06-18 21:00:00,0.40528793491778303
2023-06-19 00:00:00,0.400004646553539
2023-06-19 03:00:00,0.47741375760319993
2023-06-19 06:00:00,0.45133930246030934
2023-06-19 09:00:00,0.4629445007084558
2023-06-19 12:00:00,0.44358233488576426
2023-06-19 15:00:00,0.415293676087837
2023-06-19 18:00:00,0.41640708483322086
2023-06-19 21:00:00,0.4162877542929647
2023-06-20 00:00:00,0.4152490420792778
2023-06-20 03:00:00,0.42439323923986233
2023-06-20 06:00:00,0.4283756380217396
2023-06-20 09:00:00,0.4430845422530719
2023-06-20 12:00:00,0.4371705671863498
2023-06-20 15:00:00,0.4294658616613654
2023-06-20 18:00:00,0.4073940488119362
2023-06-20 21:00:00,0.41470213905703485
2023-06-21 00:00:00,0.4460667349772296
2023-06-21 03:00:00,0.47067116724740765
2023-06-21 06:00:00,0.5380006560755399
2023-06-21 09:00:00,0.522256809746411
2023-06-21 12:00:00,0.5296875405660116
2023-06-21 15:00:00,0.4845628217946909
2023-06-21 18:00:00,0.4574667149207032
2023-06-21 21:00:00,0.4516783647907583
2023-06-22 00:00:00,0.49843904634788816
2023-06-22 03:00:00,0.5060740720472322
2023-06-22 06:00:00,0.5053478793114269
2023-06-22 09:00:00,0.49848463528300735
2023-06-22 12:00:00,0.5202701288217662
2023-06-22 15:00:00,0.5290634617432253
2023-06-22 18:00:00,0.5483788739540405
2023-06-22 21:00:00,0.5813867162602079
2023-06-23 00:00:00,0.5522437069730914
2023-06-23 03:00:00,0.4695722008550885
2023-06-23 06:00:00,0.4653692165962095
2023-06-23 09:00:00,0.426116535079203
2023-06-23 12:00:00,0.44057279789707526
2023-06-23 15:00:00,0.4237946466540409
2023-06-23 18:00:00,0.42670693374984586
2023-06-23 21:00:00,0.41823106742844246
2023-06-24 00:00:00,0.4385897320621992
2023-06-24 03:00:00,0.45925621693536045
2023-06-24 06:00:00,0.47846321499959055
2023-06-24 09:00:00,0.4318189912017118
2023-06-24 12:00:00,0.438276511370825
2023-06-24 15:00:00,0.4184951593097078
2023-06-24 18:00:00,0.4154141979541142
2023-06-24 21:00:00,0.4235508649409518
2023-06-25 00:00:00,0.46062209047966207
2023-06-25 03:00:00,0.44362334720900465
2023-06-25 06:00:00,0.4767331215057626
2023-06-25 09:00:00,0.49069856735087125
2023-06-25 12:00:00,0.505964458762533
2023-06-25 15:00:00,0.46292513644440153
2023-06-25 18:00:00,0.44185405240037384
2023-06-26 00:00:00,0.4138458570254261
2023-06-26 03:00:00,0.4122457536529482
2023-06-26 06:00:00,0.43554481150377333
2023-06-26 09:00:00,0.43016331422068405
2023-06-26 12:00:00,0.4395803534961005
2023-06-26 15:00:00,0.4204010332685059
2023-06-26 18:00:00,0.4206438319937093
2023-06-26 21:00:00,0.4118496941617109
2023-06-27 00:00:00,0.46190153959882835
2023-06-27 03:00:00,0.4316677819791963
2023-06-27 06:00:00,0.4305167629464038
2023-06-27 09:00:00,0.41294149032656513
2023-06-27 12:00:00,0.45298458102860967
2023-06-27 15:00:00,0.4259859816676413
2023-06-27 18:00:00,0.4202730754821174
2023-06-27 21:00:00,0.405672451099621
2023-06-28 00:00:00,0.4021955183165252
2023-06-28 03:00:00,0.41816587482855994
2023-06-28 06:00:00,0.44379788953707633
2023-06-28 09:00:00,0.4399804741811579
2023-06-28 12:00:00,0.4627295063141784
2023-06-28 15:00:00,0.4193111130597275
2023-06-28 18:00:00,0.4164044788982741
2023-06-28 21:00:00,0.4133972168864791
2023-06-29 00:00:00,0.40906289595625184
2023-06-29 03:00:00,0.4828448004761255
2023-06-29 06:00:00,0.4620827285379188
2023-06-29 09:00:00,0.4605668120361399
2023-06-29 12:00:00,0.4282875740984573
2023-06-29 18:00:00,0.403503700756229
2023-06-29 21:00:00,0.4045784153217339
2023-06-30 00:00:00,0.42032991564324285
2023-06-30 03:00:00,0.4227948632434576
2023-06-30 06:00:00,0.4544704370793484
2023-06-30 09:00:00,0.47383594886804464
2023-06-30 12:00:00,0.451690015089415
2023-06-30 15:00:00,0.4845725443940267
2023-06-30 18:00:00,0.4987588631475596
2023-06-30 21:00:00,0.4951004438997184
2023-07-01 00:00:00,0.47663107703089785
2023-07-01 03:00:00,0.63117994980899
2023-07-01 06:00:00,0.5384646411021848
2023-07-01 09:00:00,0.49134789952426955
2023-07-01 12:00:00,0.49464489412851154
2023-07-01 15:00:00,0.4130638349451939
2023-07-01 18:00:00,0.4305548384517173
2023-07-01 21:00:00,0.41774920336364585
2023-07-02 00:00:00,0.41750555940645906
2023-07-02 03:00:00,0.4207168973558018
2023-07-02 06:00:00,0.4180586858482374
2023-07-02 09:00:00,0.46202797550371505
2023-07-02 12:00:00,0.48163768306455773
2023-07-02 15:00:00,0.44592736608228617
2023-07-02 18:00:00,0.45475104070195954
2023-07-02 21:00:00,0.4497446275427212
2023-07-03 00:00:00,0.45114910904136885
2023-07-03 03:00:00,0.4276863233774591
2023-07-03 06:00:00,0.4274696563446698
2023-07-03 09:00:00,0.4399150844721589
2023-07-03 12:00:00,0.48767405516898604
2023-07-03 15:00:00,0.45974544942064727
2023-07-03 18:00:00,0.4648783932462582
2023-07-03 21:00:00,0.4462056947490801
2023-07-04 00:00:00,0.5062750767480986
2023-07-04 03:00:00,0.49284557419914926
2023-07-04 06:00:00,0.48713129097620556
2023-07-04 09:00:00,0.43910006901348936
2023-07-04 12:00:00,0.4596705474628617
2023-07-04 15:00:00,0.4398423213695891
2023-07-04 18:00:00,0.44509599142393286
2023-07-04 21:00:00,0.45007934031894065
2023-07-05 00:00:00,0.44079275788108757
2023-07-05 03:00:00,0.45135517406679015
2023-07-05 06:00:00,0.4971508695321613
2023-07-05 09:00:00,0.5121137823240651
2023-07-05 12:00:00,0.47556674597141896
2023-07-05 15:00:00,0.5717908575000548
2023-07-05 18:00:00,0.47715745485786354
2023-07-05 21:00:00,0.4344491762710584
2023-07-06 00:00:00,0.43210166386452353
2023-07-06 03:00:00,0.44043124952485657
2023-07-06 06:00:00,0.4759721270660002
2023-07-06 09:00:00,0.4580538436596251
2023-07-06 12:00:00,0.4654341551246336
2023-07-06 15:00:00,0.43883265415812506
2023-07-06 18:00:00,0.4203144486722957
2023-07-06 21:00:00,0.4068438026282441
2023-07-07 00:00:00,0.4069389772521422
2023-07-07 03:00:00,0.43397435127560524
2023-07-07 06:00:00,0.4298706445255561
2023-07-07 09:00:00,0.4295984842948781
2023-07-07 12:00:00,0.43615988045040355
2023-07-07 15:00:00,0.418676295161945
2023-07-07 18:00:00,0.4061603714009263
2023-07-07 21:00:00,0.4227828381201406
2023-07-08 00:00:00,0.4380477764603056
2023-07-08 03:00:00,0.4425745059600364
2023-07-08 06:00:00,0.47782165475080407
2023-07-08 09:00:00,0.48814634643896704
2023-07-08 12:00:00,0.48851037661257285
2023-07-08 15:00:00,0.46627261558620475
2023-07-08 18:00:00,0.4543149260925434
2023-07-08 21:00:00,0.4586632509697025
2023-07-09 00:00:00,0.4576315180110631
2023-07-09 03:00:00,0.46766101006362926
2023-07-09 06:00:00,0.4628997830077093
2023-07-09 09:00:00,0.4667172560344447
2023-07-09 12:00:00,0.4861046042171751
2023-07-09 15:00:00,0.4533746849756426
2023-07-09 18:00:00,0.45886375464313656
2023-07-09 21:00:00,0.44922808547308457
2023-07-10 00:00:00,0.4445435368054146
2023-07-10 03:00:00,0.4436756803273144
2023-07-10 06:00:00,0.4465021235640656
2023-07-10 09:00:00,0.45931474177658804
2023-07-10 12:00:00,0.46997092807716107
2023-07-10 15:00:00,0.45736584225688864
2023-07-10 18:00:00,0.4492033687484626
2023-07-10 21:00:00,0.4158033777920244
2023-07-11 00:00:00,0.42311502425848224
2023-07-11 03:00:00,0.42871079024893305
2023-07-11 06:00:00,0.42853897040586697
2023-07-11 09:00:00,0.4403696062287055
2023-07-11 12:00:00,0.4320210987548953
2023-07-11 15:00:00,0.42574456234239716
2023-07-11 18:00:00,0.4238120434009331
2023-07-11 21:00:00,0.41778191953418903
2023-07-12 00:00:00,0.42255474256881664
2023-07-12 03:00:00,0.4257593653118358
2023-07-12 06:00:00,0.4329439657300783
2023-07-12 09:00:00,0.44103455286332915
2023-07-12 12:00:00,0.4441725481694915
2023-07-12 15:00:00,0.4311365467708677
2023-07-12 18:00:00,0.4380140363500035
2023-07-12 21:00:00,0.4251405206337959
2023-07-13 00:00:00,0.4478856696714831
2023-07-13 03:00:00,0.4208868844457982
2023-07-13 06:00:00,0.4497342351986437
2023-07-13 09:00:00,0.43930828473188277
2023-07-13 12:00:00,0.4509765416276788
2023-07-13 15:00:00,0.41815417330412175
2023-07-13 18:00:00,0.41770074296343024
2023-07-13 21:00:00,0.4080571367546318
2023-07-14 00:00:00,0.40831732210677957
2023-07-14 03:00:00,0.41446075874625166
2023-07-14 06:00:00,0.4446067722370984
2023-07-14 09:00:00,0.435852807488225
2023-07-14 12:00:00,0.46068192553108955
2023-07-14 15:00:00,0.4363323623421976
2023-07-14 18:00:00,0.4112086738949707
2023-07-14 21:00:00,0.40231721245488783
2023-07-15 00:00:00,0.4043098827151966
2023-07-15 03:00:00,0.40738615095011577
2023-07-15 06:00:00,0.42839047600918434
2023-07-15 09:00:00,0.4384212158874458
2023-07-15 12:00:00,0.4302273671390923
2023-07-15 15:00:00,0.4385836122810616
2023-07-15 18:00:00,0.40552593594235736
2023-07-15 21:00:00,0.40164135690792724
2023-07-16 00:00:00,0.40656425122949585
2023-07-16 03:00:00,0.4238700599070762
2023-07-16 06:00:00,0.42904016563388947
2023-07-16 09:00:00,0.4311268102419624
2023-07-16 12:00:00,0.4319116613810702
2023-07-16 15:00:00,0.48538149409930237
2023-07-16 18:00:00,0.4616163036957248
2023-07-16 21:00:00,0.44847324621406254
2023-07-17 00:00:00,0.4669602522502669
2023-07-17 03:00:00,0.6117354109767296
2023-07-17 06:00:00,0.5225959394432778
2023-07-17 09:00:00,0.4742851856173426
2023-07-17 12:00:00,0.5888723797259169
2023-07-17 15:00:00,0.4772024288436025
2023-07-17 18:00:00,0.42759477041717103
2023-07-17 21:00:00,0.42248985972183706
2023-07-18 00:00:00,0.4396619939740866
2023-07-18 03:00:00,0.44327165865152945
2023-07-18 06:00:00,0.45974541478035175
2023-07-18 09:00:00,0.4676757751126104
2023-07-18 12:00:00,0.4935986043765139
2023-07-18 15:00:00,0.44215604559783284
2023-07-18 18:00:00,0.431384136702014
2023-07-18 21:00:00,0.4077522451030278
2023-07-19 00:00:00,0.3988478397035946
2023-07-19 03:00:00,0.41175474856154826
2023-07-19 06:00:00,0.4146103124643837
2023-07-19 09:00:00,0.4347160775079237
2023-07-19 12:00:00,0.43959856415050896
2023-07-19 15:00:00,0.4209361928700664
2023-07-19 18:00:00,0.41834202096630835
2023-07-19 21:00:00,0.4373538203014128
2023-07-20 00:00:00,0.42009078143003403
2023-07-20 03:00:00,0.43200704679498453
2023-07-20 06:00:00,0.442830871613927
2023-07-20 09:00:00,0.4452162177021432
2023-07-20 15:00:00,0.4557647099745394
2023-07-20 18:00:00,0.45449100869260933
2023-07-20 21:00:00,0.46014747676860757
2023-07-21 00:00:00,0.4493286744442379
2023-07-21 03:00:00,0.4448698929928918
2023-07-21 06:00:00,0.43507518638534
2023-07-21 09:00:00,0.4405850910998342
2023-07-21 12:00:00,0.4628791990397168
2023-07-21 15:00:00,0.4378866657878924
2023-07-21 18:00:00,0.42974154713583246
2023-07-21 21:00:00,0.44225165846930475
2023-07-22 00:00:00,0.43785208141786586
2023-07-22 03:00:00,0.44108818557445933
2023-07-22 06:00:00,0.4433434302038348
2023-07-22 09:00:00,0.43581897219373833
2023-07-22 12:00:00,0.47784961659019226
2023-07-22 15:00:00,0.44045648764387946
2023-07-22 18:00:00,0.42963689881987227
2023-07-22 21:00:00,0.4212296601377828
2023-07-23 00:00:00,0.4386276592468113
2023-07-23 03:00:00,0.4575476956141038
2023-07-23 06:00:00,0.4648513699494489
2023-07-23 12:00:00,0.4481584453275409
2023-07-23 15:00:00,0.42806231994587873
2023-07-23 18:00:00,0.4244151039998156
2023-07-23 21:00:00,0.41367816241612
2023-07-24 00:00:00,0.43288557264484023
2023-07-24 03:00:00,0.42041146039348226
2023-07-24 06:00:00,0.4586790862261922
2023-07-24 09:00:00,0.4548963922499711
2023-07-24 12:00:00,0.46234711473527623
2023-07-24 15:00:00,0.4298768508546735
2023-07-24 18:00:00,0.4273285116347128
2023-07-24 21:00:00,0.4203541139542245
2023-07-25 00:00:00,0.44611237537167625
2023-07-25 03:00:00,0.4368461075236724
2023-07-25 06:00:00,0.429031208301992
2023-07-25 09:00:00,0.42455781054059794
2023-07-25 12:00:00,0.44159864795689796
2023-07-25 15:00:00,0.4212190956963465
2023-07-25 18:00:00,0.41376444183302896
2023-07-25 21:00:00,0.4204509381843694
2023-07-26 00:00:00,0.4354190588788507
2023-07-26 03:00:00,0.4772268962564748
2023-07-26 06:00:00,0.5000348074829487
2023-07-26 09:00:00,0.48224545189812196
2023-07-26 12:00:00,0.4890169386156469
2023-07-26 15:00:00,0.44831031278944855
2023-07-26 18:00:00,0.4302406683106177
2023-07-26 21:00:00,0.4137269934629914
2023-07-27 00:00:00,0.4111737920154436
2023-07-27 03:00:00,0.41333775280479024
2023-07-27 06:00:00,0.43385624290336017
2023-07-27 09:00:00,0.42766130062202207
2023-07-27 12:00:00,0.4580297975750136
2023-07-27 15:00:00,0.4163268189148326
2023-07-27 18:00:00,0.4176588541895798
2023-07-27 21:00:00,0.4282048529296897
2023-07-28 00:00:00,0.4347947040787937
2023-07-28 03:00:00,0.4066022895945313
2023-07-28 06:00:00,0.4200138561980327
2023-07-28 09:00:00,0.4168962126860914
2023-07-28 12:00:00,0.44931572330534625
2023-07-28 15:00:00,0.48632329203913577
2023-07-28 18:00:00,0.4228569989063808
2023-07-28 21:00:00,0.41992644009700353
2023-07-29 00:00:00,0.44882087141768195
2023-07-29 03:00:00,0.4378344286151301
2023-07-29 06:00:00,0.4414921191064231
2023-07-29 09:00:00,0.43601089843634616
2023-07-29 12:00:00,0.45763185941733414
2023-07-29 15:00:00,0.4222506933151894
2023-07-29 18:00:00,0.4057629479962096
2023-07-29 21:00:00,0.42622365242994265
2023-07-30 00:00:00,0.4211074740911524
2023-07-30 03:00:00,0.41723955546279173
2023-07-30 06:00:00,0.4285507625878451
2023-07-30 09:00:00,0.427068841846808
2023-07-30 12:00:00,0.4516731309476161
2023-07-30 15:00:00,0.42533541693477045
2023-07-30 18:00:00,0.40813189254311544
2023-07-30 21:00:00,0.40580309654446683
2023-07-31 00:00:00,0.39861973265433004
2023-07-31 03:00:00,0.4104551695316427
2023-07-31 06:00:00,0.43034037453740365
2023-07-31 09:00:00,0.4168773686705352
2023-07-31 12:00:00,0.4476370385192242
2023-07-31 15:00:00,0.4189454898550629
2023-07-31 18:00:00,0.41474820424887615
2023-07-31 21:00:00,0.4116479180742815
2023-08-01 00:00:00,0.41226324298573175
2023-08-01 03:00:00,0.4167598807805138
2023-08-01 06:00:00,0.43044071030946696
2023-08-01 09:00:00,0.4371786798740677
2023-08-01 12:00:00,0.4802712221993604
2023-08-01 15:00:00,0.4504601107508059
2023-08-01 18:00:00,0.4446060866562926
2023-08-01 21:00:00,0.4589023742155902
2023-08-02 00:00:00,0.48001688354241234
2023-08-02 03:00:00,0.4537233266647693
2023-08-02 06:00:00,0.4335927574232864
2023-08-02 09:00:00,0.4312777487901933
2023-08-02 12:00:00,0.42739282315302496
2023-08-02 15:00:00,0.410010505224582
2023-08-02 18:00:00,0.46227624841781584
2023-08-02 21:00:00,0.45013202332193597
2023-08-03 00:00:00,0.4286204044202451
2023-08-03 03:00:00,0.43583263197604594
2023-08-03 06:00:00,0.4231878178913542
2023-08-03 09:00:00,0.4252873649021511
2023-08-03 12:00:00,0.4404095483989435
2023-08-03 15:00:00,0.41079162607333647
2023-08-03 18:00:00,0.414192039881985
2023-08-03 21:00:00,0.4245546003465384
2023-08-04 00:00:00,0.41583618423060853
2023-08-04 03:00:00,0.43972769071292256
2023-08-04 06:00:00,0.4538490463992317
2023-08-04 09:00:00,0.43747735302447077
2023-08-04 12:00:00,0.45570972271745674
2023-08-04 15:00:00,0.49902907554582965
2023-08-04 18:00:00,0.4291272126509421
2023-08-04 21:00:00,0.42253892430585854
2023-08-05 00:00:00,0.42137731263672296
2023-08-05 03:00:00,0.4654258281041694
2023-08-05 06:00:00,0.46819687088134687
2023-08-05 09:00:00,0.45325278352849646
2023-08-05 12:00:00,0.45133046194085596
2023-08-05 15:00:00,0.43862156543235936
2023-08-05 18:00:00,0.42274836538797833
2023-08-05 21:00:00,0.4166372628823295
2023-08-06 00:00:00,0.423154810085998
2023-08-06 03:00:00,0.4209410361696108
2023-08-06 06:00:00,0.44485281893675266
2023-08-06 09:00:00,0.43862890991087805
2023-08-06 12:00:00,0.43694892618094894
2023-08-06 15:00:00,0.43618440076130865
2023-08-06 18:00:00,0.4189630673658518
2023-08-06 21:00:00,0.4266644658520915
2023-08-07 00:00:00,0.4327368905352151
2023-08-07 03:00:00,0.43712663614864494
2023-08-07 06:00:00,0.44919584542880037
2023-08-07 09:00:00,0.44710224558254913
2023-08-07 12:00:00,0.4505006561967658
2023-08-07 18:00:00,0.42277822660218795
2023-08-07 21:00:00,0.4257936772000102
2023-08-08 00:00:00,0.4261680881071585
2023-08-08 03:00:00,0.43605434824069483
2023-08-08 06:00:00,0.44217382575968767
2023-08-08 09:00:00,0.4290419422731878
2023-08-08 12:00:00,0.44364103199016525
2023-08-08 15:00:00,0.42920000755102555
2023-08-08 18:00:00,0.4389314617990206
2023-08-08 21:00:00,0.4455669038189783
2023-08-09 00:00:00,0.4265755781549916
2023-08-09 03:00:00,0.43786889849664884
2023-08-09 06:00:00,0.440102469832894
2023-08-09 09:00:00,0.44436278958662795
2023-08-09 12:00:00,0.4531445383050543
2023-08-09 15:00:00,0.4252033704849717
2023-08-09 18:00:00,0.4310885499500062
2023-08-09 21:00:00,0.4379736745406011
2023-08-10 00:00:00,0.4317702169895913
2023-08-10 03:00:00,0.4356827941561473
2023-08-10 06:00:00,0.4402652379437091
2023-08-10 09:00:00,0.4350684052223967
2023-08-10 12:00:00,0.438542341236474
2023-08-10 15:00:00,0.45788805727350224
2023-08-10 18:00:00,0.42545487685663
2023-08-10 21:00:00,0.41321515562300315
2023-08-11 00:00:00,0.4057510847090135
2023-08-11 03:00:00,0.4166044163496561
2023-08-11 06:00:00,0.44057747593261554
2023-08-11 09:00:00,0.4280049193965269
2023-08-11 12:00:00,0.4392770115145548
2023-08-11 15:00:00,0.42440391987312565
2023-08-11 18:00:00,0.4250562356140027
2023-08-11 21:00:00,0.4250163839762181
2023-08-12 00:00:00,0.43051320932417564
2023-08-12 03:00:00,0.4252634362095713
2023-08-12 06:00:00,0.43383396786624495
2023-08-12 09:00:00,0.4446828707551869
2023-08-12 12:00:00,0.45808477786917073
2023-08-12 15:00:00,0.4340071743108898
2023-08-12 18:00:00,0.43583267842045603
2023-08-12 21:00:00,0.4406224512531965
2023-08-13 00:00:00,0.4594164058864109
2023-08-13 03:00:00,0.45957936125727283
2023-08-13 06:00:00,0.45184721420550267
2023-08-13 09:00:00,0.448840035421639
2023-08-13 12:00:00,0.44082896183559694
2023-08-13 15:00:00,0.44151057840913926
2023-08-13 18:00:00,0.46103783134271165
2023-08-13 21:00:00,0.4750161002217329
2023-08-14 00:00:00,0.4630106460021654
2023-08-14 03:00:00,0.4348285222259948
2023-08-14 06:00:00,0.4411874360047876
2023-08-14 09:00:00,0.4287480761077004
2023-08-14 12:00:00,0.43757335735798825
2023-08-14 15:00:00,0.4406382012335263
2023-08-14 18:00:00,0.4351424244005868
2023-08-14 21:00:00,0.4225448373164515
2023-08-15 00:00:00,0.4183848954588029
2023-08-15 03:00:00,0.42920584013095014
2023-08-15 06:00:00,0.45251643856173834
2023-08-15 09:00:00,0.5115294212233282
2023-08-15 12:00:00,0.4748189668791224
2023-08-15 15:00:00,0.4338952929705572
2023-08-15 18:00:00,0.43507056121852916
2023-08-15 21:00:00,0.43413569254609
2023-08-16 00:00:00,0.4288502094319162
2023-08-16 03:00:00,0.4177467080616411
2023-08-16 06:00:00,0.4261665052575025
2023-08-16 09:00:00,0.42291360901080405
2023-08-16 12:00:00,0.43411091241311456
2023-08-16 15:00:00,0.41906717665598237
2023-08-16 18:00:00,0.4240052141055492
2023-08-16 21:00:00,0.4199828010180972
2023-08-17 00:00:00,0.4245338401150888
2023-08-17 03:00:00,0.4501835169748946
2023-08-17 06:00:00,0.4519209679048689
2023-08-17 09:00:00,0.4655981274145867
2023-08-17 12:00:00,0.5026532241372766
2023-08-17 18:00:00,0.4419558604180459
2023-08-17 21:00:00,0.4891496639515499
2023-08-18 00:00:00,0.45504447175448454
2023-08-18 03:00:00,0.47855254211738263
2023-08-18 06:00:00,0.4840815892053818
2023-08-18 09:00:00,0.4633334835921151
2023-08-18 12:00:00,0.4838399329281403
2023-08-18 15:00:00,0.44656386530380415
2023-08-18 18:00:00,0.47743288454504385
2023-08-18 21:00:00,0.4765210504707913
2023-08-19 00:00:00,0.5208660861269812
2023-08-19 03:00:00,0.472416030056363
2023-08-19 06:00:00,0.4700389774109923
2023-08-19 09:00:00,0.4632365329271349
2023-08-19 12:00:00,0.46017737288334143
2023-08-19 15:00:00,0.4459801079121567
2023-08-19 18:00:00,0.4173161057956249
2023-08-19 21:00:00,0.41850702037563753
2023-08-20 00:00:00,0.42953756151280265
2023-08-20 03:00:00,0.44303423446281387
2023-08-20 06:00:00,0.43672610938252837
2023-08-20 09:00:00,0.43348494530002196
2023-08-20 12:00:00,0.45980269106892424
2023-08-20 15:00:00,0.4408627631278301
2023-08-20 18:00:00,0.4167995832029219
2023-08-20 21:00:00,0.4174011264340241
2023-08-21 00:00:00,0.42554171406012903
2023-08-21 03:00:00,0.434611315383534
2023-08-21 06:00:00,0.4435260920339563
2023-08-21 09:00:00,0.4364783386567433
2023-08-21 12:00:00,0.44527709338478827
2023-08-21 15:00:00,0.43867801903371406
2023-08-21 18:00:00,0.44423859384585723
2023-08-21 21:00:00,0.4337369820607387
2023-08-22 00:00:00,0.4578859990905078
2023-08-22 03:00:00,0.43319225431074326
2023-08-22 06:00:00,0.43079936889408604
2023-08-22 09:00:00,0.4424976048519308
2023-08-22 12:00:00,0.45188457780405017
2023-08-22 15:00:00,0.4543010036426299
2023-08-22 18:00:00,0.4457335379161564
2023-08-22 21:00:00,0.4570045185214766
2023-08-23 00:00:00,0.5054608833625573
2023-08-23 03:00:00,0.4978768675256714
2023-08-23 06:00:00,0.5268935229049571
2023-08-23 09:00:00,0.5166895693434611
2023-08-23 12:00:00,0.52440637350615
2023-08-23 15:00:00,0.490090505551398
2023-08-23 18:00:00,0.47850390306417423
2023-08-23 21:00:00,0.47732724224290113
2023-08-24 00:00:00,0.4379179905933448
2023-08-24 03:00:00,0.44932734587001555
2023-08-24 06:00:00,0.4527029327434653
2023-08-24 09:00:00,0.4515132125319194
2023-08-24 12:00:00,0.4531526247777216
2023-08-24 18:00:00,0.43551203731780774
2023-08-24 21:00:00,0.43711454376259384
2023-08-25 00:00:00,0.4376074644670865
2023-08-25 03:00:00,0.4500000896041181
2023-08-25 06:00:00,0.45288477901386576
2023-08-25 09:00:00,0.439727560555033
2023-08-25 12:00:00,0.43604599380143944
2023-08-25 15:00:00,0.42616535050612475
2023-08-25 18:00:00,0.42422851563268305
2023-08-25 21:00:00,0.43018074436442355
2023-08-26 00:00:00,0.43428841874184776
2023-08-26 03:00:00,0.4439486089267297
2023-08-26 06:00:00,0.4443324381510546
2023-08-26 09:00:00,0.4336991113172904
2023-08-26 12:00:00,0.4392805543492175
2023-08-26 15:00:00,0.43052260128982633
2023-08-26 18:00:00,0.42343803688497744
2023-08-26 21:00:00,0.42690561552781714
2023-08-27 00:00:00,0.4323744242611322
2023-08-27 03:00:00,0.43626137592590114
2023-08-27 06:00:00,0.44712151345073714
2023-08-27 09:00:00,0.4426840344793717
2023-08-27 12:00:00,0.4502890754207168
2023-08-27 15:00:00,0.43930474112099627
2023-08-27 18:00:00,0.43063220138539166
2023-08-28 00:00:00,0.4383611505444975
2023-08-28 03:00:00,0.44014846830122756
2023-08-28 06:00:00,0.44235110546535183
2023-08-28 09:00:00,0.4414366180192398
2023-08-28 12:00:00,0.4382531877198399
2023-08-28 15:00:00,0.44928329079956925
2023-08-28 18:00:00,0.4269967754320305
2023-08-28 21:00:00,0.42741828672244114
2023-08-29 00:00:00,0.44578456200944455
2023-08-29 03:00:00,0.43532299919778544
2023-08-29 06:00:00,0.43667572367819146
2023-08-29 09:00:00,0.43846046517466164
2023-08-29 12:00:00,0.44232866883094674
2023-08-29 15:00:00,0.4344594675535312
2023-08-29 18:00:00,0.4279212427524846
2023-08-29 21:00:00,0.4462961825644732
2023-08-30 00:00:00,0.4324226394160355
2023-08-30 03:00:00,0.46378032955600423
2023-08-30 06:00:00,0.4520141956682926
2023-08-30 09:00:00,0.44158030642910595
2023-08-30 12:00:00,0.44420455041721335
2023-08-30 15:00:00,0.42814023170703996
2023-08-30 18:00:00,0.42122860843488963
2023-08-30 21:00:00,0.4209205961152436
2023-08-31 00:00:00,0.4567852895515514
2023-08-31 03:00:00,0.44723326625507487
2023-08-31 06:00:00,0.4574439254211855
2023-08-31 09:00:00,0.4471627518394864
2023-08-31 12:00:00,0.4582623084331763
2023-08-31 15:00:00,0.445354946296074
2023-08-31 18:00:00,0.4353718832537012
2023-08-31 21:00:00,0.44106998752673693
2023-09-01 00:00:00,0.4257342166000694
2023-09-01 03:00:00,0.4521030673323288
2023-09-01 06:00:00,0.48515802004637376
2023-09-01 09:00:00,0.4558072047194973
2023-09-01 12:00:00,0.45379563798487443
2023-09-01 15:00:00,0.435728814838505
2023-09-01 18:00:00,0.4352855897668108
2023-09-01 21:00:00,0.4334902200671929
2023-09-02 00:00:00,0.427590390648518
2023-09-02 03:00:00,0.44507338352010484
2023-09-02 06:00:00,0.47153855343184625
2023-09-02 09:00:00,0.4645038612052104
2023-09-02 12:00:00,0.4402373314741866
2023-09-02 15:00:00,0.449274512744146
2023-09-02 18:00:00,0.4607259705551859
2023-09-03 00:00:00,0.4645949024884032
2023-09-03 03:00:00,0.5423960525469151
2023-09-03 06:00:00,0.4922426026246407
2023-09-03 09:00:00,0.459788170000662
2023-09-03 12:00:00,0.46481047558300553
2023-09-03 15:00:00,0.43829166392728425
2023-09-03 18:00:00,0.4268513786260816
2023-09-03 21:00:00,0.4244857142356392
2023-09-04 00:00:00,0.4466844680084075
2023-09-04 03:00:00,0.45079362436826786
2023-09-04 06:00:00,0.4654634872889735
2023-09-04 09:00:00,0.45771113805629565
2023-09-04 12:00:00,0.481712082842865
2023-09-04 15:00:00,0.4599513820307463
2023-09-04 18:00:00,0.4246502456433671
2023-09-04 21:00:00,0.41814486001846796
2023-09-05 00:00:00,0.4302679725292744
2023-09-05 03:00:00,0.4389055593832008
2023-09-05 06:00:00,0.46048789600245077
2023-09-05 09:00:00,0.45453391524137265
2023-09-05 12:00:00,0.4566780995729174
2023-09-05 15:00:00,0.4520789454720683
2023-09-05 18:00:00,0.4318139325025116
2023-09-05 21:00:00,0.43190439450805584
2023-09-06 00:00:00,0.4533670295610692
2023-09-06 03:00:00,0.4533387695085113
2023-09-06 06:00:00,0.45680821943728195
2023-09-06 09:00:00,0.4539432030846164
2023-09-06 12:00:00,0.45924415515515593
2023-09-06 15:00:00,0.4581297417760473
2023-09-06 18:00:00,0.4471845522195372
2023-09-06 21:00:00,0.4701965456901033
2023-09-07 00:00:00,0.46591770160675805
2023-09-07 03:00:00,0.4456602127451953
2023-09-07 06:00:00,0.46595673605500654
2023-09-07 09:00:00,0.46291799673816586
2023-09-07 12:00:00,0.47643606049638787
2023-09-07 15:00:00,0.42993428277517276
2023-09-07 18:00:00,0.42022780646485564
2023-09-07 21:00:00,0.42643511023009906
2023-09-08 00:00:00,0.42955475453582137
2023-09-08 03:00:00,0.43480416407053174
2023-09-08 06:00:00,0.4943624634593006
2023-09-08 09:00:00,0.46703209004486046
2023-09-08 12:00:00,0.4750459908753739
2023-09-08 15:00:00,0.4755859590233989
2023-09-08 18:00:00,0.43442712215758134
2023-09-08 21:00:00,0.4246147683614356
2023-09-09 00:00:00,0.4791050935842396
2023-09-09 03:00:00,0.4513420278239559
2023-09-09 06:00:00,0.46483239754953476
2023-09-09 09:00:00,0.47458004134357396
2023-09-09 12:00:00,0.46924751799599207
2023-09-09 15:00:00,0.4567286225629573
2023-09-09 18:00:00,0.4767955314537002
2023-09-09 21:00:00,0.5021110683126022
2023-09-10 00:00:00,0.4961786713673394
2023-09-10 03:00:00,0.5237564974970382
2023-09-10 06:00:00,0.5280070908292546
2023-09-10 09:00:00,0.5455471096310224
2023-09-10 12:00:00,0.5190638523882368
2023-09-10 15:00:00,0.5013200484811997
2023-09-10 18:00:00,0.5036097351309453
2023-09-10 21:00:00,0.4891562943568434
2023-09-11 00:00:00,0.49013539208465146
2023-09-11 03:00:00,0.49943351626873883
2023-09-11 06:00:00,0.5055533249348557
2023-09-11 09:00:00,0.4852689001532847
2023-09-11 12:00:00,0.4898144313223503
2023-09-11 15:00:00,0.5055708013630514
2023-09-11 18:00:00,0.4572724660296018
2023-09-11 21:00:00,0.43428784597269265
2023-09-12 00:00:00,0.4303375749182418
2023-09-12 03:00:00,0.44240554982328856
2023-09-12 06:00:00,0.46118780422729755
2023-09-12 09:00:00,0.4528612599946255
2023-09-12 12:00:00,0.45396942048008704
2023-09-12 15:00:00,0.4417560932497861
2023-09-12 18:00:00,0.4323343676715657
2023-09-12 21:00:00,0.4228551791057771
2023-09-13 00:00:00,0.4183161680043103
2023-09-13 03:00:00,0.4412424054278024
2023-09-13 06:00:00,0.4616910825440305
2023-09-13 09:00:00,0.44700654134485684
2023-09-13 12:00:00,0.47168418975629944
2023-09-13 15:00:00,0.4518025819849164
2023-09-13 18:00:00,0.43181344386254694
2023-09-13 21:00:00,0.4291164303376574
2023-09-14 00:00:00,0.4380061916340004
2023-09-14 03:00:00,0.4438479624176336
2023-09-14 06:00:00,0.4651871904473727
2023-09-14 09:00:00,0.46587579272736024
2023-09-14 12:00:00,0.4586681110293292
2023-09-14 15:00:00,0.4693236058418131
2023-09-14 18:00:00,0.47628321341424507
2023-09-14 21:00:00,0.47812128969525186
2023-09-15 00:00:00,0.4723576777475725
2023-09-15 03:00:00,0.5631884847339022
2023-09-15 06:00:00,0.5087145455348145
2023-09-15 09:00:00,0.47445292269542977
2023-09-15 12:00:00,0.4715239096179654
2023-09-15 15:00:00,0.46865120718551895
2023-09-15 18:00:00,0.4309579427500594
2023-09-15 21:00:00,0.4299385818203891
2023-09-16 00:00:00,0.43242285817246023
2023-09-16 03:00:00,0.4396547292912694
2023-09-16 06:00:00,0.4705772692688225
2023-09-16 09:00:00,0.46351952857802353
2023-09-16 12:00:00,0.4902726272705214
2023-09-16 15:00:00,0.46595047598595263
2023-09-16 18:00:00,0.4517687965454563
2023-09-16 21:00:00,0.45583632568285565
2023-09-17 00:00:00,0.44468571630412224
2023-09-17 03:00:00,0.45089045160122676
2023-09-17 06:00:00,0.46340117542504433
2023-09-17 09:00:00,0.46702960378528385
2023-09-17 12:00:00,0.4548037707232892
2023-09-17 15:00:00,0.4545314996765156
2023-09-17 18:00:00,0.4377292162033887
2023-09-17 21:00:00,0.4500794085246034
2023-09-18 00:00:00,0.43580928464099555
2023-09-18 03:00:00,0.4771822491600517
2023-09-18 06:00:00,0.452928210094896
2023-09-18 09:00:00,0.4477891145379693
2023-09-18 12:00:00,0.45793142056785263
2023-09-18 15:00:00,0.46419476159143264
2023-09-18 18:00:00,0.4505815718308789
2023-09-18 21:00:00,0.4508169795936102
2023-09-19 00:00:00,0.44692531267807023
2023-09-19 03:00:00,0.4446709967221678
2023-09-19 06:00:00,0.46266628955676325
2023-09-19 09:00:00,0.4480963556984158
2023-09-19 12:00:00,0.46477786230487683
2023-09-20 00:00:00,0.4971851365373976
2023-09-20 03:00:00,0.4880773045487536
2023-09-20 06:00:00,0.4838000220183101
2023-09-20 09:00:00,0.4803686052956262
2023-09-20 12:00:00,0.5158752847066463
2023-09-20 15:00:00,0.4742016337159903
2023-09-20 18:00:00,0.44134541032410357
2023-09-20 21:00:00,0.43634654104981024
2023-09-21 00:00:00,0.4421180601812596
2023-09-21 03:00:00,0.45137438318665585
2023-09-21 06:00:00,0.48659899468596396
2023-09-21 09:00:00,0.4941777879975916
2023-09-21 12:00:00,0.4699622355233176
2023-09-21 15:00:00,0.47102924467971735
2023-09-21 18:00:00,0.4464378152149022
2023-09-21 21:00:00,0.44566877904845864
2023-09-22 00:00:00,0.4356674068950735
2023-09-22 03:00:00,0.46085176852828696
2023-09-22 06:00:00,0.4690059459732174
2023-09-22 09:00:00,0.4601948697735879
2023-09-22 12:00:00,0.4539667778824996
2023-09-22 15:00:00,0.4555928616128845
2023-09-22 18:00:00,0.4581650614831191
2023-09-22 21:00:00,0.4671486245867114
2023-09-23 00:00:00,0.4759737497771449
2023-09-23 03:00:00,0.4618267668355927
2023-09-23 06:00:00,0.46668470390082284
2023-09-23 09:00:00,0.5692453140048876
2023-09-23 12:00:00,0.5234404018414758
2023-09-23 15:00:00,0.46496778267028943
2023-09-23 18:00:00,0.4634987113195818
2023-09-23 21:00:00,0.44813323418061796
2023-09-24 00:00:00,0.5508342082825556
2023-09-24 03:00:00,0.495913027702362
2023-09-24 06:00:00,0.4794706017541775
2023-09-24 09:00:00,0.4795788443946885
2023-09-24 12:00:00,0.4804077310772593
2023-09-24 15:00:00,0.44618940214610014
2023-09-24 18:00:00,0.43905916434882375
2023-09-24 21:00:00,0.43249756775678666
2023-09-25 00:00:00,0.4325101912179307
2023-09-25 03:00:00,0.4639108218476085
2023-09-25 06:00:00,0.47563971383290526
2023-09-25 09:00:00,0.4617399413456355
2023-09-25 12:00:00,0.46592724457591017
2023-09-25 15:00:00,0.4492284134200727
2023-09-25 18:00:00,0.4371921892581256
2023-09-25 21:00:00,0.4398366220223302
2023-09-26 00:00:00,0.4637020745572753
2023-09-26 03:00:00,0.47352163153501947
2023-09-26 06:00:00,0.5307929324872379
2023-09-26 09:00:00,0.498568531001554
2023-09-26 12:00:00,0.5192850755014302
2023-09-26 15:00:00,0.47202710121208336
2023-09-26 18:00:00,0.4611152089392895
2023-09-26 21:00:00,0.4802372854211031
2023-09-27 00:00:00,0.49490981156678976
2023-09-27 03:00:00,0.49052887505931203
2023-09-27 06:00:00,0.5297496307296202
2023-09-27 09:00:00,0.4980515079437182
2023-09-27 12:00:00,0.5109727051298273
2023-09-27 15:00:00,0.48163704762341963
2023-09-27 18:00:00,0.46686423558926116
2023-09-27 21:00:00,0.43965237822943803
2023-09-28 00:00:00,0.44276256282151955
2023-09-28 03:00:00,0.45775672669738343
2023-09-28 06:00:00,0.537472093340227
2023-09-28 18:00:00,0.44147368726247865
2023-09-28 21:00:00,0.4406039869891699
2023-09-29 00:00:00,0.43956734176189144
2023-09-29 03:00:00,0.4525541598068004
2023-09-29 06:00:00,0.4950304842177855
2023-09-29 12:00:00,0.4752965570373142
2023-09-29 15:00:00,0.4649218613621734
2023-09-29 21:00:00,0.44760746900121917
2023-09-30 00:00:00,0.45418429830690044
2023-09-30 03:00:00,0.4697194306244137
2023-09-30 06:00:00,0.4825266797366826
2023-09-30 09:00:00,0.4912543190035949
2023-09-30 12:00:00,0.46917205704456644
2023-09-30 15:00:00,0.4574258536371257
2023-09-30 18:00:00,0.4388617331112897
2023-09-30 21:00:00,0.4642084180552771
2023-10-01 00:00:00,0.4926545871854815
2023-10-01 03:00:00,0.46065971393345717
2023-10-01 06:00:00,0.5032963115371962
2023-10-01 09:00:00,0.5216330945076411
2023-10-01 12:00:00,0.502920481960316
2023-10-01 15:00:00,0.4874583355869244
2023-10-01 18:00:00,0.4562227034385359
2023-10-02 00:00:00,0.4806445023304388
2023-10-02 03:00:00,0.47694131647811894
2023-10-02 06:00:00,0.5033283542980012
2023-10-02 09:00:00,0.5004083417805364
2023-10-02 12:00:00,0.5147836090638246
2023-10-02 15:00:00,0.487102637374048
2023-10-02 18:00:00,0.46682981632600157
2023-10-02 21:00:00,0.48260395406575446
2023-10-03 00:00:00,0.49028825944920623
2023-10-03 03:00:00,0.4869575459509725
2023-10-03 06:00:00,0.5344974429753538
2023-10-03 09:00:00,0.5469530680768823
2023-10-03 12:00:00,0.5099245516770453
2023-10-03 15:00:00,0.503911265266687
2023-10-03 18:00:00,0.4732183477226996
2023-10-03 21:00:00,0.4760145751954084
2023-10-04 00:00:00,0.48295031080444634
2023-10-04 03:00:00,0.4835573396759361
2023-10-04 06:00:00,0.4995393702366522
2023-10-04 09:00:00,0.49617052157440056
2023-10-04 12:00:00,0.45790714189904785
2023-10-04 15:00:00,0.4910234620606563
2023-10-04 18:00:00,0.48203883001475994
2023-10-04 21:00:00,0.4996205633165501
2023-10-05 00:00:00,0.4828853494303495
2023-10-05 03:00:00,0.47421367710798046
2023-10-05 06:00:00,0.49483958968532715
2023-10-05 09:00:00,0.4995456990253965
2023-10-05 15:00:00,0.4482442303999518
2023-10-05 18:00:00,0.46046843734262183
2023-10-06 00:00:00,0.48038505394202974
2023-10-06 03:00:00,0.4976210224547022
2023-10-06 06:00:00,0.522884393554255
2023-10-06 09:00:00,0.5154536158730975
2023-10-06 12:00:00,0.5142217356892732
2023-10-06 15:00:00,0.4941121577263448
2023-10-06 18:00:00,0.4739271637535664
2023-10-06 21:00:00,0.4662388683726193
2023-10-07 00:00:00,0.4587701058692371
2023-10-07 03:00:00,0.504709545091044
2023-10-07 06:00:00,0.48113770535136047
2023-10-07 09:00:00,0.4899129194633362
2023-10-07 12:00:00,0.4739944294721687
2023-10-07 15:00:00,0.48101917352308404
2023-10-07 18:00:00,0.4702462365238497
2023-10-07 21:00:00,0.4706134219659468
2023-10-08 00:00:00,0.47329629892665337
2023-10-08 03:00:00,0.5113673339385453
2023-10-08 06:00:00,0.46539047755585133
2023-10-08 09:00:00,0.5021342274055824
2023-10-08 12:00:00,0.4819751685672734
2023-10-08 15:00:00,0.48691452461673224
2023-10-08 18:00:00,0.46338490880269434
2023-10-08 21:00:00,0.47510853605841685
2023-10-09 00:00:00,0.4784949108469002
2023-10-09 03:00:00,0.5084059986955515
2023-10-09 06:00:00,0.48360070074883305
2023-10-09 09:00:00,0.47798348558932857
2023-10-09 12:00:00,0.48864453127827834
2023-10-09 15:00:00,0.4770058820263783
2023-10-09 18:00:00,0.46358645923530356
2023-10-09 21:00:00,0.4640170582885389
2023-10-10 00:00:00,0.48737327465707553
2023-10-10 03:00:00,0.4936407019391054
2023-10-10 06:00:00,0.492967144958218
2023-10-10 09:00:00,0.4630835846671418
2023-10-10 12:00:00,0.46226455077968975
2023-10-10 15:00:00,0.4682364655495135
2023-10-10 18:00:00,0.44440368163101207
2023-10-11 00:00:00,0.5252751527829336
2023-10-11 03:00:00,0.5239115257823406
2023-10-11 06:00:00,0.5588364680823151
2023-10-11 09:00:00,0.6171138660817429
2023-10-11 12:00:00,0.5877838321396172
2023-10-11 15:00:00,0.5358554449704689
2023-10-11 18:00:00,0.5051899363404372
2023-10-11 21:00:00,0.4522931124031105
2023-10-12 00:00:00,0.47503760785216625
2023-10-12 03:00:00,0.4775271069525186
2023-10-12 06:00:00,0.5052070654557993
2023-10-12 09:00:00,0.4768133831872429
2023-10-12 12:00:00,0.47176279881741023
2023-10-12 15:00:00,0.464551486865989
2023-10-12 18:00:00,0.4792359284577453
2023-10-12 21:00:00,0.4638961629933609
2023-10-13 00:00:00,0.4807985864026427
2023-10-13 03:00:00,0.47552628923702617
2023-10-13 06:00:00,0.5268957705894254
2023-10-13 09:00:00,0.4987235425425825
2023-10-13 12:00:00,0.4802797770992005
2023-10-13 15:00:00,0.46989608634889224
2023-10-13 18:00:00,0.44396226858433396
2023-10-13 21:00:00,0.4456309928261519
2023-10-14 00:00:00,0.4544082273158642
2023-10-14 03:00:00,0.46098275293265384
2023-10-14 06:00:00,0.527523921216644
2023-10-14 09:00:00,0.5005724163602951
2023-10-14 12:00:00,0.4794594347915654
2023-10-14 15:00:00,0.4696832253747168
2023-10-14 18:00:00,0.45068244318187384
2023-10-14 21:00:00,0.4620885221297148
2023-10-15 00:00:00,0.4692048213921923
2023-10-15 03:00:00,0.48263270794656415
2023-10-15 06:00:00,0.4898201815660261
2023-10-15 09:00:00,0.49650980528544314
2023-10-15 12:00:00,0.4827592061433112
2023-10-15 15:00:00,0.47189996716388455
2023-10-15 18:00:00,0.4390225985670117
2023-10-15 21:00:00,0.4644306258063457
2023-10-16 00:00:00,0.4989361975341988
2023-10-16 03:00:00,0.48773488335901366
2023-10-16 06:00:00,0.5166273733928486
2023-10-16 09:00:00,0.5105123795121133
2023-10-16 12:00:00,0.507431148768932
2023-10-16 15:00:00,0.5312739358176441
2023-10-16 18:00:00,0.5493553736054064
2023-10-16 21:00:00,0.51558018707228
2023-10-17 00:00:00,0.4694966948124584
2023-10-17 03:00:00,0.46171905210363795
2023-10-17 06:00:00,0.5454734191555122
2023-10-17 09:00:00,0.5256894096151682
2023-10-17 12:00:00,0.49980795164631364
2023-10-17 15:00:00,0.4644733803864478
2023-10-17 21:00:00,0.48287685566941074
2023-10-18 00:00:00,0.4766948995765059
2023-10-18 03:00:00,0.4847483248995349
2023-10-18 06:00:00,0.5646483441528309
2023-10-18 09:00:00,0.5215212119955798
2023-10-18 15:00:00,0.47049852068801057
2023-10-18 18:00:00,0.45473542398314415
2023-10-18 21:00:00,0.47435191685387396
2023-10-19 00:00:00,0.4696480106319786
2023-10-19 03:00:00,0.48210270277257294
2023-10-19 06:00:00,0.5166720582996187
2023-10-19 09:00:00,0.5138061601206907
2023-10-19 12:00:00,0.4945095148885808
2023-10-19 15:00:00,0.49567428277315245
2023-10-19 18:00:00,0.46282440809363745
2023-10-19 21:00:00,0.46545590194375447
2023-10-20 00:00:00,0.4615565751213203
2023-10-20 03:00:00,0.4939347501263851
2023-10-20 06:00:00,0.5403894461064509
2023-10-20 09:00:00,0.5214934804181617
2023-10-20 12:00:00,0.5115248385370957
2023-10-20 15:00:00,0.4942332439629093
2023-10-20 18:00:00,0.47198016654423536
2023-10-20 21:00:00,0.4599995930495925
2023-10-21 00:00:00,0.4584756347922803
2023-10-21 03:00:00,0.4880303942147339
2023-10-21 06:00:00,0.532743835470556
2023-10-21 09:00:00,0.5167212315064165
2023-10-21 12:00:00,0.5035751717304785
2023-10-21 15:00:00,0.48633919086223054
2023-10-21 18:00:00,0.4537640538826222
2023-10-21 21:00:00,0.44954334640437454
2023-10-22 00:00:00,0.462776130395145
2023-10-22 03:00:00,0.47710305153265703
2023-10-22 06:00:00,0.5278519412260887
2023-10-22 09:00:00,0.5204667485047338
2023-10-22 12:00:00,0.49947196164249497
2023-10-22 15:00:00,0.49314981876917785
2023-10-22 18:00:00,0.4786214898353032
2023-10-22 21:00:00,0.4592020993240577
2023-10-23 00:00:00,0.4697907431410689
2023-10-23 03:00:00,0.4849761352745607
2023-10-23 06:00:00,0.5265806626776731
2023-10-23 09:00:00,0.5340095325870304
2023-10-23 12:00:00,0.524004710562934
2023-10-23 15:00:00,0.50484273304281
2023-10-23 18:00:00,0.46199951385685356
2023-10-23 21:00:00,0.46016447602333393
2023-10-24 00:00:00,0.4673272999858711
2023-10-24 03:00:00,0.4798618606246141
2023-10-24 06:00:00,0.5438031079701096
2023-10-24 09:00:00,0.5233651760542378
2023-10-24 12:00:00,0.5098458977848367
2023-10-24 15:00:00,0.5160064437204585
2023-10-24 18:00:00,0.47355304522257247
2023-10-24 21:00:00,0.4637427821894554
2023-10-25 00:00:00,0.4506117874934193
2023-10-25 03:00:00,0.46822082429091083
2023-10-25 06:00:00,0.5249507807845291
2023-10-25 09:00:00,0.5108221751155687
2023-10-25 12:00:00,0.4781103634369032
2023-10-25 15:00:00,0.4720409222743588
2023-10-25 18:00:00,0.45830103010065704
2023-10-25 21:00:00,0.46888833042217887
2023-10-26 00:00:00,0.4814145230066776
2023-10-26 03:00:00,0.5320994974236795
2023-10-26 06:00:00,0.5157991034900975
2023-10-26 09:00:00,0.5182181289207816
2023-10-26 12:00:00,0.4972926492677574
2023-10-26 15:00:00,0.5056923513585059
2023-10-26 18:00:00,0.484171261319311
2023-10-26 21:00:00,0.4972283482882919
2023-10-27 00:00:00,0.49529575017267397
2023-10-27 03:00:00,0.5453043425732027
2023-10-27 06:00:00,0.5213531585736465
2023-10-27 09:00:00,0.5379791683379465
2023-10-27 12:00:00,0.5298715045772743
2023-10-27 15:00:00,0.534993910051938
2023-10-27 18:00:00,0.48527701806407086
2023-10-27 21:00:00,0.49866517661479154
2023-10-28 00:00:00,0.4838192453291333
2023-10-28 03:00:00,0.5026619272052475
2023-10-28 06:00:00,0.5874886793341747
2023-10-28 09:00:00,0.5313869027397587
2023-10-28 12:00:00,0.5146956917858212
2023-10-28 15:00:00,0.5050441028376537
2023-10-28 18:00:00,0.46387769953015273
2023-10-28 21:00:00,0.47381594159167734
2023-10-29 00:00:00,0.5134307920387166
2023-10-29 03:00:00,0.4823838480840051
2023-10-29 06:00:00,0.5406352263999616
2023-10-29 09:00:00,0.5150671496685504
2023-10-29 12:00:00,0.5096274958712219
2023-10-29 15:00:00,0.5030513092211573
2023-10-29 18:00:00,0.48203421578837113
2023-10-29 21:00:00,0.48818085867861805
2023-10-30 00:00:00,0.5164471950332118
2023-10-30 03:00:00,0.4818265764577295
2023-10-30 06:00:00,0.574273699733552
2023-10-30 09:00:00,0.5449778883828076
2023-10-30 12:00:00,0.5138678894061656
2023-10-30 15:00:00,0.4973280812272366
2023-10-30 18:00:00,0.4602319563519757
2023-10-30 21:00:00,0.45655443621400055
2023-10-31 00:00:00,0.4592828569750567
2023-10-31 03:00:00,0.47103253500379727
2023-10-31 06:00:00,0.50913740783378
2023-10-31 09:00:00,0.5104012305520865
2023-10-31 12:00:00,0.4906977373717744
2023-10-31 15:00:00,0.5121107870520042
2023-10-31 18:00:00,0.47777754220979424
2023-10-31 21:00:00,0.46959424348232065
2023-11-01 00:00:00,0.4749558652539225
2023-11-01 03:00:00,0.4848221378205919
2023-11-01 06:00:00,0.5359816332410352
2023-11-01 09:00:00,0.518823353784026
2023-11-01 12:00:00,0.5025768651186759
2023-11-01 15:00:00,0.4891196648858973
2023-11-01 18:00:00,0.4539876919978182
2023-11-01 21:00:00,0.440108954740995
2023-11-02 00:00:00,0.44602339171314476
2023-11-02 03:00:00,0.4472931998466174
2023-11-02 06:00:00,0.5059267834559803
2023-11-02 09:00:00,0.5044791506785972
2023-11-02 12:00:00,0.4763609432514014
2023-11-02 15:00:00,0.49078159565420065
2023-11-02 18:00:00,0.4534684411330651
2023-11-02 21:00:00,0.4578149560960831
2023-11-03 00:00:00,0.4559794405085085
2023-11-03 03:00:00,0.4634827658736723
2023-11-03 06:00:00,0.5069616940400496
2023-11-03 09:00:00,0.5410906792049612
2023-11-03 12:00:00,0.49549667822719967
2023-11-03 15:00:00,0.4792321198315018
2023-11-03 18:00:00,0.4456114341771775
2023-11-03 21:00:00,0.4556548263669731
2023-11-04 00:00:00,0.4526892624807802
2023-11-04 03:00:00,0.4630521903523413
2023-11-04 06:00:00,0.492880390390969
2023-11-04 09:00:00,0.4893085718972915
2023-11-04 12:00:00,0.48531754440128283
2023-11-04 15:00:00,0.4684883293844008
2023-11-04 18:00:00,0.4670697476811169
2023-11-04 21:00:00,0.4603560099462012
2023-11-05 00:00:00,0.4616975570373915
2023-11-05 03:00:00,0.4728062646431665
2023-11-05 06:00:00,0.5227449922425464
2023-11-05 09:00:00,0.5157879558211196
2023-11-05 12:00:00,0.5029305742340512
2023-11-05 15:00:00,0.49977829907040877
2023-11-05 18:00:00,0.4692458419041372
2023-11-05 21:00:00,0.47665849934941523
2023-11-06 00:00:00,0.4664264794921562
2023-11-06 03:00:00,0.4882837898066377
2023-11-06 06:00:00,0.570653845023453
2023-11-06 09:00:00,0.5230684097552386
2023-11-06 12:00:00,0.5045383623866688
2023-11-06 15:00:00,0.48263572409642186
2023-11-06 21:00:00,0.4561978663909392
2023-11-07 00:00:00,0.4730864319398148
2023-11-07 03:00:00,0.5084931456555786
2023-11-07 06:00:00,0.5471486236606654
2023-11-07 09:00:00,0.5274028487743093
2023-11-07 12:00:00,0.5608361582311248
2023-11-07 15:00:00,0.5790273581765116
2023-11-07 18:00:00,0.5212484188304188
2023-11-07 21:00:00,0.5123063383427456
2023-11-08 00:00:00,0.5793399597129983
2023-11-08 03:00:00,0.5422862321206515
2023-11-08 06:00:00,0.581954711617744
2023-11-08 09:00:00,0.5529367457602155
2023-11-08 12:00:00,0.48786260217462046
2023-11-08 15:00:00,0.46922448883117746
2023-11-08 18:00:00,0.4416999333480777
2023-11-08 21:00:00,0.44194728131123145
2023-11-09 00:00:00,0.47083115748610427
2023-11-09 03:00:00,0.46475135046722804
2023-11-09 06:00:00,0.5129426012826933
2023-11-09 09:00:00,0.5122771988118995
2023-11-09 12:00:00,0.5047902313960728
2023-11-09 15:00:00,0.4846529623294231
2023-11-09 18:00:00,0.46597097275596466
2023-11-09 21:00:00,0.4509735469262562
2023-11-10 00:00:00,0.48388504404054367
2023-11-10 03:00:00,0.4976301651638896
2023-11-10 06:00:00,0.5217070237484974
2023-11-10 09:00:00,0.5220960231968474
2023-11-10 12:00:00,0.5136841767280881
2023-11-10 15:00:00,0.4843767008347313
2023-11-10 18:00:00,0.44261569577585447
2023-11-10 21:00:00,0.44367847869076676
2023-11-11 00:00:00,0.44484150671595557
2023-11-11 03:00:00,0.4600231775883348
2023-11-11 06:00:00,0.4993277813549736
2023-11-11 09:00:00,0.48934456224633766
2023-11-11 12:00:00,0.4788500003681083
2023-11-11 15:00:00,0.4619824915990516
2023-11-11 18:00:00,0.442206688365129
2023-11-11 21:00:00,0.44479291139581134
2023-11-12 00:00:00,0.45123804035317844
2023-11-12 03:00:00,0.4735405423654474
2023-11-12 06:00:00,0.4998366005053706
2023-11-12 09:00:00,0.5035723805306601
2023-11-12 12:00:00,0.48049236829869624
2023-11-12 15:00:00,0.4840524774134468
2023-11-12 18:00:00,0.4451365535586704
2023-11-12 21:00:00,0.4414691285941928
2023-11-13 00:00:00,0.4456174414931163
2023-11-13 03:00:00,0.48076362210336565
2023-11-13 06:00:00,0.5212948060117004
2023-11-13 09:00:00,0.5110564813612867
2023-11-13 12:00:00,0.47343652284042703
2023-11-13 15:00:00,0.45266197420638765
2023-11-13 18:00:00,0.4555853944794036
2023-11-13 21:00:00,0.4431677278454101
2023-11-14 00:00:00,0.441383182582642
2023-11-14 03:00:00,0.4619481383357543
2023-11-14 06:00:00,0.5293775516063557
2023-11-14 09:00:00,0.5045102837356163
2023-11-14 12:00:00,0.48665147165931094
2023-11-14 15:00:00,0.46737053049766
2023-11-14 18:00:00,0.4496328161137026
2023-11-15 00:00:00,0.4634503102723417
2023-11-15 03:00:00,0.47829916932027755
2023-11-15 06:00:00,0.50945680286029
2023-11-15 09:00:00,0.525432380836906
2023-11-15 12:00:00,0.4945681183416207
2023-11-15 15:00:00,0.48086758672715807
2023-11-15 18:00:00,0.44474688918415084
2023-11-15 21:00:00,0.43741783646805577
2023-11-16 00:00:00,0.4462023453343654
2023-11-16 06:00:00,0.48455045105615124
2023-11-16 09:00:00,0.49677141232628547
2023-11-16 12:00:00,0.48455600754171585
2023-11-16 15:00:00,0.4816110746950439
2023-11-16 18:00:00,0.43719357283081006
2023-11-16 21:00:00,0.43784904035601063
2023-11-17 00:00:00,0.45268368212916066
2023-11-17 03:00:00,0.4637211770001586
2023-11-17 06:00:00,0.5473382344002128
2023-11-17 09:00:00,0.5083715689815291
2023-11-17 12:00:00,0.4811092693037616
2023-11-17 15:00:00,0.4599821018430532
2023-11-17 18:00:00,0.4599278995610358
2023-11-17 21:00:00,0.44955619469482705
2023-11-18 00:00:00,0.46024230260571614
2023-11-18 06:00:00,0.4993849220903952
2023-11-18 09:00:00,0.5194633350365071
2023-11-18 12:00:00,0.47892083676965297
2023-11-18 15:00:00,0.46595098499810184
2023-11-18 18:00:00,0.45542085177264807
2023-11-18 21:00:00,0.4511548071154289
2023-11-19 00:00:00,0.4586441297693737
2023-11-19 03:00:00,0.4685849931020142
2023-11-19 06:00:00,0.5320063934094481
2023-11-19 09:00:00,0.50194858763867
2023-11-19 12:00:00,0.48882394395088585
2023-11-19 15:00:00,0.4721688469427327
2023-11-19 18:00:00,0.4464500631693381
2023-11-19 21:00:00,0.44229439745711446
2023-11-20 00:00:00,0.4439535037724722
2023-11-20 03:00:00,0.46713304698301267
2023-11-20 06:00:00,0.5522907532125415
2023-11-20 09:00:00,0.4942436740459827
2023-11-20 12:00:00,0.48215099375978704
2023-11-20 15:00:00,0.4656846946191347
2023-11-20 18:00:00,0.4384642370047158
2023-11-20 21:00:00,0.43965963742104536
2023-11-21 00:00:00,0.44885636473936275
2023-11-21 03:00:00,0.4504308828830765
2023-11-21 06:00:00,0.5035041423713112
2023-11-21 09:00:00,0.46984427866039324
2023-11-21 12:00:00,0.46586382557519257
2023-11-21 15:00:00,0.46242854925647003
2023-11-21 18:00:00,0.4800353707356167
2023-11-21 21:00:00,0.48002635341351235
2023-11-22 00:00:00,0.5005080045719094
2023-11-22 03:00:00,0.4927380397859316
2023-11-22 06:00:00,0.5177538454569096
2023-11-22 09:00:00,0.5023392401942163
2023-11-22 12:00:00,0.4854158111947307
2023-11-22 15:00:00,0.48814121497689367
2023-11-22 18:00:00,0.46223314839290053
2023-11-22 21:00:00,0.4643623226785602
2023-11-23 00:00:00,0.46885865691026973
2023-11-23 03:00:00,0.4764636292016311
2023-11-23 06:00:00,0.5567344083028347
2023-11-23 09:00:00,0.5335207238206777
2023-11-23 12:00:00,0.5071370744314898
2023-11-23 15:00:00,0.509855675299108
2023-11-23 18:00:00,0.46164482132995704
2023-11-23 21:00:00,0.45780131562295867
2023-11-24 00:00:00,0.45811042040187394
2023-11-24 03:00:00,0.49622149509644997
2023-11-24 06:00:00,0.5288679796545513
2023-11-24 09:00:00,0.5193199221767653
2023-11-24 12:00:00,0.48473618619020203
2023-11-24 15:00:00,0.4783213514260081
2023-11-24 18:00:00,0.4481470455555795
2023-11-24 21:00:00,0.4426344340482243
2023-11-25 00:00:00,0.4454644619057916
2023-11-25 03:00:00,0.4664210481721516
2023-11-25 06:00:00,0.5443638933475275
2023-11-25 09:00:00,0.48650150653282265
2023-11-25 12:00:00,0.48189185989920114
2023-11-25 15:00:00,0.4696736588936757
2023-11-25 18:00:00,0.4451367819034836
2023-11-26 00:00:00,0.45395272597431235
2023-11-26 03:00:00,0.46012031706072254
2023-11-26 06:00:00,0.508279776183551
2023-11-26 09:00:00,0.47655671748963135
2023-11-26 12:00:00,0.4788096253871819
2023-11-26 15:00:00,0.4448169828645111
2023-11-26 18:00:00,0.44680514335757127
2023-11-26 21:00:00,0.4393447308144329
2023-11-27 00:00:00,0.44437383359101673
2023-11-27 03:00:00,0.4494831696760439
2023-11-27 06:00:00,0.5055461789138682
2023-11-27 09:00:00,0.4881526479215272
2023-11-27 12:00:00,0.4663572700069261
2023-11-27 15:00:00,0.4957870700853793
2023-11-27 18:00:00,0.44429235406197926
2023-11-27 21:00:00,0.44586463655037756
2023-11-28 00:00:00,0.4618514145804266
2023-11-28 03:00:00,0.47961673530434473
2023-11-28 06:00:00,0.5228788459086007
2023-11-28 09:00:00,0.5199988980091546
2023-11-28 12:00:00,0.5064652953471831
2023-11-28 15:00:00,0.4755634785643124
2023-11-28 18:00:00,0.43966660854682676
2023-11-28 21:00:00,0.43594728658954307
2023-11-29 00:00:00,0.42931857032738213
2023-11-29 03:00:00,0.4470795452270659
2023-11-29 06:00:00,0.4935779114321095
2023-11-29 09:00:00,0.4732535114325911
2023-11-29 12:00:00,0.4507605593824246
2023-11-29 15:00:00,0.43982895489733564
2023-11-29 18:00:00,0.42747746072356607
2023-11-29 21:00:00,0.4262202584360394
2023-11-30 00:00:00,0.44121745181574673
2023-11-30 03:00:00,0.456590459274739
2023-11-30 06:00:00,0.4880326901415987
2023-11-30 09:00:00,0.4571252202140122
2023-11-30 12:00:00,0.4636693133937459
2023-11-30 15:00:00,0.4562554146169264
2023-11-30 18:00:00,0.43510012842498974
2023-11-30 21:00:00,0.43503270891870033
2023-12-01 00:00:00,0.4399178790992942
2023-12-01 03:00:00,0.44378603958642887
2023-12-01 06:00:00,0.4881724126386274
2023-12-01 09:00:00,0.46598826136000815
2023-12-01 12:00:00,0.4626781777024207
2023-12-01 15:00:00,0.44908461157653945
2023-12-01 18:00:00,0.4380825354597221
2023-12-01 21:00:00,0.4220868122051138
2023-12-02 00:00:00,0.43207890060421417
2023-12-02 03:00:00,0.45157556177866187
2023-12-02 06:00:00,0.4977764167239865
2023-12-02 09:00:00,0.4744789301523013
2023-12-02 12:00:00,0.4729656904951457
2023-12-02 15:00:00,0.45087363457058405
2023-12-02 18:00:00,0.44232820592070055
2023-12-02 21:00:00,0.452193801862971
2023-12-03 00:00:00,0.462165052036795
2023-12-03 06:00:00,0.4782855077512088
2023-12-03 09:00:00,0.4726996740908982
2023-12-03 12:00:00,0.462492008222198
2023-12-03 15:00:00,0.43612251364522486
2023-12-03 18:00:00,0.4427318031706755
2023-12-03 21:00:00,0.44144638418282817
2023-12-04 00:00:00,0.453709544661044
2023-12-04 03:00:00,0.4525102115722009
2023-12-04 06:00:00,0.5318457785538939
2023-12-04 09:00:00,0.464862078813159
2023-12-04 12:00:00,0.45145593719999416
2023-12-04 15:00:00,0.43513343133563603
2023-12-04 18:00:00,0.46102889996490204
2023-12-04 21:00:00,0.43591539205103796
2023-12-05 00:00:00,0.43220678137506724
2023-12-05 03:00:00,0.4415970779890571
2023-12-05 06:00:00,0.5133030850683126
2023-12-05 09:00:00,0.4841552801966542
2023-12-05 12:00:00,0.46759348833297093
2023-12-05 15:00:00,0.44792121663380885
2023-12-05 18:00:00,0.4353607506337639
2023-12-05 21:00:00,0.43215022698108935
2023-12-06 00:00:00,0.44229537572277877
2023-12-06 03:00:00,0.4483814832848224
2023-12-06 06:00:00,0.5134075698562641
2023-12-06 09:00:00,0.5071584770372418
2023-12-06 12:00:00,0.4966238718570893
2023-12-06 15:00:00,0.47690717870775085
2023-12-06 18:00:00,0.4865562706715797
2023-12-06 21:00:00,0.4684277707009208
2023-12-07 00:00:00,0.48107388344414903
2023-12-07 03:00:00,0.4770884724906224
2023-12-07 06:00:00,0.5471181214681589
2023-12-07 09:00:00,0.49860014387403057
2023-12-07 12:00:00,0.4947752395600263
2023-12-07 15:00:00,0.500744983839587
2023-12-07 18:00:00,0.4745394776325343
2023-12-07 21:00:00,0.4784364705720049
2023-12-08 00:00:00,0.4817267379513185
2023-12-08 03:00:00,0.4712886801378911
2023-12-08 06:00:00,0.5166534288010356
2023-12-08 09:00:00,0.5225602443975441
2023-12-08 12:00:00,0.5018844137713075
2023-12-08 15:00:00,0.49447664649280976
2023-12-08 18:00:00,0.4510647419850106
2023-12-08 21:00:00,0.44373407715791496
2023-12-09 00:00:00,0.44411068360445294
2023-12-09 03:00:00,0.4629863552953195
2023-12-09 06:00:00,0.5675823455458994
2023-12-09 09:00:00,0.520767047215642
2023-12-09 12:00:00,0.5079389773750671
2023-12-09 15:00:00,0.5517145412906793
2023-12-09 18:00:00,0.4637814830331422
2023-12-09 21:00:00,0.4489708641579667
2023-12-10 00:00:00,0.4565967608773408
2023-12-10 03:00:00,0.49748897520827523
2023-12-10 06:00:00,0.5398567271462292
2023-12-10 09:00:00,0.5234090481936329
2023-12-10 12:00:00,0.5137758760711946
2023-12-10 15:00:00,0.49726001067132525
2023-12-10 18:00:00,0.45395859237981384
2023-12-10 21:00:00,0.46092161283840555
2023-12-11 00:00:00,0.4614760029276438
2023-12-11 03:00:00,0.47462819778396237
2023-12-11 06:00:00,0.5742789670969433
2023-12-11 09:00:00,0.5326178845472559
2023-12-11 12:00:00,0.5102758017223961
2023-12-11 15:00:00,0.49948376274166434
2023-12-11 18:00:00,0.47726119835581665
2023-12-11 21:00:00,0.45345684963767713
2023-12-12 00:00:00,0.4557139663763887
2023-12-12 03:00:00,0.4658141308483656
2023-12-12 06:00:00,0.5582062181897958
2023-12-12 09:00:00,0.5308788653154493
2023-12-12 12:00:00,0.5067551847177449
2023-12-12 15:00:00,0.4862012369786304
2023-12-12 18:00:00,0.45665175158102456
2023-12-12 21:00:00,0.45649599914298655
2023-12-13 00:00:00,0.4709551018246477
2023-12-13 03:00:00,0.49224212148500346
2023-12-13 06:00:00,0.5611273785498561
2023-12-13 09:00:00,0.5485914087280117
2023-12-13 12:00:00,0.5323929388865074
2023-12-13 15:00:00,0.5187953509193879
2023-12-13 18:00:00,0.4635116690251139
2023-12-13 21:00:00,0.45328223596127454
2023-12-14 00:00:00,0.47316532169305775
2023-12-14 03:00:00,0.47938458349849483
2023-12-14 06:00:00,0.5756438268846386
2023-12-14 09:00:00,0.5365833581218574
2023-12-14 12:00:00,0.531658652903498
2023-12-14 15:00:00,0.5157434679424069
2023-12-14 18:00:00,0.46826971105378695
2023-12-14 21:00:00,0.4641377682817194
2023-12-15 00:00:00,0.47778687468331454
2023-12-15 03:00:00,0.5034855649117295
2023-12-15 06:00:00,0.5874664407400246
2023-12-15 09:00:00,0.5454615066529825
2023-12-15 12:00:00,0.5286273632987705
2023-12-15 15:00:00,0.4973541472607122
2023-12-15 18:00:00,0.471243069035305
2023-12-15 21:00:00,0.4638113048019398
2023-12-16 00:00:00,0.4676335364416478
2023-12-16 03:00:00,0.48576313927068887
2023-12-16 06:00:00,0.5742624320417947
2023-12-16 09:00:00,0.5692857768765068
2023-12-16 12:00:00,0.5276830923046406
2023-12-16 15:00:00,0.5009480647273161
2023-12-16 18:00:00,0.46570267049708614
2023-12-16 21:00:00,0.4570627599174364
2023-12-17 00:00:00,0.48247796514930097
2023-12-17 03:00:00,0.49192105948070874
2023-12-17 06:00:00,0.6156883427229013
2023-12-17 09:00:00,0.5409168456112173
2023-12-17 12:00:00,0.5275052542281738
2023-12-17 15:00:00,0.5067902220077575
2023-12-17 18:00:00,0.4546670906255022
2023-12-17 21:00:00,0.44671336937304096
2023-12-18 00:00:00,0.4479545055059661
2023-12-18 03:00:00,0.4800771904241183
2023-12-18 06:00:00,0.5051631464493879
2023-12-18 09:00:00,0.4886511896833033
2023-12-18 12:00:00,0.47651489139512565
2023-12-18 15:00:00,0.45800370697010867
2023-12-18 18:00:00,0.48027190990922247
2023-12-18 21:00:00,0.48884246223713657
2023-12-19 00:00:00,0.4860099287568472
2023-12-19 03:00:00,0.47618005046668593
2023-12-19 06:00:00,0.5292564168964848
2023-12-19 09:00:00,0.5418336298832886
2023-12-19 12:00:00,0.5267462155856156
2023-12-19 15:00:00,0.5206867466307283
2023-12-19 18:00:00,0.4788929846713423
2023-12-19 21:00:00,0.44715754160064736
2023-12-20 00:00:00,0.4515154960132214
2023-12-20 03:00:00,0.46474244694639893
2023-12-20 06:00:00,0.5333498914814263
2023-12-20 09:00:00,0.5115287540499542
2023-12-20 12:00:00,0.48333723760081854
2023-12-20 15:00:00,0.468860810139691
2023-12-20 18:00:00,0.45136875676719784
2023-12-20 21:00:00,0.43937224132718344
2023-12-21 00:00:00,0.45943275763242386
2023-12-21 03:00:00,0.4611727481468465
2023-12-21 06:00:00,0.5340517511609283
2023-12-21 09:00:00,0.5353077666495545
2023-12-21 12:00:00,0.5069514955250368
2023-12-21 15:00:00,0.4854468766276274
2023-12-21 18:00:00,0.4436471678718204
2023-12-21 21:00:00,0.44573425903923064
2023-12-22 00:00:00,0.4413271974164201
2023-12-22 03:00:00,0.4612465652096594
2023-12-22 06:00:00,0.5211521977159081
2023-12-22 09:00:00,0.5160388085675949
2023-12-22 12:00:00,0.48787259080011963
2023-12-22 15:00:00,0.45218828614436046
2023-12-22 18:00:00,0.4428624744101285
2023-12-22 21:00:00,0.45044070340735815
2023-12-23 00:00:00,0.4609396770563002
2023-12-23 03:00:00,0.4643476515081424
2023-12-23 06:00:00,0.5129118025757297
2023-12-23 09:00:00,0.49679771122749594
2023-12-23 12:00:00,0.4971282908103139
2023-12-23 15:00:00,0.4635707744472492
2023-12-23 18:00:00,0.43809018801475696
2023-12-23 21:00:00,0.438580647490388
2023-12-24 00:00:00,0.44947529105080386
2023-12-24 03:00:00,0.45967636299264064
2023-12-24 06:00:00,0.5313443492157933
2023-12-24 09:00:00,0.5199995463072519
2023-12-24 12:00:00,0.48353498038658793
2023-12-24 15:00:00,0.5127826972923218
2023-12-24 18:00:00,0.48033420037980956
2023-12-26 12:00:00,0.47579566344037916
2023-12-26 18:00:00,0.4276072199478083
2023-12-26 21:00:00,0.4235204058475145
2023-12-27 00:00:00,0.4302912374991228
2023-12-27 03:00:00,0.4579547994070835
2023-12-27 06:00:00,0.4587335121134609
2023-12-27 09:00:00,0.4991040694626469
2023-12-27 12:00:00,0.46132059069392795
2023-12-27 15:00:00,0.44936862901755753
2023-12-27 18:00:00,0.43584554306245155
2023-12-27 21:00:00,0.43789823145822776
2023-12-28 00:00:00,0.44238541908317447
2023-12-28 03:00:00,0.44067329952662476
2023-12-28 06:00:00,0.4510407007557482
2023-12-28 09:00:00,0.49559787089853835
2023-12-28 12:00:00,0.47497781664706423
2023-12-28 15:00:00,0.44502495083825566
2023-12-28 18:00:00,0.4450163131135584
2023-12-28 21:00:00,0.4410447481072462
2023-12-29 00:00:00,0.44581001264011083
2023-12-29 03:00:00,0.45258484226575185
2023-12-29 06:00:00,0.4708914241845898
2023-12-29 09:00:00,0.4888048523076192
2023-12-29 12:00:00,0.45739963387030147
2023-12-29 15:00:00,0.44807293308898954
2023-12-29 18:00:00,0.4532083469723046
2023-12-29 21:00:00,0.4378579898618667
2023-12-30 00:00:00,0.4576201476640783
2023-12-30 03:00:00,0.47296557502220377
2023-12-30 06:00:00,0.4711132842266914
2023-12-30 09:00:00,0.4815806896349226
2023-12-30 12:00:00,0.47804084009132286
2023-12-30 15:00:00,0.44973306680000047
2023-12-30 18:00:00,0.4609324462429302
2023-12-30 21:00:00,0.49764965292729646
2023-12-31 00:00:00,0.49985796913128144
2023-12-31 03:00:00,0.48483414926907875
2023-12-31 06:00:00,0.4886983374885659
2023-12-31 09:00:00,0.48671521944154666
2023-12-31 12:00:00,0.4832711577211906
2023-12-31 15:00:00,0.46249849836821505
2023-12-31 18:00:00,0.45177562619310885
2023-12-31 21:00:00,0.466053015684341
